"id","box_id","ts","measurement_id","measurement_data","description","created_at"
11759,"04a600b9b0b8","2025-10-27 10:02:50","eImUXegF6PX68IH37naU","{""zphs01b"": {""voc"": 0, ""temp"": 19.5, ""pm2_5"": 0, ""pm1_0"": 0, ""pm10"": 334, ""o3"": 0.24, ""no2"": 0.01, ""hum"": 0, ""fmhd"": 0, ""co2"": 5000, ""co"": 0.0}, ""smell_b"": {}, ""sfa30"": {""temp"": 21.775, ""hum"": 35.44, ""fmhd"": 4.2}, ""sen5x"": {""voc"": 149.0, ""temp"": 22.45, ""pm4_0"": 4463.1, ""pm2_5"": 4463.1, ""pm1_0"": 4255.8, ""pm10"": 4463.1, ""nox"": 1.0, ""mass_c"": 4411.275, ""hum"": 38.86}, ""scd41"": {""temp"": 21.38171, ""hum"": 37.16335, ""co2"": 623}, ""power_source"": 0, ""mics6814"": {""red_res"": 0, ""no2_res"": 0, ""no2"": 0.17, ""nh3_res"": 0, ""nh3"": 0.73, ""co_res"": 0, ""co"": 44.0}}",NULL,"2025-10-27 10:04:02.640505"
11760,"04a600b9b0b8","2025-10-27 10:02:50","eImUXegF6PX68IH37naU","{""bme688"": [{""temp"": 21.79519, ""step"": 9, ""status"": 1, ""pres"": 967.1386, ""meas_profile"": ""HP-8"", ""meas_id"": 8, ""hum"": 34.79016, ""gas_res"": 5684.846}, {""temp"": 21.76331, ""step"": 9, ""status"": 1, ""pres"": 967.2343, ""meas_profile"": ""HP-7"", ""meas_id"": 7, ""hum"": 34.68478, ""gas_res"": 5684.846}, {""temp"": 21.85495, ""step"": 9, ""status"": 1, ""pres"": 967.3856, ""meas_profile"": ""HP-6"", ""meas_id"": 6, ""hum"": 34.57887, ""gas_res"": 6498.781}, {""temp"": 21.75132, ""step"": 9, ""status"": 1, ""pres"": 967.1697, ""meas_profile"": ""HP-5"", ""meas_id"": 5, ""hum"": 34.78536, ""gas_res"": 21390.38}, {""temp"": 21.49821, ""step"": 9, ""status"": 1, ""pres"": 967.235, ""meas_profile"": ""HP-4"", ""meas_id"": 4, ""hum"": 34.33984, ""gas_res"": 19405.7}, {""temp"": 21.66812, ""step"": 9, ""status"": 1, ""pres"": 966.8617, ""meas_profile"": ""HP-3"", ""meas_id"": 3, ""hum"": 34.8373, ""gas_res"": 7688.611}, {""temp"": 21.58166, ""step"": 9, ""status"": 1, ""pres"": 967.0103, ""meas_profile"": ""HP-2"", ""meas_id"": 2, ""hum"": 35.07629, ""gas_res"": 6344.171}, {""temp"": 21.34403, ""step"": 9, ""status"": 1, ""pres"": 967.1145, ""meas_profile"": ""HP-1"", ""meas_id"": 1, ""hum"": 33.51152, ""gas_res"": 7494.145}]}",NULL,"2025-10-27 10:04:03.948092"
11761,"04a600b9b0b8","2025-10-27 10:02:50","eImUXegF6PX68IH37naU","{""bme688"": [{""temp"": 21.79458, ""step"": 8, ""status"": 1, ""pres"": 967.1376, ""meas_profile"": ""HP-8"", ""meas_id"": 8, ""hum"": 34.79011, ""gas_res"": 5684.846}, {""temp"": 21.76269, ""step"": 8, ""status"": 1, ""pres"": 967.2333, ""meas_profile"": ""HP-7"", ""meas_id"": 7, ""hum"": 34.70171, ""gas_res"": 5684.846}, {""temp"": 21.85464, ""step"": 8, ""status"": 1, ""pres"": 967.3848, ""meas_profile"": ""HP-6"", ""meas_id"": 6, ""hum"": 34.59607, ""gas_res"": 6836.146}, {""temp"": 21.75132, ""step"": 8, ""status"": 1, ""pres"": 967.1715, ""meas_profile"": ""HP-5"", ""meas_id"": 5, ""hum"": 34.80807, ""gas_res"": 20369.19}, {""temp"": 21.4979, ""step"": 8, ""status"": 1, ""pres"": 967.2344, ""meas_profile"": ""HP-4"", ""meas_id"": 4, ""hum"": 34.35706, ""gas_res"": 18610.06}, {""temp"": 21.66812, ""step"": 8, ""status"": 1, ""pres"": 966.8617, ""meas_profile"": ""HP-3"", ""meas_id"": 3, ""hum"": 34.84305, ""gas_res"": 7029.877}, {""temp"": 21.58135, ""step"": 8, ""status"": 1, ""pres"": 967.0098, ""meas_profile"": ""HP-2"", ""meas_id"": 2, ""hum"": 35.07627, ""gas_res"": 6276.971}, {""temp"": 21.34403, ""step"": 8, ""status"": 1, ""pres"": 967.1145, ""meas_profile"": ""HP-1"", ""meas_id"": 1, ""hum"": 33.52319, ""gas_res"": 7483.629}]}",NULL,"2025-10-27 10:04:05.666254"
11762,"04a600b9b0b8","2025-10-27 10:02:50","eImUXegF6PX68IH37naU","{""bme688"": [{""temp"": 21.79427, ""step"": 7, ""status"": 1, ""pres"": 967.1372, ""meas_profile"": ""HP-8"", ""meas_id"": 8, ""hum"": 34.80726, ""gas_res"": 5684.846}, {""temp"": 21.76238, ""step"": 7, ""status"": 1, ""pres"": 967.2327, ""meas_profile"": ""HP-7"", ""meas_id"": 7, ""hum"": 34.69035, ""gas_res"": 5684.846}, {""temp"": 21.85433, ""step"": 7, ""status"": 1, ""pres"": 967.3845, ""meas_profile"": ""HP-6"", ""meas_id"": 6, ""hum"": 34.61327, ""gas_res"": 6853.716}, {""temp"": 21.75164, ""step"": 7, ""status"": 1, ""pres"": 967.1721, ""meas_profile"": ""HP-5"", ""meas_id"": 5, ""hum"": 34.8081, ""gas_res"": 20369.19}, {""temp"": 21.49821, ""step"": 7, ""status"": 1, ""pres"": 967.235, ""meas_profile"": ""HP-4"", ""meas_id"": 4, ""hum"": 34.34559, ""gas_res"": 11527.38}, {""temp"": 21.66781, ""step"": 7, ""status"": 1, ""pres"": 966.8596, ""meas_profile"": ""HP-3"", ""meas_id"": 3, ""hum"": 34.86028, ""gas_res"": 6599.299}, {""temp"": 21.58104, ""step"": 7, ""status"": 1, ""pres"": 967.0093, ""meas_profile"": ""HP-2"", ""meas_id"": 2, ""hum"": 35.11605, ""gas_res"": 6094.077}, {""temp"": 21.34372, ""step"": 7, ""status"": 1, ""pres"": 967.1141, ""meas_profile"": ""HP-1"", ""meas_id"": 1, ""hum"": 33.54068, ""gas_res"": 7133.304}]}",NULL,"2025-10-27 10:04:06.958139"
11763,"04a600b9b0b8","2025-10-27 10:02:50","eImUXegF6PX68IH37naU","{""bme688"": [{""temp"": 21.79396, ""step"": 6, ""status"": 1, ""pres"": 967.1384, ""meas_profile"": ""HP-8"", ""meas_id"": 8, ""hum"": 34.81296, ""gas_res"": 7016.005}, {""temp"": 21.76207, ""step"": 6, ""status"": 1, ""pres"": 967.2322, ""meas_profile"": ""HP-7"", ""meas_id"": 7, ""hum"": 34.70165, ""gas_res"": 9386.917}, {""temp"": 21.85433, ""step"": 6, ""status"": 1, ""pres"": 967.3845, ""meas_profile"": ""HP-6"", ""meas_id"": 6, ""hum"": 34.60753, ""gas_res"": 24572.86}, {""temp"": 21.75164, ""step"": 6, ""status"": 1, ""pres"": 967.1721, ""meas_profile"": ""HP-5"", ""meas_id"": 5, ""hum"": 34.83081, ""gas_res"": 102175.2}, {""temp"": 21.4979, ""step"": 6, ""status"": 1, ""pres"": 967.2344, ""meas_profile"": ""HP-4"", ""meas_id"": 4, ""hum"": 34.36856, ""gas_res"": 122137.4}, {""temp"": 21.66781, ""step"": 6, ""status"": 1, ""pres"": 966.8596, ""meas_profile"": ""HP-3"", ""meas_id"": 3, ""hum"": 34.85452, ""gas_res"": 79061.15}, {""temp"": 21.58072, ""step"": 6, ""status"": 1, ""pres"": 967.0089, ""meas_profile"": ""HP-2"", ""meas_id"": 2, ""hum"": 35.12171, ""gas_res"": 100668.5}, {""temp"": 21.34403, ""step"": 6, ""status"": 1, ""pres"": 967.1145, ""meas_profile"": ""HP-1"", ""meas_id"": 1, ""hum"": 33.53487, ""gas_res"": 100000.0}]}",NULL,"2025-10-27 10:04:08.250249"
11764,"04a600b9b0b8","2025-10-27 10:02:50","eImUXegF6PX68IH37naU","{""bme688"": [{""temp"": 21.79365, ""step"": 5, ""status"": 1, ""pres"": 967.1381, ""meas_profile"": ""HP-8"", ""meas_id"": 8, ""hum"": 34.81866, ""gas_res"": 6920.415}, {""temp"": 21.76176, ""step"": 5, ""status"": 1, ""pres"": 967.2316, ""meas_profile"": ""HP-7"", ""meas_id"": 7, ""hum"": 34.71861, ""gas_res"": 9224.561}, {""temp"": 21.85402, ""step"": 5, ""status"": 1, ""pres"": 967.384, ""meas_profile"": ""HP-6"", ""meas_id"": 6, ""hum"": 34.63623, ""gas_res"": 24418.16}, {""temp"": 21.75132, ""step"": 5, ""status"": 1, ""pres"": 967.1715, ""meas_profile"": ""HP-5"", ""meas_id"": 5, ""hum"": 34.84214, ""gas_res"": 102482.0}, {""temp"": 21.49759, ""step"": 5, ""status"": 1, ""pres"": 967.2355, ""meas_profile"": ""HP-4"", ""meas_id"": 4, ""hum"": 34.38002, ""gas_res"": 123910.9}, {""temp"": 21.66781, ""step"": 5, ""status"": 1, ""pres"": 966.8596, ""meas_profile"": ""HP-3"", ""meas_id"": 3, ""hum"": 34.87178, ""gas_res"": 45861.7}, {""temp"": 21.58072, ""step"": 5, ""status"": 1, ""pres"": 967.0072, ""meas_profile"": ""HP-2"", ""meas_id"": 2, ""hum"": 35.12171, ""gas_res"": 98291.42}, {""temp"": 21.34403, ""step"": 5, ""status"": 1, ""pres"": 967.1128, ""meas_profile"": ""HP-1"", ""meas_id"": 1, ""hum"": 33.5407, ""gas_res"": 100000.0}]}",NULL,"2025-10-27 10:04:09.598458"
11765,"04a600b9b0b8","2025-10-27 10:02:50","eImUXegF6PX68IH37naU","{""bme688"": [{""temp"": 21.79365, ""step"": 4, ""status"": 1, ""pres"": 967.1381, ""meas_profile"": ""HP-8"", ""meas_id"": 8, ""hum"": 34.81293, ""gas_res"": 6818.666}, {""temp"": 21.76145, ""step"": 4, ""status"": 1, ""pres"": 967.2312, ""meas_profile"": ""HP-7"", ""meas_id"": 7, ""hum"": 34.72991, ""gas_res"": 9067.725}, {""temp"": 21.85402, ""step"": 4, ""status"": 1, ""pres"": 967.384, ""meas_profile"": ""HP-6"", ""meas_id"": 6, ""hum"": 34.61899, ""gas_res"": 24404.2}, {""temp"": 21.75132, ""step"": 4, ""status"": 1, ""pres"": 967.1715, ""meas_profile"": ""HP-5"", ""meas_id"": 5, ""hum"": 34.84214, ""gas_res"": 104362.0}, {""temp"": 21.49727, ""step"": 4, ""status"": 1, ""pres"": 967.235, ""meas_profile"": ""HP-4"", ""meas_id"": 4, ""hum"": 34.37999, ""gas_res"": 129554.7}, {""temp"": 21.66812, ""step"": 4, ""status"": 1, ""pres"": 966.86, ""meas_profile"": ""HP-3"", ""meas_id"": 3, ""hum"": 34.85455, ""gas_res"": 45373.98}, {""temp"": 21.58042, ""step"": 4, ""status"": 1, ""pres"": 967.0066, ""meas_profile"": ""HP-2"", ""meas_id"": 2, ""hum"": 35.12737, ""gas_res"": 97952.94}, {""temp"": 21.34403, ""step"": 4, ""status"": 1, ""pres"": 967.1128, ""meas_profile"": ""HP-1"", ""meas_id"": 1, ""hum"": 33.55238, ""gas_res"": 100000.0}]}",NULL,"2025-10-27 10:04:10.783691"
11766,"04a600b9b0b8","2025-10-27 10:02:50","eImUXegF6PX68IH37naU","{""bme688"": [{""temp"": 21.79334, ""step"": 3, ""status"": 1, ""pres"": 967.1375, ""meas_profile"": ""HP-8"", ""meas_id"": 8, ""hum"": 34.8129, ""gas_res"": 15511.39}, {""temp"": 21.76145, ""step"": 3, ""status"": 1, ""pres"": 967.2312, ""meas_profile"": ""HP-7"", ""meas_id"": 7, ""hum"": 34.71292, ""gas_res"": 23699.31}, {""temp"": 21.85402, ""step"": 3, ""status"": 1, ""pres"": 967.384, ""meas_profile"": ""HP-6"", ""meas_id"": 6, ""hum"": 34.59602, ""gas_res"": 90363.57}, {""temp"": 21.75132, ""step"": 3, ""status"": 1, ""pres"": 967.1731, ""meas_profile"": ""HP-5"", ""meas_id"": 5, ""hum"": 34.81375, ""gas_res"": 304128.3}, {""temp"": 21.49697, ""step"": 3, ""status"": 1, ""pres"": 967.2344, ""meas_profile"": ""HP-4"", ""meas_id"": 4, ""hum"": 34.36847, ""gas_res"": 549503.6}, {""temp"": 21.66781, ""step"": 3, ""status"": 1, ""pres"": 966.8596, ""meas_profile"": ""HP-3"", ""meas_id"": 3, ""hum"": 34.86603, ""gas_res"": 270827.8}, {""temp"": 21.58042, ""step"": 3, ""status"": 1, ""pres"": 967.0066, ""meas_profile"": ""HP-2"", ""meas_id"": 2, ""hum"": 35.116, ""gas_res"": 521384.9}, {""temp"": 21.34403, ""step"": 3, ""status"": 1, ""pres"": 967.1145, ""meas_profile"": ""HP-1"", ""meas_id"": 1, ""hum"": 33.53487, ""gas_res"": 392262.0}]}",NULL,"2025-10-27 10:04:12.07429"
11767,"04a600b9b0b8","2025-10-27 10:02:50","eImUXegF6PX68IH37naU","{""bme688"": [{""temp"": 21.79303, ""step"": 2, ""status"": 1, ""pres"": 967.1387, ""meas_profile"": ""HP-8"", ""meas_id"": 8, ""hum"": 34.80142, ""gas_res"": 16967.13}, {""temp"": 21.76114, ""step"": 2, ""status"": 1, ""pres"": 967.2307, ""meas_profile"": ""HP-7"", ""meas_id"": 7, ""hum"": 34.70156, ""gas_res"": 25241.57}, {""temp"": 21.85372, ""step"": 2, ""status"": 1, ""pres"": 967.3818, ""meas_profile"": ""HP-6"", ""meas_id"": 6, ""hum"": 34.59024, ""gas_res"": 110154.9}, {""temp"": 21.75101, ""step"": 2, ""status"": 1, ""pres"": 967.1727, ""meas_profile"": ""HP-5"", ""meas_id"": 5, ""hum"": 34.78533, ""gas_res"": 405303.8}, {""temp"": 21.49665, ""step"": 2, ""status"": 1, ""pres"": 967.2339, ""meas_profile"": ""HP-4"", ""meas_id"": 4, ""hum"": 34.36269, ""gas_res"": 681077.5}, {""temp"": 21.66781, ""step"": 2, ""status"": 1, ""pres"": 966.8596, ""meas_profile"": ""HP-3"", ""meas_id"": 3, ""hum"": 34.84877, ""gas_res"": 343970.4}, {""temp"": 21.5801, ""step"": 2, ""status"": 1, ""pres"": 967.0061, ""meas_profile"": ""HP-2"", ""meas_id"": 2, ""hum"": 35.11028, ""gas_res"": 598130.8}, {""temp"": 21.34372, ""step"": 2, ""status"": 1, ""pres"": 967.1141, ""meas_profile"": ""HP-1"", ""meas_id"": 1, ""hum"": 33.54068, ""gas_res"": 455313.5}]}",NULL,"2025-10-27 10:04:13.352509"
11768,"04a600b9b0b8","2025-10-27 10:02:50","eImUXegF6PX68IH37naU","{""bme688"": [{""temp"": 21.79303, ""step"": 1, ""status"": 1, ""pres"": 967.1387, ""meas_profile"": ""HP-8"", ""meas_id"": 8, ""hum"": 34.79569, ""gas_res"": 6340.4}, {""temp"": 21.76083, ""step"": 1, ""status"": 1, ""pres"": 967.2302, ""meas_profile"": ""HP-7"", ""meas_id"": 7, ""hum"": 34.68455, ""gas_res"": 7085.917}, {""temp"": 21.85372, ""step"": 1, ""status"": 1, ""pres"": 967.3835, ""meas_profile"": ""HP-6"", ""meas_id"": 6, ""hum"": 34.59024, ""gas_res"": 19423.37}, {""temp"": 21.75132, ""step"": 1, ""status"": 1, ""pres"": 967.1731, ""meas_profile"": ""HP-5"", ""meas_id"": 5, ""hum"": 34.78536, ""gas_res"": 28686.69}, {""temp"": 21.49697, ""step"": 1, ""status"": 1, ""pres"": 967.2344, ""meas_profile"": ""HP-4"", ""meas_id"": 4, ""hum"": 34.36847, ""gas_res"": 34707.16}, {""temp"": 21.66812, ""step"": 1, ""status"": 1, ""pres"": 966.86, ""meas_profile"": ""HP-3"", ""meas_id"": 3, ""hum"": 34.8488, ""gas_res"": 25000.0}, {""temp"": 21.58042, ""step"": 1, ""status"": 1, ""pres"": 967.0066, ""meas_profile"": ""HP-2"", ""meas_id"": 2, ""hum"": 35.08755, ""gas_res"": 31295.84}, {""temp"": 21.34403, ""step"": 1, ""status"": 1, ""pres"": 967.1145, ""meas_profile"": ""HP-1"", ""meas_id"": 1, ""hum"": 33.54654, ""gas_res"": 23477.62}]}",NULL,"2025-10-27 10:04:14.730901"
11769,"04a600b9b0b8","2025-10-27 10:02:50","eImUXegF6PX68IH37naU","{""bme688"": [{""temp"": 21.79242, ""step"": 0, ""status"": 1, ""pres"": 967.1378, ""meas_profile"": ""HP-8"", ""meas_id"": 8, ""hum"": 34.80136, ""gas_res"": 5684.846}, {""temp"": 21.76052, ""step"": 0, ""status"": 1, ""pres"": 967.2297, ""meas_profile"": ""HP-7"", ""meas_id"": 7, ""hum"": 34.7015, ""gas_res"": 5684.846}, {""temp"": 21.85372, ""step"": 0, ""status"": 1, ""pres"": 967.3818, ""meas_profile"": ""HP-6"", ""meas_id"": 6, ""hum"": 34.59599, ""gas_res"": 7104.796}, {""temp"": 21.75164, ""step"": 0, ""status"": 1, ""pres"": 967.1738, ""meas_profile"": ""HP-5"", ""meas_id"": 5, ""hum"": 34.79675, ""gas_res"": 20685.2}, {""temp"": 21.49665, ""step"": 0, ""status"": 1, ""pres"": 967.2339, ""meas_profile"": ""HP-4"", ""meas_id"": 4, ""hum"": 34.35694, ""gas_res"": 18012.95}, {""temp"": 21.66812, ""step"": 0, ""status"": 1, ""pres"": 966.86, ""meas_profile"": ""HP-3"", ""meas_id"": 3, ""hum"": 34.8488, ""gas_res"": 6599.299}, {""temp"": 21.5801, ""step"": 0, ""status"": 1, ""pres"": 967.0061, ""meas_profile"": ""HP-2"", ""meas_id"": 2, ""hum"": 35.11028, ""gas_res"": 6157.398}, {""temp"": 21.34372, ""step"": 0, ""status"": 1, ""pres"": 967.1141, ""meas_profile"": ""HP-1"", ""meas_id"": 1, ""hum"": 33.529, ""gas_res"": 6965.607}]}",NULL,"2025-10-27 10:04:15.913242"
11770,"04a600b9b0b8","2025-10-27 10:02:10","eImUXegF6PX68IH37naU","{""zphs01b"": {""voc"": 0, ""temp"": 19.5, ""pm2_5"": 0, ""pm1_0"": 0, ""pm10"": 336, ""o3"": 0.75, ""no2"": 10.0, ""hum"": 0, ""fmhd"": 0, ""co2"": 5000, ""co"": 0.0}, ""smell_b"": {}, ""sfa30"": {""temp"": 21.745, ""hum"": 35.56, ""fmhd"": 3.6}, ""sen5x"": {""voc"": 155.0, ""temp"": 22.78, ""pm4_0"": 4303.0, ""pm2_5"": 4303.0, ""pm1_0"": 4103.2, ""pm10"": 4303.0, ""nox"": 1.0, ""mass_c"": 4253.05, ""hum"": 38.08}, ""scd41"": {""temp"": 21.58732, ""hum"": 36.27222, ""co2"": 627}, ""power_source"": 0, ""mics6814"": {""red_res"": 0, ""no2_res"": 0, ""no2"": 0.17, ""nh3_res"": 0, ""nh3"": 0.73, ""co_res"": 0, ""co"": 44.0}}",NULL,"2025-10-27 10:04:17.106208"
11771,"04a600b9b0b8","2025-10-27 10:02:10","eImUXegF6PX68IH37naU","{""bme688"": [{""temp"": 21.79211, ""step"": 9, ""status"": 1, ""pres"": 967.1373, ""meas_profile"": ""HP-8"", ""meas_id"": 8, ""hum"": 34.82425, ""gas_res"": 5684.846}, {""temp"": 21.7599, ""step"": 9, ""status"": 1, ""pres"": 967.2286, ""meas_profile"": ""HP-7"", ""meas_id"": 7, ""hum"": 34.72411, ""gas_res"": 5684.846}, {""temp"": 21.8534, ""step"": 9, ""status"": 1, ""pres"": 967.3813, ""meas_profile"": ""HP-6"", ""meas_id"": 6, ""hum"": 34.6017, ""gas_res"": 6247.56}, {""temp"": 21.75132, ""step"": 9, ""status"": 1, ""pres"": 967.1731, ""meas_profile"": ""HP-5"", ""meas_id"": 5, ""hum"": 34.83646, ""gas_res"": 19058.96}, {""temp"": 21.49665, ""step"": 9, ""status"": 1, ""pres"": 967.2339, ""meas_profile"": ""HP-4"", ""meas_id"": 4, ""hum"": 34.35694, ""gas_res"": 10620.64}, {""temp"": 21.66781, ""step"": 9, ""status"": 1, ""pres"": 966.8596, ""meas_profile"": ""HP-3"", ""meas_id"": 3, ""hum"": 34.86603, ""gas_res"": 6486.925}, {""temp"": 21.5801, ""step"": 9, ""status"": 1, ""pres"": 967.0061, ""meas_profile"": ""HP-2"", ""meas_id"": 2, ""hum"": 35.11028, ""gas_res"": 7952.286}, {""temp"": 21.34372, ""step"": 9, ""status"": 1, ""pres"": 967.1141, ""meas_profile"": ""HP-1"", ""meas_id"": 1, ""hum"": 33.54651, ""gas_res"": 6203.955}]}",NULL,"2025-10-27 10:04:18.468315"
11772,"04a600b9b0b8","2025-10-27 10:02:10","eImUXegF6PX68IH37naU","{""bme688"": [{""temp"": 21.79149, ""step"": 8, ""status"": 1, ""pres"": 967.1362, ""meas_profile"": ""HP-8"", ""meas_id"": 8, ""hum"": 34.84711, ""gas_res"": 5684.846}, {""temp"": 21.75959, ""step"": 8, ""status"": 1, ""pres"": 967.2282, ""meas_profile"": ""HP-7"", ""meas_id"": 7, ""hum"": 34.7354, ""gas_res"": 5684.846}, {""temp"": 21.8534, ""step"": 8, ""status"": 1, ""pres"": 967.3813, ""meas_profile"": ""HP-6"", ""meas_id"": 6, ""hum"": 34.62467, ""gas_res"": 6595.218}, {""temp"": 21.75132, ""step"": 8, ""status"": 1, ""pres"": 967.1749, ""meas_profile"": ""HP-5"", ""meas_id"": 5, ""hum"": 34.8251, ""gas_res"": 18150.88}, {""temp"": 21.49665, ""step"": 8, ""status"": 1, ""pres"": 967.2339, ""meas_profile"": ""HP-4"", ""meas_id"": 4, ""hum"": 34.37994, ""gas_res"": 10012.52}, {""temp"": 21.66781, ""step"": 8, ""status"": 1, ""pres"": 966.8596, ""meas_profile"": ""HP-3"", ""meas_id"": 3, ""hum"": 34.86603, ""gas_res"": 7710.843}, {""temp"": 21.5801, ""step"": 8, ""status"": 1, ""pres"": 967.0061, ""meas_profile"": ""HP-2"", ""meas_id"": 2, ""hum"": 35.12165, ""gas_res"": 7573.964}, {""temp"": 21.34372, ""step"": 8, ""status"": 1, ""pres"": 967.1141, ""meas_profile"": ""HP-1"", ""meas_id"": 1, ""hum"": 33.54651, ""gas_res"": 6247.56}]}",NULL,"2025-10-27 10:04:22.961801"
11773,"04a600b9b0b8","2025-10-27 10:02:10","eImUXegF6PX68IH37naU","{""bme688"": [{""temp"": 21.79118, ""step"": 7, ""status"": 1, ""pres"": 967.1376, ""meas_profile"": ""HP-8"", ""meas_id"": 8, ""hum"": 34.84708, ""gas_res"": 5684.846}, {""temp"": 21.75896, ""step"": 7, ""status"": 1, ""pres"": 967.2271, ""meas_profile"": ""HP-7"", ""meas_id"": 7, ""hum"": 34.72968, ""gas_res"": 5684.846}, {""temp"": 21.8534, ""step"": 7, ""status"": 1, ""pres"": 967.3813, ""meas_profile"": ""HP-6"", ""meas_id"": 6, ""hum"": 34.63616, ""gas_res"": 6715.635}, {""temp"": 21.75132, ""step"": 7, ""status"": 1, ""pres"": 967.1749, ""meas_profile"": ""HP-5"", ""meas_id"": 5, ""hum"": 34.84782, ""gas_res"": 18089.32}, {""temp"": 21.49665, ""step"": 7, ""status"": 1, ""pres"": 967.2339, ""meas_profile"": ""HP-4"", ""meas_id"": 4, ""hum"": 34.37994, ""gas_res"": 9436.744}, {""temp"": 21.66781, ""step"": 7, ""status"": 1, ""pres"": 966.8596, ""meas_profile"": ""HP-3"", ""meas_id"": 3, ""hum"": 34.88904, ""gas_res"": 6889.128}, {""temp"": 21.57979, ""step"": 7, ""status"": 1, ""pres"": 967.0055, ""meas_profile"": ""HP-2"", ""meas_id"": 2, ""hum"": 35.12731, ""gas_res"": 6906.972}, {""temp"": 21.3434, ""step"": 7, ""status"": 1, ""pres"": 967.1136, ""meas_profile"": ""HP-1"", ""meas_id"": 1, ""hum"": 33.57567, ""gas_res"": 7483.629}]}",NULL,"2025-10-27 10:04:23.691058"
11774,"04a600b9b0b8","2025-10-27 10:02:10","eImUXegF6PX68IH37naU","{""bme688"": [{""temp"": 21.79087, ""step"": 6, ""status"": 1, ""pres"": 967.1372, ""meas_profile"": ""HP-8"", ""meas_id"": 8, ""hum"": 34.85851, ""gas_res"": 8115.648}, {""temp"": 21.75896, ""step"": 6, ""status"": 1, ""pres"": 967.2271, ""meas_profile"": ""HP-7"", ""meas_id"": 7, ""hum"": 34.74667, ""gas_res"": 10705.92}, {""temp"": 21.8531, ""step"": 6, ""status"": 1, ""pres"": 967.3825, ""meas_profile"": ""HP-6"", ""meas_id"": 6, ""hum"": 34.65337, ""gas_res"": 23992.5}, {""temp"": 21.75164, ""step"": 6, ""status"": 1, ""pres"": 967.1772, ""meas_profile"": ""HP-5"", ""meas_id"": 5, ""hum"": 34.85353, ""gas_res"": 100000.0}, {""temp"": 21.49697, ""step"": 6, ""status"": 1, ""pres"": 967.2361, ""meas_profile"": ""HP-4"", ""meas_id"": 4, ""hum"": 34.40871, ""gas_res"": 100000.0}, {""temp"": 21.66781, ""step"": 6, ""status"": 1, ""pres"": 966.8596, ""meas_profile"": ""HP-3"", ""meas_id"": 3, ""hum"": 34.88904, ""gas_res"": 33560.57}, {""temp"": 21.5801, ""step"": 6, ""status"": 1, ""pres"": 967.0078, ""meas_profile"": ""HP-2"", ""meas_id"": 2, ""hum"": 35.14441, ""gas_res"": 87401.84}, {""temp"": 21.34372, ""step"": 6, ""status"": 1, ""pres"": 967.1141, ""meas_profile"": ""HP-1"", ""meas_id"": 1, ""hum"": 33.5757, ""gas_res"": 40622.02}]}",NULL,"2025-10-27 10:04:24.494193"
11775,"04a600b9b0b8","2025-10-27 10:02:10","eImUXegF6PX68IH37naU","{""bme688"": [{""temp"": 21.79087, ""step"": 5, ""status"": 1, ""pres"": 967.1372, ""meas_profile"": ""HP-8"", ""meas_id"": 8, ""hum"": 34.86998, ""gas_res"": 8234.688}, {""temp"": 21.75927, ""step"": 5, ""status"": 1, ""pres"": 967.2275, ""meas_profile"": ""HP-7"", ""meas_id"": 7, ""hum"": 34.77503, ""gas_res"": 10891.76}, {""temp"": 21.8531, ""step"": 5, ""status"": 1, ""pres"": 967.3825, ""meas_profile"": ""HP-6"", ""meas_id"": 6, ""hum"": 34.65911, ""gas_res"": 24488.23}, {""temp"": 21.75195, ""step"": 5, ""status"": 1, ""pres"": 967.1776, ""meas_profile"": ""HP-5"", ""meas_id"": 5, ""hum"": 34.87629, ""gas_res"": 100000.0}, {""temp"": 21.49697, ""step"": 5, ""status"": 1, ""pres"": 967.2344, ""meas_profile"": ""HP-4"", ""meas_id"": 4, ""hum"": 34.40871, ""gas_res"": 100000.0}, {""temp"": 21.66812, ""step"": 5, ""status"": 1, ""pres"": 966.86, ""meas_profile"": ""HP-3"", ""meas_id"": 3, ""hum"": 34.90057, ""gas_res"": 32611.46}, {""temp"": 21.5801, ""step"": 5, ""status"": 1, ""pres"": 967.0078, ""meas_profile"": ""HP-2"", ""meas_id"": 2, ""hum"": 35.16717, ""gas_res"": 84210.52}, {""temp"": 21.34403, ""step"": 5, ""status"": 1, ""pres"": 967.1145, ""meas_profile"": ""HP-1"", ""meas_id"": 1, ""hum"": 33.57573, ""gas_res"": 38953.13}]}",NULL,"2025-10-27 10:04:24.939349"
11776,"04a600b9b0b8","2025-10-27 10:02:10","eImUXegF6PX68IH37naU","{""bme688"": [{""temp"": 21.79087, ""step"": 4, ""status"": 1, ""pres"": 967.1389, ""meas_profile"": ""HP-8"", ""meas_id"": 8, ""hum"": 34.8929, ""gas_res"": 8463.369}, {""temp"": 21.75959, ""step"": 4, ""status"": 1, ""pres"": 967.2282, ""meas_profile"": ""HP-7"", ""meas_id"": 7, ""hum"": 34.79206, ""gas_res"": 11283.5}, {""temp"": 21.8531, ""step"": 4, ""status"": 1, ""pres"": 967.3825, ""meas_profile"": ""HP-6"", ""meas_id"": 6, ""hum"": 34.6821, ""gas_res"": 25713.14}, {""temp"": 21.75195, ""step"": 4, ""status"": 1, ""pres"": 967.1776, ""meas_profile"": ""HP-5"", ""meas_id"": 5, ""hum"": 34.87629, ""gas_res"": 95540.21}, {""temp"": 21.49727, ""step"": 4, ""status"": 1, ""pres"": 967.235, ""meas_profile"": ""HP-4"", ""meas_id"": 4, ""hum"": 34.42023, ""gas_res"": 100000.0}, {""temp"": 21.66843, ""step"": 4, ""status"": 1, ""pres"": 966.8605, ""meas_profile"": ""HP-3"", ""meas_id"": 3, ""hum"": 34.9006, ""gas_res"": 32315.07}, {""temp"": 21.5801, ""step"": 4, ""status"": 1, ""pres"": 967.0061, ""meas_profile"": ""HP-2"", ""meas_id"": 2, ""hum"": 35.15579, ""gas_res"": 83550.91}, {""temp"": 21.34403, ""step"": 4, ""status"": 1, ""pres"": 967.1145, ""meas_profile"": ""HP-1"", ""meas_id"": 1, ""hum"": 33.59908, ""gas_res"": 38049.94}]}",NULL,"2025-10-27 10:04:25.693573"
11777,"04a600b9b0b8","2025-10-27 10:02:10","eImUXegF6PX68IH37naU","{""bme688"": [{""temp"": 21.79087, ""step"": 3, ""status"": 1, ""pres"": 967.1389, ""meas_profile"": ""HP-8"", ""meas_id"": 8, ""hum"": 34.9101, ""gas_res"": 27844.25}, {""temp"": 21.75927, ""step"": 3, ""status"": 1, ""pres"": 967.2275, ""meas_profile"": ""HP-7"", ""meas_id"": 7, ""hum"": 34.7977, ""gas_res"": 42866.71}, {""temp"": 21.8531, ""step"": 3, ""status"": 1, ""pres"": 967.3809, ""meas_profile"": ""HP-6"", ""meas_id"": 6, ""hum"": 34.6821, ""gas_res"": 152608.0}, {""temp"": 21.75195, ""step"": 3, ""status"": 1, ""pres"": 967.1776, ""meas_profile"": ""HP-5"", ""meas_id"": 5, ""hum"": 34.89901, ""gas_res"": 473635.5}, {""temp"": 21.49697, ""step"": 3, ""status"": 1, ""pres"": 967.2361, ""meas_profile"": ""HP-4"", ""meas_id"": 4, ""hum"": 34.43171, ""gas_res"": 587324.4}, {""temp"": 21.66843, ""step"": 3, ""status"": 1, ""pres"": 966.8605, ""meas_profile"": ""HP-3"", ""meas_id"": 3, ""hum"": 34.92937, ""gas_res"": 274973.2}, {""temp"": 21.57979, ""step"": 3, ""status"": 1, ""pres"": 967.0055, ""meas_profile"": ""HP-2"", ""meas_id"": 2, ""hum"": 35.17283, ""gas_res"": 536969.1}, {""temp"": 21.34403, ""step"": 3, ""status"": 1, ""pres"": 967.1145, ""meas_profile"": ""HP-1"", ""meas_id"": 1, ""hum"": 33.60492, ""gas_res"": 378558.2}]}",NULL,"2025-10-27 10:04:26.203848"
11778,"04a600b9b0b8","2025-10-27 10:02:10","eImUXegF6PX68IH37naU","{""bme688"": [{""temp"": 21.79056, ""step"": 2, ""status"": 1, ""pres"": 967.1383, ""meas_profile"": ""HP-8"", ""meas_id"": 8, ""hum"": 34.92154, ""gas_res"": 24502.3}, {""temp"": 21.75927, ""step"": 2, ""status"": 1, ""pres"": 967.2275, ""meas_profile"": ""HP-7"", ""meas_id"": 7, ""hum"": 34.79203, ""gas_res"": 36866.36}, {""temp"": 21.8531, ""step"": 2, ""status"": 1, ""pres"": 967.3825, ""meas_profile"": ""HP-6"", ""meas_id"": 6, ""hum"": 34.6936, ""gas_res"": 133298.6}, {""temp"": 21.75195, ""step"": 2, ""status"": 1, ""pres"": 967.1776, ""meas_profile"": ""HP-5"", ""meas_id"": 5, ""hum"": 34.90469, ""gas_res"": 401962.7}, {""temp"": 21.49697, ""step"": 2, ""status"": 1, ""pres"": 967.2361, ""meas_profile"": ""HP-4"", ""meas_id"": 4, ""hum"": 34.43746, ""gas_res"": 496003.9}, {""temp"": 21.66843, ""step"": 2, ""status"": 1, ""pres"": 966.8605, ""meas_profile"": ""HP-3"", ""meas_id"": 3, ""hum"": 34.92362, ""gas_res"": 237311.7}, {""temp"": 21.57979, ""step"": 2, ""status"": 1, ""pres"": 967.0055, ""meas_profile"": ""HP-2"", ""meas_id"": 2, ""hum"": 35.16145, ""gas_res"": 406268.6}, {""temp"": 21.34403, ""step"": 2, ""status"": 1, ""pres"": 967.1145, ""meas_profile"": ""HP-1"", ""meas_id"": 1, ""hum"": 33.62243, ""gas_res"": 310773.9}]}",NULL,"2025-10-27 10:04:26.905043"
11779,"04a600b9b0b8","2025-10-27 10:02:10","eImUXegF6PX68IH37naU","{""bme688"": [{""temp"": 21.79056, ""step"": 1, ""status"": 1, ""pres"": 967.1383, ""meas_profile"": ""HP-8"", ""meas_id"": 8, ""hum"": 34.92154, ""gas_res"": 6056.018}, {""temp"": 21.75927, ""step"": 1, ""status"": 1, ""pres"": 967.2291, ""meas_profile"": ""HP-7"", ""meas_id"": 7, ""hum"": 34.82037, ""gas_res"": 7552.514}, {""temp"": 21.8534, ""step"": 1, ""status"": 1, ""pres"": 967.3831, ""meas_profile"": ""HP-6"", ""meas_id"": 6, ""hum"": 34.70512, ""gas_res"": 22686.99}, {""temp"": 21.75226, ""step"": 1, ""status"": 1, ""pres"": 967.1799, ""meas_profile"": ""HP-5"", ""meas_id"": 5, ""hum"": 34.91608, ""gas_res"": 28476.08}, {""temp"": 21.49697, ""step"": 1, ""status"": 1, ""pres"": 967.2361, ""meas_profile"": ""HP-4"", ""meas_id"": 4, ""hum"": 34.43746, ""gas_res"": 27663.71}, {""temp"": 21.66874, ""step"": 1, ""status"": 1, ""pres"": 966.8594, ""meas_profile"": ""HP-3"", ""meas_id"": 3, ""hum"": 34.93515, ""gas_res"": 25000.0}, {""temp"": 21.5801, ""step"": 1, ""status"": 1, ""pres"": 967.0078, ""meas_profile"": ""HP-2"", ""meas_id"": 2, ""hum"": 35.17855, ""gas_res"": 25000.0}, {""temp"": 21.34434, ""step"": 1, ""status"": 1, ""pres"": 967.1151, ""meas_profile"": ""HP-1"", ""meas_id"": 1, ""hum"": 33.61662, ""gas_res"": 25000.0}]}",NULL,"2025-10-27 10:04:27.48636"
11780,"04a600b9b0b8","2025-10-27 10:02:10","eImUXegF6PX68IH37naU","{""bme688"": [{""temp"": 21.78995, ""step"": 0, ""status"": 1, ""pres"": 967.1392, ""meas_profile"": ""HP-8"", ""meas_id"": 8, ""hum"": 34.9272, ""gas_res"": 5684.846}, {""temp"": 21.75865, ""step"": 0, ""status"": 1, ""pres"": 967.2282, ""meas_profile"": ""HP-7"", ""meas_id"": 7, ""hum"": 34.83163, ""gas_res"": 5684.846}, {""temp"": 21.8531, ""step"": 0, ""status"": 1, ""pres"": 967.3825, ""meas_profile"": ""HP-6"", ""meas_id"": 6, ""hum"": 34.72234, ""gas_res"": 8012.018}, {""temp"": 21.75226, ""step"": 0, ""status"": 1, ""pres"": 967.1816, ""meas_profile"": ""HP-5"", ""meas_id"": 5, ""hum"": 34.9104, ""gas_res"": 20765.74}, {""temp"": 21.49697, ""step"": 0, ""status"": 1, ""pres"": 967.2378, ""meas_profile"": ""HP-4"", ""meas_id"": 4, ""hum"": 34.45471, ""gas_res"": 9891.809}, {""temp"": 21.66843, ""step"": 0, ""status"": 1, ""pres"": 966.8605, ""meas_profile"": ""HP-3"", ""meas_id"": 3, ""hum"": 34.94088, ""gas_res"": 6938.421}, {""temp"": 21.57979, ""step"": 0, ""status"": 1, ""pres"": 967.0072, ""meas_profile"": ""HP-2"", ""meas_id"": 2, ""hum"": 35.1899, ""gas_res"": 6766.758}, {""temp"": 21.34403, ""step"": 0, ""status"": 1, ""pres"": 967.1164, ""meas_profile"": ""HP-1"", ""meas_id"": 1, ""hum"": 33.60492, ""gas_res"": 7210.455}]}",NULL,"2025-10-27 10:04:28.130586"
11799,"04a600b9b0b8","2025-10-27 10:04:15","eImUXegF6PX68IH37naU","{""zphs01b"": {""voc"": 0, ""temp"": 19.5, ""pm2_5"": 0, ""pm1_0"": 0, ""pm10"": 336, ""o3"": 0.37, ""no2"": 10.0, ""hum"": 0, ""fmhd"": 0, ""co2"": 5000, ""co"": 0.0}, ""smell_b"": {}, ""sfa30"": {""temp"": 21.8, ""hum"": 35.37, ""fmhd"": 4.0}, ""sen5x"": {""voc"": 134.0, ""temp"": 22.165, ""pm4_0"": 4901.4, ""pm2_5"": 4901.4, ""pm1_0"": 4673.8, ""pm10"": 4901.4, ""nox"": 1.0, ""mass_c"": 4844.5, ""hum"": 39.63}, ""scd41"": {""temp"": 21.36034, ""hum"": 37.61654, ""co2"": 631}, ""power_source"": 0, ""mics6814"": {""red_res"": 0, ""no2_res"": 0, ""no2"": 0.17, ""nh3_res"": 0, ""nh3"": 0.73, ""co_res"": 0, ""co"": 44.0}}",NULL,"2025-10-27 10:05:07.265324"
11800,"04a600b9b0b8","2025-10-27 10:04:15","eImUXegF6PX68IH37naU","{""bme688"": [{""temp"": 21.80045, ""step"": 9, ""status"": 1, ""pres"": 967.1467, ""meas_profile"": ""HP-8"", ""meas_id"": 8, ""hum"": 34.69904, ""gas_res"": 5684.846}, {""temp"": 21.76828, ""step"": 9, ""status"": 1, ""pres"": 967.2458, ""meas_profile"": ""HP-7"", ""meas_id"": 7, ""hum"": 34.60033, ""gas_res"": 5684.846}, {""temp"": 21.85773, ""step"": 9, ""status"": 1, ""pres"": 967.3918, ""meas_profile"": ""HP-6"", ""meas_id"": 6, ""hum"": 34.51597, ""gas_res"": 6471.183}, {""temp"": 21.75257, ""step"": 9, ""status"": 1, ""pres"": 967.1719, ""meas_profile"": ""HP-5"", ""meas_id"": 5, ""hum"": 34.73439, ""gas_res"": 21304.93}, {""temp"": 21.50131, ""step"": 9, ""status"": 1, ""pres"": 967.2385, ""meas_profile"": ""HP-4"", ""meas_id"": 4, ""hum"": 34.29416, ""gas_res"": 20100.5}, {""temp"": 21.67059, ""step"": 9, ""status"": 1, ""pres"": 966.8674, ""meas_profile"": ""HP-3"", ""meas_id"": 3, ""hum"": 34.78578, ""gas_res"": 8006.004}, {""temp"": 21.58414, ""step"": 9, ""status"": 1, ""pres"": 967.0161, ""meas_profile"": ""HP-2"", ""meas_id"": 2, ""hum"": 35.01399, ""gas_res"": 6554.691}, {""temp"": 21.34652, ""step"": 9, ""status"": 1, ""pres"": 967.1149, ""meas_profile"": ""HP-1"", ""meas_id"": 1, ""hum"": 33.45924, ""gas_res"": 7666.507}]}",NULL,"2025-10-27 10:05:08.397639"
11801,"04a600b9b0b8","2025-10-27 10:04:15","eImUXegF6PX68IH37naU","{""bme688"": [{""temp"": 21.79983, ""step"": 8, ""status"": 1, ""pres"": 967.1459, ""meas_profile"": ""HP-8"", ""meas_id"": 8, ""hum"": 34.7047, ""gas_res"": 5684.846}, {""temp"": 21.76766, ""step"": 8, ""status"": 1, ""pres"": 967.2449, ""meas_profile"": ""HP-7"", ""meas_id"": 7, ""hum"": 34.61159, ""gas_res"": 5684.846}, {""temp"": 21.85742, ""step"": 8, ""status"": 1, ""pres"": 967.3912, ""meas_profile"": ""HP-6"", ""meas_id"": 6, ""hum"": 34.49298, ""gas_res"": 6818.666}, {""temp"": 21.75257, ""step"": 8, ""status"": 1, ""pres"": 967.1702, ""meas_profile"": ""HP-5"", ""meas_id"": 5, ""hum"": 34.72871, ""gas_res"": 20447.29}, {""temp"": 21.50131, ""step"": 8, ""status"": 1, ""pres"": 967.2385, ""meas_profile"": ""HP-4"", ""meas_id"": 4, ""hum"": 34.27118, ""gas_res"": 19144.48}, {""temp"": 21.67028, ""step"": 8, ""status"": 1, ""pres"": 966.8669, ""meas_profile"": ""HP-3"", ""meas_id"": 3, ""hum"": 34.76276, ""gas_res"": 7152.437}, {""temp"": 21.58383, ""step"": 8, ""status"": 1, ""pres"": 967.0156, ""meas_profile"": ""HP-2"", ""meas_id"": 2, ""hum"": 35.02533, ""gas_res"": 6397.441}, {""temp"": 21.3462, ""step"": 8, ""status"": 1, ""pres"": 967.1163, ""meas_profile"": ""HP-1"", ""meas_id"": 1, ""hum"": 33.44755, ""gas_res"": 7677.543}]}",NULL,"2025-10-27 10:05:09.122818"
11802,"04a600b9b0b8","2025-10-27 10:04:15","eImUXegF6PX68IH37naU","{""bme688"": [{""temp"": 21.7989, ""step"": 7, ""status"": 1, ""pres"": 967.1443, ""meas_profile"": ""HP-8"", ""meas_id"": 8, ""hum"": 34.70461, ""gas_res"": 5684.846}, {""temp"": 21.76673, ""step"": 7, ""status"": 1, ""pres"": 967.2433, ""meas_profile"": ""HP-7"", ""meas_id"": 7, ""hum"": 34.60584, ""gas_res"": 5684.846}, {""temp"": 21.85711, ""step"": 7, ""status"": 1, ""pres"": 967.3907, ""meas_profile"": ""HP-6"", ""meas_id"": 6, ""hum"": 34.51018, ""gas_res"": 6801.275}, {""temp"": 21.75257, ""step"": 7, ""status"": 1, ""pres"": 967.1719, ""meas_profile"": ""HP-5"", ""meas_id"": 5, ""hum"": 34.70034, ""gas_res"": 20176.54}, {""temp"": 21.501, ""step"": 7, ""status"": 1, ""pres"": 967.2378, ""meas_profile"": ""HP-4"", ""meas_id"": 4, ""hum"": 34.29988, ""gas_res"": 11259.68}, {""temp"": 21.66998, ""step"": 7, ""status"": 1, ""pres"": 966.8663, ""meas_profile"": ""HP-3"", ""meas_id"": 3, ""hum"": 34.76273, ""gas_res"": 6479.044}, {""temp"": 21.58352, ""step"": 7, ""status"": 1, ""pres"": 967.015, ""meas_profile"": ""HP-2"", ""meas_id"": 2, ""hum"": 35.00825, ""gas_res"": 6015.038}, {""temp"": 21.34589, ""step"": 7, ""status"": 1, ""pres"": 967.1158, ""meas_profile"": ""HP-1"", ""meas_id"": 1, ""hum"": 33.46502, ""gas_res"": 7029.877}]}",NULL,"2025-10-27 10:05:09.818462"
11803,"04a600b9b0b8","2025-10-27 10:04:15","eImUXegF6PX68IH37naU","{""bme688"": [{""temp"": 21.79859, ""step"": 6, ""status"": 1, ""pres"": 967.1439, ""meas_profile"": ""HP-8"", ""meas_id"": 8, ""hum"": 34.69886, ""gas_res"": 6736.842}, {""temp"": 21.76642, ""step"": 6, ""status"": 1, ""pres"": 967.2428, ""meas_profile"": ""HP-7"", ""meas_id"": 7, ""hum"": 34.61147, ""gas_res"": 8893.83}, {""temp"": 21.8568, ""step"": 6, ""status"": 1, ""pres"": 967.3901, ""meas_profile"": ""HP-6"", ""meas_id"": 6, ""hum"": 34.51589, ""gas_res"": 25000.0}, {""temp"": 21.75257, ""step"": 6, ""status"": 1, ""pres"": 967.1719, ""meas_profile"": ""HP-5"", ""meas_id"": 5, ""hum"": 34.72304, ""gas_res"": 100000.0}, {""temp"": 21.50069, ""step"": 6, ""status"": 1, ""pres"": 967.2374, ""meas_profile"": ""HP-4"", ""meas_id"": 4, ""hum"": 34.28262, ""gas_res"": 103601.8}, {""temp"": 21.66998, ""step"": 6, ""status"": 1, ""pres"": 966.8663, ""meas_profile"": ""HP-3"", ""meas_id"": 3, ""hum"": 34.76848, ""gas_res"": 38988.73}, {""temp"": 21.58321, ""step"": 6, ""status"": 1, ""pres"": 967.0145, ""meas_profile"": ""HP-2"", ""meas_id"": 2, ""hum"": 35.00253, ""gas_res"": 100000.0}, {""temp"": 21.34558, ""step"": 6, ""status"": 1, ""pres"": 967.1152, ""meas_profile"": ""HP-1"", ""meas_id"": 1, ""hum"": 33.45916, ""gas_res"": 81946.23}]}",NULL,"2025-10-27 10:05:10.79778"
11804,"04a600b9b0b8","2025-10-27 10:04:15","eImUXegF6PX68IH37naU","{""bme688"": [{""temp"": 21.79798, ""step"": 5, ""status"": 1, ""pres"": 967.1429, ""meas_profile"": ""HP-8"", ""meas_id"": 8, ""hum"": 34.71025, ""gas_res"": 6690.362}, {""temp"": 21.76611, ""step"": 5, ""status"": 1, ""pres"": 967.2424, ""meas_profile"": ""HP-7"", ""meas_id"": 7, ""hum"": 34.58315, ""gas_res"": 8849.558}, {""temp"": 21.8568, ""step"": 5, ""status"": 1, ""pres"": 967.3901, ""meas_profile"": ""HP-6"", ""meas_id"": 6, ""hum"": 34.50441, ""gas_res"": 25000.0}, {""temp"": 21.75257, ""step"": 5, ""status"": 1, ""pres"": 967.1719, ""meas_profile"": ""HP-5"", ""meas_id"": 5, ""hum"": 34.72871, ""gas_res"": 100000.0}, {""temp"": 21.50007, ""step"": 5, ""status"": 1, ""pres"": 967.2364, ""meas_profile"": ""HP-4"", ""meas_id"": 4, ""hum"": 34.28255, ""gas_res"": 102053.0}, {""temp"": 21.66967, ""step"": 5, ""status"": 1, ""pres"": 966.8658, ""meas_profile"": ""HP-3"", ""meas_id"": 3, ""hum"": 34.7627, ""gas_res"": 37415.96}, {""temp"": 21.58321, ""step"": 5, ""status"": 1, ""pres"": 967.0145, ""meas_profile"": ""HP-2"", ""meas_id"": 2, ""hum"": 35.02527, ""gas_res"": 100000.0}, {""temp"": 21.34558, ""step"": 5, ""status"": 1, ""pres"": 967.1152, ""meas_profile"": ""HP-1"", ""meas_id"": 1, ""hum"": 33.44749, ""gas_res"": 45277.68}]}",NULL,"2025-10-27 10:05:11.498422"
11805,"04a600b9b0b8","2025-10-27 10:04:15","eImUXegF6PX68IH37naU","{""bme688"": [{""temp"": 21.79766, ""step"": 4, ""status"": 1, ""pres"": 967.1424, ""meas_profile"": ""HP-8"", ""meas_id"": 8, ""hum"": 34.71022, ""gas_res"": 6619.776}, {""temp"": 21.7658, ""step"": 4, ""status"": 1, ""pres"": 967.2418, ""meas_profile"": ""HP-7"", ""meas_id"": 7, ""hum"": 34.58312, ""gas_res"": 8776.741}, {""temp"": 21.85649, ""step"": 4, ""status"": 1, ""pres"": 967.3897, ""meas_profile"": ""HP-6"", ""meas_id"": 6, ""hum"": 34.49863, ""gas_res"": 25000.0}, {""temp"": 21.75226, ""step"": 4, ""status"": 1, ""pres"": 967.1715, ""meas_profile"": ""HP-5"", ""meas_id"": 5, ""hum"": 34.72868, ""gas_res"": 100000.0}, {""temp"": 21.49976, ""step"": 4, ""status"": 1, ""pres"": 967.2356, ""meas_profile"": ""HP-4"", ""meas_id"": 4, ""hum"": 34.27678, ""gas_res"": 103601.8}, {""temp"": 21.66967, ""step"": 4, ""status"": 1, ""pres"": 966.8642, ""meas_profile"": ""HP-3"", ""meas_id"": 3, ""hum"": 34.76845, ""gas_res"": 35965.16}, {""temp"": 21.5829, ""step"": 4, ""status"": 1, ""pres"": 967.014, ""meas_profile"": ""HP-2"", ""meas_id"": 2, ""hum"": 35.00819, ""gas_res"": 92518.98}, {""temp"": 21.34558, ""step"": 4, ""status"": 1, ""pres"": 967.1152, ""meas_profile"": ""HP-1"", ""meas_id"": 1, ""hum"": 33.46499, ""gas_res"": 42866.71}]}",NULL,"2025-10-27 10:05:12.197967"
11806,"04a600b9b0b8","2025-10-27 10:04:15","eImUXegF6PX68IH37naU","{""bme688"": [{""temp"": 21.79705, ""step"": 3, ""status"": 1, ""pres"": 967.1415, ""meas_profile"": ""HP-8"", ""meas_id"": 8, ""hum"": 34.71589, ""gas_res"": 10589.01}, {""temp"": 21.76517, ""step"": 3, ""status"": 1, ""pres"": 967.2408, ""meas_profile"": ""HP-7"", ""meas_id"": 7, ""hum"": 34.59438, ""gas_res"": 14821.68}, {""temp"": 21.85618, ""step"": 3, ""status"": 1, ""pres"": 967.3892, ""meas_profile"": ""HP-6"", ""meas_id"": 6, ""hum"": 34.51008, ""gas_res"": 43389.83}, {""temp"": 21.75195, ""step"": 3, ""status"": 1, ""pres"": 967.1708, ""meas_profile"": ""HP-5"", ""meas_id"": 5, ""hum"": 34.72866, ""gas_res"": 119570.3}, {""temp"": 21.49914, ""step"": 3, ""status"": 1, ""pres"": 967.2347, ""meas_profile"": ""HP-4"", ""meas_id"": 4, ""hum"": 34.27098, ""gas_res"": 187066.1}, {""temp"": 21.66905, ""step"": 3, ""status"": 1, ""pres"": 966.8633, ""meas_profile"": ""HP-3"", ""meas_id"": 3, ""hum"": 34.76265, ""gas_res"": 96786.39}, {""temp"": 21.58259, ""step"": 3, ""status"": 1, ""pres"": 967.0135, ""meas_profile"": ""HP-2"", ""meas_id"": 2, ""hum"": 35.00247, ""gas_res"": 160652.7}, {""temp"": 21.34527, ""step"": 3, ""status"": 1, ""pres"": 967.1147, ""meas_profile"": ""HP-1"", ""meas_id"": 1, ""hum"": 33.46496, ""gas_res"": 123910.9}]}",NULL,"2025-10-27 10:05:12.914399"
11807,"04a600b9b0b8","2025-10-27 10:04:15","eImUXegF6PX68IH37naU","{""bme688"": [{""temp"": 21.79674, ""step"": 2, ""status"": 1, ""pres"": 967.141, ""meas_profile"": ""HP-8"", ""meas_id"": 8, ""hum"": 34.69868, ""gas_res"": 16873.19}, {""temp"": 21.76486, ""step"": 2, ""status"": 1, ""pres"": 967.2386, ""meas_profile"": ""HP-7"", ""meas_id"": 7, ""hum"": 34.59435, ""gas_res"": 24672.32}, {""temp"": 21.85588, ""step"": 2, ""status"": 1, ""pres"": 967.3887, ""meas_profile"": ""HP-6"", ""meas_id"": 6, ""hum"": 34.50432, ""gas_res"": 94587.1}, {""temp"": 21.75164, ""step"": 2, ""status"": 1, ""pres"": 967.1705, ""meas_profile"": ""HP-5"", ""meas_id"": 5, ""hum"": 34.70593, ""gas_res"": 330963.2}, {""temp"": 21.49883, ""step"": 2, ""status"": 1, ""pres"": 967.2342, ""meas_profile"": ""HP-4"", ""meas_id"": 4, ""hum"": 34.2767, ""gas_res"": 456226.3}, {""temp"": 21.66874, ""step"": 2, ""status"": 1, ""pres"": 966.8629, ""meas_profile"": ""HP-3"", ""meas_id"": 3, ""hum"": 34.76836, ""gas_res"": 217779.7}, {""temp"": 21.58228, ""step"": 2, ""status"": 1, ""pres"": 967.0112, ""meas_profile"": ""HP-2"", ""meas_id"": 2, ""hum"": 35.03086, ""gas_res"": 374542.8}, {""temp"": 21.34465, ""step"": 2, ""status"": 1, ""pres"": 967.1138, ""meas_profile"": ""HP-1"", ""meas_id"": 1, ""hum"": 33.47658, ""gas_res"": 282716.7}]}",NULL,"2025-10-27 10:05:13.630687"
11808,"04a600b9b0b8","2025-10-27 10:04:15","eImUXegF6PX68IH37naU","{""bme688"": [{""temp"": 21.79643, ""step"": 1, ""status"": 1, ""pres"": 967.1406, ""meas_profile"": ""HP-8"", ""meas_id"": 8, ""hum"": 34.70438, ""gas_res"": 6673.618}, {""temp"": 21.76455, ""step"": 1, ""status"": 1, ""pres"": 967.238, ""meas_profile"": ""HP-7"", ""meas_id"": 7, ""hum"": 34.57735, ""gas_res"": 5918.254}, {""temp"": 21.85557, ""step"": 1, ""status"": 1, ""pres"": 967.3883, ""meas_profile"": ""HP-6"", ""meas_id"": 6, ""hum"": 34.49855, ""gas_res"": 19110.18}, {""temp"": 21.75164, ""step"": 1, ""status"": 1, ""pres"": 967.1705, ""meas_profile"": ""HP-5"", ""meas_id"": 5, ""hum"": 34.71161, ""gas_res"": 26644.46}, {""temp"": 21.49852, ""step"": 1, ""status"": 1, ""pres"": 967.2354, ""meas_profile"": ""HP-4"", ""meas_id"": 4, ""hum"": 34.28816, ""gas_res"": 28571.43}, {""temp"": 21.66874, ""step"": 1, ""status"": 1, ""pres"": 966.8629, ""meas_profile"": ""HP-3"", ""meas_id"": 3, ""hum"": 34.77411, ""gas_res"": 25000.0}, {""temp"": 21.58197, ""step"": 1, ""status"": 1, ""pres"": 967.0108, ""meas_profile"": ""HP-2"", ""meas_id"": 2, ""hum"": 35.00809, ""gas_res"": 23490.55}, {""temp"": 21.34465, ""step"": 1, ""status"": 1, ""pres"": 967.1138, ""meas_profile"": ""HP-1"", ""meas_id"": 1, ""hum"": 33.44741, ""gas_res"": 25000.0}]}",NULL,"2025-10-27 10:05:14.327349"
11809,"04a600b9b0b8","2025-10-27 10:04:15","eImUXegF6PX68IH37naU","{""bme688"": [{""temp"": 21.7955, ""step"": 0, ""status"": 1, ""pres"": 967.1392, ""meas_profile"": ""HP-8"", ""meas_id"": 8, ""hum"": 34.68712, ""gas_res"": 5684.846}, {""temp"": 21.76393, ""step"": 0, ""status"": 1, ""pres"": 967.2371, ""meas_profile"": ""HP-7"", ""meas_id"": 7, ""hum"": 34.58295, ""gas_res"": 5684.846}, {""temp"": 21.85495, ""step"": 0, ""status"": 1, ""pres"": 967.3856, ""meas_profile"": ""HP-6"", ""meas_id"": 6, ""hum"": 34.49849, ""gas_res"": 7584.736}, {""temp"": 21.75132, ""step"": 0, ""status"": 1, ""pres"": 967.1697, ""meas_profile"": ""HP-5"", ""meas_id"": 5, ""hum"": 34.70023, ""gas_res"": 21454.91}, {""temp"": 21.49852, ""step"": 0, ""status"": 1, ""pres"": 967.2354, ""meas_profile"": ""HP-4"", ""meas_id"": 4, ""hum"": 34.27092, ""gas_res"": 11200.56}, {""temp"": 21.66843, ""step"": 0, ""status"": 1, ""pres"": 966.8622, ""meas_profile"": ""HP-3"", ""meas_id"": 3, ""hum"": 34.76258, ""gas_res"": 6355.511}, {""temp"": 21.58166, ""step"": 0, ""status"": 1, ""pres"": 967.0103, ""meas_profile"": ""HP-2"", ""meas_id"": 2, ""hum"": 35.03081, ""gas_res"": 8060.454}, {""temp"": 21.34434, ""step"": 0, ""status"": 1, ""pres"": 967.1151, ""meas_profile"": ""HP-1"", ""meas_id"": 1, ""hum"": 33.47071, ""gas_res"": 6792.613}]}",NULL,"2025-10-27 10:05:14.99014"
11810,"04a600b9b0b8","2025-10-27 10:05:18","eImUXegF6PX68IH37naU","{""zphs01b"": {""voc"": 0, ""temp"": 19.7, ""pm2_5"": 0, ""pm1_0"": 0, ""pm10"": 333, ""o3"": 0.06, ""no2"": 10.0, ""hum"": 0, ""fmhd"": 0, ""co2"": 5000, ""co"": 0.0}, ""smell_b"": {}, ""sfa30"": {""temp"": 21.83, ""hum"": 35.23, ""fmhd"": 4.0}, ""sen5x"": {""voc"": 170.0, ""temp"": 21.99, ""pm4_0"": 4411.6, ""pm2_5"": 4411.6, ""pm1_0"": 4206.7, ""pm10"": 4411.6, ""nox"": 1.0, ""mass_c"": 4360.375, ""hum"": 40.09}, ""scd41"": {""temp"": 21.42443, ""hum"": 37.69741, ""co2"": 638}, ""power_source"": 0, ""mics6814"": {""red_res"": 0, ""no2_res"": 0, ""no2"": 0.17, ""nh3_res"": 0, ""nh3"": 0.73, ""co_res"": 0, ""co"": 44.0}}",NULL,"2025-10-27 10:06:18.351725"
11811,"04a600b9b0b8","2025-10-27 10:05:18","eImUXegF6PX68IH37naU","{""bme688"": [{""temp"": 21.8128, ""step"": 9, ""status"": 1, ""pres"": 967.1627, ""meas_profile"": ""HP-8"", ""meas_id"": 8, ""hum"": 34.60862, ""gas_res"": 5684.846}, {""temp"": 21.78039, ""step"": 9, ""status"": 1, ""pres"": 967.266, ""meas_profile"": ""HP-7"", ""meas_id"": 7, ""hum"": 34.51093, ""gas_res"": 5684.846}, {""temp"": 21.86606, ""step"": 9, ""status"": 1, ""pres"": 967.4032, ""meas_profile"": ""HP-6"", ""meas_id"": 6, ""hum"": 34.40771, ""gas_res"": 7053.119}, {""temp"": 21.75945, ""step"": 9, ""status"": 1, ""pres"": 967.1765, ""meas_profile"": ""HP-5"", ""meas_id"": 5, ""hum"": 34.6159, ""gas_res"": 25000.0}, {""temp"": 21.50939, ""step"": 9, ""status"": 1, ""pres"": 967.2416, ""meas_profile"": ""HP-4"", ""meas_id"": 4, ""hum"": 34.15134, ""gas_res"": 25000.0}, {""temp"": 21.67894, ""step"": 9, ""status"": 1, ""pres"": 966.8811, ""meas_profile"": ""HP-3"", ""meas_id"": 3, ""hum"": 34.66013, ""gas_res"": 6652.807}, {""temp"": 21.59128, ""step"": 9, ""status"": 1, ""pres"": 967.0245, ""meas_profile"": ""HP-2"", ""meas_id"": 2, ""hum"": 34.89532, ""gas_res"": 7801.073}, {""temp"": 21.35429, ""step"": 9, ""status"": 1, ""pres"": 967.1177, ""meas_profile"": ""HP-1"", ""meas_id"": 1, ""hum"": 33.34333, ""gas_res"": 6132.618}]}",NULL,"2025-10-27 10:06:20.08995"
11812,"04a600b9b0b8","2025-10-27 10:05:18","eImUXegF6PX68IH37naU","{""bme688"": [{""temp"": 21.81218, ""step"": 8, ""status"": 1, ""pres"": 967.1617, ""meas_profile"": ""HP-8"", ""meas_id"": 8, ""hum"": 34.60283, ""gas_res"": 5684.846}, {""temp"": 21.77977, ""step"": 8, ""status"": 1, ""pres"": 967.2649, ""meas_profile"": ""HP-7"", ""meas_id"": 7, ""hum"": 34.52785, ""gas_res"": 5684.846}, {""temp"": 21.86544, ""step"": 8, ""status"": 1, ""pres"": 967.4023, ""meas_profile"": ""HP-6"", ""meas_id"": 6, ""hum"": 34.41339, ""gas_res"": 7364.787}, {""temp"": 21.75914, ""step"": 8, ""status"": 1, ""pres"": 967.1777, ""meas_profile"": ""HP-5"", ""meas_id"": 5, ""hum"": 34.6102, ""gas_res"": 25000.0}, {""temp"": 21.50908, ""step"": 8, ""status"": 1, ""pres"": 967.2411, ""meas_profile"": ""HP-4"", ""meas_id"": 4, ""hum"": 34.16853, ""gas_res"": 25000.0}, {""temp"": 21.67863, ""step"": 8, ""status"": 1, ""pres"": 966.8806, ""meas_profile"": ""HP-3"", ""meas_id"": 3, ""hum"": 34.64861, ""gas_res"": 6363.094}, {""temp"": 21.59097, ""step"": 8, ""status"": 1, ""pres"": 967.0239, ""meas_profile"": ""HP-2"", ""meas_id"": 2, ""hum"": 34.90666, ""gas_res"": 7982.041}, {""temp"": 21.35367, ""step"": 8, ""status"": 1, ""pres"": 967.1185, ""meas_profile"": ""HP-1"", ""meas_id"": 1, ""hum"": 33.34328, ""gas_res"": 6317.868}]}",NULL,"2025-10-27 10:06:21.34891"
11813,"04a600b9b0b8","2025-10-27 10:05:18","eImUXegF6PX68IH37naU","{""bme688"": [{""temp"": 21.81125, ""step"": 7, ""status"": 1, ""pres"": 967.1602, ""meas_profile"": ""HP-8"", ""meas_id"": 8, ""hum"": 34.61419, ""gas_res"": 5684.846}, {""temp"": 21.77884, ""step"": 7, ""status"": 1, ""pres"": 967.2618, ""meas_profile"": ""HP-7"", ""meas_id"": 7, ""hum"": 34.49948, ""gas_res"": 5684.846}, {""temp"": 21.86514, ""step"": 7, ""status"": 1, ""pres"": 967.4017, ""meas_profile"": ""HP-6"", ""meas_id"": 6, ""hum"": 34.40763, ""gas_res"": 7415.991}, {""temp"": 21.75914, ""step"": 7, ""status"": 1, ""pres"": 967.1777, ""meas_profile"": ""HP-5"", ""meas_id"": 5, ""hum"": 34.6102, ""gas_res"": 25000.0}, {""temp"": 21.50877, ""step"": 7, ""status"": 1, ""pres"": 967.2406, ""meas_profile"": ""HP-4"", ""meas_id"": 4, ""hum"": 34.15702, ""gas_res"": 22191.4}, {""temp"": 21.67801, ""step"": 7, ""status"": 1, ""pres"": 966.8795, ""meas_profile"": ""HP-3"", ""meas_id"": 3, ""hum"": 34.6543, ""gas_res"": 8390.142}, {""temp"": 21.59066, ""step"": 7, ""status"": 1, ""pres"": 967.0233, ""meas_profile"": ""HP-2"", ""meas_id"": 2, ""hum"": 34.918, ""gas_res"": 7639.055}, {""temp"": 21.35305, ""step"": 7, ""status"": 1, ""pres"": 967.1177, ""meas_profile"": ""HP-1"", ""meas_id"": 1, ""hum"": 33.34904, ""gas_res"": 6175.222}]}",NULL,"2025-10-27 10:06:22.7182"
11814,"04a600b9b0b8","2025-10-27 10:05:18","eImUXegF6PX68IH37naU","{""bme688"": [{""temp"": 21.81095, ""step"": 6, ""status"": 1, ""pres"": 967.1598, ""meas_profile"": ""HP-8"", ""meas_id"": 8, ""hum"": 34.597, ""gas_res"": 6401.28}, {""temp"": 21.77822, ""step"": 6, ""status"": 1, ""pres"": 967.2607, ""meas_profile"": ""HP-7"", ""meas_id"": 7, ""hum"": 34.51073, ""gas_res"": 8558.438}, {""temp"": 21.86452, ""step"": 6, ""status"": 1, ""pres"": 967.4009, ""meas_profile"": ""HP-6"", ""meas_id"": 6, ""hum"": 34.40184, ""gas_res"": 23765.32}, {""temp"": 21.75852, ""step"": 6, ""status"": 1, ""pres"": 967.1764, ""meas_profile"": ""HP-5"", ""meas_id"": 5, ""hum"": 34.59879, ""gas_res"": 107517.9}, {""temp"": 21.50846, ""step"": 6, ""status"": 1, ""pres"": 967.2401, ""meas_profile"": ""HP-4"", ""meas_id"": 4, ""hum"": 34.15699, ""gas_res"": 136061.7}, {""temp"": 21.67771, ""step"": 6, ""status"": 1, ""pres"": 966.879, ""meas_profile"": ""HP-3"", ""meas_id"": 3, ""hum"": 34.66576, ""gas_res"": 85304.9}, {""temp"": 21.59004, ""step"": 6, ""status"": 1, ""pres"": 967.0224, ""meas_profile"": ""HP-2"", ""meas_id"": 2, ""hum"": 34.91794, ""gas_res"": 110511.5}, {""temp"": 21.35274, ""step"": 6, ""status"": 1, ""pres"": 967.1172, ""meas_profile"": ""HP-1"", ""meas_id"": 1, ""hum"": 33.36068, ""gas_res"": 100000.0}]}",NULL,"2025-10-27 10:06:23.923028"
11815,"04a600b9b0b8","2025-10-27 10:05:18","eImUXegF6PX68IH37naU","{""bme688"": [{""temp"": 21.81033, ""step"": 5, ""status"": 1, ""pres"": 967.1588, ""meas_profile"": ""HP-8"", ""meas_id"": 8, ""hum"": 34.59122, ""gas_res"": 6317.868}, {""temp"": 21.7779, ""step"": 5, ""status"": 1, ""pres"": 967.2603, ""meas_profile"": ""HP-7"", ""meas_id"": 7, ""hum"": 34.51636, ""gas_res"": 8416.623}, {""temp"": 21.86421, ""step"": 5, ""status"": 1, ""pres"": 967.4004, ""meas_profile"": ""HP-6"", ""meas_id"": 6, ""hum"": 34.39034, ""gas_res"": 25000.0}, {""temp"": 21.75789, ""step"": 5, ""status"": 1, ""pres"": 967.1755, ""meas_profile"": ""HP-5"", ""meas_id"": 5, ""hum"": 34.59874, ""gas_res"": 106911.7}, {""temp"": 21.50815, ""step"": 5, ""status"": 1, ""pres"": 967.2411, ""meas_profile"": ""HP-4"", ""meas_id"": 4, ""hum"": 34.18567, ""gas_res"": 138603.1}, {""temp"": 21.67709, ""step"": 5, ""status"": 1, ""pres"": 966.8762, ""meas_profile"": ""HP-3"", ""meas_id"": 3, ""hum"": 34.67144, ""gas_res"": 84044.65}, {""temp"": 21.58942, ""step"": 5, ""status"": 1, ""pres"": 967.0212, ""meas_profile"": ""HP-2"", ""meas_id"": 2, ""hum"": 34.91787, ""gas_res"": 108751.1}, {""temp"": 21.35243, ""step"": 5, ""status"": 1, ""pres"": 967.1184, ""meas_profile"": ""HP-1"", ""meas_id"": 1, ""hum"": 33.36065, ""gas_res"": 100000.0}]}",NULL,"2025-10-27 10:06:25.204338"
11816,"04a600b9b0b8","2025-10-27 10:05:18","eImUXegF6PX68IH37naU","{""bme688"": [{""temp"": 21.81002, ""step"": 4, ""status"": 1, ""pres"": 967.1583, ""meas_profile"": ""HP-8"", ""meas_id"": 8, ""hum"": 34.6198, ""gas_res"": 6258.557}, {""temp"": 21.77728, ""step"": 4, ""status"": 1, ""pres"": 967.2592, ""meas_profile"": ""HP-7"", ""meas_id"": 7, ""hum"": 34.52761, ""gas_res"": 8390.142}, {""temp"": 21.8639, ""step"": 4, ""status"": 1, ""pres"": 967.3999, ""meas_profile"": ""HP-6"", ""meas_id"": 6, ""hum"": 34.40178, ""gas_res"": 25000.0}, {""temp"": 21.75758, ""step"": 4, ""status"": 1, ""pres"": 967.175, ""meas_profile"": ""HP-5"", ""meas_id"": 5, ""hum"": 34.63274, ""gas_res"": 108062.5}, {""temp"": 21.50784, ""step"": 4, ""status"": 1, ""pres"": 967.2407, ""meas_profile"": ""HP-4"", ""meas_id"": 4, ""hum"": 34.1799, ""gas_res"": 144837.3}, {""temp"": 21.67647, ""step"": 4, ""status"": 1, ""pres"": 966.8752, ""meas_profile"": ""HP-3"", ""meas_id"": 3, ""hum"": 34.67713, ""gas_res"": 83632.8}, {""temp"": 21.5888, ""step"": 4, ""status"": 1, ""pres"": 967.0203, ""meas_profile"": ""HP-2"", ""meas_id"": 2, ""hum"": 34.94622, ""gas_res"": 109098.7}, {""temp"": 21.35212, ""step"": 4, ""status"": 1, ""pres"": 967.118, ""meas_profile"": ""HP-1"", ""meas_id"": 1, ""hum"": 33.37811, ""gas_res"": 100000.0}]}",NULL,"2025-10-27 10:06:26.495806"
11817,"04a600b9b0b8","2025-10-27 10:05:18","eImUXegF6PX68IH37naU","{""bme688"": [{""temp"": 21.80909, ""step"": 3, ""status"": 1, ""pres"": 967.157, ""meas_profile"": ""HP-8"", ""meas_id"": 8, ""hum"": 34.63116, ""gas_res"": 5684.846}, {""temp"": 21.77666, ""step"": 3, ""status"": 1, ""pres"": 967.2581, ""meas_profile"": ""HP-7"", ""meas_id"": 7, ""hum"": 34.52755, ""gas_res"": 5684.846}, {""temp"": 21.86359, ""step"": 3, ""status"": 1, ""pres"": 967.3993, ""meas_profile"": ""HP-6"", ""meas_id"": 6, ""hum"": 34.43617, ""gas_res"": 14050.49}, {""temp"": 21.75695, ""step"": 3, ""status"": 1, ""pres"": 967.1741, ""meas_profile"": ""HP-5"", ""meas_id"": 5, ""hum"": 34.63835, ""gas_res"": 38705.78}, {""temp"": 21.5069, ""step"": 3, ""status"": 1, ""pres"": 967.2392, ""meas_profile"": ""HP-4"", ""meas_id"": 4, ""hum"": 34.20278, ""gas_res"": 50813.82}, {""temp"": 21.67585, ""step"": 3, ""status"": 1, ""pres"": 966.8743, ""meas_profile"": ""HP-3"", ""meas_id"": 3, ""hum"": 34.69432, ""gas_res"": 33092.04}, {""temp"": 21.58818, ""step"": 3, ""status"": 1, ""pres"": 967.0193, ""meas_profile"": ""HP-2"", ""meas_id"": 2, ""hum"": 34.94617, ""gas_res"": 51118.21}, {""temp"": 21.35149, ""step"": 3, ""status"": 1, ""pres"": 967.1171, ""meas_profile"": ""HP-1"", ""meas_id"": 1, ""hum"": 33.39554, ""gas_res"": 34206.31}]}",NULL,"2025-10-27 10:06:27.870749"
11818,"04a600b9b0b8","2025-10-27 10:05:18","eImUXegF6PX68IH37naU","{""bme688"": [{""temp"": 21.80848, ""step"": 2, ""status"": 1, ""pres"": 967.1559, ""meas_profile"": ""HP-8"", ""meas_id"": 8, ""hum"": 34.65399, ""gas_res"": 13338.89}, {""temp"": 21.77635, ""step"": 2, ""status"": 1, ""pres"": 967.2576, ""meas_profile"": ""HP-7"", ""meas_id"": 7, ""hum"": 34.55015, ""gas_res"": 19637.93}, {""temp"": 21.86297, ""step"": 2, ""status"": 1, ""pres"": 967.3983, ""meas_profile"": ""HP-6"", ""meas_id"": 6, ""hum"": 34.44759, ""gas_res"": 82262.21}, {""temp"": 21.75633, ""step"": 2, ""status"": 1, ""pres"": 967.173, ""meas_profile"": ""HP-5"", ""meas_id"": 5, ""hum"": 34.66098, ""gas_res"": 324358.6}, {""temp"": 21.50628, ""step"": 2, ""status"": 1, ""pres"": 967.2399, ""meas_profile"": ""HP-4"", ""meas_id"": 4, ""hum"": 34.20272, ""gas_res"": 567784.9}, {""temp"": 21.67554, ""step"": 2, ""status"": 1, ""pres"": 966.8737, ""meas_profile"": ""HP-3"", ""meas_id"": 3, ""hum"": 34.70578, ""gas_res"": 276085.2}, {""temp"": 21.58787, ""step"": 2, ""status"": 1, ""pres"": 967.0187, ""meas_profile"": ""HP-2"", ""meas_id"": 2, ""hum"": 34.9575, ""gas_res"": 475947.0}, {""temp"": 21.35118, ""step"": 2, ""status"": 1, ""pres"": 967.1166, ""meas_profile"": ""HP-1"", ""meas_id"": 1, ""hum"": 33.40135, ""gas_res"": 366499.7}]}",NULL,"2025-10-27 10:06:29.02393"
11819,"04a600b9b0b8","2025-10-27 10:05:18","eImUXegF6PX68IH37naU","{""bme688"": [{""temp"": 21.80786, ""step"": 1, ""status"": 1, ""pres"": 967.153, ""meas_profile"": ""HP-8"", ""meas_id"": 8, ""hum"": 34.62532, ""gas_res"": 5908.419}, {""temp"": 21.77573, ""step"": 1, ""status"": 1, ""pres"": 967.2567, ""meas_profile"": ""HP-7"", ""meas_id"": 7, ""hum"": 34.53878, ""gas_res"": 6636.25}, {""temp"": 21.86267, ""step"": 1, ""status"": 1, ""pres"": 967.3978, ""meas_profile"": ""HP-6"", ""meas_id"": 6, ""hum"": 34.44756, ""gas_res"": 19494.37}, {""temp"": 21.75633, ""step"": 1, ""status"": 1, ""pres"": 967.173, ""meas_profile"": ""HP-5"", ""meas_id"": 5, ""hum"": 34.64964, ""gas_res"": 30512.52}, {""temp"": 21.50628, ""step"": 1, ""status"": 1, ""pres"": 967.2399, ""meas_profile"": ""HP-4"", ""meas_id"": 4, ""hum"": 34.20846, ""gas_res"": 38670.7}, {""temp"": 21.67523, ""step"": 1, ""status"": 1, ""pres"": 966.8733, ""meas_profile"": ""HP-3"", ""meas_id"": 3, ""hum"": 34.71724, ""gas_res"": 23686.16}, {""temp"": 21.58756, ""step"": 1, ""status"": 1, ""pres"": 967.0182, ""meas_profile"": ""HP-2"", ""meas_id"": 2, ""hum"": 34.94043, ""gas_res"": 33560.57}, {""temp"": 21.35087, ""step"": 1, ""status"": 1, ""pres"": 967.1161, ""meas_profile"": ""HP-1"", ""meas_id"": 1, ""hum"": 33.40132, ""gas_res"": 24844.72}]}",NULL,"2025-10-27 10:06:30.318326"
11820,"04a600b9b0b8","2025-10-27 10:05:18","eImUXegF6PX68IH37naU","{""bme688"": [{""temp"": 21.80724, ""step"": 0, ""status"": 1, ""pres"": 967.1521, ""meas_profile"": ""HP-8"", ""meas_id"": 8, ""hum"": 34.63671, ""gas_res"": 5684.846}, {""temp"": 21.77511, ""step"": 0, ""status"": 1, ""pres"": 967.2558, ""meas_profile"": ""HP-7"", ""meas_id"": 7, ""hum"": 34.5557, ""gas_res"": 5684.846}, {""temp"": 21.86205, ""step"": 0, ""status"": 1, ""pres"": 967.3968, ""meas_profile"": ""HP-6"", ""meas_id"": 6, ""hum"": 34.45324, ""gas_res"": 7478.383}, {""temp"": 21.75601, ""step"": 0, ""status"": 1, ""pres"": 967.1724, ""meas_profile"": ""HP-5"", ""meas_id"": 5, ""hum"": 34.67797, ""gas_res"": 25000.0}, {""temp"": 21.50597, ""step"": 0, ""status"": 1, ""pres"": 967.2394, ""meas_profile"": ""HP-4"", ""meas_id"": 4, ""hum"": 34.22566, ""gas_res"": 25000.0}, {""temp"": 21.67492, ""step"": 0, ""status"": 1, ""pres"": 966.8727, ""meas_profile"": ""HP-3"", ""meas_id"": 3, ""hum"": 34.69423, ""gas_res"": 5875.872}, {""temp"": 21.58725, ""step"": 0, ""status"": 1, ""pres"": 967.0176, ""meas_profile"": ""HP-2"", ""meas_id"": 2, ""hum"": 34.96312, ""gas_res"": 7520.564}, {""temp"": 21.35025, ""step"": 0, ""status"": 1, ""pres"": 967.117, ""meas_profile"": ""HP-1"", ""meas_id"": 1, ""hum"": 33.40126, ""gas_res"": 6325.361}]}",NULL,"2025-10-27 10:06:31.594626"
11821,"04a600b9b0b8","2025-10-27 10:04:51","eImUXegF6PX68IH37naU","{""zphs01b"": {""voc"": 0, ""temp"": 19.6, ""pm2_5"": 0, ""pm1_0"": 0, ""pm10"": 333, ""o3"": 0.22, ""no2"": 4.17, ""hum"": 0, ""fmhd"": 0, ""co2"": 5000, ""co"": 0.0}, ""smell_b"": {}, ""sfa30"": {""temp"": 21.815, ""hum"": 35.31, ""fmhd"": 3.2}, ""sen5x"": {""voc"": 115.0, ""temp"": 22.06, ""pm4_0"": 4510.2, ""pm2_5"": 4510.2, ""pm1_0"": 4300.7, ""pm10"": 4510.2, ""nox"": 1.0, ""mass_c"": 4457.825, ""hum"": 39.91}, ""scd41"": {""temp"": 21.39239, ""hum"": 37.6669, ""co2"": 639}, ""power_source"": 0, ""mics6814"": {""red_res"": 0, ""no2_res"": 0, ""no2"": 0.17, ""nh3_res"": 0, ""nh3"": 0.73, ""co_res"": 0, ""co"": 44.0}}",NULL,"2025-10-27 10:06:32.868162"
11822,"04a600b9b0b8","2025-10-27 10:04:51","eImUXegF6PX68IH37naU","{""bme688"": [{""temp"": 21.80662, ""step"": 9, ""status"": 1, ""pres"": 967.1512, ""meas_profile"": ""HP-8"", ""meas_id"": 8, ""hum"": 34.60804, ""gas_res"": 5684.846}, {""temp"": 21.77418, ""step"": 9, ""status"": 1, ""pres"": 967.2541, ""meas_profile"": ""HP-7"", ""meas_id"": 7, ""hum"": 34.48773, ""gas_res"": 5684.846}, {""temp"": 21.86174, ""step"": 9, ""status"": 1, ""pres"": 967.3964, ""meas_profile"": ""HP-6"", ""meas_id"": 6, ""hum"": 34.41879, ""gas_res"": 6619.776}, {""temp"": 21.75601, ""step"": 9, ""status"": 1, ""pres"": 967.1724, ""meas_profile"": ""HP-5"", ""meas_id"": 5, ""hum"": 34.61558, ""gas_res"": 22930.85}, {""temp"": 21.50566, ""step"": 9, ""status"": 1, ""pres"": 967.239, ""meas_profile"": ""HP-4"", ""meas_id"": 4, ""hum"": 34.20266, ""gas_res"": 22662.89}, {""temp"": 21.6743, ""step"": 9, ""status"": 1, ""pres"": 966.8717, ""meas_profile"": ""HP-3"", ""meas_id"": 3, ""hum"": 34.69991, ""gas_res"": 6254.887}, {""temp"": 21.58694, ""step"": 9, ""status"": 1, ""pres"": 967.0172, ""meas_profile"": ""HP-2"", ""meas_id"": 2, ""hum"": 34.95173, ""gas_res"": 7264.472}, {""temp"": 21.34994, ""step"": 9, ""status"": 1, ""pres"": 967.1166, ""meas_profile"": ""HP-1"", ""meas_id"": 1, ""hum"": 33.38374, ""gas_res"": 8363.826}]}",NULL,"2025-10-27 10:06:34.160313"
11823,"04a600b9b0b8","2025-10-27 10:04:51","eImUXegF6PX68IH37naU","{""bme688"": [{""temp"": 21.8057, ""step"": 8, ""status"": 1, ""pres"": 967.1515, ""meas_profile"": ""HP-8"", ""meas_id"": 8, ""hum"": 34.60795, ""gas_res"": 5684.846}, {""temp"": 21.77356, ""step"": 8, ""status"": 1, ""pres"": 967.2531, ""meas_profile"": ""HP-7"", ""meas_id"": 7, ""hum"": 34.49899, ""gas_res"": 5684.846}, {""temp"": 21.86112, ""step"": 8, ""status"": 1, ""pres"": 967.3954, ""meas_profile"": ""HP-6"", ""meas_id"": 6, ""hum"": 34.41873, ""gas_res"": 6961.062}, {""temp"": 21.7557, ""step"": 8, ""status"": 1, ""pres"": 967.1721, ""meas_profile"": ""HP-5"", ""meas_id"": 5, ""hum"": 34.62122, ""gas_res"": 22122.37}, {""temp"": 21.50535, ""step"": 8, ""status"": 1, ""pres"": 967.2399, ""meas_profile"": ""HP-4"", ""meas_id"": 4, ""hum"": 34.18541, ""gas_res"": 21585.16}, {""temp"": 21.67399, ""step"": 8, ""status"": 1, ""pres"": 966.8713, ""meas_profile"": ""HP-3"", ""meas_id"": 3, ""hum"": 34.69414, ""gas_res"": 8234.688}, {""temp"": 21.58694, ""step"": 8, ""status"": 1, ""pres"": 967.0172, ""meas_profile"": ""HP-2"", ""meas_id"": 2, ""hum"": 34.94605, ""gas_res"": 7289.294}, {""temp"": 21.34932, ""step"": 8, ""status"": 1, ""pres"": 967.1155, ""meas_profile"": ""HP-1"", ""meas_id"": 1, ""hum"": 33.38369, ""gas_res"": 5931.418}]}",NULL,"2025-10-27 10:06:35.441087"
11824,"04a600b9b0b8","2025-10-27 10:04:51","eImUXegF6PX68IH37naU","{""bme688"": [{""temp"": 21.80508, ""step"": 7, ""status"": 1, ""pres"": 967.1505, ""meas_profile"": ""HP-8"", ""meas_id"": 8, ""hum"": 34.61934, ""gas_res"": 5684.846}, {""temp"": 21.77263, ""step"": 7, ""status"": 1, ""pres"": 967.2515, ""meas_profile"": ""HP-7"", ""meas_id"": 7, ""hum"": 34.4989, ""gas_res"": 5684.846}, {""temp"": 21.86082, ""step"": 7, ""status"": 1, ""pres"": 967.395, ""meas_profile"": ""HP-6"", ""meas_id"": 6, ""hum"": 34.4187, ""gas_res"": 7025.247}, {""temp"": 21.7557, ""step"": 7, ""status"": 1, ""pres"": 967.1738, ""meas_profile"": ""HP-5"", ""meas_id"": 5, ""hum"": 34.60987, ""gas_res"": 22008.25}, {""temp"": 21.50504, ""step"": 7, ""status"": 1, ""pres"": 967.2395, ""meas_profile"": ""HP-4"", ""meas_id"": 4, ""hum"": 34.20261, ""gas_res"": 19838.81}, {""temp"": 21.67338, ""step"": 7, ""status"": 1, ""pres"": 966.8702, ""meas_profile"": ""HP-3"", ""meas_id"": 3, ""hum"": 34.69983, ""gas_res"": 7633.588}, {""temp"": 21.58663, ""step"": 7, ""status"": 1, ""pres"": 967.0167, ""meas_profile"": ""HP-2"", ""meas_id"": 2, ""hum"": 34.94602, ""gas_res"": 6997.595}, {""temp"": 21.349, ""step"": 7, ""status"": 1, ""pres"": 967.1151, ""meas_profile"": ""HP-1"", ""meas_id"": 1, ""hum"": 33.38949, ""gas_res"": 8121.828}]}",NULL,"2025-10-27 10:06:36.707281"
11825,"04a600b9b0b8","2025-10-27 10:04:51","eImUXegF6PX68IH37naU","{""bme688"": [{""temp"": 21.80446, ""step"": 6, ""status"": 1, ""pres"": 967.1495, ""meas_profile"": ""HP-8"", ""meas_id"": 8, ""hum"": 34.61929, ""gas_res"": 6306.662}, {""temp"": 21.77232, ""step"": 6, ""status"": 1, ""pres"": 967.2509, ""meas_profile"": ""HP-7"", ""meas_id"": 7, ""hum"": 34.50453, ""gas_res"": 8331.164}, {""temp"": 21.86051, ""step"": 6, ""status"": 1, ""pres"": 967.3945, ""meas_profile"": ""HP-6"", ""meas_id"": 6, ""hum"": 34.41867, ""gas_res"": 25000.0}, {""temp"": 21.75508, ""step"": 6, ""status"": 1, ""pres"": 967.1727, ""meas_profile"": ""HP-5"", ""meas_id"": 5, ""hum"": 34.6325, ""gas_res"": 94955.49}, {""temp"": 21.50442, ""step"": 6, ""status"": 1, ""pres"": 967.24, ""meas_profile"": ""HP-4"", ""meas_id"": 4, ""hum"": 34.20255, ""gas_res"": 119069.8}, {""temp"": 21.67338, ""step"": 6, ""status"": 1, ""pres"": 966.8702, ""meas_profile"": ""HP-3"", ""meas_id"": 3, ""hum"": 34.69983, ""gas_res"": 44244.73}, {""temp"": 21.58632, ""step"": 6, ""status"": 1, ""pres"": 967.0162, ""meas_profile"": ""HP-2"", ""meas_id"": 2, ""hum"": 34.95167, ""gas_res"": 100000.0}, {""temp"": 21.349, ""step"": 6, ""status"": 1, ""pres"": 967.1151, ""meas_profile"": ""HP-1"", ""meas_id"": 1, ""hum"": 33.38366, ""gas_res"": 93226.51}]}",NULL,"2025-10-27 10:06:38.091859"
11826,"04a600b9b0b8","2025-10-27 10:04:51","eImUXegF6PX68IH37naU","{""bme688"": [{""temp"": 21.80384, ""step"": 5, ""status"": 1, ""pres"": 967.1486, ""meas_profile"": ""HP-8"", ""meas_id"": 8, ""hum"": 34.65356, ""gas_res"": 6214.799}, {""temp"": 21.77169, ""step"": 5, ""status"": 1, ""pres"": 967.2498, ""meas_profile"": ""HP-7"", ""meas_id"": 7, ""hum"": 34.51013, ""gas_res"": 8209.338}, {""temp"": 21.8602, ""step"": 5, ""status"": 1, ""pres"": 967.3938, ""meas_profile"": ""HP-6"", ""meas_id"": 6, ""hum"": 34.43586, ""gas_res"": 25000.0}, {""temp"": 21.75445, ""step"": 5, ""status"": 1, ""pres"": 967.1717, ""meas_profile"": ""HP-5"", ""meas_id"": 5, ""hum"": 34.64379, ""gas_res"": 93910.49}, {""temp"": 21.5038, ""step"": 5, ""status"": 1, ""pres"": 967.2391, ""meas_profile"": ""HP-4"", ""meas_id"": 4, ""hum"": 34.20824, ""gas_res"": 118326.8}, {""temp"": 21.67307, ""step"": 5, ""status"": 1, ""pres"": 966.8697, ""meas_profile"": ""HP-3"", ""meas_id"": 3, ""hum"": 34.69979, ""gas_res"": 42780.75}, {""temp"": 21.586, ""step"": 5, ""status"": 1, ""pres"": 967.0174, ""meas_profile"": ""HP-2"", ""meas_id"": 2, ""hum"": 34.96302, ""gas_res"": 100000.0}, {""temp"": 21.34869, ""step"": 5, ""status"": 1, ""pres"": 967.1165, ""meas_profile"": ""HP-1"", ""meas_id"": 1, ""hum"": 33.40112, ""gas_res"": 88397.79}]}",NULL,"2025-10-27 10:06:39.292093"
11827,"04a600b9b0b8","2025-10-27 10:04:51","eImUXegF6PX68IH37naU","{""bme688"": [{""temp"": 21.80323, ""step"": 4, ""status"": 1, ""pres"": 967.1476, ""meas_profile"": ""HP-8"", ""meas_id"": 8, ""hum"": 34.64778, ""gas_res"": 6146.754}, {""temp"": 21.77139, ""step"": 4, ""status"": 1, ""pres"": 967.2493, ""meas_profile"": ""HP-7"", ""meas_id"": 7, ""hum"": 34.53273, ""gas_res"": 8134.214}, {""temp"": 21.85989, ""step"": 4, ""status"": 1, ""pres"": 967.3934, ""meas_profile"": ""HP-6"", ""meas_id"": 6, ""hum"": 34.4473, ""gas_res"": 25000.0}, {""temp"": 21.75414, ""step"": 4, ""status"": 1, ""pres"": 967.1713, ""meas_profile"": ""HP-5"", ""meas_id"": 5, ""hum"": 34.6551, ""gas_res"": 95061.27}, {""temp"": 21.50349, ""step"": 4, ""status"": 1, ""pres"": 967.2386, ""meas_profile"": ""HP-4"", ""meas_id"": 4, ""hum"": 34.22543, ""gas_res"": 121701.9}, {""temp"": 21.67276, ""step"": 4, ""status"": 1, ""pres"": 966.8693, ""meas_profile"": ""HP-3"", ""meas_id"": 3, ""hum"": 34.70551, ""gas_res"": 41980.98}, {""temp"": 21.5857, ""step"": 4, ""status"": 1, ""pres"": 967.0168, ""meas_profile"": ""HP-2"", ""meas_id"": 2, ""hum"": 34.95162, ""gas_res"": 100000.0}, {""temp"": 21.34838, ""step"": 4, ""status"": 1, ""pres"": 967.116, ""meas_profile"": ""HP-1"", ""meas_id"": 1, ""hum"": 33.40693, ""gas_res"": 85647.38}]}",NULL,"2025-10-27 10:06:40.552881"
11828,"04a600b9b0b8","2025-10-27 10:04:51","eImUXegF6PX68IH37naU","{""bme688"": [{""temp"": 21.80261, ""step"": 3, ""status"": 1, ""pres"": 967.1468, ""meas_profile"": ""HP-8"", ""meas_id"": 8, ""hum"": 34.67634, ""gas_res"": 6168.08}, {""temp"": 21.77076, ""step"": 3, ""status"": 1, ""pres"": 967.25, ""meas_profile"": ""HP-7"", ""meas_id"": 7, ""hum"": 34.53832, ""gas_res"": 7928.642}, {""temp"": 21.85958, ""step"": 3, ""status"": 1, ""pres"": 967.3945, ""meas_profile"": ""HP-6"", ""meas_id"": 6, ""hum"": 34.45301, ""gas_res"": 19423.37}, {""temp"": 21.75351, ""step"": 3, ""status"": 1, ""pres"": 967.1717, ""meas_profile"": ""HP-5"", ""meas_id"": 5, ""hum"": 34.65504, ""gas_res"": 48120.3}, {""temp"": 21.50286, ""step"": 3, ""status"": 1, ""pres"": 967.2393, ""meas_profile"": ""HP-4"", ""meas_id"": 4, ""hum"": 34.23687, ""gas_res"": 84460.57}, {""temp"": 21.67214, ""step"": 3, ""status"": 1, ""pres"": 966.87, ""meas_profile"": ""HP-3"", ""meas_id"": 3, ""hum"": 34.72269, ""gas_res"": 45960.5}, {""temp"": 21.58538, ""step"": 3, ""status"": 1, ""pres"": 967.0164, ""meas_profile"": ""HP-2"", ""meas_id"": 2, ""hum"": 34.96864, ""gas_res"": 72976.05}, {""temp"": 21.34776, ""step"": 3, ""status"": 1, ""pres"": 967.1151, ""meas_profile"": ""HP-1"", ""meas_id"": 1, ""hum"": 33.42435, ""gas_res"": 56276.11}]}",NULL,"2025-10-27 10:06:41.849702"
11829,"04a600b9b0b8","2025-10-27 10:04:51","eImUXegF6PX68IH37naU","{""bme688"": [{""temp"": 21.8023, ""step"": 2, ""status"": 1, ""pres"": 967.1479, ""meas_profile"": ""HP-8"", ""meas_id"": 8, ""hum"": 34.67058, ""gas_res"": 14411.17}, {""temp"": 21.77014, ""step"": 2, ""status"": 1, ""pres"": 967.2489, ""meas_profile"": ""HP-7"", ""meas_id"": 7, ""hum"": 34.54958, ""gas_res"": 21136.06}, {""temp"": 21.85896, ""step"": 2, ""status"": 1, ""pres"": 967.3937, ""meas_profile"": ""HP-6"", ""meas_id"": 6, ""hum"": 34.47591, ""gas_res"": 83961.95}, {""temp"": 21.7532, ""step"": 2, ""status"": 1, ""pres"": 967.1711, ""meas_profile"": ""HP-5"", ""meas_id"": 5, ""hum"": 34.67203, ""gas_res"": 313629.4}, {""temp"": 21.50224, ""step"": 2, ""status"": 1, ""pres"": 967.2382, ""meas_profile"": ""HP-4"", ""meas_id"": 4, ""hum"": 34.24829, ""gas_res"": 500000.0}, {""temp"": 21.67183, ""step"": 2, ""status"": 1, ""pres"": 966.8694, ""meas_profile"": ""HP-3"", ""meas_id"": 3, ""hum"": 34.73416, ""gas_res"": 239308.3}, {""temp"": 21.58476, ""step"": 2, ""status"": 1, ""pres"": 967.0154, ""meas_profile"": ""HP-2"", ""meas_id"": 2, ""hum"": 34.97426, ""gas_res"": 394301.1}, {""temp"": 21.34745, ""step"": 2, ""status"": 1, ""pres"": 967.1146, ""meas_profile"": ""HP-1"", ""meas_id"": 1, ""hum"": 33.42433, ""gas_res"": 310209.0}]}",NULL,"2025-10-27 10:06:43.218226"
11830,"04a600b9b0b8","2025-10-27 10:04:51","eImUXegF6PX68IH37naU","{""bme688"": [{""temp"": 21.80168, ""step"": 1, ""status"": 1, ""pres"": 967.147, ""meas_profile"": ""HP-8"", ""meas_id"": 8, ""hum"": 34.6648, ""gas_res"": 6062.903}, {""temp"": 21.76983, ""step"": 1, ""status"": 1, ""pres"": 967.2485, ""meas_profile"": ""HP-7"", ""meas_id"": 7, ""hum"": 34.56652, ""gas_res"": 6741.1}, {""temp"": 21.85865, ""step"": 1, ""status"": 1, ""pres"": 967.3931, ""meas_profile"": ""HP-6"", ""meas_id"": 6, ""hum"": 34.4644, ""gas_res"": 18449.12}, {""temp"": 21.75289, ""step"": 1, ""status"": 1, ""pres"": 967.1707, ""meas_profile"": ""HP-5"", ""meas_id"": 5, ""hum"": 34.6947, ""gas_res"": 27627.89}, {""temp"": 21.50193, ""step"": 1, ""status"": 1, ""pres"": 967.2378, ""meas_profile"": ""HP-4"", ""meas_id"": 4, ""hum"": 34.24252, ""gas_res"": 32586.56}, {""temp"": 21.67152, ""step"": 1, ""status"": 1, ""pres"": 966.869, ""meas_profile"": ""HP-3"", ""meas_id"": 3, ""hum"": 34.72839, ""gas_res"": 25000.0}, {""temp"": 21.58476, ""step"": 1, ""status"": 1, ""pres"": 967.0171, ""meas_profile"": ""HP-2"", ""meas_id"": 2, ""hum"": 34.97994, ""gas_res"": 27257.24}, {""temp"": 21.34714, ""step"": 1, ""status"": 1, ""pres"": 967.1158, ""meas_profile"": ""HP-1"", ""meas_id"": 1, ""hum"": 33.41264, ""gas_res"": 25000.0}]}",NULL,"2025-10-27 10:06:44.399125"
11831,"04a600b9b0b8","2025-10-27 10:04:51","eImUXegF6PX68IH37naU","{""bme688"": [{""temp"": 21.80106, ""step"": 0, ""status"": 1, ""pres"": 967.146, ""meas_profile"": ""HP-8"", ""meas_id"": 8, ""hum"": 34.67047, ""gas_res"": 5684.846}, {""temp"": 21.7689, ""step"": 0, ""status"": 1, ""pres"": 967.2469, ""meas_profile"": ""HP-7"", ""meas_id"": 7, ""hum"": 34.56078, ""gas_res"": 5684.846}, {""temp"": 21.85804, ""step"": 0, ""status"": 1, ""pres"": 967.3922, ""meas_profile"": ""HP-6"", ""meas_id"": 6, ""hum"": 34.46434, ""gas_res"": 7359.706}, {""temp"": 21.75289, ""step"": 0, ""status"": 1, ""pres"": 967.1707, ""meas_profile"": ""HP-5"", ""meas_id"": 5, ""hum"": 34.672, ""gas_res"": 22191.4}, {""temp"": 21.50162, ""step"": 0, ""status"": 1, ""pres"": 967.2388, ""meas_profile"": ""HP-4"", ""meas_id"": 4, ""hum"": 34.231, ""gas_res"": 19931.49}, {""temp"": 21.67121, ""step"": 0, ""status"": 1, ""pres"": 966.8686, ""meas_profile"": ""HP-3"", ""meas_id"": 3, ""hum"": 34.73985, ""gas_res"": 7426.317}, {""temp"": 21.58445, ""step"": 0, ""status"": 1, ""pres"": 967.0165, ""meas_profile"": ""HP-2"", ""meas_id"": 2, ""hum"": 34.9856, ""gas_res"": 6514.658}, {""temp"": 21.34683, ""step"": 0, ""status"": 1, ""pres"": 967.1153, ""meas_profile"": ""HP-1"", ""meas_id"": 1, ""hum"": 33.41262, ""gas_res"": 7795.372}]}",NULL,"2025-10-27 10:06:45.688614"
11832,"04a600b9b0b8","2025-10-27 10:06:50","eImUXegF6PX68IH37naU","{""zphs01b"": {""voc"": 0, ""temp"": 19.7, ""pm2_5"": 0, ""pm1_0"": 0, ""pm10"": 335, ""o3"": 0.04, ""no2"": 0.45, ""hum"": 0, ""fmhd"": 0, ""co2"": 5000, ""co"": 0.0}, ""smell_b"": {}, ""sfa30"": {""temp"": 21.875, ""hum"": 35.18, ""fmhd"": 3.8}, ""sen5x"": {""voc"": 151.0, ""temp"": 21.87, ""pm4_0"": 4371.1, ""pm2_5"": 4371.1, ""pm1_0"": 4168.1, ""pm10"": 4371.1, ""nox"": 1.0, ""mass_c"": 4320.35, ""hum"": 40.45}, ""scd41"": {""temp"": 21.56062, ""hum"": 37.55245, ""co2"": 644}, ""power_source"": 0, ""mics6814"": {""red_res"": 0, ""no2_res"": 0, ""no2"": 0.17, ""nh3_res"": 0, ""nh3"": 0.73, ""co_res"": 0, ""co"": 44.0}}",NULL,"2025-10-27 10:07:49.334028"
11833,"04a600b9b0b8","2025-10-27 10:06:50","eImUXegF6PX68IH37naU","{""bme688"": [{""temp"": 21.8301, ""step"": 9, ""status"": 1, ""pres"": 967.1897, ""meas_profile"": ""HP-8"", ""meas_id"": 8, ""hum"": 34.4844, ""gas_res"": 5684.846}, {""temp"": 21.79716, ""step"": 9, ""status"": 1, ""pres"": 967.2955, ""meas_profile"": ""HP-7"", ""meas_id"": 7, ""hum"": 34.38246, ""gas_res"": 5684.846}, {""temp"": 21.87872, ""step"": 9, ""status"": 1, ""pres"": 967.4235, ""meas_profile"": ""HP-6"", ""meas_id"": 6, ""hum"": 34.2942, ""gas_res"": 6993.007}, {""temp"": 21.77134, ""step"": 9, ""status"": 1, ""pres"": 967.1926, ""meas_profile"": ""HP-5"", ""meas_id"": 5, ""hum"": 34.50363, ""gas_res"": 25000.0}, {""temp"": 21.52306, ""step"": 9, ""status"": 1, ""pres"": 967.2557, ""meas_profile"": ""HP-4"", ""meas_id"": 4, ""hum"": 34.04358, ""gas_res"": 25000.0}, {""temp"": 21.69286, ""step"": 9, ""status"": 1, ""pres"": 966.9036, ""meas_profile"": ""HP-3"", ""meas_id"": 3, ""hum"": 34.54658, ""gas_res"": 6522.625}, {""temp"": 21.60433, ""step"": 9, ""status"": 1, ""pres"": 967.0458, ""meas_profile"": ""HP-2"", ""meas_id"": 2, ""hum"": 34.77164, ""gas_res"": 7644.529}, {""temp"": 21.36892, ""step"": 9, ""status"": 1, ""pres"": 967.133, ""meas_profile"": ""HP-1"", ""meas_id"": 1, ""hum"": 33.25724, ""gas_res"": 6028.636}]}",NULL,"2025-10-27 10:07:50.950302"
11834,"04a600b9b0b8","2025-10-27 10:06:50","eImUXegF6PX68IH37naU","{""bme688"": [{""temp"": 21.82886, ""step"": 8, ""status"": 1, ""pres"": 967.1877, ""meas_profile"": ""HP-8"", ""meas_id"": 8, ""hum"": 34.47286, ""gas_res"": 5684.846}, {""temp"": 21.79592, ""step"": 8, ""status"": 1, ""pres"": 967.2952, ""meas_profile"": ""HP-7"", ""meas_id"": 7, ""hum"": 34.38799, ""gas_res"": 5684.846}, {""temp"": 21.8781, ""step"": 8, ""status"": 1, ""pres"": 967.4226, ""meas_profile"": ""HP-6"", ""meas_id"": 6, ""hum"": 34.28841, ""gas_res"": 7395.424}, {""temp"": 21.77071, ""step"": 8, ""status"": 1, ""pres"": 967.1931, ""meas_profile"": ""HP-5"", ""meas_id"": 5, ""hum"": 34.4979, ""gas_res"": 25000.0}, {""temp"": 21.52243, ""step"": 8, ""status"": 1, ""pres"": 967.2564, ""meas_profile"": ""HP-4"", ""meas_id"": 4, ""hum"": 34.06646, ""gas_res"": 23332.12}, {""temp"": 21.69224, ""step"": 8, ""status"": 1, ""pres"": 966.9026, ""meas_profile"": ""HP-3"", ""meas_id"": 3, ""hum"": 34.55801, ""gas_res"": 6059.458}, {""temp"": 21.6037, ""step"": 8, ""status"": 1, ""pres"": 967.0447, ""meas_profile"": ""HP-2"", ""meas_id"": 2, ""hum"": 34.78293, ""gas_res"": 7722.008}, {""temp"": 21.36799, ""step"": 8, ""status"": 1, ""pres"": 967.1314, ""meas_profile"": ""HP-1"", ""meas_id"": 1, ""hum"": 33.25134, ""gas_res"": 6232.957}]}",NULL,"2025-10-27 10:07:52.252346"
11835,"04a600b9b0b8","2025-10-27 10:06:50","eImUXegF6PX68IH37naU","{""bme688"": [{""temp"": 21.82793, ""step"": 7, ""status"": 1, ""pres"": 967.1863, ""meas_profile"": ""HP-8"", ""meas_id"": 8, ""hum"": 34.50707, ""gas_res"": 5684.846}, {""temp"": 21.79498, ""step"": 7, ""status"": 1, ""pres"": 967.2919, ""meas_profile"": ""HP-7"", ""meas_id"": 7, ""hum"": 34.39921, ""gas_res"": 5684.846}, {""temp"": 21.87748, ""step"": 7, ""status"": 1, ""pres"": 967.4216, ""meas_profile"": ""HP-6"", ""meas_id"": 6, ""hum"": 34.29982, ""gas_res"": 7421.15}, {""temp"": 21.7704, ""step"": 7, ""status"": 1, ""pres"": 967.1927, ""meas_profile"": ""HP-5"", ""meas_id"": 5, ""hum"": 34.5092, ""gas_res"": 25000.0}, {""temp"": 21.52212, ""step"": 7, ""status"": 1, ""pres"": 967.2559, ""meas_profile"": ""HP-4"", ""meas_id"": 4, ""hum"": 34.06644, ""gas_res"": 22260.87}, {""temp"": 21.69162, ""step"": 7, ""status"": 1, ""pres"": 966.9016, ""meas_profile"": ""HP-3"", ""meas_id"": 3, ""hum"": 34.56942, ""gas_res"": 5885.599}, {""temp"": 21.60308, ""step"": 7, ""status"": 1, ""pres"": 967.0437, ""meas_profile"": ""HP-2"", ""meas_id"": 2, ""hum"": 34.7999, ""gas_res"": 7705.273}, {""temp"": 21.36705, ""step"": 7, ""status"": 1, ""pres"": 967.1318, ""meas_profile"": ""HP-1"", ""meas_id"": 1, ""hum"": 33.25125, ""gas_res"": 6214.799}]}",NULL,"2025-10-27 10:07:53.51095"
11836,"04a600b9b0b8","2025-10-27 10:06:50","eImUXegF6PX68IH37naU","{""bme688"": [{""temp"": 21.82732, ""step"": 6, ""status"": 1, ""pres"": 967.1854, ""meas_profile"": ""HP-8"", ""meas_id"": 8, ""hum"": 34.49558, ""gas_res"": 6359.3}, {""temp"": 21.79436, ""step"": 6, ""status"": 1, ""pres"": 967.291, ""meas_profile"": ""HP-7"", ""meas_id"": 7, ""hum"": 34.3935, ""gas_res"": 8497.079}, {""temp"": 21.87687, ""step"": 6, ""status"": 1, ""pres"": 967.4205, ""meas_profile"": ""HP-6"", ""meas_id"": 6, ""hum"": 34.3227, ""gas_res"": 25000.0}, {""temp"": 21.76946, ""step"": 6, ""status"": 1, ""pres"": 967.1912, ""meas_profile"": ""HP-5"", ""meas_id"": 5, ""hum"": 34.50345, ""gas_res"": 103727.7}, {""temp"": 21.52119, ""step"": 6, ""status"": 1, ""pres"": 967.2543, ""meas_profile"": ""HP-4"", ""meas_id"": 4, ""hum"": 34.06635, ""gas_res"": 129949.2}, {""temp"": 21.69069, ""step"": 6, ""status"": 1, ""pres"": 966.9001, ""meas_profile"": ""HP-3"", ""meas_id"": 3, ""hum"": 34.5636, ""gas_res"": 81946.23}, {""temp"": 21.60215, ""step"": 6, ""status"": 1, ""pres"": 967.0422, ""meas_profile"": ""HP-2"", ""meas_id"": 2, ""hum"": 34.79414, ""gas_res"": 105328.1}, {""temp"": 21.36643, ""step"": 6, ""status"": 1, ""pres"": 967.1309, ""meas_profile"": ""HP-1"", ""meas_id"": 1, ""hum"": 33.25702, ""gas_res"": 100000.0}]}",NULL,"2025-10-27 10:07:54.883906"
11837,"04a600b9b0b8","2025-10-27 10:06:50","eImUXegF6PX68IH37naU","{""bme688"": [{""temp"": 21.82639, ""step"": 5, ""status"": 1, ""pres"": 967.184, ""meas_profile"": ""HP-8"", ""meas_id"": 8, ""hum"": 34.51836, ""gas_res"": 6280.667}, {""temp"": 21.79343, ""step"": 5, ""status"": 1, ""pres"": 967.2894, ""meas_profile"": ""HP-7"", ""meas_id"": 7, ""hum"": 34.41602, ""gas_res"": 8357.273}, {""temp"": 21.87656, ""step"": 5, ""status"": 1, ""pres"": 967.42, ""meas_profile"": ""HP-6"", ""meas_id"": 6, ""hum"": 34.3284, ""gas_res"": 25000.0}, {""temp"": 21.76883, ""step"": 5, ""status"": 1, ""pres"": 967.1902, ""meas_profile"": ""HP-5"", ""meas_id"": 5, ""hum"": 34.51472, ""gas_res"": 103601.8}, {""temp"": 21.52026, ""step"": 5, ""status"": 1, ""pres"": 967.2527, ""meas_profile"": ""HP-4"", ""meas_id"": 4, ""hum"": 34.07774, ""gas_res"": 132265.6}, {""temp"": 21.68977, ""step"": 5, ""status"": 1, ""pres"": 966.8986, ""meas_profile"": ""HP-3"", ""meas_id"": 3, ""hum"": 34.55203, ""gas_res"": 80629.92}, {""temp"": 21.60153, ""step"": 5, ""status"": 1, ""pres"": 967.0413, ""meas_profile"": ""HP-2"", ""meas_id"": 2, ""hum"": 34.79408, ""gas_res"": 104682.1}, {""temp"": 21.36581, ""step"": 5, ""status"": 1, ""pres"": 967.1298, ""meas_profile"": ""HP-1"", ""meas_id"": 1, ""hum"": 33.25697, ""gas_res"": 100000.0}]}",NULL,"2025-10-27 10:07:56.08734"
11838,"04a600b9b0b8","2025-10-27 10:06:50","eImUXegF6PX68IH37naU","{""bme688"": [{""temp"": 21.82577, ""step"": 4, ""status"": 1, ""pres"": 967.183, ""meas_profile"": ""HP-8"", ""meas_id"": 8, ""hum"": 34.54118, ""gas_res"": 6258.557}, {""temp"": 21.79281, ""step"": 4, ""status"": 1, ""pres"": 967.2883, ""meas_profile"": ""HP-7"", ""meas_id"": 7, ""hum"": 34.42162, ""gas_res"": 8344.198}, {""temp"": 21.87594, ""step"": 4, ""status"": 1, ""pres"": 967.4191, ""meas_profile"": ""HP-6"", ""meas_id"": 6, ""hum"": 34.33408, ""gas_res"": 25000.0}, {""temp"": 21.76821, ""step"": 4, ""status"": 1, ""pres"": 967.1891, ""meas_profile"": ""HP-5"", ""meas_id"": 5, ""hum"": 34.526, ""gas_res"": 104362.0}, {""temp"": 21.51995, ""step"": 4, ""status"": 1, ""pres"": 967.2541, ""meas_profile"": ""HP-4"", ""meas_id"": 4, ""hum"": 34.10066, ""gas_res"": 137708.5}, {""temp"": 21.68915, ""step"": 4, ""status"": 1, ""pres"": 966.8976, ""meas_profile"": ""HP-3"", ""meas_id"": 3, ""hum"": 34.5979, ""gas_res"": 80629.92}, {""temp"": 21.6006, ""step"": 4, ""status"": 1, ""pres"": 967.0414, ""meas_profile"": ""HP-2"", ""meas_id"": 2, ""hum"": 34.83942, ""gas_res"": 104234.5}, {""temp"": 21.36519, ""step"": 4, ""status"": 1, ""pres"": 967.129, ""meas_profile"": ""HP-1"", ""meas_id"": 1, ""hum"": 33.26855, ""gas_res"": 100000.0}]}",NULL,"2025-10-27 10:07:57.35483"
11839,"04a600b9b0b8","2025-10-27 10:06:50","eImUXegF6PX68IH37naU","{""bme688"": [{""temp"": 21.82454, ""step"": 3, ""status"": 0, ""pres"": 967.181, ""meas_profile"": ""HP-8"", ""meas_id"": 8, ""hum"": 34.54107, ""gas_res"": 5684.846}, {""temp"": 21.79157, ""step"": 3, ""status"": 0, ""pres"": 967.2863, ""meas_profile"": ""HP-7"", ""meas_id"": 7, ""hum"": 34.43281, ""gas_res"": 5684.846}, {""temp"": 21.87532, ""step"": 3, ""status"": 0, ""pres"": 967.4163, ""meas_profile"": ""HP-6"", ""meas_id"": 6, ""hum"": 34.34549, ""gas_res"": 12887.64}, {""temp"": 21.76727, ""step"": 3, ""status"": 0, ""pres"": 967.1876, ""meas_profile"": ""HP-5"", ""meas_id"": 5, ""hum"": 34.57126, ""gas_res"": 34399.36}, {""temp"": 21.51902, ""step"": 3, ""status"": 0, ""pres"": 967.2525, ""meas_profile"": ""HP-4"", ""meas_id"": 4, ""hum"": 34.10631, ""gas_res"": 43039.68}, {""temp"": 21.68822, ""step"": 3, ""status"": 0, ""pres"": 966.8962, ""meas_profile"": ""HP-3"", ""meas_id"": 3, ""hum"": 34.59208, ""gas_res"": 27257.24}, {""temp"": 21.59967, ""step"": 3, ""status"": 0, ""pres"": 967.0399, ""meas_profile"": ""HP-2"", ""meas_id"": 2, ""hum"": 34.83364, ""gas_res"": 42314.05}, {""temp"": 21.36425, ""step"": 3, ""status"": 0, ""pres"": 967.1294, ""meas_profile"": ""HP-1"", ""meas_id"": 1, ""hum"": 33.29177, ""gas_res"": 27972.03}]}",NULL,"2025-10-27 10:07:58.640956"
11840,"04a600b9b0b8","2025-10-27 10:06:50","eImUXegF6PX68IH37naU","{""bme688"": [{""temp"": 21.82392, ""step"": 2, ""status"": 1, ""pres"": 967.18, ""meas_profile"": ""HP-8"", ""meas_id"": 8, ""hum"": 34.53529, ""gas_res"": 11428.57}, {""temp"": 21.79095, ""step"": 2, ""status"": 1, ""pres"": 967.2852, ""meas_profile"": ""HP-7"", ""meas_id"": 7, ""hum"": 34.4384, ""gas_res"": 16886.54}, {""temp"": 21.8744, ""step"": 2, ""status"": 1, ""pres"": 967.4149, ""meas_profile"": ""HP-6"", ""meas_id"": 6, ""hum"": 34.3454, ""gas_res"": 64192.58}, {""temp"": 21.76665, ""step"": 2, ""status"": 1, ""pres"": 967.1883, ""meas_profile"": ""HP-5"", ""meas_id"": 5, ""hum"": 34.5542, ""gas_res"": 235836.0}, {""temp"": 21.51809, ""step"": 2, ""status"": 1, ""pres"": 967.2508, ""meas_profile"": ""HP-4"", ""meas_id"": 4, ""hum"": 34.10623, ""gas_res"": 415668.8}, {""temp"": 21.6876, ""step"": 2, ""status"": 1, ""pres"": 966.895, ""meas_profile"": ""HP-3"", ""meas_id"": 3, ""hum"": 34.59202, ""gas_res"": 202291.6}, {""temp"": 21.59874, ""step"": 2, ""status"": 1, ""pres"": 967.0383, ""meas_profile"": ""HP-2"", ""meas_id"": 2, ""hum"": 34.82788, ""gas_res"": 353591.2}, {""temp"": 21.36363, ""step"": 2, ""status"": 1, ""pres"": 967.1285, ""meas_profile"": ""HP-1"", ""meas_id"": 1, ""hum"": 33.29172, ""gas_res"": 266597.3}]}",NULL,"2025-10-27 10:08:00.011617"
11841,"04a600b9b0b8","2025-10-27 10:06:50","eImUXegF6PX68IH37naU","{""bme688"": [{""temp"": 21.8233, ""step"": 1, ""status"": 1, ""pres"": 967.1791, ""meas_profile"": ""HP-8"", ""meas_id"": 8, ""hum"": 34.54667, ""gas_res"": 5957.922}, {""temp"": 21.79033, ""step"": 1, ""status"": 1, ""pres"": 967.2842, ""meas_profile"": ""HP-7"", ""meas_id"": 7, ""hum"": 34.44965, ""gas_res"": 6719.866}, {""temp"": 21.87378, ""step"": 1, ""status"": 1, ""pres"": 967.4139, ""meas_profile"": ""HP-6"", ""meas_id"": 6, ""hum"": 34.35108, ""gas_res"": 19565.88}, {""temp"": 21.76633, ""step"": 1, ""status"": 1, ""pres"": 967.1878, ""meas_profile"": ""HP-5"", ""meas_id"": 5, ""hum"": 34.5485, ""gas_res"": 30338.94}, {""temp"": 21.51747, ""step"": 1, ""status"": 1, ""pres"": 967.2498, ""meas_profile"": ""HP-4"", ""meas_id"": 4, ""hum"": 34.10617, ""gas_res"": 38357.8}, {""temp"": 21.68698, ""step"": 1, ""status"": 1, ""pres"": 966.894, ""meas_profile"": ""HP-3"", ""meas_id"": 3, ""hum"": 34.60919, ""gas_res"": 23686.16}, {""temp"": 21.59842, ""step"": 1, ""status"": 1, ""pres"": 967.0377, ""meas_profile"": ""HP-2"", ""meas_id"": 2, ""hum"": 34.83353, ""gas_res"": 33350.7}, {""temp"": 21.36332, ""step"": 1, ""status"": 1, ""pres"": 967.1279, ""meas_profile"": ""HP-1"", ""meas_id"": 1, ""hum"": 33.30335, ""gas_res"": 24516.38}]}",NULL,"2025-10-27 10:08:01.206011"
11842,"04a600b9b0b8","2025-10-27 10:06:50","eImUXegF6PX68IH37naU","{""bme688"": [{""temp"": 21.82237, ""step"": 0, ""status"": 1, ""pres"": 967.1776, ""meas_profile"": ""HP-8"", ""meas_id"": 8, ""hum"": 34.55231, ""gas_res"": 5684.846}, {""temp"": 21.78908, ""step"": 0, ""status"": 1, ""pres"": 967.2821, ""meas_profile"": ""HP-7"", ""meas_id"": 7, ""hum"": 34.47781, ""gas_res"": 5684.846}, {""temp"": 21.87316, ""step"": 0, ""status"": 1, ""pres"": 967.413, ""meas_profile"": ""HP-6"", ""meas_id"": 6, ""hum"": 34.36249, ""gas_res"": 7639.055}, {""temp"": 21.76571, ""step"": 0, ""status"": 1, ""pres"": 967.1866, ""meas_profile"": ""HP-5"", ""meas_id"": 5, ""hum"": 34.55411, ""gas_res"": 25000.0}, {""temp"": 21.51684, ""step"": 0, ""status"": 1, ""pres"": 967.2489, ""meas_profile"": ""HP-4"", ""meas_id"": 4, ""hum"": 34.11759, ""gas_res"": 23306.63}, {""temp"": 21.68605, ""step"": 0, ""status"": 1, ""pres"": 966.8926, ""meas_profile"": ""HP-3"", ""meas_id"": 3, ""hum"": 34.61485, ""gas_res"": 5964.585}, {""temp"": 21.59781, ""step"": 0, ""status"": 1, ""pres"": 967.0368, ""meas_profile"": ""HP-2"", ""meas_id"": 2, ""hum"": 34.84482, ""gas_res"": 7683.073}, {""temp"": 21.36238, ""step"": 0, ""status"": 1, ""pres"": 967.1264, ""meas_profile"": ""HP-1"", ""meas_id"": 1, ""hum"": 33.30326, ""gas_res"": 6344.171}]}",NULL,"2025-10-27 10:08:02.479224"
11843,"04a600b9b0b8","2025-10-27 10:06:23","eImUXegF6PX68IH37naU","{""zphs01b"": {""voc"": 0, ""temp"": 19.7, ""pm2_5"": 0, ""pm1_0"": 0, ""pm10"": 332, ""o3"": 0.27, ""no2"": 10.0, ""hum"": 0, ""fmhd"": 0, ""co2"": 5000, ""co"": 0.0}, ""smell_b"": {}, ""sfa30"": {""temp"": 21.845, ""hum"": 35.22, ""fmhd"": 4.0}, ""sen5x"": {""voc"": 131.0, ""temp"": 21.9, ""pm4_0"": 4432.1, ""pm2_5"": 4432.1, ""pm1_0"": 4226.3, ""pm10"": 4432.1, ""nox"": 1.0, ""mass_c"": 4380.65, ""hum"": 40.34}, ""scd41"": {""temp"": 21.4992, ""hum"": 37.62112, ""co2"": 641}, ""power_source"": 0, ""mics6814"": {""red_res"": 0, ""no2_res"": 0, ""no2"": 0.17, ""nh3_res"": 0, ""nh3"": 0.73, ""co_res"": 0, ""co"": 44.0}}",NULL,"2025-10-27 10:08:03.657239"
11844,"04a600b9b0b8","2025-10-27 10:06:23","eImUXegF6PX68IH37naU","{""bme688"": [{""temp"": 21.82145, ""step"": 9, ""status"": 1, ""pres"": 967.1761, ""meas_profile"": ""HP-8"", ""meas_id"": 8, ""hum"": 34.50076, ""gas_res"": 5684.846}, {""temp"": 21.78846, ""step"": 9, ""status"": 1, ""pres"": 967.2812, ""meas_profile"": ""HP-7"", ""meas_id"": 7, ""hum"": 34.39861, ""gas_res"": 5684.846}, {""temp"": 21.87224, ""step"": 9, ""status"": 1, ""pres"": 967.4116, ""meas_profile"": ""HP-6"", ""meas_id"": 6, ""hum"": 34.3108, ""gas_res"": 6827.395}, {""temp"": 21.76539, ""step"": 9, ""status"": 1, ""pres"": 967.1844, ""meas_profile"": ""HP-5"", ""meas_id"": 5, ""hum"": 34.50307, ""gas_res"": 25000.0}, {""temp"": 21.51653, ""step"": 9, ""status"": 1, ""pres"": 967.25, ""meas_profile"": ""HP-4"", ""meas_id"": 4, ""hum"": 34.07166, ""gas_res"": 22424.67}, {""temp"": 21.68544, ""step"": 9, ""status"": 1, ""pres"": 966.8914, ""meas_profile"": ""HP-3"", ""meas_id"": 3, ""hum"": 34.56311, ""gas_res"": 6370.695}, {""temp"": 21.59749, ""step"": 9, ""status"": 1, ""pres"": 967.0363, ""meas_profile"": ""HP-2"", ""meas_id"": 2, ""hum"": 34.81073, ""gas_res"": 7374.971}, {""temp"": 21.36176, ""step"": 9, ""status"": 1, ""pres"": 967.1272, ""meas_profile"": ""HP-1"", ""meas_id"": 1, ""hum"": 33.28573, ""gas_res"": 8558.438}]}",NULL,"2025-10-27 10:08:05.130936"
11845,"04a600b9b0b8","2025-10-27 10:06:23","eImUXegF6PX68IH37naU","{""bme688"": [{""temp"": 21.82021, ""step"": 8, ""status"": 1, ""pres"": 967.1742, ""meas_profile"": ""HP-8"", ""meas_id"": 8, ""hum"": 34.50636, ""gas_res"": 5684.846}, {""temp"": 21.78753, ""step"": 8, ""status"": 1, ""pres"": 967.2795, ""meas_profile"": ""HP-7"", ""meas_id"": 7, ""hum"": 34.39851, ""gas_res"": 5684.846}, {""temp"": 21.87162, ""step"": 8, ""status"": 1, ""pres"": 967.4104, ""meas_profile"": ""HP-6"", ""meas_id"": 6, ""hum"": 34.29354, ""gas_res"": 7081.213}, {""temp"": 21.76477, ""step"": 8, ""status"": 1, ""pres"": 967.1852, ""meas_profile"": ""HP-5"", ""meas_id"": 5, ""hum"": 34.50301, ""gas_res"": 22214.51}, {""temp"": 21.51591, ""step"": 8, ""status"": 1, ""pres"": 967.2488, ""meas_profile"": ""HP-4"", ""meas_id"": 4, ""hum"": 34.08308, ""gas_res"": 21498.15}, {""temp"": 21.68451, ""step"": 8, ""status"": 1, ""pres"": 966.8899, ""meas_profile"": ""HP-3"", ""meas_id"": 3, ""hum"": 34.57451, ""gas_res"": 8241.051}, {""temp"": 21.59687, ""step"": 8, ""status"": 1, ""pres"": 967.0336, ""meas_profile"": ""HP-2"", ""meas_id"": 2, ""hum"": 34.83906, ""gas_res"": 7210.455}, {""temp"": 21.36083, ""step"": 8, ""status"": 1, ""pres"": 967.1259, ""meas_profile"": ""HP-1"", ""meas_id"": 1, ""hum"": 33.27399, ""gas_res"": 6035.458}]}",NULL,"2025-10-27 10:08:06.311255"
11846,"04a600b9b0b8","2025-10-27 10:06:23","eImUXegF6PX68IH37naU","{""bme688"": [{""temp"": 21.81929, ""step"": 7, ""status"": 1, ""pres"": 967.1727, ""meas_profile"": ""HP-8"", ""meas_id"": 8, ""hum"": 34.51199, ""gas_res"": 5684.846}, {""temp"": 21.7866, ""step"": 7, ""status"": 1, ""pres"": 967.2764, ""meas_profile"": ""HP-7"", ""meas_id"": 7, ""hum"": 34.39278, ""gas_res"": 5684.846}, {""temp"": 21.871, ""step"": 7, ""status"": 1, ""pres"": 967.4094, ""meas_profile"": ""HP-6"", ""meas_id"": 6, ""hum"": 34.2935, ""gas_res"": 7195.862}, {""temp"": 21.76446, ""step"": 7, ""status"": 1, ""pres"": 967.1848, ""meas_profile"": ""HP-5"", ""meas_id"": 5, ""hum"": 34.50865, ""gas_res"": 22377.62}, {""temp"": 21.51529, ""step"": 7, ""status"": 1, ""pres"": 967.2479, ""meas_profile"": ""HP-4"", ""meas_id"": 4, ""hum"": 34.07154, ""gas_res"": 19583.84}, {""temp"": 21.68389, ""step"": 7, ""status"": 1, ""pres"": 966.889, ""meas_profile"": ""HP-3"", ""meas_id"": 3, ""hum"": 34.58019, ""gas_res"": 7494.145}, {""temp"": 21.59625, ""step"": 7, ""status"": 1, ""pres"": 967.0326, ""meas_profile"": ""HP-2"", ""meas_id"": 2, ""hum"": 34.82197, ""gas_res"": 6783.973}, {""temp"": 21.3599, ""step"": 7, ""status"": 1, ""pres"": 967.1244, ""meas_profile"": ""HP-1"", ""meas_id"": 1, ""hum"": 33.27973, ""gas_res"": 7964.161}]}",NULL,"2025-10-27 10:08:07.60047"
11847,"04a600b9b0b8","2025-10-27 10:06:23","eImUXegF6PX68IH37naU","{""bme688"": [{""temp"": 21.81867, ""step"": 6, ""status"": 1, ""pres"": 967.1718, ""meas_profile"": ""HP-8"", ""meas_id"": 8, ""hum"": 34.52909, ""gas_res"": 6554.691}, {""temp"": 21.78567, ""step"": 6, ""status"": 1, ""pres"": 967.2748, ""meas_profile"": ""HP-7"", ""meas_id"": 7, ""hum"": 34.404, ""gas_res"": 8669.737}, {""temp"": 21.87038, ""step"": 6, ""status"": 1, ""pres"": 967.4085, ""meas_profile"": ""HP-6"", ""meas_id"": 6, ""hum"": 34.31063, ""gas_res"": 25000.0}, {""temp"": 21.76383, ""step"": 6, ""status"": 1, ""pres"": 967.1836, ""meas_profile"": ""HP-5"", ""meas_id"": 5, ""hum"": 34.50293, ""gas_res"": 94797.26}, {""temp"": 21.51436, ""step"": 6, ""status"": 1, ""pres"": 967.2465, ""meas_profile"": ""HP-4"", ""meas_id"": 4, ""hum"": 34.08868, ""gas_res"": 111814.8}, {""temp"": 21.68358, ""step"": 6, ""status"": 1, ""pres"": 966.8886, ""meas_profile"": ""HP-3"", ""meas_id"": 3, ""hum"": 34.57442, ""gas_res"": 42022.32}, {""temp"": 21.59594, ""step"": 6, ""status"": 1, ""pres"": 967.032, ""meas_profile"": ""HP-2"", ""meas_id"": 2, ""hum"": 34.84465, ""gas_res"": 100000.0}, {""temp"": 21.35958, ""step"": 6, ""status"": 1, ""pres"": 967.124, ""meas_profile"": ""HP-1"", ""meas_id"": 1, ""hum"": 33.27388, ""gas_res"": 86603.52}]}",NULL,"2025-10-27 10:08:08.86643"
11848,"04a600b9b0b8","2025-10-27 10:06:23","eImUXegF6PX68IH37naU","{""bme688"": [{""temp"": 21.81805, ""step"": 5, ""status"": 1, ""pres"": 967.1707, ""meas_profile"": ""HP-8"", ""meas_id"": 8, ""hum"": 34.53474, ""gas_res"": 6475.111}, {""temp"": 21.78505, ""step"": 5, ""status"": 1, ""pres"": 967.2738, ""meas_profile"": ""HP-7"", ""meas_id"": 7, ""hum"": 34.40394, ""gas_res"": 8551.577}, {""temp"": 21.87008, ""step"": 5, ""status"": 1, ""pres"": 967.408, ""meas_profile"": ""HP-6"", ""meas_id"": 6, ""hum"": 34.3106, ""gas_res"": 25000.0}, {""temp"": 21.76321, ""step"": 5, ""status"": 1, ""pres"": 967.1825, ""meas_profile"": ""HP-5"", ""meas_id"": 5, ""hum"": 34.52554, ""gas_res"": 95061.27}, {""temp"": 21.51343, ""step"": 5, ""status"": 1, ""pres"": 967.2466, ""meas_profile"": ""HP-4"", ""meas_id"": 4, ""hum"": 34.07711, ""gas_res"": 112626.5}, {""temp"": 21.68296, ""step"": 5, ""status"": 1, ""pres"": 966.8875, ""meas_profile"": ""HP-3"", ""meas_id"": 3, ""hum"": 34.58585, ""gas_res"": 40855.41}, {""temp"": 21.59532, ""step"": 5, ""status"": 1, ""pres"": 967.0309, ""meas_profile"": ""HP-2"", ""meas_id"": 2, ""hum"": 34.82756, ""gas_res"": 100000.0}, {""temp"": 21.35865, ""step"": 5, ""status"": 1, ""pres"": 967.1244, ""meas_profile"": ""HP-1"", ""meas_id"": 1, ""hum"": 33.29128, ""gas_res"": 83387.63}]}",NULL,"2025-10-27 10:08:10.254522"
11849,"04a600b9b0b8","2025-10-27 10:06:23","eImUXegF6PX68IH37naU","{""bme688"": [{""temp"": 21.81712, ""step"": 4, ""status"": 1, ""pres"": 967.1694, ""meas_profile"": ""HP-8"", ""meas_id"": 8, ""hum"": 34.5461, ""gas_res"": 6518.639}, {""temp"": 21.78443, ""step"": 4, ""status"": 1, ""pres"": 967.2727, ""meas_profile"": ""HP-7"", ""meas_id"": 7, ""hum"": 34.42649, ""gas_res"": 8662.696}, {""temp"": 21.86946, ""step"": 4, ""status"": 1, ""pres"": 967.4071, ""meas_profile"": ""HP-6"", ""meas_id"": 6, ""hum"": 34.34494, ""gas_res"": 25000.0}, {""temp"": 21.76227, ""step"": 4, ""status"": 1, ""pres"": 967.181, ""meas_profile"": ""HP-5"", ""meas_id"": 5, ""hum"": 34.53679, ""gas_res"": 96294.91}, {""temp"": 21.51281, ""step"": 4, ""status"": 1, ""pres"": 967.2455, ""meas_profile"": ""HP-4"", ""meas_id"": 4, ""hum"": 34.10574, ""gas_res"": 115445.3}, {""temp"": 21.68234, ""step"": 4, ""status"": 1, ""pres"": 966.8865, ""meas_profile"": ""HP-3"", ""meas_id"": 3, ""hum"": 34.58579, ""gas_res"": 40699.52}, {""temp"": 21.5947, ""step"": 4, ""status"": 1, ""pres"": 967.0299, ""meas_profile"": ""HP-2"", ""meas_id"": 2, ""hum"": 34.84454, ""gas_res"": 100000.0}, {""temp"": 21.35803, ""step"": 4, ""status"": 1, ""pres"": 967.1235, ""meas_profile"": ""HP-1"", ""meas_id"": 1, ""hum"": 33.3087, ""gas_res"": 81166.77}]}",NULL,"2025-10-27 10:08:11.44199"
11850,"04a600b9b0b8","2025-10-27 10:06:23","eImUXegF6PX68IH37naU","{""bme688"": [{""temp"": 21.81589, ""step"": 3, ""status"": 0, ""pres"": 967.1691, ""meas_profile"": ""HP-8"", ""meas_id"": 8, ""hum"": 34.5517, ""gas_res"": 5684.846}, {""temp"": 21.78349, ""step"": 3, ""status"": 0, ""pres"": 967.2712, ""meas_profile"": ""HP-7"", ""meas_id"": 7, ""hum"": 34.43771, ""gas_res"": 5684.846}, {""temp"": 21.86853, ""step"": 3, ""status"": 0, ""pres"": 967.4072, ""meas_profile"": ""HP-6"", ""meas_id"": 6, ""hum"": 34.33339, ""gas_res"": 12918.85}, {""temp"": 21.76133, ""step"": 3, ""status"": 0, ""pres"": 967.1795, ""meas_profile"": ""HP-5"", ""meas_id"": 5, ""hum"": 34.54803, ""gas_res"": 32711.47}, {""temp"": 21.51188, ""step"": 3, ""status"": 0, ""pres"": 967.2441, ""meas_profile"": ""HP-4"", ""meas_id"": 4, ""hum"": 34.11714, ""gas_res"": 38496.24}, {""temp"": 21.68142, ""step"": 3, ""status"": 0, ""pres"": 966.8851, ""meas_profile"": ""HP-3"", ""meas_id"": 3, ""hum"": 34.59719, ""gas_res"": 24265.4}, {""temp"": 21.59377, ""step"": 3, ""status"": 0, ""pres"": 967.0286, ""meas_profile"": ""HP-2"", ""meas_id"": 2, ""hum"": 34.86148, ""gas_res"": 36834.53}, {""temp"": 21.3571, ""step"": 3, ""status"": 0, ""pres"": 967.1219, ""meas_profile"": ""HP-1"", ""meas_id"": 1, ""hum"": 33.30279, ""gas_res"": 24917.27}]}",NULL,"2025-10-27 10:08:12.731184"
11851,"04a600b9b0b8","2025-10-27 10:06:23","eImUXegF6PX68IH37naU","{""bme688"": [{""temp"": 21.81527, ""step"": 2, ""status"": 1, ""pres"": 967.1682, ""meas_profile"": ""HP-8"", ""meas_id"": 8, ""hum"": 34.56308, ""gas_res"": 13681.06}, {""temp"": 21.78287, ""step"": 2, ""status"": 1, ""pres"": 967.2703, ""meas_profile"": ""HP-7"", ""meas_id"": 7, ""hum"": 34.44331, ""gas_res"": 19746.99}, {""temp"": 21.86792, ""step"": 2, ""status"": 1, ""pres"": 967.4063, ""meas_profile"": ""HP-6"", ""meas_id"": 6, ""hum"": 34.33907, ""gas_res"": 71869.73}, {""temp"": 21.7607, ""step"": 2, ""status"": 1, ""pres"": 967.1802, ""meas_profile"": ""HP-5"", ""meas_id"": 5, ""hum"": 34.54231, ""gas_res"": 249817.0}, {""temp"": 21.51094, ""step"": 2, ""status"": 1, ""pres"": 967.2425, ""meas_profile"": ""HP-4"", ""meas_id"": 4, ""hum"": 34.12279, ""gas_res"": 375435.4}, {""temp"": 21.6808, ""step"": 2, ""status"": 1, ""pres"": 966.884, ""meas_profile"": ""HP-3"", ""meas_id"": 3, ""hum"": 34.62584, ""gas_res"": 171812.1}, {""temp"": 21.59284, ""step"": 2, ""status"": 1, ""pres"": 967.0269, ""meas_profile"": ""HP-2"", ""meas_id"": 2, ""hum"": 34.85004, ""gas_res"": 302779.4}, {""temp"": 21.35616, ""step"": 2, ""status"": 1, ""pres"": 967.1205, ""meas_profile"": ""HP-1"", ""meas_id"": 1, ""hum"": 33.28522, ""gas_res"": 224807.9}]}",NULL,"2025-10-27 10:08:14.001287"
11852,"04a600b9b0b8","2025-10-27 10:06:23","eImUXegF6PX68IH37naU","{""bme688"": [{""temp"": 21.81465, ""step"": 1, ""status"": 1, ""pres"": 967.1656, ""meas_profile"": ""HP-8"", ""meas_id"": 8, ""hum"": 34.56303, ""gas_res"": 6632.125}, {""temp"": 21.78225, ""step"": 1, ""status"": 1, ""pres"": 967.2689, ""meas_profile"": ""HP-7"", ""meas_id"": 7, ""hum"": 34.45456, ""gas_res"": 7200.72}, {""temp"": 21.8673, ""step"": 1, ""status"": 1, ""pres"": 967.4053, ""meas_profile"": ""HP-6"", ""meas_id"": 6, ""hum"": 34.35622, ""gas_res"": 19583.84}, {""temp"": 21.76039, ""step"": 1, ""status"": 1, ""pres"": 967.178, ""meas_profile"": ""HP-5"", ""meas_id"": 5, ""hum"": 34.55361, ""gas_res"": 28802.88}, {""temp"": 21.51063, ""step"": 1, ""status"": 1, ""pres"": 967.2419, ""meas_profile"": ""HP-4"", ""meas_id"": 4, ""hum"": 34.11128, ""gas_res"": 32193.16}, {""temp"": 21.68018, ""step"": 1, ""status"": 1, ""pres"": 966.8831, ""meas_profile"": ""HP-3"", ""meas_id"": 3, ""hum"": 34.6143, ""gas_res"": 25000.0}, {""temp"": 21.59253, ""step"": 1, ""status"": 1, ""pres"": 967.0265, ""meas_profile"": ""HP-2"", ""meas_id"": 2, ""hum"": 34.86137, ""gas_res"": 26348.29}, {""temp"": 21.35585, ""step"": 1, ""status"": 1, ""pres"": 967.1202, ""meas_profile"": ""HP-1"", ""meas_id"": 1, ""hum"": 33.30268, ""gas_res"": 25000.0}]}",NULL,"2025-10-27 10:08:15.368546"
11853,"04a600b9b0b8","2025-10-27 10:06:23","eImUXegF6PX68IH37naU","{""bme688"": [{""temp"": 21.81372, ""step"": 0, ""status"": 1, ""pres"": 967.1641, ""meas_profile"": ""HP-8"", ""meas_id"": 8, ""hum"": 34.5515, ""gas_res"": 5684.846}, {""temp"": 21.78132, ""step"": 0, ""status"": 1, ""pres"": 967.2676, ""meas_profile"": ""HP-7"", ""meas_id"": 7, ""hum"": 34.44882, ""gas_res"": 5684.846}, {""temp"": 21.86668, ""step"": 0, ""status"": 1, ""pres"": 967.4043, ""meas_profile"": ""HP-6"", ""meas_id"": 6, ""hum"": 34.34468, ""gas_res"": 7946.362}, {""temp"": 21.75977, ""step"": 0, ""status"": 1, ""pres"": 967.1786, ""meas_profile"": ""HP-5"", ""meas_id"": 5, ""hum"": 34.55923, ""gas_res"": 25000.0}, {""temp"": 21.51001, ""step"": 0, ""status"": 1, ""pres"": 967.2426, ""meas_profile"": ""HP-4"", ""meas_id"": 4, ""hum"": 34.11696, ""gas_res"": 20585.4}, {""temp"": 21.67956, ""step"": 0, ""status"": 1, ""pres"": 966.882, ""meas_profile"": ""HP-3"", ""meas_id"": 3, ""hum"": 34.60276, ""gas_res"": 7284.316}, {""temp"": 21.59191, ""step"": 0, ""status"": 1, ""pres"": 967.0256, ""meas_profile"": ""HP-2"", ""meas_id"": 2, ""hum"": 34.87267, ""gas_res"": 6538.619}, {""temp"": 21.35492, ""step"": 0, ""status"": 1, ""pres"": 967.1186, ""meas_profile"": ""HP-1"", ""meas_id"": 1, ""hum"": 33.29676, ""gas_res"": 7677.543}]}",NULL,"2025-10-27 10:08:16.542628"
11854,"04a600b9b0b8","2025-10-27 10:08:21","eImUXegF6PX68IH37naU","{""zphs01b"": {""voc"": 0, ""temp"": 19.9, ""pm2_5"": 0, ""pm1_0"": 0, ""pm10"": 332, ""o3"": 0.07, ""no2"": 10.0, ""hum"": 0, ""fmhd"": 0, ""co2"": 5000, ""co"": 0.0}, ""smell_b"": {}, ""sfa30"": {""temp"": 21.93, ""hum"": 35.15, ""fmhd"": 2.0}, ""sen5x"": {""voc"": 109.0, ""temp"": 21.81, ""pm4_0"": 4416.5, ""pm2_5"": 4416.5, ""pm1_0"": 4211.3, ""pm10"": 4416.5, ""nox"": 1.0, ""mass_c"": 4365.2, ""hum"": 40.65}, ""scd41"": {""temp"": 21.68345, ""hum"": 37.39376, ""co2"": 660}, ""power_source"": 0, ""mics6814"": {""red_res"": 0, ""no2_res"": 0, ""no2"": 0.17, ""nh3_res"": 0, ""nh3"": 0.73, ""co_res"": 0, ""co"": 44.0}}",NULL,"2025-10-27 10:09:20.070048"
11855,"04a600b9b0b8","2025-10-27 10:08:21","eImUXegF6PX68IH37naU","{""bme688"": [{""temp"": 21.85233, ""step"": 9, ""status"": 1, ""pres"": 967.2174, ""meas_profile"": ""HP-8"", ""meas_id"": 8, ""hum"": 34.41788, ""gas_res"": 5684.846}, {""temp"": 21.8189, ""step"": 9, ""status"": 1, ""pres"": 967.3284, ""meas_profile"": ""HP-7"", ""meas_id"": 7, ""hum"": 34.30537, ""gas_res"": 5684.846}, {""temp"": 21.89724, ""step"": 9, ""status"": 1, ""pres"": 967.4445, ""meas_profile"": ""HP-6"", ""meas_id"": 6, ""hum"": 34.22141, ""gas_res"": 7114.273}, {""temp"": 21.7876, ""step"": 9, ""status"": 1, ""pres"": 967.209, ""meas_profile"": ""HP-5"", ""meas_id"": 5, ""hum"": 34.39183, ""gas_res"": 25000.0}, {""temp"": 21.54232, ""step"": 9, ""status"": 1, ""pres"": 967.2756, ""meas_profile"": ""HP-4"", ""meas_id"": 4, ""hum"": 33.96506, ""gas_res"": 25000.0}, {""temp"": 21.71203, ""step"": 9, ""status"": 1, ""pres"": 966.9315, ""meas_profile"": ""HP-3"", ""meas_id"": 3, ""hum"": 34.46228, ""gas_res"": 6673.618}, {""temp"": 21.62265, ""step"": 9, ""status"": 1, ""pres"": 967.0658, ""meas_profile"": ""HP-2"", ""meas_id"": 2, ""hum"": 34.69391, ""gas_res"": 7881.773}, {""temp"": 21.38853, ""step"": 9, ""status"": 1, ""pres"": 967.1467, ""meas_profile"": ""HP-1"", ""meas_id"": 1, ""hum"": 33.16582, ""gas_res"": 6321.612}]}",NULL,"2025-10-27 10:09:21.374531"
11856,"04a600b9b0b8","2025-10-27 10:08:21","eImUXegF6PX68IH37naU","{""bme688"": [{""temp"": 21.85079, ""step"": 8, ""status"": 1, ""pres"": 967.2166, ""meas_profile"": ""HP-8"", ""meas_id"": 8, ""hum"": 34.42916, ""gas_res"": 5684.846}, {""temp"": 21.81765, ""step"": 8, ""status"": 1, ""pres"": 967.3262, ""meas_profile"": ""HP-7"", ""meas_id"": 7, ""hum"": 34.29961, ""gas_res"": 5684.846}, {""temp"": 21.89631, ""step"": 8, ""status"": 1, ""pres"": 967.4448, ""meas_profile"": ""HP-6"", ""meas_id"": 6, ""hum"": 34.20414, ""gas_res"": 7488.884}, {""temp"": 21.78697, ""step"": 8, ""status"": 1, ""pres"": 967.2081, ""meas_profile"": ""HP-5"", ""meas_id"": 5, ""hum"": 34.40311, ""gas_res"": 25000.0}, {""temp"": 21.54138, ""step"": 8, ""status"": 1, ""pres"": 967.2742, ""meas_profile"": ""HP-4"", ""meas_id"": 4, ""hum"": 33.95924, ""gas_res"": 25000.0}, {""temp"": 21.7111, ""step"": 8, ""status"": 1, ""pres"": 966.9299, ""meas_profile"": ""HP-3"", ""meas_id"": 3, ""hum"": 34.44498, ""gas_res"": 6258.557}, {""temp"": 21.62171, ""step"": 8, ""status"": 1, ""pres"": 967.0659, ""meas_profile"": ""HP-2"", ""meas_id"": 2, ""hum"": 34.70517, ""gas_res"": 7940.447}, {""temp"": 21.38759, ""step"": 8, ""status"": 1, ""pres"": 967.1469, ""meas_profile"": ""HP-1"", ""meas_id"": 1, ""hum"": 33.1541, ""gas_res"": 6408.973}]}",NULL,"2025-10-27 10:09:22.498826"
11857,"04a600b9b0b8","2025-10-27 10:08:21","eImUXegF6PX68IH37naU","{""bme688"": [{""temp"": 21.84955, ""step"": 7, ""status"": 1, ""pres"": 967.2148, ""meas_profile"": ""HP-8"", ""meas_id"": 8, ""hum"": 34.40048, ""gas_res"": 5684.846}, {""temp"": 21.8161, ""step"": 7, ""status"": 1, ""pres"": 967.3237, ""meas_profile"": ""HP-7"", ""meas_id"": 7, ""hum"": 34.29382, ""gas_res"": 5684.846}, {""temp"": 21.89539, ""step"": 7, ""status"": 1, ""pres"": 967.4434, ""meas_profile"": ""HP-6"", ""meas_id"": 6, ""hum"": 34.20406, ""gas_res"": 7494.145}, {""temp"": 21.78603, ""step"": 7, ""status"": 1, ""pres"": 967.2082, ""meas_profile"": ""HP-5"", ""meas_id"": 5, ""hum"": 34.40302, ""gas_res"": 25000.0}, {""temp"": 21.54076, ""step"": 7, ""status"": 1, ""pres"": 967.2747, ""meas_profile"": ""HP-4"", ""meas_id"": 4, ""hum"": 33.96492, ""gas_res"": 21962.94}, {""temp"": 21.70987, ""step"": 7, ""status"": 1, ""pres"": 966.9279, ""meas_profile"": ""HP-3"", ""meas_id"": 3, ""hum"": 34.46782, ""gas_res"": 5988.024}, {""temp"": 21.62109, ""step"": 7, ""status"": 1, ""pres"": 967.0648, ""meas_profile"": ""HP-2"", ""meas_id"": 2, ""hum"": 34.69376, ""gas_res"": 7666.507}, {""temp"": 21.38635, ""step"": 7, ""status"": 1, ""pres"": 967.1451, ""meas_profile"": ""HP-1"", ""meas_id"": 1, ""hum"": 33.15981, ""gas_res"": 6236.601}]}",NULL,"2025-10-27 10:09:23.768034"
11858,"04a600b9b0b8","2025-10-27 10:08:21","eImUXegF6PX68IH37naU","{""bme688"": [{""temp"": 21.84863, ""step"": 6, ""status"": 1, ""pres"": 967.2135, ""meas_profile"": ""HP-8"", ""meas_id"": 8, ""hum"": 34.41182, ""gas_res"": 6310.393}, {""temp"": 21.81517, ""step"": 6, ""status"": 1, ""pres"": 967.3239, ""meas_profile"": ""HP-7"", ""meas_id"": 7, ""hum"": 34.29372, ""gas_res"": 8396.746}, {""temp"": 21.89446, ""step"": 6, ""status"": 1, ""pres"": 967.4435, ""meas_profile"": ""HP-6"", ""meas_id"": 6, ""hum"": 34.2097, ""gas_res"": 25000.0}, {""temp"": 21.7851, ""step"": 6, ""status"": 1, ""pres"": 967.2067, ""meas_profile"": ""HP-5"", ""meas_id"": 5, ""hum"": 34.40293, ""gas_res"": 100313.5}, {""temp"": 21.53952, ""step"": 6, ""status"": 1, ""pres"": 967.2726, ""meas_profile"": ""HP-4"", ""meas_id"": 4, ""hum"": 33.9648, ""gas_res"": 124543.9}, {""temp"": 21.70894, ""step"": 6, ""status"": 1, ""pres"": 966.9279, ""meas_profile"": ""HP-3"", ""meas_id"": 3, ""hum"": 34.45626, ""gas_res"": 77622.8}, {""temp"": 21.62016, ""step"": 6, ""status"": 1, ""pres"": 967.0634, ""meas_profile"": ""HP-2"", ""meas_id"": 2, ""hum"": 34.69368, ""gas_res"": 99785.62}, {""temp"": 21.38573, ""step"": 6, ""status"": 1, ""pres"": 967.1442, ""meas_profile"": ""HP-1"", ""meas_id"": 1, ""hum"": 33.16558, ""gas_res"": 100000.0}]}",NULL,"2025-10-27 10:09:25.037757"
11859,"04a600b9b0b8","2025-10-27 10:08:21","eImUXegF6PX68IH37naU","{""bme688"": [{""temp"": 21.84739, ""step"": 5, ""status"": 1, ""pres"": 967.2115, ""meas_profile"": ""HP-8"", ""meas_id"": 8, ""hum"": 34.41742, ""gas_res"": 6214.799}, {""temp"": 21.81424, ""step"": 5, ""status"": 1, ""pres"": 967.3222, ""meas_profile"": ""HP-7"", ""meas_id"": 7, ""hum"": 34.29929, ""gas_res"": 8260.196}, {""temp"": 21.89354, ""step"": 5, ""status"": 1, ""pres"": 967.4421, ""meas_profile"": ""HP-6"", ""meas_id"": 6, ""hum"": 34.19243, ""gas_res"": 25000.0}, {""temp"": 21.78416, ""step"": 5, ""status"": 1, ""pres"": 967.2051, ""meas_profile"": ""HP-5"", ""meas_id"": 5, ""hum"": 34.39718, ""gas_res"": 100254.6}, {""temp"": 21.53859, ""step"": 5, ""status"": 1, ""pres"": 967.2729, ""meas_profile"": ""HP-4"", ""meas_id"": 4, ""hum"": 33.96472, ""gas_res"": 127047.1}, {""temp"": 21.70801, ""step"": 5, ""status"": 1, ""pres"": 966.9266, ""meas_profile"": ""HP-3"", ""meas_id"": 3, ""hum"": 34.45617, ""gas_res"": 46562.39}, {""temp"": 21.61892, ""step"": 5, ""status"": 1, ""pres"": 967.063, ""meas_profile"": ""HP-2"", ""meas_id"": 2, ""hum"": 34.69356, ""gas_res"": 99436.78}, {""temp"": 21.38479, ""step"": 5, ""status"": 1, ""pres"": 967.1445, ""meas_profile"": ""HP-1"", ""meas_id"": 1, ""hum"": 33.15967, ""gas_res"": 100000.0}]}",NULL,"2025-10-27 10:09:26.518914"
11860,"04a600b9b0b8","2025-10-27 10:08:21","eImUXegF6PX68IH37naU","{""bme688"": [{""temp"": 21.84646, ""step"": 4, ""status"": 1, ""pres"": 967.2101, ""meas_profile"": ""HP-8"", ""meas_id"": 8, ""hum"": 34.40591, ""gas_res"": 6200.349}, {""temp"": 21.8133, ""step"": 4, ""status"": 1, ""pres"": 967.3206, ""meas_profile"": ""HP-7"", ""meas_id"": 7, ""hum"": 34.30486, ""gas_res"": 8253.805}, {""temp"": 21.89292, ""step"": 4, ""status"": 1, ""pres"": 967.441, ""meas_profile"": ""HP-6"", ""meas_id"": 6, ""hum"": 34.19237, ""gas_res"": 25000.0}, {""temp"": 21.78291, ""step"": 4, ""status"": 1, ""pres"": 967.2048, ""meas_profile"": ""HP-5"", ""meas_id"": 5, ""hum"": 34.3914, ""gas_res"": 100847.0}, {""temp"": 21.53735, ""step"": 4, ""status"": 1, ""pres"": 967.2707, ""meas_profile"": ""HP-4"", ""meas_id"": 4, ""hum"": 33.97607, ""gas_res"": 131856.8}, {""temp"": 21.70708, ""step"": 4, ""status"": 1, ""pres"": 966.925, ""meas_profile"": ""HP-3"", ""meas_id"": 3, ""hum"": 34.46756, ""gas_res"": 77062.01}, {""temp"": 21.61768, ""step"": 4, ""status"": 1, ""pres"": 967.061, ""meas_profile"": ""HP-2"", ""meas_id"": 2, ""hum"": 34.69344, ""gas_res"": 99378.88}, {""temp"": 21.38417, ""step"": 4, ""status"": 1, ""pres"": 967.1435, ""meas_profile"": ""HP-1"", ""meas_id"": 1, ""hum"": 33.14797, ""gas_res"": 100000.0}]}",NULL,"2025-10-27 10:09:27.604577"
11861,"04a600b9b0b8","2025-10-27 10:08:21","eImUXegF6PX68IH37naU","{""bme688"": [{""temp"": 21.84523, ""step"": 3, ""status"": 0, ""pres"": 967.2098, ""meas_profile"": ""HP-8"", ""meas_id"": 8, ""hum"": 34.42865, ""gas_res"": 5684.846}, {""temp"": 21.81206, ""step"": 3, ""status"": 0, ""pres"": 967.3203, ""meas_profile"": ""HP-7"", ""meas_id"": 7, ""hum"": 34.29345, ""gas_res"": 5684.846}, {""temp"": 21.89199, ""step"": 3, ""status"": 0, ""pres"": 967.4414, ""meas_profile"": ""HP-6"", ""meas_id"": 6, ""hum"": 34.19802, ""gas_res"": 12202.1}, {""temp"": 21.78197, ""step"": 3, ""status"": 0, ""pres"": 967.205, ""meas_profile"": ""HP-5"", ""meas_id"": 5, ""hum"": 34.41963, ""gas_res"": 32217.47}, {""temp"": 21.5361, ""step"": 3, ""status"": 0, ""pres"": 967.2704, ""meas_profile"": ""HP-4"", ""meas_id"": 4, ""hum"": 33.97023, ""gas_res"": 39788.62}, {""temp"": 21.70584, ""step"": 3, ""status"": 0, ""pres"": 966.923, ""meas_profile"": ""HP-3"", ""meas_id"": 3, ""hum"": 34.49039, ""gas_res"": 25256.51}, {""temp"": 21.61675, ""step"": 3, ""status"": 0, ""pres"": 967.061, ""meas_profile"": ""HP-2"", ""meas_id"": 2, ""hum"": 34.71605, ""gas_res"": 38565.83}, {""temp"": 21.38293, ""step"": 3, ""status"": 0, ""pres"": 967.1435, ""meas_profile"": ""HP-1"", ""meas_id"": 1, ""hum"": 33.16533, ""gas_res"": 25837.71}]}",NULL,"2025-10-27 10:09:28.869323"
11862,"04a600b9b0b8","2025-10-27 10:08:21","eImUXegF6PX68IH37naU","{""bme688"": [{""temp"": 21.8443, ""step"": 2, ""status"": 1, ""pres"": 967.2083, ""meas_profile"": ""HP-8"", ""meas_id"": 8, ""hum"": 34.43428, ""gas_res"": 9529.481}, {""temp"": 21.81082, ""step"": 2, ""status"": 1, ""pres"": 967.3182, ""meas_profile"": ""HP-7"", ""meas_id"": 7, ""hum"": 34.31592, ""gas_res"": 13593.88}, {""temp"": 21.89076, ""step"": 2, ""status"": 1, ""pres"": 967.4393, ""meas_profile"": ""HP-6"", ""meas_id"": 6, ""hum"": 34.21509, ""gas_res"": 44991.21}, {""temp"": 21.78103, ""step"": 2, ""status"": 1, ""pres"": 967.2035, ""meas_profile"": ""HP-5"", ""meas_id"": 5, ""hum"": 34.41388, ""gas_res"": 154963.7}, {""temp"": 21.53517, ""step"": 2, ""status"": 1, ""pres"": 967.2688, ""meas_profile"": ""HP-4"", ""meas_id"": 4, ""hum"": 33.9816, ""gas_res"": 279705.0}, {""temp"": 21.70492, ""step"": 2, ""status"": 1, ""pres"": 966.9232, ""meas_profile"": ""HP-3"", ""meas_id"": 3, ""hum"": 34.47883, ""gas_res"": 132987.0}, {""temp"": 21.6155, ""step"": 2, ""status"": 1, ""pres"": 967.059, ""meas_profile"": ""HP-2"", ""meas_id"": 2, ""hum"": 34.71027, ""gas_res"": 231989.1}, {""temp"": 21.38168, ""step"": 2, ""status"": 1, ""pres"": 967.1415, ""meas_profile"": ""HP-1"", ""meas_id"": 1, ""hum"": 33.15939, ""gas_res"": 170951.6}]}",NULL,"2025-10-27 10:09:30.150414"
11863,"04a600b9b0b8","2025-10-27 10:08:21","eImUXegF6PX68IH37naU","{""bme688"": [{""temp"": 21.84307, ""step"": 1, ""status"": 1, ""pres"": 967.2065, ""meas_profile"": ""HP-8"", ""meas_id"": 8, ""hum"": 34.44559, ""gas_res"": 5991.387}, {""temp"": 21.80989, ""step"": 1, ""status"": 1, ""pres"": 967.3167, ""meas_profile"": ""HP-7"", ""meas_id"": 7, ""hum"": 34.30453, ""gas_res"": 6732.59}, {""temp"": 21.88983, ""step"": 1, ""status"": 1, ""pres"": 967.4379, ""meas_profile"": ""HP-6"", ""meas_id"": 6, ""hum"": 34.20927, ""gas_res"": 19619.87}, {""temp"": 21.78009, ""step"": 1, ""status"": 1, ""pres"": 967.2019, ""meas_profile"": ""HP-5"", ""meas_id"": 5, ""hum"": 34.4138, ""gas_res"": 30600.05}, {""temp"": 21.53424, ""step"": 1, ""status"": 1, ""pres"": 967.2673, ""meas_profile"": ""HP-4"", ""meas_id"": 4, ""hum"": 33.97579, ""gas_res"": 37948.41}, {""temp"": 21.7043, ""step"": 1, ""status"": 1, ""pres"": 966.9221, ""meas_profile"": ""HP-3"", ""meas_id"": 3, ""hum"": 34.4673, ""gas_res"": 25000.0}, {""temp"": 21.61457, ""step"": 1, ""status"": 1, ""pres"": 967.0576, ""meas_profile"": ""HP-2"", ""meas_id"": 2, ""hum"": 34.68748, ""gas_res"": 32561.69}, {""temp"": 21.38106, ""step"": 1, ""status"": 1, ""pres"": 967.1425, ""meas_profile"": ""HP-1"", ""meas_id"": 1, ""hum"": 33.16516, ""gas_res"": 24182.88}]}",NULL,"2025-10-27 10:09:31.641022"
11864,"04a600b9b0b8","2025-10-27 10:08:21","eImUXegF6PX68IH37naU","{""bme688"": [{""temp"": 21.84183, ""step"": 0, ""status"": 1, ""pres"": 967.2045, ""meas_profile"": ""HP-8"", ""meas_id"": 8, ""hum"": 34.41691, ""gas_res"": 5684.846}, {""temp"": 21.80865, ""step"": 0, ""status"": 1, ""pres"": 967.3148, ""meas_profile"": ""HP-7"", ""meas_id"": 7, ""hum"": 34.31007, ""gas_res"": 5684.846}, {""temp"": 21.88891, ""step"": 0, ""status"": 1, ""pres"": 967.4364, ""meas_profile"": ""HP-6"", ""meas_id"": 6, ""hum"": 34.20919, ""gas_res"": 7600.95}, {""temp"": 21.77947, ""step"": 0, ""status"": 1, ""pres"": 967.2008, ""meas_profile"": ""HP-5"", ""meas_id"": 5, ""hum"": 34.4194, ""gas_res"": 25000.0}, {""temp"": 21.53362, ""step"": 0, ""status"": 1, ""pres"": 967.2681, ""meas_profile"": ""HP-4"", ""meas_id"": 4, ""hum"": 33.97573, ""gas_res"": 23230.49}, {""temp"": 21.70306, ""step"": 0, ""status"": 1, ""pres"": 966.9202, ""meas_profile"": ""HP-3"", ""meas_id"": 3, ""hum"": 34.46719, ""gas_res"": 5967.922}, {""temp"": 21.61395, ""step"": 0, ""status"": 1, ""pres"": 967.0565, ""meas_profile"": ""HP-2"", ""meas_id"": 2, ""hum"": 34.6931, ""gas_res"": 7628.129}, {""temp"": 21.38013, ""step"": 0, ""status"": 1, ""pres"": 967.1411, ""meas_profile"": ""HP-1"", ""meas_id"": 1, ""hum"": 33.1709, ""gas_res"": 6317.868}]}",NULL,"2025-10-27 10:09:33.360381"
11865,"04a600b9b0b8","2025-10-27 10:07:53","eImUXegF6PX68IH37naU","{""zphs01b"": {""voc"": 0, ""temp"": 19.8, ""pm2_5"": 0, ""pm1_0"": 0, ""pm10"": 334, ""o3"": 0.13, ""no2"": 10.0, ""hum"": 0, ""fmhd"": 0, ""co2"": 5000, ""co"": 0.0}, ""smell_b"": {}, ""sfa30"": {""temp"": 21.9, ""hum"": 35.15, ""fmhd"": 4.0}, ""sen5x"": {""voc"": 119.0, ""temp"": 21.83, ""pm4_0"": 4471.9, ""pm2_5"": 4471.9, ""pm1_0"": 4264.2, ""pm10"": 4471.9, ""nox"": 1.0, ""mass_c"": 4419.975, ""hum"": 40.59}, ""scd41"": {""temp"": 21.64339, ""hum"": 37.4609, ""co2"": 653}, ""power_source"": 0, ""mics6814"": {""red_res"": 0, ""no2_res"": 0, ""no2"": 0.17, ""nh3_res"": 0, ""nh3"": 0.73, ""co_res"": 0, ""co"": 44.0}}",NULL,"2025-10-27 10:09:34.517271"
11866,"04a600b9b0b8","2025-10-27 10:07:53","eImUXegF6PX68IH37naU","{""bme688"": [{""temp"": 21.8406, ""step"": 9, ""status"": 1, ""pres"": 967.2026, ""meas_profile"": ""HP-8"", ""meas_id"": 8, ""hum"": 34.42822, ""gas_res"": 5684.846}, {""temp"": 21.80772, ""step"": 9, ""status"": 1, ""pres"": 967.3147, ""meas_profile"": ""HP-7"", ""meas_id"": 7, ""hum"": 34.32128, ""gas_res"": 5684.846}, {""temp"": 21.88798, ""step"": 9, ""status"": 1, ""pres"": 967.4348, ""meas_profile"": ""HP-6"", ""meas_id"": 6, ""hum"": 34.19764, ""gas_res"": 6792.613}, {""temp"": 21.77884, ""step"": 9, ""status"": 1, ""pres"": 967.2014, ""meas_profile"": ""HP-5"", ""meas_id"": 5, ""hum"": 34.40236, ""gas_res"": 23180.01}, {""temp"": 21.53269, ""step"": 9, ""status"": 1, ""pres"": 967.2664, ""meas_profile"": ""HP-4"", ""meas_id"": 4, ""hum"": 33.98138, ""gas_res"": 22307.42}, {""temp"": 21.70214, ""step"": 9, ""status"": 1, ""pres"": 966.9187, ""meas_profile"": ""HP-3"", ""meas_id"": 3, ""hum"": 34.47857, ""gas_res"": 6314.128}, {""temp"": 21.61333, ""step"": 9, ""status"": 1, ""pres"": 967.0571, ""meas_profile"": ""HP-2"", ""meas_id"": 2, ""hum"": 34.69304, ""gas_res"": 7244.736}, {""temp"": 21.37888, ""step"": 9, ""status"": 1, ""pres"": 967.1409, ""meas_profile"": ""HP-1"", ""meas_id"": 1, ""hum"": 33.16496, ""gas_res"": 8483.563}]}",NULL,"2025-10-27 10:09:35.923577"
11867,"04a600b9b0b8","2025-10-27 10:07:53","eImUXegF6PX68IH37naU","{""bme688"": [{""temp"": 21.83936, ""step"": 8, ""status"": 1, ""pres"": 967.2006, ""meas_profile"": ""HP-8"", ""meas_id"": 8, ""hum"": 34.41096, ""gas_res"": 5684.846}, {""temp"": 21.80647, ""step"": 8, ""status"": 1, ""pres"": 967.3127, ""meas_profile"": ""HP-7"", ""meas_id"": 7, ""hum"": 34.32117, ""gas_res"": 5684.846}, {""temp"": 21.88675, ""step"": 8, ""status"": 1, ""pres"": 967.4329, ""meas_profile"": ""HP-6"", ""meas_id"": 6, ""hum"": 34.20899, ""gas_res"": 7081.213}, {""temp"": 21.77822, ""step"": 8, ""status"": 1, ""pres"": 967.2003, ""meas_profile"": ""HP-5"", ""meas_id"": 5, ""hum"": 34.41928, ""gas_res"": 22168.34}, {""temp"": 21.53206, ""step"": 8, ""status"": 1, ""pres"": 967.2654, ""meas_profile"": ""HP-4"", ""meas_id"": 4, ""hum"": 33.96412, ""gas_res"": 20969.86}, {""temp"": 21.70121, ""step"": 8, ""status"": 1, ""pres"": 966.9172, ""meas_profile"": ""HP-3"", ""meas_id"": 3, ""hum"": 34.46701, ""gas_res"": 8066.549}, {""temp"": 21.6124, ""step"": 8, ""status"": 1, ""pres"": 967.0556, ""meas_profile"": ""HP-2"", ""meas_id"": 2, ""hum"": 34.70997, ""gas_res"": 7062.458}, {""temp"": 21.37795, ""step"": 8, ""status"": 1, ""pres"": 967.1395, ""meas_profile"": ""HP-1"", ""meas_id"": 1, ""hum"": 33.16488, ""gas_res"": 5934.718}]}",NULL,"2025-10-27 10:09:37.291967"
11868,"04a600b9b0b8","2025-10-27 10:07:53","eImUXegF6PX68IH37naU","{""bme688"": [{""temp"": 21.83813, ""step"": 7, ""status"": 1, ""pres"": 967.2004, ""meas_profile"": ""HP-8"", ""meas_id"": 8, ""hum"": 34.42228, ""gas_res"": 5684.846}, {""temp"": 21.80523, ""step"": 7, ""status"": 1, ""pres"": 967.3107, ""meas_profile"": ""HP-7"", ""meas_id"": 7, ""hum"": 34.30976, ""gas_res"": 5684.846}, {""temp"": 21.88582, ""step"": 7, ""status"": 1, ""pres"": 967.4315, ""meas_profile"": ""HP-6"", ""meas_id"": 6, ""hum"": 34.20317, ""gas_res"": 7225.107}, {""temp"": 21.77728, ""step"": 7, ""status"": 1, ""pres"": 967.2007, ""meas_profile"": ""HP-5"", ""meas_id"": 5, ""hum"": 34.41353, ""gas_res"": 22099.45}, {""temp"": 21.53113, ""step"": 7, ""status"": 1, ""pres"": 967.2656, ""meas_profile"": ""HP-4"", ""meas_id"": 4, ""hum"": 33.9755, ""gas_res"": 18940.52}, {""temp"": 21.70028, ""step"": 7, ""status"": 1, ""pres"": 966.9157, ""meas_profile"": ""HP-3"", ""meas_id"": 3, ""hum"": 34.48414, ""gas_res"": 7369.875}, {""temp"": 21.61147, ""step"": 7, ""status"": 1, ""pres"": 967.0541, ""meas_profile"": ""HP-2"", ""meas_id"": 2, ""hum"": 34.70421, ""gas_res"": 6779.661}, {""temp"": 21.3767, ""step"": 7, ""status"": 1, ""pres"": 967.1394, ""meas_profile"": ""HP-1"", ""meas_id"": 1, ""hum"": 33.15894, ""gas_res"": 7899.284}]}",NULL,"2025-10-27 10:09:38.475159"
11869,"04a600b9b0b8","2025-10-27 10:07:53","eImUXegF6PX68IH37naU","{""bme688"": [{""temp"": 21.8372, ""step"": 6, ""status"": 1, ""pres"": 967.199, ""meas_profile"": ""HP-8"", ""meas_id"": 8, ""hum"": 34.43362, ""gas_res"": 6420.546}, {""temp"": 21.8043, ""step"": 6, ""status"": 1, ""pres"": 967.3091, ""meas_profile"": ""HP-7"", ""meas_id"": 7, ""hum"": 34.32661, ""gas_res"": 8510.639}, {""temp"": 21.8852, ""step"": 6, ""status"": 1, ""pres"": 967.4321, ""meas_profile"": ""HP-6"", ""meas_id"": 6, ""hum"": 34.20312, ""gas_res"": 25000.0}, {""temp"": 21.77665, ""step"": 6, ""status"": 1, ""pres"": 967.1996, ""meas_profile"": ""HP-5"", ""meas_id"": 5, ""hum"": 34.43613, ""gas_res"": 100000.0}, {""temp"": 21.5302, ""step"": 6, ""status"": 1, ""pres"": 967.2642, ""meas_profile"": ""HP-4"", ""meas_id"": 4, ""hum"": 33.99262, ""gas_res"": 105719.6}, {""temp"": 21.69935, ""step"": 6, ""status"": 1, ""pres"": 966.9141, ""meas_profile"": ""HP-3"", ""meas_id"": 3, ""hum"": 34.46684, ""gas_res"": 40163.16}, {""temp"": 21.61054, ""step"": 6, ""status"": 1, ""pres"": 967.0542, ""meas_profile"": ""HP-2"", ""meas_id"": 2, ""hum"": 34.71547, ""gas_res"": 100000.0}, {""temp"": 21.37577, ""step"": 6, ""status"": 1, ""pres"": 967.1379, ""meas_profile"": ""HP-1"", ""meas_id"": 1, ""hum"": 33.16469, ""gas_res"": 81166.77}]}",NULL,"2025-10-27 10:09:39.76032"
11870,"04a600b9b0b8","2025-10-27 10:07:53","eImUXegF6PX68IH37naU","{""bme688"": [{""temp"": 21.83627, ""step"": 5, ""status"": 1, ""pres"": 967.1975, ""meas_profile"": ""HP-8"", ""meas_id"": 8, ""hum"": 34.44497, ""gas_res"": 6366.892}, {""temp"": 21.80337, ""step"": 5, ""status"": 1, ""pres"": 967.3077, ""meas_profile"": ""HP-7"", ""meas_id"": 7, ""hum"": 34.32088, ""gas_res"": 8436.594}, {""temp"": 21.88458, ""step"": 5, ""status"": 1, ""pres"": 967.4294, ""meas_profile"": ""HP-6"", ""meas_id"": 6, ""hum"": 34.22598, ""gas_res"": 25000.0}, {""temp"": 21.77603, ""step"": 5, ""status"": 1, ""pres"": 967.1985, ""meas_profile"": ""HP-5"", ""meas_id"": 5, ""hum"": 34.41908, ""gas_res"": 100000.0}, {""temp"": 21.52896, ""step"": 5, ""status"": 1, ""pres"": 967.262, ""meas_profile"": ""HP-4"", ""meas_id"": 4, ""hum"": 34.00397, ""gas_res"": 105785.1}, {""temp"": 21.69873, ""step"": 5, ""status"": 1, ""pres"": 966.9131, ""meas_profile"": ""HP-3"", ""meas_id"": 3, ""hum"": 34.46679, ""gas_res"": 39203.68}, {""temp"": 21.60991, ""step"": 5, ""status"": 1, ""pres"": 967.0532, ""meas_profile"": ""HP-2"", ""meas_id"": 2, ""hum"": 34.72676, ""gas_res"": 100000.0}, {""temp"": 21.37483, ""step"": 5, ""status"": 1, ""pres"": 967.1384, ""meas_profile"": ""HP-1"", ""meas_id"": 1, ""hum"": 33.17624, ""gas_res"": 46159.39}]}",NULL,"2025-10-27 10:09:41.039513"
11871,"04a600b9b0b8","2025-10-27 10:07:53","eImUXegF6PX68IH37naU","{""bme688"": [{""temp"": 21.83535, ""step"": 4, ""status"": 1, ""pres"": 967.1961, ""meas_profile"": ""HP-8"", ""meas_id"": 8, ""hum"": 34.43916, ""gas_res"": 6424.413}, {""temp"": 21.80244, ""step"": 4, ""status"": 1, ""pres"": 967.3059, ""meas_profile"": ""HP-7"", ""meas_id"": 7, ""hum"": 34.33209, ""gas_res"": 8497.079}, {""temp"": 21.88366, ""step"": 4, ""status"": 1, ""pres"": 967.4297, ""meas_profile"": ""HP-6"", ""meas_id"": 6, ""hum"": 34.24308, ""gas_res"": 25000.0}, {""temp"": 21.77509, ""step"": 4, ""status"": 1, ""pres"": 967.197, ""meas_profile"": ""HP-5"", ""meas_id"": 5, ""hum"": 34.43599, ""gas_res"": 100000.0}, {""temp"": 21.52803, ""step"": 4, ""status"": 1, ""pres"": 967.2622, ""meas_profile"": ""HP-4"", ""meas_id"": 4, ""hum"": 34.00389, ""gas_res"": 109029.0}, {""temp"": 21.69781, ""step"": 4, ""status"": 1, ""pres"": 966.9116, ""meas_profile"": ""HP-3"", ""meas_id"": 3, ""hum"": 34.49538, ""gas_res"": 38705.78}, {""temp"": 21.60898, ""step"": 4, ""status"": 1, ""pres"": 967.0517, ""meas_profile"": ""HP-2"", ""meas_id"": 2, ""hum"": 34.71533, ""gas_res"": 100000.0}, {""temp"": 21.37421, ""step"": 4, ""status"": 1, ""pres"": 967.1372, ""meas_profile"": ""HP-1"", ""meas_id"": 1, ""hum"": 33.18201, ""gas_res"": 45133.99}]}",NULL,"2025-10-27 10:09:42.413778"
11872,"04a600b9b0b8","2025-10-27 10:07:53","eImUXegF6PX68IH37naU","{""bme688"": [{""temp"": 21.83411, ""step"": 3, ""status"": 0, ""pres"": 967.1942, ""meas_profile"": ""HP-8"", ""meas_id"": 8, ""hum"": 34.4562, ""gas_res"": 5684.846}, {""temp"": 21.8012, ""step"": 3, ""status"": 0, ""pres"": 967.3038, ""meas_profile"": ""HP-7"", ""meas_id"": 7, ""hum"": 34.33763, ""gas_res"": 5684.846}, {""temp"": 21.88273, ""step"": 3, ""status"": 0, ""pres"": 967.4283, ""meas_profile"": ""HP-6"", ""meas_id"": 6, ""hum"": 34.26592, ""gas_res"": 12091.44}, {""temp"": 21.77415, ""step"": 3, ""status"": 0, ""pres"": 967.1971, ""meas_profile"": ""HP-5"", ""meas_id"": 5, ""hum"": 34.45855, ""gas_res"": 30167.33}, {""temp"": 21.52678, ""step"": 3, ""status"": 0, ""pres"": 967.2601, ""meas_profile"": ""HP-4"", ""meas_id"": 4, ""hum"": 34.02671, ""gas_res"": 34151.55}, {""temp"": 21.69657, ""step"": 3, ""status"": 0, ""pres"": 966.9096, ""meas_profile"": ""HP-3"", ""meas_id"": 3, ""hum"": 34.51823, ""gas_res"": 21136.06}, {""temp"": 21.60774, ""step"": 3, ""status"": 0, ""pres"": 967.0513, ""meas_profile"": ""HP-2"", ""meas_id"": 2, ""hum"": 34.74358, ""gas_res"": 32193.16}, {""temp"": 21.37266, ""step"": 3, ""status"": 0, ""pres"": 967.1349, ""meas_profile"": ""HP-1"", ""meas_id"": 1, ""hum"": 33.18769, ""gas_res"": 21262.46}]}",NULL,"2025-10-27 10:09:43.609415"
11873,"04a600b9b0b8","2025-10-27 10:07:53","eImUXegF6PX68IH37naU","{""bme688"": [{""temp"": 21.83319, ""step"": 2, ""status"": 1, ""pres"": 967.1927, ""meas_profile"": ""HP-8"", ""meas_id"": 8, ""hum"": 34.45611, ""gas_res"": 11177.09}, {""temp"": 21.80026, ""step"": 2, ""status"": 1, ""pres"": 967.3025, ""meas_profile"": ""HP-7"", ""meas_id"": 7, ""hum"": 34.34319, ""gas_res"": 16218.96}, {""temp"": 21.8815, ""step"": 2, ""status"": 1, ""pres"": 967.4261, ""meas_profile"": ""HP-6"", ""meas_id"": 6, ""hum"": 34.25434, ""gas_res"": 53222.45}, {""temp"": 21.77321, ""step"": 2, ""status"": 1, ""pres"": 967.1956, ""meas_profile"": ""HP-5"", ""meas_id"": 5, ""hum"": 34.44714, ""gas_res"": 168421.0}, {""temp"": 21.52554, ""step"": 2, ""status"": 1, ""pres"": 967.2598, ""meas_profile"": ""HP-4"", ""meas_id"": 4, ""hum"": 34.02086, ""gas_res"": 265766.9}, {""temp"": 21.69564, ""step"": 2, ""status"": 1, ""pres"": 966.9082, ""meas_profile"": ""HP-3"", ""meas_id"": 3, ""hum"": 34.52388, ""gas_res"": 123017.8}, {""temp"": 21.60681, ""step"": 2, ""status"": 1, ""pres"": 967.0499, ""meas_profile"": ""HP-2"", ""meas_id"": 2, ""hum"": 34.75484, ""gas_res"": 208979.6}, {""temp"": 21.37172, ""step"": 2, ""status"": 1, ""pres"": 967.1353, ""meas_profile"": ""HP-1"", ""meas_id"": 1, ""hum"": 33.18761, ""gas_res"": 152744.6}]}",NULL,"2025-10-27 10:09:44.869214"
11874,"04a600b9b0b8","2025-10-27 10:07:53","eImUXegF6PX68IH37naU","{""bme688"": [{""temp"": 21.83226, ""step"": 1, ""status"": 1, ""pres"": 967.1913, ""meas_profile"": ""HP-8"", ""meas_id"": 8, ""hum"": 34.45031, ""gas_res"": 6436.042}, {""temp"": 21.79933, ""step"": 1, ""status"": 1, ""pres"": 967.3008, ""meas_profile"": ""HP-7"", ""meas_id"": 7, ""hum"": 34.3544, ""gas_res"": 7195.862}, {""temp"": 21.88057, ""step"": 1, ""status"": 1, ""pres"": 967.4266, ""meas_profile"": ""HP-6"", ""meas_id"": 6, ""hum"": 34.27145, ""gas_res"": 19494.37}, {""temp"": 21.77259, ""step"": 1, ""status"": 1, ""pres"": 967.1945, ""meas_profile"": ""HP-5"", ""meas_id"": 5, ""hum"": 34.46974, ""gas_res"": 28822.34}, {""temp"": 21.52492, ""step"": 1, ""status"": 1, ""pres"": 967.2587, ""meas_profile"": ""HP-4"", ""meas_id"": 4, ""hum"": 34.03228, ""gas_res"": 31387.94}, {""temp"": 21.69471, ""step"": 1, ""status"": 1, ""pres"": 966.9066, ""meas_profile"": ""HP-3"", ""meas_id"": 3, ""hum"": 34.51231, ""gas_res"": 25000.0}, {""temp"": 21.60619, ""step"": 1, ""status"": 1, ""pres"": 967.0488, ""meas_profile"": ""HP-2"", ""meas_id"": 2, ""hum"": 34.74911, ""gas_res"": 26042.73}, {""temp"": 21.3711, ""step"": 1, ""status"": 1, ""pres"": 967.1343, ""meas_profile"": ""HP-1"", ""meas_id"": 1, ""hum"": 33.21085, ""gas_res"": 25000.0}]}",NULL,"2025-10-27 10:09:46.14924"
11875,"04a600b9b0b8","2025-10-27 10:07:53","eImUXegF6PX68IH37naU","{""bme688"": [{""temp"": 21.83102, ""step"": 0, ""status"": 1, ""pres"": 967.1895, ""meas_profile"": ""HP-8"", ""meas_id"": 8, ""hum"": 34.46162, ""gas_res"": 5684.846}, {""temp"": 21.79809, ""step"": 0, ""status"": 1, ""pres"": 967.2989, ""meas_profile"": ""HP-7"", ""meas_id"": 7, ""hum"": 34.35994, ""gas_res"": 5684.846}, {""temp"": 21.87964, ""step"": 0, ""status"": 1, ""pres"": 967.4249, ""meas_profile"": ""HP-6"", ""meas_id"": 6, ""hum"": 34.26563, ""gas_res"": 7870.143}, {""temp"": 21.77196, ""step"": 0, ""status"": 1, ""pres"": 967.1936, ""meas_profile"": ""HP-5"", ""meas_id"": 5, ""hum"": 34.46402, ""gas_res"": 25000.0}, {""temp"": 21.52399, ""step"": 0, ""status"": 1, ""pres"": 967.2572, ""meas_profile"": ""HP-4"", ""meas_id"": 4, ""hum"": 34.04366, ""gas_res"": 19512.2}, {""temp"": 21.69378, ""step"": 0, ""status"": 1, ""pres"": 966.9052, ""meas_profile"": ""HP-3"", ""meas_id"": 3, ""hum"": 34.52371, ""gas_res"": 7100.066}, {""temp"": 21.60495, ""step"": 0, ""status"": 1, ""pres"": 967.0468, ""meas_profile"": ""HP-2"", ""meas_id"": 2, ""hum"": 34.76602, ""gas_res"": 6401.28}, {""temp"": 21.36986, ""step"": 0, ""status"": 1, ""pres"": 967.1342, ""meas_profile"": ""HP-1"", ""meas_id"": 1, ""hum"": 33.2049, ""gas_res"": 7473.144}]}",NULL,"2025-10-27 10:09:47.534373"
11876,"04a600b9b0b8","2025-10-27 10:09:52","eImUXegF6PX68IH37naU","{""zphs01b"": {""voc"": 0, ""temp"": 20.0, ""pm2_5"": 0, ""pm1_0"": 0, ""pm10"": 340, ""o3"": 0.04, ""no2"": 10.0, ""hum"": 0, ""fmhd"": 0, ""co2"": 5000, ""co"": 0.0}, ""smell_b"": {}, ""sfa30"": {""temp"": 21.99, ""hum"": 35.07, ""fmhd"": 2.4}, ""sen5x"": {""voc"": 129.0, ""temp"": 21.77, ""pm4_0"": 4420.0, ""pm2_5"": 4420.0, ""pm1_0"": 4214.7, ""pm10"": 4420.0, ""nox"": 1.0, ""mass_c"": 4368.675, ""hum"": 40.78}, ""scd41"": {""temp"": 21.77692, ""hum"": 37.30526, ""co2"": 667}, ""power_source"": 0, ""mics6814"": {""red_res"": 0, ""no2_res"": 0, ""no2"": 0.17, ""nh3_res"": 0, ""nh3"": 0.73, ""co_res"": 0, ""co"": 44.0}}",NULL,"2025-10-27 10:10:51.619725"
11877,"04a600b9b0b8","2025-10-27 10:09:52","eImUXegF6PX68IH37naU","{""bme688"": [{""temp"": 21.87828, ""step"": 9, ""status"": 1, ""pres"": 967.2263, ""meas_profile"": ""HP-8"", ""meas_id"": 8, ""hum"": 34.34602, ""gas_res"": 5684.846}, {""temp"": 21.8456, ""step"": 9, ""status"": 1, ""pres"": 967.3402, ""meas_profile"": ""HP-7"", ""meas_id"": 7, ""hum"": 34.25136, ""gas_res"": 5684.846}, {""temp"": 21.92039, ""step"": 9, ""status"": 1, ""pres"": 967.4559, ""meas_profile"": ""HP-6"", ""meas_id"": 6, ""hum"": 34.12046, ""gas_res"": 7162.041}, {""temp"": 21.8098, ""step"": 9, ""status"": 1, ""pres"": 967.2117, ""meas_profile"": ""HP-5"", ""meas_id"": 5, ""hum"": 34.31464, ""gas_res"": 25000.0}, {""temp"": 21.56654, ""step"": 9, ""status"": 1, ""pres"": 967.2804, ""meas_profile"": ""HP-4"", ""meas_id"": 4, ""hum"": 33.85838, ""gas_res"": 25000.0}, {""temp"": 21.73491, ""step"": 9, ""status"": 1, ""pres"": 966.9417, ""meas_profile"": ""HP-3"", ""meas_id"": 3, ""hum"": 34.35543, ""gas_res"": 6578.947}, {""temp"": 21.64594, ""step"": 9, ""status"": 1, ""pres"": 967.0769, ""meas_profile"": ""HP-2"", ""meas_id"": 2, ""hum"": 34.56565, ""gas_res"": 7823.961}, {""temp"": 21.41249, ""step"": 9, ""status"": 1, ""pres"": 967.1526, ""meas_profile"": ""HP-1"", ""meas_id"": 1, ""hum"": 33.02831, ""gas_res"": 6254.887}]}",NULL,"2025-10-27 10:10:52.713125"
11878,"04a600b9b0b8","2025-10-27 10:09:52","eImUXegF6PX68IH37naU","{""bme688"": [{""temp"": 21.87673, ""step"": 8, ""status"": 1, ""pres"": 967.2257, ""meas_profile"": ""HP-8"", ""meas_id"": 8, ""hum"": 34.35159, ""gas_res"": 5684.846}, {""temp"": 21.84405, ""step"": 8, ""status"": 1, ""pres"": 967.3395, ""meas_profile"": ""HP-7"", ""meas_id"": 7, ""hum"": 34.2117, ""gas_res"": 5684.846}, {""temp"": 21.91916, ""step"": 8, ""status"": 1, ""pres"": 967.4556, ""meas_profile"": ""HP-6"", ""meas_id"": 6, ""hum"": 34.12607, ""gas_res"": 7509.974}, {""temp"": 21.80886, ""step"": 8, ""status"": 1, ""pres"": 967.212, ""meas_profile"": ""HP-5"", ""meas_id"": 5, ""hum"": 34.30889, ""gas_res"": 25000.0}, {""temp"": 21.5653, ""step"": 8, ""status"": 1, ""pres"": 967.28, ""meas_profile"": ""HP-4"", ""meas_id"": 4, ""hum"": 33.85254, ""gas_res"": 23306.63}, {""temp"": 21.73368, ""step"": 8, ""status"": 1, ""pres"": 966.9398, ""meas_profile"": ""HP-3"", ""meas_id"": 3, ""hum"": 34.35532, ""gas_res"": 6325.361}, {""temp"": 21.64469, ""step"": 8, ""status"": 1, ""pres"": 967.0765, ""meas_profile"": ""HP-2"", ""meas_id"": 2, ""hum"": 34.55421, ""gas_res"": 7988.018}, {""temp"": 21.41125, ""step"": 8, ""status"": 1, ""pres"": 967.1526, ""meas_profile"": ""HP-1"", ""meas_id"": 1, ""hum"": 33.03983, ""gas_res"": 6412.826}]}",NULL,"2025-10-27 10:10:54.108305"
11879,"04a600b9b0b8","2025-10-27 10:09:52","eImUXegF6PX68IH37naU","{""bme688"": [{""temp"": 21.8755, ""step"": 7, ""status"": 1, ""pres"": 967.2255, ""meas_profile"": ""HP-8"", ""meas_id"": 8, ""hum"": 34.35718, ""gas_res"": 5684.846}, {""temp"": 21.84249, ""step"": 7, ""status"": 1, ""pres"": 967.3387, ""meas_profile"": ""HP-7"", ""meas_id"": 7, ""hum"": 34.23413, ""gas_res"": 5684.846}, {""temp"": 21.91792, ""step"": 7, ""status"": 1, ""pres"": 967.4536, ""meas_profile"": ""HP-6"", ""meas_id"": 6, ""hum"": 34.12595, ""gas_res"": 7457.469}, {""temp"": 21.80793, ""step"": 7, ""status"": 1, ""pres"": 967.2122, ""meas_profile"": ""HP-5"", ""meas_id"": 5, ""hum"": 34.32013, ""gas_res"": 25000.0}, {""temp"": 21.56437, ""step"": 7, ""status"": 1, ""pres"": 967.2801, ""meas_profile"": ""HP-4"", ""meas_id"": 4, ""hum"": 33.841, ""gas_res"": 21541.57}, {""temp"": 21.73244, ""step"": 7, ""status"": 1, ""pres"": 966.9394, ""meas_profile"": ""HP-3"", ""meas_id"": 3, ""hum"": 34.36094, ""gas_res"": 8324.662}, {""temp"": 21.64376, ""step"": 7, ""status"": 1, ""pres"": 967.0751, ""meas_profile"": ""HP-2"", ""meas_id"": 2, ""hum"": 34.57679, ""gas_res"": 7536.505}, {""temp"": 21.40969, ""step"": 7, ""status"": 1, ""pres"": 967.1501, ""meas_profile"": ""HP-1"", ""meas_id"": 1, ""hum"": 33.0397, ""gas_res"": 6139.678}]}",NULL,"2025-10-27 10:10:58.651643"
11880,"04a600b9b0b8","2025-10-27 10:09:52","eImUXegF6PX68IH37naU","{""bme688"": [{""temp"": 21.87426, ""step"": 6, ""status"": 1, ""pres"": 967.2254, ""meas_profile"": ""HP-8"", ""meas_id"": 8, ""hum"": 34.35136, ""gas_res"": 6336.634}, {""temp"": 21.84125, ""step"": 6, ""status"": 1, ""pres"": 967.3383, ""meas_profile"": ""HP-7"", ""meas_id"": 7, ""hum"": 34.22837, ""gas_res"": 8436.594}, {""temp"": 21.917, ""step"": 6, ""status"": 1, ""pres"": 967.4539, ""meas_profile"": ""HP-6"", ""meas_id"": 6, ""hum"": 34.1316, ""gas_res"": 25000.0}, {""temp"": 21.80636, ""step"": 6, ""status"": 1, ""pres"": 967.2112, ""meas_profile"": ""HP-5"", ""meas_id"": 5, ""hum"": 34.29168, ""gas_res"": 96841.31}, {""temp"": 21.56282, ""step"": 6, ""status"": 1, ""pres"": 967.2792, ""meas_profile"": ""HP-4"", ""meas_id"": 4, ""hum"": 33.84658, ""gas_res"": 118903.9}, {""temp"": 21.73151, ""step"": 6, ""status"": 1, ""pres"": 966.9395, ""meas_profile"": ""HP-3"", ""meas_id"": 3, ""hum"": 34.35511, ""gas_res"": 45181.79}, {""temp"": 21.64221, ""step"": 6, ""status"": 1, ""pres"": 967.074, ""meas_profile"": ""HP-2"", ""meas_id"": 2, ""hum"": 34.58232, ""gas_res"": 96240.6}, {""temp"": 21.40876, ""step"": 6, ""status"": 1, ""pres"": 967.1505, ""meas_profile"": ""HP-1"", ""meas_id"": 1, ""hum"": 33.0338, ""gas_res"": 92619.39}]}",NULL,"2025-10-27 10:10:59.347433"
11881,"04a600b9b0b8","2025-10-27 10:09:52","eImUXegF6PX68IH37naU","{""bme688"": [{""temp"": 21.87303, ""step"": 5, ""status"": 1, ""pres"": 967.2252, ""meas_profile"": ""HP-8"", ""meas_id"": 8, ""hum"": 34.35125, ""gas_res"": 6232.957}, {""temp"": 21.84001, ""step"": 5, ""status"": 1, ""pres"": 967.3379, ""meas_profile"": ""HP-7"", ""meas_id"": 7, ""hum"": 34.21697, ""gas_res"": 8285.862}, {""temp"": 21.91607, ""step"": 5, ""status"": 1, ""pres"": 967.454, ""meas_profile"": ""HP-6"", ""meas_id"": 6, ""hum"": 34.12005, ""gas_res"": 25000.0}, {""temp"": 21.80511, ""step"": 5, ""status"": 1, ""pres"": 967.2109, ""meas_profile"": ""HP-5"", ""meas_id"": 5, ""hum"": 34.32552, ""gas_res"": 97449.56}, {""temp"": 21.56157, ""step"": 5, ""status"": 1, ""pres"": 967.2788, ""meas_profile"": ""HP-4"", ""meas_id"": 4, ""hum"": 33.84074, ""gas_res"": 121011.6}, {""temp"": 21.73027, ""step"": 5, ""status"": 1, ""pres"": 966.9392, ""meas_profile"": ""HP-3"", ""meas_id"": 3, ""hum"": 34.35501, ""gas_res"": 44943.82}, {""temp"": 21.64096, ""step"": 5, ""status"": 1, ""pres"": 967.0739, ""meas_profile"": ""HP-2"", ""meas_id"": 2, ""hum"": 34.5822, ""gas_res"": 95486.76}, {""temp"": 21.40751, ""step"": 5, ""status"": 1, ""pres"": 967.1505, ""meas_profile"": ""HP-1"", ""meas_id"": 1, ""hum"": 33.0395, ""gas_res"": 90747.96}]}",NULL,"2025-10-27 10:11:00.023636"
11882,"04a600b9b0b8","2025-10-27 10:09:52","eImUXegF6PX68IH37naU","{""bme688"": [{""temp"": 21.87179, ""step"": 4, ""status"": 1, ""pres"": 967.225, ""meas_profile"": ""HP-8"", ""meas_id"": 8, ""hum"": 34.36255, ""gas_res"": 6254.887}, {""temp"": 21.83877, ""step"": 4, ""status"": 1, ""pres"": 967.3375, ""meas_profile"": ""HP-7"", ""meas_id"": 7, ""hum"": 34.22814, ""gas_res"": 8298.755}, {""temp"": 21.91515, ""step"": 4, ""status"": 1, ""pres"": 967.4526, ""meas_profile"": ""HP-6"", ""meas_id"": 6, ""hum"": 34.11997, ""gas_res"": 25000.0}, {""temp"": 21.80386, ""step"": 4, ""status"": 1, ""pres"": 967.2104, ""meas_profile"": ""HP-5"", ""meas_id"": 5, ""hum"": 34.31408, ""gas_res"": 98461.54}, {""temp"": 21.56002, ""step"": 4, ""status"": 1, ""pres"": 967.2781, ""meas_profile"": ""HP-4"", ""meas_id"": 4, ""hum"": 33.8578, ""gas_res"": 126482.2}, {""temp"": 21.72935, ""step"": 4, ""status"": 1, ""pres"": 966.9393, ""meas_profile"": ""HP-3"", ""meas_id"": 3, ""hum"": 34.35492, ""gas_res"": 45373.98}, {""temp"": 21.63972, ""step"": 4, ""status"": 1, ""pres"": 967.0734, ""meas_profile"": ""HP-2"", ""meas_id"": 2, ""hum"": 34.58208, ""gas_res"": 95593.73}, {""temp"": 21.40658, ""step"": 4, ""status"": 1, ""pres"": 967.1507, ""meas_profile"": ""HP-1"", ""meas_id"": 1, ""hum"": 33.05106, ""gas_res"": 90363.57}]}",NULL,"2025-10-27 10:11:00.695661"
11883,"04a600b9b0b8","2025-10-27 10:09:52","eImUXegF6PX68IH37naU","{""bme688"": [{""temp"": 21.87025, ""step"": 3, ""status"": 0, ""pres"": 967.2244, ""meas_profile"": ""HP-8"", ""meas_id"": 8, ""hum"": 34.36241, ""gas_res"": 5684.846}, {""temp"": 21.83722, ""step"": 3, ""status"": 0, ""pres"": 967.3365, ""meas_profile"": ""HP-7"", ""meas_id"": 7, ""hum"": 34.23929, ""gas_res"": 5684.846}, {""temp"": 21.9136, ""step"": 3, ""status"": 0, ""pres"": 967.4519, ""meas_profile"": ""HP-6"", ""meas_id"": 6, ""hum"": 34.15419, ""gas_res"": 12415.13}, {""temp"": 21.8023, ""step"": 3, ""status"": 0, ""pres"": 967.2096, ""meas_profile"": ""HP-5"", ""meas_id"": 5, ""hum"": 34.32526, ""gas_res"": 32315.07}, {""temp"": 21.55878, ""step"": 3, ""status"": 0, ""pres"": 967.2792, ""meas_profile"": ""HP-4"", ""meas_id"": 4, ""hum"": 33.88059, ""gas_res"": 39275.85}, {""temp"": 21.72811, ""step"": 3, ""status"": 0, ""pres"": 966.9389, ""meas_profile"": ""HP-3"", ""meas_id"": 3, ""hum"": 34.36627, ""gas_res"": 25226.65}, {""temp"": 21.63817, ""step"": 3, ""status"": 0, ""pres"": 967.0726, ""meas_profile"": ""HP-2"", ""meas_id"": 2, ""hum"": 34.59895, ""gas_res"": 37448.8}, {""temp"": 21.40502, ""step"": 3, ""status"": 0, ""pres"": 967.1501, ""meas_profile"": ""HP-1"", ""meas_id"": 1, ""hum"": 33.07418, ""gas_res"": 25635.89}]}",NULL,"2025-10-27 10:11:01.394782"
11884,"04a600b9b0b8","2025-10-27 10:09:52","eImUXegF6PX68IH37naU","{""bme688"": [{""temp"": 21.86901, ""step"": 2, ""status"": 1, ""pres"": 967.2241, ""meas_profile"": ""HP-8"", ""meas_id"": 8, ""hum"": 34.37372, ""gas_res"": 7905.138}, {""temp"": 21.83597, ""step"": 2, ""status"": 1, ""pres"": 967.3362, ""meas_profile"": ""HP-7"", ""meas_id"": 7, ""hum"": 34.23354, ""gas_res"": 10610.08}, {""temp"": 21.91237, ""step"": 2, ""status"": 1, ""pres"": 967.4517, ""meas_profile"": ""HP-6"", ""meas_id"": 6, ""hum"": 34.13689, ""gas_res"": 31976.02}, {""temp"": 21.80104, ""step"": 2, ""status"": 1, ""pres"": 967.2092, ""meas_profile"": ""HP-5"", ""meas_id"": 5, ""hum"": 34.31948, ""gas_res"": 97282.92}, {""temp"": 21.55722, ""step"": 2, ""status"": 1, ""pres"": 967.2784, ""meas_profile"": ""HP-4"", ""meas_id"": 4, ""hum"": 33.89191, ""gas_res"": 168089.3}, {""temp"": 21.72687, ""step"": 2, ""status"": 1, ""pres"": 966.937, ""meas_profile"": ""HP-3"", ""meas_id"": 3, ""hum"": 34.38336, ""gas_res"": 84796.29}, {""temp"": 21.63693, ""step"": 2, ""status"": 1, ""pres"": 967.0723, ""meas_profile"": ""HP-2"", ""meas_id"": 2, ""hum"": 34.59316, ""gas_res"": 142301.3}, {""temp"": 21.40378, ""step"": 2, ""status"": 1, ""pres"": 967.15, ""meas_profile"": ""HP-1"", ""meas_id"": 1, ""hum"": 33.06825, ""gas_res"": 107315.0}]}",NULL,"2025-10-27 10:11:02.092698"
11885,"04a600b9b0b8","2025-10-27 10:09:52","eImUXegF6PX68IH37naU","{""bme688"": [{""temp"": 21.86777, ""step"": 1, ""status"": 1, ""pres"": 967.2241, ""meas_profile"": ""HP-8"", ""meas_id"": 8, ""hum"": 34.36789, ""gas_res"": 6097.561}, {""temp"": 21.83473, ""step"": 1, ""status"": 1, ""pres"": 967.3359, ""meas_profile"": ""HP-7"", ""meas_id"": 7, ""hum"": 34.27859, ""gas_res"": 6866.953}, {""temp"": 21.91113, ""step"": 1, ""status"": 1, ""pres"": 967.4512, ""meas_profile"": ""HP-6"", ""meas_id"": 6, ""hum"": 34.15968, ""gas_res"": 20062.7}, {""temp"": 21.80011, ""step"": 1, ""status"": 1, ""pres"": 967.2093, ""meas_profile"": ""HP-5"", ""meas_id"": 5, ""hum"": 34.34204, ""gas_res"": 30910.41}, {""temp"": 21.55629, ""step"": 1, ""status"": 1, ""pres"": 967.2786, ""meas_profile"": ""HP-4"", ""meas_id"": 4, ""hum"": 33.89183, ""gas_res"": 37448.8}, {""temp"": 21.72595, ""step"": 1, ""status"": 1, ""pres"": 966.9371, ""meas_profile"": ""HP-3"", ""meas_id"": 3, ""hum"": 34.38327, ""gas_res"": 25000.0}, {""temp"": 21.63569, ""step"": 1, ""status"": 1, ""pres"": 967.072, ""meas_profile"": ""HP-2"", ""meas_id"": 2, ""hum"": 34.61572, ""gas_res"": 32561.69}, {""temp"": 21.40253, ""step"": 1, ""status"": 1, ""pres"": 967.1499, ""meas_profile"": ""HP-1"", ""meas_id"": 1, ""hum"": 33.06814, ""gas_res"": 24141.83}]}",NULL,"2025-10-27 10:11:02.819833"
11886,"04a600b9b0b8","2025-10-27 10:09:52","eImUXegF6PX68IH37naU","{""bme688"": [{""temp"": 21.86623, ""step"": 0, ""status"": 1, ""pres"": 967.2234, ""meas_profile"": ""HP-8"", ""meas_id"": 8, ""hum"": 34.3906, ""gas_res"": 5684.846}, {""temp"": 21.83349, ""step"": 0, ""status"": 1, ""pres"": 967.3354, ""meas_profile"": ""HP-7"", ""meas_id"": 7, ""hum"": 34.25589, ""gas_res"": 5684.846}, {""temp"": 21.9099, ""step"": 0, ""status"": 1, ""pres"": 967.4493, ""meas_profile"": ""HP-6"", ""meas_id"": 6, ""hum"": 34.15385, ""gas_res"": 7683.073}, {""temp"": 21.79917, ""step"": 0, ""status"": 1, ""pres"": 967.2095, ""meas_profile"": ""HP-5"", ""meas_id"": 5, ""hum"": 34.34196, ""gas_res"": 25000.0}, {""temp"": 21.55536, ""step"": 0, ""status"": 1, ""pres"": 967.2787, ""meas_profile"": ""HP-4"", ""meas_id"": 4, ""hum"": 33.87455, ""gas_res"": 22614.84}, {""temp"": 21.72471, ""step"": 0, ""status"": 1, ""pres"": 966.9369, ""meas_profile"": ""HP-3"", ""meas_id"": 3, ""hum"": 34.39462, ""gas_res"": 8390.142}, {""temp"": 21.63475, ""step"": 0, ""status"": 1, ""pres"": 967.072, ""meas_profile"": ""HP-2"", ""meas_id"": 2, ""hum"": 34.6043, ""gas_res"": 7520.564}, {""temp"": 21.40129, ""step"": 0, ""status"": 1, ""pres"": 967.1479, ""meas_profile"": ""HP-1"", ""meas_id"": 1, ""hum"": 33.07385, ""gas_res"": 6299.212}]}",NULL,"2025-10-27 10:11:03.737602"
11887,"04a600b9b0b8","2025-10-27 10:09:24","eImUXegF6PX68IH37naU","{""zphs01b"": {""voc"": 0, ""temp"": 19.9, ""pm2_5"": 0, ""pm1_0"": 0, ""pm10"": 339, ""o3"": 0.21, ""no2"": 0.12, ""hum"": 0, ""fmhd"": 0, ""co2"": 5000, ""co"": 0.0}, ""smell_b"": {}, ""sfa30"": {""temp"": 21.96, ""hum"": 35.1, ""fmhd"": 2.4}, ""sen5x"": {""voc"": 129.0, ""temp"": 21.78, ""pm4_0"": 4491.8, ""pm2_5"": 4491.8, ""pm1_0"": 4283.2, ""pm10"": 4491.8, ""nox"": 1.0, ""mass_c"": 4439.65, ""hum"": 40.76}, ""scd41"": {""temp"": 21.7235, ""hum"": 37.37698, ""co2"": 667}, ""power_source"": 0, ""mics6814"": {""red_res"": 0, ""no2_res"": 0, ""no2"": 0.17, ""nh3_res"": 0, ""nh3"": 0.73, ""co_res"": 0, ""co"": 44.0}}",NULL,"2025-10-27 10:11:03.745279"
11888,"04a600b9b0b8","2025-10-27 10:09:24","eImUXegF6PX68IH37naU","{""bme688"": [{""temp"": 21.865, ""step"": 9, ""status"": 1, ""pres"": 967.2232, ""meas_profile"": ""HP-8"", ""meas_id"": 8, ""hum"": 34.37334, ""gas_res"": 5684.846}, {""temp"": 21.83194, ""step"": 9, ""status"": 1, ""pres"": 967.3347, ""meas_profile"": ""HP-7"", ""meas_id"": 7, ""hum"": 34.26704, ""gas_res"": 5684.846}, {""temp"": 21.90866, ""step"": 9, ""status"": 1, ""pres"": 967.4492, ""meas_profile"": ""HP-6"", ""meas_id"": 6, ""hum"": 34.14801, ""gas_res"": 6818.666}, {""temp"": 21.79792, ""step"": 9, ""status"": 1, ""pres"": 967.2093, ""meas_profile"": ""HP-5"", ""meas_id"": 5, ""hum"": 34.3475, ""gas_res"": 23054.76}, {""temp"": 21.55412, ""step"": 9, ""status"": 1, ""pres"": 967.2782, ""meas_profile"": ""HP-4"", ""meas_id"": 4, ""hum"": 33.90309, ""gas_res"": 22122.37}, {""temp"": 21.72347, ""step"": 9, ""status"": 1, ""pres"": 966.9348, ""meas_profile"": ""HP-3"", ""meas_id"": 3, ""hum"": 34.40598, ""gas_res"": 6299.212}, {""temp"": 21.63351, ""step"": 9, ""status"": 1, ""pres"": 967.0717, ""meas_profile"": ""HP-2"", ""meas_id"": 2, ""hum"": 34.61552, ""gas_res"": 7215.333}, {""temp"": 21.40004, ""step"": 9, ""status"": 1, ""pres"": 967.1481, ""meas_profile"": ""HP-1"", ""meas_id"": 1, ""hum"": 33.09701, ""gas_res"": 8363.826}]}",NULL,"2025-10-27 10:11:04.43003"
11889,"04a600b9b0b8","2025-10-27 10:09:24","eImUXegF6PX68IH37naU","{""bme688"": [{""temp"": 21.86345, ""step"": 8, ""status"": 1, ""pres"": 967.2225, ""meas_profile"": ""HP-8"", ""meas_id"": 8, ""hum"": 34.38463, ""gas_res"": 5684.846}, {""temp"": 21.83039, ""step"": 8, ""status"": 1, ""pres"": 967.3337, ""meas_profile"": ""HP-7"", ""meas_id"": 7, ""hum"": 34.2556, ""gas_res"": 5684.846}, {""temp"": 21.90743, ""step"": 8, ""status"": 1, ""pres"": 967.4489, ""meas_profile"": ""HP-6"", ""meas_id"": 6, ""hum"": 34.15361, ""gas_res"": 7244.736}, {""temp"": 21.79698, ""step"": 8, ""status"": 1, ""pres"": 967.2093, ""meas_profile"": ""HP-5"", ""meas_id"": 5, ""hum"": 34.3474, ""gas_res"": 22168.34}, {""temp"": 21.55319, ""step"": 8, ""status"": 1, ""pres"": 967.2784, ""meas_profile"": ""HP-4"", ""meas_id"": 4, ""hum"": 33.89154, ""gas_res"": 21241.29}, {""temp"": 21.72223, ""step"": 8, ""status"": 1, ""pres"": 966.9345, ""meas_profile"": ""HP-3"", ""meas_id"": 3, ""hum"": 34.37146, ""gas_res"": 8228.336}, {""temp"": 21.63258, ""step"": 8, ""status"": 1, ""pres"": 967.0718, ""meas_profile"": ""HP-2"", ""meas_id"": 2, ""hum"": 34.62678, ""gas_res"": 7249.66}, {""temp"": 21.3988, ""step"": 8, ""status"": 1, ""pres"": 967.1479, ""meas_profile"": ""HP-1"", ""meas_id"": 1, ""hum"": 33.0969, ""gas_res"": 6090.598}]}",NULL,"2025-10-27 10:11:05.117301"
11890,"04a600b9b0b8","2025-10-27 10:09:24","eImUXegF6PX68IH37naU","{""bme688"": [{""temp"": 21.86222, ""step"": 7, ""status"": 1, ""pres"": 967.2206, ""meas_profile"": ""HP-8"", ""meas_id"": 8, ""hum"": 34.39022, ""gas_res"": 5684.846}, {""temp"": 21.82914, ""step"": 7, ""status"": 1, ""pres"": 967.3334, ""meas_profile"": ""HP-7"", ""meas_id"": 7, ""hum"": 34.27243, ""gas_res"": 5684.846}, {""temp"": 21.90619, ""step"": 7, ""status"": 1, ""pres"": 967.4486, ""meas_profile"": ""HP-6"", ""meas_id"": 6, ""hum"": 34.1535, ""gas_res"": 7254.591}, {""temp"": 21.79604, ""step"": 7, ""status"": 1, ""pres"": 967.2095, ""meas_profile"": ""HP-5"", ""meas_id"": 5, ""hum"": 34.34733, ""gas_res"": 21985.57}, {""temp"": 21.55225, ""step"": 7, ""status"": 1, ""pres"": 967.2786, ""meas_profile"": ""HP-4"", ""meas_id"": 4, ""hum"": 33.89146, ""gas_res"": 19405.7}, {""temp"": 21.721, ""step"": 7, ""status"": 1, ""pres"": 966.9342, ""meas_profile"": ""HP-3"", ""meas_id"": 3, ""hum"": 34.41149, ""gas_res"": 7509.974}, {""temp"": 21.63165, ""step"": 7, ""status"": 1, ""pres"": 967.0704, ""meas_profile"": ""HP-2"", ""meas_id"": 2, ""hum"": 34.62669, ""gas_res"": 6805.615}, {""temp"": 21.39755, ""step"": 7, ""status"": 1, ""pres"": 967.1478, ""meas_profile"": ""HP-1"", ""meas_id"": 1, ""hum"": 33.07934, ""gas_res"": 8000.0}]}",NULL,"2025-10-27 10:11:05.533645"
11891,"04a600b9b0b8","2025-10-27 10:09:24","eImUXegF6PX68IH37naU","{""bme688"": [{""temp"": 21.86098, ""step"": 6, ""status"": 1, ""pres"": 967.2204, ""meas_profile"": ""HP-8"", ""meas_id"": 8, ""hum"": 34.3844, ""gas_res"": 6459.427}, {""temp"": 21.8279, ""step"": 6, ""status"": 1, ""pres"": 967.3331, ""meas_profile"": ""HP-7"", ""meas_id"": 7, ""hum"": 34.25537, ""gas_res"": 8497.079}, {""temp"": 21.90527, ""step"": 6, ""status"": 1, ""pres"": 967.4489, ""meas_profile"": ""HP-6"", ""meas_id"": 6, ""hum"": 34.14769, ""gas_res"": 25000.0}, {""temp"": 21.7951, ""step"": 6, ""status"": 1, ""pres"": 967.2097, ""meas_profile"": ""HP-5"", ""meas_id"": 5, ""hum"": 34.3529, ""gas_res"": 100000.0}, {""temp"": 21.55101, ""step"": 6, ""status"": 1, ""pres"": 967.2781, ""meas_profile"": ""HP-4"", ""meas_id"": 4, ""hum"": 33.9028, ""gas_res"": 101446.4}, {""temp"": 21.72007, ""step"": 6, ""status"": 1, ""pres"": 966.9344, ""meas_profile"": ""HP-3"", ""meas_id"": 3, ""hum"": 34.39993, ""gas_res"": 38776.13}, {""temp"": 21.63041, ""step"": 6, ""status"": 1, ""pres"": 967.07, ""meas_profile"": ""HP-2"", ""meas_id"": 2, ""hum"": 34.61523, ""gas_res"": 100000.0}, {""temp"": 21.39662, ""step"": 6, ""status"": 1, ""pres"": 967.1483, ""meas_profile"": ""HP-1"", ""meas_id"": 1, ""hum"": 33.10835, ""gas_res"": 46109.51}]}",NULL,"2025-10-27 10:11:06.261469"
11892,"04a600b9b0b8","2025-10-27 10:09:24","eImUXegF6PX68IH37naU","{""bme688"": [{""temp"": 21.85975, ""step"": 5, ""status"": 1, ""pres"": 967.2202, ""meas_profile"": ""HP-8"", ""meas_id"": 8, ""hum"": 34.39, ""gas_res"": 6412.826}, {""temp"": 21.82666, ""step"": 5, ""status"": 1, ""pres"": 967.3311, ""meas_profile"": ""HP-7"", ""meas_id"": 7, ""hum"": 34.26655, ""gas_res"": 8423.27}, {""temp"": 21.90434, ""step"": 5, ""status"": 1, ""pres"": 967.4473, ""meas_profile"": ""HP-6"", ""meas_id"": 6, ""hum"": 34.17051, ""gas_res"": 25000.0}, {""temp"": 21.79416, ""step"": 5, ""status"": 1, ""pres"": 967.2097, ""meas_profile"": ""HP-5"", ""meas_id"": 5, ""hum"": 34.36414, ""gas_res"": 100000.0}, {""temp"": 21.54946, ""step"": 5, ""status"": 1, ""pres"": 967.2774, ""meas_profile"": ""HP-4"", ""meas_id"": 4, ""hum"": 33.90267, ""gas_res"": 101809.5}, {""temp"": 21.71914, ""step"": 5, ""status"": 1, ""pres"": 966.9346, ""meas_profile"": ""HP-3"", ""meas_id"": 3, ""hum"": 34.42278, ""gas_res"": 38392.32}, {""temp"": 21.62948, ""step"": 5, ""status"": 1, ""pres"": 967.0703, ""meas_profile"": ""HP-2"", ""meas_id"": 2, ""hum"": 34.62082, ""gas_res"": 100000.0}, {""temp"": 21.39569, ""step"": 5, ""status"": 1, ""pres"": 967.1485, ""meas_profile"": ""HP-1"", ""meas_id"": 1, ""hum"": 33.08499, ""gas_res"": 44802.24}]}",NULL,"2025-10-27 10:11:06.848194"
11893,"04a600b9b0b8","2025-10-27 10:09:24","eImUXegF6PX68IH37naU","{""bme688"": [{""temp"": 21.85851, ""step"": 4, ""status"": 1, ""pres"": 967.2202, ""meas_profile"": ""HP-8"", ""meas_id"": 8, ""hum"": 34.40703, ""gas_res"": 6451.613}, {""temp"": 21.82541, ""step"": 4, ""status"": 1, ""pres"": 967.3306, ""meas_profile"": ""HP-7"", ""meas_id"": 7, ""hum"": 34.26644, ""gas_res"": 8531.059}, {""temp"": 21.90342, ""step"": 4, ""status"": 1, ""pres"": 967.4476, ""meas_profile"": ""HP-6"", ""meas_id"": 6, ""hum"": 34.18189, ""gas_res"": 25000.0}, {""temp"": 21.79323, ""step"": 4, ""status"": 1, ""pres"": 967.21, ""meas_profile"": ""HP-5"", ""meas_id"": 5, ""hum"": 34.36405, ""gas_res"": 100000.0}, {""temp"": 21.54822, ""step"": 4, ""status"": 1, ""pres"": 967.277, ""meas_profile"": ""HP-4"", ""meas_id"": 4, ""hum"": 33.91974, ""gas_res"": 104170.9}, {""temp"": 21.71821, ""step"": 4, ""status"": 1, ""pres"": 966.9348, ""meas_profile"": ""HP-3"", ""meas_id"": 3, ""hum"": 34.41123, ""gas_res"": 37914.69}, {""temp"": 21.62823, ""step"": 4, ""status"": 1, ""pres"": 967.0698, ""meas_profile"": ""HP-2"", ""meas_id"": 2, ""hum"": 34.64906, ""gas_res"": 100000.0}, {""temp"": 21.39444, ""step"": 4, ""status"": 1, ""pres"": 967.1484, ""meas_profile"": ""HP-1"", ""meas_id"": 1, ""hum"": 33.10815, ""gas_res"": 43880.7}]}",NULL,"2025-10-27 10:11:07.478588"
11894,"04a600b9b0b8","2025-10-27 10:09:24","eImUXegF6PX68IH37naU","{""bme688"": [{""temp"": 21.85696, ""step"": 3, ""status"": 0, ""pres"": 967.2211, ""meas_profile"": ""HP-8"", ""meas_id"": 8, ""hum"": 34.40688, ""gas_res"": 5684.846}, {""temp"": 21.82386, ""step"": 3, ""status"": 0, ""pres"": 967.3298, ""meas_profile"": ""HP-7"", ""meas_id"": 7, ""hum"": 34.28889, ""gas_res"": 5684.846}, {""temp"": 21.90187, ""step"": 3, ""status"": 0, ""pres"": 967.4467, ""meas_profile"": ""HP-6"", ""meas_id"": 6, ""hum"": 34.19893, ""gas_res"": 11704.46}, {""temp"": 21.79166, ""step"": 3, ""status"": 0, ""pres"": 967.209, ""meas_profile"": ""HP-5"", ""meas_id"": 5, ""hum"": 34.36956, ""gas_res"": 29520.29}, {""temp"": 21.54666, ""step"": 3, ""status"": 0, ""pres"": 967.2761, ""meas_profile"": ""HP-4"", ""meas_id"": 4, ""hum"": 33.92533, ""gas_res"": 32786.89}, {""temp"": 21.71667, ""step"": 3, ""status"": 0, ""pres"": 966.934, ""meas_profile"": ""HP-3"", ""meas_id"": 3, ""hum"": 34.43402, ""gas_res"": 20605.28}, {""temp"": 21.62699, ""step"": 3, ""status"": 0, ""pres"": 967.0677, ""meas_profile"": ""HP-2"", ""meas_id"": 2, ""hum"": 34.66028, ""gas_res"": 30274.36}, {""temp"": 21.3932, ""step"": 3, ""status"": 0, ""pres"": 967.1483, ""meas_profile"": ""HP-1"", ""meas_id"": 1, ""hum"": 33.11386, ""gas_res"": 20685.2}]}",NULL,"2025-10-27 10:11:08.131072"
11895,"04a600b9b0b8","2025-10-27 10:09:24","eImUXegF6PX68IH37naU","{""bme688"": [{""temp"": 21.85573, ""step"": 2, ""status"": 1, ""pres"": 967.2193, ""meas_profile"": ""HP-8"", ""meas_id"": 8, ""hum"": 34.42963, ""gas_res"": 9296.92}, {""temp"": 21.82293, ""step"": 2, ""status"": 1, ""pres"": 967.3298, ""meas_profile"": ""HP-7"", ""meas_id"": 7, ""hum"": 34.28315, ""gas_res"": 12918.85}, {""temp"": 21.90095, ""step"": 2, ""status"": 1, ""pres"": 967.447, ""meas_profile"": ""HP-6"", ""meas_id"": 6, ""hum"": 34.18738, ""gas_res"": 37122.97}, {""temp"": 21.79041, ""step"": 2, ""status"": 1, ""pres"": 967.2086, ""meas_profile"": ""HP-5"", ""meas_id"": 5, ""hum"": 34.3921, ""gas_res"": 110726.6}, {""temp"": 21.54542, ""step"": 2, ""status"": 1, ""pres"": 967.2757, ""meas_profile"": ""HP-4"", ""meas_id"": 4, ""hum"": 33.93668, ""gas_res"": 167265.6}, {""temp"": 21.71543, ""step"": 2, ""status"": 1, ""pres"": 966.9337, ""meas_profile"": ""HP-3"", ""meas_id"": 3, ""hum"": 34.43966, ""gas_res"": 81789.14}, {""temp"": 21.62575, ""step"": 2, ""status"": 1, ""pres"": 967.0675, ""meas_profile"": ""HP-2"", ""meas_id"": 2, ""hum"": 34.67151, ""gas_res"": 134772.3}, {""temp"": 21.39195, ""step"": 2, ""status"": 1, ""pres"": 967.1483, ""meas_profile"": ""HP-1"", ""meas_id"": 1, ""hum"": 33.11956, ""gas_res"": 100787.4}]}",NULL,"2025-10-27 10:11:09.005092"
11896,"04a600b9b0b8","2025-10-27 10:09:24","eImUXegF6PX68IH37naU","{""bme688"": [{""temp"": 21.8548, ""step"": 1, ""status"": 1, ""pres"": 967.2196, ""meas_profile"": ""HP-8"", ""meas_id"": 8, ""hum"": 34.41811, ""gas_res"": 6702.975}, {""temp"": 21.82169, ""step"": 1, ""status"": 1, ""pres"": 967.3295, ""meas_profile"": ""HP-7"", ""meas_id"": 7, ""hum"": 34.31128, ""gas_res"": 7259.528}, {""temp"": 21.89971, ""step"": 1, ""status"": 1, ""pres"": 967.4467, ""meas_profile"": ""HP-6"", ""meas_id"": 6, ""hum"": 34.21019, ""gas_res"": 19637.93}, {""temp"": 21.78947, ""step"": 1, ""status"": 1, ""pres"": 967.2087, ""meas_profile"": ""HP-5"", ""meas_id"": 5, ""hum"": 34.39768, ""gas_res"": 28686.69}, {""temp"": 21.54449, ""step"": 1, ""status"": 1, ""pres"": 967.2759, ""meas_profile"": ""HP-4"", ""meas_id"": 4, ""hum"": 33.94232, ""gas_res"": 31295.84}, {""temp"": 21.7145, ""step"": 1, ""status"": 1, ""pres"": 966.9321, ""meas_profile"": ""HP-3"", ""meas_id"": 3, ""hum"": 34.43956, ""gas_res"": 25000.0}, {""temp"": 21.62482, ""step"": 1, ""status"": 1, ""pres"": 967.0675, ""meas_profile"": ""HP-2"", ""meas_id"": 2, ""hum"": 34.65441, ""gas_res"": 26138.45}, {""temp"": 21.39102, ""step"": 1, ""status"": 1, ""pres"": 967.1486, ""meas_profile"": ""HP-1"", ""meas_id"": 1, ""hum"": 33.13694, ""gas_res"": 25000.0}]}",NULL,"2025-10-27 10:11:09.413316"
11897,"04a600b9b0b8","2025-10-27 10:09:24","eImUXegF6PX68IH37naU","{""bme688"": [{""temp"": 21.85326, ""step"": 0, ""status"": 1, ""pres"": 967.2188, ""meas_profile"": ""HP-8"", ""meas_id"": 8, ""hum"": 34.41797, ""gas_res"": 5684.846}, {""temp"": 21.82014, ""step"": 0, ""status"": 1, ""pres"": 967.3287, ""meas_profile"": ""HP-7"", ""meas_id"": 7, ""hum"": 34.29984, ""gas_res"": 5684.846}, {""temp"": 21.89848, ""step"": 0, ""status"": 1, ""pres"": 967.4464, ""meas_profile"": ""HP-6"", ""meas_id"": 6, ""hum"": 34.20434, ""gas_res"": 5875.872}, {""temp"": 21.78885, ""step"": 0, ""status"": 1, ""pres"": 967.2095, ""meas_profile"": ""HP-5"", ""meas_id"": 5, ""hum"": 34.39195, ""gas_res"": 25000.0}, {""temp"": 21.54356, ""step"": 0, ""status"": 1, ""pres"": 967.276, ""meas_profile"": ""HP-4"", ""meas_id"": 4, ""hum"": 33.94224, ""gas_res"": 20025.03}, {""temp"": 21.71327, ""step"": 0, ""status"": 1, ""pres"": 966.9317, ""meas_profile"": ""HP-3"", ""meas_id"": 3, ""hum"": 34.45092, ""gas_res"": 7225.107}, {""temp"": 21.62358, ""step"": 0, ""status"": 1, ""pres"": 967.0656, ""meas_profile"": ""HP-2"", ""meas_id"": 2, ""hum"": 34.65996, ""gas_res"": 6550.666}, {""temp"": 21.38977, ""step"": 0, ""status"": 1, ""pres"": 967.1485, ""meas_profile"": ""HP-1"", ""meas_id"": 1, ""hum"": 33.13101, ""gas_res"": 7688.611}]}",NULL,"2025-10-27 10:11:09.91854"
11920,"04a600b9b0b8","2025-10-27 10:10:46","eImUXegF6PX68IH37naU","{""bme688"": [{""temp"": 21.89279, ""step"": 9, ""status"": 1, ""pres"": 967.2315, ""meas_profile"": ""HP-8"", ""meas_id"": 8, ""hum"": 34.33593, ""gas_res"": 5684.846}, {""temp"": 21.8602, ""step"": 9, ""status"": 1, ""pres"": 967.346, ""meas_profile"": ""HP-7"", ""meas_id"": 7, ""hum"": 34.23577, ""gas_res"": 5684.846}, {""temp"": 21.93367, ""step"": 9, ""status"": 1, ""pres"": 967.4598, ""meas_profile"": ""HP-6"", ""meas_id"": 6, ""hum"": 34.11023, ""gas_res"": 7076.515}, {""temp"": 21.82231, ""step"": 9, ""status"": 1, ""pres"": 967.212, ""meas_profile"": ""HP-5"", ""meas_id"": 5, ""hum"": 34.29881, ""gas_res"": 25000.0}, {""temp"": 21.58021, ""step"": 9, ""status"": 1, ""pres"": 967.2845, ""meas_profile"": ""HP-4"", ""meas_id"": 4, ""hum"": 33.8138, ""gas_res"": 23306.63}, {""temp"": 21.74852, ""step"": 9, ""status"": 1, ""pres"": 966.9453, ""meas_profile"": ""HP-3"", ""meas_id"": 3, ""hum"": 34.29364, ""gas_res"": 6401.28}, {""temp"": 21.65898, ""step"": 9, ""status"": 1, ""pres"": 967.0797, ""meas_profile"": ""HP-2"", ""meas_id"": 2, ""hum"": 34.53853, ""gas_res"": 7584.736}, {""temp"": 21.4265, ""step"": 9, ""status"": 1, ""pres"": 967.1559, ""meas_profile"": ""HP-1"", ""meas_id"": 1, ""hum"": 33.00629, ""gas_res"": 6045.721}]}",NULL,"2025-10-27 10:24:11.433436"
11921,"04a600b9b0b8","2025-10-27 10:10:46","eImUXegF6PX68IH37naU","{""bme688"": [{""temp"": 21.89125, ""step"": 8, ""status"": 1, ""pres"": 967.2308, ""meas_profile"": ""HP-8"", ""meas_id"": 8, ""hum"": 34.33579, ""gas_res"": 5684.846}, {""temp"": 21.85864, ""step"": 8, ""status"": 1, ""pres"": 967.3451, ""meas_profile"": ""HP-7"", ""meas_id"": 7, ""hum"": 34.22433, ""gas_res"": 5684.846}, {""temp"": 21.93243, ""step"": 8, ""status"": 1, ""pres"": 967.4596, ""meas_profile"": ""HP-6"", ""meas_id"": 6, ""hum"": 34.10439, ""gas_res"": 7304.269}, {""temp"": 21.82106, ""step"": 8, ""status"": 1, ""pres"": 967.2115, ""meas_profile"": ""HP-5"", ""meas_id"": 5, ""hum"": 34.29303, ""gas_res"": 23005.03}, {""temp"": 21.57897, ""step"": 8, ""status"": 1, ""pres"": 967.2842, ""meas_profile"": ""HP-4"", ""meas_id"": 4, ""hum"": 33.81942, ""gas_res"": 21962.94}, {""temp"": 21.74697, ""step"": 8, ""status"": 1, ""pres"": 966.9445, ""meas_profile"": ""HP-3"", ""meas_id"": 3, ""hum"": 34.30495, ""gas_res"": 5866.178}, {""temp"": 21.65773, ""step"": 8, ""status"": 1, ""pres"": 967.0812, ""meas_profile"": ""HP-2"", ""meas_id"": 2, ""hum"": 34.51575, ""gas_res"": 7447.056}, {""temp"": 21.42494, ""step"": 8, ""status"": 1, ""pres"": 967.1554, ""meas_profile"": ""HP-1"", ""meas_id"": 1, ""hum"": 33.00616, ""gas_res"": 6066.351}]}",NULL,"2025-10-27 10:24:12.819854"
11922,"04a600b9b0b8","2025-10-27 10:10:46","eImUXegF6PX68IH37naU","{""bme688"": [{""temp"": 21.88971, ""step"": 7, ""status"": 1, ""pres"": 967.2302, ""meas_profile"": ""HP-8"", ""meas_id"": 8, ""hum"": 34.35278, ""gas_res"": 5684.846}, {""temp"": 21.85709, ""step"": 7, ""status"": 1, ""pres"": 967.3442, ""meas_profile"": ""HP-7"", ""meas_id"": 7, ""hum"": 34.24113, ""gas_res"": 5684.846}, {""temp"": 21.93089, ""step"": 7, ""status"": 1, ""pres"": 967.4587, ""meas_profile"": ""HP-6"", ""meas_id"": 6, ""hum"": 34.10425, ""gas_res"": 7436.672}, {""temp"": 21.81981, ""step"": 7, ""status"": 1, ""pres"": 967.2112, ""meas_profile"": ""HP-5"", ""meas_id"": 5, ""hum"": 34.31556, ""gas_res"": 22955.52}, {""temp"": 21.57772, ""step"": 7, ""status"": 1, ""pres"": 967.2837, ""meas_profile"": ""HP-4"", ""meas_id"": 4, ""hum"": 33.81931, ""gas_res"": 20330.37}, {""temp"": 21.74574, ""step"": 7, ""status"": 1, ""pres"": 966.9441, ""meas_profile"": ""HP-3"", ""meas_id"": 3, ""hum"": 34.29911, ""gas_res"": 7875.954}, {""temp"": 21.65649, ""step"": 7, ""status"": 1, ""pres"": 967.0806, ""meas_profile"": ""HP-2"", ""meas_id"": 2, ""hum"": 34.53263, ""gas_res"": 7171.672}, {""temp"": 21.42338, ""step"": 7, ""status"": 1, ""pres"": 967.153, ""meas_profile"": ""HP-1"", ""meas_id"": 1, ""hum"": 33.00602, ""gas_res"": 5898.618}]}",NULL,"2025-10-27 10:24:14.002615"
11923,"04a600b9b0b8","2025-10-27 10:10:46","eImUXegF6PX68IH37naU","{""bme688"": [{""temp"": 21.88816, ""step"": 6, ""status"": 1, ""pres"": 967.2296, ""meas_profile"": ""HP-8"", ""meas_id"": 8, ""hum"": 34.34122, ""gas_res"": 6359.3}, {""temp"": 21.85585, ""step"": 6, ""status"": 1, ""pres"": 967.3438, ""meas_profile"": ""HP-7"", ""meas_id"": 7, ""hum"": 34.2523, ""gas_res"": 8363.826}, {""temp"": 21.92996, ""step"": 6, ""status"": 1, ""pres"": 967.4608, ""meas_profile"": ""HP-6"", ""meas_id"": 6, ""hum"": 34.11561, ""gas_res"": 25000.0}, {""temp"": 21.81856, ""step"": 6, ""status"": 1, ""pres"": 967.2109, ""meas_profile"": ""HP-5"", ""meas_id"": 5, ""hum"": 34.30413, ""gas_res"": 100000.0}, {""temp"": 21.57648, ""step"": 6, ""status"": 1, ""pres"": 967.2834, ""meas_profile"": ""HP-4"", ""meas_id"": 4, ""hum"": 33.83065, ""gas_res"": 103038.8}, {""temp"": 21.7445, ""step"": 6, ""status"": 1, ""pres"": 966.9437, ""meas_profile"": ""HP-3"", ""meas_id"": 3, ""hum"": 34.32192, ""gas_res"": 39421.0}, {""temp"": 21.65525, ""step"": 6, ""status"": 1, ""pres"": 967.0803, ""meas_profile"": ""HP-2"", ""meas_id"": 2, ""hum"": 34.54952, ""gas_res"": 100000.0}, {""temp"": 21.42214, ""step"": 6, ""status"": 1, ""pres"": 967.1547, ""meas_profile"": ""HP-1"", ""meas_id"": 1, ""hum"": 33.02335, ""gas_res"": 46715.33}]}",NULL,"2025-10-27 10:24:15.278781"
11924,"04a600b9b0b8","2025-10-27 10:10:46","eImUXegF6PX68IH37naU","{""bme688"": [{""temp"": 21.88692, ""step"": 5, ""status"": 1, ""pres"": 967.2294, ""meas_profile"": ""HP-8"", ""meas_id"": 8, ""hum"": 34.34111, ""gas_res"": 6314.128}, {""temp"": 21.8546, ""step"": 5, ""status"": 1, ""pres"": 967.3436, ""meas_profile"": ""HP-7"", ""meas_id"": 7, ""hum"": 34.22961, ""gas_res"": 8234.688}, {""temp"": 21.92873, ""step"": 5, ""status"": 1, ""pres"": 967.4588, ""meas_profile"": ""HP-6"", ""meas_id"": 6, ""hum"": 34.10977, ""gas_res"": 25000.0}, {""temp"": 21.81762, ""step"": 5, ""status"": 1, ""pres"": 967.2128, ""meas_profile"": ""HP-5"", ""meas_id"": 5, ""hum"": 34.3097, ""gas_res"": 100000.0}, {""temp"": 21.57493, ""step"": 5, ""status"": 1, ""pres"": 967.2841, ""meas_profile"": ""HP-4"", ""meas_id"": 4, ""hum"": 33.81905, ""gas_res"": 103538.9}, {""temp"": 21.74326, ""step"": 5, ""status"": 1, ""pres"": 966.9434, ""meas_profile"": ""HP-3"", ""meas_id"": 3, ""hum"": 34.30462, ""gas_res"": 38461.54}, {""temp"": 21.65401, ""step"": 5, ""status"": 1, ""pres"": 967.0801, ""meas_profile"": ""HP-2"", ""meas_id"": 2, ""hum"": 34.56641, ""gas_res"": 100000.0}, {""temp"": 21.42089, ""step"": 5, ""status"": 1, ""pres"": 967.1545, ""meas_profile"": ""HP-1"", ""meas_id"": 1, ""hum"": 33.0058, ""gas_res"": 45277.68}]}",NULL,"2025-10-27 10:24:16.564337"
11925,"04a600b9b0b8","2025-10-27 10:10:46","eImUXegF6PX68IH37naU","{""bme688"": [{""temp"": 21.88569, ""step"": 4, ""status"": 1, ""pres"": 967.2291, ""meas_profile"": ""HP-8"", ""meas_id"": 8, ""hum"": 34.35812, ""gas_res"": 6332.872}, {""temp"": 21.85305, ""step"": 4, ""status"": 1, ""pres"": 967.3426, ""meas_profile"": ""HP-7"", ""meas_id"": 7, ""hum"": 34.2464, ""gas_res"": 8350.73}, {""temp"": 21.92749, ""step"": 4, ""status"": 1, ""pres"": 967.4603, ""meas_profile"": ""HP-6"", ""meas_id"": 6, ""hum"": 34.11538, ""gas_res"": 25000.0}, {""temp"": 21.81637, ""step"": 4, ""status"": 1, ""pres"": 967.2123, ""meas_profile"": ""HP-5"", ""meas_id"": 5, ""hum"": 34.3209, ""gas_res"": 100000.0}, {""temp"": 21.57338, ""step"": 4, ""status"": 1, ""pres"": 967.2833, ""meas_profile"": ""HP-4"", ""meas_id"": 4, ""hum"": 33.83037, ""gas_res"": 106577.9}, {""temp"": 21.74203, ""step"": 4, ""status"": 1, ""pres"": 966.9432, ""meas_profile"": ""HP-3"", ""meas_id"": 3, ""hum"": 34.32743, ""gas_res"": 38496.24}, {""temp"": 21.65277, ""step"": 4, ""status"": 1, ""pres"": 967.0796, ""meas_profile"": ""HP-2"", ""meas_id"": 2, ""hum"": 34.54929, ""gas_res"": 100000.0}, {""temp"": 21.41965, ""step"": 4, ""status"": 1, ""pres"": 967.1545, ""meas_profile"": ""HP-1"", ""meas_id"": 1, ""hum"": 33.01732, ""gas_res"": 44991.21}]}",NULL,"2025-10-27 10:24:17.924407"
11926,"04a600b9b0b8","2025-10-27 10:10:46","eImUXegF6PX68IH37naU","{""bme688"": [{""temp"": 21.88384, ""step"": 3, ""status"": 0, ""pres"": 967.228, ""meas_profile"": ""HP-8"", ""meas_id"": 8, ""hum"": 34.36938, ""gas_res"": 5684.846}, {""temp"": 21.8515, ""step"": 3, ""status"": 0, ""pres"": 967.3418, ""meas_profile"": ""HP-7"", ""meas_id"": 7, ""hum"": 34.25755, ""gas_res"": 5684.846}, {""temp"": 21.92595, ""step"": 3, ""status"": 0, ""pres"": 967.4595, ""meas_profile"": ""HP-6"", ""meas_id"": 6, ""hum"": 34.14388, ""gas_res"": 12064.09}, {""temp"": 21.8148, ""step"": 3, ""status"": 0, ""pres"": 967.2115, ""meas_profile"": ""HP-5"", ""meas_id"": 5, ""hum"": 34.32642, ""gas_res"": 30600.05}, {""temp"": 21.57151, ""step"": 3, ""status"": 0, ""pres"": 967.2819, ""meas_profile"": ""HP-4"", ""meas_id"": 4, ""hum"": 33.84738, ""gas_res"": 34343.98}, {""temp"": 21.74048, ""step"": 3, ""status"": 0, ""pres"": 966.9422, ""meas_profile"": ""HP-3"", ""meas_id"": 3, ""hum"": 34.34448, ""gas_res"": 21607.02}, {""temp"": 21.6509, ""step"": 3, ""status"": 0, ""pres"": 967.0782, ""meas_profile"": ""HP-2"", ""meas_id"": 2, ""hum"": 34.56045, ""gas_res"": 31714.57}, {""temp"": 21.41809, ""step"": 3, ""status"": 0, ""pres"": 967.1539, ""meas_profile"": ""HP-1"", ""meas_id"": 1, ""hum"": 33.02881, ""gas_res"": 21454.91}]}",NULL,"2025-10-27 10:24:19.114443"
11927,"04a600b9b0b8","2025-10-27 10:10:46","eImUXegF6PX68IH37naU","{""bme688"": [{""temp"": 21.8826, ""step"": 2, ""status"": 1, ""pres"": 967.2277, ""meas_profile"": ""HP-8"", ""meas_id"": 8, ""hum"": 34.39212, ""gas_res"": 7329.363}, {""temp"": 21.84995, ""step"": 2, ""status"": 1, ""pres"": 967.3425, ""meas_profile"": ""HP-7"", ""meas_id"": 7, ""hum"": 34.2687, ""gas_res"": 9580.838}, {""temp"": 21.92441, ""step"": 2, ""status"": 1, ""pres"": 967.4587, ""meas_profile"": ""HP-6"", ""meas_id"": 6, ""hum"": 34.14373, ""gas_res"": 25543.8}, {""temp"": 21.81324, ""step"": 2, ""status"": 1, ""pres"": 967.2107, ""meas_profile"": ""HP-5"", ""meas_id"": 5, ""hum"": 34.33194, ""gas_res"": 68412.62}, {""temp"": 21.56996, ""step"": 2, ""status"": 1, ""pres"": 967.2809, ""meas_profile"": ""HP-4"", ""meas_id"": 4, ""hum"": 33.88161, ""gas_res"": 109098.7}, {""temp"": 21.73893, ""step"": 2, ""status"": 1, ""pres"": 966.9414, ""meas_profile"": ""HP-3"", ""meas_id"": 3, ""hum"": 34.35007, ""gas_res"": 53792.81}, {""temp"": 21.64935, ""step"": 2, ""status"": 1, ""pres"": 967.0775, ""meas_profile"": ""HP-2"", ""meas_id"": 2, ""hum"": 34.57164, ""gas_res"": 86079.35}, {""temp"": 21.41654, ""step"": 2, ""status"": 1, ""pres"": 967.1534, ""meas_profile"": ""HP-1"", ""meas_id"": 1, ""hum"": 33.03449, ""gas_res"": 65523.42}]}",NULL,"2025-10-27 10:24:20.390959"
11928,"04a600b9b0b8","2025-10-27 10:10:46","eImUXegF6PX68IH37naU","{""bme688"": [{""temp"": 21.88136, ""step"": 1, ""status"": 1, ""pres"": 967.2277, ""meas_profile"": ""HP-8"", ""meas_id"": 8, ""hum"": 34.37486, ""gas_res"": 6475.111}, {""temp"": 21.84871, ""step"": 1, ""status"": 1, ""pres"": 967.3404, ""meas_profile"": ""HP-7"", ""meas_id"": 7, ""hum"": 34.27423, ""gas_res"": 7264.472}, {""temp"": 21.92317, ""step"": 1, ""status"": 1, ""pres"": 967.4567, ""meas_profile"": ""HP-6"", ""meas_id"": 6, ""hum"": 34.14362, ""gas_res"": 20043.85}, {""temp"": 21.81199, ""step"": 1, ""status"": 1, ""pres"": 967.212, ""meas_profile"": ""HP-5"", ""meas_id"": 5, ""hum"": 34.3488, ""gas_res"": 29809.04}, {""temp"": 21.56903, ""step"": 1, ""status"": 1, ""pres"": 967.2811, ""meas_profile"": ""HP-4"", ""meas_id"": 4, ""hum"": 33.8758, ""gas_res"": 32636.41}, {""temp"": 21.7377, ""step"": 1, ""status"": 1, ""pres"": 966.9411, ""meas_profile"": ""HP-3"", ""meas_id"": 3, ""hum"": 34.36142, ""gas_res"": 25000.0}, {""temp"": 21.64842, ""step"": 1, ""status"": 1, ""pres"": 967.0776, ""meas_profile"": ""HP-2"", ""meas_id"": 2, ""hum"": 34.57156, ""gas_res"": 27432.49}, {""temp"": 21.41529, ""step"": 1, ""status"": 1, ""pres"": 967.1533, ""meas_profile"": ""HP-1"", ""meas_id"": 1, ""hum"": 33.06346, ""gas_res"": 25000.0}]}",NULL,"2025-10-27 10:24:21.670312"
11929,"04a600b9b0b8","2025-10-27 10:10:46","eImUXegF6PX68IH37naU","{""bme688"": [{""temp"": 21.87982, ""step"": 0, ""status"": 1, ""pres"": 967.2287, ""meas_profile"": ""HP-8"", ""meas_id"": 8, ""hum"": 34.369, ""gas_res"": 5684.846}, {""temp"": 21.84715, ""step"": 0, ""status"": 1, ""pres"": 967.3412, ""meas_profile"": ""HP-7"", ""meas_id"": 7, ""hum"": 34.26844, ""gas_res"": 5684.846}, {""temp"": 21.92194, ""step"": 0, ""status"": 1, ""pres"": 967.4565, ""meas_profile"": ""HP-6"", ""meas_id"": 6, ""hum"": 34.16068, ""gas_res"": 5898.618}, {""temp"": 21.81105, ""step"": 0, ""status"": 1, ""pres"": 967.2121, ""meas_profile"": ""HP-5"", ""meas_id"": 5, ""hum"": 34.33173, ""gas_res"": 25000.0}, {""temp"": 21.56779, ""step"": 0, ""status"": 1, ""pres"": 967.2807, ""meas_profile"": ""HP-4"", ""meas_id"": 4, ""hum"": 33.88142, ""gas_res"": 20625.2}, {""temp"": 21.73615, ""step"": 0, ""status"": 1, ""pres"": 966.942, ""meas_profile"": ""HP-3"", ""meas_id"": 3, ""hum"": 34.36702, ""gas_res"": 7639.055}, {""temp"": 21.64717, ""step"": 0, ""status"": 1, ""pres"": 967.0773, ""meas_profile"": ""HP-2"", ""meas_id"": 2, ""hum"": 34.58278, ""gas_res"": 6766.758}, {""temp"": 21.41374, ""step"": 0, ""status"": 1, ""pres"": 967.1527, ""meas_profile"": ""HP-1"", ""meas_id"": 1, ""hum"": 33.04005, ""gas_res"": 7970.112}]}",NULL,"2025-10-27 10:24:23.038005"
