"id","box_id","ts","measurement_id","measurement_data","description","created_at"
11352,"04a600b9b0b8","2025-10-27 09:00:19","kXsfaKsVCYF4Pkgysozo","{""zphs01b"": {""voc"": 0, ""temp"": 20.0, ""pm2_5"": 0, ""pm1_0"": 0, ""pm10"": 332, ""o3"": 0.02, ""no2"": 0.01, ""hum"": 0, ""fmhd"": 0, ""co2"": 5000, ""co"": 0.0}, ""smell_b"": {}, ""sfa30"": {""temp"": 22.34, ""hum"": 39.16, ""fmhd"": 10.0}, ""sen5x"": {""voc"": 122.0, ""temp"": 22.65, ""pm4_0"": 4189.9, ""pm2_5"": 4189.9, ""pm1_0"": 3995.3, ""pm10"": 4189.9, ""nox"": 1.0, ""mass_c"": 4141.25, ""hum"": 44.09}, ""scd41"": {""temp"": 21.73685, ""hum"": 41.33364, ""co2"": 705}, ""power_source"": 0, ""mics6814"": {""red_res"": 0, ""no2_res"": 0, ""no2"": 0.17, ""nh3_res"": 0, ""nh3"": 0.73, ""co_res"": 0, ""co"": 44.0}}",NULL,"2025-10-27 09:00:50.150888"
11353,"04a600b9b0b8","2025-10-27 09:00:19","kXsfaKsVCYF4Pkgysozo","{""bme688"": [{""temp"": 22.31839, ""step"": 7, ""status"": 1, ""pres"": 967.7812, ""meas_profile"": ""HP-8"", ""meas_id"": 8, ""hum"": 38.80142, ""gas_res"": 5684.846}, {""temp"": 22.28685, ""step"": 7, ""status"": 1, ""pres"": 967.8831, ""meas_profile"": ""HP-7"", ""meas_id"": 7, ""hum"": 38.71398, ""gas_res"": 5684.846}, {""temp"": 22.37418, ""step"": 7, ""status"": 1, ""pres"": 968.0957, ""meas_profile"": ""HP-6"", ""meas_id"": 6, ""hum"": 38.57637, ""gas_res"": 5684.846}, {""temp"": 22.25605, ""step"": 7, ""status"": 1, ""pres"": 967.748, ""meas_profile"": ""HP-5"", ""meas_id"": 5, ""hum"": 38.8466, ""gas_res"": 8000.0}, {""temp"": 22.03123, ""step"": 7, ""status"": 1, ""pres"": 967.8041, ""meas_profile"": ""HP-4"", ""meas_id"": 4, ""hum"": 38.20572, ""gas_res"": 7314.286}, {""temp"": 22.19165, ""step"": 7, ""status"": 1, ""pres"": 967.5208, ""meas_profile"": ""HP-3"", ""meas_id"": 3, ""hum"": 38.72295, ""gas_res"": 5684.846}, {""temp"": 22.10954, ""step"": 7, ""status"": 1, ""pres"": 967.6364, ""meas_profile"": ""HP-2"", ""meas_id"": 2, ""hum"": 38.96577, ""gas_res"": 6924.908}, {""temp"": 21.88367, ""step"": 7, ""status"": 1, ""pres"": 967.744, ""meas_profile"": ""HP-1"", ""meas_id"": 1, ""hum"": 37.52078, ""gas_res"": 5684.846}]}",NULL,"2025-10-27 09:00:54.319341"
11354,"04a600b9b0b8","2025-10-27 09:00:19","kXsfaKsVCYF4Pkgysozo","{""bme688"": [{""temp"": 22.31808, ""step"": 6, ""status"": 1, ""pres"": 967.7807, ""meas_profile"": ""HP-8"", ""meas_id"": 8, ""hum"": 38.80728, ""gas_res"": 5684.846}, {""temp"": 22.28654, ""step"": 6, ""status"": 1, ""pres"": 967.8809, ""meas_profile"": ""HP-7"", ""meas_id"": 7, ""hum"": 38.71976, ""gas_res"": 6222.049}, {""temp"": 22.37356, ""step"": 6, ""status"": 1, ""pres"": 968.0947, ""meas_profile"": ""HP-6"", ""meas_id"": 6, ""hum"": 38.5763, ""gas_res"": 16456.67}, {""temp"": 22.25573, ""step"": 6, ""status"": 1, ""pres"": 967.7475, ""meas_profile"": ""HP-5"", ""meas_id"": 5, ""hum"": 38.84657, ""gas_res"": 39493.98}, {""temp"": 22.03092, ""step"": 6, ""status"": 1, ""pres"": 967.8036, ""meas_profile"": ""HP-4"", ""meas_id"": 4, ""hum"": 38.21749, ""gas_res"": 91038.41}, {""temp"": 22.19104, ""step"": 6, ""status"": 1, ""pres"": 967.5198, ""meas_profile"": ""HP-3"", ""meas_id"": 3, ""hum"": 38.72288, ""gas_res"": 27239.84}, {""temp"": 22.10923, ""step"": 6, ""status"": 1, ""pres"": 967.6359, ""meas_profile"": ""HP-2"", ""meas_id"": 2, ""hum"": 38.97158, ""gas_res"": 38811.4}, {""temp"": 21.88305, ""step"": 6, ""status"": 1, ""pres"": 967.7449, ""meas_profile"": ""HP-1"", ""meas_id"": 1, ""hum"": 37.53271, ""gas_res"": 32487.31}]}",NULL,"2025-10-27 09:00:55.703646"
11355,"04a600b9b0b8","2025-10-27 09:00:19","kXsfaKsVCYF4Pkgysozo","{""bme688"": [{""temp"": 22.31747, ""step"": 5, ""status"": 1, ""pres"": 967.7798, ""meas_profile"": ""HP-8"", ""meas_id"": 8, ""hum"": 38.83075, ""gas_res"": 5684.846}, {""temp"": 22.28592, ""step"": 5, ""status"": 1, ""pres"": 967.8799, ""meas_profile"": ""HP-7"", ""meas_id"": 7, ""hum"": 38.73134, ""gas_res"": 6146.754}, {""temp"": 22.37326, ""step"": 5, ""status"": 1, ""pres"": 968.0959, ""meas_profile"": ""HP-6"", ""meas_id"": 6, ""hum"": 38.57627, ""gas_res"": 16218.96}, {""temp"": 22.25573, ""step"": 5, ""status"": 1, ""pres"": 967.7475, ""meas_profile"": ""HP-5"", ""meas_id"": 5, ""hum"": 38.84073, ""gas_res"": 39167.69}, {""temp"": 22.0306, ""step"": 5, ""status"": 1, ""pres"": 967.8028, ""meas_profile"": ""HP-4"", ""meas_id"": 4, ""hum"": 38.21156, ""gas_res"": 90941.38}, {""temp"": 22.19042, ""step"": 5, ""status"": 1, ""pres"": 967.5188, ""meas_profile"": ""HP-3"", ""meas_id"": 3, ""hum"": 38.74052, ""gas_res"": 26512.01}, {""temp"": 22.10892, ""step"": 5, ""status"": 1, ""pres"": 967.6355, ""meas_profile"": ""HP-2"", ""meas_id"": 2, ""hum"": 38.97739, ""gas_res"": 37514.65}, {""temp"": 21.88273, ""step"": 5, ""status"": 1, ""pres"": 967.7444, ""meas_profile"": ""HP-1"", ""meas_id"": 1, ""hum"": 37.53868, ""gas_res"": 31597.14}]}",NULL,"2025-10-27 09:00:56.862151"
11356,"04a600b9b0b8","2025-10-27 09:00:19","kXsfaKsVCYF4Pkgysozo","{""bme688"": [{""temp"": 22.31685, ""step"": 4, ""status"": 1, ""pres"": 967.7771, ""meas_profile"": ""HP-8"", ""meas_id"": 8, ""hum"": 38.8248, ""gas_res"": 5684.846}, {""temp"": 22.28561, ""step"": 4, ""status"": 1, ""pres"": 967.8778, ""meas_profile"": ""HP-7"", ""meas_id"": 7, ""hum"": 38.74294, ""gas_res"": 6059.458}, {""temp"": 22.37295, ""step"": 4, ""status"": 1, ""pres"": 968.0953, ""meas_profile"": ""HP-6"", ""meas_id"": 6, ""hum"": 38.58804, ""gas_res"": 15964.08}, {""temp"": 22.25542, ""step"": 4, ""status"": 1, ""pres"": 967.7453, ""meas_profile"": ""HP-5"", ""meas_id"": 5, ""hum"": 38.84653, ""gas_res"": 38846.74}, {""temp"": 22.03029, ""step"": 4, ""status"": 1, ""pres"": 967.8024, ""meas_profile"": ""HP-4"", ""meas_id"": 4, ""hum"": 38.22333, ""gas_res"": 90941.38}, {""temp"": 22.1898, ""step"": 4, ""status"": 1, ""pres"": 967.5178, ""meas_profile"": ""HP-3"", ""meas_id"": 3, ""hum"": 38.74637, ""gas_res"": 25759.71}, {""temp"": 22.10861, ""step"": 4, ""status"": 1, ""pres"": 967.6349, ""meas_profile"": ""HP-2"", ""meas_id"": 2, ""hum"": 38.95984, ""gas_res"": 36866.36}, {""temp"": 21.88242, ""step"": 4, ""status"": 1, ""pres"": 967.7439, ""meas_profile"": ""HP-1"", ""meas_id"": 1, ""hum"": 37.53865, ""gas_res"": 30360.53}]}",NULL,"2025-10-27 09:00:58.144586"
11357,"04a600b9b0b8","2025-10-27 09:00:19","kXsfaKsVCYF4Pkgysozo","{""bme688"": [{""temp"": 22.31623, ""step"": 3, ""status"": 1, ""pres"": 967.7762, ""meas_profile"": ""HP-8"", ""meas_id"": 8, ""hum"": 38.84828, ""gas_res"": 5684.846}, {""temp"": 22.28499, ""step"": 3, ""status"": 1, ""pres"": 967.8768, ""meas_profile"": ""HP-7"", ""meas_id"": 7, ""hum"": 38.75452, ""gas_res"": 5684.846}, {""temp"": 22.37233, ""step"": 3, ""status"": 1, ""pres"": 968.0943, ""meas_profile"": ""HP-6"", ""meas_id"": 6, ""hum"": 38.59977, ""gas_res"": 7541.833}, {""temp"": 22.25511, ""step"": 3, ""status"": 1, ""pres"": 967.7449, ""meas_profile"": ""HP-5"", ""meas_id"": 5, ""hum"": 38.864, ""gas_res"": 20006.25}, {""temp"": 22.02936, ""step"": 3, ""status"": 0, ""pres"": 967.801, ""meas_profile"": ""HP-4"", ""meas_id"": 4, ""hum"": 38.23503, ""gas_res"": 28667.41}, {""temp"": 22.18918, ""step"": 3, ""status"": 1, ""pres"": 967.5167, ""meas_profile"": ""HP-3"", ""meas_id"": 3, ""hum"": 38.74631, ""gas_res"": 17817.37}, {""temp"": 22.10768, ""step"": 3, ""status"": 1, ""pres"": 967.6334, ""meas_profile"": ""HP-2"", ""meas_id"": 2, ""hum"": 38.98893, ""gas_res"": 26090.5}, {""temp"": 21.8818, ""step"": 3, ""status"": 1, ""pres"": 967.7449, ""meas_profile"": ""HP-1"", ""meas_id"": 1, ""hum"": 37.55659, ""gas_res"": 18626.31}]}",NULL,"2025-10-27 09:00:59.43621"
11358,"04a600b9b0b8","2025-10-27 09:00:19","kXsfaKsVCYF4Pkgysozo","{""bme688"": [{""temp"": 22.31592, ""step"": 2, ""status"": 1, ""pres"": 967.7757, ""meas_profile"": ""HP-8"", ""meas_id"": 8, ""hum"": 38.84826, ""gas_res"": 7048.458}, {""temp"": 22.28468, ""step"": 2, ""status"": 1, ""pres"": 967.8762, ""meas_profile"": ""HP-7"", ""meas_id"": 7, ""hum"": 38.76031, ""gas_res"": 9800.919}, {""temp"": 22.37202, ""step"": 2, ""status"": 1, ""pres"": 968.0939, ""meas_profile"": ""HP-6"", ""meas_id"": 6, ""hum"": 38.61154, ""gas_res"": 32217.47}, {""temp"": 22.25448, ""step"": 2, ""status"": 1, ""pres"": 967.7439, ""meas_profile"": ""HP-5"", ""meas_id"": 5, ""hum"": 38.86977, ""gas_res"": 127331.5}, {""temp"": 22.02905, ""step"": 2, ""status"": 1, ""pres"": 967.8005, ""meas_profile"": ""HP-4"", ""meas_id"": 4, ""hum"": 38.24091, ""gas_res"": 253905.3}, {""temp"": 22.18856, ""step"": 2, ""status"": 1, ""pres"": 967.5157, ""meas_profile"": ""HP-3"", ""meas_id"": 3, ""hum"": 38.77577, ""gas_res"": 111159.4}, {""temp"": 22.10706, ""step"": 2, ""status"": 1, ""pres"": 967.6324, ""meas_profile"": ""HP-2"", ""meas_id"": 2, ""hum"": 39.00055, ""gas_res"": 183644.2}, {""temp"": 21.88118, ""step"": 2, ""status"": 1, ""pres"": 967.7439, ""meas_profile"": ""HP-1"", ""meas_id"": 1, ""hum"": 37.55652, ""gas_res"": 147976.9}]}",NULL,"2025-10-27 09:01:00.938956"
11359,"04a600b9b0b8","2025-10-27 09:00:19","kXsfaKsVCYF4Pkgysozo","{""bme688"": [{""temp"": 22.3153, ""step"": 1, ""status"": 1, ""pres"": 967.7748, ""meas_profile"": ""HP-8"", ""meas_id"": 8, ""hum"": 38.85997, ""gas_res"": 5684.846}, {""temp"": 22.28406, ""step"": 1, ""status"": 1, ""pres"": 967.8752, ""meas_profile"": ""HP-7"", ""meas_id"": 7, ""hum"": 38.78352, ""gas_res"": 5684.846}, {""temp"": 22.37171, ""step"": 1, ""status"": 1, ""pres"": 968.0951, ""meas_profile"": ""HP-6"", ""meas_id"": 6, ""hum"": 38.61741, ""gas_res"": 7081.213}, {""temp"": 22.25448, ""step"": 1, ""status"": 1, ""pres"": 967.7439, ""meas_profile"": ""HP-5"", ""meas_id"": 5, ""hum"": 38.8581, ""gas_res"": 25000.0}, {""temp"": 22.02874, ""step"": 1, ""status"": 1, ""pres"": 967.7999, ""meas_profile"": ""HP-4"", ""meas_id"": 4, ""hum"": 38.24677, ""gas_res"": 25000.0}, {""temp"": 22.18825, ""step"": 1, ""status"": 1, ""pres"": 967.5153, ""meas_profile"": ""HP-3"", ""meas_id"": 3, ""hum"": 38.76392, ""gas_res"": 21563.34}, {""temp"": 22.10675, ""step"": 1, ""status"": 1, ""pres"": 967.6318, ""meas_profile"": ""HP-2"", ""meas_id"": 2, ""hum"": 39.00052, ""gas_res"": 25000.0}, {""temp"": 21.88087, ""step"": 1, ""status"": 1, ""pres"": 967.7452, ""meas_profile"": ""HP-1"", ""meas_id"": 1, ""hum"": 37.55649, ""gas_res"": 25000.0}]}",NULL,"2025-10-27 09:01:02.627637"
11360,"04a600b9b0b8","2025-10-27 09:00:19","kXsfaKsVCYF4Pkgysozo","{""bme688"": [{""temp"": 22.31469, ""step"": 0, ""status"": 1, ""pres"": 967.772, ""meas_profile"": ""HP-8"", ""meas_id"": 8, ""hum"": 38.84813, ""gas_res"": 5684.846}, {""temp"": 22.28312, ""step"": 0, ""status"": 1, ""pres"": 967.8719, ""meas_profile"": ""HP-7"", ""meas_id"": 7, ""hum"": 38.77178, ""gas_res"": 5684.846}, {""temp"": 22.3711, ""step"": 0, ""status"": 1, ""pres"": 968.0923, ""meas_profile"": ""HP-6"", ""meas_id"": 6, ""hum"": 38.62325, ""gas_res"": 5684.846}, {""temp"": 22.25417, ""step"": 0, ""status"": 1, ""pres"": 967.7433, ""meas_profile"": ""HP-5"", ""meas_id"": 5, ""hum"": 38.86974, ""gas_res"": 8140.422}, {""temp"": 22.02843, ""step"": 0, ""status"": 1, ""pres"": 967.7994, ""meas_profile"": ""HP-4"", ""meas_id"": 4, ""hum"": 38.26445, ""gas_res"": 7324.331}, {""temp"": 22.18733, ""step"": 0, ""status"": 1, ""pres"": 967.5137, ""meas_profile"": ""HP-3"", ""meas_id"": 3, ""hum"": 38.76383, ""gas_res"": 5684.846}, {""temp"": 22.10613, ""step"": 0, ""status"": 1, ""pres"": 967.6309, ""meas_profile"": ""HP-2"", ""meas_id"": 2, ""hum"": 39.01213, ""gas_res"": 6849.315}, {""temp"": 21.88024, ""step"": 0, ""status"": 1, ""pres"": 967.7443, ""meas_profile"": ""HP-1"", ""meas_id"": 1, ""hum"": 37.56842, ""gas_res"": 5684.846}]}",NULL,"2025-10-27 09:01:03.914716"
11361,"04a600b9b0b8","2025-10-27 08:59:10","kXsfaKsVCYF4Pkgysozo","{""zphs01b"": {""voc"": 0, ""temp"": 19.9, ""pm2_5"": 0, ""pm1_0"": 0, ""pm10"": 328, ""o3"": 0.02, ""no2"": 10.0, ""hum"": 0, ""fmhd"": 0, ""co2"": 5000, ""co"": 0.0}, ""smell_b"": {}, ""sfa30"": {""temp"": 22.325, ""hum"": 39.23, ""fmhd"": 8.2}, ""sen5x"": {""voc"": 127.0, ""temp"": 22.73, ""pm4_0"": 4307.3, ""pm2_5"": 4307.3, ""pm1_0"": 4107.3, ""pm10"": 4307.3, ""nox"": 1.0, ""mass_c"": 4257.3, ""hum"": 43.86}, ""scd41"": {""temp"": 21.64606, ""hum"": 41.3962, ""co2"": 699}, ""power_source"": 0, ""mics6814"": {""red_res"": 0, ""no2_res"": 0, ""no2"": 0.17, ""nh3_res"": 0, ""nh3"": 0.73, ""co_res"": 0, ""co"": 44.0}}",NULL,"2025-10-27 09:01:05.177661"
11362,"04a600b9b0b8","2025-10-27 08:59:10","kXsfaKsVCYF4Pkgysozo","{""bme688"": [{""temp"": 22.31438, ""step"": 9, ""status"": 1, ""pres"": 967.7715, ""meas_profile"": ""HP-8"", ""meas_id"": 8, ""hum"": 38.90108, ""gas_res"": 5684.846}, {""temp"": 22.28282, ""step"": 9, ""status"": 1, ""pres"": 967.8715, ""meas_profile"": ""HP-7"", ""meas_id"": 7, ""hum"": 38.8125, ""gas_res"": 5684.846}, {""temp"": 22.37078, ""step"": 9, ""status"": 1, ""pres"": 968.092, ""meas_profile"": ""HP-6"", ""meas_id"": 6, ""hum"": 38.67044, ""gas_res"": 5684.846}, {""temp"": 22.25386, ""step"": 9, ""status"": 1, ""pres"": 967.7428, ""meas_profile"": ""HP-5"", ""meas_id"": 5, ""hum"": 38.90472, ""gas_res"": 7716.421}, {""temp"": 22.02812, ""step"": 9, ""status"": 1, ""pres"": 967.7989, ""meas_profile"": ""HP-4"", ""meas_id"": 4, ""hum"": 38.30574, ""gas_res"": 6979.28}, {""temp"": 22.1867, ""step"": 9, ""status"": 1, ""pres"": 967.5128, ""meas_profile"": ""HP-3"", ""meas_id"": 3, ""hum"": 38.82284, ""gas_res"": 5684.846}, {""temp"": 22.10551, ""step"": 9, ""status"": 1, ""pres"": 967.6298, ""meas_profile"": ""HP-2"", ""meas_id"": 2, ""hum"": 39.05879, ""gas_res"": 6893.581}, {""temp"": 21.87931, ""step"": 9, ""status"": 1, ""pres"": 967.7429, ""meas_profile"": ""HP-1"", ""meas_id"": 1, ""hum"": 37.62234, ""gas_res"": 5684.846}]}",NULL,"2025-10-27 09:01:06.463064"
11363,"04a600b9b0b8","2025-10-27 08:59:10","kXsfaKsVCYF4Pkgysozo","{""bme688"": [{""temp"": 22.31376, ""step"": 8, ""status"": 1, ""pres"": 967.7706, ""meas_profile"": ""HP-8"", ""meas_id"": 8, ""hum"": 38.89513, ""gas_res"": 5684.846}, {""temp"": 22.28219, ""step"": 8, ""status"": 1, ""pres"": 967.8704, ""meas_profile"": ""HP-7"", ""meas_id"": 7, ""hum"": 38.81826, ""gas_res"": 5684.846}, {""temp"": 22.37017, ""step"": 8, ""status"": 1, ""pres"": 968.0925, ""meas_profile"": ""HP-6"", ""meas_id"": 6, ""hum"": 38.67038, ""gas_res"": 5684.846}, {""temp"": 22.25354, ""step"": 8, ""status"": 1, ""pres"": 967.7422, ""meas_profile"": ""HP-5"", ""meas_id"": 5, ""hum"": 38.9222, ""gas_res"": 7349.563}, {""temp"": 22.02781, ""step"": 8, ""status"": 1, ""pres"": 967.7983, ""meas_profile"": ""HP-4"", ""meas_id"": 4, ""hum"": 38.288, ""gas_res"": 6801.275}, {""temp"": 22.18578, ""step"": 8, ""status"": 1, ""pres"": 967.5111, ""meas_profile"": ""HP-3"", ""meas_id"": 3, ""hum"": 38.81092, ""gas_res"": 5684.846}, {""temp"": 22.1052, ""step"": 8, ""status"": 1, ""pres"": 967.6295, ""meas_profile"": ""HP-2"", ""meas_id"": 2, ""hum"": 39.05875, ""gas_res"": 6648.66}, {""temp"": 21.87838, ""step"": 8, ""status"": 1, ""pres"": 967.7414, ""meas_profile"": ""HP-1"", ""meas_id"": 1, ""hum"": 37.62225, ""gas_res"": 5684.846}]}",NULL,"2025-10-27 09:01:07.746008"
11364,"04a600b9b0b8","2025-10-27 08:59:10","kXsfaKsVCYF4Pkgysozo","{""bme688"": [{""temp"": 22.31283, ""step"": 7, ""status"": 1, ""pres"": 967.7673, ""meas_profile"": ""HP-8"", ""meas_id"": 8, ""hum"": 38.90093, ""gas_res"": 5684.846}, {""temp"": 22.28157, ""step"": 7, ""status"": 1, ""pres"": 967.8676, ""meas_profile"": ""HP-7"", ""meas_id"": 7, ""hum"": 38.82984, ""gas_res"": 5684.846}, {""temp"": 22.36955, ""step"": 7, ""status"": 1, ""pres"": 968.0916, ""meas_profile"": ""HP-6"", ""meas_id"": 6, ""hum"": 38.66441, ""gas_res"": 5684.846}, {""temp"": 22.25354, ""step"": 7, ""status"": 1, ""pres"": 967.7405, ""meas_profile"": ""HP-5"", ""meas_id"": 5, ""hum"": 38.9222, ""gas_res"": 7483.629}, {""temp"": 22.02719, ""step"": 7, ""status"": 1, ""pres"": 967.7974, ""meas_profile"": ""HP-4"", ""meas_id"": 4, ""hum"": 38.30564, ""gas_res"": 6644.518}, {""temp"": 22.18485, ""step"": 7, ""status"": 1, ""pres"": 967.5098, ""meas_profile"": ""HP-3"", ""meas_id"": 3, ""hum"": 38.81673, ""gas_res"": 5684.846}, {""temp"": 22.10458, ""step"": 7, ""status"": 1, ""pres"": 967.6284, ""meas_profile"": ""HP-2"", ""meas_id"": 2, ""hum"": 39.06452, ""gas_res"": 6042.296}, {""temp"": 21.87775, ""step"": 7, ""status"": 1, ""pres"": 967.7422, ""meas_profile"": ""HP-1"", ""meas_id"": 1, ""hum"": 37.62218, ""gas_res"": 5684.846}]}",NULL,"2025-10-27 09:01:09.037676"
11365,"04a600b9b0b8","2025-10-27 08:59:10","kXsfaKsVCYF4Pkgysozo","{""bme688"": [{""temp"": 22.31253, ""step"": 6, ""status"": 1, ""pres"": 967.7668, ""meas_profile"": ""HP-8"", ""meas_id"": 8, ""hum"": 38.91856, ""gas_res"": 5684.846}, {""temp"": 22.28126, ""step"": 6, ""status"": 1, ""pres"": 967.8671, ""meas_profile"": ""HP-7"", ""meas_id"": 7, ""hum"": 38.84145, ""gas_res"": 6291.781}, {""temp"": 22.36924, ""step"": 6, ""status"": 1, ""pres"": 968.091, ""meas_profile"": ""HP-6"", ""meas_id"": 6, ""hum"": 38.69389, ""gas_res"": 15322.0}, {""temp"": 22.25323, ""step"": 6, ""status"": 1, ""pres"": 967.74, ""meas_profile"": ""HP-5"", ""meas_id"": 5, ""hum"": 38.90466, ""gas_res"": 35193.84}, {""temp"": 22.02688, ""step"": 6, ""status"": 1, ""pres"": 967.7967, ""meas_profile"": ""HP-4"", ""meas_id"": 4, ""hum"": 38.31151, ""gas_res"": 45519.2}, {""temp"": 22.18454, ""step"": 6, ""status"": 1, ""pres"": 967.5092, ""meas_profile"": ""HP-3"", ""meas_id"": 3, ""hum"": 38.8167, ""gas_res"": 25000.0}, {""temp"": 22.10427, ""step"": 6, ""status"": 1, ""pres"": 967.6278, ""meas_profile"": ""HP-2"", ""meas_id"": 2, ""hum"": 39.07034, ""gas_res"": 31067.96}, {""temp"": 21.87713, ""step"": 6, ""status"": 1, ""pres"": 967.7413, ""meas_profile"": ""HP-1"", ""meas_id"": 1, ""hum"": 37.63412, ""gas_res"": 26042.73}]}",NULL,"2025-10-27 09:01:10.492828"
11366,"04a600b9b0b8","2025-10-27 08:59:10","kXsfaKsVCYF4Pkgysozo","{""bme688"": [{""temp"": 22.31191, ""step"": 5, ""status"": 1, ""pres"": 967.7657, ""meas_profile"": ""HP-8"", ""meas_id"": 8, ""hum"": 38.93616, ""gas_res"": 5684.846}, {""temp"": 22.28095, ""step"": 5, ""status"": 1, ""pres"": 967.8666, ""meas_profile"": ""HP-7"", ""meas_id"": 7, ""hum"": 38.82978, ""gas_res"": 6269.592}, {""temp"": 22.36893, ""step"": 5, ""status"": 1, ""pres"": 968.0905, ""meas_profile"": ""HP-6"", ""meas_id"": 6, ""hum"": 38.69386, ""gas_res"": 15234.47}, {""temp"": 22.25323, ""step"": 5, ""status"": 1, ""pres"": 967.74, ""meas_profile"": ""HP-5"", ""meas_id"": 5, ""hum"": 38.93384, ""gas_res"": 35049.29}, {""temp"": 22.02657, ""step"": 5, ""status"": 1, ""pres"": 967.7963, ""meas_profile"": ""HP-4"", ""meas_id"": 4, ""hum"": 38.32329, ""gas_res"": 44991.21}, {""temp"": 22.18423, ""step"": 5, ""status"": 1, ""pres"": 967.5087, ""meas_profile"": ""HP-3"", ""meas_id"": 3, ""hum"": 38.8403, ""gas_res"": 25000.0}, {""temp"": 22.10395, ""step"": 5, ""status"": 1, ""pres"": 967.6273, ""meas_profile"": ""HP-2"", ""meas_id"": 2, ""hum"": 39.05862, ""gas_res"": 29581.7}, {""temp"": 21.87651, ""step"": 5, ""status"": 1, ""pres"": 967.7405, ""meas_profile"": ""HP-1"", ""meas_id"": 1, ""hum"": 37.62206, ""gas_res"": 24729.52}]}",NULL,"2025-10-27 09:01:11.584279"
11367,"04a600b9b0b8","2025-10-27 08:59:10","kXsfaKsVCYF4Pkgysozo","{""bme688"": [{""temp"": 22.31129, ""step"": 4, ""status"": 1, ""pres"": 967.7631, ""meas_profile"": ""HP-8"", ""meas_id"": 8, ""hum"": 38.95377, ""gas_res"": 5684.846}, {""temp"": 22.28064, ""step"": 4, ""status"": 1, ""pres"": 967.8644, ""meas_profile"": ""HP-7"", ""meas_id"": 7, ""hum"": 38.84138, ""gas_res"": 6317.868}, {""temp"": 22.36863, ""step"": 4, ""status"": 1, ""pres"": 968.0901, ""meas_profile"": ""HP-6"", ""meas_id"": 6, ""hum"": 38.68793, ""gas_res"": 15377.22}, {""temp"": 22.25292, ""step"": 4, ""status"": 1, ""pres"": 967.7396, ""meas_profile"": ""HP-5"", ""meas_id"": 5, ""hum"": 38.96301, ""gas_res"": 35049.29}, {""temp"": 22.02626, ""step"": 4, ""status"": 1, ""pres"": 967.7958, ""meas_profile"": ""HP-4"", ""meas_id"": 4, ""hum"": 38.32917, ""gas_res"": 45325.78}, {""temp"": 22.18392, ""step"": 4, ""status"": 1, ""pres"": 967.5081, ""meas_profile"": ""HP-3"", ""meas_id"": 3, ""hum"": 38.85209, ""gas_res"": 25000.0}, {""temp"": 22.10333, ""step"": 4, ""status"": 1, ""pres"": 967.6263, ""meas_profile"": ""HP-2"", ""meas_id"": 2, ""hum"": 39.07608, ""gas_res"": 28571.43}, {""temp"": 21.87589, ""step"": 4, ""status"": 1, ""pres"": 967.7413, ""meas_profile"": ""HP-1"", ""meas_id"": 1, ""hum"": 37.652, ""gas_res"": 23738.87}]}",NULL,"2025-10-27 09:01:12.872204"
11368,"04a600b9b0b8","2025-10-27 08:59:10","kXsfaKsVCYF4Pkgysozo","{""bme688"": [{""temp"": 22.31067, ""step"": 3, ""status"": 1, ""pres"": 967.7622, ""meas_profile"": ""HP-8"", ""meas_id"": 8, ""hum"": 38.95371, ""gas_res"": 5684.846}, {""temp"": 22.28002, ""step"": 3, ""status"": 1, ""pres"": 967.8633, ""meas_profile"": ""HP-7"", ""meas_id"": 7, ""hum"": 38.87627, ""gas_res"": 5684.846}, {""temp"": 22.36801, ""step"": 3, ""status"": 1, ""pres"": 968.0891, ""meas_profile"": ""HP-6"", ""meas_id"": 6, ""hum"": 38.70558, ""gas_res"": 10184.6}, {""temp"": 22.25261, ""step"": 3, ""status"": 1, ""pres"": 967.739, ""meas_profile"": ""HP-5"", ""meas_id"": 5, ""hum"": 38.96881, ""gas_res"": 25713.14}, {""temp"": 22.02563, ""step"": 3, ""status"": 1, ""pres"": 967.7949, ""meas_profile"": ""HP-4"", ""meas_id"": 4, ""hum"": 38.3291, ""gas_res"": 44521.74}, {""temp"": 22.18331, ""step"": 3, ""status"": 1, ""pres"": 967.5072, ""meas_profile"": ""HP-3"", ""meas_id"": 3, ""hum"": 38.8343, ""gas_res"": 21872.86}, {""temp"": 22.10271, ""step"": 3, ""status"": 1, ""pres"": 967.6253, ""meas_profile"": ""HP-2"", ""meas_id"": 2, ""hum"": 39.08185, ""gas_res"": 34482.76}, {""temp"": 21.87526, ""step"": 3, ""status"": 1, ""pres"": 967.7404, ""meas_profile"": ""HP-1"", ""meas_id"": 1, ""hum"": 37.64594, ""gas_res"": 27274.66}]}",NULL,"2025-10-27 09:01:14.156632"
11369,"04a600b9b0b8","2025-10-27 08:59:10","kXsfaKsVCYF4Pkgysozo","{""bme688"": [{""temp"": 22.31036, ""step"": 2, ""status"": 1, ""pres"": 967.7617, ""meas_profile"": ""HP-8"", ""meas_id"": 8, ""hum"": 38.96546, ""gas_res"": 7744.434}, {""temp"": 22.27971, ""step"": 2, ""status"": 1, ""pres"": 967.8613, ""meas_profile"": ""HP-7"", ""meas_id"": 7, ""hum"": 38.86459, ""gas_res"": 11212.33}, {""temp"": 22.3677, ""step"": 2, ""status"": 1, ""pres"": 968.0887, ""meas_profile"": ""HP-6"", ""meas_id"": 6, ""hum"": 38.72917, ""gas_res"": 34343.98}, {""temp"": 22.25229, ""step"": 2, ""status"": 1, ""pres"": 967.7386, ""meas_profile"": ""HP-5"", ""meas_id"": 5, ""hum"": 38.96878, ""gas_res"": 129260.3}, {""temp"": 22.02501, ""step"": 2, ""status"": 1, ""pres"": 967.7936, ""meas_profile"": ""HP-4"", ""meas_id"": 4, ""hum"": 38.33494, ""gas_res"": 223923.0}, {""temp"": 22.18269, ""step"": 2, ""status"": 1, ""pres"": 967.5062, ""meas_profile"": ""HP-3"", ""meas_id"": 3, ""hum"": 38.85786, ""gas_res"": 91038.41}, {""temp"": 22.10209, ""step"": 2, ""status"": 1, ""pres"": 967.6243, ""meas_profile"": ""HP-2"", ""meas_id"": 2, ""hum"": 39.08179, ""gas_res"": 147848.7}, {""temp"": 21.87464, ""step"": 2, ""status"": 1, ""pres"": 967.7393, ""meas_profile"": ""HP-1"", ""meas_id"": 1, ""hum"": 37.66389, ""gas_res"": 116948.4}]}",NULL,"2025-10-27 09:01:15.608937"
11370,"04a600b9b0b8","2025-10-27 08:59:10","kXsfaKsVCYF4Pkgysozo","{""bme688"": [{""temp"": 22.30974, ""step"": 1, ""status"": 1, ""pres"": 967.7589, ""meas_profile"": ""HP-8"", ""meas_id"": 8, ""hum"": 38.97717, ""gas_res"": 5684.846}, {""temp"": 22.2794, ""step"": 1, ""status"": 1, ""pres"": 967.8605, ""meas_profile"": ""HP-7"", ""meas_id"": 7, ""hum"": 38.87037, ""gas_res"": 5684.846}, {""temp"": 22.36739, ""step"": 1, ""status"": 1, ""pres"": 968.0882, ""meas_profile"": ""HP-6"", ""meas_id"": 6, ""hum"": 38.71732, ""gas_res"": 7133.304}, {""temp"": 22.25198, ""step"": 1, ""status"": 1, ""pres"": 967.738, ""meas_profile"": ""HP-5"", ""meas_id"": 5, ""hum"": 38.95707, ""gas_res"": 25000.0}, {""temp"": 22.02501, ""step"": 1, ""status"": 1, ""pres"": 967.7936, ""meas_profile"": ""HP-4"", ""meas_id"": 4, ""hum"": 38.35266, ""gas_res"": 25000.0}, {""temp"": 22.18207, ""step"": 1, ""status"": 1, ""pres"": 967.5052, ""meas_profile"": ""HP-3"", ""meas_id"": 3, ""hum"": 38.88144, ""gas_res"": 16806.72}, {""temp"": 22.10209, ""step"": 1, ""status"": 1, ""pres"": 967.6243, ""meas_profile"": ""HP-2"", ""meas_id"": 2, ""hum"": 39.09348, ""gas_res"": 25000.0}, {""temp"": 21.87402, ""step"": 1, ""status"": 1, ""pres"": 967.7402, ""meas_profile"": ""HP-1"", ""meas_id"": 1, ""hum"": 37.66983, ""gas_res"": 18481.09}]}",NULL,"2025-10-27 09:01:17.345752"
11371,"04a600b9b0b8","2025-10-27 08:59:10","kXsfaKsVCYF4Pkgysozo","{""bme688"": [{""temp"": 22.30913, ""step"": 0, ""status"": 1, ""pres"": 967.758, ""meas_profile"": ""HP-8"", ""meas_id"": 8, ""hum"": 38.9771, ""gas_res"": 5684.846}, {""temp"": 22.27878, ""step"": 0, ""status"": 1, ""pres"": 967.8578, ""meas_profile"": ""HP-7"", ""meas_id"": 7, ""hum"": 38.86449, ""gas_res"": 5684.846}, {""temp"": 22.36708, ""step"": 0, ""status"": 1, ""pres"": 968.0876, ""meas_profile"": ""HP-6"", ""meas_id"": 6, ""hum"": 38.7232, ""gas_res"": 5684.846}, {""temp"": 22.25198, ""step"": 0, ""status"": 1, ""pres"": 967.738, ""meas_profile"": ""HP-5"", ""meas_id"": 5, ""hum"": 38.98626, ""gas_res"": 7864.34}, {""temp"": 22.02439, ""step"": 0, ""status"": 1, ""pres"": 967.7927, ""meas_profile"": ""HP-4"", ""meas_id"": 4, ""hum"": 38.33488, ""gas_res"": 6636.25}, {""temp"": 22.18114, ""step"": 0, ""status"": 1, ""pres"": 967.5036, ""meas_profile"": ""HP-3"", ""meas_id"": 3, ""hum"": 38.84589, ""gas_res"": 5684.846}, {""temp"": 22.10147, ""step"": 0, ""status"": 1, ""pres"": 967.6231, ""meas_profile"": ""HP-2"", ""meas_id"": 2, ""hum"": 39.08173, ""gas_res"": 6038.875}, {""temp"": 21.8734, ""step"": 0, ""status"": 1, ""pres"": 967.7392, ""meas_profile"": ""HP-1"", ""meas_id"": 1, ""hum"": 37.65176, ""gas_res"": 5684.846}]}",NULL,"2025-10-27 09:01:18.624209"
11372,"04a600b9b0b8","2025-10-27 09:01:52","kXsfaKsVCYF4Pkgysozo","{""zphs01b"": {""voc"": 0, ""temp"": 20.1, ""pm2_5"": 0, ""pm1_0"": 0, ""pm10"": 328, ""o3"": 0.21, ""no2"": 10.0, ""hum"": 0, ""fmhd"": 0, ""co2"": 5000, ""co"": 0.0}, ""smell_b"": {}, ""sfa30"": {""temp"": 22.37, ""hum"": 39.04, ""fmhd"": 12.6}, ""sen5x"": {""voc"": 120.0, ""temp"": 22.56, ""pm4_0"": 4391.7, ""pm2_5"": 4391.7, ""pm1_0"": 4187.7, ""pm10"": 4391.7, ""nox"": 1.0, ""mass_c"": 4340.7, ""hum"": 44.28}, ""scd41"": {""temp"": 21.9131, ""hum"": 41.16426, ""co2"": 729}, ""power_source"": 0, ""mics6814"": {""red_res"": 0, ""no2_res"": 0, ""no2"": 0.17, ""nh3_res"": 0, ""nh3"": 0.73, ""co_res"": 0, ""co"": 44.0}}",NULL,"2025-10-27 09:02:22.929691"
11373,"04a600b9b0b8","2025-10-27 09:01:52","kXsfaKsVCYF4Pkgysozo","{""bme688"": [{""temp"": 22.33538, ""step"": 9, ""status"": 1, ""pres"": 967.8097, ""meas_profile"": ""HP-8"", ""meas_id"": 8, ""hum"": 38.64435, ""gas_res"": 5684.846}, {""temp"": 22.30238, ""step"": 9, ""status"": 1, ""pres"": 967.9105, ""meas_profile"": ""HP-7"", ""meas_id"": 7, ""hum"": 38.55273, ""gas_res"": 5684.846}, {""temp"": 22.38869, ""step"": 9, ""status"": 1, ""pres"": 968.1102, ""meas_profile"": ""HP-6"", ""meas_id"": 6, ""hum"": 38.40684, ""gas_res"": 5684.846}, {""temp"": 22.26511, ""step"": 9, ""status"": 1, ""pres"": 967.7612, ""meas_profile"": ""HP-5"", ""meas_id"": 5, ""hum"": 38.66094, ""gas_res"": 9395.185}, {""temp"": 22.04396, ""step"": 9, ""status"": 1, ""pres"": 967.8181, ""meas_profile"": ""HP-4"", ""meas_id"": 4, ""hum"": 38.036, ""gas_res"": 8599.839}, {""temp"": 22.20804, ""step"": 9, ""status"": 1, ""pres"": 967.5391, ""meas_profile"": ""HP-3"", ""meas_id"": 3, ""hum"": 38.58889, ""gas_res"": 6924.908}, {""temp"": 22.12538, ""step"": 9, ""status"": 1, ""pres"": 967.6557, ""meas_profile"": ""HP-2"", ""meas_id"": 2, ""hum"": 38.80403, ""gas_res"": 6439.928}, {""temp"": 21.89954, ""step"": 9, ""status"": 1, ""pres"": 967.7522, ""meas_profile"": ""HP-1"", ""meas_id"": 1, ""hum"": 37.33653, ""gas_res"": 6428.285}]}",NULL,"2025-10-27 09:02:24.545948"
11374,"04a600b9b0b8","2025-10-27 09:01:52","kXsfaKsVCYF4Pkgysozo","{""bme688"": [{""temp"": 22.33445, ""step"": 8, ""status"": 1, ""pres"": 967.8082, ""meas_profile"": ""HP-8"", ""meas_id"": 8, ""hum"": 38.63837, ""gas_res"": 5684.846}, {""temp"": 22.30176, ""step"": 8, ""status"": 1, ""pres"": 967.9096, ""meas_profile"": ""HP-7"", ""meas_id"": 7, ""hum"": 38.55267, ""gas_res"": 5684.846}, {""temp"": 22.38776, ""step"": 8, ""status"": 1, ""pres"": 968.1086, ""meas_profile"": ""HP-6"", ""meas_id"": 6, ""hum"": 38.41264, ""gas_res"": 5684.846}, {""temp"": 22.2648, ""step"": 8, ""status"": 1, ""pres"": 967.7608, ""meas_profile"": ""HP-5"", ""meas_id"": 5, ""hum"": 38.67839, ""gas_res"": 9161.18}, {""temp"": 22.04365, ""step"": 8, ""status"": 1, ""pres"": 967.8194, ""meas_profile"": ""HP-4"", ""meas_id"": 4, ""hum"": 38.03597, ""gas_res"": 8834.897}, {""temp"": 22.20712, ""step"": 8, ""status"": 1, ""pres"": 967.5392, ""meas_profile"": ""HP-3"", ""meas_id"": 3, ""hum"": 38.57111, ""gas_res"": 6558.721}, {""temp"": 22.12445, ""step"": 8, ""status"": 1, ""pres"": 967.6541, ""meas_profile"": ""HP-2"", ""meas_id"": 2, ""hum"": 38.80977, ""gas_res"": 6506.71}, {""temp"": 21.8986, ""step"": 8, ""status"": 1, ""pres"": 967.7507, ""meas_profile"": ""HP-1"", ""meas_id"": 1, ""hum"": 37.37239, ""gas_res"": 6669.446}]}",NULL,"2025-10-27 09:02:25.822652"
11375,"04a600b9b0b8","2025-10-27 09:01:52","kXsfaKsVCYF4Pkgysozo","{""bme688"": [{""temp"": 22.33384, ""step"": 7, ""status"": 1, ""pres"": 967.8071, ""meas_profile"": ""HP-8"", ""meas_id"": 8, ""hum"": 38.63244, ""gas_res"": 5684.846}, {""temp"": 22.30083, ""step"": 7, ""status"": 1, ""pres"": 967.908, ""meas_profile"": ""HP-7"", ""meas_id"": 7, ""hum"": 38.54677, ""gas_res"": 5684.846}, {""temp"": 22.38684, ""step"": 7, ""status"": 1, ""pres"": 968.1089, ""meas_profile"": ""HP-6"", ""meas_id"": 6, ""hum"": 38.41844, ""gas_res"": 5684.846}, {""temp"": 22.26449, ""step"": 7, ""status"": 1, ""pres"": 967.7601, ""meas_profile"": ""HP-5"", ""meas_id"": 5, ""hum"": 38.67253, ""gas_res"": 9337.613}, {""temp"": 22.04303, ""step"": 7, ""status"": 1, ""pres"": 967.8184, ""meas_profile"": ""HP-4"", ""meas_id"": 4, ""hum"": 38.0418, ""gas_res"": 8544.727}, {""temp"": 22.2065, ""step"": 7, ""status"": 1, ""pres"": 967.5382, ""meas_profile"": ""HP-3"", ""meas_id"": 3, ""hum"": 38.58874, ""gas_res"": 6214.799}, {""temp"": 22.12352, ""step"": 7, ""status"": 1, ""pres"": 967.6543, ""meas_profile"": ""HP-2"", ""meas_id"": 2, ""hum"": 38.82717, ""gas_res"": 6299.212}, {""temp"": 21.89767, ""step"": 7, ""status"": 1, ""pres"": 967.7509, ""meas_profile"": ""HP-1"", ""meas_id"": 1, ""hum"": 37.34833, ""gas_res"": 6428.285}]}",NULL,"2025-10-27 09:02:27.298887"
11376,"04a600b9b0b8","2025-10-27 09:01:52","kXsfaKsVCYF4Pkgysozo","{""bme688"": [{""temp"": 22.33291, ""step"": 6, ""status"": 1, ""pres"": 967.8057, ""meas_profile"": ""HP-8"", ""meas_id"": 8, ""hum"": 38.61471, ""gas_res"": 5684.846}, {""temp"": 22.30021, ""step"": 6, ""status"": 1, ""pres"": 967.9069, ""meas_profile"": ""HP-7"", ""meas_id"": 7, ""hum"": 38.55252, ""gas_res"": 6101.049}, {""temp"": 22.38622, ""step"": 6, ""status"": 1, ""pres"": 968.108, ""meas_profile"": ""HP-6"", ""meas_id"": 6, ""hum"": 38.39481, ""gas_res"": 17297.3}, {""temp"": 22.26386, ""step"": 6, ""status"": 1, ""pres"": 967.759, ""meas_profile"": ""HP-5"", ""meas_id"": 5, ""hum"": 38.66664, ""gas_res"": 44153.16}, {""temp"": 22.04241, ""step"": 6, ""status"": 1, ""pres"": 967.8173, ""meas_profile"": ""HP-4"", ""meas_id"": 4, ""hum"": 38.04174, ""gas_res"": 100000.0}, {""temp"": 22.20588, ""step"": 6, ""status"": 1, ""pres"": 967.5371, ""meas_profile"": ""HP-3"", ""meas_id"": 3, ""hum"": 38.57687, ""gas_res"": 32048.07}, {""temp"": 22.1229, ""step"": 6, ""status"": 1, ""pres"": 967.6533, ""meas_profile"": ""HP-2"", ""meas_id"": 2, ""hum"": 38.82711, ""gas_res"": 78987.97}, {""temp"": 21.89736, ""step"": 6, ""status"": 1, ""pres"": 967.7505, ""meas_profile"": ""HP-1"", ""meas_id"": 1, ""hum"": 37.36028, ""gas_res"": 38254.63}]}",NULL,"2025-10-27 09:02:28.410129"
11377,"04a600b9b0b8","2025-10-27 09:01:52","kXsfaKsVCYF4Pkgysozo","{""bme688"": [{""temp"": 22.33198, ""step"": 5, ""status"": 1, ""pres"": 967.806, ""meas_profile"": ""HP-8"", ""meas_id"": 8, ""hum"": 38.64988, ""gas_res"": 5684.846}, {""temp"": 22.29958, ""step"": 5, ""status"": 1, ""pres"": 967.906, ""meas_profile"": ""HP-7"", ""meas_id"": 7, ""hum"": 38.54082, ""gas_res"": 5971.263}, {""temp"": 22.38591, ""step"": 5, ""status"": 1, ""pres"": 968.1076, ""meas_profile"": ""HP-6"", ""meas_id"": 6, ""hum"": 38.40656, ""gas_res"": 16967.13}, {""temp"": 22.26355, ""step"": 5, ""status"": 1, ""pres"": 967.7587, ""meas_profile"": ""HP-5"", ""meas_id"": 5, ""hum"": 38.63165, ""gas_res"": 43567.05}, {""temp"": 22.0421, ""step"": 5, ""status"": 1, ""pres"": 967.8167, ""meas_profile"": ""HP-4"", ""meas_id"": 4, ""hum"": 38.05939, ""gas_res"": 100000.0}, {""temp"": 22.20557, ""step"": 5, ""status"": 1, ""pres"": 967.5383, ""meas_profile"": ""HP-3"", ""meas_id"": 3, ""hum"": 38.59454, ""gas_res"": 31067.96}, {""temp"": 22.12228, ""step"": 5, ""status"": 1, ""pres"": 967.6523, ""meas_profile"": ""HP-2"", ""meas_id"": 2, ""hum"": 38.82703, ""gas_res"": 45133.99}, {""temp"": 21.89674, ""step"": 5, ""status"": 1, ""pres"": 967.7515, ""meas_profile"": ""HP-1"", ""meas_id"": 1, ""hum"": 37.35423, ""gas_res"": 36994.22}]}",NULL,"2025-10-27 09:02:29.665458"
11378,"04a600b9b0b8","2025-10-27 09:01:52","kXsfaKsVCYF4Pkgysozo","{""bme688"": [{""temp"": 22.33136, ""step"": 4, ""status"": 1, ""pres"": 967.8033, ""meas_profile"": ""HP-8"", ""meas_id"": 8, ""hum"": 38.64983, ""gas_res"": 5684.846}, {""temp"": 22.29896, ""step"": 4, ""status"": 1, ""pres"": 967.9049, ""meas_profile"": ""HP-7"", ""meas_id"": 7, ""hum"": 38.5582, ""gas_res"": 5843.682}, {""temp"": 22.3853, ""step"": 4, ""status"": 1, ""pres"": 968.1065, ""meas_profile"": ""HP-6"", ""meas_id"": 6, ""hum"": 38.42418, ""gas_res"": 16584.61}, {""temp"": 22.26324, ""step"": 4, ""status"": 1, ""pres"": 967.7581, ""meas_profile"": ""HP-5"", ""meas_id"": 5, ""hum"": 38.6724, ""gas_res"": 43170.32}, {""temp"": 22.04148, ""step"": 4, ""status"": 1, ""pres"": 967.8174, ""meas_profile"": ""HP-4"", ""meas_id"": 4, ""hum"": 38.03576, ""gas_res"": 100000.0}, {""temp"": 22.20495, ""step"": 4, ""status"": 1, ""pres"": 967.5373, ""meas_profile"": ""HP-3"", ""meas_id"": 3, ""hum"": 38.57679, ""gas_res"": 30644.0}, {""temp"": 22.12165, ""step"": 4, ""status"": 1, ""pres"": 967.6512, ""meas_profile"": ""HP-2"", ""meas_id"": 2, ""hum"": 38.83865, ""gas_res"": 44802.24}, {""temp"": 21.89611, ""step"": 4, ""status"": 1, ""pres"": 967.7505, ""meas_profile"": ""HP-1"", ""meas_id"": 1, ""hum"": 37.37214, ""gas_res"": 35904.63}]}",NULL,"2025-10-27 09:02:30.942983"
11379,"04a600b9b0b8","2025-10-27 09:01:52","kXsfaKsVCYF4Pkgysozo","{""bme688"": [{""temp"": 22.33044, ""step"": 3, ""status"": 0, ""pres"": 967.8036, ""meas_profile"": ""HP-8"", ""meas_id"": 8, ""hum"": 38.65561, ""gas_res"": 5684.846}, {""temp"": 22.29803, ""step"": 3, ""status"": 0, ""pres"": 967.9034, ""meas_profile"": ""HP-7"", ""meas_id"": 7, ""hum"": 38.58136, ""gas_res"": 5684.846}, {""temp"": 22.38468, ""step"": 3, ""status"": 0, ""pres"": 968.1055, ""meas_profile"": ""HP-6"", ""meas_id"": 6, ""hum"": 38.41822, ""gas_res"": 7085.917}, {""temp"": 22.26261, ""step"": 3, ""status"": 0, ""pres"": 967.757, ""meas_profile"": ""HP-5"", ""meas_id"": 5, ""hum"": 38.68983, ""gas_res"": 19912.88}, {""temp"": 22.04054, ""step"": 3, ""status"": 0, ""pres"": 967.816, ""meas_profile"": ""HP-4"", ""meas_id"": 4, ""hum"": 38.08281, ""gas_res"": 28744.67}, {""temp"": 22.20402, ""step"": 3, ""status"": 0, ""pres"": 967.5358, ""meas_profile"": ""HP-3"", ""meas_id"": 3, ""hum"": 38.60029, ""gas_res"": 17510.26}, {""temp"": 22.12072, ""step"": 3, ""status"": 0, ""pres"": 967.6514, ""meas_profile"": ""HP-2"", ""meas_id"": 2, ""hum"": 38.83855, ""gas_res"": 26397.2}, {""temp"": 21.89518, ""step"": 3, ""status"": 0, ""pres"": 967.7509, ""meas_profile"": ""HP-1"", ""meas_id"": 1, ""hum"": 37.39003, ""gas_res"": 17982.58}]}",NULL,"2025-10-27 09:02:32.411158"
11380,"04a600b9b0b8","2025-10-27 09:01:52","kXsfaKsVCYF4Pkgysozo","{""bme688"": [{""temp"": 22.32982, ""step"": 2, ""status"": 1, ""pres"": 967.8027, ""meas_profile"": ""HP-8"", ""meas_id"": 8, ""hum"": 38.66142, ""gas_res"": 6015.038}, {""temp"": 22.29772, ""step"": 2, ""status"": 1, ""pres"": 967.9029, ""meas_profile"": ""HP-7"", ""meas_id"": 7, ""hum"": 38.58714, ""gas_res"": 8140.422}, {""temp"": 22.38406, ""step"": 2, ""status"": 1, ""pres"": 968.1063, ""meas_profile"": ""HP-6"", ""meas_id"": 6, ""hum"": 38.44764, ""gas_res"": 27101.42}, {""temp"": 22.26167, ""step"": 2, ""status"": 1, ""pres"": 967.7573, ""meas_profile"": ""HP-5"", ""meas_id"": 5, ""hum"": 38.6839, ""gas_res"": 108405.7}, {""temp"": 22.03961, ""step"": 2, ""status"": 1, ""pres"": 967.8145, ""meas_profile"": ""HP-4"", ""meas_id"": 4, ""hum"": 38.07093, ""gas_res"": 233416.9}, {""temp"": 22.2031, ""step"": 2, ""status"": 1, ""pres"": 967.5343, ""meas_profile"": ""HP-3"", ""meas_id"": 3, ""hum"": 38.62968, ""gas_res"": 105328.1}, {""temp"": 22.1201, ""step"": 2, ""status"": 1, ""pres"": 967.6506, ""meas_profile"": ""HP-2"", ""meas_id"": 2, ""hum"": 38.86182, ""gas_res"": 173559.3}, {""temp"": 21.89456, ""step"": 2, ""status"": 1, ""pres"": 967.7498, ""meas_profile"": ""HP-1"", ""meas_id"": 1, ""hum"": 37.40794, ""gas_res"": 140197.2}]}",NULL,"2025-10-27 09:02:33.51409"
11381,"04a600b9b0b8","2025-10-27 09:01:52","kXsfaKsVCYF4Pkgysozo","{""bme688"": [{""temp"": 22.3289, ""step"": 1, ""status"": 1, ""pres"": 967.7996, ""meas_profile"": ""HP-8"", ""meas_id"": 8, ""hum"": 38.68485, ""gas_res"": 5684.846}, {""temp"": 22.29679, ""step"": 1, ""status"": 1, ""pres"": 967.9013, ""meas_profile"": ""HP-7"", ""meas_id"": 7, ""hum"": 38.58704, ""gas_res"": 5684.846}, {""temp"": 22.38344, ""step"": 1, ""status"": 1, ""pres"": 968.1052, ""meas_profile"": ""HP-6"", ""meas_id"": 6, ""hum"": 38.45935, ""gas_res"": 7239.819}, {""temp"": 22.26136, ""step"": 1, ""status"": 1, ""pres"": 967.7567, ""meas_profile"": ""HP-5"", ""meas_id"": 5, ""hum"": 38.69553, ""gas_res"": 25000.0}, {""temp"": 22.0393, ""step"": 1, ""status"": 1, ""pres"": 967.8138, ""meas_profile"": ""HP-4"", ""meas_id"": 4, ""hum"": 38.08858, ""gas_res"": 23464.71}, {""temp"": 22.20279, ""step"": 1, ""status"": 1, ""pres"": 967.5338, ""meas_profile"": ""HP-3"", ""meas_id"": 3, ""hum"": 38.62375, ""gas_res"": 25000.0}, {""temp"": 22.11948, ""step"": 1, ""status"": 1, ""pres"": 967.6495, ""meas_profile"": ""HP-2"", ""meas_id"": 2, ""hum"": 38.85592, ""gas_res"": 25000.0}, {""temp"": 21.89394, ""step"": 1, ""status"": 1, ""pres"": 967.749, ""meas_profile"": ""HP-1"", ""meas_id"": 1, ""hum"": 37.3959, ""gas_res"": 25000.0}]}",NULL,"2025-10-27 09:02:34.801136"
11382,"04a600b9b0b8","2025-10-27 09:01:52","kXsfaKsVCYF4Pkgysozo","{""bme688"": [{""temp"": 22.32828, ""step"": 0, ""status"": 1, ""pres"": 967.7985, ""meas_profile"": ""HP-8"", ""meas_id"": 8, ""hum"": 38.66127, ""gas_res"": 5684.846}, {""temp"": 22.29586, ""step"": 0, ""status"": 1, ""pres"": 967.8998, ""meas_profile"": ""HP-7"", ""meas_id"": 7, ""hum"": 38.59858, ""gas_res"": 5684.846}, {""temp"": 22.38252, ""step"": 0, ""status"": 1, ""pres"": 968.1038, ""meas_profile"": ""HP-6"", ""meas_id"": 6, ""hum"": 38.44747, ""gas_res"": 5684.846}, {""temp"": 22.26105, ""step"": 0, ""status"": 1, ""pres"": 967.7562, ""meas_profile"": ""HP-5"", ""meas_id"": 5, ""hum"": 38.68384, ""gas_res"": 9021.708}, {""temp"": 22.03868, ""step"": 0, ""status"": 1, ""pres"": 967.8128, ""meas_profile"": ""HP-4"", ""meas_id"": 4, ""hum"": 38.10032, ""gas_res"": 8456.659}, {""temp"": 22.20217, ""step"": 0, ""status"": 1, ""pres"": 967.5344, ""meas_profile"": ""HP-3"", ""meas_id"": 3, ""hum"": 38.62369, ""gas_res"": 6336.634}, {""temp"": 22.11886, ""step"": 0, ""status"": 1, ""pres"": 967.6484, ""meas_profile"": ""HP-2"", ""meas_id"": 2, ""hum"": 38.86752, ""gas_res"": 6317.868}, {""temp"": 21.89331, ""step"": 0, ""status"": 1, ""pres"": 967.7498, ""meas_profile"": ""HP-1"", ""meas_id"": 1, ""hum"": 37.40183, ""gas_res"": 6344.171}]}",NULL,"2025-10-27 09:02:36.109247"
11383,"04a600b9b0b8","2025-10-27 09:01:25","kXsfaKsVCYF4Pkgysozo","{""zphs01b"": {""voc"": 0, ""temp"": 20.1, ""pm2_5"": 0, ""pm1_0"": 0, ""pm10"": 331, ""o3"": 0.19, ""no2"": 10.0, ""hum"": 0, ""fmhd"": 0, ""co2"": 5000, ""co"": 0.0}, ""smell_b"": {}, ""sfa30"": {""temp"": 22.355, ""hum"": 39.1, ""fmhd"": 10.4}, ""sen5x"": {""voc"": 122.0, ""temp"": 22.59, ""pm4_0"": 4370.4, ""pm2_5"": 4370.4, ""pm1_0"": 4167.4, ""pm10"": 4370.4, ""nox"": 1.0, ""mass_c"": 4319.65, ""hum"": 44.23}, ""scd41"": {""temp"": 21.83566, ""hum"": 41.23598, ""co2"": 716}, ""power_source"": 0, ""mics6814"": {""red_res"": 0, ""no2_res"": 0, ""no2"": 0.17, ""nh3_res"": 0, ""nh3"": 0.73, ""co_res"": 0, ""co"": 44.0}}",NULL,"2025-10-27 09:02:37.370712"
11384,"04a600b9b0b8","2025-10-27 09:01:25","kXsfaKsVCYF4Pkgysozo","{""bme688"": [{""temp"": 22.32766, ""step"": 9, ""status"": 1, ""pres"": 967.7992, ""meas_profile"": ""HP-8"", ""meas_id"": 8, ""hum"": 38.71413, ""gas_res"": 5684.846}, {""temp"": 22.29524, ""step"": 9, ""status"": 1, ""pres"": 967.8987, ""meas_profile"": ""HP-7"", ""meas_id"": 7, ""hum"": 38.61596, ""gas_res"": 5684.846}, {""temp"": 22.3819, ""step"": 9, ""status"": 1, ""pres"": 968.1027, ""meas_profile"": ""HP-6"", ""meas_id"": 6, ""hum"": 38.4651, ""gas_res"": 5684.846}, {""temp"": 22.26074, ""step"": 9, ""status"": 1, ""pres"": 967.7557, ""meas_profile"": ""HP-5"", ""meas_id"": 5, ""hum"": 38.71877, ""gas_res"": 8396.746}, {""temp"": 22.03837, ""step"": 9, ""status"": 1, ""pres"": 967.8123, ""meas_profile"": ""HP-4"", ""meas_id"": 4, ""hum"": 38.0767, ""gas_res"": 7639.055}, {""temp"": 22.20124, ""step"": 9, ""status"": 1, ""pres"": 967.533, ""meas_profile"": ""HP-3"", ""meas_id"": 3, ""hum"": 38.61769, ""gas_res"": 6021.829}, {""temp"": 22.11793, ""step"": 9, ""status"": 1, ""pres"": 967.6467, ""meas_profile"": ""HP-2"", ""meas_id"": 2, ""hum"": 38.86742, ""gas_res"": 7852.761}, {""temp"": 21.89238, ""step"": 9, ""status"": 1, ""pres"": 967.7483, ""meas_profile"": ""HP-1"", ""meas_id"": 1, ""hum"": 37.39574, ""gas_res"": 5684.846}]}",NULL,"2025-10-27 09:02:38.674617"
11385,"04a600b9b0b8","2025-10-27 09:01:25","kXsfaKsVCYF4Pkgysozo","{""bme688"": [{""temp"": 22.32673, ""step"": 8, ""status"": 1, ""pres"": 967.7961, ""meas_profile"": ""HP-8"", ""meas_id"": 8, ""hum"": 38.71991, ""gas_res"": 5684.846}, {""temp"": 22.29431, ""step"": 8, ""status"": 1, ""pres"": 967.8973, ""meas_profile"": ""HP-7"", ""meas_id"": 7, ""hum"": 38.61586, ""gas_res"": 5684.846}, {""temp"": 22.38097, ""step"": 8, ""status"": 1, ""pres"": 968.1013, ""meas_profile"": ""HP-6"", ""meas_id"": 6, ""hum"": 38.4768, ""gas_res"": 5684.846}, {""temp"": 22.26042, ""step"": 8, ""status"": 1, ""pres"": 967.7551, ""meas_profile"": ""HP-5"", ""meas_id"": 5, ""hum"": 38.71874, ""gas_res"": 8177.869}, {""temp"": 22.03775, ""step"": 8, ""status"": 1, ""pres"": 967.8113, ""meas_profile"": ""HP-4"", ""meas_id"": 4, ""hum"": 38.08843, ""gas_res"": 7666.507}, {""temp"": 22.20062, ""step"": 8, ""status"": 1, ""pres"": 967.532, ""meas_profile"": ""HP-3"", ""meas_id"": 3, ""hum"": 38.64123, ""gas_res"": 5684.846}, {""temp"": 22.117, ""step"": 8, ""status"": 1, ""pres"": 967.6453, ""meas_profile"": ""HP-2"", ""meas_id"": 2, ""hum"": 38.8615, ""gas_res"": 7766.99}, {""temp"": 21.89176, ""step"": 8, ""status"": 1, ""pres"": 967.7492, ""meas_profile"": ""HP-1"", ""meas_id"": 1, ""hum"": 37.41965, ""gas_res"": 5799.203}]}",NULL,"2025-10-27 09:02:39.914423"
11386,"04a600b9b0b8","2025-10-27 09:01:25","kXsfaKsVCYF4Pkgysozo","{""bme688"": [{""temp"": 22.32581, ""step"": 7, ""status"": 1, ""pres"": 967.7947, ""meas_profile"": ""HP-8"", ""meas_id"": 8, ""hum"": 38.74335, ""gas_res"": 5684.846}, {""temp"": 22.29368, ""step"": 7, ""status"": 1, ""pres"": 967.8962, ""meas_profile"": ""HP-7"", ""meas_id"": 7, ""hum"": 38.62161, ""gas_res"": 5684.846}, {""temp"": 22.38005, ""step"": 7, ""status"": 1, ""pres"": 968.1015, ""meas_profile"": ""HP-6"", ""meas_id"": 6, ""hum"": 38.4767, ""gas_res"": 5684.846}, {""temp"": 22.26011, ""step"": 7, ""status"": 1, ""pres"": 967.7548, ""meas_profile"": ""HP-5"", ""meas_id"": 5, ""hum"": 38.72454, ""gas_res"": 8241.051}, {""temp"": 22.03744, ""step"": 7, ""status"": 1, ""pres"": 967.8109, ""meas_profile"": ""HP-4"", ""meas_id"": 4, ""hum"": 38.0884, ""gas_res"": 7452.259}, {""temp"": 22.1997, ""step"": 7, ""status"": 1, ""pres"": 967.5322, ""meas_profile"": ""HP-3"", ""meas_id"": 3, ""hum"": 38.63524, ""gas_res"": 5684.846}, {""temp"": 22.11637, ""step"": 7, ""status"": 1, ""pres"": 967.6461, ""meas_profile"": ""HP-2"", ""meas_id"": 2, ""hum"": 38.87894, ""gas_res"": 7142.857}, {""temp"": 21.89051, ""step"": 7, ""status"": 1, ""pres"": 967.7473, ""meas_profile"": ""HP-1"", ""meas_id"": 1, ""hum"": 37.43751, ""gas_res"": 5684.846}]}",NULL,"2025-10-27 09:02:41.19998"
11387,"04a600b9b0b8","2025-10-27 09:01:25","kXsfaKsVCYF4Pkgysozo","{""bme688"": [{""temp"": 22.32519, ""step"": 6, ""status"": 1, ""pres"": 967.7938, ""meas_profile"": ""HP-8"", ""meas_id"": 8, ""hum"": 38.71975, ""gas_res"": 5684.846}, {""temp"": 22.29306, ""step"": 6, ""status"": 1, ""pres"": 967.8953, ""meas_profile"": ""HP-7"", ""meas_id"": 7, ""hum"": 38.62736, ""gas_res"": 6150.298}, {""temp"": 22.37943, ""step"": 6, ""status"": 1, ""pres"": 968.1005, ""meas_profile"": ""HP-6"", ""meas_id"": 6, ""hum"": 38.47663, ""gas_res"": 15892.72}, {""temp"": 22.2598, ""step"": 6, ""status"": 1, ""pres"": 967.7543, ""meas_profile"": ""HP-5"", ""meas_id"": 5, ""hum"": 38.73034, ""gas_res"": 37881.03}, {""temp"": 22.0365, ""step"": 6, ""status"": 1, ""pres"": 967.811, ""meas_profile"": ""HP-4"", ""meas_id"": 4, ""hum"": 38.10599, ""gas_res"": 84712.11}, {""temp"": 22.19876, ""step"": 6, ""status"": 1, ""pres"": 967.5307, ""meas_profile"": ""HP-3"", ""meas_id"": 3, ""hum"": 38.64105, ""gas_res"": 25286.45}, {""temp"": 22.11576, ""step"": 6, ""status"": 1, ""pres"": 967.6451, ""meas_profile"": ""HP-2"", ""meas_id"": 2, ""hum"": 38.87888, ""gas_res"": 35844.3}, {""temp"": 21.8902, ""step"": 6, ""status"": 1, ""pres"": 967.7488, ""meas_profile"": ""HP-1"", ""meas_id"": 1, ""hum"": 37.39552, ""gas_res"": 29829.88}]}",NULL,"2025-10-27 09:02:42.648657"
11388,"04a600b9b0b8","2025-10-27 09:01:25","kXsfaKsVCYF4Pkgysozo","{""bme688"": [{""temp"": 22.32426, ""step"": 5, ""status"": 1, ""pres"": 967.7922, ""meas_profile"": ""HP-8"", ""meas_id"": 8, ""hum"": 38.73142, ""gas_res"": 5684.846}, {""temp"": 22.29244, ""step"": 5, ""status"": 1, ""pres"": 967.894, ""meas_profile"": ""HP-7"", ""meas_id"": 7, ""hum"": 38.6273, ""gas_res"": 6069.803}, {""temp"": 22.37912, ""step"": 5, ""status"": 1, ""pres"": 968.1, ""meas_profile"": ""HP-6"", ""meas_id"": 6, ""hum"": 38.4825, ""gas_res"": 15728.68}, {""temp"": 22.25949, ""step"": 5, ""status"": 1, ""pres"": 967.7537, ""meas_profile"": ""HP-5"", ""meas_id"": 5, ""hum"": 38.73614, ""gas_res"": 37514.65}, {""temp"": 22.03588, ""step"": 5, ""status"": 1, ""pres"": 967.8098, ""meas_profile"": ""HP-4"", ""meas_id"": 4, ""hum"": 38.10593, ""gas_res"": 83550.91}, {""temp"": 22.19815, ""step"": 5, ""status"": 1, ""pres"": 967.5296, ""meas_profile"": ""HP-3"", ""meas_id"": 3, ""hum"": 38.65868, ""gas_res"": 24418.16}, {""temp"": 22.11513, ""step"": 5, ""status"": 1, ""pres"": 967.6438, ""meas_profile"": ""HP-2"", ""meas_id"": 2, ""hum"": 38.89632, ""gas_res"": 34848.9}, {""temp"": 21.88958, ""step"": 5, ""status"": 1, ""pres"": 967.7477, ""meas_profile"": ""HP-1"", ""meas_id"": 1, ""hum"": 37.43143, ""gas_res"": 28552.31}]}",NULL,"2025-10-27 09:02:44.382715"
11389,"04a600b9b0b8","2025-10-27 09:01:25","kXsfaKsVCYF4Pkgysozo","{""bme688"": [{""temp"": 22.32334, ""step"": 4, ""status"": 1, ""pres"": 967.7908, ""meas_profile"": ""HP-8"", ""meas_id"": 8, ""hum"": 38.73133, ""gas_res"": 5684.846}, {""temp"": 22.29182, ""step"": 4, ""status"": 1, ""pres"": 967.8931, ""meas_profile"": ""HP-7"", ""meas_id"": 7, ""hum"": 38.63887, ""gas_res"": 6042.296}, {""temp"": 22.3785, ""step"": 4, ""status"": 1, ""pres"": 968.1007, ""meas_profile"": ""HP-6"", ""meas_id"": 6, ""hum"": 38.48834, ""gas_res"": 15636.45}, {""temp"": 22.25886, ""step"": 4, ""status"": 1, ""pres"": 967.7527, ""meas_profile"": ""HP-5"", ""meas_id"": 5, ""hum"": 38.74773, ""gas_res"": 37514.65}, {""temp"": 22.03495, ""step"": 4, ""status"": 1, ""pres"": 967.8084, ""meas_profile"": ""HP-4"", ""meas_id"": 4, ""hum"": 38.12352, ""gas_res"": 83714.84}, {""temp"": 22.19722, ""step"": 4, ""status"": 1, ""pres"": 967.5282, ""meas_profile"": ""HP-3"", ""meas_id"": 3, ""hum"": 38.65859, ""gas_res"": 23818.38}, {""temp"": 22.11451, ""step"": 4, ""status"": 1, ""pres"": 967.6429, ""meas_profile"": ""HP-2"", ""meas_id"": 2, ""hum"": 38.89624, ""gas_res"": 33961.26}, {""temp"": 21.88896, ""step"": 4, ""status"": 1, ""pres"": 967.7486, ""meas_profile"": ""HP-1"", ""meas_id"": 1, ""hum"": 37.43736, ""gas_res"": 27627.89}]}",NULL,"2025-10-27 09:02:45.679478"
11390,"04a600b9b0b8","2025-10-27 09:01:25","kXsfaKsVCYF4Pkgysozo","{""bme688"": [{""temp"": 22.32241, ""step"": 3, ""status"": 1, ""pres"": 967.7894, ""meas_profile"": ""HP-8"", ""meas_id"": 8, ""hum"": 38.76064, ""gas_res"": 5684.846}, {""temp"": 22.29089, ""step"": 3, ""status"": 0, ""pres"": 967.8915, ""meas_profile"": ""HP-7"", ""meas_id"": 7, ""hum"": 38.6504, ""gas_res"": 5684.846}, {""temp"": 22.37758, ""step"": 3, ""status"": 0, ""pres"": 968.0994, ""meas_profile"": ""HP-6"", ""meas_id"": 6, ""hum"": 38.50592, ""gas_res"": 7076.515}, {""temp"": 22.25823, ""step"": 3, ""status"": 0, ""pres"": 967.7517, ""meas_profile"": ""HP-5"", ""meas_id"": 5, ""hum"": 38.771, ""gas_res"": 18290.94}, {""temp"": 22.03402, ""step"": 3, ""status"": 0, ""pres"": 967.8069, ""meas_profile"": ""HP-4"", ""meas_id"": 4, ""hum"": 38.14702, ""gas_res"": 24873.69}, {""temp"": 22.19629, ""step"": 3, ""status"": 0, ""pres"": 967.5266, ""meas_profile"": ""HP-3"", ""meas_id"": 3, ""hum"": 38.6821, ""gas_res"": 14790.85}, {""temp"": 22.11358, ""step"": 3, ""status"": 0, ""pres"": 967.6414, ""meas_profile"": ""HP-2"", ""meas_id"": 2, ""hum"": 38.90783, ""gas_res"": 21411.84}, {""temp"": 21.88802, ""step"": 3, ""status"": 0, ""pres"": 967.7472, ""meas_profile"": ""HP-1"", ""meas_id"": 1, ""hum"": 37.46124, ""gas_res"": 15094.34}]}",NULL,"2025-10-27 09:02:46.946651"
11391,"04a600b9b0b8","2025-10-27 09:01:25","kXsfaKsVCYF4Pkgysozo","{""bme688"": [{""temp"": 22.3221, ""step"": 2, ""status"": 1, ""pres"": 967.7889, ""meas_profile"": ""HP-8"", ""meas_id"": 8, ""hum"": 38.77826, ""gas_res"": 6823.028}, {""temp"": 22.29058, ""step"": 2, ""status"": 1, ""pres"": 967.8911, ""meas_profile"": ""HP-7"", ""meas_id"": 7, ""hum"": 38.662, ""gas_res"": 9420.076}, {""temp"": 22.37727, ""step"": 2, ""status"": 1, ""pres"": 968.0988, ""meas_profile"": ""HP-6"", ""meas_id"": 6, ""hum"": 38.52359, ""gas_res"": 29018.36}, {""temp"": 22.25761, ""step"": 2, ""status"": 1, ""pres"": 967.7507, ""meas_profile"": ""HP-5"", ""meas_id"": 5, ""hum"": 38.77093, ""gas_res"": 107857.6}, {""temp"": 22.0334, ""step"": 2, ""status"": 1, ""pres"": 967.8058, ""meas_profile"": ""HP-4"", ""meas_id"": 4, ""hum"": 38.16465, ""gas_res"": 199688.0}, {""temp"": 22.19567, ""step"": 2, ""status"": 1, ""pres"": 967.5256, ""meas_profile"": ""HP-3"", ""meas_id"": 3, ""hum"": 38.68203, ""gas_res"": 85992.61}, {""temp"": 22.11296, ""step"": 2, ""status"": 1, ""pres"": 967.6404, ""meas_profile"": ""HP-2"", ""meas_id"": 2, ""hum"": 38.91359, ""gas_res"": 139281.8}, {""temp"": 21.8874, ""step"": 2, ""status"": 1, ""pres"": 967.748, ""meas_profile"": ""HP-1"", ""meas_id"": 1, ""hum"": 37.46718, ""gas_res"": 109659.5}]}",NULL,"2025-10-27 09:02:48.327367"
11392,"04a600b9b0b8","2025-10-27 09:01:25","kXsfaKsVCYF4Pkgysozo","{""bme688"": [{""temp"": 22.32117, ""step"": 1, ""status"": 1, ""pres"": 967.7873, ""meas_profile"": ""HP-8"", ""meas_id"": 8, ""hum"": 38.78994, ""gas_res"": 5684.846}, {""temp"": 22.28965, ""step"": 1, ""status"": 1, ""pres"": 967.8878, ""meas_profile"": ""HP-7"", ""meas_id"": 7, ""hum"": 38.68517, ""gas_res"": 5684.846}, {""temp"": 22.37665, ""step"": 1, ""status"": 1, ""pres"": 968.0995, ""meas_profile"": ""HP-6"", ""meas_id"": 6, ""hum"": 38.54712, ""gas_res"": 7215.333}, {""temp"": 22.2573, ""step"": 1, ""status"": 1, ""pres"": 967.7501, ""meas_profile"": ""HP-5"", ""meas_id"": 5, ""hum"": 38.78839, ""gas_res"": 25000.0}, {""temp"": 22.03278, ""step"": 1, ""status"": 1, ""pres"": 967.8049, ""meas_profile"": ""HP-4"", ""meas_id"": 4, ""hum"": 38.16458, ""gas_res"": 25000.0}, {""temp"": 22.19475, ""step"": 1, ""status"": 1, ""pres"": 967.5258, ""meas_profile"": ""HP-3"", ""meas_id"": 3, ""hum"": 38.71146, ""gas_res"": 19656.02}, {""temp"": 22.11234, ""step"": 1, ""status"": 1, ""pres"": 967.6394, ""meas_profile"": ""HP-2"", ""meas_id"": 2, ""hum"": 38.93104, ""gas_res"": 25000.0}, {""temp"": 21.88678, ""step"": 1, ""status"": 1, ""pres"": 967.7471, ""meas_profile"": ""HP-1"", ""meas_id"": 1, ""hum"": 37.46711, ""gas_res"": 21628.93}]}",NULL,"2025-10-27 09:02:49.517401"
11393,"04a600b9b0b8","2025-10-27 09:01:25","kXsfaKsVCYF4Pkgysozo","{""bme688"": [{""temp"": 22.32055, ""step"": 0, ""status"": 1, ""pres"": 967.7847, ""meas_profile"": ""HP-8"", ""meas_id"": 8, ""hum"": 38.78988, ""gas_res"": 5684.846}, {""temp"": 22.28903, ""step"": 0, ""status"": 1, ""pres"": 967.8867, ""meas_profile"": ""HP-7"", ""meas_id"": 7, ""hum"": 38.68511, ""gas_res"": 5684.846}, {""temp"": 22.37603, ""step"": 0, ""status"": 1, ""pres"": 968.0985, ""meas_profile"": ""HP-6"", ""meas_id"": 6, ""hum"": 38.55886, ""gas_res"": 5684.846}, {""temp"": 22.25698, ""step"": 0, ""status"": 1, ""pres"": 967.7497, ""meas_profile"": ""HP-5"", ""meas_id"": 5, ""hum"": 38.80003, ""gas_res"": 8551.577}, {""temp"": 22.03247, ""step"": 0, ""status"": 1, ""pres"": 967.8059, ""meas_profile"": ""HP-4"", ""meas_id"": 4, ""hum"": 38.16455, ""gas_res"": 7525.87}, {""temp"": 22.19382, ""step"": 0, ""status"": 1, ""pres"": 967.5244, ""meas_profile"": ""HP-3"", ""meas_id"": 3, ""hum"": 38.71726, ""gas_res"": 5684.846}, {""temp"": 22.11172, ""step"": 0, ""status"": 1, ""pres"": 967.6384, ""meas_profile"": ""HP-2"", ""meas_id"": 2, ""hum"": 38.92514, ""gas_res"": 7138.077}, {""temp"": 21.88616, ""step"": 0, ""status"": 1, ""pres"": 967.746, ""meas_profile"": ""HP-1"", ""meas_id"": 1, ""hum"": 37.48505, ""gas_res"": 5684.846}]}",NULL,"2025-10-27 09:02:50.78276"
11394,"04a600b9b0b8","2025-10-27 09:03:24","kXsfaKsVCYF4Pkgysozo","{""zphs01b"": {""voc"": 0, ""temp"": 20.2, ""pm2_5"": 0, ""pm1_0"": 0, ""pm10"": 334, ""o3"": 0.02, ""no2"": 4.02, ""hum"": 0, ""fmhd"": 0, ""co2"": 5000, ""co"": 0.0}, ""smell_b"": {}, ""sfa30"": {""temp"": 22.41, ""hum"": 38.93, ""fmhd"": 14.4}, ""sen5x"": {""voc"": 115.0, ""temp"": 22.505, ""pm4_0"": 4279.4, ""pm2_5"": 4279.4, ""pm1_0"": 4080.7, ""pm10"": 4279.4, ""nox"": 1.0, ""mass_c"": 4229.725, ""hum"": 44.42}, ""scd41"": {""temp"": 22.0573, ""hum"": 41.03456, ""co2"": 741}, ""power_source"": 0, ""mics6814"": {""red_res"": 0, ""no2_res"": 0, ""no2"": 0.17, ""nh3_res"": 0, ""nh3"": 0.73, ""co_res"": 0, ""co"": 44.0}}",NULL,"2025-10-27 09:03:54.455471"
11395,"04a600b9b0b8","2025-10-27 09:03:24","kXsfaKsVCYF4Pkgysozo","{""bme688"": [{""temp"": 22.35453, ""step"": 9, ""status"": 1, ""pres"": 967.8378, ""meas_profile"": ""HP-8"", ""meas_id"": 8, ""hum"": 38.5464, ""gas_res"": 5684.846}, {""temp"": 22.32008, ""step"": 9, ""status"": 1, ""pres"": 967.935, ""meas_profile"": ""HP-7"", ""meas_id"": 7, ""hum"": 38.43834, ""gas_res"": 5684.846}, {""temp"": 22.40598, ""step"": 9, ""status"": 1, ""pres"": 968.1241, ""meas_profile"": ""HP-6"", ""meas_id"": 6, ""hum"": 38.28488, ""gas_res"": 5684.846}, {""temp"": 22.27887, ""step"": 9, ""status"": 1, ""pres"": 967.7753, ""meas_profile"": ""HP-5"", ""meas_id"": 5, ""hum"": 38.5109, ""gas_res"": 9873.496}, {""temp"": 22.06011, ""step"": 9, ""status"": 1, ""pres"": 967.8364, ""meas_profile"": ""HP-4"", ""meas_id"": 4, ""hum"": 37.90214, ""gas_res"": 9114.213}, {""temp"": 22.22598, ""step"": 9, ""status"": 1, ""pres"": 967.5563, ""meas_profile"": ""HP-3"", ""meas_id"": 3, ""hum"": 38.44922, ""gas_res"": 7431.491}, {""temp"": 22.14401, ""step"": 9, ""status"": 1, ""pres"": 967.6744, ""meas_profile"": ""HP-2"", ""meas_id"": 2, ""hum"": 38.68352, ""gas_res"": 6818.666}, {""temp"": 21.91697, ""step"": 9, ""status"": 1, ""pres"": 967.7571, ""meas_profile"": ""HP-1"", ""meas_id"": 1, ""hum"": 37.21849, ""gas_res"": 6933.911}]}",NULL,"2025-10-27 09:03:56.065224"
11396,"04a600b9b0b8","2025-10-27 09:03:24","kXsfaKsVCYF4Pkgysozo","{""bme688"": [{""temp"": 22.35329, ""step"": 8, ""status"": 1, ""pres"": 967.8359, ""meas_profile"": ""HP-8"", ""meas_id"": 8, ""hum"": 38.54039, ""gas_res"": 5684.846}, {""temp"": 22.31884, ""step"": 8, ""status"": 1, ""pres"": 967.9328, ""meas_profile"": ""HP-7"", ""meas_id"": 7, ""hum"": 38.44402, ""gas_res"": 5684.846}, {""temp"": 22.40474, ""step"": 8, ""status"": 1, ""pres"": 968.1222, ""meas_profile"": ""HP-6"", ""meas_id"": 6, ""hum"": 38.28476, ""gas_res"": 5684.846}, {""temp"": 22.27825, ""step"": 8, ""status"": 1, ""pres"": 967.776, ""meas_profile"": ""HP-5"", ""meas_id"": 5, ""hum"": 38.53995, ""gas_res"": 9478.673}, {""temp"": 22.05949, ""step"": 8, ""status"": 1, ""pres"": 967.8354, ""meas_profile"": ""HP-4"", ""meas_id"": 4, ""hum"": 37.91385, ""gas_res"": 9337.613}, {""temp"": 22.22505, ""step"": 8, ""status"": 1, ""pres"": 967.5549, ""meas_profile"": ""HP-3"", ""meas_id"": 3, ""hum"": 38.44912, ""gas_res"": 7123.775}, {""temp"": 22.14277, ""step"": 8, ""status"": 1, ""pres"": 967.6724, ""meas_profile"": ""HP-2"", ""meas_id"": 2, ""hum"": 38.67174, ""gas_res"": 6858.123}, {""temp"": 21.91603, ""step"": 8, ""status"": 1, ""pres"": 967.7557, ""meas_profile"": ""HP-1"", ""meas_id"": 1, ""hum"": 37.23037, ""gas_res"": 7048.458}]}",NULL,"2025-10-27 09:03:57.343751"
11397,"04a600b9b0b8","2025-10-27 09:03:24","kXsfaKsVCYF4Pkgysozo","{""bme688"": [{""temp"": 22.35237, ""step"": 7, ""status"": 1, ""pres"": 967.8345, ""meas_profile"": ""HP-8"", ""meas_id"": 8, ""hum"": 38.54031, ""gas_res"": 5684.846}, {""temp"": 22.31791, ""step"": 7, ""status"": 1, ""pres"": 967.9314, ""meas_profile"": ""HP-7"", ""meas_id"": 7, ""hum"": 38.44392, ""gas_res"": 5684.846}, {""temp"": 22.40351, ""step"": 7, ""status"": 1, ""pres"": 968.1219, ""meas_profile"": ""HP-6"", ""meas_id"": 6, ""hum"": 38.29053, ""gas_res"": 5684.846}, {""temp"": 22.27762, ""step"": 7, ""status"": 1, ""pres"": 967.775, ""meas_profile"": ""HP-5"", ""meas_id"": 5, ""hum"": 38.52242, ""gas_res"": 9873.496}, {""temp"": 22.05887, ""step"": 7, ""status"": 1, ""pres"": 967.8342, ""meas_profile"": ""HP-4"", ""meas_id"": 4, ""hum"": 37.89023, ""gas_res"": 9029.346}, {""temp"": 22.22412, ""step"": 7, ""status"": 1, ""pres"": 967.5549, ""meas_profile"": ""HP-3"", ""meas_id"": 3, ""hum"": 38.44313, ""gas_res"": 6728.343}, {""temp"": 22.14184, ""step"": 7, ""status"": 1, ""pres"": 967.6708, ""meas_profile"": ""HP-2"", ""meas_id"": 2, ""hum"": 38.67165, ""gas_res"": 6677.796}, {""temp"": 21.9151, ""step"": 7, ""status"": 1, ""pres"": 967.756, ""meas_profile"": ""HP-1"", ""meas_id"": 1, ""hum"": 37.20633, ""gas_res"": 6823.028}]}",NULL,"2025-10-27 09:03:58.632044"
11398,"04a600b9b0b8","2025-10-27 09:03:24","kXsfaKsVCYF4Pkgysozo","{""bme688"": [{""temp"": 22.35144, ""step"": 6, ""status"": 1, ""pres"": 967.8329, ""meas_profile"": ""HP-8"", ""meas_id"": 8, ""hum"": 38.52845, ""gas_res"": 5684.846}, {""temp"": 22.31697, ""step"": 6, ""status"": 1, ""pres"": 967.9299, ""meas_profile"": ""HP-7"", ""meas_id"": 7, ""hum"": 38.44383, ""gas_res"": 6232.957}, {""temp"": 22.40289, ""step"": 6, ""status"": 1, ""pres"": 968.1208, ""meas_profile"": ""HP-6"", ""meas_id"": 6, ""hum"": 38.28457, ""gas_res"": 17817.37}, {""temp"": 22.277, ""step"": 6, ""status"": 1, ""pres"": 967.7739, ""meas_profile"": ""HP-5"", ""meas_id"": 5, ""hum"": 38.534, ""gas_res"": 45616.54}, {""temp"": 22.05794, ""step"": 6, ""status"": 1, ""pres"": 967.8345, ""meas_profile"": ""HP-4"", ""meas_id"": 4, ""hum"": 37.88425, ""gas_res"": 100000.0}, {""temp"": 22.22319, ""step"": 6, ""status"": 1, ""pres"": 967.5535, ""meas_profile"": ""HP-3"", ""meas_id"": 3, ""hum"": 38.44303, ""gas_res"": 33143.45}, {""temp"": 22.14091, ""step"": 6, ""status"": 1, ""pres"": 967.6694, ""meas_profile"": ""HP-2"", ""meas_id"": 2, ""hum"": 38.67155, ""gas_res"": 79725.95}, {""temp"": 21.91448, ""step"": 6, ""status"": 1, ""pres"": 967.7551, ""meas_profile"": ""HP-1"", ""meas_id"": 1, ""hum"": 37.21226, ""gas_res"": 38846.74}]}",NULL,"2025-10-27 09:04:00.015806"
11399,"04a600b9b0b8","2025-10-27 09:03:24","kXsfaKsVCYF4Pkgysozo","{""bme688"": [{""temp"": 22.3502, ""step"": 5, ""status"": 1, ""pres"": 967.8311, ""meas_profile"": ""HP-8"", ""meas_id"": 8, ""hum"": 38.53421, ""gas_res"": 5684.846}, {""temp"": 22.31635, ""step"": 5, ""status"": 1, ""pres"": 967.9305, ""meas_profile"": ""HP-7"", ""meas_id"": 7, ""hum"": 38.44958, ""gas_res"": 6094.077}, {""temp"": 22.40197, ""step"": 5, ""status"": 1, ""pres"": 968.1211, ""meas_profile"": ""HP-6"", ""meas_id"": 6, ""hum"": 38.26682, ""gas_res"": 17567.94}, {""temp"": 22.27637, ""step"": 5, ""status"": 1, ""pres"": 967.7729, ""meas_profile"": ""HP-5"", ""meas_id"": 5, ""hum"": 38.53394, ""gas_res"": 45133.99}, {""temp"": 22.05732, ""step"": 5, ""status"": 1, ""pres"": 967.8334, ""meas_profile"": ""HP-4"", ""meas_id"": 4, ""hum"": 37.89008, ""gas_res"": 100000.0}, {""temp"": 22.22258, ""step"": 5, ""status"": 1, ""pres"": 967.5526, ""meas_profile"": ""HP-3"", ""meas_id"": 3, ""hum"": 38.4253, ""gas_res"": 32290.62}, {""temp"": 22.13997, ""step"": 5, ""status"": 1, ""pres"": 967.6696, ""meas_profile"": ""HP-2"", ""meas_id"": 2, ""hum"": 38.66563, ""gas_res"": 46460.98}, {""temp"": 21.91354, ""step"": 5, ""status"": 1, ""pres"": 967.7555, ""meas_profile"": ""HP-1"", ""meas_id"": 1, ""hum"": 37.21815, ""gas_res"": 37613.87}]}",NULL,"2025-10-27 09:04:01.20436"
11400,"04a600b9b0b8","2025-10-27 09:03:24","kXsfaKsVCYF4Pkgysozo","{""bme688"": [{""temp"": 22.34928, ""step"": 4, ""status"": 1, ""pres"": 967.8298, ""meas_profile"": ""HP-8"", ""meas_id"": 8, ""hum"": 38.55761, ""gas_res"": 5684.846}, {""temp"": 22.31573, ""step"": 4, ""status"": 1, ""pres"": 967.9295, ""meas_profile"": ""HP-7"", ""meas_id"": 7, ""hum"": 38.45532, ""gas_res"": 5961.252}, {""temp"": 22.40104, ""step"": 4, ""status"": 1, ""pres"": 968.1196, ""meas_profile"": ""HP-6"", ""meas_id"": 6, ""hum"": 38.29028, ""gas_res"": 17199.68}, {""temp"": 22.27543, ""step"": 4, ""status"": 1, ""pres"": 967.7731, ""meas_profile"": ""HP-5"", ""meas_id"": 5, ""hum"": 38.50473, ""gas_res"": 44991.21}, {""temp"": 22.05639, ""step"": 4, ""status"": 1, ""pres"": 967.8318, ""meas_profile"": ""HP-4"", ""meas_id"": 4, ""hum"": 37.89587, ""gas_res"": 100000.0}, {""temp"": 22.22196, ""step"": 4, ""status"": 1, ""pres"": 967.5531, ""meas_profile"": ""HP-3"", ""meas_id"": 3, ""hum"": 38.42523, ""gas_res"": 31644.01}, {""temp"": 22.13935, ""step"": 4, ""status"": 1, ""pres"": 967.6685, ""meas_profile"": ""HP-2"", ""meas_id"": 2, ""hum"": 38.66557, ""gas_res"": 45714.29}, {""temp"": 21.91292, ""step"": 4, ""status"": 1, ""pres"": 967.7565, ""meas_profile"": ""HP-1"", ""meas_id"": 1, ""hum"": 37.19415, ""gas_res"": 36739.38}]}",NULL,"2025-10-27 09:04:02.46163"
11401,"04a600b9b0b8","2025-10-27 09:03:24","kXsfaKsVCYF4Pkgysozo","{""bme688"": [{""temp"": 22.34804, ""step"": 3, ""status"": 0, ""pres"": 967.8295, ""meas_profile"": ""HP-8"", ""meas_id"": 8, ""hum"": 38.56337, ""gas_res"": 5684.846}, {""temp"": 22.31449, ""step"": 3, ""status"": 0, ""pres"": 967.9274, ""meas_profile"": ""HP-7"", ""meas_id"": 7, ""hum"": 38.47262, ""gas_res"": 5684.846}, {""temp"": 22.40042, ""step"": 3, ""status"": 0, ""pres"": 968.1186, ""meas_profile"": ""HP-6"", ""meas_id"": 6, ""hum"": 38.29021, ""gas_res"": 7057.786}, {""temp"": 22.27449, ""step"": 3, ""status"": 0, ""pres"": 967.7715, ""meas_profile"": ""HP-5"", ""meas_id"": 5, ""hum"": 38.5221, ""gas_res"": 19894.31}, {""temp"": 22.05545, ""step"": 3, ""status"": 0, ""pres"": 967.8304, ""meas_profile"": ""HP-4"", ""meas_id"": 4, ""hum"": 37.90755, ""gas_res"": 27826.09}, {""temp"": 22.22103, ""step"": 3, ""status"": 0, ""pres"": 967.5516, ""meas_profile"": ""HP-3"", ""meas_id"": 3, ""hum"": 38.44872, ""gas_res"": 17684.44}, {""temp"": 22.13811, ""step"": 3, ""status"": 0, ""pres"": 967.6682, ""meas_profile"": ""HP-2"", ""meas_id"": 2, ""hum"": 38.7004, ""gas_res"": 25422.04}, {""temp"": 21.91167, ""step"": 3, ""status"": 0, ""pres"": 967.7562, ""meas_profile"": ""HP-1"", ""meas_id"": 1, ""hum"": 37.20599, ""gas_res"": 17832.27}]}",NULL,"2025-10-27 09:04:03.748178"
11402,"04a600b9b0b8","2025-10-27 09:03:24","kXsfaKsVCYF4Pkgysozo","{""bme688"": [{""temp"": 22.34712, ""step"": 2, ""status"": 1, ""pres"": 967.8281, ""meas_profile"": ""HP-8"", ""meas_id"": 8, ""hum"": 38.5574, ""gas_res"": 5684.846}, {""temp"": 22.31387, ""step"": 2, ""status"": 1, ""pres"": 967.9263, ""meas_profile"": ""HP-7"", ""meas_id"": 7, ""hum"": 38.4377, ""gas_res"": 7085.917}, {""temp"": 22.39949, ""step"": 2, ""status"": 1, ""pres"": 968.1188, ""meas_profile"": ""HP-6"", ""meas_id"": 6, ""hum"": 38.3019, ""gas_res"": 21717.0}, {""temp"": 22.27356, ""step"": 2, ""status"": 1, ""pres"": 967.7701, ""meas_profile"": ""HP-5"", ""meas_id"": 5, ""hum"": 38.52783, ""gas_res"": 79875.2}, {""temp"": 22.05452, ""step"": 2, ""status"": 1, ""pres"": 967.8306, ""meas_profile"": ""HP-4"", ""meas_id"": 4, ""hum"": 37.90746, ""gas_res"": 163421.6}, {""temp"": 22.2198, ""step"": 2, ""status"": 1, ""pres"": 967.5514, ""meas_profile"": ""HP-3"", ""meas_id"": 3, ""hum"": 38.46627, ""gas_res"": 78263.53}, {""temp"": 22.13718, ""step"": 2, ""status"": 1, ""pres"": 967.6667, ""meas_profile"": ""HP-2"", ""meas_id"": 2, ""hum"": 38.68866, ""gas_res"": 126764.0}, {""temp"": 21.91074, ""step"": 2, ""status"": 1, ""pres"": 967.7548, ""meas_profile"": ""HP-1"", ""meas_id"": 1, ""hum"": 37.23584, ""gas_res"": 101506.7}]}",NULL,"2025-10-27 09:04:05.122712"
11403,"04a600b9b0b8","2025-10-27 09:03:24","kXsfaKsVCYF4Pkgysozo","{""bme688"": [{""temp"": 22.34619, ""step"": 1, ""status"": 1, ""pres"": 967.8267, ""meas_profile"": ""HP-8"", ""meas_id"": 8, ""hum"": 38.5573, ""gas_res"": 5684.846}, {""temp"": 22.31294, ""step"": 1, ""status"": 1, ""pres"": 967.9247, ""meas_profile"": ""HP-7"", ""meas_id"": 7, ""hum"": 38.44342, ""gas_res"": 5684.846}, {""temp"": 22.39857, ""step"": 1, ""status"": 1, ""pres"": 968.1174, ""meas_profile"": ""HP-6"", ""meas_id"": 6, ""hum"": 38.29591, ""gas_res"": 7655.502}, {""temp"": 22.27293, ""step"": 1, ""status"": 1, ""pres"": 967.769, ""meas_profile"": ""HP-5"", ""meas_id"": 5, ""hum"": 38.52193, ""gas_res"": 25000.0}, {""temp"": 22.05359, ""step"": 1, ""status"": 1, ""pres"": 967.829, ""meas_profile"": ""HP-4"", ""meas_id"": 4, ""hum"": 37.90737, ""gas_res"": 24432.14}, {""temp"": 22.21918, ""step"": 1, ""status"": 1, ""pres"": 967.5503, ""meas_profile"": ""HP-3"", ""meas_id"": 3, ""hum"": 38.45442, ""gas_res"": 25000.0}, {""temp"": 22.13656, ""step"": 1, ""status"": 1, ""pres"": 967.6657, ""meas_profile"": ""HP-2"", ""meas_id"": 2, ""hum"": 38.70024, ""gas_res"": 25000.0}, {""temp"": 21.91012, ""step"": 1, ""status"": 1, ""pres"": 967.7558, ""meas_profile"": ""HP-1"", ""meas_id"": 1, ""hum"": 37.23578, ""gas_res"": 25000.0}]}",NULL,"2025-10-27 09:04:06.305959"
11404,"04a600b9b0b8","2025-10-27 09:03:24","kXsfaKsVCYF4Pkgysozo","{""bme688"": [{""temp"": 22.34526, ""step"": 0, ""status"": 1, ""pres"": 967.825, ""meas_profile"": ""HP-8"", ""meas_id"": 8, ""hum"": 38.5337, ""gas_res"": 5684.846}, {""temp"": 22.312, ""step"": 0, ""status"": 1, ""pres"": 967.9233, ""meas_profile"": ""HP-7"", ""meas_id"": 7, ""hum"": 38.46075, ""gas_res"": 5684.846}, {""temp"": 22.39795, ""step"": 0, ""status"": 1, ""pres"": 968.1182, ""meas_profile"": ""HP-6"", ""meas_id"": 6, ""hum"": 38.29585, ""gas_res"": 5684.846}, {""temp"": 22.27231, ""step"": 0, ""status"": 1, ""pres"": 967.7681, ""meas_profile"": ""HP-5"", ""meas_id"": 5, ""hum"": 38.5277, ""gas_res"": 9711.685}, {""temp"": 22.05297, ""step"": 0, ""status"": 1, ""pres"": 967.8278, ""meas_profile"": ""HP-4"", ""meas_id"": 4, ""hum"": 37.91319, ""gas_res"": 8998.875}, {""temp"": 22.21825, ""step"": 0, ""status"": 1, ""pres"": 967.5506, ""meas_profile"": ""HP-3"", ""meas_id"": 3, ""hum"": 38.44842, ""gas_res"": 6818.666}, {""temp"": 22.13532, ""step"": 0, ""status"": 1, ""pres"": 967.6652, ""meas_profile"": ""HP-2"", ""meas_id"": 2, ""hum"": 38.69429, ""gas_res"": 6595.218}, {""temp"": 21.90919, ""step"": 0, ""status"": 1, ""pres"": 967.7561, ""meas_profile"": ""HP-1"", ""meas_id"": 1, ""hum"": 37.24167, ""gas_res"": 6902.502}]}",NULL,"2025-10-27 09:04:07.581284"
11405,"04a600b9b0b8","2025-10-27 09:02:57","kXsfaKsVCYF4Pkgysozo","{""zphs01b"": {""voc"": 0, ""temp"": 20.2, ""pm2_5"": 0, ""pm1_0"": 0, ""pm10"": 333, ""o3"": 0.02, ""no2"": 10.0, ""hum"": 0, ""fmhd"": 0, ""co2"": 5000, ""co"": 0.0}, ""smell_b"": {}, ""sfa30"": {""temp"": 22.39, ""hum"": 38.95, ""fmhd"": 17.6}, ""sen5x"": {""voc"": 134.0, ""temp"": 22.52, ""pm4_0"": 4321.7, ""pm2_5"": 4321.7, ""pm1_0"": 4121.0, ""pm10"": 4321.7, ""nox"": 1.0, ""mass_c"": 4271.525, ""hum"": 44.38}, ""scd41"": {""temp"": 22.04929, ""hum"": 41.10323, ""co2"": 740}, ""power_source"": 0, ""mics6814"": {""red_res"": 0, ""no2_res"": 0, ""no2"": 0.17, ""nh3_res"": 0, ""nh3"": 0.73, ""co_res"": 0, ""co"": 44.0}}",NULL,"2025-10-27 09:04:08.753639"
11406,"04a600b9b0b8","2025-10-27 09:02:57","kXsfaKsVCYF4Pkgysozo","{""bme688"": [{""temp"": 22.34434, ""step"": 9, ""status"": 1, ""pres"": 967.8236, ""meas_profile"": ""HP-8"", ""meas_id"": 8, ""hum"": 38.58062, ""gas_res"": 5684.846}, {""temp"": 22.31107, ""step"": 9, ""status"": 1, ""pres"": 967.9216, ""meas_profile"": ""HP-7"", ""meas_id"": 7, ""hum"": 38.48389, ""gas_res"": 5684.846}, {""temp"": 22.39702, ""step"": 9, ""status"": 1, ""pres"": 968.1168, ""meas_profile"": ""HP-6"", ""meas_id"": 6, ""hum"": 38.34287, ""gas_res"": 5684.846}, {""temp"": 22.27199, ""step"": 9, ""status"": 1, ""pres"": 967.769, ""meas_profile"": ""HP-5"", ""meas_id"": 5, ""hum"": 38.56261, ""gas_res"": 9021.708}, {""temp"": 22.05204, ""step"": 9, ""status"": 1, ""pres"": 967.8265, ""meas_profile"": ""HP-4"", ""meas_id"": 4, ""hum"": 37.94844, ""gas_res"": 8152.866}, {""temp"": 22.21732, ""step"": 9, ""status"": 1, ""pres"": 967.5491, ""meas_profile"": ""HP-3"", ""meas_id"": 3, ""hum"": 38.49549, ""gas_res"": 6583.008}, {""temp"": 22.13439, ""step"": 9, ""status"": 1, ""pres"": 967.6637, ""meas_profile"": ""HP-2"", ""meas_id"": 2, ""hum"": 38.69419, ""gas_res"": 6076.719}, {""temp"": 21.90794, ""step"": 9, ""status"": 1, ""pres"": 967.7542, ""meas_profile"": ""HP-1"", ""meas_id"": 1, ""hum"": 37.25951, ""gas_res"": 6157.398}]}",NULL,"2025-10-27 09:04:10.250218"
11407,"04a600b9b0b8","2025-10-27 09:02:57","kXsfaKsVCYF4Pkgysozo","{""bme688"": [{""temp"": 22.34341, ""step"": 8, ""status"": 1, ""pres"": 967.8223, ""meas_profile"": ""HP-8"", ""meas_id"": 8, ""hum"": 38.58051, ""gas_res"": 5684.846}, {""temp"": 22.31014, ""step"": 8, ""status"": 1, ""pres"": 967.9219, ""meas_profile"": ""HP-7"", ""meas_id"": 7, ""hum"": 38.4838, ""gas_res"": 5684.846}, {""temp"": 22.39579, ""step"": 8, ""status"": 1, ""pres"": 968.1164, ""meas_profile"": ""HP-6"", ""meas_id"": 6, ""hum"": 38.35453, ""gas_res"": 5684.846}, {""temp"": 22.27137, ""step"": 8, ""status"": 1, ""pres"": 967.7681, ""meas_profile"": ""HP-5"", ""meas_id"": 5, ""hum"": 38.57419, ""gas_res"": 8805.724}, {""temp"": 22.05142, ""step"": 8, ""status"": 1, ""pres"": 967.8271, ""meas_profile"": ""HP-4"", ""meas_id"": 4, ""hum"": 37.94248, ""gas_res"": 8449.96}, {""temp"": 22.21639, ""step"": 8, ""status"": 1, ""pres"": 967.5475, ""meas_profile"": ""HP-3"", ""meas_id"": 3, ""hum"": 38.4895, ""gas_res"": 6214.799}, {""temp"": 22.13345, ""step"": 8, ""status"": 1, ""pres"": 967.6622, ""meas_profile"": ""HP-2"", ""meas_id"": 2, ""hum"": 38.71158, ""gas_res"": 6291.781}, {""temp"": 21.90701, ""step"": 8, ""status"": 1, ""pres"": 967.7546, ""meas_profile"": ""HP-1"", ""meas_id"": 1, ""hum"": 37.25343, ""gas_res"": 6291.781}]}",NULL,"2025-10-27 09:04:11.42369"
11408,"04a600b9b0b8","2025-10-27 09:02:57","kXsfaKsVCYF4Pkgysozo","{""bme688"": [{""temp"": 22.34248, ""step"": 7, ""status"": 1, ""pres"": 967.8207, ""meas_profile"": ""HP-8"", ""meas_id"": 8, ""hum"": 38.59805, ""gas_res"": 5684.846}, {""temp"": 22.3089, ""step"": 7, ""status"": 1, ""pres"": 967.9199, ""meas_profile"": ""HP-7"", ""meas_id"": 7, ""hum"": 38.50692, ""gas_res"": 5684.846}, {""temp"": 22.39487, ""step"": 7, ""status"": 1, ""pres"": 968.1149, ""meas_profile"": ""HP-6"", ""meas_id"": 6, ""hum"": 38.34855, ""gas_res"": 5684.846}, {""temp"": 22.27074, ""step"": 7, ""status"": 1, ""pres"": 967.7672, ""meas_profile"": ""HP-5"", ""meas_id"": 5, ""hum"": 38.59743, ""gas_res"": 9021.708}, {""temp"": 22.05079, ""step"": 7, ""status"": 1, ""pres"": 967.8261, ""meas_profile"": ""HP-4"", ""meas_id"": 4, ""hum"": 37.94831, ""gas_res"": 8273.01}, {""temp"": 22.21547, ""step"": 7, ""status"": 1, ""pres"": 967.546, ""meas_profile"": ""HP-3"", ""meas_id"": 3, ""hum"": 38.50119, ""gas_res"": 5934.718}, {""temp"": 22.13221, ""step"": 7, ""status"": 1, ""pres"": 967.6618, ""meas_profile"": ""HP-2"", ""meas_id"": 2, ""hum"": 38.71146, ""gas_res"": 7875.954}, {""temp"": 21.90607, ""step"": 7, ""status"": 1, ""pres"": 967.7532, ""meas_profile"": ""HP-1"", ""meas_id"": 1, ""hum"": 37.26531, ""gas_res"": 6083.65}]}",NULL,"2025-10-27 09:04:12.714313"
11409,"04a600b9b0b8","2025-10-27 09:02:57","kXsfaKsVCYF4Pkgysozo","{""bme688"": [{""temp"": 22.34156, ""step"": 6, ""status"": 1, ""pres"": 967.8192, ""meas_profile"": ""HP-8"", ""meas_id"": 8, ""hum"": 38.62147, ""gas_res"": 5684.846}, {""temp"": 22.30828, ""step"": 6, ""status"": 1, ""pres"": 967.9188, ""meas_profile"": ""HP-7"", ""meas_id"": 7, ""hum"": 38.51266, ""gas_res"": 6310.393}, {""temp"": 22.39425, ""step"": 6, ""status"": 1, ""pres"": 968.1141, ""meas_profile"": ""HP-6"", ""meas_id"": 6, ""hum"": 38.36026, ""gas_res"": 16806.72}, {""temp"": 22.27012, ""step"": 6, ""status"": 1, ""pres"": 967.7661, ""meas_profile"": ""HP-5"", ""meas_id"": 5, ""hum"": 38.59737, ""gas_res"": 41491.09}, {""temp"": 22.04986, ""step"": 6, ""status"": 1, ""pres"": 967.8245, ""meas_profile"": ""HP-4"", ""meas_id"": 4, ""hum"": 37.96589, ""gas_res"": 91233.07}, {""temp"": 22.21454, ""step"": 6, ""status"": 1, ""pres"": 967.5461, ""meas_profile"": ""HP-3"", ""meas_id"": 3, ""hum"": 38.50111, ""gas_res"": 27699.63}, {""temp"": 22.13159, ""step"": 6, ""status"": 1, ""pres"": 967.6608, ""meas_profile"": ""HP-2"", ""meas_id"": 2, ""hum"": 38.71722, ""gas_res"": 38461.54}, {""temp"": 21.90545, ""step"": 6, ""status"": 1, ""pres"": 967.7541, ""meas_profile"": ""HP-1"", ""meas_id"": 1, ""hum"": 37.27723, ""gas_res"": 32144.65}]}",NULL,"2025-10-27 09:04:13.981655"
11410,"04a600b9b0b8","2025-10-27 09:02:57","kXsfaKsVCYF4Pkgysozo","{""bme688"": [{""temp"": 22.34063, ""step"": 5, ""status"": 1, ""pres"": 967.8177, ""meas_profile"": ""HP-8"", ""meas_id"": 8, ""hum"": 38.62137, ""gas_res"": 5684.846}, {""temp"": 22.30766, ""step"": 5, ""status"": 1, ""pres"": 967.9178, ""meas_profile"": ""HP-7"", ""meas_id"": 7, ""hum"": 38.52422, ""gas_res"": 6236.601}, {""temp"": 22.39332, ""step"": 5, ""status"": 1, ""pres"": 968.1141, ""meas_profile"": ""HP-6"", ""meas_id"": 6, ""hum"": 38.37196, ""gas_res"": 16675.35}, {""temp"": 22.26949, ""step"": 5, ""status"": 1, ""pres"": 967.7651, ""meas_profile"": ""HP-5"", ""meas_id"": 5, ""hum"": 38.60313, ""gas_res"": 40816.33}, {""temp"": 22.04924, ""step"": 5, ""status"": 1, ""pres"": 967.8251, ""meas_profile"": ""HP-4"", ""meas_id"": 4, ""hum"": 37.96583, ""gas_res"": 90077.41}, {""temp"": 22.21361, ""step"": 5, ""status"": 1, ""pres"": 967.5446, ""meas_profile"": ""HP-3"", ""meas_id"": 3, ""hum"": 38.5069, ""gas_res"": 26828.76}, {""temp"": 22.13066, ""step"": 5, ""status"": 1, ""pres"": 967.661, ""meas_profile"": ""HP-2"", ""meas_id"": 2, ""hum"": 38.72295, ""gas_res"": 37448.8}, {""temp"": 21.90483, ""step"": 5, ""status"": 1, ""pres"": 967.7549, ""meas_profile"": ""HP-1"", ""meas_id"": 1, ""hum"": 37.29513, ""gas_res"": 30865.69}]}",NULL,"2025-10-27 09:04:15.368443"
11411,"04a600b9b0b8","2025-10-27 09:02:57","kXsfaKsVCYF4Pkgysozo","{""bme688"": [{""temp"": 22.3397, ""step"": 4, ""status"": 1, ""pres"": 967.8162, ""meas_profile"": ""HP-8"", ""meas_id"": 8, ""hum"": 38.62128, ""gas_res"": 5684.846}, {""temp"": 22.30673, ""step"": 4, ""status"": 1, ""pres"": 967.9162, ""meas_profile"": ""HP-7"", ""meas_id"": 7, ""hum"": 38.53574, ""gas_res"": 6178.799}, {""temp"": 22.3924, ""step"": 4, ""status"": 1, ""pres"": 968.1125, ""meas_profile"": ""HP-6"", ""meas_id"": 6, ""hum"": 38.39544, ""gas_res"": 16571.72}, {""temp"": 22.26887, ""step"": 4, ""status"": 1, ""pres"": 967.7658, ""meas_profile"": ""HP-5"", ""meas_id"": 5, ""hum"": 38.62053, ""gas_res"": 41012.5}, {""temp"": 22.04831, ""step"": 4, ""status"": 1, ""pres"": 967.8237, ""meas_profile"": ""HP-4"", ""meas_id"": 4, ""hum"": 37.97751, ""gas_res"": 90941.38}, {""temp"": 22.21237, ""step"": 4, ""status"": 1, ""pres"": 967.5443, ""meas_profile"": ""HP-3"", ""meas_id"": 3, ""hum"": 38.51856, ""gas_res"": 26218.76}, {""temp"": 22.13004, ""step"": 4, ""status"": 1, ""pres"": 967.6601, ""meas_profile"": ""HP-2"", ""meas_id"": 2, ""hum"": 38.74038, ""gas_res"": 36613.27}, {""temp"": 21.90421, ""step"": 4, ""status"": 1, ""pres"": 967.754, ""meas_profile"": ""HP-1"", ""meas_id"": 1, ""hum"": 37.29507, ""gas_res"": 29976.58}]}",NULL,"2025-10-27 09:04:16.544866"
11412,"04a600b9b0b8","2025-10-27 09:02:57","kXsfaKsVCYF4Pkgysozo","{""bme688"": [{""temp"": 22.33847, ""step"": 3, ""status"": 0, ""pres"": 967.8161, ""meas_profile"": ""HP-8"", ""meas_id"": 8, ""hum"": 38.65054, ""gas_res"": 5684.846}, {""temp"": 22.30579, ""step"": 3, ""status"": 0, ""pres"": 967.9146, ""meas_profile"": ""HP-7"", ""meas_id"": 7, ""hum"": 38.55309, ""gas_res"": 5684.846}, {""temp"": 22.39178, ""step"": 3, ""status"": 0, ""pres"": 968.1116, ""meas_profile"": ""HP-6"", ""meas_id"": 6, ""hum"": 38.40127, ""gas_res"": 7039.155}, {""temp"": 22.26793, ""step"": 3, ""status"": 0, ""pres"": 967.7642, ""meas_profile"": ""HP-5"", ""meas_id"": 5, ""hum"": 38.63209, ""gas_res"": 18740.85}, {""temp"": 22.04738, ""step"": 3, ""status"": 0, ""pres"": 967.8237, ""meas_profile"": ""HP-4"", ""meas_id"": 4, ""hum"": 37.9951, ""gas_res"": 24474.19}, {""temp"": 22.21144, ""step"": 3, ""status"": 0, ""pres"": 967.5428, ""meas_profile"": ""HP-3"", ""meas_id"": 3, ""hum"": 38.53617, ""gas_res"": 14749.94}, {""temp"": 22.12911, ""step"": 3, ""status"": 0, ""pres"": 967.66, ""meas_profile"": ""HP-2"", ""meas_id"": 2, ""hum"": 38.7636, ""gas_res"": 20990.49}, {""temp"": 21.90296, ""step"": 3, ""status"": 0, ""pres"": 967.7537, ""meas_profile"": ""HP-1"", ""meas_id"": 1, ""hum"": 37.30093, ""gas_res"": 14894.11}]}",NULL,"2025-10-27 09:04:17.830802"
11413,"04a600b9b0b8","2025-10-27 09:02:57","kXsfaKsVCYF4Pkgysozo","{""bme688"": [{""temp"": 22.33785, ""step"": 2, ""status"": 1, ""pres"": 967.8134, ""meas_profile"": ""HP-8"", ""meas_id"": 8, ""hum"": 38.66225, ""gas_res"": 6125.574}, {""temp"": 22.30517, ""step"": 2, ""status"": 1, ""pres"": 967.9135, ""meas_profile"": ""HP-7"", ""meas_id"": 7, ""hum"": 38.54721, ""gas_res"": 8318.17}, {""temp"": 22.39085, ""step"": 2, ""status"": 1, ""pres"": 968.1119, ""meas_profile"": ""HP-6"", ""meas_id"": 6, ""hum"": 38.41885, ""gas_res"": 24729.52}, {""temp"": 22.26699, ""step"": 2, ""status"": 1, ""pres"": 967.7628, ""meas_profile"": ""HP-5"", ""meas_id"": 5, ""hum"": 38.64365, ""gas_res"": 87223.17}, {""temp"": 22.04613, ""step"": 2, ""status"": 1, ""pres"": 967.8218, ""meas_profile"": ""HP-4"", ""meas_id"": 4, ""hum"": 38.00087, ""gas_res"": 159303.0}, {""temp"": 22.21052, ""step"": 2, ""status"": 1, ""pres"": 967.5413, ""meas_profile"": ""HP-3"", ""meas_id"": 3, ""hum"": 38.54786, ""gas_res"": 72727.27}, {""temp"": 22.12786, ""step"": 2, ""status"": 1, ""pres"": 967.6581, ""meas_profile"": ""HP-2"", ""meas_id"": 2, ""hum"": 38.75181, ""gas_res"": 114285.7}, {""temp"": 21.90203, ""step"": 2, ""status"": 1, ""pres"": 967.7523, ""meas_profile"": ""HP-1"", ""meas_id"": 1, ""hum"": 37.31282, ""gas_res"": 90651.55}]}",NULL,"2025-10-27 09:04:19.115644"
11414,"04a600b9b0b8","2025-10-27 09:02:57","kXsfaKsVCYF4Pkgysozo","{""bme688"": [{""temp"": 22.33693, ""step"": 1, ""status"": 1, ""pres"": 967.812, ""meas_profile"": ""HP-8"", ""meas_id"": 8, ""hum"": 38.65039, ""gas_res"": 5684.846}, {""temp"": 22.30424, ""step"": 1, ""status"": 1, ""pres"": 967.9122, ""meas_profile"": ""HP-7"", ""meas_id"": 7, ""hum"": 38.55293, ""gas_res"": 5684.846}, {""temp"": 22.39023, ""step"": 1, ""status"": 1, ""pres"": 968.111, ""meas_profile"": ""HP-6"", ""meas_id"": 6, ""hum"": 38.36575, ""gas_res"": 7683.073}, {""temp"": 22.26637, ""step"": 1, ""status"": 1, ""pres"": 967.7617, ""meas_profile"": ""HP-5"", ""meas_id"": 5, ""hum"": 38.63194, ""gas_res"": 25000.0}, {""temp"": 22.04551, ""step"": 1, ""status"": 1, ""pres"": 967.8207, ""meas_profile"": ""HP-4"", ""meas_id"": 4, ""hum"": 37.98313, ""gas_res"": 25000.0}, {""temp"": 22.20959, ""step"": 1, ""status"": 1, ""pres"": 967.5414, ""meas_profile"": ""HP-3"", ""meas_id"": 3, ""hum"": 38.54187, ""gas_res"": 21628.93}, {""temp"": 22.12724, ""step"": 1, ""status"": 1, ""pres"": 967.6571, ""meas_profile"": ""HP-2"", ""meas_id"": 2, ""hum"": 38.77507, ""gas_res"": 25000.0}, {""temp"": 21.90141, ""step"": 1, ""status"": 1, ""pres"": 967.7533, ""meas_profile"": ""HP-1"", ""meas_id"": 1, ""hum"": 37.30677, ""gas_res"": 25000.0}]}",NULL,"2025-10-27 09:04:20.497722"
11415,"04a600b9b0b8","2025-10-27 09:02:57","kXsfaKsVCYF4Pkgysozo","{""bme688"": [{""temp"": 22.336, ""step"": 0, ""status"": 1, ""pres"": 967.8105, ""meas_profile"": ""HP-8"", ""meas_id"": 8, ""hum"": 38.65029, ""gas_res"": 5684.846}, {""temp"": 22.30331, ""step"": 0, ""status"": 1, ""pres"": 967.9104, ""meas_profile"": ""HP-7"", ""meas_id"": 7, ""hum"": 38.57027, ""gas_res"": 5684.846}, {""temp"": 22.38962, ""step"": 0, ""status"": 1, ""pres"": 968.1116, ""meas_profile"": ""HP-6"", ""meas_id"": 6, ""hum"": 38.41284, ""gas_res"": 5837.286}, {""temp"": 22.26574, ""step"": 0, ""status"": 1, ""pres"": 967.7623, ""meas_profile"": ""HP-5"", ""meas_id"": 5, ""hum"": 38.64352, ""gas_res"": 9487.104}, {""temp"": 22.04489, ""step"": 0, ""status"": 1, ""pres"": 967.8197, ""meas_profile"": ""HP-4"", ""meas_id"": 4, ""hum"": 38.00663, ""gas_res"": 8292.304}, {""temp"": 22.20897, ""step"": 0, ""status"": 1, ""pres"": 967.5404, ""meas_profile"": ""HP-3"", ""meas_id"": 3, ""hum"": 38.5536, ""gas_res"": 6032.045}, {""temp"": 22.12631, ""step"": 0, ""status"": 1, ""pres"": 967.6571, ""meas_profile"": ""HP-2"", ""meas_id"": 2, ""hum"": 38.76332, ""gas_res"": 7699.711}, {""temp"": 21.90047, ""step"": 0, ""status"": 1, ""pres"": 967.7517, ""meas_profile"": ""HP-1"", ""meas_id"": 1, ""hum"": 37.33663, ""gas_res"": 6269.592}]}",NULL,"2025-10-27 09:04:21.678843"
11416,"04a600b9b0b8","2025-10-27 09:04:55","kXsfaKsVCYF4Pkgysozo","{""zphs01b"": {""voc"": 0, ""temp"": 20.3, ""pm2_5"": 0, ""pm1_0"": 0, ""pm10"": 327, ""o3"": 0.02, ""no2"": 10.0, ""hum"": 0, ""fmhd"": 0, ""co2"": 5000, ""co"": 0.0}, ""smell_b"": {}, ""sfa30"": {""temp"": 22.455, ""hum"": 38.84, ""fmhd"": 4.2}, ""sen5x"": {""voc"": 106.0, ""temp"": 22.465, ""pm4_0"": 4552.4, ""pm2_5"": 4552.4, ""pm1_0"": 4341.0, ""pm10"": 4552.4, ""nox"": 1.0, ""mass_c"": 4499.55, ""hum"": 44.49}, ""scd41"": {""temp"": 22.15343, ""hum"": 40.90791, ""co2"": 752}, ""power_source"": 0, ""mics6814"": {""red_res"": 0, ""no2_res"": 0, ""no2"": 0.17, ""nh3_res"": 0, ""nh3"": 0.73, ""co_res"": 0, ""co"": 44.0}}",NULL,"2025-10-27 09:05:25.212753"
11417,"04a600b9b0b8","2025-10-27 09:04:55","kXsfaKsVCYF4Pkgysozo","{""bme688"": [{""temp"": 22.378, ""step"": 9, ""status"": 1, ""pres"": 967.8551, ""meas_profile"": ""HP-8"", ""meas_id"": 8, ""hum"": 38.36675, ""gas_res"": 5684.846}, {""temp"": 22.34212, ""step"": 9, ""status"": 1, ""pres"": 967.9529, ""meas_profile"": ""HP-7"", ""meas_id"": 7, ""hum"": 38.23742, ""gas_res"": 5684.846}, {""temp"": 22.42666, ""step"": 9, ""status"": 1, ""pres"": 968.133, ""meas_profile"": ""HP-6"", ""meas_id"": 6, ""hum"": 38.11629, ""gas_res"": 5684.846}, {""temp"": 22.29732, ""step"": 9, ""status"": 1, ""pres"": 967.7887, ""meas_profile"": ""HP-5"", ""meas_id"": 5, ""hum"": 38.29751, ""gas_res"": 10243.28}, {""temp"": 22.07968, ""step"": 9, ""status"": 1, ""pres"": 967.8517, ""meas_profile"": ""HP-4"", ""meas_id"": 4, ""hum"": 37.72165, ""gas_res"": 9280.742}, {""temp"": 22.2467, ""step"": 9, ""status"": 1, ""pres"": 967.5665, ""meas_profile"": ""HP-3"", ""meas_id"": 3, ""hum"": 38.30404, ""gas_res"": 7783.994}, {""temp"": 22.16606, ""step"": 9, ""status"": 1, ""pres"": 967.6886, ""meas_profile"": ""HP-2"", ""meas_id"": 2, ""hum"": 38.51687, ""gas_res"": 7128.537}, {""temp"": 21.93813, ""step"": 9, ""status"": 1, ""pres"": 967.7623, ""meas_profile"": ""HP-1"", ""meas_id"": 1, ""hum"": 37.06501, ""gas_res"": 7205.584}]}",NULL,"2025-10-27 09:05:26.49627"
11418,"04a600b9b0b8","2025-10-27 09:04:55","kXsfaKsVCYF4Pkgysozo","{""bme688"": [{""temp"": 22.37677, ""step"": 8, ""status"": 1, ""pres"": 967.8551, ""meas_profile"": ""HP-8"", ""meas_id"": 8, ""hum"": 38.37249, ""gas_res"": 5684.846}, {""temp"": 22.34089, ""step"": 8, ""status"": 1, ""pres"": 967.9526, ""meas_profile"": ""HP-7"", ""meas_id"": 7, ""hum"": 38.23149, ""gas_res"": 5684.846}, {""temp"": 22.42573, ""step"": 8, ""status"": 1, ""pres"": 968.1316, ""meas_profile"": ""HP-6"", ""meas_id"": 6, ""hum"": 38.10443, ""gas_res"": 5733.739}, {""temp"": 22.29638, ""step"": 8, ""status"": 1, ""pres"": 967.7889, ""meas_profile"": ""HP-5"", ""meas_id"": 5, ""hum"": 38.33231, ""gas_res"": 10107.39}, {""temp"": 22.07875, ""step"": 8, ""status"": 1, ""pres"": 967.8519, ""meas_profile"": ""HP-4"", ""meas_id"": 4, ""hum"": 37.75097, ""gas_res"": 9529.481}, {""temp"": 22.24546, ""step"": 8, ""status"": 1, ""pres"": 967.5662, ""meas_profile"": ""HP-3"", ""meas_id"": 3, ""hum"": 38.29214, ""gas_res"": 7452.259}, {""temp"": 22.16482, ""step"": 8, ""status"": 1, ""pres"": 967.6866, ""meas_profile"": ""HP-2"", ""meas_id"": 2, ""hum"": 38.54003, ""gas_res"": 7249.66}, {""temp"": 21.93719, ""step"": 8, ""status"": 1, ""pres"": 967.7629, ""meas_profile"": ""HP-1"", ""meas_id"": 1, ""hum"": 37.05296, ""gas_res"": 7525.87}]}",NULL,"2025-10-27 09:05:28.233936"
11419,"04a600b9b0b8","2025-10-27 09:04:55","kXsfaKsVCYF4Pkgysozo","{""bme688"": [{""temp"": 22.37553, ""step"": 7, ""status"": 1, ""pres"": 967.8532, ""meas_profile"": ""HP-8"", ""meas_id"": 8, ""hum"": 38.3841, ""gas_res"": 5684.846}, {""temp"": 22.33964, ""step"": 7, ""status"": 1, ""pres"": 967.9521, ""meas_profile"": ""HP-7"", ""meas_id"": 7, ""hum"": 38.27198, ""gas_res"": 5684.846}, {""temp"": 22.4245, ""step"": 7, ""status"": 1, ""pres"": 968.1314, ""meas_profile"": ""HP-6"", ""meas_id"": 6, ""hum"": 38.11607, ""gas_res"": 5743.0}, {""temp"": 22.29545, ""step"": 7, ""status"": 1, ""pres"": 967.7874, ""meas_profile"": ""HP-5"", ""meas_id"": 5, ""hum"": 38.3264, ""gas_res"": 10342.6}, {""temp"": 22.07782, ""step"": 7, ""status"": 1, ""pres"": 967.8519, ""meas_profile"": ""HP-4"", ""meas_id"": 4, ""hum"": 37.745, ""gas_res"": 9288.824}, {""temp"": 22.24453, ""step"": 7, ""status"": 1, ""pres"": 967.5664, ""meas_profile"": ""HP-3"", ""meas_id"": 3, ""hum"": 38.28027, ""gas_res"": 7104.796}, {""temp"": 22.16388, ""step"": 7, ""status"": 1, ""pres"": 967.6868, ""meas_profile"": ""HP-2"", ""meas_id"": 2, ""hum"": 38.5283, ""gas_res"": 6920.415}, {""temp"": 21.93595, ""step"": 7, ""status"": 1, ""pres"": 967.7628, ""meas_profile"": ""HP-1"", ""meas_id"": 1, ""hum"": 37.0648, ""gas_res"": 7166.854}]}",NULL,"2025-10-27 09:05:29.502732"
11420,"04a600b9b0b8","2025-10-27 09:04:55","kXsfaKsVCYF4Pkgysozo","{""bme688"": [{""temp"": 22.37429, ""step"": 6, ""status"": 1, ""pres"": 967.853, ""meas_profile"": ""HP-8"", ""meas_id"": 8, ""hum"": 38.37811, ""gas_res"": 5684.846}, {""temp"": 22.33871, ""step"": 6, ""status"": 1, ""pres"": 967.9507, ""meas_profile"": ""HP-7"", ""meas_id"": 7, ""hum"": 38.27188, ""gas_res"": 6359.3}, {""temp"": 22.42357, ""step"": 6, ""status"": 1, ""pres"": 968.1314, ""meas_profile"": ""HP-6"", ""meas_id"": 6, ""hum"": 38.1101, ""gas_res"": 18290.94}, {""temp"": 22.29451, ""step"": 6, ""status"": 1, ""pres"": 967.7875, ""meas_profile"": ""HP-5"", ""meas_id"": 5, ""hum"": 38.34374, ""gas_res"": 46613.25}, {""temp"": 22.07689, ""step"": 6, ""status"": 1, ""pres"": 967.8506, ""meas_profile"": ""HP-4"", ""meas_id"": 4, ""hum"": 37.75078, ""gas_res"": 100000.0}, {""temp"": 22.2436, ""step"": 6, ""status"": 1, ""pres"": 967.5648, ""meas_profile"": ""HP-3"", ""meas_id"": 3, ""hum"": 38.31551, ""gas_res"": 33481.56}, {""temp"": 22.16264, ""step"": 6, ""status"": 1, ""pres"": 967.6866, ""meas_profile"": ""HP-2"", ""meas_id"": 2, ""hum"": 38.54563, ""gas_res"": 80782.58}, {""temp"": 21.93502, ""step"": 6, ""status"": 1, ""pres"": 967.7614, ""meas_profile"": ""HP-1"", ""meas_id"": 1, ""hum"": 37.0647, ""gas_res"": 39640.75}]}",NULL,"2025-10-27 09:05:30.788309"
11421,"04a600b9b0b8","2025-10-27 09:04:55","kXsfaKsVCYF4Pkgysozo","{""bme688"": [{""temp"": 22.37306, ""step"": 5, ""status"": 1, ""pres"": 967.851, ""meas_profile"": ""HP-8"", ""meas_id"": 8, ""hum"": 38.37798, ""gas_res"": 5684.846}, {""temp"": 22.33747, ""step"": 5, ""status"": 1, ""pres"": 967.9501, ""meas_profile"": ""HP-7"", ""meas_id"": 7, ""hum"": 38.27756, ""gas_res"": 6232.957}, {""temp"": 22.42265, ""step"": 5, ""status"": 1, ""pres"": 968.13, ""meas_profile"": ""HP-6"", ""meas_id"": 6, ""hum"": 38.12177, ""gas_res"": 18058.69}, {""temp"": 22.29357, ""step"": 5, ""status"": 1, ""pres"": 967.7877, ""meas_profile"": ""HP-5"", ""meas_id"": 5, ""hum"": 38.34365, ""gas_res"": 45960.5}, {""temp"": 22.07595, ""step"": 5, ""status"": 1, ""pres"": 967.849, ""meas_profile"": ""HP-4"", ""meas_id"": 4, ""hum"": 37.73893, ""gas_res"": 100000.0}, {""temp"": 22.24299, ""step"": 5, ""status"": 1, ""pres"": 967.5655, ""meas_profile"": ""HP-3"", ""meas_id"": 3, ""hum"": 38.30367, ""gas_res"": 32661.39}, {""temp"": 22.1614, ""step"": 5, ""status"": 1, ""pres"": 967.6861, ""meas_profile"": ""HP-2"", ""meas_id"": 2, ""hum"": 38.53386, ""gas_res"": 78407.35}, {""temp"": 21.93408, ""step"": 5, ""status"": 1, ""pres"": 967.7617, ""meas_profile"": ""HP-1"", ""meas_id"": 1, ""hum"": 37.11845, ""gas_res"": 38323.35}]}",NULL,"2025-10-27 09:05:32.161485"
11422,"04a600b9b0b8","2025-10-27 09:04:55","kXsfaKsVCYF4Pkgysozo","{""bme688"": [{""temp"": 22.37183, ""step"": 4, ""status"": 1, ""pres"": 967.851, ""meas_profile"": ""HP-8"", ""meas_id"": 8, ""hum"": 38.40721, ""gas_res"": 5684.846}, {""temp"": 22.33654, ""step"": 4, ""status"": 1, ""pres"": 967.9504, ""meas_profile"": ""HP-7"", ""meas_id"": 7, ""hum"": 38.28907, ""gas_res"": 6115.039}, {""temp"": 22.42141, ""step"": 4, ""status"": 1, ""pres"": 968.1298, ""meas_profile"": ""HP-6"", ""meas_id"": 6, ""hum"": 38.13341, ""gas_res"": 17626.0}, {""temp"": 22.29295, ""step"": 4, ""status"": 1, ""pres"": 967.7866, ""meas_profile"": ""HP-5"", ""meas_id"": 5, ""hum"": 38.35521, ""gas_res"": 45861.7}, {""temp"": 22.07502, ""step"": 4, ""status"": 1, ""pres"": 967.8491, ""meas_profile"": ""HP-4"", ""meas_id"": 4, ""hum"": 37.76236, ""gas_res"": 100000.0}, {""temp"": 22.24206, ""step"": 4, ""status"": 1, ""pres"": 967.5658, ""meas_profile"": ""HP-3"", ""meas_id"": 3, ""hum"": 38.30946, ""gas_res"": 32512.06}, {""temp"": 22.16016, ""step"": 4, ""status"": 1, ""pres"": 967.6841, ""meas_profile"": ""HP-2"", ""meas_id"": 2, ""hum"": 38.56867, ""gas_res"": 78048.78}, {""temp"": 21.93315, ""step"": 4, ""status"": 1, ""pres"": 967.7622, ""meas_profile"": ""HP-1"", ""meas_id"": 1, ""hum"": 37.08845, ""gas_res"": 37647.06}]}",NULL,"2025-10-27 09:05:33.343485"
11423,"04a600b9b0b8","2025-10-27 09:04:55","kXsfaKsVCYF4Pkgysozo","{""bme688"": [{""temp"": 22.37059, ""step"": 3, ""status"": 0, ""pres"": 967.8507, ""meas_profile"": ""HP-8"", ""meas_id"": 8, ""hum"": 38.41295, ""gas_res"": 5684.846}, {""temp"": 22.33529, ""step"": 3, ""status"": 0, ""pres"": 967.9483, ""meas_profile"": ""HP-7"", ""meas_id"": 7, ""hum"": 38.31216, ""gas_res"": 5684.846}, {""temp"": 22.42049, ""step"": 3, ""status"": 0, ""pres"": 968.1301, ""meas_profile"": ""HP-6"", ""meas_id"": 6, ""hum"": 38.16274, ""gas_res"": 7457.469}, {""temp"": 22.29169, ""step"": 3, ""status"": 0, ""pres"": 967.7863, ""meas_profile"": ""HP-5"", ""meas_id"": 5, ""hum"": 38.37836, ""gas_res"": 20826.55}, {""temp"": 22.07378, ""step"": 3, ""status"": 0, ""pres"": 967.8488, ""meas_profile"": ""HP-4"", ""meas_id"": 4, ""hum"": 37.79166, ""gas_res"": 28590.57}, {""temp"": 22.24082, ""step"": 3, ""status"": 0, ""pres"": 967.5653, ""meas_profile"": ""HP-3"", ""meas_id"": 3, ""hum"": 38.35646, ""gas_res"": 18401.38}, {""temp"": 22.15892, ""step"": 3, ""status"": 0, ""pres"": 967.6836, ""meas_profile"": ""HP-2"", ""meas_id"": 2, ""hum"": 38.59184, ""gas_res"": 26413.54}, {""temp"": 21.9319, ""step"": 3, ""status"": 0, ""pres"": 967.762, ""meas_profile"": ""HP-1"", ""meas_id"": 1, ""hum"": 37.10028, ""gas_res"": 18610.06}]}",NULL,"2025-10-27 09:05:34.634364"
11424,"04a600b9b0b8","2025-10-27 09:04:55","kXsfaKsVCYF4Pkgysozo","{""bme688"": [{""temp"": 22.36935, ""step"": 2, ""status"": 1, ""pres"": 967.8488, ""meas_profile"": ""HP-8"", ""meas_id"": 8, ""hum"": 38.42457, ""gas_res"": 5684.846}, {""temp"": 22.33436, ""step"": 2, ""status"": 1, ""pres"": 967.9484, ""meas_profile"": ""HP-7"", ""meas_id"": 7, ""hum"": 38.32948, ""gas_res"": 6042.296}, {""temp"": 22.41925, ""step"": 2, ""status"": 1, ""pres"": 968.1298, ""meas_profile"": ""HP-6"", ""meas_id"": 6, ""hum"": 38.16261, ""gas_res"": 16846.54}, {""temp"": 22.29045, ""step"": 2, ""status"": 1, ""pres"": 967.7844, ""meas_profile"": ""HP-5"", ""meas_id"": 5, ""hum"": 38.40732, ""gas_res"": 54654.14}, {""temp"": 22.07254, ""step"": 2, ""status"": 1, ""pres"": 967.8484, ""meas_profile"": ""HP-4"", ""meas_id"": 4, ""hum"": 37.79742, ""gas_res"": 111014.7}, {""temp"": 22.23989, ""step"": 2, ""status"": 1, ""pres"": 967.5656, ""meas_profile"": ""HP-3"", ""meas_id"": 3, ""hum"": 38.34458, ""gas_res"": 55652.18}, {""temp"": 22.15799, ""step"": 2, ""status"": 1, ""pres"": 967.684, ""meas_profile"": ""HP-2"", ""meas_id"": 2, ""hum"": 38.59756, ""gas_res"": 86603.52}, {""temp"": 21.93066, ""step"": 2, ""status"": 1, ""pres"": 967.7601, ""meas_profile"": ""HP-1"", ""meas_id"": 1, ""hum"": 37.11811, ""gas_res"": 69868.99}]}",NULL,"2025-10-27 09:05:35.918113"
11425,"04a600b9b0b8","2025-10-27 09:04:55","kXsfaKsVCYF4Pkgysozo","{""bme688"": [{""temp"": 22.36812, ""step"": 1, ""status"": 1, ""pres"": 967.8486, ""meas_profile"": ""HP-8"", ""meas_id"": 8, ""hum"": 38.43031, ""gas_res"": 5684.846}, {""temp"": 22.33312, ""step"": 1, ""status"": 1, ""pres"": 967.9465, ""meas_profile"": ""HP-7"", ""meas_id"": 7, ""hum"": 38.32354, ""gas_res"": 5684.846}, {""temp"": 22.41833, ""step"": 1, ""status"": 1, ""pres"": 968.1301, ""meas_profile"": ""HP-6"", ""meas_id"": 6, ""hum"": 38.18018, ""gas_res"": 8146.64}, {""temp"": 22.28982, ""step"": 1, ""status"": 1, ""pres"": 967.7849, ""meas_profile"": ""HP-5"", ""meas_id"": 5, ""hum"": 38.40144, ""gas_res"": 25000.0}, {""temp"": 22.07192, ""step"": 1, ""status"": 1, ""pres"": 967.8474, ""meas_profile"": ""HP-4"", ""meas_id"": 4, ""hum"": 37.80325, ""gas_res"": 25775.27}, {""temp"": 22.23897, ""step"": 1, ""status"": 1, ""pres"": 967.5639, ""meas_profile"": ""HP-3"", ""meas_id"": 3, ""hum"": 38.36216, ""gas_res"": 25000.0}, {""temp"": 22.15705, ""step"": 1, ""status"": 1, ""pres"": 967.6824, ""meas_profile"": ""HP-2"", ""meas_id"": 2, ""hum"": 38.59747, ""gas_res"": 25000.0}, {""temp"": 21.92973, ""step"": 1, ""status"": 1, ""pres"": 967.7603, ""meas_profile"": ""HP-1"", ""meas_id"": 1, ""hum"": 37.124, ""gas_res"": 25000.0}]}",NULL,"2025-10-27 09:05:37.278999"
11426,"04a600b9b0b8","2025-10-27 09:04:55","kXsfaKsVCYF4Pkgysozo","{""bme688"": [{""temp"": 22.36688, ""step"": 0, ""status"": 1, ""pres"": 967.8483, ""meas_profile"": ""HP-8"", ""meas_id"": 8, ""hum"": 38.43019, ""gas_res"": 5684.846}, {""temp"": 22.33188, ""step"": 0, ""status"": 1, ""pres"": 967.946, ""meas_profile"": ""HP-7"", ""meas_id"": 7, ""hum"": 38.32341, ""gas_res"": 5684.846}, {""temp"": 22.4174, ""step"": 0, ""status"": 1, ""pres"": 968.1303, ""meas_profile"": ""HP-6"", ""meas_id"": 6, ""hum"": 38.18596, ""gas_res"": 5914.972}, {""temp"": 22.28888, ""step"": 0, ""status"": 1, ""pres"": 967.7834, ""meas_profile"": ""HP-5"", ""meas_id"": 5, ""hum"": 38.40134, ""gas_res"": 10194.33}, {""temp"": 22.07098, ""step"": 0, ""status"": 1, ""pres"": 967.8459, ""meas_profile"": ""HP-4"", ""meas_id"": 4, ""hum"": 37.80315, ""gas_res"": 9353.99}, {""temp"": 22.23773, ""step"": 0, ""status"": 1, ""pres"": 967.5637, ""meas_profile"": ""HP-3"", ""meas_id"": 3, ""hum"": 38.36203, ""gas_res"": 7171.672}, {""temp"": 22.15581, ""step"": 0, ""status"": 1, ""pres"": 967.6819, ""meas_profile"": ""HP-2"", ""meas_id"": 2, ""hum"": 38.609, ""gas_res"": 6924.908}, {""temp"": 21.92879, ""step"": 0, ""status"": 1, ""pres"": 967.7607, ""meas_profile"": ""HP-1"", ""meas_id"": 1, ""hum"": 37.13587, ""gas_res"": 7390.3}]}",NULL,"2025-10-27 09:05:38.467361"
11427,"04a600b9b0b8","2025-10-27 09:04:28","kXsfaKsVCYF4Pkgysozo","{""zphs01b"": {""voc"": 0, ""temp"": 20.3, ""pm2_5"": 0, ""pm1_0"": 0, ""pm10"": 330, ""o3"": 0.02, ""no2"": 10.0, ""hum"": 0, ""fmhd"": 0, ""co2"": 5000, ""co"": 0.0}, ""smell_b"": {}, ""sfa30"": {""temp"": 22.435, ""hum"": 38.89, ""fmhd"": 8.6}, ""sen5x"": {""voc"": 110.0, ""temp"": 22.48, ""pm4_0"": 4500.0, ""pm2_5"": 4500.0, ""pm1_0"": 4291.0, ""pm10"": 4500.0, ""nox"": 1.0, ""mass_c"": 4447.75, ""hum"": 44.48}, ""scd41"": {""temp"": 22.11871, ""hum"": 40.91859, ""co2"": 750}, ""power_source"": 0, ""mics6814"": {""red_res"": 0, ""no2_res"": 0, ""no2"": 0.17, ""nh3_res"": 0, ""nh3"": 0.73, ""co_res"": 0, ""co"": 44.0}}",NULL,"2025-10-27 09:05:39.635265"
11428,"04a600b9b0b8","2025-10-27 09:04:28","kXsfaKsVCYF4Pkgysozo","{""bme688"": [{""temp"": 22.36596, ""step"": 9, ""status"": 1, ""pres"": 967.8488, ""meas_profile"": ""HP-8"", ""meas_id"": 8, ""hum"": 38.43597, ""gas_res"": 5684.846}, {""temp"": 22.33064, ""step"": 9, ""status"": 1, ""pres"": 967.9457, ""meas_profile"": ""HP-7"", ""meas_id"": 7, ""hum"": 38.35231, ""gas_res"": 5684.846}, {""temp"": 22.41616, ""step"": 9, ""status"": 1, ""pres"": 968.1283, ""meas_profile"": ""HP-6"", ""meas_id"": 6, ""hum"": 38.18584, ""gas_res"": 5684.846}, {""temp"": 22.28794, ""step"": 9, ""status"": 1, ""pres"": 967.7818, ""meas_profile"": ""HP-5"", ""meas_id"": 5, ""hum"": 38.41288, ""gas_res"": 9641.458}, {""temp"": 22.07005, ""step"": 9, ""status"": 1, ""pres"": 967.8459, ""meas_profile"": ""HP-4"", ""meas_id"": 4, ""hum"": 37.82071, ""gas_res"": 8676.79}, {""temp"": 22.2368, ""step"": 9, ""status"": 1, ""pres"": 967.5637, ""meas_profile"": ""HP-3"", ""meas_id"": 3, ""hum"": 38.36194, ""gas_res"": 7152.437}, {""temp"": 22.15488, ""step"": 9, ""status"": 1, ""pres"": 967.6803, ""meas_profile"": ""HP-2"", ""meas_id"": 2, ""hum"": 38.59725, ""gas_res"": 6558.721}, {""temp"": 21.92755, ""step"": 9, ""status"": 1, ""pres"": 967.7608, ""meas_profile"": ""HP-1"", ""meas_id"": 1, ""hum"": 37.12379, ""gas_res"": 6652.807}]}",NULL,"2025-10-27 09:05:41.026753"
11429,"04a600b9b0b8","2025-10-27 09:04:28","kXsfaKsVCYF4Pkgysozo","{""bme688"": [{""temp"": 22.36472, ""step"": 8, ""status"": 1, ""pres"": 967.8468, ""meas_profile"": ""HP-8"", ""meas_id"": 8, ""hum"": 38.43584, ""gas_res"": 5684.846}, {""temp"": 22.3294, ""step"": 8, ""status"": 1, ""pres"": 967.9436, ""meas_profile"": ""HP-7"", ""meas_id"": 7, ""hum"": 38.34057, ""gas_res"": 5684.846}, {""temp"": 22.41493, ""step"": 8, ""status"": 1, ""pres"": 968.1281, ""meas_profile"": ""HP-6"", ""meas_id"": 6, ""hum"": 38.17983, ""gas_res"": 5684.846}, {""temp"": 22.28732, ""step"": 8, ""status"": 1, ""pres"": 967.7823, ""meas_profile"": ""HP-5"", ""meas_id"": 5, ""hum"": 38.41864, ""gas_res"": 9288.824}, {""temp"": 22.06912, ""step"": 8, ""status"": 1, ""pres"": 967.8445, ""meas_profile"": ""HP-4"", ""meas_id"": 4, ""hum"": 37.82062, ""gas_res"": 8812.999}, {""temp"": 22.23557, ""step"": 8, ""status"": 1, ""pres"": 967.5618, ""meas_profile"": ""HP-3"", ""meas_id"": 3, ""hum"": 38.35003, ""gas_res"": 6669.446}, {""temp"": 22.15364, ""step"": 8, ""status"": 1, ""pres"": 967.68, ""meas_profile"": ""HP-2"", ""meas_id"": 2, ""hum"": 38.60294, ""gas_res"": 6518.639}, {""temp"": 21.9263, ""step"": 8, ""status"": 1, ""pres"": 967.7589, ""meas_profile"": ""HP-1"", ""meas_id"": 1, ""hum"": 37.1117, ""gas_res"": 6849.315}]}",NULL,"2025-10-27 09:05:42.424081"
11430,"04a600b9b0b8","2025-10-27 09:04:28","kXsfaKsVCYF4Pkgysozo","{""bme688"": [{""temp"": 22.3638, ""step"": 7, ""status"": 1, ""pres"": 967.8471, ""meas_profile"": ""HP-8"", ""meas_id"": 8, ""hum"": 38.44749, ""gas_res"": 5684.846}, {""temp"": 22.32815, ""step"": 7, ""status"": 1, ""pres"": 967.9432, ""meas_profile"": ""HP-7"", ""meas_id"": 7, ""hum"": 38.33464, ""gas_res"": 5684.846}, {""temp"": 22.41369, ""step"": 7, ""status"": 1, ""pres"": 968.126, ""meas_profile"": ""HP-6"", ""meas_id"": 6, ""hum"": 38.17971, ""gas_res"": 5684.846}, {""temp"": 22.28638, ""step"": 7, ""status"": 1, ""pres"": 967.781, ""meas_profile"": ""HP-5"", ""meas_id"": 5, ""hum"": 38.436, ""gas_res"": 9453.472}, {""temp"": 22.06819, ""step"": 7, ""status"": 1, ""pres"": 967.8446, ""meas_profile"": ""HP-4"", ""meas_id"": 4, ""hum"": 37.81464, ""gas_res"": 8429.926}, {""temp"": 22.23464, ""step"": 7, ""status"": 1, ""pres"": 967.562, ""meas_profile"": ""HP-3"", ""meas_id"": 3, ""hum"": 38.35583, ""gas_res"": 6203.955}, {""temp"": 22.1524, ""step"": 7, ""status"": 1, ""pres"": 967.678, ""meas_profile"": ""HP-2"", ""meas_id"": 2, ""hum"": 38.597, ""gas_res"": 6146.754}, {""temp"": 21.92537, ""step"": 7, ""status"": 1, ""pres"": 967.7592, ""meas_profile"": ""HP-1"", ""meas_id"": 1, ""hum"": 37.13553, ""gas_res"": 6447.713}]}",NULL,"2025-10-27 09:05:43.580491"
11431,"04a600b9b0b8","2025-10-27 09:04:28","kXsfaKsVCYF4Pkgysozo","{""bme688"": [{""temp"": 22.36256, ""step"": 6, ""status"": 1, ""pres"": 967.8452, ""meas_profile"": ""HP-8"", ""meas_id"": 8, ""hum"": 38.46497, ""gas_res"": 5684.846}, {""temp"": 22.32722, ""step"": 6, ""status"": 1, ""pres"": 967.9417, ""meas_profile"": ""HP-7"", ""meas_id"": 7, ""hum"": 38.34616, ""gas_res"": 6382.13}, {""temp"": 22.41277, ""step"": 6, ""status"": 1, ""pres"": 968.1263, ""meas_profile"": ""HP-6"", ""meas_id"": 6, ""hum"": 38.17961, ""gas_res"": 17227.46}, {""temp"": 22.28544, ""step"": 6, ""status"": 1, ""pres"": 967.7812, ""meas_profile"": ""HP-5"", ""meas_id"": 5, ""hum"": 38.41264, ""gas_res"": 42022.32}, {""temp"": 22.06726, ""step"": 6, ""status"": 1, ""pres"": 967.843, ""meas_profile"": ""HP-4"", ""meas_id"": 4, ""hum"": 37.79689, ""gas_res"": 88673.37}, {""temp"": 22.2334, ""step"": 6, ""status"": 1, ""pres"": 967.5616, ""meas_profile"": ""HP-3"", ""meas_id"": 3, ""hum"": 38.36159, ""gas_res"": 28100.99}, {""temp"": 22.15146, ""step"": 6, ""status"": 1, ""pres"": 967.6783, ""meas_profile"": ""HP-2"", ""meas_id"": 2, ""hum"": 38.60855, ""gas_res"": 39530.57}, {""temp"": 21.92443, ""step"": 6, ""status"": 1, ""pres"": 967.7596, ""meas_profile"": ""HP-1"", ""meas_id"": 1, ""hum"": 37.14143, ""gas_res"": 32437.91}]}",NULL,"2025-10-27 09:05:44.862863"
11432,"04a600b9b0b8","2025-10-27 09:04:28","kXsfaKsVCYF4Pkgysozo","{""bme688"": [{""temp"": 22.36132, ""step"": 5, ""status"": 1, ""pres"": 967.8448, ""meas_profile"": ""HP-8"", ""meas_id"": 8, ""hum"": 38.47073, ""gas_res"": 5684.846}, {""temp"": 22.3266, ""step"": 5, ""status"": 1, ""pres"": 967.9423, ""meas_profile"": ""HP-7"", ""meas_id"": 7, ""hum"": 38.3461, ""gas_res"": 6321.612}, {""temp"": 22.41153, ""step"": 5, ""status"": 1, ""pres"": 968.126, ""meas_profile"": ""HP-6"", ""meas_id"": 6, ""hum"": 38.18537, ""gas_res"": 17089.45}, {""temp"": 22.2845, ""step"": 5, ""status"": 1, ""pres"": 967.7795, ""meas_profile"": ""HP-5"", ""meas_id"": 5, ""hum"": 38.44163, ""gas_res"": 41612.48}, {""temp"": 22.06633, ""step"": 5, ""status"": 1, ""pres"": 967.8431, ""meas_profile"": ""HP-4"", ""meas_id"": 4, ""hum"": 37.80857, ""gas_res"": 89043.48}, {""temp"": 22.23247, ""step"": 5, ""status"": 1, ""pres"": 967.5602, ""meas_profile"": ""HP-3"", ""meas_id"": 3, ""hum"": 38.37328, ""gas_res"": 27362.12}, {""temp"": 22.15053, ""step"": 5, ""status"": 1, ""pres"": 967.6783, ""meas_profile"": ""HP-2"", ""meas_id"": 2, ""hum"": 38.60263, ""gas_res"": 38531.0}, {""temp"": 21.9235, ""step"": 5, ""status"": 1, ""pres"": 967.7581, ""meas_profile"": ""HP-1"", ""meas_id"": 1, ""hum"": 37.14133, ""gas_res"": 31434.19}]}",NULL,"2025-10-27 09:05:46.14246"
11433,"04a600b9b0b8","2025-10-27 09:04:28","kXsfaKsVCYF4Pkgysozo","{""bme688"": [{""temp"": 22.36009, ""step"": 4, ""status"": 1, ""pres"": 967.843, ""meas_profile"": ""HP-8"", ""meas_id"": 8, ""hum"": 38.45298, ""gas_res"": 5684.846}, {""temp"": 22.32567, ""step"": 4, ""status"": 1, ""pres"": 967.9409, ""meas_profile"": ""HP-7"", ""meas_id"": 7, ""hum"": 38.31698, ""gas_res"": 6269.592}, {""temp"": 22.41061, ""step"": 4, ""status"": 1, ""pres"": 968.1246, ""meas_profile"": ""HP-6"", ""meas_id"": 6, ""hum"": 38.22647, ""gas_res"": 16980.63}, {""temp"": 22.28388, ""step"": 4, ""status"": 1, ""pres"": 967.7802, ""meas_profile"": ""HP-5"", ""meas_id"": 5, ""hum"": 38.44156, ""gas_res"": 41775.46}, {""temp"": 22.06539, ""step"": 4, ""status"": 1, ""pres"": 967.8416, ""meas_profile"": ""HP-4"", ""meas_id"": 4, ""hum"": 37.8379, ""gas_res"": 88950.66}, {""temp"": 22.23124, ""step"": 4, ""status"": 1, ""pres"": 967.5598, ""meas_profile"": ""HP-3"", ""meas_id"": 3, ""hum"": 38.36726, ""gas_res"": 26561.53}, {""temp"": 22.1496, ""step"": 4, ""status"": 1, ""pres"": 967.6786, ""meas_profile"": ""HP-2"", ""meas_id"": 2, ""hum"": 38.62583, ""gas_res"": 37713.61}, {""temp"": 21.92257, ""step"": 4, ""status"": 1, ""pres"": 967.7585, ""meas_profile"": ""HP-1"", ""meas_id"": 1, ""hum"": 37.14722, ""gas_res"": 30252.89}]}",NULL,"2025-10-27 09:05:47.515874"
11434,"04a600b9b0b8","2025-10-27 09:04:28","kXsfaKsVCYF4Pkgysozo","{""bme688"": [{""temp"": 22.35885, ""step"": 3, ""status"": 0, ""pres"": 967.8429, ""meas_profile"": ""HP-8"", ""meas_id"": 8, ""hum"": 38.49397, ""gas_res"": 5684.846}, {""temp"": 22.32412, ""step"": 3, ""status"": 0, ""pres"": 967.9399, ""meas_profile"": ""HP-7"", ""meas_id"": 7, ""hum"": 38.38649, ""gas_res"": 5684.846}, {""temp"": 22.40968, ""step"": 3, ""status"": 0, ""pres"": 968.1249, ""meas_profile"": ""HP-6"", ""meas_id"": 6, ""hum"": 38.24405, ""gas_res"": 7171.672}, {""temp"": 22.28263, ""step"": 3, ""status"": 0, ""pres"": 967.7782, ""meas_profile"": ""HP-5"", ""meas_id"": 5, ""hum"": 38.46471, ""gas_res"": 18957.35}, {""temp"": 22.06384, ""step"": 3, ""status"": 0, ""pres"": 967.8391, ""meas_profile"": ""HP-4"", ""meas_id"": 4, ""hum"": 37.85541, ""gas_res"": 24293.04}, {""temp"": 22.23, ""step"": 3, ""status"": 0, ""pres"": 967.5594, ""meas_profile"": ""HP-3"", ""meas_id"": 3, ""hum"": 38.37891, ""gas_res"": 15180.27}, {""temp"": 22.14836, ""step"": 3, ""status"": 0, ""pres"": 967.6765, ""meas_profile"": ""HP-2"", ""meas_id"": 2, ""hum"": 38.63153, ""gas_res"": 20887.73}, {""temp"": 21.92132, ""step"": 3, ""status"": 0, ""pres"": 967.7585, ""meas_profile"": ""HP-1"", ""meas_id"": 1, ""hum"": 37.15907, ""gas_res"": 15126.45}]}",NULL,"2025-10-27 09:05:48.710849"
11435,"04a600b9b0b8","2025-10-27 09:04:28","kXsfaKsVCYF4Pkgysozo","{""bme688"": [{""temp"": 22.35762, ""step"": 2, ""status"": 1, ""pres"": 967.8408, ""meas_profile"": ""HP-8"", ""meas_id"": 8, ""hum"": 38.49384, ""gas_res"": 5684.846}, {""temp"": 22.32349, ""step"": 2, ""status"": 1, ""pres"": 967.9389, ""meas_profile"": ""HP-7"", ""meas_id"": 7, ""hum"": 38.38642, ""gas_res"": 7057.786}, {""temp"": 22.40876, ""step"": 2, ""status"": 1, ""pres"": 968.125, ""meas_profile"": ""HP-6"", ""meas_id"": 6, ""hum"": 38.24395, ""gas_res"": 19352.89}, {""temp"": 22.28138, ""step"": 2, ""status"": 1, ""pres"": 967.7778, ""meas_profile"": ""HP-5"", ""meas_id"": 5, ""hum"": 38.47623, ""gas_res"": 61686.75}, {""temp"": 22.06291, ""step"": 2, ""status"": 1, ""pres"": 967.8394, ""meas_profile"": ""HP-4"", ""meas_id"": 4, ""hum"": 37.83765, ""gas_res"": 108681.8}, {""temp"": 22.22876, ""step"": 2, ""status"": 1, ""pres"": 967.5575, ""meas_profile"": ""HP-3"", ""meas_id"": 3, ""hum"": 38.40236, ""gas_res"": 52437.53}, {""temp"": 22.14712, ""step"": 2, ""status"": 1, ""pres"": 967.6761, ""meas_profile"": ""HP-2"", ""meas_id"": 2, ""hum"": 38.64888, ""gas_res"": 80326.33}, {""temp"": 21.92008, ""step"": 2, ""status"": 1, ""pres"": 967.7584, ""meas_profile"": ""HP-1"", ""meas_id"": 1, ""hum"": 37.17092, ""gas_res"": 63100.81}]}",NULL,"2025-10-27 09:05:49.988318"
11436,"04a600b9b0b8","2025-10-27 09:04:28","kXsfaKsVCYF4Pkgysozo","{""bme688"": [{""temp"": 22.35638, ""step"": 1, ""status"": 1, ""pres"": 967.839, ""meas_profile"": ""HP-8"", ""meas_id"": 8, ""hum"": 38.48784, ""gas_res"": 5684.846}, {""temp"": 22.32225, ""step"": 1, ""status"": 1, ""pres"": 967.9386, ""meas_profile"": ""HP-7"", ""meas_id"": 7, ""hum"": 38.3921, ""gas_res"": 5684.846}, {""temp"": 22.40783, ""step"": 1, ""status"": 1, ""pres"": 968.1253, ""meas_profile"": ""HP-6"", ""meas_id"": 6, ""hum"": 38.24386, ""gas_res"": 8048.29}, {""temp"": 22.28075, ""step"": 1, ""status"": 1, ""pres"": 967.7767, ""meas_profile"": ""HP-5"", ""meas_id"": 5, ""hum"": 38.47617, ""gas_res"": 25000.0}, {""temp"": 22.06198, ""step"": 1, ""status"": 1, ""pres"": 967.8377, ""meas_profile"": ""HP-4"", ""meas_id"": 4, ""hum"": 37.86111, ""gas_res"": 25000.0}, {""temp"": 22.22814, ""step"": 1, ""status"": 1, ""pres"": 967.5582, ""meas_profile"": ""HP-3"", ""meas_id"": 3, ""hum"": 38.41407, ""gas_res"": 22930.85}, {""temp"": 22.14618, ""step"": 1, ""status"": 1, ""pres"": 967.6763, ""meas_profile"": ""HP-2"", ""meas_id"": 2, ""hum"": 38.66044, ""gas_res"": 25000.0}, {""temp"": 21.91946, ""step"": 1, ""status"": 1, ""pres"": 967.7575, ""meas_profile"": ""HP-1"", ""meas_id"": 1, ""hum"": 37.15889, ""gas_res"": 25000.0}]}",NULL,"2025-10-27 09:05:51.264619"
11437,"04a600b9b0b8","2025-10-27 09:04:28","kXsfaKsVCYF4Pkgysozo","{""bme688"": [{""temp"": 22.35515, ""step"": 0, ""status"": 1, ""pres"": 967.8387, ""meas_profile"": ""HP-8"", ""meas_id"": 8, ""hum"": 38.49946, ""gas_res"": 5684.846}, {""temp"": 22.32101, ""step"": 0, ""status"": 1, ""pres"": 967.9365, ""meas_profile"": ""HP-7"", ""meas_id"": 7, ""hum"": 38.37455, ""gas_res"": 5684.846}, {""temp"": 22.4066, ""step"": 0, ""status"": 1, ""pres"": 968.1234, ""meas_profile"": ""HP-6"", ""meas_id"": 6, ""hum"": 38.25551, ""gas_res"": 6193.149}, {""temp"": 22.27981, ""step"": 0, ""status"": 1, ""pres"": 967.7771, ""meas_profile"": ""HP-5"", ""meas_id"": 5, ""hum"": 38.47025, ""gas_res"": 9947.155}, {""temp"": 22.06104, ""step"": 0, ""status"": 1, ""pres"": 967.8379, ""meas_profile"": ""HP-4"", ""meas_id"": 4, ""hum"": 37.87278, ""gas_res"": 8565.311}, {""temp"": 22.22691, ""step"": 0, ""status"": 1, ""pres"": 967.5562, ""meas_profile"": ""HP-3"", ""meas_id"": 3, ""hum"": 38.40217, ""gas_res"": 6374.502}, {""temp"": 22.14494, ""step"": 0, ""status"": 1, ""pres"": 967.6743, ""meas_profile"": ""HP-2"", ""meas_id"": 2, ""hum"": 38.64284, ""gas_res"": 6108.036}, {""temp"": 21.91821, ""step"": 0, ""status"": 1, ""pres"": 967.7573, ""meas_profile"": ""HP-1"", ""meas_id"": 1, ""hum"": 37.15876, ""gas_res"": 6578.947}]}",NULL,"2025-10-27 09:05:52.636753"
