"id","box_id","ts","measurement_id","measurement_data","description","created_at"
12389,"04a600b9b0b8","2025-10-27 11:38:19","4BhoIEOwCGPIwy5sCfhI","{""zphs01b"": {""voc"": 0, ""temp"": 19.1, ""pm2_5"": 0, ""pm1_0"": 0, ""pm10"": 354, ""o3"": 0.28, ""no2"": 4.02, ""hum"": 0, ""fmhd"": 0, ""co2"": 5000, ""co"": 0.0}, ""smell_b"": {}, ""sfa30"": {""temp"": 21.28, ""hum"": 35.87, ""fmhd"": 2.0}, ""sen5x"": {""voc"": 145.0, ""temp"": 21.605, ""pm4_0"": 4424.5, ""pm2_5"": 4424.5, ""pm1_0"": 4219.0, ""pm10"": 4424.5, ""nox"": 1.0, ""mass_c"": 4373.125, ""hum"": 40.27}, ""scd41"": {""temp"": 20.80492, ""hum"": 38.06516, ""co2"": 639}, ""power_source"": 0, ""mics6814"": {""red_res"": 0, ""no2_res"": 0, ""no2"": 0.17, ""nh3_res"": 0, ""nh3"": 0.73, ""co_res"": 0, ""co"": 44.0}}",NULL,"2025-10-27 11:39:15.949094"
12390,"04a600b9b0b8","2025-10-27 11:38:19","4BhoIEOwCGPIwy5sCfhI","{""bme688"": [{""temp"": 21.30041, ""step"": 9, ""status"": 1, ""pres"": 966.3206, ""meas_profile"": ""HP-8"", ""meas_id"": 8, ""hum"": 35.23693, ""gas_res"": 5684.846}, {""temp"": 21.27952, ""step"": 9, ""status"": 1, ""pres"": 966.489, ""meas_profile"": ""HP-7"", ""meas_id"": 7, ""hum"": 35.13272, ""gas_res"": 5684.846}, {""temp"": 21.35609, ""step"": 9, ""status"": 1, ""pres"": 966.6152, ""meas_profile"": ""HP-6"", ""meas_id"": 6, ""hum"": 35.03825, ""gas_res"": 6059.458}, {""temp"": 21.23941, ""step"": 9, ""status"": 1, ""pres"": 966.3858, ""meas_profile"": ""HP-5"", ""meas_id"": 5, ""hum"": 35.2603, ""gas_res"": 25000.0}, {""temp"": 20.9916, ""step"": 9, ""status"": 1, ""pres"": 966.4846, ""meas_profile"": ""HP-4"", ""meas_id"": 4, ""hum"": 34.83384, ""gas_res"": 23129.74}, {""temp"": 21.14892, ""step"": 9, ""status"": 1, ""pres"": 966.0315, ""meas_profile"": ""HP-3"", ""meas_id"": 3, ""hum"": 35.33563, ""gas_res"": 6225.681}, {""temp"": 21.05812, ""step"": 9, ""status"": 1, ""pres"": 966.2526, ""meas_profile"": ""HP-2"", ""meas_id"": 2, ""hum"": 35.59637, ""gas_res"": 7234.908}, {""temp"": 20.81217, ""step"": 9, ""status"": 1, ""pres"": 966.3026, ""meas_profile"": ""HP-1"", ""meas_id"": 1, ""hum"": 33.97158, ""gas_res"": 6025.23}]}",NULL,"2025-10-27 11:39:17.868504"
12391,"04a600b9b0b8","2025-10-27 11:38:19","4BhoIEOwCGPIwy5sCfhI","{""bme688"": [{""temp"": 21.2998, ""step"": 8, ""status"": 1, ""pres"": 966.3179, ""meas_profile"": ""HP-8"", ""meas_id"": 8, ""hum"": 35.24836, ""gas_res"": 5684.846}, {""temp"": 21.2789, ""step"": 8, ""status"": 1, ""pres"": 966.4861, ""meas_profile"": ""HP-7"", ""meas_id"": 7, ""hum"": 35.10996, ""gas_res"": 5684.846}, {""temp"": 21.35548, ""step"": 8, ""status"": 1, ""pres"": 966.6142, ""meas_profile"": ""HP-6"", ""meas_id"": 6, ""hum"": 35.02668, ""gas_res"": 6325.361}, {""temp"": 21.23941, ""step"": 8, ""status"": 1, ""pres"": 966.3858, ""meas_profile"": ""HP-5"", ""meas_id"": 5, ""hum"": 35.23754, ""gas_res"": 25000.0}, {""temp"": 20.99128, ""step"": 8, ""status"": 1, ""pres"": 966.4839, ""meas_profile"": ""HP-4"", ""meas_id"": 4, ""hum"": 34.82805, ""gas_res"": 22076.58}, {""temp"": 21.1483, ""step"": 8, ""status"": 1, ""pres"": 966.0302, ""meas_profile"": ""HP-3"", ""meas_id"": 3, ""hum"": 35.34134, ""gas_res"": 8000.0}, {""temp"": 21.05781, ""step"": 8, ""status"": 1, ""pres"": 966.252, ""meas_profile"": ""HP-2"", ""meas_id"": 2, ""hum"": 35.58494, ""gas_res"": 7181.329}, {""temp"": 20.81154, ""step"": 8, ""status"": 1, ""pres"": 966.3016, ""meas_profile"": ""HP-1"", ""meas_id"": 1, ""hum"": 33.97737, ""gas_res"": 6262.231}]}",NULL,"2025-10-27 11:39:19.592762"
12392,"04a600b9b0b8","2025-10-27 11:38:19","4BhoIEOwCGPIwy5sCfhI","{""bme688"": [{""temp"": 21.29887, ""step"": 7, ""status"": 1, ""pres"": 966.3163, ""meas_profile"": ""HP-8"", ""meas_id"": 8, ""hum"": 35.24827, ""gas_res"": 5684.846}, {""temp"": 21.27828, ""step"": 7, ""status"": 1, ""pres"": 966.4852, ""meas_profile"": ""HP-7"", ""meas_id"": 7, ""hum"": 35.1326, ""gas_res"": 5684.846}, {""temp"": 21.35517, ""step"": 7, ""status"": 1, ""pres"": 966.6138, ""meas_profile"": ""HP-6"", ""meas_id"": 6, ""hum"": 35.04391, ""gas_res"": 6405.124}, {""temp"": 21.23941, ""step"": 7, ""status"": 1, ""pres"": 966.3858, ""meas_profile"": ""HP-5"", ""meas_id"": 5, ""hum"": 35.2603, ""gas_res"": 25000.0}, {""temp"": 20.99128, ""step"": 7, ""status"": 1, ""pres"": 966.4839, ""meas_profile"": ""HP-4"", ""meas_id"": 4, ""hum"": 34.82229, ""gas_res"": 20119.46}, {""temp"": 21.14799, ""step"": 7, ""status"": 1, ""pres"": 966.0298, ""meas_profile"": ""HP-3"", ""meas_id"": 3, ""hum"": 35.35285, ""gas_res"": 7369.875}, {""temp"": 21.0575, ""step"": 7, ""status"": 1, ""pres"": 966.2516, ""meas_profile"": ""HP-2"", ""meas_id"": 2, ""hum"": 35.58491, ""gas_res"": 6920.415}, {""temp"": 20.81092, ""step"": 7, ""status"": 1, ""pres"": 966.3007, ""meas_profile"": ""HP-1"", ""meas_id"": 1, ""hum"": 33.98901, ""gas_res"": 8260.196}]}",NULL,"2025-10-27 11:39:20.874802"
12393,"04a600b9b0b8","2025-10-27 11:38:19","4BhoIEOwCGPIwy5sCfhI","{""bme688"": [{""temp"": 21.29887, ""step"": 6, ""status"": 1, ""pres"": 966.3163, ""meas_profile"": ""HP-8"", ""meas_id"": 8, ""hum"": 35.23679, ""gas_res"": 10097.82}, {""temp"": 21.27766, ""step"": 6, ""status"": 1, ""pres"": 966.4842, ""meas_profile"": ""HP-7"", ""meas_id"": 7, ""hum"": 35.14957, ""gas_res"": 15916.44}, {""temp"": 21.35517, ""step"": 6, ""status"": 1, ""pres"": 966.6138, ""meas_profile"": ""HP-6"", ""meas_id"": 6, ""hum"": 35.05543, ""gas_res"": 32462.59}, {""temp"": 21.23879, ""step"": 6, ""status"": 1, ""pres"": 966.3847, ""meas_profile"": ""HP-5"", ""meas_id"": 5, ""hum"": 35.26594, ""gas_res"": 118903.9}, {""temp"": 20.99066, ""step"": 6, ""status"": 1, ""pres"": 966.4828, ""meas_profile"": ""HP-4"", ""meas_id"": 4, ""hum"": 34.84528, ""gas_res"": 129162.5}, {""temp"": 21.14737, ""step"": 6, ""status"": 1, ""pres"": 966.0289, ""meas_profile"": ""HP-3"", ""meas_id"": 3, ""hum"": 35.36432, ""gas_res"": 81946.23}, {""temp"": 21.05719, ""step"": 6, ""status"": 1, ""pres"": 966.2512, ""meas_profile"": ""HP-2"", ""meas_id"": 2, ""hum"": 35.6077, ""gas_res"": 105198.3}, {""temp"": 20.81061, ""step"": 6, ""status"": 1, ""pres"": 966.3002, ""meas_profile"": ""HP-1"", ""meas_id"": 1, ""hum"": 33.98898, ""gas_res"": 100000.0}]}",NULL,"2025-10-27 11:39:22.164448"
12394,"04a600b9b0b8","2025-10-27 11:38:19","4BhoIEOwCGPIwy5sCfhI","{""bme688"": [{""temp"": 21.29856, ""step"": 5, ""status"": 1, ""pres"": 966.3141, ""meas_profile"": ""HP-8"", ""meas_id"": 8, ""hum"": 35.26547, ""gas_res"": 10050.25}, {""temp"": 21.27735, ""step"": 5, ""status"": 1, ""pres"": 966.4836, ""meas_profile"": ""HP-7"", ""meas_id"": 7, ""hum"": 35.14387, ""gas_res"": 15869.08}, {""temp"": 21.35486, ""step"": 5, ""status"": 1, ""pres"": 966.6133, ""meas_profile"": ""HP-6"", ""meas_id"": 6, ""hum"": 35.06116, ""gas_res"": 32837.35}, {""temp"": 21.23847, ""step"": 5, ""status"": 1, ""pres"": 966.3842, ""meas_profile"": ""HP-5"", ""meas_id"": 5, ""hum"": 35.2716, ""gas_res"": 121962.8}, {""temp"": 20.99035, ""step"": 5, ""status"": 1, ""pres"": 966.4824, ""meas_profile"": ""HP-4"", ""meas_id"": 4, ""hum"": 34.85101, ""gas_res"": 134453.8}, {""temp"": 21.14706, ""step"": 5, ""status"": 1, ""pres"": 966.0284, ""meas_profile"": ""HP-3"", ""meas_id"": 3, ""hum"": 35.37583, ""gas_res"": 80706.18}, {""temp"": 21.05657, ""step"": 5, ""status"": 1, ""pres"": 966.2501, ""meas_profile"": ""HP-2"", ""meas_id"": 2, ""hum"": 35.61904, ""gas_res"": 102790.6}, {""temp"": 20.81061, ""step"": 5, ""status"": 1, ""pres"": 966.3002, ""meas_profile"": ""HP-1"", ""meas_id"": 1, ""hum"": 34.00653, ""gas_res"": 100000.0}]}",NULL,"2025-10-27 11:39:23.536343"
12395,"04a600b9b0b8","2025-10-27 11:38:19","4BhoIEOwCGPIwy5sCfhI","{""bme688"": [{""temp"": 21.29856, ""step"": 4, ""status"": 1, ""pres"": 966.3141, ""meas_profile"": ""HP-8"", ""meas_id"": 8, ""hum"": 35.2425, ""gas_res"": 10069.23}, {""temp"": 21.27704, ""step"": 4, ""status"": 1, ""pres"": 966.4832, ""meas_profile"": ""HP-7"", ""meas_id"": 7, ""hum"": 35.13249, ""gas_res"": 15775.2}, {""temp"": 21.35486, ""step"": 4, ""status"": 1, ""pres"": 966.6133, ""meas_profile"": ""HP-6"", ""meas_id"": 6, ""hum"": 35.07267, ""gas_res"": 33534.19}, {""temp"": 21.23785, ""step"": 4, ""status"": 1, ""pres"": 966.3848, ""meas_profile"": ""HP-5"", ""meas_id"": 5, ""hum"": 35.26585, ""gas_res"": 128578.6}, {""temp"": 20.99035, ""step"": 4, ""status"": 1, ""pres"": 966.4824, ""meas_profile"": ""HP-4"", ""meas_id"": 4, ""hum"": 34.83949, ""gas_res"": 145207.0}, {""temp"": 21.14644, ""step"": 4, ""status"": 1, ""pres"": 966.0256, ""meas_profile"": ""HP-3"", ""meas_id"": 3, ""hum"": 35.38154, ""gas_res"": 80782.58}, {""temp"": 21.05626, ""step"": 4, ""status"": 1, ""pres"": 966.2495, ""meas_profile"": ""HP-2"", ""meas_id"": 2, ""hum"": 35.61331, ""gas_res"": 104234.5}, {""temp"": 20.8103, ""step"": 4, ""status"": 1, ""pres"": 966.2999, ""meas_profile"": ""HP-1"", ""meas_id"": 1, ""hum"": 34.01235, ""gas_res"": 100000.0}]}",NULL,"2025-10-27 11:39:24.729457"
12396,"04a600b9b0b8","2025-10-27 11:38:19","4BhoIEOwCGPIwy5sCfhI","{""bme688"": [{""temp"": 21.29794, ""step"": 3, ""status"": 1, ""pres"": 966.3132, ""meas_profile"": ""HP-8"", ""meas_id"": 8, ""hum"": 35.26541, ""gas_res"": 17213.56}, {""temp"": 21.27673, ""step"": 3, ""status"": 1, ""pres"": 966.4826, ""meas_profile"": ""HP-7"", ""meas_id"": 7, ""hum"": 35.15516, ""gas_res"": 24418.16}, {""temp"": 21.35455, ""step"": 3, ""status"": 1, ""pres"": 966.6128, ""meas_profile"": ""HP-6"", ""meas_id"": 6, ""hum"": 35.05537, ""gas_res"": 73352.44}, {""temp"": 21.23754, ""step"": 3, ""status"": 1, ""pres"": 966.3844, ""meas_profile"": ""HP-5"", ""meas_id"": 5, ""hum"": 35.28859, ""gas_res"": 189069.4}, {""temp"": 20.99004, ""step"": 3, ""status"": 1, ""pres"": 966.4819, ""meas_profile"": ""HP-4"", ""meas_id"": 4, ""hum"": 34.86251, ""gas_res"": 295185.9}, {""temp"": 21.14614, ""step"": 3, ""status"": 1, ""pres"": 966.025, ""meas_profile"": ""HP-3"", ""meas_id"": 3, ""hum"": 35.37574, ""gas_res"": 149663.8}, {""temp"": 21.05564, ""step"": 3, ""status"": 1, ""pres"": 966.2502, ""meas_profile"": ""HP-2"", ""meas_id"": 2, ""hum"": 35.62465, ""gas_res"": 267852.5}, {""temp"": 20.80968, ""step"": 3, ""status"": 1, ""pres"": 966.2988, ""meas_profile"": ""HP-1"", ""meas_id"": 1, ""hum"": 34.02399, ""gas_res"": 203013.5}]}",NULL,"2025-10-27 11:39:26.001635"
12397,"04a600b9b0b8","2025-10-27 11:38:19","4BhoIEOwCGPIwy5sCfhI","{""bme688"": [{""temp"": 21.29763, ""step"": 2, ""status"": 1, ""pres"": 966.3128, ""meas_profile"": ""HP-8"", ""meas_id"": 8, ""hum"": 35.29409, ""gas_res"": 27362.12}, {""temp"": 21.27641, ""step"": 2, ""status"": 1, ""pres"": 966.4804, ""meas_profile"": ""HP-7"", ""meas_id"": 7, ""hum"": 35.14378, ""gas_res"": 40012.5}, {""temp"": 21.35424, ""step"": 2, ""status"": 1, ""pres"": 966.6122, ""meas_profile"": ""HP-6"", ""meas_id"": 6, ""hum"": 35.08413, ""gas_res"": 165803.1}, {""temp"": 21.23722, ""step"": 2, ""status"": 1, ""pres"": 966.3837, ""meas_profile"": ""HP-5"", ""meas_id"": 5, ""hum"": 35.29425, ""gas_res"": 515479.5}, {""temp"": 20.98942, ""step"": 2, ""status"": 1, ""pres"": 966.4826, ""meas_profile"": ""HP-4"", ""meas_id"": 4, ""hum"": 34.87398, ""gas_res"": 824808.7}, {""temp"": 21.14552, ""step"": 2, ""status"": 1, ""pres"": 966.0224, ""meas_profile"": ""HP-3"", ""meas_id"": 3, ""hum"": 35.39875, ""gas_res"": 362221.4}, {""temp"": 21.05533, ""step"": 2, ""status"": 1, ""pres"": 966.2498, ""meas_profile"": ""HP-2"", ""meas_id"": 2, ""hum"": 35.63033, ""gas_res"": 642006.3}, {""temp"": 20.80937, ""step"": 2, ""status"": 1, ""pres"": 966.3, ""meas_profile"": ""HP-1"", ""meas_id"": 1, ""hum"": 34.02982, ""gas_res"": 473964.4}]}",NULL,"2025-10-27 11:39:27.291899"
12398,"04a600b9b0b8","2025-10-27 11:38:19","4BhoIEOwCGPIwy5sCfhI","{""bme688"": [{""temp"": 21.29733, ""step"": 1, ""status"": 1, ""pres"": 966.3123, ""meas_profile"": ""HP-8"", ""meas_id"": 8, ""hum"": 35.29406, ""gas_res"": 6694.561}, {""temp"": 21.2761, ""step"": 1, ""status"": 1, ""pres"": 966.48, ""meas_profile"": ""HP-7"", ""meas_id"": 7, ""hum"": 35.18348, ""gas_res"": 8152.866}, {""temp"": 21.35424, ""step"": 1, ""status"": 1, ""pres"": 966.6122, ""meas_profile"": ""HP-6"", ""meas_id"": 6, ""hum"": 35.07837, ""gas_res"": 25000.0}, {""temp"": 21.23691, ""step"": 1, ""status"": 1, ""pres"": 966.3833, ""meas_profile"": ""HP-5"", ""meas_id"": 5, ""hum"": 35.28283, ""gas_res"": 35965.16}, {""temp"": 20.98942, ""step"": 1, ""status"": 1, ""pres"": 966.4826, ""meas_profile"": ""HP-4"", ""meas_id"": 4, ""hum"": 34.86245, ""gas_res"": 40125.39}, {""temp"": 21.14552, ""step"": 1, ""status"": 1, ""pres"": 966.0224, ""meas_profile"": ""HP-3"", ""meas_id"": 3, ""hum"": 35.38145, ""gas_res"": 23885.05}, {""temp"": 21.05502, ""step"": 1, ""status"": 1, ""pres"": 966.2493, ""meas_profile"": ""HP-2"", ""meas_id"": 2, ""hum"": 35.64741, ""gas_res"": 35486.55}, {""temp"": 20.80906, ""step"": 1, ""status"": 1, ""pres"": 966.2996, ""meas_profile"": ""HP-1"", ""meas_id"": 1, ""hum"": 34.02394, ""gas_res"": 26545.0}]}",NULL,"2025-10-27 11:39:28.653444"
12399,"04a600b9b0b8","2025-10-27 11:38:19","4BhoIEOwCGPIwy5sCfhI","{""bme688"": [{""temp"": 21.29671, ""step"": 0, ""status"": 1, ""pres"": 966.3113, ""meas_profile"": ""HP-8"", ""meas_id"": 8, ""hum"": 35.294, ""gas_res"": 5684.846}, {""temp"": 21.27548, ""step"": 0, ""status"": 1, ""pres"": 966.4789, ""meas_profile"": ""HP-7"", ""meas_id"": 7, ""hum"": 35.18342, ""gas_res"": 5684.846}, {""temp"": 21.35393, ""step"": 0, ""status"": 1, ""pres"": 966.6119, ""meas_profile"": ""HP-6"", ""meas_id"": 6, ""hum"": 35.10137, ""gas_res"": 6775.354}, {""temp"": 21.23691, ""step"": 0, ""status"": 1, ""pres"": 966.3833, ""meas_profile"": ""HP-5"", ""meas_id"": 5, ""hum"": 35.29421, ""gas_res"": 25000.0}, {""temp"": 20.98942, ""step"": 0, ""status"": 1, ""pres"": 966.4826, ""meas_profile"": ""HP-4"", ""meas_id"": 4, ""hum"": 34.85093, ""gas_res"": 22590.89}, {""temp"": 21.14521, ""step"": 0, ""status"": 1, ""pres"": 966.0219, ""meas_profile"": ""HP-3"", ""meas_id"": 3, ""hum"": 35.39296, ""gas_res"": 7573.964}, {""temp"": 21.05502, ""step"": 0, ""status"": 1, ""pres"": 966.2493, ""meas_profile"": ""HP-2"", ""meas_id"": 2, ""hum"": 35.64741, ""gas_res"": 6929.407}, {""temp"": 20.80874, ""step"": 0, ""status"": 1, ""pres"": 966.2992, ""meas_profile"": ""HP-1"", ""meas_id"": 1, ""hum"": 34.04731, ""gas_res"": 5869.406}]}",NULL,"2025-10-27 11:39:29.834946"
12400,"04a600b9b0b8","2025-10-27 11:36:53","4BhoIEOwCGPIwy5sCfhI","{""zphs01b"": {""voc"": 0, ""temp"": 19.0, ""pm2_5"": 0, ""pm1_0"": 0, ""pm10"": 360, ""o3"": 0.4, ""no2"": 4.21, ""hum"": 0, ""fmhd"": 0, ""co2"": 5000, ""co"": 0.0}, ""smell_b"": {}, ""sfa30"": {""temp"": 21.24, ""hum"": 36.01, ""fmhd"": 1.6}, ""sen5x"": {""voc"": 137.0, ""temp"": 21.905, ""pm4_0"": 4415.2, ""pm2_5"": 4415.2, ""pm1_0"": 4210.2, ""pm10"": 4415.2, ""nox"": 1.0, ""mass_c"": 4363.95, ""hum"": 39.5}, ""scd41"": {""temp"": 20.80759, ""hum"": 37.65774, ""co2"": 628}, ""power_source"": 0, ""mics6814"": {""red_res"": 0, ""no2_res"": 0, ""no2"": 0.17, ""nh3_res"": 0, ""nh3"": 0.73, ""co_res"": 0, ""co"": 44.0}}",NULL,"2025-10-27 11:39:31.010144"
12401,"04a600b9b0b8","2025-10-27 11:36:53","4BhoIEOwCGPIwy5sCfhI","{""bme688"": [{""temp"": 21.29609, ""step"": 9, ""status"": 1, ""pres"": 966.3102, ""meas_profile"": ""HP-8"", ""meas_id"": 8, ""hum"": 35.39161, ""gas_res"": 5684.846}, {""temp"": 21.27517, ""step"": 9, ""status"": 1, ""pres"": 966.4785, ""meas_profile"": ""HP-7"", ""meas_id"": 7, ""hum"": 35.29698, ""gas_res"": 5684.846}, {""temp"": 21.35363, ""step"": 9, ""status"": 1, ""pres"": 966.6114, ""meas_profile"": ""HP-6"", ""meas_id"": 6, ""hum"": 35.20503, ""gas_res"": 6150.298}, {""temp"": 21.23691, ""step"": 9, ""status"": 1, ""pres"": 966.3833, ""meas_profile"": ""HP-5"", ""meas_id"": 5, ""hum"": 35.39671, ""gas_res"": 25000.0}, {""temp"": 20.98911, ""step"": 9, ""status"": 1, ""pres"": 966.4821, ""meas_profile"": ""HP-4"", ""meas_id"": 4, ""hum"": 34.95466, ""gas_res"": 25000.0}, {""temp"": 21.14459, ""step"": 9, ""status"": 1, ""pres"": 966.0192, ""meas_profile"": ""HP-3"", ""meas_id"": 3, ""hum"": 35.48521, ""gas_res"": 6363.094}, {""temp"": 21.05471, ""step"": 9, ""status"": 1, ""pres"": 966.2488, ""meas_profile"": ""HP-2"", ""meas_id"": 2, ""hum"": 35.71013, ""gas_res"": 7568.59}, {""temp"": 20.80812, ""step"": 9, ""status"": 1, ""pres"": 966.2982, ""meas_profile"": ""HP-1"", ""meas_id"": 1, ""hum"": 34.09993, ""gas_res"": 6284.368}]}",NULL,"2025-10-27 11:39:32.406281"
12402,"04a600b9b0b8","2025-10-27 11:36:53","4BhoIEOwCGPIwy5sCfhI","{""bme688"": [{""temp"": 21.29547, ""step"": 8, ""status"": 1, ""pres"": 966.3094, ""meas_profile"": ""HP-8"", ""meas_id"": 8, ""hum"": 35.40879, ""gas_res"": 5684.846}, {""temp"": 21.27455, ""step"": 8, ""status"": 1, ""pres"": 966.4774, ""meas_profile"": ""HP-7"", ""meas_id"": 7, ""hum"": 35.29692, ""gas_res"": 5684.846}, {""temp"": 21.35332, ""step"": 8, ""status"": 1, ""pres"": 966.611, ""meas_profile"": ""HP-6"", ""meas_id"": 6, ""hum"": 35.21653, ""gas_res"": 6424.413}, {""temp"": 21.23691, ""step"": 8, ""status"": 1, ""pres"": 966.3833, ""meas_profile"": ""HP-5"", ""meas_id"": 5, ""hum"": 35.41949, ""gas_res"": 25000.0}, {""temp"": 20.98911, ""step"": 8, ""status"": 1, ""pres"": 966.4838, ""meas_profile"": ""HP-4"", ""meas_id"": 4, ""hum"": 34.97772, ""gas_res"": 25000.0}, {""temp"": 21.14459, ""step"": 8, ""status"": 1, ""pres"": 966.0192, ""meas_profile"": ""HP-3"", ""meas_id"": 3, ""hum"": 35.47944, ""gas_res"": 6011.647}, {""temp"": 21.05471, ""step"": 8, ""status"": 1, ""pres"": 966.2488, ""meas_profile"": ""HP-2"", ""meas_id"": 2, ""hum"": 35.72154, ""gas_res"": 7473.144}, {""temp"": 20.80781, ""step"": 8, ""status"": 1, ""pres"": 966.2978, ""meas_profile"": ""HP-1"", ""meas_id"": 1, ""hum"": 34.11746, ""gas_res"": 6240.25}]}",NULL,"2025-10-27 11:39:33.778672"
12403,"04a600b9b0b8","2025-10-27 11:36:53","4BhoIEOwCGPIwy5sCfhI","{""bme688"": [{""temp"": 21.29516, ""step"": 7, ""status"": 1, ""pres"": 966.3088, ""meas_profile"": ""HP-8"", ""meas_id"": 8, ""hum"": 35.426, ""gas_res"": 5684.846}, {""temp"": 21.27424, ""step"": 7, ""status"": 1, ""pres"": 966.4767, ""meas_profile"": ""HP-7"", ""meas_id"": 7, ""hum"": 35.30826, ""gas_res"": 5684.846}, {""temp"": 21.35332, ""step"": 7, ""status"": 1, ""pres"": 966.611, ""meas_profile"": ""HP-6"", ""meas_id"": 6, ""hum"": 35.22805, ""gas_res"": 6486.925}, {""temp"": 21.23691, ""step"": 7, ""status"": 1, ""pres"": 966.3833, ""meas_profile"": ""HP-5"", ""meas_id"": 5, ""hum"": 35.4081, ""gas_res"": 25000.0}, {""temp"": 20.98911, ""step"": 7, ""status"": 1, ""pres"": 966.4838, ""meas_profile"": ""HP-4"", ""meas_id"": 4, ""hum"": 34.97772, ""gas_res"": 21433.36}, {""temp"": 21.14428, ""step"": 7, ""status"": 1, ""pres"": 966.0187, ""meas_profile"": ""HP-3"", ""meas_id"": 3, ""hum"": 35.51404, ""gas_res"": 7677.543}, {""temp"": 21.05471, ""step"": 7, ""status"": 1, ""pres"": 966.2504, ""meas_profile"": ""HP-2"", ""meas_id"": 2, ""hum"": 35.71584, ""gas_res"": 7100.066}, {""temp"": 20.8075, ""step"": 7, ""status"": 1, ""pres"": 966.2974, ""meas_profile"": ""HP-1"", ""meas_id"": 1, ""hum"": 34.11158, ""gas_res"": 5994.754}]}",NULL,"2025-10-27 11:39:34.957974"
12404,"04a600b9b0b8","2025-10-27 11:36:53","4BhoIEOwCGPIwy5sCfhI","{""bme688"": [{""temp"": 21.29486, ""step"": 6, ""status"": 1, ""pres"": 966.3084, ""meas_profile"": ""HP-8"", ""meas_id"": 8, ""hum"": 35.39723, ""gas_res"": 9928.638}, {""temp"": 21.27424, ""step"": 6, ""status"": 1, ""pres"": 966.4767, ""meas_profile"": ""HP-7"", ""meas_id"": 7, ""hum"": 35.2969, ""gas_res"": 15567.99}, {""temp"": 21.35332, ""step"": 6, ""status"": 1, ""pres"": 966.611, ""meas_profile"": ""HP-6"", ""meas_id"": 6, ""hum"": 35.22229, ""gas_res"": 32611.46}, {""temp"": 21.2366, ""step"": 6, ""status"": 1, ""pres"": 966.3845, ""meas_profile"": ""HP-5"", ""meas_id"": 5, ""hum"": 35.39098, ""gas_res"": 124091.1}, {""temp"": 20.98911, ""step"": 6, ""status"": 1, ""pres"": 966.4838, ""meas_profile"": ""HP-4"", ""meas_id"": 4, ""hum"": 34.97196, ""gas_res"": 143982.0}, {""temp"": 21.14428, ""step"": 6, ""status"": 1, ""pres"": 966.017, ""meas_profile"": ""HP-3"", ""meas_id"": 3, ""hum"": 35.50249, ""gas_res"": 88397.79}, {""temp"": 21.05439, ""step"": 6, ""status"": 1, ""pres"": 966.2498, ""meas_profile"": ""HP-2"", ""meas_id"": 2, ""hum"": 35.69869, ""gas_res"": 111014.7}, {""temp"": 20.8075, ""step"": 6, ""status"": 1, ""pres"": 966.2974, ""meas_profile"": ""HP-1"", ""meas_id"": 1, ""hum"": 34.11158, ""gas_res"": 100000.0}]}",NULL,"2025-10-27 11:39:36.235963"
12405,"04a600b9b0b8","2025-10-27 11:36:53","4BhoIEOwCGPIwy5sCfhI","{""bme688"": [{""temp"": 21.29454, ""step"": 5, ""status"": 1, ""pres"": 966.308, ""meas_profile"": ""HP-8"", ""meas_id"": 8, ""hum"": 35.39146, ""gas_res"": 9846.154}, {""temp"": 21.27393, ""step"": 5, ""status"": 1, ""pres"": 966.4763, ""meas_profile"": ""HP-7"", ""meas_id"": 7, ""hum"": 35.27982, ""gas_res"": 15410.55}, {""temp"": 21.35332, ""step"": 5, ""status"": 1, ""pres"": 966.611, ""meas_profile"": ""HP-6"", ""meas_id"": 6, ""hum"": 35.21653, ""gas_res"": 32512.06}, {""temp"": 21.2366, ""step"": 5, ""status"": 1, ""pres"": 966.3845, ""meas_profile"": ""HP-5"", ""meas_id"": 5, ""hum"": 35.40237, ""gas_res"": 125736.7}, {""temp"": 20.98942, ""step"": 5, ""status"": 1, ""pres"": 966.4843, ""meas_profile"": ""HP-4"", ""meas_id"": 4, ""hum"": 34.96045, ""gas_res"": 147084.2}, {""temp"": 21.14428, ""step"": 5, ""status"": 1, ""pres"": 966.017, ""meas_profile"": ""HP-3"", ""meas_id"": 3, ""hum"": 35.49096, ""gas_res"": 86253.37}, {""temp"": 21.05408, ""step"": 5, ""status"": 1, ""pres"": 966.2493, ""meas_profile"": ""HP-2"", ""meas_id"": 2, ""hum"": 35.7329, ""gas_res"": 108751.1}, {""temp"": 20.8075, ""step"": 5, ""status"": 1, ""pres"": 966.2974, ""meas_profile"": ""HP-1"", ""meas_id"": 1, ""hum"": 34.11743, ""gas_res"": 100000.0}]}",NULL,"2025-10-27 11:39:37.531201"
12406,"04a600b9b0b8","2025-10-27 11:36:53","4BhoIEOwCGPIwy5sCfhI","{""bme688"": [{""temp"": 21.29424, ""step"": 4, ""status"": 1, ""pres"": 966.3075, ""meas_profile"": ""HP-8"", ""meas_id"": 8, ""hum"": 35.40292, ""gas_res"": 9702.851}, {""temp"": 21.27393, ""step"": 4, ""status"": 1, ""pres"": 966.4763, ""meas_profile"": ""HP-7"", ""meas_id"": 7, ""hum"": 35.26278, ""gas_res"": 15212.74}, {""temp"": 21.35363, ""step"": 4, ""status"": 1, ""pres"": 966.6114, ""meas_profile"": ""HP-6"", ""meas_id"": 6, ""hum"": 35.19351, ""gas_res"": 32812.1}, {""temp"": 21.2366, ""step"": 4, ""status"": 1, ""pres"": 966.3845, ""meas_profile"": ""HP-5"", ""meas_id"": 5, ""hum"": 35.39098, ""gas_res"": 128385.2}, {""temp"": 20.98942, ""step"": 4, ""status"": 1, ""pres"": 966.4843, ""meas_profile"": ""HP-4"", ""meas_id"": 4, ""hum"": 34.97198, ""gas_res"": 156240.5}, {""temp"": 21.14397, ""step"": 4, ""status"": 1, ""pres"": 966.0165, ""meas_profile"": ""HP-3"", ""meas_id"": 3, ""hum"": 35.47939, ""gas_res"": 83961.95}, {""temp"": 21.05377, ""step"": 4, ""status"": 1, ""pres"": 966.2488, ""meas_profile"": ""HP-2"", ""meas_id"": 2, ""hum"": 35.72146, ""gas_res"": 108612.6}, {""temp"": 20.8075, ""step"": 4, ""status"": 1, ""pres"": 966.2974, ""meas_profile"": ""HP-1"", ""meas_id"": 1, ""hum"": 34.14671, ""gas_res"": 100000.0}]}",NULL,"2025-10-27 11:39:38.92401"
12407,"04a600b9b0b8","2025-10-27 11:36:53","4BhoIEOwCGPIwy5sCfhI","{""bme688"": [{""temp"": 21.29424, ""step"": 3, ""status"": 1, ""pres"": 966.3075, ""meas_profile"": ""HP-8"", ""meas_id"": 8, ""hum"": 35.43166, ""gas_res"": 24917.27}, {""temp"": 21.27362, ""step"": 3, ""status"": 1, ""pres"": 966.4758, ""meas_profile"": ""HP-7"", ""meas_id"": 7, ""hum"": 35.29115, ""gas_res"": 36209.34}, {""temp"": 21.35332, ""step"": 3, ""status"": 1, ""pres"": 966.611, ""meas_profile"": ""HP-6"", ""meas_id"": 6, ""hum"": 35.23958, ""gas_res"": 138603.1}, {""temp"": 21.23628, ""step"": 3, ""status"": 1, ""pres"": 966.384, ""meas_profile"": ""HP-5"", ""meas_id"": 5, ""hum"": 35.41374, ""gas_res"": 420016.4}, {""temp"": 20.98911, ""step"": 3, ""status"": 1, ""pres"": 966.4838, ""meas_profile"": ""HP-4"", ""meas_id"": 4, ""hum"": 34.97772, ""gas_res"": 677696.9}, {""temp"": 21.14397, ""step"": 3, ""status"": 1, ""pres"": 966.0165, ""meas_profile"": ""HP-3"", ""meas_id"": 3, ""hum"": 35.50247, ""gas_res"": 305762.9}, {""temp"": 21.05346, ""step"": 3, ""status"": 1, ""pres"": 966.2484, ""meas_profile"": ""HP-2"", ""meas_id"": 2, ""hum"": 35.73855, ""gas_res"": 590882.9}, {""temp"": 20.80719, ""step"": 3, ""status"": 1, ""pres"": 966.2968, ""meas_profile"": ""HP-1"", ""meas_id"": 1, ""hum"": 34.14082, ""gas_res"": 436394.6}]}",NULL,"2025-10-27 11:39:40.07816"
12408,"04a600b9b0b8","2025-10-27 11:36:53","4BhoIEOwCGPIwy5sCfhI","{""bme688"": [{""temp"": 21.29393, ""step"": 2, ""status"": 1, ""pres"": 966.3069, ""meas_profile"": ""HP-8"", ""meas_id"": 8, ""hum"": 35.43163, ""gas_res"": 26727.92}, {""temp"": 21.27362, ""step"": 2, ""status"": 1, ""pres"": 966.4758, ""meas_profile"": ""HP-7"", ""meas_id"": 7, ""hum"": 35.30252, ""gas_res"": 39312.04}, {""temp"": 21.35332, ""step"": 2, ""status"": 1, ""pres"": 966.611, ""meas_profile"": ""HP-6"", ""meas_id"": 6, ""hum"": 35.23958, ""gas_res"": 170609.8}, {""temp"": 21.23597, ""step"": 2, ""status"": 1, ""pres"": 966.3834, ""meas_profile"": ""HP-5"", ""meas_id"": 5, ""hum"": 35.40802, ""gas_res"": 550389.7}, {""temp"": 20.98911, ""step"": 2, ""status"": 1, ""pres"": 966.4838, ""meas_profile"": ""HP-4"", ""meas_id"": 4, ""hum"": 34.97772, ""gas_res"": 962632.2}, {""temp"": 21.14366, ""step"": 2, ""status"": 1, ""pres"": 966.0143, ""meas_profile"": ""HP-3"", ""meas_id"": 3, ""hum"": 35.50821, ""gas_res"": 380457.0}, {""temp"": 21.05346, ""step"": 2, ""status"": 1, ""pres"": 966.2501, ""meas_profile"": ""HP-2"", ""meas_id"": 2, ""hum"": 35.74426, ""gas_res"": 694944.0}, {""temp"": 20.80688, ""step"": 2, ""status"": 1, ""pres"": 966.2963, ""meas_profile"": ""HP-1"", ""meas_id"": 1, ""hum"": 34.14665, ""gas_res"": 522182.6}]}",NULL,"2025-10-27 11:39:41.366115"
12409,"04a600b9b0b8","2025-10-27 11:36:53","4BhoIEOwCGPIwy5sCfhI","{""bme688"": [{""temp"": 21.29362, ""step"": 1, ""status"": 1, ""pres"": 966.3064, ""meas_profile"": ""HP-8"", ""meas_id"": 8, ""hum"": 35.4431, ""gas_res"": 6471.183}, {""temp"": 21.27331, ""step"": 1, ""status"": 1, ""pres"": 966.4752, ""meas_profile"": ""HP-7"", ""meas_id"": 7, ""hum"": 35.30817, ""gas_res"": 7835.456}, {""temp"": 21.35363, ""step"": 1, ""status"": 1, ""pres"": 966.6114, ""meas_profile"": ""HP-6"", ""meas_id"": 6, ""hum"": 35.21656, ""gas_res"": 25000.0}, {""temp"": 21.23628, ""step"": 1, ""status"": 1, ""pres"": 966.384, ""meas_profile"": ""HP-5"", ""meas_id"": 5, ""hum"": 35.41944, ""gas_res"": 35814.21}, {""temp"": 20.98911, ""step"": 1, ""status"": 1, ""pres"": 966.4838, ""meas_profile"": ""HP-4"", ""meas_id"": 4, ""hum"": 34.97772, ""gas_res"": 41939.71}, {""temp"": 21.14397, ""step"": 1, ""status"": 1, ""pres"": 966.0149, ""meas_profile"": ""HP-3"", ""meas_id"": 3, ""hum"": 35.50247, ""gas_res"": 24572.86}, {""temp"": 21.05346, ""step"": 1, ""status"": 1, ""pres"": 966.2501, ""meas_profile"": ""HP-2"", ""meas_id"": 2, ""hum"": 35.74996, ""gas_res"": 35516.09}, {""temp"": 20.80688, ""step"": 1, ""status"": 1, ""pres"": 966.2963, ""meas_profile"": ""HP-1"", ""meas_id"": 1, ""hum"": 34.1408, ""gas_res"": 26711.19}]}",NULL,"2025-10-27 11:39:42.644196"
12410,"04a600b9b0b8","2025-10-27 11:36:53","4BhoIEOwCGPIwy5sCfhI","{""bme688"": [{""temp"": 21.293, ""step"": 0, ""status"": 1, ""pres"": 966.3055, ""meas_profile"": ""HP-8"", ""meas_id"": 8, ""hum"": 35.4373, ""gas_res"": 5684.846}, {""temp"": 21.273, ""step"": 0, ""status"": 1, ""pres"": 966.4747, ""meas_profile"": ""HP-7"", ""meas_id"": 7, ""hum"": 35.31382, ""gas_res"": 5684.846}, {""temp"": 21.35363, ""step"": 0, ""status"": 1, ""pres"": 966.6114, ""meas_profile"": ""HP-6"", ""meas_id"": 6, ""hum"": 35.22232, ""gas_res"": 6562.756}, {""temp"": 21.23628, ""step"": 0, ""status"": 1, ""pres"": 966.384, ""meas_profile"": ""HP-5"", ""meas_id"": 5, ""hum"": 35.41374, ""gas_res"": 25000.0}, {""temp"": 20.98942, ""step"": 0, ""status"": 1, ""pres"": 966.4843, ""meas_profile"": ""HP-4"", ""meas_id"": 4, ""hum"": 34.97775, ""gas_res"": 22214.51}, {""temp"": 21.14366, ""step"": 0, ""status"": 1, ""pres"": 966.0126, ""meas_profile"": ""HP-3"", ""meas_id"": 3, ""hum"": 35.50821, ""gas_res"": 7622.677}, {""temp"": 21.05346, ""step"": 0, ""status"": 1, ""pres"": 966.2501, ""meas_profile"": ""HP-2"", ""meas_id"": 2, ""hum"": 35.73855, ""gas_res"": 6796.941}, {""temp"": 20.80656, ""step"": 0, ""status"": 1, ""pres"": 966.2958, ""meas_profile"": ""HP-1"", ""meas_id"": 1, ""hum"": 34.14076, ""gas_res"": 5892.101}]}",NULL,"2025-10-27 11:39:44.00415"
12411,"04a600b9b0b8","2025-10-27 11:36:10","4BhoIEOwCGPIwy5sCfhI","{""zphs01b"": {""voc"": 0, ""temp"": 19.0, ""pm2_5"": 0, ""pm1_0"": 0, ""pm10"": 345, ""o3"": 0.49, ""no2"": 10.0, ""hum"": 0, ""fmhd"": 0, ""co2"": 5000, ""co"": 0.0}, ""smell_b"": {}, ""sfa30"": {""temp"": 21.205, ""hum"": 36.15, ""fmhd"": 1.0}, ""sen5x"": {""voc"": 185.0, ""temp"": 22.16, ""pm4_0"": 4380.3, ""pm2_5"": 4380.3, ""pm1_0"": 4176.8, ""pm10"": 4380.3, ""nox"": 1.0, ""mass_c"": 4329.425, ""hum"": 38.8}, ""scd41"": {""temp"": 21.01587, ""hum"": 36.7361, ""co2"": 618}, ""power_source"": 0, ""mics6814"": {""red_res"": 0, ""no2_res"": 0, ""no2"": 0.17, ""nh3_res"": 0, ""nh3"": 0.73, ""co_res"": 0, ""co"": 44.0}}",NULL,"2025-10-27 11:39:45.091221"
12412,"04a600b9b0b8","2025-10-27 11:36:10","4BhoIEOwCGPIwy5sCfhI","{""bme688"": [{""temp"": 21.29269, ""step"": 9, ""status"": 1, ""pres"": 966.3033, ""meas_profile"": ""HP-8"", ""meas_id"": 8, ""hum"": 35.46601, ""gas_res"": 5684.846}, {""temp"": 21.27269, ""step"": 9, ""status"": 1, ""pres"": 966.4743, ""meas_profile"": ""HP-7"", ""meas_id"": 7, ""hum"": 35.35357, ""gas_res"": 5684.846}, {""temp"": 21.35332, ""step"": 9, ""status"": 1, ""pres"": 966.611, ""meas_profile"": ""HP-6"", ""meas_id"": 6, ""hum"": 35.26263, ""gas_res"": 7875.954}, {""temp"": 21.2366, ""step"": 9, ""status"": 1, ""pres"": 966.3845, ""meas_profile"": ""HP-5"", ""meas_id"": 5, ""hum"": 35.44795, ""gas_res"": 25000.0}, {""temp"": 20.98942, ""step"": 9, ""status"": 1, ""pres"": 966.4843, ""meas_profile"": ""HP-4"", ""meas_id"": 4, ""hum"": 35.01813, ""gas_res"": 20928.71}, {""temp"": 21.14366, ""step"": 9, ""status"": 1, ""pres"": 966.0126, ""meas_profile"": ""HP-3"", ""meas_id"": 3, ""hum"": 35.54285, ""gas_res"": 7531.184}, {""temp"": 21.05315, ""step"": 9, ""status"": 1, ""pres"": 966.2495, ""meas_profile"": ""HP-2"", ""meas_id"": 2, ""hum"": 35.76135, ""gas_res"": 6225.681}, {""temp"": 20.80626, ""step"": 9, ""status"": 1, ""pres"": 966.2954, ""meas_profile"": ""HP-1"", ""meas_id"": 1, ""hum"": 34.17587, ""gas_res"": 7520.564}]}",NULL,"2025-10-27 11:39:46.483945"
12413,"04a600b9b0b8","2025-10-27 11:36:10","4BhoIEOwCGPIwy5sCfhI","{""bme688"": [{""temp"": 21.29207, ""step"": 8, ""status"": 1, ""pres"": 966.3022, ""meas_profile"": ""HP-8"", ""meas_id"": 8, ""hum"": 35.47745, ""gas_res"": 5684.846}, {""temp"": 21.27238, ""step"": 8, ""status"": 1, ""pres"": 966.4738, ""meas_profile"": ""HP-7"", ""meas_id"": 7, ""hum"": 35.35922, ""gas_res"": 5684.846}, {""temp"": 21.35332, ""step"": 8, ""status"": 1, ""pres"": 966.611, ""meas_profile"": ""HP-6"", ""meas_id"": 6, ""hum"": 35.25687, ""gas_res"": 5914.972}, {""temp"": 21.2366, ""step"": 8, ""status"": 1, ""pres"": 966.3845, ""meas_profile"": ""HP-5"", ""meas_id"": 5, ""hum"": 35.45935, ""gas_res"": 21628.93}, {""temp"": 20.98973, ""step"": 8, ""status"": 1, ""pres"": 966.4849, ""meas_profile"": ""HP-4"", ""meas_id"": 4, ""hum"": 35.01239, ""gas_res"": 19213.45}, {""temp"": 21.14335, ""step"": 8, ""status"": 1, ""pres"": 966.0122, ""meas_profile"": ""HP-3"", ""meas_id"": 3, ""hum"": 35.53704, ""gas_res"": 6749.631}, {""temp"": 21.05315, ""step"": 8, ""status"": 1, ""pres"": 966.2495, ""meas_profile"": ""HP-2"", ""meas_id"": 2, ""hum"": 35.77848, ""gas_res"": 6111.536}, {""temp"": 20.80626, ""step"": 8, ""status"": 1, ""pres"": 966.2954, ""meas_profile"": ""HP-1"", ""meas_id"": 1, ""hum"": 34.17587, ""gas_res"": 7123.775}]}",NULL,"2025-10-27 11:39:47.757164"
12414,"04a600b9b0b8","2025-10-27 11:36:10","4BhoIEOwCGPIwy5sCfhI","{""bme688"": [{""temp"": 21.29177, ""step"": 7, ""status"": 1, ""pres"": 966.3018, ""meas_profile"": ""HP-8"", ""meas_id"": 8, ""hum"": 35.48892, ""gas_res"": 5684.846}, {""temp"": 21.27207, ""step"": 7, ""status"": 1, ""pres"": 966.4733, ""meas_profile"": ""HP-7"", ""meas_id"": 7, ""hum"": 35.38193, ""gas_res"": 5684.846}, {""temp"": 21.35332, ""step"": 7, ""status"": 1, ""pres"": 966.611, ""meas_profile"": ""HP-6"", ""meas_id"": 6, ""hum"": 35.2684, ""gas_res"": 5924.829}, {""temp"": 21.23691, ""step"": 7, ""status"": 1, ""pres"": 966.3867, ""meas_profile"": ""HP-5"", ""meas_id"": 5, ""hum"": 35.45937, ""gas_res"": 20330.37}, {""temp"": 20.99004, ""step"": 7, ""status"": 1, ""pres"": 966.4852, ""meas_profile"": ""HP-4"", ""meas_id"": 4, ""hum"": 35.01242, ""gas_res"": 11391.95}, {""temp"": 21.14335, ""step"": 7, ""status"": 1, ""pres"": 966.0122, ""meas_profile"": ""HP-3"", ""meas_id"": 3, ""hum"": 35.55436, ""gas_res"": 7738.815}, {""temp"": 21.05284, ""step"": 7, ""status"": 1, ""pres"": 966.2491, ""meas_profile"": ""HP-2"", ""meas_id"": 2, ""hum"": 35.78986, ""gas_res"": 7547.17}, {""temp"": 20.80594, ""step"": 7, ""status"": 1, ""pres"": 966.295, ""meas_profile"": ""HP-1"", ""meas_id"": 1, ""hum"": 34.17585, ""gas_res"": 6332.872}]}",NULL,"2025-10-27 11:39:49.130067"
12415,"04a600b9b0b8","2025-10-27 11:36:10","4BhoIEOwCGPIwy5sCfhI","{""bme688"": [{""temp"": 21.29177, ""step"": 6, ""status"": 1, ""pres"": 966.3018, ""meas_profile"": ""HP-8"", ""meas_id"": 8, ""hum"": 35.50042, ""gas_res"": 11235.96}, {""temp"": 21.27207, ""step"": 6, ""status"": 1, ""pres"": 966.4733, ""meas_profile"": ""HP-7"", ""meas_id"": 7, ""hum"": 35.37056, ""gas_res"": 17438.69}, {""temp"": 21.35332, ""step"": 6, ""status"": 1, ""pres"": 966.611, ""meas_profile"": ""HP-6"", ""meas_id"": 6, ""hum"": 35.2684, ""gas_res"": 29378.01}, {""temp"": 21.23691, ""step"": 6, ""status"": 1, ""pres"": 966.3867, ""meas_profile"": ""HP-5"", ""meas_id"": 5, ""hum"": 35.46508, ""gas_res"": 97952.94}, {""temp"": 20.99004, ""step"": 6, ""status"": 1, ""pres"": 966.4852, ""meas_profile"": ""HP-4"", ""meas_id"": 4, ""hum"": 35.02972, ""gas_res"": 104489.8}, {""temp"": 21.14366, ""step"": 6, ""status"": 1, ""pres"": 966.0109, ""meas_profile"": ""HP-3"", ""meas_id"": 3, ""hum"": 35.57172, ""gas_res"": 36056.34}, {""temp"": 21.05315, ""step"": 6, ""status"": 1, ""pres"": 966.2495, ""meas_profile"": ""HP-2"", ""meas_id"": 2, ""hum"": 35.78989, ""gas_res"": 90363.57}, {""temp"": 20.80594, ""step"": 6, ""status"": 1, ""pres"": 966.295, ""meas_profile"": ""HP-1"", ""meas_id"": 1, ""hum"": 34.18171, ""gas_res"": 43301.76}]}",NULL,"2025-10-27 11:39:50.331118"
12416,"04a600b9b0b8","2025-10-27 11:36:10","4BhoIEOwCGPIwy5sCfhI","{""bme688"": [{""temp"": 21.29207, ""step"": 5, ""status"": 1, ""pres"": 966.3022, ""meas_profile"": ""HP-8"", ""meas_id"": 8, ""hum"": 35.5177, ""gas_res"": 11428.57}, {""temp"": 21.27176, ""step"": 5, ""status"": 1, ""pres"": 966.4726, ""meas_profile"": ""HP-7"", ""meas_id"": 7, ""hum"": 35.39895, ""gas_res"": 17772.84}, {""temp"": 21.35363, ""step"": 5, ""status"": 1, ""pres"": 966.6097, ""meas_profile"": ""HP-6"", ""meas_id"": 6, ""hum"": 35.29726, ""gas_res"": 29892.57}, {""temp"": 21.2366, ""step"": 5, ""status"": 1, ""pres"": 966.3862, ""meas_profile"": ""HP-5"", ""meas_id"": 5, ""hum"": 35.48784, ""gas_res"": 100727.9}, {""temp"": 20.98973, ""step"": 5, ""status"": 1, ""pres"": 966.4849, ""meas_profile"": ""HP-4"", ""meas_id"": 4, ""hum"": 35.03546, ""gas_res"": 105785.1}, {""temp"": 21.14366, ""step"": 5, ""status"": 1, ""pres"": 966.0109, ""meas_profile"": ""HP-3"", ""meas_id"": 3, ""hum"": 35.59482, ""gas_res"": 34650.79}, {""temp"": 21.05315, ""step"": 5, ""status"": 1, ""pres"": 966.2512, ""meas_profile"": ""HP-2"", ""meas_id"": 2, ""hum"": 35.81273, ""gas_res"": 87761.4}, {""temp"": 20.80626, ""step"": 5, ""status"": 1, ""pres"": 966.2954, ""meas_profile"": ""HP-1"", ""meas_id"": 1, ""hum"": 34.18759, ""gas_res"": 41491.09}]}",NULL,"2025-10-27 11:39:51.595656"
12417,"04a600b9b0b8","2025-10-27 11:36:10","4BhoIEOwCGPIwy5sCfhI","{""bme688"": [{""temp"": 21.29177, ""step"": 4, ""status"": 1, ""pres"": 966.3036, ""meas_profile"": ""HP-8"", ""meas_id"": 8, ""hum"": 35.55794, ""gas_res"": 14276.15}, {""temp"": 21.27176, ""step"": 4, ""status"": 1, ""pres"": 966.4726, ""meas_profile"": ""HP-7"", ""meas_id"": 7, ""hum"": 35.41601, ""gas_res"": 18658.89}, {""temp"": 21.35393, ""step"": 4, ""status"": 1, ""pres"": 966.6101, ""meas_profile"": ""HP-6"", ""meas_id"": 6, ""hum"": 35.31459, ""gas_res"": 31976.02}, {""temp"": 21.2366, ""step"": 4, ""status"": 1, ""pres"": 966.3879, ""meas_profile"": ""HP-5"", ""meas_id"": 5, ""hum"": 35.50494, ""gas_res"": 108612.6}, {""temp"": 20.98973, ""step"": 4, ""status"": 1, ""pres"": 966.4849, ""meas_profile"": ""HP-4"", ""meas_id"": 4, ""hum"": 35.047, ""gas_res"": 114132.9}, {""temp"": 21.14397, ""step"": 4, ""status"": 1, ""pres"": 966.0098, ""meas_profile"": ""HP-3"", ""meas_id"": 3, ""hum"": 35.59485, ""gas_res"": 34427.11}, {""temp"": 21.05346, ""step"": 4, ""status"": 1, ""pres"": 966.2518, ""meas_profile"": ""HP-2"", ""meas_id"": 2, ""hum"": 35.81276, ""gas_res"": 87312.41}, {""temp"": 20.80656, ""step"": 4, ""status"": 1, ""pres"": 966.2958, ""meas_profile"": ""HP-1"", ""meas_id"": 1, ""hum"": 34.19933, ""gas_res"": 40894.57}]}",NULL,"2025-10-27 11:39:52.874011"
12418,"04a600b9b0b8","2025-10-27 11:36:10","4BhoIEOwCGPIwy5sCfhI","{""bme688"": [{""temp"": 21.29177, ""step"": 3, ""status"": 1, ""pres"": 966.3036, ""meas_profile"": ""HP-8"", ""meas_id"": 8, ""hum"": 35.55219, ""gas_res"": 43656.21}, {""temp"": 21.27176, ""step"": 3, ""status"": 1, ""pres"": 966.4726, ""meas_profile"": ""HP-7"", ""meas_id"": 7, ""hum"": 35.42738, ""gas_res"": 64532.39}, {""temp"": 21.35393, ""step"": 3, ""status"": 1, ""pres"": 966.6101, ""meas_profile"": ""HP-6"", ""meas_id"": 6, ""hum"": 35.33189, ""gas_res"": 201932.6}, {""temp"": 21.2366, ""step"": 3, ""status"": 1, ""pres"": 966.3879, ""meas_profile"": ""HP-5"", ""meas_id"": 5, ""hum"": 35.53344, ""gas_res"": 558038.1}, {""temp"": 20.98973, ""step"": 3, ""status"": 1, ""pres"": 966.4849, ""meas_profile"": ""HP-4"", ""meas_id"": 4, ""hum"": 35.09317, ""gas_res"": 732213.1}, {""temp"": 21.14397, ""step"": 3, ""status"": 1, ""pres"": 966.0098, ""meas_profile"": ""HP-3"", ""meas_id"": 3, ""hum"": 35.60062, ""gas_res"": 293157.8}, {""temp"": 21.05315, ""step"": 3, ""status"": 1, ""pres"": 966.2512, ""meas_profile"": ""HP-2"", ""meas_id"": 2, ""hum"": 35.82415, ""gas_res"": 545551.4}, {""temp"": 20.80626, ""step"": 3, ""status"": 1, ""pres"": 966.2954, ""meas_profile"": ""HP-1"", ""meas_id"": 1, ""hum"": 34.21102, ""gas_res"": 391138.3}]}",NULL,"2025-10-27 11:39:54.252293"
12419,"04a600b9b0b8","2025-10-27 11:36:10","4BhoIEOwCGPIwy5sCfhI","{""bme688"": [{""temp"": 21.29146, ""step"": 2, ""status"": 1, ""pres"": 966.3031, ""meas_profile"": ""HP-8"", ""meas_id"": 8, ""hum"": 35.57517, ""gas_res"": 38496.24}, {""temp"": 21.27176, ""step"": 2, ""status"": 1, ""pres"": 966.4726, ""meas_profile"": ""HP-7"", ""meas_id"": 7, ""hum"": 35.43875, ""gas_res"": 58554.44}, {""temp"": 21.35393, ""step"": 2, ""status"": 1, ""pres"": 966.6119, ""meas_profile"": ""HP-6"", ""meas_id"": 6, ""hum"": 35.33765, ""gas_res"": 178459.4}, {""temp"": 21.2366, ""step"": 2, ""status"": 1, ""pres"": 966.3879, ""meas_profile"": ""HP-5"", ""meas_id"": 5, ""hum"": 35.54485, ""gas_res"": 483018.9}, {""temp"": 20.98973, ""step"": 2, ""status"": 1, ""pres"": 966.4849, ""meas_profile"": ""HP-4"", ""meas_id"": 4, ""hum"": 35.08163, ""gas_res"": 635432.8}, {""temp"": 21.14397, ""step"": 2, ""status"": 1, ""pres"": 966.0081, ""meas_profile"": ""HP-3"", ""meas_id"": 3, ""hum"": 35.60062, ""gas_res"": 260692.5}, {""temp"": 21.05315, ""step"": 2, ""status"": 1, ""pres"": 966.2512, ""meas_profile"": ""HP-2"", ""meas_id"": 2, ""hum"": 35.83558, ""gas_res"": 427111.6}, {""temp"": 20.80626, ""step"": 2, ""status"": 1, ""pres"": 966.2954, ""meas_profile"": ""HP-1"", ""meas_id"": 1, ""hum"": 34.22273, ""gas_res"": 330003.2}]}",NULL,"2025-10-27 11:39:55.442934"
12420,"04a600b9b0b8","2025-10-27 11:36:10","4BhoIEOwCGPIwy5sCfhI","{""bme688"": [{""temp"": 21.29146, ""step"": 1, ""status"": 1, ""pres"": 966.3031, ""meas_profile"": ""HP-8"", ""meas_id"": 8, ""hum"": 35.57517, ""gas_res"": 8311.688}, {""temp"": 21.27207, ""step"": 1, ""status"": 1, ""pres"": 966.4733, ""meas_profile"": ""HP-7"", ""meas_id"": 7, ""hum"": 35.46153, ""gas_res"": 10050.25}, {""temp"": 21.35424, ""step"": 1, ""status"": 1, ""pres"": 966.6122, ""meas_profile"": ""HP-6"", ""meas_id"": 6, ""hum"": 35.34346, ""gas_res"": 25000.0}, {""temp"": 21.2366, ""step"": 1, ""status"": 1, ""pres"": 966.3879, ""meas_profile"": ""HP-5"", ""meas_id"": 5, ""hum"": 35.55625, ""gas_res"": 32437.91}, {""temp"": 20.98973, ""step"": 1, ""status"": 1, ""pres"": 966.4849, ""meas_profile"": ""HP-4"", ""meas_id"": 4, ""hum"": 35.09317, ""gas_res"": 33693.08}, {""temp"": 21.14428, ""step"": 1, ""status"": 1, ""pres"": 966.0086, ""meas_profile"": ""HP-3"", ""meas_id"": 3, ""hum"": 35.62376, ""gas_res"": 25000.0}, {""temp"": 21.05346, ""step"": 1, ""status"": 1, ""pres"": 966.2518, ""meas_profile"": ""HP-2"", ""meas_id"": 2, ""hum"": 35.83561, ""gas_res"": 24729.52}, {""temp"": 20.80656, ""step"": 1, ""status"": 1, ""pres"": 966.2958, ""meas_profile"": ""HP-1"", ""meas_id"": 1, ""hum"": 34.23447, ""gas_res"": 25000.0}]}",NULL,"2025-10-27 11:39:56.723684"
12421,"04a600b9b0b8","2025-10-27 11:36:10","4BhoIEOwCGPIwy5sCfhI","{""bme688"": [{""temp"": 21.29084, ""step"": 0, ""status"": 1, ""pres"": 966.3021, ""meas_profile"": ""HP-8"", ""meas_id"": 8, ""hum"": 35.60389, ""gas_res"": 5684.846}, {""temp"": 21.27176, ""step"": 0, ""status"": 1, ""pres"": 966.4742, ""meas_profile"": ""HP-7"", ""meas_id"": 7, ""hum"": 35.47288, ""gas_res"": 5885.599}, {""temp"": 21.35424, ""step"": 0, ""status"": 1, ""pres"": 966.6122, ""meas_profile"": ""HP-6"", ""meas_id"": 6, ""hum"": 35.3723, ""gas_res"": 7039.155}, {""temp"": 21.23691, ""step"": 0, ""status"": 1, ""pres"": 966.3901, ""meas_profile"": ""HP-5"", ""meas_id"": 5, ""hum"": 35.56768, ""gas_res"": 25000.0}, {""temp"": 20.99004, ""step"": 0, ""status"": 1, ""pres"": 966.4869, ""meas_profile"": ""HP-4"", ""meas_id"": 4, ""hum"": 35.11629, ""gas_res"": 20545.75}, {""temp"": 21.14397, ""step"": 0, ""status"": 1, ""pres"": 966.0081, ""meas_profile"": ""HP-3"", ""meas_id"": 3, ""hum"": 35.61795, ""gas_res"": 6008.261}, {""temp"": 21.05315, ""step"": 0, ""status"": 1, ""pres"": 966.2512, ""meas_profile"": ""HP-2"", ""meas_id"": 2, ""hum"": 35.86984, ""gas_res"": 7590.133}, {""temp"": 20.80626, ""step"": 0, ""status"": 1, ""pres"": 966.2954, ""meas_profile"": ""HP-1"", ""meas_id"": 1, ""hum"": 34.24031, ""gas_res"": 6359.3}]}",NULL,"2025-10-27 11:39:58.000972"
12444,"04a600b9b0b8","2025-10-27 11:40:30","4BhoIEOwCGPIwy5sCfhI","{""zphs01b"": {""voc"": 0, ""temp"": 19.2, ""pm2_5"": 0, ""pm1_0"": 0, ""pm10"": 348, ""o3"": 0.02, ""no2"": 0.45, ""hum"": 0, ""fmhd"": 0, ""co2"": 5000, ""co"": 0.0}, ""smell_b"": {}, ""sfa30"": {""temp"": 21.33, ""hum"": 35.74, ""fmhd"": 2.4}, ""sen5x"": {""voc"": 155.0, ""temp"": 21.43, ""pm4_0"": 4577.8, ""pm2_5"": 4577.8, ""pm1_0"": 4365.2, ""pm10"": 4577.8, ""nox"": 1.0, ""mass_c"": 4524.65, ""hum"": 40.76}, ""scd41"": {""temp"": 20.97849, ""hum"": 38.0148, ""co2"": 671}, ""power_source"": 0, ""mics6814"": {""red_res"": 0, ""no2_res"": 0, ""no2"": 0.17, ""nh3_res"": 0, ""nh3"": 0.73, ""co_res"": 0, ""co"": 44.0}}",NULL,"2025-10-27 11:40:55.276772"
12445,"04a600b9b0b8","2025-10-27 11:40:30","4BhoIEOwCGPIwy5sCfhI","{""bme688"": [{""temp"": 21.30968, ""step"": 9, ""status"": 1, ""pres"": 966.335, ""meas_profile"": ""HP-8"", ""meas_id"": 8, ""hum"": 35.09435, ""gas_res"": 5684.846}, {""temp"": 21.28728, ""step"": 9, ""status"": 1, ""pres"": 966.5019, ""meas_profile"": ""HP-7"", ""meas_id"": 7, ""hum"": 34.96329, ""gas_res"": 5684.846}, {""temp"": 21.3635, ""step"": 9, ""status"": 1, ""pres"": 966.6253, ""meas_profile"": ""HP-6"", ""meas_id"": 6, ""hum"": 34.88935, ""gas_res"": 7887.602}, {""temp"": 21.24629, ""step"": 9, ""status"": 1, ""pres"": 966.3937, ""meas_profile"": ""HP-5"", ""meas_id"": 5, ""hum"": 35.09032, ""gas_res"": 22832.68}, {""temp"": 20.99998, ""step"": 9, ""status"": 1, ""pres"": 966.4915, ""meas_profile"": ""HP-4"", ""meas_id"": 4, ""hum"": 34.63311, ""gas_res"": 20725.39}, {""temp"": 21.15758, ""step"": 9, ""status"": 1, ""pres"": 966.0471, ""meas_profile"": ""HP-3"", ""meas_id"": 3, ""hum"": 35.16359, ""gas_res"": 7964.161}, {""temp"": 21.06744, ""step"": 9, ""status"": 1, ""pres"": 966.2629, ""meas_profile"": ""HP-2"", ""meas_id"": 2, ""hum"": 35.39212, ""gas_res"": 6619.776}, {""temp"": 20.8215, ""step"": 9, ""status"": 1, ""pres"": 966.3097, ""meas_profile"": ""HP-1"", ""meas_id"": 1, ""hum"": 33.80876, ""gas_res"": 8060.454}]}",NULL,"2025-10-27 11:40:56.871958"
12446,"04a600b9b0b8","2025-10-27 11:40:30","4BhoIEOwCGPIwy5sCfhI","{""bme688"": [{""temp"": 21.30844, ""step"": 8, ""status"": 1, ""pres"": 966.3332, ""meas_profile"": ""HP-8"", ""meas_id"": 8, ""hum"": 35.11144, ""gas_res"": 5684.846}, {""temp"": 21.28635, ""step"": 8, ""status"": 1, ""pres"": 966.5002, ""meas_profile"": ""HP-7"", ""meas_id"": 7, ""hum"": 35.00289, ""gas_res"": 5684.846}, {""temp"": 21.36289, ""step"": 8, ""status"": 1, ""pres"": 966.6243, ""meas_profile"": ""HP-6"", ""meas_id"": 6, ""hum"": 34.89505, ""gas_res"": 7958.219}, {""temp"": 21.24566, ""step"": 8, ""status"": 1, ""pres"": 966.3925, ""meas_profile"": ""HP-5"", ""meas_id"": 5, ""hum"": 35.09026, ""gas_res"": 21585.16}, {""temp"": 20.99936, ""step"": 8, ""status"": 1, ""pres"": 966.4905, ""meas_profile"": ""HP-4"", ""meas_id"": 4, ""hum"": 34.64455, ""gas_res"": 19370.46}, {""temp"": 21.15665, ""step"": 8, ""status"": 1, ""pres"": 966.0455, ""meas_profile"": ""HP-3"", ""meas_id"": 3, ""hum"": 35.1923, ""gas_res"": 7071.823}, {""temp"": 21.0665, ""step"": 8, ""status"": 1, ""pres"": 966.2612, ""meas_profile"": ""HP-2"", ""meas_id"": 2, ""hum"": 35.41481, ""gas_res"": 6416.684}, {""temp"": 20.82026, ""step"": 8, ""status"": 1, ""pres"": 966.3076, ""meas_profile"": ""HP-1"", ""meas_id"": 1, ""hum"": 33.81449, ""gas_res"": 7841.215}]}",NULL,"2025-10-27 11:40:58.160392"
12447,"04a600b9b0b8","2025-10-27 11:40:30","4BhoIEOwCGPIwy5sCfhI","{""bme688"": [{""temp"": 21.30721, ""step"": 7, ""status"": 1, ""pres"": 966.3312, ""meas_profile"": ""HP-8"", ""meas_id"": 8, ""hum"": 35.11707, ""gas_res"": 5684.846}, {""temp"": 21.28511, ""step"": 7, ""status"": 1, ""pres"": 966.4983, ""meas_profile"": ""HP-7"", ""meas_id"": 7, ""hum"": 34.9971, ""gas_res"": 5684.846}, {""temp"": 21.36196, ""step"": 7, ""status"": 1, ""pres"": 966.6229, ""meas_profile"": ""HP-6"", ""meas_id"": 6, ""hum"": 34.89497, ""gas_res"": 5981.309}, {""temp"": 21.24535, ""step"": 7, ""status"": 1, ""pres"": 966.3937, ""meas_profile"": ""HP-5"", ""meas_id"": 5, ""hum"": 35.1016, ""gas_res"": 21052.63}, {""temp"": 20.99843, ""step"": 7, ""status"": 1, ""pres"": 966.489, ""meas_profile"": ""HP-4"", ""meas_id"": 4, ""hum"": 34.65022, ""gas_res"": 11404.13}, {""temp"": 21.15572, ""step"": 7, ""status"": 1, ""pres"": 966.0441, ""meas_profile"": ""HP-3"", ""meas_id"": 3, ""hum"": 35.17493, ""gas_res"": 6332.872}, {""temp"": 21.06557, ""step"": 7, ""status"": 1, ""pres"": 966.2596, ""meas_profile"": ""HP-2"", ""meas_id"": 2, ""hum"": 35.41473, ""gas_res"": 6021.829}, {""temp"": 20.81932, ""step"": 7, ""status"": 1, ""pres"": 966.3081, ""meas_profile"": ""HP-1"", ""meas_id"": 1, ""hum"": 33.82609, ""gas_res"": 7230.004}]}",NULL,"2025-10-27 11:40:59.439807"
12448,"04a600b9b0b8","2025-10-27 11:40:30","4BhoIEOwCGPIwy5sCfhI","{""bme688"": [{""temp"": 21.30659, ""step"": 6, ""status"": 1, ""pres"": 966.3301, ""meas_profile"": ""HP-8"", ""meas_id"": 8, ""hum"": 35.12274, ""gas_res"": 9470.258}, {""temp"": 21.28449, ""step"": 6, ""status"": 1, ""pres"": 966.4955, ""meas_profile"": ""HP-7"", ""meas_id"": 7, ""hum"": 35.01406, ""gas_res"": 14831.98}, {""temp"": 21.36134, ""step"": 6, ""status"": 1, ""pres"": 966.622, ""meas_profile"": ""HP-6"", ""meas_id"": 6, ""hum"": 34.91216, ""gas_res"": 26727.92}, {""temp"": 21.24473, ""step"": 6, ""status"": 1, ""pres"": 966.3926, ""meas_profile"": ""HP-5"", ""meas_id"": 5, ""hum"": 35.13566, ""gas_res"": 100000.0}, {""temp"": 20.9975, ""step"": 6, ""status"": 1, ""pres"": 966.4892, ""meas_profile"": ""HP-4"", ""meas_id"": 4, ""hum"": 34.65589, ""gas_res"": 95700.94}, {""temp"": 21.1551, ""step"": 6, ""status"": 1, ""pres"": 966.043, ""meas_profile"": ""HP-3"", ""meas_id"": 3, ""hum"": 35.18639, ""gas_res"": 35078.11}, {""temp"": 21.06464, ""step"": 6, ""status"": 1, ""pres"": 966.26, ""meas_profile"": ""HP-2"", ""meas_id"": 2, ""hum"": 35.42603, ""gas_res"": 90363.57}, {""temp"": 20.8187, ""step"": 6, ""status"": 1, ""pres"": 966.3072, ""meas_profile"": ""HP-1"", ""meas_id"": 1, ""hum"": 33.81435, ""gas_res"": 43170.32}]}",NULL,"2025-10-27 11:41:00.835616"
12449,"04a600b9b0b8","2025-10-27 11:40:30","4BhoIEOwCGPIwy5sCfhI","{""bme688"": [{""temp"": 21.30566, ""step"": 5, ""status"": 1, ""pres"": 966.3289, ""meas_profile"": ""HP-8"", ""meas_id"": 8, ""hum"": 35.13412, ""gas_res"": 9495.549}, {""temp"": 21.28387, ""step"": 5, ""status"": 1, ""pres"": 966.4943, ""meas_profile"": ""HP-7"", ""meas_id"": 7, ""hum"": 35.02533, ""gas_res"": 14946.29}, {""temp"": 21.36042, ""step"": 5, ""status"": 1, ""pres"": 966.6203, ""meas_profile"": ""HP-6"", ""meas_id"": 6, ""hum"": 34.92933, ""gas_res"": 27049.87}, {""temp"": 21.2441, ""step"": 5, ""status"": 1, ""pres"": 966.3917, ""meas_profile"": ""HP-5"", ""meas_id"": 5, ""hum"": 35.12423, ""gas_res"": 100000.0}, {""temp"": 20.99656, ""step"": 5, ""status"": 1, ""pres"": 966.4877, ""meas_profile"": ""HP-4"", ""meas_id"": 4, ""hum"": 34.68458, ""gas_res"": 96294.91}, {""temp"": 21.15417, ""step"": 5, ""status"": 1, ""pres"": 966.0415, ""meas_profile"": ""HP-3"", ""meas_id"": 3, ""hum"": 35.2151, ""gas_res"": 33719.7}, {""temp"": 21.06402, ""step"": 5, ""status"": 1, ""pres"": 966.2589, ""meas_profile"": ""HP-2"", ""meas_id"": 2, ""hum"": 35.43736, ""gas_res"": 87223.17}, {""temp"": 20.81777, ""step"": 5, ""status"": 1, ""pres"": 966.3077, ""meas_profile"": ""HP-1"", ""meas_id"": 1, ""hum"": 33.82595, ""gas_res"": 40855.41}]}",NULL,"2025-10-27 11:41:02.008914"
12450,"04a600b9b0b8","2025-10-27 11:40:30","4BhoIEOwCGPIwy5sCfhI","{""bme688"": [{""temp"": 21.30474, ""step"": 4, ""status"": 1, ""pres"": 966.3273, ""meas_profile"": ""HP-8"", ""meas_id"": 8, ""hum"": 35.14552, ""gas_res"": 9546.539}, {""temp"": 21.28294, ""step"": 4, ""status"": 1, ""pres"": 966.4945, ""meas_profile"": ""HP-7"", ""meas_id"": 7, ""hum"": 35.03092, ""gas_res"": 15083.67}, {""temp"": 21.35949, ""step"": 4, ""status"": 1, ""pres"": 966.6189, ""meas_profile"": ""HP-6"", ""meas_id"": 6, ""hum"": 34.94074, ""gas_res"": 27663.71}, {""temp"": 21.24316, ""step"": 4, ""status"": 1, ""pres"": 966.3901, ""meas_profile"": ""HP-5"", ""meas_id"": 5, ""hum"": 35.13551, ""gas_res"": 95700.94}, {""temp"": 20.99563, ""step"": 4, ""status"": 1, ""pres"": 966.4878, ""meas_profile"": ""HP-4"", ""meas_id"": 4, ""hum"": 34.67299, ""gas_res"": 99321.05}, {""temp"": 21.15355, ""step"": 4, ""status"": 1, ""pres"": 966.0406, ""meas_profile"": ""HP-3"", ""meas_id"": 3, ""hum"": 35.21504, ""gas_res"": 32586.56}, {""temp"": 21.06278, ""step"": 4, ""status"": 1, ""pres"": 966.257, ""meas_profile"": ""HP-2"", ""meas_id"": 2, ""hum"": 35.44294, ""gas_res"": 84796.29}, {""temp"": 20.81715, ""step"": 4, ""status"": 1, ""pres"": 966.3066, ""meas_profile"": ""HP-1"", ""meas_id"": 1, ""hum"": 33.84927, ""gas_res"": 39421.0}]}",NULL,"2025-10-27 11:41:03.28666"
12451,"04a600b9b0b8","2025-10-27 11:40:30","4BhoIEOwCGPIwy5sCfhI","{""bme688"": [{""temp"": 21.30381, ""step"": 3, ""status"": 1, ""pres"": 966.3259, ""meas_profile"": ""HP-8"", ""meas_id"": 8, ""hum"": 35.13395, ""gas_res"": 9791.922}, {""temp"": 21.28231, ""step"": 3, ""status"": 1, ""pres"": 966.4936, ""meas_profile"": ""HP-7"", ""meas_id"": 7, ""hum"": 35.04788, ""gas_res"": 12658.23}, {""temp"": 21.35856, ""step"": 3, ""status"": 1, ""pres"": 966.6175, ""meas_profile"": ""HP-6"", ""meas_id"": 6, ""hum"": 34.94641, ""gas_res"": 26744.67}, {""temp"": 21.24223, ""step"": 3, ""status"": 1, ""pres"": 966.3903, ""meas_profile"": ""HP-5"", ""meas_id"": 5, ""hum"": 35.1468, ""gas_res"": 50662.97}, {""temp"": 20.9947, ""step"": 3, ""status"": 1, ""pres"": 966.4863, ""meas_profile"": ""HP-4"", ""meas_id"": 4, ""hum"": 34.69016, ""gas_res"": 71388.73}, {""temp"": 21.15232, ""step"": 3, ""status"": 1, ""pres"": 966.0386, ""meas_profile"": ""HP-3"", ""meas_id"": 3, ""hum"": 35.2034, ""gas_res"": 37317.79}, {""temp"": 21.06185, ""step"": 3, ""status"": 1, ""pres"": 966.257, ""meas_profile"": ""HP-2"", ""meas_id"": 2, ""hum"": 35.44855, ""gas_res"": 59534.88}, {""temp"": 20.8159, ""step"": 3, ""status"": 1, ""pres"": 966.3047, ""meas_profile"": ""HP-1"", ""meas_id"": 1, ""hum"": 33.86084, ""gas_res"": 46209.39}]}",NULL,"2025-10-27 11:41:04.579932"
12452,"04a600b9b0b8","2025-10-27 11:40:30","4BhoIEOwCGPIwy5sCfhI","{""bme688"": [{""temp"": 21.30289, ""step"": 2, ""status"": 1, ""pres"": 966.3245, ""meas_profile"": ""HP-8"", ""meas_id"": 8, ""hum"": 35.16829, ""gas_res"": 26251.03}, {""temp"": 21.28169, ""step"": 2, ""status"": 1, ""pres"": 966.4925, ""meas_profile"": ""HP-7"", ""meas_id"": 7, ""hum"": 35.04215, ""gas_res"": 38083.9}, {""temp"": 21.35795, ""step"": 2, ""status"": 1, ""pres"": 966.6166, ""meas_profile"": ""HP-6"", ""meas_id"": 6, ""hum"": 34.94635, ""gas_res"": 119906.3}, {""temp"": 21.2416, ""step"": 2, ""status"": 1, ""pres"": 966.3894, ""meas_profile"": ""HP-5"", ""meas_id"": 5, ""hum"": 35.15242, ""gas_res"": 330322.6}, {""temp"": 20.99377, ""step"": 2, ""status"": 1, ""pres"": 966.4847, ""meas_profile"": ""HP-4"", ""meas_id"": 4, ""hum"": 34.70159, ""gas_res"": 403149.6}, {""temp"": 21.15139, ""step"": 2, ""status"": 1, ""pres"": 966.037, ""meas_profile"": ""HP-3"", ""meas_id"": 3, ""hum"": 35.23789, ""gas_res"": 170951.6}, {""temp"": 21.0606, ""step"": 2, ""status"": 1, ""pres"": 966.2549, ""meas_profile"": ""HP-2"", ""meas_id"": 2, ""hum"": 35.44843, ""gas_res"": 307138.6}, {""temp"": 20.81497, ""step"": 2, ""status"": 1, ""pres"": 966.3049, ""meas_profile"": ""HP-1"", ""meas_id"": 1, ""hum"": 33.87829, ""gas_res"": 226448.5}]}",NULL,"2025-10-27 11:41:05.953619"
12453,"04a600b9b0b8","2025-10-27 11:40:30","4BhoIEOwCGPIwy5sCfhI","{""bme688"": [{""temp"": 21.30227, ""step"": 1, ""status"": 1, ""pres"": 966.3235, ""meas_profile"": ""HP-8"", ""meas_id"": 8, ""hum"": 35.15102, ""gas_res"": 6849.315}, {""temp"": 21.28107, ""step"": 1, ""status"": 1, ""pres"": 966.4915, ""meas_profile"": ""HP-7"", ""meas_id"": 7, ""hum"": 35.04209, ""gas_res"": 8524.241}, {""temp"": 21.35733, ""step"": 1, ""status"": 1, ""pres"": 966.6155, ""meas_profile"": ""HP-6"", ""meas_id"": 6, ""hum"": 34.96931, ""gas_res"": 25000.0}, {""temp"": 21.24097, ""step"": 1, ""status"": 1, ""pres"": 966.3883, ""meas_profile"": ""HP-5"", ""meas_id"": 5, ""hum"": 35.16374, ""gas_res"": 28880.87}, {""temp"": 20.99315, ""step"": 1, ""status"": 1, ""pres"": 966.4854, ""meas_profile"": ""HP-4"", ""meas_id"": 4, ""hum"": 34.7188, ""gas_res"": 28419.18}, {""temp"": 21.15077, ""step"": 1, ""status"": 1, ""pres"": 966.0359, ""meas_profile"": ""HP-3"", ""meas_id"": 3, ""hum"": 35.23207, ""gas_res"": 25000.0}, {""temp"": 21.05998, ""step"": 1, ""status"": 1, ""pres"": 966.254, ""meas_profile"": ""HP-2"", ""meas_id"": 2, ""hum"": 35.45977, ""gas_res"": 25000.0}, {""temp"": 20.81403, ""step"": 1, ""status"": 1, ""pres"": 966.3036, ""meas_profile"": ""HP-1"", ""meas_id"": 1, ""hum"": 33.86066, ""gas_res"": 25000.0}]}",NULL,"2025-10-27 11:41:07.136627"
12454,"04a600b9b0b8","2025-10-27 11:40:30","4BhoIEOwCGPIwy5sCfhI","{""bme688"": [{""temp"": 21.30103, ""step"": 0, ""status"": 1, ""pres"": 966.3215, ""meas_profile"": ""HP-8"", ""meas_id"": 8, ""hum"": 35.16238, ""gas_res"": 5684.846}, {""temp"": 21.28014, ""step"": 0, ""status"": 1, ""pres"": 966.49, ""meas_profile"": ""HP-7"", ""meas_id"": 7, ""hum"": 35.06469, ""gas_res"": 5684.846}, {""temp"": 21.35671, ""step"": 0, ""status"": 1, ""pres"": 966.6163, ""meas_profile"": ""HP-6"", ""meas_id"": 6, ""hum"": 34.95199, ""gas_res"": 6749.631}, {""temp"": 21.24035, ""step"": 0, ""status"": 1, ""pres"": 966.3873, ""meas_profile"": ""HP-5"", ""meas_id"": 5, ""hum"": 35.16368, ""gas_res"": 25000.0}, {""temp"": 20.99253, ""step"": 0, ""status"": 1, ""pres"": 966.486, ""meas_profile"": ""HP-4"", ""meas_id"": 4, ""hum"": 34.69572, ""gas_res"": 17937.22}, {""temp"": 21.14985, ""step"": 0, ""status"": 1, ""pres"": 966.0345, ""meas_profile"": ""HP-3"", ""meas_id"": 3, ""hum"": 35.24351, ""gas_res"": 6049.149}, {""temp"": 21.05905, ""step"": 0, ""status"": 1, ""pres"": 966.2524, ""meas_profile"": ""HP-2"", ""meas_id"": 2, ""hum"": 35.47677, ""gas_res"": 8134.214}, {""temp"": 20.8131, ""step"": 0, ""status"": 1, ""pres"": 966.3041, ""meas_profile"": ""HP-1"", ""meas_id"": 1, ""hum"": 33.86643, ""gas_res"": 6836.146}]}",NULL,"2025-10-27 11:41:08.434011"
12455,"04a600b9b0b8","2025-10-27 11:41:40","4BhoIEOwCGPIwy5sCfhI","{""zphs01b"": {""voc"": 0, ""temp"": 19.3, ""pm2_5"": 0, ""pm1_0"": 0, ""pm10"": 354, ""o3"": 0.42, ""no2"": 4.06, ""hum"": 0, ""fmhd"": 0, ""co2"": 5000, ""co"": 0.0}, ""smell_b"": {}, ""sfa30"": {""temp"": 21.375, ""hum"": 35.67, ""fmhd"": 1.6}, ""sen5x"": {""voc"": 131.0, ""temp"": 21.365, ""pm4_0"": 4615.1, ""pm2_5"": 4615.1, ""pm1_0"": 4400.8, ""pm10"": 4615.1, ""nox"": 1.0, ""mass_c"": 4561.525, ""hum"": 40.96}, ""scd41"": {""temp"": 21.09865, ""hum"": 37.89426, ""co2"": 679}, ""power_source"": 0, ""mics6814"": {""red_res"": 0, ""no2_res"": 0, ""no2"": 0.17, ""nh3_res"": 0, ""nh3"": 0.73, ""co_res"": 0, ""co"": 44.0}}",NULL,"2025-10-27 11:42:12.678889"
12456,"04a600b9b0b8","2025-10-27 11:41:40","4BhoIEOwCGPIwy5sCfhI","{""bme688"": [{""temp"": 21.33192, ""step"": 9, ""status"": 1, ""pres"": 966.3716, ""meas_profile"": ""HP-8"", ""meas_id"": 8, ""hum"": 35.01042, ""gas_res"": 5684.846}, {""temp"": 21.30654, ""step"": 9, ""status"": 1, ""pres"": 966.5305, ""meas_profile"": ""HP-7"", ""meas_id"": 7, ""hum"": 34.88008, ""gas_res"": 5684.846}, {""temp"": 21.38172, ""step"": 9, ""status"": 1, ""pres"": 966.6476, ""meas_profile"": ""HP-6"", ""meas_id"": 6, ""hum"": 34.79908, ""gas_res"": 6175.222}, {""temp"": 21.26474, ""step"": 9, ""status"": 1, ""pres"": 966.4121, ""meas_profile"": ""HP-5"", ""meas_id"": 5, ""hum"": 34.9784, ""gas_res"": 25000.0}, {""temp"": 21.01862, ""step"": 9, ""status"": 1, ""pres"": 966.5037, ""meas_profile"": ""HP-4"", ""meas_id"": 4, ""hum"": 34.52554, ""gas_res"": 25000.0}, {""temp"": 21.17891, ""step"": 9, ""status"": 1, ""pres"": 966.0803, ""meas_profile"": ""HP-3"", ""meas_id"": 3, ""hum"": 35.06195, ""gas_res"": 7025.247}, {""temp"": 21.08793, ""step"": 9, ""status"": 1, ""pres"": 966.2829, ""meas_profile"": ""HP-2"", ""meas_id"": 2, ""hum"": 35.26882, ""gas_res"": 8279.431}, {""temp"": 20.84329, ""step"": 9, ""status"": 1, ""pres"": 966.3285, ""meas_profile"": ""HP-1"", ""meas_id"": 1, ""hum"": 33.67058, ""gas_res"": 6889.128}]}",NULL,"2025-10-27 11:42:14.31466"
12457,"04a600b9b0b8","2025-10-27 11:41:40","4BhoIEOwCGPIwy5sCfhI","{""bme688"": [{""temp"": 21.33068, ""step"": 8, ""status"": 1, ""pres"": 966.3697, ""meas_profile"": ""HP-8"", ""meas_id"": 8, ""hum"": 34.99885, ""gas_res"": 5684.846}, {""temp"": 21.30529, ""step"": 8, ""status"": 1, ""pres"": 966.5266, ""meas_profile"": ""HP-7"", ""meas_id"": 7, ""hum"": 34.86863, ""gas_res"": 5684.846}, {""temp"": 21.38079, ""step"": 8, ""status"": 1, ""pres"": 966.646, ""meas_profile"": ""HP-6"", ""meas_id"": 6, ""hum"": 34.78175, ""gas_res"": 6514.658}, {""temp"": 21.26412, ""step"": 8, ""status"": 1, ""pres"": 966.411, ""meas_profile"": ""HP-5"", ""meas_id"": 5, ""hum"": 34.9897, ""gas_res"": 25000.0}, {""temp"": 21.01769, ""step"": 8, ""status"": 1, ""pres"": 966.5024, ""meas_profile"": ""HP-4"", ""meas_id"": 4, ""hum"": 34.52545, ""gas_res"": 25000.0}, {""temp"": 21.17799, ""step"": 8, ""status"": 1, ""pres"": 966.0785, ""meas_profile"": ""HP-3"", ""meas_id"": 3, ""hum"": 35.06762, ""gas_res"": 6681.979}, {""temp"": 21.087, ""step"": 8, ""status"": 1, ""pres"": 966.2813, ""meas_profile"": ""HP-2"", ""meas_id"": 2, ""hum"": 35.26873, ""gas_res"": 8565.311}, {""temp"": 20.84235, ""step"": 8, ""status"": 1, ""pres"": 966.3289, ""meas_profile"": ""HP-1"", ""meas_id"": 1, ""hum"": 33.69969, ""gas_res"": 7034.513}]}",NULL,"2025-10-27 11:42:15.596451"
12458,"04a600b9b0b8","2025-10-27 11:41:40","4BhoIEOwCGPIwy5sCfhI","{""bme688"": [{""temp"": 21.32914, ""step"": 7, ""status"": 1, ""pres"": 966.3672, ""meas_profile"": ""HP-8"", ""meas_id"": 8, ""hum"": 34.99297, ""gas_res"": 5684.846}, {""temp"": 21.30405, ""step"": 7, ""status"": 1, ""pres"": 966.5262, ""meas_profile"": ""HP-7"", ""meas_id"": 7, ""hum"": 34.87418, ""gas_res"": 5684.846}, {""temp"": 21.37986, ""step"": 7, ""status"": 1, ""pres"": 966.6446, ""meas_profile"": ""HP-6"", ""meas_id"": 6, ""hum"": 34.79316, ""gas_res"": 6595.218}, {""temp"": 21.26318, ""step"": 7, ""status"": 1, ""pres"": 966.4096, ""meas_profile"": ""HP-5"", ""meas_id"": 5, ""hum"": 34.9953, ""gas_res"": 25000.0}, {""temp"": 21.01675, ""step"": 7, ""status"": 1, ""pres"": 966.5023, ""meas_profile"": ""HP-4"", ""meas_id"": 4, ""hum"": 34.51387, ""gas_res"": 25000.0}, {""temp"": 21.17706, ""step"": 7, ""status"": 1, ""pres"": 966.077, ""meas_profile"": ""HP-3"", ""meas_id"": 3, ""hum"": 35.05026, ""gas_res"": 6247.56}, {""temp"": 21.08607, ""step"": 7, ""status"": 1, ""pres"": 966.2816, ""meas_profile"": ""HP-2"", ""meas_id"": 2, ""hum"": 35.28572, ""gas_res"": 8152.866}, {""temp"": 20.84142, ""step"": 7, ""status"": 1, ""pres"": 966.3275, ""meas_profile"": ""HP-1"", ""meas_id"": 1, ""hum"": 33.67041, ""gas_res"": 6771.054}]}",NULL,"2025-10-27 11:42:17.082371"
12459,"04a600b9b0b8","2025-10-27 11:41:40","4BhoIEOwCGPIwy5sCfhI","{""bme688"": [{""temp"": 21.32821, ""step"": 6, ""status"": 1, ""pres"": 966.3677, ""meas_profile"": ""HP-8"", ""meas_id"": 8, ""hum"": 35.00435, ""gas_res"": 8690.929}, {""temp"": 21.30343, ""step"": 6, ""status"": 1, ""pres"": 966.5251, ""meas_profile"": ""HP-7"", ""meas_id"": 7, ""hum"": 34.88546, ""gas_res"": 11271.57}, {""temp"": 21.37894, ""step"": 6, ""status"": 1, ""pres"": 966.6432, ""meas_profile"": ""HP-6"", ""meas_id"": 6, ""hum"": 34.78733, ""gas_res"": 29418.53}, {""temp"": 21.26224, ""step"": 6, ""status"": 1, ""pres"": 966.408, ""meas_profile"": ""HP-5"", ""meas_id"": 5, ""hum"": 34.97817, ""gas_res"": 117189.3}, {""temp"": 21.01613, ""step"": 6, ""status"": 1, ""pres"": 966.5032, ""meas_profile"": ""HP-4"", ""meas_id"": 4, ""hum"": 34.53681, ""gas_res"": 141475.5}, {""temp"": 21.17582, ""step"": 6, ""status"": 1, ""pres"": 966.075, ""meas_profile"": ""HP-3"", ""meas_id"": 3, ""hum"": 35.0559, ""gas_res"": 85049.84}, {""temp"": 21.08483, ""step"": 6, ""status"": 1, ""pres"": 966.2795, ""meas_profile"": ""HP-2"", ""meas_id"": 2, ""hum"": 35.26853, ""gas_res"": 110154.9}, {""temp"": 20.84049, ""step"": 6, ""status"": 1, ""pres"": 966.326, ""meas_profile"": ""HP-1"", ""meas_id"": 1, ""hum"": 33.68784, ""gas_res"": 100000.0}]}",NULL,"2025-10-27 11:42:18.798388"
12460,"04a600b9b0b8","2025-10-27 11:41:40","4BhoIEOwCGPIwy5sCfhI","{""bme688"": [{""temp"": 21.32728, ""step"": 5, ""status"": 1, ""pres"": 966.3645, ""meas_profile"": ""HP-8"", ""meas_id"": 8, ""hum"": 35.00999, ""gas_res"": 8620.689}, {""temp"": 21.3025, ""step"": 5, ""status"": 1, ""pres"": 966.5237, ""meas_profile"": ""HP-7"", ""meas_id"": 7, ""hum"": 34.90237, ""gas_res"": 11165.39}, {""temp"": 21.37832, ""step"": 5, ""status"": 1, ""pres"": 966.6423, ""meas_profile"": ""HP-6"", ""meas_id"": 6, ""hum"": 34.77578, ""gas_res"": 29438.82}, {""temp"": 21.26099, ""step"": 5, ""status"": 1, ""pres"": 966.4076, ""meas_profile"": ""HP-5"", ""meas_id"": 5, ""hum"": 34.98373, ""gas_res"": 118081.2}, {""temp"": 21.0152, ""step"": 5, ""status"": 1, ""pres"": 966.5016, ""meas_profile"": ""HP-4"", ""meas_id"": 4, ""hum"": 34.53672, ""gas_res"": 144225.4}, {""temp"": 21.17458, ""step"": 5, ""status"": 1, ""pres"": 966.0731, ""meas_profile"": ""HP-3"", ""meas_id"": 3, ""hum"": 35.05579, ""gas_res"": 83387.63}, {""temp"": 21.08358, ""step"": 5, ""status"": 1, ""pres"": 966.2775, ""meas_profile"": ""HP-2"", ""meas_id"": 2, ""hum"": 35.27411, ""gas_res"": 108612.6}, {""temp"": 20.83924, ""step"": 5, ""status"": 1, ""pres"": 966.326, ""meas_profile"": ""HP-1"", ""meas_id"": 1, ""hum"": 33.6994, ""gas_res"": 100000.0}]}",NULL,"2025-10-27 11:42:20.082905"
12461,"04a600b9b0b8","2025-10-27 11:41:40","4BhoIEOwCGPIwy5sCfhI","{""bme688"": [{""temp"": 21.32605, ""step"": 4, ""status"": 1, ""pres"": 966.3624, ""meas_profile"": ""HP-8"", ""meas_id"": 8, ""hum"": 35.00414, ""gas_res"": 8648.648}, {""temp"": 21.30188, ""step"": 4, ""status"": 1, ""pres"": 966.5227, ""meas_profile"": ""HP-7"", ""meas_id"": 7, ""hum"": 34.90231, ""gas_res"": 11095.7}, {""temp"": 21.37739, ""step"": 4, ""status"": 1, ""pres"": 966.6406, ""meas_profile"": ""HP-6"", ""meas_id"": 6, ""hum"": 34.79292, ""gas_res"": 29561.2}, {""temp"": 21.26005, ""step"": 4, ""status"": 1, ""pres"": 966.406, ""meas_profile"": ""HP-5"", ""meas_id"": 5, ""hum"": 34.98364, ""gas_res"": 121097.4}, {""temp"": 21.01427, ""step"": 4, ""status"": 1, ""pres"": 966.5017, ""meas_profile"": ""HP-4"", ""meas_id"": 4, ""hum"": 34.54814, ""gas_res"": 151255.5}, {""temp"": 21.17335, ""step"": 4, ""status"": 1, ""pres"": 966.071, ""meas_profile"": ""HP-3"", ""meas_id"": 3, ""hum"": 35.06719, ""gas_res"": 84544.25}, {""temp"": 21.08234, ""step"": 4, ""status"": 1, ""pres"": 966.2771, ""meas_profile"": ""HP-2"", ""meas_id"": 2, ""hum"": 35.29675, ""gas_res"": 109589.0}, {""temp"": 20.83831, ""step"": 4, ""status"": 1, ""pres"": 966.3246, ""meas_profile"": ""HP-1"", ""meas_id"": 1, ""hum"": 33.711, ""gas_res"": 100000.0}]}",NULL,"2025-10-27 11:42:21.358855"
12462,"04a600b9b0b8","2025-10-27 11:41:40","4BhoIEOwCGPIwy5sCfhI","{""bme688"": [{""temp"": 21.32512, ""step"": 3, ""status"": 0, ""pres"": 966.361, ""meas_profile"": ""HP-8"", ""meas_id"": 8, ""hum"": 35.01553, ""gas_res"": 5684.846}, {""temp"": 21.30095, ""step"": 3, ""status"": 0, ""pres"": 966.5227, ""meas_profile"": ""HP-7"", ""meas_id"": 7, ""hum"": 34.90222, ""gas_res"": 7025.247}, {""temp"": 21.37616, ""step"": 3, ""status"": 0, ""pres"": 966.6404, ""meas_profile"": ""HP-6"", ""meas_id"": 6, ""hum"": 34.80431, ""gas_res"": 16846.54}, {""temp"": 21.2588, ""step"": 3, ""status"": 0, ""pres"": 966.4057, ""meas_profile"": ""HP-5"", ""meas_id"": 5, ""hum"": 35.0233, ""gas_res"": 40816.33}, {""temp"": 21.01303, ""step"": 3, ""status"": 0, ""pres"": 966.4997, ""meas_profile"": ""HP-4"", ""meas_id"": 4, ""hum"": 34.54227, ""gas_res"": 49174.03}, {""temp"": 21.17211, ""step"": 3, ""status"": 0, ""pres"": 966.0692, ""meas_profile"": ""HP-3"", ""meas_id"": 3, ""hum"": 35.09584, ""gas_res"": 29997.66}, {""temp"": 21.0811, ""step"": 3, ""status"": 0, ""pres"": 966.2751, ""meas_profile"": ""HP-2"", ""meas_id"": 2, ""hum"": 35.32509, ""gas_res"": 45911.05}, {""temp"": 20.83706, ""step"": 3, ""status"": 0, ""pres"": 966.3228, ""meas_profile"": ""HP-1"", ""meas_id"": 1, ""hum"": 33.73423, ""gas_res"": 31158.71}]}",NULL,"2025-10-27 11:42:22.750335"
12463,"04a600b9b0b8","2025-10-27 11:41:40","4BhoIEOwCGPIwy5sCfhI","{""bme688"": [{""temp"": 21.3242, ""step"": 2, ""status"": 1, ""pres"": 966.3596, ""meas_profile"": ""HP-8"", ""meas_id"": 8, ""hum"": 35.03263, ""gas_res"": 19405.7}, {""temp"": 21.30001, ""step"": 2, ""status"": 1, ""pres"": 966.5213, ""meas_profile"": ""HP-7"", ""meas_id"": 7, ""hum"": 34.91347, ""gas_res"": 26512.01}, {""temp"": 21.37523, ""step"": 2, ""status"": 1, ""pres"": 966.639, ""meas_profile"": ""HP-6"", ""meas_id"": 6, ""hum"": 34.80996, ""gas_res"": 103538.9}, {""temp"": 21.25755, ""step"": 2, ""status"": 1, ""pres"": 966.4037, ""meas_profile"": ""HP-5"", ""meas_id"": 5, ""hum"": 35.01181, ""gas_res"": 340199.3}, {""temp"": 21.0121, ""step"": 2, ""status"": 1, ""pres"": 966.4998, ""meas_profile"": ""HP-4"", ""meas_id"": 4, ""hum"": 34.57094, ""gas_res"": 538239.2}, {""temp"": 21.17118, ""step"": 2, ""status"": 1, ""pres"": 966.0675, ""meas_profile"": ""HP-3"", ""meas_id"": 3, ""hum"": 35.09, ""gas_res"": 243403.8}, {""temp"": 21.07986, ""step"": 2, ""status"": 1, ""pres"": 966.2732, ""meas_profile"": ""HP-2"", ""meas_id"": 2, ""hum"": 35.31929, ""gas_res"": 422616.6}, {""temp"": 20.83582, ""step"": 2, ""status"": 1, ""pres"": 966.3226, ""meas_profile"": ""HP-1"", ""meas_id"": 1, ""hum"": 33.72828, ""gas_res"": 318606.1}]}",NULL,"2025-10-27 11:42:23.926059"
12464,"04a600b9b0b8","2025-10-27 11:41:40","4BhoIEOwCGPIwy5sCfhI","{""bme688"": [{""temp"": 21.32327, ""step"": 1, ""status"": 1, ""pres"": 966.3582, ""meas_profile"": ""HP-8"", ""meas_id"": 8, ""hum"": 35.02681, ""gas_res"": 7067.138}, {""temp"": 21.29908, ""step"": 1, ""status"": 1, ""pres"": 966.5181, ""meas_profile"": ""HP-7"", ""meas_id"": 7, ""hum"": 34.90205, ""gas_res"": 7142.857}, {""temp"": 21.37462, ""step"": 1, ""status"": 1, ""pres"": 966.6381, ""meas_profile"": ""HP-6"", ""meas_id"": 6, ""hum"": 34.81566, ""gas_res"": 25000.0}, {""temp"": 21.25692, ""step"": 1, ""status"": 1, ""pres"": 966.4026, ""meas_profile"": ""HP-5"", ""meas_id"": 5, ""hum"": 35.01744, ""gas_res"": 34963.13}, {""temp"": 21.01116, ""step"": 1, ""status"": 1, ""pres"": 966.4982, ""meas_profile"": ""HP-4"", ""meas_id"": 4, ""hum"": 34.57085, ""gas_res"": 41290.32}, {""temp"": 21.17025, ""step"": 1, ""status"": 1, ""pres"": 966.066, ""meas_profile"": ""HP-3"", ""meas_id"": 3, ""hum"": 35.10143, ""gas_res"": 23992.5}, {""temp"": 21.07892, ""step"": 1, ""status"": 1, ""pres"": 966.2732, ""meas_profile"": ""HP-2"", ""meas_id"": 2, ""hum"": 35.33057, ""gas_res"": 34454.91}, {""temp"": 20.83488, ""step"": 1, ""status"": 1, ""pres"": 966.3212, ""meas_profile"": ""HP-1"", ""meas_id"": 1, ""hum"": 33.73404, ""gas_res"": 25316.46}]}",NULL,"2025-10-27 11:42:25.209223"
12465,"04a600b9b0b8","2025-10-27 11:41:40","4BhoIEOwCGPIwy5sCfhI","{""bme688"": [{""temp"": 21.32173, ""step"": 0, ""status"": 1, ""pres"": 966.3558, ""meas_profile"": ""HP-8"", ""meas_id"": 8, ""hum"": 35.03241, ""gas_res"": 5684.846}, {""temp"": 21.29784, ""step"": 0, ""status"": 1, ""pres"": 966.5176, ""meas_profile"": ""HP-7"", ""meas_id"": 7, ""hum"": 34.90193, ""gas_res"": 5684.846}, {""temp"": 21.37369, ""step"": 0, ""status"": 1, ""pres"": 966.6364, ""meas_profile"": ""HP-6"", ""meas_id"": 6, ""hum"": 34.82707, ""gas_res"": 6599.299}, {""temp"": 21.2563, ""step"": 0, ""status"": 1, ""pres"": 966.4033, ""meas_profile"": ""HP-5"", ""meas_id"": 5, ""hum"": 35.0117, ""gas_res"": 25000.0}, {""temp"": 21.01054, ""step"": 0, ""status"": 1, ""pres"": 966.4973, ""meas_profile"": ""HP-4"", ""meas_id"": 4, ""hum"": 34.56504, ""gas_res"": 25000.0}, {""temp"": 21.16902, ""step"": 0, ""status"": 1, ""pres"": 966.0641, ""meas_profile"": ""HP-3"", ""meas_id"": 3, ""hum"": 35.10131, ""gas_res"": 6218.422}, {""temp"": 21.07799, ""step"": 0, ""status"": 1, ""pres"": 966.2717, ""meas_profile"": ""HP-2"", ""meas_id"": 2, ""hum"": 35.33049, ""gas_res"": 8109.478}, {""temp"": 20.83395, ""step"": 0, ""status"": 1, ""pres"": 966.3217, ""meas_profile"": ""HP-1"", ""meas_id"": 1, ""hum"": 33.73396, ""gas_res"": 6542.629}]}",NULL,"2025-10-27 11:42:26.493794"
12466,"04a600b9b0b8","2025-10-27 11:41:12","4BhoIEOwCGPIwy5sCfhI","{""zphs01b"": {""voc"": 0, ""temp"": 19.3, ""pm2_5"": 0, ""pm1_0"": 0, ""pm10"": 348, ""o3"": 0.02, ""no2"": 0.01, ""hum"": 0, ""fmhd"": 0, ""co2"": 5000, ""co"": 0.0}, ""smell_b"": {}, ""sfa30"": {""temp"": 21.355, ""hum"": 35.72, ""fmhd"": 1.6}, ""sen5x"": {""voc"": 146.0, ""temp"": 21.39, ""pm4_0"": 4619.8, ""pm2_5"": 4619.8, ""pm1_0"": 4405.3, ""pm10"": 4619.8, ""nox"": 1.0, ""mass_c"": 4566.175, ""hum"": 40.88}, ""scd41"": {""temp"": 21.06126, ""hum"": 37.92783, ""co2"": 675}, ""power_source"": 0, ""mics6814"": {""red_res"": 0, ""no2_res"": 0, ""no2"": 0.17, ""nh3_res"": 0, ""nh3"": 0.73, ""co_res"": 0, ""co"": 44.0}}",NULL,"2025-10-27 11:42:27.757135"
12467,"04a600b9b0b8","2025-10-27 11:41:12","4BhoIEOwCGPIwy5sCfhI","{""bme688"": [{""temp"": 21.3208, ""step"": 9, ""status"": 1, ""pres"": 966.3541, ""meas_profile"": ""HP-8"", ""meas_id"": 8, ""hum"": 35.01511, ""gas_res"": 5684.846}, {""temp"": 21.2966, ""step"": 9, ""status"": 1, ""pres"": 966.5156, ""meas_profile"": ""HP-7"", ""meas_id"": 7, ""hum"": 34.90748, ""gas_res"": 5684.846}, {""temp"": 21.37276, ""step"": 9, ""status"": 1, ""pres"": 966.6367, ""meas_profile"": ""HP-6"", ""meas_id"": 6, ""hum"": 34.82698, ""gas_res"": 5885.599}, {""temp"": 21.25536, ""step"": 9, ""status"": 1, ""pres"": 966.4018, ""meas_profile"": ""HP-5"", ""meas_id"": 5, ""hum"": 35.00025, ""gas_res"": 25000.0}, {""temp"": 21.00961, ""step"": 9, ""status"": 1, ""pres"": 966.4973, ""meas_profile"": ""HP-4"", ""meas_id"": 4, ""hum"": 34.57071, ""gas_res"": 25000.0}, {""temp"": 21.16809, ""step"": 9, ""status"": 1, ""pres"": 966.0625, ""meas_profile"": ""HP-3"", ""meas_id"": 3, ""hum"": 35.08972, ""gas_res"": 6424.413}, {""temp"": 21.07706, ""step"": 9, ""status"": 1, ""pres"": 966.2718, ""meas_profile"": ""HP-2"", ""meas_id"": 2, ""hum"": 35.33609, ""gas_res"": 7727.602}, {""temp"": 20.83271, ""step"": 9, ""status"": 1, ""pres"": 966.3196, ""meas_profile"": ""HP-1"", ""meas_id"": 1, ""hum"": 33.728, ""gas_res"": 6262.231}]}",NULL,"2025-10-27 11:42:29.056464"
12468,"04a600b9b0b8","2025-10-27 11:41:12","4BhoIEOwCGPIwy5sCfhI","{""bme688"": [{""temp"": 21.31925, ""step"": 8, ""status"": 1, ""pres"": 966.3518, ""meas_profile"": ""HP-8"", ""meas_id"": 8, ""hum"": 35.00351, ""gas_res"": 5684.846}, {""temp"": 21.29536, ""step"": 8, ""status"": 1, ""pres"": 966.5135, ""meas_profile"": ""HP-7"", ""meas_id"": 7, ""hum"": 34.9017, ""gas_res"": 5684.846}, {""temp"": 21.37184, ""step"": 8, ""status"": 1, ""pres"": 966.6353, ""meas_profile"": ""HP-6"", ""meas_id"": 6, ""hum"": 34.80965, ""gas_res"": 6125.574}, {""temp"": 21.25473, ""step"": 8, ""status"": 1, ""pres"": 966.4007, ""meas_profile"": ""HP-5"", ""meas_id"": 5, ""hum"": 35.01155, ""gas_res"": 25000.0}, {""temp"": 21.00868, ""step"": 8, ""status"": 1, ""pres"": 966.4958, ""meas_profile"": ""HP-4"", ""meas_id"": 4, ""hum"": 34.54762, ""gas_res"": 23332.12}, {""temp"": 21.16685, ""step"": 8, ""status"": 1, ""pres"": 966.0605, ""meas_profile"": ""HP-3"", ""meas_id"": 3, ""hum"": 35.10111, ""gas_res"": 5998.125}, {""temp"": 21.07613, ""step"": 8, ""status"": 1, ""pres"": 966.2703, ""meas_profile"": ""HP-2"", ""meas_id"": 2, ""hum"": 35.33601, ""gas_res"": 7633.588}, {""temp"": 20.83146, ""step"": 8, ""status"": 1, ""pres"": 966.3195, ""meas_profile"": ""HP-1"", ""meas_id"": 1, ""hum"": 33.72205, ""gas_res"": 6265.91}]}",NULL,"2025-10-27 11:42:30.32139"
12469,"04a600b9b0b8","2025-10-27 11:41:12","4BhoIEOwCGPIwy5sCfhI","{""bme688"": [{""temp"": 21.31802, ""step"": 7, ""status"": 1, ""pres"": 966.3498, ""meas_profile"": ""HP-8"", ""meas_id"": 8, ""hum"": 34.99193, ""gas_res"": 5684.846}, {""temp"": 21.29412, ""step"": 7, ""status"": 1, ""pres"": 966.5115, ""meas_profile"": ""HP-7"", ""meas_id"": 7, ""hum"": 34.89591, ""gas_res"": 5684.846}, {""temp"": 21.37091, ""step"": 7, ""status"": 1, ""pres"": 966.6337, ""meas_profile"": ""HP-6"", ""meas_id"": 6, ""hum"": 34.82681, ""gas_res"": 6153.846}, {""temp"": 21.25411, ""step"": 7, ""status"": 1, ""pres"": 966.4014, ""meas_profile"": ""HP-5"", ""meas_id"": 5, ""hum"": 35.00013, ""gas_res"": 25000.0}, {""temp"": 21.00806, ""step"": 7, ""status"": 1, ""pres"": 966.4965, ""meas_profile"": ""HP-4"", ""meas_id"": 4, ""hum"": 34.55907, ""gas_res"": 20765.74}, {""temp"": 21.16593, ""step"": 7, ""status"": 1, ""pres"": 966.059, ""meas_profile"": ""HP-3"", ""meas_id"": 3, ""hum"": 35.10678, ""gas_res"": 7699.711}, {""temp"": 21.0752, ""step"": 7, ""status"": 1, ""pres"": 966.2706, ""meas_profile"": ""HP-2"", ""meas_id"": 2, ""hum"": 35.33592, ""gas_res"": 7142.857}, {""temp"": 20.83053, ""step"": 7, ""status"": 1, ""pres"": 966.318, ""meas_profile"": ""HP-1"", ""meas_id"": 1, ""hum"": 33.74532, ""gas_res"": 5981.309}]}",NULL,"2025-10-27 11:42:31.593942"
12470,"04a600b9b0b8","2025-10-27 11:41:12","4BhoIEOwCGPIwy5sCfhI","{""bme688"": [{""temp"": 21.31709, ""step"": 6, ""status"": 1, ""pres"": 966.3484, ""meas_profile"": ""HP-8"", ""meas_id"": 8, ""hum"": 35.01477, ""gas_res"": 8698.016}, {""temp"": 21.29349, ""step"": 6, ""status"": 1, ""pres"": 966.5105, ""meas_profile"": ""HP-7"", ""meas_id"": 7, ""hum"": 34.89019, ""gas_res"": 11107.25}, {""temp"": 21.36999, ""step"": 6, ""status"": 1, ""pres"": 966.6324, ""meas_profile"": ""HP-6"", ""meas_id"": 6, ""hum"": 34.82672, ""gas_res"": 26947.37}, {""temp"": 21.25286, ""step"": 6, ""status"": 1, ""pres"": 966.3994, ""meas_profile"": ""HP-5"", ""meas_id"": 5, ""hum"": 35.0057, ""gas_res"": 100372.5}, {""temp"": 21.00681, ""step"": 6, ""status"": 1, ""pres"": 966.4962, ""meas_profile"": ""HP-4"", ""meas_id"": 4, ""hum"": 34.5647, ""gas_res"": 115994.6}, {""temp"": 21.165, ""step"": 6, ""status"": 1, ""pres"": 966.0575, ""meas_profile"": ""HP-3"", ""meas_id"": 3, ""hum"": 35.10094, ""gas_res"": 42482.57}, {""temp"": 21.07458, ""step"": 6, ""status"": 1, ""pres"": 966.2695, ""meas_profile"": ""HP-2"", ""meas_id"": 2, ""hum"": 35.32448, ""gas_res"": 100000.0}, {""temp"": 20.82959, ""step"": 6, ""status"": 1, ""pres"": 966.3166, ""meas_profile"": ""HP-1"", ""meas_id"": 1, ""hum"": 33.72772, ""gas_res"": 88765.6}]}",NULL,"2025-10-27 11:42:32.972209"
12471,"04a600b9b0b8","2025-10-27 11:41:12","4BhoIEOwCGPIwy5sCfhI","{""bme688"": [{""temp"": 21.31617, ""step"": 5, ""status"": 1, ""pres"": 966.3469, ""meas_profile"": ""HP-8"", ""meas_id"": 8, ""hum"": 35.01468, ""gas_res"": 8662.696}, {""temp"": 21.29287, ""step"": 5, ""status"": 1, ""pres"": 966.5111, ""meas_profile"": ""HP-7"", ""meas_id"": 7, ""hum"": 34.89014, ""gas_res"": 11049.72}, {""temp"": 21.36906, ""step"": 5, ""status"": 1, ""pres"": 966.6308, ""meas_profile"": ""HP-6"", ""meas_id"": 6, ""hum"": 34.80939, ""gas_res"": 26998.52}, {""temp"": 21.25192, ""step"": 5, ""status"": 1, ""pres"": 966.3995, ""meas_profile"": ""HP-5"", ""meas_id"": 5, ""hum"": 35.00561, ""gas_res"": 100727.9}, {""temp"": 21.00588, ""step"": 5, ""status"": 1, ""pres"": 966.4946, ""meas_profile"": ""HP-4"", ""meas_id"": 4, ""hum"": 34.54737, ""gas_res"": 116788.3}, {""temp"": 21.16407, ""step"": 5, ""status"": 1, ""pres"": 966.0576, ""meas_profile"": ""HP-3"", ""meas_id"": 3, ""hum"": 35.10661, ""gas_res"": 41250.4}, {""temp"": 21.07365, ""step"": 5, ""status"": 1, ""pres"": 966.2696, ""meas_profile"": ""HP-2"", ""meas_id"": 2, ""hum"": 35.33578, ""gas_res"": 100000.0}, {""temp"": 20.82835, ""step"": 5, ""status"": 1, ""pres"": 966.3166, ""meas_profile"": ""HP-1"", ""meas_id"": 1, ""hum"": 33.73345, ""gas_res"": 85561.5}]}",NULL,"2025-10-27 11:42:34.15763"
12472,"04a600b9b0b8","2025-10-27 11:41:12","4BhoIEOwCGPIwy5sCfhI","{""bme688"": [{""temp"": 21.31493, ""step"": 4, ""status"": 1, ""pres"": 966.345, ""meas_profile"": ""HP-8"", ""meas_id"": 8, ""hum"": 35.01457, ""gas_res"": 8579.089}, {""temp"": 21.29225, ""step"": 4, ""status"": 1, ""pres"": 966.5103, ""meas_profile"": ""HP-7"", ""meas_id"": 7, ""hum"": 34.90141, ""gas_res"": 10992.79}, {""temp"": 21.36813, ""step"": 4, ""status"": 1, ""pres"": 966.6311, ""meas_profile"": ""HP-6"", ""meas_id"": 6, ""hum"": 34.8208, ""gas_res"": 27032.73}, {""temp"": 21.25098, ""step"": 4, ""status"": 1, ""pres"": 966.3981, ""meas_profile"": ""HP-5"", ""meas_id"": 5, ""hum"": 35.02825, ""gas_res"": 102605.2}, {""temp"": 21.00464, ""step"": 4, ""status"": 1, ""pres"": 966.4942, ""meas_profile"": ""HP-4"", ""meas_id"": 4, ""hum"": 34.58751, ""gas_res"": 118986.8}, {""temp"": 21.16314, ""step"": 4, ""status"": 1, ""pres"": 966.0561, ""meas_profile"": ""HP-3"", ""meas_id"": 3, ""hum"": 35.09501, ""gas_res"": 40276.9}, {""temp"": 21.07271, ""step"": 4, ""status"": 1, ""pres"": 966.2681, ""meas_profile"": ""HP-2"", ""meas_id"": 2, ""hum"": 35.33568, ""gas_res"": 100000.0}, {""temp"": 20.8271, ""step"": 4, ""status"": 1, ""pres"": 966.3146, ""meas_profile"": ""HP-1"", ""meas_id"": 1, ""hum"": 33.75669, ""gas_res"": 82103.91}]}",NULL,"2025-10-27 11:42:35.444622"
12473,"04a600b9b0b8","2025-10-27 11:41:12","4BhoIEOwCGPIwy5sCfhI","{""bme688"": [{""temp"": 21.314, ""step"": 3, ""status"": 1, ""pres"": 966.3436, ""meas_profile"": ""HP-8"", ""meas_id"": 8, ""hum"": 35.02595, ""gas_res"": 6045.721}, {""temp"": 21.29132, ""step"": 3, ""status"": 1, ""pres"": 966.5084, ""meas_profile"": ""HP-7"", ""meas_id"": 7, ""hum"": 34.90699, ""gas_res"": 7410.838}, {""temp"": 21.3669, ""step"": 3, ""status"": 1, ""pres"": 966.6292, ""meas_profile"": ""HP-6"", ""meas_id"": 6, ""hum"": 34.83218, ""gas_res"": 16280.84}, {""temp"": 21.24973, ""step"": 3, ""status"": 1, ""pres"": 966.3976, ""meas_profile"": ""HP-5"", ""meas_id"": 5, ""hum"": 35.03381, ""gas_res"": 37547.67}, {""temp"": 21.0034, ""step"": 3, ""status"": 1, ""pres"": 966.4938, ""meas_profile"": ""HP-4"", ""meas_id"": 4, ""hum"": 34.59315, ""gas_res"": 42356.05}, {""temp"": 21.16191, ""step"": 3, ""status"": 1, ""pres"": 966.0541, ""meas_profile"": ""HP-3"", ""meas_id"": 3, ""hum"": 35.12943, ""gas_res"": 26479.11}, {""temp"": 21.07147, ""step"": 3, ""status"": 1, ""pres"": 966.266, ""meas_profile"": ""HP-2"", ""meas_id"": 2, ""hum"": 35.33557, ""gas_res"": 39312.04}, {""temp"": 20.82586, ""step"": 3, ""status"": 1, ""pres"": 966.3147, ""meas_profile"": ""HP-1"", ""meas_id"": 1, ""hum"": 33.75658, ""gas_res"": 27309.58}]}",NULL,"2025-10-27 11:42:36.734286"
12474,"04a600b9b0b8","2025-10-27 11:41:12","4BhoIEOwCGPIwy5sCfhI","{""bme688"": [{""temp"": 21.31308, ""step"": 2, ""status"": 1, ""pres"": 966.342, ""meas_profile"": ""HP-8"", ""meas_id"": 8, ""hum"": 35.04306, ""gas_res"": 21476.51}, {""temp"": 21.29039, ""step"": 2, ""status"": 1, ""pres"": 966.5069, ""meas_profile"": ""HP-7"", ""meas_id"": 7, ""hum"": 34.90124, ""gas_res"": 28959.28}, {""temp"": 21.36597, ""step"": 2, ""status"": 1, ""pres"": 966.6275, ""meas_profile"": ""HP-6"", ""meas_id"": 6, ""hum"": 34.83784, ""gas_res"": 103288.3}, {""temp"": 21.24848, ""step"": 2, ""status"": 1, ""pres"": 966.3956, ""meas_profile"": ""HP-5"", ""meas_id"": 5, ""hum"": 35.02802, ""gas_res"": 310209.0}, {""temp"": 21.00216, ""step"": 2, ""status"": 1, ""pres"": 966.4919, ""meas_profile"": ""HP-4"", ""meas_id"": 4, ""hum"": 34.60453, ""gas_res"": 436394.6}, {""temp"": 21.16067, ""step"": 2, ""status"": 1, ""pres"": 966.052, ""meas_profile"": ""HP-3"", ""meas_id"": 3, ""hum"": 35.11205, ""gas_res"": 198757.8}, {""temp"": 21.07023, ""step"": 2, ""status"": 1, ""pres"": 966.2658, ""meas_profile"": ""HP-2"", ""meas_id"": 2, ""hum"": 35.35253, ""gas_res"": 343970.4}, {""temp"": 20.82462, ""step"": 2, ""status"": 1, ""pres"": 966.3127, ""meas_profile"": ""HP-1"", ""meas_id"": 1, ""hum"": 33.75063, ""gas_res"": 252216.8}]}",NULL,"2025-10-27 11:42:38.11049"
12475,"04a600b9b0b8","2025-10-27 11:41:12","4BhoIEOwCGPIwy5sCfhI","{""bme688"": [{""temp"": 21.31215, ""step"": 1, ""status"": 1, ""pres"": 966.3407, ""meas_profile"": ""HP-8"", ""meas_id"": 8, ""hum"": 35.04297, ""gas_res"": 6118.547}, {""temp"": 21.28946, ""step"": 1, ""status"": 1, ""pres"": 966.5055, ""meas_profile"": ""HP-7"", ""meas_id"": 7, ""hum"": 34.91815, ""gas_res"": 7269.423}, {""temp"": 21.36536, ""step"": 1, ""status"": 1, ""pres"": 966.6283, ""meas_profile"": ""HP-6"", ""meas_id"": 6, ""hum"": 34.84929, ""gas_res"": 25000.0}, {""temp"": 21.24785, ""step"": 1, ""status"": 1, ""pres"": 966.3943, ""meas_profile"": ""HP-5"", ""meas_id"": 5, ""hum"": 35.02795, ""gas_res"": 29746.69}, {""temp"": 21.00153, ""step"": 1, ""status"": 1, ""pres"": 966.4924, ""meas_profile"": ""HP-4"", ""meas_id"": 4, ""hum"": 34.59872, ""gas_res"": 32120.45}, {""temp"": 21.15974, ""step"": 1, ""status"": 1, ""pres"": 966.0506, ""meas_profile"": ""HP-3"", ""meas_id"": 3, ""hum"": 35.12347, ""gas_res"": 25000.0}, {""temp"": 21.0693, ""step"": 1, ""status"": 1, ""pres"": 966.2642, ""meas_profile"": ""HP-2"", ""meas_id"": 2, ""hum"": 35.36383, ""gas_res"": 26186.58}, {""temp"": 20.82368, ""step"": 1, ""status"": 1, ""pres"": 966.3113, ""meas_profile"": ""HP-1"", ""meas_id"": 1, ""hum"": 33.74471, ""gas_res"": 25000.0}]}",NULL,"2025-10-27 11:42:39.283207"
12476,"04a600b9b0b8","2025-10-27 11:41:12","4BhoIEOwCGPIwy5sCfhI","{""bme688"": [{""temp"": 21.31091, ""step"": 0, ""status"": 1, ""pres"": 966.3389, ""meas_profile"": ""HP-8"", ""meas_id"": 8, ""hum"": 35.04859, ""gas_res"": 5684.846}, {""temp"": 21.28822, ""step"": 0, ""status"": 1, ""pres"": 966.5033, ""meas_profile"": ""HP-7"", ""meas_id"": 7, ""hum"": 34.9237, ""gas_res"": 5684.846}, {""temp"": 21.36443, ""step"": 0, ""status"": 1, ""pres"": 966.6269, ""meas_profile"": ""HP-6"", ""meas_id"": 6, ""hum"": 34.83769, ""gas_res"": 6632.125}, {""temp"": 21.24723, ""step"": 0, ""status"": 1, ""pres"": 966.3951, ""meas_profile"": ""HP-5"", ""meas_id"": 5, ""hum"": 35.03926, ""gas_res"": 25000.0}, {""temp"": 21.0006, ""step"": 0, ""status"": 1, ""pres"": 966.4927, ""meas_profile"": ""HP-4"", ""meas_id"": 4, ""hum"": 34.61015, ""gas_res"": 20349.76}, {""temp"": 21.15881, ""step"": 0, ""status"": 1, ""pres"": 966.0491, ""meas_profile"": ""HP-3"", ""meas_id"": 3, ""hum"": 35.1349, ""gas_res"": 7309.273}, {""temp"": 21.06837, ""step"": 0, ""status"": 1, ""pres"": 966.2644, ""meas_profile"": ""HP-2"", ""meas_id"": 2, ""hum"": 35.35804, ""gas_res"": 6619.776}, {""temp"": 20.82244, ""step"": 0, ""status"": 1, ""pres"": 966.3111, ""meas_profile"": ""HP-1"", ""meas_id"": 1, ""hum"": 33.76212, ""gas_res"": 8000.0}]}",NULL,"2025-10-27 11:42:40.56962"
12477,"04a600b9b0b8","2025-10-27 11:43:12","4BhoIEOwCGPIwy5sCfhI","{""zphs01b"": {""voc"": 0, ""temp"": 19.5, ""pm2_5"": 0, ""pm1_0"": 0, ""pm10"": 350, ""o3"": 0.26, ""no2"": 0.01, ""hum"": 0, ""fmhd"": 0, ""co2"": 5000, ""co"": 0.0}, ""smell_b"": {}, ""sfa30"": {""temp"": 21.43, ""hum"": 35.6, ""fmhd"": 1.4}, ""sen5x"": {""voc"": 121.0, ""temp"": 21.32, ""pm4_0"": 4684.1, ""pm2_5"": 4684.1, ""pm1_0"": 4466.6, ""pm10"": 4684.1, ""nox"": 1.0, ""mass_c"": 4629.725, ""hum"": 41.11}, ""scd41"": {""temp"": 21.21614, ""hum"": 37.74929, ""co2"": 694}, ""power_source"": 0, ""mics6814"": {""red_res"": 0, ""no2_res"": 0, ""no2"": 0.17, ""nh3_res"": 0, ""nh3"": 0.73, ""co_res"": 0, ""co"": 44.0}}",NULL,"2025-10-27 11:43:44.861293"
12478,"04a600b9b0b8","2025-10-27 11:43:12","4BhoIEOwCGPIwy5sCfhI","{""bme688"": [{""temp"": 21.36002, ""step"": 9, ""status"": 1, ""pres"": 966.391, ""meas_profile"": ""HP-8"", ""meas_id"": 8, ""hum"": 34.92709, ""gas_res"": 5684.846}, {""temp"": 21.33169, ""step"": 9, ""status"": 1, ""pres"": 966.5418, ""meas_profile"": ""HP-7"", ""meas_id"": 7, ""hum"": 34.80312, ""gas_res"": 5684.846}, {""temp"": 21.4058, ""step"": 9, ""status"": 1, ""pres"": 966.6568, ""meas_profile"": ""HP-6"", ""meas_id"": 6, ""hum"": 34.70365, ""gas_res"": 6393.606}, {""temp"": 21.28913, ""step"": 9, ""status"": 1, ""pres"": 966.4185, ""meas_profile"": ""HP-5"", ""meas_id"": 5, ""hum"": 34.90117, ""gas_res"": 25000.0}, {""temp"": 21.04347, ""step"": 9, ""status"": 1, ""pres"": 966.5031, ""meas_profile"": ""HP-4"", ""meas_id"": 4, ""hum"": 34.45309, ""gas_res"": 25000.0}, {""temp"": 21.20551, ""step"": 9, ""status"": 1, ""pres"": 966.0962, ""meas_profile"": ""HP-3"", ""meas_id"": 3, ""hum"": 34.96663, ""gas_res"": 7380.074}, {""temp"": 21.11401, ""step"": 9, ""status"": 1, ""pres"": 966.2919, ""meas_profile"": ""HP-2"", ""meas_id"": 2, ""hum"": 35.17458, ""gas_res"": 8849.558}, {""temp"": 20.87005, ""step"": 9, ""status"": 1, ""pres"": 966.3334, ""meas_profile"": ""HP-1"", ""meas_id"": 1, ""hum"": 33.58547, ""gas_res"": 7085.917}]}",NULL,"2025-10-27 11:43:46.487799"
12479,"04a600b9b0b8","2025-10-27 11:43:12","4BhoIEOwCGPIwy5sCfhI","{""bme688"": [{""temp"": 21.35817, ""step"": 8, ""status"": 1, ""pres"": 966.3898, ""meas_profile"": ""HP-8"", ""meas_id"": 8, ""hum"": 34.93837, ""gas_res"": 5684.846}, {""temp"": 21.33014, ""step"": 8, ""status"": 1, ""pres"": 966.5408, ""meas_profile"": ""HP-7"", ""meas_id"": 7, ""hum"": 34.8143, ""gas_res"": 5684.846}, {""temp"": 21.40425, ""step"": 8, ""status"": 1, ""pres"": 966.6562, ""meas_profile"": ""HP-6"", ""meas_id"": 6, ""hum"": 34.70925, ""gas_res"": 6648.66}, {""temp"": 21.28819, ""step"": 8, ""status"": 1, ""pres"": 966.4186, ""meas_profile"": ""HP-5"", ""meas_id"": 5, ""hum"": 34.90108, ""gas_res"": 25000.0}, {""temp"": 21.04254, ""step"": 8, ""status"": 1, ""pres"": 966.5032, ""meas_profile"": ""HP-4"", ""meas_id"": 4, ""hum"": 34.44152, ""gas_res"": 25000.0}, {""temp"": 21.20427, ""step"": 8, ""status"": 1, ""pres"": 966.0959, ""meas_profile"": ""HP-3"", ""meas_id"": 3, ""hum"": 34.9665, ""gas_res"": 6788.29}, {""temp"": 21.11277, ""step"": 8, ""status"": 1, ""pres"": 966.2916, ""meas_profile"": ""HP-2"", ""meas_id"": 2, ""hum"": 35.18015, ""gas_res"": 8805.724}, {""temp"": 20.86881, ""step"": 8, ""status"": 1, ""pres"": 966.3333, ""meas_profile"": ""HP-1"", ""meas_id"": 1, ""hum"": 33.58535, ""gas_res"": 7162.041}]}",NULL,"2025-10-27 11:43:47.767206"
12480,"04a600b9b0b8","2025-10-27 11:43:12","4BhoIEOwCGPIwy5sCfhI","{""bme688"": [{""temp"": 21.35662, ""step"": 7, ""status"": 1, ""pres"": 966.3892, ""meas_profile"": ""HP-8"", ""meas_id"": 8, ""hum"": 34.95543, ""gas_res"": 5684.846}, {""temp"": 21.32827, ""step"": 7, ""status"": 1, ""pres"": 966.5379, ""meas_profile"": ""HP-7"", ""meas_id"": 7, ""hum"": 34.80846, ""gas_res"": 5684.846}, {""temp"": 21.40302, ""step"": 7, ""status"": 1, ""pres"": 966.6559, ""meas_profile"": ""HP-6"", ""meas_id"": 6, ""hum"": 34.72062, ""gas_res"": 6745.363}, {""temp"": 21.28695, ""step"": 7, ""status"": 1, ""pres"": 966.418, ""meas_profile"": ""HP-5"", ""meas_id"": 5, ""hum"": 34.91232, ""gas_res"": 25000.0}, {""temp"": 21.04129, ""step"": 7, ""status"": 1, ""pres"": 966.5027, ""meas_profile"": ""HP-4"", ""meas_id"": 4, ""hum"": 34.44715, ""gas_res"": 25000.0}, {""temp"": 21.20303, ""step"": 7, ""status"": 1, ""pres"": 966.0956, ""meas_profile"": ""HP-3"", ""meas_id"": 3, ""hum"": 34.9779, ""gas_res"": 6587.073}, {""temp"": 21.11153, ""step"": 7, ""status"": 1, ""pres"": 966.2913, ""meas_profile"": ""HP-2"", ""meas_id"": 2, ""hum"": 35.17434, ""gas_res"": 8517.435}, {""temp"": 20.86787, ""step"": 7, ""status"": 1, ""pres"": 966.3338, ""meas_profile"": ""HP-1"", ""meas_id"": 1, ""hum"": 33.59111, ""gas_res"": 6965.607}]}",NULL,"2025-10-27 11:43:49.22079"
12481,"04a600b9b0b8","2025-10-27 11:43:12","4BhoIEOwCGPIwy5sCfhI","{""bme688"": [{""temp"": 21.35539, ""step"": 6, ""status"": 1, ""pres"": 966.3872, ""meas_profile"": ""HP-8"", ""meas_id"": 8, ""hum"": 34.95531, ""gas_res"": 8740.781}, {""temp"": 21.32734, ""step"": 6, ""status"": 1, ""pres"": 966.5378, ""meas_profile"": ""HP-7"", ""meas_id"": 7, ""hum"": 34.82537, ""gas_res"": 11331.44}, {""temp"": 21.40209, ""step"": 6, ""status"": 1, ""pres"": 966.6562, ""meas_profile"": ""HP-6"", ""meas_id"": 6, ""hum"": 34.72628, ""gas_res"": 29398.25}, {""temp"": 21.28569, ""step"": 6, ""status"": 1, ""pres"": 966.4178, ""meas_profile"": ""HP-5"", ""meas_id"": 5, ""hum"": 34.91788, ""gas_res"": 117674.1}, {""temp"": 21.04005, ""step"": 6, ""status"": 1, ""pres"": 966.504, ""meas_profile"": ""HP-4"", ""meas_id"": 4, ""hum"": 34.45278, ""gas_res"": 141241.4}, {""temp"": 21.20149, ""step"": 6, ""status"": 1, ""pres"": 966.0931, ""meas_profile"": ""HP-3"", ""meas_id"": 3, ""hum"": 34.96625, ""gas_res"": 84628.1}, {""temp"": 21.11029, ""step"": 6, ""status"": 1, ""pres"": 966.291, ""meas_profile"": ""HP-2"", ""meas_id"": 2, ""hum"": 35.17992, ""gas_res"": 108889.8}, {""temp"": 20.86663, ""step"": 6, ""status"": 1, ""pres"": 966.3337, ""meas_profile"": ""HP-1"", ""meas_id"": 1, ""hum"": 33.59683, ""gas_res"": 100000.0}]}",NULL,"2025-10-27 11:43:50.964059"
12482,"04a600b9b0b8","2025-10-27 11:43:12","4BhoIEOwCGPIwy5sCfhI","{""bme688"": [{""temp"": 21.35415, ""step"": 5, ""status"": 1, ""pres"": 966.387, ""meas_profile"": ""HP-8"", ""meas_id"": 8, ""hum"": 34.96665, ""gas_res"": 8662.696}, {""temp"": 21.32641, ""step"": 5, ""status"": 1, ""pres"": 966.538, ""meas_profile"": ""HP-7"", ""meas_id"": 7, ""hum"": 34.84227, ""gas_res"": 11259.68}, {""temp"": 21.40085, ""step"": 5, ""status"": 1, ""pres"": 966.6559, ""meas_profile"": ""HP-6"", ""meas_id"": 6, ""hum"": 34.73765, ""gas_res"": 29499.88}, {""temp"": 21.28413, ""step"": 5, ""status"": 1, ""pres"": 966.4169, ""meas_profile"": ""HP-5"", ""meas_id"": 5, ""hum"": 34.92342, ""gas_res"": 118821.1}, {""temp"": 21.03881, ""step"": 5, ""status"": 1, ""pres"": 966.5036, ""meas_profile"": ""HP-4"", ""meas_id"": 4, ""hum"": 34.46416, ""gas_res"": 145330.7}, {""temp"": 21.20025, ""step"": 5, ""status"": 1, ""pres"": 966.0945, ""meas_profile"": ""HP-3"", ""meas_id"": 3, ""hum"": 34.97764, ""gas_res"": 84628.1}, {""temp"": 21.10874, ""step"": 5, ""status"": 1, ""pres"": 966.2899, ""meas_profile"": ""HP-2"", ""meas_id"": 2, ""hum"": 35.1684, ""gas_res"": 108062.5}, {""temp"": 20.86507, ""step"": 5, ""status"": 1, ""pres"": 966.3331, ""meas_profile"": ""HP-1"", ""meas_id"": 1, ""hum"": 33.61419, ""gas_res"": 100000.0}]}",NULL,"2025-10-27 11:43:52.235998"
12483,"04a600b9b0b8","2025-10-27 11:43:12","4BhoIEOwCGPIwy5sCfhI","{""bme688"": [{""temp"": 21.35261, ""step"": 4, ""status"": 1, ""pres"": 966.3864, ""meas_profile"": ""HP-8"", ""meas_id"": 8, ""hum"": 34.9665, ""gas_res"": 8690.929}, {""temp"": 21.32548, ""step"": 4, ""status"": 1, ""pres"": 966.5381, ""meas_profile"": ""HP-7"", ""meas_id"": 7, ""hum"": 34.84219, ""gas_res"": 11095.7}, {""temp"": 21.39993, ""step"": 4, ""status"": 1, ""pres"": 966.6545, ""meas_profile"": ""HP-6"", ""meas_id"": 6, ""hum"": 34.74905, ""gas_res"": 29788.22}, {""temp"": 21.28288, ""step"": 4, ""status"": 1, ""pres"": 966.4165, ""meas_profile"": ""HP-5"", ""meas_id"": 5, ""hum"": 34.93467, ""gas_res"": 122488.0}, {""temp"": 21.03757, ""step"": 4, ""status"": 1, ""pres"": 966.5033, ""meas_profile"": ""HP-4"", ""meas_id"": 4, ""hum"": 34.45255, ""gas_res"": 152744.6}, {""temp"": 21.1987, ""step"": 4, ""status"": 1, ""pres"": 966.092, ""meas_profile"": ""HP-3"", ""meas_id"": 3, ""hum"": 34.98325, ""gas_res"": 85219.71}, {""temp"": 21.10718, ""step"": 4, ""status"": 1, ""pres"": 966.2891, ""meas_profile"": ""HP-2"", ""meas_id"": 2, ""hum"": 35.16825, ""gas_res"": 108681.8}, {""temp"": 20.86383, ""step"": 4, ""status"": 1, ""pres"": 966.3331, ""meas_profile"": ""HP-1"", ""meas_id"": 1, ""hum"": 33.59658, ""gas_res"": 100000.0}]}",NULL,"2025-10-27 11:43:53.530039"
12484,"04a600b9b0b8","2025-10-27 11:43:12","4BhoIEOwCGPIwy5sCfhI","{""bme688"": [{""temp"": 21.35107, ""step"": 3, ""status"": 0, ""pres"": 966.384, ""meas_profile"": ""HP-8"", ""meas_id"": 8, ""hum"": 34.97783, ""gas_res"": 5684.846}, {""temp"": 21.32393, ""step"": 3, ""status"": 0, ""pres"": 966.5374, ""meas_profile"": ""HP-7"", ""meas_id"": 7, ""hum"": 34.84204, ""gas_res"": 6711.409}, {""temp"": 21.39839, ""step"": 3, ""status"": 0, ""pres"": 966.6537, ""meas_profile"": ""HP-6"", ""meas_id"": 6, ""hum"": 34.77765, ""gas_res"": 16330.7}, {""temp"": 21.28131, ""step"": 3, ""status"": 0, ""pres"": 966.4158, ""meas_profile"": ""HP-5"", ""meas_id"": 5, ""hum"": 34.94588, ""gas_res"": 39275.85}, {""temp"": 21.03632, ""step"": 3, ""status"": 0, ""pres"": 966.503, ""meas_profile"": ""HP-4"", ""meas_id"": 4, ""hum"": 34.46968, ""gas_res"": 46109.51}, {""temp"": 21.19716, ""step"": 3, ""status"": 0, ""pres"": 966.0912, ""meas_profile"": ""HP-3"", ""meas_id"": 3, ""hum"": 35.01186, ""gas_res"": 28138.05}, {""temp"": 21.10563, ""step"": 3, ""status"": 0, ""pres"": 966.2866, ""meas_profile"": ""HP-2"", ""meas_id"": 2, ""hum"": 35.20792, ""gas_res"": 43434.0}, {""temp"": 20.86227, ""step"": 3, ""status"": 0, ""pres"": 966.3324, ""meas_profile"": ""HP-1"", ""meas_id"": 1, ""hum"": 33.62561, ""gas_res"": 28667.41}]}",NULL,"2025-10-27 11:43:54.888478"
12485,"04a600b9b0b8","2025-10-27 11:43:12","4BhoIEOwCGPIwy5sCfhI","{""bme688"": [{""temp"": 21.34952, ""step"": 2, ""status"": 1, ""pres"": 966.3835, ""meas_profile"": ""HP-8"", ""meas_id"": 8, ""hum"": 34.98341, ""gas_res"": 16675.35}, {""temp"": 21.32268, ""step"": 2, ""status"": 1, ""pres"": 966.5369, ""meas_profile"": ""HP-7"", ""meas_id"": 7, ""hum"": 34.87592, ""gas_res"": 22284.12}, {""temp"": 21.39715, ""step"": 2, ""status"": 1, ""pres"": 966.6534, ""meas_profile"": ""HP-6"", ""meas_id"": 6, ""hum"": 34.76603, ""gas_res"": 79061.15}, {""temp"": 21.28006, ""step"": 2, ""status"": 1, ""pres"": 966.4152, ""meas_profile"": ""HP-5"", ""meas_id"": 5, ""hum"": 34.95712, ""gas_res"": 246568.8}, {""temp"": 21.03477, ""step"": 2, ""status"": 1, ""pres"": 966.5037, ""meas_profile"": ""HP-4"", ""meas_id"": 4, ""hum"": 34.48679, ""gas_res"": 400078.1}, {""temp"": 21.19561, ""step"": 2, ""status"": 1, ""pres"": 966.0904, ""meas_profile"": ""HP-3"", ""meas_id"": 3, ""hum"": 35.00022, ""gas_res"": 179209.0}, {""temp"": 21.10408, ""step"": 2, ""status"": 1, ""pres"": 966.2858, ""meas_profile"": ""HP-2"", ""meas_id"": 2, ""hum"": 35.20208, ""gas_res"": 315659.7}, {""temp"": 20.86071, ""step"": 2, ""status"": 1, ""pres"": 966.3317, ""meas_profile"": ""HP-1"", ""meas_id"": 1, ""hum"": 33.61963, ""gas_res"": 236325.9}]}",NULL,"2025-10-27 11:43:56.10962"
12486,"04a600b9b0b8","2025-10-27 11:43:12","4BhoIEOwCGPIwy5sCfhI","{""bme688"": [{""temp"": 21.34829, ""step"": 1, ""status"": 1, ""pres"": 966.3831, ""meas_profile"": ""HP-8"", ""meas_id"": 8, ""hum"": 34.9833, ""gas_res"": 7181.329}, {""temp"": 21.32175, ""step"": 1, ""status"": 1, ""pres"": 966.5371, ""meas_profile"": ""HP-7"", ""meas_id"": 7, ""hum"": 34.87583, ""gas_res"": 7309.273}, {""temp"": 21.39622, ""step"": 1, ""status"": 1, ""pres"": 966.6536, ""meas_profile"": ""HP-6"", ""meas_id"": 6, ""hum"": 34.76595, ""gas_res"": 25000.0}, {""temp"": 21.27913, ""step"": 1, ""status"": 1, ""pres"": 966.4155, ""meas_profile"": ""HP-5"", ""meas_id"": 5, ""hum"": 34.96838, ""gas_res"": 36707.77}, {""temp"": 21.03353, ""step"": 1, ""status"": 1, ""pres"": 966.5033, ""meas_profile"": ""HP-4"", ""meas_id"": 4, ""hum"": 34.49816, ""gas_res"": 42909.82}, {""temp"": 21.19468, ""step"": 1, ""status"": 1, ""pres"": 966.0887, ""meas_profile"": ""HP-3"", ""meas_id"": 3, ""hum"": 35.00588, ""gas_res"": 25437.2}, {""temp"": 21.10283, ""step"": 1, ""status"": 1, ""pres"": 966.2854, ""meas_profile"": ""HP-2"", ""meas_id"": 2, ""hum"": 35.20765, ""gas_res"": 35664.53}, {""temp"": 20.85947, ""step"": 1, ""status"": 1, ""pres"": 966.3315, ""meas_profile"": ""HP-1"", ""meas_id"": 1, ""hum"": 33.63702, ""gas_res"": 26512.01}]}",NULL,"2025-10-27 11:43:57.371938"
12487,"04a600b9b0b8","2025-10-27 11:43:12","4BhoIEOwCGPIwy5sCfhI","{""bme688"": [{""temp"": 21.34674, ""step"": 0, ""status"": 1, ""pres"": 966.3826, ""meas_profile"": ""HP-8"", ""meas_id"": 8, ""hum"": 34.98888, ""gas_res"": 5684.846}, {""temp"": 21.31989, ""step"": 0, ""status"": 1, ""pres"": 966.5356, ""meas_profile"": ""HP-7"", ""meas_id"": 7, ""hum"": 34.87566, ""gas_res"": 5684.846}, {""temp"": 21.39499, ""step"": 0, ""status"": 1, ""pres"": 966.6534, ""meas_profile"": ""HP-6"", ""meas_id"": 6, ""hum"": 34.78307, ""gas_res"": 6823.028}, {""temp"": 21.27787, ""step"": 0, ""status"": 1, ""pres"": 966.4151, ""meas_profile"": ""HP-5"", ""meas_id"": 5, ""hum"": 34.97963, ""gas_res"": 25000.0}, {""temp"": 21.0326, ""step"": 0, ""status"": 1, ""pres"": 966.5034, ""meas_profile"": ""HP-4"", ""meas_id"": 4, ""hum"": 34.49808, ""gas_res"": 25000.0}, {""temp"": 21.19345, ""step"": 0, ""status"": 1, ""pres"": 966.0886, ""meas_profile"": ""HP-3"", ""meas_id"": 3, ""hum"": 35.01727, ""gas_res"": 6583.008}, {""temp"": 21.1019, ""step"": 0, ""status"": 1, ""pres"": 966.2855, ""meas_profile"": ""HP-2"", ""meas_id"": 2, ""hum"": 35.22462, ""gas_res"": 8429.926}, {""temp"": 20.85823, ""step"": 0, ""status"": 1, ""pres"": 966.3317, ""meas_profile"": ""HP-1"", ""meas_id"": 1, ""hum"": 33.64275, ""gas_res"": 6906.972}]}",NULL,"2025-10-27 11:43:58.64359"
12488,"04a600b9b0b8","2025-10-27 11:42:45","4BhoIEOwCGPIwy5sCfhI","{""zphs01b"": {""voc"": 0, ""temp"": 19.4, ""pm2_5"": 0, ""pm1_0"": 0, ""pm10"": 340, ""o3"": 0.02, ""no2"": 4.08, ""hum"": 0, ""fmhd"": 0, ""co2"": 5000, ""co"": 0.0}, ""smell_b"": {}, ""sfa30"": {""temp"": 21.405, ""hum"": 35.63, ""fmhd"": 1.6}, ""sen5x"": {""voc"": 131.0, ""temp"": 21.335, ""pm4_0"": 4809.5, ""pm2_5"": 4809.5, ""pm1_0"": 4586.1, ""pm10"": 4809.5, ""nox"": 1.0, ""mass_c"": 4753.65, ""hum"": 41.05}, ""scd41"": {""temp"": 21.17609, ""hum"": 37.78897, ""co2"": 688}, ""power_source"": 0, ""mics6814"": {""red_res"": 0, ""no2_res"": 0, ""no2"": 0.17, ""nh3_res"": 0, ""nh3"": 0.73, ""co_res"": 0, ""co"": 44.0}}",NULL,"2025-10-27 11:43:59.899415"
12489,"04a600b9b0b8","2025-10-27 11:42:45","4BhoIEOwCGPIwy5sCfhI","{""bme688"": [{""temp"": 21.3452, ""step"": 9, ""status"": 1, ""pres"": 966.38, ""meas_profile"": ""HP-8"", ""meas_id"": 8, ""hum"": 34.98874, ""gas_res"": 5684.846}, {""temp"": 21.31865, ""step"": 9, ""status"": 1, ""pres"": 966.5353, ""meas_profile"": ""HP-7"", ""meas_id"": 7, ""hum"": 34.88121, ""gas_res"": 5684.846}, {""temp"": 21.39376, ""step"": 9, ""status"": 1, ""pres"": 966.6532, ""meas_profile"": ""HP-6"", ""meas_id"": 6, ""hum"": 34.79445, ""gas_res"": 6203.955}, {""temp"": 21.27694, ""step"": 9, ""status"": 1, ""pres"": 966.4152, ""meas_profile"": ""HP-5"", ""meas_id"": 5, ""hum"": 34.97954, ""gas_res"": 25000.0}, {""temp"": 21.03135, ""step"": 9, ""status"": 1, ""pres"": 966.5031, ""meas_profile"": ""HP-4"", ""meas_id"": 4, ""hum"": 34.49797, ""gas_res"": 25000.0}, {""temp"": 21.19221, ""step"": 9, ""status"": 1, ""pres"": 966.0881, ""meas_profile"": ""HP-3"", ""meas_id"": 3, ""hum"": 35.01141, ""gas_res"": 6836.146}, {""temp"": 21.10066, ""step"": 9, ""status"": 1, ""pres"": 966.287, ""meas_profile"": ""HP-2"", ""meas_id"": 2, ""hum"": 35.21313, ""gas_res"": 8134.214}, {""temp"": 20.85698, ""step"": 9, ""status"": 1, ""pres"": 966.3315, ""meas_profile"": ""HP-1"", ""meas_id"": 1, ""hum"": 33.64847, ""gas_res"": 6607.475}]}",NULL,"2025-10-27 11:44:01.219081"
12490,"04a600b9b0b8","2025-10-27 11:42:45","4BhoIEOwCGPIwy5sCfhI","{""bme688"": [{""temp"": 21.34365, ""step"": 8, ""status"": 1, ""pres"": 966.3795, ""meas_profile"": ""HP-8"", ""meas_id"": 8, ""hum"": 35.00006, ""gas_res"": 5684.846}, {""temp"": 21.31709, ""step"": 8, ""status"": 1, ""pres"": 966.5344, ""meas_profile"": ""HP-7"", ""meas_id"": 7, ""hum"": 34.8754, ""gas_res"": 5684.846}, {""temp"": 21.39252, ""step"": 8, ""status"": 1, ""pres"": 966.6528, ""meas_profile"": ""HP-6"", ""meas_id"": 6, ""hum"": 34.78284, ""gas_res"": 6467.259}, {""temp"": 21.27569, ""step"": 8, ""status"": 1, ""pres"": 966.4149, ""meas_profile"": ""HP-5"", ""meas_id"": 5, ""hum"": 34.97375, ""gas_res"": 25000.0}, {""temp"": 21.03011, ""step"": 8, ""status"": 1, ""pres"": 966.5044, ""meas_profile"": ""HP-4"", ""meas_id"": 4, ""hum"": 34.5036, ""gas_res"": 25000.0}, {""temp"": 21.19097, ""step"": 8, ""status"": 1, ""pres"": 966.088, ""meas_profile"": ""HP-3"", ""meas_id"": 3, ""hum"": 35.01704, ""gas_res"": 6405.124}, {""temp"": 21.09942, ""step"": 8, ""status"": 1, ""pres"": 966.2864, ""meas_profile"": ""HP-2"", ""meas_id"": 2, ""hum"": 35.21302, ""gas_res"": 7970.112}, {""temp"": 20.85605, ""step"": 8, ""status"": 1, ""pres"": 966.3318, ""meas_profile"": ""HP-1"", ""meas_id"": 1, ""hum"": 33.64255, ""gas_res"": 6628.003}]}",NULL,"2025-10-27 11:44:02.486259"
12491,"04a600b9b0b8","2025-10-27 11:42:45","4BhoIEOwCGPIwy5sCfhI","{""bme688"": [{""temp"": 21.34211, ""step"": 7, ""status"": 1, ""pres"": 966.3787, ""meas_profile"": ""HP-8"", ""meas_id"": 8, ""hum"": 34.99992, ""gas_res"": 5684.846}, {""temp"": 21.31554, ""step"": 7, ""status"": 1, ""pres"": 966.5335, ""meas_profile"": ""HP-7"", ""meas_id"": 7, ""hum"": 34.88092, ""gas_res"": 5684.846}, {""temp"": 21.39128, ""step"": 7, ""status"": 1, ""pres"": 966.6527, ""meas_profile"": ""HP-6"", ""meas_id"": 6, ""hum"": 34.79997, ""gas_res"": 6498.781}, {""temp"": 21.27475, ""step"": 7, ""status"": 1, ""pres"": 966.4151, ""meas_profile"": ""HP-5"", ""meas_id"": 5, ""hum"": 34.98502, ""gas_res"": 25000.0}, {""temp"": 21.02918, ""step"": 7, ""status"": 1, ""pres"": 966.5045, ""meas_profile"": ""HP-4"", ""meas_id"": 4, ""hum"": 34.50926, ""gas_res"": 22448.26}, {""temp"": 21.18943, ""step"": 7, ""status"": 1, ""pres"": 966.087, ""meas_profile"": ""HP-3"", ""meas_id"": 3, ""hum"": 35.00539, ""gas_res"": 8298.755}, {""temp"": 21.09818, ""step"": 7, ""status"": 1, ""pres"": 966.2862, ""meas_profile"": ""HP-2"", ""meas_id"": 2, ""hum"": 35.23565, ""gas_res"": 7579.346}, {""temp"": 20.85449, ""step"": 7, ""status"": 1, ""pres"": 966.3313, ""meas_profile"": ""HP-1"", ""meas_id"": 1, ""hum"": 33.65992, ""gas_res"": 6310.393}]}",NULL,"2025-10-27 11:44:03.770192"
12492,"04a600b9b0b8","2025-10-27 11:42:45","4BhoIEOwCGPIwy5sCfhI","{""bme688"": [{""temp"": 21.34087, ""step"": 6, ""status"": 1, ""pres"": 966.3787, ""meas_profile"": ""HP-8"", ""meas_id"": 8, ""hum"": 35.00553, ""gas_res"": 8864.266}, {""temp"": 21.31461, ""step"": 6, ""status"": 1, ""pres"": 966.5336, ""meas_profile"": ""HP-7"", ""meas_id"": 7, ""hum"": 34.89217, ""gas_res"": 11367.67}, {""temp"": 21.39005, ""step"": 6, ""status"": 1, ""pres"": 966.6523, ""meas_profile"": ""HP-6"", ""meas_id"": 6, ""hum"": 34.78262, ""gas_res"": 27735.64}, {""temp"": 21.27349, ""step"": 6, ""status"": 1, ""pres"": 966.4146, ""meas_profile"": ""HP-5"", ""meas_id"": 5, ""hum"": 34.9849, ""gas_res"": 104362.0}, {""temp"": 21.02762, ""step"": 6, ""status"": 1, ""pres"": 966.5052, ""meas_profile"": ""HP-4"", ""meas_id"": 4, ""hum"": 34.50337, ""gas_res"": 118573.4}, {""temp"": 21.18819, ""step"": 6, ""status"": 1, ""pres"": 966.0868, ""meas_profile"": ""HP-3"", ""meas_id"": 3, ""hum"": 35.01678, ""gas_res"": 43434.0}, {""temp"": 21.09694, ""step"": 6, ""status"": 1, ""pres"": 966.2859, ""meas_profile"": ""HP-2"", ""meas_id"": 2, ""hum"": 35.23553, ""gas_res"": 100000.0}, {""temp"": 20.85324, ""step"": 6, ""status"": 1, ""pres"": 966.3312, ""meas_profile"": ""HP-1"", ""meas_id"": 1, ""hum"": 33.6423, ""gas_res"": 88306.31}]}",NULL,"2025-10-27 11:44:05.149625"
12493,"04a600b9b0b8","2025-10-27 11:42:45","4BhoIEOwCGPIwy5sCfhI","{""bme688"": [{""temp"": 21.33964, ""step"": 5, ""status"": 1, ""pres"": 966.3784, ""meas_profile"": ""HP-8"", ""meas_id"": 8, ""hum"": 35.02261, ""gas_res"": 8856.905}, {""temp"": 21.31368, ""step"": 5, ""status"": 1, ""pres"": 966.5339, ""meas_profile"": ""HP-7"", ""meas_id"": 7, ""hum"": 34.90341, ""gas_res"": 11331.44}, {""temp"": 21.38881, ""step"": 5, ""status"": 1, ""pres"": 966.6521, ""meas_profile"": ""HP-6"", ""meas_id"": 6, ""hum"": 34.79399, ""gas_res"": 27789.84}, {""temp"": 21.27225, ""step"": 5, ""status"": 1, ""pres"": 966.4144, ""meas_profile"": ""HP-5"", ""meas_id"": 5, ""hum"": 34.98479, ""gas_res"": 105785.1}, {""temp"": 21.02638, ""step"": 5, ""status"": 1, ""pres"": 966.5049, ""meas_profile"": ""HP-4"", ""meas_id"": 4, ""hum"": 34.50901, ""gas_res"": 120754.7}, {""temp"": 21.18695, ""step"": 5, ""status"": 1, ""pres"": 966.0864, ""meas_profile"": ""HP-3"", ""meas_id"": 3, ""hum"": 35.01666, ""gas_res"": 42780.75}, {""temp"": 21.09569, ""step"": 5, ""status"": 1, ""pres"": 966.2856, ""meas_profile"": ""HP-2"", ""meas_id"": 2, ""hum"": 35.23542, ""gas_res"": 100000.0}, {""temp"": 20.85169, ""step"": 5, ""status"": 1, ""pres"": 966.3323, ""meas_profile"": ""HP-1"", ""meas_id"": 1, ""hum"": 33.63632, ""gas_res"": 85906.04}]}",NULL,"2025-10-27 11:44:06.316881"
12494,"04a600b9b0b8","2025-10-27 11:42:45","4BhoIEOwCGPIwy5sCfhI","{""bme688"": [{""temp"": 21.3384, ""step"": 4, ""status"": 1, ""pres"": 966.3765, ""meas_profile"": ""HP-8"", ""meas_id"": 8, ""hum"": 35.03397, ""gas_res"": 8961.075}, {""temp"": 21.31275, ""step"": 4, ""status"": 1, ""pres"": 966.5338, ""meas_profile"": ""HP-7"", ""meas_id"": 7, ""hum"": 34.91465, ""gas_res"": 11331.44}, {""temp"": 21.38758, ""step"": 4, ""status"": 1, ""pres"": 966.6501, ""meas_profile"": ""HP-6"", ""meas_id"": 6, ""hum"": 34.82262, ""gas_res"": 28008.75}, {""temp"": 21.27068, ""step"": 4, ""status"": 1, ""pres"": 966.4133, ""meas_profile"": ""HP-5"", ""meas_id"": 5, ""hum"": 34.99031, ""gas_res"": 108474.6}, {""temp"": 21.02483, ""step"": 4, ""status"": 1, ""pres"": 966.5039, ""meas_profile"": ""HP-4"", ""meas_id"": 4, ""hum"": 34.52611, ""gas_res"": 124543.9}, {""temp"": 21.18572, ""step"": 4, ""status"": 1, ""pres"": 966.0845, ""meas_profile"": ""HP-3"", ""meas_id"": 3, ""hum"": 35.04533, ""gas_res"": 42063.75}, {""temp"": 21.09476, ""step"": 4, ""status"": 1, ""pres"": 966.2859, ""meas_profile"": ""HP-2"", ""meas_id"": 2, ""hum"": 35.26377, ""gas_res"": 100000.0}, {""temp"": 20.85044, ""step"": 4, ""status"": 1, ""pres"": 966.3323, ""meas_profile"": ""HP-1"", ""meas_id"": 1, ""hum"": 33.65955, ""gas_res"": 84880.63}]}",NULL,"2025-10-27 11:44:07.597182"
12495,"04a600b9b0b8","2025-10-27 11:42:45","4BhoIEOwCGPIwy5sCfhI","{""bme688"": [{""temp"": 21.33686, ""step"": 3, ""status"": 0, ""pres"": 966.3758, ""meas_profile"": ""HP-8"", ""meas_id"": 8, ""hum"": 35.05102, ""gas_res"": 5684.846}, {""temp"": 21.3115, ""step"": 3, ""status"": 0, ""pres"": 966.5336, ""meas_profile"": ""HP-7"", ""meas_id"": 7, ""hum"": 34.92021, ""gas_res"": 6961.062}, {""temp"": 21.38635, ""step"": 3, ""status"": 0, ""pres"": 966.6498, ""meas_profile"": ""HP-6"", ""meas_id"": 6, ""hum"": 34.82249, ""gas_res"": 15740.29}, {""temp"": 21.26943, ""step"": 3, ""status"": 0, ""pres"": 966.413, ""meas_profile"": ""HP-5"", ""meas_id"": 5, ""hum"": 35.00156, ""gas_res"": 36056.34}, {""temp"": 21.02328, ""step"": 3, ""status"": 0, ""pres"": 966.5048, ""meas_profile"": ""HP-4"", ""meas_id"": 4, ""hum"": 34.52022, ""gas_res"": 39677.62}, {""temp"": 21.18417, ""step"": 3, ""status"": 0, ""pres"": 966.0837, ""meas_profile"": ""HP-3"", ""meas_id"": 3, ""hum"": 35.05093, ""gas_res"": 23952.1}, {""temp"": 21.0929, ""step"": 3, ""status"": 0, ""pres"": 966.2844, ""meas_profile"": ""HP-2"", ""meas_id"": 2, ""hum"": 35.24653, ""gas_res"": 36056.34}, {""temp"": 20.84889, ""step"": 3, ""status"": 0, ""pres"": 966.3298, ""meas_profile"": ""HP-1"", ""meas_id"": 1, ""hum"": 33.6886, ""gas_res"": 24460.16}]}",NULL,"2025-10-27 11:44:08.893677"
12496,"04a600b9b0b8","2025-10-27 11:42:45","4BhoIEOwCGPIwy5sCfhI","{""bme688"": [{""temp"": 21.33593, ""step"": 2, ""status"": 1, ""pres"": 966.3761, ""meas_profile"": ""HP-8"", ""meas_id"": 8, ""hum"": 35.02227, ""gas_res"": 19282.92}, {""temp"": 21.31057, ""step"": 2, ""status"": 1, ""pres"": 966.532, ""meas_profile"": ""HP-7"", ""meas_id"": 7, ""hum"": 34.90879, ""gas_res"": 25744.17}, {""temp"": 21.38511, ""step"": 2, ""status"": 1, ""pres"": 966.6496, ""meas_profile"": ""HP-6"", ""meas_id"": 6, ""hum"": 34.81089, ""gas_res"": 85390.26}, {""temp"": 21.26818, ""step"": 2, ""status"": 1, ""pres"": 966.4126, ""meas_profile"": ""HP-5"", ""meas_id"": 5, ""hum"": 35.00145, ""gas_res"": 252030.5}, {""temp"": 21.02172, ""step"": 2, ""status"": 1, ""pres"": 966.5039, ""meas_profile"": ""HP-4"", ""meas_id"": 4, ""hum"": 34.53157, ""gas_res"": 364932.3}, {""temp"": 21.18262, ""step"": 2, ""status"": 1, ""pres"": 966.0826, ""meas_profile"": ""HP-3"", ""meas_id"": 3, ""hum"": 35.05655, ""gas_res"": 158415.8}, {""temp"": 21.09166, ""step"": 2, ""status"": 1, ""pres"": 966.2856, ""meas_profile"": ""HP-2"", ""meas_id"": 2, ""hum"": 35.26918, ""gas_res"": 272993.9}, {""temp"": 20.84733, ""step"": 2, ""status"": 1, ""pres"": 966.3311, ""meas_profile"": ""HP-1"", ""meas_id"": 1, ""hum"": 33.67679, ""gas_res"": 202171.8}]}",NULL,"2025-10-27 11:44:10.263408"
12497,"04a600b9b0b8","2025-10-27 11:42:45","4BhoIEOwCGPIwy5sCfhI","{""bme688"": [{""temp"": 21.3347, ""step"": 1, ""status"": 1, ""pres"": 966.3741, ""meas_profile"": ""HP-8"", ""meas_id"": 8, ""hum"": 35.01068, ""gas_res"": 6355.511}, {""temp"": 21.30933, ""step"": 1, ""status"": 1, ""pres"": 966.5316, ""meas_profile"": ""HP-7"", ""meas_id"": 7, ""hum"": 34.90867, ""gas_res"": 7650.012}, {""temp"": 21.38419, ""step"": 1, ""status"": 1, ""pres"": 966.6481, ""meas_profile"": ""HP-6"", ""meas_id"": 6, ""hum"": 34.81655, ""gas_res"": 25000.0}, {""temp"": 21.26693, ""step"": 1, ""status"": 1, ""pres"": 966.4123, ""meas_profile"": ""HP-5"", ""meas_id"": 5, ""hum"": 34.99565, ""gas_res"": 32837.35}, {""temp"": 21.02079, ""step"": 1, ""status"": 1, ""pres"": 966.5042, ""meas_profile"": ""HP-4"", ""meas_id"": 4, ""hum"": 34.52574, ""gas_res"": 34735.41}, {""temp"": 21.18139, ""step"": 1, ""status"": 1, ""pres"": 966.0826, ""meas_profile"": ""HP-3"", ""meas_id"": 3, ""hum"": 35.03916, ""gas_res"": 25000.0}, {""temp"": 21.09041, ""step"": 1, ""status"": 1, ""pres"": 966.2837, ""meas_profile"": ""HP-2"", ""meas_id"": 2, ""hum"": 35.25768, ""gas_res"": 28027.15}, {""temp"": 20.84609, ""step"": 1, ""status"": 1, ""pres"": 966.3292, ""meas_profile"": ""HP-1"", ""meas_id"": 1, ""hum"": 33.665, ""gas_res"": 25000.0}]}",NULL,"2025-10-27 11:44:11.434356"
12498,"04a600b9b0b8","2025-10-27 11:42:45","4BhoIEOwCGPIwy5sCfhI","{""bme688"": [{""temp"": 21.33315, ""step"": 0, ""status"": 1, ""pres"": 966.3736, ""meas_profile"": ""HP-8"", ""meas_id"": 8, ""hum"": 35.03347, ""gas_res"": 5684.846}, {""temp"": 21.30778, ""step"": 0, ""status"": 1, ""pres"": 966.5307, ""meas_profile"": ""HP-7"", ""meas_id"": 7, ""hum"": 34.91986, ""gas_res"": 5684.846}, {""temp"": 21.38295, ""step"": 0, ""status"": 1, ""pres"": 966.6479, ""meas_profile"": ""HP-6"", ""meas_id"": 6, ""hum"": 34.83942, ""gas_res"": 6875.806}, {""temp"": 21.26599, ""step"": 0, ""status"": 1, ""pres"": 966.4124, ""meas_profile"": ""HP-5"", ""meas_id"": 5, ""hum"": 35.0126, ""gas_res"": 25000.0}, {""temp"": 21.01986, ""step"": 0, ""status"": 1, ""pres"": 966.5042, ""meas_profile"": ""HP-4"", ""meas_id"": 4, ""hum"": 34.53716, ""gas_res"": 22662.89}, {""temp"": 21.18015, ""step"": 0, ""status"": 1, ""pres"": 966.0804, ""meas_profile"": ""HP-3"", ""meas_id"": 3, ""hum"": 35.0448, ""gas_res"": 7952.286}, {""temp"": 21.08917, ""step"": 0, ""status"": 1, ""pres"": 966.2833, ""meas_profile"": ""HP-2"", ""meas_id"": 2, ""hum"": 35.25757, ""gas_res"": 7123.775}, {""temp"": 20.84453, ""step"": 0, ""status"": 1, ""pres"": 966.3287, ""meas_profile"": ""HP-1"", ""meas_id"": 1, ""hum"": 33.67653, ""gas_res"": 5954.596}]}",NULL,"2025-10-27 11:44:12.730615"
12499,"04a600b9b0b8","2025-10-27 11:44:44","4BhoIEOwCGPIwy5sCfhI","{""zphs01b"": {""voc"": 0, ""temp"": 19.5, ""pm2_5"": 0, ""pm1_0"": 0, ""pm10"": 358, ""o3"": 0.09, ""no2"": 10.0, ""hum"": 0, ""fmhd"": 0, ""co2"": 5000, ""co"": 0.0}, ""smell_b"": {}, ""sfa30"": {""temp"": 21.49, ""hum"": 35.51, ""fmhd"": 2.0}, ""sen5x"": {""voc"": 123.0, ""temp"": 21.285, ""pm4_0"": 4461.4, ""pm2_5"": 4461.4, ""pm1_0"": 4254.2, ""pm10"": 4461.4, ""nox"": 1.0, ""mass_c"": 4409.6, ""hum"": 41.22}, ""scd41"": {""temp"": 21.29359, ""hum"": 37.57076, ""co2"": 697}, ""power_source"": 0, ""mics6814"": {""red_res"": 0, ""no2_res"": 0, ""no2"": 0.17, ""nh3_res"": 0, ""nh3"": 0.73, ""co_res"": 0, ""co"": 44.0}}",NULL,"2025-10-27 11:45:16.37677"
12500,"04a600b9b0b8","2025-10-27 11:44:44","4BhoIEOwCGPIwy5sCfhI","{""bme688"": [{""temp"": 21.39214, ""step"": 9, ""status"": 1, ""pres"": 966.4202, ""meas_profile"": ""HP-8"", ""meas_id"": 8, ""hum"": 34.85563, ""gas_res"": 5684.846}, {""temp"": 21.36088, ""step"": 9, ""status"": 1, ""pres"": 966.5613, ""meas_profile"": ""HP-7"", ""meas_id"": 7, ""hum"": 34.74356, ""gas_res"": 5684.846}, {""temp"": 21.43512, ""step"": 9, ""status"": 1, ""pres"": 966.6797, ""meas_profile"": ""HP-6"", ""meas_id"": 6, ""hum"": 34.63172, ""gas_res"": 6467.259}, {""temp"": 21.3179, ""step"": 9, ""status"": 1, ""pres"": 966.4335, ""meas_profile"": ""HP-5"", ""meas_id"": 5, ""hum"": 34.82439, ""gas_res"": 25000.0}, {""temp"": 21.07484, ""step"": 9, ""status"": 1, ""pres"": 966.5211, ""meas_profile"": ""HP-4"", ""meas_id"": 4, ""hum"": 34.30088, ""gas_res"": 25000.0}, {""temp"": 21.23829, ""step"": 9, ""status"": 1, ""pres"": 966.126, ""meas_profile"": ""HP-3"", ""meas_id"": 3, ""hum"": 34.8202, ""gas_res"": 7162.041}, {""temp"": 21.146, ""step"": 9, ""status"": 1, ""pres"": 966.3123, ""meas_profile"": ""HP-2"", ""meas_id"": 2, ""hum"": 35.03547, ""gas_res"": 8719.346}, {""temp"": 20.90366, ""step"": 9, ""status"": 1, ""pres"": 966.356, ""meas_profile"": ""HP-1"", ""meas_id"": 1, ""hum"": 33.46603, ""gas_res"": 6858.123}]}",NULL,"2025-10-27 11:45:17.994581"
12501,"04a600b9b0b8","2025-10-27 11:44:44","4BhoIEOwCGPIwy5sCfhI","{""bme688"": [{""temp"": 21.3906, ""step"": 8, ""status"": 1, ""pres"": 966.4196, ""meas_profile"": ""HP-8"", ""meas_id"": 8, ""hum"": 34.85548, ""gas_res"": 5684.846}, {""temp"": 21.35901, ""step"": 8, ""status"": 1, ""pres"": 966.5599, ""meas_profile"": ""HP-7"", ""meas_id"": 7, ""hum"": 34.7264, ""gas_res"": 5684.846}, {""temp"": 21.43358, ""step"": 8, ""status"": 1, ""pres"": 966.6789, ""meas_profile"": ""HP-6"", ""meas_id"": 6, ""hum"": 34.62584, ""gas_res"": 6711.409}, {""temp"": 21.31665, ""step"": 8, ""status"": 1, ""pres"": 966.4316, ""meas_profile"": ""HP-5"", ""meas_id"": 5, ""hum"": 34.82428, ""gas_res"": 25000.0}, {""temp"": 21.07328, ""step"": 8, ""status"": 1, ""pres"": 966.5203, ""meas_profile"": ""HP-4"", ""meas_id"": 4, ""hum"": 34.31222, ""gas_res"": 25000.0}, {""temp"": 21.23674, ""step"": 8, ""status"": 1, ""pres"": 966.1253, ""meas_profile"": ""HP-3"", ""meas_id"": 3, ""hum"": 34.82006, ""gas_res"": 6711.409}, {""temp"": 21.14445, ""step"": 8, ""status"": 1, ""pres"": 966.3114, ""meas_profile"": ""HP-2"", ""meas_id"": 2, ""hum"": 35.02965, ""gas_res"": 8834.897}, {""temp"": 20.90211, ""step"": 8, ""status"": 1, ""pres"": 966.3555, ""meas_profile"": ""HP-1"", ""meas_id"": 1, ""hum"": 33.45424, ""gas_res"": 7152.437}]}",NULL,"2025-10-27 11:45:19.285448"
12524,"04a600b9b0b8","2025-10-27 11:44:44","4BhoIEOwCGPIwy5sCfhI","{""zphs01b"": {""voc"": 0, ""temp"": 19.5, ""pm2_5"": 0, ""pm1_0"": 0, ""pm10"": 358, ""o3"": 0.09, ""no2"": 10.0, ""hum"": 0, ""fmhd"": 0, ""co2"": 5000, ""co"": 0.0}, ""smell_b"": {}, ""sfa30"": {""temp"": 21.49, ""hum"": 35.51, ""fmhd"": 2.0}, ""sen5x"": {""voc"": 123.0, ""temp"": 21.285, ""pm4_0"": 4461.4, ""pm2_5"": 4461.4, ""pm1_0"": 4254.2, ""pm10"": 4461.4, ""nox"": 1.0, ""mass_c"": 4409.6, ""hum"": 41.22}, ""scd41"": {""temp"": 21.29359, ""hum"": 37.57076, ""co2"": 697}, ""power_source"": 0, ""mics6814"": {""red_res"": 0, ""no2_res"": 0, ""no2"": 0.17, ""nh3_res"": 0, ""nh3"": 0.73, ""co_res"": 0, ""co"": 44.0}}",NULL,"2025-10-27 12:31:02.225827"
12525,"04a600b9b0b8","2025-10-27 11:44:44","4BhoIEOwCGPIwy5sCfhI","{""bme688"": [{""temp"": 21.39214, ""step"": 9, ""status"": 1, ""pres"": 966.4202, ""meas_profile"": ""HP-8"", ""meas_id"": 8, ""hum"": 34.85563, ""gas_res"": 5684.846}, {""temp"": 21.36088, ""step"": 9, ""status"": 1, ""pres"": 966.5613, ""meas_profile"": ""HP-7"", ""meas_id"": 7, ""hum"": 34.74356, ""gas_res"": 5684.846}, {""temp"": 21.43512, ""step"": 9, ""status"": 1, ""pres"": 966.6797, ""meas_profile"": ""HP-6"", ""meas_id"": 6, ""hum"": 34.63172, ""gas_res"": 6467.259}, {""temp"": 21.3179, ""step"": 9, ""status"": 1, ""pres"": 966.4335, ""meas_profile"": ""HP-5"", ""meas_id"": 5, ""hum"": 34.82439, ""gas_res"": 25000.0}, {""temp"": 21.07484, ""step"": 9, ""status"": 1, ""pres"": 966.5211, ""meas_profile"": ""HP-4"", ""meas_id"": 4, ""hum"": 34.30088, ""gas_res"": 25000.0}, {""temp"": 21.23829, ""step"": 9, ""status"": 1, ""pres"": 966.126, ""meas_profile"": ""HP-3"", ""meas_id"": 3, ""hum"": 34.8202, ""gas_res"": 7162.041}, {""temp"": 21.146, ""step"": 9, ""status"": 1, ""pres"": 966.3123, ""meas_profile"": ""HP-2"", ""meas_id"": 2, ""hum"": 35.03547, ""gas_res"": 8719.346}, {""temp"": 20.90366, ""step"": 9, ""status"": 1, ""pres"": 966.356, ""meas_profile"": ""HP-1"", ""meas_id"": 1, ""hum"": 33.46603, ""gas_res"": 6858.123}]}",NULL,"2025-10-27 12:31:03.635592"
12526,"04a600b9b0b8","2025-10-27 11:44:44","4BhoIEOwCGPIwy5sCfhI","{""bme688"": [{""temp"": 21.3906, ""step"": 8, ""status"": 1, ""pres"": 966.4196, ""meas_profile"": ""HP-8"", ""meas_id"": 8, ""hum"": 34.85548, ""gas_res"": 5684.846}, {""temp"": 21.35901, ""step"": 8, ""status"": 1, ""pres"": 966.5599, ""meas_profile"": ""HP-7"", ""meas_id"": 7, ""hum"": 34.7264, ""gas_res"": 5684.846}, {""temp"": 21.43358, ""step"": 8, ""status"": 1, ""pres"": 966.6789, ""meas_profile"": ""HP-6"", ""meas_id"": 6, ""hum"": 34.62584, ""gas_res"": 6711.409}, {""temp"": 21.31665, ""step"": 8, ""status"": 1, ""pres"": 966.4316, ""meas_profile"": ""HP-5"", ""meas_id"": 5, ""hum"": 34.82428, ""gas_res"": 25000.0}, {""temp"": 21.07328, ""step"": 8, ""status"": 1, ""pres"": 966.5203, ""meas_profile"": ""HP-4"", ""meas_id"": 4, ""hum"": 34.31222, ""gas_res"": 25000.0}, {""temp"": 21.23674, ""step"": 8, ""status"": 1, ""pres"": 966.1253, ""meas_profile"": ""HP-3"", ""meas_id"": 3, ""hum"": 34.82006, ""gas_res"": 6711.409}, {""temp"": 21.14445, ""step"": 8, ""status"": 1, ""pres"": 966.3114, ""meas_profile"": ""HP-2"", ""meas_id"": 2, ""hum"": 35.02965, ""gas_res"": 8834.897}, {""temp"": 20.90211, ""step"": 8, ""status"": 1, ""pres"": 966.3555, ""meas_profile"": ""HP-1"", ""meas_id"": 1, ""hum"": 33.45424, ""gas_res"": 7152.437}]}",NULL,"2025-10-27 12:31:04.898451"
12527,"04a600b9b0b8","2025-10-27 11:44:44","4BhoIEOwCGPIwy5sCfhI","{""bme688"": [{""temp"": 21.38875, ""step"": 7, ""status"": 1, ""pres"": 966.4185, ""meas_profile"": ""HP-8"", ""meas_id"": 8, ""hum"": 34.86103, ""gas_res"": 5684.846}, {""temp"": 21.35715, ""step"": 7, ""status"": 1, ""pres"": 966.5586, ""meas_profile"": ""HP-7"", ""meas_id"": 7, ""hum"": 34.74887, ""gas_res"": 5684.846}, {""temp"": 21.43203, ""step"": 7, ""status"": 1, ""pres"": 966.6782, ""meas_profile"": ""HP-6"", ""meas_id"": 6, ""hum"": 34.62569, ""gas_res"": 6732.59}, {""temp"": 21.3154, ""step"": 7, ""status"": 1, ""pres"": 966.431, ""meas_profile"": ""HP-5"", ""meas_id"": 5, ""hum"": 34.80713, ""gas_res"": 25000.0}, {""temp"": 21.07173, ""step"": 7, ""status"": 1, ""pres"": 966.5176, ""meas_profile"": ""HP-4"", ""meas_id"": 4, ""hum"": 34.32356, ""gas_res"": 25000.0}, {""temp"": 21.23488, ""step"": 7, ""status"": 1, ""pres"": 966.124, ""meas_profile"": ""HP-3"", ""meas_id"": 3, ""hum"": 34.84287, ""gas_res"": 6428.285}, {""temp"": 21.1432, ""step"": 7, ""status"": 1, ""pres"": 966.3094, ""meas_profile"": ""HP-2"", ""meas_id"": 2, ""hum"": 35.03521, ""gas_res"": 8403.361}, {""temp"": 20.90055, ""step"": 7, ""status"": 1, ""pres"": 966.3531, ""meas_profile"": ""HP-1"", ""meas_id"": 1, ""hum"": 33.46575, ""gas_res"": 6906.972}]}",NULL,"2025-10-27 12:31:06.256244"
12528,"04a600b9b0b8","2025-10-27 11:44:44","4BhoIEOwCGPIwy5sCfhI","{""bme688"": [{""temp"": 21.3872, ""step"": 6, ""status"": 1, ""pres"": 966.4177, ""meas_profile"": ""HP-8"", ""meas_id"": 8, ""hum"": 34.86089, ""gas_res"": 8634.646}, {""temp"": 21.35622, ""step"": 6, ""status"": 1, ""pres"": 966.5588, ""meas_profile"": ""HP-7"", ""meas_id"": 7, ""hum"": 34.74312, ""gas_res"": 11072.66}, {""temp"": 21.43049, ""step"": 6, ""status"": 1, ""pres"": 966.6758, ""meas_profile"": ""HP-6"", ""meas_id"": 6, ""hum"": 34.62555, ""gas_res"": 28628.94}, {""temp"": 21.31352, ""step"": 6, ""status"": 1, ""pres"": 966.4296, ""meas_profile"": ""HP-5"", ""meas_id"": 5, ""hum"": 34.82398, ""gas_res"": 112330.0}, {""temp"": 21.07018, ""step"": 6, ""status"": 1, ""pres"": 966.5186, ""meas_profile"": ""HP-4"", ""meas_id"": 4, ""hum"": 34.32916, ""gas_res"": 132573.8}, {""temp"": 21.23334, ""step"": 6, ""status"": 1, ""pres"": 966.1215, ""meas_profile"": ""HP-3"", ""meas_id"": 3, ""hum"": 34.83123, ""gas_res"": 78407.35}, {""temp"": 21.14134, ""step"": 6, ""status"": 1, ""pres"": 966.308, ""meas_profile"": ""HP-2"", ""meas_id"": 2, ""hum"": 35.03503, ""gas_res"": 102482.0}, {""temp"": 20.89899, ""step"": 6, ""status"": 1, ""pres"": 966.3526, ""meas_profile"": ""HP-1"", ""meas_id"": 1, ""hum"": 33.47145, ""gas_res"": 100000.0}]}",NULL,"2025-10-27 12:31:07.46055"
12529,"04a600b9b0b8","2025-10-27 11:44:44","4BhoIEOwCGPIwy5sCfhI","{""bme688"": [{""temp"": 21.38566, ""step"": 5, ""status"": 1, ""pres"": 966.4154, ""meas_profile"": ""HP-8"", ""meas_id"": 8, ""hum"": 34.86074, ""gas_res"": 8524.241}, {""temp"": 21.35498, ""step"": 5, ""status"": 1, ""pres"": 966.5583, ""meas_profile"": ""HP-7"", ""meas_id"": 7, ""hum"": 34.72602, ""gas_res"": 10958.9}, {""temp"": 21.42895, ""step"": 5, ""status"": 1, ""pres"": 966.675, ""meas_profile"": ""HP-6"", ""meas_id"": 6, ""hum"": 34.62541, ""gas_res"": 28628.94}, {""temp"": 21.31196, ""step"": 5, ""status"": 1, ""pres"": 966.4288, ""meas_profile"": ""HP-5"", ""meas_id"": 5, ""hum"": 34.81249, ""gas_res"": 114056.6}, {""temp"": 21.06863, ""step"": 5, ""status"": 1, ""pres"": 966.5176, ""meas_profile"": ""HP-4"", ""meas_id"": 4, ""hum"": 34.31754, ""gas_res"": 135737.0}, {""temp"": 21.23148, ""step"": 5, ""status"": 1, ""pres"": 966.12, ""meas_profile"": ""HP-3"", ""meas_id"": 3, ""hum"": 34.82531, ""gas_res"": 77764.27}, {""temp"": 21.13979, ""step"": 5, ""status"": 1, ""pres"": 966.3073, ""meas_profile"": ""HP-2"", ""meas_id"": 2, ""hum"": 35.04058, ""gas_res"": 102605.2}, {""temp"": 20.89744, ""step"": 5, ""status"": 1, ""pres"": 966.3519, ""meas_profile"": ""HP-1"", ""meas_id"": 1, ""hum"": 33.45381, ""gas_res"": 100000.0}]}",NULL,"2025-10-27 12:31:08.742646"
12530,"04a600b9b0b8","2025-10-27 11:44:44","4BhoIEOwCGPIwy5sCfhI","{""bme688"": [{""temp"": 21.38411, ""step"": 4, ""status"": 1, ""pres"": 966.4146, ""meas_profile"": ""HP-8"", ""meas_id"": 8, ""hum"": 34.86633, ""gas_res"": 8572.194}, {""temp"": 21.35373, ""step"": 4, ""status"": 1, ""pres"": 966.5563, ""meas_profile"": ""HP-7"", ""meas_id"": 7, ""hum"": 34.75422, ""gas_res"": 10914.05}, {""temp"": 21.4274, ""step"": 4, ""status"": 1, ""pres"": 966.6743, ""meas_profile"": ""HP-6"", ""meas_id"": 6, ""hum"": 34.64249, ""gas_res"": 28822.34}, {""temp"": 21.3104, ""step"": 4, ""status"": 1, ""pres"": 966.4294, ""meas_profile"": ""HP-5"", ""meas_id"": 5, ""hum"": 34.83504, ""gas_res"": 117350.4}, {""temp"": 21.06707, ""step"": 4, ""status"": 1, ""pres"": 966.5168, ""meas_profile"": ""HP-4"", ""meas_id"": 4, ""hum"": 34.32313, ""gas_res"": 142064.4}, {""temp"": 21.22963, ""step"": 4, ""status"": 1, ""pres"": 966.1188, ""meas_profile"": ""HP-3"", ""meas_id"": 3, ""hum"": 34.80791, ""gas_res"": 78263.53}, {""temp"": 21.13792, ""step"": 4, ""status"": 1, ""pres"": 966.3059, ""meas_profile"": ""HP-2"", ""meas_id"": 2, ""hum"": 35.0404, ""gas_res"": 103476.1}, {""temp"": 20.89588, ""step"": 4, ""status"": 1, ""pres"": 966.3513, ""meas_profile"": ""HP-1"", ""meas_id"": 1, ""hum"": 33.48282, ""gas_res"": 100000.0}]}",NULL,"2025-10-27 12:31:10.022009"
12531,"04a600b9b0b8","2025-10-27 11:44:44","4BhoIEOwCGPIwy5sCfhI","{""bme688"": [{""temp"": 21.38226, ""step"": 3, ""status"": 0, ""pres"": 966.4136, ""meas_profile"": ""HP-8"", ""meas_id"": 8, ""hum"": 34.88906, ""gas_res"": 5684.846}, {""temp"": 21.35218, ""step"": 3, ""status"": 0, ""pres"": 966.5555, ""meas_profile"": ""HP-7"", ""meas_id"": 7, ""hum"": 34.76539, ""gas_res"": 6607.475}, {""temp"": 21.42586, ""step"": 3, ""status"": 0, ""pres"": 966.6719, ""meas_profile"": ""HP-6"", ""meas_id"": 6, ""hum"": 34.64809, ""gas_res"": 15567.99}, {""temp"": 21.30883, ""step"": 3, ""status"": 0, ""pres"": 966.4288, ""meas_profile"": ""HP-5"", ""meas_id"": 5, ""hum"": 34.84057, ""gas_res"": 37448.8}, {""temp"": 21.06552, ""step"": 3, ""status"": 0, ""pres"": 966.5158, ""meas_profile"": ""HP-4"", ""meas_id"": 4, ""hum"": 34.35746, ""gas_res"": 43611.59}, {""temp"": 21.22808, ""step"": 3, ""status"": 0, ""pres"": 966.1163, ""meas_profile"": ""HP-3"", ""meas_id"": 3, ""hum"": 34.85948, ""gas_res"": 26315.79}, {""temp"": 21.13606, ""step"": 3, ""status"": 0, ""pres"": 966.3045, ""meas_profile"": ""HP-2"", ""meas_id"": 2, ""hum"": 35.08, ""gas_res"": 39384.62}, {""temp"": 20.89401, ""step"": 3, ""status"": 0, ""pres"": 966.3486, ""meas_profile"": ""HP-1"", ""meas_id"": 1, ""hum"": 33.48265, ""gas_res"": 27049.87}]}",NULL,"2025-10-27 12:31:11.409686"
12532,"04a600b9b0b8","2025-10-27 11:44:44","4BhoIEOwCGPIwy5sCfhI","{""bme688"": [{""temp"": 21.38071, ""step"": 2, ""status"": 1, ""pres"": 966.411, ""meas_profile"": ""HP-8"", ""meas_id"": 8, ""hum"": 34.88892, ""gas_res"": 13372.34}, {""temp"": 21.35063, ""step"": 2, ""status"": 1, ""pres"": 966.5545, ""meas_profile"": ""HP-7"", ""meas_id"": 7, ""hum"": 34.76524, ""gas_res"": 17213.56}, {""temp"": 21.42432, ""step"": 2, ""status"": 1, ""pres"": 966.6711, ""meas_profile"": ""HP-6"", ""meas_id"": 6, ""hum"": 34.66517, ""gas_res"": 54444.92}, {""temp"": 21.30727, ""step"": 2, ""status"": 1, ""pres"": 966.4261, ""meas_profile"": ""HP-5"", ""meas_id"": 5, ""hum"": 34.8461, ""gas_res"": 153707.6}, {""temp"": 21.06366, ""step"": 2, ""status"": 1, ""pres"": 966.5143, ""meas_profile"": ""HP-4"", ""meas_id"": 4, ""hum"": 34.34579, ""gas_res"": 253528.1}, {""temp"": 21.22622, ""step"": 2, ""status"": 1, ""pres"": 966.1149, ""meas_profile"": ""HP-3"", ""meas_id"": 3, ""hum"": 34.85931, ""gas_res"": 114978.7}, {""temp"": 21.1342, ""step"": 2, ""status"": 1, ""pres"": 966.3031, ""meas_profile"": ""HP-2"", ""meas_id"": 2, ""hum"": 35.08551, ""gas_res"": 201574.8}, {""temp"": 20.89215, ""step"": 2, ""status"": 1, ""pres"": 966.3474, ""meas_profile"": ""HP-1"", ""meas_id"": 1, ""hum"": 33.48831, ""gas_res"": 145083.6}]}",NULL,"2025-10-27 12:31:12.600422"
12533,"04a600b9b0b8","2025-10-27 11:44:44","4BhoIEOwCGPIwy5sCfhI","{""bme688"": [{""temp"": 21.37917, ""step"": 1, ""status"": 1, ""pres"": 966.4104, ""meas_profile"": ""HP-8"", ""meas_id"": 8, ""hum"": 34.88878, ""gas_res"": 6042.296}, {""temp"": 21.34908, ""step"": 1, ""status"": 1, ""pres"": 966.5519, ""meas_profile"": ""HP-7"", ""meas_id"": 7, ""hum"": 34.78775, ""gas_res"": 7349.563}, {""temp"": 21.42308, ""step"": 1, ""status"": 1, ""pres"": 966.669, ""meas_profile"": ""HP-6"", ""meas_id"": 6, ""hum"": 34.6708, ""gas_res"": 25000.0}, {""temp"": 21.30602, ""step"": 1, ""status"": 1, ""pres"": 966.4275, ""meas_profile"": ""HP-5"", ""meas_id"": 5, ""hum"": 34.85733, ""gas_res"": 36581.88}, {""temp"": 21.06211, ""step"": 1, ""status"": 1, ""pres"": 966.512, ""meas_profile"": ""HP-4"", ""meas_id"": 4, ""hum"": 34.34565, ""gas_res"": 42105.26}, {""temp"": 21.22468, ""step"": 1, ""status"": 1, ""pres"": 966.114, ""meas_profile"": ""HP-3"", ""meas_id"": 3, ""hum"": 34.85342, ""gas_res"": 24516.38}, {""temp"": 21.13265, ""step"": 1, ""status"": 1, ""pres"": 966.3024, ""meas_profile"": ""HP-2"", ""meas_id"": 2, ""hum"": 35.09105, ""gas_res"": 35135.88}, {""temp"": 20.8909, ""step"": 1, ""status"": 1, ""pres"": 966.3473, ""meas_profile"": ""HP-1"", ""meas_id"": 1, ""hum"": 33.49403, ""gas_res"": 25713.14}]}",NULL,"2025-10-27 12:31:13.853409"
12534,"04a600b9b0b8","2025-10-27 11:44:44","4BhoIEOwCGPIwy5sCfhI","{""bme688"": [{""temp"": 21.37763, ""step"": 0, ""status"": 1, ""pres"": 966.408, ""meas_profile"": ""HP-8"", ""meas_id"": 8, ""hum"": 34.90009, ""gas_res"": 5684.846}, {""temp"": 21.34752, ""step"": 0, ""status"": 1, ""pres"": 966.551, ""meas_profile"": ""HP-7"", ""meas_id"": 7, ""hum"": 34.77628, ""gas_res"": 5684.846}, {""temp"": 21.42154, ""step"": 0, ""status"": 1, ""pres"": 966.6683, ""meas_profile"": ""HP-6"", ""meas_id"": 6, ""hum"": 34.65342, ""gas_res"": 6840.53}, {""temp"": 21.30477, ""step"": 0, ""status"": 1, ""pres"": 966.4255, ""meas_profile"": ""HP-5"", ""meas_id"": 5, ""hum"": 34.85722, ""gas_res"": 25000.0}, {""temp"": 21.06086, ""step"": 0, ""status"": 1, ""pres"": 966.5131, ""meas_profile"": ""HP-4"", ""meas_id"": 4, ""hum"": 34.36277, ""gas_res"": 25000.0}, {""temp"": 21.22313, ""step"": 0, ""status"": 1, ""pres"": 966.1116, ""meas_profile"": ""HP-3"", ""meas_id"": 3, ""hum"": 34.88201, ""gas_res"": 6502.743}, {""temp"": 21.13109, ""step"": 0, ""status"": 1, ""pres"": 966.3014, ""meas_profile"": ""HP-2"", ""meas_id"": 2, ""hum"": 35.07953, ""gas_res"": 8409.987}, {""temp"": 20.88935, ""step"": 0, ""status"": 1, ""pres"": 966.3467, ""meas_profile"": ""HP-1"", ""meas_id"": 1, ""hum"": 33.49389, ""gas_res"": 6880.241}]}",NULL,"2025-10-27 12:31:15.145428"
12535,"04a600b9b0b8","2025-10-27 11:44:17","4BhoIEOwCGPIwy5sCfhI","{""zphs01b"": {""voc"": 0, ""temp"": 19.5, ""pm2_5"": 0, ""pm1_0"": 0, ""pm10"": 359, ""o3"": 0.08, ""no2"": 10.0, ""hum"": 0, ""fmhd"": 0, ""co2"": 5000, ""co"": 0.0}, ""smell_b"": {}, ""sfa30"": {""temp"": 21.465, ""hum"": 35.55, ""fmhd"": 1.8}, ""sen5x"": {""voc"": 136.0, ""temp"": 21.295, ""pm4_0"": 4540.3, ""pm2_5"": 4540.3, ""pm1_0"": 4329.5, ""pm10"": 4540.3, ""nox"": 1.0, ""mass_c"": 4487.6, ""hum"": 41.16}, ""scd41"": {""temp"": 21.28291, ""hum"": 37.6669, ""co2"": 693}, ""power_source"": 0, ""mics6814"": {""red_res"": 0, ""no2_res"": 0, ""no2"": 0.17, ""nh3_res"": 0, ""nh3"": 0.73, ""co_res"": 0, ""co"": 44.0}}",NULL,"2025-10-27 12:31:16.405047"
12536,"04a600b9b0b8","2025-10-27 11:44:17","4BhoIEOwCGPIwy5sCfhI","{""bme688"": [{""temp"": 21.37577, ""step"": 9, ""status"": 1, ""pres"": 966.407, ""meas_profile"": ""HP-8"", ""meas_id"": 8, ""hum"": 34.91138, ""gas_res"": 5684.846}, {""temp"": 21.34566, ""step"": 9, ""status"": 1, ""pres"": 966.5497, ""meas_profile"": ""HP-7"", ""meas_id"": 7, ""hum"": 34.78743, ""gas_res"": 5684.846}, {""temp"": 21.41999, ""step"": 9, ""status"": 1, ""pres"": 966.6676, ""meas_profile"": ""HP-6"", ""meas_id"": 6, ""hum"": 34.65903, ""gas_res"": 6218.422}, {""temp"": 21.30352, ""step"": 9, ""status"": 1, ""pres"": 966.425, ""meas_profile"": ""HP-5"", ""meas_id"": 5, ""hum"": 34.86845, ""gas_res"": 25000.0}, {""temp"": 21.05931, ""step"": 9, ""status"": 1, ""pres"": 966.5123, ""meas_profile"": ""HP-4"", ""meas_id"": 4, ""hum"": 34.36837, ""gas_res"": 25000.0}, {""temp"": 21.22159, ""step"": 9, ""status"": 1, ""pres"": 966.1106, ""meas_profile"": ""HP-3"", ""meas_id"": 3, ""hum"": 34.88187, ""gas_res"": 6840.53}, {""temp"": 21.12954, ""step"": 9, ""status"": 1, ""pres"": 966.3005, ""meas_profile"": ""HP-2"", ""meas_id"": 2, ""hum"": 35.09076, ""gas_res"": 8146.64}, {""temp"": 20.88779, ""step"": 9, ""status"": 1, ""pres"": 966.3442, ""meas_profile"": ""HP-1"", ""meas_id"": 1, ""hum"": 33.50542, ""gas_res"": 6506.71}]}",NULL,"2025-10-27 12:31:17.704594"
12537,"04a600b9b0b8","2025-10-27 11:44:17","4BhoIEOwCGPIwy5sCfhI","{""bme688"": [{""temp"": 21.37392, ""step"": 8, ""status"": 1, ""pres"": 966.4057, ""meas_profile"": ""HP-8"", ""meas_id"": 8, ""hum"": 34.9112, ""gas_res"": 5684.846}, {""temp"": 21.34411, ""step"": 8, ""status"": 1, ""pres"": 966.5488, ""meas_profile"": ""HP-7"", ""meas_id"": 7, ""hum"": 34.79295, ""gas_res"": 5684.846}, {""temp"": 21.41876, ""step"": 8, ""status"": 1, ""pres"": 966.6655, ""meas_profile"": ""HP-6"", ""meas_id"": 6, ""hum"": 34.67614, ""gas_res"": 6490.872}, {""temp"": 21.30227, ""step"": 8, ""status"": 1, ""pres"": 966.4247, ""meas_profile"": ""HP-5"", ""meas_id"": 5, ""hum"": 34.86266, ""gas_res"": 25000.0}, {""temp"": 21.05775, ""step"": 8, ""status"": 1, ""pres"": 966.5114, ""meas_profile"": ""HP-4"", ""meas_id"": 4, ""hum"": 34.36249, ""gas_res"": 25000.0}, {""temp"": 21.22004, ""step"": 8, ""status"": 1, ""pres"": 966.1097, ""meas_profile"": ""HP-3"", ""meas_id"": 3, ""hum"": 34.86448, ""gas_res"": 6351.727}, {""temp"": 21.1283, ""step"": 8, ""status"": 1, ""pres"": 966.3003, ""meas_profile"": ""HP-2"", ""meas_id"": 2, ""hum"": 35.10201, ""gas_res"": 8103.317}, {""temp"": 20.88592, ""step"": 8, ""status"": 1, ""pres"": 966.3433, ""meas_profile"": ""HP-1"", ""meas_id"": 1, ""hum"": 33.50525, ""gas_res"": 6644.518}]}",NULL,"2025-10-27 12:31:18.967131"
12538,"04a600b9b0b8","2025-10-27 11:44:17","4BhoIEOwCGPIwy5sCfhI","{""bme688"": [{""temp"": 21.37238, ""step"": 7, ""status"": 1, ""pres"": 966.4033, ""meas_profile"": ""HP-8"", ""meas_id"": 8, ""hum"": 34.8996, ""gas_res"": 5684.846}, {""temp"": 21.34225, ""step"": 7, ""status"": 1, ""pres"": 966.5472, ""meas_profile"": ""HP-7"", ""meas_id"": 7, ""hum"": 34.79278, ""gas_res"": 5684.846}, {""temp"": 21.41722, ""step"": 7, ""status"": 1, ""pres"": 966.6649, ""meas_profile"": ""HP-6"", ""meas_id"": 6, ""hum"": 34.67599, ""gas_res"": 6506.71}, {""temp"": 21.30102, ""step"": 7, ""status"": 1, ""pres"": 966.4243, ""meas_profile"": ""HP-5"", ""meas_id"": 5, ""hum"": 34.85686, ""gas_res"": 25000.0}, {""temp"": 21.05651, ""step"": 7, ""status"": 1, ""pres"": 966.5111, ""meas_profile"": ""HP-4"", ""meas_id"": 4, ""hum"": 34.37385, ""gas_res"": 22471.91}, {""temp"": 21.21819, ""step"": 7, ""status"": 1, ""pres"": 966.1086, ""meas_profile"": ""HP-3"", ""meas_id"": 3, ""hum"": 34.8758, ""gas_res"": 8279.431}, {""temp"": 21.12675, ""step"": 7, ""status"": 1, ""pres"": 966.2994, ""meas_profile"": ""HP-2"", ""meas_id"": 2, ""hum"": 35.08481, ""gas_res"": 7563.224}, {""temp"": 20.88437, ""step"": 7, ""status"": 1, ""pres"": 966.3427, ""meas_profile"": ""HP-1"", ""meas_id"": 1, ""hum"": 33.49928, ""gas_res"": 6225.681}]}",NULL,"2025-10-27 12:31:20.261434"
12539,"04a600b9b0b8","2025-10-27 11:44:17","4BhoIEOwCGPIwy5sCfhI","{""bme688"": [{""temp"": 21.37083, ""step"": 6, ""status"": 1, ""pres"": 966.4025, ""meas_profile"": ""HP-8"", ""meas_id"": 8, ""hum"": 34.93383, ""gas_res"": 8791.209}, {""temp"": 21.34131, ""step"": 6, ""status"": 1, ""pres"": 966.5476, ""meas_profile"": ""HP-7"", ""meas_id"": 7, ""hum"": 34.79836, ""gas_res"": 11177.09}, {""temp"": 21.41598, ""step"": 6, ""status"": 1, ""pres"": 966.6647, ""meas_profile"": ""HP-6"", ""meas_id"": 6, ""hum"": 34.68736, ""gas_res"": 27118.64}, {""temp"": 21.29945, ""step"": 6, ""status"": 1, ""pres"": 966.4235, ""meas_profile"": ""HP-5"", ""meas_id"": 5, ""hum"": 34.86807, ""gas_res"": 101748.8}, {""temp"": 21.05465, ""step"": 6, ""status"": 1, ""pres"": 966.5097, ""meas_profile"": ""HP-4"", ""meas_id"": 4, ""hum"": 34.39092, ""gas_res"": 114132.9}, {""temp"": 21.21664, ""step"": 6, ""status"": 1, ""pres"": 966.106, ""meas_profile"": ""HP-3"", ""meas_id"": 3, ""hum"": 34.8814, ""gas_res"": 41290.32}, {""temp"": 21.12519, ""step"": 6, ""status"": 1, ""pres"": 966.2985, ""meas_profile"": ""HP-2"", ""meas_id"": 2, ""hum"": 35.09035, ""gas_res"": 100000.0}, {""temp"": 20.8825, ""step"": 6, ""status"": 1, ""pres"": 966.3416, ""meas_profile"": ""HP-1"", ""meas_id"": 1, ""hum"": 33.51661, ""gas_res"": 83469.19}]}",NULL,"2025-10-27 12:31:21.630177"
12540,"04a600b9b0b8","2025-10-27 11:44:17","4BhoIEOwCGPIwy5sCfhI","{""bme688"": [{""temp"": 21.36929, ""step"": 5, ""status"": 1, ""pres"": 966.4002, ""meas_profile"": ""HP-8"", ""meas_id"": 8, ""hum"": 34.93368, ""gas_res"": 8776.741}, {""temp"": 21.34007, ""step"": 5, ""status"": 1, ""pres"": 966.5472, ""meas_profile"": ""HP-7"", ""meas_id"": 7, ""hum"": 34.79824, ""gas_res"": 11188.81}, {""temp"": 21.41444, ""step"": 5, ""status"": 1, ""pres"": 966.6622, ""meas_profile"": ""HP-6"", ""meas_id"": 6, ""hum"": 34.70446, ""gas_res"": 27187.77}, {""temp"": 21.29789, ""step"": 5, ""status"": 1, ""pres"": 966.4226, ""meas_profile"": ""HP-5"", ""meas_id"": 5, ""hum"": 34.89631, ""gas_res"": 103476.1}, {""temp"": 21.0531, ""step"": 5, ""status"": 1, ""pres"": 966.5087, ""meas_profile"": ""HP-4"", ""meas_id"": 4, ""hum"": 34.37354, ""gas_res"": 116310.8}, {""temp"": 21.2154, ""step"": 5, ""status"": 1, ""pres"": 966.1057, ""meas_profile"": ""HP-3"", ""meas_id"": 3, ""hum"": 34.89854, ""gas_res"": 40933.8}, {""temp"": 21.12364, ""step"": 5, ""status"": 1, ""pres"": 966.2975, ""meas_profile"": ""HP-2"", ""meas_id"": 2, ""hum"": 35.10725, ""gas_res"": 100000.0}, {""temp"": 20.88063, ""step"": 5, ""status"": 1, ""pres"": 966.3406, ""meas_profile"": ""HP-1"", ""meas_id"": 1, ""hum"": 33.51643, ""gas_res"": 81166.77}]}",NULL,"2025-10-27 12:31:22.824758"
12541,"04a600b9b0b8","2025-10-27 11:44:17","4BhoIEOwCGPIwy5sCfhI","{""bme688"": [{""temp"": 21.36774, ""step"": 4, ""status"": 1, ""pres"": 966.3995, ""meas_profile"": ""HP-8"", ""meas_id"": 8, ""hum"": 34.945, ""gas_res"": 8886.421}, {""temp"": 21.33914, ""step"": 4, ""status"": 1, ""pres"": 966.5457, ""meas_profile"": ""HP-7"", ""meas_id"": 7, ""hum"": 34.80947, ""gas_res"": 11200.56}, {""temp"": 21.41289, ""step"": 4, ""status"": 1, ""pres"": 966.6614, ""meas_profile"": ""HP-6"", ""meas_id"": 6, ""hum"": 34.69282, ""gas_res"": 27663.71}, {""temp"": 21.29632, ""step"": 4, ""status"": 1, ""pres"": 966.4217, ""meas_profile"": ""HP-5"", ""meas_id"": 5, ""hum"": 34.87914, ""gas_res"": 105850.7}, {""temp"": 21.05123, ""step"": 4, ""status"": 1, ""pres"": 966.5089, ""meas_profile"": ""HP-4"", ""meas_id"": 4, ""hum"": 34.38486, ""gas_res"": 120159.6}, {""temp"": 21.21386, ""step"": 4, ""status"": 1, ""pres"": 966.1049, ""meas_profile"": ""HP-3"", ""meas_id"": 3, ""hum"": 34.90414, ""gas_res"": 40622.02}, {""temp"": 21.1224, ""step"": 4, ""status"": 1, ""pres"": 966.2971, ""meas_profile"": ""HP-2"", ""meas_id"": 2, ""hum"": 35.09009, ""gas_res"": 100000.0}, {""temp"": 20.87877, ""step"": 4, ""status"": 1, ""pres"": 966.3377, ""meas_profile"": ""HP-1"", ""meas_id"": 1, ""hum"": 33.52209, ""gas_res"": 80477.84}]}",NULL,"2025-10-27 12:31:24.103397"
12542,"04a600b9b0b8","2025-10-27 11:44:17","4BhoIEOwCGPIwy5sCfhI","{""bme688"": [{""temp"": 21.36589, ""step"": 3, ""status"": 0, ""pres"": 966.3985, ""meas_profile"": ""HP-8"", ""meas_id"": 8, ""hum"": 34.93336, ""gas_res"": 5684.846}, {""temp"": 21.33759, ""step"": 3, ""status"": 0, ""pres"": 966.5447, ""meas_profile"": ""HP-7"", ""meas_id"": 7, ""hum"": 34.83199, ""gas_res"": 6736.842}, {""temp"": 21.41135, ""step"": 3, ""status"": 0, ""pres"": 966.6624, ""meas_profile"": ""HP-6"", ""meas_id"": 6, ""hum"": 34.72139, ""gas_res"": 14894.11}, {""temp"": 21.29476, ""step"": 3, ""status"": 0, ""pres"": 966.4225, ""meas_profile"": ""HP-5"", ""meas_id"": 5, ""hum"": 34.9017, ""gas_res"": 33961.26}, {""temp"": 21.04937, ""step"": 3, ""status"": 0, ""pres"": 966.506, ""meas_profile"": ""HP-4"", ""meas_id"": 4, ""hum"": 34.40192, ""gas_res"": 36771.04}, {""temp"": 21.212, ""step"": 3, ""status"": 0, ""pres"": 966.1036, ""meas_profile"": ""HP-3"", ""meas_id"": 3, ""hum"": 34.91547, ""gas_res"": 21828.1}, {""temp"": 21.12053, ""step"": 3, ""status"": 0, ""pres"": 966.2958, ""meas_profile"": ""HP-2"", ""meas_id"": 2, ""hum"": 35.13539, ""gas_res"": 33298.65}, {""temp"": 20.8769, ""step"": 3, ""status"": 0, ""pres"": 966.3384, ""meas_profile"": ""HP-1"", ""meas_id"": 1, ""hum"": 33.52776, ""gas_res"": 22168.34}]}",NULL,"2025-10-27 12:31:25.377711"
12543,"04a600b9b0b8","2025-10-27 11:44:17","4BhoIEOwCGPIwy5sCfhI","{""bme688"": [{""temp"": 21.36466, ""step"": 2, ""status"": 1, ""pres"": 966.3963, ""meas_profile"": ""HP-8"", ""meas_id"": 8, ""hum"": 34.97337, ""gas_res"": 15928.32}, {""temp"": 21.33603, ""step"": 2, ""status"": 1, ""pres"": 966.5439, ""meas_profile"": ""HP-7"", ""meas_id"": 7, ""hum"": 34.84317, ""gas_res"": 20565.55}, {""temp"": 21.40981, ""step"": 2, ""status"": 1, ""pres"": 966.6599, ""meas_profile"": ""HP-6"", ""meas_id"": 6, ""hum"": 34.70976, ""gas_res"": 61420.34}, {""temp"": 21.2932, ""step"": 2, ""status"": 1, ""pres"": 966.42, ""meas_profile"": ""HP-5"", ""meas_id"": 5, ""hum"": 34.90155, ""gas_res"": 167923.9}, {""temp"": 21.04782, ""step"": 2, ""status"": 1, ""pres"": 966.5068, ""meas_profile"": ""HP-4"", ""meas_id"": 4, ""hum"": 34.42477, ""gas_res"": 248543.7}, {""temp"": 21.21015, ""step"": 2, ""status"": 1, ""pres"": 966.1006, ""meas_profile"": ""HP-3"", ""meas_id"": 3, ""hum"": 34.93255, ""gas_res"": 109800.6}, {""temp"": 21.11867, ""step"": 2, ""status"": 1, ""pres"": 966.2944, ""meas_profile"": ""HP-2"", ""meas_id"": 2, ""hum"": 35.1409, ""gas_res"": 181495.9}, {""temp"": 20.87503, ""step"": 2, ""status"": 1, ""pres"": 966.3356, ""meas_profile"": ""HP-1"", ""meas_id"": 1, ""hum"": 33.53342, ""gas_res"": 135092.3}]}",NULL,"2025-10-27 12:31:26.762423"
12544,"04a600b9b0b8","2025-10-27 11:44:17","4BhoIEOwCGPIwy5sCfhI","{""bme688"": [{""temp"": 21.36311, ""step"": 1, ""status"": 1, ""pres"": 966.3959, ""meas_profile"": ""HP-8"", ""meas_id"": 8, ""hum"": 34.95603, ""gas_res"": 6385.951}, {""temp"": 21.33479, ""step"": 1, ""status"": 1, ""pres"": 966.5435, ""meas_profile"": ""HP-7"", ""meas_id"": 7, ""hum"": 34.84872, ""gas_res"": 7661.0}, {""temp"": 21.40857, ""step"": 1, ""status"": 1, ""pres"": 966.6596, ""meas_profile"": ""HP-6"", ""meas_id"": 6, ""hum"": 34.72688, ""gas_res"": 25000.0}, {""temp"": 21.29195, ""step"": 1, ""status"": 1, ""pres"": 966.4196, ""meas_profile"": ""HP-5"", ""meas_id"": 5, ""hum"": 34.89576, ""gas_res"": 33117.72}, {""temp"": 21.04657, ""step"": 1, ""status"": 1, ""pres"": 966.5065, ""meas_profile"": ""HP-4"", ""meas_id"": 4, ""hum"": 34.40741, ""gas_res"": 35368.89}, {""temp"": 21.2086, ""step"": 1, ""status"": 1, ""pres"": 966.0999, ""meas_profile"": ""HP-3"", ""meas_id"": 3, ""hum"": 34.93816, ""gas_res"": 25000.0}, {""temp"": 21.11712, ""step"": 1, ""status"": 1, ""pres"": 966.2936, ""meas_profile"": ""HP-2"", ""meas_id"": 2, ""hum"": 35.13506, ""gas_res"": 28362.51}, {""temp"": 20.87347, ""step"": 1, ""status"": 1, ""pres"": 966.3351, ""meas_profile"": ""HP-1"", ""meas_id"": 1, ""hum"": 33.55661, ""gas_res"": 25000.0}]}",NULL,"2025-10-27 12:31:31.52001"
12545,"04a600b9b0b8","2025-10-27 11:44:17","4BhoIEOwCGPIwy5sCfhI","{""bme688"": [{""temp"": 21.36126, ""step"": 0, ""status"": 1, ""pres"": 966.3929, ""meas_profile"": ""HP-8"", ""meas_id"": 8, ""hum"": 34.94439, ""gas_res"": 5684.846}, {""temp"": 21.33324, ""step"": 0, ""status"": 1, ""pres"": 966.5427, ""meas_profile"": ""HP-7"", ""meas_id"": 7, ""hum"": 34.83725, ""gas_res"": 5684.846}, {""temp"": 21.40703, ""step"": 0, ""status"": 1, ""pres"": 966.6588, ""meas_profile"": ""HP-6"", ""meas_id"": 6, ""hum"": 34.72674, ""gas_res"": 7016.005}, {""temp"": 21.2907, ""step"": 0, ""status"": 1, ""pres"": 966.4192, ""meas_profile"": ""HP-5"", ""meas_id"": 5, ""hum"": 34.91836, ""gas_res"": 25000.0}, {""temp"": 21.04502, ""step"": 0, ""status"": 1, ""pres"": 966.5054, ""meas_profile"": ""HP-4"", ""meas_id"": 4, ""hum"": 34.41876, ""gas_res"": 25000.0}, {""temp"": 21.20705, ""step"": 0, ""status"": 1, ""pres"": 966.0989, ""meas_profile"": ""HP-3"", ""meas_id"": 3, ""hum"": 34.93226, ""gas_res"": 8060.454}, {""temp"": 21.11557, ""step"": 0, ""status"": 1, ""pres"": 966.2928, ""meas_profile"": ""HP-2"", ""meas_id"": 2, ""hum"": 35.12356, ""gas_res"": 7309.273}, {""temp"": 20.87192, ""step"": 0, ""status"": 1, ""pres"": 966.3345, ""meas_profile"": ""HP-1"", ""meas_id"": 1, ""hum"": 33.55647, ""gas_res"": 6090.598}]}",NULL,"2025-10-27 12:31:32.294456"
