"id","box_id","ts","measurement_id","measurement_data","description","created_at"
12029,"04a600b9b0b8","2025-10-27 10:39:54","tFEKIBGUvOSsYa37KvlT","{""zphs01b"": {""voc"": 0, ""temp"": 19.3, ""pm2_5"": 0, ""pm1_0"": 0, ""pm10"": 343, ""o3"": 0.2, ""no2"": 0.01, ""hum"": 0, ""fmhd"": 0, ""co2"": 5000, ""co"": 0.0}, ""smell_b"": {}, ""sfa30"": {""temp"": 21.485, ""hum"": 35.75, ""fmhd"": 2.0}, ""sen5x"": {""voc"": 112.0, ""temp"": 21.61, ""pm4_0"": 4454.4, ""pm2_5"": 4454.4, ""pm1_0"": 4247.6, ""pm10"": 4454.4, ""nox"": 1.0, ""mass_c"": 4402.7, ""hum"": 40.66}, ""scd41"": {""temp"": 21.09865, ""hum"": 38.07584, ""co2"": 671}, ""power_source"": 0, ""mics6814"": {""red_res"": 0, ""no2_res"": 0, ""no2"": 0.17, ""nh3_res"": 0, ""nh3"": 0.73, ""co_res"": 0, ""co"": 44.0}}",NULL,"2025-10-27 10:41:13.034582"
12030,"04a600b9b0b8","2025-10-27 10:39:54","tFEKIBGUvOSsYa37KvlT","{""bme688"": [{""temp"": 21.40728, ""step"": 9, ""status"": 1, ""pres"": 966.8077, ""meas_profile"": ""HP-8"", ""meas_id"": 8, ""hum"": 35.14941, ""gas_res"": 5684.846}, {""temp"": 21.37423, ""step"": 9, ""status"": 1, ""pres"": 966.9963, ""meas_profile"": ""HP-7"", ""meas_id"": 7, ""hum"": 35.04514, ""gas_res"": 5684.846}, {""temp"": 21.45303, ""step"": 9, ""status"": 1, ""pres"": 967.0607, ""meas_profile"": ""HP-6"", ""meas_id"": 6, ""hum"": 34.93798, ""gas_res"": 7483.629}, {""temp"": 21.34104, ""step"": 9, ""status"": 1, ""pres"": 966.8359, ""meas_profile"": ""HP-5"", ""meas_id"": 5, ""hum"": 35.16745, ""gas_res"": 25000.0}, {""temp"": 21.10155, ""step"": 9, ""status"": 1, ""pres"": 966.9441, ""meas_profile"": ""HP-4"", ""meas_id"": 4, ""hum"": 34.71734, ""gas_res"": 25000.0}, {""temp"": 21.26086, ""step"": 9, ""status"": 1, ""pres"": 966.5699, ""meas_profile"": ""HP-3"", ""meas_id"": 3, ""hum"": 35.22512, ""gas_res"": 6522.625}, {""temp"": 21.17674, ""step"": 9, ""status"": 1, ""pres"": 966.6803, ""meas_profile"": ""HP-2"", ""meas_id"": 2, ""hum"": 35.45369, ""gas_res"": 7600.95}, {""temp"": 20.93758, ""step"": 9, ""status"": 1, ""pres"": 966.7584, ""meas_profile"": ""HP-1"", ""meas_id"": 1, ""hum"": 33.86018, ""gas_res"": 6240.25}]}",NULL,"2025-10-27 10:41:14.794706"
12031,"04a600b9b0b8","2025-10-27 10:39:54","tFEKIBGUvOSsYa37KvlT","{""bme688"": [{""temp"": 21.40604, ""step"": 8, ""status"": 1, ""pres"": 966.8076, ""meas_profile"": ""HP-8"", ""meas_id"": 8, ""hum"": 35.16076, ""gas_res"": 5684.846}, {""temp"": 21.3733, ""step"": 8, ""status"": 1, ""pres"": 966.9946, ""meas_profile"": ""HP-7"", ""meas_id"": 7, ""hum"": 35.05073, ""gas_res"": 5684.846}, {""temp"": 21.4521, ""step"": 8, ""status"": 1, ""pres"": 967.0593, ""meas_profile"": ""HP-6"", ""meas_id"": 6, ""hum"": 34.96091, ""gas_res"": 7922.753}, {""temp"": 21.34042, ""step"": 8, ""status"": 1, ""pres"": 966.8365, ""meas_profile"": ""HP-5"", ""meas_id"": 5, ""hum"": 35.1617, ""gas_res"": 25000.0}, {""temp"": 21.10093, ""step"": 8, ""status"": 1, ""pres"": 966.9447, ""meas_profile"": ""HP-4"", ""meas_id"": 4, ""hum"": 34.71728, ""gas_res"": 25000.0}, {""temp"": 21.25993, ""step"": 8, ""status"": 1, ""pres"": 966.5701, ""meas_profile"": ""HP-3"", ""meas_id"": 3, ""hum"": 35.24233, ""gas_res"": 6193.149}, {""temp"": 21.17612, ""step"": 8, ""status"": 1, ""pres"": 966.6793, ""meas_profile"": ""HP-2"", ""meas_id"": 2, ""hum"": 35.48212, ""gas_res"": 7858.546}, {""temp"": 20.93665, ""step"": 8, ""status"": 1, ""pres"": 966.7571, ""meas_profile"": ""HP-1"", ""meas_id"": 1, ""hum"": 33.8601, ""gas_res"": 6432.161}]}",NULL,"2025-10-27 10:41:16.260516"
12032,"04a600b9b0b8","2025-10-27 10:39:54","tFEKIBGUvOSsYa37KvlT","{""bme688"": [{""temp"": 21.4048, ""step"": 7, ""status"": 1, ""pres"": 966.8055, ""meas_profile"": ""HP-8"", ""meas_id"": 8, ""hum"": 35.15491, ""gas_res"": 5684.846}, {""temp"": 21.37206, ""step"": 7, ""status"": 1, ""pres"": 966.9926, ""meas_profile"": ""HP-7"", ""meas_id"": 7, ""hum"": 35.06196, ""gas_res"": 5684.846}, {""temp"": 21.45148, ""step"": 7, ""status"": 1, ""pres"": 967.0601, ""meas_profile"": ""HP-6"", ""meas_id"": 6, ""hum"": 34.97812, ""gas_res"": 7870.143}, {""temp"": 21.33979, ""step"": 7, ""status"": 1, ""pres"": 966.8356, ""meas_profile"": ""HP-5"", ""meas_id"": 5, ""hum"": 35.17302, ""gas_res"": 25000.0}, {""temp"": 21.10031, ""step"": 7, ""status"": 1, ""pres"": 966.9436, ""meas_profile"": ""HP-4"", ""meas_id"": 4, ""hum"": 34.72298, ""gas_res"": 22053.76}, {""temp"": 21.25931, ""step"": 7, ""status"": 1, ""pres"": 966.5691, ""meas_profile"": ""HP-3"", ""meas_id"": 3, ""hum"": 35.24227, ""gas_res"": 8228.336}, {""temp"": 21.1755, ""step"": 7, ""status"": 1, ""pres"": 966.6801, ""meas_profile"": ""HP-2"", ""meas_id"": 2, ""hum"": 35.47066, ""gas_res"": 7536.505}, {""temp"": 20.93572, ""step"": 7, ""status"": 1, ""pres"": 966.7556, ""meas_profile"": ""HP-1"", ""meas_id"": 1, ""hum"": 33.87171, ""gas_res"": 6214.799}]}",NULL,"2025-10-27 10:41:17.403397"
12033,"04a600b9b0b8","2025-10-27 10:39:54","tFEKIBGUvOSsYa37KvlT","{""bme688"": [{""temp"": 21.40419, ""step"": 6, ""status"": 1, ""pres"": 966.8046, ""meas_profile"": ""HP-8"", ""meas_id"": 8, ""hum"": 35.18928, ""gas_res"": 7541.833}, {""temp"": 21.37174, ""step"": 6, ""status"": 1, ""pres"": 966.992, ""meas_profile"": ""HP-7"", ""meas_id"": 7, ""hum"": 35.06193, ""gas_res"": 10021.92}, {""temp"": 21.45056, ""step"": 6, ""status"": 1, ""pres"": 967.0585, ""meas_profile"": ""HP-6"", ""meas_id"": 6, ""hum"": 34.98954, ""gas_res"": 26594.64}, {""temp"": 21.33917, ""step"": 6, ""status"": 1, ""pres"": 966.8343, ""meas_profile"": ""HP-5"", ""meas_id"": 5, ""hum"": 35.18433, ""gas_res"": 110654.9}, {""temp"": 21.1, ""step"": 6, ""status"": 1, ""pres"": 966.9448, ""meas_profile"": ""HP-4"", ""meas_id"": 4, ""hum"": 34.74023, ""gas_res"": 135306.5}, {""temp"": 21.25839, ""step"": 6, ""status"": 1, ""pres"": 966.5676, ""meas_profile"": ""HP-3"", ""meas_id"": 3, ""hum"": 35.22489, ""gas_res"": 83961.95}, {""temp"": 21.17456, ""step"": 6, ""status"": 1, ""pres"": 966.6783, ""meas_profile"": ""HP-2"", ""meas_id"": 2, ""hum"": 35.49338, ""gas_res"": 108751.1}, {""temp"": 20.93509, ""step"": 6, ""status"": 1, ""pres"": 966.7546, ""meas_profile"": ""HP-1"", ""meas_id"": 1, ""hum"": 33.86581, ""gas_res"": 100000.0}]}",NULL,"2025-10-27 10:41:18.640316"
12034,"04a600b9b0b8","2025-10-27 10:39:54","tFEKIBGUvOSsYa37KvlT","{""bme688"": [{""temp"": 21.40326, ""step"": 5, ""status"": 1, ""pres"": 966.8031, ""meas_profile"": ""HP-8"", ""meas_id"": 8, ""hum"": 35.1605, ""gas_res"": 7462.687}, {""temp"": 21.37081, ""step"": 5, ""status"": 1, ""pres"": 966.9922, ""meas_profile"": ""HP-7"", ""meas_id"": 7, ""hum"": 35.05617, ""gas_res"": 9855.251}, {""temp"": 21.44963, ""step"": 5, ""status"": 1, ""pres"": 967.0571, ""meas_profile"": ""HP-6"", ""meas_id"": 6, ""hum"": 34.97218, ""gas_res"": 26462.68}, {""temp"": 21.33823, ""step"": 5, ""status"": 1, ""pres"": 966.8329, ""meas_profile"": ""HP-5"", ""meas_id"": 5, ""hum"": 35.17856, ""gas_res"": 111522.5}, {""temp"": 21.09938, ""step"": 5, ""status"": 1, ""pres"": 966.9437, ""meas_profile"": ""HP-4"", ""meas_id"": 4, ""hum"": 34.73441, ""gas_res"": 139509.5}, {""temp"": 21.25746, ""step"": 5, ""status"": 1, ""pres"": 966.5677, ""meas_profile"": ""HP-3"", ""meas_id"": 3, ""hum"": 35.24786, ""gas_res"": 83143.88}, {""temp"": 21.17363, ""step"": 5, ""status"": 1, ""pres"": 966.677, ""meas_profile"": ""HP-2"", ""meas_id"": 2, ""hum"": 35.4819, ""gas_res"": 107517.9}, {""temp"": 20.93447, ""step"": 5, ""status"": 1, ""pres"": 966.7556, ""meas_profile"": ""HP-1"", ""meas_id"": 1, ""hum"": 33.88328, ""gas_res"": 100000.0}]}",NULL,"2025-10-27 10:41:19.903101"
12035,"04a600b9b0b8","2025-10-27 10:39:54","tFEKIBGUvOSsYa37KvlT","{""bme688"": [{""temp"": 21.40265, ""step"": 4, ""status"": 1, ""pres"": 966.8022, ""meas_profile"": ""HP-8"", ""meas_id"": 8, ""hum"": 35.18914, ""gas_res"": 7452.259}, {""temp"": 21.37019, ""step"": 4, ""status"": 1, ""pres"": 966.9913, ""meas_profile"": ""HP-7"", ""meas_id"": 7, ""hum"": 35.07313, ""gas_res"": 9685.23}, {""temp"": 21.44901, ""step"": 4, ""status"": 1, ""pres"": 967.0562, ""meas_profile"": ""HP-6"", ""meas_id"": 6, ""hum"": 34.98364, ""gas_res"": 26186.58}, {""temp"": 21.3376, ""step"": 4, ""status"": 1, ""pres"": 966.8336, ""meas_profile"": ""HP-5"", ""meas_id"": 5, ""hum"": 35.1785, ""gas_res"": 114285.7}, {""temp"": 21.09875, ""step"": 4, ""status"": 1, ""pres"": 966.9444, ""meas_profile"": ""HP-4"", ""meas_id"": 4, ""hum"": 34.7401, ""gas_res"": 147465.4}, {""temp"": 21.25653, ""step"": 4, ""status"": 1, ""pres"": 966.5662, ""meas_profile"": ""HP-3"", ""meas_id"": 3, ""hum"": 35.242, ""gas_res"": 82982.17}, {""temp"": 21.1727, ""step"": 4, ""status"": 1, ""pres"": 966.6753, ""meas_profile"": ""HP-2"", ""meas_id"": 2, ""hum"": 35.4932, ""gas_res"": 109378.3}, {""temp"": 20.93354, ""step"": 4, ""status"": 1, ""pres"": 966.7541, ""meas_profile"": ""HP-1"", ""meas_id"": 1, ""hum"": 33.87735, ""gas_res"": 100000.0}]}",NULL,"2025-10-27 10:41:21.384716"
12036,"04a600b9b0b8","2025-10-27 10:39:54","tFEKIBGUvOSsYa37KvlT","{""bme688"": [{""temp"": 21.40141, ""step"": 3, ""status"": 1, ""pres"": 966.8003, ""meas_profile"": ""HP-8"", ""meas_id"": 8, ""hum"": 35.16607, ""gas_res"": 5684.846}, {""temp"": 21.36926, ""step"": 3, ""status"": 1, ""pres"": 966.9896, ""meas_profile"": ""HP-7"", ""meas_id"": 7, ""hum"": 35.08439, ""gas_res"": 6603.384}, {""temp"": 21.44809, ""step"": 3, ""status"": 1, ""pres"": 967.0564, ""meas_profile"": ""HP-6"", ""meas_id"": 6, ""hum"": 34.98931, ""gas_res"": 15952.14}, {""temp"": 21.33666, ""step"": 3, ""status"": 1, ""pres"": 966.832, ""meas_profile"": ""HP-5"", ""meas_id"": 5, ""hum"": 35.20117, ""gas_res"": 41980.98}, {""temp"": 21.09782, ""step"": 3, ""status"": 0, ""pres"": 966.9445, ""meas_profile"": ""HP-4"", ""meas_id"": 4, ""hum"": 34.76306, ""gas_res"": 53156.14}, {""temp"": 21.2556, ""step"": 3, ""status"": 1, ""pres"": 966.5664, ""meas_profile"": ""HP-3"", ""meas_id"": 3, ""hum"": 35.28226, ""gas_res"": 33613.45}, {""temp"": 21.17177, ""step"": 3, ""status"": 1, ""pres"": 966.6756, ""meas_profile"": ""HP-2"", ""meas_id"": 2, ""hum"": 35.51591, ""gas_res"": 52212.93}, {""temp"": 20.9326, ""step"": 3, ""status"": 0, ""pres"": 966.7527, ""meas_profile"": ""HP-1"", ""meas_id"": 1, ""hum"": 33.91235, ""gas_res"": 35934.87}]}",NULL,"2025-10-27 10:41:22.466835"
12037,"04a600b9b0b8","2025-10-27 10:39:54","tFEKIBGUvOSsYa37KvlT","{""bme688"": [{""temp"": 21.40079, ""step"": 2, ""status"": 1, ""pres"": 966.801, ""meas_profile"": ""HP-8"", ""meas_id"": 8, ""hum"": 35.18896, ""gas_res"": 16636.34}, {""temp"": 21.36864, ""step"": 2, ""status"": 1, ""pres"": 966.9903, ""meas_profile"": ""HP-7"", ""meas_id"": 7, ""hum"": 35.09001, ""gas_res"": 24060.15}, {""temp"": 21.44747, ""step"": 2, ""status"": 1, ""pres"": 967.0554, ""meas_profile"": ""HP-6"", ""meas_id"": 6, ""hum"": 34.98925, ""gas_res"": 99263.28}, {""temp"": 21.33573, ""step"": 2, ""status"": 1, ""pres"": 966.8322, ""meas_profile"": ""HP-5"", ""meas_id"": 5, ""hum"": 35.21246, ""gas_res"": 360309.7}, {""temp"": 21.09689, ""step"": 2, ""status"": 1, ""pres"": 966.9447, ""meas_profile"": ""HP-4"", ""meas_id"": 4, ""hum"": 34.7745, ""gas_res"": 613724.9}, {""temp"": 21.25467, ""step"": 2, ""status"": 1, ""pres"": 966.5649, ""meas_profile"": ""HP-3"", ""meas_id"": 3, ""hum"": 35.27642, ""gas_res"": 288450.7}, {""temp"": 21.17084, ""step"": 2, ""status"": 1, ""pres"": 966.6741, ""meas_profile"": ""HP-2"", ""meas_id"": 2, ""hum"": 35.53862, ""gas_res"": 504433.5}, {""temp"": 20.93167, ""step"": 2, ""status"": 1, ""pres"": 966.7531, ""meas_profile"": ""HP-1"", ""meas_id"": 1, ""hum"": 33.90642, ""gas_res"": 381520.1}]}",NULL,"2025-10-27 10:41:23.743147"
12038,"04a600b9b0b8","2025-10-27 10:39:54","tFEKIBGUvOSsYa37KvlT","{""bme688"": [{""temp"": 21.40017, ""step"": 1, ""status"": 1, ""pres"": 966.8, ""meas_profile"": ""HP-8"", ""meas_id"": 8, ""hum"": 35.17743, ""gas_res"": 5954.596}, {""temp"": 21.36771, ""step"": 1, ""status"": 1, ""pres"": 966.9888, ""meas_profile"": ""HP-7"", ""meas_id"": 7, ""hum"": 35.0729, ""gas_res"": 6203.955}, {""temp"": 21.44685, ""step"": 1, ""status"": 1, ""pres"": 967.0543, ""meas_profile"": ""HP-6"", ""meas_id"": 6, ""hum"": 35.0007, ""gas_res"": 22260.87}, {""temp"": 21.33541, ""step"": 1, ""status"": 1, ""pres"": 966.8317, ""meas_profile"": ""HP-5"", ""meas_id"": 5, ""hum"": 35.21812, ""gas_res"": 32388.66}, {""temp"": 21.09627, ""step"": 1, ""status"": 1, ""pres"": 966.9454, ""meas_profile"": ""HP-4"", ""meas_id"": 4, ""hum"": 34.76868, ""gas_res"": 40544.82}, {""temp"": 21.25406, ""step"": 1, ""status"": 1, ""pres"": 966.5655, ""meas_profile"": ""HP-3"", ""meas_id"": 3, ""hum"": 35.29365, ""gas_res"": 24572.86}, {""temp"": 21.17053, ""step"": 1, ""status"": 1, ""pres"": 966.6736, ""meas_profile"": ""HP-2"", ""meas_id"": 2, ""hum"": 35.51579, ""gas_res"": 35135.88}, {""temp"": 20.93105, ""step"": 1, ""status"": 1, ""pres"": 966.7521, ""meas_profile"": ""HP-1"", ""meas_id"": 1, ""hum"": 33.90051, ""gas_res"": 26332.03}]}",NULL,"2025-10-27 10:41:25.030693"
12039,"04a600b9b0b8","2025-10-27 10:39:54","tFEKIBGUvOSsYa37KvlT","{""bme688"": [{""temp"": 21.39894, ""step"": 0, ""status"": 1, ""pres"": 966.7982, ""meas_profile"": ""HP-8"", ""meas_id"": 8, ""hum"": 35.18306, ""gas_res"": 5684.846}, {""temp"": 21.36678, ""step"": 0, ""status"": 1, ""pres"": 966.9871, ""meas_profile"": ""HP-7"", ""meas_id"": 7, ""hum"": 35.07848, ""gas_res"": 5684.846}, {""temp"": 21.44623, ""step"": 0, ""status"": 1, ""pres"": 967.0533, ""meas_profile"": ""HP-6"", ""meas_id"": 6, ""hum"": 35.01791, ""gas_res"": 5981.309}, {""temp"": 21.33479, ""step"": 0, ""status"": 1, ""pres"": 966.8306, ""meas_profile"": ""HP-5"", ""meas_id"": 5, ""hum"": 35.1953, ""gas_res"": 25000.0}, {""temp"": 21.09596, ""step"": 0, ""status"": 1, ""pres"": 966.9448, ""meas_profile"": ""HP-4"", ""meas_id"": 4, ""hum"": 34.78017, ""gas_res"": 25000.0}, {""temp"": 21.25313, ""step"": 0, ""status"": 1, ""pres"": 966.5658, ""meas_profile"": ""HP-3"", ""meas_id"": 3, ""hum"": 35.2705, ""gas_res"": 5882.353}, {""temp"": 21.16991, ""step"": 0, ""status"": 1, ""pres"": 966.6741, ""meas_profile"": ""HP-2"", ""meas_id"": 2, ""hum"": 35.51004, ""gas_res"": 7525.87}, {""temp"": 20.93011, ""step"": 0, ""status"": 1, ""pres"": 966.7507, ""meas_profile"": ""HP-1"", ""meas_id"": 1, ""hum"": 33.91797, ""gas_res"": 6467.259}]}",NULL,"2025-10-27 10:41:26.511176"
12040,"04a600b9b0b8","2025-10-27 10:39:19","tFEKIBGUvOSsYa37KvlT","{""zphs01b"": {""voc"": 0, ""temp"": 19.2, ""pm2_5"": 0, ""pm1_0"": 0, ""pm10"": 343, ""o3"": 0.4, ""no2"": 4.1, ""hum"": 0, ""fmhd"": 0, ""co2"": 5000, ""co"": 0.0}, ""smell_b"": {}, ""sfa30"": {""temp"": 21.455, ""hum"": 35.83, ""fmhd"": 1.8}, ""sen5x"": {""voc"": 128.0, ""temp"": 21.665, ""pm4_0"": 4504.1, ""pm2_5"": 4504.1, ""pm1_0"": 4294.9, ""pm10"": 4504.1, ""nox"": 1.0, ""mass_c"": 4451.8, ""hum"": 40.48}, ""scd41"": {""temp"": 21.03723, ""hum"": 38.07431, ""co2"": 662}, ""power_source"": 0, ""mics6814"": {""red_res"": 0, ""no2_res"": 0, ""no2"": 0.17, ""nh3_res"": 0, ""nh3"": 0.73, ""co_res"": 0, ""co"": 44.0}}",NULL,"2025-10-27 10:41:27.475548"
12041,"04a600b9b0b8","2025-10-27 10:39:19","tFEKIBGUvOSsYa37KvlT","{""bme688"": [{""temp"": 21.39801, ""step"": 9, ""status"": 1, ""pres"": 966.7966, ""meas_profile"": ""HP-8"", ""meas_id"": 8, ""hum"": 35.20019, ""gas_res"": 5684.846}, {""temp"": 21.36585, ""step"": 9, ""status"": 1, ""pres"": 966.9857, ""meas_profile"": ""HP-7"", ""meas_id"": 7, ""hum"": 35.07272, ""gas_res"": 5684.846}, {""temp"": 21.44531, ""step"": 9, ""status"": 1, ""pres"": 967.0536, ""meas_profile"": ""HP-6"", ""meas_id"": 6, ""hum"": 35.00055, ""gas_res"": 7234.908}, {""temp"": 21.33448, ""step"": 9, ""status"": 1, ""pres"": 966.8301, ""meas_profile"": ""HP-5"", ""meas_id"": 5, ""hum"": 35.20096, ""gas_res"": 23281.19}, {""temp"": 21.09534, ""step"": 9, ""status"": 1, ""pres"": 966.9454, ""meas_profile"": ""HP-4"", ""meas_id"": 4, ""hum"": 34.74556, ""gas_res"": 22377.62}, {""temp"": 21.2522, ""step"": 9, ""status"": 1, ""pres"": 966.5642, ""meas_profile"": ""HP-3"", ""meas_id"": 3, ""hum"": 35.28194, ""gas_res"": 6087.122}, {""temp"": 21.16929, ""step"": 9, ""status"": 1, ""pres"": 966.6731, ""meas_profile"": ""HP-2"", ""meas_id"": 2, ""hum"": 35.55558, ""gas_res"": 7152.437}, {""temp"": 20.92918, ""step"": 9, ""status"": 1, ""pres"": 966.7511, ""meas_profile"": ""HP-1"", ""meas_id"": 1, ""hum"": 33.92373, ""gas_res"": 8483.563}]}",NULL,"2025-10-27 10:41:28.871762"
12042,"04a600b9b0b8","2025-10-27 10:39:19","tFEKIBGUvOSsYa37KvlT","{""bme688"": [{""temp"": 21.39708, ""step"": 8, ""status"": 1, ""pres"": 966.7971, ""meas_profile"": ""HP-8"", ""meas_id"": 8, ""hum"": 35.21159, ""gas_res"": 5684.846}, {""temp"": 21.36491, ""step"": 8, ""status"": 1, ""pres"": 966.9858, ""meas_profile"": ""HP-7"", ""meas_id"": 7, ""hum"": 35.08966, ""gas_res"": 5684.846}, {""temp"": 21.44469, ""step"": 8, ""status"": 1, ""pres"": 967.0526, ""meas_profile"": ""HP-6"", ""meas_id"": 6, ""hum"": 35.01777, ""gas_res"": 7552.514}, {""temp"": 21.33385, ""step"": 8, ""status"": 1, ""pres"": 966.8308, ""meas_profile"": ""HP-5"", ""meas_id"": 5, ""hum"": 35.19521, ""gas_res"": 21985.57}, {""temp"": 21.09472, ""step"": 8, ""status"": 1, ""pres"": 966.9462, ""meas_profile"": ""HP-4"", ""meas_id"": 4, ""hum"": 34.74549, ""gas_res"": 21347.56}, {""temp"": 21.25127, ""step"": 8, ""status"": 1, ""pres"": 966.5627, ""meas_profile"": ""HP-3"", ""meas_id"": 3, ""hum"": 35.29338, ""gas_res"": 7864.34}, {""temp"": 21.16866, ""step"": 8, ""status"": 1, ""pres"": 966.6721, ""meas_profile"": ""HP-2"", ""meas_id"": 2, ""hum"": 35.53272, ""gas_res"": 7025.247}, {""temp"": 20.92856, ""step"": 8, ""status"": 1, ""pres"": 966.7502, ""meas_profile"": ""HP-1"", ""meas_id"": 1, ""hum"": 33.92952, ""gas_res"": 6028.636}]}",NULL,"2025-10-27 10:41:30.160979"
12043,"04a600b9b0b8","2025-10-27 10:39:19","tFEKIBGUvOSsYa37KvlT","{""bme688"": [{""temp"": 21.39585, ""step"": 7, ""status"": 1, ""pres"": 966.7952, ""meas_profile"": ""HP-8"", ""meas_id"": 8, ""hum"": 35.20572, ""gas_res"": 5684.846}, {""temp"": 21.36398, ""step"": 7, ""status"": 1, ""pres"": 966.9843, ""meas_profile"": ""HP-7"", ""meas_id"": 7, ""hum"": 35.0839, ""gas_res"": 5684.846}, {""temp"": 21.44407, ""step"": 7, ""status"": 1, ""pres"": 967.0516, ""meas_profile"": ""HP-6"", ""meas_id"": 6, ""hum"": 35.01195, ""gas_res"": 7426.317}, {""temp"": 21.33354, ""step"": 7, ""status"": 1, ""pres"": 966.8303, ""meas_profile"": ""HP-5"", ""meas_id"": 5, ""hum"": 35.22932, ""gas_res"": 21895.31}, {""temp"": 21.0941, ""step"": 7, ""status"": 1, ""pres"": 966.9467, ""meas_profile"": ""HP-4"", ""meas_id"": 4, ""hum"": 34.76848, ""gas_res"": 19352.89}, {""temp"": 21.25065, ""step"": 7, ""status"": 1, ""pres"": 966.5634, ""meas_profile"": ""HP-3"", ""meas_id"": 3, ""hum"": 35.29332, ""gas_res"": 7109.531}, {""temp"": 21.16835, ""step"": 7, ""status"": 1, ""pres"": 966.6733, ""meas_profile"": ""HP-2"", ""meas_id"": 2, ""hum"": 35.52699, ""gas_res"": 6611.57}, {""temp"": 20.92763, ""step"": 7, ""status"": 1, ""pres"": 966.7487, ""meas_profile"": ""HP-1"", ""meas_id"": 1, ""hum"": 33.92943, ""gas_res"": 7988.018}]}",NULL,"2025-10-27 10:41:31.630273"
12044,"04a600b9b0b8","2025-10-27 10:39:19","tFEKIBGUvOSsYa37KvlT","{""bme688"": [{""temp"": 21.39523, ""step"": 6, ""status"": 1, ""pres"": 966.7941, ""meas_profile"": ""HP-8"", ""meas_id"": 8, ""hum"": 35.20567, ""gas_res"": 7628.129}, {""temp"": 21.36336, ""step"": 6, ""status"": 1, ""pres"": 966.985, ""meas_profile"": ""HP-7"", ""meas_id"": 7, ""hum"": 35.10086, ""gas_res"": 10078.74}, {""temp"": 21.44345, ""step"": 6, ""status"": 1, ""pres"": 967.0506, ""meas_profile"": ""HP-6"", ""meas_id"": 6, ""hum"": 35.0234, ""gas_res"": 24758.22}, {""temp"": 21.3326, ""step"": 6, ""status"": 1, ""pres"": 966.8287, ""meas_profile"": ""HP-5"", ""meas_id"": 5, ""hum"": 35.22923, ""gas_res"": 97728.57}, {""temp"": 21.09348, ""step"": 6, ""status"": 1, ""pres"": 966.9457, ""meas_profile"": ""HP-4"", ""meas_id"": 4, ""hum"": 34.76842, ""gas_res"": 115445.3}, {""temp"": 21.25004, ""step"": 6, ""status"": 1, ""pres"": 966.5641, ""meas_profile"": ""HP-3"", ""meas_id"": 3, ""hum"": 35.29903, ""gas_res"": 42909.82}, {""temp"": 21.16773, ""step"": 6, ""status"": 1, ""pres"": 966.6724, ""meas_profile"": ""HP-2"", ""meas_id"": 2, ""hum"": 35.52693, ""gas_res"": 100000.0}, {""temp"": 20.927, ""step"": 6, ""status"": 1, ""pres"": 966.7495, ""meas_profile"": ""HP-1"", ""meas_id"": 1, ""hum"": 33.93523, ""gas_res"": 92020.13}]}",NULL,"2025-10-27 10:41:33.343652"
12045,"04a600b9b0b8","2025-10-27 10:39:19","tFEKIBGUvOSsYa37KvlT","{""bme688"": [{""temp"": 21.39462, ""step"": 5, ""status"": 1, ""pres"": 966.793, ""meas_profile"": ""HP-8"", ""meas_id"": 8, ""hum"": 35.22858, ""gas_res"": 7547.17}, {""temp"": 21.36305, ""step"": 5, ""status"": 1, ""pres"": 966.9844, ""meas_profile"": ""HP-7"", ""meas_id"": 7, ""hum"": 35.11786, ""gas_res"": 9910.188}, {""temp"": 21.44253, ""step"": 5, ""status"": 1, ""pres"": 967.051, ""meas_profile"": ""HP-6"", ""meas_id"": 6, ""hum"": 35.01756, ""gas_res"": 24715.2}, {""temp"": 21.33197, ""step"": 5, ""status"": 1, ""pres"": 966.8293, ""meas_profile"": ""HP-5"", ""meas_id"": 5, ""hum"": 35.24056, ""gas_res"": 98348.06}, {""temp"": 21.09254, ""step"": 5, ""status"": 1, ""pres"": 966.9457, ""meas_profile"": ""HP-4"", ""meas_id"": 4, ""hum"": 34.80289, ""gas_res"": 116868.3}, {""temp"": 21.24942, ""step"": 5, ""status"": 1, ""pres"": 966.5631, ""meas_profile"": ""HP-3"", ""meas_id"": 3, ""hum"": 35.31051, ""gas_res"": 41816.4}, {""temp"": 21.16711, ""step"": 5, ""status"": 1, ""pres"": 966.6713, ""meas_profile"": ""HP-2"", ""meas_id"": 2, ""hum"": 35.55537, ""gas_res"": 100000.0}, {""temp"": 20.92638, ""step"": 5, ""status"": 1, ""pres"": 966.7505, ""meas_profile"": ""HP-1"", ""meas_id"": 1, ""hum"": 33.93517, ""gas_res"": 87942.29}]}",NULL,"2025-10-27 10:41:34.643058"
12046,"04a600b9b0b8","2025-10-27 10:39:19","tFEKIBGUvOSsYa37KvlT","{""bme688"": [{""temp"": 21.39369, ""step"": 4, ""status"": 1, ""pres"": 966.7916, ""meas_profile"": ""HP-8"", ""meas_id"": 8, ""hum"": 35.22274, ""gas_res"": 7504.69}, {""temp"": 21.36243, ""step"": 4, ""status"": 1, ""pres"": 966.9852, ""meas_profile"": ""HP-7"", ""meas_id"": 7, ""hum"": 35.1178, ""gas_res"": 9800.919}, {""temp"": 21.44191, ""step"": 4, ""status"": 1, ""pres"": 967.0499, ""meas_profile"": ""HP-6"", ""meas_id"": 6, ""hum"": 35.02326, ""gas_res"": 24758.22}, {""temp"": 21.33135, ""step"": 4, ""status"": 1, ""pres"": 966.8283, ""meas_profile"": ""HP-5"", ""meas_id"": 5, ""hum"": 35.23481, ""gas_res"": 100668.5}, {""temp"": 21.09192, ""step"": 4, ""status"": 1, ""pres"": 966.9448, ""meas_profile"": ""HP-4"", ""meas_id"": 4, ""hum"": 34.79132, ""gas_res"": 122224.9}, {""temp"": 21.2488, ""step"": 4, ""status"": 1, ""pres"": 966.5638, ""meas_profile"": ""HP-3"", ""meas_id"": 3, ""hum"": 35.29892, ""gas_res"": 40816.33}, {""temp"": 21.1668, ""step"": 4, ""status"": 1, ""pres"": 966.6724, ""meas_profile"": ""HP-2"", ""meas_id"": 2, ""hum"": 35.54964, ""gas_res"": 100000.0}, {""temp"": 20.92576, ""step"": 4, ""status"": 1, ""pres"": 966.7496, ""meas_profile"": ""HP-1"", ""meas_id"": 1, ""hum"": 33.94096, ""gas_res"": 85475.8}]}",NULL,"2025-10-27 10:41:35.915592"
12047,"04a600b9b0b8","2025-10-27 10:39:19","tFEKIBGUvOSsYa37KvlT","{""bme688"": [{""temp"": 21.39307, ""step"": 3, ""status"": 1, ""pres"": 966.7924, ""meas_profile"": ""HP-8"", ""meas_id"": 8, ""hum"": 35.21695, ""gas_res"": 7552.514}, {""temp"": 21.3615, ""step"": 3, ""status"": 1, ""pres"": 966.9836, ""meas_profile"": ""HP-7"", ""meas_id"": 7, ""hum"": 35.11204, ""gas_res"": 9658.919}, {""temp"": 21.4413, ""step"": 3, ""status"": 1, ""pres"": 967.0488, ""meas_profile"": ""HP-6"", ""meas_id"": 6, ""hum"": 35.05199, ""gas_res"": 23646.78}, {""temp"": 21.33072, ""step"": 3, ""status"": 1, ""pres"": 966.8292, ""meas_profile"": ""HP-5"", ""meas_id"": 5, ""hum"": 35.24613, ""gas_res"": 52308.95}, {""temp"": 21.09099, ""step"": 3, ""status"": 1, ""pres"": 966.945, ""meas_profile"": ""HP-4"", ""meas_id"": 4, ""hum"": 34.8258, ""gas_res"": 86868.0}, {""temp"": 21.24787, ""step"": 3, ""status"": 1, ""pres"": 966.564, ""meas_profile"": ""HP-3"", ""meas_id"": 3, ""hum"": 35.32766, ""gas_res"": 44991.21}, {""temp"": 21.16587, ""step"": 3, ""status"": 1, ""pres"": 966.6711, ""meas_profile"": ""HP-2"", ""meas_id"": 2, ""hum"": 35.57236, ""gas_res"": 75829.38}, {""temp"": 20.92482, ""step"": 3, ""status"": 1, ""pres"": 966.7498, ""meas_profile"": ""HP-1"", ""meas_id"": 1, ""hum"": 33.94673, ""gas_res"": 59451.93}]}",NULL,"2025-10-27 10:41:37.300925"
12048,"04a600b9b0b8","2025-10-27 10:39:19","tFEKIBGUvOSsYa37KvlT","{""bme688"": [{""temp"": 21.39245, ""step"": 2, ""status"": 1, ""pres"": 966.7915, ""meas_profile"": ""HP-8"", ""meas_id"": 8, ""hum"": 35.25134, ""gas_res"": 18545.35}, {""temp"": 21.36119, ""step"": 2, ""status"": 1, ""pres"": 966.9847, ""meas_profile"": ""HP-7"", ""meas_id"": 7, ""hum"": 35.15174, ""gas_res"": 26661.11}, {""temp"": 21.44068, ""step"": 2, ""status"": 1, ""pres"": 967.0479, ""meas_profile"": ""HP-6"", ""meas_id"": 6, ""hum"": 35.0289, ""gas_res"": 101870.3}, {""temp"": 21.3301, ""step"": 2, ""status"": 1, ""pres"": 966.8279, ""meas_profile"": ""HP-5"", ""meas_id"": 5, ""hum"": 35.24607, ""gas_res"": 347118.7}, {""temp"": 21.09006, ""step"": 2, ""status"": 1, ""pres"": 966.9451, ""meas_profile"": ""HP-4"", ""meas_id"": 4, ""hum"": 34.81419, ""gas_res"": 530295.2}, {""temp"": 21.24725, ""step"": 2, ""status"": 1, ""pres"": 966.563, ""meas_profile"": ""HP-3"", ""meas_id"": 3, ""hum"": 35.33913, ""gas_res"": 246925.5}, {""temp"": 21.16494, ""step"": 2, ""status"": 1, ""pres"": 966.6692, ""meas_profile"": ""HP-2"", ""meas_id"": 2, ""hum"": 35.57228, ""gas_res"": 414407.1}, {""temp"": 20.9242, ""step"": 2, ""status"": 1, ""pres"": 966.7488, ""meas_profile"": ""HP-1"", ""meas_id"": 1, ""hum"": 33.97007, ""gas_res"": 328415.7}]}",NULL,"2025-10-27 10:41:38.479705"
12049,"04a600b9b0b8","2025-10-27 10:39:19","tFEKIBGUvOSsYa37KvlT","{""bme688"": [{""temp"": 21.39183, ""step"": 1, ""status"": 1, ""pres"": 966.7904, ""meas_profile"": ""HP-8"", ""meas_id"": 8, ""hum"": 35.2398, ""gas_res"": 6232.957}, {""temp"": 21.36057, ""step"": 1, ""status"": 1, ""pres"": 966.9838, ""meas_profile"": ""HP-7"", ""meas_id"": 7, ""hum"": 35.146, ""gas_res"": 6416.684}, {""temp"": 21.44037, ""step"": 1, ""status"": 1, ""pres"": 967.0492, ""meas_profile"": ""HP-6"", ""meas_id"": 6, ""hum"": 35.06341, ""gas_res"": 21220.16}, {""temp"": 21.32978, ""step"": 1, ""status"": 1, ""pres"": 966.8273, ""meas_profile"": ""HP-5"", ""meas_id"": 5, ""hum"": 35.25742, ""gas_res"": 28998.64}, {""temp"": 21.08975, ""step"": 1, ""status"": 1, ""pres"": 966.9462, ""meas_profile"": ""HP-4"", ""meas_id"": 4, ""hum"": 34.81992, ""gas_res"": 33534.19}, {""temp"": 21.24664, ""step"": 1, ""status"": 1, ""pres"": 966.5636, ""meas_profile"": ""HP-3"", ""meas_id"": 3, ""hum"": 35.33907, ""gas_res"": 25000.0}, {""temp"": 21.16463, ""step"": 1, ""status"": 1, ""pres"": 966.6707, ""meas_profile"": ""HP-2"", ""meas_id"": 2, ""hum"": 35.58365, ""gas_res"": 27862.43}, {""temp"": 20.92358, ""step"": 1, ""status"": 1, ""pres"": 966.7498, ""meas_profile"": ""HP-1"", ""meas_id"": 1, ""hum"": 33.97001, ""gas_res"": 25000.0}]}",NULL,"2025-10-27 10:41:39.751887"
12050,"04a600b9b0b8","2025-10-27 10:39:19","tFEKIBGUvOSsYa37KvlT","{""bme688"": [{""temp"": 21.39091, ""step"": 0, ""status"": 1, ""pres"": 966.7891, ""meas_profile"": ""HP-8"", ""meas_id"": 8, ""hum"": 35.27416, ""gas_res"": 5684.846}, {""temp"": 21.35964, ""step"": 0, ""status"": 1, ""pres"": 966.9838, ""meas_profile"": ""HP-7"", ""meas_id"": 7, ""hum"": 35.16294, ""gas_res"": 5684.846}, {""temp"": 21.43975, ""step"": 0, ""status"": 1, ""pres"": 967.0481, ""meas_profile"": ""HP-6"", ""meas_id"": 6, ""hum"": 35.04609, ""gas_res"": 5941.33}, {""temp"": 21.32916, ""step"": 0, ""status"": 1, ""pres"": 966.8281, ""meas_profile"": ""HP-5"", ""meas_id"": 5, ""hum"": 35.25736, ""gas_res"": 22662.89}, {""temp"": 21.08944, ""step"": 0, ""status"": 1, ""pres"": 966.9474, ""meas_profile"": ""HP-4"", ""meas_id"": 4, ""hum"": 34.83718, ""gas_res"": 20025.03}, {""temp"": 21.24571, ""step"": 0, ""status"": 1, ""pres"": 966.562, ""meas_profile"": ""HP-3"", ""meas_id"": 3, ""hum"": 35.35052, ""gas_res"": 7076.515}, {""temp"": 21.16401, ""step"": 0, ""status"": 1, ""pres"": 966.6697, ""meas_profile"": ""HP-2"", ""meas_id"": 2, ""hum"": 35.57789, ""gas_res"": 6254.887}, {""temp"": 20.92296, ""step"": 0, ""status"": 1, ""pres"": 966.7487, ""meas_profile"": ""HP-1"", ""meas_id"": 1, ""hum"": 33.9641, ""gas_res"": 7761.339}]}",NULL,"2025-10-27 10:41:41.04199"
12051,"04a600b9b0b8","2025-10-27 10:38:39","tFEKIBGUvOSsYa37KvlT","{""zphs01b"": {""voc"": 0, ""temp"": 19.2, ""pm2_5"": 0, ""pm1_0"": 0, ""pm10"": 347, ""o3"": 0.15, ""no2"": 4.32, ""hum"": 0, ""fmhd"": 0, ""co2"": 5000, ""co"": 0.0}, ""smell_b"": {}, ""sfa30"": {""temp"": 21.41, ""hum"": 35.9, ""fmhd"": 1.8}, ""sen5x"": {""voc"": 155.0, ""temp"": 21.785, ""pm4_0"": 4457.0, ""pm2_5"": 4457.0, ""pm1_0"": 4250.0, ""pm10"": 4457.0, ""nox"": 1.0, ""mass_c"": 4405.25, ""hum"": 40.17}, ""scd41"": {""temp"": 20.92775, ""hum"": 38.06668, ""co2"": 644}, ""power_source"": 0, ""mics6814"": {""red_res"": 0, ""no2_res"": 0, ""no2"": 0.17, ""nh3_res"": 0, ""nh3"": 0.73, ""co_res"": 0, ""co"": 44.0}}",NULL,"2025-10-27 10:41:42.298382"
12052,"04a600b9b0b8","2025-10-27 10:38:39","tFEKIBGUvOSsYa37KvlT","{""bme688"": [{""temp"": 21.39029, ""step"": 9, ""status"": 1, ""pres"": 966.7899, ""meas_profile"": ""HP-8"", ""meas_id"": 8, ""hum"": 35.33154, ""gas_res"": 5684.846}, {""temp"": 21.3587, ""step"": 9, ""status"": 1, ""pres"": 966.9822, ""meas_profile"": ""HP-7"", ""meas_id"": 7, ""hum"": 35.23099, ""gas_res"": 5684.846}, {""temp"": 21.43913, ""step"": 9, ""status"": 1, ""pres"": 967.0471, ""meas_profile"": ""HP-6"", ""meas_id"": 6, ""hum"": 35.13241, ""gas_res"": 7011.394}, {""temp"": 21.32885, ""step"": 9, ""status"": 1, ""pres"": 966.8276, ""meas_profile"": ""HP-5"", ""meas_id"": 5, ""hum"": 35.34274, ""gas_res"": 21940.35}, {""temp"": 21.08882, ""step"": 9, ""status"": 1, ""pres"": 966.948, ""meas_profile"": ""HP-4"", ""meas_id"": 4, ""hum"": 34.88899, ""gas_res"": 21304.93}, {""temp"": 21.24509, ""step"": 9, ""status"": 1, ""pres"": 966.5627, ""meas_profile"": ""HP-3"", ""meas_id"": 3, ""hum"": 35.38507, ""gas_res"": 8109.478}, {""temp"": 21.16339, ""step"": 9, ""status"": 1, ""pres"": 966.6686, ""meas_profile"": ""HP-2"", ""meas_id"": 2, ""hum"": 35.61775, ""gas_res"": 6578.947}, {""temp"": 20.92234, ""step"": 9, ""status"": 1, ""pres"": 966.7495, ""meas_profile"": ""HP-1"", ""meas_id"": 1, ""hum"": 34.03426, ""gas_res"": 8152.866}]}",NULL,"2025-10-27 10:41:43.589244"
12053,"04a600b9b0b8","2025-10-27 10:38:39","tFEKIBGUvOSsYa37KvlT","{""bme688"": [{""temp"": 21.38936, ""step"": 8, ""status"": 1, ""pres"": 966.7885, ""meas_profile"": ""HP-8"", ""meas_id"": 8, ""hum"": 35.3372, ""gas_res"": 5684.846}, {""temp"": 21.35808, ""step"": 8, ""status"": 1, ""pres"": 966.983, ""meas_profile"": ""HP-7"", ""meas_id"": 7, ""hum"": 35.23662, ""gas_res"": 5684.846}, {""temp"": 21.43852, ""step"": 8, ""status"": 1, ""pres"": 967.0461, ""meas_profile"": ""HP-6"", ""meas_id"": 6, ""hum"": 35.13811, ""gas_res"": 7304.269}, {""temp"": 21.32853, ""step"": 8, ""status"": 1, ""pres"": 966.8287, ""meas_profile"": ""HP-5"", ""meas_id"": 5, ""hum"": 35.35409, ""gas_res"": 20585.4}, {""temp"": 21.0885, ""step"": 8, ""status"": 1, ""pres"": 966.9476, ""meas_profile"": ""HP-4"", ""meas_id"": 4, ""hum"": 34.90626, ""gas_res"": 19619.87}, {""temp"": 21.24447, ""step"": 8, ""status"": 1, ""pres"": 966.5634, ""meas_profile"": ""HP-3"", ""meas_id"": 3, ""hum"": 35.40232, ""gas_res"": 7210.455}, {""temp"": 21.16277, ""step"": 8, ""status"": 1, ""pres"": 966.6691, ""meas_profile"": ""HP-2"", ""meas_id"": 2, ""hum"": 35.6348, ""gas_res"": 6340.4}, {""temp"": 20.92171, ""step"": 8, ""status"": 1, ""pres"": 966.7487, ""meas_profile"": ""HP-1"", ""meas_id"": 1, ""hum"": 34.03419, ""gas_res"": 7795.372}]}",NULL,"2025-10-27 10:41:44.879279"
12054,"04a600b9b0b8","2025-10-27 10:38:39","tFEKIBGUvOSsYa37KvlT","{""bme688"": [{""temp"": 21.38844, ""step"": 7, ""status"": 1, ""pres"": 966.7871, ""meas_profile"": ""HP-8"", ""meas_id"": 8, ""hum"": 35.33137, ""gas_res"": 5684.846}, {""temp"": 21.35715, ""step"": 7, ""status"": 1, ""pres"": 966.9814, ""meas_profile"": ""HP-7"", ""meas_id"": 7, ""hum"": 35.23085, ""gas_res"": 5684.846}, {""temp"": 21.43821, ""step"": 7, ""status"": 1, ""pres"": 967.0457, ""meas_profile"": ""HP-6"", ""meas_id"": 6, ""hum"": 35.1496, ""gas_res"": 7339.45}, {""temp"": 21.32822, ""step"": 7, ""status"": 1, ""pres"": 966.8283, ""meas_profile"": ""HP-5"", ""meas_id"": 5, ""hum"": 35.35976, ""gas_res"": 20388.66}, {""temp"": 21.0882, ""step"": 7, ""status"": 1, ""pres"": 966.9487, ""meas_profile"": ""HP-4"", ""meas_id"": 4, ""hum"": 34.88894, ""gas_res"": 11704.46}, {""temp"": 21.24385, ""step"": 7, ""status"": 1, ""pres"": 966.5625, ""meas_profile"": ""HP-3"", ""meas_id"": 3, ""hum"": 35.40226, ""gas_res"": 6420.546}, {""temp"": 21.16214, ""step"": 7, ""status"": 1, ""pres"": 966.6682, ""meas_profile"": ""HP-2"", ""meas_id"": 2, ""hum"": 35.64045, ""gas_res"": 5888.848}, {""temp"": 20.92109, ""step"": 7, ""status"": 1, ""pres"": 966.7495, ""meas_profile"": ""HP-1"", ""meas_id"": 1, ""hum"": 34.02244, ""gas_res"": 7142.857}]}",NULL,"2025-10-27 10:41:46.15289"
12055,"04a600b9b0b8","2025-10-27 10:38:39","tFEKIBGUvOSsYa37KvlT","{""bme688"": [{""temp"": 21.38813, ""step"": 6, ""status"": 1, ""pres"": 966.7864, ""meas_profile"": ""HP-8"", ""meas_id"": 8, ""hum"": 35.33708, ""gas_res"": 7928.642}, {""temp"": 21.35715, ""step"": 6, ""status"": 1, ""pres"": 966.9832, ""meas_profile"": ""HP-7"", ""meas_id"": 7, ""hum"": 35.21949, ""gas_res"": 10484.93}, {""temp"": 21.43759, ""step"": 6, ""status"": 1, ""pres"": 967.0465, ""meas_profile"": ""HP-6"", ""meas_id"": 6, ""hum"": 35.14378, ""gas_res"": 23778.56}, {""temp"": 21.32791, ""step"": 6, ""status"": 1, ""pres"": 966.8278, ""meas_profile"": ""HP-5"", ""meas_id"": 5, ""hum"": 35.35973, ""gas_res"": 100000.0}, {""temp"": 21.08757, ""step"": 6, ""status"": 1, ""pres"": 966.9476, ""meas_profile"": ""HP-4"", ""meas_id"": 4, ""hum"": 34.88888, ""gas_res"": 100549.9}, {""temp"": 21.24354, ""step"": 6, ""status"": 1, ""pres"": 966.562, ""meas_profile"": ""HP-3"", ""meas_id"": 3, ""hum"": 35.41376, ""gas_res"": 35995.5}, {""temp"": 21.16183, ""step"": 6, ""status"": 1, ""pres"": 966.6677, ""meas_profile"": ""HP-2"", ""meas_id"": 2, ""hum"": 35.65183, ""gas_res"": 92219.02}, {""temp"": 20.92078, ""step"": 6, ""status"": 1, ""pres"": 966.7491, ""meas_profile"": ""HP-1"", ""meas_id"": 1, ""hum"": 34.03411, ""gas_res"": 44475.33}]}",NULL,"2025-10-27 10:41:47.51535"
12056,"04a600b9b0b8","2025-10-27 10:38:39","tFEKIBGUvOSsYa37KvlT","{""bme688"": [{""temp"": 21.38751, ""step"": 5, ""status"": 1, ""pres"": 966.7854, ""meas_profile"": ""HP-8"", ""meas_id"": 8, ""hum"": 35.34277, ""gas_res"": 7928.642}, {""temp"": 21.35684, ""step"": 5, ""status"": 1, ""pres"": 966.9826, ""meas_profile"": ""HP-7"", ""meas_id"": 7, ""hum"": 35.23082, ""gas_res"": 10495.24}, {""temp"": 21.43728, ""step"": 5, ""status"": 1, ""pres"": 967.046, ""meas_profile"": ""HP-6"", ""meas_id"": 6, ""hum"": 35.13223, ""gas_res"": 23952.1}, {""temp"": 21.32791, ""step"": 5, ""status"": 1, ""pres"": 966.8278, ""meas_profile"": ""HP-5"", ""meas_id"": 5, ""hum"": 35.35403, ""gas_res"": 100000.0}, {""temp"": 21.08726, ""step"": 5, ""status"": 1, ""pres"": 966.9489, ""meas_profile"": ""HP-4"", ""meas_id"": 4, ""hum"": 34.90038, ""gas_res"": 99902.44}, {""temp"": 21.24323, ""step"": 5, ""status"": 1, ""pres"": 966.5631, ""meas_profile"": ""HP-3"", ""meas_id"": 3, ""hum"": 35.39643, ""gas_res"": 34678.95}, {""temp"": 21.16152, ""step"": 5, ""status"": 1, ""pres"": 966.6672, ""meas_profile"": ""HP-2"", ""meas_id"": 2, ""hum"": 35.6518, ""gas_res"": 88765.6}, {""temp"": 20.92047, ""step"": 5, ""status"": 1, ""pres"": 966.7486, ""meas_profile"": ""HP-1"", ""meas_id"": 1, ""hum"": 34.03409, ""gas_res"": 42105.26}]}",NULL,"2025-10-27 10:41:48.718428"
12057,"04a600b9b0b8","2025-10-27 10:38:39","tFEKIBGUvOSsYa37KvlT","{""bme688"": [{""temp"": 21.38689, ""step"": 4, ""status"": 1, ""pres"": 966.7845, ""meas_profile"": ""HP-8"", ""meas_id"": 8, ""hum"": 35.34271, ""gas_res"": 7922.753}, {""temp"": 21.35684, ""step"": 4, ""status"": 1, ""pres"": 966.9826, ""meas_profile"": ""HP-7"", ""meas_id"": 7, ""hum"": 35.24786, ""gas_res"": 10578.51}, {""temp"": 21.43666, ""step"": 4, ""status"": 1, ""pres"": 967.0447, ""meas_profile"": ""HP-6"", ""meas_id"": 6, ""hum"": 35.14946, ""gas_res"": 24169.18}, {""temp"": 21.3276, ""step"": 4, ""status"": 1, ""pres"": 966.8273, ""meas_profile"": ""HP-5"", ""meas_id"": 5, ""hum"": 35.36539, ""gas_res"": 100000.0}, {""temp"": 21.08664, ""step"": 4, ""status"": 1, ""pres"": 966.9495, ""meas_profile"": ""HP-4"", ""meas_id"": 4, ""hum"": 34.90031, ""gas_res"": 102728.7}, {""temp"": 21.24261, ""step"": 4, ""status"": 1, ""pres"": 966.5621, ""meas_profile"": ""HP-3"", ""meas_id"": 3, ""hum"": 35.41368, ""gas_res"": 33169.21}, {""temp"": 21.1609, ""step"": 4, ""status"": 1, ""pres"": 966.6661, ""meas_profile"": ""HP-2"", ""meas_id"": 2, ""hum"": 35.66315, ""gas_res"": 84460.57}, {""temp"": 20.92015, ""step"": 4, ""status"": 1, ""pres"": 966.7499, ""meas_profile"": ""HP-1"", ""meas_id"": 1, ""hum"": 34.04576, ""gas_res"": 40012.5}]}",NULL,"2025-10-27 10:41:49.987922"
12058,"04a600b9b0b8","2025-10-27 10:38:39","tFEKIBGUvOSsYa37KvlT","{""bme688"": [{""temp"": 21.38658, ""step"": 3, ""status"": 1, ""pres"": 966.784, ""meas_profile"": ""HP-8"", ""meas_id"": 8, ""hum"": 35.35418, ""gas_res"": 13322.23}, {""temp"": 21.35622, ""step"": 3, ""status"": 1, ""pres"": 966.9816, ""meas_profile"": ""HP-7"", ""meas_id"": 7, ""hum"": 35.25348, ""gas_res"": 18577.65}, {""temp"": 21.43605, ""step"": 3, ""status"": 1, ""pres"": 967.0439, ""meas_profile"": ""HP-6"", ""meas_id"": 6, ""hum"": 35.13788, ""gas_res"": 49117.42}, {""temp"": 21.32697, ""step"": 3, ""status"": 1, ""pres"": 966.8279, ""meas_profile"": ""HP-5"", ""meas_id"": 5, ""hum"": 35.37672, ""gas_res"": 124908.5}, {""temp"": 21.08571, ""step"": 3, ""status"": 1, ""pres"": 966.9496, ""meas_profile"": ""HP-4"", ""meas_id"": 4, ""hum"": 34.91753, ""gas_res"": 190122.5}, {""temp"": 21.242, ""step"": 3, ""status"": 1, ""pres"": 966.5627, ""meas_profile"": ""HP-3"", ""meas_id"": 3, ""hum"": 35.43671, ""gas_res"": 88489.46}, {""temp"": 21.16028, ""step"": 3, ""status"": 1, ""pres"": 966.6651, ""meas_profile"": ""HP-2"", ""meas_id"": 2, ""hum"": 35.6745, ""gas_res"": 149795.2}, {""temp"": 20.91922, ""step"": 3, ""status"": 1, ""pres"": 966.7485, ""meas_profile"": ""HP-1"", ""meas_id"": 1, ""hum"": 34.05153, ""gas_res"": 116152.5}]}",NULL,"2025-10-27 10:41:51.269906"
12059,"04a600b9b0b8","2025-10-27 10:38:39","tFEKIBGUvOSsYa37KvlT","{""bme688"": [{""temp"": 21.38597, ""step"": 2, ""status"": 1, ""pres"": 966.7831, ""meas_profile"": ""HP-8"", ""meas_id"": 8, ""hum"": 35.35412, ""gas_res"": 21694.92}, {""temp"": 21.35591, ""step"": 2, ""status"": 1, ""pres"": 966.981, ""meas_profile"": ""HP-7"", ""meas_id"": 7, ""hum"": 35.25345, ""gas_res"": 32096.29}, {""temp"": 21.43574, ""step"": 2, ""status"": 1, ""pres"": 967.0435, ""meas_profile"": ""HP-6"", ""meas_id"": 6, ""hum"": 35.15514, ""gas_res"": 109659.5}, {""temp"": 21.32635, ""step"": 2, ""status"": 1, ""pres"": 966.8269, ""meas_profile"": ""HP-5"", ""meas_id"": 5, ""hum"": 35.38237, ""gas_res"": 347118.7}, {""temp"": 21.08509, ""step"": 2, ""status"": 1, ""pres"": 966.9485, ""meas_profile"": ""HP-4"", ""meas_id"": 4, ""hum"": 34.92324, ""gas_res"": 463978.3}, {""temp"": 21.24138, ""step"": 2, ""status"": 1, ""pres"": 966.5619, ""meas_profile"": ""HP-3"", ""meas_id"": 3, ""hum"": 35.43087, ""gas_res"": 202772.3}, {""temp"": 21.15966, ""step"": 2, ""status"": 1, ""pres"": 966.6641, ""meas_profile"": ""HP-2"", ""meas_id"": 2, ""hum"": 35.68015, ""gas_res"": 345013.5}, {""temp"": 20.9186, ""step"": 2, ""status"": 1, ""pres"": 966.7475, ""meas_profile"": ""HP-1"", ""meas_id"": 1, ""hum"": 34.07488, ""gas_res"": 261491.3}]}",NULL,"2025-10-27 10:41:52.644545"
12060,"04a600b9b0b8","2025-10-27 10:38:39","tFEKIBGUvOSsYa37KvlT","{""bme688"": [{""temp"": 21.38566, ""step"": 1, ""status"": 1, ""pres"": 966.7827, ""meas_profile"": ""HP-8"", ""meas_id"": 8, ""hum"": 35.35409, ""gas_res"": 6858.123}, {""temp"": 21.35529, ""step"": 1, ""status"": 1, ""pres"": 966.9817, ""meas_profile"": ""HP-7"", ""meas_id"": 7, ""hum"": 35.26476, ""gas_res"": 7166.854}, {""temp"": 21.43543, ""step"": 1, ""status"": 1, ""pres"": 967.0429, ""meas_profile"": ""HP-6"", ""meas_id"": 6, ""hum"": 35.17239, ""gas_res"": 21541.57}, {""temp"": 21.32635, ""step"": 1, ""status"": 1, ""pres"": 966.8269, ""meas_profile"": ""HP-5"", ""meas_id"": 5, ""hum"": 35.39946, ""gas_res"": 27397.26}, {""temp"": 21.08509, ""step"": 1, ""status"": 1, ""pres"": 966.9485, ""meas_profile"": ""HP-4"", ""meas_id"": 4, ""hum"": 34.929, ""gas_res"": 29157.18}, {""temp"": 21.24107, ""step"": 1, ""status"": 1, ""pres"": 966.5613, ""meas_profile"": ""HP-3"", ""meas_id"": 3, ""hum"": 35.41354, ""gas_res"": 25000.0}, {""temp"": 21.15935, ""step"": 1, ""status"": 1, ""pres"": 966.6636, ""meas_profile"": ""HP-2"", ""meas_id"": 2, ""hum"": 35.66871, ""gas_res"": 25000.0}, {""temp"": 20.91829, ""step"": 1, ""status"": 1, ""pres"": 966.7488, ""meas_profile"": ""HP-1"", ""meas_id"": 1, ""hum"": 34.05729, ""gas_res"": 25000.0}]}",NULL,"2025-10-27 10:41:53.835544"
12061,"04a600b9b0b8","2025-10-27 10:38:39","tFEKIBGUvOSsYa37KvlT","{""bme688"": [{""temp"": 21.38473, ""step"": 0, ""status"": 1, ""pres"": 966.7811, ""meas_profile"": ""HP-8"", ""meas_id"": 8, ""hum"": 35.37698, ""gas_res"": 5684.846}, {""temp"": 21.35467, ""step"": 0, ""status"": 1, ""pres"": 966.9807, ""meas_profile"": ""HP-7"", ""meas_id"": 7, ""hum"": 35.28174, ""gas_res"": 5684.846}, {""temp"": 21.43481, ""step"": 0, ""status"": 1, ""pres"": 967.0419, ""meas_profile"": ""HP-6"", ""meas_id"": 6, ""hum"": 35.17233, ""gas_res"": 6094.077}, {""temp"": 21.32603, ""step"": 0, ""status"": 1, ""pres"": 966.8264, ""meas_profile"": ""HP-5"", ""meas_id"": 5, ""hum"": 35.37664, ""gas_res"": 22191.4}, {""temp"": 21.08447, ""step"": 0, ""status"": 1, ""pres"": 966.9492, ""meas_profile"": ""HP-4"", ""meas_id"": 4, ""hum"": 34.92895, ""gas_res"": 18322.36}, {""temp"": 21.24045, ""step"": 0, ""status"": 1, ""pres"": 966.5602, ""meas_profile"": ""HP-3"", ""meas_id"": 3, ""hum"": 35.43079, ""gas_res"": 6008.261}, {""temp"": 21.15873, ""step"": 0, ""status"": 1, ""pres"": 966.6627, ""meas_profile"": ""HP-2"", ""meas_id"": 2, ""hum"": 35.68006, ""gas_res"": 7766.99}, {""temp"": 20.91767, ""step"": 0, ""status"": 1, ""pres"": 966.748, ""meas_profile"": ""HP-1"", ""meas_id"": 1, ""hum"": 34.06894, ""gas_res"": 6603.384}]}",NULL,"2025-10-27 10:41:55.106119"
12062,"04a600b9b0b8","2025-10-27 10:41:21","tFEKIBGUvOSsYa37KvlT","{""zphs01b"": {""voc"": 0, ""temp"": 19.4, ""pm2_5"": 0, ""pm1_0"": 0, ""pm10"": 344, ""o3"": 0.02, ""no2"": 10.0, ""hum"": 0, ""fmhd"": 0, ""co2"": 5000, ""co"": 0.0}, ""smell_b"": {}, ""sfa30"": {""temp"": 21.52, ""hum"": 35.71, ""fmhd"": 1.6}, ""sen5x"": {""voc"": 130.0, ""temp"": 21.54, ""pm4_0"": 4792.6, ""pm2_5"": 4792.6, ""pm1_0"": 4570.0, ""pm10"": 4792.6, ""nox"": 1.0, ""mass_c"": 4736.95, ""hum"": 40.87}, ""scd41"": {""temp"": 21.22415, ""hum"": 37.91257, ""co2"": 679}, ""power_source"": 0, ""mics6814"": {""red_res"": 0, ""no2_res"": 0, ""no2"": 0.17, ""nh3_res"": 0, ""nh3"": 0.73, ""co_res"": 0, ""co"": 44.0}}",NULL,"2025-10-27 10:42:24.101067"
12063,"04a600b9b0b8","2025-10-27 10:41:21","tFEKIBGUvOSsYa37KvlT","{""bme688"": [{""temp"": 21.41963, ""step"": 9, ""status"": 1, ""pres"": 966.8218, ""meas_profile"": ""HP-8"", ""meas_id"": 8, ""hum"": 35.07598, ""gas_res"": 5684.846}, {""temp"": 21.38572, ""step"": 9, ""status"": 1, ""pres"": 967.0035, ""meas_profile"": ""HP-7"", ""meas_id"": 7, ""hum"": 34.94981, ""gas_res"": 5684.846}, {""temp"": 21.46383, ""step"": 9, ""status"": 1, ""pres"": 967.0712, ""meas_profile"": ""HP-6"", ""meas_id"": 6, ""hum"": 34.84122, ""gas_res"": 7249.66}, {""temp"": 21.35105, ""step"": 9, ""status"": 1, ""pres"": 966.8438, ""meas_profile"": ""HP-5"", ""meas_id"": 5, ""hum"": 35.05466, ""gas_res"": 25000.0}, {""temp"": 21.11304, ""step"": 9, ""status"": 1, ""pres"": 966.9462, ""meas_profile"": ""HP-4"", ""meas_id"": 4, ""hum"": 34.59178, ""gas_res"": 22543.15}, {""temp"": 21.27261, ""step"": 9, ""status"": 1, ""pres"": 966.5772, ""meas_profile"": ""HP-3"", ""meas_id"": 3, ""hum"": 35.09951, ""gas_res"": 6222.049}, {""temp"": 21.18792, ""step"": 9, ""status"": 1, ""pres"": 966.6867, ""meas_profile"": ""HP-2"", ""meas_id"": 2, ""hum"": 35.32376, ""gas_res"": 7138.077}, {""temp"": 20.94941, ""step"": 9, ""status"": 1, ""pres"": 966.764, ""meas_profile"": ""HP-1"", ""meas_id"": 1, ""hum"": 33.73271, ""gas_res"": 5862.954}]}",NULL,"2025-10-27 10:42:25.185617"
12064,"04a600b9b0b8","2025-10-27 10:41:21","tFEKIBGUvOSsYa37KvlT","{""bme688"": [{""temp"": 21.41809, ""step"": 8, ""status"": 1, ""pres"": 966.8193, ""meas_profile"": ""HP-8"", ""meas_id"": 8, ""hum"": 35.08731, ""gas_res"": 5684.846}, {""temp"": 21.38448, ""step"": 8, ""status"": 1, ""pres"": 967.0031, ""meas_profile"": ""HP-7"", ""meas_id"": 7, ""hum"": 34.9497, ""gas_res"": 5684.846}, {""temp"": 21.46259, ""step"": 8, ""status"": 1, ""pres"": 967.0692, ""meas_profile"": ""HP-6"", ""meas_id"": 6, ""hum"": 34.86411, ""gas_res"": 7584.736}, {""temp"": 21.35011, ""step"": 8, ""status"": 1, ""pres"": 966.844, ""meas_profile"": ""HP-5"", ""meas_id"": 5, ""hum"": 35.07163, ""gas_res"": 22448.26}, {""temp"": 21.11211, ""step"": 8, ""status"": 1, ""pres"": 966.9464, ""meas_profile"": ""HP-4"", ""meas_id"": 4, ""hum"": 34.59169, ""gas_res"": 21347.56}, {""temp"": 21.27137, ""step"": 8, ""status"": 1, ""pres"": 966.5753, ""meas_profile"": ""HP-3"", ""meas_id"": 3, ""hum"": 35.09363, ""gas_res"": 7928.642}, {""temp"": 21.18699, ""step"": 8, ""status"": 1, ""pres"": 966.6869, ""meas_profile"": ""HP-2"", ""meas_id"": 2, ""hum"": 35.34644, ""gas_res"": 7002.188}, {""temp"": 20.94817, ""step"": 8, ""status"": 1, ""pres"": 966.7639, ""meas_profile"": ""HP-1"", ""meas_id"": 1, ""hum"": 33.7326, ""gas_res"": 5998.125}]}",NULL,"2025-10-27 10:42:26.476794"
12065,"04a600b9b0b8","2025-10-27 10:41:21","tFEKIBGUvOSsYa37KvlT","{""bme688"": [{""temp"": 21.41685, ""step"": 7, ""status"": 1, ""pres"": 966.8173, ""meas_profile"": ""HP-8"", ""meas_id"": 8, ""hum"": 35.07572, ""gas_res"": 5684.846}, {""temp"": 21.38292, ""step"": 7, ""status"": 1, ""pres"": 967.0022, ""meas_profile"": ""HP-7"", ""meas_id"": 7, ""hum"": 34.97224, ""gas_res"": 5684.846}, {""temp"": 21.46167, ""step"": 7, ""status"": 1, ""pres"": 967.0694, ""meas_profile"": ""HP-6"", ""meas_id"": 6, ""hum"": 34.85827, ""gas_res"": 7579.346}, {""temp"": 21.34917, ""step"": 7, ""status"": 1, ""pres"": 966.8425, ""meas_profile"": ""HP-5"", ""meas_id"": 5, ""hum"": 35.05449, ""gas_res"": 22076.58}, {""temp"": 21.11118, ""step"": 7, ""status"": 1, ""pres"": 966.9464, ""meas_profile"": ""HP-4"", ""meas_id"": 4, ""hum"": 34.59736, ""gas_res"": 18991.1}, {""temp"": 21.27014, ""step"": 7, ""status"": 1, ""pres"": 966.5748, ""meas_profile"": ""HP-3"", ""meas_id"": 3, ""hum"": 35.11079, ""gas_res"": 7025.247}, {""temp"": 21.18574, ""step"": 7, ""status"": 1, ""pres"": 966.6866, ""meas_profile"": ""HP-2"", ""meas_id"": 2, ""hum"": 35.31217, ""gas_res"": 6562.756}, {""temp"": 20.94692, ""step"": 7, ""status"": 1, ""pres"": 966.7639, ""meas_profile"": ""HP-1"", ""meas_id"": 1, ""hum"": 33.73249, ""gas_res"": 7846.984}]}",NULL,"2025-10-27 10:42:27.933313"
12066,"04a600b9b0b8","2025-10-27 10:41:21","tFEKIBGUvOSsYa37KvlT","{""bme688"": [{""temp"": 21.41562, ""step"": 6, ""status"": 1, ""pres"": 966.8172, ""meas_profile"": ""HP-8"", ""meas_id"": 8, ""hum"": 35.08708, ""gas_res"": 7552.514}, {""temp"": 21.38199, ""step"": 6, ""status"": 1, ""pres"": 967.0007, ""meas_profile"": ""HP-7"", ""meas_id"": 7, ""hum"": 34.96647, ""gas_res"": 9975.063}, {""temp"": 21.46043, ""step"": 6, ""status"": 1, ""pres"": 967.0674, ""meas_profile"": ""HP-6"", ""meas_id"": 6, ""hum"": 34.8754, ""gas_res"": 23911.82}, {""temp"": 21.34823, ""step"": 6, ""status"": 1, ""pres"": 966.8426, ""meas_profile"": ""HP-5"", ""meas_id"": 5, ""hum"": 35.06008, ""gas_res"": 100000.0}, {""temp"": 21.10994, ""step"": 6, ""status"": 1, ""pres"": 966.9461, ""meas_profile"": ""HP-4"", ""meas_id"": 4, ""hum"": 34.60875, ""gas_res"": 105068.8}, {""temp"": 21.2689, ""step"": 6, ""status"": 1, ""pres"": 966.5746, ""meas_profile"": ""HP-3"", ""meas_id"": 3, ""hum"": 35.14523, ""gas_res"": 38635.68}, {""temp"": 21.18481, ""step"": 6, ""status"": 1, ""pres"": 966.6868, ""meas_profile"": ""HP-2"", ""meas_id"": 2, ""hum"": 35.34624, ""gas_res"": 100000.0}, {""temp"": 20.94567, ""step"": 6, ""status"": 1, ""pres"": 966.7619, ""meas_profile"": ""HP-1"", ""meas_id"": 1, ""hum"": 33.74406, ""gas_res"": 46664.23}]}",NULL,"2025-10-27 10:42:29.67683"
12067,"04a600b9b0b8","2025-10-27 10:41:21","tFEKIBGUvOSsYa37KvlT","{""bme688"": [{""temp"": 21.41469, ""step"": 5, ""status"": 1, ""pres"": 966.8157, ""meas_profile"": ""HP-8"", ""meas_id"": 8, ""hum"": 35.09846, ""gas_res"": 7557.865}, {""temp"": 21.38137, ""step"": 5, ""status"": 1, ""pres"": 967.0013, ""meas_profile"": ""HP-7"", ""meas_id"": 7, ""hum"": 34.94941, ""gas_res"": 9947.155}, {""temp"": 21.45951, ""step"": 5, ""status"": 1, ""pres"": 967.0677, ""meas_profile"": ""HP-6"", ""meas_id"": 6, ""hum"": 34.88682, ""gas_res"": 23979.02}, {""temp"": 21.3473, ""step"": 5, ""status"": 1, ""pres"": 966.8411, ""meas_profile"": ""HP-5"", ""meas_id"": 5, ""hum"": 35.07136, ""gas_res"": 100000.0}, {""temp"": 21.1087, ""step"": 5, ""status"": 1, ""pres"": 966.9458, ""meas_profile"": ""HP-4"", ""meas_id"": 4, ""hum"": 34.60288, ""gas_res"": 105654.1}, {""temp"": 21.26797, ""step"": 5, ""status"": 1, ""pres"": 966.5747, ""meas_profile"": ""HP-3"", ""meas_id"": 3, ""hum"": 35.12786, ""gas_res"": 37613.87}, {""temp"": 21.18388, ""step"": 5, ""status"": 1, ""pres"": 966.6853, ""meas_profile"": ""HP-2"", ""meas_id"": 2, ""hum"": 35.35185, ""gas_res"": 100000.0}, {""temp"": 20.94474, ""step"": 5, ""status"": 1, ""pres"": 966.7625, ""meas_profile"": ""HP-1"", ""meas_id"": 1, ""hum"": 33.74982, ""gas_res"": 45181.79}]}",NULL,"2025-10-27 10:42:30.947776"
12068,"04a600b9b0b8","2025-10-27 10:41:21","tFEKIBGUvOSsYa37KvlT","{""bme688"": [{""temp"": 21.41345, ""step"": 4, ""status"": 1, ""pres"": 966.8137, ""meas_profile"": ""HP-8"", ""meas_id"": 8, ""hum"": 35.10983, ""gas_res"": 7617.234}, {""temp"": 21.38013, ""step"": 4, ""status"": 1, ""pres"": 967.001, ""meas_profile"": ""HP-7"", ""meas_id"": 7, ""hum"": 34.97197, ""gas_res"": 9900.99}, {""temp"": 21.45827, ""step"": 4, ""status"": 1, ""pres"": 967.0656, ""meas_profile"": ""HP-6"", ""meas_id"": 6, ""hum"": 34.89246, ""gas_res"": 24320.73}, {""temp"": 21.34605, ""step"": 4, ""status"": 1, ""pres"": 966.8406, ""meas_profile"": ""HP-5"", ""meas_id"": 5, ""hum"": 35.07125, ""gas_res"": 95486.76}, {""temp"": 21.10745, ""step"": 4, ""status"": 1, ""pres"": 966.9453, ""meas_profile"": ""HP-4"", ""meas_id"": 4, ""hum"": 34.61428, ""gas_res"": 108820.4}, {""temp"": 21.26704, ""step"": 4, ""status"": 1, ""pres"": 966.5748, ""meas_profile"": ""HP-3"", ""meas_id"": 3, ""hum"": 35.12778, ""gas_res"": 37122.97}, {""temp"": 21.18295, ""step"": 4, ""status"": 1, ""pres"": 966.6853, ""meas_profile"": ""HP-2"", ""meas_id"": 2, ""hum"": 35.35176, ""gas_res"": 100000.0}, {""temp"": 20.94381, ""step"": 4, ""status"": 1, ""pres"": 966.761, ""meas_profile"": ""HP-1"", ""meas_id"": 1, ""hum"": 33.74973, ""gas_res"": 44153.16}]}",NULL,"2025-10-27 10:42:32.223912"
12069,"04a600b9b0b8","2025-10-27 10:41:21","tFEKIBGUvOSsYa37KvlT","{""bme688"": [{""temp"": 21.41191, ""step"": 3, ""status"": 0, ""pres"": 966.8131, ""meas_profile"": ""HP-8"", ""meas_id"": 8, ""hum"": 35.10968, ""gas_res"": 5684.846}, {""temp"": 21.37889, ""step"": 3, ""status"": 0, ""pres"": 966.9989, ""meas_profile"": ""HP-7"", ""meas_id"": 7, ""hum"": 34.99453, ""gas_res"": 6439.928}, {""temp"": 21.45704, ""step"": 3, ""status"": 0, ""pres"": 967.0656, ""meas_profile"": ""HP-6"", ""meas_id"": 6, ""hum"": 34.9096, ""gas_res"": 14124.92}, {""temp"": 21.3448, ""step"": 3, ""status"": 0, ""pres"": 966.8386, ""meas_profile"": ""HP-5"", ""meas_id"": 5, ""hum"": 35.08818, ""gas_res"": 33246.75}, {""temp"": 21.1059, ""step"": 3, ""status"": 0, ""pres"": 966.9445, ""meas_profile"": ""HP-4"", ""meas_id"": 4, ""hum"": 34.61413, ""gas_res"": 36550.54}, {""temp"": 21.26581, ""step"": 3, ""status"": 0, ""pres"": 966.5745, ""meas_profile"": ""HP-3"", ""meas_id"": 3, ""hum"": 35.14494, ""gas_res"": 22330.78}, {""temp"": 21.1814, ""step"": 3, ""status"": 0, ""pres"": 966.6846, ""meas_profile"": ""HP-2"", ""meas_id"": 2, ""hum"": 35.38008, ""gas_res"": 33534.19}, {""temp"": 20.94225, ""step"": 3, ""status"": 0, ""pres"": 966.7604, ""meas_profile"": ""HP-1"", ""meas_id"": 1, ""hum"": 33.76712, ""gas_res"": 23503.49}]}",NULL,"2025-10-27 10:42:33.597125"
12070,"04a600b9b0b8","2025-10-27 10:41:21","tFEKIBGUvOSsYa37KvlT","{""bme688"": [{""temp"": 21.41067, ""step"": 2, ""status"": 1, ""pres"": 966.8112, ""meas_profile"": ""HP-8"", ""meas_id"": 8, ""hum"": 35.12104, ""gas_res"": 16780.28}, {""temp"": 21.37795, ""step"": 2, ""status"": 1, ""pres"": 966.9991, ""meas_profile"": ""HP-7"", ""meas_id"": 7, ""hum"": 35.00012, ""gas_res"": 23898.43}, {""temp"": 21.4558, ""step"": 2, ""status"": 1, ""pres"": 967.0635, ""meas_profile"": ""HP-6"", ""meas_id"": 6, ""hum"": 34.90373, ""gas_res"": 81012.66}, {""temp"": 21.34386, ""step"": 2, ""status"": 1, ""pres"": 966.8387, ""meas_profile"": ""HP-5"", ""meas_id"": 5, ""hum"": 35.09378, ""gas_res"": 253339.9}, {""temp"": 21.10466, ""step"": 2, ""status"": 1, ""pres"": 966.9442, ""meas_profile"": ""HP-4"", ""meas_id"": 4, ""hum"": 34.62552, ""gas_res"": 365322.9}, {""temp"": 21.26426, ""step"": 2, ""status"": 1, ""pres"": 966.5721, ""meas_profile"": ""HP-3"", ""meas_id"": 3, ""hum"": 35.16208, ""gas_res"": 156097.6}, {""temp"": 21.18015, ""step"": 2, ""status"": 1, ""pres"": 966.6842, ""meas_profile"": ""HP-2"", ""meas_id"": 2, ""hum"": 35.37996, ""gas_res"": 273870.0}, {""temp"": 20.94101, ""step"": 2, ""status"": 1, ""pres"": 966.7603, ""meas_profile"": ""HP-1"", ""meas_id"": 1, ""hum"": 33.767, ""gas_res"": 204228.2}]}",NULL,"2025-10-27 10:42:34.795413"
12071,"04a600b9b0b8","2025-10-27 10:41:21","tFEKIBGUvOSsYa37KvlT","{""bme688"": [{""temp"": 21.40975, ""step"": 1, ""status"": 1, ""pres"": 966.8098, ""meas_profile"": ""HP-8"", ""meas_id"": 8, ""hum"": 35.12095, ""gas_res"": 6486.925}, {""temp"": 21.37702, ""step"": 1, ""status"": 1, ""pres"": 966.9975, ""meas_profile"": ""HP-7"", ""meas_id"": 7, ""hum"": 34.99436, ""gas_res"": 6724.102}, {""temp"": 21.45519, ""step"": 1, ""status"": 1, ""pres"": 967.0641, ""meas_profile"": ""HP-6"", ""meas_id"": 6, ""hum"": 34.91518, ""gas_res"": 21650.88}, {""temp"": 21.34292, ""step"": 1, ""status"": 1, ""pres"": 966.8389, ""meas_profile"": ""HP-5"", ""meas_id"": 5, ""hum"": 35.09938, ""gas_res"": 28920.02}, {""temp"": 21.10373, ""step"": 1, ""status"": 1, ""pres"": 966.9443, ""meas_profile"": ""HP-4"", ""meas_id"": 4, ""hum"": 34.6312, ""gas_res"": 30821.09}, {""temp"": 21.26333, ""step"": 1, ""status"": 1, ""pres"": 966.5722, ""meas_profile"": ""HP-3"", ""meas_id"": 3, ""hum"": 35.16774, ""gas_res"": 25000.0}, {""temp"": 21.17922, ""step"": 1, ""status"": 1, ""pres"": 966.6827, ""meas_profile"": ""HP-2"", ""meas_id"": 2, ""hum"": 35.37418, ""gas_res"": 24572.86}, {""temp"": 20.94007, ""step"": 1, ""status"": 1, ""pres"": 966.7586, ""meas_profile"": ""HP-1"", ""meas_id"": 1, ""hum"": 33.7786, ""gas_res"": 25000.0}]}",NULL,"2025-10-27 10:42:36.064997"
12072,"04a600b9b0b8","2025-10-27 10:41:21","tFEKIBGUvOSsYa37KvlT","{""bme688"": [{""temp"": 21.40851, ""step"": 0, ""status"": 1, ""pres"": 966.8097, ""meas_profile"": ""HP-8"", ""meas_id"": 8, ""hum"": 35.12083, ""gas_res"": 5684.846}, {""temp"": 21.37547, ""step"": 0, ""status"": 1, ""pres"": 966.9966, ""meas_profile"": ""HP-7"", ""meas_id"": 7, ""hum"": 34.99422, ""gas_res"": 5684.846}, {""temp"": 21.45395, ""step"": 0, ""status"": 1, ""pres"": 967.0623, ""meas_profile"": ""HP-6"", ""meas_id"": 6, ""hum"": 34.90931, ""gas_res"": 6243.902}, {""temp"": 21.34198, ""step"": 0, ""status"": 1, ""pres"": 966.8374, ""meas_profile"": ""HP-5"", ""meas_id"": 5, ""hum"": 35.09361, ""gas_res"": 25000.0}, {""temp"": 21.10279, ""step"": 0, ""status"": 1, ""pres"": 966.9443, ""meas_profile"": ""HP-4"", ""meas_id"": 4, ""hum"": 34.64837, ""gas_res"": 19656.02}, {""temp"": 21.2621, ""step"": 0, ""status"": 1, ""pres"": 966.572, ""meas_profile"": ""HP-3"", ""meas_id"": 3, ""hum"": 35.16187, ""gas_res"": 6749.631}, {""temp"": 21.17798, ""step"": 0, ""status"": 1, ""pres"": 966.6823, ""meas_profile"": ""HP-2"", ""meas_id"": 2, ""hum"": 35.37976, ""gas_res"": 6160.955}, {""temp"": 20.93883, ""step"": 0, ""status"": 1, ""pres"": 966.7585, ""meas_profile"": ""HP-1"", ""meas_id"": 1, ""hum"": 33.78434, ""gas_res"": 7369.875}]}",NULL,"2025-10-27 10:42:37.360191"
12073,"04a600b9b0b8","2025-10-27 10:42:30","tFEKIBGUvOSsYa37KvlT","{""zphs01b"": {""voc"": 0, ""temp"": 19.5, ""pm2_5"": 0, ""pm1_0"": 0, ""pm10"": 340, ""o3"": 0.08, ""no2"": 0.77, ""hum"": 0, ""fmhd"": 0, ""co2"": 5000, ""co"": 0.0}, ""smell_b"": {}, ""sfa30"": {""temp"": 21.56, ""hum"": 35.64, ""fmhd"": 1.6}, ""sen5x"": {""voc"": 122.0, ""temp"": 21.495, ""pm4_0"": 4495.7, ""pm2_5"": 4495.7, ""pm1_0"": 4286.9, ""pm10"": 4495.7, ""nox"": 1.0, ""mass_c"": 4443.5, ""hum"": 41.02}, ""scd41"": {""temp"": 21.32029, ""hum"": 37.81338, ""co2"": 689}, ""power_source"": 0, ""mics6814"": {""red_res"": 0, ""no2_res"": 0, ""no2"": 0.17, ""nh3_res"": 0, ""nh3"": 0.73, ""co_res"": 0, ""co"": 44.0}}",NULL,"2025-10-27 10:43:41.498006"
12074,"04a600b9b0b8","2025-10-27 10:42:30","tFEKIBGUvOSsYa37KvlT","{""bme688"": [{""temp"": 21.44743, ""step"": 9, ""status"": 1, ""pres"": 966.8423, ""meas_profile"": ""HP-8"", ""meas_id"": 8, ""hum"": 35.01551, ""gas_res"": 5684.846}, {""temp"": 21.41367, ""step"": 9, ""status"": 1, ""pres"": 967.0178, ""meas_profile"": ""HP-7"", ""meas_id"": 7, ""hum"": 34.89008, ""gas_res"": 5684.846}, {""temp"": 21.48914, ""step"": 9, ""status"": 1, ""pres"": 967.0876, ""meas_profile"": ""HP-6"", ""meas_id"": 6, ""hum"": 34.81484, ""gas_res"": 7716.421}, {""temp"": 21.37513, ""step"": 9, ""status"": 1, ""pres"": 966.8563, ""meas_profile"": ""HP-5"", ""meas_id"": 5, ""hum"": 34.966, ""gas_res"": 25000.0}, {""temp"": 21.13727, ""step"": 9, ""status"": 1, ""pres"": 966.9493, ""meas_profile"": ""HP-4"", ""meas_id"": 4, ""hum"": 34.50774, ""gas_res"": 25000.0}, {""temp"": 21.29982, ""step"": 9, ""status"": 1, ""pres"": 966.5895, ""meas_profile"": ""HP-3"", ""meas_id"": 3, ""hum"": 35.03298, ""gas_res"": 7071.823}, {""temp"": 21.21338, ""step"": 9, ""status"": 1, ""pres"": 966.7032, ""meas_profile"": ""HP-2"", ""meas_id"": 2, ""hum"": 35.24078, ""gas_res"": 8363.826}, {""temp"": 20.97617, ""step"": 9, ""status"": 1, ""pres"": 966.7744, ""meas_profile"": ""HP-1"", ""meas_id"": 1, ""hum"": 33.65923, ""gas_res"": 6753.905}]}",NULL,"2025-10-27 10:43:42.625858"
12075,"04a600b9b0b8","2025-10-27 10:42:30","tFEKIBGUvOSsYa37KvlT","{""bme688"": [{""temp"": 21.44588, ""step"": 8, ""status"": 1, ""pres"": 966.8399, ""meas_profile"": ""HP-8"", ""meas_id"": 8, ""hum"": 35.02683, ""gas_res"": 5684.846}, {""temp"": 21.41211, ""step"": 8, ""status"": 1, ""pres"": 967.017, ""meas_profile"": ""HP-7"", ""meas_id"": 7, ""hum"": 34.9126, ""gas_res"": 5684.846}, {""temp"": 21.48791, ""step"": 8, ""status"": 1, ""pres"": 967.0873, ""meas_profile"": ""HP-6"", ""meas_id"": 6, ""hum"": 34.79748, ""gas_res"": 5981.309}, {""temp"": 21.37388, ""step"": 8, ""status"": 1, ""pres"": 966.856, ""meas_profile"": ""HP-5"", ""meas_id"": 5, ""hum"": 34.97725, ""gas_res"": 25000.0}, {""temp"": 21.13634, ""step"": 8, ""status"": 1, ""pres"": 966.9495, ""meas_profile"": ""HP-4"", ""meas_id"": 4, ""hum"": 34.50765, ""gas_res"": 25000.0}, {""temp"": 21.29859, ""step"": 8, ""status"": 1, ""pres"": 966.5909, ""meas_profile"": ""HP-3"", ""meas_id"": 3, ""hum"": 35.02711, ""gas_res"": 6498.781}, {""temp"": 21.21214, ""step"": 8, ""status"": 1, ""pres"": 966.7029, ""meas_profile"": ""HP-2"", ""meas_id"": 2, ""hum"": 35.24067, ""gas_res"": 8331.164}, {""temp"": 20.97493, ""step"": 8, ""status"": 1, ""pres"": 966.7724, ""meas_profile"": ""HP-1"", ""meas_id"": 1, ""hum"": 33.64161, ""gas_res"": 6866.953}]}",NULL,"2025-10-27 10:43:43.916679"
12076,"04a600b9b0b8","2025-10-27 10:42:30","tFEKIBGUvOSsYa37KvlT","{""bme688"": [{""temp"": 21.44434, ""step"": 7, ""status"": 1, ""pres"": 966.8393, ""meas_profile"": ""HP-8"", ""meas_id"": 8, ""hum"": 35.02096, ""gas_res"": 5684.846}, {""temp"": 21.41056, ""step"": 7, ""status"": 1, ""pres"": 967.016, ""meas_profile"": ""HP-7"", ""meas_id"": 7, ""hum"": 34.90679, ""gas_res"": 5684.846}, {""temp"": 21.48636, ""step"": 7, ""status"": 1, ""pres"": 967.0867, ""meas_profile"": ""HP-6"", ""meas_id"": 6, ""hum"": 34.80308, ""gas_res"": 6035.458}, {""temp"": 21.37294, ""step"": 7, ""status"": 1, ""pres"": 966.8562, ""meas_profile"": ""HP-5"", ""meas_id"": 5, ""hum"": 34.98852, ""gas_res"": 25000.0}, {""temp"": 21.1351, ""step"": 7, ""status"": 1, ""pres"": 966.9492, ""meas_profile"": ""HP-4"", ""meas_id"": 4, ""hum"": 34.49604, ""gas_res"": 25000.0}, {""temp"": 21.29704, ""step"": 7, ""status"": 1, ""pres"": 966.59, ""meas_profile"": ""HP-3"", ""meas_id"": 3, ""hum"": 35.02696, ""gas_res"": 6247.56}, {""temp"": 21.21121, ""step"": 7, ""status"": 1, ""pres"": 966.7031, ""meas_profile"": ""HP-2"", ""meas_id"": 2, ""hum"": 35.24058, ""gas_res"": 8128.016}, {""temp"": 20.97368, ""step"": 7, ""status"": 1, ""pres"": 966.7723, ""meas_profile"": ""HP-1"", ""meas_id"": 1, ""hum"": 33.64733, ""gas_res"": 6745.363}]}",NULL,"2025-10-27 10:43:45.291474"
12077,"04a600b9b0b8","2025-10-27 10:42:30","tFEKIBGUvOSsYa37KvlT","{""bme688"": [{""temp"": 21.4431, ""step"": 6, ""status"": 1, ""pres"": 966.8391, ""meas_profile"": ""HP-8"", ""meas_id"": 8, ""hum"": 35.02084, ""gas_res"": 7374.971}, {""temp"": 21.40901, ""step"": 6, ""status"": 1, ""pres"": 967.015, ""meas_profile"": ""HP-7"", ""meas_id"": 7, ""hum"": 34.90097, ""gas_res"": 9720.534}, {""temp"": 21.48513, ""step"": 6, ""status"": 1, ""pres"": 967.0862, ""meas_profile"": ""HP-6"", ""meas_id"": 6, ""hum"": 34.82021, ""gas_res"": 25947.7}, {""temp"": 21.37138, ""step"": 6, ""status"": 1, ""pres"": 966.8552, ""meas_profile"": ""HP-5"", ""meas_id"": 5, ""hum"": 34.99405, ""gas_res"": 109730.0}, {""temp"": 21.13417, ""step"": 6, ""status"": 1, ""pres"": 966.9492, ""meas_profile"": ""HP-4"", ""meas_id"": 4, ""hum"": 34.49595, ""gas_res"": 137155.1}, {""temp"": 21.29549, ""step"": 6, ""status"": 1, ""pres"": 966.5891, ""meas_profile"": ""HP-3"", ""meas_id"": 3, ""hum"": 35.02682, ""gas_res"": 81867.6}, {""temp"": 21.20965, ""step"": 6, ""status"": 1, ""pres"": 966.7023, ""meas_profile"": ""HP-2"", ""meas_id"": 2, ""hum"": 35.25181, ""gas_res"": 106577.9}, {""temp"": 20.97244, ""step"": 6, ""status"": 1, ""pres"": 966.7722, ""meas_profile"": ""HP-1"", ""meas_id"": 1, ""hum"": 33.65889, ""gas_res"": 100000.0}]}",NULL,"2025-10-27 10:43:46.470004"
12078,"04a600b9b0b8","2025-10-27 10:42:30","tFEKIBGUvOSsYa37KvlT","{""bme688"": [{""temp"": 21.44187, ""step"": 5, ""status"": 1, ""pres"": 966.839, ""meas_profile"": ""HP-8"", ""meas_id"": 8, ""hum"": 35.02073, ""gas_res"": 7239.819}, {""temp"": 21.40776, ""step"": 5, ""status"": 1, ""pres"": 967.0147, ""meas_profile"": ""HP-7"", ""meas_id"": 7, ""hum"": 34.90653, ""gas_res"": 9538.003}, {""temp"": 21.4839, ""step"": 5, ""status"": 1, ""pres"": 967.0844, ""meas_profile"": ""HP-6"", ""meas_id"": 6, ""hum"": 34.8086, ""gas_res"": 25728.64}, {""temp"": 21.37013, ""step"": 5, ""status"": 1, ""pres"": 966.8532, ""meas_profile"": ""HP-5"", ""meas_id"": 5, ""hum"": 34.99394, ""gas_res"": 110798.5}, {""temp"": 21.13292, ""step"": 5, ""status"": 1, ""pres"": 966.9489, ""meas_profile"": ""HP-4"", ""meas_id"": 4, ""hum"": 34.50734, ""gas_res"": 140427.9}, {""temp"": 21.29395, ""step"": 5, ""status"": 1, ""pres"": 966.5882, ""meas_profile"": ""HP-3"", ""meas_id"": 3, ""hum"": 35.02668, ""gas_res"": 81710.82}, {""temp"": 21.2081, ""step"": 5, ""status"": 1, ""pres"": 966.6996, ""meas_profile"": ""HP-2"", ""meas_id"": 2, ""hum"": 35.24598, ""gas_res"": 105328.1}, {""temp"": 20.9712, ""step"": 5, ""status"": 1, ""pres"": 966.7721, ""meas_profile"": ""HP-1"", ""meas_id"": 1, ""hum"": 33.65295, ""gas_res"": 100000.0}]}",NULL,"2025-10-27 10:43:47.757478"
12079,"04a600b9b0b8","2025-10-27 10:42:30","tFEKIBGUvOSsYa37KvlT","{""bme688"": [{""temp"": 21.44063, ""step"": 4, ""status"": 1, ""pres"": 966.837, ""meas_profile"": ""HP-8"", ""meas_id"": 8, ""hum"": 35.03207, ""gas_res"": 7264.472}, {""temp"": 21.40652, ""step"": 4, ""status"": 1, ""pres"": 967.0144, ""meas_profile"": ""HP-7"", ""meas_id"": 7, ""hum"": 34.91208, ""gas_res"": 9403.468}, {""temp"": 21.48235, ""step"": 4, ""status"": 1, ""pres"": 967.0836, ""meas_profile"": ""HP-6"", ""meas_id"": 6, ""hum"": 34.81421, ""gas_res"": 25884.73}, {""temp"": 21.36887, ""step"": 4, ""status"": 1, ""pres"": 966.8528, ""meas_profile"": ""HP-5"", ""meas_id"": 5, ""hum"": 34.99382, ""gas_res"": 113074.2}, {""temp"": 21.13168, ""step"": 4, ""status"": 1, ""pres"": 966.9501, ""meas_profile"": ""HP-4"", ""meas_id"": 4, ""hum"": 34.51872, ""gas_res"": 147720.7}, {""temp"": 21.29271, ""step"": 4, ""status"": 1, ""pres"": 966.588, ""meas_profile"": ""HP-3"", ""meas_id"": 3, ""hum"": 35.04382, ""gas_res"": 82421.12}, {""temp"": 21.20686, ""step"": 4, ""status"": 1, ""pres"": 966.6993, ""meas_profile"": ""HP-2"", ""meas_id"": 2, ""hum"": 35.24586, ""gas_res"": 106978.7}, {""temp"": 20.96995, ""step"": 4, ""status"": 1, ""pres"": 966.7719, ""meas_profile"": ""HP-1"", ""meas_id"": 1, ""hum"": 33.65283, ""gas_res"": 100000.0}]}",NULL,"2025-10-27 10:43:49.02657"
12080,"04a600b9b0b8","2025-10-27 10:42:30","tFEKIBGUvOSsYa37KvlT","{""bme688"": [{""temp"": 21.43878, ""step"": 3, ""status"": 0, ""pres"": 966.8359, ""meas_profile"": ""HP-8"", ""meas_id"": 8, ""hum"": 35.0491, ""gas_res"": 5684.846}, {""temp"": 21.40497, ""step"": 3, ""status"": 0, ""pres"": 967.0134, ""meas_profile"": ""HP-7"", ""meas_id"": 7, ""hum"": 34.9176, ""gas_res"": 5908.419}, {""temp"": 21.48112, ""step"": 3, ""status"": 0, ""pres"": 967.0834, ""meas_profile"": ""HP-6"", ""meas_id"": 6, ""hum"": 34.84859, ""gas_res"": 14087.61}, {""temp"": 21.36731, ""step"": 3, ""status"": 0, ""pres"": 966.8518, ""meas_profile"": ""HP-5"", ""meas_id"": 5, ""hum"": 35.01072, ""gas_res"": 36117.38}, {""temp"": 21.13013, ""step"": 3, ""status"": 0, ""pres"": 966.9492, ""meas_profile"": ""HP-4"", ""meas_id"": 4, ""hum"": 34.54734, ""gas_res"": 44755.25}, {""temp"": 21.29086, ""step"": 3, ""status"": 0, ""pres"": 966.5867, ""meas_profile"": ""HP-3"", ""meas_id"": 3, ""hum"": 35.04364, ""gas_res"": 27379.68}, {""temp"": 21.205, ""step"": 3, ""status"": 0, ""pres"": 966.698, ""meas_profile"": ""HP-2"", ""meas_id"": 2, ""hum"": 35.25137, ""gas_res"": 42022.32}, {""temp"": 20.9684, ""step"": 3, ""status"": 0, ""pres"": 966.7713, ""meas_profile"": ""HP-1"", ""meas_id"": 1, ""hum"": 33.68188, ""gas_res"": 28045.57}]}",NULL,"2025-10-27 10:43:50.410053"
12081,"04a600b9b0b8","2025-10-27 10:42:30","tFEKIBGUvOSsYa37KvlT","{""bme688"": [{""temp"": 21.43754, ""step"": 2, ""status"": 1, ""pres"": 966.8356, ""meas_profile"": ""HP-8"", ""meas_id"": 8, ""hum"": 35.03752, ""gas_res"": 12872.08}, {""temp"": 21.40373, ""step"": 2, ""status"": 1, ""pres"": 967.0131, ""meas_profile"": ""HP-7"", ""meas_id"": 7, ""hum"": 34.91749, ""gas_res"": 18073.99}, {""temp"": 21.47988, ""step"": 2, ""status"": 1, ""pres"": 967.0812, ""meas_profile"": ""HP-6"", ""meas_id"": 6, ""hum"": 34.81972, ""gas_res"": 64974.62}, {""temp"": 21.36606, ""step"": 2, ""status"": 1, ""pres"": 966.8516, ""meas_profile"": ""HP-5"", ""meas_id"": 5, ""hum"": 35.0106, ""gas_res"": 219178.1}, {""temp"": 21.12889, ""step"": 2, ""status"": 1, ""pres"": 966.9489, ""meas_profile"": ""HP-4"", ""meas_id"": 4, ""hum"": 34.51271, ""gas_res"": 383018.5}, {""temp"": 21.28962, ""step"": 2, ""status"": 1, ""pres"": 966.5864, ""meas_profile"": ""HP-3"", ""meas_id"": 3, ""hum"": 35.0608, ""gas_res"": 173559.3}, {""temp"": 21.20375, ""step"": 2, ""status"": 1, ""pres"": 966.6978, ""meas_profile"": ""HP-2"", ""meas_id"": 2, ""hum"": 35.26833, ""gas_res"": 304943.4}, {""temp"": 20.96715, ""step"": 2, ""status"": 1, ""pres"": 966.7712, ""meas_profile"": ""HP-1"", ""meas_id"": 1, ""hum"": 33.65841, ""gas_res"": 230734.6}]}",NULL,"2025-10-27 10:43:51.586939"
12082,"04a600b9b0b8","2025-10-27 10:42:30","tFEKIBGUvOSsYa37KvlT","{""bme688"": [{""temp"": 21.43631, ""step"": 1, ""status"": 1, ""pres"": 966.8337, ""meas_profile"": ""HP-8"", ""meas_id"": 8, ""hum"": 35.04887, ""gas_res"": 5938.022}, {""temp"": 21.40248, ""step"": 1, ""status"": 1, ""pres"": 967.0145, ""meas_profile"": ""HP-7"", ""meas_id"": 7, ""hum"": 34.92871, ""gas_res"": 6185.966}, {""temp"": 21.47865, ""step"": 1, ""status"": 1, ""pres"": 967.0812, ""meas_profile"": ""HP-6"", ""meas_id"": 6, ""hum"": 34.81961, ""gas_res"": 22686.99}, {""temp"": 21.36481, ""step"": 1, ""status"": 1, ""pres"": 966.8512, ""meas_profile"": ""HP-5"", ""meas_id"": 5, ""hum"": 35.01617, ""gas_res"": 33429.09}, {""temp"": 21.12764, ""step"": 1, ""status"": 1, ""pres"": 966.9486, ""meas_profile"": ""HP-4"", ""meas_id"": 4, ""hum"": 34.5241, ""gas_res"": 41330.32}, {""temp"": 21.28838, ""step"": 1, ""status"": 1, ""pres"": 966.5845, ""meas_profile"": ""HP-3"", ""meas_id"": 3, ""hum"": 35.04917, ""gas_res"": 24672.32}, {""temp"": 21.20251, ""step"": 1, ""status"": 1, ""pres"": 966.6973, ""meas_profile"": ""HP-2"", ""meas_id"": 2, ""hum"": 35.27959, ""gas_res"": 34538.59}, {""temp"": 20.9659, ""step"": 1, ""status"": 1, ""pres"": 966.7712, ""meas_profile"": ""HP-1"", ""meas_id"": 1, ""hum"": 33.67582, ""gas_res"": 25605.12}]}",NULL,"2025-10-27 10:43:52.876637"
12083,"04a600b9b0b8","2025-10-27 10:42:30","tFEKIBGUvOSsYa37KvlT","{""bme688"": [{""temp"": 21.43507, ""step"": 0, ""status"": 1, ""pres"": 966.8337, ""meas_profile"": ""HP-8"", ""meas_id"": 8, ""hum"": 35.05449, ""gas_res"": 5684.846}, {""temp"": 21.40093, ""step"": 0, ""status"": 1, ""pres"": 967.0135, ""meas_profile"": ""HP-7"", ""meas_id"": 7, ""hum"": 34.92289, ""gas_res"": 5684.846}, {""temp"": 21.47741, ""step"": 0, ""status"": 1, ""pres"": 967.0809, ""meas_profile"": ""HP-6"", ""meas_id"": 6, ""hum"": 34.8195, ""gas_res"": 6069.803}, {""temp"": 21.36387, ""step"": 0, ""status"": 1, ""pres"": 966.8513, ""meas_profile"": ""HP-5"", ""meas_id"": 5, ""hum"": 34.99903, ""gas_res"": 25000.0}, {""temp"": 21.12671, ""step"": 0, ""status"": 1, ""pres"": 966.9486, ""meas_profile"": ""HP-4"", ""meas_id"": 4, ""hum"": 34.52976, ""gas_res"": 25000.0}, {""temp"": 21.28683, ""step"": 0, ""status"": 1, ""pres"": 966.5835, ""meas_profile"": ""HP-3"", ""meas_id"": 3, ""hum"": 35.06054, ""gas_res"": 6207.565}, {""temp"": 21.20127, ""step"": 0, ""status"": 1, ""pres"": 966.6954, ""meas_profile"": ""HP-2"", ""meas_id"": 2, ""hum"": 35.27379, ""gas_res"": 7864.34}, {""temp"": 20.96466, ""step"": 0, ""status"": 1, ""pres"": 966.771, ""meas_profile"": ""HP-1"", ""meas_id"": 1, ""hum"": 33.6757, ""gas_res"": 6587.073}]}",NULL,"2025-10-27 10:43:54.155256"
12084,"04a600b9b0b8","2025-10-27 10:42:03","tFEKIBGUvOSsYa37KvlT","{""zphs01b"": {""voc"": 0, ""temp"": 19.5, ""pm2_5"": 0, ""pm1_0"": 0, ""pm10"": 335, ""o3"": 0.26, ""no2"": 10.0, ""hum"": 0, ""fmhd"": 0, ""co2"": 5000, ""co"": 0.0}, ""smell_b"": {}, ""sfa30"": {""temp"": 21.54, ""hum"": 35.65, ""fmhd"": 1.8}, ""sen5x"": {""voc"": 133.0, ""temp"": 21.515, ""pm4_0"": 4735.6, ""pm2_5"": 4735.6, ""pm1_0"": 4515.6, ""pm10"": 4735.6, ""nox"": 1.0, ""mass_c"": 4680.6, ""hum"": 40.93}, ""scd41"": {""temp"": 21.29092, ""hum"": 37.88358, ""co2"": 683}, ""power_source"": 0, ""mics6814"": {""red_res"": 0, ""no2_res"": 0, ""no2"": 0.17, ""nh3_res"": 0, ""nh3"": 0.73, ""co_res"": 0, ""co"": 44.0}}",NULL,"2025-10-27 10:43:55.412691"
12085,"04a600b9b0b8","2025-10-27 10:42:03","tFEKIBGUvOSsYa37KvlT","{""bme688"": [{""temp"": 21.43353, ""step"": 9, ""status"": 1, ""pres"": 966.8312, ""meas_profile"": ""HP-8"", ""meas_id"": 8, ""hum"": 35.03714, ""gas_res"": 5684.846}, {""temp"": 21.39938, ""step"": 9, ""status"": 1, ""pres"": 967.0109, ""meas_profile"": ""HP-7"", ""meas_id"": 7, ""hum"": 34.91142, ""gas_res"": 5684.846}, {""temp"": 21.47618, ""step"": 9, ""status"": 1, ""pres"": 967.0806, ""meas_profile"": ""HP-6"", ""meas_id"": 6, ""hum"": 34.82513, ""gas_res"": 7568.59}, {""temp"": 21.36293, ""step"": 9, ""status"": 1, ""pres"": 966.8515, ""meas_profile"": ""HP-5"", ""meas_id"": 5, ""hum"": 34.99326, ""gas_res"": 25000.0}, {""temp"": 21.12547, ""step"": 9, ""status"": 1, ""pres"": 966.9482, ""meas_profile"": ""HP-4"", ""meas_id"": 4, ""hum"": 34.52966, ""gas_res"": 25000.0}, {""temp"": 21.28591, ""step"": 9, ""status"": 1, ""pres"": 966.5837, ""meas_profile"": ""HP-3"", ""meas_id"": 3, ""hum"": 35.06045, ""gas_res"": 6591.143}, {""temp"": 21.20034, ""step"": 9, ""status"": 1, ""pres"": 966.6953, ""meas_profile"": ""HP-2"", ""meas_id"": 2, ""hum"": 35.2737, ""gas_res"": 7722.008}, {""temp"": 20.96341, ""step"": 9, ""status"": 1, ""pres"": 966.7692, ""meas_profile"": ""HP-1"", ""meas_id"": 1, ""hum"": 33.68143, ""gas_res"": 6314.128}]}",NULL,"2025-10-27 10:43:56.704672"
12086,"04a600b9b0b8","2025-10-27 10:42:03","tFEKIBGUvOSsYa37KvlT","{""bme688"": [{""temp"": 21.43199, ""step"": 8, ""status"": 1, ""pres"": 966.8306, ""meas_profile"": ""HP-8"", ""meas_id"": 8, ""hum"": 35.0542, ""gas_res"": 5684.846}, {""temp"": 21.39783, ""step"": 8, ""status"": 1, ""pres"": 967.0099, ""meas_profile"": ""HP-7"", ""meas_id"": 7, ""hum"": 34.9226, ""gas_res"": 5684.846}, {""temp"": 21.47494, ""step"": 8, ""status"": 1, ""pres"": 967.0785, ""meas_profile"": ""HP-6"", ""meas_id"": 6, ""hum"": 34.82501, ""gas_res"": 7870.143}, {""temp"": 21.36168, ""step"": 8, ""status"": 1, ""pres"": 966.8512, ""meas_profile"": ""HP-5"", ""meas_id"": 5, ""hum"": 35.01587, ""gas_res"": 25000.0}, {""temp"": 21.12454, ""step"": 8, ""status"": 1, ""pres"": 966.9484, ""meas_profile"": ""HP-4"", ""meas_id"": 4, ""hum"": 34.53531, ""gas_res"": 25000.0}, {""temp"": 21.28436, ""step"": 8, ""status"": 1, ""pres"": 966.5829, ""meas_profile"": ""HP-3"", ""meas_id"": 3, ""hum"": 35.06031, ""gas_res"": 6189.555}, {""temp"": 21.19909, ""step"": 8, ""status"": 1, ""pres"": 966.6951, ""meas_profile"": ""HP-2"", ""meas_id"": 2, ""hum"": 35.27359, ""gas_res"": 7716.421}, {""temp"": 20.96186, ""step"": 8, ""status"": 1, ""pres"": 966.7686, ""meas_profile"": ""HP-1"", ""meas_id"": 1, ""hum"": 33.66961, ""gas_res"": 6336.634}]}",NULL,"2025-10-27 10:43:57.99379"
12087,"04a600b9b0b8","2025-10-27 10:42:03","tFEKIBGUvOSsYa37KvlT","{""bme688"": [{""temp"": 21.43044, ""step"": 7, ""status"": 1, ""pres"": 966.8299, ""meas_profile"": ""HP-8"", ""meas_id"": 8, ""hum"": 35.06553, ""gas_res"": 5684.846}, {""temp"": 21.39627, ""step"": 7, ""status"": 1, ""pres"": 967.0092, ""meas_profile"": ""HP-7"", ""meas_id"": 7, ""hum"": 34.92245, ""gas_res"": 5684.846}, {""temp"": 21.47371, ""step"": 7, ""status"": 1, ""pres"": 967.0784, ""meas_profile"": ""HP-6"", ""meas_id"": 6, ""hum"": 34.83064, ""gas_res"": 7801.073}, {""temp"": 21.36074, ""step"": 7, ""status"": 1, ""pres"": 966.8513, ""meas_profile"": ""HP-5"", ""meas_id"": 5, ""hum"": 35.00443, ""gas_res"": 25000.0}, {""temp"": 21.12329, ""step"": 7, ""status"": 1, ""pres"": 966.9481, ""meas_profile"": ""HP-4"", ""meas_id"": 4, ""hum"": 34.5352, ""gas_res"": 21157.03}, {""temp"": 21.28312, ""step"": 7, ""status"": 1, ""pres"": 966.5826, ""meas_profile"": ""HP-3"", ""meas_id"": 3, ""hum"": 35.04868, ""gas_res"": 7952.286}, {""temp"": 21.19785, ""step"": 7, ""status"": 1, ""pres"": 966.6948, ""meas_profile"": ""HP-2"", ""meas_id"": 2, ""hum"": 35.28485, ""gas_res"": 7269.423}, {""temp"": 20.96061, ""step"": 7, ""status"": 1, ""pres"": 966.7685, ""meas_profile"": ""HP-1"", ""meas_id"": 1, ""hum"": 33.67534, ""gas_res"": 6090.598}]}",NULL,"2025-10-27 10:43:59.278"
12088,"04a600b9b0b8","2025-10-27 10:42:03","tFEKIBGUvOSsYa37KvlT","{""bme688"": [{""temp"": 21.4289, ""step"": 6, ""status"": 1, ""pres"": 966.8275, ""meas_profile"": ""HP-8"", ""meas_id"": 8, ""hum"": 35.07112, ""gas_res"": 7259.528}, {""temp"": 21.39503, ""step"": 6, ""status"": 1, ""pres"": 967.0089, ""meas_profile"": ""HP-7"", ""meas_id"": 7, ""hum"": 34.93935, ""gas_res"": 9504.01}, {""temp"": 21.47247, ""step"": 6, ""status"": 1, ""pres"": 967.0782, ""meas_profile"": ""HP-6"", ""meas_id"": 6, ""hum"": 34.83053, ""gas_res"": 24100.92}, {""temp"": 21.35949, ""step"": 6, ""status"": 1, ""pres"": 966.8492, ""meas_profile"": ""HP-5"", ""meas_id"": 5, ""hum"": 35.00999, ""gas_res"": 97505.23}, {""temp"": 21.12205, ""step"": 6, ""status"": 1, ""pres"": 966.9478, ""meas_profile"": ""HP-4"", ""meas_id"": 4, ""hum"": 34.54659, ""gas_res"": 117269.8}, {""temp"": 21.28189, ""step"": 6, ""status"": 1, ""pres"": 966.5822, ""meas_profile"": ""HP-3"", ""meas_id"": 3, ""hum"": 35.06584, ""gas_res"": 42823.69}, {""temp"": 21.19692, ""step"": 6, ""status"": 1, ""pres"": 966.6948, ""meas_profile"": ""HP-2"", ""meas_id"": 2, ""hum"": 35.27907, ""gas_res"": 100000.0}, {""temp"": 20.95937, ""step"": 6, ""status"": 1, ""pres"": 966.7684, ""meas_profile"": ""HP-1"", ""meas_id"": 1, ""hum"": 33.69858, ""gas_res"": 88397.79}]}",NULL,"2025-10-27 10:44:00.680953"
12089,"04a600b9b0b8","2025-10-27 10:42:03","tFEKIBGUvOSsYa37KvlT","{""bme688"": [{""temp"": 21.42766, ""step"": 5, ""status"": 1, ""pres"": 966.8273, ""meas_profile"": ""HP-8"", ""meas_id"": 8, ""hum"": 35.04232, ""gas_res"": 7230.004}, {""temp"": 21.39379, ""step"": 5, ""status"": 1, ""pres"": 967.0085, ""meas_profile"": ""HP-7"", ""meas_id"": 7, ""hum"": 34.93356, ""gas_res"": 9395.185}, {""temp"": 21.47124, ""step"": 5, ""status"": 1, ""pres"": 967.0762, ""meas_profile"": ""HP-6"", ""meas_id"": 6, ""hum"": 34.84191, ""gas_res"": 23911.82}, {""temp"": 21.35793, ""step"": 5, ""status"": 1, ""pres"": 966.8482, ""meas_profile"": ""HP-5"", ""meas_id"": 5, ""hum"": 35.02689, ""gas_res"": 97449.56}, {""temp"": 21.1205, ""step"": 5, ""status"": 1, ""pres"": 966.9467, ""meas_profile"": ""HP-4"", ""meas_id"": 4, ""hum"": 34.5522, ""gas_res"": 117593.0}, {""temp"": 21.28065, ""step"": 5, ""status"": 1, ""pres"": 966.5818, ""meas_profile"": ""HP-3"", ""meas_id"": 3, ""hum"": 35.07723, ""gas_res"": 41939.71}, {""temp"": 21.19568, ""step"": 5, ""status"": 1, ""pres"": 966.6928, ""meas_profile"": ""HP-2"", ""meas_id"": 2, ""hum"": 35.28464, ""gas_res"": 100000.0}, {""temp"": 20.95812, ""step"": 5, ""status"": 1, ""pres"": 966.7683, ""meas_profile"": ""HP-1"", ""meas_id"": 1, ""hum"": 33.69847, ""gas_res"": 85049.84}]}",NULL,"2025-10-27 10:44:01.83739"
12090,"04a600b9b0b8","2025-10-27 10:42:03","tFEKIBGUvOSsYa37KvlT","{""bme688"": [{""temp"": 21.42643, ""step"": 4, ""status"": 1, ""pres"": 966.8271, ""meas_profile"": ""HP-8"", ""meas_id"": 8, ""hum"": 35.0881, ""gas_res"": 7274.38}, {""temp"": 21.39255, ""step"": 4, ""status"": 1, ""pres"": 967.0081, ""meas_profile"": ""HP-7"", ""meas_id"": 7, ""hum"": 34.93911, ""gas_res"": 9296.92}, {""temp"": 21.47, ""step"": 4, ""status"": 1, ""pres"": 967.0759, ""meas_profile"": ""HP-6"", ""meas_id"": 6, ""hum"": 34.85905, ""gas_res"": 23925.23}, {""temp"": 21.35668, ""step"": 4, ""status"": 1, ""pres"": 966.8479, ""meas_profile"": ""HP-5"", ""meas_id"": 5, ""hum"": 35.02677, ""gas_res"": 99263.28}, {""temp"": 21.11926, ""step"": 4, ""status"": 1, ""pres"": 966.9465, ""meas_profile"": ""HP-4"", ""meas_id"": 4, ""hum"": 34.55784, ""gas_res"": 121269.5}, {""temp"": 21.27941, ""step"": 4, ""status"": 1, ""pres"": 966.5815, ""meas_profile"": ""HP-3"", ""meas_id"": 3, ""hum"": 35.08863, ""gas_res"": 41290.32}, {""temp"": 21.19444, ""step"": 4, ""status"": 1, ""pres"": 966.6925, ""meas_profile"": ""HP-2"", ""meas_id"": 2, ""hum"": 35.31868, ""gas_res"": 100000.0}, {""temp"": 20.95657, ""step"": 4, ""status"": 1, ""pres"": 966.7676, ""meas_profile"": ""HP-1"", ""meas_id"": 1, ""hum"": 33.69832, ""gas_res"": 83632.8}]}",NULL,"2025-10-27 10:44:03.118305"
12091,"04a600b9b0b8","2025-10-27 10:42:03","tFEKIBGUvOSsYa37KvlT","{""bme688"": [{""temp"": 21.42488, ""step"": 3, ""status"": 0, ""pres"": 966.8247, ""meas_profile"": ""HP-8"", ""meas_id"": 8, ""hum"": 35.07648, ""gas_res"": 5684.846}, {""temp"": 21.39131, ""step"": 3, ""status"": 0, ""pres"": 967.0076, ""meas_profile"": ""HP-7"", ""meas_id"": 7, ""hum"": 34.93333, ""gas_res"": 5957.922}, {""temp"": 21.46846, ""step"": 3, ""status"": 0, ""pres"": 967.0751, ""meas_profile"": ""HP-6"", ""meas_id"": 6, ""hum"": 34.85315, ""gas_res"": 13524.94}, {""temp"": 21.35543, ""step"": 3, ""status"": 0, ""pres"": 966.8476, ""meas_profile"": ""HP-5"", ""meas_id"": 5, ""hum"": 35.03234, ""gas_res"": 33015.22}, {""temp"": 21.1177, ""step"": 3, ""status"": 0, ""pres"": 966.9472, ""meas_profile"": ""HP-4"", ""meas_id"": 4, ""hum"": 34.56919, ""gas_res"": 38565.83}, {""temp"": 21.27787, ""step"": 3, ""status"": 0, ""pres"": 966.5807, ""meas_profile"": ""HP-3"", ""meas_id"": 3, ""hum"": 35.08273, ""gas_res"": 23568.4}, {""temp"": 21.19288, ""step"": 3, ""status"": 0, ""pres"": 966.6916, ""meas_profile"": ""HP-2"", ""meas_id"": 2, ""hum"": 35.30146, ""gas_res"": 35605.01}, {""temp"": 20.95501, ""step"": 3, ""status"": 0, ""pres"": 966.7673, ""meas_profile"": ""HP-1"", ""meas_id"": 1, ""hum"": 33.70987, ""gas_res"": 24169.18}]}",NULL,"2025-10-27 10:44:04.382293"
12092,"04a600b9b0b8","2025-10-27 10:42:03","tFEKIBGUvOSsYa37KvlT","{""bme688"": [{""temp"": 21.42365, ""step"": 2, ""status"": 1, ""pres"": 966.8245, ""meas_profile"": ""HP-8"", ""meas_id"": 8, ""hum"": 35.09357, ""gas_res"": 14372.33}, {""temp"": 21.39006, ""step"": 2, ""status"": 1, ""pres"": 967.0073, ""meas_profile"": ""HP-7"", ""meas_id"": 7, ""hum"": 34.96723, ""gas_res"": 20081.58}, {""temp"": 21.46723, ""step"": 2, ""status"": 1, ""pres"": 967.0733, ""meas_profile"": ""HP-6"", ""meas_id"": 6, ""hum"": 34.87604, ""gas_res"": 69077.17}, {""temp"": 21.35386, ""step"": 2, ""status"": 1, ""pres"": 966.8468, ""meas_profile"": ""HP-5"", ""meas_id"": 5, ""hum"": 35.0663, ""gas_res"": 222463.6}, {""temp"": 21.11646, ""step"": 2, ""status"": 1, ""pres"": 966.9469, ""meas_profile"": ""HP-4"", ""meas_id"": 4, ""hum"": 34.57483, ""gas_res"": 351769.2}, {""temp"": 21.27632, ""step"": 2, ""status"": 1, ""pres"": 966.5783, ""meas_profile"": ""HP-3"", ""meas_id"": 3, ""hum"": 35.10561, ""gas_res"": 155528.5}, {""temp"": 21.19164, ""step"": 2, ""status"": 1, ""pres"": 966.6896, ""meas_profile"": ""HP-2"", ""meas_id"": 2, ""hum"": 35.30704, ""gas_res"": 269544.6}, {""temp"": 20.95346, ""step"": 2, ""status"": 1, ""pres"": 966.7648, ""meas_profile"": ""HP-1"", ""meas_id"": 1, ""hum"": 33.72141, ""gas_res"": 202651.9}]}",NULL,"2025-10-27 10:44:05.763466"
12093,"04a600b9b0b8","2025-10-27 10:42:03","tFEKIBGUvOSsYa37KvlT","{""bme688"": [{""temp"": 21.42241, ""step"": 1, ""status"": 1, ""pres"": 966.8226, ""meas_profile"": ""HP-8"", ""meas_id"": 8, ""hum"": 35.09344, ""gas_res"": 6108.036}, {""temp"": 21.38882, ""step"": 1, ""status"": 1, ""pres"": 967.0051, ""meas_profile"": ""HP-7"", ""meas_id"": 7, ""hum"": 34.96711, ""gas_res"": 6251.221}, {""temp"": 21.4663, ""step"": 1, ""status"": 1, ""pres"": 967.0734, ""meas_profile"": ""HP-6"", ""meas_id"": 6, ""hum"": 34.86445, ""gas_res"": 21136.06}, {""temp"": 21.35293, ""step"": 1, ""status"": 1, ""pres"": 966.8452, ""meas_profile"": ""HP-5"", ""meas_id"": 5, ""hum"": 35.05484, ""gas_res"": 29499.88}, {""temp"": 21.11522, ""step"": 1, ""status"": 1, ""pres"": 966.9465, ""meas_profile"": ""HP-4"", ""meas_id"": 4, ""hum"": 34.58047, ""gas_res"": 33853.48}, {""temp"": 21.27539, ""step"": 1, ""status"": 1, ""pres"": 966.5784, ""meas_profile"": ""HP-3"", ""meas_id"": 3, ""hum"": 35.10553, ""gas_res"": 25000.0}, {""temp"": 21.1904, ""step"": 1, ""status"": 1, ""pres"": 966.6893, ""meas_profile"": ""HP-2"", ""meas_id"": 2, ""hum"": 35.32399, ""gas_res"": 27503.22}, {""temp"": 20.95221, ""step"": 1, ""status"": 1, ""pres"": 966.7665, ""meas_profile"": ""HP-1"", ""meas_id"": 1, ""hum"": 33.72129, ""gas_res"": 25000.0}]}",NULL,"2025-10-27 10:44:06.950692"
12094,"04a600b9b0b8","2025-10-27 10:42:03","tFEKIBGUvOSsYa37KvlT","{""bme688"": [{""temp"": 21.42087, ""step"": 0, ""status"": 1, ""pres"": 966.822, ""meas_profile"": ""HP-8"", ""meas_id"": 8, ""hum"": 35.08184, ""gas_res"": 5684.846}, {""temp"": 21.38727, ""step"": 0, ""status"": 1, ""pres"": 967.0045, ""meas_profile"": ""HP-7"", ""meas_id"": 7, ""hum"": 34.95563, ""gas_res"": 5684.846}, {""temp"": 21.46507, ""step"": 0, ""status"": 1, ""pres"": 967.0714, ""meas_profile"": ""HP-6"", ""meas_id"": 6, ""hum"": 34.87009, ""gas_res"": 6108.036}, {""temp"": 21.35199, ""step"": 0, ""status"": 1, ""pres"": 966.8453, ""meas_profile"": ""HP-5"", ""meas_id"": 5, ""hum"": 35.06612, ""gas_res"": 25000.0}, {""temp"": 21.11429, ""step"": 0, ""status"": 1, ""pres"": 966.9465, ""meas_profile"": ""HP-4"", ""meas_id"": 4, ""hum"": 34.57463, ""gas_res"": 21368.95}, {""temp"": 21.27385, ""step"": 0, ""status"": 1, ""pres"": 966.5776, ""meas_profile"": ""HP-3"", ""meas_id"": 3, ""hum"": 35.10538, ""gas_res"": 7590.133}, {""temp"": 21.18916, ""step"": 0, ""status"": 1, ""pres"": 966.6872, ""meas_profile"": ""HP-2"", ""meas_id"": 2, ""hum"": 35.31249, ""gas_res"": 6862.535}, {""temp"": 20.95065, ""step"": 0, ""status"": 1, ""pres"": 966.764, ""meas_profile"": ""HP-1"", ""meas_id"": 1, ""hum"": 33.72699, ""gas_res"": 8091.024}]}",NULL,"2025-10-27 10:44:08.246106"
12095,"04a600b9b0b8","2025-10-27 10:44:01","tFEKIBGUvOSsYa37KvlT","{""zphs01b"": {""voc"": 0, ""temp"": 19.6, ""pm2_5"": 0, ""pm1_0"": 0, ""pm10"": 350, ""o3"": 0.02, ""no2"": 10.0, ""hum"": 0, ""fmhd"": 0, ""co2"": 5000, ""co"": 0.0}, ""smell_b"": {}, ""sfa30"": {""temp"": 21.585, ""hum"": 35.56, ""fmhd"": 1.6}, ""sen5x"": {""voc"": 125.0, ""temp"": 21.46, ""pm4_0"": 4481.9, ""pm2_5"": 4481.9, ""pm1_0"": 4273.7, ""pm10"": 4481.9, ""nox"": 1.0, ""mass_c"": 4429.85, ""hum"": 41.13}, ""scd41"": {""temp"": 21.43244, ""hum"": 37.63943, ""co2"": 700}, ""power_source"": 0, ""mics6814"": {""red_res"": 0, ""no2_res"": 0, ""no2"": 0.17, ""nh3_res"": 0, ""nh3"": 0.73, ""co_res"": 0, ""co"": 44.0}}",NULL,"2025-10-27 10:45:12.547429"
12096,"04a600b9b0b8","2025-10-27 10:44:01","tFEKIBGUvOSsYa37KvlT","{""bme688"": [{""temp"": 21.48109, ""step"": 9, ""status"": 1, ""pres"": 966.8563, ""meas_profile"": ""HP-8"", ""meas_id"": 8, ""hum"": 34.93268, ""gas_res"": 5684.846}, {""temp"": 21.44751, ""step"": 9, ""status"": 1, ""pres"": 967.0265, ""meas_profile"": ""HP-7"", ""meas_id"": 7, ""hum"": 34.79126, ""gas_res"": 5684.846}, {""temp"": 21.52032, ""step"": 9, ""status"": 1, ""pres"": 967.103, ""meas_profile"": ""HP-6"", ""meas_id"": 6, ""hum"": 34.70281, ""gas_res"": 7870.143}, {""temp"": 21.40577, ""step"": 9, ""status"": 1, ""pres"": 966.8644, ""meas_profile"": ""HP-5"", ""meas_id"": 5, ""hum"": 34.89503, ""gas_res"": 25000.0}, {""temp"": 21.16833, ""step"": 9, ""status"": 1, ""pres"": 966.957, ""meas_profile"": ""HP-4"", ""meas_id"": 4, ""hum"": 34.38989, ""gas_res"": 25000.0}, {""temp"": 21.33136, ""step"": 9, ""status"": 1, ""pres"": 966.6022, ""meas_profile"": ""HP-3"", ""meas_id"": 3, ""hum"": 34.92086, ""gas_res"": 7104.796}, {""temp"": 21.24443, ""step"": 9, ""status"": 1, ""pres"": 966.7188, ""meas_profile"": ""HP-2"", ""meas_id"": 2, ""hum"": 35.12426, ""gas_res"": 8357.273}, {""temp"": 21.00792, ""step"": 9, ""status"": 1, ""pres"": 966.7831, ""meas_profile"": ""HP-1"", ""meas_id"": 1, ""hum"": 33.53955, ""gas_res"": 6788.29}]}",NULL,"2025-10-27 10:45:14.14616"
12097,"04a600b9b0b8","2025-10-27 10:44:01","tFEKIBGUvOSsYa37KvlT","{""bme688"": [{""temp"": 21.47924, ""step"": 8, ""status"": 1, ""pres"": 966.8552, ""meas_profile"": ""HP-8"", ""meas_id"": 8, ""hum"": 34.90958, ""gas_res"": 5684.846}, {""temp"": 21.44534, ""step"": 8, ""status"": 1, ""pres"": 967.0246, ""meas_profile"": ""HP-7"", ""meas_id"": 7, ""hum"": 34.79106, ""gas_res"": 5684.846}, {""temp"": 21.51878, ""step"": 8, ""status"": 1, ""pres"": 967.1024, ""meas_profile"": ""HP-6"", ""meas_id"": 6, ""hum"": 34.69118, ""gas_res"": 6015.038}, {""temp"": 21.40421, ""step"": 8, ""status"": 1, ""pres"": 966.8653, ""meas_profile"": ""HP-5"", ""meas_id"": 5, ""hum"": 34.88921, ""gas_res"": 25000.0}, {""temp"": 21.16678, ""step"": 8, ""status"": 1, ""pres"": 966.9562, ""meas_profile"": ""HP-4"", ""meas_id"": 4, ""hum"": 34.40699, ""gas_res"": 25000.0}, {""temp"": 21.32982, ""step"": 8, ""status"": 1, ""pres"": 966.6013, ""meas_profile"": ""HP-3"", ""meas_id"": 3, ""hum"": 34.92072, ""gas_res"": 6615.671}, {""temp"": 21.24288, ""step"": 8, ""status"": 1, ""pres"": 966.718, ""meas_profile"": ""HP-2"", ""meas_id"": 2, ""hum"": 35.1298, ""gas_res"": 8483.563}, {""temp"": 21.00667, ""step"": 8, ""status"": 1, ""pres"": 966.7848, ""meas_profile"": ""HP-1"", ""meas_id"": 1, ""hum"": 33.54528, ""gas_res"": 6920.415}]}",NULL,"2025-10-27 10:45:15.440421"
12098,"04a600b9b0b8","2025-10-27 10:44:01","tFEKIBGUvOSsYa37KvlT","{""bme688"": [{""temp"": 21.4777, ""step"": 7, ""status"": 1, ""pres"": 966.8546, ""meas_profile"": ""HP-8"", ""meas_id"": 8, ""hum"": 34.90944, ""gas_res"": 5684.846}, {""temp"": 21.44348, ""step"": 7, ""status"": 1, ""pres"": 967.0232, ""meas_profile"": ""HP-7"", ""meas_id"": 7, ""hum"": 34.79655, ""gas_res"": 5684.846}, {""temp"": 21.51723, ""step"": 7, ""status"": 1, ""pres"": 967.1016, ""meas_profile"": ""HP-6"", ""meas_id"": 6, ""hum"": 34.69104, ""gas_res"": 6049.149}, {""temp"": 21.40296, ""step"": 7, ""status"": 1, ""pres"": 966.8647, ""meas_profile"": ""HP-5"", ""meas_id"": 5, ""hum"": 34.87773, ""gas_res"": 25000.0}, {""temp"": 21.16523, ""step"": 7, ""status"": 1, ""pres"": 966.957, ""meas_profile"": ""HP-4"", ""meas_id"": 4, ""hum"": 34.4011, ""gas_res"": 25000.0}, {""temp"": 21.32796, ""step"": 7, ""status"": 1, ""pres"": 966.5999, ""meas_profile"": ""HP-3"", ""meas_id"": 3, ""hum"": 34.92054, ""gas_res"": 6251.221}, {""temp"": 21.24133, ""step"": 7, ""status"": 1, ""pres"": 966.717, ""meas_profile"": ""HP-2"", ""meas_id"": 2, ""hum"": 35.12965, ""gas_res"": 8097.166}, {""temp"": 21.00512, ""step"": 7, ""status"": 1, ""pres"": 966.7843, ""meas_profile"": ""HP-1"", ""meas_id"": 1, ""hum"": 33.54513, ""gas_res"": 6681.979}]}",NULL,"2025-10-27 10:45:16.905932"
12099,"04a600b9b0b8","2025-10-27 10:44:01","tFEKIBGUvOSsYa37KvlT","{""bme688"": [{""temp"": 21.47615, ""step"": 6, ""status"": 1, ""pres"": 966.8538, ""meas_profile"": ""HP-8"", ""meas_id"": 8, ""hum"": 34.92075, ""gas_res"": 7324.331}, {""temp"": 21.44192, ""step"": 6, ""status"": 1, ""pres"": 967.0223, ""meas_profile"": ""HP-7"", ""meas_id"": 7, ""hum"": 34.80206, ""gas_res"": 9658.919}, {""temp"": 21.51569, ""step"": 6, ""status"": 1, ""pres"": 967.1008, ""meas_profile"": ""HP-6"", ""meas_id"": 6, ""hum"": 34.70238, ""gas_res"": 25376.69}, {""temp"": 21.4014, ""step"": 6, ""status"": 1, ""pres"": 966.864, ""meas_profile"": ""HP-5"", ""meas_id"": 5, ""hum"": 34.88894, ""gas_res"": 107180.2}, {""temp"": 21.16368, ""step"": 6, ""status"": 1, ""pres"": 966.956, ""meas_profile"": ""HP-4"", ""meas_id"": 4, ""hum"": 34.4067, ""gas_res"": 130745.7}, {""temp"": 21.32642, ""step"": 6, ""status"": 1, ""pres"": 966.5991, ""meas_profile"": ""HP-3"", ""meas_id"": 3, ""hum"": 34.91465, ""gas_res"": 78263.53}, {""temp"": 21.23977, ""step"": 6, ""status"": 1, ""pres"": 966.7179, ""meas_profile"": ""HP-2"", ""meas_id"": 2, ""hum"": 35.13519, ""gas_res"": 102297.7}, {""temp"": 21.00356, ""step"": 6, ""status"": 1, ""pres"": 966.7837, ""meas_profile"": ""HP-1"", ""meas_id"": 1, ""hum"": 33.54499, ""gas_res"": 100000.0}]}",NULL,"2025-10-27 10:45:18.63496"
12100,"04a600b9b0b8","2025-10-27 10:44:01","tFEKIBGUvOSsYa37KvlT","{""bme688"": [{""temp"": 21.47461, ""step"": 5, ""status"": 1, ""pres"": 966.8533, ""meas_profile"": ""HP-8"", ""meas_id"": 8, ""hum"": 34.92633, ""gas_res"": 7225.107}, {""temp"": 21.44037, ""step"": 5, ""status"": 1, ""pres"": 967.0232, ""meas_profile"": ""HP-7"", ""meas_id"": 7, ""hum"": 34.80192, ""gas_res"": 9512.485}, {""temp"": 21.51384, ""step"": 5, ""status"": 1, ""pres"": 967.0997, ""meas_profile"": ""HP-6"", ""meas_id"": 6, ""hum"": 34.69646, ""gas_res"": 25391.79}, {""temp"": 21.39952, ""step"": 5, ""status"": 1, ""pres"": 966.8625, ""meas_profile"": ""HP-5"", ""meas_id"": 5, ""hum"": 34.87741, ""gas_res"": 108268.1}, {""temp"": 21.16212, ""step"": 5, ""status"": 1, ""pres"": 966.9553, ""meas_profile"": ""HP-4"", ""meas_id"": 4, ""hum"": 34.4238, ""gas_res"": 134347.9}, {""temp"": 21.32487, ""step"": 5, ""status"": 1, ""pres"": 966.5983, ""meas_profile"": ""HP-3"", ""meas_id"": 3, ""hum"": 34.9145, ""gas_res"": 78120.23}, {""temp"": 21.23791, ""step"": 5, ""status"": 1, ""pres"": 966.7164, ""meas_profile"": ""HP-2"", ""meas_id"": 2, ""hum"": 35.15208, ""gas_res"": 101265.8}, {""temp"": 21.002, ""step"": 5, ""status"": 1, ""pres"": 966.7833, ""meas_profile"": ""HP-1"", ""meas_id"": 1, ""hum"": 33.55652, ""gas_res"": 100000.0}]}",NULL,"2025-10-27 10:45:19.908318"
12101,"04a600b9b0b8","2025-10-27 10:44:01","tFEKIBGUvOSsYa37KvlT","{""bme688"": [{""temp"": 21.47306, ""step"": 4, ""status"": 1, ""pres"": 966.8542, ""meas_profile"": ""HP-8"", ""meas_id"": 8, ""hum"": 34.92619, ""gas_res"": 7249.66}, {""temp"": 21.43882, ""step"": 4, ""status"": 1, ""pres"": 967.0223, ""meas_profile"": ""HP-7"", ""meas_id"": 7, ""hum"": 34.79611, ""gas_res"": 9538.003}, {""temp"": 21.51229, ""step"": 4, ""status"": 1, ""pres"": 967.0989, ""meas_profile"": ""HP-6"", ""meas_id"": 6, ""hum"": 34.70206, ""gas_res"": 25316.46}, {""temp"": 21.39796, ""step"": 4, ""status"": 1, ""pres"": 966.8635, ""meas_profile"": ""HP-5"", ""meas_id"": 5, ""hum"": 34.88294, ""gas_res"": 110226.0}, {""temp"": 21.16057, ""step"": 4, ""status"": 1, ""pres"": 966.9543, ""meas_profile"": ""HP-4"", ""meas_id"": 4, ""hum"": 34.41791, ""gas_res"": 140197.2}, {""temp"": 21.32302, ""step"": 4, ""status"": 1, ""pres"": 966.5987, ""meas_profile"": ""HP-3"", ""meas_id"": 3, ""hum"": 34.92008, ""gas_res"": 78914.92}, {""temp"": 21.23636, ""step"": 4, ""status"": 1, ""pres"": 966.7156, ""meas_profile"": ""HP-2"", ""meas_id"": 2, ""hum"": 35.14624, ""gas_res"": 102359.1}, {""temp"": 21.00076, ""step"": 4, ""status"": 1, ""pres"": 966.783, ""meas_profile"": ""HP-1"", ""meas_id"": 1, ""hum"": 33.56224, ""gas_res"": 100000.0}]}",NULL,"2025-10-27 10:45:21.18686"
12102,"04a600b9b0b8","2025-10-27 10:44:01","tFEKIBGUvOSsYa37KvlT","{""bme688"": [{""temp"": 21.4709, ""step"": 3, ""status"": 0, ""pres"": 966.8529, ""meas_profile"": ""HP-8"", ""meas_id"": 8, ""hum"": 34.92599, ""gas_res"": 5684.846}, {""temp"": 21.43695, ""step"": 3, ""status"": 0, ""pres"": 967.0209, ""meas_profile"": ""HP-7"", ""meas_id"": 7, ""hum"": 34.81859, ""gas_res"": 5700.036}, {""temp"": 21.51075, ""step"": 3, ""status"": 0, ""pres"": 967.0982, ""meas_profile"": ""HP-6"", ""meas_id"": 6, ""hum"": 34.7249, ""gas_res"": 13681.06}, {""temp"": 21.39608, ""step"": 3, ""status"": 0, ""pres"": 966.8619, ""meas_profile"": ""HP-5"", ""meas_id"": 5, ""hum"": 34.90548, ""gas_res"": 35193.84}, {""temp"": 21.1587, ""step"": 3, ""status"": 0, ""pres"": 966.9546, ""meas_profile"": ""HP-4"", ""meas_id"": 4, ""hum"": 34.44648, ""gas_res"": 42609.86}, {""temp"": 21.32147, ""step"": 3, ""status"": 0, ""pres"": 966.5977, ""meas_profile"": ""HP-3"", ""meas_id"": 3, ""hum"": 34.94295, ""gas_res"": 26364.57}, {""temp"": 21.2345, ""step"": 3, ""status"": 0, ""pres"": 966.7143, ""meas_profile"": ""HP-2"", ""meas_id"": 2, ""hum"": 35.14607, ""gas_res"": 39060.12}, {""temp"": 20.99889, ""step"": 3, ""status"": 0, ""pres"": 966.782, ""meas_profile"": ""HP-1"", ""meas_id"": 1, ""hum"": 33.58541, ""gas_res"": 26879.46}]}",NULL,"2025-10-27 10:45:22.580461"
12103,"04a600b9b0b8","2025-10-27 10:44:01","tFEKIBGUvOSsYa37KvlT","{""bme688"": [{""temp"": 21.46967, ""step"": 2, ""status"": 1, ""pres"": 966.8525, ""meas_profile"": ""HP-8"", ""meas_id"": 8, ""hum"": 34.94307, ""gas_res"": 10332.58}, {""temp"": 21.4354, ""step"": 2, ""status"": 1, ""pres"": 967.0217, ""meas_profile"": ""HP-7"", ""meas_id"": 7, ""hum"": 34.81279, ""gas_res"": 14372.33}, {""temp"": 21.50921, ""step"": 2, ""status"": 1, ""pres"": 967.0973, ""meas_profile"": ""HP-6"", ""meas_id"": 6, ""hum"": 34.71326, ""gas_res"": 44802.24}, {""temp"": 21.39452, ""step"": 2, ""status"": 1, ""pres"": 966.8611, ""meas_profile"": ""HP-5"", ""meas_id"": 5, ""hum"": 34.89966, ""gas_res"": 140082.1}, {""temp"": 21.15715, ""step"": 2, ""status"": 1, ""pres"": 966.9553, ""meas_profile"": ""HP-4"", ""meas_id"": 4, ""hum"": 34.43484, ""gas_res"": 246390.8}, {""temp"": 21.31992, ""step"": 2, ""status"": 1, ""pres"": 966.5969, ""meas_profile"": ""HP-3"", ""meas_id"": 3, ""hum"": 34.9543, ""gas_res"": 115289.4}, {""temp"": 21.23263, ""step"": 2, ""status"": 1, ""pres"": 966.713, ""meas_profile"": ""HP-2"", ""meas_id"": 2, ""hum"": 35.16296, ""gas_res"": 199105.6}, {""temp"": 20.99702, ""step"": 2, ""status"": 1, ""pres"": 966.7809, ""meas_profile"": ""HP-1"", ""meas_id"": 1, ""hum"": 33.57357, ""gas_res"": 145330.7}]}",NULL,"2025-10-27 10:45:23.748314"
12104,"04a600b9b0b8","2025-10-27 10:44:01","tFEKIBGUvOSsYa37KvlT","{""bme688"": [{""temp"": 21.46812, ""step"": 1, ""status"": 1, ""pres"": 966.8521, ""meas_profile"": ""HP-8"", ""meas_id"": 8, ""hum"": 34.94866, ""gas_res"": 6028.636}, {""temp"": 21.43385, ""step"": 1, ""status"": 1, ""pres"": 967.0224, ""meas_profile"": ""HP-7"", ""meas_id"": 7, ""hum"": 34.81831, ""gas_res"": 6236.601}, {""temp"": 21.50797, ""step"": 1, ""status"": 1, ""pres"": 967.0972, ""meas_profile"": ""HP-6"", ""meas_id"": 6, ""hum"": 34.73613, ""gas_res"": 22906.23}, {""temp"": 21.39295, ""step"": 1, ""status"": 1, ""pres"": 966.8619, ""meas_profile"": ""HP-5"", ""meas_id"": 5, ""hum"": 34.89951, ""gas_res"": 33826.64}, {""temp"": 21.1556, ""step"": 1, ""status"": 1, ""pres"": 966.9543, ""meas_profile"": ""HP-4"", ""meas_id"": 4, ""hum"": 34.45193, ""gas_res"": 41210.56}, {""temp"": 21.31838, ""step"": 1, ""status"": 1, ""pres"": 966.5962, ""meas_profile"": ""HP-3"", ""meas_id"": 3, ""hum"": 34.94841, ""gas_res"": 24474.19}, {""temp"": 21.23108, ""step"": 1, ""status"": 1, ""pres"": 966.712, ""meas_profile"": ""HP-2"", ""meas_id"": 2, ""hum"": 35.15712, ""gas_res"": 34566.57}, {""temp"": 20.99578, ""step"": 1, ""status"": 1, ""pres"": 966.7808, ""meas_profile"": ""HP-1"", ""meas_id"": 1, ""hum"": 33.58513, ""gas_res"": 25589.76}]}",NULL,"2025-10-27 10:45:25.036797"
12105,"04a600b9b0b8","2025-10-27 10:44:01","tFEKIBGUvOSsYa37KvlT","{""bme688"": [{""temp"": 21.46627, ""step"": 0, ""status"": 1, ""pres"": 966.8525, ""meas_profile"": ""HP-8"", ""meas_id"": 8, ""hum"": 34.95422, ""gas_res"": 5684.846}, {""temp"": 21.43199, ""step"": 0, ""status"": 1, ""pres"": 967.0212, ""meas_profile"": ""HP-7"", ""meas_id"": 7, ""hum"": 34.83512, ""gas_res"": 5684.846}, {""temp"": 21.50612, ""step"": 0, ""status"": 1, ""pres"": 967.0959, ""meas_profile"": ""HP-6"", ""meas_id"": 6, ""hum"": 34.73596, ""gas_res"": 6247.56}, {""temp"": 21.3917, ""step"": 0, ""status"": 1, ""pres"": 966.8616, ""meas_profile"": ""HP-5"", ""meas_id"": 5, ""hum"": 34.91075, ""gas_res"": 25000.0}, {""temp"": 21.15405, ""step"": 0, ""status"": 1, ""pres"": 966.9536, ""meas_profile"": ""HP-4"", ""meas_id"": 4, ""hum"": 34.43455, ""gas_res"": 25000.0}, {""temp"": 21.31683, ""step"": 0, ""status"": 1, ""pres"": 966.5969, ""meas_profile"": ""HP-3"", ""meas_id"": 3, ""hum"": 34.94827, ""gas_res"": 6397.441}, {""temp"": 21.22984, ""step"": 0, ""status"": 1, ""pres"": 966.7118, ""meas_profile"": ""HP-2"", ""meas_id"": 2, ""hum"": 35.157, ""gas_res"": 8215.661}, {""temp"": 20.99422, ""step"": 0, ""status"": 1, ""pres"": 966.7821, ""meas_profile"": ""HP-1"", ""meas_id"": 1, ""hum"": 33.58499, ""gas_res"": 6665.278}]}",NULL,"2025-10-27 10:45:26.312214"
12106,"04a600b9b0b8","2025-10-27 10:43:34","tFEKIBGUvOSsYa37KvlT","{""zphs01b"": {""voc"": 0, ""temp"": 19.6, ""pm2_5"": 0, ""pm1_0"": 0, ""pm10"": 347, ""o3"": 0.09999999, ""no2"": 0.01, ""hum"": 0, ""fmhd"": 0, ""co2"": 5000, ""co"": 0.0}, ""smell_b"": {}, ""sfa30"": {""temp"": 21.57, ""hum"": 35.59, ""fmhd"": 1.6}, ""sen5x"": {""voc"": 125.0, ""temp"": 21.47, ""pm4_0"": 4477.3, ""pm2_5"": 4477.3, ""pm1_0"": 4269.4, ""pm10"": 4477.3, ""nox"": 1.0, ""mass_c"": 4425.325, ""hum"": 41.1}, ""scd41"": {""temp"": 21.39773, ""hum"": 37.69894, ""co2"": 692}, ""power_source"": 0, ""mics6814"": {""red_res"": 0, ""no2_res"": 0, ""no2"": 0.17, ""nh3_res"": 0, ""nh3"": 0.73, ""co_res"": 0, ""co"": 44.0}}",NULL,"2025-10-27 10:45:27.581124"
12107,"04a600b9b0b8","2025-10-27 10:43:34","tFEKIBGUvOSsYa37KvlT","{""bme688"": [{""temp"": 21.46441, ""step"": 9, ""status"": 1, ""pres"": 966.8515, ""meas_profile"": ""HP-8"", ""meas_id"": 8, ""hum"": 34.94258, ""gas_res"": 5684.846}, {""temp"": 21.43012, ""step"": 9, ""status"": 1, ""pres"": 967.0197, ""meas_profile"": ""HP-7"", ""meas_id"": 7, ""hum"": 34.84062, ""gas_res"": 5684.846}, {""temp"": 21.50458, ""step"": 9, ""status"": 1, ""pres"": 967.0951, ""meas_profile"": ""HP-6"", ""meas_id"": 6, ""hum"": 34.77029, ""gas_res"": 7426.317}, {""temp"": 21.39014, ""step"": 9, ""status"": 1, ""pres"": 966.8608, ""meas_profile"": ""HP-5"", ""meas_id"": 5, ""hum"": 34.92197, ""gas_res"": 25000.0}, {""temp"": 21.1528, ""step"": 9, ""status"": 1, ""pres"": 966.9532, ""meas_profile"": ""HP-4"", ""meas_id"": 4, ""hum"": 34.43444, ""gas_res"": 25000.0}, {""temp"": 21.31528, ""step"": 9, ""status"": 1, ""pres"": 966.5963, ""meas_profile"": ""HP-3"", ""meas_id"": 3, ""hum"": 34.94237, ""gas_res"": 6475.111}, {""temp"": 21.22828, ""step"": 9, ""status"": 1, ""pres"": 966.7109, ""meas_profile"": ""HP-2"", ""meas_id"": 2, ""hum"": 35.16824, ""gas_res"": 7722.008}, {""temp"": 20.99267, ""step"": 9, ""status"": 1, ""pres"": 966.7815, ""meas_profile"": ""HP-1"", ""meas_id"": 1, ""hum"": 33.61403, ""gas_res"": 6336.634}]}",NULL,"2025-10-27 10:45:28.88543"
12108,"04a600b9b0b8","2025-10-27 10:43:34","tFEKIBGUvOSsYa37KvlT","{""bme688"": [{""temp"": 21.46256, ""step"": 8, ""status"": 1, ""pres"": 966.8503, ""meas_profile"": ""HP-8"", ""meas_id"": 8, ""hum"": 34.94814, ""gas_res"": 5684.846}, {""temp"": 21.42826, ""step"": 8, ""status"": 1, ""pres"": 967.0199, ""meas_profile"": ""HP-7"", ""meas_id"": 7, ""hum"": 34.82345, ""gas_res"": 5684.846}, {""temp"": 21.50303, ""step"": 8, ""status"": 1, ""pres"": 967.096, ""meas_profile"": ""HP-6"", ""meas_id"": 6, ""hum"": 34.72418, ""gas_res"": 5898.618}, {""temp"": 21.38889, ""step"": 8, ""status"": 1, ""pres"": 966.8602, ""meas_profile"": ""HP-5"", ""meas_id"": 5, ""hum"": 34.91049, ""gas_res"": 25000.0}, {""temp"": 21.15156, ""step"": 8, ""status"": 1, ""pres"": 966.9546, ""meas_profile"": ""HP-4"", ""meas_id"": 4, ""hum"": 34.45731, ""gas_res"": 25000.0}, {""temp"": 21.31374, ""step"": 8, ""status"": 1, ""pres"": 966.5953, ""meas_profile"": ""HP-3"", ""meas_id"": 3, ""hum"": 34.95373, ""gas_res"": 6132.618}, {""temp"": 21.22673, ""step"": 8, ""status"": 1, ""pres"": 966.7101, ""meas_profile"": ""HP-2"", ""meas_id"": 2, ""hum"": 35.15672, ""gas_res"": 7733.205}, {""temp"": 20.99111, ""step"": 8, ""status"": 1, ""pres"": 966.7809, ""meas_profile"": ""HP-1"", ""meas_id"": 1, ""hum"": 33.58471, ""gas_res"": 6378.314}]}",NULL,"2025-10-27 10:45:30.151247"
12109,"04a600b9b0b8","2025-10-27 10:43:34","tFEKIBGUvOSsYa37KvlT","{""bme688"": [{""temp"": 21.46071, ""step"": 7, ""status"": 1, ""pres"": 966.8492, ""meas_profile"": ""HP-8"", ""meas_id"": 8, ""hum"": 34.97662, ""gas_res"": 5684.846}, {""temp"": 21.42671, ""step"": 7, ""status"": 1, ""pres"": 967.0192, ""meas_profile"": ""HP-7"", ""meas_id"": 7, ""hum"": 34.83463, ""gas_res"": 5684.846}, {""temp"": 21.50149, ""step"": 7, ""status"": 1, ""pres"": 967.0952, ""meas_profile"": ""HP-6"", ""meas_id"": 6, ""hum"": 34.74127, ""gas_res"": 7911.001}, {""temp"": 21.38764, ""step"": 7, ""status"": 1, ""pres"": 966.8616, ""meas_profile"": ""HP-5"", ""meas_id"": 5, ""hum"": 34.94444, ""gas_res"": 25000.0}, {""temp"": 21.15001, ""step"": 7, ""status"": 1, ""pres"": 966.9534, ""meas_profile"": ""HP-4"", ""meas_id"": 4, ""hum"": 34.45142, ""gas_res"": 21178.03}, {""temp"": 21.31188, ""step"": 7, ""status"": 1, ""pres"": 966.594, ""meas_profile"": ""HP-3"", ""meas_id"": 3, ""hum"": 34.96506, ""gas_res"": 7940.447}, {""temp"": 21.22549, ""step"": 7, ""status"": 1, ""pres"": 966.7096, ""meas_profile"": ""HP-2"", ""meas_id"": 2, ""hum"": 35.17366, ""gas_res"": 7205.584}, {""temp"": 20.98924, ""step"": 7, ""status"": 1, ""pres"": 966.78, ""meas_profile"": ""HP-1"", ""meas_id"": 1, ""hum"": 33.5787, ""gas_res"": 5984.664}]}",NULL,"2025-10-27 10:45:31.432613"
12110,"04a600b9b0b8","2025-10-27 10:43:34","tFEKIBGUvOSsYa37KvlT","{""bme688"": [{""temp"": 21.45916, ""step"": 6, ""status"": 1, ""pres"": 966.8484, ""meas_profile"": ""HP-8"", ""meas_id"": 8, ""hum"": 34.97648, ""gas_res"": 7441.86}, {""temp"": 21.42515, ""step"": 6, ""status"": 1, ""pres"": 967.0199, ""meas_profile"": ""HP-7"", ""meas_id"": 7, ""hum"": 34.84016, ""gas_res"": 9685.23}, {""temp"": 21.49995, ""step"": 6, ""status"": 1, ""pres"": 967.0947, ""meas_profile"": ""HP-6"", ""meas_id"": 6, ""hum"": 34.74113, ""gas_res"": 24128.18}, {""temp"": 21.38607, ""step"": 6, ""status"": 1, ""pres"": 966.8608, ""meas_profile"": ""HP-5"", ""meas_id"": 5, ""hum"": 34.93294, ""gas_res"": 96786.39}, {""temp"": 21.14845, ""step"": 6, ""status"": 1, ""pres"": 966.9528, ""meas_profile"": ""HP-4"", ""meas_id"": 4, ""hum"": 34.43978, ""gas_res"": 111522.5}, {""temp"": 21.31065, ""step"": 6, ""status"": 1, ""pres"": 966.5955, ""meas_profile"": ""HP-3"", ""meas_id"": 3, ""hum"": 34.9822, ""gas_res"": 41012.5}, {""temp"": 21.22394, ""step"": 6, ""status"": 1, ""pres"": 966.7088, ""meas_profile"": ""HP-2"", ""meas_id"": 2, ""hum"": 35.19058, ""gas_res"": 100000.0}, {""temp"": 20.98769, ""step"": 6, ""status"": 1, ""pres"": 966.7792, ""meas_profile"": ""HP-1"", ""meas_id"": 1, ""hum"": 33.59607, ""gas_res"": 83224.97}]}",NULL,"2025-10-27 10:45:32.81451"
12111,"04a600b9b0b8","2025-10-27 10:43:34","tFEKIBGUvOSsYa37KvlT","{""bme688"": [{""temp"": 21.45762, ""step"": 5, ""status"": 1, ""pres"": 966.8478, ""meas_profile"": ""HP-8"", ""meas_id"": 8, ""hum"": 34.97633, ""gas_res"": 7385.184}, {""temp"": 21.4236, ""step"": 5, ""status"": 1, ""pres"": 967.019, ""meas_profile"": ""HP-7"", ""meas_id"": 7, ""hum"": 34.84567, ""gas_res"": 9563.658}, {""temp"": 21.4984, ""step"": 5, ""status"": 1, ""pres"": 967.0939, ""meas_profile"": ""HP-6"", ""meas_id"": 6, ""hum"": 34.75823, ""gas_res"": 24114.54}, {""temp"": 21.3842, ""step"": 5, ""status"": 1, ""pres"": 966.8593, ""meas_profile"": ""HP-5"", ""meas_id"": 5, ""hum"": 34.93277, ""gas_res"": 97393.95}, {""temp"": 21.1469, ""step"": 5, ""status"": 1, ""pres"": 966.9517, ""meas_profile"": ""HP-4"", ""meas_id"": 4, ""hum"": 34.45114, ""gas_res"": 113299.4}, {""temp"": 21.3091, ""step"": 5, ""status"": 1, ""pres"": 966.5945, ""meas_profile"": ""HP-3"", ""meas_id"": 3, ""hum"": 34.96479, ""gas_res"": 40353.09}, {""temp"": 21.2227, ""step"": 5, ""status"": 1, ""pres"": 966.7085, ""meas_profile"": ""HP-2"", ""meas_id"": 2, ""hum"": 35.18477, ""gas_res"": 100000.0}, {""temp"": 20.98613, ""step"": 5, ""status"": 1, ""pres"": 966.7788, ""meas_profile"": ""HP-1"", ""meas_id"": 1, ""hum"": 33.5901, ""gas_res"": 80553.8}]}",NULL,"2025-10-27 10:45:33.984055"
12134,"04a600b9b0b8","2025-10-27 10:44:01","tFEKIBGUvOSsYa37KvlT","{""zphs01b"": {""voc"": 0, ""temp"": 19.6, ""pm2_5"": 0, ""pm1_0"": 0, ""pm10"": 350, ""o3"": 0.02, ""no2"": 10.0, ""hum"": 0, ""fmhd"": 0, ""co2"": 5000, ""co"": 0.0}, ""smell_b"": {}, ""sfa30"": {""temp"": 21.585, ""hum"": 35.56, ""fmhd"": 1.6}, ""sen5x"": {""voc"": 125.0, ""temp"": 21.46, ""pm4_0"": 4481.9, ""pm2_5"": 4481.9, ""pm1_0"": 4273.7, ""pm10"": 4481.9, ""nox"": 1.0, ""mass_c"": 4429.85, ""hum"": 41.13}, ""scd41"": {""temp"": 21.43244, ""hum"": 37.63943, ""co2"": 700}, ""power_source"": 0, ""mics6814"": {""red_res"": 0, ""no2_res"": 0, ""no2"": 0.17, ""nh3_res"": 0, ""nh3"": 0.73, ""co_res"": 0, ""co"": 44.0}}",NULL,"2025-10-27 10:55:02.250209"
12135,"04a600b9b0b8","2025-10-27 10:44:01","tFEKIBGUvOSsYa37KvlT","{""bme688"": [{""temp"": 21.48109, ""step"": 9, ""status"": 1, ""pres"": 966.8563, ""meas_profile"": ""HP-8"", ""meas_id"": 8, ""hum"": 34.93268, ""gas_res"": 5684.846}, {""temp"": 21.44751, ""step"": 9, ""status"": 1, ""pres"": 967.0265, ""meas_profile"": ""HP-7"", ""meas_id"": 7, ""hum"": 34.79126, ""gas_res"": 5684.846}, {""temp"": 21.52032, ""step"": 9, ""status"": 1, ""pres"": 967.103, ""meas_profile"": ""HP-6"", ""meas_id"": 6, ""hum"": 34.70281, ""gas_res"": 7870.143}, {""temp"": 21.40577, ""step"": 9, ""status"": 1, ""pres"": 966.8644, ""meas_profile"": ""HP-5"", ""meas_id"": 5, ""hum"": 34.89503, ""gas_res"": 25000.0}, {""temp"": 21.16833, ""step"": 9, ""status"": 1, ""pres"": 966.957, ""meas_profile"": ""HP-4"", ""meas_id"": 4, ""hum"": 34.38989, ""gas_res"": 25000.0}, {""temp"": 21.33136, ""step"": 9, ""status"": 1, ""pres"": 966.6022, ""meas_profile"": ""HP-3"", ""meas_id"": 3, ""hum"": 34.92086, ""gas_res"": 7104.796}, {""temp"": 21.24443, ""step"": 9, ""status"": 1, ""pres"": 966.7188, ""meas_profile"": ""HP-2"", ""meas_id"": 2, ""hum"": 35.12426, ""gas_res"": 8357.273}, {""temp"": 21.00792, ""step"": 9, ""status"": 1, ""pres"": 966.7831, ""meas_profile"": ""HP-1"", ""meas_id"": 1, ""hum"": 33.53955, ""gas_res"": 6788.29}]}",NULL,"2025-10-27 10:55:03.603657"
12136,"04a600b9b0b8","2025-10-27 10:44:01","tFEKIBGUvOSsYa37KvlT","{""bme688"": [{""temp"": 21.47924, ""step"": 8, ""status"": 1, ""pres"": 966.8552, ""meas_profile"": ""HP-8"", ""meas_id"": 8, ""hum"": 34.90958, ""gas_res"": 5684.846}, {""temp"": 21.44534, ""step"": 8, ""status"": 1, ""pres"": 967.0246, ""meas_profile"": ""HP-7"", ""meas_id"": 7, ""hum"": 34.79106, ""gas_res"": 5684.846}, {""temp"": 21.51878, ""step"": 8, ""status"": 1, ""pres"": 967.1024, ""meas_profile"": ""HP-6"", ""meas_id"": 6, ""hum"": 34.69118, ""gas_res"": 6015.038}, {""temp"": 21.40421, ""step"": 8, ""status"": 1, ""pres"": 966.8653, ""meas_profile"": ""HP-5"", ""meas_id"": 5, ""hum"": 34.88921, ""gas_res"": 25000.0}, {""temp"": 21.16678, ""step"": 8, ""status"": 1, ""pres"": 966.9562, ""meas_profile"": ""HP-4"", ""meas_id"": 4, ""hum"": 34.40699, ""gas_res"": 25000.0}, {""temp"": 21.32982, ""step"": 8, ""status"": 1, ""pres"": 966.6013, ""meas_profile"": ""HP-3"", ""meas_id"": 3, ""hum"": 34.92072, ""gas_res"": 6615.671}, {""temp"": 21.24288, ""step"": 8, ""status"": 1, ""pres"": 966.718, ""meas_profile"": ""HP-2"", ""meas_id"": 2, ""hum"": 35.1298, ""gas_res"": 8483.563}, {""temp"": 21.00667, ""step"": 8, ""status"": 1, ""pres"": 966.7848, ""meas_profile"": ""HP-1"", ""meas_id"": 1, ""hum"": 33.54528, ""gas_res"": 6920.415}]}",NULL,"2025-10-27 10:55:04.887063"
12137,"04a600b9b0b8","2025-10-27 10:44:01","tFEKIBGUvOSsYa37KvlT","{""bme688"": [{""temp"": 21.4777, ""step"": 7, ""status"": 1, ""pres"": 966.8546, ""meas_profile"": ""HP-8"", ""meas_id"": 8, ""hum"": 34.90944, ""gas_res"": 5684.846}, {""temp"": 21.44348, ""step"": 7, ""status"": 1, ""pres"": 967.0232, ""meas_profile"": ""HP-7"", ""meas_id"": 7, ""hum"": 34.79655, ""gas_res"": 5684.846}, {""temp"": 21.51723, ""step"": 7, ""status"": 1, ""pres"": 967.1016, ""meas_profile"": ""HP-6"", ""meas_id"": 6, ""hum"": 34.69104, ""gas_res"": 6049.149}, {""temp"": 21.40296, ""step"": 7, ""status"": 1, ""pres"": 966.8647, ""meas_profile"": ""HP-5"", ""meas_id"": 5, ""hum"": 34.87773, ""gas_res"": 25000.0}, {""temp"": 21.16523, ""step"": 7, ""status"": 1, ""pres"": 966.957, ""meas_profile"": ""HP-4"", ""meas_id"": 4, ""hum"": 34.4011, ""gas_res"": 25000.0}, {""temp"": 21.32796, ""step"": 7, ""status"": 1, ""pres"": 966.5999, ""meas_profile"": ""HP-3"", ""meas_id"": 3, ""hum"": 34.92054, ""gas_res"": 6251.221}, {""temp"": 21.24133, ""step"": 7, ""status"": 1, ""pres"": 966.717, ""meas_profile"": ""HP-2"", ""meas_id"": 2, ""hum"": 35.12965, ""gas_res"": 8097.166}, {""temp"": 21.00512, ""step"": 7, ""status"": 1, ""pres"": 966.7843, ""meas_profile"": ""HP-1"", ""meas_id"": 1, ""hum"": 33.54513, ""gas_res"": 6681.979}]}",NULL,"2025-10-27 10:55:06.286886"
12138,"04a600b9b0b8","2025-10-27 10:44:01","tFEKIBGUvOSsYa37KvlT","{""bme688"": [{""temp"": 21.47615, ""step"": 6, ""status"": 1, ""pres"": 966.8538, ""meas_profile"": ""HP-8"", ""meas_id"": 8, ""hum"": 34.92075, ""gas_res"": 7324.331}, {""temp"": 21.44192, ""step"": 6, ""status"": 1, ""pres"": 967.0223, ""meas_profile"": ""HP-7"", ""meas_id"": 7, ""hum"": 34.80206, ""gas_res"": 9658.919}, {""temp"": 21.51569, ""step"": 6, ""status"": 1, ""pres"": 967.1008, ""meas_profile"": ""HP-6"", ""meas_id"": 6, ""hum"": 34.70238, ""gas_res"": 25376.69}, {""temp"": 21.4014, ""step"": 6, ""status"": 1, ""pres"": 966.864, ""meas_profile"": ""HP-5"", ""meas_id"": 5, ""hum"": 34.88894, ""gas_res"": 107180.2}, {""temp"": 21.16368, ""step"": 6, ""status"": 1, ""pres"": 966.956, ""meas_profile"": ""HP-4"", ""meas_id"": 4, ""hum"": 34.4067, ""gas_res"": 130745.7}, {""temp"": 21.32642, ""step"": 6, ""status"": 1, ""pres"": 966.5991, ""meas_profile"": ""HP-3"", ""meas_id"": 3, ""hum"": 34.91465, ""gas_res"": 78263.53}, {""temp"": 21.23977, ""step"": 6, ""status"": 1, ""pres"": 966.7179, ""meas_profile"": ""HP-2"", ""meas_id"": 2, ""hum"": 35.13519, ""gas_res"": 102297.7}, {""temp"": 21.00356, ""step"": 6, ""status"": 1, ""pres"": 966.7837, ""meas_profile"": ""HP-1"", ""meas_id"": 1, ""hum"": 33.54499, ""gas_res"": 100000.0}]}",NULL,"2025-10-27 10:55:07.437711"
12139,"04a600b9b0b8","2025-10-27 10:44:01","tFEKIBGUvOSsYa37KvlT","{""bme688"": [{""temp"": 21.47461, ""step"": 5, ""status"": 1, ""pres"": 966.8533, ""meas_profile"": ""HP-8"", ""meas_id"": 8, ""hum"": 34.92633, ""gas_res"": 7225.107}, {""temp"": 21.44037, ""step"": 5, ""status"": 1, ""pres"": 967.0232, ""meas_profile"": ""HP-7"", ""meas_id"": 7, ""hum"": 34.80192, ""gas_res"": 9512.485}, {""temp"": 21.51384, ""step"": 5, ""status"": 1, ""pres"": 967.0997, ""meas_profile"": ""HP-6"", ""meas_id"": 6, ""hum"": 34.69646, ""gas_res"": 25391.79}, {""temp"": 21.39952, ""step"": 5, ""status"": 1, ""pres"": 966.8625, ""meas_profile"": ""HP-5"", ""meas_id"": 5, ""hum"": 34.87741, ""gas_res"": 108268.1}, {""temp"": 21.16212, ""step"": 5, ""status"": 1, ""pres"": 966.9553, ""meas_profile"": ""HP-4"", ""meas_id"": 4, ""hum"": 34.4238, ""gas_res"": 134347.9}, {""temp"": 21.32487, ""step"": 5, ""status"": 1, ""pres"": 966.5983, ""meas_profile"": ""HP-3"", ""meas_id"": 3, ""hum"": 34.9145, ""gas_res"": 78120.23}, {""temp"": 21.23791, ""step"": 5, ""status"": 1, ""pres"": 966.7164, ""meas_profile"": ""HP-2"", ""meas_id"": 2, ""hum"": 35.15208, ""gas_res"": 101265.8}, {""temp"": 21.002, ""step"": 5, ""status"": 1, ""pres"": 966.7833, ""meas_profile"": ""HP-1"", ""meas_id"": 1, ""hum"": 33.55652, ""gas_res"": 100000.0}]}",NULL,"2025-10-27 10:55:08.716248"
12140,"04a600b9b0b8","2025-10-27 10:44:01","tFEKIBGUvOSsYa37KvlT","{""bme688"": [{""temp"": 21.47306, ""step"": 4, ""status"": 1, ""pres"": 966.8542, ""meas_profile"": ""HP-8"", ""meas_id"": 8, ""hum"": 34.92619, ""gas_res"": 7249.66}, {""temp"": 21.43882, ""step"": 4, ""status"": 1, ""pres"": 967.0223, ""meas_profile"": ""HP-7"", ""meas_id"": 7, ""hum"": 34.79611, ""gas_res"": 9538.003}, {""temp"": 21.51229, ""step"": 4, ""status"": 1, ""pres"": 967.0989, ""meas_profile"": ""HP-6"", ""meas_id"": 6, ""hum"": 34.70206, ""gas_res"": 25316.46}, {""temp"": 21.39796, ""step"": 4, ""status"": 1, ""pres"": 966.8635, ""meas_profile"": ""HP-5"", ""meas_id"": 5, ""hum"": 34.88294, ""gas_res"": 110226.0}, {""temp"": 21.16057, ""step"": 4, ""status"": 1, ""pres"": 966.9543, ""meas_profile"": ""HP-4"", ""meas_id"": 4, ""hum"": 34.41791, ""gas_res"": 140197.2}, {""temp"": 21.32302, ""step"": 4, ""status"": 1, ""pres"": 966.5987, ""meas_profile"": ""HP-3"", ""meas_id"": 3, ""hum"": 34.92008, ""gas_res"": 78914.92}, {""temp"": 21.23636, ""step"": 4, ""status"": 1, ""pres"": 966.7156, ""meas_profile"": ""HP-2"", ""meas_id"": 2, ""hum"": 35.14624, ""gas_res"": 102359.1}, {""temp"": 21.00076, ""step"": 4, ""status"": 1, ""pres"": 966.783, ""meas_profile"": ""HP-1"", ""meas_id"": 1, ""hum"": 33.56224, ""gas_res"": 100000.0}]}",NULL,"2025-10-27 10:55:10.000809"
12141,"04a600b9b0b8","2025-10-27 10:44:01","tFEKIBGUvOSsYa37KvlT","{""bme688"": [{""temp"": 21.4709, ""step"": 3, ""status"": 0, ""pres"": 966.8529, ""meas_profile"": ""HP-8"", ""meas_id"": 8, ""hum"": 34.92599, ""gas_res"": 5684.846}, {""temp"": 21.43695, ""step"": 3, ""status"": 0, ""pres"": 967.0209, ""meas_profile"": ""HP-7"", ""meas_id"": 7, ""hum"": 34.81859, ""gas_res"": 5700.036}, {""temp"": 21.51075, ""step"": 3, ""status"": 0, ""pres"": 967.0982, ""meas_profile"": ""HP-6"", ""meas_id"": 6, ""hum"": 34.7249, ""gas_res"": 13681.06}, {""temp"": 21.39608, ""step"": 3, ""status"": 0, ""pres"": 966.8619, ""meas_profile"": ""HP-5"", ""meas_id"": 5, ""hum"": 34.90548, ""gas_res"": 35193.84}, {""temp"": 21.1587, ""step"": 3, ""status"": 0, ""pres"": 966.9546, ""meas_profile"": ""HP-4"", ""meas_id"": 4, ""hum"": 34.44648, ""gas_res"": 42609.86}, {""temp"": 21.32147, ""step"": 3, ""status"": 0, ""pres"": 966.5977, ""meas_profile"": ""HP-3"", ""meas_id"": 3, ""hum"": 34.94295, ""gas_res"": 26364.57}, {""temp"": 21.2345, ""step"": 3, ""status"": 0, ""pres"": 966.7143, ""meas_profile"": ""HP-2"", ""meas_id"": 2, ""hum"": 35.14607, ""gas_res"": 39060.12}, {""temp"": 20.99889, ""step"": 3, ""status"": 0, ""pres"": 966.782, ""meas_profile"": ""HP-1"", ""meas_id"": 1, ""hum"": 33.58541, ""gas_res"": 26879.46}]}",NULL,"2025-10-27 10:55:11.374006"
12142,"04a600b9b0b8","2025-10-27 10:44:01","tFEKIBGUvOSsYa37KvlT","{""bme688"": [{""temp"": 21.46967, ""step"": 2, ""status"": 1, ""pres"": 966.8525, ""meas_profile"": ""HP-8"", ""meas_id"": 8, ""hum"": 34.94307, ""gas_res"": 10332.58}, {""temp"": 21.4354, ""step"": 2, ""status"": 1, ""pres"": 967.0217, ""meas_profile"": ""HP-7"", ""meas_id"": 7, ""hum"": 34.81279, ""gas_res"": 14372.33}, {""temp"": 21.50921, ""step"": 2, ""status"": 1, ""pres"": 967.0973, ""meas_profile"": ""HP-6"", ""meas_id"": 6, ""hum"": 34.71326, ""gas_res"": 44802.24}, {""temp"": 21.39452, ""step"": 2, ""status"": 1, ""pres"": 966.8611, ""meas_profile"": ""HP-5"", ""meas_id"": 5, ""hum"": 34.89966, ""gas_res"": 140082.1}, {""temp"": 21.15715, ""step"": 2, ""status"": 1, ""pres"": 966.9553, ""meas_profile"": ""HP-4"", ""meas_id"": 4, ""hum"": 34.43484, ""gas_res"": 246390.8}, {""temp"": 21.31992, ""step"": 2, ""status"": 1, ""pres"": 966.5969, ""meas_profile"": ""HP-3"", ""meas_id"": 3, ""hum"": 34.9543, ""gas_res"": 115289.4}, {""temp"": 21.23263, ""step"": 2, ""status"": 1, ""pres"": 966.713, ""meas_profile"": ""HP-2"", ""meas_id"": 2, ""hum"": 35.16296, ""gas_res"": 199105.6}, {""temp"": 20.99702, ""step"": 2, ""status"": 1, ""pres"": 966.7809, ""meas_profile"": ""HP-1"", ""meas_id"": 1, ""hum"": 33.57357, ""gas_res"": 145330.7}]}",NULL,"2025-10-27 10:55:12.572218"
12143,"04a600b9b0b8","2025-10-27 10:44:01","tFEKIBGUvOSsYa37KvlT","{""bme688"": [{""temp"": 21.46812, ""step"": 1, ""status"": 1, ""pres"": 966.8521, ""meas_profile"": ""HP-8"", ""meas_id"": 8, ""hum"": 34.94866, ""gas_res"": 6028.636}, {""temp"": 21.43385, ""step"": 1, ""status"": 1, ""pres"": 967.0224, ""meas_profile"": ""HP-7"", ""meas_id"": 7, ""hum"": 34.81831, ""gas_res"": 6236.601}, {""temp"": 21.50797, ""step"": 1, ""status"": 1, ""pres"": 967.0972, ""meas_profile"": ""HP-6"", ""meas_id"": 6, ""hum"": 34.73613, ""gas_res"": 22906.23}, {""temp"": 21.39295, ""step"": 1, ""status"": 1, ""pres"": 966.8619, ""meas_profile"": ""HP-5"", ""meas_id"": 5, ""hum"": 34.89951, ""gas_res"": 33826.64}, {""temp"": 21.1556, ""step"": 1, ""status"": 1, ""pres"": 966.9543, ""meas_profile"": ""HP-4"", ""meas_id"": 4, ""hum"": 34.45193, ""gas_res"": 41210.56}, {""temp"": 21.31838, ""step"": 1, ""status"": 1, ""pres"": 966.5962, ""meas_profile"": ""HP-3"", ""meas_id"": 3, ""hum"": 34.94841, ""gas_res"": 24474.19}, {""temp"": 21.23108, ""step"": 1, ""status"": 1, ""pres"": 966.712, ""meas_profile"": ""HP-2"", ""meas_id"": 2, ""hum"": 35.15712, ""gas_res"": 34566.57}, {""temp"": 20.99578, ""step"": 1, ""status"": 1, ""pres"": 966.7808, ""meas_profile"": ""HP-1"", ""meas_id"": 1, ""hum"": 33.58513, ""gas_res"": 25589.76}]}",NULL,"2025-10-27 10:55:13.844332"
12144,"04a600b9b0b8","2025-10-27 10:44:01","tFEKIBGUvOSsYa37KvlT","{""bme688"": [{""temp"": 21.46627, ""step"": 0, ""status"": 1, ""pres"": 966.8525, ""meas_profile"": ""HP-8"", ""meas_id"": 8, ""hum"": 34.95422, ""gas_res"": 5684.846}, {""temp"": 21.43199, ""step"": 0, ""status"": 1, ""pres"": 967.0212, ""meas_profile"": ""HP-7"", ""meas_id"": 7, ""hum"": 34.83512, ""gas_res"": 5684.846}, {""temp"": 21.50612, ""step"": 0, ""status"": 1, ""pres"": 967.0959, ""meas_profile"": ""HP-6"", ""meas_id"": 6, ""hum"": 34.73596, ""gas_res"": 6247.56}, {""temp"": 21.3917, ""step"": 0, ""status"": 1, ""pres"": 966.8616, ""meas_profile"": ""HP-5"", ""meas_id"": 5, ""hum"": 34.91075, ""gas_res"": 25000.0}, {""temp"": 21.15405, ""step"": 0, ""status"": 1, ""pres"": 966.9536, ""meas_profile"": ""HP-4"", ""meas_id"": 4, ""hum"": 34.43455, ""gas_res"": 25000.0}, {""temp"": 21.31683, ""step"": 0, ""status"": 1, ""pres"": 966.5969, ""meas_profile"": ""HP-3"", ""meas_id"": 3, ""hum"": 34.94827, ""gas_res"": 6397.441}, {""temp"": 21.22984, ""step"": 0, ""status"": 1, ""pres"": 966.7118, ""meas_profile"": ""HP-2"", ""meas_id"": 2, ""hum"": 35.157, ""gas_res"": 8215.661}, {""temp"": 20.99422, ""step"": 0, ""status"": 1, ""pres"": 966.7821, ""meas_profile"": ""HP-1"", ""meas_id"": 1, ""hum"": 33.58499, ""gas_res"": 6665.278}]}",NULL,"2025-10-27 10:55:15.122482"
12145,"04a600b9b0b8","2025-10-27 10:43:34","tFEKIBGUvOSsYa37KvlT","{""zphs01b"": {""voc"": 0, ""temp"": 19.6, ""pm2_5"": 0, ""pm1_0"": 0, ""pm10"": 347, ""o3"": 0.09999999, ""no2"": 0.01, ""hum"": 0, ""fmhd"": 0, ""co2"": 5000, ""co"": 0.0}, ""smell_b"": {}, ""sfa30"": {""temp"": 21.57, ""hum"": 35.59, ""fmhd"": 1.6}, ""sen5x"": {""voc"": 125.0, ""temp"": 21.47, ""pm4_0"": 4477.3, ""pm2_5"": 4477.3, ""pm1_0"": 4269.4, ""pm10"": 4477.3, ""nox"": 1.0, ""mass_c"": 4425.325, ""hum"": 41.1}, ""scd41"": {""temp"": 21.39773, ""hum"": 37.69894, ""co2"": 692}, ""power_source"": 0, ""mics6814"": {""red_res"": 0, ""no2_res"": 0, ""no2"": 0.17, ""nh3_res"": 0, ""nh3"": 0.73, ""co_res"": 0, ""co"": 44.0}}",NULL,"2025-10-27 10:55:16.39273"
12146,"04a600b9b0b8","2025-10-27 10:43:34","tFEKIBGUvOSsYa37KvlT","{""bme688"": [{""temp"": 21.46441, ""step"": 9, ""status"": 1, ""pres"": 966.8515, ""meas_profile"": ""HP-8"", ""meas_id"": 8, ""hum"": 34.94258, ""gas_res"": 5684.846}, {""temp"": 21.43012, ""step"": 9, ""status"": 1, ""pres"": 967.0197, ""meas_profile"": ""HP-7"", ""meas_id"": 7, ""hum"": 34.84062, ""gas_res"": 5684.846}, {""temp"": 21.50458, ""step"": 9, ""status"": 1, ""pres"": 967.0951, ""meas_profile"": ""HP-6"", ""meas_id"": 6, ""hum"": 34.77029, ""gas_res"": 7426.317}, {""temp"": 21.39014, ""step"": 9, ""status"": 1, ""pres"": 966.8608, ""meas_profile"": ""HP-5"", ""meas_id"": 5, ""hum"": 34.92197, ""gas_res"": 25000.0}, {""temp"": 21.1528, ""step"": 9, ""status"": 1, ""pres"": 966.9532, ""meas_profile"": ""HP-4"", ""meas_id"": 4, ""hum"": 34.43444, ""gas_res"": 25000.0}, {""temp"": 21.31528, ""step"": 9, ""status"": 1, ""pres"": 966.5963, ""meas_profile"": ""HP-3"", ""meas_id"": 3, ""hum"": 34.94237, ""gas_res"": 6475.111}, {""temp"": 21.22828, ""step"": 9, ""status"": 1, ""pres"": 966.7109, ""meas_profile"": ""HP-2"", ""meas_id"": 2, ""hum"": 35.16824, ""gas_res"": 7722.008}, {""temp"": 20.99267, ""step"": 9, ""status"": 1, ""pres"": 966.7815, ""meas_profile"": ""HP-1"", ""meas_id"": 1, ""hum"": 33.61403, ""gas_res"": 6336.634}]}",NULL,"2025-10-27 10:55:17.680833"
12147,"04a600b9b0b8","2025-10-27 10:43:34","tFEKIBGUvOSsYa37KvlT","{""bme688"": [{""temp"": 21.46256, ""step"": 8, ""status"": 1, ""pres"": 966.8503, ""meas_profile"": ""HP-8"", ""meas_id"": 8, ""hum"": 34.94814, ""gas_res"": 5684.846}, {""temp"": 21.42826, ""step"": 8, ""status"": 1, ""pres"": 967.0199, ""meas_profile"": ""HP-7"", ""meas_id"": 7, ""hum"": 34.82345, ""gas_res"": 5684.846}, {""temp"": 21.50303, ""step"": 8, ""status"": 1, ""pres"": 967.096, ""meas_profile"": ""HP-6"", ""meas_id"": 6, ""hum"": 34.72418, ""gas_res"": 5898.618}, {""temp"": 21.38889, ""step"": 8, ""status"": 1, ""pres"": 966.8602, ""meas_profile"": ""HP-5"", ""meas_id"": 5, ""hum"": 34.91049, ""gas_res"": 25000.0}, {""temp"": 21.15156, ""step"": 8, ""status"": 1, ""pres"": 966.9546, ""meas_profile"": ""HP-4"", ""meas_id"": 4, ""hum"": 34.45731, ""gas_res"": 25000.0}, {""temp"": 21.31374, ""step"": 8, ""status"": 1, ""pres"": 966.5953, ""meas_profile"": ""HP-3"", ""meas_id"": 3, ""hum"": 34.95373, ""gas_res"": 6132.618}, {""temp"": 21.22673, ""step"": 8, ""status"": 1, ""pres"": 966.7101, ""meas_profile"": ""HP-2"", ""meas_id"": 2, ""hum"": 35.15672, ""gas_res"": 7733.205}, {""temp"": 20.99111, ""step"": 8, ""status"": 1, ""pres"": 966.7809, ""meas_profile"": ""HP-1"", ""meas_id"": 1, ""hum"": 33.58471, ""gas_res"": 6378.314}]}",NULL,"2025-10-27 10:55:18.967272"
12148,"04a600b9b0b8","2025-10-27 10:43:34","tFEKIBGUvOSsYa37KvlT","{""bme688"": [{""temp"": 21.46071, ""step"": 7, ""status"": 1, ""pres"": 966.8492, ""meas_profile"": ""HP-8"", ""meas_id"": 8, ""hum"": 34.97662, ""gas_res"": 5684.846}, {""temp"": 21.42671, ""step"": 7, ""status"": 1, ""pres"": 967.0192, ""meas_profile"": ""HP-7"", ""meas_id"": 7, ""hum"": 34.83463, ""gas_res"": 5684.846}, {""temp"": 21.50149, ""step"": 7, ""status"": 1, ""pres"": 967.0952, ""meas_profile"": ""HP-6"", ""meas_id"": 6, ""hum"": 34.74127, ""gas_res"": 7911.001}, {""temp"": 21.38764, ""step"": 7, ""status"": 1, ""pres"": 966.8616, ""meas_profile"": ""HP-5"", ""meas_id"": 5, ""hum"": 34.94444, ""gas_res"": 25000.0}, {""temp"": 21.15001, ""step"": 7, ""status"": 1, ""pres"": 966.9534, ""meas_profile"": ""HP-4"", ""meas_id"": 4, ""hum"": 34.45142, ""gas_res"": 21178.03}, {""temp"": 21.31188, ""step"": 7, ""status"": 1, ""pres"": 966.594, ""meas_profile"": ""HP-3"", ""meas_id"": 3, ""hum"": 34.96506, ""gas_res"": 7940.447}, {""temp"": 21.22549, ""step"": 7, ""status"": 1, ""pres"": 966.7096, ""meas_profile"": ""HP-2"", ""meas_id"": 2, ""hum"": 35.17366, ""gas_res"": 7205.584}, {""temp"": 20.98924, ""step"": 7, ""status"": 1, ""pres"": 966.78, ""meas_profile"": ""HP-1"", ""meas_id"": 1, ""hum"": 33.5787, ""gas_res"": 5984.664}]}",NULL,"2025-10-27 10:55:20.232264"
12149,"04a600b9b0b8","2025-10-27 10:43:34","tFEKIBGUvOSsYa37KvlT","{""bme688"": [{""temp"": 21.45916, ""step"": 6, ""status"": 1, ""pres"": 966.8484, ""meas_profile"": ""HP-8"", ""meas_id"": 8, ""hum"": 34.97648, ""gas_res"": 7441.86}, {""temp"": 21.42515, ""step"": 6, ""status"": 1, ""pres"": 967.0199, ""meas_profile"": ""HP-7"", ""meas_id"": 7, ""hum"": 34.84016, ""gas_res"": 9685.23}, {""temp"": 21.49995, ""step"": 6, ""status"": 1, ""pres"": 967.0947, ""meas_profile"": ""HP-6"", ""meas_id"": 6, ""hum"": 34.74113, ""gas_res"": 24128.18}, {""temp"": 21.38607, ""step"": 6, ""status"": 1, ""pres"": 966.8608, ""meas_profile"": ""HP-5"", ""meas_id"": 5, ""hum"": 34.93294, ""gas_res"": 96786.39}, {""temp"": 21.14845, ""step"": 6, ""status"": 1, ""pres"": 966.9528, ""meas_profile"": ""HP-4"", ""meas_id"": 4, ""hum"": 34.43978, ""gas_res"": 111522.5}, {""temp"": 21.31065, ""step"": 6, ""status"": 1, ""pres"": 966.5955, ""meas_profile"": ""HP-3"", ""meas_id"": 3, ""hum"": 34.9822, ""gas_res"": 41012.5}, {""temp"": 21.22394, ""step"": 6, ""status"": 1, ""pres"": 966.7088, ""meas_profile"": ""HP-2"", ""meas_id"": 2, ""hum"": 35.19058, ""gas_res"": 100000.0}, {""temp"": 20.98769, ""step"": 6, ""status"": 1, ""pres"": 966.7792, ""meas_profile"": ""HP-1"", ""meas_id"": 1, ""hum"": 33.59607, ""gas_res"": 83224.97}]}",NULL,"2025-10-27 10:55:21.622481"
12150,"04a600b9b0b8","2025-10-27 10:43:34","tFEKIBGUvOSsYa37KvlT","{""bme688"": [{""temp"": 21.45762, ""step"": 5, ""status"": 1, ""pres"": 966.8478, ""meas_profile"": ""HP-8"", ""meas_id"": 8, ""hum"": 34.97633, ""gas_res"": 7385.184}, {""temp"": 21.4236, ""step"": 5, ""status"": 1, ""pres"": 967.019, ""meas_profile"": ""HP-7"", ""meas_id"": 7, ""hum"": 34.84567, ""gas_res"": 9563.658}, {""temp"": 21.4984, ""step"": 5, ""status"": 1, ""pres"": 967.0939, ""meas_profile"": ""HP-6"", ""meas_id"": 6, ""hum"": 34.75823, ""gas_res"": 24114.54}, {""temp"": 21.3842, ""step"": 5, ""status"": 1, ""pres"": 966.8593, ""meas_profile"": ""HP-5"", ""meas_id"": 5, ""hum"": 34.93277, ""gas_res"": 97393.95}, {""temp"": 21.1469, ""step"": 5, ""status"": 1, ""pres"": 966.9517, ""meas_profile"": ""HP-4"", ""meas_id"": 4, ""hum"": 34.45114, ""gas_res"": 113299.4}, {""temp"": 21.3091, ""step"": 5, ""status"": 1, ""pres"": 966.5945, ""meas_profile"": ""HP-3"", ""meas_id"": 3, ""hum"": 34.96479, ""gas_res"": 40353.09}, {""temp"": 21.2227, ""step"": 5, ""status"": 1, ""pres"": 966.7085, ""meas_profile"": ""HP-2"", ""meas_id"": 2, ""hum"": 35.18477, ""gas_res"": 100000.0}, {""temp"": 20.98613, ""step"": 5, ""status"": 1, ""pres"": 966.7788, ""meas_profile"": ""HP-1"", ""meas_id"": 1, ""hum"": 33.5901, ""gas_res"": 80553.8}]}",NULL,"2025-10-27 10:55:22.814702"
12151,"04a600b9b0b8","2025-10-27 10:43:34","tFEKIBGUvOSsYa37KvlT","{""bme688"": [{""temp"": 21.45607, ""step"": 4, ""status"": 1, ""pres"": 966.8471, ""meas_profile"": ""HP-8"", ""meas_id"": 8, ""hum"": 34.98765, ""gas_res"": 7452.259}, {""temp"": 21.42205, ""step"": 4, ""status"": 1, ""pres"": 967.0199, ""meas_profile"": ""HP-7"", ""meas_id"": 7, ""hum"": 34.8512, ""gas_res"": 9538.003}, {""temp"": 21.49686, ""step"": 4, ""status"": 1, ""pres"": 967.0932, ""meas_profile"": ""HP-6"", ""meas_id"": 6, ""hum"": 34.76382, ""gas_res"": 24334.6}, {""temp"": 21.38263, ""step"": 4, ""status"": 1, ""pres"": 966.8586, ""meas_profile"": ""HP-5"", ""meas_id"": 5, ""hum"": 34.95534, ""gas_res"": 99552.79}, {""temp"": 21.14504, ""step"": 4, ""status"": 1, ""pres"": 966.952, ""meas_profile"": ""HP-4"", ""meas_id"": 4, ""hum"": 34.47396, ""gas_res"": 116469.5}, {""temp"": 21.30786, ""step"": 4, ""status"": 1, ""pres"": 966.5942, ""meas_profile"": ""HP-3"", ""meas_id"": 3, ""hum"": 34.98769, ""gas_res"": 40087.69}, {""temp"": 21.22114, ""step"": 4, ""status"": 1, ""pres"": 966.7076, ""meas_profile"": ""HP-2"", ""meas_id"": 2, ""hum"": 35.19031, ""gas_res"": 100000.0}, {""temp"": 20.98426, ""step"": 4, ""status"": 1, ""pres"": 966.7777, ""meas_profile"": ""HP-1"", ""meas_id"": 1, ""hum"": 33.61326, ""gas_res"": 79061.15}]}",NULL,"2025-10-27 10:55:24.08433"
12152,"04a600b9b0b8","2025-10-27 10:43:34","tFEKIBGUvOSsYa37KvlT","{""bme688"": [{""temp"": 21.45422, ""step"": 3, ""status"": 0, ""pres"": 966.8462, ""meas_profile"": ""HP-8"", ""meas_id"": 8, ""hum"": 34.99321, ""gas_res"": 5684.846}, {""temp"": 21.42019, ""step"": 3, ""status"": 0, ""pres"": 967.0185, ""meas_profile"": ""HP-7"", ""meas_id"": 7, ""hum"": 34.84536, ""gas_res"": 5928.122}, {""temp"": 21.49501, ""step"": 3, ""status"": 0, ""pres"": 967.0919, ""meas_profile"": ""HP-6"", ""meas_id"": 6, ""hum"": 34.76366, ""gas_res"": 13166.02}, {""temp"": 21.38076, ""step"": 3, ""status"": 0, ""pres"": 966.8572, ""meas_profile"": ""HP-5"", ""meas_id"": 5, ""hum"": 34.93245, ""gas_res"": 31785.45}, {""temp"": 21.14317, ""step"": 3, ""status"": 0, ""pres"": 966.9506, ""meas_profile"": ""HP-4"", ""meas_id"": 4, ""hum"": 34.45654, ""gas_res"": 35545.68}, {""temp"": 21.30601, ""step"": 3, ""status"": 0, ""pres"": 966.5929, ""meas_profile"": ""HP-3"", ""meas_id"": 3, ""hum"": 34.99903, ""gas_res"": 21607.02}, {""temp"": 21.21928, ""step"": 3, ""status"": 0, ""pres"": 966.7079, ""meas_profile"": ""HP-2"", ""meas_id"": 2, ""hum"": 35.21289, ""gas_res"": 32536.86}, {""temp"": 20.9824, ""step"": 3, ""status"": 0, ""pres"": 966.7765, ""meas_profile"": ""HP-1"", ""meas_id"": 1, ""hum"": 33.61893, ""gas_res"": 21872.86}]}",NULL,"2025-10-27 10:55:25.374037"
12153,"04a600b9b0b8","2025-10-27 10:43:34","tFEKIBGUvOSsYa37KvlT","{""bme688"": [{""temp"": 21.45237, ""step"": 2, ""status"": 1, ""pres"": 966.845, ""meas_profile"": ""HP-8"", ""meas_id"": 8, ""hum"": 34.97585, ""gas_res"": 12422.36}, {""temp"": 21.41863, ""step"": 2, ""status"": 1, ""pres"": 967.0192, ""meas_profile"": ""HP-7"", ""meas_id"": 7, ""hum"": 34.86221, ""gas_res"": 17021.28}, {""temp"": 21.49347, ""step"": 2, ""status"": 1, ""pres"": 967.0911, ""meas_profile"": ""HP-6"", ""meas_id"": 6, ""hum"": 34.7865, ""gas_res"": 52053.68}, {""temp"": 21.37919, ""step"": 2, ""status"": 1, ""pres"": 966.858, ""meas_profile"": ""HP-5"", ""meas_id"": 5, ""hum"": 34.96638, ""gas_res"": 153846.2}, {""temp"": 21.14162, ""step"": 2, ""status"": 1, ""pres"": 966.9498, ""meas_profile"": ""HP-4"", ""meas_id"": 4, ""hum"": 34.47364, ""gas_res"": 238472.3}, {""temp"": 21.30415, ""step"": 2, ""status"": 1, ""pres"": 966.5915, ""meas_profile"": ""HP-3"", ""meas_id"": 3, ""hum"": 34.99311, ""gas_res"": 108268.1}, {""temp"": 21.21773, ""step"": 2, ""status"": 1, ""pres"": 966.7053, ""meas_profile"": ""HP-2"", ""meas_id"": 2, ""hum"": 35.20706, ""gas_res"": 176795.6}, {""temp"": 20.98084, ""step"": 2, ""status"": 1, ""pres"": 966.776, ""meas_profile"": ""HP-1"", ""meas_id"": 1, ""hum"": 33.63047, ""gas_res"": 133611.7}]}",NULL,"2025-10-27 10:55:26.754275"
12154,"04a600b9b0b8","2025-10-27 10:43:34","tFEKIBGUvOSsYa37KvlT","{""bme688"": [{""temp"": 21.45082, ""step"": 1, ""status"": 1, ""pres"": 966.8441, ""meas_profile"": ""HP-8"", ""meas_id"": 8, ""hum"": 34.99862, ""gas_res"": 6583.008}, {""temp"": 21.41708, ""step"": 1, ""status"": 1, ""pres"": 967.0184, ""meas_profile"": ""HP-7"", ""meas_id"": 7, ""hum"": 34.8734, ""gas_res"": 6583.008}, {""temp"": 21.49223, ""step"": 1, ""status"": 1, ""pres"": 967.0908, ""meas_profile"": ""HP-6"", ""meas_id"": 6, ""hum"": 34.77489, ""gas_res"": 22237.67}, {""temp"": 21.37763, ""step"": 1, ""status"": 1, ""pres"": 966.8571, ""meas_profile"": ""HP-5"", ""meas_id"": 5, ""hum"": 34.96055, ""gas_res"": 30932.82}, {""temp"": 21.14007, ""step"": 1, ""status"": 1, ""pres"": 966.9504, ""meas_profile"": ""HP-4"", ""meas_id"": 4, ""hum"": 34.49074, ""gas_res"": 34178.91}, {""temp"": 21.30292, ""step"": 1, ""status"": 1, ""pres"": 966.591, ""meas_profile"": ""HP-3"", ""meas_id"": 3, ""hum"": 34.99874, ""gas_res"": 25000.0}, {""temp"": 21.21618, ""step"": 1, ""status"": 1, ""pres"": 966.7062, ""meas_profile"": ""HP-2"", ""meas_id"": 2, ""hum"": 35.22398, ""gas_res"": 27503.22}, {""temp"": 20.97929, ""step"": 1, ""status"": 1, ""pres"": 966.7755, ""meas_profile"": ""HP-1"", ""meas_id"": 1, ""hum"": 33.62449, ""gas_res"": 25000.0}]}",NULL,"2025-10-27 10:55:27.917265"
12155,"04a600b9b0b8","2025-10-27 10:43:34","tFEKIBGUvOSsYa37KvlT","{""bme688"": [{""temp"": 21.44928, ""step"": 0, ""status"": 1, ""pres"": 966.8435, ""meas_profile"": ""HP-8"", ""meas_id"": 8, ""hum"": 35.00994, ""gas_res"": 5684.846}, {""temp"": 21.41522, ""step"": 0, ""status"": 1, ""pres"": 967.0187, ""meas_profile"": ""HP-7"", ""meas_id"": 7, ""hum"": 34.86189, ""gas_res"": 5684.846}, {""temp"": 21.49069, ""step"": 0, ""status"": 1, ""pres"": 967.0901, ""meas_profile"": ""HP-6"", ""meas_id"": 6, ""hum"": 34.78624, ""gas_res"": 6424.413}, {""temp"": 21.37638, ""step"": 0, ""status"": 1, ""pres"": 966.8567, ""meas_profile"": ""HP-5"", ""meas_id"": 5, ""hum"": 34.96044, ""gas_res"": 25000.0}, {""temp"": 21.13883, ""step"": 0, ""status"": 1, ""pres"": 966.9501, ""meas_profile"": ""HP-4"", ""meas_id"": 4, ""hum"": 34.48489, ""gas_res"": 22168.34}, {""temp"": 21.30137, ""step"": 0, ""status"": 1, ""pres"": 966.5921, ""meas_profile"": ""HP-3"", ""meas_id"": 3, ""hum"": 35.00435, ""gas_res"": 7846.984}, {""temp"": 21.21493, ""step"": 0, ""status"": 1, ""pres"": 966.7059, ""meas_profile"": ""HP-2"", ""meas_id"": 2, ""hum"": 35.22955, ""gas_res"": 6911.447}, {""temp"": 20.97773, ""step"": 0, ""status"": 1, ""pres"": 966.7748, ""meas_profile"": ""HP-1"", ""meas_id"": 1, ""hum"": 33.62435, ""gas_res"": 5866.178}]}",NULL,"2025-10-27 10:55:29.199569"
