"id","box_id","ts","measurement_id","measurement_data","description","created_at"
12629,"04a600b9b0b8","2025-10-27 12:48:52","1o7IqB3binTlPffd8v5Y","{""zphs01b"": {""voc"": 0, ""temp"": 18.6, ""pm2_5"": 0, ""pm1_0"": 0, ""pm10"": 362, ""o3"": 0.41, ""no2"": 4.1, ""hum"": 0, ""fmhd"": 0, ""co2"": 5000, ""co"": 0.0}, ""smell_b"": {}, ""sfa30"": {""temp"": 21.275, ""hum"": 36.05, ""fmhd"": 15.0}, ""sen5x"": {""voc"": 125.0, ""temp"": 21.655, ""pm4_0"": 4425.4, ""pm2_5"": 4425.4, ""pm1_0"": 4219.9, ""pm10"": 4425.4, ""nox"": 1.0, ""mass_c"": 4374.025, ""hum"": 40.14}, ""scd41"": {""temp"": 20.47112, ""hum"": 39.55444, ""co2"": 634}, ""power_source"": 0, ""mics6814"": {""red_res"": 0, ""no2_res"": 0, ""no2"": 0.17, ""nh3_res"": 0, ""nh3"": 0.73, ""co_res"": 0, ""co"": 44.0}}",NULL,"2025-10-27 12:49:35.478642"
12630,"04a600b9b0b8","2025-10-27 12:48:52","1o7IqB3binTlPffd8v5Y","{""bme688"": [{""temp"": 21.25965, ""step"": 9, ""status"": 1, ""pres"": 966.313, ""meas_profile"": ""HP-8"", ""meas_id"": 8, ""hum"": 35.60093, ""gas_res"": 5684.846}, {""temp"": 21.21959, ""step"": 9, ""status"": 1, ""pres"": 966.4233, ""meas_profile"": ""HP-7"", ""meas_id"": 7, ""hum"": 35.49638, ""gas_res"": 5684.846}, {""temp"": 21.30578, ""step"": 9, ""status"": 1, ""pres"": 966.6397, ""meas_profile"": ""HP-6"", ""meas_id"": 6, ""hum"": 35.38503, ""gas_res"": 7254.591}, {""temp"": 21.19188, ""step"": 9, ""status"": 1, ""pres"": 966.3702, ""meas_profile"": ""HP-5"", ""meas_id"": 5, ""hum"": 35.60904, ""gas_res"": 21220.16}, {""temp"": 20.99004, ""step"": 9, ""status"": 1, ""pres"": 966.4836, ""meas_profile"": ""HP-4"", ""meas_id"": 4, ""hum"": 35.0528, ""gas_res"": 18385.52}, {""temp"": 21.16778, ""step"": 9, ""status"": 1, ""pres"": 966.1276, ""meas_profile"": ""HP-3"", ""meas_id"": 3, ""hum"": 35.59711, ""gas_res"": 6753.905}, {""temp"": 21.08296, ""step"": 9, ""status"": 1, ""pres"": 966.1972, ""meas_profile"": ""HP-2"", ""meas_id"": 2, ""hum"": 35.81557, ""gas_res"": 8456.659}, {""temp"": 20.85574, ""step"": 9, ""status"": 1, ""pres"": 966.2631, ""meas_profile"": ""HP-1"", ""meas_id"": 1, ""hum"": 34.1394, ""gas_res"": 6753.905}]}",NULL,"2025-10-27 12:49:36.759412"
12631,"04a600b9b0b8","2025-10-27 12:48:52","1o7IqB3binTlPffd8v5Y","{""bme688"": [{""temp"": 21.25934, ""step"": 8, ""status"": 1, ""pres"": 966.3126, ""meas_profile"": ""HP-8"", ""meas_id"": 8, ""hum"": 35.62392, ""gas_res"": 5684.846}, {""temp"": 21.21897, ""step"": 8, ""status"": 1, ""pres"": 966.4224, ""meas_profile"": ""HP-7"", ""meas_id"": 7, ""hum"": 35.49064, ""gas_res"": 5684.846}, {""temp"": 21.30547, ""step"": 8, ""status"": 1, ""pres"": 966.6409, ""meas_profile"": ""HP-6"", ""meas_id"": 6, ""hum"": 35.40808, ""gas_res"": 7395.424}, {""temp"": 21.19188, ""step"": 8, ""status"": 1, ""pres"": 966.3702, ""meas_profile"": ""HP-5"", ""meas_id"": 5, ""hum"": 35.59763, ""gas_res"": 19619.87}, {""temp"": 20.99004, ""step"": 8, ""status"": 1, ""pres"": 966.4836, ""meas_profile"": ""HP-4"", ""meas_id"": 4, ""hum"": 35.06434, ""gas_res"": 11602.61}, {""temp"": 21.16778, ""step"": 8, ""status"": 1, ""pres"": 966.1276, ""meas_profile"": ""HP-3"", ""meas_id"": 3, ""hum"": 35.61443, ""gas_res"": 6295.495}, {""temp"": 21.08265, ""step"": 8, ""status"": 1, ""pres"": 966.1967, ""meas_profile"": ""HP-2"", ""meas_id"": 2, ""hum"": 35.82696, ""gas_res"": 6008.261}, {""temp"": 20.85574, ""step"": 8, ""status"": 1, ""pres"": 966.2631, ""meas_profile"": ""HP-1"", ""meas_id"": 1, ""hum"": 34.14526, ""gas_res"": 6762.468}]}",NULL,"2025-10-27 12:49:38.473689"
12632,"04a600b9b0b8","2025-10-27 12:48:52","1o7IqB3binTlPffd8v5Y","{""bme688"": [{""temp"": 21.25872, ""step"": 7, ""status"": 1, ""pres"": 966.3117, ""meas_profile"": ""HP-8"", ""meas_id"": 8, ""hum"": 35.61811, ""gas_res"": 5684.846}, {""temp"": 21.21866, ""step"": 7, ""status"": 1, ""pres"": 966.4201, ""meas_profile"": ""HP-7"", ""meas_id"": 7, ""hum"": 35.4963, ""gas_res"": 5684.846}, {""temp"": 21.30516, ""step"": 7, ""status"": 1, ""pres"": 966.6404, ""meas_profile"": ""HP-6"", ""meas_id"": 6, ""hum"": 35.43113, ""gas_res"": 7210.455}, {""temp"": 21.19188, ""step"": 7, ""status"": 1, ""pres"": 966.3702, ""meas_profile"": ""HP-5"", ""meas_id"": 5, ""hum"": 35.60904, ""gas_res"": 19024.97}, {""temp"": 20.99035, ""step"": 7, ""status"": 1, ""pres"": 966.4841, ""meas_profile"": ""HP-4"", ""meas_id"": 4, ""hum"": 35.07591, ""gas_res"": 10302.64}, {""temp"": 21.16778, ""step"": 7, ""status"": 1, ""pres"": 966.1276, ""meas_profile"": ""HP-3"", ""meas_id"": 3, ""hum"": 35.64332, ""gas_res"": 7531.184}, {""temp"": 21.08265, ""step"": 7, ""status"": 1, ""pres"": 966.1967, ""meas_profile"": ""HP-2"", ""meas_id"": 2, ""hum"": 35.80412, ""gas_res"": 7905.138}, {""temp"": 20.85574, ""step"": 7, ""status"": 1, ""pres"": 966.2631, ""meas_profile"": ""HP-1"", ""meas_id"": 1, ""hum"": 34.15697, ""gas_res"": 6374.502}]}",NULL,"2025-10-27 12:49:39.776469"
12633,"04a600b9b0b8","2025-10-27 12:48:52","1o7IqB3binTlPffd8v5Y","{""bme688"": [{""temp"": 21.25872, ""step"": 6, ""status"": 1, ""pres"": 966.3117, ""meas_profile"": ""HP-8"", ""meas_id"": 8, ""hum"": 35.64688, ""gas_res"": 8620.689}, {""temp"": 21.21866, ""step"": 6, ""status"": 1, ""pres"": 966.4201, ""meas_profile"": ""HP-7"", ""meas_id"": 7, ""hum"": 35.4963, ""gas_res"": 10847.46}, {""temp"": 21.30516, ""step"": 6, ""status"": 1, ""pres"": 966.6404, ""meas_profile"": ""HP-6"", ""meas_id"": 6, ""hum"": 35.42536, ""gas_res"": 26727.92}, {""temp"": 21.19157, ""step"": 6, ""status"": 1, ""pres"": 966.3696, ""meas_profile"": ""HP-5"", ""meas_id"": 5, ""hum"": 35.62613, ""gas_res"": 95754.63}, {""temp"": 20.99004, ""step"": 6, ""status"": 1, ""pres"": 966.4836, ""meas_profile"": ""HP-4"", ""meas_id"": 4, ""hum"": 35.08743, ""gas_res"": 107450.2}, {""temp"": 21.16778, ""step"": 6, ""status"": 1, ""pres"": 966.1276, ""meas_profile"": ""HP-3"", ""meas_id"": 3, ""hum"": 35.63176, ""gas_res"": 39937.6}, {""temp"": 21.08265, ""step"": 6, ""status"": 1, ""pres"": 966.1949, ""meas_profile"": ""HP-2"", ""meas_id"": 2, ""hum"": 35.84409, ""gas_res"": 100000.0}, {""temp"": 20.85574, ""step"": 6, ""status"": 1, ""pres"": 966.2631, ""meas_profile"": ""HP-1"", ""meas_id"": 1, ""hum"": 34.16868, ""gas_res"": 86166.27}]}",NULL,"2025-10-27 12:49:41.050858"
12634,"04a600b9b0b8","2025-10-27 12:48:52","1o7IqB3binTlPffd8v5Y","{""bme688"": [{""temp"": 21.25872, ""step"": 5, ""status"": 1, ""pres"": 966.3117, ""meas_profile"": ""HP-8"", ""meas_id"": 8, ""hum"": 35.64688, ""gas_res"": 8572.194}, {""temp"": 21.21897, ""step"": 5, ""status"": 1, ""pres"": 966.4207, ""meas_profile"": ""HP-7"", ""meas_id"": 7, ""hum"": 35.53046, ""gas_res"": 10792.58}, {""temp"": 21.30516, ""step"": 5, ""status"": 1, ""pres"": 966.6404, ""meas_profile"": ""HP-6"", ""meas_id"": 6, ""hum"": 35.4369, ""gas_res"": 26896.41}, {""temp"": 21.19157, ""step"": 5, ""status"": 1, ""pres"": 966.3696, ""meas_profile"": ""HP-5"", ""meas_id"": 5, ""hum"": 35.65465, ""gas_res"": 96786.39}, {""temp"": 20.98973, ""step"": 5, ""status"": 1, ""pres"": 966.4832, ""meas_profile"": ""HP-4"", ""meas_id"": 4, ""hum"": 35.11626, ""gas_res"": 109871.2}, {""temp"": 21.16809, ""step"": 5, ""status"": 1, ""pres"": 966.1281, ""meas_profile"": ""HP-3"", ""meas_id"": 3, ""hum"": 35.6549, ""gas_res"": 39095.91}, {""temp"": 21.08296, ""step"": 5, ""status"": 1, ""pres"": 966.1954, ""meas_profile"": ""HP-2"", ""meas_id"": 2, ""hum"": 35.85555, ""gas_res"": 100000.0}, {""temp"": 20.85574, ""step"": 5, ""status"": 1, ""pres"": 966.2614, ""meas_profile"": ""HP-1"", ""meas_id"": 1, ""hum"": 34.1804, ""gas_res"": 83224.97}]}",NULL,"2025-10-27 12:49:42.426039"
12635,"04a600b9b0b8","2025-10-27 12:48:52","1o7IqB3binTlPffd8v5Y","{""bme688"": [{""temp"": 21.25841, ""step"": 4, ""status"": 1, ""pres"": 966.3094, ""meas_profile"": ""HP-8"", ""meas_id"": 8, ""hum"": 35.66988, ""gas_res"": 8510.639}, {""temp"": 21.21897, ""step"": 4, ""status"": 1, ""pres"": 966.4207, ""meas_profile"": ""HP-7"", ""meas_id"": 7, ""hum"": 35.54184, ""gas_res"": 10663.11}, {""temp"": 21.30485, ""step"": 4, ""status"": 1, ""pres"": 966.6398, ""meas_profile"": ""HP-6"", ""meas_id"": 6, ""hum"": 35.45418, ""gas_res"": 27135.89}, {""temp"": 21.19125, ""step"": 4, ""status"": 1, ""pres"": 966.3691, ""meas_profile"": ""HP-5"", ""meas_id"": 5, ""hum"": 35.6432, ""gas_res"": 99902.44}, {""temp"": 20.98973, ""step"": 4, ""status"": 1, ""pres"": 966.4832, ""meas_profile"": ""HP-4"", ""meas_id"": 4, ""hum"": 35.11626, ""gas_res"": 115289.4}, {""temp"": 21.1684, ""step"": 4, ""status"": 1, ""pres"": 966.1285, ""meas_profile"": ""HP-3"", ""meas_id"": 3, ""hum"": 35.65493, ""gas_res"": 37713.61}, {""temp"": 21.08296, ""step"": 4, ""status"": 1, ""pres"": 966.1954, ""meas_profile"": ""HP-2"", ""meas_id"": 2, ""hum"": 35.83841, ""gas_res"": 100000.0}, {""temp"": 20.85574, ""step"": 4, ""status"": 1, ""pres"": 966.2614, ""meas_profile"": ""HP-1"", ""meas_id"": 1, ""hum"": 34.16868, ""gas_res"": 46817.85}]}",NULL,"2025-10-27 12:49:43.612736"
12636,"04a600b9b0b8","2025-10-27 12:48:52","1o7IqB3binTlPffd8v5Y","{""bme688"": [{""temp"": 21.25841, ""step"": 3, ""status"": 1, ""pres"": 966.3094, ""meas_profile"": ""HP-8"", ""meas_id"": 8, ""hum"": 35.68139, ""gas_res"": 20685.2}, {""temp"": 21.21897, ""step"": 3, ""status"": 1, ""pres"": 966.419, ""meas_profile"": ""HP-7"", ""meas_id"": 7, ""hum"": 35.56461, ""gas_res"": 29459.15}, {""temp"": 21.30485, ""step"": 3, ""status"": 1, ""pres"": 966.6398, ""meas_profile"": ""HP-6"", ""meas_id"": 6, ""hum"": 35.45995, ""gas_res"": 110297.3}, {""temp"": 21.19125, ""step"": 3, ""status"": 1, ""pres"": 966.3691, ""meas_profile"": ""HP-5"", ""meas_id"": 5, ""hum"": 35.65461, ""gas_res"": 306311.7}, {""temp"": 20.98942, ""step"": 3, ""status"": 1, ""pres"": 966.4826, ""meas_profile"": ""HP-4"", ""meas_id"": 4, ""hum"": 35.13354, ""gas_res"": 483018.9}, {""temp"": 21.1684, ""step"": 3, ""status"": 1, ""pres"": 966.1285, ""meas_profile"": ""HP-3"", ""meas_id"": 3, ""hum"": 35.66071, ""gas_res"": 222174.0}, {""temp"": 21.08296, ""step"": 3, ""status"": 1, ""pres"": 966.1954, ""meas_profile"": ""HP-2"", ""meas_id"": 2, ""hum"": 35.86126, ""gas_res"": 431976.4}, {""temp"": 20.85574, ""step"": 3, ""status"": 1, ""pres"": 966.2614, ""meas_profile"": ""HP-1"", ""meas_id"": 1, ""hum"": 34.1804, ""gas_res"": 300381.3}]}",NULL,"2025-10-27 12:49:44.874442"
12637,"04a600b9b0b8","2025-10-27 12:48:52","1o7IqB3binTlPffd8v5Y","{""bme688"": [{""temp"": 21.25841, ""step"": 2, ""status"": 1, ""pres"": 966.3094, ""meas_profile"": ""HP-8"", ""meas_id"": 8, ""hum"": 35.68715, ""gas_res"": 22735.35}, {""temp"": 21.21866, ""step"": 2, ""status"": 1, ""pres"": 966.4185, ""meas_profile"": ""HP-7"", ""meas_id"": 7, ""hum"": 35.5532, ""gas_res"": 31527.09}, {""temp"": 21.30485, ""step"": 2, ""status"": 1, ""pres"": 966.6398, ""meas_profile"": ""HP-6"", ""meas_id"": 6, ""hum"": 35.45995, ""gas_res"": 133926.2}, {""temp"": 21.19094, ""step"": 2, ""status"": 1, ""pres"": 966.3687, ""meas_profile"": ""HP-5"", ""meas_id"": 5, ""hum"": 35.64888, ""gas_res"": 412155.4}, {""temp"": 20.98911, ""step"": 2, ""status"": 1, ""pres"": 966.4821, ""meas_profile"": ""HP-4"", ""meas_id"": 4, ""hum"": 35.13352, ""gas_res"": 605022.2}, {""temp"": 21.1684, ""step"": 2, ""status"": 1, ""pres"": 966.1285, ""meas_profile"": ""HP-3"", ""meas_id"": 3, ""hum"": 35.66071, ""gas_res"": 279705.0}, {""temp"": 21.08265, ""step"": 2, ""status"": 1, ""pres"": 966.1949, ""meas_profile"": ""HP-2"", ""meas_id"": 2, ""hum"": 35.86694, ""gas_res"": 491362.8}, {""temp"": 20.85574, ""step"": 2, ""status"": 1, ""pres"": 966.2614, ""meas_profile"": ""HP-1"", ""meas_id"": 1, ""hum"": 34.19211, ""gas_res"": 384240.2}]}",NULL,"2025-10-27 12:49:46.161148"
12638,"04a600b9b0b8","2025-10-27 12:48:52","1o7IqB3binTlPffd8v5Y","{""bme688"": [{""temp"": 21.2581, ""step"": 1, ""status"": 1, ""pres"": 966.3089, ""meas_profile"": ""HP-8"", ""meas_id"": 8, ""hum"": 35.68137, ""gas_res"": 6681.979}, {""temp"": 21.21866, ""step"": 1, ""status"": 1, ""pres"": 966.4185, ""meas_profile"": ""HP-7"", ""meas_id"": 7, ""hum"": 35.55889, ""gas_res"": 6587.073}, {""temp"": 21.30485, ""step"": 1, ""status"": 1, ""pres"": 966.6398, ""meas_profile"": ""HP-6"", ""meas_id"": 6, ""hum"": 35.47727, ""gas_res"": 22590.89}, {""temp"": 21.19125, ""step"": 1, ""status"": 1, ""pres"": 966.3691, ""meas_profile"": ""HP-5"", ""meas_id"": 5, ""hum"": 35.67744, ""gas_res"": 29137.26}, {""temp"": 20.98942, ""step"": 1, ""status"": 1, ""pres"": 966.4826, ""meas_profile"": ""HP-4"", ""meas_id"": 4, ""hum"": 35.122, ""gas_res"": 32339.57}, {""temp"": 21.16871, ""step"": 1, ""status"": 1, ""pres"": 966.129, ""meas_profile"": ""HP-3"", ""meas_id"": 3, ""hum"": 35.65496, ""gas_res"": 25000.0}, {""temp"": 21.08296, ""step"": 1, ""status"": 1, ""pres"": 966.1937, ""meas_profile"": ""HP-2"", ""meas_id"": 2, ""hum"": 35.87268, ""gas_res"": 27592.15}, {""temp"": 20.85605, ""step"": 1, ""status"": 1, ""pres"": 966.2617, ""meas_profile"": ""HP-1"", ""meas_id"": 1, ""hum"": 34.18628, ""gas_res"": 25000.0}]}",NULL,"2025-10-27 12:49:47.535834"
12639,"04a600b9b0b8","2025-10-27 12:48:52","1o7IqB3binTlPffd8v5Y","{""bme688"": [{""temp"": 21.25779, ""step"": 0, ""status"": 1, ""pres"": 966.3083, ""meas_profile"": ""HP-8"", ""meas_id"": 8, ""hum"": 35.68134, ""gas_res"": 5684.846}, {""temp"": 21.21835, ""step"": 0, ""status"": 1, ""pres"": 966.4178, ""meas_profile"": ""HP-7"", ""meas_id"": 7, ""hum"": 35.55886, ""gas_res"": 5684.846}, {""temp"": 21.30485, ""step"": 0, ""status"": 1, ""pres"": 966.6415, ""meas_profile"": ""HP-6"", ""meas_id"": 6, ""hum"": 35.45995, ""gas_res"": 7299.27}, {""temp"": 21.19125, ""step"": 0, ""status"": 1, ""pres"": 966.3691, ""meas_profile"": ""HP-5"", ""meas_id"": 5, ""hum"": 35.67173, ""gas_res"": 18610.06}, {""temp"": 20.98942, ""step"": 0, ""status"": 1, ""pres"": 966.4826, ""meas_profile"": ""HP-4"", ""meas_id"": 4, ""hum"": 35.13932, ""gas_res"": 10536.71}, {""temp"": 21.16871, ""step"": 0, ""status"": 1, ""pres"": 966.129, ""meas_profile"": ""HP-3"", ""meas_id"": 3, ""hum"": 35.67229, ""gas_res"": 7339.45}, {""temp"": 21.08265, ""step"": 0, ""status"": 1, ""pres"": 966.1933, ""meas_profile"": ""HP-2"", ""meas_id"": 2, ""hum"": 35.87836, ""gas_res"": 7483.629}, {""temp"": 20.85605, ""step"": 0, ""status"": 1, ""pres"": 966.2599, ""meas_profile"": ""HP-1"", ""meas_id"": 1, ""hum"": 34.19213, ""gas_res"": 6062.903}]}",NULL,"2025-10-27 12:49:48.725882"
12640,"04a600b9b0b8","2025-10-27 12:48:09","1o7IqB3binTlPffd8v5Y","{""zphs01b"": {""voc"": 0, ""temp"": 18.5, ""pm2_5"": 0, ""pm1_0"": 0, ""pm10"": 341, ""o3"": 0.4, ""no2"": 10.0, ""hum"": 0, ""fmhd"": 0, ""co2"": 5000, ""co"": 0.0}, ""smell_b"": {}, ""sfa30"": {""temp"": 21.255, ""hum"": 36.14, ""fmhd"": 15.8}, ""sen5x"": {""voc"": 72.0, ""temp"": 21.76, ""pm4_0"": 4278.1, ""pm2_5"": 4278.1, ""pm1_0"": 4079.4, ""pm10"": 4278.1, ""nox"": 1.0, ""mass_c"": 4228.425, ""hum"": 39.81}, ""scd41"": {""temp"": 20.626, ""hum"": 38.65416, ""co2"": 618}, ""power_source"": 0, ""mics6814"": {""red_res"": 0, ""no2_res"": 0, ""no2"": 0.17, ""nh3_res"": 0, ""nh3"": 0.73, ""co_res"": 0, ""co"": 44.0}}",NULL,"2025-10-27 12:49:49.901194"
12641,"04a600b9b0b8","2025-10-27 12:48:09","1o7IqB3binTlPffd8v5Y","{""bme688"": [{""temp"": 21.25748, ""step"": 9, ""status"": 1, ""pres"": 966.3063, ""meas_profile"": ""HP-8"", ""meas_id"": 8, ""hum"": 35.7101, ""gas_res"": 5684.846}, {""temp"": 21.21804, ""step"": 9, ""status"": 1, ""pres"": 966.4156, ""meas_profile"": ""HP-7"", ""meas_id"": 7, ""hum"": 35.58729, ""gas_res"": 5684.846}, {""temp"": 21.30454, ""step"": 9, ""status"": 1, ""pres"": 966.641, ""meas_profile"": ""HP-6"", ""meas_id"": 6, ""hum"": 35.48879, ""gas_res"": 6211.18}, {""temp"": 21.19125, ""step"": 9, ""status"": 1, ""pres"": 966.3674, ""meas_profile"": ""HP-5"", ""meas_id"": 5, ""hum"": 35.70026, ""gas_res"": 11678.83}, {""temp"": 20.98942, ""step"": 9, ""status"": 1, ""pres"": 966.4826, ""meas_profile"": ""HP-4"", ""meas_id"": 4, ""hum"": 35.16241, ""gas_res"": 9445.101}, {""temp"": 21.1684, ""step"": 9, ""status"": 1, ""pres"": 966.1285, ""meas_profile"": ""HP-3"", ""meas_id"": 3, ""hum"": 35.70116, ""gas_res"": 6783.973}, {""temp"": 21.08265, ""step"": 9, ""status"": 1, ""pres"": 966.1933, ""meas_profile"": ""HP-2"", ""meas_id"": 2, ""hum"": 35.88408, ""gas_res"": 6447.713}, {""temp"": 20.85605, ""step"": 9, ""status"": 1, ""pres"": 966.2599, ""meas_profile"": ""HP-1"", ""meas_id"": 1, ""hum"": 34.21557, ""gas_res"": 6933.911}]}",NULL,"2025-10-27 12:49:51.284468"
12642,"04a600b9b0b8","2025-10-27 12:48:09","1o7IqB3binTlPffd8v5Y","{""bme688"": [{""temp"": 21.25718, ""step"": 8, ""status"": 1, ""pres"": 966.3057, ""meas_profile"": ""HP-8"", ""meas_id"": 8, ""hum"": 35.7331, ""gas_res"": 5684.846}, {""temp"": 21.21742, ""step"": 8, ""status"": 1, ""pres"": 966.4146, ""meas_profile"": ""HP-7"", ""meas_id"": 7, ""hum"": 35.59861, ""gas_res"": 5684.846}, {""temp"": 21.30454, ""step"": 8, ""status"": 1, ""pres"": 966.641, ""meas_profile"": ""HP-6"", ""meas_id"": 6, ""hum"": 35.52343, ""gas_res"": 6262.231}, {""temp"": 21.19157, ""step"": 8, ""status"": 1, ""pres"": 966.368, ""meas_profile"": ""HP-5"", ""meas_id"": 5, ""hum"": 35.68888, ""gas_res"": 10663.11}, {""temp"": 20.98973, ""step"": 8, ""status"": 1, ""pres"": 966.4832, ""meas_profile"": ""HP-4"", ""meas_id"": 4, ""hum"": 35.19709, ""gas_res"": 8634.646}, {""temp"": 21.1684, ""step"": 8, ""status"": 1, ""pres"": 966.1285, ""meas_profile"": ""HP-3"", ""meas_id"": 3, ""hum"": 35.70116, ""gas_res"": 5859.732}, {""temp"": 21.08265, ""step"": 8, ""status"": 1, ""pres"": 966.1933, ""meas_profile"": ""HP-2"", ""meas_id"": 2, ""hum"": 35.90693, ""gas_res"": 6111.536}, {""temp"": 20.85605, ""step"": 8, ""status"": 1, ""pres"": 966.2581, ""meas_profile"": ""HP-1"", ""meas_id"": 1, ""hum"": 34.22729, ""gas_res"": 6459.427}]}",NULL,"2025-10-27 12:49:52.653978"
12643,"04a600b9b0b8","2025-10-27 12:48:09","1o7IqB3binTlPffd8v5Y","{""bme688"": [{""temp"": 21.25686, ""step"": 7, ""status"": 1, ""pres"": 966.3052, ""meas_profile"": ""HP-8"", ""meas_id"": 8, ""hum"": 35.75035, ""gas_res"": 5684.846}, {""temp"": 21.21711, ""step"": 7, ""status"": 1, ""pres"": 966.4125, ""meas_profile"": ""HP-7"", ""meas_id"": 7, ""hum"": 35.62704, ""gas_res"": 5684.846}, {""temp"": 21.30423, ""step"": 7, ""status"": 1, ""pres"": 966.6406, ""meas_profile"": ""HP-6"", ""meas_id"": 6, ""hum"": 35.52917, ""gas_res"": 7385.184}, {""temp"": 21.19188, ""step"": 7, ""status"": 1, ""pres"": 966.3685, ""meas_profile"": ""HP-5"", ""meas_id"": 5, ""hum"": 35.72887, ""gas_res"": 9512.485}, {""temp"": 20.99004, ""step"": 7, ""status"": 1, ""pres"": 966.4852, ""meas_profile"": ""HP-4"", ""meas_id"": 4, ""hum"": 35.18557, ""gas_res"": 7531.184}, {""temp"": 21.16809, ""step"": 7, ""status"": 1, ""pres"": 966.1281, ""meas_profile"": ""HP-3"", ""meas_id"": 3, ""hum"": 35.71848, ""gas_res"": 5684.846}, {""temp"": 21.08265, ""step"": 7, ""status"": 1, ""pres"": 966.1933, ""meas_profile"": ""HP-2"", ""meas_id"": 2, ""hum"": 35.90693, ""gas_res"": 6677.796}, {""temp"": 20.85574, ""step"": 7, ""status"": 1, ""pres"": 966.2578, ""meas_profile"": ""HP-1"", ""meas_id"": 1, ""hum"": 34.23898, ""gas_res"": 5684.846}]}",NULL,"2025-10-27 12:49:53.850402"
12644,"04a600b9b0b8","2025-10-27 12:48:09","1o7IqB3binTlPffd8v5Y","{""bme688"": [{""temp"": 21.25686, ""step"": 6, ""status"": 1, ""pres"": 966.3052, ""meas_profile"": ""HP-8"", ""meas_id"": 8, ""hum"": 35.76187, ""gas_res"": 8620.689}, {""temp"": 21.21742, ""step"": 6, ""status"": 1, ""pres"": 966.413, ""meas_profile"": ""HP-7"", ""meas_id"": 7, ""hum"": 35.63845, ""gas_res"": 10433.65}, {""temp"": 21.30454, ""step"": 6, ""status"": 1, ""pres"": 966.641, ""meas_profile"": ""HP-6"", ""meas_id"": 6, ""hum"": 35.53498, ""gas_res"": 25000.0}, {""temp"": 21.19157, ""step"": 6, ""status"": 1, ""pres"": 966.368, ""meas_profile"": ""HP-5"", ""meas_id"": 5, ""hum"": 35.74596, ""gas_res"": 78769.23}, {""temp"": 20.98973, ""step"": 6, ""status"": 1, ""pres"": 966.4849, ""meas_profile"": ""HP-4"", ""meas_id"": 4, ""hum"": 35.2202, ""gas_res"": 83306.22}, {""temp"": 21.16809, ""step"": 6, ""status"": 1, ""pres"": 966.1281, ""meas_profile"": ""HP-3"", ""meas_id"": 3, ""hum"": 35.73003, ""gas_res"": 23871.69}, {""temp"": 21.08265, ""step"": 6, ""status"": 1, ""pres"": 966.1916, ""meas_profile"": ""HP-2"", ""meas_id"": 2, ""hum"": 35.91836, ""gas_res"": 35106.96}, {""temp"": 20.85605, ""step"": 6, ""status"": 1, ""pres"": 966.2581, ""meas_profile"": ""HP-1"", ""meas_id"": 1, ""hum"": 34.26244, ""gas_res"": 29479.5}]}",NULL,"2025-10-27 12:49:55.127273"
12645,"04a600b9b0b8","2025-10-27 12:48:09","1o7IqB3binTlPffd8v5Y","{""bme688"": [{""temp"": 21.25686, ""step"": 5, ""status"": 1, ""pres"": 966.3052, ""meas_profile"": ""HP-8"", ""meas_id"": 8, ""hum"": 35.77916, ""gas_res"": 8798.46}, {""temp"": 21.21742, ""step"": 5, ""status"": 1, ""pres"": 966.413, ""meas_profile"": ""HP-7"", ""meas_id"": 7, ""hum"": 35.65554, ""gas_res"": 10641.84}, {""temp"": 21.30485, ""step"": 5, ""status"": 1, ""pres"": 966.6415, ""meas_profile"": ""HP-6"", ""meas_id"": 6, ""hum"": 35.55811, ""gas_res"": 25000.0}, {""temp"": 21.19157, ""step"": 5, ""status"": 1, ""pres"": 966.368, ""meas_profile"": ""HP-5"", ""meas_id"": 5, ""hum"": 35.75738, ""gas_res"": 80100.13}, {""temp"": 20.98973, ""step"": 5, ""status"": 1, ""pres"": 966.4849, ""meas_profile"": ""HP-4"", ""meas_id"": 4, ""hum"": 35.20864, ""gas_res"": 82262.21}, {""temp"": 21.1684, ""step"": 5, ""status"": 1, ""pres"": 966.1285, ""meas_profile"": ""HP-3"", ""meas_id"": 3, ""hum"": 35.7185, ""gas_res"": 25000.0}, {""temp"": 21.08296, ""step"": 5, ""status"": 1, ""pres"": 966.192, ""meas_profile"": ""HP-2"", ""meas_id"": 2, ""hum"": 35.9241, ""gas_res"": 33350.7}, {""temp"": 20.85605, ""step"": 5, ""status"": 1, ""pres"": 966.2563, ""meas_profile"": ""HP-1"", ""meas_id"": 1, ""hum"": 34.25072, ""gas_res"": 27574.32}]}",NULL,"2025-10-27 12:49:56.407769"
12646,"04a600b9b0b8","2025-10-27 12:48:09","1o7IqB3binTlPffd8v5Y","{""bme688"": [{""temp"": 21.25686, ""step"": 4, ""status"": 1, ""pres"": 966.3052, ""meas_profile"": ""HP-8"", ""meas_id"": 8, ""hum"": 35.79068, ""gas_res"": 9264.621}, {""temp"": 21.21773, ""step"": 4, ""status"": 1, ""pres"": 966.4135, ""meas_profile"": ""HP-7"", ""meas_id"": 7, ""hum"": 35.66696, ""gas_res"": 11235.96}, {""temp"": 21.30516, ""step"": 4, ""status"": 1, ""pres"": 966.6422, ""meas_profile"": ""HP-6"", ""meas_id"": 6, ""hum"": 35.56969, ""gas_res"": 25000.0}, {""temp"": 21.19157, ""step"": 4, ""status"": 1, ""pres"": 966.368, ""meas_profile"": ""HP-5"", ""meas_id"": 5, ""hum"": 35.7688, ""gas_res"": 85134.69}, {""temp"": 20.98973, ""step"": 4, ""status"": 1, ""pres"": 966.4849, ""meas_profile"": ""HP-4"", ""meas_id"": 4, ""hum"": 35.22598, ""gas_res"": 86253.37}, {""temp"": 21.16871, ""step"": 4, ""status"": 1, ""pres"": 966.1273, ""meas_profile"": ""HP-3"", ""meas_id"": 3, ""hum"": 35.75322, ""gas_res"": 25000.0}, {""temp"": 21.08327, ""step"": 4, ""status"": 1, ""pres"": 966.1926, ""meas_profile"": ""HP-2"", ""meas_id"": 2, ""hum"": 35.92414, ""gas_res"": 32938.75}, {""temp"": 20.85636, ""step"": 4, ""status"": 1, ""pres"": 966.2567, ""meas_profile"": ""HP-1"", ""meas_id"": 1, ""hum"": 34.25661, ""gas_res"": 26348.29}]}",NULL,"2025-10-27 12:49:57.778332"
12647,"04a600b9b0b8","2025-10-27 12:48:09","1o7IqB3binTlPffd8v5Y","{""bme688"": [{""temp"": 21.25686, ""step"": 3, ""status"": 1, ""pres"": 966.3052, ""meas_profile"": ""HP-8"", ""meas_id"": 8, ""hum"": 35.8022, ""gas_res"": 31480.57}, {""temp"": 21.21773, ""step"": 3, ""status"": 1, ""pres"": 966.4117, ""meas_profile"": ""HP-7"", ""meas_id"": 7, ""hum"": 35.68974, ""gas_res"": 42909.82}, {""temp"": 21.30516, ""step"": 3, ""status"": 1, ""pres"": 966.6422, ""meas_profile"": ""HP-6"", ""meas_id"": 6, ""hum"": 35.58702, ""gas_res"": 128675.5}, {""temp"": 21.19157, ""step"": 3, ""status"": 1, ""pres"": 966.368, ""meas_profile"": ""HP-5"", ""meas_id"": 5, ""hum"": 35.78022, ""gas_res"": 334203.7}, {""temp"": 20.98973, ""step"": 3, ""status"": 1, ""pres"": 966.4849, ""meas_profile"": ""HP-4"", ""meas_id"": 4, ""hum"": 35.23753, ""gas_res"": 426311.4}, {""temp"": 21.16871, ""step"": 3, ""status"": 1, ""pres"": 966.1273, ""meas_profile"": ""HP-3"", ""meas_id"": 3, ""hum"": 35.75322, ""gas_res"": 178646.2}, {""temp"": 21.08296, ""step"": 3, ""status"": 1, ""pres"": 966.192, ""meas_profile"": ""HP-2"", ""meas_id"": 2, ""hum"": 35.94125, ""gas_res"": 324050.6}, {""temp"": 20.85605, ""step"": 3, ""status"": 1, ""pres"": 966.2563, ""meas_profile"": ""HP-1"", ""meas_id"": 1, ""hum"": 34.27417, ""gas_res"": 233416.9}]}",NULL,"2025-10-27 12:49:58.953516"
12648,"04a600b9b0b8","2025-10-27 12:48:09","1o7IqB3binTlPffd8v5Y","{""bme688"": [{""temp"": 21.25686, ""step"": 2, ""status"": 1, ""pres"": 966.3052, ""meas_profile"": ""HP-8"", ""meas_id"": 8, ""hum"": 35.81949, ""gas_res"": 27432.49}, {""temp"": 21.21773, ""step"": 2, ""status"": 1, ""pres"": 966.4117, ""meas_profile"": ""HP-7"", ""meas_id"": 7, ""hum"": 35.71822, ""gas_res"": 36209.34}, {""temp"": 21.30516, ""step"": 2, ""status"": 1, ""pres"": 966.6422, ""meas_profile"": ""HP-6"", ""meas_id"": 6, ""hum"": 35.58125, ""gas_res"": 112924.6}, {""temp"": 21.19157, ""step"": 2, ""status"": 1, ""pres"": 966.368, ""meas_profile"": ""HP-5"", ""meas_id"": 5, ""hum"": 35.79735, ""gas_res"": 312480.9}, {""temp"": 20.98973, ""step"": 2, ""status"": 1, ""pres"": 966.4849, ""meas_profile"": ""HP-4"", ""meas_id"": 4, ""hum"": 35.24331, ""gas_res"": 388614.8}, {""temp"": 21.16871, ""step"": 2, ""status"": 1, ""pres"": 966.129, ""meas_profile"": ""HP-3"", ""meas_id"": 3, ""hum"": 35.75322, ""gas_res"": 150058.6}, {""temp"": 21.08296, ""step"": 2, ""status"": 1, ""pres"": 966.192, ""meas_profile"": ""HP-2"", ""meas_id"": 2, ""hum"": 35.93553, ""gas_res"": 273870.0}, {""temp"": 20.85605, ""step"": 2, ""status"": 1, ""pres"": 966.2563, ""meas_profile"": ""HP-1"", ""meas_id"": 1, ""hum"": 34.2683, ""gas_res"": 199454.6}]}",NULL,"2025-10-27 12:50:00.236736"
12649,"04a600b9b0b8","2025-10-27 12:48:09","1o7IqB3binTlPffd8v5Y","{""bme688"": [{""temp"": 21.25656, ""step"": 1, ""status"": 1, ""pres"": 966.3047, ""meas_profile"": ""HP-8"", ""meas_id"": 8, ""hum"": 35.85981, ""gas_res"": 6243.902}, {""temp"": 21.21773, ""step"": 1, ""status"": 1, ""pres"": 966.4117, ""meas_profile"": ""HP-7"", ""meas_id"": 7, ""hum"": 35.72392, ""gas_res"": 7225.107}, {""temp"": 21.30485, ""step"": 1, ""status"": 1, ""pres"": 966.6415, ""meas_profile"": ""HP-6"", ""meas_id"": 6, ""hum"": 35.61588, ""gas_res"": 19388.06}, {""temp"": 21.19188, ""step"": 1, ""status"": 1, ""pres"": 966.3685, ""meas_profile"": ""HP-5"", ""meas_id"": 5, ""hum"": 35.81451, ""gas_res"": 25000.0}, {""temp"": 20.98973, ""step"": 1, ""status"": 1, ""pres"": 966.4849, ""meas_profile"": ""HP-4"", ""meas_id"": 4, ""hum"": 35.26064, ""gas_res"": 25000.0}, {""temp"": 21.16902, ""step"": 1, ""status"": 1, ""pres"": 966.1296, ""meas_profile"": ""HP-3"", ""meas_id"": 3, ""hum"": 35.76481, ""gas_res"": 22168.34}, {""temp"": 21.08327, ""step"": 1, ""status"": 1, ""pres"": 966.1926, ""meas_profile"": ""HP-2"", ""meas_id"": 2, ""hum"": 35.92985, ""gas_res"": 25000.0}, {""temp"": 20.85636, ""step"": 1, ""status"": 1, ""pres"": 966.2567, ""meas_profile"": ""HP-1"", ""meas_id"": 1, ""hum"": 34.29764, ""gas_res"": 25000.0}]}",NULL,"2025-10-27 12:50:01.515595"
12650,"04a600b9b0b8","2025-10-27 12:48:09","1o7IqB3binTlPffd8v5Y","{""bme688"": [{""temp"": 21.25625, ""step"": 0, ""status"": 1, ""pres"": 966.3043, ""meas_profile"": ""HP-8"", ""meas_id"": 8, ""hum"": 35.83096, ""gas_res"": 5684.846}, {""temp"": 21.21711, ""step"": 0, ""status"": 1, ""pres"": 966.4108, ""meas_profile"": ""HP-7"", ""meas_id"": 7, ""hum"": 35.72955, ""gas_res"": 5684.846}, {""temp"": 21.30485, ""step"": 0, ""status"": 1, ""pres"": 966.6432, ""meas_profile"": ""HP-6"", ""meas_id"": 6, ""hum"": 35.61588, ""gas_res"": 5911.694}, {""temp"": 21.19188, ""step"": 0, ""status"": 1, ""pres"": 966.3702, ""meas_profile"": ""HP-5"", ""meas_id"": 5, ""hum"": 35.79738, ""gas_res"": 9910.188}, {""temp"": 20.99004, ""step"": 0, ""status"": 1, ""pres"": 966.4869, ""meas_profile"": ""HP-4"", ""meas_id"": 4, ""hum"": 35.25489, ""gas_res"": 7755.696}, {""temp"": 21.16871, ""step"": 0, ""status"": 1, ""pres"": 966.129, ""meas_profile"": ""HP-3"", ""meas_id"": 3, ""hum"": 35.78213, ""gas_res"": 5684.846}, {""temp"": 21.08296, ""step"": 0, ""status"": 1, ""pres"": 966.192, ""meas_profile"": ""HP-2"", ""meas_id"": 2, ""hum"": 35.96983, ""gas_res"": 6045.721}, {""temp"": 20.85605, ""step"": 0, ""status"": 1, ""pres"": 966.2563, ""meas_profile"": ""HP-1"", ""meas_id"": 1, ""hum"": 34.28589, ""gas_res"": 5684.846}]}",NULL,"2025-10-27 12:50:02.887979"
12673,"04a600b9b0b8","2025-10-27 12:50:40","1o7IqB3binTlPffd8v5Y","{""zphs01b"": {""voc"": 0, ""temp"": 18.8, ""pm2_5"": 0, ""pm1_0"": 0, ""pm10"": 363, ""o3"": 0.33, ""no2"": 4.25, ""hum"": 0, ""fmhd"": 0, ""co2"": 5000, ""co"": 0.0}, ""smell_b"": {}, ""sfa30"": {""temp"": 21.305, ""hum"": 35.93, ""fmhd"": 14.4}, ""sen5x"": {""voc"": 128.0, ""temp"": 21.51, ""pm4_0"": 4509.9, ""pm2_5"": 4509.9, ""pm1_0"": 4300.4, ""pm10"": 4509.9, ""nox"": 1.0, ""mass_c"": 4457.525, ""hum"": 40.59}, ""scd41"": {""temp"": 20.5993, ""hum"": 39.86419, ""co2"": 644}, ""power_source"": 0, ""mics6814"": {""red_res"": 0, ""no2_res"": 0, ""no2"": 0.17, ""nh3_res"": 0, ""nh3"": 0.73, ""co_res"": 0, ""co"": 44.0}}",NULL,"2025-10-27 12:50:59.95461"
12674,"04a600b9b0b8","2025-10-27 12:50:40","1o7IqB3binTlPffd8v5Y","{""bme688"": [{""temp"": 21.2649, ""step"": 9, ""status"": 1, ""pres"": 966.3248, ""meas_profile"": ""HP-8"", ""meas_id"": 8, ""hum"": 35.45763, ""gas_res"": 5684.846}, {""temp"": 21.22363, ""step"": 9, ""status"": 1, ""pres"": 966.4352, ""meas_profile"": ""HP-7"", ""meas_id"": 7, ""hum"": 35.31485, ""gas_res"": 5684.846}, {""temp"": 21.30948, ""step"": 9, ""status"": 1, ""pres"": 966.642, ""meas_profile"": ""HP-6"", ""meas_id"": 6, ""hum"": 35.25851, ""gas_res"": 7176.497}, {""temp"": 21.19501, ""step"": 9, ""status"": 1, ""pres"": 966.3752, ""meas_profile"": ""HP-5"", ""meas_id"": 5, ""hum"": 35.42123, ""gas_res"": 20725.39}, {""temp"": 20.99284, ""step"": 9, ""status"": 1, ""pres"": 966.4833, ""meas_profile"": ""HP-4"", ""meas_id"": 4, ""hum"": 34.93771, ""gas_res"": 18433.18}, {""temp"": 21.17087, ""step"": 9, ""status"": 1, ""pres"": 966.1325, ""meas_profile"": ""HP-3"", ""meas_id"": 3, ""hum"": 35.46461, ""gas_res"": 6858.123}, {""temp"": 21.08669, ""step"": 9, ""status"": 1, ""pres"": 966.2065, ""meas_profile"": ""HP-2"", ""meas_id"": 2, ""hum"": 35.66753, ""gas_res"": 5908.419}, {""temp"": 20.85854, ""step"": 9, ""status"": 1, ""pres"": 966.269, ""meas_profile"": ""HP-1"", ""meas_id"": 1, ""hum"": 34.00504, ""gas_res"": 6893.581}]}",NULL,"2025-10-27 12:51:01.691523"
12675,"04a600b9b0b8","2025-10-27 12:50:40","1o7IqB3binTlPffd8v5Y","{""bme688"": [{""temp"": 21.26428, ""step"": 8, ""status"": 1, ""pres"": 966.3239, ""meas_profile"": ""HP-8"", ""meas_id"": 8, ""hum"": 35.46333, ""gas_res"": 5684.846}, {""temp"": 21.2227, ""step"": 8, ""status"": 1, ""pres"": 966.4334, ""meas_profile"": ""HP-7"", ""meas_id"": 7, ""hum"": 35.31476, ""gas_res"": 5684.846}, {""temp"": 21.30917, ""step"": 8, ""status"": 1, ""pres"": 966.6433, ""meas_profile"": ""HP-6"", ""meas_id"": 6, ""hum"": 35.25272, ""gas_res"": 7334.403}, {""temp"": 21.19469, ""step"": 8, ""status"": 1, ""pres"": 966.3748, ""meas_profile"": ""HP-5"", ""meas_id"": 5, ""hum"": 35.42121, ""gas_res"": 18991.1}, {""temp"": 20.99253, ""step"": 8, ""status"": 1, ""pres"": 966.4827, ""meas_profile"": ""HP-4"", ""meas_id"": 4, ""hum"": 34.93192, ""gas_res"": 11331.44}, {""temp"": 21.17025, ""step"": 8, ""status"": 1, ""pres"": 966.1315, ""meas_profile"": ""HP-3"", ""meas_id"": 3, ""hum"": 35.47609, ""gas_res"": 6269.592}, {""temp"": 21.08607, ""step"": 8, ""status"": 1, ""pres"": 966.2054, ""meas_profile"": ""HP-2"", ""meas_id"": 2, ""hum"": 35.66176, ""gas_res"": 5941.33}, {""temp"": 20.85823, ""step"": 8, ""status"": 1, ""pres"": 966.2686, ""meas_profile"": ""HP-1"", ""meas_id"": 1, ""hum"": 34.01671, ""gas_res"": 6745.363}]}",NULL,"2025-10-27 12:51:02.947008"
12676,"04a600b9b0b8","2025-10-27 12:50:40","1o7IqB3binTlPffd8v5Y","{""bme688"": [{""temp"": 21.26335, ""step"": 7, ""status"": 1, ""pres"": 966.3206, ""meas_profile"": ""HP-8"", ""meas_id"": 8, ""hum"": 35.47474, ""gas_res"": 5684.846}, {""temp"": 21.22207, ""step"": 7, ""status"": 1, ""pres"": 966.4326, ""meas_profile"": ""HP-7"", ""meas_id"": 7, ""hum"": 35.33743, ""gas_res"": 5684.846}, {""temp"": 21.30855, ""step"": 7, ""status"": 1, ""pres"": 966.6423, ""meas_profile"": ""HP-6"", ""meas_id"": 6, ""hum"": 35.25266, ""gas_res"": 7186.167}, {""temp"": 21.19407, ""step"": 7, ""status"": 1, ""pres"": 966.3736, ""meas_profile"": ""HP-5"", ""meas_id"": 5, ""hum"": 35.43254, ""gas_res"": 18306.64}, {""temp"": 20.99253, ""step"": 7, ""status"": 1, ""pres"": 966.4843, ""meas_profile"": ""HP-4"", ""meas_id"": 4, ""hum"": 34.91462, ""gas_res"": 10194.33}, {""temp"": 21.16995, ""step"": 7, ""status"": 1, ""pres"": 966.1311, ""meas_profile"": ""HP-3"", ""meas_id"": 3, ""hum"": 35.47029, ""gas_res"": 7457.469}, {""temp"": 21.08576, ""step"": 7, ""status"": 1, ""pres"": 966.205, ""meas_profile"": ""HP-2"", ""meas_id"": 2, ""hum"": 35.66743, ""gas_res"": 7666.507}, {""temp"": 20.85791, ""step"": 7, ""status"": 1, ""pres"": 966.2664, ""meas_profile"": ""HP-1"", ""meas_id"": 1, ""hum"": 34.00498, ""gas_res"": 6225.681}]}",NULL,"2025-10-27 12:51:04.327266"
12677,"04a600b9b0b8","2025-10-27 12:50:40","1o7IqB3binTlPffd8v5Y","{""bme688"": [{""temp"": 21.26304, ""step"": 6, ""status"": 1, ""pres"": 966.3218, ""meas_profile"": ""HP-8"", ""meas_id"": 8, ""hum"": 35.45745, ""gas_res"": 8620.689}, {""temp"": 21.22207, ""step"": 6, ""status"": 1, ""pres"": 966.4308, ""meas_profile"": ""HP-7"", ""meas_id"": 7, ""hum"": 35.34312, ""gas_res"": 10858.5}, {""temp"": 21.30825, ""step"": 6, ""status"": 1, ""pres"": 966.642, ""meas_profile"": ""HP-6"", ""meas_id"": 6, ""hum"": 35.25263, ""gas_res"": 24141.83}, {""temp"": 21.19407, ""step"": 6, ""status"": 1, ""pres"": 966.3736, ""meas_profile"": ""HP-5"", ""meas_id"": 5, ""hum"": 35.44963, ""gas_res"": 100000.0}, {""temp"": 20.99222, ""step"": 6, ""status"": 1, ""pres"": 966.4838, ""meas_profile"": ""HP-4"", ""meas_id"": 4, ""hum"": 34.94342, ""gas_res"": 100000.0}, {""temp"": 21.16995, ""step"": 6, ""status"": 1, ""pres"": 966.1311, ""meas_profile"": ""HP-3"", ""meas_id"": 3, ""hum"": 35.47029, ""gas_res"": 31952.07}, {""temp"": 21.08513, ""step"": 6, ""status"": 1, ""pres"": 966.2023, ""meas_profile"": ""HP-2"", ""meas_id"": 2, ""hum"": 35.67308, ""gas_res"": 83387.63}, {""temp"": 20.8576, ""step"": 6, ""status"": 1, ""pres"": 966.2659, ""meas_profile"": ""HP-1"", ""meas_id"": 1, ""hum"": 34.0108, ""gas_res"": 39677.62}]}",NULL,"2025-10-27 12:51:05.5206"
12678,"04a600b9b0b8","2025-10-27 12:50:40","1o7IqB3binTlPffd8v5Y","{""bme688"": [{""temp"": 21.26242, ""step"": 5, ""status"": 1, ""pres"": 966.3192, ""meas_profile"": ""HP-8"", ""meas_id"": 8, ""hum"": 35.4804, ""gas_res"": 8606.778}, {""temp"": 21.22177, ""step"": 5, ""status"": 1, ""pres"": 966.4304, ""meas_profile"": ""HP-7"", ""meas_id"": 7, ""hum"": 35.34308, ""gas_res"": 10914.05}, {""temp"": 21.30794, ""step"": 5, ""status"": 1, ""pres"": 966.6414, ""meas_profile"": ""HP-6"", ""meas_id"": 6, ""hum"": 35.25837, ""gas_res"": 24060.15}, {""temp"": 21.19375, ""step"": 5, ""status"": 1, ""pres"": 966.3732, ""meas_profile"": ""HP-5"", ""meas_id"": 5, ""hum"": 35.4553, ""gas_res"": 100000.0}, {""temp"": 20.99191, ""step"": 5, ""status"": 1, ""pres"": 966.4835, ""meas_profile"": ""HP-4"", ""meas_id"": 4, ""hum"": 34.94339, ""gas_res"": 100000.0}, {""temp"": 21.16964, ""step"": 5, ""status"": 1, ""pres"": 966.1306, ""meas_profile"": ""HP-3"", ""meas_id"": 3, ""hum"": 35.49912, ""gas_res"": 30556.22}, {""temp"": 21.08513, ""step"": 5, ""status"": 1, ""pres"": 966.2023, ""meas_profile"": ""HP-2"", ""meas_id"": 2, ""hum"": 35.71302, ""gas_res"": 46511.63}, {""temp"": 20.8576, ""step"": 5, ""status"": 1, ""pres"": 966.2659, ""meas_profile"": ""HP-1"", ""meas_id"": 1, ""hum"": 34.0108, ""gas_res"": 37187.68}]}",NULL,"2025-10-27 12:51:06.8024"
12679,"04a600b9b0b8","2025-10-27 12:50:40","1o7IqB3binTlPffd8v5Y","{""bme688"": [{""temp"": 21.26212, ""step"": 4, ""status"": 1, ""pres"": 966.3187, ""meas_profile"": ""HP-8"", ""meas_id"": 8, ""hum"": 35.48611, ""gas_res"": 8648.648}, {""temp"": 21.22177, ""step"": 4, ""status"": 1, ""pres"": 966.4304, ""meas_profile"": ""HP-7"", ""meas_id"": 7, ""hum"": 35.34876, ""gas_res"": 10936.43}, {""temp"": 21.30732, ""step"": 4, ""status"": 1, ""pres"": 966.6403, ""meas_profile"": ""HP-6"", ""meas_id"": 6, ""hum"": 35.2756, ""gas_res"": 24404.2}, {""temp"": 21.19344, ""step"": 4, ""status"": 1, ""pres"": 966.3727, ""meas_profile"": ""HP-5"", ""meas_id"": 5, ""hum"": 35.45527, ""gas_res"": 100000.0}, {""temp"": 20.99191, ""step"": 4, ""status"": 1, ""pres"": 966.4835, ""meas_profile"": ""HP-4"", ""meas_id"": 4, ""hum"": 34.94916, ""gas_res"": 100000.0}, {""temp"": 21.16964, ""step"": 4, ""status"": 1, ""pres"": 966.1306, ""meas_profile"": ""HP-3"", ""meas_id"": 3, ""hum"": 35.48758, ""gas_res"": 29018.36}, {""temp"": 21.08483, ""step"": 4, ""status"": 1, ""pres"": 966.2019, ""meas_profile"": ""HP-2"", ""meas_id"": 2, ""hum"": 35.69016, ""gas_res"": 44244.73}, {""temp"": 20.8576, ""step"": 4, ""status"": 1, ""pres"": 966.2659, ""meas_profile"": ""HP-1"", ""meas_id"": 1, ""hum"": 34.04006, ""gas_res"": 35814.21}]}",NULL,"2025-10-27 12:51:09.618927"
12680,"04a600b9b0b8","2025-10-27 12:50:40","1o7IqB3binTlPffd8v5Y","{""bme688"": [{""temp"": 21.2615, ""step"": 3, ""status"": 1, ""pres"": 966.3178, ""meas_profile"": ""HP-8"", ""meas_id"": 8, ""hum"": 35.49756, ""gas_res"": 14618.55}, {""temp"": 21.22114, ""step"": 3, ""status"": 1, ""pres"": 966.4277, ""meas_profile"": ""HP-7"", ""meas_id"": 7, ""hum"": 35.35439, ""gas_res"": 19335.35}, {""temp"": 21.30701, ""step"": 3, ""status"": 1, ""pres"": 966.6399, ""meas_profile"": ""HP-6"", ""meas_id"": 6, ""hum"": 35.28134, ""gas_res"": 50304.58}, {""temp"": 21.19313, ""step"": 3, ""status"": 1, ""pres"": 966.3722, ""meas_profile"": ""HP-5"", ""meas_id"": 5, ""hum"": 35.46094, ""gas_res"": 114746.8}, {""temp"": 20.99128, ""step"": 3, ""status"": 1, ""pres"": 966.4822, ""meas_profile"": ""HP-4"", ""meas_id"": 4, ""hum"": 34.94332, ""gas_res"": 157829.8}, {""temp"": 21.16902, ""step"": 3, ""status"": 1, ""pres"": 966.1296, ""meas_profile"": ""HP-3"", ""meas_id"": 3, ""hum"": 35.5106, ""gas_res"": 75294.12}, {""temp"": 21.0842, ""step"": 3, ""status"": 1, ""pres"": 966.199, ""meas_profile"": ""HP-2"", ""meas_id"": 2, ""hum"": 35.70152, ""gas_res"": 131958.8}, {""temp"": 20.85698, ""step"": 3, ""status"": 1, ""pres"": 966.265, ""meas_profile"": ""HP-1"", ""meas_id"": 1, ""hum"": 34.0283, ""gas_res"": 98348.06}]}",NULL,"2025-10-27 12:51:10.415768"
12681,"04a600b9b0b8","2025-10-27 12:50:40","1o7IqB3binTlPffd8v5Y","{""bme688"": [{""temp"": 21.26119, ""step"": 2, ""status"": 1, ""pres"": 966.3173, ""meas_profile"": ""HP-8"", ""meas_id"": 8, ""hum"": 35.50903, ""gas_res"": 23516.44}, {""temp"": 21.22083, ""step"": 2, ""status"": 1, ""pres"": 966.4271, ""meas_profile"": ""HP-7"", ""meas_id"": 7, ""hum"": 35.36573, ""gas_res"": 33455.3}, {""temp"": 21.30639, ""step"": 2, ""status"": 1, ""pres"": 966.6406, ""meas_profile"": ""HP-6"", ""meas_id"": 6, ""hum"": 35.27551, ""gas_res"": 112330.0}, {""temp"": 21.1925, ""step"": 2, ""status"": 1, ""pres"": 966.3712, ""meas_profile"": ""HP-5"", ""meas_id"": 5, ""hum"": 35.47797, ""gas_res"": 310209.0}, {""temp"": 20.99066, ""step"": 2, ""status"": 1, ""pres"": 966.4828, ""meas_profile"": ""HP-4"", ""meas_id"": 4, ""hum"": 34.96057, ""gas_res"": 390839.7}, {""temp"": 21.16871, ""step"": 2, ""status"": 1, ""pres"": 966.129, ""meas_profile"": ""HP-3"", ""meas_id"": 3, ""hum"": 35.51057, ""gas_res"": 160955.7}, {""temp"": 21.08389, ""step"": 2, ""status"": 1, ""pres"": 966.1985, ""meas_profile"": ""HP-2"", ""meas_id"": 2, ""hum"": 35.7129, ""gas_res"": 295953.8}, {""temp"": 20.85667, ""step"": 2, ""status"": 1, ""pres"": 966.2644, ""meas_profile"": ""HP-1"", ""meas_id"": 1, ""hum"": 34.03998, ""gas_res"": 212492.2}]}",NULL,"2025-10-27 12:51:11.118573"
12682,"04a600b9b0b8","2025-10-27 12:50:40","1o7IqB3binTlPffd8v5Y","{""bme688"": [{""temp"": 21.26088, ""step"": 1, ""status"": 1, ""pres"": 966.3167, ""meas_profile"": ""HP-8"", ""meas_id"": 8, ""hum"": 35.50325, ""gas_res"": 6175.222}, {""temp"": 21.22052, ""step"": 1, ""status"": 1, ""pres"": 966.4266, ""meas_profile"": ""HP-7"", ""meas_id"": 7, ""hum"": 35.37708, ""gas_res"": 7349.563}, {""temp"": 21.30639, ""step"": 1, ""status"": 1, ""pres"": 966.6406, ""meas_profile"": ""HP-6"", ""meas_id"": 6, ""hum"": 35.27551, ""gas_res"": 21805.79}, {""temp"": 21.1925, ""step"": 1, ""status"": 1, ""pres"": 966.3712, ""meas_profile"": ""HP-5"", ""meas_id"": 5, ""hum"": 35.47227, ""gas_res"": 25346.54}, {""temp"": 20.99066, ""step"": 1, ""status"": 1, ""pres"": 966.4828, ""meas_profile"": ""HP-4"", ""meas_id"": 4, ""hum"": 34.96633, ""gas_res"": 24946.4}, {""temp"": 21.1684, ""step"": 1, ""status"": 1, ""pres"": 966.1285, ""meas_profile"": ""HP-3"", ""meas_id"": 3, ""hum"": 35.50478, ""gas_res"": 25000.0}, {""temp"": 21.08358, ""step"": 1, ""status"": 1, ""pres"": 966.1981, ""meas_profile"": ""HP-2"", ""meas_id"": 2, ""hum"": 35.71288, ""gas_res"": 25000.0}, {""temp"": 20.85667, ""step"": 1, ""status"": 1, ""pres"": 966.2644, ""meas_profile"": ""HP-1"", ""meas_id"": 1, ""hum"": 34.05168, ""gas_res"": 25000.0}]}",NULL,"2025-10-27 12:51:11.829849"
12683,"04a600b9b0b8","2025-10-27 12:50:40","1o7IqB3binTlPffd8v5Y","{""bme688"": [{""temp"": 21.25995, ""step"": 0, ""status"": 1, ""pres"": 966.3135, ""meas_profile"": ""HP-8"", ""meas_id"": 8, ""hum"": 35.49166, ""gas_res"": 5684.846}, {""temp"": 21.2199, ""step"": 0, ""status"": 1, ""pres"": 966.4255, ""meas_profile"": ""HP-7"", ""meas_id"": 7, ""hum"": 35.35995, ""gas_res"": 5684.846}, {""temp"": 21.30609, ""step"": 0, ""status"": 1, ""pres"": 966.6401, ""meas_profile"": ""HP-6"", ""meas_id"": 6, ""hum"": 35.28701, ""gas_res"": 5951.274}, {""temp"": 21.19219, ""step"": 0, ""status"": 1, ""pres"": 966.3706, ""meas_profile"": ""HP-5"", ""meas_id"": 5, ""hum"": 35.47224, ""gas_res"": 19405.7}, {""temp"": 20.99035, ""step"": 0, ""status"": 1, ""pres"": 966.4824, ""meas_profile"": ""HP-4"", ""meas_id"": 4, ""hum"": 34.96054, ""gas_res"": 9882.644}, {""temp"": 21.16809, ""step"": 0, ""status"": 1, ""pres"": 966.1281, ""meas_profile"": ""HP-3"", ""meas_id"": 3, ""hum"": 35.51052, ""gas_res"": 6983.85}, {""temp"": 21.08327, ""step"": 0, ""status"": 1, ""pres"": 966.1976, ""meas_profile"": ""HP-2"", ""meas_id"": 2, ""hum"": 35.71284, ""gas_res"": 7152.437}, {""temp"": 20.85605, ""step"": 0, ""status"": 1, ""pres"": 966.2635, ""meas_profile"": ""HP-1"", ""meas_id"": 1, ""hum"": 34.05162, ""gas_res"": 5951.274}]}",NULL,"2025-10-27 12:51:12.529076"
12684,"04a600b9b0b8","2025-10-27 12:51:48","1o7IqB3binTlPffd8v5Y","{""zphs01b"": {""voc"": 0, ""temp"": 18.9, ""pm2_5"": 0, ""pm1_0"": 0, ""pm10"": 348, ""o3"": 0.19, ""no2"": 4.06, ""hum"": 0, ""fmhd"": 0, ""co2"": 5000, ""co"": 0.0}, ""smell_b"": {}, ""sfa30"": {""temp"": 21.34, ""hum"": 35.8, ""fmhd"": 16.6}, ""sen5x"": {""voc"": 140.0, ""temp"": 21.44, ""pm4_0"": 4477.7, ""pm2_5"": 4477.7, ""pm1_0"": 4269.7, ""pm10"": 4477.7, ""nox"": 1.0, ""mass_c"": 4425.7, ""hum"": 40.84}, ""scd41"": {""temp"": 20.75685, ""hum"": 39.6994, ""co2"": 655}, ""power_source"": 0, ""mics6814"": {""red_res"": 0, ""no2_res"": 0, ""no2"": 0.17, ""nh3_res"": 0, ""nh3"": 0.73, ""co_res"": 0, ""co"": 44.0}}",NULL,"2025-10-27 12:52:16.216827"
12685,"04a600b9b0b8","2025-10-27 12:51:48","1o7IqB3binTlPffd8v5Y","{""bme688"": [{""temp"": 21.27787, ""step"": 9, ""status"": 1, ""pres"": 966.3539, ""meas_profile"": ""HP-8"", ""meas_id"": 8, ""hum"": 35.38414, ""gas_res"": 5684.846}, {""temp"": 21.23512, ""step"": 9, ""status"": 1, ""pres"": 966.4626, ""meas_profile"": ""HP-7"", ""meas_id"": 7, ""hum"": 35.23641, ""gas_res"": 5684.846}, {""temp"": 21.32059, ""step"": 9, ""status"": 1, ""pres"": 966.6564, ""meas_profile"": ""HP-6"", ""meas_id"": 6, ""hum"": 35.18464, ""gas_res"": 5888.848}, {""temp"": 21.20376, ""step"": 9, ""status"": 1, ""pres"": 966.3897, ""meas_profile"": ""HP-5"", ""meas_id"": 5, ""hum"": 35.35942, ""gas_res"": 25000.0}, {""temp"": 21.00278, ""step"": 9, ""status"": 1, ""pres"": 966.4913, ""meas_profile"": ""HP-4"", ""meas_id"": 4, ""hum"": 34.83488, ""gas_res"": 25000.0}, {""temp"": 21.18077, ""step"": 9, ""status"": 1, ""pres"": 966.147, ""meas_profile"": ""HP-3"", ""meas_id"": 3, ""hum"": 35.3617, ""gas_res"": 6200.349}, {""temp"": 21.09631, ""step"": 9, ""status"": 1, ""pres"": 966.2257, ""meas_profile"": ""HP-2"", ""meas_id"": 2, ""hum"": 35.56008, ""gas_res"": 7710.843}, {""temp"": 20.86787, ""step"": 9, ""status"": 1, ""pres"": 966.2852, ""meas_profile"": ""HP-1"", ""meas_id"": 1, ""hum"": 33.90063, ""gas_res"": 6073.259}]}",NULL,"2025-10-27 12:52:17.845929"
12686,"04a600b9b0b8","2025-10-27 12:51:48","1o7IqB3binTlPffd8v5Y","{""bme688"": [{""temp"": 21.27694, ""step"": 8, ""status"": 1, ""pres"": 966.3505, ""meas_profile"": ""HP-8"", ""meas_id"": 8, ""hum"": 35.36107, ""gas_res"": 5684.846}, {""temp"": 21.23419, ""step"": 8, ""status"": 1, ""pres"": 966.4609, ""meas_profile"": ""HP-7"", ""meas_id"": 7, ""hum"": 35.24768, ""gas_res"": 5684.846}, {""temp"": 21.31967, ""step"": 8, ""status"": 1, ""pres"": 966.6549, ""meas_profile"": ""HP-6"", ""meas_id"": 6, ""hum"": 35.16151, ""gas_res"": 6211.18}, {""temp"": 21.20345, ""step"": 8, ""status"": 1, ""pres"": 966.389, ""meas_profile"": ""HP-5"", ""meas_id"": 5, ""hum"": 35.348, ""gas_res"": 25000.0}, {""temp"": 21.00216, ""step"": 8, ""status"": 1, ""pres"": 966.4902, ""meas_profile"": ""HP-4"", ""meas_id"": 4, ""hum"": 34.8233, ""gas_res"": 25000.0}, {""temp"": 21.18015, ""step"": 8, ""status"": 1, ""pres"": 966.1459, ""meas_profile"": ""HP-3"", ""meas_id"": 3, ""hum"": 35.34435, ""gas_res"": 6062.903}, {""temp"": 21.096, ""step"": 8, ""status"": 1, ""pres"": 966.2253, ""meas_profile"": ""HP-2"", ""meas_id"": 2, ""hum"": 35.57716, ""gas_res"": 7922.753}, {""temp"": 20.86725, ""step"": 8, ""status"": 1, ""pres"": 966.2841, ""meas_profile"": ""HP-1"", ""meas_id"": 1, ""hum"": 33.90057, ""gas_res"": 6189.555}]}",NULL,"2025-10-27 12:52:19.135453"
12687,"04a600b9b0b8","2025-10-27 12:51:48","1o7IqB3binTlPffd8v5Y","{""bme688"": [{""temp"": 21.27602, ""step"": 7, ""status"": 1, ""pres"": 966.3491, ""meas_profile"": ""HP-8"", ""meas_id"": 8, ""hum"": 35.37247, ""gas_res"": 5684.846}, {""temp"": 21.23325, ""step"": 7, ""status"": 1, ""pres"": 966.4596, ""meas_profile"": ""HP-7"", ""meas_id"": 7, ""hum"": 35.23624, ""gas_res"": 5684.846}, {""temp"": 21.31905, ""step"": 7, ""status"": 1, ""pres"": 966.654, ""meas_profile"": ""HP-6"", ""meas_id"": 6, ""hum"": 35.16721, ""gas_res"": 6258.557}, {""temp"": 21.20314, ""step"": 7, ""status"": 1, ""pres"": 966.3885, ""meas_profile"": ""HP-5"", ""meas_id"": 5, ""hum"": 35.34797, ""gas_res"": 25000.0}, {""temp"": 21.00184, ""step"": 7, ""status"": 1, ""pres"": 966.4895, ""meas_profile"": ""HP-4"", ""meas_id"": 4, ""hum"": 34.82903, ""gas_res"": 22401.12}, {""temp"": 21.17953, ""step"": 7, ""status"": 1, ""pres"": 966.1451, ""meas_profile"": ""HP-3"", ""meas_id"": 3, ""hum"": 35.36736, ""gas_res"": 8078.768}, {""temp"": 21.09569, ""step"": 7, ""status"": 1, ""pres"": 966.2248, ""meas_profile"": ""HP-2"", ""meas_id"": 2, ""hum"": 35.56002, ""gas_res"": 7722.008}, {""temp"": 20.86663, ""step"": 7, ""status"": 1, ""pres"": 966.2833, ""meas_profile"": ""HP-1"", ""meas_id"": 1, ""hum"": 33.90051, ""gas_res"": 6136.146}]}",NULL,"2025-10-27 12:52:20.582103"
12688,"04a600b9b0b8","2025-10-27 12:51:48","1o7IqB3binTlPffd8v5Y","{""bme688"": [{""temp"": 21.2754, ""step"": 6, ""status"": 1, ""pres"": 966.3483, ""meas_profile"": ""HP-8"", ""meas_id"": 8, ""hum"": 35.34369, ""gas_res"": 8409.987}, {""temp"": 21.23294, ""step"": 6, ""status"": 1, ""pres"": 966.459, ""meas_profile"": ""HP-7"", ""meas_id"": 7, ""hum"": 35.23621, ""gas_res"": 10716.68}, {""temp"": 21.31843, ""step"": 6, ""status"": 1, ""pres"": 966.6548, ""meas_profile"": ""HP-6"", ""meas_id"": 6, ""hum"": 35.15564, ""gas_res"": 28381.38}, {""temp"": 21.20251, ""step"": 6, ""status"": 1, ""pres"": 966.3893, ""meas_profile"": ""HP-5"", ""meas_id"": 5, ""hum"": 35.3536, ""gas_res"": 109942.0}, {""temp"": 21.00122, ""step"": 6, ""status"": 1, ""pres"": 966.4886, ""meas_profile"": ""HP-4"", ""meas_id"": 4, ""hum"": 34.81746, ""gas_res"": 129358.3}, {""temp"": 21.17891, ""step"": 6, ""status"": 1, ""pres"": 966.1458, ""meas_profile"": ""HP-3"", ""meas_id"": 3, ""hum"": 35.35576, ""gas_res"": 79355.24}, {""temp"": 21.09476, ""step"": 6, ""status"": 1, ""pres"": 966.2233, ""meas_profile"": ""HP-2"", ""meas_id"": 2, ""hum"": 35.55423, ""gas_res"": 104298.2}, {""temp"": 20.86632, ""step"": 6, ""status"": 1, ""pres"": 966.2827, ""meas_profile"": ""HP-1"", ""meas_id"": 1, ""hum"": 33.91217, ""gas_res"": 100000.0}]}",NULL,"2025-10-27 12:52:22.321475"
12689,"04a600b9b0b8","2025-10-27 12:51:48","1o7IqB3binTlPffd8v5Y","{""bme688"": [{""temp"": 21.27478, ""step"": 5, ""status"": 1, ""pres"": 966.3472, ""meas_profile"": ""HP-8"", ""meas_id"": 8, ""hum"": 35.36662, ""gas_res"": 8357.273}, {""temp"": 21.23263, ""step"": 5, ""status"": 1, ""pres"": 966.4585, ""meas_profile"": ""HP-7"", ""meas_id"": 7, ""hum"": 35.24186, ""gas_res"": 10557.57}, {""temp"": 21.31782, ""step"": 5, ""status"": 1, ""pres"": 966.6537, ""meas_profile"": ""HP-6"", ""meas_id"": 6, ""hum"": 35.16134, ""gas_res"": 28064.02}, {""temp"": 21.20189, ""step"": 5, ""status"": 1, ""pres"": 966.3883, ""meas_profile"": ""HP-5"", ""meas_id"": 5, ""hum"": 35.34215, ""gas_res"": 110798.5}, {""temp"": 21.0006, ""step"": 5, ""status"": 1, ""pres"": 966.4893, ""meas_profile"": ""HP-4"", ""meas_id"": 4, ""hum"": 34.84621, ""gas_res"": 132368.2}, {""temp"": 21.1783, ""step"": 5, ""status"": 1, ""pres"": 966.1446, ""meas_profile"": ""HP-3"", ""meas_id"": 3, ""hum"": 35.38454, ""gas_res"": 78120.23}, {""temp"": 21.09414, ""step"": 5, ""status"": 1, ""pres"": 966.2222, ""meas_profile"": ""HP-2"", ""meas_id"": 2, ""hum"": 35.58268, ""gas_res"": 103476.1}, {""temp"": 20.86601, ""step"": 5, ""status"": 1, ""pres"": 966.2823, ""meas_profile"": ""HP-1"", ""meas_id"": 1, ""hum"": 33.9063, ""gas_res"": 100000.0}]}",NULL,"2025-10-27 12:52:23.617462"
12690,"04a600b9b0b8","2025-10-27 12:51:48","1o7IqB3binTlPffd8v5Y","{""bme688"": [{""temp"": 21.27416, ""step"": 4, ""status"": 1, ""pres"": 966.3445, ""meas_profile"": ""HP-8"", ""meas_id"": 8, ""hum"": 35.35506, ""gas_res"": 8376.963}, {""temp"": 21.23232, ""step"": 4, ""status"": 1, ""pres"": 966.4579, ""meas_profile"": ""HP-7"", ""meas_id"": 7, ""hum"": 35.25319, ""gas_res"": 10474.63}, {""temp"": 21.3172, ""step"": 4, ""status"": 1, ""pres"": 966.6527, ""meas_profile"": ""HP-6"", ""meas_id"": 6, ""hum"": 35.1728, ""gas_res"": 28400.27}, {""temp"": 21.20095, ""step"": 4, ""status"": 1, ""pres"": 966.3867, ""meas_profile"": ""HP-5"", ""meas_id"": 5, ""hum"": 35.35915, ""gas_res"": 113904.3}, {""temp"": 21.00029, ""step"": 4, ""status"": 1, ""pres"": 966.4888, ""meas_profile"": ""HP-4"", ""meas_id"": 4, ""hum"": 34.85194, ""gas_res"": 139168.3}, {""temp"": 21.17799, ""step"": 4, ""status"": 1, ""pres"": 966.1442, ""meas_profile"": ""HP-3"", ""meas_id"": 3, ""hum"": 35.38451, ""gas_res"": 46511.63}, {""temp"": 21.09352, ""step"": 4, ""status"": 1, ""pres"": 966.2212, ""meas_profile"": ""HP-2"", ""meas_id"": 2, ""hum"": 35.58262, ""gas_res"": 102297.7}, {""temp"": 20.8657, ""step"": 4, ""status"": 1, ""pres"": 966.2819, ""meas_profile"": ""HP-1"", ""meas_id"": 1, ""hum"": 33.91796, ""gas_res"": 100000.0}]}",NULL,"2025-10-27 12:52:24.868461"
12691,"04a600b9b0b8","2025-10-27 12:51:48","1o7IqB3binTlPffd8v5Y","{""bme688"": [{""temp"": 21.27354, ""step"": 3, ""status"": 1, ""pres"": 966.3436, ""meas_profile"": ""HP-8"", ""meas_id"": 8, ""hum"": 35.38948, ""gas_res"": 5712.246}, {""temp"": 21.2317, ""step"": 3, ""status"": 1, ""pres"": 966.4553, ""meas_profile"": ""HP-7"", ""meas_id"": 7, ""hum"": 35.25881, ""gas_res"": 7057.786}, {""temp"": 21.31658, ""step"": 3, ""status"": 1, ""pres"": 966.6518, ""meas_profile"": ""HP-6"", ""meas_id"": 6, ""hum"": 35.18427, ""gas_res"": 17116.88}, {""temp"": 21.20032, ""step"": 3, ""status"": 1, ""pres"": 966.3856, ""meas_profile"": ""HP-5"", ""meas_id"": 5, ""hum"": 35.37048, ""gas_res"": 41857.42}, {""temp"": 20.99936, ""step"": 3, ""status"": 0, ""pres"": 966.4888, ""meas_profile"": ""HP-4"", ""meas_id"": 4, ""hum"": 34.85761, ""gas_res"": 49259.19}, {""temp"": 21.17737, ""step"": 3, ""status"": 1, ""pres"": 966.1431, ""meas_profile"": ""HP-3"", ""meas_id"": 3, ""hum"": 35.38445, ""gas_res"": 30512.52}, {""temp"": 21.09259, ""step"": 3, ""status"": 1, ""pres"": 966.2197, ""meas_profile"": ""HP-2"", ""meas_id"": 2, ""hum"": 35.59964, ""gas_res"": 48503.22}, {""temp"": 20.86507, ""step"": 3, ""status"": 1, ""pres"": 966.281, ""meas_profile"": ""HP-1"", ""meas_id"": 1, ""hum"": 33.9413, ""gas_res"": 32487.31}]}",NULL,"2025-10-27 12:52:26.24396"
12692,"04a600b9b0b8","2025-10-27 12:51:48","1o7IqB3binTlPffd8v5Y","{""bme688"": [{""temp"": 21.27324, ""step"": 2, ""status"": 1, ""pres"": 966.343, ""meas_profile"": ""HP-8"", ""meas_id"": 8, ""hum"": 35.38371, ""gas_res"": 19405.7}, {""temp"": 21.23108, ""step"": 2, ""status"": 1, ""pres"": 966.4542, ""meas_profile"": ""HP-7"", ""meas_id"": 7, ""hum"": 35.2701, ""gas_res"": 26711.19}, {""temp"": 21.31597, ""step"": 2, ""status"": 1, ""pres"": 966.6509, ""meas_profile"": ""HP-6"", ""meas_id"": 6, ""hum"": 35.19573, ""gas_res"": 112035.0}, {""temp"": 21.1997, ""step"": 2, ""status"": 1, ""pres"": 966.3847, ""meas_profile"": ""HP-5"", ""meas_id"": 5, ""hum"": 35.39889, ""gas_res"": 366106.5}, {""temp"": 20.99874, ""step"": 2, ""status"": 1, ""pres"": 966.4878, ""meas_profile"": ""HP-4"", ""meas_id"": 4, ""hum"": 34.86908, ""gas_res"": 551278.6}, {""temp"": 21.17675, ""step"": 2, ""status"": 1, ""pres"": 966.1423, ""meas_profile"": ""HP-3"", ""meas_id"": 3, ""hum"": 35.41323, ""gas_res"": 248543.7}, {""temp"": 21.09197, ""step"": 2, ""status"": 1, ""pres"": 966.2187, ""meas_profile"": ""HP-2"", ""meas_id"": 2, ""hum"": 35.60528, ""gas_res"": 440619.6}, {""temp"": 20.86445, ""step"": 2, ""status"": 1, ""pres"": 966.2799, ""meas_profile"": ""HP-1"", ""meas_id"": 1, ""hum"": 33.93539, ""gas_res"": 328415.7}]}",NULL,"2025-10-27 12:52:27.42059"
12693,"04a600b9b0b8","2025-10-27 12:51:48","1o7IqB3binTlPffd8v5Y","{""bme688"": [{""temp"": 21.27262, ""step"": 1, ""status"": 1, ""pres"": 966.3422, ""meas_profile"": ""HP-8"", ""meas_id"": 8, ""hum"": 35.38364, ""gas_res"": 6771.054}, {""temp"": 21.23046, ""step"": 1, ""status"": 1, ""pres"": 966.4531, ""meas_profile"": ""HP-7"", ""meas_id"": 7, ""hum"": 35.28709, ""gas_res"": 6779.661}, {""temp"": 21.31565, ""step"": 1, ""status"": 1, ""pres"": 966.652, ""meas_profile"": ""HP-6"", ""meas_id"": 6, ""hum"": 35.18418, ""gas_res"": 25000.0}, {""temp"": 21.19938, ""step"": 1, ""status"": 1, ""pres"": 966.3842, ""meas_profile"": ""HP-5"", ""meas_id"": 5, ""hum"": 35.40456, ""gas_res"": 32989.69}, {""temp"": 20.99843, ""step"": 1, ""status"": 1, ""pres"": 966.4874, ""meas_profile"": ""HP-4"", ""meas_id"": 4, ""hum"": 34.89211, ""gas_res"": 38254.63}, {""temp"": 21.17644, ""step"": 1, ""status"": 1, ""pres"": 966.1417, ""meas_profile"": ""HP-3"", ""meas_id"": 3, ""hum"": 35.40744, ""gas_res"": 25000.0}, {""temp"": 21.09166, ""step"": 1, ""status"": 1, ""pres"": 966.218, ""meas_profile"": ""HP-2"", ""meas_id"": 2, ""hum"": 35.62806, ""gas_res"": 32120.45}, {""temp"": 20.86414, ""step"": 1, ""status"": 1, ""pres"": 966.2795, ""meas_profile"": ""HP-1"", ""meas_id"": 1, ""hum"": 33.92952, ""gas_res"": 25000.0}]}",NULL,"2025-10-27 12:52:28.717202"
12694,"04a600b9b0b8","2025-10-27 12:51:48","1o7IqB3binTlPffd8v5Y","{""bme688"": [{""temp"": 21.27169, ""step"": 0, ""status"": 1, ""pres"": 966.3389, ""meas_profile"": ""HP-8"", ""meas_id"": 8, ""hum"": 35.38356, ""gas_res"": 5684.846}, {""temp"": 21.22984, ""step"": 0, ""status"": 1, ""pres"": 966.4521, ""meas_profile"": ""HP-7"", ""meas_id"": 7, ""hum"": 35.29271, ""gas_res"": 5684.846}, {""temp"": 21.31504, ""step"": 0, ""status"": 1, ""pres"": 966.651, ""meas_profile"": ""HP-6"", ""meas_id"": 6, ""hum"": 35.19564, ""gas_res"": 6405.124}, {""temp"": 21.19907, ""step"": 0, ""status"": 1, ""pres"": 966.3837, ""meas_profile"": ""HP-5"", ""meas_id"": 5, ""hum"": 35.40453, ""gas_res"": 25000.0}, {""temp"": 20.99812, ""step"": 0, ""status"": 1, ""pres"": 966.4885, ""meas_profile"": ""HP-4"", ""meas_id"": 4, ""hum"": 34.88631, ""gas_res"": 23154.85}, {""temp"": 21.17582, ""step"": 0, ""status"": 1, ""pres"": 966.1406, ""meas_profile"": ""HP-3"", ""meas_id"": 3, ""hum"": 35.41891, ""gas_res"": 8060.454}, {""temp"": 21.09134, ""step"": 0, ""status"": 1, ""pres"": 966.2159, ""meas_profile"": ""HP-2"", ""meas_id"": 2, ""hum"": 35.61093, ""gas_res"": 7339.45}, {""temp"": 20.86352, ""step"": 0, ""status"": 1, ""pres"": 966.2784, ""meas_profile"": ""HP-1"", ""meas_id"": 1, ""hum"": 33.9704, ""gas_res"": 6129.094}]}",NULL,"2025-10-27 12:52:30.008459"
12695,"04a600b9b0b8","2025-10-27 12:51:21","1o7IqB3binTlPffd8v5Y","{""zphs01b"": {""voc"": 0, ""temp"": 18.8, ""pm2_5"": 0, ""pm1_0"": 0, ""pm10"": 347, ""o3"": 0.48, ""no2"": 10.0, ""hum"": 0, ""fmhd"": 0, ""co2"": 5000, ""co"": 0.0}, ""smell_b"": {}, ""sfa30"": {""temp"": 21.325, ""hum"": 35.84, ""fmhd"": 14.8}, ""sen5x"": {""voc"": 131.0, ""temp"": 21.465, ""pm4_0"": 4378.1, ""pm2_5"": 4378.1, ""pm1_0"": 4174.7, ""pm10"": 4378.1, ""nox"": 1.0, ""mass_c"": 4327.25, ""hum"": 40.72}, ""scd41"": {""temp"": 20.70344, ""hum"": 39.76348, ""co2"": 650}, ""power_source"": 0, ""mics6814"": {""red_res"": 0, ""no2_res"": 0, ""no2"": 0.17, ""nh3_res"": 0, ""nh3"": 0.73, ""co_res"": 0, ""co"": 44.0}}",NULL,"2025-10-27 12:52:31.2662"
12696,"04a600b9b0b8","2025-10-27 12:51:21","1o7IqB3binTlPffd8v5Y","{""bme688"": [{""temp"": 21.27107, ""step"": 9, ""status"": 1, ""pres"": 966.338, ""meas_profile"": ""HP-8"", ""meas_id"": 8, ""hum"": 35.39499, ""gas_res"": 5684.846}, {""temp"": 21.22891, ""step"": 9, ""status"": 1, ""pres"": 966.449, ""meas_profile"": ""HP-7"", ""meas_id"": 7, ""hum"": 35.25286, ""gas_res"": 5684.846}, {""temp"": 21.31473, ""step"": 9, ""status"": 1, ""pres"": 966.6506, ""meas_profile"": ""HP-6"", ""meas_id"": 6, ""hum"": 35.18985, ""gas_res"": 7595.538}, {""temp"": 21.19876, ""step"": 9, ""status"": 1, ""pres"": 966.3831, ""meas_profile"": ""HP-5"", ""meas_id"": 5, ""hum"": 35.38172, ""gas_res"": 25000.0}, {""temp"": 20.99781, ""step"": 9, ""status"": 1, ""pres"": 966.488, ""meas_profile"": ""HP-4"", ""meas_id"": 4, ""hum"": 34.85747, ""gas_res"": 22330.78}, {""temp"": 21.17551, ""step"": 9, ""status"": 1, ""pres"": 966.1401, ""meas_profile"": ""HP-3"", ""meas_id"": 3, ""hum"": 35.39581, ""gas_res"": 8196.722}, {""temp"": 21.09104, ""step"": 9, ""status"": 1, ""pres"": 966.2154, ""meas_profile"": ""HP-2"", ""meas_id"": 2, ""hum"": 35.60519, ""gas_res"": 6979.28}, {""temp"": 20.86289, ""step"": 9, ""status"": 1, ""pres"": 966.2757, ""meas_profile"": ""HP-1"", ""meas_id"": 1, ""hum"": 33.94695, ""gas_res"": 8184.143}]}",NULL,"2025-10-27 12:52:32.557845"
12697,"04a600b9b0b8","2025-10-27 12:51:21","1o7IqB3binTlPffd8v5Y","{""bme688"": [{""temp"": 21.27046, ""step"": 8, ""status"": 1, ""pres"": 966.337, ""meas_profile"": ""HP-8"", ""meas_id"": 8, ""hum"": 35.39493, ""gas_res"": 5684.846}, {""temp"": 21.22828, ""step"": 8, ""status"": 1, ""pres"": 966.4481, ""meas_profile"": ""HP-7"", ""meas_id"": 7, ""hum"": 35.26416, ""gas_res"": 5684.846}, {""temp"": 21.31411, ""step"": 8, ""status"": 1, ""pres"": 966.6477, ""meas_profile"": ""HP-6"", ""meas_id"": 6, ""hum"": 35.18403, ""gas_res"": 5895.357}, {""temp"": 21.19845, ""step"": 8, ""status"": 1, ""pres"": 966.3809, ""meas_profile"": ""HP-5"", ""meas_id"": 5, ""hum"": 35.40447, ""gas_res"": 22168.34}, {""temp"": 20.9975, ""step"": 8, ""status"": 1, ""pres"": 966.4875, ""meas_profile"": ""HP-4"", ""meas_id"": 4, ""hum"": 34.85168, ""gas_res"": 20605.28}, {""temp"": 21.17489, ""step"": 8, ""status"": 1, ""pres"": 966.139, ""meas_profile"": ""HP-3"", ""meas_id"": 3, ""hum"": 35.40152, ""gas_res"": 7441.86}, {""temp"": 21.09072, ""step"": 8, ""status"": 1, ""pres"": 966.2148, ""meas_profile"": ""HP-2"", ""meas_id"": 2, ""hum"": 35.60516, ""gas_res"": 6920.415}, {""temp"": 20.86227, ""step"": 8, ""status"": 1, ""pres"": 966.2766, ""meas_profile"": ""HP-1"", ""meas_id"": 1, ""hum"": 33.96444, ""gas_res"": 8012.018}]}",NULL,"2025-10-27 12:52:33.833716"
12698,"04a600b9b0b8","2025-10-27 12:51:21","1o7IqB3binTlPffd8v5Y","{""bme688"": [{""temp"": 21.26953, ""step"": 7, ""status"": 1, ""pres"": 966.3337, ""meas_profile"": ""HP-8"", ""meas_id"": 8, ""hum"": 35.39485, ""gas_res"": 5684.846}, {""temp"": 21.22735, ""step"": 7, ""status"": 1, ""pres"": 966.4464, ""meas_profile"": ""HP-7"", ""meas_id"": 7, ""hum"": 35.27544, ""gas_res"": 5684.846}, {""temp"": 21.31349, ""step"": 7, ""status"": 1, ""pres"": 966.6486, ""meas_profile"": ""HP-6"", ""meas_id"": 6, ""hum"": 35.20126, ""gas_res"": 7852.761}, {""temp"": 21.19813, ""step"": 7, ""status"": 1, ""pres"": 966.3821, ""meas_profile"": ""HP-5"", ""meas_id"": 5, ""hum"": 35.39875, ""gas_res"": 21563.34}, {""temp"": 20.99719, ""step"": 7, ""status"": 1, ""pres"": 966.4871, ""meas_profile"": ""HP-4"", ""meas_id"": 4, ""hum"": 34.86894, ""gas_res"": 18890.2}, {""temp"": 21.17427, ""step"": 7, ""status"": 1, ""pres"": 966.1382, ""meas_profile"": ""HP-3"", ""meas_id"": 3, ""hum"": 35.413, ""gas_res"": 6823.028}, {""temp"": 21.09041, ""step"": 7, ""status"": 1, ""pres"": 966.2144, ""meas_profile"": ""HP-2"", ""meas_id"": 2, ""hum"": 35.61084, ""gas_res"": 6669.446}, {""temp"": 20.86196, ""step"": 7, ""status"": 1, ""pres"": 966.2742, ""meas_profile"": ""HP-1"", ""meas_id"": 1, ""hum"": 33.94101, ""gas_res"": 7606.37}]}",NULL,"2025-10-27 12:52:37.045082"
12699,"04a600b9b0b8","2025-10-27 12:51:21","1o7IqB3binTlPffd8v5Y","{""bme688"": [{""temp"": 21.26891, ""step"": 6, ""status"": 1, ""pres"": 966.3328, ""meas_profile"": ""HP-8"", ""meas_id"": 8, ""hum"": 35.41203, ""gas_res"": 8247.423}, {""temp"": 21.22704, ""step"": 6, ""status"": 1, ""pres"": 966.4442, ""meas_profile"": ""HP-7"", ""meas_id"": 7, ""hum"": 35.26405, ""gas_res"": 10332.58}, {""temp"": 21.31288, ""step"": 6, ""status"": 1, ""pres"": 966.6474, ""meas_profile"": ""HP-6"", ""meas_id"": 6, ""hum"": 35.2012, ""gas_res"": 25467.57}, {""temp"": 21.19813, ""step"": 6, ""status"": 1, ""pres"": 966.3804, ""meas_profile"": ""HP-5"", ""meas_id"": 5, ""hum"": 35.41584, ""gas_res"": 100000.0}, {""temp"": 20.99656, ""step"": 6, ""status"": 1, ""pres"": 966.486, ""meas_profile"": ""HP-4"", ""meas_id"": 4, ""hum"": 34.89194, ""gas_res"": 107382.5}, {""temp"": 21.17397, ""step"": 6, ""status"": 1, ""pres"": 966.1376, ""meas_profile"": ""HP-3"", ""meas_id"": 3, ""hum"": 35.40144, ""gas_res"": 38776.13}, {""temp"": 21.0901, ""step"": 6, ""status"": 1, ""pres"": 966.214, ""meas_profile"": ""HP-2"", ""meas_id"": 2, ""hum"": 35.5994, ""gas_res"": 100000.0}, {""temp"": 20.86134, ""step"": 6, ""status"": 1, ""pres"": 966.2733, ""meas_profile"": ""HP-1"", ""meas_id"": 1, ""hum"": 33.93511, ""gas_res"": 82103.91}]}",NULL,"2025-10-27 12:52:37.7546"
12700,"04a600b9b0b8","2025-10-27 12:51:21","1o7IqB3binTlPffd8v5Y","{""bme688"": [{""temp"": 21.2686, ""step"": 5, ""status"": 1, ""pres"": 966.3323, ""meas_profile"": ""HP-8"", ""meas_id"": 8, ""hum"": 35.41775, ""gas_res"": 8171.604}, {""temp"": 21.22704, ""step"": 5, ""status"": 1, ""pres"": 966.4442, ""meas_profile"": ""HP-7"", ""meas_id"": 7, ""hum"": 35.27541, ""gas_res"": 10312.6}, {""temp"": 21.31257, ""step"": 5, ""status"": 1, ""pres"": 966.647, ""meas_profile"": ""HP-6"", ""meas_id"": 6, ""hum"": 35.19541, ""gas_res"": 25301.44}, {""temp"": 21.19782, ""step"": 5, ""status"": 1, ""pres"": 966.3816, ""meas_profile"": ""HP-5"", ""meas_id"": 5, ""hum"": 35.41011, ""gas_res"": 100000.0}, {""temp"": 20.99594, ""step"": 5, ""status"": 1, ""pres"": 966.485, ""meas_profile"": ""HP-4"", ""meas_id"": 4, ""hum"": 34.86307, ""gas_res"": 107517.9}, {""temp"": 21.17366, ""step"": 5, ""status"": 1, ""pres"": 966.137, ""meas_profile"": ""HP-3"", ""meas_id"": 3, ""hum"": 35.39564, ""gas_res"": 37680.3}, {""temp"": 21.08948, ""step"": 5, ""status"": 1, ""pres"": 966.2129, ""meas_profile"": ""HP-2"", ""meas_id"": 2, ""hum"": 35.61646, ""gas_res"": 100000.0}, {""temp"": 20.86103, ""step"": 5, ""status"": 1, ""pres"": 966.2728, ""meas_profile"": ""HP-1"", ""meas_id"": 1, ""hum"": 33.94677, ""gas_res"": 45567.82}]}",NULL,"2025-10-27 12:52:38.444773"
12701,"04a600b9b0b8","2025-10-27 12:51:21","1o7IqB3binTlPffd8v5Y","{""bme688"": [{""temp"": 21.26798, ""step"": 4, ""status"": 1, ""pres"": 966.3315, ""meas_profile"": ""HP-8"", ""meas_id"": 8, ""hum"": 35.42343, ""gas_res"": 8128.016}, {""temp"": 21.22642, ""step"": 4, ""status"": 1, ""pres"": 966.4431, ""meas_profile"": ""HP-7"", ""meas_id"": 7, ""hum"": 35.28103, ""gas_res"": 10213.85}, {""temp"": 21.31195, ""step"": 4, ""status"": 1, ""pres"": 966.6461, ""meas_profile"": ""HP-6"", ""meas_id"": 6, ""hum"": 35.20688, ""gas_res"": 25498.01}, {""temp"": 21.1972, ""step"": 4, ""status"": 1, ""pres"": 966.3807, ""meas_profile"": ""HP-5"", ""meas_id"": 5, ""hum"": 35.39296, ""gas_res"": 94325.72}, {""temp"": 20.99532, ""step"": 4, ""status"": 1, ""pres"": 966.484, ""meas_profile"": ""HP-4"", ""meas_id"": 4, ""hum"": 34.87453, ""gas_res"": 109238.3}, {""temp"": 21.17335, ""step"": 4, ""status"": 1, ""pres"": 966.1367, ""meas_profile"": ""HP-3"", ""meas_id"": 3, ""hum"": 35.40715, ""gas_res"": 36363.64}, {""temp"": 21.08917, ""step"": 4, ""status"": 1, ""pres"": 966.2123, ""meas_profile"": ""HP-2"", ""meas_id"": 2, ""hum"": 35.61642, ""gas_res"": 100000.0}, {""temp"": 20.86071, ""step"": 4, ""status"": 1, ""pres"": 966.2723, ""meas_profile"": ""HP-1"", ""meas_id"": 1, ""hum"": 33.95844, ""gas_res"": 43389.83}]}",NULL,"2025-10-27 12:52:39.135247"
12702,"04a600b9b0b8","2025-10-27 12:51:21","1o7IqB3binTlPffd8v5Y","{""bme688"": [{""temp"": 21.26737, ""step"": 3, ""status"": 1, ""pres"": 966.3304, ""meas_profile"": ""HP-8"", ""meas_id"": 8, ""hum"": 35.42337, ""gas_res"": 8241.051}, {""temp"": 21.22611, ""step"": 3, ""status"": 1, ""pres"": 966.4426, ""meas_profile"": ""HP-7"", ""meas_id"": 7, ""hum"": 35.29236, ""gas_res"": 10031.35}, {""temp"": 21.31102, ""step"": 3, ""status"": 1, ""pres"": 966.6446, ""meas_profile"": ""HP-6"", ""meas_id"": 6, ""hum"": 35.21832, ""gas_res"": 24446.14}, {""temp"": 21.19657, ""step"": 3, ""status"": 1, ""pres"": 966.3795, ""meas_profile"": ""HP-5"", ""meas_id"": 5, ""hum"": 35.42138, ""gas_res"": 49863.65}, {""temp"": 20.99439, ""step"": 3, ""status"": 1, ""pres"": 966.4841, ""meas_profile"": ""HP-4"", ""meas_id"": 4, ""hum"": 34.8975, ""gas_res"": 77552.26}, {""temp"": 21.17273, ""step"": 3, ""status"": 1, ""pres"": 966.1356, ""meas_profile"": ""HP-3"", ""meas_id"": 3, ""hum"": 35.4244, ""gas_res"": 40163.16}, {""temp"": 21.08855, ""step"": 3, ""status"": 1, ""pres"": 966.2097, ""meas_profile"": ""HP-2"", ""meas_id"": 2, ""hum"": 35.62777, ""gas_res"": 65173.12}, {""temp"": 20.8604, ""step"": 3, ""status"": 1, ""pres"": 966.2719, ""meas_profile"": ""HP-1"", ""meas_id"": 1, ""hum"": 33.95842, ""gas_res"": 49004.59}]}",NULL,"2025-10-27 12:52:39.800584"
12703,"04a600b9b0b8","2025-10-27 12:51:21","1o7IqB3binTlPffd8v5Y","{""bme688"": [{""temp"": 21.26675, ""step"": 2, ""status"": 1, ""pres"": 966.3276, ""meas_profile"": ""HP-8"", ""meas_id"": 8, ""hum"": 35.42907, ""gas_res"": 20725.39}, {""temp"": 21.22549, ""step"": 2, ""status"": 1, ""pres"": 966.4398, ""meas_profile"": ""HP-7"", ""meas_id"": 7, ""hum"": 35.28662, ""gas_res"": 28082.49}, {""temp"": 21.31072, ""step"": 2, ""status"": 1, ""pres"": 966.644, ""meas_profile"": ""HP-6"", ""meas_id"": 6, ""hum"": 35.20676, ""gas_res"": 106978.7}, {""temp"": 21.19594, ""step"": 2, ""status"": 1, ""pres"": 966.3784, ""meas_profile"": ""HP-5"", ""meas_id"": 5, ""hum"": 35.40424, ""gas_res"": 323436.5}, {""temp"": 20.99408, ""step"": 2, ""status"": 1, ""pres"": 966.4835, ""meas_profile"": ""HP-4"", ""meas_id"": 4, ""hum"": 34.90323, ""gas_res"": 438919.8}, {""temp"": 21.17211, ""step"": 2, ""status"": 1, ""pres"": 966.1348, ""meas_profile"": ""HP-3"", ""meas_id"": 3, ""hum"": 35.4301, ""gas_res"": 196923.1}, {""temp"": 21.08793, ""step"": 2, ""status"": 1, ""pres"": 966.2086, ""meas_profile"": ""HP-2"", ""meas_id"": 2, ""hum"": 35.63341, ""gas_res"": 350684.9}, {""temp"": 20.85978, ""step"": 2, ""status"": 1, ""pres"": 966.271, ""meas_profile"": ""HP-1"", ""meas_id"": 1, ""hum"": 33.9759, ""gas_res"": 252964.4}]}",NULL,"2025-10-27 12:52:40.48026"
12704,"04a600b9b0b8","2025-10-27 12:51:21","1o7IqB3binTlPffd8v5Y","{""bme688"": [{""temp"": 21.26644, ""step"": 1, ""status"": 1, ""pres"": 966.3271, ""meas_profile"": ""HP-8"", ""meas_id"": 8, ""hum"": 35.43478, ""gas_res"": 6809.959}, {""temp"": 21.22487, ""step"": 1, ""status"": 1, ""pres"": 966.4388, ""meas_profile"": ""HP-7"", ""meas_id"": 7, ""hum"": 35.29792, ""gas_res"": 6681.979}, {""temp"": 21.31041, ""step"": 1, ""status"": 1, ""pres"": 966.6437, ""meas_profile"": ""HP-6"", ""meas_id"": 6, ""hum"": 35.20673, ""gas_res"": 22030.98}, {""temp"": 21.19563, ""step"": 1, ""status"": 1, ""pres"": 966.378, ""meas_profile"": ""HP-5"", ""meas_id"": 5, ""hum"": 35.4156, ""gas_res"": 27953.7}, {""temp"": 20.99377, ""step"": 1, ""status"": 1, ""pres"": 966.483, ""meas_profile"": ""HP-4"", ""meas_id"": 4, ""hum"": 34.9032, ""gas_res"": 29850.75}, {""temp"": 21.1718, ""step"": 1, ""status"": 1, ""pres"": 966.1342, ""meas_profile"": ""HP-3"", ""meas_id"": 3, ""hum"": 35.45315, ""gas_res"": 25000.0}, {""temp"": 21.08762, ""step"": 1, ""status"": 1, ""pres"": 966.2082, ""meas_profile"": ""HP-2"", ""meas_id"": 2, ""hum"": 35.63909, ""gas_res"": 24019.52}, {""temp"": 20.85947, ""step"": 1, ""status"": 1, ""pres"": 966.2704, ""meas_profile"": ""HP-1"", ""meas_id"": 1, ""hum"": 33.97588, ""gas_res"": 25000.0}]}",NULL,"2025-10-27 12:52:41.421538"
12705,"04a600b9b0b8","2025-10-27 12:51:21","1o7IqB3binTlPffd8v5Y","{""bme688"": [{""temp"": 21.26551, ""step"": 0, ""status"": 1, ""pres"": 966.3257, ""meas_profile"": ""HP-8"", ""meas_id"": 8, ""hum"": 35.44044, ""gas_res"": 5684.846}, {""temp"": 21.22425, ""step"": 0, ""status"": 1, ""pres"": 966.4378, ""meas_profile"": ""HP-7"", ""meas_id"": 7, ""hum"": 35.26947, ""gas_res"": 5684.846}, {""temp"": 21.3101, ""step"": 0, ""status"": 1, ""pres"": 966.6431, ""meas_profile"": ""HP-6"", ""meas_id"": 6, ""hum"": 35.22399, ""gas_res"": 6090.598}, {""temp"": 21.19532, ""step"": 0, ""status"": 1, ""pres"": 966.3759, ""meas_profile"": ""HP-5"", ""meas_id"": 5, ""hum"": 35.41557, ""gas_res"": 21541.57}, {""temp"": 20.99315, ""step"": 0, ""status"": 1, ""pres"": 966.4836, ""meas_profile"": ""HP-4"", ""meas_id"": 4, ""hum"": 34.90891, ""gas_res"": 18073.99}, {""temp"": 21.17118, ""step"": 0, ""status"": 1, ""pres"": 966.1331, ""meas_profile"": ""HP-3"", ""meas_id"": 3, ""hum"": 35.42425, ""gas_res"": 6439.928}, {""temp"": 21.087, ""step"": 0, ""status"": 1, ""pres"": 966.207, ""meas_profile"": ""HP-2"", ""meas_id"": 2, ""hum"": 35.65043, ""gas_res"": 5967.922}, {""temp"": 20.85885, ""step"": 0, ""status"": 1, ""pres"": 966.2695, ""meas_profile"": ""HP-1"", ""meas_id"": 1, ""hum"": 33.96998, ""gas_res"": 7057.786}]}",NULL,"2025-10-27 12:52:42.210113"
12706,"04a600b9b0b8","2025-10-27 12:53:18","1o7IqB3binTlPffd8v5Y","{""zphs01b"": {""voc"": 0, ""temp"": 19.0, ""pm2_5"": 0, ""pm1_0"": 0, ""pm10"": 356, ""o3"": 0.04, ""no2"": 4.1, ""hum"": 0, ""fmhd"": 0, ""co2"": 5000, ""co"": 0.0}, ""smell_b"": {}, ""sfa30"": {""temp"": 21.38, ""hum"": 35.7, ""fmhd"": 13.2}, ""sen5x"": {""voc"": 119.0, ""temp"": 21.385, ""pm4_0"": 4532.2, ""pm2_5"": 4532.2, ""pm1_0"": 4321.7, ""pm10"": 4532.2, ""nox"": 1.0, ""mass_c"": 4479.575, ""hum"": 41.02}, ""scd41"": {""temp"": 20.95979, ""hum"": 39.35454, ""co2"": 674}, ""power_source"": 0, ""mics6814"": {""red_res"": 0, ""no2_res"": 0, ""no2"": 0.17, ""nh3_res"": 0, ""nh3"": 0.73, ""co_res"": 0, ""co"": 44.0}}",NULL,"2025-10-27 12:53:45.715422"
12707,"04a600b9b0b8","2025-10-27 12:53:18","1o7IqB3binTlPffd8v5Y","{""bme688"": [{""temp"": 21.2964, ""step"": 9, ""status"": 1, ""pres"": 966.3775, ""meas_profile"": ""HP-8"", ""meas_id"": 8, ""hum"": 35.19064, ""gas_res"": 5684.846}, {""temp"": 21.25251, ""step"": 9, ""status"": 1, ""pres"": 966.4865, ""meas_profile"": ""HP-7"", ""meas_id"": 7, ""hum"": 35.04509, ""gas_res"": 5684.846}, {""temp"": 21.33696, ""step"": 9, ""status"": 1, ""pres"": 966.6638, ""meas_profile"": ""HP-6"", ""meas_id"": 6, ""hum"": 34.99041, ""gas_res"": 6189.555}, {""temp"": 21.21908, ""step"": 9, ""status"": 1, ""pres"": 966.4029, ""meas_profile"": ""HP-5"", ""meas_id"": 5, ""hum"": 35.17306, ""gas_res"": 25000.0}, {""temp"": 21.01738, ""step"": 9, ""status"": 1, ""pres"": 966.4951, ""meas_profile"": ""HP-4"", ""meas_id"": 4, ""hum"": 34.66924, ""gas_res"": 25000.0}, {""temp"": 21.19561, ""step"": 9, ""status"": 1, ""pres"": 966.161, ""meas_profile"": ""HP-3"", ""meas_id"": 3, ""hum"": 35.20747, ""gas_res"": 6677.796}, {""temp"": 21.11029, ""step"": 9, ""status"": 1, ""pres"": 966.2454, ""meas_profile"": ""HP-2"", ""meas_id"": 2, ""hum"": 35.41894, ""gas_res"": 8196.722}, {""temp"": 20.88219, ""step"": 9, ""status"": 1, ""pres"": 966.298, ""meas_profile"": ""HP-1"", ""meas_id"": 1, ""hum"": 33.76168, ""gas_res"": 6347.947}]}",NULL,"2025-10-27 12:53:46.79426"
12708,"04a600b9b0b8","2025-10-27 12:53:18","1o7IqB3binTlPffd8v5Y","{""bme688"": [{""temp"": 21.29547, ""step"": 8, ""status"": 1, ""pres"": 966.3761, ""meas_profile"": ""HP-8"", ""meas_id"": 8, ""hum"": 35.21925, ""gas_res"": 5684.846}, {""temp"": 21.25126, ""step"": 8, ""status"": 1, ""pres"": 966.4844, ""meas_profile"": ""HP-7"", ""meas_id"": 7, ""hum"": 35.06767, ""gas_res"": 5684.846}, {""temp"": 21.33603, ""step"": 8, ""status"": 1, ""pres"": 966.6638, ""meas_profile"": ""HP-6"", ""meas_id"": 6, ""hum"": 34.99033, ""gas_res"": 6447.713}, {""temp"": 21.21815, ""step"": 8, ""status"": 1, ""pres"": 966.4032, ""meas_profile"": ""HP-5"", ""meas_id"": 5, ""hum"": 35.18435, ""gas_res"": 25000.0}, {""temp"": 21.01675, ""step"": 8, ""status"": 1, ""pres"": 966.4941, ""meas_profile"": ""HP-4"", ""meas_id"": 4, ""hum"": 34.68645, ""gas_res"": 25000.0}, {""temp"": 21.19468, ""step"": 8, ""status"": 1, ""pres"": 966.1594, ""meas_profile"": ""HP-3"", ""meas_id"": 3, ""hum"": 35.21314, ""gas_res"": 6302.935}, {""temp"": 21.10967, ""step"": 8, ""status"": 1, ""pres"": 966.2444, ""meas_profile"": ""HP-2"", ""meas_id"": 2, ""hum"": 35.41319, ""gas_res"": 8228.336}, {""temp"": 20.88157, ""step"": 8, ""status"": 1, ""pres"": 966.2989, ""meas_profile"": ""HP-1"", ""meas_id"": 1, ""hum"": 33.76162, ""gas_res"": 6542.629}]}",NULL,"2025-10-27 12:53:48.167145"
12709,"04a600b9b0b8","2025-10-27 12:53:18","1o7IqB3binTlPffd8v5Y","{""bme688"": [{""temp"": 21.29424, ""step"": 7, ""status"": 1, ""pres"": 966.3742, ""meas_profile"": ""HP-8"", ""meas_id"": 8, ""hum"": 35.20765, ""gas_res"": 5684.846}, {""temp"": 21.25002, ""step"": 7, ""status"": 1, ""pres"": 966.4824, ""meas_profile"": ""HP-7"", ""meas_id"": 7, ""hum"": 35.06187, ""gas_res"": 5684.846}, {""temp"": 21.3351, ""step"": 7, ""status"": 1, ""pres"": 966.6625, ""meas_profile"": ""HP-6"", ""meas_id"": 6, ""hum"": 34.99024, ""gas_res"": 6486.925}, {""temp"": 21.21752, ""step"": 7, ""status"": 1, ""pres"": 966.402, ""meas_profile"": ""HP-5"", ""meas_id"": 5, ""hum"": 35.17291, ""gas_res"": 25000.0}, {""temp"": 21.01613, ""step"": 7, ""status"": 1, ""pres"": 966.4949, ""meas_profile"": ""HP-4"", ""meas_id"": 4, ""hum"": 34.66912, ""gas_res"": 23332.12}, {""temp"": 21.19407, ""step"": 7, ""status"": 1, ""pres"": 966.1602, ""meas_profile"": ""HP-3"", ""meas_id"": 3, ""hum"": 35.20156, ""gas_res"": 5991.387}, {""temp"": 21.10905, ""step"": 7, ""status"": 1, ""pres"": 966.2432, ""meas_profile"": ""HP-2"", ""meas_id"": 2, ""hum"": 35.40743, ""gas_res"": 8091.024}, {""temp"": 20.88063, ""step"": 7, ""status"": 1, ""pres"": 966.2975, ""meas_profile"": ""HP-1"", ""meas_id"": 1, ""hum"": 33.74401, ""gas_res"": 6482.982}]}",NULL,"2025-10-27 12:53:49.349722"
12710,"04a600b9b0b8","2025-10-27 12:53:18","1o7IqB3binTlPffd8v5Y","{""bme688"": [{""temp"": 21.29331, ""step"": 6, ""status"": 1, ""pres"": 966.3744, ""meas_profile"": ""HP-8"", ""meas_id"": 8, ""hum"": 35.18461, ""gas_res"": 8490.315}, {""temp"": 21.2494, ""step"": 6, ""status"": 1, ""pres"": 966.4813, ""meas_profile"": ""HP-7"", ""meas_id"": 7, ""hum"": 35.0448, ""gas_res"": 10781.67}, {""temp"": 21.33418, ""step"": 6, ""status"": 1, ""pres"": 966.6627, ""meas_profile"": ""HP-6"", ""meas_id"": 6, ""hum"": 35.00166, ""gas_res"": 28381.38}, {""temp"": 21.2169, ""step"": 6, ""status"": 1, ""pres"": 966.401, ""meas_profile"": ""HP-5"", ""meas_id"": 5, ""hum"": 35.18423, ""gas_res"": 110870.5}, {""temp"": 21.0152, ""step"": 6, ""status"": 1, ""pres"": 966.495, ""meas_profile"": ""HP-4"", ""meas_id"": 4, ""hum"": 34.66328, ""gas_res"": 129653.1}, {""temp"": 21.19314, ""step"": 6, ""status"": 1, ""pres"": 966.1587, ""meas_profile"": ""HP-3"", ""meas_id"": 3, ""hum"": 35.20724, ""gas_res"": 79281.51}, {""temp"": 21.10811, ""step"": 6, ""status"": 1, ""pres"": 966.2417, ""meas_profile"": ""HP-2"", ""meas_id"": 2, ""hum"": 35.40734, ""gas_res"": 105004.1}, {""temp"": 20.88001, ""step"": 6, ""status"": 1, ""pres"": 966.2965, ""meas_profile"": ""HP-1"", ""meas_id"": 1, ""hum"": 33.779, ""gas_res"": 100000.0}]}",NULL,"2025-10-27 12:53:50.638734"
12711,"04a600b9b0b8","2025-10-27 12:53:18","1o7IqB3binTlPffd8v5Y","{""bme688"": [{""temp"": 21.29239, ""step"": 5, ""status"": 1, ""pres"": 966.373, ""meas_profile"": ""HP-8"", ""meas_id"": 8, ""hum"": 35.20174, ""gas_res"": 8443.271}, {""temp"": 21.24878, ""step"": 5, ""status"": 1, ""pres"": 966.4802, ""meas_profile"": ""HP-7"", ""meas_id"": 7, ""hum"": 35.05042, ""gas_res"": 10716.68}, {""temp"": 21.33356, ""step"": 5, ""status"": 1, ""pres"": 966.6617, ""meas_profile"": ""HP-6"", ""meas_id"": 6, ""hum"": 34.9901, ""gas_res"": 28438.13}, {""temp"": 21.21596, ""step"": 5, ""status"": 1, ""pres"": 966.4012, ""meas_profile"": ""HP-5"", ""meas_id"": 5, ""hum"": 35.18414, ""gas_res"": 111522.5}, {""temp"": 21.01427, ""step"": 5, ""status"": 1, ""pres"": 966.4933, ""meas_profile"": ""HP-4"", ""meas_id"": 4, ""hum"": 34.67471, ""gas_res"": 132780.1}, {""temp"": 21.19221, ""step"": 5, ""status"": 1, ""pres"": 966.1588, ""meas_profile"": ""HP-3"", ""meas_id"": 3, ""hum"": 35.22444, ""gas_res"": 78551.7}, {""temp"": 21.10749, ""step"": 5, ""status"": 1, ""pres"": 966.2407, ""meas_profile"": ""HP-2"", ""meas_id"": 2, ""hum"": 35.40729, ""gas_res"": 103854.0}, {""temp"": 20.87939, ""step"": 5, ""status"": 1, ""pres"": 966.2972, ""meas_profile"": ""HP-1"", ""meas_id"": 1, ""hum"": 33.76727, ""gas_res"": 100000.0}]}",NULL,"2025-10-27 12:53:51.908182"
12712,"04a600b9b0b8","2025-10-27 12:53:18","1o7IqB3binTlPffd8v5Y","{""bme688"": [{""temp"": 21.29177, ""step"": 4, ""status"": 1, ""pres"": 966.3722, ""meas_profile"": ""HP-8"", ""meas_id"": 8, ""hum"": 35.21316, ""gas_res"": 8497.079}, {""temp"": 21.24816, ""step"": 4, ""status"": 1, ""pres"": 966.481, ""meas_profile"": ""HP-7"", ""meas_id"": 7, ""hum"": 35.07304, ""gas_res"": 10652.46}, {""temp"": 21.33263, ""step"": 4, ""status"": 1, ""pres"": 966.6619, ""meas_profile"": ""HP-6"", ""meas_id"": 6, ""hum"": 34.97851, ""gas_res"": 28783.45}, {""temp"": 21.21502, ""step"": 4, ""status"": 1, ""pres"": 966.3997, ""meas_profile"": ""HP-5"", ""meas_id"": 5, ""hum"": 35.17836, ""gas_res"": 114746.8}, {""temp"": 21.01365, ""step"": 4, ""status"": 1, ""pres"": 966.494, ""meas_profile"": ""HP-4"", ""meas_id"": 4, ""hum"": 34.67465, ""gas_res"": 138266.3}, {""temp"": 21.19159, ""step"": 4, ""status"": 1, ""pres"": 966.1579, ""meas_profile"": ""HP-3"", ""meas_id"": 3, ""hum"": 35.21861, ""gas_res"": 78696.59}, {""temp"": 21.10625, ""step"": 4, ""status"": 1, ""pres"": 966.2403, ""meas_profile"": ""HP-2"", ""meas_id"": 2, ""hum"": 35.44135, ""gas_res"": 104298.2}, {""temp"": 20.87908, ""step"": 4, ""status"": 1, ""pres"": 966.2968, ""meas_profile"": ""HP-1"", ""meas_id"": 1, ""hum"": 33.77308, ""gas_res"": 100000.0}]}",NULL,"2025-10-27 12:53:53.314448"
12713,"04a600b9b0b8","2025-10-27 12:53:18","1o7IqB3binTlPffd8v5Y","{""bme688"": [{""temp"": 21.29053, ""step"": 3, ""status"": 0, ""pres"": 966.3702, ""meas_profile"": ""HP-8"", ""meas_id"": 8, ""hum"": 35.236, ""gas_res"": 5684.846}, {""temp"": 21.24723, ""step"": 3, ""status"": 0, ""pres"": 966.4792, ""meas_profile"": ""HP-7"", ""meas_id"": 7, ""hum"": 35.07296, ""gas_res"": 6698.765}, {""temp"": 21.33171, ""step"": 3, ""status"": 0, ""pres"": 966.6623, ""meas_profile"": ""HP-6"", ""meas_id"": 6, ""hum"": 35.02445, ""gas_res"": 16084.44}, {""temp"": 21.21408, ""step"": 3, ""status"": 0, ""pres"": 966.3999, ""meas_profile"": ""HP-5"", ""meas_id"": 5, ""hum"": 35.20103, ""gas_res"": 38288.96}, {""temp"": 21.01272, ""step"": 3, ""status"": 0, ""pres"": 966.4941, ""meas_profile"": ""HP-4"", ""meas_id"": 4, ""hum"": 34.69183, ""gas_res"": 43700.92}, {""temp"": 21.19066, ""step"": 3, ""status"": 0, ""pres"": 966.1564, ""meas_profile"": ""HP-3"", ""meas_id"": 3, ""hum"": 35.25311, ""gas_res"": 26778.24}, {""temp"": 21.10532, ""step"": 3, ""status"": 0, ""pres"": 966.2389, ""meas_profile"": ""HP-2"", ""meas_id"": 2, ""hum"": 35.42987, ""gas_res"": 42609.86}, {""temp"": 20.87814, ""step"": 3, ""status"": 0, ""pres"": 966.2972, ""meas_profile"": ""HP-1"", ""meas_id"": 1, ""hum"": 33.8022, ""gas_res"": 27807.95}]}",NULL,"2025-10-27 12:53:54.477908"
12714,"04a600b9b0b8","2025-10-27 12:53:18","1o7IqB3binTlPffd8v5Y","{""bme688"": [{""temp"": 21.2896, ""step"": 2, ""status"": 1, ""pres"": 966.3686, ""meas_profile"": ""HP-8"", ""meas_id"": 8, ""hum"": 35.25314, ""gas_res"": 17103.15}, {""temp"": 21.2463, ""step"": 2, ""status"": 1, ""pres"": 966.4796, ""meas_profile"": ""HP-7"", ""meas_id"": 7, ""hum"": 35.09556, ""gas_res"": 23383.27}, {""temp"": 21.33078, ""step"": 2, ""status"": 1, ""pres"": 966.6607, ""meas_profile"": ""HP-6"", ""meas_id"": 6, ""hum"": 35.03012, ""gas_res"": 89510.49}, {""temp"": 21.21314, ""step"": 2, ""status"": 1, ""pres"": 966.3984, ""meas_profile"": ""HP-5"", ""meas_id"": 5, ""hum"": 35.20663, ""gas_res"": 275639.3}, {""temp"": 21.0121, ""step"": 2, ""status"": 1, ""pres"": 966.4931, ""meas_profile"": ""HP-4"", ""meas_id"": 4, ""hum"": 34.72056, ""gas_res"": 420016.4}, {""temp"": 21.18974, ""step"": 2, ""status"": 1, ""pres"": 966.1548, ""meas_profile"": ""HP-3"", ""meas_id"": 3, ""hum"": 35.25878, ""gas_res"": 194565.8}, {""temp"": 21.1047, ""step"": 2, ""status"": 1, ""pres"": 966.2377, ""meas_profile"": ""HP-2"", ""meas_id"": 2, ""hum"": 35.45829, ""gas_res"": 351407.0}, {""temp"": 20.87721, ""step"": 2, ""status"": 1, ""pres"": 966.2958, ""meas_profile"": ""HP-1"", ""meas_id"": 1, ""hum"": 33.80796, ""gas_res"": 254663.0}]}",NULL,"2025-10-27 12:53:55.7497"
12715,"04a600b9b0b8","2025-10-27 12:53:18","1o7IqB3binTlPffd8v5Y","{""bme688"": [{""temp"": 21.28899, ""step"": 1, ""status"": 1, ""pres"": 966.3678, ""meas_profile"": ""HP-8"", ""meas_id"": 8, ""hum"": 35.24734, ""gas_res"": 5885.599}, {""temp"": 21.24567, ""step"": 1, ""status"": 1, ""pres"": 966.4785, ""meas_profile"": ""HP-7"", ""meas_id"": 7, ""hum"": 35.10685, ""gas_res"": 7002.188}, {""temp"": 21.33016, ""step"": 1, ""status"": 1, ""pres"": 966.6614, ""meas_profile"": ""HP-6"", ""meas_id"": 6, ""hum"": 35.03006, ""gas_res"": 25000.0}, {""temp"": 21.21252, ""step"": 1, ""status"": 1, ""pres"": 966.3973, ""meas_profile"": ""HP-5"", ""meas_id"": 5, ""hum"": 35.22363, ""gas_res"": 34261.24}, {""temp"": 21.01147, ""step"": 1, ""status"": 1, ""pres"": 966.4938, ""meas_profile"": ""HP-4"", ""meas_id"": 4, ""hum"": 34.70323, ""gas_res"": 39060.12}, {""temp"": 21.18912, ""step"": 1, ""status"": 1, ""pres"": 966.1556, ""meas_profile"": ""HP-3"", ""meas_id"": 3, ""hum"": 35.24143, ""gas_res"": 25000.0}, {""temp"": 21.10408, ""step"": 1, ""status"": 1, ""pres"": 966.2368, ""meas_profile"": ""HP-2"", ""meas_id"": 2, ""hum"": 35.47532, ""gas_res"": 33143.45}, {""temp"": 20.87659, ""step"": 1, ""status"": 1, ""pres"": 966.2949, ""meas_profile"": ""HP-1"", ""meas_id"": 1, ""hum"": 33.80206, ""gas_res"": 23898.43}]}",NULL,"2025-10-27 12:53:57.048971"
12716,"04a600b9b0b8","2025-10-27 12:53:18","1o7IqB3binTlPffd8v5Y","{""bme688"": [{""temp"": 21.28775, ""step"": 0, ""status"": 1, ""pres"": 966.3658, ""meas_profile"": ""HP-8"", ""meas_id"": 8, ""hum"": 35.24723, ""gas_res"": 5684.846}, {""temp"": 21.24443, ""step"": 0, ""status"": 1, ""pres"": 966.4763, ""meas_profile"": ""HP-7"", ""meas_id"": 7, ""hum"": 35.11241, ""gas_res"": 5684.846}, {""temp"": 21.32924, ""step"": 0, ""status"": 1, ""pres"": 966.66, ""meas_profile"": ""HP-6"", ""meas_id"": 6, ""hum"": 35.04149, ""gas_res"": 6736.842}, {""temp"": 21.21189, ""step"": 0, ""status"": 1, ""pres"": 966.3962, ""meas_profile"": ""HP-5"", ""meas_id"": 5, ""hum"": 35.23495, ""gas_res"": 25000.0}, {""temp"": 21.01085, ""step"": 0, ""status"": 1, ""pres"": 966.4944, ""meas_profile"": ""HP-4"", ""meas_id"": 4, ""hum"": 34.7262, ""gas_res"": 25000.0}, {""temp"": 21.1885, ""step"": 0, ""status"": 1, ""pres"": 966.1546, ""meas_profile"": ""HP-3"", ""meas_id"": 3, ""hum"": 35.27595, ""gas_res"": 5938.022}, {""temp"": 21.10346, ""step"": 0, ""status"": 1, ""pres"": 966.2358, ""meas_profile"": ""HP-2"", ""meas_id"": 2, ""hum"": 35.45248, ""gas_res"": 7940.447}, {""temp"": 20.87597, ""step"": 0, ""status"": 1, ""pres"": 966.294, ""meas_profile"": ""HP-1"", ""meas_id"": 1, ""hum"": 33.80785, ""gas_res"": 6486.925}]}",NULL,"2025-10-27 12:53:58.406059"
12717,"04a600b9b0b8","2025-10-27 12:52:51","1o7IqB3binTlPffd8v5Y","{""zphs01b"": {""voc"": 0, ""temp"": 19.0, ""pm2_5"": 0, ""pm1_0"": 0, ""pm10"": 363, ""o3"": 0.09999999, ""no2"": 0.77, ""hum"": 0, ""fmhd"": 0, ""co2"": 5000, ""co"": 0.0}, ""smell_b"": {}, ""sfa30"": {""temp"": 21.36, ""hum"": 35.75, ""fmhd"": 14.2}, ""sen5x"": {""voc"": 145.0, ""temp"": 21.4, ""pm4_0"": 4468.3, ""pm2_5"": 4468.3, ""pm1_0"": 4260.8, ""pm10"": 4468.3, ""nox"": 1.0, ""mass_c"": 4416.425, ""hum"": 40.94}, ""scd41"": {""temp"": 20.86633, ""hum"": 39.43847, ""co2"": 667}, ""power_source"": 0, ""mics6814"": {""red_res"": 0, ""no2_res"": 0, ""no2"": 0.17, ""nh3_res"": 0, ""nh3"": 0.73, ""co_res"": 0, ""co"": 44.0}}",NULL,"2025-10-27 12:53:59.49113"
12718,"04a600b9b0b8","2025-10-27 12:52:51","1o7IqB3binTlPffd8v5Y","{""bme688"": [{""temp"": 21.28682, ""step"": 9, ""status"": 1, ""pres"": 966.3643, ""meas_profile"": ""HP-8"", ""meas_id"": 8, ""hum"": 35.2701, ""gas_res"": 5684.846}, {""temp"": 21.2435, ""step"": 9, ""status"": 1, ""pres"": 966.4749, ""meas_profile"": ""HP-7"", ""meas_id"": 7, ""hum"": 35.14069, ""gas_res"": 5684.846}, {""temp"": 21.32862, ""step"": 9, ""status"": 1, ""pres"": 966.6607, ""meas_profile"": ""HP-6"", ""meas_id"": 6, ""hum"": 35.07597, ""gas_res"": 7988.018}, {""temp"": 21.21127, ""step"": 9, ""status"": 1, ""pres"": 966.397, ""meas_profile"": ""HP-5"", ""meas_id"": 5, ""hum"": 35.26335, ""gas_res"": 25000.0}, {""temp"": 21.01023, ""step"": 9, ""status"": 1, ""pres"": 966.4934, ""meas_profile"": ""HP-4"", ""meas_id"": 4, ""hum"": 34.76069, ""gas_res"": 23408.92}, {""temp"": 21.18757, ""step"": 9, ""status"": 1, ""pres"": 966.1531, ""meas_profile"": ""HP-3"", ""meas_id"": 3, ""hum"": 35.29316, ""gas_res"": 6211.18}, {""temp"": 21.10283, ""step"": 9, ""status"": 1, ""pres"": 966.2347, ""meas_profile"": ""HP-2"", ""meas_id"": 2, ""hum"": 35.4866, ""gas_res"": 7421.15}, {""temp"": 20.87503, ""step"": 9, ""status"": 1, ""pres"": 966.2942, ""meas_profile"": ""HP-1"", ""meas_id"": 1, ""hum"": 33.83113, ""gas_res"": 8551.577}]}",NULL,"2025-10-27 12:54:00.875815"
12719,"04a600b9b0b8","2025-10-27 12:52:51","1o7IqB3binTlPffd8v5Y","{""bme688"": [{""temp"": 21.28559, ""step"": 8, ""status"": 1, ""pres"": 966.3641, ""meas_profile"": ""HP-8"", ""meas_id"": 8, ""hum"": 35.28147, ""gas_res"": 5684.846}, {""temp"": 21.24226, ""step"": 8, ""status"": 1, ""pres"": 966.4727, ""meas_profile"": ""HP-7"", ""meas_id"": 7, ""hum"": 35.1349, ""gas_res"": 5684.846}, {""temp"": 21.32769, ""step"": 8, ""status"": 1, ""pres"": 966.6591, ""meas_profile"": ""HP-6"", ""meas_id"": 6, ""hum"": 35.09315, ""gas_res"": 6104.54}, {""temp"": 21.21064, ""step"": 8, ""status"": 1, ""pres"": 966.3959, ""meas_profile"": ""HP-5"", ""meas_id"": 5, ""hum"": 35.2576, ""gas_res"": 25000.0}, {""temp"": 21.00961, ""step"": 8, ""status"": 1, ""pres"": 966.494, ""meas_profile"": ""HP-4"", ""meas_id"": 4, ""hum"": 34.74336, ""gas_res"": 22076.58}, {""temp"": 21.18695, ""step"": 8, ""status"": 1, ""pres"": 966.1521, ""meas_profile"": ""HP-3"", ""meas_id"": 3, ""hum"": 35.2931, ""gas_res"": 8196.722}, {""temp"": 21.10221, ""step"": 8, ""status"": 1, ""pres"": 966.2338, ""meas_profile"": ""HP-2"", ""meas_id"": 2, ""hum"": 35.47514, ""gas_res"": 7457.469}, {""temp"": 20.87441, ""step"": 8, ""status"": 1, ""pres"": 966.2933, ""meas_profile"": ""HP-1"", ""meas_id"": 1, ""hum"": 33.84277, ""gas_res"": 6080.183}]}",NULL,"2025-10-27 12:54:02.145058"
12720,"04a600b9b0b8","2025-10-27 12:52:51","1o7IqB3binTlPffd8v5Y","{""bme688"": [{""temp"": 21.28466, ""step"": 7, ""status"": 1, ""pres"": 966.3627, ""meas_profile"": ""HP-8"", ""meas_id"": 8, ""hum"": 35.28138, ""gas_res"": 5684.846}, {""temp"": 21.24102, ""step"": 7, ""status"": 1, ""pres"": 966.4708, ""meas_profile"": ""HP-7"", ""meas_id"": 7, ""hum"": 35.13478, ""gas_res"": 5684.846}, {""temp"": 21.32677, ""step"": 7, ""status"": 1, ""pres"": 966.6594, ""meas_profile"": ""HP-6"", ""meas_id"": 6, ""hum"": 35.07004, ""gas_res"": 6118.547}, {""temp"": 21.21002, ""step"": 7, ""status"": 1, ""pres"": 966.3948, ""meas_profile"": ""HP-5"", ""meas_id"": 5, ""hum"": 35.24616, ""gas_res"": 25000.0}, {""temp"": 21.00899, ""step"": 7, ""status"": 1, ""pres"": 966.493, ""meas_profile"": ""HP-4"", ""meas_id"": 4, ""hum"": 34.73178, ""gas_res"": 20062.7}, {""temp"": 21.18602, ""step"": 7, ""status"": 1, ""pres"": 966.1522, ""meas_profile"": ""HP-3"", ""meas_id"": 3, ""hum"": 35.28725, ""gas_res"": 7483.629}, {""temp"": 21.10159, ""step"": 7, ""status"": 1, ""pres"": 966.2327, ""meas_profile"": ""HP-2"", ""meas_id"": 2, ""hum"": 35.49218, ""gas_res"": 7067.138}, {""temp"": 20.87379, ""step"": 7, ""status"": 1, ""pres"": 966.2924, ""meas_profile"": ""HP-1"", ""meas_id"": 1, ""hum"": 33.84271, ""gas_res"": 8159.103}]}",NULL,"2025-10-27 12:54:06.005637"
12721,"04a600b9b0b8","2025-10-27 12:52:51","1o7IqB3binTlPffd8v5Y","{""bme688"": [{""temp"": 21.28374, ""step"": 6, ""status"": 1, ""pres"": 966.3614, ""meas_profile"": ""HP-8"", ""meas_id"": 8, ""hum"": 35.27555, ""gas_res"": 8544.727}, {""temp"": 21.24071, ""step"": 6, ""status"": 1, ""pres"": 966.4702, ""meas_profile"": ""HP-7"", ""meas_id"": 7, ""hum"": 35.12908, ""gas_res"": 10749.08}, {""temp"": 21.32584, ""step"": 6, ""status"": 1, ""pres"": 966.658, ""meas_profile"": ""HP-6"", ""meas_id"": 6, ""hum"": 35.08146, ""gas_res"": 26315.79}, {""temp"": 21.20908, ""step"": 6, ""status"": 1, ""pres"": 966.3933, ""meas_profile"": ""HP-5"", ""meas_id"": 5, ""hum"": 35.24607, ""gas_res"": 97172.14}, {""temp"": 21.00806, ""step"": 6, ""status"": 1, ""pres"": 966.4915, ""meas_profile"": ""HP-4"", ""meas_id"": 4, ""hum"": 34.74322, ""gas_res"": 107382.5}, {""temp"": 21.18572, ""step"": 6, ""status"": 1, ""pres"": 966.1518, ""meas_profile"": ""HP-3"", ""meas_id"": 3, ""hum"": 35.28722, ""gas_res"": 40314.96}, {""temp"": 21.10097, ""step"": 6, ""status"": 1, ""pres"": 966.2316, ""meas_profile"": ""HP-2"", ""meas_id"": 2, ""hum"": 35.46933, ""gas_res"": 100000.0}, {""temp"": 20.87285, ""step"": 6, ""status"": 1, ""pres"": 966.291, ""meas_profile"": ""HP-1"", ""meas_id"": 1, ""hum"": 33.84262, ""gas_res"": 83879.42}]}",NULL,"2025-10-27 12:54:06.713816"
12722,"04a600b9b0b8","2025-10-27 12:52:51","1o7IqB3binTlPffd8v5Y","{""bme688"": [{""temp"": 21.28312, ""step"": 5, ""status"": 1, ""pres"": 966.3604, ""meas_profile"": ""HP-8"", ""meas_id"": 8, ""hum"": 35.27549, ""gas_res"": 8517.435}, {""temp"": 21.24009, ""step"": 5, ""status"": 1, ""pres"": 966.4691, ""meas_profile"": ""HP-7"", ""meas_id"": 7, ""hum"": 35.1347, ""gas_res"": 10738.25}, {""temp"": 21.32522, ""step"": 5, ""status"": 1, ""pres"": 966.6588, ""meas_profile"": ""HP-6"", ""meas_id"": 6, ""hum"": 35.09292, ""gas_res"": 26332.03}, {""temp"": 21.20845, ""step"": 5, ""status"": 1, ""pres"": 966.394, ""meas_profile"": ""HP-5"", ""meas_id"": 5, ""hum"": 35.2574, ""gas_res"": 97505.23}, {""temp"": 21.00712, ""step"": 5, ""status"": 1, ""pres"": 966.4915, ""meas_profile"": ""HP-4"", ""meas_id"": 4, ""hum"": 34.76617, ""gas_res"": 108612.6}, {""temp"": 21.1851, ""step"": 5, ""status"": 1, ""pres"": 966.1505, ""meas_profile"": ""HP-3"", ""meas_id"": 3, ""hum"": 35.29869, ""gas_res"": 39421.0}, {""temp"": 21.10035, ""step"": 5, ""status"": 1, ""pres"": 966.2324, ""meas_profile"": ""HP-2"", ""meas_id"": 2, ""hum"": 35.49776, ""gas_res"": 100000.0}, {""temp"": 20.87223, ""step"": 5, ""status"": 1, ""pres"": 966.29, ""meas_profile"": ""HP-1"", ""meas_id"": 1, ""hum"": 33.84257, ""gas_res"": 79950.03}]}",NULL,"2025-10-27 12:54:07.404954"
12723,"04a600b9b0b8","2025-10-27 12:52:51","1o7IqB3binTlPffd8v5Y","{""bme688"": [{""temp"": 21.28219, ""step"": 4, ""status"": 1, ""pres"": 966.3589, ""meas_profile"": ""HP-8"", ""meas_id"": 8, ""hum"": 35.29263, ""gas_res"": 8620.689}, {""temp"": 21.23946, ""step"": 4, ""status"": 1, ""pres"": 966.4698, ""meas_profile"": ""HP-7"", ""meas_id"": 7, ""hum"": 35.15734, ""gas_res"": 10673.78}, {""temp"": 21.3243, ""step"": 4, ""status"": 1, ""pres"": 966.6573, ""meas_profile"": ""HP-6"", ""meas_id"": 6, ""hum"": 35.08708, ""gas_res"": 26578.07}, {""temp"": 21.20752, ""step"": 4, ""status"": 1, ""pres"": 966.3923, ""meas_profile"": ""HP-5"", ""meas_id"": 5, ""hum"": 35.26299, ""gas_res"": 99785.62}, {""temp"": 21.00619, ""step"": 4, ""status"": 1, ""pres"": 966.4916, ""meas_profile"": ""HP-4"", ""meas_id"": 4, ""hum"": 34.77184, ""gas_res"": 111231.8}, {""temp"": 21.18448, ""step"": 4, ""status"": 1, ""pres"": 966.1496, ""meas_profile"": ""HP-3"", ""meas_id"": 3, ""hum"": 35.29863, ""gas_res"": 38882.14}, {""temp"": 21.09973, ""step"": 4, ""status"": 1, ""pres"": 966.2313, ""meas_profile"": ""HP-2"", ""meas_id"": 2, ""hum"": 35.49771, ""gas_res"": 100000.0}, {""temp"": 20.87161, ""step"": 4, ""status"": 1, ""pres"": 966.289, ""meas_profile"": ""HP-1"", ""meas_id"": 1, ""hum"": 33.84835, ""gas_res"": 46159.39}]}",NULL,"2025-10-27 12:54:08.353061"
12724,"04a600b9b0b8","2025-10-27 12:52:51","1o7IqB3binTlPffd8v5Y","{""bme688"": [{""temp"": 21.28127, ""step"": 3, ""status"": 0, ""pres"": 966.3575, ""meas_profile"": ""HP-8"", ""meas_id"": 8, ""hum"": 35.29829, ""gas_res"": 5690.912}, {""temp"": 21.23853, ""step"": 3, ""status"": 0, ""pres"": 966.4684, ""meas_profile"": ""HP-7"", ""meas_id"": 7, ""hum"": 35.16293, ""gas_res"": 6875.806}, {""temp"": 21.32337, ""step"": 3, ""status"": 0, ""pres"": 966.6574, ""meas_profile"": ""HP-6"", ""meas_id"": 6, ""hum"": 35.09275, ""gas_res"": 15399.42}, {""temp"": 21.20658, ""step"": 3, ""status"": 0, ""pres"": 966.3926, ""meas_profile"": ""HP-5"", ""meas_id"": 5, ""hum"": 35.27998, ""gas_res"": 34792.06}, {""temp"": 21.00526, ""step"": 3, ""status"": 0, ""pres"": 966.4919, ""meas_profile"": ""HP-4"", ""meas_id"": 4, ""hum"": 34.78326, ""gas_res"": 37187.68}, {""temp"": 21.18355, ""step"": 3, ""status"": 0, ""pres"": 966.1498, ""meas_profile"": ""HP-3"", ""meas_id"": 3, ""hum"": 35.3216, ""gas_res"": 22857.14}, {""temp"": 21.0988, ""step"": 3, ""status"": 0, ""pres"": 966.2297, ""meas_profile"": ""HP-2"", ""meas_id"": 2, ""hum"": 35.50901, ""gas_res"": 36240.09}, {""temp"": 20.87067, ""step"": 3, ""status"": 0, ""pres"": 966.2877, ""meas_profile"": ""HP-1"", ""meas_id"": 1, ""hum"": 33.85996, ""gas_res"": 24033.04}]}",NULL,"2025-10-27 12:54:09.070146"
12725,"04a600b9b0b8","2025-10-27 12:52:51","1o7IqB3binTlPffd8v5Y","{""bme688"": [{""temp"": 21.28065, ""step"": 2, ""status"": 1, ""pres"": 966.3565, ""meas_profile"": ""HP-8"", ""meas_id"": 8, ""hum"": 35.32695, ""gas_res"": 19335.35}, {""temp"": 21.23791, ""step"": 2, ""status"": 1, ""pres"": 966.4673, ""meas_profile"": ""HP-7"", ""meas_id"": 7, ""hum"": 35.15719, ""gas_res"": 26154.47}, {""temp"": 21.32245, ""step"": 2, ""status"": 1, ""pres"": 966.656, ""meas_profile"": ""HP-6"", ""meas_id"": 6, ""hum"": 35.0869, ""gas_res"": 92720.03}, {""temp"": 21.20564, ""step"": 2, ""status"": 1, ""pres"": 966.3909, ""meas_profile"": ""HP-5"", ""meas_id"": 5, ""hum"": 35.27989, ""gas_res"": 270184.7}, {""temp"": 21.00433, ""step"": 2, ""status"": 1, ""pres"": 966.4904, ""meas_profile"": ""HP-4"", ""meas_id"": 4, ""hum"": 34.78894, ""gas_res"": 368477.9}, {""temp"": 21.18293, ""step"": 2, ""status"": 1, ""pres"": 966.1488, ""meas_profile"": ""HP-3"", ""meas_id"": 3, ""hum"": 35.32154, ""gas_res"": 160652.7}, {""temp"": 21.09787, ""step"": 2, ""status"": 1, ""pres"": 966.2283, ""meas_profile"": ""HP-2"", ""meas_id"": 2, ""hum"": 35.50892, ""gas_res"": 291904.2}, {""temp"": 20.86974, ""step"": 2, ""status"": 1, ""pres"": 966.288, ""meas_profile"": ""HP-1"", ""meas_id"": 1, ""hum"": 33.84234, ""gas_res"": 207581.6}]}",NULL,"2025-10-27 12:54:09.800041"
12726,"04a600b9b0b8","2025-10-27 12:52:51","1o7IqB3binTlPffd8v5Y","{""bme688"": [{""temp"": 21.27972, ""step"": 1, ""status"": 1, ""pres"": 966.355, ""meas_profile"": ""HP-8"", ""meas_id"": 8, ""hum"": 35.2924, ""gas_res"": 6094.077}, {""temp"": 21.23698, ""step"": 1, ""status"": 1, ""pres"": 966.4657, ""meas_profile"": ""HP-7"", ""meas_id"": 7, ""hum"": 35.16278, ""gas_res"": 7171.672}, {""temp"": 21.32183, ""step"": 1, ""status"": 1, ""pres"": 966.6568, ""meas_profile"": ""HP-6"", ""meas_id"": 6, ""hum"": 35.09836, ""gas_res"": 25000.0}, {""temp"": 21.20501, ""step"": 1, ""status"": 1, ""pres"": 966.3915, ""meas_profile"": ""HP-5"", ""meas_id"": 5, ""hum"": 35.28552, ""gas_res"": 30512.52}, {""temp"": 21.00371, ""step"": 1, ""status"": 1, ""pres"": 966.491, ""meas_profile"": ""HP-4"", ""meas_id"": 4, ""hum"": 34.77737, ""gas_res"": 31227.13}, {""temp"": 21.18231, ""step"": 1, ""status"": 1, ""pres"": 966.1494, ""meas_profile"": ""HP-3"", ""meas_id"": 3, ""hum"": 35.32148, ""gas_res"": 25000.0}, {""temp"": 21.09756, ""step"": 1, ""status"": 1, ""pres"": 966.2277, ""meas_profile"": ""HP-2"", ""meas_id"": 2, ""hum"": 35.5089, ""gas_res"": 25995.13}, {""temp"": 20.86943, ""step"": 1, ""status"": 1, ""pres"": 966.2875, ""meas_profile"": ""HP-1"", ""meas_id"": 1, ""hum"": 33.88907, ""gas_res"": 25000.0}]}",NULL,"2025-10-27 12:54:10.525485"
12727,"04a600b9b0b8","2025-10-27 12:52:51","1o7IqB3binTlPffd8v5Y","{""bme688"": [{""temp"": 21.2788, ""step"": 0, ""status"": 1, ""pres"": 966.3536, ""meas_profile"": ""HP-8"", ""meas_id"": 8, ""hum"": 35.29231, ""gas_res"": 5684.846}, {""temp"": 21.23605, ""step"": 0, ""status"": 1, ""pres"": 966.4643, ""meas_profile"": ""HP-7"", ""meas_id"": 7, ""hum"": 35.15702, ""gas_res"": 5684.846}, {""temp"": 21.32121, ""step"": 0, ""status"": 1, ""pres"": 966.6557, ""meas_profile"": ""HP-6"", ""meas_id"": 6, ""hum"": 35.10407, ""gas_res"": 6467.259}, {""temp"": 21.20439, ""step"": 0, ""status"": 1, ""pres"": 966.3906, ""meas_profile"": ""HP-5"", ""meas_id"": 5, ""hum"": 35.29116, ""gas_res"": 25000.0}, {""temp"": 21.0034, ""step"": 0, ""status"": 1, ""pres"": 966.4905, ""meas_profile"": ""HP-4"", ""meas_id"": 4, ""hum"": 34.77734, ""gas_res"": 20025.03}, {""temp"": 21.1817, ""step"": 0, ""status"": 1, ""pres"": 966.1485, ""meas_profile"": ""HP-3"", ""meas_id"": 3, ""hum"": 35.31566, ""gas_res"": 7048.458}, {""temp"": 21.09694, ""step"": 0, ""status"": 1, ""pres"": 966.2285, ""meas_profile"": ""HP-2"", ""meas_id"": 2, ""hum"": 35.51453, ""gas_res"": 6648.66}, {""temp"": 20.8685, ""step"": 0, ""status"": 1, ""pres"": 966.2861, ""meas_profile"": ""HP-1"", ""meas_id"": 1, ""hum"": 33.88314, ""gas_res"": 7677.543}]}",NULL,"2025-10-27 12:54:13.760161"
12728,"04a600b9b0b8","2025-10-27 12:54:47","1o7IqB3binTlPffd8v5Y","{""zphs01b"": {""voc"": 0, ""temp"": 19.2, ""pm2_5"": 0, ""pm1_0"": 0, ""pm10"": 334, ""o3"": 0.07, ""no2"": 4.0, ""hum"": 0, ""fmhd"": 0, ""co2"": 5000, ""co"": 0.0}, ""smell_b"": {}, ""sfa30"": {""temp"": 21.44, ""hum"": 35.59, ""fmhd"": 12.8}, ""sen5x"": {""voc"": 130.0, ""temp"": 21.35, ""pm4_0"": 4595.2, ""pm2_5"": 4595.2, ""pm1_0"": 4381.8, ""pm10"": 4595.2, ""nox"": 1.0, ""mass_c"": 4541.85, ""hum"": 41.13}, ""scd41"": {""temp"": 21.09064, ""hum"": 39.0219, ""co2"": 685}, ""power_source"": 0, ""mics6814"": {""red_res"": 0, ""no2_res"": 0, ""no2"": 0.17, ""nh3_res"": 0, ""nh3"": 0.73, ""co_res"": 0, ""co"": 44.0}}",NULL,"2025-10-27 12:55:14.800431"
12729,"04a600b9b0b8","2025-10-27 12:54:47","1o7IqB3binTlPffd8v5Y","{""bme688"": [{""temp"": 21.31987, ""step"": 9, ""status"": 1, ""pres"": 966.3984, ""meas_profile"": ""HP-8"", ""meas_id"": 8, ""hum"": 35.0265, ""gas_res"": 5684.846}, {""temp"": 21.27517, ""step"": 9, ""status"": 1, ""pres"": 966.5055, ""meas_profile"": ""HP-7"", ""meas_id"": 7, ""hum"": 34.89415, ""gas_res"": 5684.846}, {""temp"": 21.35887, ""step"": 9, ""status"": 1, ""pres"": 966.673, ""meas_profile"": ""HP-6"", ""meas_id"": 6, ""hum"": 34.83143, ""gas_res"": 6306.662}, {""temp"": 21.23941, ""step"": 9, ""status"": 1, ""pres"": 966.4093, ""meas_profile"": ""HP-5"", ""meas_id"": 5, ""hum"": 35.04421, ""gas_res"": 25000.0}, {""temp"": 21.03695, ""step"": 9, ""status"": 1, ""pres"": 966.4973, ""meas_profile"": ""HP-4"", ""meas_id"": 4, ""hum"": 34.56748, ""gas_res"": 25000.0}, {""temp"": 21.21509, ""step"": 9, ""status"": 1, ""pres"": 966.1691, ""meas_profile"": ""HP-3"", ""meas_id"": 3, ""hum"": 35.10563, ""gas_res"": 6902.502}, {""temp"": 21.12861, ""step"": 9, ""status"": 1, ""pres"": 966.2603, ""meas_profile"": ""HP-2"", ""meas_id"": 2, ""hum"": 35.29541, ""gas_res"": 8429.926}, {""temp"": 20.89993, ""step"": 9, ""status"": 1, ""pres"": 966.307, ""meas_profile"": ""HP-1"", ""meas_id"": 1, ""hum"": 33.65818, ""gas_res"": 6619.776}]}",NULL,"2025-10-27 12:55:16.389209"
12730,"04a600b9b0b8","2025-10-27 12:54:47","1o7IqB3binTlPffd8v5Y","{""bme688"": [{""temp"": 21.31864, ""step"": 8, ""status"": 1, ""pres"": 966.3965, ""meas_profile"": ""HP-8"", ""meas_id"": 8, ""hum"": 35.02637, ""gas_res"": 5684.846}, {""temp"": 21.27362, ""step"": 8, ""status"": 1, ""pres"": 966.5028, ""meas_profile"": ""HP-7"", ""meas_id"": 7, ""hum"": 34.89967, ""gas_res"": 5684.846}, {""temp"": 21.35764, ""step"": 8, ""status"": 1, ""pres"": 966.6727, ""meas_profile"": ""HP-6"", ""meas_id"": 6, ""hum"": 34.86006, ""gas_res"": 6447.713}, {""temp"": 21.23879, ""step"": 8, ""status"": 1, ""pres"": 966.41, ""meas_profile"": ""HP-5"", ""meas_id"": 5, ""hum"": 35.02143, ""gas_res"": 25000.0}, {""temp"": 21.03632, ""step"": 8, ""status"": 1, ""pres"": 966.498, ""meas_profile"": ""HP-4"", ""meas_id"": 4, ""hum"": 34.55017, ""gas_res"": 25000.0}, {""temp"": 21.21417, ""step"": 8, ""status"": 1, ""pres"": 966.1694, ""meas_profile"": ""HP-3"", ""meas_id"": 3, ""hum"": 35.08828, ""gas_res"": 6284.368}, {""temp"": 21.12768, ""step"": 8, ""status"": 1, ""pres"": 966.2587, ""meas_profile"": ""HP-2"", ""meas_id"": 2, ""hum"": 35.31809, ""gas_res"": 8443.271}, {""temp"": 20.8993, ""step"": 8, ""status"": 1, ""pres"": 966.3062, ""meas_profile"": ""HP-1"", ""meas_id"": 1, ""hum"": 33.6698, ""gas_res"": 6711.409}]}",NULL,"2025-10-27 12:55:17.680934"
12731,"04a600b9b0b8","2025-10-27 12:54:47","1o7IqB3binTlPffd8v5Y","{""bme688"": [{""temp"": 21.31709, ""step"": 7, ""status"": 1, ""pres"": 966.3959, ""meas_profile"": ""HP-8"", ""meas_id"": 8, ""hum"": 35.04917, ""gas_res"": 5684.846}, {""temp"": 21.27238, ""step"": 7, ""status"": 1, ""pres"": 966.5025, ""meas_profile"": ""HP-7"", ""meas_id"": 7, ""hum"": 34.91089, ""gas_res"": 5684.846}, {""temp"": 21.35671, ""step"": 7, ""status"": 1, ""pres"": 966.673, ""meas_profile"": ""HP-6"", ""meas_id"": 6, ""hum"": 34.85423, ""gas_res"": 6459.427}, {""temp"": 21.23785, ""step"": 7, ""status"": 1, ""pres"": 966.41, ""meas_profile"": ""HP-5"", ""meas_id"": 5, ""hum"": 35.04406, ""gas_res"": 25000.0}, {""temp"": 21.03539, ""step"": 7, ""status"": 1, ""pres"": 966.498, ""meas_profile"": ""HP-4"", ""meas_id"": 4, ""hum"": 34.59035, ""gas_res"": 23205.22}, {""temp"": 21.21293, ""step"": 7, ""status"": 1, ""pres"": 966.169, ""meas_profile"": ""HP-3"", ""meas_id"": 3, ""hum"": 35.09967, ""gas_res"": 6028.636}, {""temp"": 21.12706, ""step"": 7, ""status"": 1, ""pres"": 966.2576, ""meas_profile"": ""HP-2"", ""meas_id"": 2, ""hum"": 35.30664, ""gas_res"": 8036.163}, {""temp"": 20.89806, ""step"": 7, ""status"": 1, ""pres"": 966.3061, ""meas_profile"": ""HP-1"", ""meas_id"": 1, ""hum"": 33.66969, ""gas_res"": 6518.639}]}",NULL,"2025-10-27 12:55:18.974111"
12732,"04a600b9b0b8","2025-10-27 12:54:47","1o7IqB3binTlPffd8v5Y","{""bme688"": [{""temp"": 21.31617, ""step"": 6, ""status"": 1, ""pres"": 966.3943, ""meas_profile"": ""HP-8"", ""meas_id"": 8, ""hum"": 35.03761, ""gas_res"": 8449.96}, {""temp"": 21.27145, ""step"": 6, ""status"": 1, ""pres"": 966.5009, ""meas_profile"": ""HP-7"", ""meas_id"": 7, ""hum"": 34.92213, ""gas_res"": 10684.47}, {""temp"": 21.35548, ""step"": 6, ""status"": 1, ""pres"": 966.6727, ""meas_profile"": ""HP-6"", ""meas_id"": 6, ""hum"": 34.85411, ""gas_res"": 27917.12}, {""temp"": 21.2366, ""step"": 6, ""status"": 1, ""pres"": 966.4098, ""meas_profile"": ""HP-5"", ""meas_id"": 5, ""hum"": 35.05531, ""gas_res"": 107382.5}, {""temp"": 21.03415, ""step"": 6, ""status"": 1, ""pres"": 966.4977, ""meas_profile"": ""HP-4"", ""meas_id"": 4, ""hum"": 34.58449, ""gas_res"": 126015.3}, {""temp"": 21.212, ""step"": 6, ""status"": 1, ""pres"": 966.1692, ""meas_profile"": ""HP-3"", ""meas_id"": 3, ""hum"": 35.09959, ""gas_res"": 77411.55}, {""temp"": 21.12581, ""step"": 6, ""status"": 1, ""pres"": 966.2573, ""meas_profile"": ""HP-2"", ""meas_id"": 2, ""hum"": 35.30084, ""gas_res"": 102114.1}, {""temp"": 20.89744, ""step"": 6, ""status"": 1, ""pres"": 966.3052, ""meas_profile"": ""HP-1"", ""meas_id"": 1, ""hum"": 33.69298, ""gas_res"": 100000.0}]}",NULL,"2025-10-27 12:55:20.339801"
12733,"04a600b9b0b8","2025-10-27 12:54:47","1o7IqB3binTlPffd8v5Y","{""bme688"": [{""temp"": 21.31524, ""step"": 5, ""status"": 1, ""pres"": 966.3947, ""meas_profile"": ""HP-8"", ""meas_id"": 8, ""hum"": 35.04326, ""gas_res"": 8390.142}, {""temp"": 21.27052, ""step"": 5, ""status"": 1, ""pres"": 966.5011, ""meas_profile"": ""HP-7"", ""meas_id"": 7, ""hum"": 34.92772, ""gas_res"": 10673.78}, {""temp"": 21.35424, ""step"": 5, ""status"": 1, ""pres"": 966.6724, ""meas_profile"": ""HP-6"", ""meas_id"": 6, ""hum"": 34.84825, ""gas_res"": 28027.15}, {""temp"": 21.23535, ""step"": 5, ""status"": 1, ""pres"": 966.4093, ""meas_profile"": ""HP-5"", ""meas_id"": 5, ""hum"": 35.05519, ""gas_res"": 109448.5}, {""temp"": 21.03322, ""step"": 5, ""status"": 1, ""pres"": 966.498, ""meas_profile"": ""HP-4"", ""meas_id"": 4, ""hum"": 34.5959, ""gas_res"": 130445.9}, {""temp"": 21.21076, ""step"": 5, ""status"": 1, ""pres"": 966.1671, ""meas_profile"": ""HP-3"", ""meas_id"": 3, ""hum"": 35.10522, ""gas_res"": 77341.39}, {""temp"": 21.12457, ""step"": 5, ""status"": 1, ""pres"": 966.2552, ""meas_profile"": ""HP-2"", ""meas_id"": 2, ""hum"": 35.32919, ""gas_res"": 101870.3}, {""temp"": 20.89682, ""step"": 5, ""status"": 1, ""pres"": 966.306, ""meas_profile"": ""HP-1"", ""meas_id"": 1, ""hum"": 33.68125, ""gas_res"": 100000.0}]}",NULL,"2025-10-27 12:55:21.519888"
12734,"04a600b9b0b8","2025-10-27 12:54:47","1o7IqB3binTlPffd8v5Y","{""bme688"": [{""temp"": 21.314, ""step"": 4, ""status"": 1, ""pres"": 966.3946, ""meas_profile"": ""HP-8"", ""meas_id"": 8, ""hum"": 35.04315, ""gas_res"": 8443.271}, {""temp"": 21.26958, ""step"": 4, ""status"": 1, ""pres"": 966.4996, ""meas_profile"": ""HP-7"", ""meas_id"": 7, ""hum"": 34.92196, ""gas_res"": 10568.03}, {""temp"": 21.35332, ""step"": 4, ""status"": 1, ""pres"": 966.6728, ""meas_profile"": ""HP-6"", ""meas_id"": 6, ""hum"": 34.8539, ""gas_res"": 28212.47}, {""temp"": 21.23409, ""step"": 4, ""status"": 1, ""pres"": 966.4091, ""meas_profile"": ""HP-5"", ""meas_id"": 5, ""hum"": 35.06076, ""gas_res"": 112700.9}, {""temp"": 21.03228, ""step"": 4, ""status"": 1, ""pres"": 966.498, ""meas_profile"": ""HP-4"", ""meas_id"": 4, ""hum"": 34.56705, ""gas_res"": 136715.6}, {""temp"": 21.21015, ""step"": 4, ""status"": 1, ""pres"": 966.1678, ""meas_profile"": ""HP-3"", ""meas_id"": 3, ""hum"": 35.10517, ""gas_res"": 46715.33}, {""temp"": 21.12364, ""step"": 4, ""status"": 1, ""pres"": 966.2552, ""meas_profile"": ""HP-2"", ""meas_id"": 2, ""hum"": 35.32909, ""gas_res"": 102236.4}, {""temp"": 20.89588, ""step"": 4, ""status"": 1, ""pres"": 966.3044, ""meas_profile"": ""HP-1"", ""meas_id"": 1, ""hum"": 33.67533, ""gas_res"": 100000.0}]}",NULL,"2025-10-27 12:55:22.788533"
12735,"04a600b9b0b8","2025-10-27 12:54:47","1o7IqB3binTlPffd8v5Y","{""bme688"": [{""temp"": 21.31277, ""step"": 3, ""status"": 0, ""pres"": 966.3926, ""meas_profile"": ""HP-8"", ""meas_id"": 8, ""hum"": 35.0717, ""gas_res"": 5684.846}, {""temp"": 21.26834, ""step"": 3, ""status"": 0, ""pres"": 966.4992, ""meas_profile"": ""HP-7"", ""meas_id"": 7, ""hum"": 34.93318, ""gas_res"": 6530.612}, {""temp"": 21.35208, ""step"": 3, ""status"": 0, ""pres"": 966.6707, ""meas_profile"": ""HP-6"", ""meas_id"": 6, ""hum"": 34.88829, ""gas_res"": 15466.41}, {""temp"": 21.23285, ""step"": 3, ""status"": 0, ""pres"": 966.4087, ""meas_profile"": ""HP-5"", ""meas_id"": 5, ""hum"": 35.07769, ""gas_res"": 36363.64}, {""temp"": 21.03104, ""step"": 3, ""status"": 0, ""pres"": 966.4977, ""meas_profile"": ""HP-4"", ""meas_id"": 4, ""hum"": 34.5957, ""gas_res"": 41330.32}, {""temp"": 21.20891, ""step"": 3, ""status"": 0, ""pres"": 966.1674, ""meas_profile"": ""HP-3"", ""meas_id"": 3, ""hum"": 35.12233, ""gas_res"": 25452.38}, {""temp"": 21.1224, ""step"": 3, ""status"": 0, ""pres"": 966.2533, ""meas_profile"": ""HP-2"", ""meas_id"": 2, ""hum"": 35.32898, ""gas_res"": 40429.56}, {""temp"": 20.89464, ""step"": 3, ""status"": 0, ""pres"": 966.3044, ""meas_profile"": ""HP-1"", ""meas_id"": 1, ""hum"": 33.69273, ""gas_res"": 26186.58}]}",NULL,"2025-10-27 12:55:24.089355"
12736,"04a600b9b0b8","2025-10-27 12:54:47","1o7IqB3binTlPffd8v5Y","{""bme688"": [{""temp"": 21.31153, ""step"": 2, ""status"": 1, ""pres"": 966.3924, ""meas_profile"": ""HP-8"", ""meas_id"": 8, ""hum"": 35.07732, ""gas_res"": 14219.06}, {""temp"": 21.26741, ""step"": 2, ""status"": 1, ""pres"": 966.4994, ""meas_profile"": ""HP-7"", ""meas_id"": 7, ""hum"": 34.93876, ""gas_res"": 18906.94}, {""temp"": 21.35085, ""step"": 2, ""status"": 1, ""pres"": 966.6705, ""meas_profile"": ""HP-6"", ""meas_id"": 6, ""hum"": 34.87668, ""gas_res"": 65372.83}, {""temp"": 21.23191, ""step"": 2, ""status"": 1, ""pres"": 966.4088, ""meas_profile"": ""HP-5"", ""meas_id"": 5, ""hum"": 35.08897, ""gas_res"": 185843.9}, {""temp"": 21.0298, ""step"": 2, ""status"": 1, ""pres"": 966.4971, ""meas_profile"": ""HP-4"", ""meas_id"": 4, ""hum"": 34.61284, ""gas_res"": 294930.9}, {""temp"": 21.20798, ""step"": 2, ""status"": 1, ""pres"": 966.1677, ""meas_profile"": ""HP-3"", ""meas_id"": 3, ""hum"": 35.14528, ""gas_res"": 134559.8}, {""temp"": 21.12116, ""step"": 2, ""status"": 1, ""pres"": 966.2531, ""meas_profile"": ""HP-2"", ""meas_id"": 2, ""hum"": 35.33455, ""gas_res"": 244274.8}, {""temp"": 20.8937, ""step"": 2, ""status"": 1, ""pres"": 966.3049, ""meas_profile"": ""HP-1"", ""meas_id"": 1, ""hum"": 33.69848, ""gas_res"": 172158.7}]}",NULL,"2025-10-27 12:55:25.467992"
12737,"04a600b9b0b8","2025-10-27 12:54:47","1o7IqB3binTlPffd8v5Y","{""bme688"": [{""temp"": 21.31061, ""step"": 1, ""status"": 1, ""pres"": 966.391, ""meas_profile"": ""HP-8"", ""meas_id"": 8, ""hum"": 35.07723, ""gas_res"": 7076.515}, {""temp"": 21.26617, ""step"": 1, ""status"": 1, ""pres"": 966.4972, ""meas_profile"": ""HP-7"", ""meas_id"": 7, ""hum"": 34.94998, ""gas_res"": 7104.796}, {""temp"": 21.34992, ""step"": 1, ""status"": 1, ""pres"": 966.6707, ""meas_profile"": ""HP-6"", ""meas_id"": 6, ""hum"": 34.88234, ""gas_res"": 25000.0}, {""temp"": 21.23097, ""step"": 1, ""status"": 1, ""pres"": 966.4091, ""meas_profile"": ""HP-5"", ""meas_id"": 5, ""hum"": 35.07752, ""gas_res"": 35486.55}, {""temp"": 21.02887, ""step"": 1, ""status"": 1, ""pres"": 966.4973, ""meas_profile"": ""HP-4"", ""meas_id"": 4, ""hum"": 34.58974, ""gas_res"": 39900.25}, {""temp"": 21.20705, ""step"": 1, ""status"": 1, ""pres"": 966.1678, ""meas_profile"": ""HP-3"", ""meas_id"": 3, ""hum"": 35.11639, ""gas_res"": 25000.0}, {""temp"": 21.12022, ""step"": 1, ""status"": 1, ""pres"": 966.2533, ""meas_profile"": ""HP-2"", ""meas_id"": 2, ""hum"": 35.32308, ""gas_res"": 34538.59}, {""temp"": 20.89308, ""step"": 1, ""status"": 1, ""pres"": 966.3036, ""meas_profile"": ""HP-1"", ""meas_id"": 1, ""hum"": 33.69843, ""gas_res"": 24558.71}]}",NULL,"2025-10-27 12:55:26.632627"
12738,"04a600b9b0b8","2025-10-27 12:54:47","1o7IqB3binTlPffd8v5Y","{""bme688"": [{""temp"": 21.30937, ""step"": 0, ""status"": 1, ""pres"": 966.3908, ""meas_profile"": ""HP-8"", ""meas_id"": 8, ""hum"": 35.09432, ""gas_res"": 5684.846}, {""temp"": 21.26493, ""step"": 0, ""status"": 1, ""pres"": 966.4969, ""meas_profile"": ""HP-7"", ""meas_id"": 7, ""hum"": 34.93287, ""gas_res"": 5684.846}, {""temp"": 21.349, ""step"": 0, ""status"": 1, ""pres"": 966.6708, ""meas_profile"": ""HP-6"", ""meas_id"": 6, ""hum"": 34.888, ""gas_res"": 6702.975}, {""temp"": 21.23003, ""step"": 0, ""status"": 1, ""pres"": 966.4074, ""meas_profile"": ""HP-5"", ""meas_id"": 5, ""hum"": 35.06606, ""gas_res"": 25000.0}, {""temp"": 21.02825, ""step"": 0, ""status"": 1, ""pres"": 966.498, ""meas_profile"": ""HP-4"", ""meas_id"": 4, ""hum"": 34.6012, ""gas_res"": 25000.0}, {""temp"": 21.20613, ""step"": 0, ""status"": 1, ""pres"": 966.1679, ""meas_profile"": ""HP-3"", ""meas_id"": 3, ""hum"": 35.13358, ""gas_res"": 6171.649}, {""temp"": 21.1196, ""step"": 0, ""status"": 1, ""pres"": 966.2521, ""meas_profile"": ""HP-2"", ""meas_id"": 2, ""hum"": 35.32302, ""gas_res"": 8134.214}, {""temp"": 20.89215, ""step"": 0, ""status"": 1, ""pres"": 966.3042, ""meas_profile"": ""HP-1"", ""meas_id"": 1, ""hum"": 33.69834, ""gas_res"": 6486.925}]}",NULL,"2025-10-27 12:55:27.914797"
12739,"04a600b9b0b8","2025-10-27 12:54:20","1o7IqB3binTlPffd8v5Y","{""zphs01b"": {""voc"": 0, ""temp"": 19.1, ""pm2_5"": 0, ""pm1_0"": 0, ""pm10"": 350, ""o3"": 0.19, ""no2"": 10.0, ""hum"": 0, ""fmhd"": 0, ""co2"": 5000, ""co"": 0.0}, ""smell_b"": {}, ""sfa30"": {""temp"": 21.41, ""hum"": 35.63, ""fmhd"": 14.0}, ""sen5x"": {""voc"": 122.0, ""temp"": 21.36, ""pm4_0"": 4460.3, ""pm2_5"": 4460.3, ""pm1_0"": 4253.2, ""pm10"": 4460.3, ""nox"": 1.0, ""mass_c"": 4408.525, ""hum"": 41.11}, ""scd41"": {""temp"": 21.03723, ""hum"": 39.1989, ""co2"": 679}, ""power_source"": 0, ""mics6814"": {""red_res"": 0, ""no2_res"": 0, ""no2"": 0.17, ""nh3_res"": 0, ""nh3"": 0.73, ""co_res"": 0, ""co"": 44.0}}",NULL,"2025-10-27 12:55:29.092134"
12740,"04a600b9b0b8","2025-10-27 12:54:20","1o7IqB3binTlPffd8v5Y","{""bme688"": [{""temp"": 21.30814, ""step"": 9, ""status"": 1, ""pres"": 966.389, ""meas_profile"": ""HP-8"", ""meas_id"": 8, ""hum"": 35.15731, ""gas_res"": 5684.846}, {""temp"": 21.26337, ""step"": 9, ""status"": 1, ""pres"": 966.4959, ""meas_profile"": ""HP-7"", ""meas_id"": 7, ""hum"": 35.02909, ""gas_res"": 5684.846}, {""temp"": 21.34807, ""step"": 9, ""status"": 1, ""pres"": 966.6696, ""meas_profile"": ""HP-6"", ""meas_id"": 6, ""hum"": 34.93392, ""gas_res"": 6056.018}, {""temp"": 21.2294, ""step"": 9, ""status"": 1, ""pres"": 966.4081, ""meas_profile"": ""HP-5"", ""meas_id"": 5, ""hum"": 35.13422, ""gas_res"": 25000.0}, {""temp"": 21.02732, ""step"": 9, ""status"": 1, ""pres"": 966.4981, ""meas_profile"": ""HP-4"", ""meas_id"": 4, ""hum"": 34.62988, ""gas_res"": 25000.0}, {""temp"": 21.20489, ""step"": 9, ""status"": 1, ""pres"": 966.166, ""meas_profile"": ""HP-3"", ""meas_id"": 3, ""hum"": 35.16802, ""gas_res"": 6385.951}, {""temp"": 21.11867, ""step"": 9, ""status"": 1, ""pres"": 966.2523, ""meas_profile"": ""HP-2"", ""meas_id"": 2, ""hum"": 35.34571, ""gas_res"": 7812.5}, {""temp"": 20.89121, ""step"": 9, ""status"": 1, ""pres"": 966.3028, ""meas_profile"": ""HP-1"", ""meas_id"": 1, ""hum"": 33.73914, ""gas_res"": 6153.846}]}",NULL,"2025-10-27 12:55:30.589491"
12741,"04a600b9b0b8","2025-10-27 12:54:20","1o7IqB3binTlPffd8v5Y","{""bme688"": [{""temp"": 21.3069, ""step"": 8, ""status"": 1, ""pres"": 966.3886, ""meas_profile"": ""HP-8"", ""meas_id"": 8, ""hum"": 35.15719, ""gas_res"": 5684.846}, {""temp"": 21.26213, ""step"": 8, ""status"": 1, ""pres"": 966.4938, ""meas_profile"": ""HP-7"", ""meas_id"": 7, ""hum"": 35.02898, ""gas_res"": 5684.846}, {""temp"": 21.34683, ""step"": 8, ""status"": 1, ""pres"": 966.6691, ""meas_profile"": ""HP-6"", ""meas_id"": 6, ""hum"": 34.94531, ""gas_res"": 6171.649}, {""temp"": 21.22847, ""step"": 8, ""status"": 1, ""pres"": 966.4082, ""meas_profile"": ""HP-5"", ""meas_id"": 5, ""hum"": 35.13414, ""gas_res"": 25000.0}, {""temp"": 21.02638, ""step"": 8, ""status"": 1, ""pres"": 966.4983, ""meas_profile"": ""HP-4"", ""meas_id"": 4, ""hum"": 34.62979, ""gas_res"": 23054.76}, {""temp"": 21.20396, ""step"": 8, ""status"": 1, ""pres"": 966.1663, ""meas_profile"": ""HP-3"", ""meas_id"": 3, ""hum"": 35.15641, ""gas_res"": 5938.022}, {""temp"": 21.11805, ""step"": 8, ""status"": 1, ""pres"": 966.2512, ""meas_profile"": ""HP-2"", ""meas_id"": 2, ""hum"": 35.34565, ""gas_res"": 7716.421}, {""temp"": 20.88997, ""step"": 8, ""status"": 1, ""pres"": 966.3027, ""meas_profile"": ""HP-1"", ""meas_id"": 1, ""hum"": 33.72734, ""gas_res"": 6211.18}]}",NULL,"2025-10-27 12:55:31.752443"
12742,"04a600b9b0b8","2025-10-27 12:54:20","1o7IqB3binTlPffd8v5Y","{""bme688"": [{""temp"": 21.30536, ""step"": 7, ""status"": 1, ""pres"": 966.3864, ""meas_profile"": ""HP-8"", ""meas_id"": 8, ""hum"": 35.14557, ""gas_res"": 5684.846}, {""temp"": 21.26058, ""step"": 7, ""status"": 1, ""pres"": 966.4914, ""meas_profile"": ""HP-7"", ""meas_id"": 7, ""hum"": 35.02883, ""gas_res"": 5684.846}, {""temp"": 21.3456, ""step"": 7, ""status"": 1, ""pres"": 966.6689, ""meas_profile"": ""HP-6"", ""meas_id"": 6, ""hum"": 34.9452, ""gas_res"": 6207.565}, {""temp"": 21.22753, ""step"": 7, ""status"": 1, ""pres"": 966.4084, ""meas_profile"": ""HP-5"", ""meas_id"": 5, ""hum"": 35.12836, ""gas_res"": 25000.0}, {""temp"": 21.02576, ""step"": 7, ""status"": 1, ""pres"": 966.4989, ""meas_profile"": ""HP-4"", ""meas_id"": 4, ""hum"": 34.62398, ""gas_res"": 20349.76}, {""temp"": 21.20272, ""step"": 7, ""status"": 1, ""pres"": 966.166, ""meas_profile"": ""HP-3"", ""meas_id"": 3, ""hum"": 35.1563, ""gas_res"": 7705.273}, {""temp"": 21.11712, ""step"": 7, ""status"": 1, ""pres"": 966.2514, ""meas_profile"": ""HP-2"", ""meas_id"": 2, ""hum"": 35.35694, ""gas_res"": 7191.011}, {""temp"": 20.88904, ""step"": 7, ""status"": 1, ""pres"": 966.303, ""meas_profile"": ""HP-1"", ""meas_id"": 1, ""hum"": 33.71558, ""gas_res"": 5862.954}]}",NULL,"2025-10-27 12:55:33.041232"
12743,"04a600b9b0b8","2025-10-27 12:54:20","1o7IqB3binTlPffd8v5Y","{""bme688"": [{""temp"": 21.30443, ""step"": 6, ""status"": 1, ""pres"": 966.3849, ""meas_profile"": ""HP-8"", ""meas_id"": 8, ""hum"": 35.14549, ""gas_res"": 8572.194}, {""temp"": 21.25965, ""step"": 6, ""status"": 1, ""pres"": 966.4915, ""meas_profile"": ""HP-7"", ""meas_id"": 7, ""hum"": 35.02874, ""gas_res"": 10759.92}, {""temp"": 21.34436, ""step"": 6, ""status"": 1, ""pres"": 966.6669, ""meas_profile"": ""HP-6"", ""meas_id"": 6, ""hum"": 34.95084, ""gas_res"": 26202.66}, {""temp"": 21.22659, ""step"": 6, ""status"": 1, ""pres"": 966.4085, ""meas_profile"": ""HP-5"", ""meas_id"": 5, ""hum"": 35.12259, ""gas_res"": 97282.92}, {""temp"": 21.02452, ""step"": 6, ""status"": 1, ""pres"": 966.4969, ""meas_profile"": ""HP-4"", ""meas_id"": 4, ""hum"": 34.61811, ""gas_res"": 106777.9}, {""temp"": 21.20211, ""step"": 6, ""status"": 1, ""pres"": 966.1648, ""meas_profile"": ""HP-3"", ""meas_id"": 3, ""hum"": 35.16776, ""gas_res"": 39975.02}, {""temp"": 21.1165, ""step"": 6, ""status"": 1, ""pres"": 966.2504, ""meas_profile"": ""HP-2"", ""meas_id"": 2, ""hum"": 35.35688, ""gas_res"": 100000.0}, {""temp"": 20.8881, ""step"": 6, ""status"": 1, ""pres"": 966.3016, ""meas_profile"": ""HP-1"", ""meas_id"": 1, ""hum"": 33.72133, ""gas_res"": 82103.91}]}",NULL,"2025-10-27 12:55:34.323944"
12744,"04a600b9b0b8","2025-10-27 12:54:20","1o7IqB3binTlPffd8v5Y","{""bme688"": [{""temp"": 21.30319, ""step"": 5, ""status"": 1, ""pres"": 966.3847, ""meas_profile"": ""HP-8"", ""meas_id"": 8, ""hum"": 35.15111, ""gas_res"": 8537.887}, {""temp"": 21.25903, ""step"": 5, ""status"": 1, ""pres"": 966.4921, ""meas_profile"": ""HP-7"", ""meas_id"": 7, ""hum"": 34.99466, ""gas_res"": 10716.68}, {""temp"": 21.34344, ""step"": 5, ""status"": 1, ""pres"": 966.6672, ""meas_profile"": ""HP-6"", ""meas_id"": 6, ""hum"": 34.93924, ""gas_res"": 26283.37}, {""temp"": 21.22534, ""step"": 5, ""status"": 1, ""pres"": 966.4081, ""meas_profile"": ""HP-5"", ""meas_id"": 5, ""hum"": 35.10541, ""gas_res"": 97338.41}, {""temp"": 21.02328, ""step"": 5, ""status"": 1, ""pres"": 966.4965, ""meas_profile"": ""HP-4"", ""meas_id"": 4, ""hum"": 34.62951, ""gas_res"": 107585.6}, {""temp"": 21.20118, ""step"": 5, ""status"": 1, ""pres"": 966.165, ""meas_profile"": ""HP-3"", ""meas_id"": 3, ""hum"": 35.16767, ""gas_res"": 39493.98}, {""temp"": 21.11557, ""step"": 5, ""status"": 1, ""pres"": 966.2506, ""meas_profile"": ""HP-2"", ""meas_id"": 2, ""hum"": 35.35111, ""gas_res"": 100000.0}, {""temp"": 20.88748, ""step"": 5, ""status"": 1, ""pres"": 966.3024, ""meas_profile"": ""HP-1"", ""meas_id"": 1, ""hum"": 33.7096, ""gas_res"": 46715.33}]}",NULL,"2025-10-27 12:55:35.69661"
12745,"04a600b9b0b8","2025-10-27 12:54:20","1o7IqB3binTlPffd8v5Y","{""bme688"": [{""temp"": 21.30227, ""step"": 4, ""status"": 1, ""pres"": 966.385, ""meas_profile"": ""HP-8"", ""meas_id"": 8, ""hum"": 35.15102, ""gas_res"": 8620.689}, {""temp"": 21.2581, ""step"": 4, ""status"": 1, ""pres"": 966.4906, ""meas_profile"": ""HP-7"", ""meas_id"": 7, ""hum"": 34.98324, ""gas_res"": 10663.11}, {""temp"": 21.3422, ""step"": 4, ""status"": 1, ""pres"": 966.6669, ""meas_profile"": ""HP-6"", ""meas_id"": 6, ""hum"": 34.93913, ""gas_res"": 26446.28}, {""temp"": 21.22409, ""step"": 4, ""status"": 1, ""pres"": 966.4078, ""meas_profile"": ""HP-5"", ""meas_id"": 5, ""hum"": 35.12235, ""gas_res"": 99205.58}, {""temp"": 21.02203, ""step"": 4, ""status"": 1, ""pres"": 966.4961, ""meas_profile"": ""HP-4"", ""meas_id"": 4, ""hum"": 34.62939, ""gas_res"": 110726.6}, {""temp"": 21.20056, ""step"": 4, ""status"": 1, ""pres"": 966.164, ""meas_profile"": ""HP-3"", ""meas_id"": 3, ""hum"": 35.17337, ""gas_res"": 38811.4}, {""temp"": 21.11495, ""step"": 4, ""status"": 1, ""pres"": 966.2497, ""meas_profile"": ""HP-2"", ""meas_id"": 2, ""hum"": 35.37383, ""gas_res"": 100000.0}, {""temp"": 20.88686, ""step"": 4, ""status"": 1, ""pres"": 966.3016, ""meas_profile"": ""HP-1"", ""meas_id"": 1, ""hum"": 33.74458, ""gas_res"": 45133.99}]}",NULL,"2025-10-27 12:55:36.887409"
12746,"04a600b9b0b8","2025-10-27 12:54:20","1o7IqB3binTlPffd8v5Y","{""bme688"": [{""temp"": 21.30072, ""step"": 3, ""status"": 0, ""pres"": 966.3826, ""meas_profile"": ""HP-8"", ""meas_id"": 8, ""hum"": 35.15088, ""gas_res"": 5684.846}, {""temp"": 21.25685, ""step"": 3, ""status"": 0, ""pres"": 966.4902, ""meas_profile"": ""HP-7"", ""meas_id"": 7, ""hum"": 35.02281, ""gas_res"": 6665.278}, {""temp"": 21.34097, ""step"": 3, ""status"": 0, ""pres"": 966.6666, ""meas_profile"": ""HP-6"", ""meas_id"": 6, ""hum"": 34.93901, ""gas_res"": 14719.41}, {""temp"": 21.22284, ""step"": 3, ""status"": 0, ""pres"": 966.4058, ""meas_profile"": ""HP-5"", ""meas_id"": 5, ""hum"": 35.11086, ""gas_res"": 32938.75}, {""temp"": 21.02079, ""step"": 3, ""status"": 0, ""pres"": 966.4958, ""meas_profile"": ""HP-4"", ""meas_id"": 4, ""hum"": 34.64653, ""gas_res"": 34848.9}, {""temp"": 21.19932, ""step"": 3, ""status"": 0, ""pres"": 966.1638, ""meas_profile"": ""HP-3"", ""meas_id"": 3, ""hum"": 35.17326, ""gas_res"": 21115.14}, {""temp"": 21.1137, ""step"": 3, ""status"": 0, ""pres"": 966.2476, ""meas_profile"": ""HP-2"", ""meas_id"": 2, ""hum"": 35.39648, ""gas_res"": 33143.45}, {""temp"": 20.88561, ""step"": 3, ""status"": 0, ""pres"": 966.2996, ""meas_profile"": ""HP-1"", ""meas_id"": 1, ""hum"": 33.73862, ""gas_res"": 21519.84}]}",NULL,"2025-10-27 12:55:38.145684"
12747,"04a600b9b0b8","2025-10-27 12:54:20","1o7IqB3binTlPffd8v5Y","{""bme688"": [{""temp"": 21.2998, ""step"": 2, ""status"": 1, ""pres"": 966.383, ""meas_profile"": ""HP-8"", ""meas_id"": 8, ""hum"": 35.1221, ""gas_res"": 16393.44}, {""temp"": 21.25592, ""step"": 2, ""status"": 1, ""pres"": 966.4886, ""meas_profile"": ""HP-7"", ""meas_id"": 7, ""hum"": 34.99437, ""gas_res"": 21783.53}, {""temp"": 21.34004, ""step"": 2, ""status"": 1, ""pres"": 966.6652, ""meas_profile"": ""HP-6"", ""meas_id"": 6, ""hum"": 34.93893, ""gas_res"": 70156.21}, {""temp"": 21.22159, ""step"": 2, ""status"": 1, ""pres"": 966.4054, ""meas_profile"": ""HP-5"", ""meas_id"": 5, ""hum"": 35.11643, ""gas_res"": 192589.8}, {""temp"": 21.01955, ""step"": 2, ""status"": 1, ""pres"": 966.4954, ""meas_profile"": ""HP-4"", ""meas_id"": 4, ""hum"": 34.64642, ""gas_res"": 267642.4}, {""temp"": 21.19809, ""step"": 2, ""status"": 1, ""pres"": 966.1633, ""meas_profile"": ""HP-3"", ""meas_id"": 3, ""hum"": 35.17314, ""gas_res"": 120244.3}, {""temp"": 21.11246, ""step"": 2, ""status"": 1, ""pres"": 966.2472, ""meas_profile"": ""HP-2"", ""meas_id"": 2, ""hum"": 35.39067, ""gas_res"": 213155.7}, {""temp"": 20.88468, ""step"": 2, ""status"": 1, ""pres"": 966.3, ""meas_profile"": ""HP-1"", ""meas_id"": 1, ""hum"": 33.74438, ""gas_res"": 149401.8}]}",NULL,"2025-10-27 12:55:39.453166"
12748,"04a600b9b0b8","2025-10-27 12:54:20","1o7IqB3binTlPffd8v5Y","{""bme688"": [{""temp"": 21.29887, ""step"": 1, ""status"": 1, ""pres"": 966.3813, ""meas_profile"": ""HP-8"", ""meas_id"": 8, ""hum"": 35.13349, ""gas_res"": 6175.222}, {""temp"": 21.25499, ""step"": 1, ""status"": 1, ""pres"": 966.4888, ""meas_profile"": ""HP-7"", ""meas_id"": 7, ""hum"": 35.01697, ""gas_res"": 7239.819}, {""temp"": 21.33912, ""step"": 1, ""status"": 1, ""pres"": 966.6654, ""meas_profile"": ""HP-6"", ""meas_id"": 6, ""hum"": 34.9561, ""gas_res"": 25000.0}, {""temp"": 21.22065, ""step"": 1, ""status"": 1, ""pres"": 966.4039, ""meas_profile"": ""HP-5"", ""meas_id"": 5, ""hum"": 35.12772, ""gas_res"": 31113.27}, {""temp"": 21.01893, ""step"": 1, ""status"": 1, ""pres"": 966.4959, ""meas_profile"": ""HP-4"", ""meas_id"": 4, ""hum"": 34.64061, ""gas_res"": 31620.55}, {""temp"": 21.19747, ""step"": 1, ""status"": 1, ""pres"": 966.1624, ""meas_profile"": ""HP-3"", ""meas_id"": 3, ""hum"": 35.1846, ""gas_res"": 25000.0}, {""temp"": 21.11184, ""step"": 1, ""status"": 1, ""pres"": 966.2461, ""meas_profile"": ""HP-2"", ""meas_id"": 2, ""hum"": 35.38492, ""gas_res"": 26811.9}, {""temp"": 20.88406, ""step"": 1, ""status"": 1, ""pres"": 966.2991, ""meas_profile"": ""HP-1"", ""meas_id"": 1, ""hum"": 33.73849, ""gas_res"": 25000.0}]}",NULL,"2025-10-27 12:55:40.791956"
12749,"04a600b9b0b8","2025-10-27 12:54:20","1o7IqB3binTlPffd8v5Y","{""bme688"": [{""temp"": 21.29763, ""step"": 0, ""status"": 1, ""pres"": 966.3795, ""meas_profile"": ""HP-8"", ""meas_id"": 8, ""hum"": 35.14485, ""gas_res"": 5684.846}, {""temp"": 21.25344, ""step"": 0, ""status"": 1, ""pres"": 966.4863, ""meas_profile"": ""HP-7"", ""meas_id"": 7, ""hum"": 34.9828, ""gas_res"": 5684.846}, {""temp"": 21.33788, ""step"": 0, ""status"": 1, ""pres"": 966.6635, ""meas_profile"": ""HP-6"", ""meas_id"": 6, ""hum"": 34.96173, ""gas_res"": 6583.008}, {""temp"": 21.22002, ""step"": 0, ""status"": 1, ""pres"": 966.4045, ""meas_profile"": ""HP-5"", ""meas_id"": 5, ""hum"": 35.13334, ""gas_res"": 25000.0}, {""temp"": 21.01831, ""step"": 0, ""status"": 1, ""pres"": 966.495, ""meas_profile"": ""HP-4"", ""meas_id"": 4, ""hum"": 34.64631, ""gas_res"": 20745.54}, {""temp"": 21.19623, ""step"": 0, ""status"": 1, ""pres"": 966.162, ""meas_profile"": ""HP-3"", ""meas_id"": 3, ""hum"": 35.18449, ""gas_res"": 7289.294}, {""temp"": 21.11122, ""step"": 0, ""status"": 1, ""pres"": 966.2451, ""meas_profile"": ""HP-2"", ""meas_id"": 2, ""hum"": 35.39055, ""gas_res"": 6849.315}, {""temp"": 20.88281, ""step"": 0, ""status"": 1, ""pres"": 966.299, ""meas_profile"": ""HP-1"", ""meas_id"": 1, ""hum"": 33.75005, ""gas_res"": 7952.286}]}",NULL,"2025-10-27 12:55:41.997003"
12750,"04a600b9b0b8","2025-10-27 12:56:18","1o7IqB3binTlPffd8v5Y","{""zphs01b"": {""voc"": 0, ""temp"": 19.3, ""pm2_5"": 0, ""pm1_0"": 0, ""pm10"": 368, ""o3"": 0.33, ""no2"": 4.04, ""hum"": 0, ""fmhd"": 0, ""co2"": 5000, ""co"": 0.0}, ""smell_b"": {}, ""sfa30"": {""temp"": 21.5, ""hum"": 35.5, ""fmhd"": 11.2}, ""sen5x"": {""voc"": 131.0, ""temp"": 21.325, ""pm4_0"": 4612.4, ""pm2_5"": 4612.4, ""pm1_0"": 4398.2, ""pm10"": 4612.4, ""nox"": 1.0, ""mass_c"": 4558.85, ""hum"": 41.22}, ""scd41"": {""temp"": 21.22415, ""hum"": 38.75029, ""co2"": 696}, ""power_source"": 0, ""mics6814"": {""red_res"": 0, ""no2_res"": 0, ""no2"": 0.17, ""nh3_res"": 0, ""nh3"": 0.73, ""co_res"": 0, ""co"": 44.0}}",NULL,"2025-10-27 12:56:45.545233"
12751,"04a600b9b0b8","2025-10-27 12:56:18","1o7IqB3binTlPffd8v5Y","{""bme688"": [{""temp"": 21.3489, ""step"": 9, ""status"": 1, ""pres"": 966.4122, ""meas_profile"": ""HP-8"", ""meas_id"": 8, ""hum"": 35.01775, ""gas_res"": 5684.846}, {""temp"": 21.30343, ""step"": 9, ""status"": 1, ""pres"": 966.5201, ""meas_profile"": ""HP-7"", ""meas_id"": 7, ""hum"": 34.87979, ""gas_res"": 5684.846}, {""temp"": 21.38635, ""step"": 9, ""status"": 1, ""pres"": 966.6842, ""meas_profile"": ""HP-6"", ""meas_id"": 6, ""hum"": 34.79376, ""gas_res"": 6299.212}, {""temp"": 21.26599, ""step"": 9, ""status"": 1, ""pres"": 966.4141, ""meas_profile"": ""HP-5"", ""meas_id"": 5, ""hum"": 35.00124, ""gas_res"": 25000.0}, {""temp"": 21.06211, ""step"": 9, ""status"": 1, ""pres"": 966.502, ""meas_profile"": ""HP-4"", ""meas_id"": 4, ""hum"": 34.47781, ""gas_res"": 25000.0}, {""temp"": 21.23829, ""step"": 9, ""status"": 1, ""pres"": 966.1765, ""meas_profile"": ""HP-3"", ""meas_id"": 3, ""hum"": 35.00996, ""gas_res"": 6915.928}, {""temp"": 21.15128, ""step"": 9, ""status"": 1, ""pres"": 966.267, ""meas_profile"": ""HP-2"", ""meas_id"": 2, ""hum"": 35.21219, ""gas_res"": 8196.722}, {""temp"": 20.92202, ""step"": 9, ""status"": 1, ""pres"": 966.3138, ""meas_profile"": ""HP-1"", ""meas_id"": 1, ""hum"": 33.60181, ""gas_res"": 6486.925}]}",NULL,"2025-10-27 12:56:47.382586"
12752,"04a600b9b0b8","2025-10-27 12:56:18","1o7IqB3binTlPffd8v5Y","{""bme688"": [{""temp"": 21.34736, ""step"": 8, ""status"": 1, ""pres"": 966.4116, ""meas_profile"": ""HP-8"", ""meas_id"": 8, ""hum"": 35.0176, ""gas_res"": 5684.846}, {""temp"": 21.30157, ""step"": 8, ""status"": 1, ""pres"": 966.5188, ""meas_profile"": ""HP-7"", ""meas_id"": 7, ""hum"": 34.89661, ""gas_res"": 5684.846}, {""temp"": 21.3848, ""step"": 8, ""status"": 1, ""pres"": 966.6834, ""meas_profile"": ""HP-6"", ""meas_id"": 6, ""hum"": 34.80511, ""gas_res"": 6570.842}, {""temp"": 21.26474, ""step"": 8, ""status"": 1, ""pres"": 966.4138, ""meas_profile"": ""HP-5"", ""meas_id"": 5, ""hum"": 35.00681, ""gas_res"": 25000.0}, {""temp"": 21.06086, ""step"": 8, ""status"": 1, ""pres"": 966.5016, ""meas_profile"": ""HP-4"", ""meas_id"": 4, ""hum"": 34.49494, ""gas_res"": 25000.0}, {""temp"": 21.23705, ""step"": 8, ""status"": 1, ""pres"": 966.1761, ""meas_profile"": ""HP-3"", ""meas_id"": 3, ""hum"": 35.02135, ""gas_res"": 6479.044}, {""temp"": 21.15034, ""step"": 8, ""status"": 1, ""pres"": 966.2673, ""meas_profile"": ""HP-2"", ""meas_id"": 2, ""hum"": 35.2178, ""gas_res"": 8517.435}, {""temp"": 20.92078, ""step"": 8, ""status"": 1, ""pres"": 966.3138, ""meas_profile"": ""HP-1"", ""meas_id"": 1, ""hum"": 33.60171, ""gas_res"": 6753.905}]}",NULL,"2025-10-27 12:56:48.561331"
12753,"04a600b9b0b8","2025-10-27 12:56:18","1o7IqB3binTlPffd8v5Y","{""bme688"": [{""temp"": 21.34582, ""step"": 7, ""status"": 1, ""pres"": 966.4109, ""meas_profile"": ""HP-8"", ""meas_id"": 8, ""hum"": 35.01173, ""gas_res"": 5684.846}, {""temp"": 21.2997, ""step"": 7, ""status"": 1, ""pres"": 966.5173, ""meas_profile"": ""HP-7"", ""meas_id"": 7, ""hum"": 34.87944, ""gas_res"": 5684.846}, {""temp"": 21.38357, ""step"": 7, ""status"": 1, ""pres"": 966.6832, ""meas_profile"": ""HP-6"", ""meas_id"": 6, ""hum"": 34.7935, ""gas_res"": 6498.781}, {""temp"": 21.26349, ""step"": 7, ""status"": 1, ""pres"": 966.4133, ""meas_profile"": ""HP-5"", ""meas_id"": 5, ""hum"": 35.00669, ""gas_res"": 25000.0}, {""temp"": 21.05962, ""step"": 7, ""status"": 1, ""pres"": 966.5012, ""meas_profile"": ""HP-4"", ""meas_id"": 4, ""hum"": 34.48907, ""gas_res"": 22808.27}, {""temp"": 21.23581, ""step"": 7, ""status"": 1, ""pres"": 966.1758, ""meas_profile"": ""HP-3"", ""meas_id"": 3, ""hum"": 35.02699, ""gas_res"": 6069.803}, {""temp"": 21.1491, ""step"": 7, ""status"": 1, ""pres"": 966.2668, ""meas_profile"": ""HP-2"", ""meas_id"": 2, ""hum"": 35.19493, ""gas_res"": 8128.016}, {""temp"": 20.91953, ""step"": 7, ""status"": 1, ""pres"": 966.3119, ""meas_profile"": ""HP-1"", ""meas_id"": 1, ""hum"": 33.58409, ""gas_res"": 6530.612}]}",NULL,"2025-10-27 12:56:49.829379"
12754,"04a600b9b0b8","2025-10-27 12:56:18","1o7IqB3binTlPffd8v5Y","{""bme688"": [{""temp"": 21.34427, ""step"": 6, ""status"": 1, ""pres"": 966.4103, ""meas_profile"": ""HP-8"", ""meas_id"": 8, ""hum"": 35.01158, ""gas_res"": 8344.198}, {""temp"": 21.29877, ""step"": 6, ""status"": 1, ""pres"": 966.5178, ""meas_profile"": ""HP-7"", ""meas_id"": 7, ""hum"": 34.86802, ""gas_res"": 10557.57}, {""temp"": 21.38202, ""step"": 6, ""status"": 1, ""pres"": 966.6824, ""meas_profile"": ""HP-6"", ""meas_id"": 6, ""hum"": 34.8221, ""gas_res"": 27257.24}, {""temp"": 21.26193, ""step"": 6, ""status"": 1, ""pres"": 966.4141, ""meas_profile"": ""HP-5"", ""meas_id"": 5, ""hum"": 35.00086, ""gas_res"": 102666.9}, {""temp"": 21.05838, ""step"": 6, ""status"": 1, ""pres"": 966.5008, ""meas_profile"": ""HP-4"", ""meas_id"": 4, ""hum"": 34.49471, ""gas_res"": 119738.1}, {""temp"": 21.23488, ""step"": 6, ""status"": 1, ""pres"": 966.1761, ""meas_profile"": ""HP-3"", ""meas_id"": 3, ""hum"": 35.02114, ""gas_res"": 45277.68}, {""temp"": 21.14786, ""step"": 6, ""status"": 1, ""pres"": 966.2664, ""meas_profile"": ""HP-2"", ""meas_id"": 2, ""hum"": 35.22894, ""gas_res"": 98121.88}, {""temp"": 20.9186, ""step"": 6, ""status"": 1, ""pres"": 966.3122, ""meas_profile"": ""HP-1"", ""meas_id"": 1, ""hum"": 33.60151, ""gas_res"": 91822.09}]}",NULL,"2025-10-27 12:56:51.114909"
12755,"04a600b9b0b8","2025-10-27 12:56:18","1o7IqB3binTlPffd8v5Y","{""bme688"": [{""temp"": 21.34303, ""step"": 5, ""status"": 1, ""pres"": 966.4102, ""meas_profile"": ""HP-8"", ""meas_id"": 8, ""hum"": 35.01147, ""gas_res"": 8292.304}, {""temp"": 21.29753, ""step"": 5, ""status"": 1, ""pres"": 966.5171, ""meas_profile"": ""HP-7"", ""meas_id"": 7, ""hum"": 34.87357, ""gas_res"": 10495.24}, {""temp"": 21.38079, ""step"": 5, ""status"": 1, ""pres"": 966.6822, ""meas_profile"": ""HP-6"", ""meas_id"": 6, ""hum"": 34.79324, ""gas_res"": 27257.24}, {""temp"": 21.26036, ""step"": 5, ""status"": 1, ""pres"": 966.4133, ""meas_profile"": ""HP-5"", ""meas_id"": 5, ""hum"": 35.00071, ""gas_res"": 104107.4}, {""temp"": 21.05682, ""step"": 5, ""status"": 1, ""pres"": 966.4999, ""meas_profile"": ""HP-4"", ""meas_id"": 4, ""hum"": 34.49456, ""gas_res"": 121788.8}, {""temp"": 21.23396, ""step"": 5, ""status"": 1, ""pres"": 966.1763, ""meas_profile"": ""HP-3"", ""meas_id"": 3, ""hum"": 35.02681, ""gas_res"": 45086.3}, {""temp"": 21.14662, ""step"": 5, ""status"": 1, ""pres"": 966.2661, ""meas_profile"": ""HP-2"", ""meas_id"": 2, ""hum"": 35.22314, ""gas_res"": 97006.45}, {""temp"": 20.91767, ""step"": 5, ""status"": 1, ""pres"": 966.3127, ""meas_profile"": ""HP-1"", ""meas_id"": 1, ""hum"": 33.60143, ""gas_res"": 89982.42}]}",NULL,"2025-10-27 12:56:52.472144"
12756,"04a600b9b0b8","2025-10-27 12:56:18","1o7IqB3binTlPffd8v5Y","{""bme688"": [{""temp"": 21.3418, ""step"": 4, ""status"": 1, ""pres"": 966.4099, ""meas_profile"": ""HP-8"", ""meas_id"": 8, ""hum"": 34.99416, ""gas_res"": 8357.273}, {""temp"": 21.2966, ""step"": 4, ""status"": 1, ""pres"": 966.5174, ""meas_profile"": ""HP-7"", ""meas_id"": 7, ""hum"": 34.89615, ""gas_res"": 10443.86}, {""temp"": 21.37925, ""step"": 4, ""status"": 1, ""pres"": 966.6814, ""meas_profile"": ""HP-6"", ""meas_id"": 6, ""hum"": 34.81034, ""gas_res"": 27627.89}, {""temp"": 21.2588, ""step"": 4, ""status"": 1, ""pres"": 966.4124, ""meas_profile"": ""HP-5"", ""meas_id"": 5, ""hum"": 34.98353, ""gas_res"": 107925.8}, {""temp"": 21.05558, ""step"": 4, ""status"": 1, ""pres"": 966.4996, ""meas_profile"": ""HP-4"", ""meas_id"": 4, ""hum"": 34.49445, ""gas_res"": 129162.5}, {""temp"": 21.23272, ""step"": 4, ""status"": 1, ""pres"": 966.176, ""meas_profile"": ""HP-3"", ""meas_id"": 3, ""hum"": 35.01519, ""gas_res"": 45470.69}, {""temp"": 21.14507, ""step"": 4, ""status"": 1, ""pres"": 966.2651, ""meas_profile"": ""HP-2"", ""meas_id"": 2, ""hum"": 35.23437, ""gas_res"": 97728.57}, {""temp"": 20.91673, ""step"": 4, ""status"": 1, ""pres"": 966.313, ""meas_profile"": ""HP-1"", ""meas_id"": 1, ""hum"": 33.59551, ""gas_res"": 90459.37}]}",NULL,"2025-10-27 12:56:53.675887"
12757,"04a600b9b0b8","2025-10-27 12:56:18","1o7IqB3binTlPffd8v5Y","{""bme688"": [{""temp"": 21.33995, ""step"": 3, ""status"": 0, ""pres"": 966.4088, ""meas_profile"": ""HP-8"", ""meas_id"": 8, ""hum"": 35.00545, ""gas_res"": 5684.846}, {""temp"": 21.29505, ""step"": 3, ""status"": 0, ""pres"": 966.5164, ""meas_profile"": ""HP-7"", ""meas_id"": 7, ""hum"": 34.87901, ""gas_res"": 6408.973}, {""temp"": 21.3777, ""step"": 3, ""status"": 0, ""pres"": 966.6808, ""meas_profile"": ""HP-6"", ""meas_id"": 6, ""hum"": 34.8102, ""gas_res"": 15180.27}, {""temp"": 21.25724, ""step"": 3, ""status"": 0, ""pres"": 966.4114, ""meas_profile"": ""HP-5"", ""meas_id"": 5, ""hum"": 35.00043, ""gas_res"": 35724.25}, {""temp"": 21.05403, ""step"": 3, ""status"": 0, ""pres"": 966.4988, ""meas_profile"": ""HP-4"", ""meas_id"": 4, ""hum"": 34.51156, ""gas_res"": 40506.33}, {""temp"": 21.23148, ""step"": 3, ""status"": 0, ""pres"": 966.1755, ""meas_profile"": ""HP-3"", ""meas_id"": 3, ""hum"": 35.06111, ""gas_res"": 25361.6}, {""temp"": 21.14383, ""step"": 3, ""status"": 0, ""pres"": 966.2648, ""meas_profile"": ""HP-2"", ""meas_id"": 2, ""hum"": 35.23994, ""gas_res"": 38254.63}, {""temp"": 20.91549, ""step"": 3, ""status"": 0, ""pres"": 966.313, ""meas_profile"": ""HP-1"", ""meas_id"": 1, ""hum"": 33.6129, ""gas_res"": 25853.36}]}",NULL,"2025-10-27 12:56:54.96228"
12758,"04a600b9b0b8","2025-10-27 12:56:18","1o7IqB3binTlPffd8v5Y","{""bme688"": [{""temp"": 21.33871, ""step"": 2, ""status"": 1, ""pres"": 966.4086, ""meas_profile"": ""HP-8"", ""meas_id"": 8, ""hum"": 34.9996, ""gas_res"": 11061.18}, {""temp"": 21.2938, ""step"": 2, ""status"": 1, ""pres"": 966.5159, ""meas_profile"": ""HP-7"", ""meas_id"": 7, ""hum"": 34.87889, ""gas_res"": 14509.18}, {""temp"": 21.37647, ""step"": 2, ""status"": 1, ""pres"": 966.6805, ""meas_profile"": ""HP-6"", ""meas_id"": 6, ""hum"": 34.80434, ""gas_res"": 43257.86}, {""temp"": 21.25599, ""step"": 2, ""status"": 1, ""pres"": 966.4112, ""meas_profile"": ""HP-5"", ""meas_id"": 5, ""hum"": 34.97758, ""gas_res"": 113299.4}, {""temp"": 21.05278, ""step"": 2, ""status"": 1, ""pres"": 966.4983, ""meas_profile"": ""HP-4"", ""meas_id"": 4, ""hum"": 34.51144, ""gas_res"": 175522.8}, {""temp"": 21.23025, ""step"": 2, ""status"": 1, ""pres"": 966.1753, ""meas_profile"": ""HP-3"", ""meas_id"": 3, ""hum"": 35.04949, ""gas_res"": 85561.5}, {""temp"": 21.14227, ""step"": 2, ""status"": 1, ""pres"": 966.2639, ""meas_profile"": ""HP-2"", ""meas_id"": 2, ""hum"": 35.24548, ""gas_res"": 148491.9}, {""temp"": 20.91393, ""step"": 2, ""status"": 1, ""pres"": 966.3123, ""meas_profile"": ""HP-1"", ""meas_id"": 1, ""hum"": 33.63027, ""gas_res"": 107925.8}]}",NULL,"2025-10-27 12:56:56.232305"
12759,"04a600b9b0b8","2025-10-27 12:56:18","1o7IqB3binTlPffd8v5Y","{""bme688"": [{""temp"": 21.33747, ""step"": 1, ""status"": 1, ""pres"": 966.4085, ""meas_profile"": ""HP-8"", ""meas_id"": 8, ""hum"": 34.99947, ""gas_res"": 5971.263}, {""temp"": 21.29225, ""step"": 1, ""status"": 1, ""pres"": 966.5153, ""meas_profile"": ""HP-7"", ""meas_id"": 7, ""hum"": 34.86175, ""gas_res"": 7128.537}, {""temp"": 21.37523, ""step"": 1, ""status"": 1, ""pres"": 966.6803, ""meas_profile"": ""HP-6"", ""meas_id"": 6, ""hum"": 34.80996, ""gas_res"": 25000.0}, {""temp"": 21.25473, ""step"": 1, ""status"": 1, ""pres"": 966.4124, ""meas_profile"": ""HP-5"", ""meas_id"": 5, ""hum"": 34.98314, ""gas_res"": 35193.84}, {""temp"": 21.05154, ""step"": 1, ""status"": 1, ""pres"": 966.498, ""meas_profile"": ""HP-4"", ""meas_id"": 4, ""hum"": 34.49408, ""gas_res"": 39275.85}, {""temp"": 21.22932, ""step"": 1, ""status"": 1, ""pres"": 966.1755, ""meas_profile"": ""HP-3"", ""meas_id"": 3, ""hum"": 35.07242, ""gas_res"": 25000.0}, {""temp"": 21.14134, ""step"": 1, ""status"": 1, ""pres"": 966.264, ""meas_profile"": ""HP-2"", ""meas_id"": 2, ""hum"": 35.24539, ""gas_res"": 33988.32}, {""temp"": 20.913, ""step"": 1, ""status"": 1, ""pres"": 966.3127, ""meas_profile"": ""HP-1"", ""meas_id"": 1, ""hum"": 33.60684, ""gas_res"": 24306.88}]}",NULL,"2025-10-27 12:56:57.601404"
12760,"04a600b9b0b8","2025-10-27 12:56:18","1o7IqB3binTlPffd8v5Y","{""bme688"": [{""temp"": 21.33593, ""step"": 0, ""status"": 1, ""pres"": 966.4078, ""meas_profile"": ""HP-8"", ""meas_id"": 8, ""hum"": 35.00507, ""gas_res"": 5684.846}, {""temp"": 21.2907, ""step"": 0, ""status"": 1, ""pres"": 966.5142, ""meas_profile"": ""HP-7"", ""meas_id"": 7, ""hum"": 34.86161, ""gas_res"": 5684.846}, {""temp"": 21.374, ""step"": 0, ""status"": 1, ""pres"": 966.68, ""meas_profile"": ""HP-6"", ""meas_id"": 6, ""hum"": 34.80411, ""gas_res"": 6677.796}, {""temp"": 21.25348, ""step"": 0, ""status"": 1, ""pres"": 966.4122, ""meas_profile"": ""HP-5"", ""meas_id"": 5, ""hum"": 34.96599, ""gas_res"": 25000.0}, {""temp"": 21.05061, ""step"": 0, ""status"": 1, ""pres"": 966.498, ""meas_profile"": ""HP-4"", ""meas_id"": 4, ""hum"": 34.51124, ""gas_res"": 25000.0}, {""temp"": 21.22808, ""step"": 0, ""status"": 1, ""pres"": 966.1752, ""meas_profile"": ""HP-3"", ""meas_id"": 3, ""hum"": 35.04929, ""gas_res"": 6214.799}, {""temp"": 21.14041, ""step"": 0, ""status"": 1, ""pres"": 966.2644, ""meas_profile"": ""HP-2"", ""meas_id"": 2, ""hum"": 35.251, ""gas_res"": 8196.722}, {""temp"": 20.91175, ""step"": 0, ""status"": 1, ""pres"": 966.3107, ""meas_profile"": ""HP-1"", ""meas_id"": 1, ""hum"": 33.62423, ""gas_res"": 6482.982}]}",NULL,"2025-10-27 12:56:58.802084"
12761,"04a600b9b0b8","2025-10-27 12:55:51","1o7IqB3binTlPffd8v5Y","{""zphs01b"": {""voc"": 0, ""temp"": 19.3, ""pm2_5"": 0, ""pm1_0"": 0, ""pm10"": 371, ""o3"": 0.11, ""no2"": 0.43, ""hum"": 0, ""fmhd"": 0, ""co2"": 5000, ""co"": 0.0}, ""smell_b"": {}, ""sfa30"": {""temp"": 21.47, ""hum"": 35.54, ""fmhd"": 12.8}, ""sen5x"": {""voc"": 121.0, ""temp"": 21.335, ""pm4_0"": 4667.4, ""pm2_5"": 4667.4, ""pm1_0"": 4450.7, ""pm10"": 4667.4, ""nox"": 1.0, ""mass_c"": 4613.225, ""hum"": 41.2}, ""scd41"": {""temp"": 21.17609, ""hum"": 38.82963, ""co2"": 694}, ""power_source"": 0, ""mics6814"": {""red_res"": 0, ""no2_res"": 0, ""no2"": 0.17, ""nh3_res"": 0, ""nh3"": 0.73, ""co_res"": 0, ""co"": 44.0}}",NULL,"2025-10-27 12:56:59.971334"
12784,"04a600b9b0b8","2025-10-27 12:56:18","1o7IqB3binTlPffd8v5Y","{""zphs01b"": {""voc"": 0, ""temp"": 19.3, ""pm2_5"": 0, ""pm1_0"": 0, ""pm10"": 368, ""o3"": 0.33, ""no2"": 4.04, ""hum"": 0, ""fmhd"": 0, ""co2"": 5000, ""co"": 0.0}, ""smell_b"": {}, ""sfa30"": {""temp"": 21.5, ""hum"": 35.5, ""fmhd"": 11.2}, ""sen5x"": {""voc"": 131.0, ""temp"": 21.325, ""pm4_0"": 4612.4, ""pm2_5"": 4612.4, ""pm1_0"": 4398.2, ""pm10"": 4612.4, ""nox"": 1.0, ""mass_c"": 4558.85, ""hum"": 41.22}, ""scd41"": {""temp"": 21.22415, ""hum"": 38.75029, ""co2"": 696}, ""power_source"": 0, ""mics6814"": {""red_res"": 0, ""no2_res"": 0, ""no2"": 0.17, ""nh3_res"": 0, ""nh3"": 0.73, ""co_res"": 0, ""co"": 44.0}}",NULL,"2025-10-27 13:06:21.888194"
12785,"04a600b9b0b8","2025-10-27 12:56:18","1o7IqB3binTlPffd8v5Y","{""bme688"": [{""temp"": 21.3489, ""step"": 9, ""status"": 1, ""pres"": 966.4122, ""meas_profile"": ""HP-8"", ""meas_id"": 8, ""hum"": 35.01775, ""gas_res"": 5684.846}, {""temp"": 21.30343, ""step"": 9, ""status"": 1, ""pres"": 966.5201, ""meas_profile"": ""HP-7"", ""meas_id"": 7, ""hum"": 34.87979, ""gas_res"": 5684.846}, {""temp"": 21.38635, ""step"": 9, ""status"": 1, ""pres"": 966.6842, ""meas_profile"": ""HP-6"", ""meas_id"": 6, ""hum"": 34.79376, ""gas_res"": 6299.212}, {""temp"": 21.26599, ""step"": 9, ""status"": 1, ""pres"": 966.4141, ""meas_profile"": ""HP-5"", ""meas_id"": 5, ""hum"": 35.00124, ""gas_res"": 25000.0}, {""temp"": 21.06211, ""step"": 9, ""status"": 1, ""pres"": 966.502, ""meas_profile"": ""HP-4"", ""meas_id"": 4, ""hum"": 34.47781, ""gas_res"": 25000.0}, {""temp"": 21.23829, ""step"": 9, ""status"": 1, ""pres"": 966.1765, ""meas_profile"": ""HP-3"", ""meas_id"": 3, ""hum"": 35.00996, ""gas_res"": 6915.928}, {""temp"": 21.15128, ""step"": 9, ""status"": 1, ""pres"": 966.267, ""meas_profile"": ""HP-2"", ""meas_id"": 2, ""hum"": 35.21219, ""gas_res"": 8196.722}, {""temp"": 20.92202, ""step"": 9, ""status"": 1, ""pres"": 966.3138, ""meas_profile"": ""HP-1"", ""meas_id"": 1, ""hum"": 33.60181, ""gas_res"": 6486.925}]}",NULL,"2025-10-27 13:06:23.267749"
12786,"04a600b9b0b8","2025-10-27 12:56:18","1o7IqB3binTlPffd8v5Y","{""bme688"": [{""temp"": 21.34736, ""step"": 8, ""status"": 1, ""pres"": 966.4116, ""meas_profile"": ""HP-8"", ""meas_id"": 8, ""hum"": 35.0176, ""gas_res"": 5684.846}, {""temp"": 21.30157, ""step"": 8, ""status"": 1, ""pres"": 966.5188, ""meas_profile"": ""HP-7"", ""meas_id"": 7, ""hum"": 34.89661, ""gas_res"": 5684.846}, {""temp"": 21.3848, ""step"": 8, ""status"": 1, ""pres"": 966.6834, ""meas_profile"": ""HP-6"", ""meas_id"": 6, ""hum"": 34.80511, ""gas_res"": 6570.842}, {""temp"": 21.26474, ""step"": 8, ""status"": 1, ""pres"": 966.4138, ""meas_profile"": ""HP-5"", ""meas_id"": 5, ""hum"": 35.00681, ""gas_res"": 25000.0}, {""temp"": 21.06086, ""step"": 8, ""status"": 1, ""pres"": 966.5016, ""meas_profile"": ""HP-4"", ""meas_id"": 4, ""hum"": 34.49494, ""gas_res"": 25000.0}, {""temp"": 21.23705, ""step"": 8, ""status"": 1, ""pres"": 966.1761, ""meas_profile"": ""HP-3"", ""meas_id"": 3, ""hum"": 35.02135, ""gas_res"": 6479.044}, {""temp"": 21.15034, ""step"": 8, ""status"": 1, ""pres"": 966.2673, ""meas_profile"": ""HP-2"", ""meas_id"": 2, ""hum"": 35.2178, ""gas_res"": 8517.435}, {""temp"": 20.92078, ""step"": 8, ""status"": 1, ""pres"": 966.3138, ""meas_profile"": ""HP-1"", ""meas_id"": 1, ""hum"": 33.60171, ""gas_res"": 6753.905}]}",NULL,"2025-10-27 13:06:24.548568"
12787,"04a600b9b0b8","2025-10-27 12:56:18","1o7IqB3binTlPffd8v5Y","{""bme688"": [{""temp"": 21.34582, ""step"": 7, ""status"": 1, ""pres"": 966.4109, ""meas_profile"": ""HP-8"", ""meas_id"": 8, ""hum"": 35.01173, ""gas_res"": 5684.846}, {""temp"": 21.2997, ""step"": 7, ""status"": 1, ""pres"": 966.5173, ""meas_profile"": ""HP-7"", ""meas_id"": 7, ""hum"": 34.87944, ""gas_res"": 5684.846}, {""temp"": 21.38357, ""step"": 7, ""status"": 1, ""pres"": 966.6832, ""meas_profile"": ""HP-6"", ""meas_id"": 6, ""hum"": 34.7935, ""gas_res"": 6498.781}, {""temp"": 21.26349, ""step"": 7, ""status"": 1, ""pres"": 966.4133, ""meas_profile"": ""HP-5"", ""meas_id"": 5, ""hum"": 35.00669, ""gas_res"": 25000.0}, {""temp"": 21.05962, ""step"": 7, ""status"": 1, ""pres"": 966.5012, ""meas_profile"": ""HP-4"", ""meas_id"": 4, ""hum"": 34.48907, ""gas_res"": 22808.27}, {""temp"": 21.23581, ""step"": 7, ""status"": 1, ""pres"": 966.1758, ""meas_profile"": ""HP-3"", ""meas_id"": 3, ""hum"": 35.02699, ""gas_res"": 6069.803}, {""temp"": 21.1491, ""step"": 7, ""status"": 1, ""pres"": 966.2668, ""meas_profile"": ""HP-2"", ""meas_id"": 2, ""hum"": 35.19493, ""gas_res"": 8128.016}, {""temp"": 20.91953, ""step"": 7, ""status"": 1, ""pres"": 966.3119, ""meas_profile"": ""HP-1"", ""meas_id"": 1, ""hum"": 33.58409, ""gas_res"": 6530.612}]}",NULL,"2025-10-27 13:06:25.922244"
12788,"04a600b9b0b8","2025-10-27 12:56:18","1o7IqB3binTlPffd8v5Y","{""bme688"": [{""temp"": 21.34427, ""step"": 6, ""status"": 1, ""pres"": 966.4103, ""meas_profile"": ""HP-8"", ""meas_id"": 8, ""hum"": 35.01158, ""gas_res"": 8344.198}, {""temp"": 21.29877, ""step"": 6, ""status"": 1, ""pres"": 966.5178, ""meas_profile"": ""HP-7"", ""meas_id"": 7, ""hum"": 34.86802, ""gas_res"": 10557.57}, {""temp"": 21.38202, ""step"": 6, ""status"": 1, ""pres"": 966.6824, ""meas_profile"": ""HP-6"", ""meas_id"": 6, ""hum"": 34.8221, ""gas_res"": 27257.24}, {""temp"": 21.26193, ""step"": 6, ""status"": 1, ""pres"": 966.4141, ""meas_profile"": ""HP-5"", ""meas_id"": 5, ""hum"": 35.00086, ""gas_res"": 102666.9}, {""temp"": 21.05838, ""step"": 6, ""status"": 1, ""pres"": 966.5008, ""meas_profile"": ""HP-4"", ""meas_id"": 4, ""hum"": 34.49471, ""gas_res"": 119738.1}, {""temp"": 21.23488, ""step"": 6, ""status"": 1, ""pres"": 966.1761, ""meas_profile"": ""HP-3"", ""meas_id"": 3, ""hum"": 35.02114, ""gas_res"": 45277.68}, {""temp"": 21.14786, ""step"": 6, ""status"": 1, ""pres"": 966.2664, ""meas_profile"": ""HP-2"", ""meas_id"": 2, ""hum"": 35.22894, ""gas_res"": 98121.88}, {""temp"": 20.9186, ""step"": 6, ""status"": 1, ""pres"": 966.3122, ""meas_profile"": ""HP-1"", ""meas_id"": 1, ""hum"": 33.60151, ""gas_res"": 91822.09}]}",NULL,"2025-10-27 13:06:27.104556"
12789,"04a600b9b0b8","2025-10-27 12:56:18","1o7IqB3binTlPffd8v5Y","{""bme688"": [{""temp"": 21.34303, ""step"": 5, ""status"": 1, ""pres"": 966.4102, ""meas_profile"": ""HP-8"", ""meas_id"": 8, ""hum"": 35.01147, ""gas_res"": 8292.304}, {""temp"": 21.29753, ""step"": 5, ""status"": 1, ""pres"": 966.5171, ""meas_profile"": ""HP-7"", ""meas_id"": 7, ""hum"": 34.87357, ""gas_res"": 10495.24}, {""temp"": 21.38079, ""step"": 5, ""status"": 1, ""pres"": 966.6822, ""meas_profile"": ""HP-6"", ""meas_id"": 6, ""hum"": 34.79324, ""gas_res"": 27257.24}, {""temp"": 21.26036, ""step"": 5, ""status"": 1, ""pres"": 966.4133, ""meas_profile"": ""HP-5"", ""meas_id"": 5, ""hum"": 35.00071, ""gas_res"": 104107.4}, {""temp"": 21.05682, ""step"": 5, ""status"": 1, ""pres"": 966.4999, ""meas_profile"": ""HP-4"", ""meas_id"": 4, ""hum"": 34.49456, ""gas_res"": 121788.8}, {""temp"": 21.23396, ""step"": 5, ""status"": 1, ""pres"": 966.1763, ""meas_profile"": ""HP-3"", ""meas_id"": 3, ""hum"": 35.02681, ""gas_res"": 45086.3}, {""temp"": 21.14662, ""step"": 5, ""status"": 1, ""pres"": 966.2661, ""meas_profile"": ""HP-2"", ""meas_id"": 2, ""hum"": 35.22314, ""gas_res"": 97006.45}, {""temp"": 20.91767, ""step"": 5, ""status"": 1, ""pres"": 966.3127, ""meas_profile"": ""HP-1"", ""meas_id"": 1, ""hum"": 33.60143, ""gas_res"": 89982.42}]}",NULL,"2025-10-27 13:06:28.421003"
12790,"04a600b9b0b8","2025-10-27 12:56:18","1o7IqB3binTlPffd8v5Y","{""bme688"": [{""temp"": 21.3418, ""step"": 4, ""status"": 1, ""pres"": 966.4099, ""meas_profile"": ""HP-8"", ""meas_id"": 8, ""hum"": 34.99416, ""gas_res"": 8357.273}, {""temp"": 21.2966, ""step"": 4, ""status"": 1, ""pres"": 966.5174, ""meas_profile"": ""HP-7"", ""meas_id"": 7, ""hum"": 34.89615, ""gas_res"": 10443.86}, {""temp"": 21.37925, ""step"": 4, ""status"": 1, ""pres"": 966.6814, ""meas_profile"": ""HP-6"", ""meas_id"": 6, ""hum"": 34.81034, ""gas_res"": 27627.89}, {""temp"": 21.2588, ""step"": 4, ""status"": 1, ""pres"": 966.4124, ""meas_profile"": ""HP-5"", ""meas_id"": 5, ""hum"": 34.98353, ""gas_res"": 107925.8}, {""temp"": 21.05558, ""step"": 4, ""status"": 1, ""pres"": 966.4996, ""meas_profile"": ""HP-4"", ""meas_id"": 4, ""hum"": 34.49445, ""gas_res"": 129162.5}, {""temp"": 21.23272, ""step"": 4, ""status"": 1, ""pres"": 966.176, ""meas_profile"": ""HP-3"", ""meas_id"": 3, ""hum"": 35.01519, ""gas_res"": 45470.69}, {""temp"": 21.14507, ""step"": 4, ""status"": 1, ""pres"": 966.2651, ""meas_profile"": ""HP-2"", ""meas_id"": 2, ""hum"": 35.23437, ""gas_res"": 97728.57}, {""temp"": 20.91673, ""step"": 4, ""status"": 1, ""pres"": 966.313, ""meas_profile"": ""HP-1"", ""meas_id"": 1, ""hum"": 33.59551, ""gas_res"": 90459.37}]}",NULL,"2025-10-27 13:06:29.667661"
12791,"04a600b9b0b8","2025-10-27 12:56:18","1o7IqB3binTlPffd8v5Y","{""bme688"": [{""temp"": 21.33995, ""step"": 3, ""status"": 0, ""pres"": 966.4088, ""meas_profile"": ""HP-8"", ""meas_id"": 8, ""hum"": 35.00545, ""gas_res"": 5684.846}, {""temp"": 21.29505, ""step"": 3, ""status"": 0, ""pres"": 966.5164, ""meas_profile"": ""HP-7"", ""meas_id"": 7, ""hum"": 34.87901, ""gas_res"": 6408.973}, {""temp"": 21.3777, ""step"": 3, ""status"": 0, ""pres"": 966.6808, ""meas_profile"": ""HP-6"", ""meas_id"": 6, ""hum"": 34.8102, ""gas_res"": 15180.27}, {""temp"": 21.25724, ""step"": 3, ""status"": 0, ""pres"": 966.4114, ""meas_profile"": ""HP-5"", ""meas_id"": 5, ""hum"": 35.00043, ""gas_res"": 35724.25}, {""temp"": 21.05403, ""step"": 3, ""status"": 0, ""pres"": 966.4988, ""meas_profile"": ""HP-4"", ""meas_id"": 4, ""hum"": 34.51156, ""gas_res"": 40506.33}, {""temp"": 21.23148, ""step"": 3, ""status"": 0, ""pres"": 966.1755, ""meas_profile"": ""HP-3"", ""meas_id"": 3, ""hum"": 35.06111, ""gas_res"": 25361.6}, {""temp"": 21.14383, ""step"": 3, ""status"": 0, ""pres"": 966.2648, ""meas_profile"": ""HP-2"", ""meas_id"": 2, ""hum"": 35.23994, ""gas_res"": 38254.63}, {""temp"": 20.91549, ""step"": 3, ""status"": 0, ""pres"": 966.313, ""meas_profile"": ""HP-1"", ""meas_id"": 1, ""hum"": 33.6129, ""gas_res"": 25853.36}]}",NULL,"2025-10-27 13:06:31.039945"
12792,"04a600b9b0b8","2025-10-27 12:56:18","1o7IqB3binTlPffd8v5Y","{""bme688"": [{""temp"": 21.33871, ""step"": 2, ""status"": 1, ""pres"": 966.4086, ""meas_profile"": ""HP-8"", ""meas_id"": 8, ""hum"": 34.9996, ""gas_res"": 11061.18}, {""temp"": 21.2938, ""step"": 2, ""status"": 1, ""pres"": 966.5159, ""meas_profile"": ""HP-7"", ""meas_id"": 7, ""hum"": 34.87889, ""gas_res"": 14509.18}, {""temp"": 21.37647, ""step"": 2, ""status"": 1, ""pres"": 966.6805, ""meas_profile"": ""HP-6"", ""meas_id"": 6, ""hum"": 34.80434, ""gas_res"": 43257.86}, {""temp"": 21.25599, ""step"": 2, ""status"": 1, ""pres"": 966.4112, ""meas_profile"": ""HP-5"", ""meas_id"": 5, ""hum"": 34.97758, ""gas_res"": 113299.4}, {""temp"": 21.05278, ""step"": 2, ""status"": 1, ""pres"": 966.4983, ""meas_profile"": ""HP-4"", ""meas_id"": 4, ""hum"": 34.51144, ""gas_res"": 175522.8}, {""temp"": 21.23025, ""step"": 2, ""status"": 1, ""pres"": 966.1753, ""meas_profile"": ""HP-3"", ""meas_id"": 3, ""hum"": 35.04949, ""gas_res"": 85561.5}, {""temp"": 21.14227, ""step"": 2, ""status"": 1, ""pres"": 966.2639, ""meas_profile"": ""HP-2"", ""meas_id"": 2, ""hum"": 35.24548, ""gas_res"": 148491.9}, {""temp"": 20.91393, ""step"": 2, ""status"": 1, ""pres"": 966.3123, ""meas_profile"": ""HP-1"", ""meas_id"": 1, ""hum"": 33.63027, ""gas_res"": 107925.8}]}",NULL,"2025-10-27 13:06:32.247201"
12793,"04a600b9b0b8","2025-10-27 12:56:18","1o7IqB3binTlPffd8v5Y","{""bme688"": [{""temp"": 21.33747, ""step"": 1, ""status"": 1, ""pres"": 966.4085, ""meas_profile"": ""HP-8"", ""meas_id"": 8, ""hum"": 34.99947, ""gas_res"": 5971.263}, {""temp"": 21.29225, ""step"": 1, ""status"": 1, ""pres"": 966.5153, ""meas_profile"": ""HP-7"", ""meas_id"": 7, ""hum"": 34.86175, ""gas_res"": 7128.537}, {""temp"": 21.37523, ""step"": 1, ""status"": 1, ""pres"": 966.6803, ""meas_profile"": ""HP-6"", ""meas_id"": 6, ""hum"": 34.80996, ""gas_res"": 25000.0}, {""temp"": 21.25473, ""step"": 1, ""status"": 1, ""pres"": 966.4124, ""meas_profile"": ""HP-5"", ""meas_id"": 5, ""hum"": 34.98314, ""gas_res"": 35193.84}, {""temp"": 21.05154, ""step"": 1, ""status"": 1, ""pres"": 966.498, ""meas_profile"": ""HP-4"", ""meas_id"": 4, ""hum"": 34.49408, ""gas_res"": 39275.85}, {""temp"": 21.22932, ""step"": 1, ""status"": 1, ""pres"": 966.1755, ""meas_profile"": ""HP-3"", ""meas_id"": 3, ""hum"": 35.07242, ""gas_res"": 25000.0}, {""temp"": 21.14134, ""step"": 1, ""status"": 1, ""pres"": 966.264, ""meas_profile"": ""HP-2"", ""meas_id"": 2, ""hum"": 35.24539, ""gas_res"": 33988.32}, {""temp"": 20.913, ""step"": 1, ""status"": 1, ""pres"": 966.3127, ""meas_profile"": ""HP-1"", ""meas_id"": 1, ""hum"": 33.60684, ""gas_res"": 24306.88}]}",NULL,"2025-10-27 13:06:33.511615"
12794,"04a600b9b0b8","2025-10-27 12:56:18","1o7IqB3binTlPffd8v5Y","{""bme688"": [{""temp"": 21.33593, ""step"": 0, ""status"": 1, ""pres"": 966.4078, ""meas_profile"": ""HP-8"", ""meas_id"": 8, ""hum"": 35.00507, ""gas_res"": 5684.846}, {""temp"": 21.2907, ""step"": 0, ""status"": 1, ""pres"": 966.5142, ""meas_profile"": ""HP-7"", ""meas_id"": 7, ""hum"": 34.86161, ""gas_res"": 5684.846}, {""temp"": 21.374, ""step"": 0, ""status"": 1, ""pres"": 966.68, ""meas_profile"": ""HP-6"", ""meas_id"": 6, ""hum"": 34.80411, ""gas_res"": 6677.796}, {""temp"": 21.25348, ""step"": 0, ""status"": 1, ""pres"": 966.4122, ""meas_profile"": ""HP-5"", ""meas_id"": 5, ""hum"": 34.96599, ""gas_res"": 25000.0}, {""temp"": 21.05061, ""step"": 0, ""status"": 1, ""pres"": 966.498, ""meas_profile"": ""HP-4"", ""meas_id"": 4, ""hum"": 34.51124, ""gas_res"": 25000.0}, {""temp"": 21.22808, ""step"": 0, ""status"": 1, ""pres"": 966.1752, ""meas_profile"": ""HP-3"", ""meas_id"": 3, ""hum"": 35.04929, ""gas_res"": 6214.799}, {""temp"": 21.14041, ""step"": 0, ""status"": 1, ""pres"": 966.2644, ""meas_profile"": ""HP-2"", ""meas_id"": 2, ""hum"": 35.251, ""gas_res"": 8196.722}, {""temp"": 20.91175, ""step"": 0, ""status"": 1, ""pres"": 966.3107, ""meas_profile"": ""HP-1"", ""meas_id"": 1, ""hum"": 33.62423, ""gas_res"": 6482.982}]}",NULL,"2025-10-27 13:06:34.803561"
12795,"04a600b9b0b8","2025-10-27 12:55:51","1o7IqB3binTlPffd8v5Y","{""zphs01b"": {""voc"": 0, ""temp"": 19.3, ""pm2_5"": 0, ""pm1_0"": 0, ""pm10"": 371, ""o3"": 0.11, ""no2"": 0.43, ""hum"": 0, ""fmhd"": 0, ""co2"": 5000, ""co"": 0.0}, ""smell_b"": {}, ""sfa30"": {""temp"": 21.47, ""hum"": 35.54, ""fmhd"": 12.8}, ""sen5x"": {""voc"": 121.0, ""temp"": 21.335, ""pm4_0"": 4667.4, ""pm2_5"": 4667.4, ""pm1_0"": 4450.7, ""pm10"": 4667.4, ""nox"": 1.0, ""mass_c"": 4613.225, ""hum"": 41.2}, ""scd41"": {""temp"": 21.17609, ""hum"": 38.82963, ""co2"": 694}, ""power_source"": 0, ""mics6814"": {""red_res"": 0, ""no2_res"": 0, ""no2"": 0.17, ""nh3_res"": 0, ""nh3"": 0.73, ""co_res"": 0, ""co"": 44.0}}",NULL,"2025-10-27 13:06:36.056856"
12796,"04a600b9b0b8","2025-10-27 12:55:51","1o7IqB3binTlPffd8v5Y","{""bme688"": [{""temp"": 21.33439, ""step"": 9, ""status"": 1, ""pres"": 966.4071, ""meas_profile"": ""HP-8"", ""meas_id"": 8, ""hum"": 34.99919, ""gas_res"": 5684.846}, {""temp"": 21.28915, ""step"": 9, ""status"": 1, ""pres"": 966.5134, ""meas_profile"": ""HP-7"", ""meas_id"": 7, ""hum"": 34.84447, ""gas_res"": 5684.846}, {""temp"": 21.37246, ""step"": 9, ""status"": 1, ""pres"": 966.6793, ""meas_profile"": ""HP-6"", ""meas_id"": 6, ""hum"": 34.80396, ""gas_res"": 5957.922}, {""temp"": 21.25254, ""step"": 9, ""status"": 1, ""pres"": 966.4123, ""meas_profile"": ""HP-5"", ""meas_id"": 5, ""hum"": 34.97158, ""gas_res"": 25000.0}, {""temp"": 21.04937, ""step"": 9, ""status"": 1, ""pres"": 966.4977, ""meas_profile"": ""HP-4"", ""meas_id"": 4, ""hum"": 34.50537, ""gas_res"": 25000.0}, {""temp"": 21.22684, ""step"": 9, ""status"": 1, ""pres"": 966.1747, ""meas_profile"": ""HP-3"", ""meas_id"": 3, ""hum"": 35.0319, ""gas_res"": 6329.114}, {""temp"": 21.13917, ""step"": 9, ""status"": 1, ""pres"": 966.264, ""meas_profile"": ""HP-2"", ""meas_id"": 2, ""hum"": 35.22243, ""gas_res"": 7801.073}, {""temp"": 20.91082, ""step"": 9, ""status"": 1, ""pres"": 966.3111, ""meas_profile"": ""HP-1"", ""meas_id"": 1, ""hum"": 33.61248, ""gas_res"": 6175.222}]}",NULL,"2025-10-27 13:06:37.349906"
12797,"04a600b9b0b8","2025-10-27 12:55:51","1o7IqB3binTlPffd8v5Y","{""bme688"": [{""temp"": 21.33284, ""step"": 8, ""status"": 1, ""pres"": 966.4047, ""meas_profile"": ""HP-8"", ""meas_id"": 8, ""hum"": 35.01051, ""gas_res"": 5684.846}, {""temp"": 21.28759, ""step"": 8, ""status"": 1, ""pres"": 966.5125, ""meas_profile"": ""HP-7"", ""meas_id"": 7, ""hum"": 34.84998, ""gas_res"": 5684.846}, {""temp"": 21.37122, ""step"": 8, ""status"": 1, ""pres"": 966.679, ""meas_profile"": ""HP-6"", ""meas_id"": 6, ""hum"": 34.80959, ""gas_res"": 6236.601}, {""temp"": 21.25129, ""step"": 8, ""status"": 1, ""pres"": 966.4119, ""meas_profile"": ""HP-5"", ""meas_id"": 5, ""hum"": 34.99419, ""gas_res"": 25000.0}, {""temp"": 21.04844, ""step"": 8, ""status"": 1, ""pres"": 966.4995, ""meas_profile"": ""HP-4"", ""meas_id"": 4, ""hum"": 34.50529, ""gas_res"": 22832.68}, {""temp"": 21.22561, ""step"": 8, ""status"": 1, ""pres"": 966.1746, ""meas_profile"": ""HP-3"", ""meas_id"": 3, ""hum"": 35.04905, ""gas_res"": 6028.636}, {""temp"": 21.13824, ""step"": 8, ""status"": 1, ""pres"": 966.2625, ""meas_profile"": ""HP-2"", ""meas_id"": 2, ""hum"": 35.23373, ""gas_res"": 7716.421}, {""temp"": 20.90957, ""step"": 8, ""status"": 1, ""pres"": 966.3092, ""meas_profile"": ""HP-1"", ""meas_id"": 1, ""hum"": 33.62404, ""gas_res"": 6168.08}]}",NULL,"2025-10-27 13:06:38.640674"
12798,"04a600b9b0b8","2025-10-27 12:55:51","1o7IqB3binTlPffd8v5Y","{""bme688"": [{""temp"": 21.3313, ""step"": 7, ""status"": 1, ""pres"": 966.404, ""meas_profile"": ""HP-8"", ""meas_id"": 8, ""hum"": 35.01037, ""gas_res"": 5684.846}, {""temp"": 21.28573, ""step"": 7, ""status"": 1, ""pres"": 966.5111, ""meas_profile"": ""HP-7"", ""meas_id"": 7, ""hum"": 34.8668, ""gas_res"": 5684.846}, {""temp"": 21.36968, ""step"": 7, ""status"": 1, ""pres"": 966.6783, ""meas_profile"": ""HP-6"", ""meas_id"": 6, ""hum"": 34.82669, ""gas_res"": 6284.368}, {""temp"": 21.25004, ""step"": 7, ""status"": 1, ""pres"": 966.4132, ""meas_profile"": ""HP-5"", ""meas_id"": 5, ""hum"": 35.00543, ""gas_res"": 25000.0}, {""temp"": 21.0475, ""step"": 7, ""status"": 1, ""pres"": 966.4995, ""meas_profile"": ""HP-4"", ""meas_id"": 4, ""hum"": 34.5052, ""gas_res"": 20506.25}, {""temp"": 21.22437, ""step"": 7, ""status"": 1, ""pres"": 966.1741, ""meas_profile"": ""HP-3"", ""meas_id"": 3, ""hum"": 35.04318, ""gas_res"": 7733.205}, {""temp"": 21.1373, ""step"": 7, ""status"": 1, ""pres"": 966.2625, ""meas_profile"": ""HP-2"", ""meas_id"": 2, ""hum"": 35.23933, ""gas_res"": 7259.528}, {""temp"": 20.90833, ""step"": 7, ""status"": 1, ""pres"": 966.3091, ""meas_profile"": ""HP-1"", ""meas_id"": 1, ""hum"": 33.62392, ""gas_res"": 5967.922}]}",NULL,"2025-10-27 13:06:39.93011"
12799,"04a600b9b0b8","2025-10-27 12:55:51","1o7IqB3binTlPffd8v5Y","{""bme688"": [{""temp"": 21.33006, ""step"": 6, ""status"": 1, ""pres"": 966.4039, ""meas_profile"": ""HP-8"", ""meas_id"": 8, ""hum"": 35.04465, ""gas_res"": 8456.659}, {""temp"": 21.2848, ""step"": 6, ""status"": 1, ""pres"": 966.5112, ""meas_profile"": ""HP-7"", ""meas_id"": 7, ""hum"": 34.84973, ""gas_res"": 10568.03}, {""temp"": 21.36844, ""step"": 6, ""status"": 1, ""pres"": 966.678, ""meas_profile"": ""HP-6"", ""meas_id"": 6, ""hum"": 34.81509, ""gas_res"": 25376.69}, {""temp"": 21.24879, ""step"": 6, ""status"": 1, ""pres"": 966.4129, ""meas_profile"": ""HP-5"", ""meas_id"": 5, ""hum"": 35.02804, ""gas_res"": 100000.0}, {""temp"": 21.04595, ""step"": 6, ""status"": 1, ""pres"": 966.4988, ""meas_profile"": ""HP-4"", ""meas_id"": 4, ""hum"": 34.52231, ""gas_res"": 102053.0}, {""temp"": 21.22313, ""step"": 6, ""status"": 1, ""pres"": 966.1739, ""meas_profile"": ""HP-3"", ""meas_id"": 3, ""hum"": 35.08335, ""gas_res"": 38740.92}, {""temp"": 21.13606, ""step"": 6, ""status"": 1, ""pres"": 966.2622, ""meas_profile"": ""HP-2"", ""meas_id"": 2, ""hum"": 35.2449, ""gas_res"": 100000.0}, {""temp"": 20.9074, ""step"": 6, ""status"": 1, ""pres"": 966.3094, ""meas_profile"": ""HP-1"", ""meas_id"": 1, ""hum"": 33.64718, ""gas_res"": 46209.39}]}",NULL,"2025-10-27 13:06:41.307342"
12800,"04a600b9b0b8","2025-10-27 12:55:51","1o7IqB3binTlPffd8v5Y","{""bme688"": [{""temp"": 21.32852, ""step"": 5, ""status"": 1, ""pres"": 966.4031, ""meas_profile"": ""HP-8"", ""meas_id"": 8, ""hum"": 35.05024, ""gas_res"": 8416.623}, {""temp"": 21.28356, ""step"": 5, ""status"": 1, ""pres"": 966.5108, ""meas_profile"": ""HP-7"", ""meas_id"": 7, ""hum"": 34.9006, ""gas_res"": 10568.03}, {""temp"": 21.3669, ""step"": 5, ""status"": 1, ""pres"": 966.6774, ""meas_profile"": ""HP-6"", ""meas_id"": 6, ""hum"": 34.83793, ""gas_res"": 25697.65}, {""temp"": 21.24785, ""step"": 5, ""status"": 1, ""pres"": 966.4129, ""meas_profile"": ""HP-5"", ""meas_id"": 5, ""hum"": 35.01659, ""gas_res"": 100000.0}, {""temp"": 21.04471, ""step"": 5, ""status"": 1, ""pres"": 966.4984, ""meas_profile"": ""HP-4"", ""meas_id"": 4, ""hum"": 34.52794, ""gas_res"": 103476.1}, {""temp"": 21.22221, ""step"": 5, ""status"": 1, ""pres"": 966.1722, ""meas_profile"": ""HP-3"", ""meas_id"": 3, ""hum"": 35.05449, ""gas_res"": 38254.63}, {""temp"": 21.13513, ""step"": 5, ""status"": 1, ""pres"": 966.2625, ""meas_profile"": ""HP-2"", ""meas_id"": 2, ""hum"": 35.24481, ""gas_res"": 100000.0}, {""temp"": 20.90646, ""step"": 5, ""status"": 1, ""pres"": 966.308, ""meas_profile"": ""HP-1"", ""meas_id"": 1, ""hum"": 33.62959, ""gas_res"": 44991.21}]}",NULL,"2025-10-27 13:06:42.472549"
12801,"04a600b9b0b8","2025-10-27 12:55:51","1o7IqB3binTlPffd8v5Y","{""bme688"": [{""temp"": 21.32728, ""step"": 4, ""status"": 1, ""pres"": 966.4031, ""meas_profile"": ""HP-8"", ""meas_id"": 8, ""hum"": 35.04439, ""gas_res"": 8537.887}, {""temp"": 21.28263, ""step"": 4, ""status"": 1, ""pres"": 966.5109, ""meas_profile"": ""HP-7"", ""meas_id"": 7, ""hum"": 34.91751, ""gas_res"": 10610.08}, {""temp"": 21.36567, ""step"": 4, ""status"": 1, ""pres"": 966.6752, ""meas_profile"": ""HP-6"", ""meas_id"": 6, ""hum"": 34.85506, ""gas_res"": 25900.45}, {""temp"": 21.24629, ""step"": 4, ""status"": 1, ""pres"": 966.4123, ""meas_profile"": ""HP-5"", ""meas_id"": 5, ""hum"": 35.05054, ""gas_res"": 95326.76}, {""temp"": 21.04347, ""step"": 4, ""status"": 1, ""pres"": 966.4982, ""meas_profile"": ""HP-4"", ""meas_id"": 4, ""hum"": 34.54508, ""gas_res"": 106511.3}, {""temp"": 21.22128, ""step"": 4, ""status"": 1, ""pres"": 966.1724, ""meas_profile"": ""HP-3"", ""meas_id"": 3, ""hum"": 35.07167, ""gas_res"": 37713.61}, {""temp"": 21.1342, ""step"": 4, ""status"": 1, ""pres"": 966.2626, ""meas_profile"": ""HP-2"", ""meas_id"": 2, ""hum"": 35.27887, ""gas_res"": 100000.0}, {""temp"": 20.90553, ""step"": 4, ""status"": 1, ""pres"": 966.3085, ""meas_profile"": ""HP-1"", ""meas_id"": 1, ""hum"": 33.64118, ""gas_res"": 44336.68}]}",NULL,"2025-10-27 13:06:43.750473"
12802,"04a600b9b0b8","2025-10-27 12:55:51","1o7IqB3binTlPffd8v5Y","{""bme688"": [{""temp"": 21.32543, ""step"": 3, ""status"": 0, ""pres"": 966.4001, ""meas_profile"": ""HP-8"", ""meas_id"": 8, ""hum"": 35.07862, ""gas_res"": 5684.846}, {""temp"": 21.28107, ""step"": 3, ""status"": 0, ""pres"": 966.5101, ""meas_profile"": ""HP-7"", ""meas_id"": 7, ""hum"": 34.94003, ""gas_res"": 6494.824}, {""temp"": 21.36412, ""step"": 3, ""status"": 0, ""pres"": 966.6746, ""meas_profile"": ""HP-6"", ""meas_id"": 6, ""hum"": 34.88941, ""gas_res"": 14124.92}, {""temp"": 21.24473, ""step"": 3, ""status"": 0, ""pres"": 966.4113, ""meas_profile"": ""HP-5"", ""meas_id"": 5, ""hum"": 35.06744, ""gas_res"": 31480.57}, {""temp"": 21.04191, ""step"": 3, ""status"": 0, ""pres"": 966.4988, ""meas_profile"": ""HP-4"", ""meas_id"": 4, ""hum"": 34.54494, ""gas_res"": 33117.72}, {""temp"": 21.21973, ""step"": 3, ""status"": 0, ""pres"": 966.1716, ""meas_profile"": ""HP-3"", ""meas_id"": 3, ""hum"": 35.10031, ""gas_res"": 20466.9}, {""temp"": 21.13265, ""step"": 3, ""status"": 0, ""pres"": 966.2601, ""meas_profile"": ""HP-2"", ""meas_id"": 2, ""hum"": 35.2844, ""gas_res"": 30888.03}, {""temp"": 20.90429, ""step"": 3, ""status"": 0, ""pres"": 966.3083, ""meas_profile"": ""HP-1"", ""meas_id"": 1, ""hum"": 33.6469, ""gas_res"": 20908.2}]}",NULL,"2025-10-27 13:06:45.030126"
12803,"04a600b9b0b8","2025-10-27 12:55:51","1o7IqB3binTlPffd8v5Y","{""bme688"": [{""temp"": 21.3242, ""step"": 2, ""status"": 1, ""pres"": 966.4017, ""meas_profile"": ""HP-8"", ""meas_id"": 8, ""hum"": 35.08997, ""gas_res"": 13141.68}, {""temp"": 21.27952, ""step"": 2, ""status"": 1, ""pres"": 966.5076, ""meas_profile"": ""HP-7"", ""meas_id"": 7, ""hum"": 34.92855, ""gas_res"": 17021.28}, {""temp"": 21.36258, ""step"": 2, ""status"": 1, ""pres"": 966.6736, ""meas_profile"": ""HP-6"", ""meas_id"": 6, ""hum"": 34.88927, ""gas_res"": 49573.97}, {""temp"": 21.24316, ""step"": 2, ""status"": 1, ""pres"": 966.4102, ""meas_profile"": ""HP-5"", ""meas_id"": 5, ""hum"": 35.0673, ""gas_res"": 121875.7}, {""temp"": 21.04036, ""step"": 2, ""status"": 1, ""pres"": 966.4979, ""meas_profile"": ""HP-4"", ""meas_id"": 4, ""hum"": 34.5793, ""gas_res"": 171123.0}, {""temp"": 21.21849, ""step"": 2, ""status"": 1, ""pres"": 966.1713, ""meas_profile"": ""HP-3"", ""meas_id"": 3, ""hum"": 35.11171, ""gas_res"": 81321.48}, {""temp"": 21.1314, ""step"": 2, ""status"": 1, ""pres"": 966.2597, ""meas_profile"": ""HP-2"", ""meas_id"": 2, ""hum"": 35.28429, ""gas_res"": 138828.6}, {""temp"": 20.90304, ""step"": 2, ""status"": 1, ""pres"": 966.3082, ""meas_profile"": ""HP-1"", ""meas_id"": 1, ""hum"": 33.67598, ""gas_res"": 100787.4}]}",NULL,"2025-10-27 13:06:46.402902"
12804,"04a600b9b0b8","2025-10-27 12:55:51","1o7IqB3binTlPffd8v5Y","{""bme688"": [{""temp"": 21.32296, ""step"": 1, ""status"": 1, ""pres"": 966.3998, ""meas_profile"": ""HP-8"", ""meas_id"": 8, ""hum"": 35.08986, ""gas_res"": 6211.18}, {""temp"": 21.27828, ""step"": 1, ""status"": 1, ""pres"": 966.5071, ""meas_profile"": ""HP-7"", ""meas_id"": 7, ""hum"": 34.95111, ""gas_res"": 7324.331}, {""temp"": 21.36165, ""step"": 1, ""status"": 1, ""pres"": 966.6741, ""meas_profile"": ""HP-6"", ""meas_id"": 6, ""hum"": 34.89493, ""gas_res"": 25000.0}, {""temp"": 21.24191, ""step"": 1, ""status"": 1, ""pres"": 966.41, ""meas_profile"": ""HP-5"", ""meas_id"": 5, ""hum"": 35.10128, ""gas_res"": 31158.71}, {""temp"": 21.03943, ""step"": 1, ""status"": 1, ""pres"": 966.498, ""meas_profile"": ""HP-4"", ""meas_id"": 4, ""hum"": 34.58497, ""gas_res"": 31976.02}, {""temp"": 21.21757, ""step"": 1, ""status"": 1, ""pres"": 966.1715, ""meas_profile"": ""HP-3"", ""meas_id"": 3, ""hum"": 35.10587, ""gas_res"": 25000.0}, {""temp"": 21.13047, ""step"": 1, ""status"": 1, ""pres"": 966.2598, ""meas_profile"": ""HP-2"", ""meas_id"": 2, ""hum"": 35.28989, ""gas_res"": 26795.06}, {""temp"": 20.90211, ""step"": 1, ""status"": 1, ""pres"": 966.3087, ""meas_profile"": ""HP-1"", ""meas_id"": 1, ""hum"": 33.67006, ""gas_res"": 25000.0}]}",NULL,"2025-10-27 13:06:47.59099"
12805,"04a600b9b0b8","2025-10-27 12:55:51","1o7IqB3binTlPffd8v5Y","{""bme688"": [{""temp"": 21.32141, ""step"": 0, ""status"": 1, ""pres"": 966.399, ""meas_profile"": ""HP-8"", ""meas_id"": 8, ""hum"": 35.08971, ""gas_res"": 5684.846}, {""temp"": 21.27673, ""step"": 0, ""status"": 1, ""pres"": 966.5062, ""meas_profile"": ""HP-7"", ""meas_id"": 7, ""hum"": 34.95097, ""gas_res"": 5684.846}, {""temp"": 21.36011, ""step"": 0, ""status"": 1, ""pres"": 966.6733, ""meas_profile"": ""HP-6"", ""meas_id"": 6, ""hum"": 34.89479, ""gas_res"": 6648.66}, {""temp"": 21.24066, ""step"": 0, ""status"": 1, ""pres"": 966.4096, ""meas_profile"": ""HP-5"", ""meas_id"": 5, ""hum"": 35.0898, ""gas_res"": 25000.0}, {""temp"": 21.03819, ""step"": 0, ""status"": 1, ""pres"": 966.4977, ""meas_profile"": ""HP-4"", ""meas_id"": 4, ""hum"": 34.59637, ""gas_res"": 20867.3}, {""temp"": 21.21633, ""step"": 0, ""status"": 1, ""pres"": 966.1711, ""meas_profile"": ""HP-3"", ""meas_id"": 3, ""hum"": 35.1115, ""gas_res"": 7385.184}, {""temp"": 21.12954, ""step"": 0, ""status"": 1, ""pres"": 966.2599, ""meas_profile"": ""HP-2"", ""meas_id"": 2, ""hum"": 35.30119, ""gas_res"": 6898.039}, {""temp"": 20.90086, ""step"": 0, ""status"": 1, ""pres"": 966.3067, ""meas_profile"": ""HP-1"", ""meas_id"": 1, ""hum"": 33.66994, ""gas_res"": 8006.004}]}",NULL,"2025-10-27 13:06:48.860252"
