"id","box_id","ts","measurement_id","measurement_data","description","created_at"
11518,"04a600b9b0b8","2025-10-27 09:30:52","DTv8EvxTS0hs3cjVsqbO","{""zphs01b"": {""voc"": 0, ""temp"": 19.4, ""pm2_5"": 0, ""pm1_0"": 0, ""pm10"": 331, ""o3"": 0.54, ""no2"": 4.42, ""hum"": 0, ""fmhd"": 0, ""co2"": 5000, ""co"": 0.0}, ""smell_b"": {}, ""sfa30"": {""temp"": 21.83, ""hum"": 35.88, ""fmhd"": 6.6}, ""sen5x"": {""voc"": 209.0, ""temp"": 22.55, ""pm4_0"": 4484.0, ""pm2_5"": 4484.0, ""pm1_0"": 4275.7, ""pm10"": 4484.0, ""nox"": 1.0, ""mass_c"": 4431.925, ""hum"": 39.21}, ""scd41"": {""temp"": 21.24551, ""hum"": 38.12314, ""co2"": 639}, ""power_source"": 0, ""mics6814"": {""red_res"": 0, ""no2_res"": 0, ""no2"": 0.17, ""nh3_res"": 0, ""nh3"": 0.73, ""co_res"": 0, ""co"": 44.0}}",NULL,"2025-10-27 09:32:02.660684"
11519,"04a600b9b0b8","2025-10-27 09:30:52","DTv8EvxTS0hs3cjVsqbO","{""bme688"": [{""temp"": 21.88167, ""step"": 9, ""status"": 1, ""pres"": 967.5026, ""meas_profile"": ""HP-8"", ""meas_id"": 8, ""hum"": 35.19983, ""gas_res"": 5684.846}, {""temp"": 21.85088, ""step"": 9, ""status"": 1, ""pres"": 967.6284, ""meas_profile"": ""HP-7"", ""meas_id"": 7, ""hum"": 35.07288, ""gas_res"": 5684.846}, {""temp"": 21.91792, ""step"": 9, ""status"": 1, ""pres"": 967.7374, ""meas_profile"": ""HP-6"", ""meas_id"": 6, ""hum"": 34.97581, ""gas_res"": 7085.917}, {""temp"": 21.82418, ""step"": 9, ""status"": 1, ""pres"": 967.5865, ""meas_profile"": ""HP-5"", ""meas_id"": 5, ""hum"": 35.17309, ""gas_res"": 17655.17}, {""temp"": 21.5799, ""step"": 9, ""status"": 1, ""pres"": 967.6601, ""meas_profile"": ""HP-4"", ""meas_id"": 4, ""hum"": 34.73877, ""gas_res"": 10673.78}, {""temp"": 21.73646, ""step"": 9, ""status"": 1, ""pres"": 967.217, ""meas_profile"": ""HP-3"", ""meas_id"": 3, ""hum"": 35.2584, ""gas_res"": 6370.695}, {""temp"": 21.64438, ""step"": 9, ""status"": 1, ""pres"": 967.4056, ""meas_profile"": ""HP-2"", ""meas_id"": 2, ""hum"": 35.49797, ""gas_res"": 7841.215}, {""temp"": 21.40409, ""step"": 9, ""status"": 1, ""pres"": 967.4908, ""meas_profile"": ""HP-1"", ""meas_id"": 1, ""hum"": 33.99627, ""gas_res"": 6038.875}]}",NULL,"2025-10-27 09:32:03.93378"
11520,"04a600b9b0b8","2025-10-27 09:30:52","DTv8EvxTS0hs3cjVsqbO","{""bme688"": [{""temp"": 21.88136, ""step"": 8, ""status"": 1, ""pres"": 967.5022, ""meas_profile"": ""HP-8"", ""meas_id"": 8, ""hum"": 35.1998, ""gas_res"": 5684.846}, {""temp"": 21.85026, ""step"": 8, ""status"": 1, ""pres"": 967.6274, ""meas_profile"": ""HP-7"", ""meas_id"": 7, ""hum"": 35.07282, ""gas_res"": 5684.846}, {""temp"": 21.91761, ""step"": 8, ""status"": 1, ""pres"": 967.7369, ""meas_profile"": ""HP-6"", ""meas_id"": 6, ""hum"": 34.9873, ""gas_res"": 7447.056}, {""temp"": 21.82418, ""step"": 8, ""status"": 1, ""pres"": 967.5865, ""meas_profile"": ""HP-5"", ""meas_id"": 5, ""hum"": 35.16171, ""gas_res"": 17089.45}, {""temp"": 21.5799, ""step"": 8, ""status"": 1, ""pres"": 967.6601, ""meas_profile"": ""HP-4"", ""meas_id"": 4, ""hum"": 34.73877, ""gas_res"": 10610.08}, {""temp"": 21.73646, ""step"": 8, ""status"": 1, ""pres"": 967.217, ""meas_profile"": ""HP-3"", ""meas_id"": 3, ""hum"": 35.26994, ""gas_res"": 6132.618}, {""temp"": 21.64407, ""step"": 8, ""status"": 1, ""pres"": 967.4052, ""meas_profile"": ""HP-2"", ""meas_id"": 2, ""hum"": 35.52645, ""gas_res"": 7881.773}, {""temp"": 21.40409, ""step"": 8, ""status"": 1, ""pres"": 967.4908, ""meas_profile"": ""HP-1"", ""meas_id"": 1, ""hum"": 34.01384, ""gas_res"": 6182.38}]}",NULL,"2025-10-27 09:32:05.679087"
11521,"04a600b9b0b8","2025-10-27 09:30:52","DTv8EvxTS0hs3cjVsqbO","{""bme688"": [{""temp"": 21.88106, ""step"": 7, ""status"": 1, ""pres"": 967.5034, ""meas_profile"": ""HP-8"", ""meas_id"": 8, ""hum"": 35.20552, ""gas_res"": 5684.846}, {""temp"": 21.84995, ""step"": 7, ""status"": 1, ""pres"": 967.627, ""meas_profile"": ""HP-7"", ""meas_id"": 7, ""hum"": 35.08983, ""gas_res"": 5684.846}, {""temp"": 21.91761, ""step"": 7, ""status"": 1, ""pres"": 967.7352, ""meas_profile"": ""HP-6"", ""meas_id"": 6, ""hum"": 34.9873, ""gas_res"": 7462.687}, {""temp"": 21.82418, ""step"": 7, ""status"": 1, ""pres"": 967.5865, ""meas_profile"": ""HP-5"", ""meas_id"": 5, ""hum"": 35.19017, ""gas_res"": 17269.29}, {""temp"": 21.58021, ""step"": 7, ""status"": 1, ""pres"": 967.6605, ""meas_profile"": ""HP-4"", ""meas_id"": 4, ""hum"": 34.73303, ""gas_res"": 10116.98}, {""temp"": 21.73615, ""step"": 7, ""status"": 1, ""pres"": 967.2148, ""meas_profile"": ""HP-3"", ""meas_id"": 3, ""hum"": 35.28722, ""gas_res"": 7488.884}, {""temp"": 21.64407, ""step"": 7, ""status"": 1, ""pres"": 967.4052, ""meas_profile"": ""HP-2"", ""meas_id"": 2, ""hum"": 35.51505, ""gas_res"": 7436.672}, {""temp"": 21.40378, ""step"": 7, ""status"": 1, ""pres"": 967.4902, ""meas_profile"": ""HP-1"", ""meas_id"": 1, ""hum"": 34.02551, ""gas_res"": 5961.252}]}",NULL,"2025-10-27 09:32:06.965646"
11522,"04a600b9b0b8","2025-10-27 09:30:52","DTv8EvxTS0hs3cjVsqbO","{""bme688"": [{""temp"": 21.88075, ""step"": 6, ""status"": 1, ""pres"": 967.503, ""meas_profile"": ""HP-8"", ""meas_id"": 8, ""hum"": 35.21123, ""gas_res"": 5888.848}, {""temp"": 21.84995, ""step"": 6, ""status"": 1, ""pres"": 967.627, ""meas_profile"": ""HP-7"", ""meas_id"": 7, ""hum"": 35.10686, ""gas_res"": 7870.143}, {""temp"": 21.91761, ""step"": 6, ""status"": 1, ""pres"": 967.7352, ""meas_profile"": ""HP-6"", ""meas_id"": 6, ""hum"": 34.9873, ""gas_res"": 25000.0}, {""temp"": 21.82418, ""step"": 6, ""status"": 1, ""pres"": 967.5865, ""meas_profile"": ""HP-5"", ""meas_id"": 5, ""hum"": 35.19017, ""gas_res"": 100000.0}, {""temp"": 21.5799, ""step"": 6, ""status"": 1, ""pres"": 967.6617, ""meas_profile"": ""HP-4"", ""meas_id"": 4, ""hum"": 34.76759, ""gas_res"": 114746.8}, {""temp"": 21.73646, ""step"": 6, ""status"": 1, ""pres"": 967.2153, ""meas_profile"": ""HP-3"", ""meas_id"": 3, ""hum"": 35.28725, ""gas_res"": 43039.68}, {""temp"": 21.64407, ""step"": 6, ""status"": 1, ""pres"": 967.4052, ""meas_profile"": ""HP-2"", ""meas_id"": 2, ""hum"": 35.52645, ""gas_res"": 100000.0}, {""temp"": 21.40378, ""step"": 6, ""status"": 1, ""pres"": 967.4902, ""meas_profile"": ""HP-1"", ""meas_id"": 1, ""hum"": 34.03137, ""gas_res"": 93328.47}]}",NULL,"2025-10-27 09:32:08.236857"
11523,"04a600b9b0b8","2025-10-27 09:30:52","DTv8EvxTS0hs3cjVsqbO","{""bme688"": [{""temp"": 21.88075, ""step"": 5, ""status"": 1, ""pres"": 967.503, ""meas_profile"": ""HP-8"", ""meas_id"": 8, ""hum"": 35.20549, ""gas_res"": 5869.406}, {""temp"": 21.84995, ""step"": 5, ""status"": 1, ""pres"": 967.6253, ""meas_profile"": ""HP-7"", ""meas_id"": 7, ""hum"": 35.12958, ""gas_res"": 7744.434}, {""temp"": 21.91792, ""step"": 5, ""status"": 1, ""pres"": 967.7356, ""meas_profile"": ""HP-6"", ""meas_id"": 6, ""hum"": 34.99308, ""gas_res"": 25000.0}, {""temp"": 21.8245, ""step"": 5, ""status"": 1, ""pres"": 967.587, ""meas_profile"": ""HP-5"", ""meas_id"": 5, ""hum"": 35.22436, ""gas_res"": 100000.0}, {""temp"": 21.57959, ""step"": 5, ""status"": 1, ""pres"": 967.6613, ""meas_profile"": ""HP-4"", ""meas_id"": 4, ""hum"": 34.79062, ""gas_res"": 116231.6}, {""temp"": 21.73646, ""step"": 5, ""status"": 1, ""pres"": 967.2153, ""meas_profile"": ""HP-3"", ""meas_id"": 3, ""hum"": 35.29879, ""gas_res"": 41775.46}, {""temp"": 21.64438, ""step"": 5, ""status"": 1, ""pres"": 967.4056, ""meas_profile"": ""HP-2"", ""meas_id"": 2, ""hum"": 35.5436, ""gas_res"": 100000.0}, {""temp"": 21.40409, ""step"": 5, ""status"": 1, ""pres"": 967.4908, ""meas_profile"": ""HP-1"", ""meas_id"": 1, ""hum"": 34.0314, ""gas_res"": 89793.05}]}",NULL,"2025-10-27 09:32:09.606914"
11524,"04a600b9b0b8","2025-10-27 09:30:52","DTv8EvxTS0hs3cjVsqbO","{""bme688"": [{""temp"": 21.88075, ""step"": 4, ""status"": 1, ""pres"": 967.503, ""meas_profile"": ""HP-8"", ""meas_id"": 8, ""hum"": 35.21698, ""gas_res"": 6482.982}, {""temp"": 21.84964, ""step"": 4, ""status"": 1, ""pres"": 967.6248, ""meas_profile"": ""HP-7"", ""meas_id"": 7, ""hum"": 35.11252, ""gas_res"": 7595.538}, {""temp"": 21.91792, ""step"": 4, ""status"": 1, ""pres"": 967.7356, ""meas_profile"": ""HP-6"", ""meas_id"": 6, ""hum"": 35.02765, ""gas_res"": 25000.0}, {""temp"": 21.82481, ""step"": 4, ""status"": 1, ""pres"": 967.5893, ""meas_profile"": ""HP-5"", ""meas_id"": 5, ""hum"": 35.2244, ""gas_res"": 100000.0}, {""temp"": 21.57959, ""step"": 4, ""status"": 1, ""pres"": 967.6613, ""meas_profile"": ""HP-4"", ""meas_id"": 4, ""hum"": 34.79062, ""gas_res"": 120840.2}, {""temp"": 21.73677, ""step"": 4, ""status"": 1, ""pres"": 967.2158, ""meas_profile"": ""HP-3"", ""meas_id"": 3, ""hum"": 35.31035, ""gas_res"": 41131.11}, {""temp"": 21.64438, ""step"": 4, ""status"": 1, ""pres"": 967.4056, ""meas_profile"": ""HP-2"", ""meas_id"": 2, ""hum"": 35.5379, ""gas_res"": 100000.0}, {""temp"": 21.40409, ""step"": 4, ""status"": 1, ""pres"": 967.4908, ""meas_profile"": ""HP-1"", ""meas_id"": 1, ""hum"": 34.04311, ""gas_res"": 86956.52}]}",NULL,"2025-10-27 09:32:10.809474"
11525,"04a600b9b0b8","2025-10-27 09:30:52","DTv8EvxTS0hs3cjVsqbO","{""bme688"": [{""temp"": 21.88075, ""step"": 3, ""status"": 1, ""pres"": 967.503, ""meas_profile"": ""HP-8"", ""meas_id"": 8, ""hum"": 35.23421, ""gas_res"": 12598.42}, {""temp"": 21.84964, ""step"": 3, ""status"": 1, ""pres"": 967.6248, ""meas_profile"": ""HP-7"", ""meas_id"": 7, ""hum"": 35.12955, ""gas_res"": 18610.06}, {""temp"": 21.91761, ""step"": 3, ""status"": 1, ""pres"": 967.7352, ""meas_profile"": ""HP-6"", ""meas_id"": 6, ""hum"": 35.03914, ""gas_res"": 72051.79}, {""temp"": 21.82481, ""step"": 3, ""status"": 1, ""pres"": 967.5893, ""meas_profile"": ""HP-5"", ""meas_id"": 5, ""hum"": 35.23579, ""gas_res"": 253339.9}, {""temp"": 21.57928, ""step"": 3, ""status"": 1, ""pres"": 967.6607, ""meas_profile"": ""HP-4"", ""meas_id"": 4, ""hum"": 34.80212, ""gas_res"": 517433.1}, {""temp"": 21.73677, ""step"": 3, ""status"": 1, ""pres"": 967.2158, ""meas_profile"": ""HP-3"", ""meas_id"": 3, ""hum"": 35.30458, ""gas_res"": 248001.9}, {""temp"": 21.64407, ""step"": 3, ""status"": 1, ""pres"": 967.4052, ""meas_profile"": ""HP-2"", ""meas_id"": 2, ""hum"": 35.56068, ""gas_res"": 469079.3}, {""temp"": 21.40409, ""step"": 3, ""status"": 1, ""pres"": 967.4926, ""meas_profile"": ""HP-1"", ""meas_id"": 1, ""hum"": 34.0314, ""gas_res"": 345362.6}]}",NULL,"2025-10-27 09:32:12.079456"
11526,"04a600b9b0b8","2025-10-27 09:30:52","DTv8EvxTS0hs3cjVsqbO","{""bme688"": [{""temp"": 21.88075, ""step"": 2, ""status"": 1, ""pres"": 967.503, ""meas_profile"": ""HP-8"", ""meas_id"": 8, ""hum"": 35.23996, ""gas_res"": 13507.81}, {""temp"": 21.84964, ""step"": 2, ""status"": 1, ""pres"": 967.6248, ""meas_profile"": ""HP-7"", ""meas_id"": 7, ""hum"": 35.13523, ""gas_res"": 20408.16}, {""temp"": 21.91761, ""step"": 2, ""status"": 1, ""pres"": 967.7352, ""meas_profile"": ""HP-6"", ""meas_id"": 6, ""hum"": 35.03914, ""gas_res"": 86340.64}, {""temp"": 21.8245, ""step"": 2, ""status"": 1, ""pres"": 967.5887, ""meas_profile"": ""HP-5"", ""meas_id"": 5, ""hum"": 35.25284, ""gas_res"": 349249.7}, {""temp"": 21.57928, ""step"": 2, ""status"": 1, ""pres"": 967.6607, ""meas_profile"": ""HP-4"", ""meas_id"": 4, ""hum"": 34.79635, ""gas_res"": 630153.9}, {""temp"": 21.73677, ""step"": 2, ""status"": 1, ""pres"": 967.2158, ""meas_profile"": ""HP-3"", ""meas_id"": 3, ""hum"": 35.29881, ""gas_res"": 309927.4}, {""temp"": 21.64407, ""step"": 2, ""status"": 1, ""pres"": 967.4052, ""meas_profile"": ""HP-2"", ""meas_id"": 2, ""hum"": 35.53786, ""gas_res"": 520589.7}, {""temp"": 21.40378, ""step"": 2, ""status"": 1, ""pres"": 967.492, ""meas_profile"": ""HP-1"", ""meas_id"": 1, ""hum"": 34.04894, ""gas_res"": 410914.9}]}",NULL,"2025-10-27 09:32:13.355204"
11527,"04a600b9b0b8","2025-10-27 09:30:52","DTv8EvxTS0hs3cjVsqbO","{""bme688"": [{""temp"": 21.88013, ""step"": 1, ""status"": 1, ""pres"": 967.5018, ""meas_profile"": ""HP-8"", ""meas_id"": 8, ""hum"": 35.25139, ""gas_res"": 5684.846}, {""temp"": 21.84933, ""step"": 1, ""status"": 1, ""pres"": 967.6227, ""meas_profile"": ""HP-7"", ""meas_id"": 7, ""hum"": 35.15792, ""gas_res"": 5895.357}, {""temp"": 21.91761, ""step"": 1, ""status"": 1, ""pres"": 967.7352, ""meas_profile"": ""HP-6"", ""meas_id"": 6, ""hum"": 35.03338, ""gas_res"": 11627.91}, {""temp"": 21.82481, ""step"": 1, ""status"": 1, ""pres"": 967.591, ""meas_profile"": ""HP-5"", ""meas_id"": 5, ""hum"": 35.24149, ""gas_res"": 24801.39}, {""temp"": 21.57928, ""step"": 1, ""status"": 1, ""pres"": 967.6607, ""meas_profile"": ""HP-4"", ""meas_id"": 4, ""hum"": 34.80788, ""gas_res"": 32241.81}, {""temp"": 21.73677, ""step"": 1, ""status"": 1, ""pres"": 967.2141, ""meas_profile"": ""HP-3"", ""meas_id"": 3, ""hum"": 35.29305, ""gas_res"": 25000.0}, {""temp"": 21.64407, ""step"": 1, ""status"": 1, ""pres"": 967.4052, ""meas_profile"": ""HP-2"", ""meas_id"": 2, ""hum"": 35.53786, ""gas_res"": 27935.4}, {""temp"": 21.40409, ""step"": 1, ""status"": 1, ""pres"": 967.4926, ""meas_profile"": ""HP-1"", ""meas_id"": 1, ""hum"": 34.05483, ""gas_res"": 25000.0}]}",NULL,"2025-10-27 09:32:14.732091"
11528,"04a600b9b0b8","2025-10-27 09:30:52","DTv8EvxTS0hs3cjVsqbO","{""bme688"": [{""temp"": 21.87982, ""step"": 0, ""status"": 1, ""pres"": 967.5014, ""meas_profile"": ""HP-8"", ""meas_id"": 8, ""hum"": 35.25711, ""gas_res"": 5684.846}, {""temp"": 21.84902, ""step"": 0, ""status"": 1, ""pres"": 967.6221, ""meas_profile"": ""HP-7"", ""meas_id"": 7, ""hum"": 35.1579, ""gas_res"": 5684.846}, {""temp"": 21.91761, ""step"": 0, ""status"": 1, ""pres"": 967.7335, ""meas_profile"": ""HP-6"", ""meas_id"": 6, ""hum"": 35.06795, ""gas_res"": 5984.664}, {""temp"": 21.82481, ""step"": 0, ""status"": 1, ""pres"": 967.591, ""meas_profile"": ""HP-5"", ""meas_id"": 5, ""hum"": 35.26997, ""gas_res"": 17339.47}, {""temp"": 21.57959, ""step"": 0, ""status"": 1, ""pres"": 967.6613, ""meas_profile"": ""HP-4"", ""meas_id"": 4, ""hum"": 34.79639, ""gas_res"": 10413.28}, {""temp"": 21.73677, ""step"": 0, ""status"": 1, ""pres"": 967.2141, ""meas_profile"": ""HP-3"", ""meas_id"": 3, ""hum"": 35.30458, ""gas_res"": 7617.234}, {""temp"": 21.64407, ""step"": 0, ""status"": 1, ""pres"": 967.4069, ""meas_profile"": ""HP-2"", ""meas_id"": 2, ""hum"": 35.53786, ""gas_res"": 7309.273}, {""temp"": 21.40378, ""step"": 0, ""status"": 1, ""pres"": 967.492, ""meas_profile"": ""HP-1"", ""meas_id"": 1, ""hum"": 34.06065, ""gas_res"": 5924.829}]}",NULL,"2025-10-27 09:32:15.928969"
11529,"04a600b9b0b8","2025-10-27 09:30:09","DTv8EvxTS0hs3cjVsqbO","{""zphs01b"": {""voc"": 0, ""temp"": 19.4, ""pm2_5"": 0, ""pm1_0"": 0, ""pm10"": 328, ""o3"": 0.8, ""no2"": 10.0, ""hum"": 0, ""fmhd"": 0, ""co2"": 5000, ""co"": 0.0}, ""smell_b"": {}, ""sfa30"": {""temp"": 21.81, ""hum"": 35.97, ""fmhd"": 1.6}, ""sen5x"": {""voc"": 197.0, ""temp"": 22.75, ""pm4_0"": 4323.2, ""pm2_5"": 4323.2, ""pm1_0"": 4122.4, ""pm10"": 4323.2, ""nox"": 1.0, ""mass_c"": 4273.0, ""hum"": 38.7}, ""scd41"": {""temp"": 21.46716, ""hum"": 37.13131, ""co2"": 631}, ""power_source"": 0, ""mics6814"": {""red_res"": 0, ""no2_res"": 0, ""no2"": 0.17, ""nh3_res"": 0, ""nh3"": 0.73, ""co_res"": 0, ""co"": 44.0}}",NULL,"2025-10-27 09:32:17.108809"
11530,"04a600b9b0b8","2025-10-27 09:30:09","DTv8EvxTS0hs3cjVsqbO","{""bme688"": [{""temp"": 21.87982, ""step"": 9, ""status"": 1, ""pres"": 967.5014, ""meas_profile"": ""HP-8"", ""meas_id"": 8, ""hum"": 35.25711, ""gas_res"": 5684.846}, {""temp"": 21.84871, ""step"": 9, ""status"": 1, ""pres"": 967.6215, ""meas_profile"": ""HP-7"", ""meas_id"": 7, ""hum"": 35.16923, ""gas_res"": 5684.846}, {""temp"": 21.91761, ""step"": 9, ""status"": 1, ""pres"": 967.7335, ""meas_profile"": ""HP-6"", ""meas_id"": 6, ""hum"": 35.03914, ""gas_res"": 6648.66}, {""temp"": 21.82512, ""step"": 9, ""status"": 1, ""pres"": 967.5915, ""meas_profile"": ""HP-5"", ""meas_id"": 5, ""hum"": 35.24151, ""gas_res"": 11153.71}, {""temp"": 21.57959, ""step"": 9, ""status"": 1, ""pres"": 967.6629, ""meas_profile"": ""HP-4"", ""meas_id"": 4, ""hum"": 34.78485, ""gas_res"": 9313.155}, {""temp"": 21.73677, ""step"": 9, ""status"": 1, ""pres"": 967.2141, ""meas_profile"": ""HP-3"", ""meas_id"": 3, ""hum"": 35.29881, ""gas_res"": 7234.908}, {""temp"": 21.64407, ""step"": 9, ""status"": 1, ""pres"": 967.4069, ""meas_profile"": ""HP-2"", ""meas_id"": 2, ""hum"": 35.53786, ""gas_res"": 6502.743}, {""temp"": 21.40378, ""step"": 9, ""status"": 1, ""pres"": 967.492, ""meas_profile"": ""HP-1"", ""meas_id"": 1, ""hum"": 34.03723, ""gas_res"": 7057.786}]}",NULL,"2025-10-27 09:32:18.468483"
11531,"04a600b9b0b8","2025-10-27 09:30:09","DTv8EvxTS0hs3cjVsqbO","{""bme688"": [{""temp"": 21.87951, ""step"": 8, ""status"": 1, ""pres"": 967.5009, ""meas_profile"": ""HP-8"", ""meas_id"": 8, ""hum"": 35.2341, ""gas_res"": 5684.846}, {""temp"": 21.84839, ""step"": 8, ""status"": 1, ""pres"": 967.6209, ""meas_profile"": ""HP-7"", ""meas_id"": 7, ""hum"": 35.11807, ""gas_res"": 5684.846}, {""temp"": 21.91731, ""step"": 8, ""status"": 1, ""pres"": 967.733, ""meas_profile"": ""HP-6"", ""meas_id"": 6, ""hum"": 35.02759, ""gas_res"": 7011.394}, {""temp"": 21.82544, ""step"": 8, ""status"": 1, ""pres"": 967.5938, ""meas_profile"": ""HP-5"", ""meas_id"": 5, ""hum"": 35.22445, ""gas_res"": 10526.32}, {""temp"": 21.5799, ""step"": 8, ""status"": 1, ""pres"": 967.6635, ""meas_profile"": ""HP-4"", ""meas_id"": 4, ""hum"": 34.79065, ""gas_res"": 8908.686}, {""temp"": 21.73677, ""step"": 8, ""status"": 1, ""pres"": 967.2141, ""meas_profile"": ""HP-3"", ""meas_id"": 3, ""hum"": 35.2642, ""gas_res"": 6401.28}, {""temp"": 21.64376, ""step"": 8, ""status"": 1, ""pres"": 967.4064, ""meas_profile"": ""HP-2"", ""meas_id"": 2, ""hum"": 35.53783, ""gas_res"": 6314.128}, {""temp"": 21.40347, ""step"": 8, ""status"": 1, ""pres"": 967.4916, ""meas_profile"": ""HP-1"", ""meas_id"": 1, ""hum"": 34.00792, ""gas_res"": 6719.866}]}",NULL,"2025-10-27 09:32:19.887503"
11532,"04a600b9b0b8","2025-10-27 09:30:09","DTv8EvxTS0hs3cjVsqbO","{""bme688"": [{""temp"": 21.8792, ""step"": 7, ""status"": 1, ""pres"": 967.5004, ""meas_profile"": ""HP-8"", ""meas_id"": 8, ""hum"": 35.25705, ""gas_res"": 5684.846}, {""temp"": 21.84809, ""step"": 7, ""status"": 1, ""pres"": 967.6205, ""meas_profile"": ""HP-7"", ""meas_id"": 7, ""hum"": 35.11805, ""gas_res"": 5684.846}, {""temp"": 21.91731, ""step"": 7, ""status"": 1, ""pres"": 967.733, ""meas_profile"": ""HP-6"", ""meas_id"": 6, ""hum"": 35.02759, ""gas_res"": 6965.607}, {""temp"": 21.82575, ""step"": 7, ""status"": 1, ""pres"": 967.5942, ""meas_profile"": ""HP-5"", ""meas_id"": 5, ""hum"": 35.22448, ""gas_res"": 10342.6}, {""temp"": 21.58021, ""step"": 7, ""status"": 1, ""pres"": 967.6639, ""meas_profile"": ""HP-4"", ""meas_id"": 4, ""hum"": 34.77338, ""gas_res"": 8253.805}, {""temp"": 21.73677, ""step"": 7, ""status"": 1, ""pres"": 967.2141, ""meas_profile"": ""HP-3"", ""meas_id"": 3, ""hum"": 35.29305, ""gas_res"": 5700.036}, {""temp"": 21.64376, ""step"": 7, ""status"": 1, ""pres"": 967.4064, ""meas_profile"": ""HP-2"", ""meas_id"": 2, ""hum"": 35.54354, ""gas_res"": 7436.672}, {""temp"": 21.40347, ""step"": 7, ""status"": 1, ""pres"": 967.4934, ""meas_profile"": ""HP-1"", ""meas_id"": 1, ""hum"": 34.03135, ""gas_res"": 5961.252}]}",NULL,"2025-10-27 09:32:21.035807"
11533,"04a600b9b0b8","2025-10-27 09:30:09","DTv8EvxTS0hs3cjVsqbO","{""bme688"": [{""temp"": 21.8792, ""step"": 6, ""status"": 1, ""pres"": 967.5004, ""meas_profile"": ""HP-8"", ""meas_id"": 8, ""hum"": 35.24556, ""gas_res"": 6669.446}, {""temp"": 21.84839, ""step"": 6, ""status"": 1, ""pres"": 967.6209, ""meas_profile"": ""HP-7"", ""meas_id"": 7, ""hum"": 35.14079, ""gas_res"": 8690.929}, {""temp"": 21.91731, ""step"": 6, ""status"": 1, ""pres"": 967.733, ""meas_profile"": ""HP-6"", ""meas_id"": 6, ""hum"": 35.01607, ""gas_res"": 25000.0}, {""temp"": 21.82606, ""step"": 6, ""status"": 1, ""pres"": 967.5947, ""meas_profile"": ""HP-5"", ""meas_id"": 5, ""hum"": 35.2302, ""gas_res"": 88950.66}, {""temp"": 21.58021, ""step"": 6, ""status"": 1, ""pres"": 967.6639, ""meas_profile"": ""HP-4"", ""meas_id"": 4, ""hum"": 34.78491, ""gas_res"": 100000.0}, {""temp"": 21.73677, ""step"": 6, ""status"": 1, ""pres"": 967.2141, ""meas_profile"": ""HP-3"", ""meas_id"": 3, ""hum"": 35.31035, ""gas_res"": 28998.64}, {""temp"": 21.64407, ""step"": 6, ""status"": 1, ""pres"": 967.4069, ""meas_profile"": ""HP-2"", ""meas_id"": 2, ""hum"": 35.52075, ""gas_res"": 41939.71}, {""temp"": 21.40378, ""step"": 6, ""status"": 1, ""pres"": 967.4939, ""meas_profile"": ""HP-1"", ""meas_id"": 1, ""hum"": 34.04308, ""gas_res"": 34594.59}]}",NULL,"2025-10-27 09:32:22.321634"
11534,"04a600b9b0b8","2025-10-27 09:30:09","DTv8EvxTS0hs3cjVsqbO","{""bme688"": [{""temp"": 21.8792, ""step"": 5, ""status"": 1, ""pres"": 967.5022, ""meas_profile"": ""HP-8"", ""meas_id"": 8, ""hum"": 35.2743, ""gas_res"": 6728.343}, {""temp"": 21.84839, ""step"": 5, ""status"": 1, ""pres"": 967.6209, ""meas_profile"": ""HP-7"", ""meas_id"": 7, ""hum"": 35.12375, ""gas_res"": 8842.222}, {""temp"": 21.91761, ""step"": 5, ""status"": 1, ""pres"": 967.7335, ""meas_profile"": ""HP-6"", ""meas_id"": 6, ""hum"": 35.02762, ""gas_res"": 25000.0}, {""temp"": 21.82637, ""step"": 5, ""status"": 1, ""pres"": 967.5968, ""meas_profile"": ""HP-5"", ""meas_id"": 5, ""hum"": 35.23593, ""gas_res"": 90651.55}, {""temp"": 21.58052, ""step"": 5, ""status"": 1, ""pres"": 967.6643, ""meas_profile"": ""HP-4"", ""meas_id"": 4, ""hum"": 34.7907, ""gas_res"": 100000.0}, {""temp"": 21.73708, ""step"": 5, ""status"": 1, ""pres"": 967.2147, ""meas_profile"": ""HP-3"", ""meas_id"": 3, ""hum"": 35.32769, ""gas_res"": 28008.75}, {""temp"": 21.64438, ""step"": 5, ""status"": 1, ""pres"": 967.4091, ""meas_profile"": ""HP-2"", ""meas_id"": 2, ""hum"": 35.5493, ""gas_res"": 40506.33}, {""temp"": 21.40378, ""step"": 5, ""status"": 1, ""pres"": 967.4939, ""meas_profile"": ""HP-1"", ""meas_id"": 1, ""hum"": 34.0548, ""gas_res"": 33040.79}]}",NULL,"2025-10-27 09:32:23.613822"
11535,"04a600b9b0b8","2025-10-27 09:30:09","DTv8EvxTS0hs3cjVsqbO","{""bme688"": [{""temp"": 21.8792, ""step"": 4, ""status"": 1, ""pres"": 967.5022, ""meas_profile"": ""HP-8"", ""meas_id"": 8, ""hum"": 35.25705, ""gas_res"": 6993.007}, {""temp"": 21.84839, ""step"": 4, ""status"": 1, ""pres"": 967.6209, ""meas_profile"": ""HP-7"", ""meas_id"": 7, ""hum"": 35.14079, ""gas_res"": 9200.69}, {""temp"": 21.91792, ""step"": 4, ""status"": 1, ""pres"": 967.734, ""meas_profile"": ""HP-6"", ""meas_id"": 6, ""hum"": 35.04493, ""gas_res"": 25000.0}, {""temp"": 21.82669, ""step"": 4, ""status"": 1, ""pres"": 967.5974, ""meas_profile"": ""HP-5"", ""meas_id"": 5, ""hum"": 35.24166, ""gas_res"": 100000.0}, {""temp"": 21.58083, ""step"": 4, ""status"": 1, ""pres"": 967.6666, ""meas_profile"": ""HP-4"", ""meas_id"": 4, ""hum"": 34.7792, ""gas_res"": 100000.0}, {""temp"": 21.73739, ""step"": 4, ""status"": 1, ""pres"": 967.2151, ""meas_profile"": ""HP-3"", ""meas_id"": 3, ""hum"": 35.31618, ""gas_res"": 27520.96}, {""temp"": 21.64438, ""step"": 4, ""status"": 1, ""pres"": 967.4091, ""meas_profile"": ""HP-2"", ""meas_id"": 2, ""hum"": 35.5379, ""gas_res"": 40391.29}, {""temp"": 21.40409, ""step"": 4, ""status"": 1, ""pres"": 967.4944, ""meas_profile"": ""HP-1"", ""meas_id"": 1, ""hum"": 34.05483, ""gas_res"": 32120.45}]}",NULL,"2025-10-27 09:32:24.971781"
11536,"04a600b9b0b8","2025-10-27 09:30:09","DTv8EvxTS0hs3cjVsqbO","{""bme688"": [{""temp"": 21.8792, ""step"": 3, ""status"": 1, ""pres"": 967.5022, ""meas_profile"": ""HP-8"", ""meas_id"": 8, ""hum"": 35.28004, ""gas_res"": 21304.93}, {""temp"": 21.84839, ""step"": 3, ""status"": 1, ""pres"": 967.6209, ""meas_profile"": ""HP-7"", ""meas_id"": 7, ""hum"": 35.14647, ""gas_res"": 32786.89}, {""temp"": 21.91761, ""step"": 3, ""status"": 1, ""pres"": 967.7335, ""meas_profile"": ""HP-6"", ""meas_id"": 6, ""hum"": 35.03914, ""gas_res"": 116628.7}, {""temp"": 21.82669, ""step"": 3, ""status"": 1, ""pres"": 967.5991, ""meas_profile"": ""HP-5"", ""meas_id"": 5, ""hum"": 35.24735, ""gas_res"": 381947.0}, {""temp"": 21.58083, ""step"": 3, ""status"": 1, ""pres"": 967.6666, ""meas_profile"": ""HP-4"", ""meas_id"": 4, ""hum"": 34.79649, ""gas_res"": 534865.5}, {""temp"": 21.73739, ""step"": 3, ""status"": 1, ""pres"": 967.2151, ""meas_profile"": ""HP-3"", ""meas_id"": 3, ""hum"": 35.31041, ""gas_res"": 238305.8}, {""temp"": 21.64438, ""step"": 3, ""status"": 1, ""pres"": 967.4091, ""meas_profile"": ""HP-2"", ""meas_id"": 2, ""hum"": 35.58354, ""gas_res"": 444637.4}, {""temp"": 21.40409, ""step"": 3, ""status"": 1, ""pres"": 967.4944, ""meas_profile"": ""HP-1"", ""meas_id"": 1, ""hum"": 34.06068, ""gas_res"": 314206.8}]}",NULL,"2025-10-27 09:32:26.17305"
11537,"04a600b9b0b8","2025-10-27 09:30:09","DTv8EvxTS0hs3cjVsqbO","{""bme688"": [{""temp"": 21.8792, ""step"": 2, ""status"": 1, ""pres"": 967.5022, ""meas_profile"": ""HP-8"", ""meas_id"": 8, ""hum"": 35.26855, ""gas_res"": 19512.2}, {""temp"": 21.84839, ""step"": 2, ""status"": 1, ""pres"": 967.6209, ""meas_profile"": ""HP-7"", ""meas_id"": 7, ""hum"": 35.14647, ""gas_res"": 27990.38}, {""temp"": 21.91761, ""step"": 2, ""status"": 1, ""pres"": 967.7335, ""meas_profile"": ""HP-6"", ""meas_id"": 6, ""hum"": 35.0449, ""gas_res"": 100490.7}, {""temp"": 21.82669, ""step"": 2, ""status"": 1, ""pres"": 967.5991, ""meas_profile"": ""HP-5"", ""meas_id"": 5, ""hum"": 35.24735, ""gas_res"": 338177.0}, {""temp"": 21.58083, ""step"": 2, ""status"": 1, ""pres"": 967.6666, ""meas_profile"": ""HP-4"", ""meas_id"": 4, ""hum"": 34.80803, ""gas_res"": 446381.9}, {""temp"": 21.73739, ""step"": 2, ""status"": 1, ""pres"": 967.2151, ""meas_profile"": ""HP-3"", ""meas_id"": 3, ""hum"": 35.32195, ""gas_res"": 203013.5}, {""temp"": 21.64438, ""step"": 2, ""status"": 1, ""pres"": 967.4091, ""meas_profile"": ""HP-2"", ""meas_id"": 2, ""hum"": 35.57213, ""gas_res"": 353591.2}, {""temp"": 21.40378, ""step"": 2, ""status"": 1, ""pres"": 967.4939, ""meas_profile"": ""HP-1"", ""meas_id"": 1, ""hum"": 34.06065, ""gas_res"": 264121.8}]}",NULL,"2025-10-27 09:32:27.451908"
11538,"04a600b9b0b8","2025-10-27 09:30:09","DTv8EvxTS0hs3cjVsqbO","{""bme688"": [{""temp"": 21.8792, ""step"": 1, ""status"": 1, ""pres"": 967.5022, ""meas_profile"": ""HP-8"", ""meas_id"": 8, ""hum"": 35.2743, ""gas_res"": 6153.846}, {""temp"": 21.84839, ""step"": 1, ""status"": 1, ""pres"": 967.6209, ""meas_profile"": ""HP-7"", ""meas_id"": 7, ""hum"": 35.14079, ""gas_res"": 6139.678}, {""temp"": 21.91761, ""step"": 1, ""status"": 1, ""pres"": 967.7335, ""meas_profile"": ""HP-6"", ""meas_id"": 6, ""hum"": 35.05066, ""gas_res"": 18028.17}, {""temp"": 21.827, ""step"": 1, ""status"": 1, ""pres"": 967.5994, ""meas_profile"": ""HP-5"", ""meas_id"": 5, ""hum"": 35.24169, ""gas_res"": 24141.83}, {""temp"": 21.58114, ""step"": 1, ""status"": 1, ""pres"": 967.6671, ""meas_profile"": ""HP-4"", ""meas_id"": 4, ""hum"": 34.81382, ""gas_res"": 25331.49}, {""temp"": 21.7377, ""step"": 1, ""status"": 1, ""pres"": 967.2156, ""meas_profile"": ""HP-3"", ""meas_id"": 3, ""hum"": 35.3393, ""gas_res"": 25000.0}, {""temp"": 21.64438, ""step"": 1, ""status"": 1, ""pres"": 967.4108, ""meas_profile"": ""HP-2"", ""meas_id"": 2, ""hum"": 35.56072, ""gas_res"": 25000.0}, {""temp"": 21.40409, ""step"": 1, ""status"": 1, ""pres"": 967.4944, ""meas_profile"": ""HP-1"", ""meas_id"": 1, ""hum"": 34.07826, ""gas_res"": 25000.0}]}",NULL,"2025-10-27 09:32:28.731909"
11539,"04a600b9b0b8","2025-10-27 09:30:09","DTv8EvxTS0hs3cjVsqbO","{""bme688"": [{""temp"": 21.87889, ""step"": 0, ""status"": 1, ""pres"": 967.5035, ""meas_profile"": ""HP-8"", ""meas_id"": 8, ""hum"": 35.27427, ""gas_res"": 5684.846}, {""temp"": 21.84809, ""step"": 0, ""status"": 1, ""pres"": 967.6205, ""meas_profile"": ""HP-7"", ""meas_id"": 7, ""hum"": 35.15213, ""gas_res"": 5684.846}, {""temp"": 21.91731, ""step"": 0, ""status"": 1, ""pres"": 967.733, ""meas_profile"": ""HP-6"", ""meas_id"": 6, ""hum"": 35.06792, ""gas_res"": 6273.28}, {""temp"": 21.82731, ""step"": 0, ""status"": 1, ""pres"": 967.6019, ""meas_profile"": ""HP-5"", ""meas_id"": 5, ""hum"": 35.27019, ""gas_res"": 11691.63}, {""temp"": 21.58145, ""step"": 0, ""status"": 1, ""pres"": 967.6691, ""meas_profile"": ""HP-4"", ""meas_id"": 4, ""hum"": 34.82538, ""gas_res"": 8864.266}, {""temp"": 21.7377, ""step"": 0, ""status"": 1, ""pres"": 967.2156, ""meas_profile"": ""HP-3"", ""meas_id"": 3, ""hum"": 35.32775, ""gas_res"": 5693.95}, {""temp"": 21.64438, ""step"": 0, ""status"": 1, ""pres"": 967.4108, ""meas_profile"": ""HP-2"", ""meas_id"": 2, ""hum"": 35.59496, ""gas_res"": 7264.472}, {""temp"": 21.40378, ""step"": 0, ""status"": 1, ""pres"": 967.4956, ""meas_profile"": ""HP-1"", ""meas_id"": 1, ""hum"": 34.06651, ""gas_res"": 5761.613}]}",NULL,"2025-10-27 09:32:30.105702"
11562,"04a600b9b0b8","2025-10-27 09:32:40","DTv8EvxTS0hs3cjVsqbO","{""zphs01b"": {""voc"": 0, ""temp"": 19.6, ""pm2_5"": 0, ""pm1_0"": 0, ""pm10"": 330, ""o3"": 0.18, ""no2"": 4.32, ""hum"": 0, ""fmhd"": 0, ""co2"": 5000, ""co"": 0.0}, ""smell_b"": {}, ""sfa30"": {""temp"": 21.865, ""hum"": 35.8, ""fmhd"": 7.6}, ""sen5x"": {""voc"": 147.0, ""temp"": 22.27, ""pm4_0"": 4841.6, ""pm2_5"": 4841.6, ""pm1_0"": 4616.7, ""pm10"": 4841.6, ""nox"": 1.0, ""mass_c"": 4785.375, ""hum"": 39.98}, ""scd41"": {""temp"": 21.29359, ""hum"": 38.5214, ""co2"": 656}, ""power_source"": 0, ""mics6814"": {""red_res"": 0, ""no2_res"": 0, ""no2"": 0.17, ""nh3_res"": 0, ""nh3"": 0.73, ""co_res"": 0, ""co"": 44.0}}",NULL,"2025-10-27 09:33:27.116127"
11563,"04a600b9b0b8","2025-10-27 09:32:40","DTv8EvxTS0hs3cjVsqbO","{""bme688"": [{""temp"": 21.88538, ""step"": 9, ""status"": 1, ""pres"": 967.5101, ""meas_profile"": ""HP-8"", ""meas_id"": 8, ""hum"": 35.12552, ""gas_res"": 5684.846}, {""temp"": 21.85398, ""step"": 9, ""status"": 1, ""pres"": 967.6372, ""meas_profile"": ""HP-7"", ""meas_id"": 7, ""hum"": 35.02208, ""gas_res"": 5684.846}, {""temp"": 21.92101, ""step"": 9, ""status"": 1, ""pres"": 967.7424, ""meas_profile"": ""HP-6"", ""meas_id"": 6, ""hum"": 34.93004, ""gas_res"": 6947.46}, {""temp"": 21.82544, ""step"": 9, ""status"": 1, ""pres"": 967.5836, ""meas_profile"": ""HP-5"", ""meas_id"": 5, ""hum"": 35.12767, ""gas_res"": 17089.45}, {""temp"": 21.58176, ""step"": 9, ""status"": 1, ""pres"": 967.6583, ""meas_profile"": ""HP-4"", ""meas_id"": 4, ""hum"": 34.67556, ""gas_res"": 10526.32}, {""temp"": 21.73955, ""step"": 9, ""status"": 1, ""pres"": 967.222, ""meas_profile"": ""HP-3"", ""meas_id"": 3, ""hum"": 35.17796, ""gas_res"": 6416.684}, {""temp"": 21.64842, ""step"": 9, ""status"": 1, ""pres"": 967.4089, ""meas_profile"": ""HP-2"", ""meas_id"": 2, ""hum"": 35.43562, ""gas_res"": 7750.061}, {""temp"": 21.40813, ""step"": 9, ""status"": 1, ""pres"": 967.4899, ""meas_profile"": ""HP-1"", ""meas_id"": 1, ""hum"": 33.93224, ""gas_res"": 6015.038}]}",NULL,"2025-10-27 09:33:28.246067"
11564,"04a600b9b0b8","2025-10-27 09:32:40","DTv8EvxTS0hs3cjVsqbO","{""bme688"": [{""temp"": 21.88476, ""step"": 8, ""status"": 1, ""pres"": 967.5092, ""meas_profile"": ""HP-8"", ""meas_id"": 8, ""hum"": 35.13694, ""gas_res"": 5684.846}, {""temp"": 21.85367, ""step"": 8, ""status"": 1, ""pres"": 967.6364, ""meas_profile"": ""HP-7"", ""meas_id"": 7, ""hum"": 35.03908, ""gas_res"": 5684.846}, {""temp"": 21.92039, ""step"": 8, ""status"": 1, ""pres"": 967.7416, ""meas_profile"": ""HP-6"", ""meas_id"": 6, ""hum"": 34.91847, ""gas_res"": 7269.423}, {""temp"": 21.82544, ""step"": 8, ""status"": 1, ""pres"": 967.5836, ""meas_profile"": ""HP-5"", ""meas_id"": 5, ""hum"": 35.12198, ""gas_res"": 11404.13}, {""temp"": 21.58145, ""step"": 8, ""status"": 1, ""pres"": 967.6591, ""meas_profile"": ""HP-4"", ""meas_id"": 4, ""hum"": 34.68129, ""gas_res"": 10253.12}, {""temp"": 21.73893, ""step"": 8, ""status"": 1, ""pres"": 967.2209, ""meas_profile"": ""HP-3"", ""meas_id"": 3, ""hum"": 35.18367, ""gas_res"": 7812.5}, {""temp"": 21.6478, ""step"": 8, ""status"": 1, ""pres"": 967.4079, ""meas_profile"": ""HP-2"", ""meas_id"": 2, ""hum"": 35.42416, ""gas_res"": 7541.833}, {""temp"": 21.40751, ""step"": 8, ""status"": 1, ""pres"": 967.4907, ""meas_profile"": ""HP-1"", ""meas_id"": 1, ""hum"": 33.92634, ""gas_res"": 6118.547}]}",NULL,"2025-10-27 09:33:29.527254"
11565,"04a600b9b0b8","2025-10-27 09:32:40","DTv8EvxTS0hs3cjVsqbO","{""bme688"": [{""temp"": 21.88414, ""step"": 7, ""status"": 1, ""pres"": 967.5083, ""meas_profile"": ""HP-8"", ""meas_id"": 8, ""hum"": 35.13115, ""gas_res"": 5684.846}, {""temp"": 21.85305, ""step"": 7, ""status"": 1, ""pres"": 967.6355, ""meas_profile"": ""HP-7"", ""meas_id"": 7, ""hum"": 35.01631, ""gas_res"": 5684.846}, {""temp"": 21.92009, ""step"": 7, ""status"": 1, ""pres"": 967.741, ""meas_profile"": ""HP-6"", ""meas_id"": 6, ""hum"": 34.91844, ""gas_res"": 7269.423}, {""temp"": 21.82544, ""step"": 7, ""status"": 1, ""pres"": 967.5853, ""meas_profile"": ""HP-5"", ""meas_id"": 5, ""hum"": 35.12767, ""gas_res"": 11355.57}, {""temp"": 21.58145, ""step"": 7, ""status"": 1, ""pres"": 967.6591, ""meas_profile"": ""HP-4"", ""meas_id"": 4, ""hum"": 34.68129, ""gas_res"": 9445.101}, {""temp"": 21.73862, ""step"": 7, ""status"": 1, ""pres"": 967.2205, ""meas_profile"": ""HP-3"", ""meas_id"": 3, ""hum"": 35.18941, ""gas_res"": 7048.458}, {""temp"": 21.64717, ""step"": 7, ""status"": 1, ""pres"": 967.4068, ""meas_profile"": ""HP-2"", ""meas_id"": 2, ""hum"": 35.4241, ""gas_res"": 6862.535}, {""temp"": 21.40689, ""step"": 7, ""status"": 1, ""pres"": 967.4897, ""meas_profile"": ""HP-1"", ""meas_id"": 1, ""hum"": 33.93799, ""gas_res"": 7509.974}]}",NULL,"2025-10-27 09:33:30.993884"
11566,"04a600b9b0b8","2025-10-27 09:32:40","DTv8EvxTS0hs3cjVsqbO","{""bme688"": [{""temp"": 21.88384, ""step"": 6, ""status"": 1, ""pres"": 967.5076, ""meas_profile"": ""HP-8"", ""meas_id"": 8, ""hum"": 35.1426, ""gas_res"": 6510.682}, {""temp"": 21.85274, ""step"": 6, ""status"": 1, ""pres"": 967.6332, ""meas_profile"": ""HP-7"", ""meas_id"": 7, ""hum"": 35.02764, ""gas_res"": 7644.529}, {""temp"": 21.91978, ""step"": 6, ""status"": 1, ""pres"": 967.7404, ""meas_profile"": ""HP-6"", ""meas_id"": 6, ""hum"": 34.9069, ""gas_res"": 25000.0}, {""temp"": 21.82544, ""step"": 6, ""status"": 1, ""pres"": 967.5853, ""meas_profile"": ""HP-5"", ""meas_id"": 5, ""hum"": 35.14475, ""gas_res"": 89136.49}, {""temp"": 21.58145, ""step"": 6, ""status"": 1, ""pres"": 967.6591, ""meas_profile"": ""HP-4"", ""meas_id"": 4, ""hum"": 34.68129, ""gas_res"": 100000.0}, {""temp"": 21.73832, ""step"": 6, ""status"": 1, ""pres"": 967.22, ""meas_profile"": ""HP-3"", ""meas_id"": 3, ""hum"": 35.18938, ""gas_res"": 32487.31}, {""temp"": 21.64687, ""step"": 6, ""status"": 1, ""pres"": 967.4063, ""meas_profile"": ""HP-2"", ""meas_id"": 2, ""hum"": 35.41267, ""gas_res"": 81946.23}, {""temp"": 21.40689, ""step"": 6, ""status"": 1, ""pres"": 967.4897, ""meas_profile"": ""HP-1"", ""meas_id"": 1, ""hum"": 33.94384, ""gas_res"": 39421.0}]}",NULL,"2025-10-27 09:33:32.719672"
11567,"04a600b9b0b8","2025-10-27 09:32:40","DTv8EvxTS0hs3cjVsqbO","{""bme688"": [{""temp"": 21.88353, ""step"": 5, ""status"": 1, ""pres"": 967.5073, ""meas_profile"": ""HP-8"", ""meas_id"": 8, ""hum"": 35.14831, ""gas_res"": 6490.872}, {""temp"": 21.85243, ""step"": 5, ""status"": 1, ""pres"": 967.6345, ""meas_profile"": ""HP-7"", ""meas_id"": 7, ""hum"": 35.03896, ""gas_res"": 7600.95}, {""temp"": 21.91978, ""step"": 5, ""status"": 1, ""pres"": 967.7404, ""meas_profile"": ""HP-6"", ""meas_id"": 6, ""hum"": 34.94144, ""gas_res"": 25000.0}, {""temp"": 21.82544, ""step"": 5, ""status"": 1, ""pres"": 967.5853, ""meas_profile"": ""HP-5"", ""meas_id"": 5, ""hum"": 35.13906, ""gas_res"": 88673.37}, {""temp"": 21.58114, ""step"": 5, ""status"": 1, ""pres"": 967.6588, ""meas_profile"": ""HP-4"", ""meas_id"": 4, ""hum"": 34.69278, ""gas_res"": 100000.0}, {""temp"": 21.73832, ""step"": 5, ""status"": 1, ""pres"": 967.22, ""meas_profile"": ""HP-3"", ""meas_id"": 3, ""hum"": 35.20092, ""gas_res"": 31067.96}, {""temp"": 21.64655, ""step"": 5, ""status"": 1, ""pres"": 967.4059, ""meas_profile"": ""HP-2"", ""meas_id"": 2, ""hum"": 35.43544, ""gas_res"": 45422.29}, {""temp"": 21.40658, ""step"": 5, ""status"": 1, ""pres"": 967.491, ""meas_profile"": ""HP-1"", ""meas_id"": 1, ""hum"": 33.95552, ""gas_res"": 36962.17}]}",NULL,"2025-10-27 09:33:33.9983"
11568,"04a600b9b0b8","2025-10-27 09:32:40","DTv8EvxTS0hs3cjVsqbO","{""bme688"": [{""temp"": 21.88322, ""step"": 4, ""status"": 1, ""pres"": 967.5068, ""meas_profile"": ""HP-8"", ""meas_id"": 8, ""hum"": 35.15403, ""gas_res"": 6397.441}, {""temp"": 21.85212, ""step"": 4, ""status"": 1, ""pres"": 967.6339, ""meas_profile"": ""HP-7"", ""meas_id"": 7, ""hum"": 35.04461, ""gas_res"": 7563.224}, {""temp"": 21.91947, ""step"": 4, ""status"": 1, ""pres"": 967.7397, ""meas_profile"": ""HP-6"", ""meas_id"": 6, ""hum"": 34.94141, ""gas_res"": 25000.0}, {""temp"": 21.82544, ""step"": 4, ""status"": 1, ""pres"": 967.587, ""meas_profile"": ""HP-5"", ""meas_id"": 5, ""hum"": 35.15613, ""gas_res"": 88673.37}, {""temp"": 21.58114, ""step"": 4, ""status"": 1, ""pres"": 967.6604, ""meas_profile"": ""HP-4"", ""meas_id"": 4, ""hum"": 34.69854, ""gas_res"": 100000.0}, {""temp"": 21.73801, ""step"": 4, ""status"": 1, ""pres"": 967.2195, ""meas_profile"": ""HP-3"", ""meas_id"": 3, ""hum"": 35.21242, ""gas_res"": 29398.25}, {""temp"": 21.64655, ""step"": 4, ""status"": 1, ""pres"": 967.4077, ""meas_profile"": ""HP-2"", ""meas_id"": 2, ""hum"": 35.44115, ""gas_res"": 43611.59}, {""temp"": 21.40627, ""step"": 4, ""status"": 1, ""pres"": 967.4905, ""meas_profile"": ""HP-1"", ""meas_id"": 1, ""hum"": 33.95549, ""gas_res"": 35020.52}]}",NULL,"2025-10-27 09:33:35.281724"
11569,"04a600b9b0b8","2025-10-27 09:32:40","DTv8EvxTS0hs3cjVsqbO","{""bme688"": [{""temp"": 21.88291, ""step"": 3, ""status"": 1, ""pres"": 967.5062, ""meas_profile"": ""HP-8"", ""meas_id"": 8, ""hum"": 35.16548, ""gas_res"": 8931.063}, {""temp"": 21.85212, ""step"": 3, ""status"": 1, ""pres"": 967.6321, ""meas_profile"": ""HP-7"", ""meas_id"": 7, ""hum"": 35.06164, ""gas_res"": 12665.74}, {""temp"": 21.91916, ""step"": 3, ""status"": 1, ""pres"": 967.7394, ""meas_profile"": ""HP-6"", ""meas_id"": 6, ""hum"": 34.96441, ""gas_res"": 35310.34}, {""temp"": 21.82512, ""step"": 3, ""status"": 1, ""pres"": 967.5864, ""meas_profile"": ""HP-5"", ""meas_id"": 5, ""hum"": 35.15611, ""gas_res"": 97172.14}, {""temp"": 21.58083, ""step"": 3, ""status"": 1, ""pres"": 967.6599, ""meas_profile"": ""HP-4"", ""meas_id"": 4, ""hum"": 34.7158, ""gas_res"": 156240.5}, {""temp"": 21.7377, ""step"": 3, ""status"": 1, ""pres"": 967.219, ""meas_profile"": ""HP-3"", ""meas_id"": 3, ""hum"": 35.20662, ""gas_res"": 76923.08}, {""temp"": 21.64594, ""step"": 3, ""status"": 1, ""pres"": 967.4065, ""meas_profile"": ""HP-2"", ""meas_id"": 2, ""hum"": 35.46389, ""gas_res"": 130048.3}, {""temp"": 21.40564, ""step"": 3, ""status"": 1, ""pres"": 967.4913, ""meas_profile"": ""HP-1"", ""meas_id"": 1, ""hum"": 33.94958, ""gas_res"": 100966.3}]}",NULL,"2025-10-27 09:33:36.644337"
11570,"04a600b9b0b8","2025-10-27 09:32:40","DTv8EvxTS0hs3cjVsqbO","{""bme688"": [{""temp"": 21.8826, ""step"": 2, ""status"": 1, ""pres"": 967.5058, ""meas_profile"": ""HP-8"", ""meas_id"": 8, ""hum"": 35.18843, ""gas_res"": 13931.21}, {""temp"": 21.85181, ""step"": 2, ""status"": 1, ""pres"": 967.6317, ""meas_profile"": ""HP-7"", ""meas_id"": 7, ""hum"": 35.06161, ""gas_res"": 21136.06}, {""temp"": 21.91885, ""step"": 2, ""status"": 1, ""pres"": 967.7388, ""meas_profile"": ""HP-6"", ""meas_id"": 6, ""hum"": 34.94711, ""gas_res"": 75161.48}, {""temp"": 21.82481, ""step"": 2, ""status"": 1, ""pres"": 967.5859, ""meas_profile"": ""HP-5"", ""meas_id"": 5, ""hum"": 35.16747, ""gas_res"": 260096.5}, {""temp"": 21.58052, ""step"": 2, ""status"": 1, ""pres"": 967.6593, ""meas_profile"": ""HP-4"", ""meas_id"": 4, ""hum"": 34.72153, ""gas_res"": 390839.7}, {""temp"": 21.73739, ""step"": 2, ""status"": 1, ""pres"": 967.2185, ""meas_profile"": ""HP-3"", ""meas_id"": 3, ""hum"": 35.22389, ""gas_res"": 165481.6}, {""temp"": 21.64531, ""step"": 2, ""status"": 1, ""pres"": 967.4055, ""meas_profile"": ""HP-2"", ""meas_id"": 2, ""hum"": 35.45813, ""gas_res"": 294930.9}, {""temp"": 21.40533, ""step"": 2, ""status"": 1, ""pres"": 967.4908, ""meas_profile"": ""HP-1"", ""meas_id"": 1, ""hum"": 33.97297, ""gas_res"": 221023.1}]}",NULL,"2025-10-27 09:33:37.834171"
11571,"04a600b9b0b8","2025-10-27 09:32:40","DTv8EvxTS0hs3cjVsqbO","{""bme688"": [{""temp"": 21.88229, ""step"": 1, ""status"": 1, ""pres"": 967.5053, ""meas_profile"": ""HP-8"", ""meas_id"": 8, ""hum"": 35.1884, ""gas_res"": 5706.134}, {""temp"": 21.8515, ""step"": 1, ""status"": 1, ""pres"": 967.6312, ""meas_profile"": ""HP-7"", ""meas_id"": 7, ""hum"": 35.08997, ""gas_res"": 6490.872}, {""temp"": 21.91854, ""step"": 1, ""status"": 1, ""pres"": 967.7385, ""meas_profile"": ""HP-6"", ""meas_id"": 6, ""hum"": 34.95859, ""gas_res"": 11539.85}, {""temp"": 21.82481, ""step"": 1, ""status"": 1, ""pres"": 967.5859, ""meas_profile"": ""HP-5"", ""meas_id"": 5, ""hum"": 35.17316, ""gas_res"": 25000.0}, {""temp"": 21.58021, ""step"": 1, ""status"": 1, ""pres"": 967.6589, ""meas_profile"": ""HP-4"", ""meas_id"": 4, ""hum"": 34.73303, ""gas_res"": 24348.49}, {""temp"": 21.73708, ""step"": 1, ""status"": 1, ""pres"": 967.218, ""meas_profile"": ""HP-3"", ""meas_id"": 3, ""hum"": 35.22386, ""gas_res"": 25000.0}, {""temp"": 21.64531, ""step"": 1, ""status"": 1, ""pres"": 967.4055, ""meas_profile"": ""HP-2"", ""meas_id"": 2, ""hum"": 35.47523, ""gas_res"": 25000.0}, {""temp"": 21.40502, ""step"": 1, ""status"": 1, ""pres"": 967.4904, ""meas_profile"": ""HP-1"", ""meas_id"": 1, ""hum"": 33.97294, ""gas_res"": 25000.0}]}",NULL,"2025-10-27 09:33:39.128064"
11572,"04a600b9b0b8","2025-10-27 09:32:40","DTv8EvxTS0hs3cjVsqbO","{""bme688"": [{""temp"": 21.88167, ""step"": 0, ""status"": 1, ""pres"": 967.5044, ""meas_profile"": ""HP-8"", ""meas_id"": 8, ""hum"": 35.19983, ""gas_res"": 5684.846}, {""temp"": 21.85088, ""step"": 0, ""status"": 1, ""pres"": 967.6301, ""meas_profile"": ""HP-7"", ""meas_id"": 7, ""hum"": 35.0956, ""gas_res"": 5684.846}, {""temp"": 21.91823, ""step"": 0, ""status"": 1, ""pres"": 967.7378, ""meas_profile"": ""HP-6"", ""meas_id"": 6, ""hum"": 34.98159, ""gas_res"": 6603.384}, {""temp"": 21.8245, ""step"": 0, ""status"": 1, ""pres"": 967.587, ""meas_profile"": ""HP-5"", ""meas_id"": 5, ""hum"": 35.19589, ""gas_res"": 17452.96}, {""temp"": 21.58021, ""step"": 0, ""status"": 1, ""pres"": 967.6605, ""meas_profile"": ""HP-4"", ""meas_id"": 4, ""hum"": 34.70998, ""gas_res"": 9572.24}, {""temp"": 21.73677, ""step"": 0, ""status"": 1, ""pres"": 967.2174, ""meas_profile"": ""HP-3"", ""meas_id"": 3, ""hum"": 35.2296, ""gas_res"": 6893.581}, {""temp"": 21.64469, ""step"": 0, ""status"": 1, ""pres"": 967.4045, ""meas_profile"": ""HP-2"", ""meas_id"": 2, ""hum"": 35.44667, ""gas_res"": 6707.189}, {""temp"": 21.40471, ""step"": 0, ""status"": 1, ""pres"": 967.4918, ""meas_profile"": ""HP-1"", ""meas_id"": 1, ""hum"": 33.97876, ""gas_res"": 7304.269}]}",NULL,"2025-10-27 09:33:40.397185"
11573,"04a600b9b0b8","2025-10-27 09:33:49","DTv8EvxTS0hs3cjVsqbO","{""zphs01b"": {""voc"": 0, ""temp"": 19.6, ""pm2_5"": 0, ""pm1_0"": 0, ""pm10"": 331, ""o3"": 0.24, ""no2"": 4.1, ""hum"": 0, ""fmhd"": 0, ""co2"": 5000, ""co"": 0.0}, ""smell_b"": {}, ""sfa30"": {""temp"": 21.915, ""hum"": 35.73, ""fmhd"": 7.0}, ""sen5x"": {""voc"": 123.0, ""temp"": 22.12, ""pm4_0"": 4355.8, ""pm2_5"": 4355.8, ""pm1_0"": 4153.5, ""pm10"": 4355.8, ""nox"": 1.0, ""mass_c"": 4305.225, ""hum"": 40.41}, ""scd41"": {""temp"": 21.4271, ""hum"": 38.5214, ""co2"": 660}, ""power_source"": 0, ""mics6814"": {""red_res"": 0, ""no2_res"": 0, ""no2"": 0.17, ""nh3_res"": 0, ""nh3"": 0.73, ""co_res"": 0, ""co"": 44.0}}",NULL,"2025-10-27 09:34:43.418939"
11574,"04a600b9b0b8","2025-10-27 09:33:49","DTv8EvxTS0hs3cjVsqbO","{""bme688"": [{""temp"": 21.89681, ""step"": 9, ""status"": 1, ""pres"": 967.5281, ""meas_profile"": ""HP-8"", ""meas_id"": 8, ""hum"": 35.06345, ""gas_res"": 5684.846}, {""temp"": 21.86361, ""step"": 9, ""status"": 1, ""pres"": 967.6598, ""meas_profile"": ""HP-7"", ""meas_id"": 7, ""hum"": 34.96056, ""gas_res"": 5684.846}, {""temp"": 21.92904, ""step"": 9, ""status"": 1, ""pres"": 967.7518, ""meas_profile"": ""HP-6"", ""meas_id"": 6, ""hum"": 34.8387, ""gas_res"": 7499.414}, {""temp"": 21.83106, ""step"": 9, ""status"": 1, ""pres"": 967.5842, ""meas_profile"": ""HP-5"", ""meas_id"": 5, ""hum"": 35.03149, ""gas_res"": 20665.16}, {""temp"": 21.59015, ""step"": 9, ""status"": 1, ""pres"": 967.6586, ""meas_profile"": ""HP-4"", ""meas_id"": 4, ""hum"": 34.58419, ""gas_res"": 20349.76}, {""temp"": 21.74914, ""step"": 9, ""status"": 1, ""pres"": 967.2392, ""meas_profile"": ""HP-3"", ""meas_id"": 3, ""hum"": 35.10971, ""gas_res"": 8215.661}, {""temp"": 21.65866, ""step"": 9, ""status"": 1, ""pres"": 967.4155, ""meas_profile"": ""HP-2"", ""meas_id"": 2, ""hum"": 35.34541, ""gas_res"": 6530.612}, {""temp"": 21.41903, ""step"": 9, ""status"": 1, ""pres"": 967.492, ""meas_profile"": ""HP-1"", ""meas_id"": 1, ""hum"": 33.85133, ""gas_res"": 7738.815}]}",NULL,"2025-10-27 09:34:45.048204"
11575,"04a600b9b0b8","2025-10-27 09:33:49","DTv8EvxTS0hs3cjVsqbO","{""bme688"": [{""temp"": 21.89588, ""step"": 8, ""status"": 1, ""pres"": 967.5266, ""meas_profile"": ""HP-8"", ""meas_id"": 8, ""hum"": 35.06336, ""gas_res"": 5684.846}, {""temp"": 21.86268, ""step"": 8, ""status"": 1, ""pres"": 967.6566, ""meas_profile"": ""HP-7"", ""meas_id"": 7, ""hum"": 34.94345, ""gas_res"": 5684.846}, {""temp"": 21.92842, ""step"": 8, ""status"": 1, ""pres"": 967.7525, ""meas_profile"": ""HP-6"", ""meas_id"": 6, ""hum"": 34.8444, ""gas_res"": 6097.561}, {""temp"": 21.83075, ""step"": 8, ""status"": 1, ""pres"": 967.5838, ""meas_profile"": ""HP-5"", ""meas_id"": 5, ""hum"": 35.06559, ""gas_res"": 20025.03}, {""temp"": 21.58984, ""step"": 8, ""status"": 1, ""pres"": 967.658, ""meas_profile"": ""HP-4"", ""meas_id"": 4, ""hum"": 34.58992, ""gas_res"": 20349.76}, {""temp"": 21.74852, ""step"": 8, ""status"": 1, ""pres"": 967.2383, ""meas_profile"": ""HP-3"", ""meas_id"": 3, ""hum"": 35.11541, ""gas_res"": 7584.736}, {""temp"": 21.65836, ""step"": 8, ""status"": 1, ""pres"": 967.4151, ""meas_profile"": ""HP-2"", ""meas_id"": 2, ""hum"": 35.35677, ""gas_res"": 6677.796}, {""temp"": 21.4184, ""step"": 8, ""status"": 1, ""pres"": 967.4928, ""meas_profile"": ""HP-1"", ""meas_id"": 1, ""hum"": 33.85127, ""gas_res"": 7783.994}]}",NULL,"2025-10-27 09:34:46.35296"
11576,"04a600b9b0b8","2025-10-27 09:33:49","DTv8EvxTS0hs3cjVsqbO","{""bme688"": [{""temp"": 21.89526, ""step"": 7, ""status"": 1, ""pres"": 967.5257, ""meas_profile"": ""HP-8"", ""meas_id"": 8, ""hum"": 35.08052, ""gas_res"": 5684.846}, {""temp"": 21.86206, ""step"": 7, ""status"": 1, ""pres"": 967.6556, ""meas_profile"": ""HP-7"", ""meas_id"": 7, ""hum"": 34.95475, ""gas_res"": 5684.846}, {""temp"": 21.9278, ""step"": 7, ""status"": 1, ""pres"": 967.7515, ""meas_profile"": ""HP-6"", ""meas_id"": 6, ""hum"": 34.85586, ""gas_res"": 6175.222}, {""temp"": 21.83044, ""step"": 7, ""status"": 1, ""pres"": 967.5833, ""meas_profile"": ""HP-5"", ""meas_id"": 5, ""hum"": 35.04849, ""gas_res"": 20447.29}, {""temp"": 21.58953, ""step"": 7, ""status"": 1, ""pres"": 967.6592, ""meas_profile"": ""HP-4"", ""meas_id"": 4, ""hum"": 34.60141, ""gas_res"": 19161.68}, {""temp"": 21.7479, ""step"": 7, ""status"": 1, ""pres"": 967.2372, ""meas_profile"": ""HP-3"", ""meas_id"": 3, ""hum"": 35.10959, ""gas_res"": 7166.854}, {""temp"": 21.65804, ""step"": 7, ""status"": 1, ""pres"": 967.4146, ""meas_profile"": ""HP-2"", ""meas_id"": 2, ""hum"": 35.35674, ""gas_res"": 6566.797}, {""temp"": 21.41778, ""step"": 7, ""status"": 1, ""pres"": 967.4919, ""meas_profile"": ""HP-1"", ""meas_id"": 1, ""hum"": 33.84537, ""gas_res"": 7436.672}]}",NULL,"2025-10-27 09:34:47.79828"
11577,"04a600b9b0b8","2025-10-27 09:33:49","DTv8EvxTS0hs3cjVsqbO","{""bme688"": [{""temp"": 21.89465, ""step"": 6, ""status"": 1, ""pres"": 967.5248, ""meas_profile"": ""HP-8"", ""meas_id"": 8, ""hum"": 35.0862, ""gas_res"": 6069.803}, {""temp"": 21.86175, ""step"": 6, ""status"": 1, ""pres"": 967.6549, ""meas_profile"": ""HP-7"", ""meas_id"": 7, ""hum"": 34.97174, ""gas_res"": 7147.644}, {""temp"": 21.92749, ""step"": 6, ""status"": 1, ""pres"": 967.7511, ""meas_profile"": ""HP-6"", ""meas_id"": 6, ""hum"": 34.86158, ""gas_res"": 25000.0}, {""temp"": 21.83044, ""step"": 6, ""status"": 1, ""pres"": 967.5833, ""meas_profile"": ""HP-5"", ""meas_id"": 5, ""hum"": 35.06556, ""gas_res"": 100000.0}, {""temp"": 21.58891, ""step"": 6, ""status"": 1, ""pres"": 967.658, ""meas_profile"": ""HP-4"", ""meas_id"": 4, ""hum"": 34.60135, ""gas_res"": 120159.6}, {""temp"": 21.74759, ""step"": 6, ""status"": 1, ""pres"": 967.2366, ""meas_profile"": ""HP-3"", ""meas_id"": 3, ""hum"": 35.13837, ""gas_res"": 45422.29}, {""temp"": 21.65742, ""step"": 6, ""status"": 1, ""pres"": 967.4152, ""meas_profile"": ""HP-2"", ""meas_id"": 2, ""hum"": 35.34528, ""gas_res"": 97172.14}, {""temp"": 21.41716, ""step"": 6, ""status"": 1, ""pres"": 967.491, ""meas_profile"": ""HP-1"", ""meas_id"": 1, ""hum"": 33.84531, ""gas_res"": 100000.0}]}",NULL,"2025-10-27 09:34:48.886537"
11578,"04a600b9b0b8","2025-10-27 09:33:49","DTv8EvxTS0hs3cjVsqbO","{""bme688"": [{""temp"": 21.89403, ""step"": 5, ""status"": 1, ""pres"": 967.5237, ""meas_profile"": ""HP-8"", ""meas_id"": 8, ""hum"": 35.08041, ""gas_res"": 5977.956}, {""temp"": 21.86113, ""step"": 5, ""status"": 1, ""pres"": 967.6539, ""meas_profile"": ""HP-7"", ""meas_id"": 7, ""hum"": 34.96033, ""gas_res"": 7025.247}, {""temp"": 21.92719, ""step"": 5, ""status"": 1, ""pres"": 967.7505, ""meas_profile"": ""HP-6"", ""meas_id"": 6, ""hum"": 34.8673, ""gas_res"": 25000.0}, {""temp"": 21.83013, ""step"": 5, ""status"": 1, ""pres"": 967.5845, ""meas_profile"": ""HP-5"", ""meas_id"": 5, ""hum"": 35.06553, ""gas_res"": 100000.0}, {""temp"": 21.58829, ""step"": 5, ""status"": 1, ""pres"": 967.6589, ""meas_profile"": ""HP-4"", ""meas_id"": 4, ""hum"": 34.60129, ""gas_res"": 122840.7}, {""temp"": 21.74728, ""step"": 5, ""status"": 1, ""pres"": 967.2363, ""meas_profile"": ""HP-3"", ""meas_id"": 3, ""hum"": 35.11529, ""gas_res"": 44708.35}, {""temp"": 21.6568, ""step"": 5, ""status"": 1, ""pres"": 967.4142, ""meas_profile"": ""HP-2"", ""meas_id"": 2, ""hum"": 35.35092, ""gas_res"": 95700.94}, {""temp"": 21.41685, ""step"": 5, ""status"": 1, ""pres"": 967.4905, ""meas_profile"": ""HP-1"", ""meas_id"": 1, ""hum"": 33.86283, ""gas_res"": 100000.0}]}",NULL,"2025-10-27 09:34:50.159344"
11579,"04a600b9b0b8","2025-10-27 09:33:49","DTv8EvxTS0hs3cjVsqbO","{""bme688"": [{""temp"": 21.89372, ""step"": 4, ""status"": 1, ""pres"": 967.5233, ""meas_profile"": ""HP-8"", ""meas_id"": 8, ""hum"": 35.08038, ""gas_res"": 5888.848}, {""temp"": 21.86082, ""step"": 4, ""status"": 1, ""pres"": 967.6534, ""meas_profile"": ""HP-7"", ""meas_id"": 7, ""hum"": 34.97165, ""gas_res"": 6974.717}, {""temp"": 21.92719, ""step"": 4, ""status"": 1, ""pres"": 967.7505, ""meas_profile"": ""HP-6"", ""meas_id"": 6, ""hum"": 34.85579, ""gas_res"": 25000.0}, {""temp"": 21.82981, ""step"": 4, ""status"": 1, ""pres"": 967.5839, ""meas_profile"": ""HP-5"", ""meas_id"": 5, ""hum"": 35.07688, ""gas_res"": 100000.0}, {""temp"": 21.58767, ""step"": 4, ""status"": 1, ""pres"": 967.6577, ""meas_profile"": ""HP-4"", ""meas_id"": 4, ""hum"": 34.59547, ""gas_res"": 127712.6}, {""temp"": 21.74697, ""step"": 4, ""status"": 1, ""pres"": 967.2357, ""meas_profile"": ""HP-3"", ""meas_id"": 3, ""hum"": 35.1095, ""gas_res"": 44107.51}, {""temp"": 21.65618, ""step"": 4, ""status"": 1, ""pres"": 967.4132, ""meas_profile"": ""HP-2"", ""meas_id"": 2, ""hum"": 35.35086, ""gas_res"": 93962.2}, {""temp"": 21.41654, ""step"": 4, ""status"": 1, ""pres"": 967.4919, ""meas_profile"": ""HP-1"", ""meas_id"": 1, ""hum"": 33.86865, ""gas_res"": 92219.02}]}",NULL,"2025-10-27 09:34:51.428081"
11580,"04a600b9b0b8","2025-10-27 09:33:49","DTv8EvxTS0hs3cjVsqbO","{""bme688"": [{""temp"": 21.8931, ""step"": 3, ""status"": 1, ""pres"": 967.5223, ""meas_profile"": ""HP-8"", ""meas_id"": 8, ""hum"": 35.10902, ""gas_res"": 5684.846}, {""temp"": 21.8602, ""step"": 3, ""status"": 1, ""pres"": 967.6523, ""meas_profile"": ""HP-7"", ""meas_id"": 7, ""hum"": 34.99996, ""gas_res"": 5684.846}, {""temp"": 21.92657, ""step"": 3, ""status"": 1, ""pres"": 967.7513, ""meas_profile"": ""HP-6"", ""meas_id"": 6, ""hum"": 34.873, ""gas_res"": 11590.0}, {""temp"": 21.82919, ""step"": 3, ""status"": 1, ""pres"": 967.5829, ""meas_profile"": ""HP-5"", ""meas_id"": 5, ""hum"": 35.0882, ""gas_res"": 32964.2}, {""temp"": 21.58704, ""step"": 3, ""status"": 1, ""pres"": 967.6583, ""meas_profile"": ""HP-4"", ""meas_id"": 4, ""hum"": 34.64149, ""gas_res"": 45181.79}, {""temp"": 21.74605, ""step"": 3, ""status"": 1, ""pres"": 967.2343, ""meas_profile"": ""HP-3"", ""meas_id"": 3, ""hum"": 35.14399, ""gas_res"": 29561.2}, {""temp"": 21.65525, ""step"": 3, ""status"": 1, ""pres"": 967.4133, ""meas_profile"": ""HP-2"", ""meas_id"": 2, ""hum"": 35.36217, ""gas_res"": 44802.24}, {""temp"": 21.4156, ""step"": 3, ""status"": 1, ""pres"": 967.4903, ""meas_profile"": ""HP-1"", ""meas_id"": 1, ""hum"": 33.86272, ""gas_res"": 31045.36}]}",NULL,"2025-10-27 09:34:52.920333"
11581,"04a600b9b0b8","2025-10-27 09:33:49","DTv8EvxTS0hs3cjVsqbO","{""bme688"": [{""temp"": 21.89248, ""step"": 2, ""status"": 1, ""pres"": 967.5213, ""meas_profile"": ""HP-8"", ""meas_id"": 8, ""hum"": 35.10897, ""gas_res"": 10403.12}, {""temp"": 21.85957, ""step"": 2, ""status"": 1, ""pres"": 967.6514, ""meas_profile"": ""HP-7"", ""meas_id"": 7, ""hum"": 34.98856, ""gas_res"": 15625.0}, {""temp"": 21.92595, ""step"": 2, ""status"": 1, ""pres"": 967.7503, ""meas_profile"": ""HP-6"", ""meas_id"": 6, ""hum"": 34.90172, ""gas_res"": 63429.14}, {""temp"": 21.82888, ""step"": 2, ""status"": 1, ""pres"": 967.584, ""meas_profile"": ""HP-5"", ""meas_id"": 5, ""hum"": 35.11662, ""gas_res"": 259700.7}, {""temp"": 21.58642, ""step"": 2, ""status"": 1, ""pres"": 967.6574, ""meas_profile"": ""HP-4"", ""meas_id"": 4, ""hum"": 34.63567, ""gas_res"": 490304.0}, {""temp"": 21.74574, ""step"": 2, ""status"": 1, ""pres"": 967.2336, ""meas_profile"": ""HP-3"", ""meas_id"": 3, ""hum"": 35.1382, ""gas_res"": 233896.8}, {""temp"": 21.65463, ""step"": 2, ""status"": 1, ""pres"": 967.4124, ""meas_profile"": ""HP-2"", ""meas_id"": 2, ""hum"": 35.37921, ""gas_res"": 398443.6}, {""temp"": 21.41498, ""step"": 2, ""status"": 1, ""pres"": 967.4894, ""meas_profile"": ""HP-1"", ""meas_id"": 1, ""hum"": 33.86851, ""gas_res"": 311625.1}]}",NULL,"2025-10-27 09:34:54.009252"
11582,"04a600b9b0b8","2025-10-27 09:33:49","DTv8EvxTS0hs3cjVsqbO","{""bme688"": [{""temp"": 21.89186, ""step"": 1, ""status"": 1, ""pres"": 967.5203, ""meas_profile"": ""HP-8"", ""meas_id"": 8, ""hum"": 35.11465, ""gas_res"": 5684.846}, {""temp"": 21.85926, ""step"": 1, ""status"": 1, ""pres"": 967.6509, ""meas_profile"": ""HP-7"", ""meas_id"": 7, ""hum"": 35.01122, ""gas_res"": 6455.518}, {""temp"": 21.92564, ""step"": 1, ""status"": 1, ""pres"": 967.7498, ""meas_profile"": ""HP-6"", ""meas_id"": 6, ""hum"": 34.87292, ""gas_res"": 11367.67}, {""temp"": 21.82856, ""step"": 1, ""status"": 1, ""pres"": 967.5835, ""meas_profile"": ""HP-5"", ""meas_id"": 5, ""hum"": 35.12228, ""gas_res"": 25728.64}, {""temp"": 21.58611, ""step"": 1, ""status"": 1, ""pres"": 967.6584, ""meas_profile"": ""HP-4"", ""meas_id"": 4, ""hum"": 34.63564, ""gas_res"": 34206.31}, {""temp"": 21.74543, ""step"": 1, ""status"": 1, ""pres"": 967.2332, ""meas_profile"": ""HP-3"", ""meas_id"": 3, ""hum"": 35.13817, ""gas_res"": 25000.0}, {""temp"": 21.65432, ""step"": 1, ""status"": 1, ""pres"": 967.4136, ""meas_profile"": ""HP-2"", ""meas_id"": 2, ""hum"": 35.36779, ""gas_res"": 28998.64}, {""temp"": 21.41467, ""step"": 1, ""status"": 1, ""pres"": 967.4908, ""meas_profile"": ""HP-1"", ""meas_id"": 1, ""hum"": 33.87433, ""gas_res"": 25000.0}]}",NULL,"2025-10-27 09:34:55.281536"
11583,"04a600b9b0b8","2025-10-27 09:33:49","DTv8EvxTS0hs3cjVsqbO","{""bme688"": [{""temp"": 21.89125, ""step"": 0, ""status"": 1, ""pres"": 967.5193, ""meas_profile"": ""HP-8"", ""meas_id"": 8, ""hum"": 35.10884, ""gas_res"": 5684.846}, {""temp"": 21.85864, ""step"": 0, ""status"": 1, ""pres"": 967.6481, ""meas_profile"": ""HP-7"", ""meas_id"": 7, ""hum"": 35.02819, ""gas_res"": 5684.846}, {""temp"": 21.92502, ""step"": 0, ""status"": 1, ""pres"": 967.7487, ""meas_profile"": ""HP-6"", ""meas_id"": 6, ""hum"": 34.88437, ""gas_res"": 6397.441}, {""temp"": 21.82856, ""step"": 0, ""status"": 1, ""pres"": 967.5835, ""meas_profile"": ""HP-5"", ""meas_id"": 5, ""hum"": 35.09952, ""gas_res"": 20138.45}, {""temp"": 21.58611, ""step"": 0, ""status"": 1, ""pres"": 967.6584, ""meas_profile"": ""HP-4"", ""meas_id"": 4, ""hum"": 34.6414, ""gas_res"": 19857.28}, {""temp"": 21.74481, ""step"": 0, ""status"": 1, ""pres"": 967.2322, ""meas_profile"": ""HP-3"", ""meas_id"": 3, ""hum"": 35.14964, ""gas_res"": 7344.503}, {""temp"": 21.6537, ""step"": 0, ""status"": 1, ""pres"": 967.4125, ""meas_profile"": ""HP-2"", ""meas_id"": 2, ""hum"": 35.36772, ""gas_res"": 6351.727}, {""temp"": 21.41405, ""step"": 0, ""status"": 1, ""pres"": 967.4899, ""meas_profile"": ""HP-1"", ""meas_id"": 1, ""hum"": 33.88013, ""gas_res"": 7499.414}]}",NULL,"2025-10-27 09:34:56.57966"
11584,"04a600b9b0b8","2025-10-27 09:33:23","DTv8EvxTS0hs3cjVsqbO","{""zphs01b"": {""voc"": 0, ""temp"": 19.6, ""pm2_5"": 0, ""pm1_0"": 0, ""pm10"": 329, ""o3"": 0.15, ""no2"": 10.0, ""hum"": 0, ""fmhd"": 0, ""co2"": 5000, ""co"": 0.0}, ""smell_b"": {}, ""sfa30"": {""temp"": 21.89, ""hum"": 35.74, ""fmhd"": 10.2}, ""sen5x"": {""voc"": 154.0, ""temp"": 22.18, ""pm4_0"": 4483.2, ""pm2_5"": 4483.2, ""pm1_0"": 4275.0, ""pm10"": 4483.2, ""nox"": 1.0, ""mass_c"": 4431.15, ""hum"": 40.24}, ""scd41"": {""temp"": 21.35233, ""hum"": 38.49546, ""co2"": 658}, ""power_source"": 0, ""mics6814"": {""red_res"": 0, ""no2_res"": 0, ""no2"": 0.17, ""nh3_res"": 0, ""nh3"": 0.73, ""co_res"": 0, ""co"": 44.0}}",NULL,"2025-10-27 09:34:57.824202"
11585,"04a600b9b0b8","2025-10-27 09:33:23","DTv8EvxTS0hs3cjVsqbO","{""bme688"": [{""temp"": 21.89063, ""step"": 9, ""status"": 1, ""pres"": 967.5184, ""meas_profile"": ""HP-8"", ""meas_id"": 8, ""hum"": 35.13176, ""gas_res"": 5684.846}, {""temp"": 21.85802, ""step"": 9, ""status"": 1, ""pres"": 967.6471, ""meas_profile"": ""HP-7"", ""meas_id"": 7, ""hum"": 35.05653, ""gas_res"": 5684.846}, {""temp"": 21.92472, ""step"": 9, ""status"": 1, ""pres"": 967.7483, ""meas_profile"": ""HP-6"", ""meas_id"": 6, ""hum"": 34.93038, ""gas_res"": 7100.066}, {""temp"": 21.82825, ""step"": 9, ""status"": 1, ""pres"": 967.5847, ""meas_profile"": ""HP-5"", ""meas_id"": 5, ""hum"": 35.14502, ""gas_res"": 18873.49}, {""temp"": 21.5858, ""step"": 9, ""status"": 1, ""pres"": 967.658, ""meas_profile"": ""HP-4"", ""meas_id"": 4, ""hum"": 34.66441, ""gas_res"": 18497.11}, {""temp"": 21.74419, ""step"": 9, ""status"": 1, ""pres"": 967.2294, ""meas_profile"": ""HP-3"", ""meas_id"": 3, ""hum"": 35.13806, ""gas_res"": 7369.875}, {""temp"": 21.65339, ""step"": 9, ""status"": 1, ""pres"": 967.4119, ""meas_profile"": ""HP-2"", ""meas_id"": 2, ""hum"": 35.38479, ""gas_res"": 5967.922}, {""temp"": 21.41343, ""step"": 9, ""status"": 1, ""pres"": 967.4906, ""meas_profile"": ""HP-1"", ""meas_id"": 1, ""hum"": 33.90347, ""gas_res"": 6938.421}]}",NULL,"2025-10-27 09:34:59.1229"
11586,"04a600b9b0b8","2025-10-27 09:33:23","DTv8EvxTS0hs3cjVsqbO","{""bme688"": [{""temp"": 21.89001, ""step"": 8, ""status"": 1, ""pres"": 967.5174, ""meas_profile"": ""HP-8"", ""meas_id"": 8, ""hum"": 35.14893, ""gas_res"": 5684.846}, {""temp"": 21.8574, ""step"": 8, ""status"": 1, ""pres"": 967.6461, ""meas_profile"": ""HP-7"", ""meas_id"": 7, ""hum"": 35.0451, ""gas_res"": 5684.846}, {""temp"": 21.9241, ""step"": 8, ""status"": 1, ""pres"": 967.7473, ""meas_profile"": ""HP-6"", ""meas_id"": 6, ""hum"": 34.93032, ""gas_res"": 5918.254}, {""temp"": 21.82794, ""step"": 8, ""status"": 1, ""pres"": 967.5842, ""meas_profile"": ""HP-5"", ""meas_id"": 5, ""hum"": 35.13929, ""gas_res"": 18012.95}, {""temp"": 21.58549, ""step"": 8, ""status"": 1, ""pres"": 967.6591, ""meas_profile"": ""HP-4"", ""meas_id"": 4, ""hum"": 34.68166, ""gas_res"": 11691.63}, {""temp"": 21.74357, ""step"": 8, ""status"": 1, ""pres"": 967.2285, ""meas_profile"": ""HP-3"", ""meas_id"": 3, ""hum"": 35.14953, ""gas_res"": 6702.975}, {""temp"": 21.65245, ""step"": 8, ""status"": 1, ""pres"": 967.4123, ""meas_profile"": ""HP-2"", ""meas_id"": 2, ""hum"": 35.3904, ""gas_res"": 6143.214}, {""temp"": 21.4128, ""step"": 8, ""status"": 1, ""pres"": 967.4897, ""meas_profile"": ""HP-1"", ""meas_id"": 1, ""hum"": 33.89171, ""gas_res"": 6965.607}]}",NULL,"2025-10-27 09:35:00.411523"
11587,"04a600b9b0b8","2025-10-27 09:33:23","DTv8EvxTS0hs3cjVsqbO","{""bme688"": [{""temp"": 21.88909, ""step"": 7, ""status"": 1, ""pres"": 967.516, ""meas_profile"": ""HP-8"", ""meas_id"": 8, ""hum"": 35.16033, ""gas_res"": 5684.846}, {""temp"": 21.85678, ""step"": 7, ""status"": 1, ""pres"": 967.6451, ""meas_profile"": ""HP-7"", ""meas_id"": 7, ""hum"": 35.04505, ""gas_res"": 5684.846}, {""temp"": 21.92379, ""step"": 7, ""status"": 1, ""pres"": 967.7468, ""meas_profile"": ""HP-6"", ""meas_id"": 6, ""hum"": 34.93605, ""gas_res"": 7541.833}, {""temp"": 21.82763, ""step"": 7, ""status"": 1, ""pres"": 967.5837, ""meas_profile"": ""HP-5"", ""meas_id"": 5, ""hum"": 35.15064, ""gas_res"": 18058.69}, {""temp"": 21.58518, ""step"": 7, ""status"": 1, ""pres"": 967.6604, ""meas_profile"": ""HP-4"", ""meas_id"": 4, ""hum"": 34.68739, ""gas_res"": 10803.51}, {""temp"": 21.74295, ""step"": 7, ""status"": 1, ""pres"": 967.2274, ""meas_profile"": ""HP-3"", ""meas_id"": 3, ""hum"": 35.18406, ""gas_res"": 6200.349}, {""temp"": 21.65183, ""step"": 7, ""status"": 1, ""pres"": 967.4112, ""meas_profile"": ""HP-2"", ""meas_id"": 2, ""hum"": 35.41314, ""gas_res"": 8190.427}, {""temp"": 21.41218, ""step"": 7, ""status"": 1, ""pres"": 967.4905, ""meas_profile"": ""HP-1"", ""meas_id"": 1, ""hum"": 33.90336, ""gas_res"": 6459.427}]}",NULL,"2025-10-27 09:35:01.693074"
11588,"04a600b9b0b8","2025-10-27 09:33:23","DTv8EvxTS0hs3cjVsqbO","{""bme688"": [{""temp"": 21.88878, ""step"": 6, ""status"": 1, ""pres"": 967.5154, ""meas_profile"": ""HP-8"", ""meas_id"": 8, ""hum"": 35.14307, ""gas_res"": 6083.65}, {""temp"": 21.85678, ""step"": 6, ""status"": 1, ""pres"": 967.6434, ""meas_profile"": ""HP-7"", ""meas_id"": 7, ""hum"": 35.02802, ""gas_res"": 7090.627}, {""temp"": 21.92348, ""step"": 6, ""status"": 1, ""pres"": 967.7464, ""meas_profile"": ""HP-6"", ""meas_id"": 6, ""hum"": 34.93027, ""gas_res"": 25000.0}, {""temp"": 21.82731, ""step"": 6, ""status"": 1, ""pres"": 967.5833, ""meas_profile"": ""HP-5"", ""meas_id"": 5, ""hum"": 35.13923, ""gas_res"": 100000.0}, {""temp"": 21.58456, ""step"": 6, ""status"": 1, ""pres"": 967.6594, ""meas_profile"": ""HP-4"", ""meas_id"": 4, ""hum"": 34.6643, ""gas_res"": 103538.9}, {""temp"": 21.74264, ""step"": 6, ""status"": 1, ""pres"": 967.2269, ""meas_profile"": ""HP-3"", ""meas_id"": 3, ""hum"": 35.16096, ""gas_res"": 37982.2}, {""temp"": 21.65152, ""step"": 6, ""status"": 1, ""pres"": 967.4107, ""meas_profile"": ""HP-2"", ""meas_id"": 2, ""hum"": 35.41881, ""gas_res"": 100000.0}, {""temp"": 21.41187, ""step"": 6, ""status"": 1, ""pres"": 967.49, ""meas_profile"": ""HP-1"", ""meas_id"": 1, ""hum"": 33.91503, ""gas_res"": 46059.73}]}",NULL,"2025-10-27 09:35:03.14916"
11589,"04a600b9b0b8","2025-10-27 09:33:23","DTv8EvxTS0hs3cjVsqbO","{""bme688"": [{""temp"": 21.88847, ""step"": 5, ""status"": 1, ""pres"": 967.515, ""meas_profile"": ""HP-8"", ""meas_id"": 8, ""hum"": 35.14304, ""gas_res"": 5998.125}, {""temp"": 21.85647, ""step"": 5, ""status"": 1, ""pres"": 967.6428, ""meas_profile"": ""HP-7"", ""meas_id"": 7, ""hum"": 35.05637, ""gas_res"": 6974.717}, {""temp"": 21.92317, ""step"": 5, ""status"": 1, ""pres"": 967.7458, ""meas_profile"": ""HP-6"", ""meas_id"": 6, ""hum"": 34.93024, ""gas_res"": 25000.0}, {""temp"": 21.82731, ""step"": 5, ""status"": 1, ""pres"": 967.5833, ""meas_profile"": ""HP-5"", ""meas_id"": 5, ""hum"": 35.13923, ""gas_res"": 100000.0}, {""temp"": 21.58425, ""step"": 5, ""status"": 1, ""pres"": 967.6588, ""meas_profile"": ""HP-4"", ""meas_id"": 4, ""hum"": 34.67003, ""gas_res"": 102053.0}, {""temp"": 21.74234, ""step"": 5, ""status"": 1, ""pres"": 967.2265, ""meas_profile"": ""HP-3"", ""meas_id"": 3, ""hum"": 35.15517, ""gas_res"": 36581.88}, {""temp"": 21.65121, ""step"": 5, ""status"": 1, ""pres"": 967.4101, ""meas_profile"": ""HP-2"", ""meas_id"": 2, ""hum"": 35.40168, ""gas_res"": 100000.0}, {""temp"": 21.41125, ""step"": 5, ""status"": 1, ""pres"": 967.491, ""meas_profile"": ""HP-1"", ""meas_id"": 1, ""hum"": 33.91498, ""gas_res"": 43611.59}]}",NULL,"2025-10-27 09:35:04.88816"
11590,"04a600b9b0b8","2025-10-27 09:33:23","DTv8EvxTS0hs3cjVsqbO","{""bme688"": [{""temp"": 21.88816, ""step"": 4, ""status"": 1, ""pres"": 967.5145, ""meas_profile"": ""HP-8"", ""meas_id"": 8, ""hum"": 35.1545, ""gas_res"": 5934.718}, {""temp"": 21.85616, ""step"": 4, ""status"": 1, ""pres"": 967.6423, ""meas_profile"": ""HP-7"", ""meas_id"": 7, ""hum"": 35.05635, ""gas_res"": 6858.123}, {""temp"": 21.92317, ""step"": 4, ""status"": 1, ""pres"": 967.7458, ""meas_profile"": ""HP-6"", ""meas_id"": 6, ""hum"": 34.936, ""gas_res"": 25000.0}, {""temp"": 21.827, ""step"": 4, ""status"": 1, ""pres"": 967.5842, ""meas_profile"": ""HP-5"", ""meas_id"": 5, ""hum"": 35.1449, ""gas_res"": 100000.0}, {""temp"": 21.58363, ""step"": 4, ""status"": 1, ""pres"": 967.6577, ""meas_profile"": ""HP-4"", ""meas_id"": 4, ""hum"": 34.66421, ""gas_res"": 102236.4}, {""temp"": 21.74203, ""step"": 4, ""status"": 1, ""pres"": 967.2261, ""meas_profile"": ""HP-3"", ""meas_id"": 3, ""hum"": 35.16091, ""gas_res"": 34792.06}, {""temp"": 21.6509, ""step"": 4, ""status"": 1, ""pres"": 967.4096, ""meas_profile"": ""HP-2"", ""meas_id"": 2, ""hum"": 35.40165, ""gas_res"": 89698.67}, {""temp"": 21.41093, ""step"": 4, ""status"": 1, ""pres"": 967.4905, ""meas_profile"": ""HP-1"", ""meas_id"": 1, ""hum"": 33.90324, ""gas_res"": 41410.55}]}",NULL,"2025-10-27 09:35:06.154674"
11591,"04a600b9b0b8","2025-10-27 09:33:23","DTv8EvxTS0hs3cjVsqbO","{""bme688"": [{""temp"": 21.88723, ""step"": 3, ""status"": 1, ""pres"": 967.5132, ""meas_profile"": ""HP-8"", ""meas_id"": 8, ""hum"": 35.16589, ""gas_res"": 5684.846}, {""temp"": 21.85554, ""step"": 3, ""status"": 1, ""pres"": 967.6414, ""meas_profile"": ""HP-7"", ""meas_id"": 7, ""hum"": 35.06764, ""gas_res"": 6711.409}, {""temp"": 21.92255, ""step"": 3, ""status"": 1, ""pres"": 967.7449, ""meas_profile"": ""HP-6"", ""meas_id"": 6, ""hum"": 34.9417, ""gas_res"": 15988.01}, {""temp"": 21.82637, ""step"": 3, ""status"": 1, ""pres"": 967.5833, ""meas_profile"": ""HP-5"", ""meas_id"": 5, ""hum"": 35.17329, ""gas_res"": 40506.33}, {""temp"": 21.583, ""step"": 3, ""status"": 1, ""pres"": 967.6584, ""meas_profile"": ""HP-4"", ""meas_id"": 4, ""hum"": 34.68719, ""gas_res"": 71688.6}, {""temp"": 21.74141, ""step"": 3, ""status"": 1, ""pres"": 967.225, ""meas_profile"": ""HP-3"", ""meas_id"": 3, ""hum"": 35.18967, ""gas_res"": 38496.24}, {""temp"": 21.65028, ""step"": 3, ""status"": 1, ""pres"": 967.4103, ""meas_profile"": ""HP-2"", ""meas_id"": 2, ""hum"": 35.4301, ""gas_res"": 60764.3}, {""temp"": 21.41031, ""step"": 3, ""status"": 1, ""pres"": 967.4913, ""meas_profile"": ""HP-1"", ""meas_id"": 1, ""hum"": 33.92074, ""gas_res"": 47319.78}]}",NULL,"2025-10-27 09:35:07.453283"
11592,"04a600b9b0b8","2025-10-27 09:33:23","DTv8EvxTS0hs3cjVsqbO","{""bme688"": [{""temp"": 21.88692, ""step"": 2, ""status"": 1, ""pres"": 967.5128, ""meas_profile"": ""HP-8"", ""meas_id"": 8, ""hum"": 35.14289, ""gas_res"": 11367.67}, {""temp"": 21.85554, ""step"": 2, ""status"": 1, ""pres"": 967.6414, ""meas_profile"": ""HP-7"", ""meas_id"": 7, ""hum"": 35.06197, ""gas_res"": 17075.77}, {""temp"": 21.92194, ""step"": 2, ""status"": 1, ""pres"": 967.7439, ""meas_profile"": ""HP-6"", ""meas_id"": 6, ""hum"": 34.92437, ""gas_res"": 64826.54}, {""temp"": 21.82606, ""step"": 2, ""status"": 1, ""pres"": 967.5845, ""meas_profile"": ""HP-5"", ""meas_id"": 5, ""hum"": 35.14481, ""gas_res"": 245504.7}, {""temp"": 21.58238, ""step"": 2, ""status"": 1, ""pres"": 967.6573, ""meas_profile"": ""HP-4"", ""meas_id"": 4, ""hum"": 34.68137, ""gas_res"": 403626.3}, {""temp"": 21.74079, ""step"": 2, ""status"": 1, ""pres"": 967.2241, ""meas_profile"": ""HP-3"", ""meas_id"": 3, ""hum"": 35.19538, ""gas_res"": 182271.3}, {""temp"": 21.64966, ""step"": 2, ""status"": 1, ""pres"": 967.4093, ""meas_profile"": ""HP-2"", ""meas_id"": 2, ""hum"": 35.43004, ""gas_res"": 326218.5}, {""temp"": 21.40969, ""step"": 2, ""status"": 1, ""pres"": 967.4904, ""meas_profile"": ""HP-1"", ""meas_id"": 1, ""hum"": 33.92068, ""gas_res"": 244624.9}]}",NULL,"2025-10-27 09:35:08.8056"
11593,"04a600b9b0b8","2025-10-27 09:33:23","DTv8EvxTS0hs3cjVsqbO","{""bme688"": [{""temp"": 21.88631, ""step"": 1, ""status"": 1, ""pres"": 967.5115, ""meas_profile"": ""HP-8"", ""meas_id"": 8, ""hum"": 35.17729, ""gas_res"": 5684.846}, {""temp"": 21.85523, ""step"": 1, ""status"": 1, ""pres"": 967.6408, ""meas_profile"": ""HP-7"", ""meas_id"": 7, ""hum"": 35.06761, ""gas_res"": 6719.866}, {""temp"": 21.92194, ""step"": 1, ""status"": 1, ""pres"": 967.7439, ""meas_profile"": ""HP-6"", ""meas_id"": 6, ""hum"": 34.94164, ""gas_res"": 10981.47}, {""temp"": 21.82606, ""step"": 1, ""status"": 1, ""pres"": 967.5845, ""meas_profile"": ""HP-5"", ""meas_id"": 5, ""hum"": 35.15049, ""gas_res"": 25000.0}, {""temp"": 21.58207, ""step"": 1, ""status"": 1, ""pres"": 967.6588, ""meas_profile"": ""HP-4"", ""meas_id"": 4, ""hum"": 34.66407, ""gas_res"": 27520.96}, {""temp"": 21.74048, ""step"": 1, ""status"": 1, ""pres"": 967.2234, ""meas_profile"": ""HP-3"", ""meas_id"": 3, ""hum"": 35.18382, ""gas_res"": 25000.0}, {""temp"": 21.64935, ""step"": 1, ""status"": 1, ""pres"": 967.4088, ""meas_profile"": ""HP-2"", ""meas_id"": 2, ""hum"": 35.43571, ""gas_res"": 25000.0}, {""temp"": 21.40907, ""step"": 1, ""status"": 1, ""pres"": 967.4894, ""meas_profile"": ""HP-1"", ""meas_id"": 1, ""hum"": 33.91478, ""gas_res"": 25000.0}]}",NULL,"2025-10-27 09:35:10.009079"
11594,"04a600b9b0b8","2025-10-27 09:33:23","DTv8EvxTS0hs3cjVsqbO","{""bme688"": [{""temp"": 21.88569, ""step"": 0, ""status"": 1, ""pres"": 967.5105, ""meas_profile"": ""HP-8"", ""meas_id"": 8, ""hum"": 35.17149, ""gas_res"": 5684.846}, {""temp"": 21.8546, ""step"": 0, ""status"": 1, ""pres"": 967.6398, ""meas_profile"": ""HP-7"", ""meas_id"": 7, ""hum"": 35.06188, ""gas_res"": 5684.846}, {""temp"": 21.92132, ""step"": 0, ""status"": 1, ""pres"": 967.7429, ""meas_profile"": ""HP-6"", ""meas_id"": 6, ""hum"": 34.94158, ""gas_res"": 6240.25}, {""temp"": 21.82575, ""step"": 0, ""status"": 1, ""pres"": 967.584, ""meas_profile"": ""HP-5"", ""meas_id"": 5, ""hum"": 35.13908, ""gas_res"": 18244.01}, {""temp"": 21.58207, ""step"": 0, ""status"": 1, ""pres"": 967.6588, ""meas_profile"": ""HP-4"", ""meas_id"": 4, ""hum"": 34.68135, ""gas_res"": 10738.25}, {""temp"": 21.73986, ""step"": 0, ""status"": 1, ""pres"": 967.2225, ""meas_profile"": ""HP-3"", ""meas_id"": 3, ""hum"": 35.17799, ""gas_res"": 5879.111}, {""temp"": 21.64873, ""step"": 0, ""status"": 1, ""pres"": 967.4078, ""meas_profile"": ""HP-2"", ""meas_id"": 2, ""hum"": 35.41855, ""gas_res"": 7795.372}, {""temp"": 21.40845, ""step"": 0, ""status"": 1, ""pres"": 967.4904, ""meas_profile"": ""HP-1"", ""meas_id"": 1, ""hum"": 33.93227, ""gas_res"": 6232.957}]}",NULL,"2025-10-27 09:35:11.287829"
11595,"04a600b9b0b8","2025-10-27 09:35:20","DTv8EvxTS0hs3cjVsqbO","{""zphs01b"": {""voc"": 0, ""temp"": 19.8, ""pm2_5"": 0, ""pm1_0"": 0, ""pm10"": 329, ""o3"": 0.02, ""no2"": 4.06, ""hum"": 0, ""fmhd"": 0, ""co2"": 5000, ""co"": 0.0}, ""smell_b"": {}, ""sfa30"": {""temp"": 21.975, ""hum"": 35.66, ""fmhd"": 13.0}, ""sen5x"": {""voc"": 165.0, ""temp"": 22.02, ""pm4_0"": 4386.8, ""pm2_5"": 4386.8, ""pm1_0"": 4183.1, ""pm10"": 4386.8, ""nox"": 1.0, ""mass_c"": 4335.875, ""hum"": 40.74}, ""scd41"": {""temp"": 21.60868, ""hum"": 38.29862, ""co2"": 671}, ""power_source"": 0, ""mics6814"": {""red_res"": 0, ""no2_res"": 0, ""no2"": 0.17, ""nh3_res"": 0, ""nh3"": 0.73, ""co_res"": 0, ""co"": 44.0}}",NULL,"2025-10-27 09:36:14.937068"
11596,"04a600b9b0b8","2025-10-27 09:35:20","DTv8EvxTS0hs3cjVsqbO","{""bme688"": [{""temp"": 21.91256, ""step"": 9, ""status"": 1, ""pres"": 967.5422, ""meas_profile"": ""HP-8"", ""meas_id"": 8, ""hum"": 35.03624, ""gas_res"": 5684.846}, {""temp"": 21.8779, ""step"": 9, ""status"": 1, ""pres"": 967.675, ""meas_profile"": ""HP-7"", ""meas_id"": 7, ""hum"": 34.93354, ""gas_res"": 5684.846}, {""temp"": 21.94262, ""step"": 9, ""status"": 1, ""pres"": 967.7596, ""meas_profile"": ""HP-6"", ""meas_id"": 6, ""hum"": 34.81122, ""gas_res"": 5944.641}, {""temp"": 21.84107, ""step"": 9, ""status"": 1, ""pres"": 967.5837, ""meas_profile"": ""HP-5"", ""meas_id"": 5, ""hum"": 35.01537, ""gas_res"": 21031.88}, {""temp"": 21.60288, ""step"": 9, ""status"": 1, ""pres"": 967.6527, ""meas_profile"": ""HP-4"", ""meas_id"": 4, ""hum"": 34.53932, ""gas_res"": 20291.69}, {""temp"": 21.76244, ""step"": 9, ""status"": 1, ""pres"": 967.2509, ""meas_profile"": ""HP-3"", ""meas_id"": 3, ""hum"": 35.04183, ""gas_res"": 5888.848}, {""temp"": 21.67264, ""step"": 9, ""status"": 1, ""pres"": 967.4201, ""meas_profile"": ""HP-2"", ""meas_id"": 2, ""hum"": 35.28406, ""gas_res"": 6849.315}, {""temp"": 21.43428, ""step"": 9, ""status"": 1, ""pres"": 967.4918, ""meas_profile"": ""HP-1"", ""meas_id"": 1, ""hum"": 33.76501, ""gas_res"": 7761.339}]}",NULL,"2025-10-27 09:36:16.557027"
11597,"04a600b9b0b8","2025-10-27 09:35:20","DTv8EvxTS0hs3cjVsqbO","{""bme688"": [{""temp"": 21.91163, ""step"": 8, ""status"": 1, ""pres"": 967.5407, ""meas_profile"": ""HP-8"", ""meas_id"": 8, ""hum"": 35.02467, ""gas_res"": 5684.846}, {""temp"": 21.87696, ""step"": 8, ""status"": 1, ""pres"": 967.6752, ""meas_profile"": ""HP-7"", ""meas_id"": 7, ""hum"": 34.93345, ""gas_res"": 5684.846}, {""temp"": 21.942, ""step"": 8, ""status"": 1, ""pres"": 967.7587, ""meas_profile"": ""HP-6"", ""meas_id"": 6, ""hum"": 34.8054, ""gas_res"": 6284.368}, {""temp"": 21.84076, ""step"": 8, ""status"": 1, ""pres"": 967.5833, ""meas_profile"": ""HP-5"", ""meas_id"": 5, ""hum"": 35.00965, ""gas_res"": 20826.55}, {""temp"": 21.60257, ""step"": 8, ""status"": 1, ""pres"": 967.6539, ""meas_profile"": ""HP-4"", ""meas_id"": 4, ""hum"": 34.54504, ""gas_res"": 20466.9}, {""temp"": 21.76182, ""step"": 8, ""status"": 1, ""pres"": 967.2498, ""meas_profile"": ""HP-3"", ""meas_id"": 3, ""hum"": 35.04753, ""gas_res"": 7852.761}, {""temp"": 21.67202, ""step"": 8, ""status"": 1, ""pres"": 967.4207, ""meas_profile"": ""HP-2"", ""meas_id"": 2, ""hum"": 35.29539, ""gas_res"": 6902.502}, {""temp"": 21.43334, ""step"": 8, ""status"": 1, ""pres"": 967.4922, ""meas_profile"": ""HP-1"", ""meas_id"": 1, ""hum"": 33.77661, ""gas_res"": 7976.072}]}",NULL,"2025-10-27 09:36:17.839423"
11598,"04a600b9b0b8","2025-10-27 09:35:20","DTv8EvxTS0hs3cjVsqbO","{""bme688"": [{""temp"": 21.91071, ""step"": 7, ""status"": 1, ""pres"": 967.5411, ""meas_profile"": ""HP-8"", ""meas_id"": 8, ""hum"": 35.0418, ""gas_res"": 5684.846}, {""temp"": 21.87603, ""step"": 7, ""status"": 1, ""pres"": 967.6736, ""meas_profile"": ""HP-7"", ""meas_id"": 7, ""hum"": 34.92769, ""gas_res"": 5684.846}, {""temp"": 21.94108, ""step"": 7, ""status"": 1, ""pres"": 967.759, ""meas_profile"": ""HP-6"", ""meas_id"": 6, ""hum"": 34.81682, ""gas_res"": 6251.221}, {""temp"": 21.84013, ""step"": 7, ""status"": 1, ""pres"": 967.584, ""meas_profile"": ""HP-5"", ""meas_id"": 5, ""hum"": 35.03234, ""gas_res"": 21115.14}, {""temp"": 21.60195, ""step"": 7, ""status"": 1, ""pres"": 967.6546, ""meas_profile"": ""HP-4"", ""meas_id"": 4, ""hum"": 34.54499, ""gas_res"": 19352.89}, {""temp"": 21.76089, ""step"": 7, ""status"": 1, ""pres"": 967.25, ""meas_profile"": ""HP-3"", ""meas_id"": 3, ""hum"": 35.06472, ""gas_res"": 7319.305}, {""temp"": 21.6714, ""step"": 7, ""status"": 1, ""pres"": 967.4196, ""meas_profile"": ""HP-2"", ""meas_id"": 2, ""hum"": 35.30672, ""gas_res"": 6715.635}, {""temp"": 21.43241, ""step"": 7, ""status"": 1, ""pres"": 967.4927, ""meas_profile"": ""HP-1"", ""meas_id"": 1, ""hum"": 33.77653, ""gas_res"": 7644.529}]}",NULL,"2025-10-27 09:36:19.119832"
11599,"04a600b9b0b8","2025-10-27 09:35:20","DTv8EvxTS0hs3cjVsqbO","{""bme688"": [{""temp"": 21.91009, ""step"": 6, ""status"": 1, ""pres"": 967.5401, ""meas_profile"": ""HP-8"", ""meas_id"": 8, ""hum"": 35.04174, ""gas_res"": 6090.598}, {""temp"": 21.87541, ""step"": 6, ""status"": 1, ""pres"": 967.6726, ""meas_profile"": ""HP-7"", ""meas_id"": 7, ""hum"": 34.93897, ""gas_res"": 7176.497}, {""temp"": 21.94046, ""step"": 6, ""status"": 1, ""pres"": 967.7581, ""meas_profile"": ""HP-6"", ""meas_id"": 6, ""hum"": 34.83402, ""gas_res"": 25000.0}, {""temp"": 21.83982, ""step"": 6, ""status"": 1, ""pres"": 967.5835, ""meas_profile"": ""HP-5"", ""meas_id"": 5, ""hum"": 35.04369, ""gas_res"": 100000.0}, {""temp"": 21.60133, ""step"": 6, ""status"": 1, ""pres"": 967.6553, ""meas_profile"": ""HP-4"", ""meas_id"": 4, ""hum"": 34.5622, ""gas_res"": 119403.0}, {""temp"": 21.76027, ""step"": 6, ""status"": 1, ""pres"": 967.2489, ""meas_profile"": ""HP-3"", ""meas_id"": 3, ""hum"": 35.07619, ""gas_res"": 44802.24}, {""temp"": 21.67078, ""step"": 6, ""status"": 1, ""pres"": 967.4204, ""meas_profile"": ""HP-2"", ""meas_id"": 2, ""hum"": 35.29527, ""gas_res"": 96186.36}, {""temp"": 21.43179, ""step"": 6, ""status"": 1, ""pres"": 967.4916, ""meas_profile"": ""HP-1"", ""meas_id"": 1, ""hum"": 33.78816, ""gas_res"": 93430.66}]}",NULL,"2025-10-27 09:36:20.493967"
11600,"04a600b9b0b8","2025-10-27 09:35:20","DTv8EvxTS0hs3cjVsqbO","{""bme688"": [{""temp"": 21.90947, ""step"": 5, ""status"": 1, ""pres"": 967.5391, ""meas_profile"": ""HP-8"", ""meas_id"": 8, ""hum"": 35.06464, ""gas_res"": 5984.664}, {""temp"": 21.87479, ""step"": 5, ""status"": 1, ""pres"": 967.6716, ""meas_profile"": ""HP-7"", ""meas_id"": 7, ""hum"": 34.95026, ""gas_res"": 7067.138}, {""temp"": 21.94015, ""step"": 5, ""status"": 1, ""pres"": 967.7593, ""meas_profile"": ""HP-6"", ""meas_id"": 6, ""hum"": 34.8455, ""gas_res"": 25000.0}, {""temp"": 21.8392, ""step"": 5, ""status"": 1, ""pres"": 967.5842, ""meas_profile"": ""HP-5"", ""meas_id"": 5, ""hum"": 35.03226, ""gas_res"": 100000.0}, {""temp"": 21.6004, ""step"": 5, ""status"": 1, ""pres"": 967.6552, ""meas_profile"": ""HP-4"", ""meas_id"": 4, ""hum"": 34.55636, ""gas_res"": 121701.9}, {""temp"": 21.75996, ""step"": 5, ""status"": 1, ""pres"": 967.2484, ""meas_profile"": ""HP-3"", ""meas_id"": 3, ""hum"": 35.04735, ""gas_res"": 44568.25}, {""temp"": 21.66984, ""step"": 5, ""status"": 1, ""pres"": 967.4203, ""meas_profile"": ""HP-2"", ""meas_id"": 2, ""hum"": 35.28949, ""gas_res"": 94744.63}, {""temp"": 21.43116, ""step"": 5, ""status"": 1, ""pres"": 967.4926, ""meas_profile"": ""HP-1"", ""meas_id"": 1, ""hum"": 33.78811, ""gas_res"": 92119.47}]}",NULL,"2025-10-27 09:36:21.687849"
11601,"04a600b9b0b8","2025-10-27 09:35:20","DTv8EvxTS0hs3cjVsqbO","{""bme688"": [{""temp"": 21.90885, ""step"": 4, ""status"": 1, ""pres"": 967.5399, ""meas_profile"": ""HP-8"", ""meas_id"": 8, ""hum"": 35.06459, ""gas_res"": 5911.694}, {""temp"": 21.87417, ""step"": 4, ""status"": 1, ""pres"": 967.6705, ""meas_profile"": ""HP-7"", ""meas_id"": 7, ""hum"": 34.9729, ""gas_res"": 7039.155}, {""temp"": 21.93953, ""step"": 4, ""status"": 1, ""pres"": 967.7581, ""meas_profile"": ""HP-6"", ""meas_id"": 6, ""hum"": 34.8512, ""gas_res"": 25000.0}, {""temp"": 21.83888, ""step"": 4, ""status"": 1, ""pres"": 967.5836, ""meas_profile"": ""HP-5"", ""meas_id"": 5, ""hum"": 35.06636, ""gas_res"": 100000.0}, {""temp"": 21.59947, ""step"": 4, ""status"": 1, ""pres"": 967.6555, ""meas_profile"": ""HP-4"", ""meas_id"": 4, ""hum"": 34.57354, ""gas_res"": 126015.3}, {""temp"": 21.75934, ""step"": 4, ""status"": 1, ""pres"": 967.2491, ""meas_profile"": ""HP-3"", ""meas_id"": 3, ""hum"": 35.07034, ""gas_res"": 44382.8}, {""temp"": 21.66891, ""step"": 4, ""status"": 1, ""pres"": 967.4189, ""meas_profile"": ""HP-2"", ""meas_id"": 2, ""hum"": 35.31219, ""gas_res"": 94013.95}, {""temp"": 21.43054, ""step"": 4, ""status"": 1, ""pres"": 967.4933, ""meas_profile"": ""HP-1"", ""meas_id"": 1, ""hum"": 33.79974, ""gas_res"": 90844.57}]}",NULL,"2025-10-27 09:36:22.96509"
11602,"04a600b9b0b8","2025-10-27 09:35:20","DTv8EvxTS0hs3cjVsqbO","{""bme688"": [{""temp"": 21.90793, ""step"": 3, ""status"": 0, ""pres"": 967.5385, ""meas_profile"": ""HP-8"", ""meas_id"": 8, ""hum"": 35.08172, ""gas_res"": 5684.846}, {""temp"": 21.87324, ""step"": 3, ""status"": 1, ""pres"": 967.6707, ""meas_profile"": ""HP-7"", ""meas_id"": 7, ""hum"": 34.97281, ""gas_res"": 5684.846}, {""temp"": 21.93861, ""step"": 3, ""status"": 0, ""pres"": 967.7584, ""meas_profile"": ""HP-6"", ""meas_id"": 6, ""hum"": 34.84536, ""gas_res"": 10847.46}, {""temp"": 21.83794, ""step"": 3, ""status"": 0, ""pres"": 967.5838, ""meas_profile"": ""HP-5"", ""meas_id"": 5, ""hum"": 35.05489, ""gas_res"": 30556.22}, {""temp"": 21.59885, ""step"": 3, ""status"": 0, ""pres"": 967.6562, ""meas_profile"": ""HP-4"", ""meas_id"": 4, ""hum"": 34.59076, ""gas_res"": 39530.57}, {""temp"": 21.75842, ""step"": 3, ""status"": 0, ""pres"": 967.2477, ""meas_profile"": ""HP-3"", ""meas_id"": 3, ""hum"": 35.09906, ""gas_res"": 25107.88}, {""temp"": 21.66798, ""step"": 3, ""status"": 0, ""pres"": 967.4191, ""meas_profile"": ""HP-2"", ""meas_id"": 2, ""hum"": 35.33488, ""gas_res"": 38705.78}, {""temp"": 21.42961, ""step"": 3, ""status"": 0, ""pres"": 967.4938, ""meas_profile"": ""HP-1"", ""meas_id"": 1, ""hum"": 33.8055, ""gas_res"": 26711.19}]}",NULL,"2025-10-27 09:36:24.232642"
11603,"04a600b9b0b8","2025-10-27 09:35:20","DTv8EvxTS0hs3cjVsqbO","{""bme688"": [{""temp"": 21.90731, ""step"": 2, ""status"": 1, ""pres"": 967.5375, ""meas_profile"": ""HP-8"", ""meas_id"": 8, ""hum"": 35.08166, ""gas_res"": 9296.92}, {""temp"": 21.87262, ""step"": 2, ""status"": 1, ""pres"": 967.6697, ""meas_profile"": ""HP-7"", ""meas_id"": 7, ""hum"": 34.9841, ""gas_res"": 13672.29}, {""temp"": 21.93799, ""step"": 2, ""status"": 1, ""pres"": 967.7574, ""meas_profile"": ""HP-6"", ""meas_id"": 6, ""hum"": 34.8453, ""gas_res"": 51364.37}, {""temp"": 21.83732, ""step"": 2, ""status"": 1, ""pres"": 967.5845, ""meas_profile"": ""HP-5"", ""meas_id"": 5, ""hum"": 35.07759, ""gas_res"": 198526.6}, {""temp"": 21.59791, ""step"": 2, ""status"": 1, ""pres"": 967.6545, ""meas_profile"": ""HP-4"", ""meas_id"": 4, ""hum"": 34.60219, ""gas_res"": 372906.0}, {""temp"": 21.7578, ""step"": 2, ""status"": 1, ""pres"": 967.2466, ""meas_profile"": ""HP-3"", ""meas_id"": 3, ""hum"": 35.09324, ""gas_res"": 173913.0}, {""temp"": 21.66705, ""step"": 2, ""status"": 1, ""pres"": 967.4192, ""meas_profile"": ""HP-2"", ""meas_id"": 2, ""hum"": 35.3234, ""gas_res"": 314786.3}, {""temp"": 21.42867, ""step"": 2, ""status"": 1, ""pres"": 967.4924, ""meas_profile"": ""HP-1"", ""meas_id"": 1, ""hum"": 33.79958, ""gas_res"": 231674.2}]}",NULL,"2025-10-27 09:36:25.623934"
11604,"04a600b9b0b8","2025-10-27 09:35:20","DTv8EvxTS0hs3cjVsqbO","{""bme688"": [{""temp"": 21.90638, ""step"": 1, ""status"": 1, ""pres"": 967.536, ""meas_profile"": ""HP-8"", ""meas_id"": 8, ""hum"": 35.05287, ""gas_res"": 5684.846}, {""temp"": 21.87199, ""step"": 1, ""status"": 1, ""pres"": 967.6687, ""meas_profile"": ""HP-7"", ""meas_id"": 7, ""hum"": 34.97269, ""gas_res"": 6611.57}, {""temp"": 21.93737, ""step"": 1, ""status"": 1, ""pres"": 967.7583, ""meas_profile"": ""HP-6"", ""meas_id"": 6, ""hum"": 34.86251, ""gas_res"": 16120.91}, {""temp"": 21.83701, ""step"": 1, ""status"": 1, ""pres"": 967.5837, ""meas_profile"": ""HP-5"", ""meas_id"": 5, ""hum"": 35.07187, ""gas_res"": 26528.5}, {""temp"": 21.5976, ""step"": 1, ""status"": 1, ""pres"": 967.6557, ""meas_profile"": ""HP-4"", ""meas_id"": 4, ""hum"": 34.59064, ""gas_res"": 33988.32}, {""temp"": 21.75718, ""step"": 1, ""status"": 1, ""pres"": 967.2455, ""meas_profile"": ""HP-3"", ""meas_id"": 3, ""hum"": 35.08741, ""gas_res"": 25000.0}, {""temp"": 21.66674, ""step"": 1, ""status"": 1, ""pres"": 967.4187, ""meas_profile"": ""HP-2"", ""meas_id"": 2, ""hum"": 35.31199, ""gas_res"": 29398.25}, {""temp"": 21.42805, ""step"": 1, ""status"": 1, ""pres"": 967.4932, ""meas_profile"": ""HP-1"", ""meas_id"": 1, ""hum"": 33.82291, ""gas_res"": 25000.0}]}",NULL,"2025-10-27 09:36:26.796355"
11605,"04a600b9b0b8","2025-10-27 09:35:20","DTv8EvxTS0hs3cjVsqbO","{""bme688"": [{""temp"": 21.90545, ""step"": 0, ""status"": 1, ""pres"": 967.5363, ""meas_profile"": ""HP-8"", ""meas_id"": 8, ""hum"": 35.08723, ""gas_res"": 5684.846}, {""temp"": 21.87137, ""step"": 0, ""status"": 1, ""pres"": 967.6675, ""meas_profile"": ""HP-7"", ""meas_id"": 7, ""hum"": 34.96696, ""gas_res"": 5684.846}, {""temp"": 21.93645, ""step"": 0, ""status"": 1, ""pres"": 967.7566, ""meas_profile"": ""HP-6"", ""meas_id"": 6, ""hum"": 34.84516, ""gas_res"": 6615.671}, {""temp"": 21.83669, ""step"": 0, ""status"": 1, ""pres"": 967.585, ""meas_profile"": ""HP-5"", ""meas_id"": 5, ""hum"": 35.07184, ""gas_res"": 20949.26}, {""temp"": 21.59698, ""step"": 0, ""status"": 1, ""pres"": 967.6563, ""meas_profile"": ""HP-4"", ""meas_id"": 4, ""hum"": 34.6021, ""gas_res"": 20138.45}, {""temp"": 21.75656, ""step"": 0, ""status"": 1, ""pres"": 967.2446, ""meas_profile"": ""HP-3"", ""meas_id"": 3, ""hum"": 35.08736, ""gas_res"": 7483.629}, {""temp"": 21.66612, ""step"": 0, ""status"": 1, ""pres"": 967.4193, ""meas_profile"": ""HP-2"", ""meas_id"": 2, ""hum"": 35.31762, ""gas_res"": 6636.25}, {""temp"": 21.42712, ""step"": 0, ""status"": 1, ""pres"": 967.4937, ""meas_profile"": ""HP-1"", ""meas_id"": 1, ""hum"": 33.81697, ""gas_res"": 7727.602}]}",NULL,"2025-10-27 09:36:28.086105"
11606,"04a600b9b0b8","2025-10-27 09:34:53","DTv8EvxTS0hs3cjVsqbO","{""zphs01b"": {""voc"": 0, ""temp"": 19.7, ""pm2_5"": 0, ""pm1_0"": 0, ""pm10"": 327, ""o3"": 0.02, ""no2"": 0.44, ""hum"": 0, ""fmhd"": 0, ""co2"": 5000, ""co"": 0.0}, ""smell_b"": {}, ""sfa30"": {""temp"": 21.95, ""hum"": 35.7, ""fmhd"": 7.2}, ""sen5x"": {""voc"": 115.0, ""temp"": 22.05, ""pm4_0"": 4399.1, ""pm2_5"": 4399.1, ""pm1_0"": 4194.8, ""pm10"": 4399.1, ""nox"": 1.0, ""mass_c"": 4348.025, ""hum"": 40.65}, ""scd41"": {""temp"": 21.53658, ""hum"": 38.40238, ""co2"": 670}, ""power_source"": 0, ""mics6814"": {""red_res"": 0, ""no2_res"": 0, ""no2"": 0.17, ""nh3_res"": 0, ""nh3"": 0.73, ""co_res"": 0, ""co"": 44.0}}",NULL,"2025-10-27 09:36:29.270699"
11607,"04a600b9b0b8","2025-10-27 09:34:53","DTv8EvxTS0hs3cjVsqbO","{""bme688"": [{""temp"": 21.90484, ""step"": 9, ""status"": 1, ""pres"": 967.5353, ""meas_profile"": ""HP-8"", ""meas_id"": 8, ""hum"": 35.06994, ""gas_res"": 5684.846}, {""temp"": 21.87044, ""step"": 9, ""status"": 1, ""pres"": 967.6677, ""meas_profile"": ""HP-7"", ""meas_id"": 7, ""hum"": 34.95554, ""gas_res"": 5684.846}, {""temp"": 21.93583, ""step"": 9, ""status"": 1, ""pres"": 967.7575, ""meas_profile"": ""HP-6"", ""meas_id"": 6, ""hum"": 34.8566, ""gas_res"": 7374.971}, {""temp"": 21.83607, ""step"": 9, ""status"": 1, ""pres"": 967.584, ""meas_profile"": ""HP-5"", ""meas_id"": 5, ""hum"": 35.06609, ""gas_res"": 19968.8}, {""temp"": 21.59667, ""step"": 9, ""status"": 1, ""pres"": 967.6575, ""meas_profile"": ""HP-4"", ""meas_id"": 4, ""hum"": 34.60783, ""gas_res"": 19213.45}, {""temp"": 21.75563, ""step"": 9, ""status"": 1, ""pres"": 967.2449, ""meas_profile"": ""HP-3"", ""meas_id"": 3, ""hum"": 35.0988, ""gas_res"": 7705.273}, {""temp"": 21.66519, ""step"": 9, ""status"": 1, ""pres"": 967.4179, ""meas_profile"": ""HP-2"", ""meas_id"": 2, ""hum"": 35.32892, ""gas_res"": 6247.56}, {""temp"": 21.42619, ""step"": 9, ""status"": 1, ""pres"": 967.4921, ""meas_profile"": ""HP-1"", ""meas_id"": 1, ""hum"": 33.83443, ""gas_res"": 7269.423}]}",NULL,"2025-10-27 09:36:32.562448"
11608,"04a600b9b0b8","2025-10-27 09:34:53","DTv8EvxTS0hs3cjVsqbO","{""bme688"": [{""temp"": 21.90391, ""step"": 8, ""status"": 1, ""pres"": 967.5339, ""meas_profile"": ""HP-8"", ""meas_id"": 8, ""hum"": 35.06412, ""gas_res"": 5684.846}, {""temp"": 21.86982, ""step"": 8, ""status"": 1, ""pres"": 967.6667, ""meas_profile"": ""HP-7"", ""meas_id"": 7, ""hum"": 34.95547, ""gas_res"": 5684.846}, {""temp"": 21.9349, ""step"": 8, ""status"": 1, ""pres"": 967.7559, ""meas_profile"": ""HP-6"", ""meas_id"": 6, ""hum"": 34.84501, ""gas_res"": 6021.829}, {""temp"": 21.83544, ""step"": 8, ""status"": 1, ""pres"": 967.5848, ""meas_profile"": ""HP-5"", ""meas_id"": 5, ""hum"": 35.05465, ""gas_res"": 19127.32}, {""temp"": 21.59605, ""step"": 8, ""status"": 1, ""pres"": 967.6566, ""meas_profile"": ""HP-4"", ""meas_id"": 4, ""hum"": 34.60201, ""gas_res"": 18642.59}, {""temp"": 21.75501, ""step"": 8, ""status"": 1, ""pres"": 967.2437, ""meas_profile"": ""HP-3"", ""meas_id"": 3, ""hum"": 35.12179, ""gas_res"": 7067.138}, {""temp"": 21.66457, ""step"": 8, ""status"": 1, ""pres"": 967.4185, ""meas_profile"": ""HP-2"", ""meas_id"": 2, ""hum"": 35.34596, ""gas_res"": 6211.18}, {""temp"": 21.42556, ""step"": 8, ""status"": 1, ""pres"": 967.493, ""meas_profile"": ""HP-1"", ""meas_id"": 1, ""hum"": 33.82268, ""gas_res"": 7244.736}]}",NULL,"2025-10-27 09:36:33.28967"
11609,"04a600b9b0b8","2025-10-27 09:34:53","DTv8EvxTS0hs3cjVsqbO","{""bme688"": [{""temp"": 21.90268, ""step"": 7, ""status"": 1, ""pres"": 967.5337, ""meas_profile"": ""HP-8"", ""meas_id"": 8, ""hum"": 35.08122, ""gas_res"": 5684.846}, {""temp"": 21.86889, ""step"": 7, ""status"": 1, ""pres"": 967.6651, ""meas_profile"": ""HP-7"", ""meas_id"": 7, ""hum"": 34.98375, ""gas_res"": 5684.846}, {""temp"": 21.93428, ""step"": 7, ""status"": 1, ""pres"": 967.7567, ""meas_profile"": ""HP-6"", ""meas_id"": 6, ""hum"": 34.8507, ""gas_res"": 6203.955}, {""temp"": 21.83513, ""step"": 7, ""status"": 1, ""pres"": 967.5842, ""meas_profile"": ""HP-5"", ""meas_id"": 5, ""hum"": 35.07738, ""gas_res"": 19656.02}, {""temp"": 21.59574, ""step"": 7, ""status"": 1, ""pres"": 967.6578, ""meas_profile"": ""HP-4"", ""meas_id"": 4, ""hum"": 34.60198, ""gas_res"": 11502.52}, {""temp"": 21.75409, ""step"": 7, ""status"": 1, ""pres"": 967.2422, ""meas_profile"": ""HP-3"", ""meas_id"": 3, ""hum"": 35.11017, ""gas_res"": 6546.645}, {""temp"": 21.66363, ""step"": 7, ""status"": 1, ""pres"": 967.4188, ""meas_profile"": ""HP-2"", ""meas_id"": 2, ""hum"": 35.34017, ""gas_res"": 6004.879}, {""temp"": 21.42463, ""step"": 7, ""status"": 1, ""pres"": 967.4934, ""meas_profile"": ""HP-1"", ""meas_id"": 1, ""hum"": 33.83429, ""gas_res"": 6956.522}]}",NULL,"2025-10-27 09:36:33.990673"
11610,"04a600b9b0b8","2025-10-27 09:34:53","DTv8EvxTS0hs3cjVsqbO","{""bme688"": [{""temp"": 21.90206, ""step"": 6, ""status"": 1, ""pres"": 967.5327, ""meas_profile"": ""HP-8"", ""meas_id"": 8, ""hum"": 35.0582, ""gas_res"": 6269.592}, {""temp"": 21.86827, ""step"": 6, ""status"": 1, ""pres"": 967.6641, ""meas_profile"": ""HP-7"", ""meas_id"": 7, ""hum"": 34.97234, ""gas_res"": 7289.294}, {""temp"": 21.93367, ""step"": 6, ""status"": 1, ""pres"": 967.7556, ""meas_profile"": ""HP-6"", ""meas_id"": 6, ""hum"": 34.83914, ""gas_res"": 25000.0}, {""temp"": 21.83451, ""step"": 6, ""status"": 1, ""pres"": 967.5848, ""meas_profile"": ""HP-5"", ""meas_id"": 5, ""hum"": 35.07163, ""gas_res"": 100000.0}, {""temp"": 21.59481, ""step"": 6, ""status"": 1, ""pres"": 967.6577, ""meas_profile"": ""HP-4"", ""meas_id"": 4, ""hum"": 34.59614, ""gas_res"": 103101.1}, {""temp"": 21.75378, ""step"": 6, ""status"": 1, ""pres"": 967.2433, ""meas_profile"": ""HP-3"", ""meas_id"": 3, ""hum"": 35.09286, ""gas_res"": 38461.54}, {""temp"": 21.66332, ""step"": 6, ""status"": 1, ""pres"": 967.4182, ""meas_profile"": ""HP-2"", ""meas_id"": 2, ""hum"": 35.35724, ""gas_res"": 100000.0}, {""temp"": 21.42401, ""step"": 6, ""status"": 1, ""pres"": 967.4925, ""meas_profile"": ""HP-1"", ""meas_id"": 1, ""hum"": 33.82838, ""gas_res"": 46410.44}]}",NULL,"2025-10-27 09:36:34.667563"
11611,"04a600b9b0b8","2025-10-27 09:34:53","DTv8EvxTS0hs3cjVsqbO","{""bme688"": [{""temp"": 21.90144, ""step"": 5, ""status"": 1, ""pres"": 967.5336, ""meas_profile"": ""HP-8"", ""meas_id"": 8, ""hum"": 35.07536, ""gas_res"": 6175.222}, {""temp"": 21.86765, ""step"": 5, ""status"": 1, ""pres"": 967.6649, ""meas_profile"": ""HP-7"", ""meas_id"": 7, ""hum"": 34.96094, ""gas_res"": 7244.736}, {""temp"": 21.93336, ""step"": 5, ""status"": 1, ""pres"": 967.7552, ""meas_profile"": ""HP-6"", ""meas_id"": 6, ""hum"": 34.88515, ""gas_res"": 25000.0}, {""temp"": 21.83419, ""step"": 5, ""status"": 1, ""pres"": 967.5844, ""meas_profile"": ""HP-5"", ""meas_id"": 5, ""hum"": 35.0716, ""gas_res"": 100000.0}, {""temp"": 21.59388, ""step"": 5, ""status"": 1, ""pres"": 967.6579, ""meas_profile"": ""HP-4"", ""meas_id"": 4, ""hum"": 34.61908, ""gas_res"": 102482.0}, {""temp"": 21.75316, ""step"": 5, ""status"": 1, ""pres"": 967.2422, ""meas_profile"": ""HP-3"", ""meas_id"": 3, ""hum"": 35.11008, ""gas_res"": 37448.8}, {""temp"": 21.6627, ""step"": 5, ""status"": 1, ""pres"": 967.4172, ""meas_profile"": ""HP-2"", ""meas_id"": 2, ""hum"": 35.34009, ""gas_res"": 100000.0}, {""temp"": 21.42338, ""step"": 5, ""status"": 1, ""pres"": 967.4932, ""meas_profile"": ""HP-1"", ""meas_id"": 1, ""hum"": 33.83418, ""gas_res"": 44429.02}]}",NULL,"2025-10-27 09:36:35.625094"
11612,"04a600b9b0b8","2025-10-27 09:34:53","DTv8EvxTS0hs3cjVsqbO","{""bme688"": [{""temp"": 21.90082, ""step"": 4, ""status"": 1, ""pres"": 967.5326, ""meas_profile"": ""HP-8"", ""meas_id"": 8, ""hum"": 35.08678, ""gas_res"": 6171.649}, {""temp"": 21.86703, ""step"": 4, ""status"": 1, ""pres"": 967.6638, ""meas_profile"": ""HP-7"", ""meas_id"": 7, ""hum"": 34.97791, ""gas_res"": 7294.278}, {""temp"": 21.93274, ""step"": 4, ""status"": 1, ""pres"": 967.7559, ""meas_profile"": ""HP-6"", ""meas_id"": 6, ""hum"": 34.87358, ""gas_res"": 25000.0}, {""temp"": 21.83388, ""step"": 4, ""status"": 1, ""pres"": 967.5854, ""meas_profile"": ""HP-5"", ""meas_id"": 5, ""hum"": 35.08864, ""gas_res"": 100000.0}, {""temp"": 21.59326, ""step"": 4, ""status"": 1, ""pres"": 967.657, ""meas_profile"": ""HP-4"", ""meas_id"": 4, ""hum"": 34.61327, ""gas_res"": 104875.1}, {""temp"": 21.75254, ""step"": 4, ""status"": 1, ""pres"": 967.2413, ""meas_profile"": ""HP-3"", ""meas_id"": 3, ""hum"": 35.1158, ""gas_res"": 36613.27}, {""temp"": 21.66208, ""step"": 4, ""status"": 1, ""pres"": 967.4178, ""meas_profile"": ""HP-2"", ""meas_id"": 2, ""hum"": 35.35712, ""gas_res"": 100000.0}, {""temp"": 21.42307, ""step"": 4, ""status"": 1, ""pres"": 967.4927, ""meas_profile"": ""HP-1"", ""meas_id"": 1, ""hum"": 33.82831, ""gas_res"": 43567.05}]}",NULL,"2025-10-27 09:36:36.339755"
11613,"04a600b9b0b8","2025-10-27 09:34:53","DTv8EvxTS0hs3cjVsqbO","{""bme688"": [{""temp"": 21.89959, ""step"": 3, ""status"": 0, ""pres"": 967.5323, ""meas_profile"": ""HP-8"", ""meas_id"": 8, ""hum"": 35.08093, ""gas_res"": 5684.846}, {""temp"": 21.86609, ""step"": 3, ""status"": 0, ""pres"": 967.6623, ""meas_profile"": ""HP-7"", ""meas_id"": 7, ""hum"": 35.00052, ""gas_res"": 5684.846}, {""temp"": 21.93182, ""step"": 3, ""status"": 0, ""pres"": 967.7545, ""meas_profile"": ""HP-6"", ""meas_id"": 6, ""hum"": 34.87925, ""gas_res"": 11072.66}, {""temp"": 21.83294, ""step"": 3, ""status"": 0, ""pres"": 967.584, ""meas_profile"": ""HP-5"", ""meas_id"": 5, ""hum"": 35.08286, ""gas_res"": 29077.69}, {""temp"": 21.59233, ""step"": 3, ""status"": 0, ""pres"": 967.657, ""meas_profile"": ""HP-4"", ""meas_id"": 4, ""hum"": 34.6247, ""gas_res"": 35457.06}, {""temp"": 21.75161, ""step"": 3, ""status"": 0, ""pres"": 967.2416, ""meas_profile"": ""HP-3"", ""meas_id"": 3, ""hum"": 35.1157, ""gas_res"": 21917.81}, {""temp"": 21.66115, ""step"": 3, ""status"": 0, ""pres"": 967.4163, ""meas_profile"": ""HP-2"", ""meas_id"": 2, ""hum"": 35.35703, ""gas_res"": 33613.45}, {""temp"": 21.42183, ""step"": 3, ""status"": 0, ""pres"": 967.4927, ""meas_profile"": ""HP-1"", ""meas_id"": 1, ""hum"": 33.85743, ""gas_res"": 22638.84}]}",NULL,"2025-10-27 09:36:37.077881"
11614,"04a600b9b0b8","2025-10-27 09:34:53","DTv8EvxTS0hs3cjVsqbO","{""bme688"": [{""temp"": 21.89897, ""step"": 2, ""status"": 1, ""pres"": 967.5314, ""meas_profile"": ""HP-8"", ""meas_id"": 8, ""hum"": 35.10957, ""gas_res"": 10749.08}, {""temp"": 21.86547, ""step"": 2, ""status"": 1, ""pres"": 967.6613, ""meas_profile"": ""HP-7"", ""meas_id"": 7, ""hum"": 35.00614, ""gas_res"": 15880.89}, {""temp"": 21.9312, ""step"": 2, ""status"": 1, ""pres"": 967.7534, ""meas_profile"": ""HP-6"", ""meas_id"": 6, ""hum"": 34.88494, ""gas_res"": 57528.09}, {""temp"": 21.83232, ""step"": 2, ""status"": 1, ""pres"": 967.5846, ""meas_profile"": ""HP-5"", ""meas_id"": 5, ""hum"": 35.11126, ""gas_res"": 209750.1}, {""temp"": 21.5917, ""step"": 2, ""status"": 1, ""pres"": 967.6577, ""meas_profile"": ""HP-4"", ""meas_id"": 4, ""hum"": 34.64192, ""gas_res"": 341219.6}, {""temp"": 21.751, ""step"": 2, ""status"": 1, ""pres"": 967.2406, ""meas_profile"": ""HP-3"", ""meas_id"": 3, ""hum"": 35.12141, ""gas_res"": 152881.5}, {""temp"": 21.66022, ""step"": 2, ""status"": 1, ""pres"": 967.4148, ""meas_profile"": ""HP-2"", ""meas_id"": 2, ""hum"": 35.37403, ""gas_res"": 268907.6}, {""temp"": 21.42121, ""step"": 2, ""status"": 1, ""pres"": 967.4934, ""meas_profile"": ""HP-1"", ""meas_id"": 1, ""hum"": 33.83983, ""gas_res"": 198065.8}]}",NULL,"2025-10-27 09:36:37.762862"
11615,"04a600b9b0b8","2025-10-27 09:34:53","DTv8EvxTS0hs3cjVsqbO","{""bme688"": [{""temp"": 21.89835, ""step"": 1, ""status"": 1, ""pres"": 967.5305, ""meas_profile"": ""HP-8"", ""meas_id"": 8, ""hum"": 35.10952, ""gas_res"": 5684.846}, {""temp"": 21.86516, ""step"": 1, ""status"": 1, ""pres"": 967.6606, ""meas_profile"": ""HP-7"", ""meas_id"": 7, ""hum"": 35.01178, ""gas_res"": 6042.296}, {""temp"": 21.93027, ""step"": 1, ""status"": 1, ""pres"": 967.7537, ""meas_profile"": ""HP-6"", ""meas_id"": 6, ""hum"": 34.88485, ""gas_res"": 16268.43}, {""temp"": 21.83169, ""step"": 1, ""status"": 1, ""pres"": 967.5835, ""meas_profile"": ""HP-5"", ""meas_id"": 5, ""hum"": 35.09981, ""gas_res"": 25152.29}, {""temp"": 21.59108, ""step"": 1, ""status"": 1, ""pres"": 967.6584, ""meas_profile"": ""HP-4"", ""meas_id"": 4, ""hum"": 34.63611, ""gas_res"": 29297.32}, {""temp"": 21.75038, ""step"": 1, ""status"": 1, ""pres"": 967.2396, ""meas_profile"": ""HP-3"", ""meas_id"": 3, ""hum"": 35.13288, ""gas_res"": 25000.0}, {""temp"": 21.65991, ""step"": 1, ""status"": 1, ""pres"": 967.416, ""meas_profile"": ""HP-2"", ""meas_id"": 2, ""hum"": 35.35691, ""gas_res"": 23765.32}, {""temp"": 21.42058, ""step"": 1, ""status"": 1, ""pres"": 967.4926, ""meas_profile"": ""HP-1"", ""meas_id"": 1, ""hum"": 33.85732, ""gas_res"": 25000.0}]}",NULL,"2025-10-27 09:36:38.472891"
11616,"04a600b9b0b8","2025-10-27 09:34:53","DTv8EvxTS0hs3cjVsqbO","{""bme688"": [{""temp"": 21.89743, ""step"": 0, ""status"": 1, ""pres"": 967.529, ""meas_profile"": ""HP-8"", ""meas_id"": 8, ""hum"": 35.09795, ""gas_res"": 5684.846}, {""temp"": 21.86423, ""step"": 0, ""status"": 1, ""pres"": 967.6592, ""meas_profile"": ""HP-7"", ""meas_id"": 7, ""hum"": 35.00034, ""gas_res"": 5684.846}, {""temp"": 21.92965, ""step"": 0, ""status"": 1, ""pres"": 967.7527, ""meas_profile"": ""HP-6"", ""meas_id"": 6, ""hum"": 34.90207, ""gas_res"": 6880.241}, {""temp"": 21.83138, ""step"": 0, ""status"": 1, ""pres"": 967.5831, ""meas_profile"": ""HP-5"", ""meas_id"": 5, ""hum"": 35.09978, ""gas_res"": 20745.54}, {""temp"": 21.59077, ""step"": 0, ""status"": 1, ""pres"": 967.6578, ""meas_profile"": ""HP-4"", ""meas_id"": 4, ""hum"": 34.63032, ""gas_res"": 11691.63}, {""temp"": 21.74976, ""step"": 0, ""status"": 1, ""pres"": 967.2402, ""meas_profile"": ""HP-3"", ""meas_id"": 3, ""hum"": 35.13282, ""gas_res"": 6522.625}, {""temp"": 21.65898, ""step"": 0, ""status"": 1, ""pres"": 967.4144, ""meas_profile"": ""HP-2"", ""meas_id"": 2, ""hum"": 35.38532, ""gas_res"": 8279.431}, {""temp"": 21.41965, ""step"": 0, ""status"": 1, ""pres"": 967.4929, ""meas_profile"": ""HP-1"", ""meas_id"": 1, ""hum"": 33.85139, ""gas_res"": 6805.615}]}",NULL,"2025-10-27 09:36:39.16217"
11617,"04a600b9b0b8","2025-10-27 09:36:48","DTv8EvxTS0hs3cjVsqbO","{""zphs01b"": {""voc"": 0, ""temp"": 19.9, ""pm2_5"": 0, ""pm1_0"": 0, ""pm10"": 328, ""o3"": 0.18, ""no2"": 0.44, ""hum"": 0, ""fmhd"": 0, ""co2"": 5000, ""co"": 0.0}, ""smell_b"": {}, ""sfa30"": {""temp"": 22.025, ""hum"": 35.65, ""fmhd"": 6.8}, ""sen5x"": {""voc"": 125.0, ""temp"": 21.965, ""pm4_0"": 4373.3, ""pm2_5"": 4373.3, ""pm1_0"": 4170.2, ""pm10"": 4373.3, ""nox"": 1.0, ""mass_c"": 4322.525, ""hum"": 40.98}, ""scd41"": {""temp"": 21.72083, ""hum"": 38.20859, ""co2"": 676}, ""power_source"": 0, ""mics6814"": {""red_res"": 0, ""no2_res"": 0, ""no2"": 0.17, ""nh3_res"": 0, ""nh3"": 0.73, ""co_res"": 0, ""co"": 44.0}}",NULL,"2025-10-27 09:37:42.615715"
11618,"04a600b9b0b8","2025-10-27 09:36:48","DTv8EvxTS0hs3cjVsqbO","{""bme688"": [{""temp"": 21.93264, ""step"": 9, ""status"": 1, ""pres"": 967.556, ""meas_profile"": ""HP-8"", ""meas_id"": 8, ""hum"": 35.01517, ""gas_res"": 5684.846}, {""temp"": 21.89746, ""step"": 9, ""status"": 1, ""pres"": 967.6871, ""meas_profile"": ""HP-7"", ""meas_id"": 7, ""hum"": 34.92402, ""gas_res"": 5684.846}, {""temp"": 21.96083, ""step"": 9, ""status"": 1, ""pres"": 967.7682, ""meas_profile"": ""HP-6"", ""meas_id"": 6, ""hum"": 34.80142, ""gas_res"": 6122.059}, {""temp"": 21.85608, ""step"": 9, ""status"": 1, ""pres"": 967.5832, ""meas_profile"": ""HP-5"", ""meas_id"": 5, ""hum"": 34.98835, ""gas_res"": 21694.92}, {""temp"": 21.6209, ""step"": 9, ""status"": 1, ""pres"": 967.6541, ""meas_profile"": ""HP-4"", ""meas_id"": 4, ""hum"": 34.51222, ""gas_res"": 20745.54}, {""temp"": 21.78099, ""step"": 9, ""status"": 1, ""pres"": 967.259, ""meas_profile"": ""HP-3"", ""meas_id"": 3, ""hum"": 35.00325, ""gas_res"": 5977.956}, {""temp"": 21.69034, ""step"": 9, ""status"": 1, ""pres"": 967.4236, ""meas_profile"": ""HP-2"", ""meas_id"": 2, ""hum"": 35.22308, ""gas_res"": 6853.716}, {""temp"": 21.45419, ""step"": 9, ""status"": 1, ""pres"": 967.4899, ""meas_profile"": ""HP-1"", ""meas_id"": 1, ""hum"": 33.70836, ""gas_res"": 7976.072}]}",NULL,"2025-10-27 09:37:44.248094"
11619,"04a600b9b0b8","2025-10-27 09:36:48","DTv8EvxTS0hs3cjVsqbO","{""bme688"": [{""temp"": 21.9314, ""step"": 8, ""status"": 1, ""pres"": 967.5557, ""meas_profile"": ""HP-8"", ""meas_id"": 8, ""hum"": 35.02079, ""gas_res"": 5684.846}, {""temp"": 21.89653, ""step"": 8, ""status"": 1, ""pres"": 967.6857, ""meas_profile"": ""HP-7"", ""meas_id"": 7, ""hum"": 34.91259, ""gas_res"": 5684.846}, {""temp"": 21.95991, ""step"": 8, ""status"": 1, ""pres"": 967.7668, ""meas_profile"": ""HP-6"", ""meas_id"": 6, ""hum"": 34.78407, ""gas_res"": 6459.427}, {""temp"": 21.85546, ""step"": 8, ""status"": 1, ""pres"": 967.5821, ""meas_profile"": ""HP-5"", ""meas_id"": 5, ""hum"": 35.00535, ""gas_res"": 21094.27}, {""temp"": 21.61997, ""step"": 8, ""status"": 1, ""pres"": 967.6526, ""meas_profile"": ""HP-4"", ""meas_id"": 4, ""hum"": 34.50637, ""gas_res"": 20427.71}, {""temp"": 21.78006, ""step"": 8, ""status"": 1, ""pres"": 967.2593, ""meas_profile"": ""HP-3"", ""meas_id"": 3, ""hum"": 34.98589, ""gas_res"": 7976.072}, {""temp"": 21.68972, ""step"": 8, ""status"": 1, ""pres"": 967.4227, ""meas_profile"": ""HP-2"", ""meas_id"": 2, ""hum"": 35.23442, ""gas_res"": 7114.273}, {""temp"": 21.45295, ""step"": 8, ""status"": 1, ""pres"": 967.4897, ""meas_profile"": ""HP-1"", ""meas_id"": 1, ""hum"": 33.71994, ""gas_res"": 8012.018}]}",NULL,"2025-10-27 09:37:45.508289"
11620,"04a600b9b0b8","2025-10-27 09:36:48","DTv8EvxTS0hs3cjVsqbO","{""bme688"": [{""temp"": 21.93016, ""step"": 7, ""status"": 1, ""pres"": 967.5539, ""meas_profile"": ""HP-8"", ""meas_id"": 8, ""hum"": 35.03215, ""gas_res"": 5684.846}, {""temp"": 21.89528, ""step"": 7, ""status"": 1, ""pres"": 967.6854, ""meas_profile"": ""HP-7"", ""meas_id"": 7, ""hum"": 34.92382, ""gas_res"": 5684.846}, {""temp"": 21.95898, ""step"": 7, ""status"": 1, ""pres"": 967.767, ""meas_profile"": ""HP-6"", ""meas_id"": 6, ""hum"": 34.78399, ""gas_res"": 6475.111}, {""temp"": 21.85483, ""step"": 7, ""status"": 1, ""pres"": 967.5828, ""meas_profile"": ""HP-5"", ""meas_id"": 5, ""hum"": 34.99391, ""gas_res"": 21220.16}, {""temp"": 21.61935, ""step"": 7, ""status"": 1, ""pres"": 967.6531, ""meas_profile"": ""HP-4"", ""meas_id"": 4, ""hum"": 34.50056, ""gas_res"": 19494.37}, {""temp"": 21.77883, ""step"": 7, ""status"": 1, ""pres"": 967.2572, ""meas_profile"": ""HP-3"", ""meas_id"": 3, ""hum"": 35.00881, ""gas_res"": 7499.414}, {""temp"": 21.68879, ""step"": 7, ""status"": 1, ""pres"": 967.4227, ""meas_profile"": ""HP-2"", ""meas_id"": 2, ""hum"": 35.23434, ""gas_res"": 6775.354}, {""temp"": 21.4517, ""step"": 7, ""status"": 1, ""pres"": 967.4897, ""meas_profile"": ""HP-1"", ""meas_id"": 1, ""hum"": 33.70814, ""gas_res"": 7755.696}]}",NULL,"2025-10-27 09:37:46.988926"
11621,"04a600b9b0b8","2025-10-27 09:36:48","DTv8EvxTS0hs3cjVsqbO","{""bme688"": [{""temp"": 21.92924, ""step"": 6, ""status"": 1, ""pres"": 967.5541, ""meas_profile"": ""HP-8"", ""meas_id"": 8, ""hum"": 35.0206, ""gas_res"": 6146.754}, {""temp"": 21.89435, ""step"": 6, ""status"": 1, ""pres"": 967.6854, ""meas_profile"": ""HP-7"", ""meas_id"": 7, ""hum"": 34.90105, ""gas_res"": 7191.011}, {""temp"": 21.95806, ""step"": 6, ""status"": 1, ""pres"": 967.7671, ""meas_profile"": ""HP-6"", ""meas_id"": 6, ""hum"": 34.7839, ""gas_res"": 25000.0}, {""temp"": 21.85421, ""step"": 6, ""status"": 1, ""pres"": 967.5834, ""meas_profile"": ""HP-5"", ""meas_id"": 5, ""hum"": 34.98817, ""gas_res"": 100000.0}, {""temp"": 21.61811, ""step"": 6, ""status"": 1, ""pres"": 967.6527, ""meas_profile"": ""HP-4"", ""meas_id"": 4, ""hum"": 34.50045, ""gas_res"": 114132.9}, {""temp"": 21.77821, ""step"": 6, ""status"": 1, ""pres"": 967.2578, ""meas_profile"": ""HP-3"", ""meas_id"": 3, ""hum"": 34.99148, ""gas_res"": 43880.7}, {""temp"": 21.68785, ""step"": 6, ""status"": 1, ""pres"": 967.4229, ""meas_profile"": ""HP-2"", ""meas_id"": 2, ""hum"": 35.22285, ""gas_res"": 100000.0}, {""temp"": 21.45077, ""step"": 6, ""status"": 1, ""pres"": 967.4901, ""meas_profile"": ""HP-1"", ""meas_id"": 1, ""hum"": 33.72559, ""gas_res"": 89043.48}]}",NULL,"2025-10-27 09:37:48.727833"
11622,"04a600b9b0b8","2025-10-27 09:36:48","DTv8EvxTS0hs3cjVsqbO","{""bme688"": [{""temp"": 21.92862, ""step"": 5, ""status"": 1, ""pres"": 967.5531, ""meas_profile"": ""HP-8"", ""meas_id"": 8, ""hum"": 35.02627, ""gas_res"": 6015.038}, {""temp"": 21.89373, ""step"": 5, ""status"": 1, ""pres"": 967.686, ""meas_profile"": ""HP-7"", ""meas_id"": 7, ""hum"": 34.91233, ""gas_res"": 7095.344}, {""temp"": 21.95744, ""step"": 5, ""status"": 1, ""pres"": 967.7679, ""meas_profile"": ""HP-6"", ""meas_id"": 6, ""hum"": 34.80109, ""gas_res"": 25000.0}, {""temp"": 21.85327, ""step"": 5, ""status"": 1, ""pres"": 967.5835, ""meas_profile"": ""HP-5"", ""meas_id"": 5, ""hum"": 34.9824, ""gas_res"": 100000.0}, {""temp"": 21.61717, ""step"": 5, ""status"": 1, ""pres"": 967.6527, ""meas_profile"": ""HP-4"", ""meas_id"": 4, ""hum"": 34.50612, ""gas_res"": 115523.5}, {""temp"": 21.77728, ""step"": 5, ""status"": 1, ""pres"": 967.2581, ""meas_profile"": ""HP-3"", ""meas_id"": 3, ""hum"": 35.02018, ""gas_res"": 43434.0}, {""temp"": 21.68723, ""step"": 5, ""status"": 1, ""pres"": 967.4235, ""meas_profile"": ""HP-2"", ""meas_id"": 2, ""hum"": 35.24557, ""gas_res"": 100000.0}, {""temp"": 21.44984, ""step"": 5, ""status"": 1, ""pres"": 967.4904, ""meas_profile"": ""HP-1"", ""meas_id"": 1, ""hum"": 33.71965, ""gas_res"": 86956.52}]}",NULL,"2025-10-27 09:37:49.998266"
11623,"04a600b9b0b8","2025-10-27 09:36:48","DTv8EvxTS0hs3cjVsqbO","{""bme688"": [{""temp"": 21.92769, ""step"": 4, ""status"": 1, ""pres"": 967.5535, ""meas_profile"": ""HP-8"", ""meas_id"": 8, ""hum"": 35.02618, ""gas_res"": 5941.33}, {""temp"": 21.8928, ""step"": 4, ""status"": 1, ""pres"": 967.6845, ""meas_profile"": ""HP-7"", ""meas_id"": 7, ""hum"": 34.91224, ""gas_res"": 7062.458}, {""temp"": 21.95682, ""step"": 4, ""status"": 1, ""pres"": 967.7686, ""meas_profile"": ""HP-6"", ""meas_id"": 6, ""hum"": 34.81254, ""gas_res"": 25000.0}, {""temp"": 21.85264, ""step"": 4, ""status"": 1, ""pres"": 967.5842, ""meas_profile"": ""HP-5"", ""meas_id"": 5, ""hum"": 34.99371, ""gas_res"": 100000.0}, {""temp"": 21.61593, ""step"": 4, ""status"": 1, ""pres"": 967.6525, ""meas_profile"": ""HP-4"", ""meas_id"": 4, ""hum"": 34.51176, ""gas_res"": 118986.8}, {""temp"": 21.77666, ""step"": 4, ""status"": 1, ""pres"": 967.2587, ""meas_profile"": ""HP-3"", ""meas_id"": 3, ""hum"": 35.01437, ""gas_res"": 43126.68}, {""temp"": 21.6863, ""step"": 4, ""status"": 1, ""pres"": 967.4238, ""meas_profile"": ""HP-2"", ""meas_id"": 2, ""hum"": 35.23409, ""gas_res"": 100000.0}, {""temp"": 21.4489, ""step"": 4, ""status"": 1, ""pres"": 967.491, ""meas_profile"": ""HP-1"", ""meas_id"": 1, ""hum"": 33.71373, ""gas_res"": 85647.38}]}",NULL,"2025-10-27 09:37:51.284778"
11624,"04a600b9b0b8","2025-10-27 09:36:48","DTv8EvxTS0hs3cjVsqbO","{""bme688"": [{""temp"": 21.92646, ""step"": 3, ""status"": 0, ""pres"": 967.5533, ""meas_profile"": ""HP-8"", ""meas_id"": 8, ""hum"": 35.04903, ""gas_res"": 5684.846}, {""temp"": 21.89156, ""step"": 3, ""status"": 0, ""pres"": 967.6841, ""meas_profile"": ""HP-7"", ""meas_id"": 7, ""hum"": 34.93482, ""gas_res"": 5684.846}, {""temp"": 21.95559, ""step"": 3, ""status"": 0, ""pres"": 967.7668, ""meas_profile"": ""HP-6"", ""meas_id"": 6, ""hum"": 34.80668, ""gas_res"": 10505.58}, {""temp"": 21.8517, ""step"": 3, ""status"": 0, ""pres"": 967.5843, ""meas_profile"": ""HP-5"", ""meas_id"": 5, ""hum"": 35.005, ""gas_res"": 29197.08}, {""temp"": 21.615, ""step"": 3, ""status"": 0, ""pres"": 967.6526, ""meas_profile"": ""HP-4"", ""meas_id"": 4, ""hum"": 34.53469, ""gas_res"": 36519.26}, {""temp"": 21.77542, ""step"": 3, ""status"": 0, ""pres"": 967.2584, ""meas_profile"": ""HP-3"", ""meas_id"": 3, ""hum"": 35.02001, ""gas_res"": 23620.59}, {""temp"": 21.68506, ""step"": 3, ""status"": 0, ""pres"": 967.4235, ""meas_profile"": ""HP-2"", ""meas_id"": 2, ""hum"": 35.27384, ""gas_res"": 36147.98}, {""temp"": 21.44797, ""step"": 3, ""status"": 0, ""pres"": 967.4894, ""meas_profile"": ""HP-1"", ""meas_id"": 1, ""hum"": 33.74286, ""gas_res"": 24572.86}]}",NULL,"2025-10-27 09:37:52.657656"
11625,"04a600b9b0b8","2025-10-27 09:36:48","DTv8EvxTS0hs3cjVsqbO","{""bme688"": [{""temp"": 21.92553, ""step"": 2, ""status"": 1, ""pres"": 967.5518, ""meas_profile"": ""HP-8"", ""meas_id"": 8, ""hum"": 35.03746, ""gas_res"": 7976.072}, {""temp"": 21.89063, ""step"": 2, ""status"": 1, ""pres"": 967.6844, ""meas_profile"": ""HP-7"", ""meas_id"": 7, ""hum"": 34.93473, ""gas_res"": 11026.88}, {""temp"": 21.95466, ""step"": 2, ""status"": 1, ""pres"": 967.7668, ""meas_profile"": ""HP-6"", ""meas_id"": 6, ""hum"": 34.82384, ""gas_res"": 37155.3}, {""temp"": 21.85045, ""step"": 2, ""status"": 1, ""pres"": 967.584, ""meas_profile"": ""HP-5"", ""meas_id"": 5, ""hum"": 35.02762, ""gas_res"": 134772.3}, {""temp"": 21.61407, ""step"": 2, ""status"": 1, ""pres"": 967.6527, ""meas_profile"": ""HP-4"", ""meas_id"": 4, ""hum"": 34.51734, ""gas_res"": 249817.0}, {""temp"": 21.7745, ""step"": 2, ""status"": 1, ""pres"": 967.2586, ""meas_profile"": ""HP-3"", ""meas_id"": 3, ""hum"": 35.04296, ""gas_res"": 120754.7}, {""temp"": 21.68413, ""step"": 2, ""status"": 1, ""pres"": 967.4236, ""meas_profile"": ""HP-2"", ""meas_id"": 2, ""hum"": 35.27944, ""gas_res"": 215851.6}, {""temp"": 21.44673, ""step"": 2, ""status"": 1, ""pres"": 967.4893, ""meas_profile"": ""HP-1"", ""meas_id"": 1, ""hum"": 33.74276, ""gas_res"": 150987.9}]}",NULL,"2025-10-27 09:37:53.847426"
11626,"04a600b9b0b8","2025-10-27 09:36:48","DTv8EvxTS0hs3cjVsqbO","{""bme688"": [{""temp"": 21.9246, ""step"": 1, ""status"": 1, ""pres"": 967.5522, ""meas_profile"": ""HP-8"", ""meas_id"": 8, ""hum"": 35.06607, ""gas_res"": 5684.846}, {""temp"": 21.88969, ""step"": 1, ""status"": 1, ""pres"": 967.6844, ""meas_profile"": ""HP-7"", ""meas_id"": 7, ""hum"": 34.95166, ""gas_res"": 6719.866}, {""temp"": 21.95373, ""step"": 1, ""status"": 1, ""pres"": 967.7672, ""meas_profile"": ""HP-6"", ""meas_id"": 6, ""hum"": 34.82376, ""gas_res"": 16406.05}, {""temp"": 21.84983, ""step"": 1, ""status"": 1, ""pres"": 967.5847, ""meas_profile"": ""HP-5"", ""meas_id"": 5, ""hum"": 35.0105, ""gas_res"": 27153.16}, {""temp"": 21.61345, ""step"": 1, ""status"": 1, ""pres"": 967.6534, ""meas_profile"": ""HP-4"", ""meas_id"": 4, ""hum"": 34.55182, ""gas_res"": 34261.24}, {""temp"": 21.77388, ""step"": 1, ""status"": 1, ""pres"": 967.2576, ""meas_profile"": ""HP-3"", ""meas_id"": 3, ""hum"": 35.04866, ""gas_res"": 25000.0}, {""temp"": 21.6832, ""step"": 1, ""status"": 1, ""pres"": 967.4238, ""meas_profile"": ""HP-2"", ""meas_id"": 2, ""hum"": 35.27367, ""gas_res"": 29684.6}, {""temp"": 21.4461, ""step"": 1, ""status"": 1, ""pres"": 967.4902, ""meas_profile"": ""HP-1"", ""meas_id"": 1, ""hum"": 33.76023, ""gas_res"": 25000.0}]}",NULL,"2025-10-27 09:37:55.118631"
11627,"04a600b9b0b8","2025-10-27 09:36:48","DTv8EvxTS0hs3cjVsqbO","{""bme688"": [{""temp"": 21.92337, ""step"": 0, ""status"": 1, ""pres"": 967.5502, ""meas_profile"": ""HP-8"", ""meas_id"": 8, ""hum"": 35.06021, ""gas_res"": 5684.846}, {""temp"": 21.88845, ""step"": 0, ""status"": 1, ""pres"": 967.6841, ""meas_profile"": ""HP-7"", ""meas_id"": 7, ""hum"": 34.94588, ""gas_res"": 5684.846}, {""temp"": 21.95281, ""step"": 0, ""status"": 1, ""pres"": 967.7674, ""meas_profile"": ""HP-6"", ""meas_id"": 6, ""hum"": 34.82367, ""gas_res"": 6603.384}, {""temp"": 21.8492, ""step"": 0, ""status"": 1, ""pres"": 967.5836, ""meas_profile"": ""HP-5"", ""meas_id"": 5, ""hum"": 35.03889, ""gas_res"": 21476.51}, {""temp"": 21.61251, ""step"": 0, ""status"": 1, ""pres"": 967.6536, ""meas_profile"": ""HP-4"", ""meas_id"": 4, ""hum"": 34.5287, ""gas_res"": 20585.4}, {""temp"": 21.77264, ""step"": 0, ""status"": 1, ""pres"": 967.2573, ""meas_profile"": ""HP-3"", ""meas_id"": 3, ""hum"": 35.04855, ""gas_res"": 7835.456}, {""temp"": 21.68258, ""step"": 0, ""status"": 1, ""pres"": 967.4243, ""meas_profile"": ""HP-2"", ""meas_id"": 2, ""hum"": 35.2793, ""gas_res"": 6836.146}, {""temp"": 21.44486, ""step"": 0, ""status"": 1, ""pres"": 967.4901, ""meas_profile"": ""HP-1"", ""meas_id"": 1, ""hum"": 33.75427, ""gas_res"": 7841.215}]}",NULL,"2025-10-27 09:37:56.406746"
11628,"04a600b9b0b8","2025-10-27 09:36:21","DTv8EvxTS0hs3cjVsqbO","{""zphs01b"": {""voc"": 0, ""temp"": 19.8, ""pm2_5"": 0, ""pm1_0"": 0, ""pm10"": 328, ""o3"": 0.02, ""no2"": 10.0, ""hum"": 0, ""fmhd"": 0, ""co2"": 5000, ""co"": 0.0}, ""smell_b"": {}, ""sfa30"": {""temp"": 22.005, ""hum"": 35.67, ""fmhd"": 4.0}, ""sen5x"": {""voc"": 115.0, ""temp"": 21.98, ""pm4_0"": 4376.0, ""pm2_5"": 4376.0, ""pm1_0"": 4172.7, ""pm10"": 4376.0, ""nox"": 1.0, ""mass_c"": 4325.175, ""hum"": 40.9}, ""scd41"": {""temp"": 21.69146, ""hum"": 38.27726, ""co2"": 669}, ""power_source"": 0, ""mics6814"": {""red_res"": 0, ""no2_res"": 0, ""no2"": 0.17, ""nh3_res"": 0, ""nh3"": 0.73, ""co_res"": 0, ""co"": 44.0}}",NULL,"2025-10-27 09:37:57.656201"
11629,"04a600b9b0b8","2025-10-27 09:36:21","DTv8EvxTS0hs3cjVsqbO","{""bme688"": [{""temp"": 21.92244, ""step"": 9, ""status"": 1, ""pres"": 967.5506, ""meas_profile"": ""HP-8"", ""meas_id"": 8, ""hum"": 35.03143, ""gas_res"": 5684.846}, {""temp"": 21.88752, ""step"": 9, ""status"": 1, ""pres"": 967.6827, ""meas_profile"": ""HP-7"", ""meas_id"": 7, ""hum"": 34.93444, ""gas_res"": 5684.846}, {""temp"": 21.95188, ""step"": 9, ""status"": 1, ""pres"": 967.7661, ""meas_profile"": ""HP-6"", ""meas_id"": 6, ""hum"": 34.81208, ""gas_res"": 5882.353}, {""temp"": 21.84858, ""step"": 9, ""status"": 1, ""pres"": 967.5842, ""meas_profile"": ""HP-5"", ""meas_id"": 5, ""hum"": 35.01039, ""gas_res"": 20466.9}, {""temp"": 21.61189, ""step"": 9, ""status"": 1, ""pres"": 967.6543, ""meas_profile"": ""HP-4"", ""meas_id"": 4, ""hum"": 34.5344, ""gas_res"": 19692.31}, {""temp"": 21.77171, ""step"": 9, ""status"": 1, ""pres"": 967.2573, ""meas_profile"": ""HP-3"", ""meas_id"": 3, ""hum"": 35.00814, ""gas_res"": 8048.29}, {""temp"": 21.68164, ""step"": 9, ""status"": 1, ""pres"": 967.4229, ""meas_profile"": ""HP-2"", ""meas_id"": 2, ""hum"": 35.25643, ""gas_res"": 6443.818}, {""temp"": 21.44392, ""step"": 9, ""status"": 1, ""pres"": 967.4905, ""meas_profile"": ""HP-1"", ""meas_id"": 1, ""hum"": 33.73081, ""gas_res"": 7525.87}]}",NULL,"2025-10-27 09:37:58.953137"
11630,"04a600b9b0b8","2025-10-27 09:36:21","DTv8EvxTS0hs3cjVsqbO","{""bme688"": [{""temp"": 21.92121, ""step"": 8, ""status"": 1, ""pres"": 967.5504, ""meas_profile"": ""HP-8"", ""meas_id"": 8, ""hum"": 35.04853, ""gas_res"": 5684.846}, {""temp"": 21.88659, ""step"": 8, ""status"": 1, ""pres"": 967.6827, ""meas_profile"": ""HP-7"", ""meas_id"": 7, ""hum"": 34.92868, ""gas_res"": 5684.846}, {""temp"": 21.95065, ""step"": 8, ""status"": 1, ""pres"": 967.7657, ""meas_profile"": ""HP-6"", ""meas_id"": 6, ""hum"": 34.81197, ""gas_res"": 6218.422}, {""temp"": 21.84764, ""step"": 8, ""status"": 1, ""pres"": 967.5845, ""meas_profile"": ""HP-5"", ""meas_id"": 5, ""hum"": 35.02168, ""gas_res"": 19783.62}, {""temp"": 21.61096, ""step"": 8, ""status"": 1, ""pres"": 967.6543, ""meas_profile"": ""HP-4"", ""meas_id"": 4, ""hum"": 34.53431, ""gas_res"": 19008.02}, {""temp"": 21.77079, ""step"": 8, ""status"": 1, ""pres"": 967.2559, ""meas_profile"": ""HP-3"", ""meas_id"": 3, ""hum"": 35.04261, ""gas_res"": 7279.345}, {""temp"": 21.68102, ""step"": 8, ""status"": 1, ""pres"": 967.4235, ""meas_profile"": ""HP-2"", ""meas_id"": 2, ""hum"": 35.2336, ""gas_res"": 6518.639}, {""temp"": 21.44268, ""step"": 8, ""status"": 1, ""pres"": 967.4903, ""meas_profile"": ""HP-1"", ""meas_id"": 1, ""hum"": 33.73069, ""gas_res"": 7568.59}]}",NULL,"2025-10-27 09:38:00.241344"
11631,"04a600b9b0b8","2025-10-27 09:36:21","DTv8EvxTS0hs3cjVsqbO","{""bme688"": [{""temp"": 21.91997, ""step"": 7, ""status"": 1, ""pres"": 967.5485, ""meas_profile"": ""HP-8"", ""meas_id"": 8, ""hum"": 35.0312, ""gas_res"": 5684.846}, {""temp"": 21.88535, ""step"": 7, ""status"": 1, ""pres"": 967.6806, ""meas_profile"": ""HP-7"", ""meas_id"": 7, ""hum"": 34.92856, ""gas_res"": 5684.846}, {""temp"": 21.94972, ""step"": 7, ""status"": 1, ""pres"": 967.7643, ""meas_profile"": ""HP-6"", ""meas_id"": 6, ""hum"": 34.81188, ""gas_res"": 6288.072}, {""temp"": 21.84701, ""step"": 7, ""status"": 1, ""pres"": 967.5852, ""meas_profile"": ""HP-5"", ""meas_id"": 5, ""hum"": 35.01593, ""gas_res"": 19912.88}, {""temp"": 21.61034, ""step"": 7, ""status"": 1, ""pres"": 967.6534, ""meas_profile"": ""HP-4"", ""meas_id"": 4, ""hum"": 34.5285, ""gas_res"": 11552.35}, {""temp"": 21.76986, ""step"": 7, ""status"": 1, ""pres"": 967.2561, ""meas_profile"": ""HP-3"", ""meas_id"": 3, ""hum"": 35.04829, ""gas_res"": 6771.054}, {""temp"": 21.67978, ""step"": 7, ""status"": 1, ""pres"": 967.4232, ""meas_profile"": ""HP-2"", ""meas_id"": 2, ""hum"": 35.27903, ""gas_res"": 6164.516}, {""temp"": 21.44175, ""step"": 7, ""status"": 1, ""pres"": 967.4907, ""meas_profile"": ""HP-1"", ""meas_id"": 1, ""hum"": 33.75399, ""gas_res"": 7002.188}]}",NULL,"2025-10-27 09:38:01.541035"
11632,"04a600b9b0b8","2025-10-27 09:36:21","DTv8EvxTS0hs3cjVsqbO","{""bme688"": [{""temp"": 21.91935, ""step"": 6, ""status"": 1, ""pres"": 967.5492, ""meas_profile"": ""HP-8"", ""meas_id"": 8, ""hum"": 35.03688, ""gas_res"": 6236.601}, {""temp"": 21.88442, ""step"": 6, ""status"": 1, ""pres"": 967.6807, ""meas_profile"": ""HP-7"", ""meas_id"": 7, ""hum"": 34.93415, ""gas_res"": 7269.423}, {""temp"": 21.9491, ""step"": 6, ""status"": 1, ""pres"": 967.7633, ""meas_profile"": ""HP-6"", ""meas_id"": 6, ""hum"": 34.82333, ""gas_res"": 25000.0}, {""temp"": 21.84639, ""step"": 6, ""status"": 1, ""pres"": 967.584, ""meas_profile"": ""HP-5"", ""meas_id"": 5, ""hum"": 35.02724, ""gas_res"": 100000.0}, {""temp"": 21.60941, ""step"": 6, ""status"": 1, ""pres"": 967.6534, ""meas_profile"": ""HP-4"", ""meas_id"": 4, ""hum"": 34.53993, ""gas_res"": 100906.6}, {""temp"": 21.76893, ""step"": 6, ""status"": 1, ""pres"": 967.2545, ""meas_profile"": ""HP-3"", ""meas_id"": 3, ""hum"": 35.02516, ""gas_res"": 38426.9}, {""temp"": 21.67885, ""step"": 6, ""status"": 1, ""pres"": 967.4233, ""meas_profile"": ""HP-2"", ""meas_id"": 2, ""hum"": 35.25617, ""gas_res"": 100000.0}, {""temp"": 21.44081, ""step"": 6, ""status"": 1, ""pres"": 967.4913, ""meas_profile"": ""HP-1"", ""meas_id"": 1, ""hum"": 33.76559, ""gas_res"": 45567.82}]}",NULL,"2025-10-27 09:38:02.904177"
11633,"04a600b9b0b8","2025-10-27 09:36:21","DTv8EvxTS0hs3cjVsqbO","{""bme688"": [{""temp"": 21.91843, ""step"": 5, ""status"": 1, ""pres"": 967.5478, ""meas_profile"": ""HP-8"", ""meas_id"": 8, ""hum"": 35.04253, ""gas_res"": 6168.08}, {""temp"": 21.88348, ""step"": 5, ""status"": 1, ""pres"": 967.6809, ""meas_profile"": ""HP-7"", ""meas_id"": 7, ""hum"": 34.95108, ""gas_res"": 7225.107}, {""temp"": 21.94818, ""step"": 5, ""status"": 1, ""pres"": 967.7634, ""meas_profile"": ""HP-6"", ""meas_id"": 6, ""hum"": 34.82899, ""gas_res"": 25000.0}, {""temp"": 21.84576, ""step"": 5, ""status"": 1, ""pres"": 967.5847, ""meas_profile"": ""HP-5"", ""meas_id"": 5, ""hum"": 35.01012, ""gas_res"": 100000.0}, {""temp"": 21.60848, ""step"": 5, ""status"": 1, ""pres"": 967.6535, ""meas_profile"": ""HP-4"", ""meas_id"": 4, ""hum"": 34.53984, ""gas_res"": 101085.9}, {""temp"": 21.76831, ""step"": 5, ""status"": 1, ""pres"": 967.2552, ""meas_profile"": ""HP-3"", ""meas_id"": 3, ""hum"": 35.04238, ""gas_res"": 37350.45}, {""temp"": 21.67823, ""step"": 5, ""status"": 1, ""pres"": 967.424, ""meas_profile"": ""HP-2"", ""meas_id"": 2, ""hum"": 35.27319, ""gas_res"": 100000.0}, {""temp"": 21.43988, ""step"": 5, ""status"": 1, ""pres"": 967.4915, ""meas_profile"": ""HP-1"", ""meas_id"": 1, ""hum"": 33.75967, ""gas_res"": 43790.63}]}",NULL,"2025-10-27 09:38:04.090531"
11634,"04a600b9b0b8","2025-10-27 09:36:21","DTv8EvxTS0hs3cjVsqbO","{""bme688"": [{""temp"": 21.9175, ""step"": 4, ""status"": 1, ""pres"": 967.5463, ""meas_profile"": ""HP-8"", ""meas_id"": 8, ""hum"": 35.05391, ""gas_res"": 6118.547}, {""temp"": 21.88286, ""step"": 4, ""status"": 1, ""pres"": 967.68, ""meas_profile"": ""HP-7"", ""meas_id"": 7, ""hum"": 34.96237, ""gas_res"": 7239.819}, {""temp"": 21.94756, ""step"": 4, ""status"": 1, ""pres"": 967.7642, ""meas_profile"": ""HP-6"", ""meas_id"": 6, ""hum"": 34.83469, ""gas_res"": 25000.0}, {""temp"": 21.84514, ""step"": 4, ""status"": 1, ""pres"": 967.5854, ""meas_profile"": ""HP-5"", ""meas_id"": 5, ""hum"": 35.03281, ""gas_res"": 100000.0}, {""temp"": 21.60754, ""step"": 4, ""status"": 1, ""pres"": 967.6537, ""meas_profile"": ""HP-4"", ""meas_id"": 4, ""hum"": 34.54551, ""gas_res"": 102666.9}, {""temp"": 21.76738, ""step"": 4, ""status"": 1, ""pres"": 967.2554, ""meas_profile"": ""HP-3"", ""meas_id"": 3, ""hum"": 35.05381, ""gas_res"": 36394.66}, {""temp"": 21.6773, ""step"": 4, ""status"": 1, ""pres"": 967.4225, ""meas_profile"": ""HP-2"", ""meas_id"": 2, ""hum"": 35.2845, ""gas_res"": 100000.0}, {""temp"": 21.43926, ""step"": 4, ""status"": 1, ""pres"": 967.4924, ""meas_profile"": ""HP-1"", ""meas_id"": 1, ""hum"": 33.75961, ""gas_res"": 42609.86}]}",NULL,"2025-10-27 09:38:05.36233"
11635,"04a600b9b0b8","2025-10-27 09:36:21","DTv8EvxTS0hs3cjVsqbO","{""bme688"": [{""temp"": 21.91626, ""step"": 3, ""status"": 0, ""pres"": 967.5461, ""meas_profile"": ""HP-8"", ""meas_id"": 8, ""hum"": 35.06528, ""gas_res"": 5684.846}, {""temp"": 21.88162, ""step"": 3, ""status"": 0, ""pres"": 967.6795, ""meas_profile"": ""HP-7"", ""meas_id"": 7, ""hum"": 34.9509, ""gas_res"": 5684.846}, {""temp"": 21.94632, ""step"": 3, ""status"": 0, ""pres"": 967.7623, ""meas_profile"": ""HP-6"", ""meas_id"": 6, ""hum"": 34.86334, ""gas_res"": 10433.65}, {""temp"": 21.84389, ""step"": 3, ""status"": 0, ""pres"": 967.5833, ""meas_profile"": ""HP-5"", ""meas_id"": 5, ""hum"": 35.04976, ""gas_res"": 27735.64}, {""temp"": 21.6063, ""step"": 3, ""status"": 0, ""pres"": 967.6534, ""meas_profile"": ""HP-4"", ""meas_id"": 4, ""hum"": 34.56842, ""gas_res"": 32315.07}, {""temp"": 21.76615, ""step"": 3, ""status"": 0, ""pres"": 967.2534, ""meas_profile"": ""HP-3"", ""meas_id"": 3, ""hum"": 35.0537, ""gas_res"": 20100.5}, {""temp"": 21.67605, ""step"": 3, ""status"": 0, ""pres"": 967.4222, ""meas_profile"": ""HP-2"", ""meas_id"": 2, ""hum"": 35.28438, ""gas_res"": 30754.45}, {""temp"": 21.43801, ""step"": 3, ""status"": 0, ""pres"": 967.4924, ""meas_profile"": ""HP-1"", ""meas_id"": 1, ""hum"": 33.77703, ""gas_res"": 20949.26}]}",NULL,"2025-10-27 09:38:06.65384"
11636,"04a600b9b0b8","2025-10-27 09:36:21","DTv8EvxTS0hs3cjVsqbO","{""bme688"": [{""temp"": 21.91534, ""step"": 2, ""status"": 1, ""pres"": 967.5449, ""meas_profile"": ""HP-8"", ""meas_id"": 8, ""hum"": 35.05945, ""gas_res"": 9200.69}, {""temp"": 21.88069, ""step"": 2, ""status"": 1, ""pres"": 967.6797, ""meas_profile"": ""HP-7"", ""meas_id"": 7, ""hum"": 34.97351, ""gas_res"": 13289.04}, {""temp"": 21.9454, ""step"": 2, ""status"": 1, ""pres"": 967.7625, ""meas_profile"": ""HP-6"", ""meas_id"": 6, ""hum"": 34.84599, ""gas_res"": 42737.9}, {""temp"": 21.84295, ""step"": 2, ""status"": 1, ""pres"": 967.5836, ""meas_profile"": ""HP-5"", ""meas_id"": 5, ""hum"": 35.05536, ""gas_res"": 148621.2}, {""temp"": 21.60537, ""step"": 2, ""status"": 1, ""pres"": 967.6534, ""meas_profile"": ""HP-4"", ""meas_id"": 4, ""hum"": 34.55682, ""gas_res"": 246213.0}, {""temp"": 21.76522, ""step"": 2, ""status"": 1, ""pres"": 967.2537, ""meas_profile"": ""HP-3"", ""meas_id"": 3, ""hum"": 35.04785, ""gas_res"": 114209.2}, {""temp"": 21.67512, ""step"": 2, ""status"": 1, ""pres"": 967.4205, ""meas_profile"": ""HP-2"", ""meas_id"": 2, ""hum"": 35.27859, ""gas_res"": 199688.0}, {""temp"": 21.43708, ""step"": 2, ""status"": 1, ""pres"": 967.4926, ""meas_profile"": ""HP-1"", ""meas_id"": 1, ""hum"": 33.78279, ""gas_res"": 140659.3}]}",NULL,"2025-10-27 09:38:08.043468"
11637,"04a600b9b0b8","2025-10-27 09:36:21","DTv8EvxTS0hs3cjVsqbO","{""bme688"": [{""temp"": 21.91441, ""step"": 1, ""status"": 1, ""pres"": 967.5433, ""meas_profile"": ""HP-8"", ""meas_id"": 8, ""hum"": 35.06511, ""gas_res"": 5684.846}, {""temp"": 21.87976, ""step"": 1, ""status"": 1, ""pres"": 967.6782, ""meas_profile"": ""HP-7"", ""meas_id"": 7, ""hum"": 34.95641, ""gas_res"": 6073.259}, {""temp"": 21.94447, ""step"": 1, ""status"": 1, ""pres"": 967.761, ""meas_profile"": ""HP-6"", ""meas_id"": 6, ""hum"": 34.84016, ""gas_res"": 16507.61}, {""temp"": 21.84232, ""step"": 1, ""status"": 1, ""pres"": 967.5826, ""meas_profile"": ""HP-5"", ""meas_id"": 5, ""hum"": 35.04961, ""gas_res"": 25884.73}, {""temp"": 21.60475, ""step"": 1, ""status"": 1, ""pres"": 967.6541, ""meas_profile"": ""HP-4"", ""meas_id"": 4, ""hum"": 34.54524, ""gas_res"": 29097.52}, {""temp"": 21.7646, ""step"": 1, ""status"": 1, ""pres"": 967.2525, ""meas_profile"": ""HP-3"", ""meas_id"": 3, ""hum"": 35.05931, ""gas_res"": 25000.0}, {""temp"": 21.6745, ""step"": 1, ""status"": 1, ""pres"": 967.4213, ""meas_profile"": ""HP-2"", ""meas_id"": 2, ""hum"": 35.29562, ""gas_res"": 23952.1}, {""temp"": 21.43614, ""step"": 1, ""status"": 1, ""pres"": 967.4911, ""meas_profile"": ""HP-1"", ""meas_id"": 1, ""hum"": 33.77686, ""gas_res"": 25000.0}]}",NULL,"2025-10-27 09:38:09.201789"
11638,"04a600b9b0b8","2025-10-27 09:36:21","DTv8EvxTS0hs3cjVsqbO","{""bme688"": [{""temp"": 21.91318, ""step"": 0, ""status"": 1, ""pres"": 967.543, ""meas_profile"": ""HP-8"", ""meas_id"": 8, ""hum"": 35.05925, ""gas_res"": 5684.846}, {""temp"": 21.87883, ""step"": 0, ""status"": 1, ""pres"": 967.6766, ""meas_profile"": ""HP-7"", ""meas_id"": 7, ""hum"": 34.96199, ""gas_res"": 5684.846}, {""temp"": 21.94355, ""step"": 0, ""status"": 1, ""pres"": 967.7596, ""meas_profile"": ""HP-6"", ""meas_id"": 6, ""hum"": 34.84582, ""gas_res"": 6849.315}, {""temp"": 21.8417, ""step"": 0, ""status"": 1, ""pres"": 967.5831, ""meas_profile"": ""HP-5"", ""meas_id"": 5, ""hum"": 35.03818, ""gas_res"": 20949.26}, {""temp"": 21.60382, ""step"": 0, ""status"": 1, ""pres"": 967.6544, ""meas_profile"": ""HP-4"", ""meas_id"": 4, ""hum"": 34.55668, ""gas_res"": 18306.64}, {""temp"": 21.76336, ""step"": 0, ""status"": 1, ""pres"": 967.2505, ""meas_profile"": ""HP-3"", ""meas_id"": 3, ""hum"": 35.08224, ""gas_res"": 6615.671}, {""temp"": 21.67357, ""step"": 0, ""status"": 1, ""pres"": 967.4214, ""meas_profile"": ""HP-2"", ""meas_id"": 2, ""hum"": 35.28415, ""gas_res"": 5879.111}, {""temp"": 21.43521, ""step"": 0, ""status"": 1, ""pres"": 967.4916, ""meas_profile"": ""HP-1"", ""meas_id"": 1, ""hum"": 33.77678, ""gas_res"": 6875.806}]}",NULL,"2025-10-27 09:38:10.483268"
11639,"04a600b9b0b8","2025-10-27 09:38:20","DTv8EvxTS0hs3cjVsqbO","{""zphs01b"": {""voc"": 0, ""temp"": 20.0, ""pm2_5"": 0, ""pm1_0"": 0, ""pm10"": 338, ""o3"": 0.13, ""no2"": 10.0, ""hum"": 0, ""fmhd"": 0, ""co2"": 5000, ""co"": 0.0}, ""smell_b"": {}, ""sfa30"": {""temp"": 22.055, ""hum"": 35.63, ""fmhd"": 3.4}, ""sen5x"": {""voc"": 130.0, ""temp"": 21.92, ""pm4_0"": 4578.0, ""pm2_5"": 4578.0, ""pm1_0"": 4365.4, ""pm10"": 4578.0, ""nox"": 1.0, ""mass_c"": 4524.85, ""hum"": 41.15}, ""scd41"": {""temp"": 21.83299, ""hum"": 38.04837, ""co2"": 691}, ""power_source"": 0, ""mics6814"": {""red_res"": 0, ""no2_res"": 0, ""no2"": 0.17, ""nh3_res"": 0, ""nh3"": 0.73, ""co_res"": 0, ""co"": 44.0}}",NULL,"2025-10-27 09:39:14.153623"
11640,"04a600b9b0b8","2025-10-27 09:38:20","DTv8EvxTS0hs3cjVsqbO","{""bme688"": [{""temp"": 21.95642, ""step"": 9, ""status"": 1, ""pres"": 967.5598, ""meas_profile"": ""HP-8"", ""meas_id"": 8, ""hum"": 35.0002, ""gas_res"": 5684.846}, {""temp"": 21.9223, ""step"": 9, ""status"": 1, ""pres"": 967.6912, ""meas_profile"": ""HP-7"", ""meas_id"": 7, ""hum"": 34.88665, ""gas_res"": 5684.846}, {""temp"": 21.98429, ""step"": 9, ""status"": 1, ""pres"": 967.7713, ""meas_profile"": ""HP-6"", ""meas_id"": 6, ""hum"": 34.7576, ""gas_res"": 6150.298}, {""temp"": 21.87735, ""step"": 9, ""status"": 1, ""pres"": 967.5742, ""meas_profile"": ""HP-5"", ""meas_id"": 5, ""hum"": 34.97329, ""gas_res"": 21962.94}, {""temp"": 21.64451, ""step"": 9, ""status"": 1, ""pres"": 967.6478, ""meas_profile"": ""HP-4"", ""meas_id"": 4, ""hum"": 34.46837, ""gas_res"": 20765.74}, {""temp"": 21.80542, ""step"": 9, ""status"": 1, ""pres"": 967.2634, ""meas_profile"": ""HP-3"", ""meas_id"": 3, ""hum"": 34.95373, ""gas_res"": 5954.596}, {""temp"": 21.71425, ""step"": 9, ""status"": 1, ""pres"": 967.424, ""meas_profile"": ""HP-2"", ""meas_id"": 2, ""hum"": 35.18549, ""gas_res"": 6951.988}, {""temp"": 21.48065, ""step"": 9, ""status"": 1, ""pres"": 967.4852, ""meas_profile"": ""HP-1"", ""meas_id"": 1, ""hum"": 33.66402, ""gas_res"": 7988.018}]}",NULL,"2025-10-27 09:39:15.759109"
11641,"04a600b9b0b8","2025-10-27 09:38:20","DTv8EvxTS0hs3cjVsqbO","{""bme688"": [{""temp"": 21.95518, ""step"": 8, ""status"": 1, ""pres"": 967.5594, ""meas_profile"": ""HP-8"", ""meas_id"": 8, ""hum"": 35.02303, ""gas_res"": 5684.846}, {""temp"": 21.92075, ""step"": 8, ""status"": 1, ""pres"": 967.6903, ""meas_profile"": ""HP-7"", ""meas_id"": 7, ""hum"": 34.89218, ""gas_res"": 5684.846}, {""temp"": 21.98306, ""step"": 8, ""status"": 1, ""pres"": 967.7712, ""meas_profile"": ""HP-6"", ""meas_id"": 6, ""hum"": 34.76324, ""gas_res"": 6530.612}, {""temp"": 21.87641, ""step"": 8, ""status"": 1, ""pres"": 967.5744, ""meas_profile"": ""HP-5"", ""meas_id"": 5, ""hum"": 34.95045, ""gas_res"": 21199.07}, {""temp"": 21.64358, ""step"": 8, ""status"": 1, ""pres"": 967.6495, ""meas_profile"": ""HP-4"", ""meas_id"": 4, ""hum"": 34.47404, ""gas_res"": 20349.76}, {""temp"": 21.80418, ""step"": 8, ""status"": 1, ""pres"": 967.2647, ""meas_profile"": ""HP-3"", ""meas_id"": 3, ""hum"": 34.94786, ""gas_res"": 7946.362}, {""temp"": 21.71301, ""step"": 8, ""status"": 1, ""pres"": 967.4236, ""meas_profile"": ""HP-2"", ""meas_id"": 2, ""hum"": 35.18538, ""gas_res"": 6997.595}, {""temp"": 21.47909, ""step"": 8, ""status"": 1, ""pres"": 967.4847, ""meas_profile"": ""HP-1"", ""meas_id"": 1, ""hum"": 33.66388, ""gas_res"": 8012.018}]}",NULL,"2025-10-27 09:39:17.047699"
11642,"04a600b9b0b8","2025-10-27 09:38:20","DTv8EvxTS0hs3cjVsqbO","{""bme688"": [{""temp"": 21.95364, ""step"": 7, ""status"": 1, ""pres"": 967.5591, ""meas_profile"": ""HP-8"", ""meas_id"": 8, ""hum"": 35.00568, ""gas_res"": 5684.846}, {""temp"": 21.9195, ""step"": 7, ""status"": 1, ""pres"": 967.6899, ""meas_profile"": ""HP-7"", ""meas_id"": 7, ""hum"": 34.9034, ""gas_res"": 5684.846}, {""temp"": 21.98182, ""step"": 7, ""status"": 1, ""pres"": 967.7708, ""meas_profile"": ""HP-6"", ""meas_id"": 6, ""hum"": 34.76311, ""gas_res"": 6640.382}, {""temp"": 21.87547, ""step"": 7, ""status"": 1, ""pres"": 967.5762, ""meas_profile"": ""HP-5"", ""meas_id"": 5, ""hum"": 34.94469, ""gas_res"": 21607.02}, {""temp"": 21.64233, ""step"": 7, ""status"": 1, ""pres"": 967.6492, ""meas_profile"": ""HP-4"", ""meas_id"": 4, ""hum"": 34.46242, ""gas_res"": 19370.46}, {""temp"": 21.80294, ""step"": 7, ""status"": 1, ""pres"": 967.2644, ""meas_profile"": ""HP-3"", ""meas_id"": 3, ""hum"": 34.94199, ""gas_res"": 7536.505}, {""temp"": 21.71177, ""step"": 7, ""status"": 1, ""pres"": 967.4233, ""meas_profile"": ""HP-2"", ""meas_id"": 2, ""hum"": 35.19664, ""gas_res"": 6779.661}, {""temp"": 21.47785, ""step"": 7, ""status"": 1, ""pres"": 967.4864, ""meas_profile"": ""HP-1"", ""meas_id"": 1, ""hum"": 33.65792, ""gas_res"": 7744.434}]}",NULL,"2025-10-27 09:39:18.327365"
11643,"04a600b9b0b8","2025-10-27 09:38:20","DTv8EvxTS0hs3cjVsqbO","{""bme688"": [{""temp"": 21.95271, ""step"": 6, ""status"": 1, ""pres"": 967.561, ""meas_profile"": ""HP-8"", ""meas_id"": 8, ""hum"": 35.01706, ""gas_res"": 6193.149}, {""temp"": 21.91826, ""step"": 6, ""status"": 1, ""pres"": 967.6913, ""meas_profile"": ""HP-7"", ""meas_id"": 7, ""hum"": 34.89762, ""gas_res"": 7299.27}, {""temp"": 21.9809, ""step"": 6, ""status"": 1, ""pres"": 967.7711, ""meas_profile"": ""HP-6"", ""meas_id"": 6, ""hum"": 34.78028, ""gas_res"": 25000.0}, {""temp"": 21.87422, ""step"": 6, ""status"": 1, ""pres"": 967.5759, ""meas_profile"": ""HP-5"", ""meas_id"": 5, ""hum"": 34.95594, ""gas_res"": 100000.0}, {""temp"": 21.64109, ""step"": 6, ""status"": 1, ""pres"": 967.6488, ""meas_profile"": ""HP-4"", ""meas_id"": 4, ""hum"": 34.46806, ""gas_res"": 109308.3}, {""temp"": 21.80171, ""step"": 6, ""status"": 1, ""pres"": 967.264, ""meas_profile"": ""HP-3"", ""meas_id"": 3, ""hum"": 34.95338, ""gas_res"": 42105.26}, {""temp"": 21.71083, ""step"": 6, ""status"": 1, ""pres"": 967.4235, ""meas_profile"": ""HP-2"", ""meas_id"": 2, ""hum"": 35.17379, ""gas_res"": 100000.0}, {""temp"": 21.47629, ""step"": 6, ""status"": 1, ""pres"": 967.4858, ""meas_profile"": ""HP-1"", ""meas_id"": 1, ""hum"": 33.65194, ""gas_res"": 85134.69}]}",NULL,"2025-10-27 09:39:19.698262"
11644,"04a600b9b0b8","2025-10-27 09:38:20","DTv8EvxTS0hs3cjVsqbO","{""bme688"": [{""temp"": 21.95147, ""step"": 5, ""status"": 1, ""pres"": 967.5607, ""meas_profile"": ""HP-8"", ""meas_id"": 8, ""hum"": 35.01121, ""gas_res"": 6083.65}, {""temp"": 21.91733, ""step"": 5, ""status"": 1, ""pres"": 967.6912, ""meas_profile"": ""HP-7"", ""meas_id"": 7, ""hum"": 34.91454, ""gas_res"": 7142.857}, {""temp"": 21.97966, ""step"": 5, ""status"": 1, ""pres"": 967.7708, ""meas_profile"": ""HP-6"", ""meas_id"": 6, ""hum"": 34.78017, ""gas_res"": 25000.0}, {""temp"": 21.87328, ""step"": 5, ""status"": 1, ""pres"": 967.5776, ""meas_profile"": ""HP-5"", ""meas_id"": 5, ""hum"": 34.95585, ""gas_res"": 100000.0}, {""temp"": 21.63985, ""step"": 5, ""status"": 1, ""pres"": 967.6501, ""meas_profile"": ""HP-4"", ""meas_id"": 4, ""hum"": 34.46218, ""gas_res"": 111304.4}, {""temp"": 21.80078, ""step"": 5, ""status"": 1, ""pres"": 967.2642, ""meas_profile"": ""HP-3"", ""meas_id"": 3, ""hum"": 34.95905, ""gas_res"": 41693.81}, {""temp"": 21.70959, ""step"": 5, ""status"": 1, ""pres"": 967.423, ""meas_profile"": ""HP-2"", ""meas_id"": 2, ""hum"": 35.18505, ""gas_res"": 100000.0}, {""temp"": 21.47504, ""step"": 5, ""status"": 1, ""pres"": 967.4875, ""meas_profile"": ""HP-1"", ""meas_id"": 1, ""hum"": 33.66351, ""gas_res"": 83387.63}]}",NULL,"2025-10-27 09:39:20.879204"
11645,"04a600b9b0b8","2025-10-27 09:38:20","DTv8EvxTS0hs3cjVsqbO","{""bme688"": [{""temp"": 21.95055, ""step"": 4, ""status"": 1, ""pres"": 967.5612, ""meas_profile"": ""HP-8"", ""meas_id"": 8, ""hum"": 35.02259, ""gas_res"": 6015.038}, {""temp"": 21.91609, ""step"": 4, ""status"": 1, ""pres"": 967.6909, ""meas_profile"": ""HP-7"", ""meas_id"": 7, ""hum"": 34.90876, ""gas_res"": 7133.304}, {""temp"": 21.97874, ""step"": 4, ""status"": 1, ""pres"": 967.7711, ""meas_profile"": ""HP-6"", ""meas_id"": 6, ""hum"": 34.77433, ""gas_res"": 25000.0}, {""temp"": 21.87234, ""step"": 4, ""status"": 1, ""pres"": 967.5778, ""meas_profile"": ""HP-5"", ""meas_id"": 5, ""hum"": 34.97851, ""gas_res"": 100000.0}, {""temp"": 21.63829, ""step"": 4, ""status"": 1, ""pres"": 967.6493, ""meas_profile"": ""HP-4"", ""meas_id"": 4, ""hum"": 34.47931, ""gas_res"": 115211.5}, {""temp"": 21.79954, ""step"": 4, ""status"": 1, ""pres"": 967.264, ""meas_profile"": ""HP-3"", ""meas_id"": 3, ""hum"": 34.95893, ""gas_res"": 41857.42}, {""temp"": 21.70866, ""step"": 4, ""status"": 1, ""pres"": 967.4249, ""meas_profile"": ""HP-2"", ""meas_id"": 2, ""hum"": 35.19066, ""gas_res"": 100000.0}, {""temp"": 21.47349, ""step"": 4, ""status"": 1, ""pres"": 967.4869, ""meas_profile"": ""HP-1"", ""meas_id"": 1, ""hum"": 33.65753, ""gas_res"": 82740.79}]}",NULL,"2025-10-27 09:39:22.160008"
11646,"04a600b9b0b8","2025-10-27 09:38:20","DTv8EvxTS0hs3cjVsqbO","{""bme688"": [{""temp"": 21.94901, ""step"": 3, ""status"": 0, ""pres"": 967.5605, ""meas_profile"": ""HP-8"", ""meas_id"": 8, ""hum"": 35.02819, ""gas_res"": 5684.846}, {""temp"": 21.91454, ""step"": 3, ""status"": 0, ""pres"": 967.6902, ""meas_profile"": ""HP-7"", ""meas_id"": 7, ""hum"": 34.91996, ""gas_res"": 5684.846}, {""temp"": 21.9775, ""step"": 3, ""status"": 0, ""pres"": 967.7708, ""meas_profile"": ""HP-6"", ""meas_id"": 6, ""hum"": 34.77997, ""gas_res"": 10663.11}, {""temp"": 21.87078, ""step"": 3, ""status"": 0, ""pres"": 967.5785, ""meas_profile"": ""HP-5"", ""meas_id"": 5, ""hum"": 35.00679, ""gas_res"": 29438.82}, {""temp"": 21.63674, ""step"": 3, ""status"": 0, ""pres"": 967.6484, ""meas_profile"": ""HP-4"", ""meas_id"": 4, ""hum"": 34.48492, ""gas_res"": 36178.63}, {""temp"": 21.79831, ""step"": 3, ""status"": 0, ""pres"": 967.2636, ""meas_profile"": ""HP-3"", ""meas_id"": 3, ""hum"": 34.97609, ""gas_res"": 23129.74}, {""temp"": 21.70711, ""step"": 3, ""status"": 0, ""pres"": 967.4241, ""meas_profile"": ""HP-2"", ""meas_id"": 2, ""hum"": 35.19052, ""gas_res"": 34763.71}, {""temp"": 21.47193, ""step"": 3, ""status"": 0, ""pres"": 967.4866, ""meas_profile"": ""HP-1"", ""meas_id"": 1, ""hum"": 33.67491, ""gas_res"": 23686.16}]}",NULL,"2025-10-27 09:39:23.44424"
11647,"04a600b9b0b8","2025-10-27 09:38:20","DTv8EvxTS0hs3cjVsqbO","{""bme688"": [{""temp"": 21.94808, ""step"": 2, ""status"": 1, ""pres"": 967.5608, ""meas_profile"": ""HP-8"", ""meas_id"": 8, ""hum"": 35.03384, ""gas_res"": 6732.59}, {""temp"": 21.9136, ""step"": 2, ""status"": 1, ""pres"": 967.6904, ""meas_profile"": ""HP-7"", ""meas_id"": 7, ""hum"": 34.90852, ""gas_res"": 8998.875}, {""temp"": 21.97627, ""step"": 2, ""status"": 1, ""pres"": 967.7706, ""meas_profile"": ""HP-6"", ""meas_id"": 6, ""hum"": 34.76835, ""gas_res"": 27084.21}, {""temp"": 21.86953, ""step"": 2, ""status"": 1, ""pres"": 967.5783, ""meas_profile"": ""HP-5"", ""meas_id"": 5, ""hum"": 34.98961, ""gas_res"": 84210.52}, {""temp"": 21.6355, ""step"": 2, ""status"": 1, ""pres"": 967.6498, ""meas_profile"": ""HP-4"", ""meas_id"": 4, ""hum"": 34.47904, ""gas_res"": 153846.2}, {""temp"": 21.79707, ""step"": 2, ""status"": 1, ""pres"": 967.2632, ""meas_profile"": ""HP-3"", ""meas_id"": 3, ""hum"": 34.98173, ""gas_res"": 76577.92}, {""temp"": 21.70555, ""step"": 2, ""status"": 1, ""pres"": 967.4231, ""meas_profile"": ""HP-2"", ""meas_id"": 2, ""hum"": 35.21314, ""gas_res"": 131856.8}, {""temp"": 21.47069, ""step"": 2, ""status"": 1, ""pres"": 967.4881, ""meas_profile"": ""HP-1"", ""meas_id"": 1, ""hum"": 33.69817, ""gas_res"": 94534.71}]}",NULL,"2025-10-27 09:39:24.829142"
11648,"04a600b9b0b8","2025-10-27 09:38:20","DTv8EvxTS0hs3cjVsqbO","{""bme688"": [{""temp"": 21.94653, ""step"": 1, ""status"": 1, ""pres"": 967.5601, ""meas_profile"": ""HP-8"", ""meas_id"": 8, ""hum"": 35.03944, ""gas_res"": 5684.846}, {""temp"": 21.91236, ""step"": 1, ""status"": 1, ""pres"": 967.6898, ""meas_profile"": ""HP-7"", ""meas_id"": 7, ""hum"": 34.91975, ""gas_res"": 6929.407}, {""temp"": 21.97473, ""step"": 1, ""status"": 1, ""pres"": 967.7698, ""meas_profile"": ""HP-6"", ""meas_id"": 6, ""hum"": 34.77971, ""gas_res"": 16913.32}, {""temp"": 21.86859, ""step"": 1, ""status"": 1, ""pres"": 967.5784, ""meas_profile"": ""HP-5"", ""meas_id"": 5, ""hum"": 34.98384, ""gas_res"": 27935.4}, {""temp"": 21.63457, ""step"": 1, ""status"": 1, ""pres"": 967.6498, ""meas_profile"": ""HP-4"", ""meas_id"": 4, ""hum"": 34.48471, ""gas_res"": 34042.55}, {""temp"": 21.79583, ""step"": 1, ""status"": 1, ""pres"": 967.2629, ""meas_profile"": ""HP-3"", ""meas_id"": 3, ""hum"": 34.97586, ""gas_res"": 25000.0}, {""temp"": 21.70462, ""step"": 1, ""status"": 1, ""pres"": 967.4235, ""meas_profile"": ""HP-2"", ""meas_id"": 2, ""hum"": 35.21305, ""gas_res"": 29602.22}, {""temp"": 21.46944, ""step"": 1, ""status"": 1, ""pres"": 967.4881, ""meas_profile"": ""HP-1"", ""meas_id"": 1, ""hum"": 33.69806, ""gas_res"": 25000.0}]}",NULL,"2025-10-27 09:39:26.003078"
11649,"04a600b9b0b8","2025-10-27 09:38:20","DTv8EvxTS0hs3cjVsqbO","{""bme688"": [{""temp"": 21.9453, ""step"": 0, ""status"": 1, ""pres"": 967.5599, ""meas_profile"": ""HP-8"", ""meas_id"": 8, ""hum"": 35.02784, ""gas_res"": 5684.846}, {""temp"": 21.91112, ""step"": 0, ""status"": 1, ""pres"": 967.6912, ""meas_profile"": ""HP-7"", ""meas_id"": 7, ""hum"": 34.91397, ""gas_res"": 5684.846}, {""temp"": 21.97349, ""step"": 0, ""status"": 1, ""pres"": 967.7695, ""meas_profile"": ""HP-6"", ""meas_id"": 6, ""hum"": 34.79684, ""gas_res"": 6766.758}, {""temp"": 21.86765, ""step"": 0, ""status"": 1, ""pres"": 967.5803, ""meas_profile"": ""HP-5"", ""meas_id"": 5, ""hum"": 34.99512, ""gas_res"": 21672.88}, {""temp"": 21.63363, ""step"": 0, ""status"": 1, ""pres"": 967.6498, ""meas_profile"": ""HP-4"", ""meas_id"": 4, ""hum"": 34.48463, ""gas_res"": 20545.75}, {""temp"": 21.7946, ""step"": 0, ""status"": 1, ""pres"": 967.2626, ""meas_profile"": ""HP-3"", ""meas_id"": 3, ""hum"": 34.98151, ""gas_res"": 7733.205}, {""temp"": 21.70338, ""step"": 0, ""status"": 1, ""pres"": 967.4247, ""meas_profile"": ""HP-2"", ""meas_id"": 2, ""hum"": 35.21863, ""gas_res"": 6758.184}, {""temp"": 21.46789, ""step"": 0, ""status"": 1, ""pres"": 967.4875, ""meas_profile"": ""HP-1"", ""meas_id"": 1, ""hum"": 33.68623, ""gas_res"": 7870.143}]}",NULL,"2025-10-27 09:39:27.296215"
11650,"04a600b9b0b8","2025-10-27 09:37:53","DTv8EvxTS0hs3cjVsqbO","{""zphs01b"": {""voc"": 0, ""temp"": 20.0, ""pm2_5"": 0, ""pm1_0"": 0, ""pm10"": 330, ""o3"": 0.12, ""no2"": 0.44, ""hum"": 0, ""fmhd"": 0, ""co2"": 5000, ""co"": 0.0}, ""smell_b"": {}, ""sfa30"": {""temp"": 22.04, ""hum"": 35.64, ""fmhd"": 4.0}, ""sen5x"": {""voc"": 124.0, ""temp"": 21.935, ""pm4_0"": 4492.7, ""pm2_5"": 4492.7, ""pm1_0"": 4284.1, ""pm10"": 4492.7, ""nox"": 1.0, ""mass_c"": 4440.55, ""hum"": 41.09}, ""scd41"": {""temp"": 21.77158, ""hum"": 38.12925, ""co2"": 688}, ""power_source"": 0, ""mics6814"": {""red_res"": 0, ""no2_res"": 0, ""no2"": 0.17, ""nh3_res"": 0, ""nh3"": 0.73, ""co_res"": 0, ""co"": 44.0}}",NULL,"2025-10-27 09:39:28.455015"
11651,"04a600b9b0b8","2025-10-27 09:37:53","DTv8EvxTS0hs3cjVsqbO","{""bme688"": [{""temp"": 21.94406, ""step"": 9, ""status"": 1, ""pres"": 967.5597, ""meas_profile"": ""HP-8"", ""meas_id"": 8, ""hum"": 35.03346, ""gas_res"": 5684.846}, {""temp"": 21.90957, ""step"": 9, ""status"": 1, ""pres"": 967.6902, ""meas_profile"": ""HP-7"", ""meas_id"": 7, ""hum"": 34.91949, ""gas_res"": 5684.846}, {""temp"": 21.97256, ""step"": 9, ""status"": 1, ""pres"": 967.7698, ""meas_profile"": ""HP-6"", ""meas_id"": 6, ""hum"": 34.77375, ""gas_res"": 5931.418}, {""temp"": 21.86671, ""step"": 9, ""status"": 1, ""pres"": 967.5804, ""meas_profile"": ""HP-5"", ""meas_id"": 5, ""hum"": 34.98367, ""gas_res"": 20447.29}, {""temp"": 21.63239, ""step"": 9, ""status"": 1, ""pres"": 967.6495, ""meas_profile"": ""HP-4"", ""meas_id"": 4, ""hum"": 34.47876, ""gas_res"": 19024.97}, {""temp"": 21.79336, ""step"": 9, ""status"": 1, ""pres"": 967.2623, ""meas_profile"": ""HP-3"", ""meas_id"": 3, ""hum"": 34.98138, ""gas_res"": 7823.961}, {""temp"": 21.70245, ""step"": 9, ""status"": 1, ""pres"": 967.4249, ""meas_profile"": ""HP-2"", ""meas_id"": 2, ""hum"": 35.20145, ""gas_res"": 6416.684}, {""temp"": 21.46664, ""step"": 9, ""status"": 1, ""pres"": 967.4891, ""meas_profile"": ""HP-1"", ""meas_id"": 1, ""hum"": 33.69781, ""gas_res"": 7441.86}]}",NULL,"2025-10-27 09:39:29.979586"
11652,"04a600b9b0b8","2025-10-27 09:37:53","DTv8EvxTS0hs3cjVsqbO","{""bme688"": [{""temp"": 21.94283, ""step"": 8, ""status"": 1, ""pres"": 967.5578, ""meas_profile"": ""HP-8"", ""meas_id"": 8, ""hum"": 35.03909, ""gas_res"": 5684.846}, {""temp"": 21.90833, ""step"": 8, ""status"": 1, ""pres"": 967.69, ""meas_profile"": ""HP-7"", ""meas_id"": 7, ""hum"": 34.9137, ""gas_res"": 5684.846}, {""temp"": 21.97133, ""step"": 8, ""status"": 1, ""pres"": 967.7695, ""meas_profile"": ""HP-6"", ""meas_id"": 6, ""hum"": 34.77939, ""gas_res"": 6359.3}, {""temp"": 21.86578, ""step"": 8, ""status"": 1, ""pres"": 967.5803, ""meas_profile"": ""HP-5"", ""meas_id"": 5, ""hum"": 34.98926, ""gas_res"": 19746.99}, {""temp"": 21.63146, ""step"": 8, ""status"": 1, ""pres"": 967.6498, ""meas_profile"": ""HP-4"", ""meas_id"": 4, ""hum"": 34.47867, ""gas_res"": 18757.33}, {""temp"": 21.79181, ""step"": 8, ""status"": 1, ""pres"": 967.2615, ""meas_profile"": ""HP-3"", ""meas_id"": 3, ""hum"": 34.97548, ""gas_res"": 7230.004}, {""temp"": 21.70121, ""step"": 8, ""status"": 1, ""pres"": 967.4246, ""meas_profile"": ""HP-2"", ""meas_id"": 2, ""hum"": 35.21842, ""gas_res"": 6514.658}, {""temp"": 21.4654, ""step"": 8, ""status"": 1, ""pres"": 967.489, ""meas_profile"": ""HP-1"", ""meas_id"": 1, ""hum"": 33.686, ""gas_res"": 7499.414}]}",NULL,"2025-10-27 09:39:31.131856"
11653,"04a600b9b0b8","2025-10-27 09:37:53","DTv8EvxTS0hs3cjVsqbO","{""bme688"": [{""temp"": 21.94159, ""step"": 7, ""status"": 1, ""pres"": 967.5577, ""meas_profile"": ""HP-8"", ""meas_id"": 8, ""hum"": 35.02175, ""gas_res"": 5684.846}, {""temp"": 21.90708, ""step"": 7, ""status"": 1, ""pres"": 967.6896, ""meas_profile"": ""HP-7"", ""meas_id"": 7, ""hum"": 34.91925, ""gas_res"": 5684.846}, {""temp"": 21.97009, ""step"": 7, ""status"": 1, ""pres"": 967.7693, ""meas_profile"": ""HP-6"", ""meas_id"": 6, ""hum"": 34.79653, ""gas_res"": 6424.413}, {""temp"": 21.86484, ""step"": 7, ""status"": 1, ""pres"": 967.5824, ""meas_profile"": ""HP-5"", ""meas_id"": 5, ""hum"": 34.98917, ""gas_res"": 20119.46}, {""temp"": 21.63053, ""step"": 7, ""status"": 1, ""pres"": 967.6497, ""meas_profile"": ""HP-4"", ""meas_id"": 4, ""hum"": 34.48434, ""gas_res"": 11477.76}, {""temp"": 21.79058, ""step"": 7, ""status"": 1, ""pres"": 967.261, ""meas_profile"": ""HP-3"", ""meas_id"": 3, ""hum"": 34.96385, ""gas_res"": 6677.796}, {""temp"": 21.69996, ""step"": 7, ""status"": 1, ""pres"": 967.4242, ""meas_profile"": ""HP-2"", ""meas_id"": 2, ""hum"": 35.18984, ""gas_res"": 6139.678}, {""temp"": 21.46384, ""step"": 7, ""status"": 1, ""pres"": 967.4885, ""meas_profile"": ""HP-1"", ""meas_id"": 1, ""hum"": 33.68586, ""gas_res"": 7039.155}]}",NULL,"2025-10-27 09:39:32.40563"
11654,"04a600b9b0b8","2025-10-27 09:37:53","DTv8EvxTS0hs3cjVsqbO","{""bme688"": [{""temp"": 21.94036, ""step"": 6, ""status"": 1, ""pres"": 967.5575, ""meas_profile"": ""HP-8"", ""meas_id"": 8, ""hum"": 35.02738, ""gas_res"": 6310.393}, {""temp"": 21.90584, ""step"": 6, ""status"": 1, ""pres"": 967.6892, ""meas_profile"": ""HP-7"", ""meas_id"": 7, ""hum"": 34.92482, ""gas_res"": 7309.273}, {""temp"": 21.96917, ""step"": 6, ""status"": 1, ""pres"": 967.7695, ""meas_profile"": ""HP-6"", ""meas_id"": 6, ""hum"": 34.78494, ""gas_res"": 25000.0}, {""temp"": 21.8639, ""step"": 6, ""status"": 1, ""pres"": 967.5823, ""meas_profile"": ""HP-5"", ""meas_id"": 5, ""hum"": 34.9834, ""gas_res"": 100000.0}, {""temp"": 21.6296, ""step"": 6, ""status"": 1, ""pres"": 967.6516, ""meas_profile"": ""HP-4"", ""meas_id"": 4, ""hum"": 34.49001, ""gas_res"": 100000.0}, {""temp"": 21.78934, ""step"": 6, ""status"": 1, ""pres"": 967.2608, ""meas_profile"": ""HP-3"", ""meas_id"": 3, ""hum"": 34.96949, ""gas_res"": 36025.89}, {""temp"": 21.69872, ""step"": 6, ""status"": 1, ""pres"": 967.4238, ""meas_profile"": ""HP-2"", ""meas_id"": 2, ""hum"": 35.21249, ""gas_res"": 92820.88}, {""temp"": 21.4626, ""step"": 6, ""status"": 1, ""pres"": 967.4883, ""meas_profile"": ""HP-1"", ""meas_id"": 1, ""hum"": 33.69744, ""gas_res"": 43257.86}]}",NULL,"2025-10-27 09:39:33.698401"
11655,"04a600b9b0b8","2025-10-27 09:37:53","DTv8EvxTS0hs3cjVsqbO","{""bme688"": [{""temp"": 21.93943, ""step"": 5, ""status"": 1, ""pres"": 967.5559, ""meas_profile"": ""HP-8"", ""meas_id"": 8, ""hum"": 35.03876, ""gas_res"": 6254.887}, {""temp"": 21.90491, ""step"": 5, ""status"": 1, ""pres"": 967.6894, ""meas_profile"": ""HP-7"", ""meas_id"": 7, ""hum"": 34.91906, ""gas_res"": 7299.27}, {""temp"": 21.96793, ""step"": 5, ""status"": 1, ""pres"": 967.7692, ""meas_profile"": ""HP-6"", ""meas_id"": 6, ""hum"": 34.78482, ""gas_res"": 25000.0}, {""temp"": 21.86296, ""step"": 5, ""status"": 1, ""pres"": 967.5828, ""meas_profile"": ""HP-5"", ""meas_id"": 5, ""hum"": 34.99468, ""gas_res"": 100000.0}, {""temp"": 21.62804, ""step"": 5, ""status"": 1, ""pres"": 967.6507, ""meas_profile"": ""HP-4"", ""meas_id"": 4, ""hum"": 34.4841, ""gas_res"": 94377.88}, {""temp"": 21.78841, ""step"": 5, ""status"": 1, ""pres"": 967.2609, ""meas_profile"": ""HP-3"", ""meas_id"": 3, ""hum"": 34.98092, ""gas_res"": 35457.06}, {""temp"": 21.69779, ""step"": 5, ""status"": 1, ""pres"": 967.424, ""meas_profile"": ""HP-2"", ""meas_id"": 2, ""hum"": 35.21241, ""gas_res"": 90363.57}, {""temp"": 21.46166, ""step"": 5, ""status"": 1, ""pres"": 967.4886, ""meas_profile"": ""HP-1"", ""meas_id"": 1, ""hum"": 33.69736, ""gas_res"": 41370.39}]}",NULL,"2025-10-27 09:39:35.056704"
11656,"04a600b9b0b8","2025-10-27 09:37:53","DTv8EvxTS0hs3cjVsqbO","{""bme688"": [{""temp"": 21.93819, ""step"": 4, ""status"": 1, ""pres"": 967.5558, ""meas_profile"": ""HP-8"", ""meas_id"": 8, ""hum"": 35.04439, ""gas_res"": 6229.317}, {""temp"": 21.90367, ""step"": 4, ""status"": 1, ""pres"": 967.6891, ""meas_profile"": ""HP-7"", ""meas_id"": 7, ""hum"": 34.92461, ""gas_res"": 7324.331}, {""temp"": 21.96701, ""step"": 4, ""status"": 1, ""pres"": 967.7695, ""meas_profile"": ""HP-6"", ""meas_id"": 6, ""hum"": 34.80775, ""gas_res"": 25000.0}, {""temp"": 21.86171, ""step"": 4, ""status"": 1, ""pres"": 967.5823, ""meas_profile"": ""HP-5"", ""meas_id"": 5, ""hum"": 35.00594, ""gas_res"": 100000.0}, {""temp"": 21.6268, ""step"": 4, ""status"": 1, ""pres"": 967.6503, ""meas_profile"": ""HP-4"", ""meas_id"": 4, ""hum"": 34.50701, ""gas_res"": 96024.01}, {""temp"": 21.78717, ""step"": 4, ""status"": 1, ""pres"": 967.2606, ""meas_profile"": ""HP-3"", ""meas_id"": 3, ""hum"": 34.99807, ""gas_res"": 35106.96}, {""temp"": 21.69655, ""step"": 4, ""status"": 1, ""pres"": 967.4236, ""meas_profile"": ""HP-2"", ""meas_id"": 2, ""hum"": 35.21798, ""gas_res"": 88858.04}, {""temp"": 21.46073, ""step"": 4, ""status"": 1, ""pres"": 967.4891, ""meas_profile"": ""HP-1"", ""meas_id"": 1, ""hum"": 33.70896, ""gas_res"": 40816.33}]}",NULL,"2025-10-27 09:39:36.231349"
11657,"04a600b9b0b8","2025-10-27 09:37:53","DTv8EvxTS0hs3cjVsqbO","{""bme688"": [{""temp"": 21.93696, ""step"": 3, ""status"": 0, ""pres"": 967.5556, ""meas_profile"": ""HP-8"", ""meas_id"": 8, ""hum"": 35.05576, ""gas_res"": 5684.846}, {""temp"": 21.90211, ""step"": 3, ""status"": 0, ""pres"": 967.6881, ""meas_profile"": ""HP-7"", ""meas_id"": 7, ""hum"": 34.94148, ""gas_res"": 5684.846}, {""temp"": 21.96577, ""step"": 3, ""status"": 0, ""pres"": 967.7692, ""meas_profile"": ""HP-6"", ""meas_id"": 6, ""hum"": 34.80188, ""gas_res"": 10382.87}, {""temp"": 21.86046, ""step"": 3, ""status"": 0, ""pres"": 967.5836, ""meas_profile"": ""HP-5"", ""meas_id"": 5, ""hum"": 35.00582, ""gas_res"": 27067.03}, {""temp"": 21.62556, ""step"": 3, ""status"": 0, ""pres"": 967.6517, ""meas_profile"": ""HP-4"", ""meas_id"": 4, ""hum"": 34.50689, ""gas_res"": 30512.52}, {""temp"": 21.78563, ""step"": 3, ""status"": 0, ""pres"": 967.2598, ""meas_profile"": ""HP-3"", ""meas_id"": 3, ""hum"": 35.01521, ""gas_res"": 19248.12}, {""temp"": 21.69531, ""step"": 3, ""status"": 0, ""pres"": 967.4233, ""meas_profile"": ""HP-2"", ""meas_id"": 2, ""hum"": 35.24064, ""gas_res"": 28495.1}, {""temp"": 21.45917, ""step"": 3, ""status"": 0, ""pres"": 967.4885, ""meas_profile"": ""HP-1"", ""meas_id"": 1, ""hum"": 33.7205, ""gas_res"": 19423.37}]}",NULL,"2025-10-27 09:39:37.530644"
11658,"04a600b9b0b8","2025-10-27 09:37:53","DTv8EvxTS0hs3cjVsqbO","{""bme688"": [{""temp"": 21.93603, ""step"": 2, ""status"": 1, ""pres"": 967.5577, ""meas_profile"": ""HP-8"", ""meas_id"": 8, ""hum"": 35.0327, ""gas_res"": 7846.984}, {""temp"": 21.90118, ""step"": 2, ""status"": 1, ""pres"": 967.6882, ""meas_profile"": ""HP-7"", ""meas_id"": 7, ""hum"": 34.94707, ""gas_res"": 10631.23}, {""temp"": 21.96454, ""step"": 2, ""status"": 1, ""pres"": 967.769, ""meas_profile"": ""HP-6"", ""meas_id"": 6, ""hum"": 34.81327, ""gas_res"": 31667.49}, {""temp"": 21.85921, ""step"": 2, ""status"": 1, ""pres"": 967.5832, ""meas_profile"": ""HP-5"", ""meas_id"": 5, ""hum"": 34.99433, ""gas_res"": 98689.28}, {""temp"": 21.62401, ""step"": 2, ""status"": 1, ""pres"": 967.6509, ""meas_profile"": ""HP-4"", ""meas_id"": 4, ""hum"": 34.51826, ""gas_res"": 151928.8}, {""temp"": 21.78439, ""step"": 2, ""status"": 1, ""pres"": 967.2595, ""meas_profile"": ""HP-3"", ""meas_id"": 3, ""hum"": 35.00933, ""gas_res"": 74375.36}, {""temp"": 21.69375, ""step"": 2, ""status"": 1, ""pres"": 967.4241, ""meas_profile"": ""HP-2"", ""meas_id"": 2, ""hum"": 35.22341, ""gas_res"": 126670.0}, {""temp"": 21.45762, ""step"": 2, ""status"": 1, ""pres"": 967.4899, ""meas_profile"": ""HP-1"", ""meas_id"": 1, ""hum"": 33.70868, ""gas_res"": 88033.02}]}",NULL,"2025-10-27 09:39:38.805"
11659,"04a600b9b0b8","2025-10-27 09:37:53","DTv8EvxTS0hs3cjVsqbO","{""bme688"": [{""temp"": 21.9348, ""step"": 1, ""status"": 1, ""pres"": 967.5575, ""meas_profile"": ""HP-8"", ""meas_id"": 8, ""hum"": 35.05555, ""gas_res"": 5684.846}, {""temp"": 21.89994, ""step"": 1, ""status"": 1, ""pres"": 967.6879, ""meas_profile"": ""HP-7"", ""meas_id"": 7, ""hum"": 34.94128, ""gas_res"": 6218.422}, {""temp"": 21.9633, ""step"": 1, ""status"": 1, ""pres"": 967.7688, ""meas_profile"": ""HP-6"", ""meas_id"": 6, ""hum"": 34.8189, ""gas_res"": 16953.64}, {""temp"": 21.85827, ""step"": 1, ""status"": 1, ""pres"": 967.5834, ""meas_profile"": ""HP-5"", ""meas_id"": 5, ""hum"": 35.03405, ""gas_res"": 26010.97}, {""temp"": 21.62308, ""step"": 1, ""status"": 1, ""pres"": 967.6527, ""meas_profile"": ""HP-4"", ""meas_id"": 4, ""hum"": 34.51242, ""gas_res"": 28590.57}, {""temp"": 21.78346, ""step"": 1, ""status"": 1, ""pres"": 967.2597, ""meas_profile"": ""HP-3"", ""meas_id"": 3, ""hum"": 35.02652, ""gas_res"": 25000.0}, {""temp"": 21.69282, ""step"": 1, ""status"": 1, ""pres"": 967.4243, ""meas_profile"": ""HP-2"", ""meas_id"": 2, ""hum"": 35.23471, ""gas_res"": 23712.49}, {""temp"": 21.45668, ""step"": 1, ""status"": 1, ""pres"": 967.4901, ""meas_profile"": ""HP-1"", ""meas_id"": 1, ""hum"": 33.72028, ""gas_res"": 25000.0}]}",NULL,"2025-10-27 09:39:40.171574"
11704,"04a600b9b0b8","2025-10-27 09:38:20","DTv8EvxTS0hs3cjVsqbO","{""zphs01b"": {""voc"": 0, ""temp"": 20.0, ""pm2_5"": 0, ""pm1_0"": 0, ""pm10"": 338, ""o3"": 0.13, ""no2"": 10.0, ""hum"": 0, ""fmhd"": 0, ""co2"": 5000, ""co"": 0.0}, ""smell_b"": {}, ""sfa30"": {""temp"": 22.055, ""hum"": 35.63, ""fmhd"": 3.4}, ""sen5x"": {""voc"": 130.0, ""temp"": 21.92, ""pm4_0"": 4578.0, ""pm2_5"": 4578.0, ""pm1_0"": 4365.4, ""pm10"": 4578.0, ""nox"": 1.0, ""mass_c"": 4524.85, ""hum"": 41.15}, ""scd41"": {""temp"": 21.83299, ""hum"": 38.04837, ""co2"": 691}, ""power_source"": 0, ""mics6814"": {""red_res"": 0, ""no2_res"": 0, ""no2"": 0.17, ""nh3_res"": 0, ""nh3"": 0.73, ""co_res"": 0, ""co"": 44.0}}",NULL,"2025-10-27 09:55:04.124288"
11705,"04a600b9b0b8","2025-10-27 09:38:20","DTv8EvxTS0hs3cjVsqbO","{""bme688"": [{""temp"": 21.95642, ""step"": 9, ""status"": 1, ""pres"": 967.5598, ""meas_profile"": ""HP-8"", ""meas_id"": 8, ""hum"": 35.0002, ""gas_res"": 5684.846}, {""temp"": 21.9223, ""step"": 9, ""status"": 1, ""pres"": 967.6912, ""meas_profile"": ""HP-7"", ""meas_id"": 7, ""hum"": 34.88665, ""gas_res"": 5684.846}, {""temp"": 21.98429, ""step"": 9, ""status"": 1, ""pres"": 967.7713, ""meas_profile"": ""HP-6"", ""meas_id"": 6, ""hum"": 34.7576, ""gas_res"": 6150.298}, {""temp"": 21.87735, ""step"": 9, ""status"": 1, ""pres"": 967.5742, ""meas_profile"": ""HP-5"", ""meas_id"": 5, ""hum"": 34.97329, ""gas_res"": 21962.94}, {""temp"": 21.64451, ""step"": 9, ""status"": 1, ""pres"": 967.6478, ""meas_profile"": ""HP-4"", ""meas_id"": 4, ""hum"": 34.46837, ""gas_res"": 20765.74}, {""temp"": 21.80542, ""step"": 9, ""status"": 1, ""pres"": 967.2634, ""meas_profile"": ""HP-3"", ""meas_id"": 3, ""hum"": 34.95373, ""gas_res"": 5954.596}, {""temp"": 21.71425, ""step"": 9, ""status"": 1, ""pres"": 967.424, ""meas_profile"": ""HP-2"", ""meas_id"": 2, ""hum"": 35.18549, ""gas_res"": 6951.988}, {""temp"": 21.48065, ""step"": 9, ""status"": 1, ""pres"": 967.4852, ""meas_profile"": ""HP-1"", ""meas_id"": 1, ""hum"": 33.66402, ""gas_res"": 7988.018}]}",NULL,"2025-10-27 09:55:05.519693"
11706,"04a600b9b0b8","2025-10-27 09:38:20","DTv8EvxTS0hs3cjVsqbO","{""bme688"": [{""temp"": 21.95518, ""step"": 8, ""status"": 1, ""pres"": 967.5594, ""meas_profile"": ""HP-8"", ""meas_id"": 8, ""hum"": 35.02303, ""gas_res"": 5684.846}, {""temp"": 21.92075, ""step"": 8, ""status"": 1, ""pres"": 967.6903, ""meas_profile"": ""HP-7"", ""meas_id"": 7, ""hum"": 34.89218, ""gas_res"": 5684.846}, {""temp"": 21.98306, ""step"": 8, ""status"": 1, ""pres"": 967.7712, ""meas_profile"": ""HP-6"", ""meas_id"": 6, ""hum"": 34.76324, ""gas_res"": 6530.612}, {""temp"": 21.87641, ""step"": 8, ""status"": 1, ""pres"": 967.5744, ""meas_profile"": ""HP-5"", ""meas_id"": 5, ""hum"": 34.95045, ""gas_res"": 21199.07}, {""temp"": 21.64358, ""step"": 8, ""status"": 1, ""pres"": 967.6495, ""meas_profile"": ""HP-4"", ""meas_id"": 4, ""hum"": 34.47404, ""gas_res"": 20349.76}, {""temp"": 21.80418, ""step"": 8, ""status"": 1, ""pres"": 967.2647, ""meas_profile"": ""HP-3"", ""meas_id"": 3, ""hum"": 34.94786, ""gas_res"": 7946.362}, {""temp"": 21.71301, ""step"": 8, ""status"": 1, ""pres"": 967.4236, ""meas_profile"": ""HP-2"", ""meas_id"": 2, ""hum"": 35.18538, ""gas_res"": 6997.595}, {""temp"": 21.47909, ""step"": 8, ""status"": 1, ""pres"": 967.4847, ""meas_profile"": ""HP-1"", ""meas_id"": 1, ""hum"": 33.66388, ""gas_res"": 8012.018}]}",NULL,"2025-10-27 09:55:06.89595"
11707,"04a600b9b0b8","2025-10-27 09:38:20","DTv8EvxTS0hs3cjVsqbO","{""bme688"": [{""temp"": 21.95364, ""step"": 7, ""status"": 1, ""pres"": 967.5591, ""meas_profile"": ""HP-8"", ""meas_id"": 8, ""hum"": 35.00568, ""gas_res"": 5684.846}, {""temp"": 21.9195, ""step"": 7, ""status"": 1, ""pres"": 967.6899, ""meas_profile"": ""HP-7"", ""meas_id"": 7, ""hum"": 34.9034, ""gas_res"": 5684.846}, {""temp"": 21.98182, ""step"": 7, ""status"": 1, ""pres"": 967.7708, ""meas_profile"": ""HP-6"", ""meas_id"": 6, ""hum"": 34.76311, ""gas_res"": 6640.382}, {""temp"": 21.87547, ""step"": 7, ""status"": 1, ""pres"": 967.5762, ""meas_profile"": ""HP-5"", ""meas_id"": 5, ""hum"": 34.94469, ""gas_res"": 21607.02}, {""temp"": 21.64233, ""step"": 7, ""status"": 1, ""pres"": 967.6492, ""meas_profile"": ""HP-4"", ""meas_id"": 4, ""hum"": 34.46242, ""gas_res"": 19370.46}, {""temp"": 21.80294, ""step"": 7, ""status"": 1, ""pres"": 967.2644, ""meas_profile"": ""HP-3"", ""meas_id"": 3, ""hum"": 34.94199, ""gas_res"": 7536.505}, {""temp"": 21.71177, ""step"": 7, ""status"": 1, ""pres"": 967.4233, ""meas_profile"": ""HP-2"", ""meas_id"": 2, ""hum"": 35.19664, ""gas_res"": 6779.661}, {""temp"": 21.47785, ""step"": 7, ""status"": 1, ""pres"": 967.4864, ""meas_profile"": ""HP-1"", ""meas_id"": 1, ""hum"": 33.65792, ""gas_res"": 7744.434}]}",NULL,"2025-10-27 09:55:08.073186"
11708,"04a600b9b0b8","2025-10-27 09:38:20","DTv8EvxTS0hs3cjVsqbO","{""bme688"": [{""temp"": 21.95271, ""step"": 6, ""status"": 1, ""pres"": 967.561, ""meas_profile"": ""HP-8"", ""meas_id"": 8, ""hum"": 35.01706, ""gas_res"": 6193.149}, {""temp"": 21.91826, ""step"": 6, ""status"": 1, ""pres"": 967.6913, ""meas_profile"": ""HP-7"", ""meas_id"": 7, ""hum"": 34.89762, ""gas_res"": 7299.27}, {""temp"": 21.9809, ""step"": 6, ""status"": 1, ""pres"": 967.7711, ""meas_profile"": ""HP-6"", ""meas_id"": 6, ""hum"": 34.78028, ""gas_res"": 25000.0}, {""temp"": 21.87422, ""step"": 6, ""status"": 1, ""pres"": 967.5759, ""meas_profile"": ""HP-5"", ""meas_id"": 5, ""hum"": 34.95594, ""gas_res"": 100000.0}, {""temp"": 21.64109, ""step"": 6, ""status"": 1, ""pres"": 967.6488, ""meas_profile"": ""HP-4"", ""meas_id"": 4, ""hum"": 34.46806, ""gas_res"": 109308.3}, {""temp"": 21.80171, ""step"": 6, ""status"": 1, ""pres"": 967.264, ""meas_profile"": ""HP-3"", ""meas_id"": 3, ""hum"": 34.95338, ""gas_res"": 42105.26}, {""temp"": 21.71083, ""step"": 6, ""status"": 1, ""pres"": 967.4235, ""meas_profile"": ""HP-2"", ""meas_id"": 2, ""hum"": 35.17379, ""gas_res"": 100000.0}, {""temp"": 21.47629, ""step"": 6, ""status"": 1, ""pres"": 967.4858, ""meas_profile"": ""HP-1"", ""meas_id"": 1, ""hum"": 33.65194, ""gas_res"": 85134.69}]}",NULL,"2025-10-27 09:55:09.40895"
11709,"04a600b9b0b8","2025-10-27 09:38:20","DTv8EvxTS0hs3cjVsqbO","{""bme688"": [{""temp"": 21.95147, ""step"": 5, ""status"": 1, ""pres"": 967.5607, ""meas_profile"": ""HP-8"", ""meas_id"": 8, ""hum"": 35.01121, ""gas_res"": 6083.65}, {""temp"": 21.91733, ""step"": 5, ""status"": 1, ""pres"": 967.6912, ""meas_profile"": ""HP-7"", ""meas_id"": 7, ""hum"": 34.91454, ""gas_res"": 7142.857}, {""temp"": 21.97966, ""step"": 5, ""status"": 1, ""pres"": 967.7708, ""meas_profile"": ""HP-6"", ""meas_id"": 6, ""hum"": 34.78017, ""gas_res"": 25000.0}, {""temp"": 21.87328, ""step"": 5, ""status"": 1, ""pres"": 967.5776, ""meas_profile"": ""HP-5"", ""meas_id"": 5, ""hum"": 34.95585, ""gas_res"": 100000.0}, {""temp"": 21.63985, ""step"": 5, ""status"": 1, ""pres"": 967.6501, ""meas_profile"": ""HP-4"", ""meas_id"": 4, ""hum"": 34.46218, ""gas_res"": 111304.4}, {""temp"": 21.80078, ""step"": 5, ""status"": 1, ""pres"": 967.2642, ""meas_profile"": ""HP-3"", ""meas_id"": 3, ""hum"": 34.95905, ""gas_res"": 41693.81}, {""temp"": 21.70959, ""step"": 5, ""status"": 1, ""pres"": 967.423, ""meas_profile"": ""HP-2"", ""meas_id"": 2, ""hum"": 35.18505, ""gas_res"": 100000.0}, {""temp"": 21.47504, ""step"": 5, ""status"": 1, ""pres"": 967.4875, ""meas_profile"": ""HP-1"", ""meas_id"": 1, ""hum"": 33.66351, ""gas_res"": 83387.63}]}",NULL,"2025-10-27 09:55:10.642094"
11710,"04a600b9b0b8","2025-10-27 09:38:20","DTv8EvxTS0hs3cjVsqbO","{""bme688"": [{""temp"": 21.95055, ""step"": 4, ""status"": 1, ""pres"": 967.5612, ""meas_profile"": ""HP-8"", ""meas_id"": 8, ""hum"": 35.02259, ""gas_res"": 6015.038}, {""temp"": 21.91609, ""step"": 4, ""status"": 1, ""pres"": 967.6909, ""meas_profile"": ""HP-7"", ""meas_id"": 7, ""hum"": 34.90876, ""gas_res"": 7133.304}, {""temp"": 21.97874, ""step"": 4, ""status"": 1, ""pres"": 967.7711, ""meas_profile"": ""HP-6"", ""meas_id"": 6, ""hum"": 34.77433, ""gas_res"": 25000.0}, {""temp"": 21.87234, ""step"": 4, ""status"": 1, ""pres"": 967.5778, ""meas_profile"": ""HP-5"", ""meas_id"": 5, ""hum"": 34.97851, ""gas_res"": 100000.0}, {""temp"": 21.63829, ""step"": 4, ""status"": 1, ""pres"": 967.6493, ""meas_profile"": ""HP-4"", ""meas_id"": 4, ""hum"": 34.47931, ""gas_res"": 115211.5}, {""temp"": 21.79954, ""step"": 4, ""status"": 1, ""pres"": 967.264, ""meas_profile"": ""HP-3"", ""meas_id"": 3, ""hum"": 34.95893, ""gas_res"": 41857.42}, {""temp"": 21.70866, ""step"": 4, ""status"": 1, ""pres"": 967.4249, ""meas_profile"": ""HP-2"", ""meas_id"": 2, ""hum"": 35.19066, ""gas_res"": 100000.0}, {""temp"": 21.47349, ""step"": 4, ""status"": 1, ""pres"": 967.4869, ""meas_profile"": ""HP-1"", ""meas_id"": 1, ""hum"": 33.65753, ""gas_res"": 82740.79}]}",NULL,"2025-10-27 09:55:12.035642"
11711,"04a600b9b0b8","2025-10-27 09:38:20","DTv8EvxTS0hs3cjVsqbO","{""bme688"": [{""temp"": 21.94901, ""step"": 3, ""status"": 0, ""pres"": 967.5605, ""meas_profile"": ""HP-8"", ""meas_id"": 8, ""hum"": 35.02819, ""gas_res"": 5684.846}, {""temp"": 21.91454, ""step"": 3, ""status"": 0, ""pres"": 967.6902, ""meas_profile"": ""HP-7"", ""meas_id"": 7, ""hum"": 34.91996, ""gas_res"": 5684.846}, {""temp"": 21.9775, ""step"": 3, ""status"": 0, ""pres"": 967.7708, ""meas_profile"": ""HP-6"", ""meas_id"": 6, ""hum"": 34.77997, ""gas_res"": 10663.11}, {""temp"": 21.87078, ""step"": 3, ""status"": 0, ""pres"": 967.5785, ""meas_profile"": ""HP-5"", ""meas_id"": 5, ""hum"": 35.00679, ""gas_res"": 29438.82}, {""temp"": 21.63674, ""step"": 3, ""status"": 0, ""pres"": 967.6484, ""meas_profile"": ""HP-4"", ""meas_id"": 4, ""hum"": 34.48492, ""gas_res"": 36178.63}, {""temp"": 21.79831, ""step"": 3, ""status"": 0, ""pres"": 967.2636, ""meas_profile"": ""HP-3"", ""meas_id"": 3, ""hum"": 34.97609, ""gas_res"": 23129.74}, {""temp"": 21.70711, ""step"": 3, ""status"": 0, ""pres"": 967.4241, ""meas_profile"": ""HP-2"", ""meas_id"": 2, ""hum"": 35.19052, ""gas_res"": 34763.71}, {""temp"": 21.47193, ""step"": 3, ""status"": 0, ""pres"": 967.4866, ""meas_profile"": ""HP-1"", ""meas_id"": 1, ""hum"": 33.67491, ""gas_res"": 23686.16}]}",NULL,"2025-10-27 09:55:13.20931"
11712,"04a600b9b0b8","2025-10-27 09:38:20","DTv8EvxTS0hs3cjVsqbO","{""bme688"": [{""temp"": 21.94808, ""step"": 2, ""status"": 1, ""pres"": 967.5608, ""meas_profile"": ""HP-8"", ""meas_id"": 8, ""hum"": 35.03384, ""gas_res"": 6732.59}, {""temp"": 21.9136, ""step"": 2, ""status"": 1, ""pres"": 967.6904, ""meas_profile"": ""HP-7"", ""meas_id"": 7, ""hum"": 34.90852, ""gas_res"": 8998.875}, {""temp"": 21.97627, ""step"": 2, ""status"": 1, ""pres"": 967.7706, ""meas_profile"": ""HP-6"", ""meas_id"": 6, ""hum"": 34.76835, ""gas_res"": 27084.21}, {""temp"": 21.86953, ""step"": 2, ""status"": 1, ""pres"": 967.5783, ""meas_profile"": ""HP-5"", ""meas_id"": 5, ""hum"": 34.98961, ""gas_res"": 84210.52}, {""temp"": 21.6355, ""step"": 2, ""status"": 1, ""pres"": 967.6498, ""meas_profile"": ""HP-4"", ""meas_id"": 4, ""hum"": 34.47904, ""gas_res"": 153846.2}, {""temp"": 21.79707, ""step"": 2, ""status"": 1, ""pres"": 967.2632, ""meas_profile"": ""HP-3"", ""meas_id"": 3, ""hum"": 34.98173, ""gas_res"": 76577.92}, {""temp"": 21.70555, ""step"": 2, ""status"": 1, ""pres"": 967.4231, ""meas_profile"": ""HP-2"", ""meas_id"": 2, ""hum"": 35.21314, ""gas_res"": 131856.8}, {""temp"": 21.47069, ""step"": 2, ""status"": 1, ""pres"": 967.4881, ""meas_profile"": ""HP-1"", ""meas_id"": 1, ""hum"": 33.69817, ""gas_res"": 94534.71}]}",NULL,"2025-10-27 09:55:14.483305"
11713,"04a600b9b0b8","2025-10-27 09:38:20","DTv8EvxTS0hs3cjVsqbO","{""bme688"": [{""temp"": 21.94653, ""step"": 1, ""status"": 1, ""pres"": 967.5601, ""meas_profile"": ""HP-8"", ""meas_id"": 8, ""hum"": 35.03944, ""gas_res"": 5684.846}, {""temp"": 21.91236, ""step"": 1, ""status"": 1, ""pres"": 967.6898, ""meas_profile"": ""HP-7"", ""meas_id"": 7, ""hum"": 34.91975, ""gas_res"": 6929.407}, {""temp"": 21.97473, ""step"": 1, ""status"": 1, ""pres"": 967.7698, ""meas_profile"": ""HP-6"", ""meas_id"": 6, ""hum"": 34.77971, ""gas_res"": 16913.32}, {""temp"": 21.86859, ""step"": 1, ""status"": 1, ""pres"": 967.5784, ""meas_profile"": ""HP-5"", ""meas_id"": 5, ""hum"": 34.98384, ""gas_res"": 27935.4}, {""temp"": 21.63457, ""step"": 1, ""status"": 1, ""pres"": 967.6498, ""meas_profile"": ""HP-4"", ""meas_id"": 4, ""hum"": 34.48471, ""gas_res"": 34042.55}, {""temp"": 21.79583, ""step"": 1, ""status"": 1, ""pres"": 967.2629, ""meas_profile"": ""HP-3"", ""meas_id"": 3, ""hum"": 34.97586, ""gas_res"": 25000.0}, {""temp"": 21.70462, ""step"": 1, ""status"": 1, ""pres"": 967.4235, ""meas_profile"": ""HP-2"", ""meas_id"": 2, ""hum"": 35.21305, ""gas_res"": 29602.22}, {""temp"": 21.46944, ""step"": 1, ""status"": 1, ""pres"": 967.4881, ""meas_profile"": ""HP-1"", ""meas_id"": 1, ""hum"": 33.69806, ""gas_res"": 25000.0}]}",NULL,"2025-10-27 09:55:15.757789"
11714,"04a600b9b0b8","2025-10-27 09:38:20","DTv8EvxTS0hs3cjVsqbO","{""bme688"": [{""temp"": 21.9453, ""step"": 0, ""status"": 1, ""pres"": 967.5599, ""meas_profile"": ""HP-8"", ""meas_id"": 8, ""hum"": 35.02784, ""gas_res"": 5684.846}, {""temp"": 21.91112, ""step"": 0, ""status"": 1, ""pres"": 967.6912, ""meas_profile"": ""HP-7"", ""meas_id"": 7, ""hum"": 34.91397, ""gas_res"": 5684.846}, {""temp"": 21.97349, ""step"": 0, ""status"": 1, ""pres"": 967.7695, ""meas_profile"": ""HP-6"", ""meas_id"": 6, ""hum"": 34.79684, ""gas_res"": 6766.758}, {""temp"": 21.86765, ""step"": 0, ""status"": 1, ""pres"": 967.5803, ""meas_profile"": ""HP-5"", ""meas_id"": 5, ""hum"": 34.99512, ""gas_res"": 21672.88}, {""temp"": 21.63363, ""step"": 0, ""status"": 1, ""pres"": 967.6498, ""meas_profile"": ""HP-4"", ""meas_id"": 4, ""hum"": 34.48463, ""gas_res"": 20545.75}, {""temp"": 21.7946, ""step"": 0, ""status"": 1, ""pres"": 967.2626, ""meas_profile"": ""HP-3"", ""meas_id"": 3, ""hum"": 34.98151, ""gas_res"": 7733.205}, {""temp"": 21.70338, ""step"": 0, ""status"": 1, ""pres"": 967.4247, ""meas_profile"": ""HP-2"", ""meas_id"": 2, ""hum"": 35.21863, ""gas_res"": 6758.184}, {""temp"": 21.46789, ""step"": 0, ""status"": 1, ""pres"": 967.4875, ""meas_profile"": ""HP-1"", ""meas_id"": 1, ""hum"": 33.68623, ""gas_res"": 7870.143}]}",NULL,"2025-10-27 09:55:17.129463"
11715,"04a600b9b0b8","2025-10-27 09:37:53","DTv8EvxTS0hs3cjVsqbO","{""zphs01b"": {""voc"": 0, ""temp"": 20.0, ""pm2_5"": 0, ""pm1_0"": 0, ""pm10"": 330, ""o3"": 0.12, ""no2"": 0.44, ""hum"": 0, ""fmhd"": 0, ""co2"": 5000, ""co"": 0.0}, ""smell_b"": {}, ""sfa30"": {""temp"": 22.04, ""hum"": 35.64, ""fmhd"": 4.0}, ""sen5x"": {""voc"": 124.0, ""temp"": 21.935, ""pm4_0"": 4492.7, ""pm2_5"": 4492.7, ""pm1_0"": 4284.1, ""pm10"": 4492.7, ""nox"": 1.0, ""mass_c"": 4440.55, ""hum"": 41.09}, ""scd41"": {""temp"": 21.77158, ""hum"": 38.12925, ""co2"": 688}, ""power_source"": 0, ""mics6814"": {""red_res"": 0, ""no2_res"": 0, ""no2"": 0.17, ""nh3_res"": 0, ""nh3"": 0.73, ""co_res"": 0, ""co"": 44.0}}",NULL,"2025-10-27 09:55:18.20128"
11716,"04a600b9b0b8","2025-10-27 09:37:53","DTv8EvxTS0hs3cjVsqbO","{""bme688"": [{""temp"": 21.94406, ""step"": 9, ""status"": 1, ""pres"": 967.5597, ""meas_profile"": ""HP-8"", ""meas_id"": 8, ""hum"": 35.03346, ""gas_res"": 5684.846}, {""temp"": 21.90957, ""step"": 9, ""status"": 1, ""pres"": 967.6902, ""meas_profile"": ""HP-7"", ""meas_id"": 7, ""hum"": 34.91949, ""gas_res"": 5684.846}, {""temp"": 21.97256, ""step"": 9, ""status"": 1, ""pres"": 967.7698, ""meas_profile"": ""HP-6"", ""meas_id"": 6, ""hum"": 34.77375, ""gas_res"": 5931.418}, {""temp"": 21.86671, ""step"": 9, ""status"": 1, ""pres"": 967.5804, ""meas_profile"": ""HP-5"", ""meas_id"": 5, ""hum"": 34.98367, ""gas_res"": 20447.29}, {""temp"": 21.63239, ""step"": 9, ""status"": 1, ""pres"": 967.6495, ""meas_profile"": ""HP-4"", ""meas_id"": 4, ""hum"": 34.47876, ""gas_res"": 19024.97}, {""temp"": 21.79336, ""step"": 9, ""status"": 1, ""pres"": 967.2623, ""meas_profile"": ""HP-3"", ""meas_id"": 3, ""hum"": 34.98138, ""gas_res"": 7823.961}, {""temp"": 21.70245, ""step"": 9, ""status"": 1, ""pres"": 967.4249, ""meas_profile"": ""HP-2"", ""meas_id"": 2, ""hum"": 35.20145, ""gas_res"": 6416.684}, {""temp"": 21.46664, ""step"": 9, ""status"": 1, ""pres"": 967.4891, ""meas_profile"": ""HP-1"", ""meas_id"": 1, ""hum"": 33.69781, ""gas_res"": 7441.86}]}",NULL,"2025-10-27 09:55:19.602864"
11717,"04a600b9b0b8","2025-10-27 09:37:53","DTv8EvxTS0hs3cjVsqbO","{""bme688"": [{""temp"": 21.94283, ""step"": 8, ""status"": 1, ""pres"": 967.5578, ""meas_profile"": ""HP-8"", ""meas_id"": 8, ""hum"": 35.03909, ""gas_res"": 5684.846}, {""temp"": 21.90833, ""step"": 8, ""status"": 1, ""pres"": 967.69, ""meas_profile"": ""HP-7"", ""meas_id"": 7, ""hum"": 34.9137, ""gas_res"": 5684.846}, {""temp"": 21.97133, ""step"": 8, ""status"": 1, ""pres"": 967.7695, ""meas_profile"": ""HP-6"", ""meas_id"": 6, ""hum"": 34.77939, ""gas_res"": 6359.3}, {""temp"": 21.86578, ""step"": 8, ""status"": 1, ""pres"": 967.5803, ""meas_profile"": ""HP-5"", ""meas_id"": 5, ""hum"": 34.98926, ""gas_res"": 19746.99}, {""temp"": 21.63146, ""step"": 8, ""status"": 1, ""pres"": 967.6498, ""meas_profile"": ""HP-4"", ""meas_id"": 4, ""hum"": 34.47867, ""gas_res"": 18757.33}, {""temp"": 21.79181, ""step"": 8, ""status"": 1, ""pres"": 967.2615, ""meas_profile"": ""HP-3"", ""meas_id"": 3, ""hum"": 34.97548, ""gas_res"": 7230.004}, {""temp"": 21.70121, ""step"": 8, ""status"": 1, ""pres"": 967.4246, ""meas_profile"": ""HP-2"", ""meas_id"": 2, ""hum"": 35.21842, ""gas_res"": 6514.658}, {""temp"": 21.4654, ""step"": 8, ""status"": 1, ""pres"": 967.489, ""meas_profile"": ""HP-1"", ""meas_id"": 1, ""hum"": 33.686, ""gas_res"": 7499.414}]}",NULL,"2025-10-27 09:55:20.873791"
11718,"04a600b9b0b8","2025-10-27 09:37:53","DTv8EvxTS0hs3cjVsqbO","{""bme688"": [{""temp"": 21.94159, ""step"": 7, ""status"": 1, ""pres"": 967.5577, ""meas_profile"": ""HP-8"", ""meas_id"": 8, ""hum"": 35.02175, ""gas_res"": 5684.846}, {""temp"": 21.90708, ""step"": 7, ""status"": 1, ""pres"": 967.6896, ""meas_profile"": ""HP-7"", ""meas_id"": 7, ""hum"": 34.91925, ""gas_res"": 5684.846}, {""temp"": 21.97009, ""step"": 7, ""status"": 1, ""pres"": 967.7693, ""meas_profile"": ""HP-6"", ""meas_id"": 6, ""hum"": 34.79653, ""gas_res"": 6424.413}, {""temp"": 21.86484, ""step"": 7, ""status"": 1, ""pres"": 967.5824, ""meas_profile"": ""HP-5"", ""meas_id"": 5, ""hum"": 34.98917, ""gas_res"": 20119.46}, {""temp"": 21.63053, ""step"": 7, ""status"": 1, ""pres"": 967.6497, ""meas_profile"": ""HP-4"", ""meas_id"": 4, ""hum"": 34.48434, ""gas_res"": 11477.76}, {""temp"": 21.79058, ""step"": 7, ""status"": 1, ""pres"": 967.261, ""meas_profile"": ""HP-3"", ""meas_id"": 3, ""hum"": 34.96385, ""gas_res"": 6677.796}, {""temp"": 21.69996, ""step"": 7, ""status"": 1, ""pres"": 967.4242, ""meas_profile"": ""HP-2"", ""meas_id"": 2, ""hum"": 35.18984, ""gas_res"": 6139.678}, {""temp"": 21.46384, ""step"": 7, ""status"": 1, ""pres"": 967.4885, ""meas_profile"": ""HP-1"", ""meas_id"": 1, ""hum"": 33.68586, ""gas_res"": 7039.155}]}",NULL,"2025-10-27 09:55:22.242158"
11719,"04a600b9b0b8","2025-10-27 09:37:53","DTv8EvxTS0hs3cjVsqbO","{""bme688"": [{""temp"": 21.94036, ""step"": 6, ""status"": 1, ""pres"": 967.5575, ""meas_profile"": ""HP-8"", ""meas_id"": 8, ""hum"": 35.02738, ""gas_res"": 6310.393}, {""temp"": 21.90584, ""step"": 6, ""status"": 1, ""pres"": 967.6892, ""meas_profile"": ""HP-7"", ""meas_id"": 7, ""hum"": 34.92482, ""gas_res"": 7309.273}, {""temp"": 21.96917, ""step"": 6, ""status"": 1, ""pres"": 967.7695, ""meas_profile"": ""HP-6"", ""meas_id"": 6, ""hum"": 34.78494, ""gas_res"": 25000.0}, {""temp"": 21.8639, ""step"": 6, ""status"": 1, ""pres"": 967.5823, ""meas_profile"": ""HP-5"", ""meas_id"": 5, ""hum"": 34.9834, ""gas_res"": 100000.0}, {""temp"": 21.6296, ""step"": 6, ""status"": 1, ""pres"": 967.6516, ""meas_profile"": ""HP-4"", ""meas_id"": 4, ""hum"": 34.49001, ""gas_res"": 100000.0}, {""temp"": 21.78934, ""step"": 6, ""status"": 1, ""pres"": 967.2608, ""meas_profile"": ""HP-3"", ""meas_id"": 3, ""hum"": 34.96949, ""gas_res"": 36025.89}, {""temp"": 21.69872, ""step"": 6, ""status"": 1, ""pres"": 967.4238, ""meas_profile"": ""HP-2"", ""meas_id"": 2, ""hum"": 35.21249, ""gas_res"": 92820.88}, {""temp"": 21.4626, ""step"": 6, ""status"": 1, ""pres"": 967.4883, ""meas_profile"": ""HP-1"", ""meas_id"": 1, ""hum"": 33.69744, ""gas_res"": 43257.86}]}",NULL,"2025-10-27 09:55:23.426759"
11720,"04a600b9b0b8","2025-10-27 09:37:53","DTv8EvxTS0hs3cjVsqbO","{""bme688"": [{""temp"": 21.93943, ""step"": 5, ""status"": 1, ""pres"": 967.5559, ""meas_profile"": ""HP-8"", ""meas_id"": 8, ""hum"": 35.03876, ""gas_res"": 6254.887}, {""temp"": 21.90491, ""step"": 5, ""status"": 1, ""pres"": 967.6894, ""meas_profile"": ""HP-7"", ""meas_id"": 7, ""hum"": 34.91906, ""gas_res"": 7299.27}, {""temp"": 21.96793, ""step"": 5, ""status"": 1, ""pres"": 967.7692, ""meas_profile"": ""HP-6"", ""meas_id"": 6, ""hum"": 34.78482, ""gas_res"": 25000.0}, {""temp"": 21.86296, ""step"": 5, ""status"": 1, ""pres"": 967.5828, ""meas_profile"": ""HP-5"", ""meas_id"": 5, ""hum"": 34.99468, ""gas_res"": 100000.0}, {""temp"": 21.62804, ""step"": 5, ""status"": 1, ""pres"": 967.6507, ""meas_profile"": ""HP-4"", ""meas_id"": 4, ""hum"": 34.4841, ""gas_res"": 94377.88}, {""temp"": 21.78841, ""step"": 5, ""status"": 1, ""pres"": 967.2609, ""meas_profile"": ""HP-3"", ""meas_id"": 3, ""hum"": 34.98092, ""gas_res"": 35457.06}, {""temp"": 21.69779, ""step"": 5, ""status"": 1, ""pres"": 967.424, ""meas_profile"": ""HP-2"", ""meas_id"": 2, ""hum"": 35.21241, ""gas_res"": 90363.57}, {""temp"": 21.46166, ""step"": 5, ""status"": 1, ""pres"": 967.4886, ""meas_profile"": ""HP-1"", ""meas_id"": 1, ""hum"": 33.69736, ""gas_res"": 41370.39}]}",NULL,"2025-10-27 09:55:24.722535"
11721,"04a600b9b0b8","2025-10-27 09:37:53","DTv8EvxTS0hs3cjVsqbO","{""bme688"": [{""temp"": 21.93819, ""step"": 4, ""status"": 1, ""pres"": 967.5558, ""meas_profile"": ""HP-8"", ""meas_id"": 8, ""hum"": 35.04439, ""gas_res"": 6229.317}, {""temp"": 21.90367, ""step"": 4, ""status"": 1, ""pres"": 967.6891, ""meas_profile"": ""HP-7"", ""meas_id"": 7, ""hum"": 34.92461, ""gas_res"": 7324.331}, {""temp"": 21.96701, ""step"": 4, ""status"": 1, ""pres"": 967.7695, ""meas_profile"": ""HP-6"", ""meas_id"": 6, ""hum"": 34.80775, ""gas_res"": 25000.0}, {""temp"": 21.86171, ""step"": 4, ""status"": 1, ""pres"": 967.5823, ""meas_profile"": ""HP-5"", ""meas_id"": 5, ""hum"": 35.00594, ""gas_res"": 100000.0}, {""temp"": 21.6268, ""step"": 4, ""status"": 1, ""pres"": 967.6503, ""meas_profile"": ""HP-4"", ""meas_id"": 4, ""hum"": 34.50701, ""gas_res"": 96024.01}, {""temp"": 21.78717, ""step"": 4, ""status"": 1, ""pres"": 967.2606, ""meas_profile"": ""HP-3"", ""meas_id"": 3, ""hum"": 34.99807, ""gas_res"": 35106.96}, {""temp"": 21.69655, ""step"": 4, ""status"": 1, ""pres"": 967.4236, ""meas_profile"": ""HP-2"", ""meas_id"": 2, ""hum"": 35.21798, ""gas_res"": 88858.04}, {""temp"": 21.46073, ""step"": 4, ""status"": 1, ""pres"": 967.4891, ""meas_profile"": ""HP-1"", ""meas_id"": 1, ""hum"": 33.70896, ""gas_res"": 40816.33}]}",NULL,"2025-10-27 09:55:26.000205"
11722,"04a600b9b0b8","2025-10-27 09:37:53","DTv8EvxTS0hs3cjVsqbO","{""bme688"": [{""temp"": 21.93696, ""step"": 3, ""status"": 0, ""pres"": 967.5556, ""meas_profile"": ""HP-8"", ""meas_id"": 8, ""hum"": 35.05576, ""gas_res"": 5684.846}, {""temp"": 21.90211, ""step"": 3, ""status"": 0, ""pres"": 967.6881, ""meas_profile"": ""HP-7"", ""meas_id"": 7, ""hum"": 34.94148, ""gas_res"": 5684.846}, {""temp"": 21.96577, ""step"": 3, ""status"": 0, ""pres"": 967.7692, ""meas_profile"": ""HP-6"", ""meas_id"": 6, ""hum"": 34.80188, ""gas_res"": 10382.87}, {""temp"": 21.86046, ""step"": 3, ""status"": 0, ""pres"": 967.5836, ""meas_profile"": ""HP-5"", ""meas_id"": 5, ""hum"": 35.00582, ""gas_res"": 27067.03}, {""temp"": 21.62556, ""step"": 3, ""status"": 0, ""pres"": 967.6517, ""meas_profile"": ""HP-4"", ""meas_id"": 4, ""hum"": 34.50689, ""gas_res"": 30512.52}, {""temp"": 21.78563, ""step"": 3, ""status"": 0, ""pres"": 967.2598, ""meas_profile"": ""HP-3"", ""meas_id"": 3, ""hum"": 35.01521, ""gas_res"": 19248.12}, {""temp"": 21.69531, ""step"": 3, ""status"": 0, ""pres"": 967.4233, ""meas_profile"": ""HP-2"", ""meas_id"": 2, ""hum"": 35.24064, ""gas_res"": 28495.1}, {""temp"": 21.45917, ""step"": 3, ""status"": 0, ""pres"": 967.4885, ""meas_profile"": ""HP-1"", ""meas_id"": 1, ""hum"": 33.7205, ""gas_res"": 19423.37}]}",NULL,"2025-10-27 09:55:27.374872"
11723,"04a600b9b0b8","2025-10-27 09:37:53","DTv8EvxTS0hs3cjVsqbO","{""bme688"": [{""temp"": 21.93603, ""step"": 2, ""status"": 1, ""pres"": 967.5577, ""meas_profile"": ""HP-8"", ""meas_id"": 8, ""hum"": 35.0327, ""gas_res"": 7846.984}, {""temp"": 21.90118, ""step"": 2, ""status"": 1, ""pres"": 967.6882, ""meas_profile"": ""HP-7"", ""meas_id"": 7, ""hum"": 34.94707, ""gas_res"": 10631.23}, {""temp"": 21.96454, ""step"": 2, ""status"": 1, ""pres"": 967.769, ""meas_profile"": ""HP-6"", ""meas_id"": 6, ""hum"": 34.81327, ""gas_res"": 31667.49}, {""temp"": 21.85921, ""step"": 2, ""status"": 1, ""pres"": 967.5832, ""meas_profile"": ""HP-5"", ""meas_id"": 5, ""hum"": 34.99433, ""gas_res"": 98689.28}, {""temp"": 21.62401, ""step"": 2, ""status"": 1, ""pres"": 967.6509, ""meas_profile"": ""HP-4"", ""meas_id"": 4, ""hum"": 34.51826, ""gas_res"": 151928.8}, {""temp"": 21.78439, ""step"": 2, ""status"": 1, ""pres"": 967.2595, ""meas_profile"": ""HP-3"", ""meas_id"": 3, ""hum"": 35.00933, ""gas_res"": 74375.36}, {""temp"": 21.69375, ""step"": 2, ""status"": 1, ""pres"": 967.4241, ""meas_profile"": ""HP-2"", ""meas_id"": 2, ""hum"": 35.22341, ""gas_res"": 126670.0}, {""temp"": 21.45762, ""step"": 2, ""status"": 1, ""pres"": 967.4899, ""meas_profile"": ""HP-1"", ""meas_id"": 1, ""hum"": 33.70868, ""gas_res"": 88033.02}]}",NULL,"2025-10-27 09:55:28.563678"
11724,"04a600b9b0b8","2025-10-27 09:37:53","DTv8EvxTS0hs3cjVsqbO","{""bme688"": [{""temp"": 21.9348, ""step"": 1, ""status"": 1, ""pres"": 967.5575, ""meas_profile"": ""HP-8"", ""meas_id"": 8, ""hum"": 35.05555, ""gas_res"": 5684.846}, {""temp"": 21.89994, ""step"": 1, ""status"": 1, ""pres"": 967.6879, ""meas_profile"": ""HP-7"", ""meas_id"": 7, ""hum"": 34.94128, ""gas_res"": 6218.422}, {""temp"": 21.9633, ""step"": 1, ""status"": 1, ""pres"": 967.7688, ""meas_profile"": ""HP-6"", ""meas_id"": 6, ""hum"": 34.8189, ""gas_res"": 16953.64}, {""temp"": 21.85827, ""step"": 1, ""status"": 1, ""pres"": 967.5834, ""meas_profile"": ""HP-5"", ""meas_id"": 5, ""hum"": 35.03405, ""gas_res"": 26010.97}, {""temp"": 21.62308, ""step"": 1, ""status"": 1, ""pres"": 967.6527, ""meas_profile"": ""HP-4"", ""meas_id"": 4, ""hum"": 34.51242, ""gas_res"": 28590.57}, {""temp"": 21.78346, ""step"": 1, ""status"": 1, ""pres"": 967.2597, ""meas_profile"": ""HP-3"", ""meas_id"": 3, ""hum"": 35.02652, ""gas_res"": 25000.0}, {""temp"": 21.69282, ""step"": 1, ""status"": 1, ""pres"": 967.4243, ""meas_profile"": ""HP-2"", ""meas_id"": 2, ""hum"": 35.23471, ""gas_res"": 23712.49}, {""temp"": 21.45668, ""step"": 1, ""status"": 1, ""pres"": 967.4901, ""meas_profile"": ""HP-1"", ""meas_id"": 1, ""hum"": 33.72028, ""gas_res"": 25000.0}]}",NULL,"2025-10-27 09:55:29.852894"
11725,"04a600b9b0b8","2025-10-27 09:37:53","DTv8EvxTS0hs3cjVsqbO","{""bme688"": [{""temp"": 21.93356, ""step"": 0, ""status"": 1, ""pres"": 967.5574, ""meas_profile"": ""HP-8"", ""meas_id"": 8, ""hum"": 35.07839, ""gas_res"": 5684.846}, {""temp"": 21.8987, ""step"": 0, ""status"": 1, ""pres"": 967.6875, ""meas_profile"": ""HP-7"", ""meas_id"": 7, ""hum"": 34.94116, ""gas_res"": 5684.846}, {""temp"": 21.96207, ""step"": 0, ""status"": 1, ""pres"": 967.7685, ""meas_profile"": ""HP-6"", ""meas_id"": 6, ""hum"": 34.81879, ""gas_res"": 7011.394}, {""temp"": 21.85733, ""step"": 0, ""status"": 1, ""pres"": 967.5818, ""meas_profile"": ""HP-5"", ""meas_id"": 5, ""hum"": 35.02827, ""gas_res"": 21241.29}, {""temp"": 21.62183, ""step"": 0, ""status"": 1, ""pres"": 967.6521, ""meas_profile"": ""HP-4"", ""meas_id"": 4, ""hum"": 34.52957, ""gas_res"": 17817.37}, {""temp"": 21.78223, ""step"": 0, ""status"": 1, ""pres"": 967.2594, ""meas_profile"": ""HP-3"", ""meas_id"": 3, ""hum"": 34.99761, ""gas_res"": 6428.285}, {""temp"": 21.69158, ""step"": 0, ""status"": 1, ""pres"": 967.4241, ""meas_profile"": ""HP-2"", ""meas_id"": 2, ""hum"": 35.24598, ""gas_res"": 5908.419}, {""temp"": 21.45544, ""step"": 0, ""status"": 1, ""pres"": 967.4902, ""meas_profile"": ""HP-1"", ""meas_id"": 1, ""hum"": 33.73185, ""gas_res"": 6866.953}]}",NULL,"2025-10-27 09:55:31.129313"
