"id","box_id","ts","measurement_id","measurement_data","description","created_at"
13288,"04a600b9b0b8","2025-10-27 14:32:47","ThRUMBPaH2eBM7wEd3x2","{""zphs01b"": {""voc"": 0, ""temp"": 18.8, ""pm2_5"": 0, ""pm1_0"": 0, ""pm10"": 357, ""o3"": 0.55, ""no2"": 0.01, ""hum"": 0, ""fmhd"": 0, ""co2"": 5000, ""co"": 0.0}, ""smell_b"": {}, ""sfa30"": {""temp"": 21.125, ""hum"": 36.33, ""fmhd"": 1.6}, ""sen5x"": {""voc"": 142.0, ""temp"": 21.905, ""pm4_0"": 4349.0, ""pm2_5"": 4349.0, ""pm1_0"": 4147.0, ""pm10"": 4349.0, ""nox"": 1.0, ""mass_c"": 4298.5, ""hum"": 39.51}, ""scd41"": {""temp"": 20.56992, ""hum"": 38.75334, ""co2"": 720}, ""power_source"": 0, ""mics6814"": {""red_res"": 0, ""no2_res"": 0, ""no2"": 0.17, ""nh3_res"": 0, ""nh3"": 0.73, ""co_res"": 0, ""co"": 44.0}}",NULL,"2025-10-27 14:33:41.870686"
13289,"04a600b9b0b8","2025-10-27 14:32:47","ThRUMBPaH2eBM7wEd3x2","{""bme688"": [{""temp"": 21.24359, ""step"": 9, ""status"": 1, ""pres"": 966.0209, ""meas_profile"": ""HP-8"", ""meas_id"": 8, ""hum"": 35.70301, ""gas_res"": 5684.846}, {""temp"": 21.20593, ""step"": 9, ""status"": 1, ""pres"": 966.0725, ""meas_profile"": ""HP-7"", ""meas_id"": 7, ""hum"": 35.60321, ""gas_res"": 5684.846}, {""temp"": 21.29065, ""step"": 9, ""status"": 1, ""pres"": 966.3094, ""meas_profile"": ""HP-6"", ""meas_id"": 6, ""hum"": 35.48748, ""gas_res"": 6401.28}, {""temp"": 21.18062, ""step"": 9, ""status"": 1, ""pres"": 966.0178, ""meas_profile"": ""HP-5"", ""meas_id"": 5, ""hum"": 35.68214, ""gas_res"": 25000.0}, {""temp"": 20.93941, ""step"": 9, ""status"": 1, ""pres"": 966.128, ""meas_profile"": ""HP-4"", ""meas_id"": 4, ""hum"": 35.22126, ""gas_res"": 22495.61}, {""temp"": 21.10841, ""step"": 9, ""status"": 1, ""pres"": 965.7352, ""meas_profile"": ""HP-3"", ""meas_id"": 3, ""hum"": 35.72436, ""gas_res"": 6021.829}, {""temp"": 21.01403, ""step"": 9, ""status"": 1, ""pres"": 965.9304, ""meas_profile"": ""HP-2"", ""meas_id"": 2, ""hum"": 35.9804, ""gas_res"": 7162.041}, {""temp"": 20.77607, ""step"": 9, ""status"": 1, ""pres"": 965.9581, ""meas_profile"": ""HP-1"", ""meas_id"": 1, ""hum"": 34.31373, ""gas_res"": 8241.051}]}",NULL,"2025-10-27 14:33:43.693613"
13290,"04a600b9b0b8","2025-10-27 14:32:47","ThRUMBPaH2eBM7wEd3x2","{""bme688"": [{""temp"": 21.24327, ""step"": 8, ""status"": 1, ""pres"": 966.0204, ""meas_profile"": ""HP-8"", ""meas_id"": 8, ""hum"": 35.7145, ""gas_res"": 5684.846}, {""temp"": 21.20531, ""step"": 8, ""status"": 1, ""pres"": 966.0715, ""meas_profile"": ""HP-7"", ""meas_id"": 7, ""hum"": 35.59746, ""gas_res"": 5684.846}, {""temp"": 21.29065, ""step"": 8, ""status"": 1, ""pres"": 966.3112, ""meas_profile"": ""HP-6"", ""meas_id"": 6, ""hum"": 35.48748, ""gas_res"": 6644.518}, {""temp"": 21.18093, ""step"": 8, ""status"": 1, ""pres"": 966.02, ""meas_profile"": ""HP-5"", ""meas_id"": 5, ""hum"": 35.69358, ""gas_res"": 25000.0}, {""temp"": 20.93972, ""step"": 8, ""status"": 1, ""pres"": 966.1285, ""meas_profile"": ""HP-4"", ""meas_id"": 4, ""hum"": 35.20396, ""gas_res"": 21390.38}, {""temp"": 21.10841, ""step"": 8, ""status"": 1, ""pres"": 965.7352, ""meas_profile"": ""HP-3"", ""meas_id"": 3, ""hum"": 35.73014, ""gas_res"": 7806.782}, {""temp"": 21.01434, ""step"": 8, ""status"": 1, ""pres"": 965.9325, ""meas_profile"": ""HP-2"", ""meas_id"": 2, ""hum"": 35.96899, ""gas_res"": 7171.672}, {""temp"": 20.77575, ""step"": 8, ""status"": 1, ""pres"": 965.9574, ""meas_profile"": ""HP-1"", ""meas_id"": 1, ""hum"": 34.33129, ""gas_res"": 6004.879}]}",NULL,"2025-10-27 14:33:44.874717"
13291,"04a600b9b0b8","2025-10-27 14:32:47","ThRUMBPaH2eBM7wEd3x2","{""bme688"": [{""temp"": 21.24297, ""step"": 7, ""status"": 1, ""pres"": 966.0198, ""meas_profile"": ""HP-8"", ""meas_id"": 8, ""hum"": 35.72023, ""gas_res"": 5684.846}, {""temp"": 21.205, ""step"": 7, ""status"": 1, ""pres"": 966.0709, ""meas_profile"": ""HP-7"", ""meas_id"": 7, ""hum"": 35.63159, ""gas_res"": 5684.846}, {""temp"": 21.29065, ""step"": 7, ""status"": 1, ""pres"": 966.3112, ""meas_profile"": ""HP-6"", ""meas_id"": 6, ""hum"": 35.5048, ""gas_res"": 6494.824}, {""temp"": 21.18125, ""step"": 7, ""status"": 1, ""pres"": 966.0206, ""meas_profile"": ""HP-5"", ""meas_id"": 5, ""hum"": 35.70502, ""gas_res"": 22832.68}, {""temp"": 20.93972, ""step"": 7, ""status"": 1, ""pres"": 966.1301, ""meas_profile"": ""HP-4"", ""meas_id"": 4, ""hum"": 35.22706, ""gas_res"": 19352.89}, {""temp"": 21.1081, ""step"": 7, ""status"": 1, ""pres"": 965.7346, ""meas_profile"": ""HP-3"", ""meas_id"": 3, ""hum"": 35.74168, ""gas_res"": 7071.823}, {""temp"": 21.01434, ""step"": 7, ""status"": 1, ""pres"": 965.9325, ""meas_profile"": ""HP-2"", ""meas_id"": 2, ""hum"": 35.98042, ""gas_res"": 6762.468}, {""temp"": 20.77575, ""step"": 7, ""status"": 1, ""pres"": 965.9574, ""meas_profile"": ""HP-1"", ""meas_id"": 1, ""hum"": 34.32542, ""gas_res"": 7928.642}]}",NULL,"2025-10-27 14:33:46.146112"
13292,"04a600b9b0b8","2025-10-27 14:32:47","ThRUMBPaH2eBM7wEd3x2","{""bme688"": [{""temp"": 21.24297, ""step"": 6, ""status"": 1, ""pres"": 966.0217, ""meas_profile"": ""HP-8"", ""meas_id"": 8, ""hum"": 35.73175, ""gas_res"": 11118.83}, {""temp"": 21.20469, ""step"": 6, ""status"": 1, ""pres"": 966.0705, ""meas_profile"": ""HP-7"", ""meas_id"": 7, ""hum"": 35.62017, ""gas_res"": 16806.72}, {""temp"": 21.29065, ""step"": 6, ""status"": 1, ""pres"": 966.3129, ""meas_profile"": ""HP-6"", ""meas_id"": 6, ""hum"": 35.49325, ""gas_res"": 33117.72}, {""temp"": 21.18093, ""step"": 6, ""status"": 1, ""pres"": 966.0217, ""meas_profile"": ""HP-5"", ""meas_id"": 5, ""hum"": 35.70499, ""gas_res"": 113450.0}, {""temp"": 20.93941, ""step"": 6, ""status"": 1, ""pres"": 966.1296, ""meas_profile"": ""HP-4"", ""meas_id"": 4, ""hum"": 35.24436, ""gas_res"": 125644.2}, {""temp"": 21.10841, ""step"": 6, ""status"": 1, ""pres"": 965.7352, ""meas_profile"": ""HP-3"", ""meas_id"": 3, ""hum"": 35.7417, ""gas_res"": 46109.51}, {""temp"": 21.01403, ""step"": 6, ""status"": 1, ""pres"": 965.9337, ""meas_profile"": ""HP-2"", ""meas_id"": 2, ""hum"": 35.98611, ""gas_res"": 99436.78}, {""temp"": 20.77575, ""step"": 6, ""status"": 1, ""pres"": 965.9593, ""meas_profile"": ""HP-1"", ""meas_id"": 1, ""hum"": 34.32542, ""gas_res"": 100000.0}]}",NULL,"2025-10-27 14:33:50.146865"
13293,"04a600b9b0b8","2025-10-27 14:32:47","ThRUMBPaH2eBM7wEd3x2","{""bme688"": [{""temp"": 21.24327, ""step"": 5, ""status"": 1, ""pres"": 966.0221, ""meas_profile"": ""HP-8"", ""meas_id"": 8, ""hum"": 35.73754, ""gas_res"": 11061.18}, {""temp"": 21.20469, ""step"": 5, ""status"": 1, ""pres"": 966.0705, ""meas_profile"": ""HP-7"", ""meas_id"": 7, ""hum"": 35.60879, ""gas_res"": 16740.78}, {""temp"": 21.29065, ""step"": 5, ""status"": 1, ""pres"": 966.3129, ""meas_profile"": ""HP-6"", ""meas_id"": 6, ""hum"": 35.49325, ""gas_res"": 33272.68}, {""temp"": 21.18093, ""step"": 5, ""status"": 1, ""pres"": 966.0217, ""meas_profile"": ""HP-5"", ""meas_id"": 5, ""hum"": 35.70499, ""gas_res"": 114978.7}, {""temp"": 20.93941, ""step"": 5, ""status"": 1, ""pres"": 966.1296, ""meas_profile"": ""HP-4"", ""meas_id"": 4, ""hum"": 35.22703, ""gas_res"": 127904.1}, {""temp"": 21.10872, ""step"": 5, ""status"": 1, ""pres"": 965.7356, ""meas_profile"": ""HP-3"", ""meas_id"": 3, ""hum"": 35.7533, ""gas_res"": 45277.68}, {""temp"": 21.01403, ""step"": 5, ""status"": 1, ""pres"": 965.9337, ""meas_profile"": ""HP-2"", ""meas_id"": 2, ""hum"": 35.99183, ""gas_res"": 97227.5}, {""temp"": 20.77575, ""step"": 5, ""status"": 1, ""pres"": 965.9593, ""meas_profile"": ""HP-1"", ""meas_id"": 1, ""hum"": 34.32542, ""gas_res"": 100000.0}]}",NULL,"2025-10-27 14:33:50.836072"
13294,"04a600b9b0b8","2025-10-27 14:32:47","ThRUMBPaH2eBM7wEd3x2","{""bme688"": [{""temp"": 21.24359, ""step"": 4, ""status"": 1, ""pres"": 966.0244, ""meas_profile"": ""HP-8"", ""meas_id"": 8, ""hum"": 35.73181, ""gas_res"": 11038.29}, {""temp"": 21.20469, ""step"": 4, ""status"": 1, ""pres"": 966.0687, ""meas_profile"": ""HP-7"", ""meas_id"": 7, ""hum"": 35.62587, ""gas_res"": 16675.35}, {""temp"": 21.29096, ""step"": 4, ""status"": 1, ""pres"": 966.3134, ""meas_profile"": ""HP-6"", ""meas_id"": 6, ""hum"": 35.50482, ""gas_res"": 33988.32}, {""temp"": 21.18062, ""step"": 4, ""status"": 1, ""pres"": 966.0212, ""meas_profile"": ""HP-5"", ""meas_id"": 5, ""hum"": 35.70497, ""gas_res"": 119486.6}, {""temp"": 20.93941, ""step"": 4, ""status"": 1, ""pres"": 966.1312, ""meas_profile"": ""HP-4"", ""meas_id"": 4, ""hum"": 35.23859, ""gas_res"": 133402.8}, {""temp"": 21.10872, ""step"": 4, ""status"": 1, ""pres"": 965.7356, ""meas_profile"": ""HP-3"", ""meas_id"": 3, ""hum"": 35.7533, ""gas_res"": 44061.96}, {""temp"": 21.01372, ""step"": 4, ""status"": 1, ""pres"": 965.9332, ""meas_profile"": ""HP-2"", ""meas_id"": 2, ""hum"": 35.9918, ""gas_res"": 95433.37}, {""temp"": 20.77607, ""step"": 4, ""status"": 1, ""pres"": 965.9599, ""meas_profile"": ""HP-1"", ""meas_id"": 1, ""hum"": 34.33132, ""gas_res"": 92418.77}]}",NULL,"2025-10-27 14:33:51.512923"
13295,"04a600b9b0b8","2025-10-27 14:32:47","ThRUMBPaH2eBM7wEd3x2","{""bme688"": [{""temp"": 21.24327, ""step"": 3, ""status"": 1, ""pres"": 966.0239, ""meas_profile"": ""HP-8"", ""meas_id"": 8, ""hum"": 35.7433, ""gas_res"": 29317.45}, {""temp"": 21.20437, ""step"": 3, ""status"": 1, ""pres"": 966.0683, ""meas_profile"": ""HP-7"", ""meas_id"": 7, ""hum"": 35.63153, ""gas_res"": 40622.02}, {""temp"": 21.29065, ""step"": 3, ""status"": 1, ""pres"": 966.3147, ""meas_profile"": ""HP-6"", ""meas_id"": 6, ""hum"": 35.5048, ""gas_res"": 145578.6}, {""temp"": 21.18062, ""step"": 3, ""status"": 1, ""pres"": 966.0228, ""meas_profile"": ""HP-5"", ""meas_id"": 5, ""hum"": 35.71638, ""gas_res"": 388246.4}, {""temp"": 20.93941, ""step"": 3, ""status"": 1, ""pres"": 966.1312, ""meas_profile"": ""HP-4"", ""meas_id"": 4, ""hum"": 35.24436, ""gas_res"": 549061.7}, {""temp"": 21.10872, ""step"": 3, ""status"": 1, ""pres"": 965.7356, ""meas_profile"": ""HP-3"", ""meas_id"": 3, ""hum"": 35.75908, ""gas_res"": 251844.6}, {""temp"": 21.01341, ""step"": 3, ""status"": 1, ""pres"": 965.9344, ""meas_profile"": ""HP-2"", ""meas_id"": 2, ""hum"": 35.99177, ""gas_res"": 487851.3}, {""temp"": 20.77575, ""step"": 3, ""status"": 1, ""pres"": 965.9593, ""meas_profile"": ""HP-1"", ""meas_id"": 1, ""hum"": 34.34301, ""gas_res"": 330322.6}]}",NULL,"2025-10-27 14:33:52.192616"
13296,"04a600b9b0b8","2025-10-27 14:32:47","ThRUMBPaH2eBM7wEd3x2","{""bme688"": [{""temp"": 21.24327, ""step"": 2, ""status"": 1, ""pres"": 966.0256, ""meas_profile"": ""HP-8"", ""meas_id"": 8, ""hum"": 35.73754, ""gas_res"": 31550.41}, {""temp"": 21.20437, ""step"": 2, ""status"": 1, ""pres"": 966.0683, ""meas_profile"": ""HP-7"", ""meas_id"": 7, ""hum"": 35.62014, ""gas_res"": 44429.02}, {""temp"": 21.29065, ""step"": 2, ""status"": 1, ""pres"": 966.3147, ""meas_profile"": ""HP-6"", ""meas_id"": 6, ""hum"": 35.51057, ""gas_res"": 180536.0}, {""temp"": 21.18031, ""step"": 2, ""status"": 1, ""pres"": 966.0223, ""meas_profile"": ""HP-5"", ""meas_id"": 5, ""hum"": 35.71064, ""gas_res"": 507056.2}, {""temp"": 20.9391, ""step"": 2, ""status"": 1, ""pres"": 966.1309, ""meas_profile"": ""HP-4"", ""meas_id"": 4, ""hum"": 35.23856, ""gas_res"": 692828.1}, {""temp"": 21.10872, ""step"": 2, ""status"": 1, ""pres"": 965.7356, ""meas_profile"": ""HP-3"", ""meas_id"": 3, ""hum"": 35.76486, ""gas_res"": 321911.3}, {""temp"": 21.01341, ""step"": 2, ""status"": 1, ""pres"": 965.9344, ""meas_profile"": ""HP-2"", ""meas_id"": 2, ""hum"": 36.00892, ""gas_res"": 563566.3}, {""temp"": 20.77575, ""step"": 2, ""status"": 1, ""pres"": 965.9593, ""meas_profile"": ""HP-1"", ""meas_id"": 1, ""hum"": 34.33715, ""gas_res"": 403149.6}]}",NULL,"2025-10-27 14:33:52.882052"
13297,"04a600b9b0b8","2025-10-27 14:32:47","ThRUMBPaH2eBM7wEd3x2","{""bme688"": [{""temp"": 21.24327, ""step"": 1, ""status"": 1, ""pres"": 966.0256, ""meas_profile"": ""HP-8"", ""meas_id"": 8, ""hum"": 35.73754, ""gas_res"": 7319.305}, {""temp"": 21.20437, ""step"": 1, ""status"": 1, ""pres"": 966.0683, ""meas_profile"": ""HP-7"", ""meas_id"": 7, ""hum"": 35.64861, ""gas_res"": 8613.729}, {""temp"": 21.29065, ""step"": 1, ""status"": 1, ""pres"": 966.3147, ""meas_profile"": ""HP-6"", ""meas_id"": 6, ""hum"": 35.51057, ""gas_res"": 25000.0}, {""temp"": 21.18062, ""step"": 1, ""status"": 1, ""pres"": 966.0228, ""meas_profile"": ""HP-5"", ""meas_id"": 5, ""hum"": 35.72209, ""gas_res"": 34042.55}, {""temp"": 20.9391, ""step"": 1, ""status"": 1, ""pres"": 966.1326, ""meas_profile"": ""HP-4"", ""meas_id"": 4, ""hum"": 35.26167, ""gas_res"": 35844.3}, {""temp"": 21.10872, ""step"": 1, ""status"": 1, ""pres"": 965.7356, ""meas_profile"": ""HP-3"", ""meas_id"": 3, ""hum"": 35.7822, ""gas_res"": 25000.0}, {""temp"": 21.01341, ""step"": 1, ""status"": 1, ""pres"": 965.9361, ""meas_profile"": ""HP-2"", ""meas_id"": 2, ""hum"": 36.02607, ""gas_res"": 30955.26}, {""temp"": 20.77607, ""step"": 1, ""status"": 1, ""pres"": 965.9599, ""meas_profile"": ""HP-1"", ""meas_id"": 1, ""hum"": 34.34304, ""gas_res"": 25000.0}]}",NULL,"2025-10-27 14:33:53.852556"
13298,"04a600b9b0b8","2025-10-27 14:32:47","ThRUMBPaH2eBM7wEd3x2","{""bme688"": [{""temp"": 21.24297, ""step"": 0, ""status"": 1, ""pres"": 966.0251, ""meas_profile"": ""HP-8"", ""meas_id"": 8, ""hum"": 35.76631, ""gas_res"": 5684.846}, {""temp"": 21.20407, ""step"": 0, ""status"": 1, ""pres"": 966.0679, ""meas_profile"": ""HP-7"", ""meas_id"": 7, ""hum"": 35.6315, ""gas_res"": 5684.846}, {""temp"": 21.29065, ""step"": 0, ""status"": 1, ""pres"": 966.3147, ""meas_profile"": ""HP-6"", ""meas_id"": 6, ""hum"": 35.51634, ""gas_res"": 6858.123}, {""temp"": 21.18093, ""step"": 0, ""status"": 1, ""pres"": 966.0251, ""meas_profile"": ""HP-5"", ""meas_id"": 5, ""hum"": 35.73924, ""gas_res"": 23332.12}, {""temp"": 20.93941, ""step"": 0, ""status"": 1, ""pres"": 966.133, ""meas_profile"": ""HP-4"", ""meas_id"": 4, ""hum"": 35.25014, ""gas_res"": 20043.85}, {""temp"": 21.10872, ""step"": 0, ""status"": 1, ""pres"": 965.7356, ""meas_profile"": ""HP-3"", ""meas_id"": 3, ""hum"": 35.76486, ""gas_res"": 7020.623}, {""temp"": 21.01341, ""step"": 0, ""status"": 1, ""pres"": 965.9361, ""meas_profile"": ""HP-2"", ""meas_id"": 2, ""hum"": 36.0032, ""gas_res"": 6506.71}, {""temp"": 20.77575, ""step"": 0, ""status"": 1, ""pres"": 965.9593, ""meas_profile"": ""HP-1"", ""meas_id"": 1, ""hum"": 34.35474, ""gas_res"": 7606.37}]}",NULL,"2025-10-27 14:33:54.578091"
13299,"04a600b9b0b8","2025-10-27 14:32:09","ThRUMBPaH2eBM7wEd3x2","{""zphs01b"": {""voc"": 0, ""temp"": 18.8, ""pm2_5"": 0, ""pm1_0"": 0, ""pm10"": 351, ""o3"": 0.59, ""no2"": 10.0, ""hum"": 0, ""fmhd"": 0, ""co2"": 5000, ""co"": 0.0}, ""smell_b"": {}, ""sfa30"": {""temp"": 21.11, ""hum"": 36.48, ""fmhd"": 1.0}, ""sen5x"": {""voc"": 171.0, ""temp"": 22.08, ""pm4_0"": 4466.1, ""pm2_5"": 4466.1, ""pm1_0"": 4258.7, ""pm10"": 4466.1, ""nox"": 1.0, ""mass_c"": 4414.25, ""hum"": 39.1}, ""scd41"": {""temp"": 20.78088, ""hum"": 37.66995, ""co2"": 712}, ""power_source"": 0, ""mics6814"": {""red_res"": 0, ""no2_res"": 0, ""no2"": 0.17, ""nh3_res"": 0, ""nh3"": 0.73, ""co_res"": 0, ""co"": 44.0}}",NULL,"2025-10-27 14:33:55.198601"
13300,"04a600b9b0b8","2025-10-27 14:32:09","ThRUMBPaH2eBM7wEd3x2","{""bme688"": [{""temp"": 21.24266, ""step"": 9, ""status"": 1, ""pres"": 966.0247, ""meas_profile"": ""HP-8"", ""meas_id"": 8, ""hum"": 35.78357, ""gas_res"": 5684.846}, {""temp"": 21.20375, ""step"": 9, ""status"": 1, ""pres"": 966.0673, ""meas_profile"": ""HP-7"", ""meas_id"": 7, ""hum"": 35.65424, ""gas_res"": 5684.846}, {""temp"": 21.29065, ""step"": 9, ""status"": 1, ""pres"": 966.3164, ""meas_profile"": ""HP-6"", ""meas_id"": 6, ""hum"": 35.55099, ""gas_res"": 7934.54}, {""temp"": 21.18093, ""step"": 9, ""status"": 1, ""pres"": 966.0251, ""meas_profile"": ""HP-5"", ""meas_id"": 5, ""hum"": 35.74495, ""gas_res"": 21563.34}, {""temp"": 20.93941, ""step"": 9, ""status"": 1, ""pres"": 966.133, ""meas_profile"": ""HP-4"", ""meas_id"": 4, ""hum"": 35.2617, ""gas_res"": 18181.82}, {""temp"": 21.10872, ""step"": 9, ""status"": 1, ""pres"": 965.7356, ""meas_profile"": ""HP-3"", ""meas_id"": 3, ""hum"": 35.79955, ""gas_res"": 6673.618}, {""temp"": 21.0131, ""step"": 9, ""status"": 1, ""pres"": 965.9373, ""meas_profile"": ""HP-2"", ""meas_id"": 2, ""hum"": 36.03176, ""gas_res"": 5888.848}, {""temp"": 20.77575, ""step"": 9, ""status"": 1, ""pres"": 965.9593, ""meas_profile"": ""HP-1"", ""meas_id"": 1, ""hum"": 34.36647, ""gas_res"": 6715.635}]}",NULL,"2025-10-27 14:33:55.939645"
13301,"04a600b9b0b8","2025-10-27 14:32:09","ThRUMBPaH2eBM7wEd3x2","{""bme688"": [{""temp"": 21.24235, ""step"": 8, ""status"": 1, ""pres"": 966.026, ""meas_profile"": ""HP-8"", ""meas_id"": 8, ""hum"": 35.77777, ""gas_res"": 5684.846}, {""temp"": 21.20344, ""step"": 8, ""status"": 1, ""pres"": 966.0668, ""meas_profile"": ""HP-7"", ""meas_id"": 7, ""hum"": 35.6656, ""gas_res"": 5684.846}, {""temp"": 21.29034, ""step"": 8, ""status"": 1, ""pres"": 966.3159, ""meas_profile"": ""HP-6"", ""meas_id"": 6, ""hum"": 35.55674, ""gas_res"": 5954.596}, {""temp"": 21.18093, ""step"": 8, ""status"": 1, ""pres"": 966.0251, ""meas_profile"": ""HP-5"", ""meas_id"": 5, ""hum"": 35.73924, ""gas_res"": 19335.35}, {""temp"": 20.93941, ""step"": 8, ""status"": 1, ""pres"": 966.1347, ""meas_profile"": ""HP-4"", ""meas_id"": 4, ""hum"": 35.27903, ""gas_res"": 11177.09}, {""temp"": 21.10872, ""step"": 8, ""status"": 1, ""pres"": 965.7356, ""meas_profile"": ""HP-3"", ""meas_id"": 3, ""hum"": 35.79955, ""gas_res"": 5941.33}, {""temp"": 21.0131, ""step"": 8, ""status"": 1, ""pres"": 965.9373, ""meas_profile"": ""HP-2"", ""meas_id"": 2, ""hum"": 36.04892, ""gas_res"": 7887.602}, {""temp"": 20.77575, ""step"": 8, ""status"": 1, ""pres"": 965.9593, ""meas_profile"": ""HP-1"", ""meas_id"": 1, ""hum"": 34.37233, ""gas_res"": 6587.073}]}",NULL,"2025-10-27 14:33:56.630781"
13302,"04a600b9b0b8","2025-10-27 14:32:09","ThRUMBPaH2eBM7wEd3x2","{""bme688"": [{""temp"": 21.24204, ""step"": 7, ""status"": 1, ""pres"": 966.0254, ""meas_profile"": ""HP-8"", ""meas_id"": 8, ""hum"": 35.79503, ""gas_res"": 5684.846}, {""temp"": 21.20282, ""step"": 7, ""status"": 1, ""pres"": 966.0641, ""meas_profile"": ""HP-7"", ""meas_id"": 7, ""hum"": 35.65985, ""gas_res"": 5684.846}, {""temp"": 21.29034, ""step"": 7, ""status"": 1, ""pres"": 966.3159, ""meas_profile"": ""HP-6"", ""meas_id"": 6, ""hum"": 35.55674, ""gas_res"": 7744.434}, {""temp"": 21.18093, ""step"": 7, ""status"": 1, ""pres"": 966.0251, ""meas_profile"": ""HP-5"", ""meas_id"": 5, ""hum"": 35.75066, ""gas_res"": 17758.05}, {""temp"": 20.93972, ""step"": 7, ""status"": 1, ""pres"": 966.1351, ""meas_profile"": ""HP-4"", ""meas_id"": 4, ""hum"": 35.27906, ""gas_res"": 10003.13}, {""temp"": 21.10841, ""step"": 7, ""status"": 1, ""pres"": 965.7352, ""meas_profile"": ""HP-3"", ""meas_id"": 3, ""hum"": 35.80531, ""gas_res"": 6844.92}, {""temp"": 21.0131, ""step"": 7, ""status"": 1, ""pres"": 965.9373, ""meas_profile"": ""HP-2"", ""meas_id"": 2, ""hum"": 36.0432, ""gas_res"": 6947.46}, {""temp"": 20.77575, ""step"": 7, ""status"": 1, ""pres"": 965.9593, ""meas_profile"": ""HP-1"", ""meas_id"": 1, ""hum"": 34.3782, ""gas_res"": 7677.543}]}",NULL,"2025-10-27 14:33:57.320127"
13303,"04a600b9b0b8","2025-10-27 14:32:09","ThRUMBPaH2eBM7wEd3x2","{""bme688"": [{""temp"": 21.24173, ""step"": 6, ""status"": 1, ""pres"": 966.0249, ""meas_profile"": ""HP-8"", ""meas_id"": 8, ""hum"": 35.795, ""gas_res"": 14087.61}, {""temp"": 21.20282, ""step"": 6, ""status"": 1, ""pres"": 966.0641, ""meas_profile"": ""HP-7"", ""meas_id"": 7, ""hum"": 35.68263, ""gas_res"": 17481.56}, {""temp"": 21.29034, ""step"": 6, ""status"": 1, ""pres"": 966.3159, ""meas_profile"": ""HP-6"", ""meas_id"": 6, ""hum"": 35.55674, ""gas_res"": 27222.46}, {""temp"": 21.18125, ""step"": 6, ""status"": 1, ""pres"": 966.0256, ""meas_profile"": ""HP-5"", ""meas_id"": 5, ""hum"": 35.77352, ""gas_res"": 100000.0}, {""temp"": 20.93972, ""step"": 6, ""status"": 1, ""pres"": 966.1351, ""meas_profile"": ""HP-4"", ""meas_id"": 4, ""hum"": 35.29062, ""gas_res"": 100000.0}, {""temp"": 21.10872, ""step"": 6, ""status"": 1, ""pres"": 965.7356, ""meas_profile"": ""HP-3"", ""meas_id"": 3, ""hum"": 35.81112, ""gas_res"": 30039.9}, {""temp"": 21.0131, ""step"": 6, ""status"": 1, ""pres"": 965.9389, ""meas_profile"": ""HP-2"", ""meas_id"": 2, ""hum"": 36.02604, ""gas_res"": 44802.24}, {""temp"": 20.77607, ""step"": 6, ""status"": 1, ""pres"": 965.9599, ""meas_profile"": ""HP-1"", ""meas_id"": 1, ""hum"": 34.37822, ""gas_res"": 36930.18}]}",NULL,"2025-10-27 14:33:58.018278"
13304,"04a600b9b0b8","2025-10-27 14:32:09","ThRUMBPaH2eBM7wEd3x2","{""bme688"": [{""temp"": 21.24173, ""step"": 5, ""status"": 1, ""pres"": 966.0249, ""meas_profile"": ""HP-8"", ""meas_id"": 8, ""hum"": 35.795, ""gas_res"": 14430.67}, {""temp"": 21.20251, ""step"": 5, ""status"": 1, ""pres"": 966.0635, ""meas_profile"": ""HP-7"", ""meas_id"": 7, ""hum"": 35.69968, ""gas_res"": 17847.18}, {""temp"": 21.29003, ""step"": 5, ""status"": 1, ""pres"": 966.3153, ""meas_profile"": ""HP-6"", ""meas_id"": 6, ""hum"": 35.56825, ""gas_res"": 27735.64}, {""temp"": 21.18125, ""step"": 5, ""status"": 1, ""pres"": 966.0273, ""meas_profile"": ""HP-5"", ""meas_id"": 5, ""hum"": 35.76781, ""gas_res"": 100000.0}, {""temp"": 20.94003, ""step"": 5, ""status"": 1, ""pres"": 966.1373, ""meas_profile"": ""HP-4"", ""meas_id"": 4, ""hum"": 35.29065, ""gas_res"": 100000.0}, {""temp"": 21.10903, ""step"": 5, ""status"": 1, ""pres"": 965.736, ""meas_profile"": ""HP-3"", ""meas_id"": 3, ""hum"": 35.81115, ""gas_res"": 28802.88}, {""temp"": 21.01341, ""step"": 5, ""status"": 1, ""pres"": 965.9395, ""meas_profile"": ""HP-2"", ""meas_id"": 2, ""hum"": 36.0661, ""gas_res"": 43170.32}, {""temp"": 20.77607, ""step"": 5, ""status"": 1, ""pres"": 965.9599, ""meas_profile"": ""HP-1"", ""meas_id"": 1, ""hum"": 34.37236, ""gas_res"": 35078.11}]}",NULL,"2025-10-27 14:33:59.000613"
13305,"04a600b9b0b8","2025-10-27 14:32:09","ThRUMBPaH2eBM7wEd3x2","{""bme688"": [{""temp"": 21.24173, ""step"": 4, ""status"": 1, ""pres"": 966.0267, ""meas_profile"": ""HP-8"", ""meas_id"": 8, ""hum"": 35.80653, ""gas_res"": 15126.45}, {""temp"": 21.20251, ""step"": 4, ""status"": 1, ""pres"": 966.0618, ""meas_profile"": ""HP-7"", ""meas_id"": 7, ""hum"": 35.69968, ""gas_res"": 18957.35}, {""temp"": 21.29034, ""step"": 4, ""status"": 1, ""pres"": 966.3159, ""meas_profile"": ""HP-6"", ""meas_id"": 6, ""hum"": 35.56829, ""gas_res"": 29705.27}, {""temp"": 21.18156, ""step"": 4, ""status"": 1, ""pres"": 966.0277, ""meas_profile"": ""HP-5"", ""meas_id"": 5, ""hum"": 35.76213, ""gas_res"": 100000.0}, {""temp"": 20.94034, ""step"": 4, ""status"": 1, ""pres"": 966.1379, ""meas_profile"": ""HP-4"", ""meas_id"": 4, ""hum"": 35.31958, ""gas_res"": 100000.0}, {""temp"": 21.10933, ""step"": 4, ""status"": 1, ""pres"": 965.7366, ""meas_profile"": ""HP-3"", ""meas_id"": 3, ""hum"": 35.81697, ""gas_res"": 28764.04}, {""temp"": 21.01372, ""step"": 4, ""status"": 1, ""pres"": 965.9399, ""meas_profile"": ""HP-2"", ""meas_id"": 2, ""hum"": 36.04897, ""gas_res"": 43126.68}, {""temp"": 20.77638, ""step"": 4, ""status"": 1, ""pres"": 965.9621, ""meas_profile"": ""HP-1"", ""meas_id"": 1, ""hum"": 34.38412, ""gas_res"": 34178.91}]}",NULL,"2025-10-27 14:33:59.725924"
13306,"04a600b9b0b8","2025-10-27 14:32:09","ThRUMBPaH2eBM7wEd3x2","{""bme688"": [{""temp"": 21.24173, ""step"": 3, ""status"": 1, ""pres"": 966.0267, ""meas_profile"": ""HP-8"", ""meas_id"": 8, ""hum"": 35.80077, ""gas_res"": 47504.18}, {""temp"": 21.2022, ""step"": 3, ""status"": 1, ""pres"": 966.0614, ""meas_profile"": ""HP-7"", ""meas_id"": 7, ""hum"": 35.69965, ""gas_res"": 65322.79}, {""temp"": 21.29003, ""step"": 3, ""status"": 1, ""pres"": 966.3153, ""meas_profile"": ""HP-6"", ""meas_id"": 6, ""hum"": 35.59713, ""gas_res"": 180154.8}, {""temp"": 21.18156, ""step"": 3, ""status"": 1, ""pres"": 966.0277, ""meas_profile"": ""HP-5"", ""meas_id"": 5, ""hum"": 35.79068, ""gas_res"": 443194.1}, {""temp"": 20.94003, ""step"": 3, ""status"": 1, ""pres"": 966.1373, ""meas_profile"": ""HP-4"", ""meas_id"": 4, ""hum"": 35.32533, ""gas_res"": 536969.1}, {""temp"": 21.10903, ""step"": 3, ""status"": 1, ""pres"": 965.736, ""meas_profile"": ""HP-3"", ""meas_id"": 3, ""hum"": 35.82851, ""gas_res"": 224956.1}, {""temp"": 21.01341, ""step"": 3, ""status"": 1, ""pres"": 965.9411, ""meas_profile"": ""HP-2"", ""meas_id"": 2, ""hum"": 36.06038, ""gas_res"": 426844.5}, {""temp"": 20.77638, ""step"": 3, ""status"": 1, ""pres"": 965.9621, ""meas_profile"": ""HP-1"", ""meas_id"": 1, ""hum"": 34.41931, ""gas_res"": 287478.9}]}",NULL,"2025-10-27 14:34:00.407024"
13307,"04a600b9b0b8","2025-10-27 14:32:09","ThRUMBPaH2eBM7wEd3x2","{""bme688"": [{""temp"": 21.24173, ""step"": 2, ""status"": 1, ""pres"": 966.0267, ""meas_profile"": ""HP-8"", ""meas_id"": 8, ""hum"": 35.81805, ""gas_res"": 41450.78}, {""temp"": 21.2022, ""step"": 2, ""status"": 1, ""pres"": 966.0614, ""meas_profile"": ""HP-7"", ""meas_id"": 7, ""hum"": 35.69965, ""gas_res"": 59327.93}, {""temp"": 21.29003, ""step"": 2, ""status"": 1, ""pres"": 966.3153, ""meas_profile"": ""HP-6"", ""meas_id"": 6, ""hum"": 35.60291, ""gas_res"": 162025.3}, {""temp"": 21.18156, ""step"": 2, ""status"": 1, ""pres"": 966.0277, ""meas_profile"": ""HP-5"", ""meas_id"": 5, ""hum"": 35.8021, ""gas_res"": 386488.0}, {""temp"": 20.94003, ""step"": 2, ""status"": 1, ""pres"": 966.1373, ""meas_profile"": ""HP-4"", ""meas_id"": 4, ""hum"": 35.31376, ""gas_res"": 465560.3}, {""temp"": 21.10903, ""step"": 2, ""status"": 1, ""pres"": 965.736, ""meas_profile"": ""HP-3"", ""meas_id"": 3, ""hum"": 35.85743, ""gas_res"": 196696.1}, {""temp"": 21.01341, ""step"": 2, ""status"": 1, ""pres"": 965.9411, ""meas_profile"": ""HP-2"", ""meas_id"": 2, ""hum"": 36.07182, ""gas_res"": 351045.6}, {""temp"": 20.77638, ""step"": 2, ""status"": 1, ""pres"": 965.9621, ""meas_profile"": ""HP-1"", ""meas_id"": 1, ""hum"": 34.41931, ""gas_res"": 249269.7}]}",NULL,"2025-10-27 14:34:01.134079"
13308,"04a600b9b0b8","2025-10-27 14:32:09","ThRUMBPaH2eBM7wEd3x2","{""bme688"": [{""temp"": 21.24173, ""step"": 1, ""status"": 1, ""pres"": 966.0267, ""meas_profile"": ""HP-8"", ""meas_id"": 8, ""hum"": 35.85263, ""gas_res"": 8791.209}, {""temp"": 21.20251, ""step"": 1, ""status"": 1, ""pres"": 966.0618, ""meas_profile"": ""HP-7"", ""meas_id"": 7, ""hum"": 35.72816, ""gas_res"": 10155.51}, {""temp"": 21.29003, ""step"": 1, ""status"": 1, ""pres"": 966.317, ""meas_profile"": ""HP-6"", ""meas_id"": 6, ""hum"": 35.58558, ""gas_res"": 25000.0}, {""temp"": 21.18187, ""step"": 1, ""status"": 1, ""pres"": 966.0299, ""meas_profile"": ""HP-5"", ""meas_id"": 5, ""hum"": 35.79071, ""gas_res"": 28400.27}, {""temp"": 20.94034, ""step"": 1, ""status"": 1, ""pres"": 966.1396, ""meas_profile"": ""HP-4"", ""meas_id"": 4, ""hum"": 35.3427, ""gas_res"": 27574.32}, {""temp"": 21.10933, ""step"": 1, ""status"": 1, ""pres"": 965.7366, ""meas_profile"": ""HP-3"", ""meas_id"": 3, ""hum"": 35.85168, ""gas_res"": 25000.0}, {""temp"": 21.01372, ""step"": 1, ""status"": 1, ""pres"": 965.9416, ""meas_profile"": ""HP-2"", ""meas_id"": 2, ""hum"": 36.08329, ""gas_res"": 25000.0}, {""temp"": 20.77669, ""step"": 1, ""status"": 1, ""pres"": 965.9626, ""meas_profile"": ""HP-1"", ""meas_id"": 1, ""hum"": 34.40761, ""gas_res"": 25000.0}]}",NULL,"2025-10-27 14:34:01.81309"
13309,"04a600b9b0b8","2025-10-27 14:32:09","ThRUMBPaH2eBM7wEd3x2","{""bme688"": [{""temp"": 21.24142, ""step"": 0, ""status"": 1, ""pres"": 966.028, ""meas_profile"": ""HP-8"", ""meas_id"": 8, ""hum"": 35.8353, ""gas_res"": 5684.846}, {""temp"": 21.2022, ""step"": 0, ""status"": 1, ""pres"": 966.0614, ""meas_profile"": ""HP-7"", ""meas_id"": 7, ""hum"": 35.72244, ""gas_res"": 5777.216}, {""temp"": 21.29003, ""step"": 0, ""status"": 1, ""pres"": 966.317, ""meas_profile"": ""HP-6"", ""meas_id"": 6, ""hum"": 35.59135, ""gas_res"": 6416.684}, {""temp"": 21.18187, ""step"": 0, ""status"": 1, ""pres"": 966.0299, ""meas_profile"": ""HP-5"", ""meas_id"": 5, ""hum"": 35.80784, ""gas_res"": 19875.78}, {""temp"": 20.94034, ""step"": 0, ""status"": 1, ""pres"": 966.1396, ""meas_profile"": ""HP-4"", ""meas_id"": 4, ""hum"": 35.3427, ""gas_res"": 10902.9}, {""temp"": 21.10933, ""step"": 0, ""status"": 1, ""pres"": 965.7366, ""meas_profile"": ""HP-3"", ""meas_id"": 3, ""hum"": 35.85746, ""gas_res"": 6758.184}, {""temp"": 21.01341, ""step"": 0, ""status"": 1, ""pres"": 965.9427, ""meas_profile"": ""HP-2"", ""meas_id"": 2, ""hum"": 36.0661, ""gas_res"": 6818.666}, {""temp"": 20.77638, ""step"": 0, ""status"": 1, ""pres"": 965.9621, ""meas_profile"": ""HP-1"", ""meas_id"": 1, ""hum"": 34.42517, ""gas_res"": 7447.056}]}",NULL,"2025-10-27 14:34:02.489262"
13325,"04a600b9b0b8","2025-10-27 14:34:32","ThRUMBPaH2eBM7wEd3x2","{""zphs01b"": {""voc"": 0, ""temp"": 18.9, ""pm2_5"": 0, ""pm1_0"": 0, ""pm10"": 360, ""o3"": 0.41, ""no2"": 4.34, ""hum"": 0, ""fmhd"": 0, ""co2"": 5000, ""co"": 0.0}, ""smell_b"": {}, ""sfa30"": {""temp"": 21.16, ""hum"": 36.19, ""fmhd"": 2.2}, ""sen5x"": {""voc"": 121.0, ""temp"": 21.605, ""pm4_0"": 4459.2, ""pm2_5"": 4459.2, ""pm1_0"": 4252.1, ""pm10"": 4459.2, ""nox"": 1.0, ""mass_c"": 4407.425, ""hum"": 40.32}, ""scd41"": {""temp"": 20.58862, ""hum"": 39.34996, ""co2"": 742}, ""power_source"": 0, ""mics6814"": {""red_res"": 0, ""no2_res"": 0, ""no2"": 0.17, ""nh3_res"": 0, ""nh3"": 0.73, ""co_res"": 0, ""co"": 44.0}}",NULL,"2025-10-27 14:35:17.196834"
13326,"04a600b9b0b8","2025-10-27 14:34:32","ThRUMBPaH2eBM7wEd3x2","{""bme688"": [{""temp"": 21.25038, ""step"": 9, ""status"": 1, ""pres"": 966.0244, ""meas_profile"": ""HP-8"", ""meas_id"": 8, ""hum"": 35.58854, ""gas_res"": 5684.846}, {""temp"": 21.21338, ""step"": 9, ""status"": 1, ""pres"": 966.0882, ""meas_profile"": ""HP-7"", ""meas_id"": 7, ""hum"": 35.43892, ""gas_res"": 5684.846}, {""temp"": 21.29497, ""step"": 9, ""status"": 1, ""pres"": 966.301, ""meas_profile"": ""HP-6"", ""meas_id"": 6, ""hum"": 35.3321, ""gas_res"": 7020.623}, {""temp"": 21.18438, ""step"": 9, ""status"": 1, ""pres"": 966.012, ""meas_profile"": ""HP-5"", ""meas_id"": 5, ""hum"": 35.55131, ""gas_res"": 25000.0}, {""temp"": 20.94376, ""step"": 9, ""status"": 1, ""pres"": 966.1152, ""meas_profile"": ""HP-4"", ""meas_id"": 4, ""hum"": 35.06579, ""gas_res"": 25000.0}, {""temp"": 21.11367, ""step"": 9, ""status"": 1, ""pres"": 965.7385, ""meas_profile"": ""HP-3"", ""meas_id"": 3, ""hum"": 35.5862, ""gas_res"": 7067.138}, {""temp"": 21.01868, ""step"": 9, ""status"": 1, ""pres"": 965.921, ""meas_profile"": ""HP-2"", ""meas_id"": 2, ""hum"": 35.84943, ""gas_res"": 8683.854}, {""temp"": 20.78105, ""step"": 9, ""status"": 1, ""pres"": 965.9529, ""meas_profile"": ""HP-1"", ""meas_id"": 1, ""hum"": 34.20871, ""gas_res"": 6783.973}]}",NULL,"2025-10-27 14:35:18.320489"
13327,"04a600b9b0b8","2025-10-27 14:34:32","ThRUMBPaH2eBM7wEd3x2","{""bme688"": [{""temp"": 21.24945, ""step"": 8, ""status"": 1, ""pres"": 966.0229, ""meas_profile"": ""HP-8"", ""meas_id"": 8, ""hum"": 35.5942, ""gas_res"": 5684.846}, {""temp"": 21.21276, ""step"": 8, ""status"": 1, ""pres"": 966.0872, ""meas_profile"": ""HP-7"", ""meas_id"": 7, ""hum"": 35.473, ""gas_res"": 5684.846}, {""temp"": 21.29466, ""step"": 8, ""status"": 1, ""pres"": 966.3022, ""meas_profile"": ""HP-6"", ""meas_id"": 6, ""hum"": 35.33207, ""gas_res"": 7138.077}, {""temp"": 21.18406, ""step"": 8, ""status"": 1, ""pres"": 966.0133, ""meas_profile"": ""HP-5"", ""meas_id"": 5, ""hum"": 35.55698, ""gas_res"": 25000.0}, {""temp"": 20.94345, ""step"": 8, ""status"": 1, ""pres"": 966.1163, ""meas_profile"": ""HP-4"", ""meas_id"": 4, ""hum"": 35.0773, ""gas_res"": 25000.0}, {""temp"": 21.11336, ""step"": 8, ""status"": 1, ""pres"": 965.7381, ""meas_profile"": ""HP-3"", ""meas_id"": 3, ""hum"": 35.61505, ""gas_res"": 6502.743}, {""temp"": 21.01868, ""step"": 8, ""status"": 1, ""pres"": 965.921, ""meas_profile"": ""HP-2"", ""meas_id"": 2, ""hum"": 35.85514, ""gas_res"": 8613.729}, {""temp"": 20.78074, ""step"": 8, ""status"": 1, ""pres"": 965.9543, ""meas_profile"": ""HP-1"", ""meas_id"": 1, ""hum"": 34.18526, ""gas_res"": 6823.028}]}",NULL,"2025-10-27 14:35:19.587626"
13328,"04a600b9b0b8","2025-10-27 14:34:32","ThRUMBPaH2eBM7wEd3x2","{""bme688"": [{""temp"": 21.24884, ""step"": 7, ""status"": 1, ""pres"": 966.022, ""meas_profile"": ""HP-8"", ""meas_id"": 8, ""hum"": 35.58264, ""gas_res"": 5684.846}, {""temp"": 21.21214, ""step"": 7, ""status"": 1, ""pres"": 966.0862, ""meas_profile"": ""HP-7"", ""meas_id"": 7, ""hum"": 35.47863, ""gas_res"": 5684.846}, {""temp"": 21.29435, ""step"": 7, ""status"": 1, ""pres"": 966.3017, ""meas_profile"": ""HP-6"", ""meas_id"": 6, ""hum"": 35.37241, ""gas_res"": 7048.458}, {""temp"": 21.18406, ""step"": 7, ""status"": 1, ""pres"": 966.0133, ""meas_profile"": ""HP-5"", ""meas_id"": 5, ""hum"": 35.57409, ""gas_res"": 25000.0}, {""temp"": 20.94345, ""step"": 7, ""status"": 1, ""pres"": 966.1163, ""meas_profile"": ""HP-4"", ""meas_id"": 4, ""hum"": 35.08884, ""gas_res"": 25000.0}, {""temp"": 21.11274, ""step"": 7, ""status"": 1, ""pres"": 965.7371, ""meas_profile"": ""HP-3"", ""meas_id"": 3, ""hum"": 35.60921, ""gas_res"": 6118.547}, {""temp"": 21.01838, ""step"": 7, ""status"": 1, ""pres"": 965.9222, ""meas_profile"": ""HP-2"", ""meas_id"": 2, ""hum"": 35.87796, ""gas_res"": 8221.994}, {""temp"": 20.78074, ""step"": 7, ""status"": 1, ""pres"": 965.9543, ""meas_profile"": ""HP-1"", ""meas_id"": 1, ""hum"": 34.19111, ""gas_res"": 6753.905}]}",NULL,"2025-10-27 14:35:20.960104"
13329,"04a600b9b0b8","2025-10-27 14:34:32","ThRUMBPaH2eBM7wEd3x2","{""bme688"": [{""temp"": 21.24884, ""step"": 6, ""status"": 1, ""pres"": 966.022, ""meas_profile"": ""HP-8"", ""meas_id"": 8, ""hum"": 35.61141, ""gas_res"": 10526.32}, {""temp"": 21.21183, ""step"": 6, ""status"": 1, ""pres"": 966.0857, ""meas_profile"": ""HP-7"", ""meas_id"": 7, ""hum"": 35.48428, ""gas_res"": 15869.08}, {""temp"": 21.29435, ""step"": 6, ""status"": 1, ""pres"": 966.3035, ""meas_profile"": ""HP-6"", ""meas_id"": 6, ""hum"": 35.36088, ""gas_res"": 32388.66}, {""temp"": 21.18375, ""step"": 6, ""status"": 1, ""pres"": 966.0129, ""meas_profile"": ""HP-5"", ""meas_id"": 5, ""hum"": 35.57405, ""gas_res"": 118326.8}, {""temp"": 20.94314, ""step"": 6, ""status"": 1, ""pres"": 966.1174, ""meas_profile"": ""HP-4"", ""meas_id"": 4, ""hum"": 35.07727, ""gas_res"": 133402.8}, {""temp"": 21.11243, ""step"": 6, ""status"": 1, ""pres"": 965.7366, ""meas_profile"": ""HP-3"", ""meas_id"": 3, ""hum"": 35.61496, ""gas_res"": 82982.17}, {""temp"": 21.01806, ""step"": 6, ""status"": 1, ""pres"": 965.9217, ""meas_profile"": ""HP-2"", ""meas_id"": 2, ""hum"": 35.84365, ""gas_res"": 108474.6}, {""temp"": 20.78042, ""step"": 6, ""status"": 1, ""pres"": 965.9539, ""meas_profile"": ""HP-1"", ""meas_id"": 1, ""hum"": 34.18523, ""gas_res"": 100000.0}]}",NULL,"2025-10-27 14:35:22.17231"
13330,"04a600b9b0b8","2025-10-27 14:34:32","ThRUMBPaH2eBM7wEd3x2","{""bme688"": [{""temp"": 21.24884, ""step"": 5, ""status"": 1, ""pres"": 966.022, ""meas_profile"": ""HP-8"", ""meas_id"": 8, ""hum"": 35.61141, ""gas_res"": 10505.58}, {""temp"": 21.21152, ""step"": 5, ""status"": 1, ""pres"": 966.0852, ""meas_profile"": ""HP-7"", ""meas_id"": 7, ""hum"": 35.48425, ""gas_res"": 15857.28}, {""temp"": 21.29405, ""step"": 5, ""status"": 1, ""pres"": 966.3028, ""meas_profile"": ""HP-6"", ""meas_id"": 6, ""hum"": 35.35508, ""gas_res"": 32586.56}, {""temp"": 21.18344, ""step"": 5, ""status"": 1, ""pres"": 966.0139, ""meas_profile"": ""HP-5"", ""meas_id"": 5, ""hum"": 35.56832, ""gas_res"": 120159.6}, {""temp"": 20.94314, ""step"": 5, ""status"": 1, ""pres"": 966.1174, ""meas_profile"": ""HP-4"", ""meas_id"": 4, ""hum"": 35.08304, ""gas_res"": 137045.0}, {""temp"": 21.11212, ""step"": 5, ""status"": 1, ""pres"": 965.7361, ""meas_profile"": ""HP-3"", ""meas_id"": 3, ""hum"": 35.6207, ""gas_res"": 81554.63}, {""temp"": 21.01775, ""step"": 5, ""status"": 1, ""pres"": 965.923, ""meas_profile"": ""HP-2"", ""meas_id"": 2, ""hum"": 35.86647, ""gas_res"": 106711.1}, {""temp"": 20.78042, ""step"": 5, ""status"": 1, ""pres"": 965.9539, ""meas_profile"": ""HP-1"", ""meas_id"": 1, ""hum"": 34.19694, ""gas_res"": 100000.0}]}",NULL,"2025-10-27 14:35:23.43721"
13331,"04a600b9b0b8","2025-10-27 14:34:32","ThRUMBPaH2eBM7wEd3x2","{""bme688"": [{""temp"": 21.24853, ""step"": 4, ""status"": 1, ""pres"": 966.0215, ""meas_profile"": ""HP-8"", ""meas_id"": 8, ""hum"": 35.61138, ""gas_res"": 10423.45}, {""temp"": 21.2109, ""step"": 4, ""status"": 1, ""pres"": 966.0824, ""meas_profile"": ""HP-7"", ""meas_id"": 7, ""hum"": 35.50125, ""gas_res"": 15786.88}, {""temp"": 21.29405, ""step"": 4, ""status"": 1, ""pres"": 966.3046, ""meas_profile"": ""HP-6"", ""meas_id"": 6, ""hum"": 35.37815, ""gas_res"": 33534.19}, {""temp"": 21.18312, ""step"": 4, ""status"": 1, ""pres"": 966.0135, ""meas_profile"": ""HP-5"", ""meas_id"": 5, ""hum"": 35.5911, ""gas_res"": 125183.4}, {""temp"": 20.94283, ""step"": 4, ""status"": 1, ""pres"": 966.1188, ""meas_profile"": ""HP-4"", ""meas_id"": 4, ""hum"": 35.07725, ""gas_res"": 144225.4}, {""temp"": 21.11181, ""step"": 4, ""status"": 1, ""pres"": 965.7355, ""meas_profile"": ""HP-3"", ""meas_id"": 3, ""hum"": 35.6149, ""gas_res"": 81089.64}, {""temp"": 21.01713, ""step"": 4, ""status"": 1, ""pres"": 965.9221, ""meas_profile"": ""HP-2"", ""meas_id"": 2, ""hum"": 35.87784, ""gas_res"": 106777.9}, {""temp"": 20.78042, ""step"": 4, ""status"": 1, ""pres"": 965.9556, ""meas_profile"": ""HP-1"", ""meas_id"": 1, ""hum"": 34.22623, ""gas_res"": 100000.0}]}",NULL,"2025-10-27 14:35:24.712842"
13332,"04a600b9b0b8","2025-10-27 14:34:32","ThRUMBPaH2eBM7wEd3x2","{""bme688"": [{""temp"": 21.24822, ""step"": 3, ""status"": 1, ""pres"": 966.0229, ""meas_profile"": ""HP-8"", ""meas_id"": 8, ""hum"": 35.61711, ""gas_res"": 10610.08}, {""temp"": 21.21058, ""step"": 3, ""status"": 1, ""pres"": 966.082, ""meas_profile"": ""HP-7"", ""meas_id"": 7, ""hum"": 35.50691, ""gas_res"": 13101.33}, {""temp"": 21.29343, ""step"": 3, ""status"": 1, ""pres"": 966.3035, ""meas_profile"": ""HP-6"", ""meas_id"": 6, ""hum"": 35.3954, ""gas_res"": 32611.46}, {""temp"": 21.18281, ""step"": 3, ""status"": 1, ""pres"": 966.0131, ""meas_profile"": ""HP-5"", ""meas_id"": 5, ""hum"": 35.58537, ""gas_res"": 66390.04}, {""temp"": 20.94252, ""step"": 3, ""status"": 1, ""pres"": 966.1199, ""meas_profile"": ""HP-4"", ""meas_id"": 4, ""hum"": 35.10608, ""gas_res"": 105458.3}, {""temp"": 21.11119, ""step"": 3, ""status"": 1, ""pres"": 965.7346, ""meas_profile"": ""HP-3"", ""meas_id"": 3, ""hum"": 35.63795, ""gas_res"": 53489.34}, {""temp"": 21.01682, ""step"": 3, ""status"": 1, ""pres"": 965.9213, ""meas_profile"": ""HP-2"", ""meas_id"": 2, ""hum"": 35.87781, ""gas_res"": 90363.57}, {""temp"": 20.7798, ""step"": 3, ""status"": 1, ""pres"": 965.9547, ""meas_profile"": ""HP-1"", ""meas_id"": 1, ""hum"": 34.2086, ""gas_res"": 66805.84}]}",NULL,"2025-10-27 14:35:26.099894"
13333,"04a600b9b0b8","2025-10-27 14:34:32","ThRUMBPaH2eBM7wEd3x2","{""bme688"": [{""temp"": 21.24791, ""step"": 2, ""status"": 1, ""pres"": 966.0223, ""meas_profile"": ""HP-8"", ""meas_id"": 8, ""hum"": 35.62859, ""gas_res"": 27610.01}, {""temp"": 21.21028, ""step"": 2, ""status"": 1, ""pres"": 966.0815, ""meas_profile"": ""HP-7"", ""meas_id"": 7, ""hum"": 35.52395, ""gas_res"": 38461.54}, {""temp"": 21.29312, ""step"": 2, ""status"": 1, ""pres"": 966.303, ""meas_profile"": ""HP-6"", ""meas_id"": 6, ""hum"": 35.37807, ""gas_res"": 154402.9}, {""temp"": 21.18218, ""step"": 2, ""status"": 1, ""pres"": 966.0119, ""meas_profile"": ""HP-5"", ""meas_id"": 5, ""hum"": 35.59672, ""gas_res"": 453800.1}, {""temp"": 20.94221, ""step"": 2, ""status"": 1, ""pres"": 966.1194, ""meas_profile"": ""HP-4"", ""meas_id"": 4, ""hum"": 35.10604, ""gas_res"": 641403.1}, {""temp"": 21.11088, ""step"": 2, ""status"": 1, ""pres"": 965.7341, ""meas_profile"": ""HP-3"", ""meas_id"": 3, ""hum"": 35.63214, ""gas_res"": 299853.6}, {""temp"": 21.01651, ""step"": 2, ""status"": 1, ""pres"": 965.9225, ""meas_profile"": ""HP-2"", ""meas_id"": 2, ""hum"": 35.88349, ""gas_res"": 527835.1}, {""temp"": 20.77949, ""step"": 2, ""status"": 1, ""pres"": 965.9542, ""meas_profile"": ""HP-1"", ""meas_id"": 1, ""hum"": 34.21443, ""gas_res"": 392638.0}]}",NULL,"2025-10-27 14:35:27.277226"
13334,"04a600b9b0b8","2025-10-27 14:34:32","ThRUMBPaH2eBM7wEd3x2","{""bme688"": [{""temp"": 21.2476, ""step"": 1, ""status"": 1, ""pres"": 966.0218, ""meas_profile"": ""HP-8"", ""meas_id"": 8, ""hum"": 35.62281, ""gas_res"": 7195.862}, {""temp"": 21.21028, ""step"": 1, ""status"": 1, ""pres"": 966.0815, ""meas_profile"": ""HP-7"", ""meas_id"": 7, ""hum"": 35.50119, ""gas_res"": 8456.659}, {""temp"": 21.29312, ""step"": 1, ""status"": 1, ""pres"": 966.3049, ""meas_profile"": ""HP-6"", ""meas_id"": 6, ""hum"": 35.38383, ""gas_res"": 25000.0}, {""temp"": 21.18218, ""step"": 1, ""status"": 1, ""pres"": 966.0119, ""meas_profile"": ""HP-5"", ""meas_id"": 5, ""hum"": 35.60242, ""gas_res"": 36771.04}, {""temp"": 20.94221, ""step"": 1, ""status"": 1, ""pres"": 966.121, ""meas_profile"": ""HP-4"", ""meas_id"": 4, ""hum"": 35.11758, ""gas_res"": 39825.76}, {""temp"": 21.11088, ""step"": 1, ""status"": 1, ""pres"": 965.7357, ""meas_profile"": ""HP-3"", ""meas_id"": 3, ""hum"": 35.63792, ""gas_res"": 25000.0}, {""temp"": 21.0162, ""step"": 1, ""status"": 1, ""pres"": 965.9221, ""meas_profile"": ""HP-2"", ""meas_id"": 2, ""hum"": 35.88346, ""gas_res"": 34042.55}, {""temp"": 20.77949, ""step"": 1, ""status"": 1, ""pres"": 965.9542, ""meas_profile"": ""HP-1"", ""meas_id"": 1, ""hum"": 34.232, ""gas_res"": 24502.3}]}",NULL,"2025-10-27 14:35:28.54733"
13335,"04a600b9b0b8","2025-10-27 14:34:32","ThRUMBPaH2eBM7wEd3x2","{""bme688"": [{""temp"": 21.24698, ""step"": 0, ""status"": 1, ""pres"": 966.0209, ""meas_profile"": ""HP-8"", ""meas_id"": 8, ""hum"": 35.64576, ""gas_res"": 5684.846}, {""temp"": 21.20965, ""step"": 0, ""status"": 1, ""pres"": 966.0806, ""meas_profile"": ""HP-7"", ""meas_id"": 7, ""hum"": 35.5182, ""gas_res"": 5684.846}, {""temp"": 21.29312, ""step"": 0, ""status"": 1, ""pres"": 966.3049, ""meas_profile"": ""HP-6"", ""meas_id"": 6, ""hum"": 35.37807, ""gas_res"": 7239.819}, {""temp"": 21.18218, ""step"": 0, ""status"": 1, ""pres"": 966.0136, ""meas_profile"": ""HP-5"", ""meas_id"": 5, ""hum"": 35.60813, ""gas_res"": 25000.0}, {""temp"": 20.9419, ""step"": 0, ""status"": 1, ""pres"": 966.1204, ""meas_profile"": ""HP-4"", ""meas_id"": 4, ""hum"": 35.1291, ""gas_res"": 25000.0}, {""temp"": 21.11057, ""step"": 0, ""status"": 1, ""pres"": 965.7353, ""meas_profile"": ""HP-3"", ""meas_id"": 3, ""hum"": 35.6379, ""gas_res"": 6059.458}, {""temp"": 21.0162, ""step"": 0, ""status"": 1, ""pres"": 965.9221, ""meas_profile"": ""HP-2"", ""meas_id"": 2, ""hum"": 35.88918, ""gas_res"": 8042.222}, {""temp"": 20.77918, ""step"": 0, ""status"": 1, ""pres"": 965.9556, ""meas_profile"": ""HP-1"", ""meas_id"": 1, ""hum"": 34.22026, ""gas_res"": 6486.925}]}",NULL,"2025-10-27 14:35:29.824626"
13336,"04a600b9b0b8","2025-10-27 14:34:05","ThRUMBPaH2eBM7wEd3x2","{""zphs01b"": {""voc"": 0, ""temp"": 18.9, ""pm2_5"": 0, ""pm1_0"": 0, ""pm10"": 368, ""o3"": 0.19, ""no2"": 10.0, ""hum"": 0, ""fmhd"": 0, ""co2"": 5000, ""co"": 0.0}, ""smell_b"": {}, ""sfa30"": {""temp"": 21.15, ""hum"": 36.24, ""fmhd"": 2.6}, ""sen5x"": {""voc"": 150.0, ""temp"": 21.695, ""pm4_0"": 4509.1, ""pm2_5"": 4509.1, ""pm1_0"": 4299.7, ""pm10"": 4509.1, ""nox"": 1.0, ""mass_c"": 4456.75, ""hum"": 40.08}, ""scd41"": {""temp"": 20.53521, ""hum"": 39.24773, ""co2"": 735}, ""power_source"": 0, ""mics6814"": {""red_res"": 0, ""no2_res"": 0, ""no2"": 0.17, ""nh3_res"": 0, ""nh3"": 0.73, ""co_res"": 0, ""co"": 44.0}}",NULL,"2025-10-27 14:35:31.105376"
13337,"04a600b9b0b8","2025-10-27 14:34:05","ThRUMBPaH2eBM7wEd3x2","{""bme688"": [{""temp"": 21.24667, ""step"": 9, ""status"": 1, ""pres"": 966.0203, ""meas_profile"": ""HP-8"", ""meas_id"": 8, ""hum"": 35.62271, ""gas_res"": 5684.846}, {""temp"": 21.20903, ""step"": 9, ""status"": 1, ""pres"": 966.0795, ""meas_profile"": ""HP-7"", ""meas_id"": 7, ""hum"": 35.52953, ""gas_res"": 5684.846}, {""temp"": 21.29281, ""step"": 9, ""status"": 1, ""pres"": 966.3043, ""meas_profile"": ""HP-6"", ""meas_id"": 6, ""hum"": 35.41265, ""gas_res"": 6459.427}, {""temp"": 21.18218, ""step"": 9, ""status"": 1, ""pres"": 966.0136, ""meas_profile"": ""HP-5"", ""meas_id"": 5, ""hum"": 35.62524, ""gas_res"": 25000.0}, {""temp"": 20.9419, ""step"": 9, ""status"": 1, ""pres"": 966.122, ""meas_profile"": ""HP-4"", ""meas_id"": 4, ""hum"": 35.1291, ""gas_res"": 25000.0}, {""temp"": 21.11026, ""step"": 9, ""status"": 1, ""pres"": 965.7347, ""meas_profile"": ""HP-3"", ""meas_id"": 3, ""hum"": 35.65519, ""gas_res"": 6302.935}, {""temp"": 21.0162, ""step"": 9, ""status"": 1, ""pres"": 965.9238, ""meas_profile"": ""HP-2"", ""meas_id"": 2, ""hum"": 35.9006, ""gas_res"": 7473.144}, {""temp"": 20.77887, ""step"": 9, ""status"": 1, ""pres"": 965.9551, ""meas_profile"": ""HP-1"", ""meas_id"": 1, ""hum"": 34.23195, ""gas_res"": 5947.956}]}",NULL,"2025-10-27 14:35:32.396931"
13338,"04a600b9b0b8","2025-10-27 14:34:05","ThRUMBPaH2eBM7wEd3x2","{""bme688"": [{""temp"": 21.24606, ""step"": 8, ""status"": 1, ""pres"": 966.0195, ""meas_profile"": ""HP-8"", ""meas_id"": 8, ""hum"": 35.63417, ""gas_res"": 5684.846}, {""temp"": 21.20841, ""step"": 8, ""status"": 1, ""pres"": 966.0784, ""meas_profile"": ""HP-7"", ""meas_id"": 7, ""hum"": 35.54084, ""gas_res"": 5684.846}, {""temp"": 21.29219, ""step"": 8, ""status"": 1, ""pres"": 966.3035, ""meas_profile"": ""HP-6"", ""meas_id"": 6, ""hum"": 35.41259, ""gas_res"": 6510.682}, {""temp"": 21.18218, ""step"": 8, ""status"": 1, ""pres"": 966.0153, ""meas_profile"": ""HP-5"", ""meas_id"": 5, ""hum"": 35.61383, ""gas_res"": 25000.0}, {""temp"": 20.9419, ""step"": 8, ""status"": 1, ""pres"": 966.122, ""meas_profile"": ""HP-4"", ""meas_id"": 4, ""hum"": 35.14064, ""gas_res"": 21694.92}, {""temp"": 21.10995, ""step"": 8, ""status"": 1, ""pres"": 965.7343, ""meas_profile"": ""HP-3"", ""meas_id"": 3, ""hum"": 35.6725, ""gas_res"": 7887.602}, {""temp"": 21.01589, ""step"": 8, ""status"": 1, ""pres"": 965.9249, ""meas_profile"": ""HP-2"", ""meas_id"": 2, ""hum"": 35.912, ""gas_res"": 7186.167}, {""temp"": 20.77856, ""step"": 8, ""status"": 1, ""pres"": 965.9545, ""meas_profile"": ""HP-1"", ""meas_id"": 1, ""hum"": 34.24364, ""gas_res"": 6080.183}]}",NULL,"2025-10-27 14:35:33.67939"
13339,"04a600b9b0b8","2025-10-27 14:34:05","ThRUMBPaH2eBM7wEd3x2","{""bme688"": [{""temp"": 21.24544, ""step"": 7, ""status"": 1, ""pres"": 966.0203, ""meas_profile"": ""HP-8"", ""meas_id"": 8, ""hum"": 35.63987, ""gas_res"": 5684.846}, {""temp"": 21.2081, ""step"": 7, ""status"": 1, ""pres"": 966.0779, ""meas_profile"": ""HP-7"", ""meas_id"": 7, ""hum"": 35.52375, ""gas_res"": 5684.846}, {""temp"": 21.29189, ""step"": 7, ""status"": 1, ""pres"": 966.3047, ""meas_profile"": ""HP-6"", ""meas_id"": 6, ""hum"": 35.41833, ""gas_res"": 6502.743}, {""temp"": 21.18218, ""step"": 7, ""status"": 1, ""pres"": 966.0153, ""meas_profile"": ""HP-5"", ""meas_id"": 5, ""hum"": 35.61953, ""gas_res"": 22783.91}, {""temp"": 20.9419, ""step"": 7, ""status"": 1, ""pres"": 966.1238, ""meas_profile"": ""HP-4"", ""meas_id"": 4, ""hum"": 35.14642, ""gas_res"": 19300.36}, {""temp"": 21.10965, ""step"": 7, ""status"": 1, ""pres"": 965.7336, ""meas_profile"": ""HP-3"", ""meas_id"": 3, ""hum"": 35.66669, ""gas_res"": 7259.528}, {""temp"": 21.01589, ""step"": 7, ""status"": 1, ""pres"": 965.9249, ""meas_profile"": ""HP-2"", ""meas_id"": 2, ""hum"": 35.90057, ""gas_res"": 6911.447}, {""temp"": 20.77794, ""step"": 7, ""status"": 1, ""pres"": 965.9554, ""meas_profile"": ""HP-1"", ""meas_id"": 1, ""hum"": 34.24944, ""gas_res"": 8109.478}]}",NULL,"2025-10-27 14:35:34.944786"
13340,"04a600b9b0b8","2025-10-27 14:34:05","ThRUMBPaH2eBM7wEd3x2","{""bme688"": [{""temp"": 21.24544, ""step"": 6, ""status"": 1, ""pres"": 966.0203, ""meas_profile"": ""HP-8"", ""meas_id"": 8, ""hum"": 35.65714, ""gas_res"": 10684.47}, {""temp"": 21.20779, ""step"": 6, ""status"": 1, ""pres"": 966.0773, ""meas_profile"": ""HP-7"", ""meas_id"": 7, ""hum"": 35.52372, ""gas_res"": 16012.01}, {""temp"": 21.29189, ""step"": 6, ""status"": 1, ""pres"": 966.3064, ""meas_profile"": ""HP-6"", ""meas_id"": 6, ""hum"": 35.42987, ""gas_res"": 29479.5}, {""temp"": 21.18187, ""step"": 6, ""status"": 1, ""pres"": 966.0148, ""meas_profile"": ""HP-5"", ""meas_id"": 5, ""hum"": 35.6252, ""gas_res"": 98803.55}, {""temp"": 20.94127, ""step"": 6, ""status"": 1, ""pres"": 966.1228, ""meas_profile"": ""HP-4"", ""meas_id"": 4, ""hum"": 35.16368, ""gas_res"": 106844.7}, {""temp"": 21.10965, ""step"": 6, ""status"": 1, ""pres"": 965.7336, ""meas_profile"": ""HP-3"", ""meas_id"": 3, ""hum"": 35.67247, ""gas_res"": 39788.62}, {""temp"": 21.01589, ""step"": 6, ""status"": 1, ""pres"": 965.9266, ""meas_profile"": ""HP-2"", ""meas_id"": 2, ""hum"": 35.91771, ""gas_res"": 100000.0}, {""temp"": 20.77762, ""step"": 6, ""status"": 1, ""pres"": 965.955, ""meas_profile"": ""HP-1"", ""meas_id"": 1, ""hum"": 34.26112, ""gas_res"": 82901.55}]}",NULL,"2025-10-27 14:35:36.330126"
13341,"04a600b9b0b8","2025-10-27 14:34:05","ThRUMBPaH2eBM7wEd3x2","{""bme688"": [{""temp"": 21.24544, ""step"": 5, ""status"": 1, ""pres"": 966.0203, ""meas_profile"": ""HP-8"", ""meas_id"": 8, ""hum"": 35.65714, ""gas_res"": 10695.19}, {""temp"": 21.20748, ""step"": 5, ""status"": 1, ""pres"": 966.077, ""meas_profile"": ""HP-7"", ""meas_id"": 7, ""hum"": 35.55214, ""gas_res"": 16072.33}, {""temp"": 21.29189, ""step"": 5, ""status"": 1, ""pres"": 966.3064, ""meas_profile"": ""HP-6"", ""meas_id"": 6, ""hum"": 35.42987, ""gas_res"": 29684.6}, {""temp"": 21.18187, ""step"": 5, ""status"": 1, ""pres"": 966.0164, ""meas_profile"": ""HP-5"", ""meas_id"": 5, ""hum"": 35.64802, ""gas_res"": 99147.95}, {""temp"": 20.94097, ""step"": 5, ""status"": 1, ""pres"": 966.124, ""meas_profile"": ""HP-4"", ""meas_id"": 4, ""hum"": 35.16365, ""gas_res"": 107315.0}, {""temp"": 21.10965, ""step"": 5, ""status"": 1, ""pres"": 965.7336, ""meas_profile"": ""HP-3"", ""meas_id"": 3, ""hum"": 35.67247, ""gas_res"": 38152.01}, {""temp"": 21.01558, ""step"": 5, ""status"": 1, ""pres"": 965.9261, ""meas_profile"": ""HP-2"", ""meas_id"": 2, ""hum"": 35.91197, ""gas_res"": 100000.0}, {""temp"": 20.77762, ""step"": 5, ""status"": 1, ""pres"": 965.9568, ""meas_profile"": ""HP-1"", ""meas_id"": 1, ""hum"": 34.25527, ""gas_res"": 46410.44}]}",NULL,"2025-10-27 14:35:37.508059"
13342,"04a600b9b0b8","2025-10-27 14:34:05","ThRUMBPaH2eBM7wEd3x2","{""bme688"": [{""temp"": 21.24513, ""step"": 4, ""status"": 1, ""pres"": 966.0198, ""meas_profile"": ""HP-8"", ""meas_id"": 8, ""hum"": 35.68013, ""gas_res"": 10705.92}, {""temp"": 21.20717, ""step"": 4, ""status"": 1, ""pres"": 966.0764, ""meas_profile"": ""HP-7"", ""meas_id"": 7, ""hum"": 35.56918, ""gas_res"": 16108.73}, {""temp"": 21.29189, ""step"": 4, ""status"": 1, ""pres"": 966.3081, ""meas_profile"": ""HP-6"", ""meas_id"": 6, ""hum"": 35.44718, ""gas_res"": 30231.46}, {""temp"": 21.18125, ""step"": 4, ""status"": 1, ""pres"": 966.0156, ""meas_profile"": ""HP-5"", ""meas_id"": 5, ""hum"": 35.65367, ""gas_res"": 101567.1}, {""temp"": 20.94065, ""step"": 4, ""status"": 1, ""pres"": 966.1252, ""meas_profile"": ""HP-4"", ""meas_id"": 4, ""hum"": 35.17517, ""gas_res"": 109942.0}, {""temp"": 21.10965, ""step"": 4, ""status"": 1, ""pres"": 965.7354, ""meas_profile"": ""HP-3"", ""meas_id"": 3, ""hum"": 35.68981, ""gas_res"": 36644.72}, {""temp"": 21.01558, ""step"": 4, ""status"": 1, ""pres"": 965.9278, ""meas_profile"": ""HP-2"", ""meas_id"": 2, ""hum"": 35.94054, ""gas_res"": 100000.0}, {""temp"": 20.77762, ""step"": 4, ""status"": 1, ""pres"": 965.9568, ""meas_profile"": ""HP-1"", ""meas_id"": 1, ""hum"": 34.28457, ""gas_res"": 44336.68}]}",NULL,"2025-10-27 14:35:38.789342"
13343,"04a600b9b0b8","2025-10-27 14:34:05","ThRUMBPaH2eBM7wEd3x2","{""bme688"": [{""temp"": 21.24482, ""step"": 3, ""status"": 1, ""pres"": 966.0211, ""meas_profile"": ""HP-8"", ""meas_id"": 8, ""hum"": 35.6801, ""gas_res"": 18577.65}, {""temp"": 21.20686, ""step"": 3, ""status"": 1, ""pres"": 966.0759, ""meas_profile"": ""HP-7"", ""meas_id"": 7, ""hum"": 35.56346, ""gas_res"": 24917.27}, {""temp"": 21.29158, ""step"": 3, ""status"": 1, ""pres"": 966.3076, ""meas_profile"": ""HP-6"", ""meas_id"": 6, ""hum"": 35.44715, ""gas_res"": 63665.75}, {""temp"": 21.18093, ""step"": 3, ""status"": 1, ""pres"": 966.0167, ""meas_profile"": ""HP-5"", ""meas_id"": 5, ""hum"": 35.67075, ""gas_res"": 141946.2}, {""temp"": 20.94003, ""step"": 3, ""status"": 1, ""pres"": 966.124, ""meas_profile"": ""HP-4"", ""meas_id"": 4, ""hum"": 35.16934, ""gas_res"": 197378.6}, {""temp"": 21.10903, ""step"": 3, ""status"": 1, ""pres"": 965.7343, ""meas_profile"": ""HP-3"", ""meas_id"": 3, ""hum"": 35.69553, ""gas_res"": 98065.51}, {""temp"": 21.01496, ""step"": 3, ""status"": 1, ""pres"": 965.9285, ""meas_profile"": ""HP-2"", ""meas_id"": 2, ""hum"": 35.93477, ""gas_res"": 167429.7}, {""temp"": 20.777, ""step"": 3, ""status"": 1, ""pres"": 965.9558, ""meas_profile"": ""HP-1"", ""meas_id"": 1, ""hum"": 34.27279, ""gas_res"": 122752.3}]}",NULL,"2025-10-27 14:35:40.07644"
13344,"04a600b9b0b8","2025-10-27 14:34:05","ThRUMBPaH2eBM7wEd3x2","{""bme688"": [{""temp"": 21.24482, ""step"": 2, ""status"": 1, ""pres"": 966.0211, ""meas_profile"": ""HP-8"", ""meas_id"": 8, ""hum"": 35.69738, ""gas_res"": 30688.08}, {""temp"": 21.20655, ""step"": 2, ""status"": 1, ""pres"": 966.0754, ""meas_profile"": ""HP-7"", ""meas_id"": 7, ""hum"": 35.56343, ""gas_res"": 42524.92}, {""temp"": 21.29127, ""step"": 2, ""status"": 1, ""pres"": 966.3087, ""meas_profile"": ""HP-6"", ""meas_id"": 6, ""hum"": 35.44713, ""gas_res"": 145207.0}, {""temp"": 21.18062, ""step"": 2, ""status"": 1, ""pres"": 966.0162, ""meas_profile"": ""HP-5"", ""meas_id"": 5, ""hum"": 35.66502, ""gas_res"": 377929.5}, {""temp"": 20.93972, ""step"": 2, ""status"": 1, ""pres"": 966.1252, ""meas_profile"": ""HP-4"", ""meas_id"": 4, ""hum"": 35.19241, ""gas_res"": 478952.3}, {""temp"": 21.10903, ""step"": 2, ""status"": 1, ""pres"": 965.7343, ""meas_profile"": ""HP-3"", ""meas_id"": 3, ""hum"": 35.71286, ""gas_res"": 221741.0}, {""temp"": 21.01465, ""step"": 2, ""status"": 1, ""pres"": 965.928, ""meas_profile"": ""HP-2"", ""meas_id"": 2, ""hum"": 35.95759, ""gas_res"": 398133.8}, {""temp"": 20.77669, ""step"": 2, ""status"": 1, ""pres"": 965.9572, ""meas_profile"": ""HP-1"", ""meas_id"": 1, ""hum"": 34.29034, ""gas_res"": 279705.0}]}",NULL,"2025-10-27 14:35:41.437425"
13345,"04a600b9b0b8","2025-10-27 14:34:05","ThRUMBPaH2eBM7wEd3x2","{""bme688"": [{""temp"": 21.24451, ""step"": 1, ""status"": 1, ""pres"": 966.0206, ""meas_profile"": ""HP-8"", ""meas_id"": 8, ""hum"": 35.69159, ""gas_res"": 7494.145}, {""temp"": 21.20655, ""step"": 1, ""status"": 1, ""pres"": 966.0754, ""meas_profile"": ""HP-7"", ""meas_id"": 7, ""hum"": 35.5805, ""gas_res"": 8864.266}, {""temp"": 21.29127, ""step"": 1, ""status"": 1, ""pres"": 966.3087, ""meas_profile"": ""HP-6"", ""meas_id"": 6, ""hum"": 35.44713, ""gas_res"": 25000.0}, {""temp"": 21.18062, ""step"": 1, ""status"": 1, ""pres"": 966.0162, ""meas_profile"": ""HP-5"", ""meas_id"": 5, ""hum"": 35.67073, ""gas_res"": 30732.29}, {""temp"": 20.93972, ""step"": 1, ""status"": 1, ""pres"": 966.1268, ""meas_profile"": ""HP-4"", ""meas_id"": 4, ""hum"": 35.18664, ""gas_res"": 30425.48}, {""temp"": 21.10903, ""step"": 1, ""status"": 1, ""pres"": 965.736, ""meas_profile"": ""HP-3"", ""meas_id"": 3, ""hum"": 35.70131, ""gas_res"": 25000.0}, {""temp"": 21.01465, ""step"": 1, ""status"": 1, ""pres"": 965.9297, ""meas_profile"": ""HP-2"", ""meas_id"": 2, ""hum"": 35.94616, ""gas_res"": 25286.45}, {""temp"": 20.77669, ""step"": 1, ""status"": 1, ""pres"": 965.9572, ""meas_profile"": ""HP-1"", ""meas_id"": 1, ""hum"": 34.29034, ""gas_res"": 25000.0}]}",NULL,"2025-10-27 14:35:42.648882"
13346,"04a600b9b0b8","2025-10-27 14:34:05","ThRUMBPaH2eBM7wEd3x2","{""bme688"": [{""temp"": 21.24389, ""step"": 0, ""status"": 1, ""pres"": 966.0195, ""meas_profile"": ""HP-8"", ""meas_id"": 8, ""hum"": 35.68001, ""gas_res"": 5684.846}, {""temp"": 21.20624, ""step"": 0, ""status"": 1, ""pres"": 966.073, ""meas_profile"": ""HP-7"", ""meas_id"": 7, ""hum"": 35.59186, ""gas_res"": 5684.846}, {""temp"": 21.29096, ""step"": 0, ""status"": 1, ""pres"": 966.3099, ""meas_profile"": ""HP-6"", ""meas_id"": 6, ""hum"": 35.45287, ""gas_res"": 6924.908}, {""temp"": 21.18062, ""step"": 0, ""status"": 1, ""pres"": 966.0178, ""meas_profile"": ""HP-5"", ""meas_id"": 5, ""hum"": 35.66502, ""gas_res"": 25000.0}, {""temp"": 20.93972, ""step"": 0, ""status"": 1, ""pres"": 966.1268, ""meas_profile"": ""HP-4"", ""meas_id"": 4, ""hum"": 35.19818, ""gas_res"": 18923.71}, {""temp"": 21.10872, ""step"": 0, ""status"": 1, ""pres"": 965.7356, ""meas_profile"": ""HP-3"", ""meas_id"": 3, ""hum"": 35.70705, ""gas_res"": 6788.29}, {""temp"": 21.01434, ""step"": 0, ""status"": 1, ""pres"": 965.9291, ""meas_profile"": ""HP-2"", ""meas_id"": 2, ""hum"": 35.94613, ""gas_res"": 6436.042}, {""temp"": 20.77607, ""step"": 0, ""status"": 1, ""pres"": 965.9563, ""meas_profile"": ""HP-1"", ""meas_id"": 1, ""hum"": 34.26685, ""gas_res"": 7733.205}]}",NULL,"2025-10-27 14:35:43.922954"
13347,"04a600b9b0b8","2025-10-27 14:36:04","ThRUMBPaH2eBM7wEd3x2","{""zphs01b"": {""voc"": 0, ""temp"": 19.1, ""pm2_5"": 0, ""pm1_0"": 0, ""pm10"": 360, ""o3"": 0.24, ""no2"": 4.17, ""hum"": 0, ""fmhd"": 0, ""co2"": 5000, ""co"": 0.0}, ""smell_b"": {}, ""sfa30"": {""temp"": 21.205, ""hum"": 36.06, ""fmhd"": 2.0}, ""sen5x"": {""voc"": 107.0, ""temp"": 21.45, ""pm4_0"": 4637.8, ""pm2_5"": 4637.8, ""pm1_0"": 4422.4, ""pm10"": 4637.8, ""nox"": 1.0, ""mass_c"": 4583.95, ""hum"": 40.75}, ""scd41"": {""temp"": 20.73281, ""hum"": 39.37133, ""co2"": 753}, ""power_source"": 0, ""mics6814"": {""red_res"": 0, ""no2_res"": 0, ""no2"": 0.17, ""nh3_res"": 0, ""nh3"": 0.73, ""co_res"": 0, ""co"": 44.0}}",NULL,"2025-10-27 14:36:47.575997"
13348,"04a600b9b0b8","2025-10-27 14:36:04","ThRUMBPaH2eBM7wEd3x2","{""bme688"": [{""temp"": 21.26057, ""step"": 9, ""status"": 1, ""pres"": 966.0368, ""meas_profile"": ""HP-8"", ""meas_id"": 8, ""hum"": 35.47448, ""gas_res"": 5684.846}, {""temp"": 21.22456, ""step"": 9, ""status"": 1, ""pres"": 966.1136, ""meas_profile"": ""HP-7"", ""meas_id"": 7, ""hum"": 35.3604, ""gas_res"": 5684.846}, {""temp"": 21.303, ""step"": 9, ""status"": 1, ""pres"": 966.3052, ""meas_profile"": ""HP-6"", ""meas_id"": 6, ""hum"": 35.24061, ""gas_res"": 7254.591}, {""temp"": 21.1925, ""step"": 9, ""status"": 1, ""pres"": 966.0237, ""meas_profile"": ""HP-5"", ""meas_id"": 5, ""hum"": 35.43809, ""gas_res"": 25000.0}, {""temp"": 20.95153, ""step"": 9, ""status"": 1, ""pres"": 966.1146, ""meas_profile"": ""HP-4"", ""meas_id"": 4, ""hum"": 34.96269, ""gas_res"": 25000.0}, {""temp"": 21.12201, ""step"": 9, ""status"": 1, ""pres"": 965.7521, ""meas_profile"": ""HP-3"", ""meas_id"": 3, ""hum"": 35.51194, ""gas_res"": 7536.505}, {""temp"": 21.02676, ""step"": 9, ""status"": 1, ""pres"": 965.9275, ""meas_profile"": ""HP-2"", ""meas_id"": 2, ""hum"": 35.73031, ""gas_res"": 9176.943}, {""temp"": 20.78914, ""step"": 9, ""status"": 1, ""pres"": 965.9581, ""meas_profile"": ""HP-1"", ""meas_id"": 1, ""hum"": 34.09235, ""gas_res"": 7319.305}]}",NULL,"2025-10-27 14:36:49.193774"
13349,"04a600b9b0b8","2025-10-27 14:36:04","ThRUMBPaH2eBM7wEd3x2","{""bme688"": [{""temp"": 21.25965, ""step"": 8, ""status"": 1, ""pres"": 966.0371, ""meas_profile"": ""HP-8"", ""meas_id"": 8, ""hum"": 35.47439, ""gas_res"": 5684.846}, {""temp"": 21.22394, ""step"": 8, ""status"": 1, ""pres"": 966.1127, ""meas_profile"": ""HP-7"", ""meas_id"": 7, ""hum"": 35.36034, ""gas_res"": 5684.846}, {""temp"": 21.30269, ""step"": 8, ""status"": 1, ""pres"": 966.3047, ""meas_profile"": ""HP-6"", ""meas_id"": 6, ""hum"": 35.24058, ""gas_res"": 7421.15}, {""temp"": 21.19219, ""step"": 8, ""status"": 1, ""pres"": 966.0233, ""meas_profile"": ""HP-5"", ""meas_id"": 5, ""hum"": 35.43806, ""gas_res"": 25000.0}, {""temp"": 20.95121, ""step"": 8, ""status"": 1, ""pres"": 966.1141, ""meas_profile"": ""HP-4"", ""meas_id"": 4, ""hum"": 34.9915, ""gas_res"": 25000.0}, {""temp"": 21.12171, ""step"": 8, ""status"": 1, ""pres"": 965.7516, ""meas_profile"": ""HP-3"", ""meas_id"": 3, ""hum"": 35.49459, ""gas_res"": 6974.717}, {""temp"": 21.02645, ""step"": 8, ""status"": 1, ""pres"": 965.927, ""meas_profile"": ""HP-2"", ""meas_id"": 2, ""hum"": 35.72457, ""gas_res"": 9184.845}, {""temp"": 20.78883, ""step"": 8, ""status"": 1, ""pres"": 965.9594, ""meas_profile"": ""HP-1"", ""meas_id"": 1, ""hum"": 34.08062, ""gas_res"": 7349.563}]}",NULL,"2025-10-27 14:36:50.473787"
13350,"04a600b9b0b8","2025-10-27 14:36:04","ThRUMBPaH2eBM7wEd3x2","{""bme688"": [{""temp"": 21.25903, ""step"": 7, ""status"": 1, ""pres"": 966.0362, ""meas_profile"": ""HP-8"", ""meas_id"": 8, ""hum"": 35.47433, ""gas_res"": 5684.846}, {""temp"": 21.22301, ""step"": 7, ""status"": 1, ""pres"": 966.1094, ""meas_profile"": ""HP-7"", ""meas_id"": 7, ""hum"": 35.36025, ""gas_res"": 5684.846}, {""temp"": 21.30238, ""step"": 7, ""status"": 1, ""pres"": 966.3042, ""meas_profile"": ""HP-6"", ""meas_id"": 6, ""hum"": 35.24632, ""gas_res"": 7259.528}, {""temp"": 21.19188, ""step"": 7, ""status"": 1, ""pres"": 966.0227, ""meas_profile"": ""HP-5"", ""meas_id"": 5, ""hum"": 35.44942, ""gas_res"": 25000.0}, {""temp"": 20.9509, ""step"": 7, ""status"": 1, ""pres"": 966.1152, ""meas_profile"": ""HP-4"", ""meas_id"": 4, ""hum"": 34.97993, ""gas_res"": 25000.0}, {""temp"": 21.1214, ""step"": 7, ""status"": 1, ""pres"": 965.7512, ""meas_profile"": ""HP-3"", ""meas_id"": 3, ""hum"": 35.49456, ""gas_res"": 6558.721}, {""temp"": 21.02614, ""step"": 7, ""status"": 1, ""pres"": 965.9265, ""meas_profile"": ""HP-2"", ""meas_id"": 2, ""hum"": 35.73595, ""gas_res"": 8755.13}, {""temp"": 20.78852, ""step"": 7, ""status"": 1, ""pres"": 965.9589, ""meas_profile"": ""HP-1"", ""meas_id"": 1, ""hum"": 34.10399, ""gas_res"": 7114.273}]}",NULL,"2025-10-27 14:36:51.748022"
13351,"04a600b9b0b8","2025-10-27 14:36:04","ThRUMBPaH2eBM7wEd3x2","{""bme688"": [{""temp"": 21.25872, ""step"": 6, ""status"": 1, ""pres"": 966.0358, ""meas_profile"": ""HP-8"", ""meas_id"": 8, ""hum"": 35.48005, ""gas_res"": 10382.87}, {""temp"": 21.2227, ""step"": 6, ""status"": 1, ""pres"": 966.1088, ""meas_profile"": ""HP-7"", ""meas_id"": 7, ""hum"": 35.36022, ""gas_res"": 15810.28}, {""temp"": 21.30207, ""step"": 6, ""status"": 1, ""pres"": 966.3055, ""meas_profile"": ""HP-6"", ""meas_id"": 6, ""hum"": 35.24053, ""gas_res"": 32561.69}, {""temp"": 21.19125, ""step"": 6, ""status"": 1, ""pres"": 966.0217, ""meas_profile"": ""HP-5"", ""meas_id"": 5, ""hum"": 35.44366, ""gas_res"": 121269.5}, {""temp"": 20.9509, ""step"": 6, ""status"": 1, ""pres"": 966.1152, ""meas_profile"": ""HP-4"", ""meas_id"": 4, ""hum"": 34.98569, ""gas_res"": 139054.9}, {""temp"": 21.12078, ""step"": 6, ""status"": 1, ""pres"": 965.7502, ""meas_profile"": ""HP-3"", ""meas_id"": 3, ""hum"": 35.48296, ""gas_res"": 85390.26}, {""temp"": 21.02552, ""step"": 6, ""status"": 1, ""pres"": 965.9255, ""meas_profile"": ""HP-2"", ""meas_id"": 2, ""hum"": 35.75302, ""gas_res"": 112478.0}, {""temp"": 20.7882, ""step"": 6, ""status"": 1, ""pres"": 965.9584, ""meas_profile"": ""HP-1"", ""meas_id"": 1, ""hum"": 34.08055, ""gas_res"": 100000.0}]}",NULL,"2025-10-27 14:36:53.129199"
13352,"04a600b9b0b8","2025-10-27 14:36:04","ThRUMBPaH2eBM7wEd3x2","{""bme688"": [{""temp"": 21.25841, ""step"": 5, ""status"": 1, ""pres"": 966.0352, ""meas_profile"": ""HP-8"", ""meas_id"": 8, ""hum"": 35.46277, ""gas_res"": 10342.6}, {""temp"": 21.22207, ""step"": 5, ""status"": 1, ""pres"": 966.1078, ""meas_profile"": ""HP-7"", ""meas_id"": 7, ""hum"": 35.37153, ""gas_res"": 15682.43}, {""temp"": 21.30176, ""step"": 5, ""status"": 1, ""pres"": 966.3049, ""meas_profile"": ""HP-6"", ""meas_id"": 6, ""hum"": 35.25202, ""gas_res"": 32786.89}, {""temp"": 21.19094, ""step"": 5, ""status"": 1, ""pres"": 966.0212, ""meas_profile"": ""HP-5"", ""meas_id"": 5, ""hum"": 35.45503, ""gas_res"": 122752.3}, {""temp"": 20.95059, ""step"": 5, ""status"": 1, ""pres"": 966.1164, ""meas_profile"": ""HP-4"", ""meas_id"": 4, ""hum"": 34.98567, ""gas_res"": 143377.2}, {""temp"": 21.12016, ""step"": 5, ""status"": 1, ""pres"": 965.7491, ""meas_profile"": ""HP-3"", ""meas_id"": 3, ""hum"": 35.51176, ""gas_res"": 84796.29}, {""temp"": 21.02489, ""step"": 5, ""status"": 1, ""pres"": 965.9246, ""meas_profile"": ""HP-2"", ""meas_id"": 2, ""hum"": 35.74154, ""gas_res"": 111961.5}, {""temp"": 20.78789, ""step"": 5, ""status"": 1, ""pres"": 965.9579, ""meas_profile"": ""HP-1"", ""meas_id"": 1, ""hum"": 34.10394, ""gas_res"": 100000.0}]}",NULL,"2025-10-27 14:36:54.315357"
13353,"04a600b9b0b8","2025-10-27 14:36:04","ThRUMBPaH2eBM7wEd3x2","{""bme688"": [{""temp"": 21.2581, ""step"": 4, ""status"": 1, ""pres"": 966.0347, ""meas_profile"": ""HP-8"", ""meas_id"": 8, ""hum"": 35.47424, ""gas_res"": 10332.58}, {""temp"": 21.22177, ""step"": 4, ""status"": 1, ""pres"": 966.1074, ""meas_profile"": ""HP-7"", ""meas_id"": 7, ""hum"": 35.3715, ""gas_res"": 15693.97}, {""temp"": 21.30176, ""step"": 4, ""status"": 1, ""pres"": 966.3049, ""meas_profile"": ""HP-6"", ""meas_id"": 6, ""hum"": 35.2405, ""gas_res"": 33560.57}, {""temp"": 21.19032, ""step"": 4, ""status"": 1, ""pres"": 966.0203, ""meas_profile"": ""HP-5"", ""meas_id"": 5, ""hum"": 35.43788, ""gas_res"": 127808.3}, {""temp"": 20.95028, ""step"": 4, ""status"": 1, ""pres"": 966.116, ""meas_profile"": ""HP-4"", ""meas_id"": 4, ""hum"": 34.99141, ""gas_res"": 150455.5}, {""temp"": 21.11985, ""step"": 4, ""status"": 1, ""pres"": 965.7486, ""meas_profile"": ""HP-3"", ""meas_id"": 3, ""hum"": 35.52327, ""gas_res"": 85647.38}, {""temp"": 21.02427, ""step"": 4, ""status"": 1, ""pres"": 965.9252, ""meas_profile"": ""HP-2"", ""meas_id"": 2, ""hum"": 35.74148, ""gas_res"": 113525.5}, {""temp"": 20.78727, ""step"": 4, ""status"": 1, ""pres"": 965.957, ""meas_profile"": ""HP-1"", ""meas_id"": 1, ""hum"": 34.09218, ""gas_res"": 100000.0}]}",NULL,"2025-10-27 14:36:55.586017"
13354,"04a600b9b0b8","2025-10-27 14:36:04","ThRUMBPaH2eBM7wEd3x2","{""bme688"": [{""temp"": 21.25779, ""step"": 3, ""status"": 0, ""pres"": 966.0341, ""meas_profile"": ""HP-8"", ""meas_id"": 8, ""hum"": 35.50296, ""gas_res"": 6875.806}, {""temp"": 21.22114, ""step"": 3, ""status"": 0, ""pres"": 966.1064, ""meas_profile"": ""HP-7"", ""meas_id"": 7, ""hum"": 35.38849, ""gas_res"": 8221.994}, {""temp"": 21.30115, ""step"": 3, ""status"": 0, ""pres"": 966.3038, ""meas_profile"": ""HP-6"", ""meas_id"": 6, ""hum"": 35.26349, ""gas_res"": 19144.48}, {""temp"": 21.18969, ""step"": 3, ""status"": 0, ""pres"": 966.0192, ""meas_profile"": ""HP-5"", ""meas_id"": 5, ""hum"": 35.47771, ""gas_res"": 43522.61}, {""temp"": 20.94935, ""step"": 3, ""status"": 0, ""pres"": 966.116, ""meas_profile"": ""HP-4"", ""meas_id"": 4, ""hum"": 34.99132, ""gas_res"": 48976.47}, {""temp"": 21.11923, ""step"": 3, ""status"": 0, ""pres"": 965.7476, ""meas_profile"": ""HP-3"", ""meas_id"": 3, ""hum"": 35.51167, ""gas_res"": 30210.05}, {""temp"": 21.02365, ""step"": 3, ""status"": 0, ""pres"": 965.9242, ""meas_profile"": ""HP-2"", ""meas_id"": 2, ""hum"": 35.76425, ""gas_res"": 47716.68}, {""temp"": 20.78665, ""step"": 3, ""status"": 0, ""pres"": 965.9579, ""meas_profile"": ""HP-1"", ""meas_id"": 1, ""hum"": 34.10968, ""gas_res"": 31158.71}]}",NULL,"2025-10-27 14:36:56.881369"
13355,"04a600b9b0b8","2025-10-27 14:36:04","ThRUMBPaH2eBM7wEd3x2","{""bme688"": [{""temp"": 21.25718, ""step"": 2, ""status"": 1, ""pres"": 966.0333, ""meas_profile"": ""HP-8"", ""meas_id"": 8, ""hum"": 35.4799, ""gas_res"": 24033.04}, {""temp"": 21.22052, ""step"": 2, ""status"": 1, ""pres"": 966.1035, ""meas_profile"": ""HP-7"", ""meas_id"": 7, ""hum"": 35.37708, ""gas_res"": 32989.69}, {""temp"": 21.30053, ""step"": 2, ""status"": 1, ""pres"": 966.3047, ""meas_profile"": ""HP-6"", ""meas_id"": 6, ""hum"": 35.26344, ""gas_res"": 125644.2}, {""temp"": 21.18906, ""step"": 2, ""status"": 1, ""pres"": 966.0181, ""meas_profile"": ""HP-5"", ""meas_id"": 5, ""hum"": 35.46056, ""gas_res"": 372906.0}, {""temp"": 20.94873, ""step"": 2, ""status"": 1, ""pres"": 966.115, ""meas_profile"": ""HP-4"", ""meas_id"": 4, ""hum"": 35.00856, ""gas_res"": 531533.9}, {""temp"": 21.11861, ""step"": 2, ""status"": 1, ""pres"": 965.7466, ""meas_profile"": ""HP-3"", ""meas_id"": 3, ""hum"": 35.52316, ""gas_res"": 244800.4}, {""temp"": 21.02303, ""step"": 2, ""status"": 1, ""pres"": 965.9232, ""meas_profile"": ""HP-2"", ""meas_id"": 2, ""hum"": 35.76991, ""gas_res"": 435004.3}, {""temp"": 20.78603, ""step"": 2, ""status"": 1, ""pres"": 965.9568, ""meas_profile"": ""HP-1"", ""meas_id"": 1, ""hum"": 34.11547, ""gas_res"": 315076.9}]}",NULL,"2025-10-27 14:36:58.248899"
13356,"04a600b9b0b8","2025-10-27 14:36:04","ThRUMBPaH2eBM7wEd3x2","{""bme688"": [{""temp"": 21.25686, ""step"": 1, ""status"": 1, ""pres"": 966.0328, ""meas_profile"": ""HP-8"", ""meas_id"": 8, ""hum"": 35.49137, ""gas_res"": 7162.041}, {""temp"": 21.22052, ""step"": 1, ""status"": 1, ""pres"": 966.1035, ""meas_profile"": ""HP-7"", ""meas_id"": 7, ""hum"": 35.38844, ""gas_res"": 8524.241}, {""temp"": 21.30022, ""step"": 1, ""status"": 1, ""pres"": 966.3042, ""meas_profile"": ""HP-6"", ""meas_id"": 6, ""hum"": 35.2634, ""gas_res"": 25000.0}, {""temp"": 21.18906, ""step"": 1, ""status"": 1, ""pres"": 966.0181, ""meas_profile"": ""HP-5"", ""meas_id"": 5, ""hum"": 35.48335, ""gas_res"": 38323.35}, {""temp"": 20.94873, ""step"": 1, ""status"": 1, ""pres"": 966.1166, ""meas_profile"": ""HP-4"", ""meas_id"": 4, ""hum"": 35.0028, ""gas_res"": 41370.39}, {""temp"": 21.11861, ""step"": 1, ""status"": 1, ""pres"": 965.7466, ""meas_profile"": ""HP-3"", ""meas_id"": 3, ""hum"": 35.52893, ""gas_res"": 24265.4}, {""temp"": 21.02272, ""step"": 1, ""status"": 1, ""pres"": 965.9227, ""meas_profile"": ""HP-2"", ""meas_id"": 2, ""hum"": 35.77559, ""gas_res"": 35427.62}, {""temp"": 20.78572, ""step"": 1, ""status"": 1, ""pres"": 965.9564, ""meas_profile"": ""HP-1"", ""meas_id"": 1, ""hum"": 34.1213, ""gas_res"": 25196.85}]}",NULL,"2025-10-27 14:36:59.435075"
13357,"04a600b9b0b8","2025-10-27 14:36:04","ThRUMBPaH2eBM7wEd3x2","{""bme688"": [{""temp"": 21.25594, ""step"": 0, ""status"": 1, ""pres"": 966.0315, ""meas_profile"": ""HP-8"", ""meas_id"": 8, ""hum"": 35.49704, ""gas_res"": 5684.846}, {""temp"": 21.21959, ""step"": 0, ""status"": 1, ""pres"": 966.1004, ""meas_profile"": ""HP-7"", ""meas_id"": 7, ""hum"": 35.38835, ""gas_res"": 5684.846}, {""temp"": 21.29991, ""step"": 0, ""status"": 1, ""pres"": 966.3038, ""meas_profile"": ""HP-6"", ""meas_id"": 6, ""hum"": 35.27491, ""gas_res"": 7436.672}, {""temp"": 21.18875, ""step"": 0, ""status"": 1, ""pres"": 966.0176, ""meas_profile"": ""HP-5"", ""meas_id"": 5, ""hum"": 35.43774, ""gas_res"": 25000.0}, {""temp"": 20.94842, ""step"": 0, ""status"": 1, ""pres"": 966.1163, ""meas_profile"": ""HP-4"", ""meas_id"": 4, ""hum"": 35.01431, ""gas_res"": 25000.0}, {""temp"": 21.11799, ""step"": 0, ""status"": 1, ""pres"": 965.7457, ""meas_profile"": ""HP-3"", ""meas_id"": 3, ""hum"": 35.5231, ""gas_res"": 6518.639}, {""temp"": 21.02241, ""step"": 0, ""status"": 1, ""pres"": 965.9238, ""meas_profile"": ""HP-2"", ""meas_id"": 2, ""hum"": 35.76414, ""gas_res"": 8510.639}, {""temp"": 20.78572, ""step"": 0, ""status"": 1, ""pres"": 965.9583, ""meas_profile"": ""HP-1"", ""meas_id"": 1, ""hum"": 34.11545, ""gas_res"": 6840.53}]}",NULL,"2025-10-27 14:37:00.717879"
13358,"04a600b9b0b8","2025-10-27 14:35:37","ThRUMBPaH2eBM7wEd3x2","{""zphs01b"": {""voc"": 0, ""temp"": 19.0, ""pm2_5"": 0, ""pm1_0"": 0, ""pm10"": 351, ""o3"": 0.26, ""no2"": 4.15, ""hum"": 0, ""fmhd"": 0, ""co2"": 5000, ""co"": 0.0}, ""smell_b"": {}, ""sfa30"": {""temp"": 21.18, ""hum"": 36.12, ""fmhd"": 2.2}, ""sen5x"": {""voc"": 123.0, ""temp"": 21.5, ""pm4_0"": 4423.2, ""pm2_5"": 4423.2, ""pm1_0"": 4217.8, ""pm10"": 4423.2, ""nox"": 1.0, ""mass_c"": 4371.85, ""hum"": 40.62}, ""scd41"": {""temp"": 20.69276, ""hum"": 39.38354, ""co2"": 745}, ""power_source"": 0, ""mics6814"": {""red_res"": 0, ""no2_res"": 0, ""no2"": 0.17, ""nh3_res"": 0, ""nh3"": 0.73, ""co_res"": 0, ""co"": 44.0}}",NULL,"2025-10-27 14:37:01.894818"
13359,"04a600b9b0b8","2025-10-27 14:35:37","ThRUMBPaH2eBM7wEd3x2","{""bme688"": [{""temp"": 21.25532, ""step"": 9, ""status"": 1, ""pres"": 966.0304, ""meas_profile"": ""HP-8"", ""meas_id"": 8, ""hum"": 35.48548, ""gas_res"": 5684.846}, {""temp"": 21.21897, ""step"": 9, ""status"": 1, ""pres"": 966.0993, ""meas_profile"": ""HP-7"", ""meas_id"": 7, ""hum"": 35.38829, ""gas_res"": 5684.846}, {""temp"": 21.2993, ""step"": 9, ""status"": 1, ""pres"": 966.3027, ""meas_profile"": ""HP-6"", ""meas_id"": 6, ""hum"": 35.25179, ""gas_res"": 6796.941}, {""temp"": 21.18844, ""step"": 9, ""status"": 1, ""pres"": 966.0172, ""meas_profile"": ""HP-5"", ""meas_id"": 5, ""hum"": 35.44341, ""gas_res"": 25000.0}, {""temp"": 20.94811, ""step"": 9, ""status"": 1, ""pres"": 966.1157, ""meas_profile"": ""HP-4"", ""meas_id"": 4, ""hum"": 34.99697, ""gas_res"": 25000.0}, {""temp"": 21.11769, ""step"": 9, ""status"": 1, ""pres"": 965.7451, ""meas_profile"": ""HP-3"", ""meas_id"": 3, ""hum"": 35.5173, ""gas_res"": 6732.59}, {""temp"": 21.02241, ""step"": 9, ""status"": 1, ""pres"": 965.9238, ""meas_profile"": ""HP-2"", ""meas_id"": 2, ""hum"": 35.77556, ""gas_res"": 8247.423}, {""temp"": 20.78509, ""step"": 9, ""status"": 1, ""pres"": 965.9573, ""meas_profile"": ""HP-1"", ""meas_id"": 1, ""hum"": 34.12124, ""gas_res"": 6530.612}]}",NULL,"2025-10-27 14:37:03.369961"
13360,"04a600b9b0b8","2025-10-27 14:35:37","ThRUMBPaH2eBM7wEd3x2","{""bme688"": [{""temp"": 21.25439, ""step"": 8, ""status"": 1, ""pres"": 966.0289, ""meas_profile"": ""HP-8"", ""meas_id"": 8, ""hum"": 35.50839, ""gas_res"": 5684.846}, {""temp"": 21.21835, ""step"": 8, ""status"": 1, ""pres"": 966.0982, ""meas_profile"": ""HP-7"", ""meas_id"": 7, ""hum"": 35.38255, ""gas_res"": 5684.846}, {""temp"": 21.29898, ""step"": 8, ""status"": 1, ""pres"": 966.3038, ""meas_profile"": ""HP-6"", ""meas_id"": 6, ""hum"": 35.25753, ""gas_res"": 6938.421}, {""temp"": 21.18813, ""step"": 8, ""status"": 1, ""pres"": 966.0167, ""meas_profile"": ""HP-5"", ""meas_id"": 5, ""hum"": 35.45477, ""gas_res"": 25000.0}, {""temp"": 20.9478, ""step"": 8, ""status"": 1, ""pres"": 966.1152, ""meas_profile"": ""HP-4"", ""meas_id"": 4, ""hum"": 34.98541, ""gas_res"": 25000.0}, {""temp"": 21.11707, ""step"": 8, ""status"": 1, ""pres"": 965.7441, ""meas_profile"": ""HP-3"", ""meas_id"": 3, ""hum"": 35.5461, ""gas_res"": 6229.317}, {""temp"": 21.02179, ""step"": 8, ""status"": 1, ""pres"": 965.9227, ""meas_profile"": ""HP-2"", ""meas_id"": 2, ""hum"": 35.79833, ""gas_res"": 8152.866}, {""temp"": 20.78478, ""step"": 8, ""status"": 1, ""pres"": 965.9568, ""meas_profile"": ""HP-1"", ""meas_id"": 1, ""hum"": 34.11536, ""gas_res"": 6587.073}]}",NULL,"2025-10-27 14:37:04.558224"
13361,"04a600b9b0b8","2025-10-27 14:35:37","ThRUMBPaH2eBM7wEd3x2","{""bme688"": [{""temp"": 21.25378, ""step"": 7, ""status"": 1, ""pres"": 966.0279, ""meas_profile"": ""HP-8"", ""meas_id"": 8, ""hum"": 35.50259, ""gas_res"": 5684.846}, {""temp"": 21.21742, ""step"": 7, ""status"": 1, ""pres"": 966.0966, ""meas_profile"": ""HP-7"", ""meas_id"": 7, ""hum"": 35.37677, ""gas_res"": 5684.846}, {""temp"": 21.29837, ""step"": 7, ""status"": 1, ""pres"": 966.3029, ""meas_profile"": ""HP-6"", ""meas_id"": 6, ""hum"": 35.27476, ""gas_res"": 6801.275}, {""temp"": 21.18781, ""step"": 7, ""status"": 1, ""pres"": 966.0161, ""meas_profile"": ""HP-5"", ""meas_id"": 5, ""hum"": 35.46044, ""gas_res"": 25000.0}, {""temp"": 20.94749, ""step"": 7, ""status"": 1, ""pres"": 966.1163, ""meas_profile"": ""HP-4"", ""meas_id"": 4, ""hum"": 35.00268, ""gas_res"": 21454.91}, {""temp"": 21.11676, ""step"": 7, ""status"": 1, ""pres"": 965.7419, ""meas_profile"": ""HP-3"", ""meas_id"": 3, ""hum"": 35.51721, ""gas_res"": 8165.348}, {""temp"": 21.02179, ""step"": 7, ""status"": 1, ""pres"": 965.9227, ""meas_profile"": ""HP-2"", ""meas_id"": 2, ""hum"": 35.76408, ""gas_res"": 7650.012}, {""temp"": 20.78447, ""step"": 7, ""status"": 1, ""pres"": 965.9564, ""meas_profile"": ""HP-1"", ""meas_id"": 1, ""hum"": 34.12704, ""gas_res"": 6265.91}]}",NULL,"2025-10-27 14:37:05.82587"
13362,"04a600b9b0b8","2025-10-27 14:35:37","ThRUMBPaH2eBM7wEd3x2","{""bme688"": [{""temp"": 21.25347, ""step"": 6, ""status"": 1, ""pres"": 966.0275, ""meas_profile"": ""HP-8"", ""meas_id"": 8, ""hum"": 35.52556, ""gas_res"": 10454.1}, {""temp"": 21.21711, ""step"": 6, ""status"": 1, ""pres"": 966.0963, ""meas_profile"": ""HP-7"", ""meas_id"": 7, ""hum"": 35.38811, ""gas_res"": 15636.45}, {""temp"": 21.29806, ""step"": 6, ""status"": 1, ""pres"": 966.3024, ""meas_profile"": ""HP-6"", ""meas_id"": 6, ""hum"": 35.27473, ""gas_res"": 29684.6}, {""temp"": 21.1875, ""step"": 6, ""status"": 1, ""pres"": 966.0156, ""meas_profile"": ""HP-5"", ""meas_id"": 5, ""hum"": 35.46611, ""gas_res"": 104043.9}, {""temp"": 20.94687, ""step"": 6, ""status"": 1, ""pres"": 966.1153, ""meas_profile"": ""HP-4"", ""meas_id"": 4, ""hum"": 34.99685, ""gas_res"": 112849.9}, {""temp"": 21.11645, ""step"": 6, ""status"": 1, ""pres"": 965.7413, ""meas_profile"": ""HP-3"", ""meas_id"": 3, ""hum"": 35.5345, ""gas_res"": 42146.86}, {""temp"": 21.02148, ""step"": 6, ""status"": 1, ""pres"": 965.9224, ""meas_profile"": ""HP-2"", ""meas_id"": 2, ""hum"": 35.78688, ""gas_res"": 100000.0}, {""temp"": 20.78416, ""step"": 6, ""status"": 1, ""pres"": 965.956, ""meas_profile"": ""HP-1"", ""meas_id"": 1, ""hum"": 34.12116, ""gas_res"": 87312.41}]}",NULL,"2025-10-27 14:37:07.110021"
13363,"04a600b9b0b8","2025-10-27 14:35:37","ThRUMBPaH2eBM7wEd3x2","{""bme688"": [{""temp"": 21.25316, ""step"": 5, ""status"": 1, ""pres"": 966.027, ""meas_profile"": ""HP-8"", ""meas_id"": 8, ""hum"": 35.51978, ""gas_res"": 10515.94}, {""temp"": 21.21649, ""step"": 5, ""status"": 1, ""pres"": 966.0953, ""meas_profile"": ""HP-7"", ""meas_id"": 7, ""hum"": 35.39943, ""gas_res"": 15693.97}, {""temp"": 21.29744, ""step"": 5, ""status"": 1, ""pres"": 966.3032, ""meas_profile"": ""HP-6"", ""meas_id"": 6, ""hum"": 35.2862, ""gas_res"": 30082.26}, {""temp"": 21.18688, ""step"": 5, ""status"": 1, ""pres"": 966.0145, ""meas_profile"": ""HP-5"", ""meas_id"": 5, ""hum"": 35.47174, ""gas_res"": 105133.5}, {""temp"": 20.94625, ""step"": 5, ""status"": 1, ""pres"": 966.1158, ""meas_profile"": ""HP-4"", ""meas_id"": 4, ""hum"": 34.9968, ""gas_res"": 114515.8}, {""temp"": 21.11614, ""step"": 5, ""status"": 1, ""pres"": 965.7427, ""meas_profile"": ""HP-3"", ""meas_id"": 3, ""hum"": 35.52293, ""gas_res"": 41410.55}, {""temp"": 21.02117, ""step"": 5, ""status"": 1, ""pres"": 965.9216, ""meas_profile"": ""HP-2"", ""meas_id"": 2, ""hum"": 35.79827, ""gas_res"": 100000.0}, {""temp"": 20.78354, ""step"": 5, ""status"": 1, ""pres"": 965.9549, ""meas_profile"": ""HP-1"", ""meas_id"": 1, ""hum"": 34.13281, ""gas_res"": 84544.25}]}",NULL,"2025-10-27 14:37:08.498154"
13364,"04a600b9b0b8","2025-10-27 14:35:37","ThRUMBPaH2eBM7wEd3x2","{""bme688"": [{""temp"": 21.25316, ""step"": 4, ""status"": 1, ""pres"": 966.027, ""meas_profile"": ""HP-8"", ""meas_id"": 8, ""hum"": 35.51978, ""gas_res"": 10526.32}, {""temp"": 21.21586, ""step"": 4, ""status"": 1, ""pres"": 966.0941, ""meas_profile"": ""HP-7"", ""meas_id"": 7, ""hum"": 35.40505, ""gas_res"": 15786.88}, {""temp"": 21.29713, ""step"": 4, ""status"": 1, ""pres"": 966.3027, ""meas_profile"": ""HP-6"", ""meas_id"": 6, ""hum"": 35.26888, ""gas_res"": 30843.37}, {""temp"": 21.18625, ""step"": 4, ""status"": 1, ""pres"": 966.0136, ""meas_profile"": ""HP-5"", ""meas_id"": 5, ""hum"": 35.48308, ""gas_res"": 108405.7}, {""temp"": 20.94562, ""step"": 4, ""status"": 1, ""pres"": 966.1149, ""meas_profile"": ""HP-4"", ""meas_id"": 4, ""hum"": 35.02558, ""gas_res"": 118986.8}, {""temp"": 21.11583, ""step"": 4, ""status"": 1, ""pres"": 965.7421, ""meas_profile"": ""HP-3"", ""meas_id"": 3, ""hum"": 35.54022, ""gas_res"": 40738.38}, {""temp"": 21.02086, ""step"": 4, ""status"": 1, ""pres"": 965.923, ""meas_profile"": ""HP-2"", ""meas_id"": 2, ""hum"": 35.79824, ""gas_res"": 100000.0}, {""temp"": 20.78322, ""step"": 4, ""status"": 1, ""pres"": 965.9545, ""meas_profile"": ""HP-1"", ""meas_id"": 1, ""hum"": 34.14449, ""gas_res"": 82901.55}]}",NULL,"2025-10-27 14:37:09.675261"
13365,"04a600b9b0b8","2025-10-27 14:35:37","ThRUMBPaH2eBM7wEd3x2","{""bme688"": [{""temp"": 21.25254, ""step"": 3, ""status"": 1, ""pres"": 966.0278, ""meas_profile"": ""HP-8"", ""meas_id"": 8, ""hum"": 35.53122, ""gas_res"": 7239.819}, {""temp"": 21.21524, ""step"": 3, ""status"": 1, ""pres"": 966.0932, ""meas_profile"": ""HP-7"", ""meas_id"": 7, ""hum"": 35.41636, ""gas_res"": 8662.696}, {""temp"": 21.29652, ""step"": 3, ""status"": 1, ""pres"": 966.3016, ""meas_profile"": ""HP-6"", ""meas_id"": 6, ""hum"": 35.29188, ""gas_res"": 18577.65}, {""temp"": 21.18563, ""step"": 3, ""status"": 1, ""pres"": 966.0143, ""meas_profile"": ""HP-5"", ""meas_id"": 5, ""hum"": 35.50582, ""gas_res"": 40276.9}, {""temp"": 20.945, ""step"": 3, ""status"": 0, ""pres"": 966.1155, ""meas_profile"": ""HP-4"", ""meas_id"": 4, ""hum"": 35.03706, ""gas_res"": 42440.32}, {""temp"": 21.11521, ""step"": 3, ""status"": 1, ""pres"": 965.741, ""meas_profile"": ""HP-3"", ""meas_id"": 3, ""hum"": 35.56325, ""gas_res"": 26644.46}, {""temp"": 21.02024, ""step"": 3, ""status"": 1, ""pres"": 965.9219, ""meas_profile"": ""HP-2"", ""meas_id"": 2, ""hum"": 35.82673, ""gas_res"": 40855.41}, {""temp"": 20.7826, ""step"": 3, ""status"": 0, ""pres"": 965.9535, ""meas_profile"": ""HP-1"", ""meas_id"": 1, ""hum"": 34.16201, ""gas_res"": 27753.69}]}",NULL,"2025-10-27 14:37:10.962897"
13366,"04a600b9b0b8","2025-10-27 14:35:37","ThRUMBPaH2eBM7wEd3x2","{""bme688"": [{""temp"": 21.25192, ""step"": 2, ""status"": 1, ""pres"": 966.0269, ""meas_profile"": ""HP-8"", ""meas_id"": 8, ""hum"": 35.54841, ""gas_res"": 26981.45}, {""temp"": 21.21493, ""step"": 2, ""status"": 1, ""pres"": 966.0927, ""meas_profile"": ""HP-7"", ""meas_id"": 7, ""hum"": 35.41065, ""gas_res"": 36581.88}, {""temp"": 21.2959, ""step"": 2, ""status"": 1, ""pres"": 966.3024, ""meas_profile"": ""HP-6"", ""meas_id"": 6, ""hum"": 35.30912, ""gas_res"": 124453.1}, {""temp"": 21.185, ""step"": 2, ""status"": 1, ""pres"": 966.0131, ""meas_profile"": ""HP-5"", ""meas_id"": 5, ""hum"": 35.48296, ""gas_res"": 342589.5}, {""temp"": 20.94438, ""step"": 2, ""status"": 1, ""pres"": 966.1145, ""meas_profile"": ""HP-4"", ""meas_id"": 4, ""hum"": 35.03123, ""gas_res"": 436953.3}, {""temp"": 21.11459, ""step"": 2, ""status"": 1, ""pres"": 965.7401, ""meas_profile"": ""HP-3"", ""meas_id"": 3, ""hum"": 35.56319, ""gas_res"": 201813.2}, {""temp"": 21.01962, ""step"": 2, ""status"": 1, ""pres"": 965.921, ""meas_profile"": ""HP-2"", ""meas_id"": 2, ""hum"": 35.82096, ""gas_res"": 360309.7}, {""temp"": 20.78198, ""step"": 2, ""status"": 1, ""pres"": 965.9543, ""meas_profile"": ""HP-1"", ""meas_id"": 1, ""hum"": 34.15609, ""gas_res"": 255234.3}]}",NULL,"2025-10-27 14:37:12.233365"
13367,"04a600b9b0b8","2025-10-27 14:35:37","ThRUMBPaH2eBM7wEd3x2","{""bme688"": [{""temp"": 21.25162, ""step"": 1, ""status"": 1, ""pres"": 966.0246, ""meas_profile"": ""HP-8"", ""meas_id"": 8, ""hum"": 35.55414, ""gas_res"": 7441.86}, {""temp"": 21.21462, ""step"": 1, ""status"": 1, ""pres"": 966.0923, ""meas_profile"": ""HP-7"", ""meas_id"": 7, ""hum"": 35.42199, ""gas_res"": 8747.949}, {""temp"": 21.2959, ""step"": 1, ""status"": 1, ""pres"": 966.3024, ""meas_profile"": ""HP-6"", ""meas_id"": 6, ""hum"": 35.30335, ""gas_res"": 25000.0}, {""temp"": 21.18469, ""step"": 1, ""status"": 1, ""pres"": 966.0126, ""meas_profile"": ""HP-5"", ""meas_id"": 5, ""hum"": 35.52283, ""gas_res"": 32862.64}, {""temp"": 20.94438, ""step"": 1, ""status"": 1, ""pres"": 966.1145, ""meas_profile"": ""HP-4"", ""meas_id"": 4, ""hum"": 35.037, ""gas_res"": 33143.45}, {""temp"": 21.11428, ""step"": 1, ""status"": 1, ""pres"": 965.7394, ""meas_profile"": ""HP-3"", ""meas_id"": 3, ""hum"": 35.56894, ""gas_res"": 25000.0}, {""temp"": 21.01931, ""step"": 1, ""status"": 1, ""pres"": 965.9203, ""meas_profile"": ""HP-2"", ""meas_id"": 2, ""hum"": 35.83236, ""gas_res"": 27972.03}, {""temp"": 20.78167, ""step"": 1, ""status"": 1, ""pres"": 965.954, ""meas_profile"": ""HP-1"", ""meas_id"": 1, ""hum"": 34.15606, ""gas_res"": 25000.0}]}",NULL,"2025-10-27 14:37:13.606751"
13368,"04a600b9b0b8","2025-10-27 14:35:37","ThRUMBPaH2eBM7wEd3x2","{""bme688"": [{""temp"": 21.25069, ""step"": 0, ""status"": 1, ""pres"": 966.0249, ""meas_profile"": ""HP-8"", ""meas_id"": 8, ""hum"": 35.56556, ""gas_res"": 5684.846}, {""temp"": 21.214, ""step"": 0, ""status"": 1, ""pres"": 966.0895, ""meas_profile"": ""HP-7"", ""meas_id"": 7, ""hum"": 35.42193, ""gas_res"": 5684.846}, {""temp"": 21.29559, ""step"": 0, ""status"": 1, ""pres"": 966.3019, ""meas_profile"": ""HP-6"", ""meas_id"": 6, ""hum"": 35.30909, ""gas_res"": 7299.27}, {""temp"": 21.18469, ""step"": 0, ""status"": 1, ""pres"": 966.0126, ""meas_profile"": ""HP-5"", ""meas_id"": 5, ""hum"": 35.52283, ""gas_res"": 25000.0}, {""temp"": 20.94407, ""step"": 0, ""status"": 1, ""pres"": 966.1156, ""meas_profile"": ""HP-4"", ""meas_id"": 4, ""hum"": 35.03697, ""gas_res"": 22076.58}, {""temp"": 21.11367, ""step"": 0, ""status"": 1, ""pres"": 965.7385, ""meas_profile"": ""HP-3"", ""meas_id"": 3, ""hum"": 35.58043, ""gas_res"": 7789.679}, {""temp"": 21.019, ""step"": 0, ""status"": 1, ""pres"": 965.9216, ""meas_profile"": ""HP-2"", ""meas_id"": 2, ""hum"": 35.83232, ""gas_res"": 7274.38}, {""temp"": 20.78136, ""step"": 0, ""status"": 1, ""pres"": 965.9535, ""meas_profile"": ""HP-1"", ""meas_id"": 1, ""hum"": 34.17945, ""gas_res"": 6028.636}]}",NULL,"2025-10-27 14:37:14.798119"
13369,"04a600b9b0b8","2025-10-27 14:37:35","ThRUMBPaH2eBM7wEd3x2","{""zphs01b"": {""voc"": 0, ""temp"": 19.1, ""pm2_5"": 0, ""pm1_0"": 0, ""pm10"": 352, ""o3"": 0.02, ""no2"": 4.04, ""hum"": 0, ""fmhd"": 0, ""co2"": 5000, ""co"": 0.0}, ""smell_b"": {}, ""sfa30"": {""temp"": 21.245, ""hum"": 35.98, ""fmhd"": 2.2}, ""sen5x"": {""voc"": 125.0, ""temp"": 21.35, ""pm4_0"": 4590.3, ""pm2_5"": 4590.3, ""pm1_0"": 4377.1, ""pm10"": 4590.3, ""nox"": 1.0, ""mass_c"": 4537.0, ""hum"": 41.04}, ""scd41"": {""temp"": 20.87167, ""hum"": 39.17907, ""co2"": 761}, ""power_source"": 0, ""mics6814"": {""red_res"": 0, ""no2_res"": 0, ""no2"": 0.17, ""nh3_res"": 0, ""nh3"": 0.73, ""co_res"": 0, ""co"": 44.0}}",NULL,"2025-10-27 14:38:18.976103"
13370,"04a600b9b0b8","2025-10-27 14:37:35","ThRUMBPaH2eBM7wEd3x2","{""bme688"": [{""temp"": 21.2754, ""step"": 9, ""status"": 1, ""pres"": 966.053, ""meas_profile"": ""HP-8"", ""meas_id"": 8, ""hum"": 35.35518, ""gas_res"": 5684.846}, {""temp"": 21.23946, ""step"": 9, ""status"": 1, ""pres"": 966.135, ""meas_profile"": ""HP-7"", ""meas_id"": 7, ""hum"": 35.2425, ""gas_res"": 5684.846}, {""temp"": 21.31535, ""step"": 9, ""status"": 1, ""pres"": 966.3077, ""meas_profile"": ""HP-6"", ""meas_id"": 6, ""hum"": 35.13231, ""gas_res"": 7152.437}, {""temp"": 21.20501, ""step"": 9, ""status"": 1, ""pres"": 966.0307, ""meas_profile"": ""HP-5"", ""meas_id"": 5, ""hum"": 35.33106, ""gas_res"": 25000.0}, {""temp"": 20.96488, ""step"": 9, ""status"": 1, ""pres"": 966.1199, ""meas_profile"": ""HP-4"", ""meas_id"": 4, ""hum"": 34.84288, ""gas_res"": 25000.0}, {""temp"": 21.13531, ""step"": 9, ""status"": 1, ""pres"": 965.7671, ""meas_profile"": ""HP-3"", ""meas_id"": 3, ""hum"": 35.38049, ""gas_res"": 7504.69}, {""temp"": 21.04011, ""step"": 9, ""status"": 1, ""pres"": 965.9308, ""meas_profile"": ""HP-2"", ""meas_id"": 2, ""hum"": 35.61178, ""gas_res"": 9083.168}, {""temp"": 20.80283, ""step"": 9, ""status"": 1, ""pres"": 965.9645, ""meas_profile"": ""HP-1"", ""meas_id"": 1, ""hum"": 33.96488, ""gas_res"": 7239.819}]}",NULL,"2025-10-27 14:38:20.708621"
13371,"04a600b9b0b8","2025-10-27 14:37:35","ThRUMBPaH2eBM7wEd3x2","{""bme688"": [{""temp"": 21.27447, ""step"": 8, ""status"": 1, ""pres"": 966.0533, ""meas_profile"": ""HP-8"", ""meas_id"": 8, ""hum"": 35.34935, ""gas_res"": 5684.846}, {""temp"": 21.23853, ""step"": 8, ""status"": 1, ""pres"": 966.1335, ""meas_profile"": ""HP-7"", ""meas_id"": 7, ""hum"": 35.23106, ""gas_res"": 5684.846}, {""temp"": 21.31473, ""step"": 8, ""status"": 1, ""pres"": 966.3083, ""meas_profile"": ""HP-6"", ""meas_id"": 6, ""hum"": 35.13801, ""gas_res"": 7395.424}, {""temp"": 21.2047, ""step"": 8, ""status"": 1, ""pres"": 966.032, ""meas_profile"": ""HP-5"", ""meas_id"": 5, ""hum"": 35.31395, ""gas_res"": 25000.0}, {""temp"": 20.96426, ""step"": 8, ""status"": 1, ""pres"": 966.1205, ""meas_profile"": ""HP-4"", ""meas_id"": 4, ""hum"": 34.85435, ""gas_res"": 25000.0}, {""temp"": 21.13469, ""step"": 8, ""status"": 1, ""pres"": 965.7659, ""meas_profile"": ""HP-3"", ""meas_id"": 3, ""hum"": 35.38043, ""gas_res"": 6970.159}, {""temp"": 21.03949, ""step"": 8, ""status"": 1, ""pres"": 965.9299, ""meas_profile"": ""HP-2"", ""meas_id"": 2, ""hum"": 35.62312, ""gas_res"": 9137.636}, {""temp"": 20.80221, ""step"": 8, ""status"": 1, ""pres"": 965.9655, ""meas_profile"": ""HP-1"", ""meas_id"": 1, ""hum"": 33.95313, ""gas_res"": 7359.706}]}",NULL,"2025-10-27 14:38:22.002307"
13372,"04a600b9b0b8","2025-10-27 14:37:35","ThRUMBPaH2eBM7wEd3x2","{""bme688"": [{""temp"": 21.27324, ""step"": 7, ""status"": 1, ""pres"": 966.0513, ""meas_profile"": ""HP-8"", ""meas_id"": 8, ""hum"": 35.36072, ""gas_res"": 5684.846}, {""temp"": 21.2376, ""step"": 7, ""status"": 1, ""pres"": 966.1319, ""meas_profile"": ""HP-7"", ""meas_id"": 7, ""hum"": 35.23664, ""gas_res"": 5684.846}, {""temp"": 21.31442, ""step"": 7, ""status"": 1, ""pres"": 966.3079, ""meas_profile"": ""HP-6"", ""meas_id"": 6, ""hum"": 35.11494, ""gas_res"": 7264.472}, {""temp"": 21.20407, ""step"": 7, ""status"": 1, ""pres"": 966.0311, ""meas_profile"": ""HP-5"", ""meas_id"": 5, ""hum"": 35.32528, ""gas_res"": 25000.0}, {""temp"": 20.96364, ""step"": 7, ""status"": 1, ""pres"": 966.1196, ""meas_profile"": ""HP-4"", ""meas_id"": 4, ""hum"": 34.87158, ""gas_res"": 25000.0}, {""temp"": 21.13408, ""step"": 7, ""status"": 1, ""pres"": 965.765, ""meas_profile"": ""HP-3"", ""meas_id"": 3, ""hum"": 35.37461, ""gas_res"": 6656.958}, {""temp"": 21.03918, ""step"": 7, ""status"": 1, ""pres"": 965.931, ""meas_profile"": ""HP-2"", ""meas_id"": 2, ""hum"": 35.61169, ""gas_res"": 8791.209}, {""temp"": 20.80159, ""step"": 7, ""status"": 1, ""pres"": 965.9645, ""meas_profile"": ""HP-1"", ""meas_id"": 1, ""hum"": 33.97062, ""gas_res"": 7138.077}]}",NULL,"2025-10-27 14:38:23.286907"
13373,"04a600b9b0b8","2025-10-27 14:37:35","ThRUMBPaH2eBM7wEd3x2","{""bme688"": [{""temp"": 21.27293, ""step"": 6, ""status"": 1, ""pres"": 966.051, ""meas_profile"": ""HP-8"", ""meas_id"": 8, ""hum"": 35.36069, ""gas_res"": 10262.99}, {""temp"": 21.23667, ""step"": 6, ""status"": 1, ""pres"": 966.1305, ""meas_profile"": ""HP-7"", ""meas_id"": 7, ""hum"": 35.26495, ""gas_res"": 15410.55}, {""temp"": 21.3138, ""step"": 6, ""status"": 1, ""pres"": 966.307, ""meas_profile"": ""HP-6"", ""meas_id"": 6, ""hum"": 35.14944, ""gas_res"": 31667.49}, {""temp"": 21.20345, ""step"": 6, ""status"": 1, ""pres"": 966.0316, ""meas_profile"": ""HP-5"", ""meas_id"": 5, ""hum"": 35.31384, ""gas_res"": 116390.1}, {""temp"": 20.96302, ""step"": 6, ""status"": 1, ""pres"": 966.1202, ""meas_profile"": ""HP-4"", ""meas_id"": 4, ""hum"": 34.86576, ""gas_res"": 134136.8}, {""temp"": 21.13346, ""step"": 6, ""status"": 1, ""pres"": 965.764, ""meas_profile"": ""HP-3"", ""meas_id"": 3, ""hum"": 35.37455, ""gas_res"": 81476.77}, {""temp"": 21.03825, ""step"": 6, ""status"": 1, ""pres"": 965.9295, ""meas_profile"": ""HP-2"", ""meas_id"": 2, ""hum"": 35.6173, ""gas_res"": 107789.5}, {""temp"": 20.80096, ""step"": 6, ""status"": 1, ""pres"": 965.9635, ""meas_profile"": ""HP-1"", ""meas_id"": 1, ""hum"": 33.97056, ""gas_res"": 100000.0}]}",NULL,"2025-10-27 14:38:24.753474"
13374,"04a600b9b0b8","2025-10-27 14:37:35","ThRUMBPaH2eBM7wEd3x2","{""bme688"": [{""temp"": 21.27231, ""step"": 5, ""status"": 1, ""pres"": 966.0516, ""meas_profile"": ""HP-8"", ""meas_id"": 8, ""hum"": 35.36063, ""gas_res"": 10223.64}, {""temp"": 21.23605, ""step"": 5, ""status"": 1, ""pres"": 966.1295, ""meas_profile"": ""HP-7"", ""meas_id"": 7, ""hum"": 35.24786, ""gas_res"": 15432.84}, {""temp"": 21.31318, ""step"": 5, ""status"": 1, ""pres"": 966.3077, ""meas_profile"": ""HP-6"", ""meas_id"": 6, ""hum"": 35.12635, ""gas_res"": 31952.07}, {""temp"": 21.20251, ""step"": 5, ""status"": 1, ""pres"": 966.0302, ""meas_profile"": ""HP-5"", ""meas_id"": 5, ""hum"": 35.31944, ""gas_res"": 118986.8}, {""temp"": 20.9624, ""step"": 5, ""status"": 1, ""pres"": 966.1191, ""meas_profile"": ""HP-4"", ""meas_id"": 4, ""hum"": 34.86571, ""gas_res"": 137931.0}, {""temp"": 21.13253, ""step"": 5, ""status"": 1, ""pres"": 965.7625, ""meas_profile"": ""HP-3"", ""meas_id"": 3, ""hum"": 35.38022, ""gas_res"": 81476.77}, {""temp"": 21.03732, ""step"": 5, ""status"": 1, ""pres"": 965.9297, ""meas_profile"": ""HP-2"", ""meas_id"": 2, ""hum"": 35.61722, ""gas_res"": 108199.5}, {""temp"": 20.80034, ""step"": 5, ""status"": 1, ""pres"": 965.9645, ""meas_profile"": ""HP-1"", ""meas_id"": 1, ""hum"": 33.9705, ""gas_res"": 100000.0}]}",NULL,"2025-10-27 14:38:26.474599"
13375,"04a600b9b0b8","2025-10-27 14:37:35","ThRUMBPaH2eBM7wEd3x2","{""bme688"": [{""temp"": 21.27169, ""step"": 4, ""status"": 1, ""pres"": 966.0507, ""meas_profile"": ""HP-8"", ""meas_id"": 8, ""hum"": 35.36633, ""gas_res"": 10213.85}, {""temp"": 21.23543, ""step"": 4, ""status"": 1, ""pres"": 966.1282, ""meas_profile"": ""HP-7"", ""meas_id"": 7, ""hum"": 35.2478, ""gas_res"": 15366.15}, {""temp"": 21.31257, ""step"": 4, ""status"": 1, ""pres"": 966.3083, ""meas_profile"": ""HP-6"", ""meas_id"": 6, ""hum"": 35.15509, ""gas_res"": 32761.71}, {""temp"": 21.20157, ""step"": 4, ""status"": 1, ""pres"": 966.0285, ""meas_profile"": ""HP-5"", ""meas_id"": 5, ""hum"": 35.31935, ""gas_res"": 123284.4}, {""temp"": 20.96177, ""step"": 4, ""status"": 1, ""pres"": 966.1198, ""meas_profile"": ""HP-4"", ""meas_id"": 4, ""hum"": 34.86565, ""gas_res"": 145330.7}, {""temp"": 21.1316, ""step"": 4, ""status"": 1, ""pres"": 965.761, ""meas_profile"": ""HP-3"", ""meas_id"": 3, ""hum"": 35.38013, ""gas_res"": 82262.21}, {""temp"": 21.03638, ""step"": 4, ""status"": 1, ""pres"": 965.9281, ""meas_profile"": ""HP-2"", ""meas_id"": 2, ""hum"": 35.61713, ""gas_res"": 109871.2}, {""temp"": 20.79972, ""step"": 4, ""status"": 1, ""pres"": 965.9635, ""meas_profile"": ""HP-1"", ""meas_id"": 1, ""hum"": 33.98799, ""gas_res"": 100000.0}]}",NULL,"2025-10-27 14:38:27.749201"
13376,"04a600b9b0b8","2025-10-27 14:37:35","ThRUMBPaH2eBM7wEd3x2","{""bme688"": [{""temp"": 21.27107, ""step"": 3, ""status"": 0, ""pres"": 966.0497, ""meas_profile"": ""HP-8"", ""meas_id"": 8, ""hum"": 35.3835, ""gas_res"": 6443.818}, {""temp"": 21.2345, ""step"": 3, ""status"": 0, ""pres"": 966.1267, ""meas_profile"": ""HP-7"", ""meas_id"": 7, ""hum"": 35.24203, ""gas_res"": 7841.215}, {""temp"": 21.31164, ""step"": 3, ""status"": 0, ""pres"": 966.3069, ""meas_profile"": ""HP-6"", ""meas_id"": 6, ""hum"": 35.155, ""gas_res"": 17892.09}, {""temp"": 21.20095, ""step"": 3, ""status"": 0, ""pres"": 966.0291, ""meas_profile"": ""HP-5"", ""meas_id"": 5, ""hum"": 35.33637, ""gas_res"": 40314.96}, {""temp"": 20.96084, ""step"": 3, ""status"": 0, ""pres"": 966.1183, ""meas_profile"": ""HP-4"", ""meas_id"": 4, ""hum"": 34.87132, ""gas_res"": 42737.9}, {""temp"": 21.13098, ""step"": 3, ""status"": 0, ""pres"": 965.7617, ""meas_profile"": ""HP-3"", ""meas_id"": 3, ""hum"": 35.40315, ""gas_res"": 27239.84}, {""temp"": 21.03545, ""step"": 3, ""status"": 0, ""pres"": 965.9283, ""meas_profile"": ""HP-2"", ""meas_id"": 2, ""hum"": 35.63415, ""gas_res"": 43214.04}, {""temp"": 20.7991, ""step"": 3, ""status"": 0, ""pres"": 965.9643, ""meas_profile"": ""HP-1"", ""meas_id"": 1, ""hum"": 33.99378, ""gas_res"": 27972.03}]}",NULL,"2025-10-27 14:38:29.029451"
13377,"04a600b9b0b8","2025-10-27 14:37:35","ThRUMBPaH2eBM7wEd3x2","{""bme688"": [{""temp"": 21.27046, ""step"": 2, ""status"": 1, ""pres"": 966.0488, ""meas_profile"": ""HP-8"", ""meas_id"": 8, ""hum"": 35.38344, ""gas_res"": 20138.45}, {""temp"": 21.23388, ""step"": 2, ""status"": 1, ""pres"": 966.1274, ""meas_profile"": ""HP-7"", ""meas_id"": 7, ""hum"": 35.27036, ""gas_res"": 26778.24}, {""temp"": 21.31102, ""step"": 2, ""status"": 1, ""pres"": 966.3077, ""meas_profile"": ""HP-6"", ""meas_id"": 6, ""hum"": 35.14919, ""gas_res"": 91135.63}, {""temp"": 21.20001, ""step"": 2, ""status"": 1, ""pres"": 966.0277, ""meas_profile"": ""HP-5"", ""meas_id"": 5, ""hum"": 35.34766, ""gas_res"": 256770.3}, {""temp"": 20.95991, ""step"": 2, ""status"": 1, ""pres"": 966.1167, ""meas_profile"": ""HP-4"", ""meas_id"": 4, ""hum"": 34.877, ""gas_res"": 375229.0}, {""temp"": 21.13005, ""step"": 2, ""status"": 1, ""pres"": 965.7603, ""meas_profile"": ""HP-3"", ""meas_id"": 3, ""hum"": 35.39729, ""gas_res"": 169761.3}, {""temp"": 21.03483, ""step"": 2, ""status"": 1, ""pres"": 965.9272, ""meas_profile"": ""HP-2"", ""meas_id"": 2, ""hum"": 35.63979, ""gas_res"": 312195.1}, {""temp"": 20.79816, ""step"": 2, ""status"": 1, ""pres"": 965.9629, ""meas_profile"": ""HP-1"", ""meas_id"": 1, ""hum"": 33.9937, ""gas_res"": 221453.3}]}",NULL,"2025-10-27 14:38:30.42601"
13378,"04a600b9b0b8","2025-10-27 14:37:35","ThRUMBPaH2eBM7wEd3x2","{""bme688"": [{""temp"": 21.26984, ""step"": 1, ""status"": 1, ""pres"": 966.0496, ""meas_profile"": ""HP-8"", ""meas_id"": 8, ""hum"": 35.40063, ""gas_res"": 7191.011}, {""temp"": 21.23356, ""step"": 1, ""status"": 1, ""pres"": 966.1252, ""meas_profile"": ""HP-7"", ""meas_id"": 7, ""hum"": 35.26466, ""gas_res"": 8544.727}, {""temp"": 21.31041, ""step"": 1, ""status"": 1, ""pres"": 966.3068, ""meas_profile"": ""HP-6"", ""meas_id"": 6, ""hum"": 35.17216, ""gas_res"": 25000.0}, {""temp"": 21.1997, ""step"": 1, ""status"": 1, ""pres"": 966.0271, ""meas_profile"": ""HP-5"", ""meas_id"": 5, ""hum"": 35.36472, ""gas_res"": 38254.63}, {""temp"": 20.9596, ""step"": 1, ""status"": 1, ""pres"": 966.1178, ""meas_profile"": ""HP-4"", ""meas_id"": 4, ""hum"": 34.87697, ""gas_res"": 40973.11}, {""temp"": 21.12974, ""step"": 1, ""status"": 1, ""pres"": 965.7597, ""meas_profile"": ""HP-3"", ""meas_id"": 3, ""hum"": 35.4088, ""gas_res"": 24418.16}, {""temp"": 21.03421, ""step"": 1, ""status"": 1, ""pres"": 965.9278, ""meas_profile"": ""HP-2"", ""meas_id"": 2, ""hum"": 35.64544, ""gas_res"": 35605.01}, {""temp"": 20.79754, ""step"": 1, ""status"": 1, ""pres"": 965.962, ""meas_profile"": ""HP-1"", ""meas_id"": 1, ""hum"": 33.98194, ""gas_res"": 25422.04}]}",NULL,"2025-10-27 14:38:31.586589"
13379,"04a600b9b0b8","2025-10-27 14:37:35","ThRUMBPaH2eBM7wEd3x2","{""bme688"": [{""temp"": 21.2686, ""step"": 0, ""status"": 1, ""pres"": 966.0476, ""meas_profile"": ""HP-8"", ""meas_id"": 8, ""hum"": 35.40051, ""gas_res"": 5684.846}, {""temp"": 21.23263, ""step"": 0, ""status"": 1, ""pres"": 966.1253, ""meas_profile"": ""HP-7"", ""meas_id"": 7, ""hum"": 35.28161, ""gas_res"": 5684.846}, {""temp"": 21.3101, ""step"": 0, ""status"": 1, ""pres"": 966.3079, ""meas_profile"": ""HP-6"", ""meas_id"": 6, ""hum"": 35.17213, ""gas_res"": 7504.69}, {""temp"": 21.19907, ""step"": 0, ""status"": 1, ""pres"": 966.0279, ""meas_profile"": ""HP-5"", ""meas_id"": 5, ""hum"": 35.37036, ""gas_res"": 25000.0}, {""temp"": 20.95898, ""step"": 0, ""status"": 1, ""pres"": 966.1186, ""meas_profile"": ""HP-4"", ""meas_id"": 4, ""hum"": 34.85963, ""gas_res"": 25000.0}, {""temp"": 21.12913, ""step"": 0, ""status"": 1, ""pres"": 965.7587, ""meas_profile"": ""HP-3"", ""meas_id"": 3, ""hum"": 35.40874, ""gas_res"": 6665.278}, {""temp"": 21.03359, ""step"": 0, ""status"": 1, ""pres"": 965.9268, ""meas_profile"": ""HP-2"", ""meas_id"": 2, ""hum"": 35.65678, ""gas_res"": 8842.222}, {""temp"": 20.79692, ""step"": 0, ""status"": 1, ""pres"": 965.9627, ""meas_profile"": ""HP-1"", ""meas_id"": 1, ""hum"": 34.00529, ""gas_res"": 7029.877}]}",NULL,"2025-10-27 14:38:32.873442"
13380,"04a600b9b0b8","2025-10-27 14:37:07","ThRUMBPaH2eBM7wEd3x2","{""zphs01b"": {""voc"": 0, ""temp"": 19.1, ""pm2_5"": 0, ""pm1_0"": 0, ""pm10"": 358, ""o3"": 0.02, ""no2"": 0.12, ""hum"": 0, ""fmhd"": 0, ""co2"": 5000, ""co"": 0.0}, ""smell_b"": {}, ""sfa30"": {""temp"": 21.22, ""hum"": 36.02, ""fmhd"": 2.4}, ""sen5x"": {""voc"": 141.0, ""temp"": 21.38, ""pm4_0"": 4577.3, ""pm2_5"": 4577.3, ""pm1_0"": 4364.7, ""pm10"": 4577.3, ""nox"": 1.0, ""mass_c"": 4524.15, ""hum"": 40.94}, ""scd41"": {""temp"": 20.82895, ""hum"": 39.23857, ""co2"": 760}, ""power_source"": 0, ""mics6814"": {""red_res"": 0, ""no2_res"": 0, ""no2"": 0.17, ""nh3_res"": 0, ""nh3"": 0.73, ""co_res"": 0, ""co"": 44.0}}",NULL,"2025-10-27 14:38:34.048124"
13381,"04a600b9b0b8","2025-10-27 14:37:07","ThRUMBPaH2eBM7wEd3x2","{""bme688"": [{""temp"": 21.26798, ""step"": 9, ""status"": 1, ""pres"": 966.0468, ""meas_profile"": ""HP-8"", ""meas_id"": 8, ""hum"": 35.42918, ""gas_res"": 5684.846}, {""temp"": 21.2317, ""step"": 9, ""status"": 1, ""pres"": 966.1238, ""meas_profile"": ""HP-7"", ""meas_id"": 7, ""hum"": 35.30425, ""gas_res"": 5684.846}, {""temp"": 21.30917, ""step"": 9, ""status"": 1, ""pres"": 966.3064, ""meas_profile"": ""HP-6"", ""meas_id"": 6, ""hum"": 35.18357, ""gas_res"": 6902.502}, {""temp"": 21.19876, ""step"": 9, ""status"": 1, ""pres"": 966.0273, ""meas_profile"": ""HP-5"", ""meas_id"": 5, ""hum"": 35.3988, ""gas_res"": 25000.0}, {""temp"": 20.95867, ""step"": 9, ""status"": 1, ""pres"": 966.1179, ""meas_profile"": ""HP-4"", ""meas_id"": 4, ""hum"": 34.9057, ""gas_res"": 25000.0}, {""temp"": 21.12851, ""step"": 9, ""status"": 1, ""pres"": 965.7576, ""meas_profile"": ""HP-3"", ""meas_id"": 3, ""hum"": 35.43176, ""gas_res"": 7002.188}, {""temp"": 21.03328, ""step"": 9, ""status"": 1, ""pres"": 965.9282, ""meas_profile"": ""HP-2"", ""meas_id"": 2, ""hum"": 35.65105, ""gas_res"": 8579.089}, {""temp"": 20.7966, ""step"": 9, ""status"": 1, ""pres"": 965.9623, ""meas_profile"": ""HP-1"", ""meas_id"": 1, ""hum"": 34.01696, ""gas_res"": 6669.446}]}",NULL,"2025-10-27 14:38:35.518911"
13382,"04a600b9b0b8","2025-10-27 14:37:07","ThRUMBPaH2eBM7wEd3x2","{""bme688"": [{""temp"": 21.26675, ""step"": 8, ""status"": 1, ""pres"": 966.0447, ""meas_profile"": ""HP-8"", ""meas_id"": 8, ""hum"": 35.42332, ""gas_res"": 5684.846}, {""temp"": 21.23077, ""step"": 8, ""status"": 1, ""pres"": 966.1223, ""meas_profile"": ""HP-7"", ""meas_id"": 7, ""hum"": 35.29848, ""gas_res"": 5684.846}, {""temp"": 21.30855, ""step"": 8, ""status"": 1, ""pres"": 966.3073, ""meas_profile"": ""HP-6"", ""meas_id"": 6, ""hum"": 35.19503, ""gas_res"": 7029.877}, {""temp"": 21.19813, ""step"": 8, ""status"": 1, ""pres"": 966.0279, ""meas_profile"": ""HP-5"", ""meas_id"": 5, ""hum"": 35.37597, ""gas_res"": 25000.0}, {""temp"": 20.95805, ""step"": 8, ""status"": 1, ""pres"": 966.1188, ""meas_profile"": ""HP-4"", ""meas_id"": 4, ""hum"": 34.89988, ""gas_res"": 25000.0}, {""temp"": 21.12789, ""step"": 8, ""status"": 1, ""pres"": 965.7582, ""meas_profile"": ""HP-3"", ""meas_id"": 3, ""hum"": 35.44324, ""gas_res"": 6306.662}, {""temp"": 21.03266, ""step"": 8, ""status"": 1, ""pres"": 965.9272, ""meas_profile"": ""HP-2"", ""meas_id"": 2, ""hum"": 35.6624, ""gas_res"": 8363.826}, {""temp"": 20.79598, ""step"": 8, ""status"": 1, ""pres"": 965.9631, ""meas_profile"": ""HP-1"", ""meas_id"": 1, ""hum"": 34.02275, ""gas_res"": 6796.941}]}",NULL,"2025-10-27 14:38:36.713828"
13383,"04a600b9b0b8","2025-10-27 14:37:07","ThRUMBPaH2eBM7wEd3x2","{""bme688"": [{""temp"": 21.26582, ""step"": 7, ""status"": 1, ""pres"": 966.0432, ""meas_profile"": ""HP-8"", ""meas_id"": 8, ""hum"": 35.41174, ""gas_res"": 5684.846}, {""temp"": 21.22984, ""step"": 7, ""status"": 1, ""pres"": 966.1206, ""meas_profile"": ""HP-7"", ""meas_id"": 7, ""hum"": 35.30407, ""gas_res"": 5684.846}, {""temp"": 21.30763, ""step"": 7, ""status"": 1, ""pres"": 966.3058, ""meas_profile"": ""HP-6"", ""meas_id"": 6, ""hum"": 35.18918, ""gas_res"": 6947.46}, {""temp"": 21.19782, ""step"": 7, ""status"": 1, ""pres"": 966.0274, ""meas_profile"": ""HP-5"", ""meas_id"": 5, ""hum"": 35.39302, ""gas_res"": 25000.0}, {""temp"": 20.95743, ""step"": 7, ""status"": 1, ""pres"": 966.1176, ""meas_profile"": ""HP-4"", ""meas_id"": 4, ""hum"": 34.92288, ""gas_res"": 22237.67}, {""temp"": 21.12696, ""step"": 7, ""status"": 1, ""pres"": 965.7569, ""meas_profile"": ""HP-3"", ""meas_id"": 3, ""hum"": 35.42585, ""gas_res"": 5882.353}, {""temp"": 21.03204, ""step"": 7, ""status"": 1, ""pres"": 965.928, ""meas_profile"": ""HP-2"", ""meas_id"": 2, ""hum"": 35.65664, ""gas_res"": 7738.815}, {""temp"": 20.79505, ""step"": 7, ""status"": 1, ""pres"": 965.9618, ""meas_profile"": ""HP-1"", ""meas_id"": 1, ""hum"": 34.02266, ""gas_res"": 6486.925}]}",NULL,"2025-10-27 14:38:37.984449"
13384,"04a600b9b0b8","2025-10-27 14:37:07","ThRUMBPaH2eBM7wEd3x2","{""bme688"": [{""temp"": 21.26551, ""step"": 6, ""status"": 1, ""pres"": 966.0446, ""meas_profile"": ""HP-8"", ""meas_id"": 8, ""hum"": 35.42895, ""gas_res"": 10322.58}, {""temp"": 21.22922, ""step"": 6, ""status"": 1, ""pres"": 966.1197, ""meas_profile"": ""HP-7"", ""meas_id"": 7, ""hum"": 35.30969, ""gas_res"": 15377.22}, {""temp"": 21.30701, ""step"": 6, ""status"": 1, ""pres"": 966.3065, ""meas_profile"": ""HP-6"", ""meas_id"": 6, ""hum"": 35.19489, ""gas_res"": 29438.82}, {""temp"": 21.19688, ""step"": 6, ""status"": 1, ""pres"": 966.0258, ""meas_profile"": ""HP-5"", ""meas_id"": 5, ""hum"": 35.41002, ""gas_res"": 103538.9}, {""temp"": 20.95649, ""step"": 6, ""status"": 1, ""pres"": 966.1177, ""meas_profile"": ""HP-4"", ""meas_id"": 4, ""hum"": 34.92279, ""gas_res"": 114132.9}, {""temp"": 21.12634, ""step"": 6, ""status"": 1, ""pres"": 965.7558, ""meas_profile"": ""HP-3"", ""meas_id"": 3, ""hum"": 35.43732, ""gas_res"": 42398.14}, {""temp"": 21.03142, ""step"": 6, ""status"": 1, ""pres"": 965.9285, ""meas_profile"": ""HP-2"", ""meas_id"": 2, ""hum"": 35.65658, ""gas_res"": 100000.0}, {""temp"": 20.79443, ""step"": 6, ""status"": 1, ""pres"": 965.9609, ""meas_profile"": ""HP-1"", ""meas_id"": 1, ""hum"": 34.01091, ""gas_res"": 85733.42}]}",NULL,"2025-10-27 14:38:39.27404"
13385,"04a600b9b0b8","2025-10-27 14:37:07","ThRUMBPaH2eBM7wEd3x2","{""bme688"": [{""temp"": 21.2649, ""step"": 5, ""status"": 1, ""pres"": 966.0436, ""meas_profile"": ""HP-8"", ""meas_id"": 8, ""hum"": 35.43464, ""gas_res"": 10302.64}, {""temp"": 21.2286, ""step"": 5, ""status"": 1, ""pres"": 966.1188, ""meas_profile"": ""HP-7"", ""meas_id"": 7, ""hum"": 35.31532, ""gas_res"": 15455.2}, {""temp"": 21.3067, ""step"": 5, ""status"": 1, ""pres"": 966.3058, ""meas_profile"": ""HP-6"", ""meas_id"": 6, ""hum"": 35.20638, ""gas_res"": 29581.7}, {""temp"": 21.19625, ""step"": 5, ""status"": 1, ""pres"": 966.0265, ""meas_profile"": ""HP-5"", ""meas_id"": 5, ""hum"": 35.39857, ""gas_res"": 104298.2}, {""temp"": 20.95587, ""step"": 5, ""status"": 1, ""pres"": 966.1168, ""meas_profile"": ""HP-4"", ""meas_id"": 4, ""hum"": 34.9285, ""gas_res"": 114746.8}, {""temp"": 21.12603, ""step"": 5, ""status"": 1, ""pres"": 965.757, ""meas_profile"": ""HP-3"", ""meas_id"": 3, ""hum"": 35.44306, ""gas_res"": 41370.39}, {""temp"": 21.0308, ""step"": 5, ""status"": 1, ""pres"": 965.9275, ""meas_profile"": ""HP-2"", ""meas_id"": 2, ""hum"": 35.67934, ""gas_res"": 100000.0}, {""temp"": 20.79349, ""step"": 5, ""status"": 1, ""pres"": 965.9612, ""meas_profile"": ""HP-1"", ""meas_id"": 1, ""hum"": 34.02837, ""gas_res"": 83469.19}]}",NULL,"2025-10-27 14:38:40.650119"
13386,"04a600b9b0b8","2025-10-27 14:37:07","ThRUMBPaH2eBM7wEd3x2","{""bme688"": [{""temp"": 21.26459, ""step"": 4, ""status"": 1, ""pres"": 966.0432, ""meas_profile"": ""HP-8"", ""meas_id"": 8, ""hum"": 35.43461, ""gas_res"": 10352.64}, {""temp"": 21.22798, ""step"": 4, ""status"": 1, ""pres"": 966.1176, ""meas_profile"": ""HP-7"", ""meas_id"": 7, ""hum"": 35.33231, ""gas_res"": 15488.87}, {""temp"": 21.30609, ""step"": 4, ""status"": 1, ""pres"": 966.3066, ""meas_profile"": ""HP-6"", ""meas_id"": 6, ""hum"": 35.21785, ""gas_res"": 30338.94}, {""temp"": 21.19532, ""step"": 4, ""status"": 1, ""pres"": 966.0251, ""meas_profile"": ""HP-5"", ""meas_id"": 5, ""hum"": 35.40418, ""gas_res"": 107994.1}, {""temp"": 20.95494, ""step"": 4, ""status"": 1, ""pres"": 966.1151, ""meas_profile"": ""HP-4"", ""meas_id"": 4, ""hum"": 34.96301, ""gas_res"": 120075.0}, {""temp"": 21.12542, ""step"": 4, ""status"": 1, ""pres"": 965.7559, ""meas_profile"": ""HP-3"", ""meas_id"": 3, ""hum"": 35.45454, ""gas_res"": 41051.96}, {""temp"": 21.03017, ""step"": 4, ""status"": 1, ""pres"": 965.9265, ""meas_profile"": ""HP-2"", ""meas_id"": 2, ""hum"": 35.68498, ""gas_res"": 100000.0}, {""temp"": 20.79287, ""step"": 4, ""status"": 1, ""pres"": 965.9602, ""meas_profile"": ""HP-1"", ""meas_id"": 1, ""hum"": 34.03417, ""gas_res"": 82421.12}]}",NULL,"2025-10-27 14:38:41.858118"
13387,"04a600b9b0b8","2025-10-27 14:37:07","ThRUMBPaH2eBM7wEd3x2","{""bme688"": [{""temp"": 21.26366, ""step"": 3, ""status"": 0, ""pres"": 966.0415, ""meas_profile"": ""HP-8"", ""meas_id"": 8, ""hum"": 35.46902, ""gas_res"": 6656.958}, {""temp"": 21.22704, ""step"": 3, ""status"": 0, ""pres"": 966.1161, ""meas_profile"": ""HP-7"", ""meas_id"": 7, ""hum"": 35.3379, ""gas_res"": 8054.367}, {""temp"": 21.30516, ""step"": 3, ""status"": 0, ""pres"": 966.3052, ""meas_profile"": ""HP-6"", ""meas_id"": 6, ""hum"": 35.22929, ""gas_res"": 17103.15}, {""temp"": 21.19438, ""step"": 3, ""status"": 0, ""pres"": 966.0251, ""meas_profile"": ""HP-5"", ""meas_id"": 5, ""hum"": 35.41548, ""gas_res"": 36676.22}, {""temp"": 20.95401, ""step"": 3, ""status"": 0, ""pres"": 966.1154, ""meas_profile"": ""HP-4"", ""meas_id"": 4, ""hum"": 34.96869, ""gas_res"": 37122.97}, {""temp"": 21.12449, ""step"": 3, ""status"": 0, ""pres"": 965.7545, ""meas_profile"": ""HP-3"", ""meas_id"": 3, ""hum"": 35.48331, ""gas_res"": 23516.44}, {""temp"": 21.02924, ""step"": 3, ""status"": 0, ""pres"": 965.9266, ""meas_profile"": ""HP-2"", ""meas_id"": 2, ""hum"": 35.70201, ""gas_res"": 36301.76}, {""temp"": 20.79194, ""step"": 3, ""status"": 0, ""pres"": 965.9606, ""meas_profile"": ""HP-1"", ""meas_id"": 1, ""hum"": 34.06919, ""gas_res"": 24224.07}]}",NULL,"2025-10-27 14:38:43.122753"
13388,"04a600b9b0b8","2025-10-27 14:37:07","ThRUMBPaH2eBM7wEd3x2","{""bme688"": [{""temp"": 21.26304, ""step"": 2, ""status"": 1, ""pres"": 966.0405, ""meas_profile"": ""HP-8"", ""meas_id"": 8, ""hum"": 35.45171, ""gas_res"": 23104.69}, {""temp"": 21.22642, ""step"": 2, ""status"": 1, ""pres"": 966.1151, ""meas_profile"": ""HP-7"", ""meas_id"": 7, ""hum"": 35.34352, ""gas_res"": 30644.0}, {""temp"": 21.30454, ""step"": 2, ""status"": 1, ""pres"": 966.3058, ""meas_profile"": ""HP-6"", ""meas_id"": 6, ""hum"": 35.24076, ""gas_res"": 97061.61}, {""temp"": 21.19375, ""step"": 2, ""status"": 1, ""pres"": 966.024, ""meas_profile"": ""HP-5"", ""meas_id"": 5, ""hum"": 35.4496, ""gas_res"": 256963.6}, {""temp"": 20.95308, ""step"": 2, ""status"": 1, ""pres"": 966.1155, ""meas_profile"": ""HP-4"", ""meas_id"": 4, ""hum"": 34.95707, ""gas_res"": 351045.6}, {""temp"": 21.12356, ""step"": 2, ""status"": 1, ""pres"": 965.7529, ""meas_profile"": ""HP-3"", ""meas_id"": 3, ""hum"": 35.47168, ""gas_res"": 153569.3}, {""temp"": 21.02831, ""step"": 2, ""status"": 1, ""pres"": 965.9267, ""meas_profile"": ""HP-2"", ""meas_id"": 2, ""hum"": 35.69621, ""gas_res"": 274973.2}, {""temp"": 20.791, ""step"": 2, ""status"": 1, ""pres"": 965.959, ""meas_profile"": ""HP-1"", ""meas_id"": 1, ""hum"": 34.06911, ""gas_res"": 196809.5}]}",NULL,"2025-10-27 14:38:44.411323"
13389,"04a600b9b0b8","2025-10-27 14:37:07","ThRUMBPaH2eBM7wEd3x2","{""bme688"": [{""temp"": 21.26242, ""step"": 1, ""status"": 1, ""pres"": 966.0397, ""meas_profile"": ""HP-8"", ""meas_id"": 8, ""hum"": 35.45165, ""gas_res"": 7405.693}, {""temp"": 21.22611, ""step"": 1, ""status"": 1, ""pres"": 966.1163, ""meas_profile"": ""HP-7"", ""meas_id"": 7, ""hum"": 35.35487, ""gas_res"": 8740.781}, {""temp"": 21.30392, ""step"": 1, ""status"": 1, ""pres"": 966.3049, ""meas_profile"": ""HP-6"", ""meas_id"": 6, ""hum"": 35.2407, ""gas_res"": 25000.0}, {""temp"": 21.19344, ""step"": 1, ""status"": 1, ""pres"": 966.0236, ""meas_profile"": ""HP-5"", ""meas_id"": 5, ""hum"": 35.43818, ""gas_res"": 33246.75}, {""temp"": 20.95277, ""step"": 1, ""status"": 1, ""pres"": 966.1149, ""meas_profile"": ""HP-4"", ""meas_id"": 4, ""hum"": 34.95704, ""gas_res"": 34042.55}, {""temp"": 21.12325, ""step"": 1, ""status"": 1, ""pres"": 965.7541, ""meas_profile"": ""HP-3"", ""meas_id"": 3, ""hum"": 35.46012, ""gas_res"": 25000.0}, {""temp"": 21.028, ""step"": 1, ""status"": 1, ""pres"": 965.9261, ""meas_profile"": ""HP-2"", ""meas_id"": 2, ""hum"": 35.7076, ""gas_res"": 28268.55}, {""temp"": 20.79038, ""step"": 1, ""status"": 1, ""pres"": 965.9581, ""meas_profile"": ""HP-1"", ""meas_id"": 1, ""hum"": 34.06319, ""gas_res"": 25000.0}]}",NULL,"2025-10-27 14:38:45.770496"
13390,"04a600b9b0b8","2025-10-27 14:37:07","ThRUMBPaH2eBM7wEd3x2","{""bme688"": [{""temp"": 21.2615, ""step"": 0, ""status"": 1, ""pres"": 966.0383, ""meas_profile"": ""HP-8"", ""meas_id"": 8, ""hum"": 35.45731, ""gas_res"": 5684.846}, {""temp"": 21.22549, ""step"": 0, ""status"": 1, ""pres"": 966.1152, ""meas_profile"": ""HP-7"", ""meas_id"": 7, ""hum"": 35.34911, ""gas_res"": 5684.846}, {""temp"": 21.30362, ""step"": 0, ""status"": 1, ""pres"": 966.3044, ""meas_profile"": ""HP-6"", ""meas_id"": 6, ""hum"": 35.25796, ""gas_res"": 7405.693}, {""temp"": 21.19282, ""step"": 0, ""status"": 1, ""pres"": 966.0226, ""meas_profile"": ""HP-5"", ""meas_id"": 5, ""hum"": 35.44382, ""gas_res"": 25000.0}, {""temp"": 20.95215, ""step"": 0, ""status"": 1, ""pres"": 966.1157, ""meas_profile"": ""HP-4"", ""meas_id"": 4, ""hum"": 34.95698, ""gas_res"": 22980.25}, {""temp"": 21.12263, ""step"": 0, ""status"": 1, ""pres"": 965.7531, ""meas_profile"": ""HP-3"", ""meas_id"": 3, ""hum"": 35.46005, ""gas_res"": 8115.648}, {""temp"": 21.02738, ""step"": 0, ""status"": 1, ""pres"": 965.9269, ""meas_profile"": ""HP-2"", ""meas_id"": 2, ""hum"": 35.71325, ""gas_res"": 7473.144}, {""temp"": 20.78976, ""step"": 0, ""status"": 1, ""pres"": 965.959, ""meas_profile"": ""HP-1"", ""meas_id"": 1, ""hum"": 34.06899, ""gas_res"": 6240.25}]}",NULL,"2025-10-27 14:38:46.951043"
13391,"04a600b9b0b8","2025-10-27 14:39:07","ThRUMBPaH2eBM7wEd3x2","{""zphs01b"": {""voc"": 0, ""temp"": 19.2, ""pm2_5"": 0, ""pm1_0"": 0, ""pm10"": 355, ""o3"": 0.02, ""no2"": 0.44, ""hum"": 0, ""fmhd"": 0, ""co2"": 5000, ""co"": 0.0}, ""smell_b"": {}, ""sfa30"": {""temp"": 21.285, ""hum"": 35.9, ""fmhd"": 1.8}, ""sen5x"": {""voc"": 106.0, ""temp"": 21.295, ""pm4_0"": 4697.5, ""pm2_5"": 4697.5, ""pm1_0"": 4479.3, ""pm10"": 4697.5, ""nox"": 1.0, ""mass_c"": 4642.95, ""hum"": 41.2}, ""scd41"": {""temp"": 20.99451, ""hum"": 39.0753, ""co2"": 774}, ""power_source"": 0, ""mics6814"": {""red_res"": 0, ""no2_res"": 0, ""no2"": 0.17, ""nh3_res"": 0, ""nh3"": 0.73, ""co_res"": 0, ""co"": 44.0}}",NULL,"2025-10-27 14:39:51.117069"
13392,"04a600b9b0b8","2025-10-27 14:39:07","ThRUMBPaH2eBM7wEd3x2","{""bme688"": [{""temp"": 21.29547, ""step"": 9, ""status"": 1, ""pres"": 966.0685, ""meas_profile"": ""HP-8"", ""meas_id"": 8, ""hum"": 35.26518, ""gas_res"": 5684.846}, {""temp"": 21.25996, ""step"": 9, ""status"": 1, ""pres"": 966.1538, ""meas_profile"": ""HP-7"", ""meas_id"": 7, ""hum"": 35.16494, ""gas_res"": 5684.846}, {""temp"": 21.33325, ""step"": 9, ""status"": 1, ""pres"": 966.3123, ""meas_profile"": ""HP-6"", ""meas_id"": 6, ""hum"": 35.04762, ""gas_res"": 7244.736}, {""temp"": 21.22221, ""step"": 9, ""status"": 1, ""pres"": 966.0405, ""meas_profile"": ""HP-5"", ""meas_id"": 5, ""hum"": 35.23024, ""gas_res"": 25000.0}, {""temp"": 20.98228, ""step"": 9, ""status"": 1, ""pres"": 966.1252, ""meas_profile"": ""HP-4"", ""meas_id"": 4, ""hum"": 34.77538, ""gas_res"": 25000.0}, {""temp"": 21.15263, ""step"": 9, ""status"": 1, ""pres"": 965.78, ""meas_profile"": ""HP-3"", ""meas_id"": 3, ""hum"": 35.2841, ""gas_res"": 7611.798}, {""temp"": 21.0575, ""step"": 9, ""status"": 1, ""pres"": 965.9359, ""meas_profile"": ""HP-2"", ""meas_id"": 2, ""hum"": 35.49941, ""gas_res"": 9145.47}, {""temp"": 20.82026, ""step"": 9, ""status"": 1, ""pres"": 965.9713, ""meas_profile"": ""HP-1"", ""meas_id"": 1, ""hum"": 33.89046, ""gas_res"": 7220.217}]}",NULL,"2025-10-27 14:39:52.336039"
13393,"04a600b9b0b8","2025-10-27 14:39:07","ThRUMBPaH2eBM7wEd3x2","{""bme688"": [{""temp"": 21.29424, ""step"": 8, ""status"": 1, ""pres"": 966.0667, ""meas_profile"": ""HP-8"", ""meas_id"": 8, ""hum"": 35.2708, ""gas_res"": 5684.846}, {""temp"": 21.25872, ""step"": 8, ""status"": 1, ""pres"": 966.1516, ""meas_profile"": ""HP-7"", ""meas_id"": 7, ""hum"": 35.15915, ""gas_res"": 5684.846}, {""temp"": 21.33232, ""step"": 8, ""status"": 1, ""pres"": 966.3125, ""meas_profile"": ""HP-6"", ""meas_id"": 6, ""hum"": 35.05329, ""gas_res"": 7390.3}, {""temp"": 21.22159, ""step"": 8, ""status"": 1, ""pres"": 966.0411, ""meas_profile"": ""HP-5"", ""meas_id"": 5, ""hum"": 35.22449, ""gas_res"": 25000.0}, {""temp"": 20.98166, ""step"": 8, ""status"": 1, ""pres"": 966.1258, ""meas_profile"": ""HP-4"", ""meas_id"": 4, ""hum"": 34.75804, ""gas_res"": 25000.0}, {""temp"": 21.1517, ""step"": 8, ""status"": 1, ""pres"": 965.7785, ""meas_profile"": ""HP-3"", ""meas_id"": 3, ""hum"": 35.29554, ""gas_res"": 7006.788}, {""temp"": 21.05657, ""step"": 8, ""status"": 1, ""pres"": 965.9359, ""meas_profile"": ""HP-2"", ""meas_id"": 2, ""hum"": 35.52212, ""gas_res"": 9248.555}, {""temp"": 20.81964, ""step"": 8, ""status"": 1, ""pres"": 965.9705, ""meas_profile"": ""HP-1"", ""meas_id"": 1, ""hum"": 33.88455, ""gas_res"": 7426.317}]}",NULL,"2025-10-27 14:39:53.507447"
13394,"04a600b9b0b8","2025-10-27 14:39:07","ThRUMBPaH2eBM7wEd3x2","{""bme688"": [{""temp"": 21.293, ""step"": 7, ""status"": 1, ""pres"": 966.0663, ""meas_profile"": ""HP-8"", ""meas_id"": 8, ""hum"": 35.27069, ""gas_res"": 5684.846}, {""temp"": 21.25747, ""step"": 7, ""status"": 1, ""pres"": 966.1513, ""meas_profile"": ""HP-7"", ""meas_id"": 7, ""hum"": 35.17606, ""gas_res"": 5684.846}, {""temp"": 21.33171, ""step"": 7, ""status"": 1, ""pres"": 966.3134, ""meas_profile"": ""HP-6"", ""meas_id"": 6, ""hum"": 35.05899, ""gas_res"": 7191.011}, {""temp"": 21.22096, ""step"": 7, ""status"": 1, ""pres"": 966.0417, ""meas_profile"": ""HP-5"", ""meas_id"": 5, ""hum"": 35.24719, ""gas_res"": 25000.0}, {""temp"": 20.98072, ""step"": 7, ""status"": 1, ""pres"": 966.1259, ""meas_profile"": ""HP-4"", ""meas_id"": 4, ""hum"": 34.79251, ""gas_res"": 25000.0}, {""temp"": 21.15077, ""step"": 7, ""status"": 1, ""pres"": 965.7786, ""meas_profile"": ""HP-3"", ""meas_id"": 3, ""hum"": 35.30123, ""gas_res"": 6510.682}, {""temp"": 21.05595, ""step"": 7, ""status"": 1, ""pres"": 965.9366, ""meas_profile"": ""HP-2"", ""meas_id"": 2, ""hum"": 35.51636, ""gas_res"": 8641.642}, {""temp"": 20.81901, ""step"": 7, ""status"": 1, ""pres"": 965.9713, ""meas_profile"": ""HP-1"", ""meas_id"": 1, ""hum"": 33.91373, ""gas_res"": 7210.455}]}",NULL,"2025-10-27 14:39:54.799778"
13395,"04a600b9b0b8","2025-10-27 14:39:07","ThRUMBPaH2eBM7wEd3x2","{""bme688"": [{""temp"": 21.29207, ""step"": 6, ""status"": 1, ""pres"": 966.065, ""meas_profile"": ""HP-8"", ""meas_id"": 8, ""hum"": 35.26485, ""gas_res"": 10088.27}, {""temp"": 21.25654, ""step"": 6, ""status"": 1, ""pres"": 966.1498, ""meas_profile"": ""HP-7"", ""meas_id"": 7, ""hum"": 35.15895, ""gas_res"": 15115.73}, {""temp"": 21.33078, ""step"": 6, ""status"": 1, ""pres"": 966.3135, ""meas_profile"": ""HP-6"", ""meas_id"": 6, ""hum"": 35.06465, ""gas_res"": 31090.6}, {""temp"": 21.21971, ""step"": 6, ""status"": 1, ""pres"": 966.0413, ""meas_profile"": ""HP-5"", ""meas_id"": 5, ""hum"": 35.24707, ""gas_res"": 112626.5}, {""temp"": 20.97979, ""step"": 6, ""status"": 1, ""pres"": 966.126, ""meas_profile"": ""HP-4"", ""meas_id"": 4, ""hum"": 34.7809, ""gas_res"": 129949.2}, {""temp"": 21.14985, ""step"": 6, ""status"": 1, ""pres"": 965.7789, ""meas_profile"": ""HP-3"", ""meas_id"": 3, ""hum"": 35.29537, ""gas_res"": 78769.23}, {""temp"": 21.05502, ""step"": 6, ""status"": 1, ""pres"": 965.9368, ""meas_profile"": ""HP-2"", ""meas_id"": 2, ""hum"": 35.52768, ""gas_res"": 103601.8}, {""temp"": 20.81808, ""step"": 6, ""status"": 1, ""pres"": 965.9718, ""meas_profile"": ""HP-1"", ""meas_id"": 1, ""hum"": 33.89611, ""gas_res"": 100000.0}]}",NULL,"2025-10-27 14:39:56.066724"
13396,"04a600b9b0b8","2025-10-27 14:39:07","ThRUMBPaH2eBM7wEd3x2","{""bme688"": [{""temp"": 21.29084, ""step"": 5, ""status"": 1, ""pres"": 966.0648, ""meas_profile"": ""HP-8"", ""meas_id"": 8, ""hum"": 35.28197, ""gas_res"": 10078.74}, {""temp"": 21.2553, ""step"": 5, ""status"": 1, ""pres"": 966.1511, ""meas_profile"": ""HP-7"", ""meas_id"": 7, ""hum"": 35.17585, ""gas_res"": 15105.03}, {""temp"": 21.32985, ""step"": 5, ""status"": 1, ""pres"": 966.3137, ""meas_profile"": ""HP-6"", ""meas_id"": 6, ""hum"": 35.05306, ""gas_res"": 31480.57}, {""temp"": 21.21877, ""step"": 5, ""status"": 1, ""pres"": 966.0399, ""meas_profile"": ""HP-5"", ""meas_id"": 5, ""hum"": 35.25268, ""gas_res"": 114978.7}, {""temp"": 20.97886, ""step"": 5, ""status"": 1, ""pres"": 966.1262, ""meas_profile"": ""HP-4"", ""meas_id"": 4, ""hum"": 34.78658, ""gas_res"": 134772.3}, {""temp"": 21.14892, ""step"": 5, ""status"": 1, ""pres"": 965.7774, ""meas_profile"": ""HP-3"", ""meas_id"": 3, ""hum"": 35.28952, ""gas_res"": 78914.92}, {""temp"": 21.05377, ""step"": 5, ""status"": 1, ""pres"": 965.9347, ""meas_profile"": ""HP-2"", ""meas_id"": 2, ""hum"": 35.51616, ""gas_res"": 103854.0}, {""temp"": 20.81746, ""step"": 5, ""status"": 1, ""pres"": 965.9707, ""meas_profile"": ""HP-1"", ""meas_id"": 1, ""hum"": 33.89605, ""gas_res"": 100000.0}]}",NULL,"2025-10-27 14:39:57.43799"
13397,"04a600b9b0b8","2025-10-27 14:39:07","ThRUMBPaH2eBM7wEd3x2","{""bme688"": [{""temp"": 21.28991, ""step"": 4, ""status"": 1, ""pres"": 966.0652, ""meas_profile"": ""HP-8"", ""meas_id"": 8, ""hum"": 35.28188, ""gas_res"": 10069.23}, {""temp"": 21.25437, ""step"": 4, ""status"": 1, ""pres"": 966.1495, ""meas_profile"": ""HP-7"", ""meas_id"": 7, ""hum"": 35.17577, ""gas_res"": 15169.47}, {""temp"": 21.32924, ""step"": 4, ""status"": 1, ""pres"": 966.3127, ""meas_profile"": ""HP-6"", ""meas_id"": 6, ""hum"": 35.05876, ""gas_res"": 32290.62}, {""temp"": 21.21783, ""step"": 4, ""status"": 1, ""pres"": 966.0401, ""meas_profile"": ""HP-5"", ""meas_id"": 5, ""hum"": 35.2412, ""gas_res"": 120498.9}, {""temp"": 20.97824, ""step"": 4, ""status"": 1, ""pres"": 966.1251, ""meas_profile"": ""HP-4"", ""meas_id"": 4, ""hum"": 34.79228, ""gas_res"": 142539.0}, {""temp"": 21.14768, ""step"": 4, ""status"": 1, ""pres"": 965.777, ""meas_profile"": ""HP-3"", ""meas_id"": 3, ""hum"": 35.31246, ""gas_res"": 80402.01}, {""temp"": 21.05284, ""step"": 4, ""status"": 1, ""pres"": 965.9349, ""meas_profile"": ""HP-2"", ""meas_id"": 2, ""hum"": 35.53886, ""gas_res"": 105982.2}, {""temp"": 20.81652, ""step"": 4, ""status"": 1, ""pres"": 965.9712, ""meas_profile"": ""HP-1"", ""meas_id"": 1, ""hum"": 33.89011, ""gas_res"": 100000.0}]}",NULL,"2025-10-27 14:39:58.634748"
13398,"04a600b9b0b8","2025-10-27 14:39:07","ThRUMBPaH2eBM7wEd3x2","{""bme688"": [{""temp"": 21.28899, ""step"": 3, ""status"": 0, ""pres"": 966.0637, ""meas_profile"": ""HP-8"", ""meas_id"": 8, ""hum"": 35.29902, ""gas_res"": 6306.662}, {""temp"": 21.25344, ""step"": 3, ""status"": 0, ""pres"": 966.1498, ""meas_profile"": ""HP-7"", ""meas_id"": 7, ""hum"": 35.18135, ""gas_res"": 7573.964}, {""temp"": 21.328, ""step"": 3, ""status"": 0, ""pres"": 966.3124, ""meas_profile"": ""HP-6"", ""meas_id"": 6, ""hum"": 35.07591, ""gas_res"": 17311.33}, {""temp"": 21.21658, ""step"": 3, ""status"": 0, ""pres"": 966.038, ""meas_profile"": ""HP-5"", ""meas_id"": 5, ""hum"": 35.26954, ""gas_res"": 38776.13}, {""temp"": 20.97699, ""step"": 3, ""status"": 0, ""pres"": 966.1248, ""meas_profile"": ""HP-4"", ""meas_id"": 4, ""hum"": 34.80368, ""gas_res"": 43039.68}, {""temp"": 21.14675, ""step"": 3, ""status"": 0, ""pres"": 965.7756, ""meas_profile"": ""HP-3"", ""meas_id"": 3, ""hum"": 35.30084, ""gas_res"": 26694.47}, {""temp"": 21.05191, ""step"": 3, ""status"": 0, ""pres"": 965.935, ""meas_profile"": ""HP-2"", ""meas_id"": 2, ""hum"": 35.53308, ""gas_res"": 40087.69}, {""temp"": 20.81559, ""step"": 3, ""status"": 0, ""pres"": 965.9716, ""meas_profile"": ""HP-1"", ""meas_id"": 1, ""hum"": 33.91926, ""gas_res"": 27187.77}]}",NULL,"2025-10-27 14:39:59.906108"
13399,"04a600b9b0b8","2025-10-27 14:39:07","ThRUMBPaH2eBM7wEd3x2","{""bme688"": [{""temp"": 21.28806, ""step"": 2, ""status"": 1, ""pres"": 966.064, ""meas_profile"": ""HP-8"", ""meas_id"": 8, ""hum"": 35.30468, ""gas_res"": 15976.04}, {""temp"": 21.25251, ""step"": 2, ""status"": 1, ""pres"": 966.1499, ""meas_profile"": ""HP-7"", ""meas_id"": 7, ""hum"": 35.21533, ""gas_res"": 20745.54}, {""temp"": 21.32708, ""step"": 2, ""status"": 1, ""pres"": 966.3128, ""meas_profile"": ""HP-6"", ""meas_id"": 6, ""hum"": 35.08734, ""gas_res"": 64000.0}, {""temp"": 21.21564, ""step"": 2, ""status"": 1, ""pres"": 966.038, ""meas_profile"": ""HP-5"", ""meas_id"": 5, ""hum"": 35.26945, ""gas_res"": 164207.8}, {""temp"": 20.97606, ""step"": 2, ""status"": 1, ""pres"": 966.1249, ""meas_profile"": ""HP-4"", ""meas_id"": 4, ""hum"": 34.79784, ""gas_res"": 251844.6}, {""temp"": 21.14582, ""step"": 2, ""status"": 1, ""pres"": 965.7756, ""meas_profile"": ""HP-3"", ""meas_id"": 3, ""hum"": 35.33535, ""gas_res"": 115994.6}, {""temp"": 21.05067, ""step"": 2, ""status"": 1, ""pres"": 965.933, ""meas_profile"": ""HP-2"", ""meas_id"": 2, ""hum"": 35.54436, ""gas_res"": 204841.0}, {""temp"": 20.81466, ""step"": 2, ""status"": 1, ""pres"": 965.97, ""meas_profile"": ""HP-1"", ""meas_id"": 1, ""hum"": 33.91918, ""gas_res"": 144591.9}]}",NULL,"2025-10-27 14:40:01.191378"
13400,"04a600b9b0b8","2025-10-27 14:39:07","ThRUMBPaH2eBM7wEd3x2","{""bme688"": [{""temp"": 21.28713, ""step"": 1, ""status"": 1, ""pres"": 966.0643, ""meas_profile"": ""HP-8"", ""meas_id"": 8, ""hum"": 35.31608, ""gas_res"": 7200.72}, {""temp"": 21.25189, ""step"": 1, ""status"": 1, ""pres"": 966.1488, ""meas_profile"": ""HP-7"", ""meas_id"": 7, ""hum"": 35.19824, ""gas_res"": 8592.911}, {""temp"": 21.32646, ""step"": 1, ""status"": 1, ""pres"": 966.3117, ""meas_profile"": ""HP-6"", ""meas_id"": 6, ""hum"": 35.07577, ""gas_res"": 25000.0}, {""temp"": 21.21502, ""step"": 1, ""status"": 1, ""pres"": 966.0387, ""meas_profile"": ""HP-5"", ""meas_id"": 5, ""hum"": 35.28077, ""gas_res"": 39203.68}, {""temp"": 20.97544, ""step"": 1, ""status"": 1, ""pres"": 966.1255, ""meas_profile"": ""HP-4"", ""meas_id"": 4, ""hum"": 34.8093, ""gas_res"": 42609.86}, {""temp"": 21.14521, ""step"": 1, ""status"": 1, ""pres"": 965.7747, ""meas_profile"": ""HP-3"", ""meas_id"": 3, ""hum"": 35.3007, ""gas_res"": 24658.06}, {""temp"": 21.05005, ""step"": 1, ""status"": 1, ""pres"": 965.9338, ""meas_profile"": ""HP-2"", ""meas_id"": 2, ""hum"": 35.55571, ""gas_res"": 36086.83}, {""temp"": 20.81403, ""step"": 1, ""status"": 1, ""pres"": 965.971, ""meas_profile"": ""HP-1"", ""meas_id"": 1, ""hum"": 33.92496, ""gas_res"": 25790.85}]}",NULL,"2025-10-27 14:40:02.585945"
13401,"04a600b9b0b8","2025-10-27 14:39:07","ThRUMBPaH2eBM7wEd3x2","{""bme688"": [{""temp"": 21.2859, ""step"": 0, ""status"": 1, ""pres"": 966.0623, ""meas_profile"": ""HP-8"", ""meas_id"": 8, ""hum"": 35.29298, ""gas_res"": 5684.846}, {""temp"": 21.25064, ""step"": 0, ""status"": 1, ""pres"": 966.1486, ""meas_profile"": ""HP-7"", ""meas_id"": 7, ""hum"": 35.2038, ""gas_res"": 5684.846}, {""temp"": 21.32553, ""step"": 0, ""status"": 1, ""pres"": 966.312, ""meas_profile"": ""HP-6"", ""meas_id"": 6, ""hum"": 35.09295, ""gas_res"": 7633.588}, {""temp"": 21.21439, ""step"": 0, ""status"": 1, ""pres"": 966.0377, ""meas_profile"": ""HP-5"", ""meas_id"": 5, ""hum"": 35.27502, ""gas_res"": 25000.0}, {""temp"": 20.97451, ""step"": 0, ""status"": 1, ""pres"": 966.124, ""meas_profile"": ""HP-4"", ""meas_id"": 4, ""hum"": 34.80922, ""gas_res"": 25000.0}, {""temp"": 21.14428, ""step"": 0, ""status"": 1, ""pres"": 965.7748, ""meas_profile"": ""HP-3"", ""meas_id"": 3, ""hum"": 35.32367, ""gas_res"": 6792.613}, {""temp"": 21.04943, ""step"": 0, ""status"": 1, ""pres"": 965.9343, ""meas_profile"": ""HP-2"", ""meas_id"": 2, ""hum"": 35.53285, ""gas_res"": 8938.548}, {""temp"": 20.8131, ""step"": 0, ""status"": 1, ""pres"": 965.9713, ""meas_profile"": ""HP-1"", ""meas_id"": 1, ""hum"": 33.91319, ""gas_res"": 7123.775}]}",NULL,"2025-10-27 14:40:03.743993"
13402,"04a600b9b0b8","2025-10-27 14:38:40","ThRUMBPaH2eBM7wEd3x2","{""zphs01b"": {""voc"": 0, ""temp"": 19.2, ""pm2_5"": 0, ""pm1_0"": 0, ""pm10"": 349, ""o3"": 0.21, ""no2"": 4.06, ""hum"": 0, ""fmhd"": 0, ""co2"": 5000, ""co"": 0.0}, ""smell_b"": {}, ""sfa30"": {""temp"": 21.27, ""hum"": 35.94, ""fmhd"": 2.2}, ""sen5x"": {""voc"": 105.0, ""temp"": 21.31, ""pm4_0"": 4689.4, ""pm2_5"": 4689.4, ""pm1_0"": 4471.6, ""pm10"": 4689.4, ""nox"": 1.0, ""mass_c"": 4634.95, ""hum"": 41.16}, ""scd41"": {""temp"": 20.9411, ""hum"": 39.10429, ""co2"": 767}, ""power_source"": 0, ""mics6814"": {""red_res"": 0, ""no2_res"": 0, ""no2"": 0.17, ""nh3_res"": 0, ""nh3"": 0.73, ""co_res"": 0, ""co"": 44.0}}",NULL,"2025-10-27 14:40:04.927294"
13403,"04a600b9b0b8","2025-10-27 14:38:40","ThRUMBPaH2eBM7wEd3x2","{""bme688"": [{""temp"": 21.28497, ""step"": 9, ""status"": 1, ""pres"": 966.0626, ""meas_profile"": ""HP-8"", ""meas_id"": 8, ""hum"": 35.26419, ""gas_res"": 5684.846}, {""temp"": 21.2494, ""step"": 9, ""status"": 1, ""pres"": 966.1463, ""meas_profile"": ""HP-7"", ""meas_id"": 7, ""hum"": 35.1526, ""gas_res"": 5684.846}, {""temp"": 21.32461, ""step"": 9, ""status"": 1, ""pres"": 966.3121, ""meas_profile"": ""HP-6"", ""meas_id"": 6, ""hum"": 35.05832, ""gas_res"": 6844.92}, {""temp"": 21.21377, ""step"": 9, ""status"": 1, ""pres"": 966.0383, ""meas_profile"": ""HP-5"", ""meas_id"": 5, ""hum"": 35.22375, ""gas_res"": 25000.0}, {""temp"": 20.97389, ""step"": 9, ""status"": 1, ""pres"": 966.1248, ""meas_profile"": ""HP-4"", ""meas_id"": 4, ""hum"": 34.78612, ""gas_res"": 25000.0}, {""temp"": 21.14366, ""step"": 9, ""status"": 1, ""pres"": 965.7737, ""meas_profile"": ""HP-3"", ""meas_id"": 3, ""hum"": 35.29479, ""gas_res"": 6961.062}, {""temp"": 21.0485, ""step"": 9, ""status"": 1, ""pres"": 965.9327, ""meas_profile"": ""HP-2"", ""meas_id"": 2, ""hum"": 35.54985, ""gas_res"": 8497.079}, {""temp"": 20.81248, ""step"": 9, ""status"": 1, ""pres"": 965.9704, ""meas_profile"": ""HP-1"", ""meas_id"": 1, ""hum"": 33.90729, ""gas_res"": 6792.613}]}",NULL,"2025-10-27 14:40:06.306015"
13404,"04a600b9b0b8","2025-10-27 14:38:40","ThRUMBPaH2eBM7wEd3x2","{""bme688"": [{""temp"": 21.28374, ""step"": 8, ""status"": 1, ""pres"": 966.0608, ""meas_profile"": ""HP-8"", ""meas_id"": 8, ""hum"": 35.26981, ""gas_res"": 5684.846}, {""temp"": 21.24816, ""step"": 8, ""status"": 1, ""pres"": 966.1445, ""meas_profile"": ""HP-7"", ""meas_id"": 7, ""hum"": 35.14113, ""gas_res"": 5684.846}, {""temp"": 21.32368, ""step"": 8, ""status"": 1, ""pres"": 966.3108, ""meas_profile"": ""HP-6"", ""meas_id"": 6, ""hum"": 35.05824, ""gas_res"": 6979.28}, {""temp"": 21.21283, ""step"": 8, ""status"": 1, ""pres"": 966.0368, ""meas_profile"": ""HP-5"", ""meas_id"": 5, ""hum"": 35.24073, ""gas_res"": 25000.0}, {""temp"": 20.97296, ""step"": 8, ""status"": 1, ""pres"": 966.1248, ""meas_profile"": ""HP-4"", ""meas_id"": 4, ""hum"": 34.80331, ""gas_res"": 25000.0}, {""temp"": 21.14273, ""step"": 8, ""status"": 1, ""pres"": 965.7724, ""meas_profile"": ""HP-3"", ""meas_id"": 3, ""hum"": 35.31199, ""gas_res"": 6530.612}, {""temp"": 21.04787, ""step"": 8, ""status"": 1, ""pres"": 965.9335, ""meas_profile"": ""HP-2"", ""meas_id"": 2, ""hum"": 35.54409, ""gas_res"": 8416.623}, {""temp"": 20.81154, ""step"": 8, ""status"": 1, ""pres"": 965.9708, ""meas_profile"": ""HP-1"", ""meas_id"": 1, ""hum"": 33.90136, ""gas_res"": 6792.613}]}",NULL,"2025-10-27 14:40:07.680953"
13405,"04a600b9b0b8","2025-10-27 14:38:40","ThRUMBPaH2eBM7wEd3x2","{""bme688"": [{""temp"": 21.2825, ""step"": 7, ""status"": 1, ""pres"": 966.0588, ""meas_profile"": ""HP-8"", ""meas_id"": 8, ""hum"": 35.27544, ""gas_res"": 5684.846}, {""temp"": 21.24692, ""step"": 7, ""status"": 1, ""pres"": 966.144, ""meas_profile"": ""HP-7"", ""meas_id"": 7, ""hum"": 35.18074, ""gas_res"": 5684.846}, {""temp"": 21.32276, ""step"": 7, ""status"": 1, ""pres"": 966.3109, ""meas_profile"": ""HP-6"", ""meas_id"": 6, ""hum"": 35.05239, ""gas_res"": 6818.666}, {""temp"": 21.21221, ""step"": 7, ""status"": 1, ""pres"": 966.0374, ""meas_profile"": ""HP-5"", ""meas_id"": 5, ""hum"": 35.24067, ""gas_res"": 25000.0}, {""temp"": 20.97234, ""step"": 7, ""status"": 1, ""pres"": 966.1238, ""meas_profile"": ""HP-4"", ""meas_id"": 4, ""hum"": 34.80325, ""gas_res"": 21454.91}, {""temp"": 21.1418, ""step"": 7, ""status"": 1, ""pres"": 965.7724, ""meas_profile"": ""HP-3"", ""meas_id"": 3, ""hum"": 35.31767, ""gas_res"": 8285.862}, {""temp"": 21.04694, ""step"": 7, ""status"": 1, ""pres"": 965.9337, ""meas_profile"": ""HP-2"", ""meas_id"": 2, ""hum"": 35.56112, ""gas_res"": 7744.434}, {""temp"": 20.81061, ""step"": 7, ""status"": 1, ""pres"": 965.9694, ""meas_profile"": ""HP-1"", ""meas_id"": 1, ""hum"": 33.90127, ""gas_res"": 6344.171}]}",NULL,"2025-10-27 14:40:08.875114"
13406,"04a600b9b0b8","2025-10-27 14:38:40","ThRUMBPaH2eBM7wEd3x2","{""bme688"": [{""temp"": 21.28188, ""step"": 6, ""status"": 1, ""pres"": 966.0579, ""meas_profile"": ""HP-8"", ""meas_id"": 8, ""hum"": 35.30409, ""gas_res"": 10155.51}, {""temp"": 21.24599, ""step"": 6, ""status"": 1, ""pres"": 966.1424, ""meas_profile"": ""HP-7"", ""meas_id"": 7, ""hum"": 35.17498, ""gas_res"": 15094.34}, {""temp"": 21.32152, ""step"": 6, ""status"": 1, ""pres"": 966.3109, ""meas_profile"": ""HP-6"", ""meas_id"": 6, ""hum"": 35.04652, ""gas_res"": 28571.43}, {""temp"": 21.21127, ""step"": 6, ""status"": 1, ""pres"": 966.0377, ""meas_profile"": ""HP-5"", ""meas_id"": 5, ""hum"": 35.26335, ""gas_res"": 98746.38}, {""temp"": 20.97141, ""step"": 6, ""status"": 1, ""pres"": 966.1239, ""meas_profile"": ""HP-4"", ""meas_id"": 4, ""hum"": 34.7974, ""gas_res"": 109029.0}, {""temp"": 21.14119, ""step"": 6, ""status"": 1, ""pres"": 965.7714, ""meas_profile"": ""HP-3"", ""meas_id"": 3, ""hum"": 35.31762, ""gas_res"": 40816.33}, {""temp"": 21.04632, ""step"": 6, ""status"": 1, ""pres"": 965.9344, ""meas_profile"": ""HP-2"", ""meas_id"": 2, ""hum"": 35.54395, ""gas_res"": 100000.0}, {""temp"": 20.80968, ""step"": 6, ""status"": 1, ""pres"": 965.9698, ""meas_profile"": ""HP-1"", ""meas_id"": 1, ""hum"": 33.90703, ""gas_res"": 82262.21}]}",NULL,"2025-10-27 14:40:10.162187"
13407,"04a600b9b0b8","2025-10-27 14:38:40","ThRUMBPaH2eBM7wEd3x2","{""bme688"": [{""temp"": 21.28096, ""step"": 5, ""status"": 1, ""pres"": 966.0582, ""meas_profile"": ""HP-8"", ""meas_id"": 8, ""hum"": 35.29252, ""gas_res"": 10136.21}, {""temp"": 21.24505, ""step"": 5, ""status"": 1, ""pres"": 966.1408, ""meas_profile"": ""HP-7"", ""meas_id"": 7, ""hum"": 35.17489, ""gas_res"": 15073.01}, {""temp"": 21.32059, ""step"": 5, ""status"": 1, ""pres"": 966.3109, ""meas_profile"": ""HP-6"", ""meas_id"": 6, ""hum"": 35.07521, ""gas_res"": 28783.45}, {""temp"": 21.21033, ""step"": 5, ""status"": 1, ""pres"": 966.036, ""meas_profile"": ""HP-5"", ""meas_id"": 5, ""hum"": 35.26325, ""gas_res"": 99902.44}, {""temp"": 20.97016, ""step"": 5, ""status"": 1, ""pres"": 966.1236, ""meas_profile"": ""HP-4"", ""meas_id"": 4, ""hum"": 34.80882, ""gas_res"": 110654.9}, {""temp"": 21.14026, ""step"": 5, ""status"": 1, ""pres"": 965.77, ""meas_profile"": ""HP-3"", ""meas_id"": 3, ""hum"": 35.31753, ""gas_res"": 40163.16}, {""temp"": 21.04539, ""step"": 5, ""status"": 1, ""pres"": 965.9328, ""meas_profile"": ""HP-2"", ""meas_id"": 2, ""hum"": 35.54956, ""gas_res"": 100000.0}, {""temp"": 20.80843, ""step"": 5, ""status"": 1, ""pres"": 965.9679, ""meas_profile"": ""HP-1"", ""meas_id"": 1, ""hum"": 33.91277, ""gas_res"": 79950.03}]}",NULL,"2025-10-27 14:40:11.426919"
13408,"04a600b9b0b8","2025-10-27 14:38:40","ThRUMBPaH2eBM7wEd3x2","{""bme688"": [{""temp"": 21.28034, ""step"": 4, ""status"": 1, ""pres"": 966.0572, ""meas_profile"": ""HP-8"", ""meas_id"": 8, ""hum"": 35.29246, ""gas_res"": 10145.85}, {""temp"": 21.24412, ""step"": 4, ""status"": 1, ""pres"": 966.1411, ""meas_profile"": ""HP-7"", ""meas_id"": 7, ""hum"": 35.19751, ""gas_res"": 15245.35}, {""temp"": 21.31967, ""step"": 4, ""status"": 1, ""pres"": 966.3094, ""meas_profile"": ""HP-6"", ""meas_id"": 6, ""hum"": 35.08664, ""gas_res"": 29459.15}, {""temp"": 21.20939, ""step"": 4, ""status"": 1, ""pres"": 966.0364, ""meas_profile"": ""HP-5"", ""meas_id"": 5, ""hum"": 35.25179, ""gas_res"": 102790.6}, {""temp"": 20.96923, ""step"": 4, ""status"": 1, ""pres"": 966.1221, ""meas_profile"": ""HP-4"", ""meas_id"": 4, ""hum"": 34.80872, ""gas_res"": 114209.2}, {""temp"": 21.13964, ""step"": 4, ""status"": 1, ""pres"": 965.7706, ""meas_profile"": ""HP-3"", ""meas_id"": 3, ""hum"": 35.34053, ""gas_res"": 39975.02}, {""temp"": 21.04477, ""step"": 4, ""status"": 1, ""pres"": 965.9334, ""meas_profile"": ""HP-2"", ""meas_id"": 2, ""hum"": 35.5495, ""gas_res"": 100000.0}, {""temp"": 20.8075, ""step"": 4, ""status"": 1, ""pres"": 965.9683, ""meas_profile"": ""HP-1"", ""meas_id"": 1, ""hum"": 33.93022, ""gas_res"": 78769.23}]}",NULL,"2025-10-27 14:40:12.811929"
13409,"04a600b9b0b8","2025-10-27 14:38:40","ThRUMBPaH2eBM7wEd3x2","{""bme688"": [{""temp"": 21.2791, ""step"": 3, ""status"": 0, ""pres"": 966.057, ""meas_profile"": ""HP-8"", ""meas_id"": 8, ""hum"": 35.32681, ""gas_res"": 6382.13}, {""temp"": 21.24319, ""step"": 3, ""status"": 0, ""pres"": 966.1395, ""meas_profile"": ""HP-7"", ""meas_id"": 7, ""hum"": 35.19743, ""gas_res"": 7688.611}, {""temp"": 21.31874, ""step"": 3, ""status"": 0, ""pres"": 966.3098, ""meas_profile"": ""HP-6"", ""meas_id"": 6, ""hum"": 35.09232, ""gas_res"": 16024.04}, {""temp"": 21.20814, ""step"": 3, ""status"": 0, ""pres"": 966.0343, ""meas_profile"": ""HP-5"", ""meas_id"": 5, ""hum"": 35.28013, ""gas_res"": 33961.26}, {""temp"": 20.96799, ""step"": 3, ""status"": 0, ""pres"": 966.1216, ""meas_profile"": ""HP-4"", ""meas_id"": 4, ""hum"": 34.82013, ""gas_res"": 34963.13}, {""temp"": 21.1384, ""step"": 3, ""status"": 0, ""pres"": 965.7687, ""meas_profile"": ""HP-3"", ""meas_id"": 3, ""hum"": 35.34042, ""gas_res"": 21433.36}, {""temp"": 21.04353, ""step"": 3, ""status"": 0, ""pres"": 965.9331, ""meas_profile"": ""HP-2"", ""meas_id"": 2, ""hum"": 35.57219, ""gas_res"": 33272.68}, {""temp"": 20.80626, ""step"": 3, ""status"": 0, ""pres"": 965.9663, ""meas_profile"": ""HP-1"", ""meas_id"": 1, ""hum"": 33.9418, ""gas_res"": 21872.86}]}",NULL,"2025-10-27 14:40:13.988429"
13410,"04a600b9b0b8","2025-10-27 14:38:40","ThRUMBPaH2eBM7wEd3x2","{""bme688"": [{""temp"": 21.27818, ""step"": 2, ""status"": 1, ""pres"": 966.0556, ""meas_profile"": ""HP-8"", ""meas_id"": 8, ""hum"": 35.32672, ""gas_res"": 18449.12}, {""temp"": 21.24226, ""step"": 2, ""status"": 1, ""pres"": 966.1396, ""meas_profile"": ""HP-7"", ""meas_id"": 7, ""hum"": 35.22005, ""gas_res"": 24033.04}, {""temp"": 21.31751, ""step"": 2, ""status"": 1, ""pres"": 966.3094, ""meas_profile"": ""HP-6"", ""meas_id"": 6, ""hum"": 35.11523, ""gas_res"": 67226.89}, {""temp"": 21.2072, ""step"": 2, ""status"": 1, ""pres"": 966.0344, ""meas_profile"": ""HP-5"", ""meas_id"": 5, ""hum"": 35.29142, ""gas_res"": 166287.8}, {""temp"": 20.96706, ""step"": 2, ""status"": 1, ""pres"": 966.1202, ""meas_profile"": ""HP-4"", ""meas_id"": 4, ""hum"": 34.80276, ""gas_res"": 231517.1}, {""temp"": 21.13748, ""step"": 2, ""status"": 1, ""pres"": 965.7689, ""meas_profile"": ""HP-3"", ""meas_id"": 3, ""hum"": 35.34032, ""gas_res"": 105263.2}, {""temp"": 21.04259, ""step"": 2, ""status"": 1, ""pres"": 965.9316, ""meas_profile"": ""HP-2"", ""meas_id"": 2, ""hum"": 35.5721, ""gas_res"": 176978.9}, {""temp"": 20.80532, ""step"": 2, ""status"": 1, ""pres"": 965.9667, ""meas_profile"": ""HP-1"", ""meas_id"": 1, ""hum"": 33.92418, ""gas_res"": 128869.9}]}",NULL,"2025-10-27 14:40:15.284801"
13411,"04a600b9b0b8","2025-10-27 14:38:40","ThRUMBPaH2eBM7wEd3x2","{""bme688"": [{""temp"": 21.27756, ""step"": 1, ""status"": 1, ""pres"": 966.0563, ""meas_profile"": ""HP-8"", ""meas_id"": 8, ""hum"": 35.33241, ""gas_res"": 7380.074}, {""temp"": 21.24164, ""step"": 1, ""status"": 1, ""pres"": 966.1387, ""meas_profile"": ""HP-7"", ""meas_id"": 7, ""hum"": 35.21999, ""gas_res"": 8698.016}, {""temp"": 21.31689, ""step"": 1, ""status"": 1, ""pres"": 966.3085, ""meas_profile"": ""HP-6"", ""meas_id"": 6, ""hum"": 35.08639, ""gas_res"": 25000.0}, {""temp"": 21.20658, ""step"": 1, ""status"": 1, ""pres"": 966.0334, ""meas_profile"": ""HP-5"", ""meas_id"": 5, ""hum"": 35.29136, ""gas_res"": 33272.68}, {""temp"": 20.96643, ""step"": 1, ""status"": 1, ""pres"": 966.1208, ""meas_profile"": ""HP-4"", ""meas_id"": 4, ""hum"": 34.82575, ""gas_res"": 33773.09}, {""temp"": 21.13686, ""step"": 1, ""status"": 1, ""pres"": 965.7678, ""meas_profile"": ""HP-3"", ""meas_id"": 3, ""hum"": 35.34603, ""gas_res"": 25000.0}, {""temp"": 21.04166, ""step"": 1, ""status"": 1, ""pres"": 965.9301, ""meas_profile"": ""HP-2"", ""meas_id"": 2, ""hum"": 35.58341, ""gas_res"": 27789.84}, {""temp"": 20.8047, ""step"": 1, ""status"": 1, ""pres"": 965.9659, ""meas_profile"": ""HP-1"", ""meas_id"": 1, ""hum"": 33.92997, ""gas_res"": 25000.0}]}",NULL,"2025-10-27 14:40:16.556763"
13412,"04a600b9b0b8","2025-10-27 14:38:40","ThRUMBPaH2eBM7wEd3x2","{""bme688"": [{""temp"": 21.27633, ""step"": 0, ""status"": 1, ""pres"": 966.0544, ""meas_profile"": ""HP-8"", ""meas_id"": 8, ""hum"": 35.33804, ""gas_res"": 5684.846}, {""temp"": 21.2404, ""step"": 0, ""status"": 1, ""pres"": 966.1367, ""meas_profile"": ""HP-7"", ""meas_id"": 7, ""hum"": 35.21988, ""gas_res"": 5684.846}, {""temp"": 21.31627, ""step"": 0, ""status"": 1, ""pres"": 966.3091, ""meas_profile"": ""HP-6"", ""meas_id"": 6, ""hum"": 35.1036, ""gas_res"": 7390.3}, {""temp"": 21.20595, ""step"": 0, ""status"": 1, ""pres"": 966.0323, ""meas_profile"": ""HP-5"", ""meas_id"": 5, ""hum"": 35.27423, ""gas_res"": 25000.0}, {""temp"": 20.9655, ""step"": 0, ""status"": 1, ""pres"": 966.1209, ""meas_profile"": ""HP-4"", ""meas_id"": 4, ""hum"": 34.82566, ""gas_res"": 22759.6}, {""temp"": 21.13593, ""step"": 0, ""status"": 1, ""pres"": 965.7664, ""meas_profile"": ""HP-3"", ""meas_id"": 3, ""hum"": 35.36901, ""gas_res"": 8103.317}, {""temp"": 21.04104, ""step"": 0, ""status"": 1, ""pres"": 965.9308, ""meas_profile"": ""HP-2"", ""meas_id"": 2, ""hum"": 35.57766, ""gas_res"": 7447.056}, {""temp"": 20.80345, ""step"": 0, ""status"": 1, ""pres"": 965.9656, ""meas_profile"": ""HP-1"", ""meas_id"": 1, ""hum"": 33.94155, ""gas_res"": 6207.565}]}",NULL,"2025-10-27 14:40:17.950761"
13435,"04a600b9b0b8","2025-10-27 14:40:38","ThRUMBPaH2eBM7wEd3x2","{""bme688"": [{""temp"": 21.31987, ""step"": 9, ""status"": 1, ""pres"": 966.0768, ""meas_profile"": ""HP-8"", ""meas_id"": 8, ""hum"": 35.12399, ""gas_res"": 5684.846}, {""temp"": 21.28418, ""step"": 9, ""status"": 1, ""pres"": 966.1671, ""meas_profile"": ""HP-7"", ""meas_id"": 7, ""hum"": 35.01403, ""gas_res"": 5684.846}, {""temp"": 21.35579, ""step"": 9, ""status"": 1, ""pres"": 966.3156, ""meas_profile"": ""HP-6"", ""meas_id"": 6, ""hum"": 34.91739, ""gas_res"": 7142.857}, {""temp"": 21.24473, ""step"": 9, ""status"": 1, ""pres"": 966.0486, ""meas_profile"": ""HP-5"", ""meas_id"": 5, ""hum"": 35.08449, ""gas_res"": 25000.0}, {""temp"": 21.00371, ""step"": 9, ""status"": 1, ""pres"": 966.1286, ""meas_profile"": ""HP-4"", ""meas_id"": 4, ""hum"": 34.6392, ""gas_res"": 25000.0}, {""temp"": 21.17211, ""step"": 9, ""status"": 1, ""pres"": 965.7865, ""meas_profile"": ""HP-3"", ""meas_id"": 3, ""hum"": 35.18222, ""gas_res"": 7494.145}, {""temp"": 21.07737, ""step"": 9, ""status"": 1, ""pres"": 965.9397, ""meas_profile"": ""HP-2"", ""meas_id"": 2, ""hum"": 35.40445, ""gas_res"": 9106.432}, {""temp"": 20.84018, ""step"": 9, ""status"": 1, ""pres"": 965.9749, ""meas_profile"": ""HP-1"", ""meas_id"": 1, ""hum"": 33.76956, ""gas_res"": 7274.38}]}",NULL,"2025-10-29 07:22:41.178084"
13436,"04a600b9b0b8","2025-10-27 14:40:38","ThRUMBPaH2eBM7wEd3x2","{""bme688"": [{""temp"": 21.31833, ""step"": 8, ""status"": 1, ""pres"": 966.0762, ""meas_profile"": ""HP-8"", ""meas_id"": 8, ""hum"": 35.12384, ""gas_res"": 5684.846}, {""temp"": 21.28294, ""step"": 8, ""status"": 1, ""pres"": 966.1666, ""meas_profile"": ""HP-7"", ""meas_id"": 7, ""hum"": 35.01958, ""gas_res"": 5684.846}, {""temp"": 21.35486, ""step"": 8, ""status"": 1, ""pres"": 966.3142, ""meas_profile"": ""HP-6"", ""meas_id"": 6, ""hum"": 34.90005, ""gas_res"": 7390.3}, {""temp"": 21.24379, ""step"": 8, ""status"": 1, ""pres"": 966.0472, ""meas_profile"": ""HP-5"", ""meas_id"": 5, ""hum"": 35.0844, ""gas_res"": 25000.0}, {""temp"": 21.00278, ""step"": 8, ""status"": 1, ""pres"": 966.1288, ""meas_profile"": ""HP-4"", ""meas_id"": 4, ""hum"": 34.63336, ""gas_res"": 25000.0}, {""temp"": 21.17118, ""step"": 8, ""status"": 1, ""pres"": 965.7866, ""meas_profile"": ""HP-3"", ""meas_id"": 3, ""hum"": 35.17061, ""gas_res"": 7020.623}, {""temp"": 21.07644, ""step"": 8, ""status"": 1, ""pres"": 965.9381, ""meas_profile"": ""HP-2"", ""meas_id"": 2, ""hum"": 35.39867, ""gas_res"": 9264.621}, {""temp"": 20.83924, ""step"": 8, ""status"": 1, ""pres"": 965.9752, ""meas_profile"": ""HP-1"", ""meas_id"": 1, ""hum"": 33.78115, ""gas_res"": 7400.555}]}",NULL,"2025-10-29 07:22:42.551637"
13437,"04a600b9b0b8","2025-10-27 14:40:38","ThRUMBPaH2eBM7wEd3x2","{""bme688"": [{""temp"": 21.31709, ""step"": 7, ""status"": 1, ""pres"": 966.076, ""meas_profile"": ""HP-8"", ""meas_id"": 8, ""hum"": 35.14094, ""gas_res"": 5684.846}, {""temp"": 21.28169, ""step"": 7, ""status"": 1, ""pres"": 966.1644, ""meas_profile"": ""HP-7"", ""meas_id"": 7, ""hum"": 35.0138, ""gas_res"": 5684.846}, {""temp"": 21.35393, ""step"": 7, ""status"": 1, ""pres"": 966.3162, ""meas_profile"": ""HP-6"", ""meas_id"": 6, ""hum"": 34.89996, ""gas_res"": 7244.736}, {""temp"": 21.24285, ""step"": 7, ""status"": 1, ""pres"": 966.0472, ""meas_profile"": ""HP-5"", ""meas_id"": 5, ""hum"": 35.08431, ""gas_res"": 25000.0}, {""temp"": 21.00184, ""step"": 7, ""status"": 1, ""pres"": 966.1287, ""meas_profile"": ""HP-4"", ""meas_id"": 4, ""hum"": 34.64478, ""gas_res"": 25000.0}, {""temp"": 21.17025, ""step"": 7, ""status"": 1, ""pres"": 965.7851, ""meas_profile"": ""HP-3"", ""meas_id"": 3, ""hum"": 35.16477, ""gas_res"": 6628.003}, {""temp"": 21.07551, ""step"": 7, ""status"": 1, ""pres"": 965.9383, ""meas_profile"": ""HP-2"", ""meas_id"": 2, ""hum"": 35.39858, ""gas_res"": 8740.781}, {""temp"": 20.83831, ""step"": 7, ""status"": 1, ""pres"": 965.9738, ""meas_profile"": ""HP-1"", ""meas_id"": 1, ""hum"": 33.79276, ""gas_res"": 7220.217}]}",NULL,"2025-10-29 07:22:43.736139"
13438,"04a600b9b0b8","2025-10-27 14:40:38","ThRUMBPaH2eBM7wEd3x2","{""bme688"": [{""temp"": 21.31586, ""step"": 6, ""status"": 1, ""pres"": 966.0758, ""meas_profile"": ""HP-8"", ""meas_id"": 8, ""hum"": 35.12361, ""gas_res"": 9873.496}, {""temp"": 21.28045, ""step"": 6, ""status"": 1, ""pres"": 966.1657, ""meas_profile"": ""HP-7"", ""meas_id"": 7, ""hum"": 35.00801, ""gas_res"": 14618.55}, {""temp"": 21.3527, ""step"": 6, ""status"": 1, ""pres"": 966.3141, ""meas_profile"": ""HP-6"", ""meas_id"": 6, ""hum"": 34.9171, ""gas_res"": 29850.75}, {""temp"": 21.2416, ""step"": 6, ""status"": 1, ""pres"": 966.0471, ""meas_profile"": ""HP-5"", ""meas_id"": 5, ""hum"": 35.09557, ""gas_res"": 106577.9}, {""temp"": 21.0006, ""step"": 6, ""status"": 1, ""pres"": 966.1285, ""meas_profile"": ""HP-4"", ""meas_id"": 4, ""hum"": 34.63316, ""gas_res"": 123552.1}, {""temp"": 21.16932, ""step"": 6, ""status"": 1, ""pres"": 965.7853, ""meas_profile"": ""HP-3"", ""meas_id"": 3, ""hum"": 35.18772, ""gas_res"": 45911.05}, {""temp"": 21.07427, ""step"": 6, ""status"": 1, ""pres"": 965.9379, ""meas_profile"": ""HP-2"", ""meas_id"": 2, ""hum"": 35.39846, ""gas_res"": 99032.88}, {""temp"": 20.83738, ""step"": 6, ""status"": 1, ""pres"": 965.9742, ""meas_profile"": ""HP-1"", ""meas_id"": 1, ""hum"": 33.78682, ""gas_res"": 93023.26}]}",NULL,"2025-10-29 07:22:45.0164"
13439,"04a600b9b0b8","2025-10-27 14:40:38","ThRUMBPaH2eBM7wEd3x2","{""bme688"": [{""temp"": 21.31493, ""step"": 5, ""status"": 1, ""pres"": 966.0744, ""meas_profile"": ""HP-8"", ""meas_id"": 8, ""hum"": 35.14647, ""gas_res"": 9900.99}, {""temp"": 21.27921, ""step"": 5, ""status"": 1, ""pres"": 966.1638, ""meas_profile"": ""HP-7"", ""meas_id"": 7, ""hum"": 35.01923, ""gas_res"": 14648.66}, {""temp"": 21.35177, ""step"": 5, ""status"": 1, ""pres"": 966.3145, ""meas_profile"": ""HP-6"", ""meas_id"": 6, ""hum"": 34.92852, ""gas_res"": 30252.89}, {""temp"": 21.24035, ""step"": 5, ""status"": 1, ""pres"": 966.0466, ""meas_profile"": ""HP-5"", ""meas_id"": 5, ""hum"": 35.09545, ""gas_res"": 109098.7}, {""temp"": 20.99936, ""step"": 5, ""status"": 1, ""pres"": 966.1281, ""meas_profile"": ""HP-4"", ""meas_id"": 4, ""hum"": 34.65606, ""gas_res"": 127236.6}, {""temp"": 21.1684, ""step"": 5, ""status"": 1, ""pres"": 965.7855, ""meas_profile"": ""HP-3"", ""meas_id"": 3, ""hum"": 35.17612, ""gas_res"": 46360.02}, {""temp"": 21.07302, ""step"": 5, ""status"": 1, ""pres"": 965.9376, ""meas_profile"": ""HP-2"", ""meas_id"": 2, ""hum"": 35.42682, ""gas_res"": 99321.05}, {""temp"": 20.83644, ""step"": 5, ""status"": 1, ""pres"": 965.9746, ""meas_profile"": ""HP-1"", ""meas_id"": 1, ""hum"": 33.79258, ""gas_res"": 92418.77}]}",NULL,"2025-10-29 07:22:46.305517"
13440,"04a600b9b0b8","2025-10-27 14:40:38","ThRUMBPaH2eBM7wEd3x2","{""bme688"": [{""temp"": 21.31369, ""step"": 4, ""status"": 1, ""pres"": 966.0743, ""meas_profile"": ""HP-8"", ""meas_id"": 8, ""hum"": 35.1521, ""gas_res"": 9809.933}, {""temp"": 21.27797, ""step"": 4, ""status"": 1, ""pres"": 966.1633, ""meas_profile"": ""HP-7"", ""meas_id"": 7, ""hum"": 35.0418, ""gas_res"": 14658.73}, {""temp"": 21.35085, ""step"": 4, ""status"": 1, ""pres"": 966.3147, ""meas_profile"": ""HP-6"", ""meas_id"": 6, ""hum"": 34.92843, ""gas_res"": 30843.37}, {""temp"": 21.2391, ""step"": 4, ""status"": 1, ""pres"": 966.0447, ""meas_profile"": ""HP-5"", ""meas_id"": 5, ""hum"": 35.08965, ""gas_res"": 113149.2}, {""temp"": 20.99812, ""step"": 4, ""status"": 1, ""pres"": 966.1277, ""meas_profile"": ""HP-4"", ""meas_id"": 4, ""hum"": 34.6617, ""gas_res"": 131958.8}, {""temp"": 21.16747, ""step"": 4, ""status"": 1, ""pres"": 965.7856, ""meas_profile"": ""HP-3"", ""meas_id"": 3, ""hum"": 35.19907, ""gas_res"": 46817.85}, {""temp"": 21.07178, ""step"": 4, ""status"": 1, ""pres"": 965.9372, ""meas_profile"": ""HP-2"", ""meas_id"": 2, ""hum"": 35.42101, ""gas_res"": 100078.2}, {""temp"": 20.83551, ""step"": 4, ""status"": 1, ""pres"": 965.975, ""meas_profile"": ""HP-1"", ""meas_id"": 1, ""hum"": 33.81587, ""gas_res"": 92518.98}]}",NULL,"2025-10-29 07:22:47.684369"
13441,"04a600b9b0b8","2025-10-27 14:40:38","ThRUMBPaH2eBM7wEd3x2","{""bme688"": [{""temp"": 21.31246, ""step"": 3, ""status"": 0, ""pres"": 966.074, ""meas_profile"": ""HP-8"", ""meas_id"": 8, ""hum"": 35.16919, ""gas_res"": 6269.592}, {""temp"": 21.27673, ""step"": 3, ""status"": 0, ""pres"": 966.1629, ""meas_profile"": ""HP-7"", ""meas_id"": 7, ""hum"": 35.03034, ""gas_res"": 7525.87}, {""temp"": 21.34961, ""step"": 3, ""status"": 0, ""pres"": 966.3161, ""meas_profile"": ""HP-6"", ""meas_id"": 6, ""hum"": 34.95708, ""gas_res"": 17130.62}, {""temp"": 21.23754, ""step"": 3, ""status"": 0, ""pres"": 966.0436, ""meas_profile"": ""HP-5"", ""meas_id"": 5, ""hum"": 35.13498, ""gas_res"": 38186.16}, {""temp"": 20.99688, ""step"": 3, ""status"": 0, ""pres"": 966.1274, ""meas_profile"": ""HP-4"", ""meas_id"": 4, ""hum"": 34.66734, ""gas_res"": 42063.75}, {""temp"": 21.16654, ""step"": 3, ""status"": 0, ""pres"": 965.7841, ""meas_profile"": ""HP-3"", ""meas_id"": 3, ""hum"": 35.22203, ""gas_res"": 26364.57}, {""temp"": 21.07085, ""step"": 3, ""status"": 0, ""pres"": 965.9373, ""meas_profile"": ""HP-2"", ""meas_id"": 2, ""hum"": 35.4437, ""gas_res"": 39751.55}, {""temp"": 20.83426, ""step"": 3, ""status"": 0, ""pres"": 965.975, ""meas_profile"": ""HP-1"", ""meas_id"": 1, ""hum"": 33.81575, ""gas_res"": 26862.54}]}",NULL,"2025-10-29 07:22:48.865046"
13442,"04a600b9b0b8","2025-10-27 14:40:38","ThRUMBPaH2eBM7wEd3x2","{""bme688"": [{""temp"": 21.31153, ""step"": 2, ""status"": 1, ""pres"": 966.0743, ""meas_profile"": ""HP-8"", ""meas_id"": 8, ""hum"": 35.15763, ""gas_res"": 12125.81}, {""temp"": 21.27579, ""step"": 2, ""status"": 1, ""pres"": 966.1632, ""meas_profile"": ""HP-7"", ""meas_id"": 7, ""hum"": 35.03593, ""gas_res"": 15126.45}, {""temp"": 21.34838, ""step"": 2, ""status"": 1, ""pres"": 966.3159, ""meas_profile"": ""HP-6"", ""meas_id"": 6, ""hum"": 34.94546, ""gas_res"": 39677.62}, {""temp"": 21.23628, ""step"": 2, ""status"": 1, ""pres"": 966.0433, ""meas_profile"": ""HP-5"", ""meas_id"": 5, ""hum"": 35.14624, ""gas_res"": 94692.06}, {""temp"": 20.99563, ""step"": 2, ""status"": 1, ""pres"": 966.127, ""meas_profile"": ""HP-4"", ""meas_id"": 4, ""hum"": 34.67874, ""gas_res"": 141008.0}, {""temp"": 21.16531, ""step"": 2, ""status"": 1, ""pres"": 965.7838, ""meas_profile"": ""HP-3"", ""meas_id"": 3, ""hum"": 35.23343, ""gas_res"": 68854.23}, {""temp"": 21.06961, ""step"": 2, ""status"": 1, ""pres"": 965.9371, ""meas_profile"": ""HP-2"", ""meas_id"": 2, ""hum"": 35.46068, ""gas_res"": 117755.3}, {""temp"": 20.83333, ""step"": 2, ""status"": 1, ""pres"": 965.9734, ""meas_profile"": ""HP-1"", ""meas_id"": 1, ""hum"": 33.8332, ""gas_res"": 85304.9}]}",NULL,"2025-10-29 07:22:50.145226"
13443,"04a600b9b0b8","2025-10-27 14:40:38","ThRUMBPaH2eBM7wEd3x2","{""bme688"": [{""temp"": 21.3103, ""step"": 1, ""status"": 1, ""pres"": 966.0724, ""meas_profile"": ""HP-8"", ""meas_id"": 8, ""hum"": 35.18621, ""gas_res"": 7147.644}, {""temp"": 21.27486, ""step"": 1, ""status"": 1, ""pres"": 966.1616, ""meas_profile"": ""HP-7"", ""meas_id"": 7, ""hum"": 35.0642, ""gas_res"": 8551.577}, {""temp"": 21.34745, ""step"": 1, ""status"": 1, ""pres"": 966.3161, ""meas_profile"": ""HP-6"", ""meas_id"": 6, ""hum"": 34.95112, ""gas_res"": 25000.0}, {""temp"": 21.23535, ""step"": 1, ""status"": 1, ""pres"": 966.0433, ""meas_profile"": ""HP-5"", ""meas_id"": 5, ""hum"": 35.13477, ""gas_res"": 38461.54}, {""temp"": 20.9947, ""step"": 1, ""status"": 1, ""pres"": 966.1272, ""meas_profile"": ""HP-4"", ""meas_id"": 4, ""hum"": 34.69016, ""gas_res"": 40622.02}, {""temp"": 21.16438, ""step"": 1, ""status"": 1, ""pres"": 965.784, ""meas_profile"": ""HP-3"", ""meas_id"": 3, ""hum"": 35.23911, ""gas_res"": 24293.04}, {""temp"": 21.06868, ""step"": 1, ""status"": 1, ""pres"": 965.9373, ""meas_profile"": ""HP-2"", ""meas_id"": 2, ""hum"": 35.44349, ""gas_res"": 35486.55}, {""temp"": 20.8324, ""step"": 1, ""status"": 1, ""pres"": 965.9738, ""meas_profile"": ""HP-1"", ""meas_id"": 1, ""hum"": 33.82143, ""gas_res"": 25331.49}]}",NULL,"2025-10-29 07:22:51.415377"
13444,"04a600b9b0b8","2025-10-27 14:40:38","ThRUMBPaH2eBM7wEd3x2","{""bme688"": [{""temp"": 21.30906, ""step"": 0, ""status"": 1, ""pres"": 966.0723, ""meas_profile"": ""HP-8"", ""meas_id"": 8, ""hum"": 35.19183, ""gas_res"": 5684.846}, {""temp"": 21.27362, ""step"": 0, ""status"": 1, ""pres"": 966.1612, ""meas_profile"": ""HP-7"", ""meas_id"": 7, ""hum"": 35.04707, ""gas_res"": 5684.846}, {""temp"": 21.34622, ""step"": 0, ""status"": 1, ""pres"": 966.3159, ""meas_profile"": ""HP-6"", ""meas_id"": 6, ""hum"": 34.96252, ""gas_res"": 7531.184}, {""temp"": 21.23441, ""step"": 0, ""status"": 1, ""pres"": 966.0419, ""meas_profile"": ""HP-5"", ""meas_id"": 5, ""hum"": 35.129, ""gas_res"": 25000.0}, {""temp"": 20.99408, ""step"": 0, ""status"": 1, ""pres"": 966.1261, ""meas_profile"": ""HP-4"", ""meas_id"": 4, ""hum"": 34.70162, ""gas_res"": 25000.0}, {""temp"": 21.16345, ""step"": 0, ""status"": 1, ""pres"": 965.7841, ""meas_profile"": ""HP-3"", ""meas_id"": 3, ""hum"": 35.23326, ""gas_res"": 6753.905}, {""temp"": 21.06806, ""step"": 0, ""status"": 1, ""pres"": 965.938, ""meas_profile"": ""HP-2"", ""meas_id"": 2, ""hum"": 35.46053, ""gas_res"": 8747.949}, {""temp"": 20.83146, ""step"": 0, ""status"": 1, ""pres"": 965.9724, ""meas_profile"": ""HP-1"", ""meas_id"": 1, ""hum"": 33.83303, ""gas_res"": 7142.857}]}",NULL,"2025-10-29 07:22:54.615396"
13445,"04a600b9b0b8","2025-10-27 14:40:11","ThRUMBPaH2eBM7wEd3x2","{""zphs01b"": {""voc"": 0, ""temp"": 19.3, ""pm2_5"": 0, ""pm1_0"": 0, ""pm10"": 357, ""o3"": 0.09999999, ""no2"": 4.02, ""hum"": 0, ""fmhd"": 0, ""co2"": 5000, ""co"": 0.0}, ""smell_b"": {}, ""sfa30"": {""temp"": 21.3, ""hum"": 35.84, ""fmhd"": 2.2}, ""sen5x"": {""voc"": 124.0, ""temp"": 21.27, ""pm4_0"": 4611.0, ""pm2_5"": 4611.0, ""pm1_0"": 4396.9, ""pm10"": 4611.0, ""nox"": 1.0, ""mass_c"": 4557.475, ""hum"": 41.31}, ""scd41"": {""temp"": 21.03723, ""hum"": 38.93187, ""co2"": 778}, ""power_source"": 0, ""mics6814"": {""red_res"": 0, ""no2_res"": 0, ""no2"": 0.17, ""nh3_res"": 0, ""nh3"": 0.73, ""co_res"": 0, ""co"": 44.0}}",NULL,"2025-10-29 07:22:55.198894"
13446,"04a600b9b0b8","2025-10-27 14:40:11","ThRUMBPaH2eBM7wEd3x2","{""bme688"": [{""temp"": 21.30783, ""step"": 9, ""status"": 1, ""pres"": 966.0722, ""meas_profile"": ""HP-8"", ""meas_id"": 8, ""hum"": 35.16875, ""gas_res"": 5684.846}, {""temp"": 21.27207, ""step"": 9, ""status"": 1, ""pres"": 966.1604, ""meas_profile"": ""HP-7"", ""meas_id"": 7, ""hum"": 35.0696, ""gas_res"": 5684.846}, {""temp"": 21.34529, ""step"": 9, ""status"": 1, ""pres"": 966.3162, ""meas_profile"": ""HP-6"", ""meas_id"": 6, ""hum"": 34.96242, ""gas_res"": 6823.028}, {""temp"": 21.23347, ""step"": 9, ""status"": 1, ""pres"": 966.0436, ""meas_profile"": ""HP-5"", ""meas_id"": 5, ""hum"": 35.14598, ""gas_res"": 25000.0}, {""temp"": 20.99315, ""step"": 9, ""status"": 1, ""pres"": 966.1262, ""meas_profile"": ""HP-4"", ""meas_id"": 4, ""hum"": 34.68427, ""gas_res"": 25000.0}, {""temp"": 21.16283, ""step"": 9, ""status"": 1, ""pres"": 965.7831, ""meas_profile"": ""HP-3"", ""meas_id"": 3, ""hum"": 35.22168, ""gas_res"": 7020.623}, {""temp"": 21.06713, ""step"": 9, ""status"": 1, ""pres"": 965.9364, ""meas_profile"": ""HP-2"", ""meas_id"": 2, ""hum"": 35.43196, ""gas_res"": 8476.821}, {""temp"": 20.83053, ""step"": 9, ""status"": 1, ""pres"": 965.9727, ""meas_profile"": ""HP-1"", ""meas_id"": 1, ""hum"": 33.83879, ""gas_res"": 6840.53}]}",NULL,"2025-10-29 07:22:55.898351"
13447,"04a600b9b0b8","2025-10-27 14:40:11","ThRUMBPaH2eBM7wEd3x2","{""bme688"": [{""temp"": 21.30628, ""step"": 8, ""status"": 1, ""pres"": 966.0715, ""meas_profile"": ""HP-8"", ""meas_id"": 8, ""hum"": 35.17435, ""gas_res"": 5684.846}, {""temp"": 21.27052, ""step"": 8, ""status"": 1, ""pres"": 966.1594, ""meas_profile"": ""HP-7"", ""meas_id"": 7, ""hum"": 35.06947, ""gas_res"": 5684.846}, {""temp"": 21.34406, ""step"": 8, ""status"": 1, ""pres"": 966.3159, ""meas_profile"": ""HP-6"", ""meas_id"": 6, ""hum"": 34.95081, ""gas_res"": 7048.458}, {""temp"": 21.23253, ""step"": 8, ""status"": 1, ""pres"": 966.0421, ""meas_profile"": ""HP-5"", ""meas_id"": 5, ""hum"": 35.14589, ""gas_res"": 25000.0}, {""temp"": 20.99222, ""step"": 8, ""status"": 1, ""pres"": 966.1264, ""meas_profile"": ""HP-4"", ""meas_id"": 4, ""hum"": 34.69569, ""gas_res"": 25000.0}, {""temp"": 21.16159, ""step"": 8, ""status"": 1, ""pres"": 965.7828, ""meas_profile"": ""HP-3"", ""meas_id"": 3, ""hum"": 35.23885, ""gas_res"": 6408.973}, {""temp"": 21.06619, ""step"": 8, ""status"": 1, ""pres"": 965.9364, ""meas_profile"": ""HP-2"", ""meas_id"": 2, ""hum"": 35.44896, ""gas_res"": 8409.987}, {""temp"": 20.82991, ""step"": 8, ""status"": 1, ""pres"": 965.9736, ""meas_profile"": ""HP-1"", ""meas_id"": 1, ""hum"": 33.83874, ""gas_res"": 6836.146}]}",NULL,"2025-10-29 07:22:56.582104"
13448,"04a600b9b0b8","2025-10-27 14:40:11","ThRUMBPaH2eBM7wEd3x2","{""bme688"": [{""temp"": 21.30474, ""step"": 7, ""status"": 1, ""pres"": 966.0708, ""meas_profile"": ""HP-8"", ""meas_id"": 8, ""hum"": 35.17994, ""gas_res"": 5684.846}, {""temp"": 21.26927, ""step"": 7, ""status"": 1, ""pres"": 966.1591, ""meas_profile"": ""HP-7"", ""meas_id"": 7, ""hum"": 35.06367, ""gas_res"": 5684.846}, {""temp"": 21.34282, ""step"": 7, ""status"": 1, ""pres"": 966.3156, ""meas_profile"": ""HP-6"", ""meas_id"": 6, ""hum"": 34.9507, ""gas_res"": 6884.682}, {""temp"": 21.23159, ""step"": 7, ""status"": 1, ""pres"": 966.0439, ""meas_profile"": ""HP-5"", ""meas_id"": 5, ""hum"": 35.1458, ""gas_res"": 25000.0}, {""temp"": 20.99128, ""step"": 7, ""status"": 1, ""pres"": 966.1264, ""meas_profile"": ""HP-4"", ""meas_id"": 4, ""hum"": 34.6956, ""gas_res"": 21962.94}, {""temp"": 21.16036, ""step"": 7, ""status"": 1, ""pres"": 965.7826, ""meas_profile"": ""HP-3"", ""meas_id"": 3, ""hum"": 35.20992, ""gas_res"": 5931.418}, {""temp"": 21.06526, ""step"": 7, ""status"": 1, ""pres"": 965.9367, ""meas_profile"": ""HP-2"", ""meas_id"": 2, ""hum"": 35.44887, ""gas_res"": 7852.761}, {""temp"": 20.82866, ""step"": 7, ""status"": 1, ""pres"": 965.9718, ""meas_profile"": ""HP-1"", ""meas_id"": 1, ""hum"": 33.82693, ""gas_res"": 6471.183}]}",NULL,"2025-10-29 07:22:57.523024"
13449,"04a600b9b0b8","2025-10-27 14:40:11","ThRUMBPaH2eBM7wEd3x2","{""bme688"": [{""temp"": 21.30381, ""step"": 6, ""status"": 1, ""pres"": 966.0711, ""meas_profile"": ""HP-8"", ""meas_id"": 8, ""hum"": 35.17985, ""gas_res"": 9956.44}, {""temp"": 21.26803, ""step"": 6, ""status"": 1, ""pres"": 966.1588, ""meas_profile"": ""HP-7"", ""meas_id"": 7, ""hum"": 35.05221, ""gas_res"": 14608.54}, {""temp"": 21.34128, ""step"": 6, ""status"": 1, ""pres"": 966.3131, ""meas_profile"": ""HP-6"", ""meas_id"": 6, ""hum"": 34.97356, ""gas_res"": 27935.4}, {""temp"": 21.23034, ""step"": 6, ""status"": 1, ""pres"": 966.0437, ""meas_profile"": ""HP-5"", ""meas_id"": 5, ""hum"": 35.13999, ""gas_res"": 95433.37}, {""temp"": 20.99004, ""step"": 6, ""status"": 1, ""pres"": 966.1262, ""meas_profile"": ""HP-4"", ""meas_id"": 4, ""hum"": 34.69549, ""gas_res"": 105328.1}, {""temp"": 21.15943, ""step"": 6, ""status"": 1, ""pres"": 965.7827, ""meas_profile"": ""HP-3"", ""meas_id"": 3, ""hum"": 35.23288, ""gas_res"": 39714.55}, {""temp"": 21.06464, ""step"": 6, ""status"": 1, ""pres"": 965.9374, ""meas_profile"": ""HP-2"", ""meas_id"": 2, ""hum"": 35.46021, ""gas_res"": 100000.0}, {""temp"": 20.82742, ""step"": 6, ""status"": 1, ""pres"": 965.9716, ""meas_profile"": ""HP-1"", ""meas_id"": 1, ""hum"": 33.83266, ""gas_res"": 78407.35}]}",NULL,"2025-10-29 07:22:58.170979"
13450,"04a600b9b0b8","2025-10-27 14:40:11","ThRUMBPaH2eBM7wEd3x2","{""bme688"": [{""temp"": 21.30258, ""step"": 5, ""status"": 1, ""pres"": 966.0692, ""meas_profile"": ""HP-8"", ""meas_id"": 8, ""hum"": 35.19695, ""gas_res"": 9965.743}, {""temp"": 21.2671, ""step"": 5, ""status"": 1, ""pres"": 966.1589, ""meas_profile"": ""HP-7"", ""meas_id"": 7, ""hum"": 35.07481, ""gas_res"": 14658.73}, {""temp"": 21.34004, ""step"": 5, ""status"": 1, ""pres"": 966.3129, ""meas_profile"": ""HP-6"", ""meas_id"": 6, ""hum"": 34.95619, ""gas_res"": 28082.49}, {""temp"": 21.22909, ""step"": 5, ""status"": 1, ""pres"": 966.0416, ""meas_profile"": ""HP-5"", ""meas_id"": 5, ""hum"": 35.15693, ""gas_res"": 95970.01}, {""temp"": 20.9888, ""step"": 5, ""status"": 1, ""pres"": 966.1257, ""meas_profile"": ""HP-4"", ""meas_id"": 4, ""hum"": 34.70113, ""gas_res"": 106048.1}, {""temp"": 21.1585, ""step"": 5, ""status"": 1, ""pres"": 965.7813, ""meas_profile"": ""HP-3"", ""meas_id"": 3, ""hum"": 35.23279, ""gas_res"": 38988.73}, {""temp"": 21.06371, ""step"": 5, ""status"": 1, ""pres"": 965.9374, ""meas_profile"": ""HP-2"", ""meas_id"": 2, ""hum"": 35.47151, ""gas_res"": 100000.0}, {""temp"": 20.82679, ""step"": 5, ""status"": 1, ""pres"": 965.9724, ""meas_profile"": ""HP-1"", ""meas_id"": 1, ""hum"": 33.83845, ""gas_res"": 45911.05}]}",NULL,"2025-10-29 07:22:58.809418"
13451,"04a600b9b0b8","2025-10-27 14:40:11","ThRUMBPaH2eBM7wEd3x2","{""bme688"": [{""temp"": 21.30134, ""step"": 4, ""status"": 1, ""pres"": 966.0689, ""meas_profile"": ""HP-8"", ""meas_id"": 8, ""hum"": 35.20832, ""gas_res"": 9993.754}, {""temp"": 21.26586, ""step"": 4, ""status"": 1, ""pres"": 966.1567, ""meas_profile"": ""HP-7"", ""meas_id"": 7, ""hum"": 35.08604, ""gas_res"": 14801.11}, {""temp"": 21.33881, ""step"": 4, ""status"": 1, ""pres"": 966.3125, ""meas_profile"": ""HP-6"", ""meas_id"": 6, ""hum"": 34.97908, ""gas_res"": 28783.45}, {""temp"": 21.22784, ""step"": 4, ""status"": 1, ""pres"": 966.0412, ""meas_profile"": ""HP-5"", ""meas_id"": 5, ""hum"": 35.17388, ""gas_res"": 99263.28}, {""temp"": 20.98756, ""step"": 4, ""status"": 1, ""pres"": 966.1254, ""meas_profile"": ""HP-4"", ""meas_id"": 4, ""hum"": 34.70101, ""gas_res"": 109942.0}, {""temp"": 21.15789, ""step"": 4, ""status"": 1, ""pres"": 965.7817, ""meas_profile"": ""HP-3"", ""meas_id"": 3, ""hum"": 35.25002, ""gas_res"": 38953.13}, {""temp"": 21.06278, ""step"": 4, ""status"": 1, ""pres"": 965.9377, ""meas_profile"": ""HP-2"", ""meas_id"": 2, ""hum"": 35.47142, ""gas_res"": 100000.0}, {""temp"": 20.82555, ""step"": 4, ""status"": 1, ""pres"": 965.9724, ""meas_profile"": ""HP-1"", ""meas_id"": 1, ""hum"": 33.82666, ""gas_res"": 45470.69}]}",NULL,"2025-10-29 07:22:59.473993"
13452,"04a600b9b0b8","2025-10-27 14:40:11","ThRUMBPaH2eBM7wEd3x2","{""bme688"": [{""temp"": 21.30011, ""step"": 3, ""status"": 0, ""pres"": 966.0687, ""meas_profile"": ""HP-8"", ""meas_id"": 8, ""hum"": 35.23116, ""gas_res"": 6359.3}, {""temp"": 21.26462, ""step"": 3, ""status"": 0, ""pres"": 966.1565, ""meas_profile"": ""HP-7"", ""meas_id"": 7, ""hum"": 35.0916, ""gas_res"": 7531.184}, {""temp"": 21.33757, ""step"": 3, ""status"": 0, ""pres"": 966.3123, ""meas_profile"": ""HP-6"", ""meas_id"": 6, ""hum"": 35.00198, ""gas_res"": 15810.28}, {""temp"": 21.22628, ""step"": 3, ""status"": 0, ""pres"": 966.0403, ""meas_profile"": ""HP-5"", ""meas_id"": 5, ""hum"": 35.16805, ""gas_res"": 33376.79}, {""temp"": 20.986, ""step"": 3, ""status"": 0, ""pres"": 966.1245, ""meas_profile"": ""HP-4"", ""meas_id"": 4, ""hum"": 34.73542, ""gas_res"": 34991.8}, {""temp"": 21.15665, ""step"": 3, ""status"": 0, ""pres"": 965.7814, ""meas_profile"": ""HP-3"", ""meas_id"": 3, ""hum"": 35.27872, ""gas_res"": 21347.56}, {""temp"": 21.06123, ""step"": 3, ""status"": 0, ""pres"": 965.9369, ""meas_profile"": ""HP-2"", ""meas_id"": 2, ""hum"": 35.48837, ""gas_res"": 31952.07}, {""temp"": 20.8243, ""step"": 3, ""status"": 0, ""pres"": 965.9723, ""meas_profile"": ""HP-1"", ""meas_id"": 1, ""hum"": 33.8616, ""gas_res"": 21607.02}]}",NULL,"2025-10-29 07:23:00.133723"
13453,"04a600b9b0b8","2025-10-27 14:40:11","ThRUMBPaH2eBM7wEd3x2","{""bme688"": [{""temp"": 21.29918, ""step"": 2, ""status"": 1, ""pres"": 966.0691, ""meas_profile"": ""HP-8"", ""meas_id"": 8, ""hum"": 35.23108, ""gas_res"": 14401.44}, {""temp"": 21.26337, ""step"": 2, ""status"": 1, ""pres"": 966.156, ""meas_profile"": ""HP-7"", ""meas_id"": 7, ""hum"": 35.10851, ""gas_res"": 17982.58}, {""temp"": 21.33634, ""step"": 2, ""status"": 1, ""pres"": 966.312, ""meas_profile"": ""HP-6"", ""meas_id"": 6, ""hum"": 34.9846, ""gas_res"": 44568.25}, {""temp"": 21.22503, ""step"": 2, ""status"": 1, ""pres"": 966.04, ""meas_profile"": ""HP-5"", ""meas_id"": 5, ""hum"": 35.18499, ""gas_res"": 103664.7}, {""temp"": 20.98507, ""step"": 2, ""status"": 1, ""pres"": 966.1248, ""meas_profile"": ""HP-4"", ""meas_id"": 4, ""hum"": 34.72381, ""gas_res"": 140891.6}, {""temp"": 21.15541, ""step"": 2, ""status"": 1, ""pres"": 965.7811, ""meas_profile"": ""HP-3"", ""meas_id"": 3, ""hum"": 35.25555, ""gas_res"": 67814.57}, {""temp"": 21.06029, ""step"": 2, ""status"": 1, ""pres"": 965.937, ""meas_profile"": ""HP-2"", ""meas_id"": 2, ""hum"": 35.47689, ""gas_res"": 114285.7}, {""temp"": 20.82306, ""step"": 2, ""status"": 1, ""pres"": 965.9704, ""meas_profile"": ""HP-1"", ""meas_id"": 1, ""hum"": 33.86733, ""gas_res"": 81089.64}]}",NULL,"2025-10-29 07:23:00.787549"
13454,"04a600b9b0b8","2025-10-27 14:40:11","ThRUMBPaH2eBM7wEd3x2","{""bme688"": [{""temp"": 21.29794, ""step"": 1, ""status"": 1, ""pres"": 966.0688, ""meas_profile"": ""HP-8"", ""meas_id"": 8, ""hum"": 35.23096, ""gas_res"": 7380.074}, {""temp"": 21.26244, ""step"": 1, ""status"": 1, ""pres"": 966.1563, ""meas_profile"": ""HP-7"", ""meas_id"": 7, ""hum"": 35.13113, ""gas_res"": 8733.624}, {""temp"": 21.33541, ""step"": 1, ""status"": 1, ""pres"": 966.314, ""meas_profile"": ""HP-6"", ""meas_id"": 6, ""hum"": 35.00178, ""gas_res"": 25000.0}, {""temp"": 21.22409, ""step"": 1, ""status"": 1, ""pres"": 966.0402, ""meas_profile"": ""HP-5"", ""meas_id"": 5, ""hum"": 35.18491, ""gas_res"": 33169.21}, {""temp"": 20.98414, ""step"": 1, ""status"": 1, ""pres"": 966.1249, ""meas_profile"": ""HP-4"", ""meas_id"": 4, ""hum"": 34.72372, ""gas_res"": 33195.02}, {""temp"": 21.15448, ""step"": 1, ""status"": 1, ""pres"": 965.7797, ""meas_profile"": ""HP-3"", ""meas_id"": 3, ""hum"": 35.27275, ""gas_res"": 25000.0}, {""temp"": 21.05936, ""step"": 1, ""status"": 1, ""pres"": 965.9355, ""meas_profile"": ""HP-2"", ""meas_id"": 2, ""hum"": 35.48249, ""gas_res"": 27862.43}, {""temp"": 20.82244, ""step"": 1, ""status"": 1, ""pres"": 965.9712, ""meas_profile"": ""HP-1"", ""meas_id"": 1, ""hum"": 33.87896, ""gas_res"": 25000.0}]}",NULL,"2025-10-29 07:23:01.450196"
13455,"04a600b9b0b8","2025-10-27 14:40:11","ThRUMBPaH2eBM7wEd3x2","{""bme688"": [{""temp"": 21.2964, ""step"": 0, ""status"": 1, ""pres"": 966.0682, ""meas_profile"": ""HP-8"", ""meas_id"": 8, ""hum"": 35.21359, ""gas_res"": 5684.846}, {""temp"": 21.2612, ""step"": 0, ""status"": 1, ""pres"": 966.1542, ""meas_profile"": ""HP-7"", ""meas_id"": 7, ""hum"": 35.1083, ""gas_res"": 5684.846}, {""temp"": 21.33449, ""step"": 0, ""status"": 1, ""pres"": 966.3125, ""meas_profile"": ""HP-6"", ""meas_id"": 6, ""hum"": 35.0017, ""gas_res"": 7349.563}, {""temp"": 21.22346, ""step"": 0, ""status"": 1, ""pres"": 966.0408, ""meas_profile"": ""HP-5"", ""meas_id"": 5, ""hum"": 35.18485, ""gas_res"": 25000.0}, {""temp"": 20.98321, ""step"": 0, ""status"": 1, ""pres"": 966.125, ""meas_profile"": ""HP-4"", ""meas_id"": 4, ""hum"": 34.75243, ""gas_res"": 22590.89}, {""temp"": 21.15355, ""step"": 0, ""status"": 1, ""pres"": 965.7799, ""meas_profile"": ""HP-3"", ""meas_id"": 3, ""hum"": 35.26114, ""gas_res"": 8030.113}, {""temp"": 21.05843, ""step"": 0, ""status"": 1, ""pres"": 965.9373, ""meas_profile"": ""HP-2"", ""meas_id"": 2, ""hum"": 35.4938, ""gas_res"": 7426.317}, {""temp"": 20.82119, ""step"": 0, ""status"": 1, ""pres"": 965.9712, ""meas_profile"": ""HP-1"", ""meas_id"": 1, ""hum"": 33.87301, ""gas_res"": 6211.18}]}",NULL,"2025-10-29 07:23:02.250342"
