"id","box_id","ts","measurement_id","measurement_data","description","created_at"
11438,"04a600b9b0b8","2025-10-27 09:19:19","JVSf6mjNFBH1VWRD0Z17","{""zphs01b"": {""voc"": 0, ""temp"": 19.2, ""pm2_5"": 0, ""pm1_0"": 0, ""pm10"": 328, ""o3"": 0.02, ""no2"": 0.58, ""hum"": 0, ""fmhd"": 0, ""co2"": 5000, ""co"": 0.0}, ""smell_b"": {}, ""sfa30"": {""temp"": 21.555, ""hum"": 35.79, ""fmhd"": 0.8}, ""sen5x"": {""voc"": 102.0, ""temp"": 21.54, ""pm4_0"": 4336.4, ""pm2_5"": 4336.4, ""pm1_0"": 4135.0, ""pm10"": 4336.4, ""nox"": 1.0, ""mass_c"": 4286.05, ""hum"": 40.88}, ""scd41"": {""temp"": 20.85031, ""hum"": 38.95476, ""co2"": 611}, ""power_source"": 0, ""mics6814"": {""red_res"": 0, ""no2_res"": 0, ""no2"": 0.17, ""nh3_res"": 0, ""nh3"": 0.73, ""co_res"": 0, ""co"": 44.0}}",NULL,"2025-10-27 09:20:12.37587"
11439,"04a600b9b0b8","2025-10-27 09:19:19","JVSf6mjNFBH1VWRD0Z17","{""bme688"": [{""temp"": 21.39153, ""step"": 9, ""status"": 1, ""pres"": 967.5511, ""meas_profile"": ""HP-8"", ""meas_id"": 8, ""hum"": 35.29145, ""gas_res"": 5684.846}, {""temp"": 21.35529, ""step"": 9, ""status"": 1, ""pres"": 967.6617, ""meas_profile"": ""HP-7"", ""meas_id"": 7, ""hum"": 35.17957, ""gas_res"": 5684.846}, {""temp"": 21.44006, ""step"": 9, ""status"": 1, ""pres"": 967.8015, ""meas_profile"": ""HP-6"", ""meas_id"": 6, ""hum"": 35.0346, ""gas_res"": 7152.437}, {""temp"": 21.32603, ""step"": 9, ""status"": 1, ""pres"": 967.5079, ""meas_profile"": ""HP-5"", ""meas_id"": 5, ""hum"": 35.22293, ""gas_res"": 20253.16}, {""temp"": 21.03539, ""step"": 9, ""status"": 1, ""pres"": 967.7166, ""meas_profile"": ""HP-4"", ""meas_id"": 4, ""hum"": 34.72272, ""gas_res"": 19601.84}, {""temp"": 21.20149, ""step"": 9, ""status"": 1, ""pres"": 967.2606, ""meas_profile"": ""HP-3"", ""meas_id"": 3, ""hum"": 35.21954, ""gas_res"": 7483.629}, {""temp"": 21.09662, ""step"": 9, ""status"": 1, ""pres"": 967.3815, ""meas_profile"": ""HP-2"", ""meas_id"": 2, ""hum"": 35.48031, ""gas_res"": 6150.298}, {""temp"": 20.86476, ""step"": 9, ""status"": 1, ""pres"": 967.6186, ""meas_profile"": ""HP-1"", ""meas_id"": 1, ""hum"": 34.12851, ""gas_res"": 6698.765}]}",NULL,"2025-10-27 09:20:13.996905"
11440,"04a600b9b0b8","2025-10-27 09:19:19","JVSf6mjNFBH1VWRD0Z17","{""bme688"": [{""temp"": 21.38998, ""step"": 8, ""status"": 1, ""pres"": 967.5522, ""meas_profile"": ""HP-8"", ""meas_id"": 8, ""hum"": 35.29705, ""gas_res"": 5684.846}, {""temp"": 21.35343, ""step"": 8, ""status"": 1, ""pres"": 967.6603, ""meas_profile"": ""HP-7"", ""meas_id"": 7, ""hum"": 35.17939, ""gas_res"": 5684.846}, {""temp"": 21.43852, ""step"": 8, ""status"": 1, ""pres"": 967.8026, ""meas_profile"": ""HP-6"", ""meas_id"": 6, ""hum"": 35.02294, ""gas_res"": 7504.69}, {""temp"": 21.32478, ""step"": 8, ""status"": 1, ""pres"": 967.5075, ""meas_profile"": ""HP-5"", ""meas_id"": 5, ""hum"": 35.23988, ""gas_res"": 19656.02}, {""temp"": 21.03384, ""step"": 8, ""status"": 1, ""pres"": 967.7159, ""meas_profile"": ""HP-4"", ""meas_id"": 4, ""hum"": 34.74561, ""gas_res"": 19441.07}, {""temp"": 21.19963, ""step"": 8, ""status"": 1, ""pres"": 967.261, ""meas_profile"": ""HP-3"", ""meas_id"": 3, ""hum"": 35.2309, ""gas_res"": 6961.062}, {""temp"": 21.09476, ""step"": 8, ""status"": 1, ""pres"": 967.382, ""meas_profile"": ""HP-2"", ""meas_id"": 2, ""hum"": 35.48584, ""gas_res"": 6299.212}, {""temp"": 20.86289, ""step"": 8, ""status"": 1, ""pres"": 967.6194, ""meas_profile"": ""HP-1"", ""meas_id"": 1, ""hum"": 34.1342, ""gas_res"": 6889.128}]}",NULL,"2025-10-27 09:20:14.710427"
11441,"04a600b9b0b8","2025-10-27 09:19:19","JVSf6mjNFBH1VWRD0Z17","{""bme688"": [{""temp"": 21.38813, ""step"": 7, ""status"": 1, ""pres"": 967.5511, ""meas_profile"": ""HP-8"", ""meas_id"": 8, ""hum"": 35.28538, ""gas_res"": 5684.846}, {""temp"": 21.35187, ""step"": 7, ""status"": 1, ""pres"": 967.6594, ""meas_profile"": ""HP-7"", ""meas_id"": 7, ""hum"": 35.15086, ""gas_res"": 5684.846}, {""temp"": 21.43728, ""step"": 7, ""status"": 1, ""pres"": 967.8024, ""meas_profile"": ""HP-6"", ""meas_id"": 6, ""hum"": 35.01131, ""gas_res"": 5988.024}, {""temp"": 21.32384, ""step"": 7, ""status"": 1, ""pres"": 967.5093, ""meas_profile"": ""HP-5"", ""meas_id"": 5, ""hum"": 35.22272, ""gas_res"": 20119.46}, {""temp"": 21.03228, ""step"": 7, ""status"": 1, ""pres"": 967.7166, ""meas_profile"": ""HP-4"", ""meas_id"": 4, ""hum"": 34.72819, ""gas_res"": 18529.24}, {""temp"": 21.19778, ""step"": 7, ""status"": 1, ""pres"": 967.2614, ""meas_profile"": ""HP-3"", ""meas_id"": 3, ""hum"": 35.23072, ""gas_res"": 6562.756}, {""temp"": 21.09259, ""step"": 7, ""status"": 1, ""pres"": 967.3817, ""meas_profile"": ""HP-2"", ""meas_id"": 2, ""hum"": 35.47993, ""gas_res"": 6076.719}, {""temp"": 20.86071, ""step"": 7, ""status"": 1, ""pres"": 967.6197, ""meas_profile"": ""HP-1"", ""meas_id"": 1, ""hum"": 34.12814, ""gas_res"": 6636.25}]}",NULL,"2025-10-27 09:20:15.397422"
11442,"04a600b9b0b8","2025-10-27 09:19:19","JVSf6mjNFBH1VWRD0Z17","{""bme688"": [{""temp"": 21.38689, ""step"": 6, ""status"": 1, ""pres"": 967.5527, ""meas_profile"": ""HP-8"", ""meas_id"": 8, ""hum"": 35.26804, ""gas_res"": 6314.128}, {""temp"": 21.35032, ""step"": 6, ""status"": 1, ""pres"": 967.6586, ""meas_profile"": ""HP-7"", ""meas_id"": 7, ""hum"": 35.18478, ""gas_res"": 7547.17}, {""temp"": 21.43605, ""step"": 6, ""status"": 1, ""pres"": 967.802, ""meas_profile"": ""HP-6"", ""meas_id"": 6, ""hum"": 35.02271, ""gas_res"": 25000.0}, {""temp"": 21.32228, ""step"": 6, ""status"": 1, ""pres"": 967.5085, ""meas_profile"": ""HP-5"", ""meas_id"": 5, ""hum"": 35.22257, ""gas_res"": 99032.88}, {""temp"": 21.03042, ""step"": 6, ""status"": 1, ""pres"": 967.7168, ""meas_profile"": ""HP-4"", ""meas_id"": 4, ""hum"": 34.72802, ""gas_res"": 137486.6}, {""temp"": 21.19592, ""step"": 6, ""status"": 1, ""pres"": 967.2601, ""meas_profile"": ""HP-3"", ""meas_id"": 3, ""hum"": 35.23055, ""gas_res"": 84460.57}, {""temp"": 21.09072, ""step"": 6, ""status"": 1, ""pres"": 967.382, ""meas_profile"": ""HP-2"", ""meas_id"": 2, ""hum"": 35.47976, ""gas_res"": 106844.7}, {""temp"": 20.85916, ""step"": 6, ""status"": 1, ""pres"": 967.6227, ""meas_profile"": ""HP-1"", ""meas_id"": 1, ""hum"": 34.14557, ""gas_res"": 100000.0}]}",NULL,"2025-10-27 09:20:16.083524"
11443,"04a600b9b0b8","2025-10-27 09:19:19","JVSf6mjNFBH1VWRD0Z17","{""bme688"": [{""temp"": 21.38566, ""step"": 5, ""status"": 1, ""pres"": 967.5544, ""meas_profile"": ""HP-8"", ""meas_id"": 8, ""hum"": 35.27367, ""gas_res"": 6171.649}, {""temp"": 21.34908, ""step"": 5, ""status"": 1, ""pres"": 967.6599, ""meas_profile"": ""HP-7"", ""meas_id"": 7, ""hum"": 35.16763, ""gas_res"": 7344.503}, {""temp"": 21.43481, ""step"": 5, ""status"": 1, ""pres"": 967.8018, ""meas_profile"": ""HP-6"", ""meas_id"": 6, ""hum"": 35.02259, ""gas_res"": 25000.0}, {""temp"": 21.32103, ""step"": 5, ""status"": 1, ""pres"": 967.5081, ""meas_profile"": ""HP-5"", ""meas_id"": 5, ""hum"": 35.21677, ""gas_res"": 96622.01}, {""temp"": 21.02887, ""step"": 5, ""status"": 1, ""pres"": 967.7176, ""meas_profile"": ""HP-4"", ""meas_id"": 4, ""hum"": 34.72787, ""gas_res"": 134666.0}, {""temp"": 21.19407, ""step"": 5, ""status"": 1, ""pres"": 967.2603, ""meas_profile"": ""HP-3"", ""meas_id"": 3, ""hum"": 35.21308, ""gas_res"": 80629.92}, {""temp"": 21.08886, ""step"": 5, ""status"": 1, ""pres"": 967.3823, ""meas_profile"": ""HP-2"", ""meas_id"": 2, ""hum"": 35.50237, ""gas_res"": 101688.2}, {""temp"": 20.85729, ""step"": 5, ""status"": 1, ""pres"": 967.6235, ""meas_profile"": ""HP-1"", ""meas_id"": 1, ""hum"": 34.13369, ""gas_res"": 100000.0}]}",NULL,"2025-10-27 09:20:16.739878"
11444,"04a600b9b0b8","2025-10-27 09:19:19","JVSf6mjNFBH1VWRD0Z17","{""bme688"": [{""temp"": 21.38442, ""step"": 4, ""status"": 1, ""pres"": 967.5541, ""meas_profile"": ""HP-8"", ""meas_id"": 8, ""hum"": 35.28503, ""gas_res"": 6028.636}, {""temp"": 21.34784, ""step"": 4, ""status"": 1, ""pres"": 967.6595, ""meas_profile"": ""HP-7"", ""meas_id"": 7, ""hum"": 35.17319, ""gas_res"": 7324.331}, {""temp"": 21.43389, ""step"": 4, ""status"": 1, ""pres"": 967.8019, ""meas_profile"": ""HP-6"", ""meas_id"": 6, ""hum"": 35.02827, ""gas_res"": 25000.0}, {""temp"": 21.31947, ""step"": 4, ""status"": 1, ""pres"": 967.5073, ""meas_profile"": ""HP-5"", ""meas_id"": 5, ""hum"": 35.21662, ""gas_res"": 94797.26}, {""temp"": 21.02732, ""step"": 4, ""status"": 1, ""pres"": 967.7184, ""meas_profile"": ""HP-4"", ""meas_id"": 4, ""hum"": 34.73349, ""gas_res"": 134242.3}, {""temp"": 21.19221, ""step"": 4, ""status"": 1, ""pres"": 967.2606, ""meas_profile"": ""HP-3"", ""meas_id"": 3, ""hum"": 35.2302, ""gas_res"": 46059.73}, {""temp"": 21.08669, ""step"": 4, ""status"": 1, ""pres"": 967.382, ""meas_profile"": ""HP-2"", ""meas_id"": 2, ""hum"": 35.50217, ""gas_res"": 98121.88}, {""temp"": 20.85574, ""step"": 4, ""status"": 1, ""pres"": 967.6247, ""meas_profile"": ""HP-1"", ""meas_id"": 1, ""hum"": 34.1394, ""gas_res"": 100000.0}]}",NULL,"2025-10-27 09:20:17.697015"
11445,"04a600b9b0b8","2025-10-27 09:19:19","JVSf6mjNFBH1VWRD0Z17","{""bme688"": [{""temp"": 21.38257, ""step"": 3, ""status"": 1, ""pres"": 967.5549, ""meas_profile"": ""HP-8"", ""meas_id"": 8, ""hum"": 35.28486, ""gas_res"": 5684.846}, {""temp"": 21.34597, ""step"": 3, ""status"": 1, ""pres"": 967.6599, ""meas_profile"": ""HP-7"", ""meas_id"": 7, ""hum"": 35.18437, ""gas_res"": 5684.846}, {""temp"": 21.43234, ""step"": 3, ""status"": 1, ""pres"": 967.8013, ""meas_profile"": ""HP-6"", ""meas_id"": 6, ""hum"": 35.02236, ""gas_res"": 12084.59}, {""temp"": 21.3179, ""step"": 3, ""status"": 1, ""pres"": 967.508, ""meas_profile"": ""HP-5"", ""meas_id"": 5, ""hum"": 35.25061, ""gas_res"": 34399.36}, {""temp"": 21.02514, ""step"": 3, ""status"": 0, ""pres"": 967.7182, ""meas_profile"": ""HP-4"", ""meas_id"": 4, ""hum"": 34.77359, ""gas_res"": 46109.51}, {""temp"": 21.19036, ""step"": 3, ""status"": 1, ""pres"": 967.2612, ""meas_profile"": ""HP-3"", ""meas_id"": 3, ""hum"": 35.25307, ""gas_res"": 29809.04}, {""temp"": 21.08451, ""step"": 3, ""status"": 1, ""pres"": 967.3801, ""meas_profile"": ""HP-2"", ""meas_id"": 2, ""hum"": 35.51906, ""gas_res"": 45812.46}, {""temp"": 20.85356, ""step"": 3, ""status"": 1, ""pres"": 967.6249, ""meas_profile"": ""HP-1"", ""meas_id"": 1, ""hum"": 34.21534, ""gas_res"": 32736.57}]}",NULL,"2025-10-27 09:20:18.397454"
11446,"04a600b9b0b8","2025-10-27 09:19:19","JVSf6mjNFBH1VWRD0Z17","{""bme688"": [{""temp"": 21.38133, ""step"": 2, ""status"": 1, ""pres"": 967.5544, ""meas_profile"": ""HP-8"", ""meas_id"": 8, ""hum"": 35.29049, ""gas_res"": 10578.51}, {""temp"": 21.34442, ""step"": 2, ""status"": 1, ""pres"": 967.6589, ""meas_profile"": ""HP-7"", ""meas_id"": 7, ""hum"": 35.17287, ""gas_res"": 16406.05}, {""temp"": 21.4308, ""step"": 2, ""status"": 1, ""pres"": 967.8022, ""meas_profile"": ""HP-6"", ""meas_id"": 6, ""hum"": 35.02222, ""gas_res"": 67068.38}, {""temp"": 21.31665, ""step"": 2, ""status"": 1, ""pres"": 967.5078, ""meas_profile"": ""HP-5"", ""meas_id"": 5, ""hum"": 35.24481, ""gas_res"": 275862.1}, {""temp"": 21.02328, ""step"": 2, ""status"": 1, ""pres"": 967.7185, ""meas_profile"": ""HP-4"", ""meas_id"": 4, ""hum"": 34.76767, ""gas_res"": 506679.9}, {""temp"": 21.18819, ""step"": 2, ""status"": 1, ""pres"": 967.2609, ""meas_profile"": ""HP-3"", ""meas_id"": 3, ""hum"": 35.26439, ""gas_res"": 247462.5}, {""temp"": 21.08265, ""step"": 2, ""status"": 1, ""pres"": 967.3806, ""meas_profile"": ""HP-2"", ""meas_id"": 2, ""hum"": 35.53598, ""gas_res"": 430614.0}, {""temp"": 20.85169, ""step"": 2, ""status"": 1, ""pres"": 967.6257, ""meas_profile"": ""HP-1"", ""meas_id"": 1, ""hum"": 34.16246, ""gas_res"": 346766.0}]}",NULL,"2025-10-27 09:20:19.11008"
11447,"04a600b9b0b8","2025-10-27 09:19:19","JVSf6mjNFBH1VWRD0Z17","{""bme688"": [{""temp"": 21.37948, ""step"": 1, ""status"": 1, ""pres"": 967.5552, ""meas_profile"": ""HP-8"", ""meas_id"": 8, ""hum"": 35.30754, ""gas_res"": 5684.846}, {""temp"": 21.34318, ""step"": 1, ""status"": 1, ""pres"": 967.6587, ""meas_profile"": ""HP-7"", ""meas_id"": 7, ""hum"": 35.17843, ""gas_res"": 6669.446}, {""temp"": 21.42987, ""step"": 1, ""status"": 1, ""pres"": 967.8025, ""meas_profile"": ""HP-6"", ""meas_id"": 6, ""hum"": 35.05091, ""gas_res"": 11577.42}, {""temp"": 21.3154, ""step"": 1, ""status"": 1, ""pres"": 967.5073, ""meas_profile"": ""HP-5"", ""meas_id"": 5, ""hum"": 35.23331, ""gas_res"": 26283.37}, {""temp"": 21.02172, ""step"": 1, ""status"": 1, ""pres"": 967.7192, ""meas_profile"": ""HP-4"", ""meas_id"": 4, ""hum"": 34.77328, ""gas_res"": 33169.21}, {""temp"": 21.18664, ""step"": 1, ""status"": 1, ""pres"": 967.26, ""meas_profile"": ""HP-3"", ""meas_id"": 3, ""hum"": 35.26425, ""gas_res"": 25000.0}, {""temp"": 21.0811, ""step"": 1, ""status"": 1, ""pres"": 967.3814, ""meas_profile"": ""HP-2"", ""meas_id"": 2, ""hum"": 35.53584, ""gas_res"": 28744.67}, {""temp"": 20.84982, ""step"": 1, ""status"": 1, ""pres"": 967.6263, ""meas_profile"": ""HP-1"", ""meas_id"": 1, ""hum"": 34.16228, ""gas_res"": 25000.0}]}",NULL,"2025-10-27 09:20:19.812274"
11448,"04a600b9b0b8","2025-10-27 09:19:19","JVSf6mjNFBH1VWRD0Z17","{""bme688"": [{""temp"": 21.37794, ""step"": 0, ""status"": 1, ""pres"": 967.5544, ""meas_profile"": ""HP-8"", ""meas_id"": 8, ""hum"": 35.29017, ""gas_res"": 5684.846}, {""temp"": 21.34131, ""step"": 0, ""status"": 1, ""pres"": 967.6589, ""meas_profile"": ""HP-7"", ""meas_id"": 7, ""hum"": 35.17258, ""gas_res"": 5684.846}, {""temp"": 21.42833, ""step"": 0, ""status"": 1, ""pres"": 967.8016, ""meas_profile"": ""HP-6"", ""meas_id"": 6, ""hum"": 35.0335, ""gas_res"": 6164.516}, {""temp"": 21.31415, ""step"": 0, ""status"": 1, ""pres"": 967.507, ""meas_profile"": ""HP-5"", ""meas_id"": 5, ""hum"": 35.23319, ""gas_res"": 19144.48}, {""temp"": 21.01986, ""step"": 0, ""status"": 1, ""pres"": 967.7195, ""meas_profile"": ""HP-4"", ""meas_id"": 4, ""hum"": 34.76735, ""gas_res"": 11319.42}, {""temp"": 21.18448, ""step"": 0, ""status"": 1, ""pres"": 967.2598, ""meas_profile"": ""HP-3"", ""meas_id"": 3, ""hum"": 35.26405, ""gas_res"": 6236.601}, {""temp"": 21.07892, ""step"": 0, ""status"": 1, ""pres"": 967.3795, ""meas_profile"": ""HP-2"", ""meas_id"": 2, ""hum"": 35.55273, ""gas_res"": 8128.016}, {""temp"": 20.84796, ""step"": 0, ""status"": 1, ""pres"": 967.6271, ""meas_profile"": ""HP-1"", ""meas_id"": 1, ""hum"": 34.1914, ""gas_res"": 6132.618}]}",NULL,"2025-10-27 09:20:20.512745"
11449,"04a600b9b0b8","2025-10-27 09:18:05","JVSf6mjNFBH1VWRD0Z17","{""zphs01b"": {""voc"": 0, ""temp"": 19.1, ""pm2_5"": 0, ""pm1_0"": 0, ""pm10"": 330, ""o3"": 0.02, ""no2"": 10.0, ""hum"": 0, ""fmhd"": 0, ""co2"": 5000, ""co"": 0.0}, ""smell_b"": {}, ""sfa30"": {""temp"": 21.545, ""hum"": 35.63, ""fmhd"": 0.6}, ""sen5x"": {""voc"": 105.0, ""temp"": 21.58, ""pm4_0"": 4287.8, ""pm2_5"": 4287.8, ""pm1_0"": 4088.6, ""pm10"": 4287.8, ""nox"": 1.0, ""mass_c"": 4238.0, ""hum"": 40.6}, ""scd41"": {""temp"": 20.72747, ""hum"": 39.01274, ""co2"": 609}, ""power_source"": 0, ""mics6814"": {""red_res"": 0, ""no2_res"": 0, ""no2"": 0.17, ""nh3_res"": 0, ""nh3"": 0.73, ""co_res"": 0, ""co"": 44.0}}",NULL,"2025-10-27 09:20:21.111873"
11450,"04a600b9b0b8","2025-10-27 09:18:05","JVSf6mjNFBH1VWRD0Z17","{""bme688"": [{""temp"": 21.37639, ""step"": 9, ""status"": 1, ""pres"": 967.5555, ""meas_profile"": ""HP-8"", ""meas_id"": 8, ""hum"": 35.22112, ""gas_res"": 5684.846}, {""temp"": 21.33976, ""step"": 9, ""status"": 1, ""pres"": 967.658, ""meas_profile"": ""HP-7"", ""meas_id"": 7, ""hum"": 35.12702, ""gas_res"": 5684.846}, {""temp"": 21.42709, ""step"": 9, ""status"": 1, ""pres"": 967.8014, ""meas_profile"": ""HP-6"", ""meas_id"": 6, ""hum"": 34.94706, ""gas_res"": 6599.299}, {""temp"": 21.31259, ""step"": 9, ""status"": 1, ""pres"": 967.5078, ""meas_profile"": ""HP-5"", ""meas_id"": 5, ""hum"": 35.14202, ""gas_res"": 17937.22}, {""temp"": 21.01831, ""step"": 9, ""status"": 1, ""pres"": 967.7202, ""meas_profile"": ""HP-4"", ""meas_id"": 4, ""hum"": 34.71537, ""gas_res"": 11107.25}, {""temp"": 21.18262, ""step"": 9, ""status"": 1, ""pres"": 967.2601, ""meas_profile"": ""HP-3"", ""meas_id"": 3, ""hum"": 35.23506, ""gas_res"": 6522.625}, {""temp"": 21.07706, ""step"": 9, ""status"": 1, ""pres"": 967.3798, ""meas_profile"": ""HP-2"", ""meas_id"": 2, ""hum"": 35.52975, ""gas_res"": 8260.196}, {""temp"": 20.84578, ""step"": 9, ""status"": 1, ""pres"": 967.6273, ""meas_profile"": ""HP-1"", ""meas_id"": 1, ""hum"": 34.16777, ""gas_res"": 5947.956}]}",NULL,"2025-10-27 09:20:21.810633"
11451,"04a600b9b0b8","2025-10-27 09:18:05","JVSf6mjNFBH1VWRD0Z17","{""bme688"": [{""temp"": 21.37485, ""step"": 8, ""status"": 1, ""pres"": 967.5549, ""meas_profile"": ""HP-8"", ""meas_id"": 8, ""hum"": 35.21523, ""gas_res"": 5684.846}, {""temp"": 21.33821, ""step"": 8, ""status"": 1, ""pres"": 967.6572, ""meas_profile"": ""HP-7"", ""meas_id"": 7, ""hum"": 35.11552, ""gas_res"": 5684.846}, {""temp"": 21.42555, ""step"": 8, ""status"": 1, ""pres"": 967.8005, ""meas_profile"": ""HP-6"", ""meas_id"": 6, ""hum"": 34.94117, ""gas_res"": 7002.188}, {""temp"": 21.31133, ""step"": 8, ""status"": 1, ""pres"": 967.5075, ""meas_profile"": ""HP-5"", ""meas_id"": 5, ""hum"": 35.14759, ""gas_res"": 17381.86}, {""temp"": 21.01675, ""step"": 8, ""status"": 1, ""pres"": 967.721, ""meas_profile"": ""HP-4"", ""meas_id"": 4, ""hum"": 34.69221, ""gas_res"": 10684.47}, {""temp"": 21.18077, ""step"": 8, ""status"": 1, ""pres"": 967.2606, ""meas_profile"": ""HP-3"", ""meas_id"": 3, ""hum"": 35.23489, ""gas_res"": 6101.049}, {""temp"": 21.0752, ""step"": 8, ""status"": 1, ""pres"": 967.3785, ""meas_profile"": ""HP-2"", ""meas_id"": 2, ""hum"": 35.52388, ""gas_res"": 8000.0}, {""temp"": 20.84391, ""step"": 8, ""status"": 1, ""pres"": 967.6282, ""meas_profile"": ""HP-1"", ""meas_id"": 1, ""hum"": 34.17931, ""gas_res"": 6136.146}]}",NULL,"2025-10-27 09:20:22.771155"
11452,"04a600b9b0b8","2025-10-27 09:18:05","JVSf6mjNFBH1VWRD0Z17","{""bme688"": [{""temp"": 21.3733, ""step"": 7, ""status"": 1, ""pres"": 967.5542, ""meas_profile"": ""HP-8"", ""meas_id"": 8, ""hum"": 35.20361, ""gas_res"": 5684.846}, {""temp"": 21.33697, ""step"": 7, ""status"": 1, ""pres"": 967.6566, ""meas_profile"": ""HP-7"", ""meas_id"": 7, ""hum"": 35.12676, ""gas_res"": 5684.846}, {""temp"": 21.42432, ""step"": 7, ""status"": 1, ""pres"": 967.7988, ""meas_profile"": ""HP-6"", ""meas_id"": 6, ""hum"": 34.9353, ""gas_res"": 7034.513}, {""temp"": 21.31009, ""step"": 7, ""status"": 1, ""pres"": 967.507, ""meas_profile"": ""HP-5"", ""meas_id"": 5, ""hum"": 35.14179, ""gas_res"": 17655.17}, {""temp"": 21.01551, ""step"": 7, ""status"": 1, ""pres"": 967.7224, ""meas_profile"": ""HP-4"", ""meas_id"": 4, ""hum"": 34.72087, ""gas_res"": 10253.12}, {""temp"": 21.17891, ""step"": 7, ""status"": 1, ""pres"": 967.2611, ""meas_profile"": ""HP-3"", ""meas_id"": 3, ""hum"": 35.21166, ""gas_res"": 7478.383}, {""temp"": 21.07334, ""step"": 7, ""status"": 1, ""pres"": 967.3787, ""meas_profile"": ""HP-2"", ""meas_id"": 2, ""hum"": 35.53511, ""gas_res"": 7405.693}, {""temp"": 20.84204, ""step"": 7, ""status"": 1, ""pres"": 967.629, ""meas_profile"": ""HP-1"", ""meas_id"": 1, ""hum"": 34.16158, ""gas_res"": 7733.205}]}",NULL,"2025-10-27 09:20:23.489017"
11453,"04a600b9b0b8","2025-10-27 09:18:05","JVSf6mjNFBH1VWRD0Z17","{""bme688"": [{""temp"": 21.37207, ""step"": 6, ""status"": 1, ""pres"": 967.5541, ""meas_profile"": ""HP-8"", ""meas_id"": 8, ""hum"": 35.20922, ""gas_res"": 6101.049}, {""temp"": 21.33573, ""step"": 6, ""status"": 1, ""pres"": 967.6563, ""meas_profile"": ""HP-7"", ""meas_id"": 7, ""hum"": 35.12664, ""gas_res"": 7210.455}, {""temp"": 21.42339, ""step"": 6, ""status"": 1, ""pres"": 967.7988, ""meas_profile"": ""HP-6"", ""meas_id"": 6, ""hum"": 34.93521, ""gas_res"": 25000.0}, {""temp"": 21.30915, ""step"": 6, ""status"": 1, ""pres"": 967.5072, ""meas_profile"": ""HP-5"", ""meas_id"": 5, ""hum"": 35.16445, ""gas_res"": 100000.0}, {""temp"": 21.01365, ""step"": 6, ""status"": 1, ""pres"": 967.721, ""meas_profile"": ""HP-4"", ""meas_id"": 4, ""hum"": 34.70343, ""gas_res"": 110297.3}, {""temp"": 21.17737, ""step"": 6, ""status"": 1, ""pres"": 967.2601, ""meas_profile"": ""HP-3"", ""meas_id"": 3, ""hum"": 35.21728, ""gas_res"": 39421.0}, {""temp"": 21.07178, ""step"": 6, ""status"": 1, ""pres"": 967.3795, ""meas_profile"": ""HP-2"", ""meas_id"": 2, ""hum"": 35.54636, ""gas_res"": 100000.0}, {""temp"": 20.84018, ""step"": 6, ""status"": 1, ""pres"": 967.6297, ""meas_profile"": ""HP-1"", ""meas_id"": 1, ""hum"": 34.16726, ""gas_res"": 82982.17}]}",NULL,"2025-10-27 09:20:24.20164"
11454,"04a600b9b0b8","2025-10-27 09:18:05","JVSf6mjNFBH1VWRD0Z17","{""bme688"": [{""temp"": 21.37083, ""step"": 5, ""status"": 1, ""pres"": 967.5556, ""meas_profile"": ""HP-8"", ""meas_id"": 8, ""hum"": 35.20911, ""gas_res"": 6018.432}, {""temp"": 21.33448, ""step"": 5, ""status"": 1, ""pres"": 967.6559, ""meas_profile"": ""HP-7"", ""meas_id"": 7, ""hum"": 35.09815, ""gas_res"": 7109.531}, {""temp"": 21.42246, ""step"": 5, ""status"": 1, ""pres"": 967.7991, ""meas_profile"": ""HP-6"", ""meas_id"": 6, ""hum"": 34.9754, ""gas_res"": 25000.0}, {""temp"": 21.3079, ""step"": 5, ""status"": 1, ""pres"": 967.5068, ""meas_profile"": ""HP-5"", ""meas_id"": 5, ""hum"": 35.15295, ""gas_res"": 100000.0}, {""temp"": 21.01178, ""step"": 5, ""status"": 1, ""pres"": 967.7212, ""meas_profile"": ""HP-4"", ""meas_id"": 4, ""hum"": 34.71478, ""gas_res"": 106911.7}, {""temp"": 21.17582, ""step"": 5, ""status"": 1, ""pres"": 967.2609, ""meas_profile"": ""HP-3"", ""meas_id"": 3, ""hum"": 35.21713, ""gas_res"": 37122.97}, {""temp"": 21.07023, ""step"": 5, ""status"": 1, ""pres"": 967.3787, ""meas_profile"": ""HP-2"", ""meas_id"": 2, ""hum"": 35.56902, ""gas_res"": 100000.0}, {""temp"": 20.83862, ""step"": 5, ""status"": 1, ""pres"": 967.6308, ""meas_profile"": ""HP-1"", ""meas_id"": 1, ""hum"": 34.16712, ""gas_res"": 44290.66}]}",NULL,"2025-10-27 09:20:24.892661"
11455,"04a600b9b0b8","2025-10-27 09:18:05","JVSf6mjNFBH1VWRD0Z17","{""bme688"": [{""temp"": 21.3696, ""step"": 4, ""status"": 1, ""pres"": 967.5555, ""meas_profile"": ""HP-8"", ""meas_id"": 8, ""hum"": 35.22048, ""gas_res"": 5957.922}, {""temp"": 21.33324, ""step"": 4, ""status"": 1, ""pres"": 967.6556, ""meas_profile"": ""HP-7"", ""meas_id"": 7, ""hum"": 35.09804, ""gas_res"": 7002.188}, {""temp"": 21.42123, ""step"": 4, ""status"": 1, ""pres"": 967.7989, ""meas_profile"": ""HP-6"", ""meas_id"": 6, ""hum"": 34.95227, ""gas_res"": 25000.0}, {""temp"": 21.30696, ""step"": 4, ""status"": 1, ""pres"": 967.507, ""meas_profile"": ""HP-5"", ""meas_id"": 5, ""hum"": 35.14149, ""gas_res"": 100000.0}, {""temp"": 21.01023, ""step"": 4, ""status"": 1, ""pres"": 967.7221, ""meas_profile"": ""HP-4"", ""meas_id"": 4, ""hum"": 34.73766, ""gas_res"": 104939.5}, {""temp"": 21.17427, ""step"": 4, ""status"": 1, ""pres"": 967.2601, ""meas_profile"": ""HP-3"", ""meas_id"": 3, ""hum"": 35.22851, ""gas_res"": 35078.11}, {""temp"": 21.06837, ""step"": 4, ""status"": 1, ""pres"": 967.3773, ""meas_profile"": ""HP-2"", ""meas_id"": 2, ""hum"": 35.56883, ""gas_res"": 89229.7}, {""temp"": 20.83706, ""step"": 4, ""status"": 1, ""pres"": 967.6321, ""meas_profile"": ""HP-1"", ""meas_id"": 1, ""hum"": 34.1904, ""gas_res"": 41330.32}]}",NULL,"2025-10-27 09:20:25.594361"
11456,"04a600b9b0b8","2025-10-27 09:18:05","JVSf6mjNFBH1VWRD0Z17","{""bme688"": [{""temp"": 21.36805, ""step"": 3, ""status"": 1, ""pres"": 967.5547, ""meas_profile"": ""HP-8"", ""meas_id"": 8, ""hum"": 35.20885, ""gas_res"": 5684.846}, {""temp"": 21.332, ""step"": 3, ""status"": 1, ""pres"": 967.6568, ""meas_profile"": ""HP-7"", ""meas_id"": 7, ""hum"": 35.12062, ""gas_res"": 6947.46}, {""temp"": 21.41969, ""step"": 3, ""status"": 1, ""pres"": 967.7999, ""meas_profile"": ""HP-6"", ""meas_id"": 6, ""hum"": 34.95213, ""gas_res"": 16610.43}, {""temp"": 21.30539, ""step"": 3, ""status"": 1, ""pres"": 967.5061, ""meas_profile"": ""HP-5"", ""meas_id"": 5, ""hum"": 35.16978, ""gas_res"": 42909.82}, {""temp"": 21.00837, ""step"": 3, ""status"": 1, ""pres"": 967.7224, ""meas_profile"": ""HP-4"", ""meas_id"": 4, ""hum"": 34.73748, ""gas_res"": 73289.44}, {""temp"": 21.17211, ""step"": 3, ""status"": 1, ""pres"": 967.2601, ""meas_profile"": ""HP-3"", ""meas_id"": 3, ""hum"": 35.22254, ""gas_res"": 39937.6}, {""temp"": 21.0665, ""step"": 3, ""status"": 1, ""pres"": 967.3777, ""meas_profile"": ""HP-2"", ""meas_id"": 2, ""hum"": 35.56866, ""gas_res"": 63194.27}, {""temp"": 20.8352, ""step"": 3, ""status"": 1, ""pres"": 967.6328, ""meas_profile"": ""HP-1"", ""meas_id"": 1, ""hum"": 34.19023, ""gas_res"": 49689.44}]}",NULL,"2025-10-27 09:20:26.288505"
11457,"04a600b9b0b8","2025-10-27 09:18:05","JVSf6mjNFBH1VWRD0Z17","{""bme688"": [{""temp"": 21.36682, ""step"": 2, ""status"": 1, ""pres"": 967.5564, ""meas_profile"": ""HP-8"", ""meas_id"": 8, ""hum"": 35.22021, ""gas_res"": 11343.5}, {""temp"": 21.33076, ""step"": 2, ""status"": 1, ""pres"": 967.6565, ""meas_profile"": ""HP-7"", ""meas_id"": 7, ""hum"": 35.11483, ""gas_res"": 17524.64}, {""temp"": 21.41845, ""step"": 2, ""status"": 1, ""pres"": 967.7979, ""meas_profile"": ""HP-6"", ""meas_id"": 6, ""hum"": 34.95201, ""gas_res"": 67922.52}, {""temp"": 21.30414, ""step"": 2, ""status"": 1, ""pres"": 967.5057, ""meas_profile"": ""HP-5"", ""meas_id"": 5, ""hum"": 35.17535, ""gas_res"": 264531.1}, {""temp"": 21.0065, ""step"": 2, ""status"": 1, ""pres"": 967.7209, ""meas_profile"": ""HP-4"", ""meas_id"": 4, ""hum"": 34.73156, ""gas_res"": 420793.1}, {""temp"": 21.17025, ""step"": 2, ""status"": 1, ""pres"": 967.2586, ""meas_profile"": ""HP-3"", ""meas_id"": 3, ""hum"": 35.23966, ""gas_res"": 195793.5}, {""temp"": 21.06464, ""step"": 2, ""status"": 1, ""pres"": 967.3781, ""meas_profile"": ""HP-2"", ""meas_id"": 2, ""hum"": 35.55138, ""gas_res"": 342246.0}, {""temp"": 20.83333, ""step"": 2, ""status"": 1, ""pres"": 967.6334, ""meas_profile"": ""HP-1"", ""meas_id"": 1, ""hum"": 34.16663, ""gas_res"": 261491.3}]}",NULL,"2025-10-27 09:20:26.957594"
11458,"04a600b9b0b8","2025-10-27 09:18:05","JVSf6mjNFBH1VWRD0Z17","{""bme688"": [{""temp"": 21.36527, ""step"": 1, ""status"": 1, ""pres"": 967.5556, ""meas_profile"": ""HP-8"", ""meas_id"": 8, ""hum"": 35.20859, ""gas_res"": 5684.846}, {""temp"": 21.32952, ""step"": 1, ""status"": 1, ""pres"": 967.6562, ""meas_profile"": ""HP-7"", ""meas_id"": 7, ""hum"": 35.11471, ""gas_res"": 6831.768}, {""temp"": 21.41752, ""step"": 1, ""status"": 1, ""pres"": 967.7982, ""meas_profile"": ""HP-6"", ""meas_id"": 6, ""hum"": 34.95768, ""gas_res"": 11095.7}, {""temp"": 21.3032, ""step"": 1, ""status"": 1, ""pres"": 967.5075, ""meas_profile"": ""HP-5"", ""meas_id"": 5, ""hum"": 35.15252, ""gas_res"": 23979.02}, {""temp"": 21.00495, ""step"": 1, ""status"": 1, ""pres"": 967.7217, ""meas_profile"": ""HP-4"", ""meas_id"": 4, ""hum"": 34.73141, ""gas_res"": 27205.1}, {""temp"": 21.16871, ""step"": 1, ""status"": 1, ""pres"": 967.2595, ""meas_profile"": ""HP-3"", ""meas_id"": 3, ""hum"": 35.23375, ""gas_res"": 25000.0}, {""temp"": 21.06309, ""step"": 1, ""status"": 1, ""pres"": 967.3771, ""meas_profile"": ""HP-2"", ""meas_id"": 2, ""hum"": 35.56264, ""gas_res"": 25000.0}, {""temp"": 20.83146, ""step"": 1, ""status"": 1, ""pres"": 967.6343, ""meas_profile"": ""HP-1"", ""meas_id"": 1, ""hum"": 34.20161, ""gas_res"": 25000.0}]}",NULL,"2025-10-27 09:20:27.952568"
11459,"04a600b9b0b8","2025-10-27 09:18:05","JVSf6mjNFBH1VWRD0Z17","{""bme688"": [{""temp"": 21.36373, ""step"": 0, ""status"": 1, ""pres"": 967.5569, ""meas_profile"": ""HP-8"", ""meas_id"": 8, ""hum"": 35.19696, ""gas_res"": 5684.846}, {""temp"": 21.32827, ""step"": 0, ""status"": 1, ""pres"": 967.6559, ""meas_profile"": ""HP-7"", ""meas_id"": 7, ""hum"": 35.09756, ""gas_res"": 5684.846}, {""temp"": 21.41629, ""step"": 0, ""status"": 1, ""pres"": 967.7979, ""meas_profile"": ""HP-6"", ""meas_id"": 6, ""hum"": 34.94605, ""gas_res"": 6232.957}, {""temp"": 21.30195, ""step"": 0, ""status"": 1, ""pres"": 967.5072, ""meas_profile"": ""HP-5"", ""meas_id"": 5, ""hum"": 35.14671, ""gas_res"": 18181.82}, {""temp"": 21.00371, ""step"": 0, ""status"": 1, ""pres"": 967.7229, ""meas_profile"": ""HP-4"", ""meas_id"": 4, ""hum"": 34.71402, ""gas_res"": 10126.58}, {""temp"": 21.16716, ""step"": 0, ""status"": 1, ""pres"": 967.2604, ""meas_profile"": ""HP-3"", ""meas_id"": 3, ""hum"": 35.2336, ""gas_res"": 7104.796}, {""temp"": 21.06123, ""step"": 0, ""status"": 1, ""pres"": 967.3774, ""meas_profile"": ""HP-2"", ""meas_id"": 2, ""hum"": 35.54536, ""gas_res"": 6906.972}, {""temp"": 20.82959, ""step"": 0, ""status"": 1, ""pres"": 967.635, ""meas_profile"": ""HP-1"", ""meas_id"": 1, ""hum"": 34.17215, ""gas_res"": 7230.004}]}",NULL,"2025-10-27 09:20:28.63973"
11460,"04a600b9b0b8","2025-10-27 09:20:39","JVSf6mjNFBH1VWRD0Z17","{""zphs01b"": {""voc"": 0, ""temp"": 19.3, ""pm2_5"": 0, ""pm1_0"": 0, ""pm10"": 330, ""o3"": 0.02, ""no2"": 8.8, ""hum"": 0, ""fmhd"": 0, ""co2"": 5000, ""co"": 0.0}, ""smell_b"": {}, ""sfa30"": {""temp"": 21.57, ""hum"": 35.75, ""fmhd"": 1.2}, ""sen5x"": {""voc"": 98.0, ""temp"": 21.505, ""pm4_0"": 4536.1, ""pm2_5"": 4536.1, ""pm1_0"": 4325.5, ""pm10"": 4536.1, ""nox"": 1.0, ""mass_c"": 4483.45, ""hum"": 40.99}, ""scd41"": {""temp"": 21.07729, ""hum"": 38.78233, ""co2"": 608}, ""power_source"": 0, ""mics6814"": {""red_res"": 0, ""no2_res"": 0, ""no2"": 0.17, ""nh3_res"": 0, ""nh3"": 0.73, ""co_res"": 0, ""co"": 44.0}}",NULL,"2025-10-27 09:21:32.26486"
11461,"04a600b9b0b8","2025-10-27 09:20:39","JVSf6mjNFBH1VWRD0Z17","{""bme688"": [{""temp"": 21.42426, ""step"": 9, ""status"": 1, ""pres"": 967.5497, ""meas_profile"": ""HP-8"", ""meas_id"": 8, ""hum"": 35.16822, ""gas_res"": 5684.846}, {""temp"": 21.38789, ""step"": 9, ""status"": 1, ""pres"": 967.6685, ""meas_profile"": ""HP-7"", ""meas_id"": 7, ""hum"": 35.03508, ""gas_res"": 5684.846}, {""temp"": 21.46939, ""step"": 9, ""status"": 1, ""pres"": 967.8055, ""meas_profile"": ""HP-6"", ""meas_id"": 6, ""hum"": 34.88199, ""gas_res"": 6306.662}, {""temp"": 21.35511, ""step"": 9, ""status"": 1, ""pres"": 967.5118, ""meas_profile"": ""HP-5"", ""meas_id"": 5, ""hum"": 35.07779, ""gas_res"": 25000.0}, {""temp"": 21.07204, ""step"": 9, ""status"": 1, ""pres"": 967.7054, ""meas_profile"": ""HP-4"", ""meas_id"": 4, ""hum"": 34.58223, ""gas_res"": 25000.0}, {""temp"": 21.24138, ""step"": 9, ""status"": 1, ""pres"": 967.2617, ""meas_profile"": ""HP-3"", ""meas_id"": 3, ""hum"": 35.07355, ""gas_res"": 6603.384}, {""temp"": 21.13699, ""step"": 9, ""status"": 1, ""pres"": 967.3887, ""meas_profile"": ""HP-2"", ""meas_id"": 2, ""hum"": 35.2962, ""gas_res"": 7722.008}, {""temp"": 20.90677, ""step"": 9, ""status"": 1, ""pres"": 967.6107, ""meas_profile"": ""HP-1"", ""meas_id"": 1, ""hum"": 33.93924, ""gas_res"": 8436.594}]}",NULL,"2025-10-27 09:21:33.360601"
11462,"04a600b9b0b8","2025-10-27 09:20:39","JVSf6mjNFBH1VWRD0Z17","{""bme688"": [{""temp"": 21.42272, ""step"": 8, ""status"": 1, ""pres"": 967.5491, ""meas_profile"": ""HP-8"", ""meas_id"": 8, ""hum"": 35.18529, ""gas_res"": 5684.846}, {""temp"": 21.38603, ""step"": 8, ""status"": 1, ""pres"": 967.6688, ""meas_profile"": ""HP-7"", ""meas_id"": 7, ""hum"": 35.06327, ""gas_res"": 5684.846}, {""temp"": 21.46784, ""step"": 8, ""status"": 1, ""pres"": 967.8049, ""meas_profile"": ""HP-6"", ""meas_id"": 6, ""hum"": 34.89335, ""gas_res"": 6686.168}, {""temp"": 21.35386, ""step"": 8, ""status"": 1, ""pres"": 967.5114, ""meas_profile"": ""HP-5"", ""meas_id"": 5, ""hum"": 35.07766, ""gas_res"": 25000.0}, {""temp"": 21.07049, ""step"": 8, ""status"": 1, ""pres"": 967.7079, ""meas_profile"": ""HP-4"", ""meas_id"": 4, ""hum"": 34.58208, ""gas_res"": 25000.0}, {""temp"": 21.23921, ""step"": 8, ""status"": 1, ""pres"": 967.2615, ""meas_profile"": ""HP-3"", ""meas_id"": 3, ""hum"": 35.07911, ""gas_res"": 6171.649}, {""temp"": 21.13513, ""step"": 8, ""status"": 1, ""pres"": 967.3875, ""meas_profile"": ""HP-2"", ""meas_id"": 2, ""hum"": 35.30172, ""gas_res"": 7988.018}, {""temp"": 20.9046, ""step"": 8, ""status"": 1, ""pres"": 967.6111, ""meas_profile"": ""HP-1"", ""meas_id"": 1, ""hum"": 33.96828, ""gas_res"": 5944.641}]}",NULL,"2025-10-27 09:21:34.71813"
11463,"04a600b9b0b8","2025-10-27 09:20:39","JVSf6mjNFBH1VWRD0Z17","{""bme688"": [{""temp"": 21.42087, ""step"": 7, ""status"": 1, ""pres"": 967.5497, ""meas_profile"": ""HP-8"", ""meas_id"": 8, ""hum"": 35.19086, ""gas_res"": 5684.846}, {""temp"": 21.38448, ""step"": 7, ""status"": 1, ""pres"": 967.6678, ""meas_profile"": ""HP-7"", ""meas_id"": 7, ""hum"": 35.05745, ""gas_res"": 5684.846}, {""temp"": 21.4663, ""step"": 7, ""status"": 1, ""pres"": 967.8041, ""meas_profile"": ""HP-6"", ""meas_id"": 6, ""hum"": 34.91046, ""gas_res"": 6836.146}, {""temp"": 21.35261, ""step"": 7, ""status"": 1, ""pres"": 967.5126, ""meas_profile"": ""HP-5"", ""meas_id"": 5, ""hum"": 35.10028, ""gas_res"": 25000.0}, {""temp"": 21.06863, ""step"": 7, ""status"": 1, ""pres"": 967.7081, ""meas_profile"": ""HP-4"", ""meas_id"": 4, ""hum"": 34.59343, ""gas_res"": 25000.0}, {""temp"": 21.23736, ""step"": 7, ""status"": 1, ""pres"": 967.2603, ""meas_profile"": ""HP-3"", ""meas_id"": 3, ""hum"": 35.08469, ""gas_res"": 6076.719}, {""temp"": 21.13327, ""step"": 7, ""status"": 1, ""pres"": 967.3878, ""meas_profile"": ""HP-2"", ""meas_id"": 2, ""hum"": 35.30154, ""gas_res"": 7812.5}, {""temp"": 20.90211, ""step"": 7, ""status"": 1, ""pres"": 967.611, ""meas_profile"": ""HP-1"", ""meas_id"": 1, ""hum"": 33.96806, ""gas_res"": 5911.694}]}",NULL,"2025-10-27 09:21:35.905936"
11464,"04a600b9b0b8","2025-10-27 09:20:39","JVSf6mjNFBH1VWRD0Z17","{""bme688"": [{""temp"": 21.41932, ""step"": 6, ""status"": 1, ""pres"": 967.549, ""meas_profile"": ""HP-8"", ""meas_id"": 8, ""hum"": 35.21367, ""gas_res"": 5875.872}, {""temp"": 21.38292, ""step"": 6, ""status"": 1, ""pres"": 967.6669, ""meas_profile"": ""HP-7"", ""meas_id"": 7, ""hum"": 35.06298, ""gas_res"": 7958.219}, {""temp"": 21.46507, ""step"": 6, ""status"": 1, ""pres"": 967.8038, ""meas_profile"": ""HP-6"", ""meas_id"": 6, ""hum"": 34.9276, ""gas_res"": 25000.0}, {""temp"": 21.35105, ""step"": 6, ""status"": 1, ""pres"": 967.5118, ""meas_profile"": ""HP-5"", ""meas_id"": 5, ""hum"": 35.11152, ""gas_res"": 119152.9}, {""temp"": 21.06676, ""step"": 6, ""status"": 1, ""pres"": 967.7083, ""meas_profile"": ""HP-4"", ""meas_id"": 4, ""hum"": 34.599, ""gas_res"": 172332.5}, {""temp"": 21.2355, ""step"": 6, ""status"": 1, ""pres"": 967.2604, ""meas_profile"": ""HP-3"", ""meas_id"": 3, ""hum"": 35.09603, ""gas_res"": 100000.0}, {""temp"": 21.1314, ""step"": 6, ""status"": 1, ""pres"": 967.3881, ""meas_profile"": ""HP-2"", ""meas_id"": 2, ""hum"": 35.32983, ""gas_res"": 136606.2}, {""temp"": 20.90024, ""step"": 6, ""status"": 1, ""pres"": 967.6099, ""meas_profile"": ""HP-1"", ""meas_id"": 1, ""hum"": 33.96789, ""gas_res"": 108820.4}]}",NULL,"2025-10-27 09:21:37.19541"
11465,"04a600b9b0b8","2025-10-27 09:20:39","JVSf6mjNFBH1VWRD0Z17","{""bme688"": [{""temp"": 21.41809, ""step"": 5, ""status"": 1, ""pres"": 967.5506, ""meas_profile"": ""HP-8"", ""meas_id"": 8, ""hum"": 35.2193, ""gas_res"": 6443.818}, {""temp"": 21.38137, ""step"": 5, ""status"": 1, ""pres"": 967.6678, ""meas_profile"": ""HP-7"", ""meas_id"": 7, ""hum"": 35.07418, ""gas_res"": 7738.815}, {""temp"": 21.46383, ""step"": 5, ""status"": 1, ""pres"": 967.8052, ""meas_profile"": ""HP-6"", ""meas_id"": 6, ""hum"": 34.94475, ""gas_res"": 25000.0}, {""temp"": 21.34949, ""step"": 5, ""status"": 1, ""pres"": 967.5109, ""meas_profile"": ""HP-5"", ""meas_id"": 5, ""hum"": 35.12843, ""gas_res"": 115994.6}, {""temp"": 21.06521, ""step"": 5, ""status"": 1, ""pres"": 967.7092, ""meas_profile"": ""HP-4"", ""meas_id"": 4, ""hum"": 34.59886, ""gas_res"": 170780.5}, {""temp"": 21.23365, ""step"": 5, ""status"": 1, ""pres"": 967.2608, ""meas_profile"": ""HP-3"", ""meas_id"": 3, ""hum"": 35.08434, ""gas_res"": 100000.0}, {""temp"": 21.12954, ""step"": 5, ""status"": 1, ""pres"": 967.3882, ""meas_profile"": ""HP-2"", ""meas_id"": 2, ""hum"": 35.31258, ""gas_res"": 131147.5}, {""temp"": 20.89806, ""step"": 5, ""status"": 1, ""pres"": 967.6102, ""meas_profile"": ""HP-1"", ""meas_id"": 1, ""hum"": 33.97354, ""gas_res"": 103854.0}]}",NULL,"2025-10-27 09:21:38.469025"
11466,"04a600b9b0b8","2025-10-27 09:20:39","JVSf6mjNFBH1VWRD0Z17","{""bme688"": [{""temp"": 21.41654, ""step"": 4, ""status"": 1, ""pres"": 967.5499, ""meas_profile"": ""HP-8"", ""meas_id"": 8, ""hum"": 35.21341, ""gas_res"": 6276.971}, {""temp"": 21.37982, ""step"": 4, ""status"": 1, ""pres"": 967.6669, ""meas_profile"": ""HP-7"", ""meas_id"": 7, ""hum"": 35.10808, ""gas_res"": 7628.129}, {""temp"": 21.46259, ""step"": 4, ""status"": 1, ""pres"": 967.8051, ""meas_profile"": ""HP-6"", ""meas_id"": 6, ""hum"": 34.95613, ""gas_res"": 25000.0}, {""temp"": 21.34792, ""step"": 4, ""status"": 1, ""pres"": 967.5101, ""meas_profile"": ""HP-5"", ""meas_id"": 5, ""hum"": 35.13396, ""gas_res"": 114362.3}, {""temp"": 21.06335, ""step"": 4, ""status"": 1, ""pres"": 967.7094, ""meas_profile"": ""HP-4"", ""meas_id"": 4, ""hum"": 34.61019, ""gas_res"": 174268.2}, {""temp"": 21.2321, ""step"": 4, ""status"": 1, ""pres"": 967.2617, ""meas_profile"": ""HP-3"", ""meas_id"": 3, ""hum"": 35.10147, ""gas_res"": 100000.0}, {""temp"": 21.12737, ""step"": 4, ""status"": 1, ""pres"": 967.3881, ""meas_profile"": ""HP-2"", ""meas_id"": 2, ""hum"": 35.32945, ""gas_res"": 126108.4}, {""temp"": 20.89557, ""step"": 4, ""status"": 1, ""pres"": 967.61, ""meas_profile"": ""HP-1"", ""meas_id"": 1, ""hum"": 33.99671, ""gas_res"": 100254.6}]}",NULL,"2025-10-27 09:21:39.838204"
11467,"04a600b9b0b8","2025-10-27 09:20:39","JVSf6mjNFBH1VWRD0Z17","{""bme688"": [{""temp"": 21.41469, ""step"": 3, ""status"": 0, ""pres"": 967.5505, ""meas_profile"": ""HP-8"", ""meas_id"": 8, ""hum"": 35.21323, ""gas_res"": 5684.846}, {""temp"": 21.37795, ""step"": 3, ""status"": 0, ""pres"": 967.6672, ""meas_profile"": ""HP-7"", ""meas_id"": 7, ""hum"": 35.1079, ""gas_res"": 5684.846}, {""temp"": 21.46074, ""step"": 3, ""status"": 0, ""pres"": 967.8038, ""meas_profile"": ""HP-6"", ""meas_id"": 6, ""hum"": 34.96748, ""gas_res"": 12307.69}, {""temp"": 21.34605, ""step"": 3, ""status"": 0, ""pres"": 967.5103, ""meas_profile"": ""HP-5"", ""meas_id"": 5, ""hum"": 35.15654, ""gas_res"": 36240.09}, {""temp"": 21.06117, ""step"": 3, ""status"": 0, ""pres"": 967.7092, ""meas_profile"": ""HP-4"", ""meas_id"": 4, ""hum"": 34.63301, ""gas_res"": 51519.42}, {""temp"": 21.22994, ""step"": 3, ""status"": 0, ""pres"": 967.2617, ""meas_profile"": ""HP-3"", ""meas_id"": 3, ""hum"": 35.1243, ""gas_res"": 31691.01}, {""temp"": 21.12519, ""step"": 3, ""status"": 0, ""pres"": 967.3862, ""meas_profile"": ""HP-2"", ""meas_id"": 2, ""hum"": 35.35201, ""gas_res"": 50693.07}, {""temp"": 20.89339, ""step"": 3, ""status"": 0, ""pres"": 967.6102, ""meas_profile"": ""HP-1"", ""meas_id"": 1, ""hum"": 34.00236, ""gas_res"": 33246.75}]}",NULL,"2025-10-27 09:21:41.033983"
11468,"04a600b9b0b8","2025-10-27 09:20:39","JVSf6mjNFBH1VWRD0Z17","{""bme688"": [{""temp"": 21.41314, ""step"": 2, ""status"": 1, ""pres"": 967.5517, ""meas_profile"": ""HP-8"", ""meas_id"": 8, ""hum"": 35.23606, ""gas_res"": 9658.919}, {""temp"": 21.3764, ""step"": 2, ""status"": 1, ""pres"": 967.6663, ""meas_profile"": ""HP-7"", ""meas_id"": 7, ""hum"": 35.10776, ""gas_res"": 14729.57}, {""temp"": 21.4592, ""step"": 2, ""status"": 1, ""pres"": 967.8049, ""meas_profile"": ""HP-6"", ""meas_id"": 6, ""hum"": 34.97309, ""gas_res"": 59701.49}, {""temp"": 21.34448, ""step"": 2, ""status"": 1, ""pres"": 967.5096, ""meas_profile"": ""HP-5"", ""meas_id"": 5, ""hum"": 35.16208, ""gas_res"": 251844.6}, {""temp"": 21.059, ""step"": 2, ""status"": 1, ""pres"": 967.7089, ""meas_profile"": ""HP-4"", ""meas_id"": 4, ""hum"": 34.65582, ""gas_res"": 522982.6}, {""temp"": 21.22777, ""step"": 2, ""status"": 1, ""pres"": 967.2614, ""meas_profile"": ""HP-3"", ""meas_id"": 3, ""hum"": 35.1241, ""gas_res"": 250366.8}, {""temp"": 21.12302, ""step"": 2, ""status"": 1, ""pres"": 967.386, ""meas_profile"": ""HP-2"", ""meas_id"": 2, ""hum"": 35.3575, ""gas_res"": 442046.2}, {""temp"": 20.89121, ""step"": 2, ""status"": 1, ""pres"": 967.6105, ""meas_profile"": ""HP-1"", ""meas_id"": 1, ""hum"": 34.00802, ""gas_res"": 356173.9}]}",NULL,"2025-10-27 09:21:42.316377"
11469,"04a600b9b0b8","2025-10-27 09:20:39","JVSf6mjNFBH1VWRD0Z17","{""bme688"": [{""temp"": 21.41129, ""step"": 1, ""status"": 1, ""pres"": 967.5505, ""meas_profile"": ""HP-8"", ""meas_id"": 8, ""hum"": 35.23589, ""gas_res"": 5684.846}, {""temp"": 21.37485, ""step"": 1, ""status"": 1, ""pres"": 967.6655, ""meas_profile"": ""HP-7"", ""meas_id"": 7, ""hum"": 35.09626, ""gas_res"": 6924.908}, {""temp"": 21.45765, ""step"": 1, ""status"": 1, ""pres"": 967.804, ""meas_profile"": ""HP-6"", ""meas_id"": 6, ""hum"": 34.97293, ""gas_res"": 17743.28}, {""temp"": 21.34323, ""step"": 1, ""status"": 1, ""pres"": 967.5109, ""meas_profile"": ""HP-5"", ""meas_id"": 5, ""hum"": 35.16196, ""gas_res"": 31113.27}, {""temp"": 21.05745, ""step"": 1, ""status"": 1, ""pres"": 967.7098, ""meas_profile"": ""HP-4"", ""meas_id"": 4, ""hum"": 34.64418, ""gas_res"": 43522.61}, {""temp"": 21.22592, ""step"": 1, ""status"": 1, ""pres"": 967.2617, ""meas_profile"": ""HP-3"", ""meas_id"": 3, ""hum"": 35.12968, ""gas_res"": 26218.76}, {""temp"": 21.12116, ""step"": 1, ""status"": 1, ""pres"": 967.3862, ""meas_profile"": ""HP-2"", ""meas_id"": 2, ""hum"": 35.36871, ""gas_res"": 37383.18}, {""temp"": 20.88935, ""step"": 1, ""status"": 1, ""pres"": 967.6113, ""meas_profile"": ""HP-1"", ""meas_id"": 1, ""hum"": 34.01369, ""gas_res"": 28249.83}]}",NULL,"2025-10-27 09:21:43.598054"
11470,"04a600b9b0b8","2025-10-27 09:20:39","JVSf6mjNFBH1VWRD0Z17","{""bme688"": [{""temp"": 21.40944, ""step"": 0, ""status"": 1, ""pres"": 967.5493, ""meas_profile"": ""HP-8"", ""meas_id"": 8, ""hum"": 35.23571, ""gas_res"": 5684.846}, {""temp"": 21.37299, ""step"": 0, ""status"": 1, ""pres"": 967.6641, ""meas_profile"": ""HP-7"", ""meas_id"": 7, ""hum"": 35.10177, ""gas_res"": 5684.846}, {""temp"": 21.45611, ""step"": 0, ""status"": 1, ""pres"": 967.8033, ""meas_profile"": ""HP-6"", ""meas_id"": 6, ""hum"": 34.97279, ""gas_res"": 6792.613}, {""temp"": 21.34198, ""step"": 0, ""status"": 1, ""pres"": 967.5105, ""meas_profile"": ""HP-5"", ""meas_id"": 5, ""hum"": 35.15615, ""gas_res"": 25000.0}, {""temp"": 21.05558, ""step"": 0, ""status"": 1, ""pres"": 967.7099, ""meas_profile"": ""HP-4"", ""meas_id"": 4, ""hum"": 34.63249, ""gas_res"": 25000.0}, {""temp"": 21.22406, ""step"": 0, ""status"": 1, ""pres"": 967.262, ""meas_profile"": ""HP-3"", ""meas_id"": 3, ""hum"": 35.13527, ""gas_res"": 8260.196}, {""temp"": 21.11929, ""step"": 0, ""status"": 1, ""pres"": 967.3849, ""meas_profile"": ""HP-2"", ""meas_id"": 2, ""hum"": 35.37423, ""gas_res"": 7436.672}, {""temp"": 20.88748, ""step"": 0, ""status"": 1, ""pres"": 967.6138, ""meas_profile"": ""HP-1"", ""meas_id"": 1, ""hum"": 34.01938, ""gas_res"": 8337.676}]}",NULL,"2025-10-27 09:21:44.972232"
11471,"04a600b9b0b8","2025-10-27 09:20:12","JVSf6mjNFBH1VWRD0Z17","{""zphs01b"": {""voc"": 0, ""temp"": 19.2, ""pm2_5"": 0, ""pm1_0"": 0, ""pm10"": 331, ""o3"": 0.02, ""no2"": 0.14, ""hum"": 0, ""fmhd"": 0, ""co2"": 5000, ""co"": 0.0}, ""smell_b"": {}, ""sfa30"": {""temp"": 21.565, ""hum"": 35.78, ""fmhd"": 1.0}, ""sen5x"": {""voc"": 102.0, ""temp"": 21.52, ""pm4_0"": 4486.1, ""pm2_5"": 4486.1, ""pm1_0"": 4277.7, ""pm10"": 4486.1, ""nox"": 1.0, ""mass_c"": 4434.0, ""hum"": 40.96}, ""scd41"": {""temp"": 20.98383, ""hum"": 38.91661, ""co2"": 611}, ""power_source"": 0, ""mics6814"": {""red_res"": 0, ""no2_res"": 0, ""no2"": 0.17, ""nh3_res"": 0, ""nh3"": 0.73, ""co_res"": 0, ""co"": 44.0}}",NULL,"2025-10-27 09:21:46.034438"
11472,"04a600b9b0b8","2025-10-27 09:20:12","JVSf6mjNFBH1VWRD0Z17","{""bme688"": [{""temp"": 21.40789, ""step"": 9, ""status"": 1, ""pres"": 967.5505, ""meas_profile"": ""HP-8"", ""meas_id"": 8, ""hum"": 35.22982, ""gas_res"": 5684.846}, {""temp"": 21.37143, ""step"": 9, ""status"": 1, ""pres"": 967.6649, ""meas_profile"": ""HP-7"", ""meas_id"": 7, ""hum"": 35.1527, ""gas_res"": 5684.846}, {""temp"": 21.45457, ""step"": 9, ""status"": 1, ""pres"": 967.8025, ""meas_profile"": ""HP-6"", ""meas_id"": 6, ""hum"": 35.00143, ""gas_res"": 7447.056}, {""temp"": 21.34073, ""step"": 9, ""status"": 1, ""pres"": 967.51, ""meas_profile"": ""HP-5"", ""meas_id"": 5, ""hum"": 35.17879, ""gas_res"": 21917.81}, {""temp"": 21.05372, ""step"": 9, ""status"": 1, ""pres"": 967.7101, ""meas_profile"": ""HP-4"", ""meas_id"": 4, ""hum"": 34.67261, ""gas_res"": 22307.42}, {""temp"": 21.2219, ""step"": 9, ""status"": 1, ""pres"": 967.2619, ""meas_profile"": ""HP-3"", ""meas_id"": 3, ""hum"": 35.16961, ""gas_res"": 5944.641}, {""temp"": 21.11743, ""step"": 9, ""status"": 1, ""pres"": 967.3854, ""meas_profile"": ""HP-2"", ""meas_id"": 2, ""hum"": 35.41392, ""gas_res"": 6711.409}, {""temp"": 20.8853, ""step"": 9, ""status"": 1, ""pres"": 967.6141, ""meas_profile"": ""HP-1"", ""meas_id"": 1, ""hum"": 34.05428, ""gas_res"": 7504.69}]}",NULL,"2025-10-27 09:21:47.42245"
11473,"04a600b9b0b8","2025-10-27 09:20:12","JVSf6mjNFBH1VWRD0Z17","{""bme688"": [{""temp"": 21.40635, ""step"": 8, ""status"": 1, ""pres"": 967.5497, ""meas_profile"": ""HP-8"", ""meas_id"": 8, ""hum"": 35.24116, ""gas_res"": 5684.846}, {""temp"": 21.36957, ""step"": 8, ""status"": 1, ""pres"": 967.6635, ""meas_profile"": ""HP-7"", ""meas_id"": 7, ""hum"": 35.13549, ""gas_res"": 5684.846}, {""temp"": 21.45303, ""step"": 8, ""status"": 1, ""pres"": 967.8035, ""meas_profile"": ""HP-6"", ""meas_id"": 6, ""hum"": 34.97826, ""gas_res"": 6136.146}, {""temp"": 21.33948, ""step"": 8, ""status"": 1, ""pres"": 967.5096, ""meas_profile"": ""HP-5"", ""meas_id"": 5, ""hum"": 35.19006, ""gas_res"": 21541.57}, {""temp"": 21.05185, ""step"": 8, ""status"": 1, ""pres"": 967.7106, ""meas_profile"": ""HP-4"", ""meas_id"": 4, ""hum"": 34.70697, ""gas_res"": 22099.45}, {""temp"": 21.21973, ""step"": 8, ""status"": 1, ""pres"": 967.2617, ""meas_profile"": ""HP-3"", ""meas_id"": 3, ""hum"": 35.18093, ""gas_res"": 7958.219}, {""temp"": 21.11557, ""step"": 8, ""status"": 1, ""pres"": 967.384, ""meas_profile"": ""HP-2"", ""meas_id"": 2, ""hum"": 35.42514, ""gas_res"": 6938.421}, {""temp"": 20.88312, ""step"": 8, ""status"": 1, ""pres"": 967.6142, ""meas_profile"": ""HP-1"", ""meas_id"": 1, ""hum"": 34.07164, ""gas_res"": 7677.543}]}",NULL,"2025-10-27 09:21:48.714888"
11474,"04a600b9b0b8","2025-10-27 09:20:12","JVSf6mjNFBH1VWRD0Z17","{""bme688"": [{""temp"": 21.4045, ""step"": 7, ""status"": 1, ""pres"": 967.5504, ""meas_profile"": ""HP-8"", ""meas_id"": 8, ""hum"": 35.25821, ""gas_res"": 5684.846}, {""temp"": 21.36802, ""step"": 7, ""status"": 1, ""pres"": 967.6642, ""meas_profile"": ""HP-7"", ""meas_id"": 7, ""hum"": 35.13535, ""gas_res"": 5684.846}, {""temp"": 21.45148, ""step"": 7, ""status"": 1, ""pres"": 967.8027, ""meas_profile"": ""HP-6"", ""meas_id"": 6, ""hum"": 35.00114, ""gas_res"": 6229.317}, {""temp"": 21.33823, ""step"": 7, ""status"": 1, ""pres"": 967.511, ""meas_profile"": ""HP-5"", ""meas_id"": 5, ""hum"": 35.207, ""gas_res"": 22099.45}, {""temp"": 21.0503, ""step"": 7, ""status"": 1, ""pres"": 967.7112, ""meas_profile"": ""HP-4"", ""meas_id"": 4, ""hum"": 34.69531, ""gas_res"": 20506.25}, {""temp"": 21.21788, ""step"": 7, ""status"": 1, ""pres"": 967.2621, ""meas_profile"": ""HP-3"", ""meas_id"": 3, ""hum"": 35.175, ""gas_res"": 7410.838}, {""temp"": 21.1137, ""step"": 7, ""status"": 1, ""pres"": 967.3843, ""meas_profile"": ""HP-2"", ""meas_id"": 2, ""hum"": 35.41927, ""gas_res"": 6732.59}, {""temp"": 20.88094, ""step"": 7, ""status"": 1, ""pres"": 967.6146, ""meas_profile"": ""HP-1"", ""meas_id"": 1, ""hum"": 34.07145, ""gas_res"": 7395.424}]}",NULL,"2025-10-27 09:21:50.085516"
11475,"04a600b9b0b8","2025-10-27 09:20:12","JVSf6mjNFBH1VWRD0Z17","{""bme688"": [{""temp"": 21.40295, ""step"": 6, ""status"": 1, ""pres"": 967.5497, ""meas_profile"": ""HP-8"", ""meas_id"": 8, ""hum"": 35.24658, ""gas_res"": 6276.971}, {""temp"": 21.36647, ""step"": 6, ""status"": 1, ""pres"": 967.6633, ""meas_profile"": ""HP-7"", ""meas_id"": 7, ""hum"": 35.14088, ""gas_res"": 7473.144}, {""temp"": 21.45025, ""step"": 6, ""status"": 1, ""pres"": 967.8025, ""meas_profile"": ""HP-6"", ""meas_id"": 6, ""hum"": 34.98951, ""gas_res"": 25000.0}, {""temp"": 21.33666, ""step"": 6, ""status"": 1, ""pres"": 967.5101, ""meas_profile"": ""HP-5"", ""meas_id"": 5, ""hum"": 35.18979, ""gas_res"": 101688.2}, {""temp"": 21.04844, ""step"": 6, ""status"": 1, ""pres"": 967.7114, ""meas_profile"": ""HP-4"", ""meas_id"": 4, ""hum"": 34.68938, ""gas_res"": 141475.5}, {""temp"": 21.21602, ""step"": 6, ""status"": 1, ""pres"": 967.2625, ""meas_profile"": ""HP-3"", ""meas_id"": 3, ""hum"": 35.18058, ""gas_res"": 86779.66}, {""temp"": 21.11153, ""step"": 6, ""status"": 1, ""pres"": 967.384, ""meas_profile"": ""HP-2"", ""meas_id"": 2, ""hum"": 35.41905, ""gas_res"": 108751.1}, {""temp"": 20.87908, ""step"": 6, ""status"": 1, ""pres"": 967.6153, ""meas_profile"": ""HP-1"", ""meas_id"": 1, ""hum"": 34.08299, ""gas_res"": 100000.0}]}",NULL,"2025-10-27 09:21:51.269718"
11476,"04a600b9b0b8","2025-10-27 09:20:12","JVSf6mjNFBH1VWRD0Z17","{""bme688"": [{""temp"": 21.40172, ""step"": 5, ""status"": 1, ""pres"": 967.5514, ""meas_profile"": ""HP-8"", ""meas_id"": 8, ""hum"": 35.26944, ""gas_res"": 6111.536}, {""temp"": 21.36491, ""step"": 5, ""status"": 1, ""pres"": 967.6624, ""meas_profile"": ""HP-7"", ""meas_id"": 7, ""hum"": 35.14074, ""gas_res"": 7294.278}, {""temp"": 21.44901, ""step"": 5, ""status"": 1, ""pres"": 967.8021, ""meas_profile"": ""HP-6"", ""meas_id"": 6, ""hum"": 35.01242, ""gas_res"": 25000.0}, {""temp"": 21.3351, ""step"": 5, ""status"": 1, ""pres"": 967.5093, ""meas_profile"": ""HP-5"", ""meas_id"": 5, ""hum"": 35.19534, ""gas_res"": 99263.28}, {""temp"": 21.04657, ""step"": 5, ""status"": 1, ""pres"": 967.7118, ""meas_profile"": ""HP-4"", ""meas_id"": 4, ""hum"": 34.71799, ""gas_res"": 138715.8}, {""temp"": 21.21386, ""step"": 5, ""status"": 1, ""pres"": 967.2623, ""meas_profile"": ""HP-3"", ""meas_id"": 3, ""hum"": 35.18038, ""gas_res"": 82262.21}, {""temp"": 21.10936, ""step"": 5, ""status"": 1, ""pres"": 967.3837, ""meas_profile"": ""HP-2"", ""meas_id"": 2, ""hum"": 35.43594, ""gas_res"": 103727.7}, {""temp"": 20.87721, ""step"": 5, ""status"": 1, ""pres"": 967.6161, ""meas_profile"": ""HP-1"", ""meas_id"": 1, ""hum"": 34.08867, ""gas_res"": 100000.0}]}",NULL,"2025-10-27 09:21:52.554016"
11477,"04a600b9b0b8","2025-10-27 09:20:12","JVSf6mjNFBH1VWRD0Z17","{""bme688"": [{""temp"": 21.40017, ""step"": 4, ""status"": 1, ""pres"": 967.5524, ""meas_profile"": ""HP-8"", ""meas_id"": 8, ""hum"": 35.2578, ""gas_res"": 6025.23}, {""temp"": 21.36336, ""step"": 4, ""status"": 1, ""pres"": 967.6633, ""meas_profile"": ""HP-7"", ""meas_id"": 7, ""hum"": 35.17465, ""gas_res"": 7269.423}, {""temp"": 21.44778, ""step"": 4, ""status"": 1, ""pres"": 967.8036, ""meas_profile"": ""HP-6"", ""meas_id"": 6, ""hum"": 35.0123, ""gas_res"": 25000.0}, {""temp"": 21.33354, ""step"": 4, ""status"": 1, ""pres"": 967.5101, ""meas_profile"": ""HP-5"", ""meas_id"": 5, ""hum"": 35.21225, ""gas_res"": 97449.56}, {""temp"": 21.04471, ""step"": 4, ""status"": 1, ""pres"": 967.712, ""meas_profile"": ""HP-4"", ""meas_id"": 4, ""hum"": 34.72358, ""gas_res"": 138490.7}, {""temp"": 21.21169, ""step"": 4, ""status"": 1, ""pres"": 967.2604, ""meas_profile"": ""HP-3"", ""meas_id"": 3, ""hum"": 35.21474, ""gas_res"": 78769.23}, {""temp"": 21.10718, ""step"": 4, ""status"": 1, ""pres"": 967.3837, ""meas_profile"": ""HP-2"", ""meas_id"": 2, ""hum"": 35.45852, ""gas_res"": 98860.78}, {""temp"": 20.87534, ""step"": 4, ""status"": 1, ""pres"": 967.6169, ""meas_profile"": ""HP-1"", ""meas_id"": 1, ""hum"": 34.09435, ""gas_res"": 100000.0}]}",NULL,"2025-10-27 09:21:53.836758"
11478,"04a600b9b0b8","2025-10-27 09:20:12","JVSf6mjNFBH1VWRD0Z17","{""bme688"": [{""temp"": 21.39801, ""step"": 3, ""status"": 1, ""pres"": 967.5507, ""meas_profile"": ""HP-8"", ""meas_id"": 8, ""hum"": 35.27483, ""gas_res"": 5684.846}, {""temp"": 21.3615, ""step"": 3, ""status"": 0, ""pres"": 967.6619, ""meas_profile"": ""HP-7"", ""meas_id"": 7, ""hum"": 35.17447, ""gas_res"": 5684.846}, {""temp"": 21.44623, ""step"": 3, ""status"": 0, ""pres"": 967.803, ""meas_profile"": ""HP-6"", ""meas_id"": 6, ""hum"": 35.02367, ""gas_res"": 11295.45}, {""temp"": 21.33166, ""step"": 3, ""status"": 0, ""pres"": 967.5087, ""meas_profile"": ""HP-5"", ""meas_id"": 5, ""hum"": 35.22345, ""gas_res"": 32364.1}, {""temp"": 21.04285, ""step"": 3, ""status"": 0, ""pres"": 967.7139, ""meas_profile"": ""HP-4"", ""meas_id"": 4, ""hum"": 34.72916, ""gas_res"": 42652.45}, {""temp"": 21.20953, ""step"": 3, ""status"": 0, ""pres"": 967.2603, ""meas_profile"": ""HP-3"", ""meas_id"": 3, ""hum"": 35.23759, ""gas_res"": 27379.68}, {""temp"": 21.10501, ""step"": 3, ""status"": 0, ""pres"": 967.3834, ""meas_profile"": ""HP-2"", ""meas_id"": 2, ""hum"": 35.45831, ""gas_res"": 40506.33}, {""temp"": 20.87285, ""step"": 3, ""status"": 0, ""pres"": 967.6166, ""meas_profile"": ""HP-1"", ""meas_id"": 1, ""hum"": 34.11169, ""gas_res"": 28082.49}]}",NULL,"2025-10-27 09:21:55.204005"
11479,"04a600b9b0b8","2025-10-27 09:20:12","JVSf6mjNFBH1VWRD0Z17","{""bme688"": [{""temp"": 21.39647, ""step"": 2, ""status"": 1, ""pres"": 967.5519, ""meas_profile"": ""HP-8"", ""meas_id"": 8, ""hum"": 35.28617, ""gas_res"": 10107.39}, {""temp"": 21.35995, ""step"": 2, ""status"": 1, ""pres"": 967.6627, ""meas_profile"": ""HP-7"", ""meas_id"": 7, ""hum"": 35.18001, ""gas_res"": 15366.15}, {""temp"": 21.44469, ""step"": 2, ""status"": 1, ""pres"": 967.8038, ""meas_profile"": ""HP-6"", ""meas_id"": 6, ""hum"": 35.03503, ""gas_res"": 60591.71}, {""temp"": 21.3301, ""step"": 2, ""status"": 1, ""pres"": 967.5078, ""meas_profile"": ""HP-5"", ""meas_id"": 5, ""hum"": 35.24038, ""gas_res"": 244449.8}, {""temp"": 21.04067, ""step"": 2, ""status"": 1, ""pres"": 967.7137, ""meas_profile"": ""HP-4"", ""meas_id"": 4, ""hum"": 34.74048, ""gas_res"": 443194.1}, {""temp"": 21.20767, ""step"": 2, ""status"": 1, ""pres"": 967.2606, ""meas_profile"": ""HP-3"", ""meas_id"": 3, ""hum"": 35.21436, ""gas_res"": 211308.3}, {""temp"": 21.10283, ""step"": 2, ""status"": 1, ""pres"": 967.3833, ""meas_profile"": ""HP-2"", ""meas_id"": 2, ""hum"": 35.46381, ""gas_res"": 370477.6}, {""temp"": 20.87099, ""step"": 2, ""status"": 1, ""pres"": 967.6174, ""meas_profile"": ""HP-1"", ""meas_id"": 1, ""hum"": 34.12908, ""gas_res"": 283185.8}]}",NULL,"2025-10-27 09:21:56.394121"
11480,"04a600b9b0b8","2025-10-27 09:20:12","JVSf6mjNFBH1VWRD0Z17","{""bme688"": [{""temp"": 21.39492, ""step"": 1, ""status"": 1, ""pres"": 967.5513, ""meas_profile"": ""HP-8"", ""meas_id"": 8, ""hum"": 35.29177, ""gas_res"": 5684.846}, {""temp"": 21.3587, ""step"": 1, ""status"": 1, ""pres"": 967.6623, ""meas_profile"": ""HP-7"", ""meas_id"": 7, ""hum"": 35.17421, ""gas_res"": 6853.716}, {""temp"": 21.44315, ""step"": 1, ""status"": 1, ""pres"": 967.8032, ""meas_profile"": ""HP-6"", ""meas_id"": 6, ""hum"": 35.02913, ""gas_res"": 16418.68}, {""temp"": 21.32885, ""step"": 1, ""status"": 1, ""pres"": 967.5075, ""meas_profile"": ""HP-5"", ""meas_id"": 5, ""hum"": 35.24026, ""gas_res"": 27414.86}, {""temp"": 21.03912, ""step"": 1, ""status"": 1, ""pres"": 967.7145, ""meas_profile"": ""HP-4"", ""meas_id"": 4, ""hum"": 34.74033, ""gas_res"": 34151.55}, {""temp"": 21.20581, ""step"": 1, ""status"": 1, ""pres"": 967.2609, ""meas_profile"": ""HP-3"", ""meas_id"": 3, ""hum"": 35.24876, ""gas_res"": 25000.0}, {""temp"": 21.10097, ""step"": 1, ""status"": 1, ""pres"": 967.3835, ""meas_profile"": ""HP-2"", ""meas_id"": 2, ""hum"": 35.46933, ""gas_res"": 28514.15}, {""temp"": 20.86912, ""step"": 1, ""status"": 1, ""pres"": 967.6182, ""meas_profile"": ""HP-1"", ""meas_id"": 1, ""hum"": 34.11135, ""gas_res"": 25000.0}]}",NULL,"2025-10-27 09:21:57.670905"
11481,"04a600b9b0b8","2025-10-27 09:20:12","JVSf6mjNFBH1VWRD0Z17","{""bme688"": [{""temp"": 21.39307, ""step"": 0, ""status"": 1, ""pres"": 967.5519, ""meas_profile"": ""HP-8"", ""meas_id"": 8, ""hum"": 35.28011, ""gas_res"": 5684.846}, {""temp"": 21.35684, ""step"": 0, ""status"": 1, ""pres"": 967.6609, ""meas_profile"": ""HP-7"", ""meas_id"": 7, ""hum"": 35.17971, ""gas_res"": 5684.846}, {""temp"": 21.4416, ""step"": 0, ""status"": 1, ""pres"": 967.8022, ""meas_profile"": ""HP-6"", ""meas_id"": 6, ""hum"": 35.02324, ""gas_res"": 6711.409}, {""temp"": 21.3276, ""step"": 0, ""status"": 1, ""pres"": 967.5087, ""meas_profile"": ""HP-5"", ""meas_id"": 5, ""hum"": 35.22876, ""gas_res"": 21541.57}, {""temp"": 21.03725, ""step"": 0, ""status"": 1, ""pres"": 967.7146, ""meas_profile"": ""HP-4"", ""meas_id"": 4, ""hum"": 34.75744, ""gas_res"": 19912.88}, {""temp"": 21.20365, ""step"": 0, ""status"": 1, ""pres"": 967.2608, ""meas_profile"": ""HP-3"", ""meas_id"": 3, ""hum"": 35.23703, ""gas_res"": 7081.213}, {""temp"": 21.0988, ""step"": 0, ""status"": 1, ""pres"": 967.3817, ""meas_profile"": ""HP-2"", ""meas_id"": 2, ""hum"": 35.47482, ""gas_res"": 6203.955}, {""temp"": 20.86694, ""step"": 0, ""status"": 1, ""pres"": 967.6184, ""meas_profile"": ""HP-1"", ""meas_id"": 1, ""hum"": 34.12286, ""gas_res"": 6933.911}]}",NULL,"2025-10-27 09:21:58.94426"
11482,"04a600b9b0b8","2025-10-27 09:22:10","JVSf6mjNFBH1VWRD0Z17","{""zphs01b"": {""voc"": 0, ""temp"": 19.4, ""pm2_5"": 0, ""pm1_0"": 0, ""pm10"": 338, ""o3"": 0.02, ""no2"": 9.099999, ""hum"": 0, ""fmhd"": 0, ""co2"": 5000, ""co"": 0.0}, ""smell_b"": {}, ""sfa30"": {""temp"": 21.6, ""hum"": 35.55, ""fmhd"": 1.6}, ""sen5x"": {""voc"": 101.0, ""temp"": 21.48, ""pm4_0"": 4605.9, ""pm2_5"": 4605.9, ""pm1_0"": 4392.0, ""pm10"": 4605.9, ""nox"": 1.0, ""mass_c"": 4552.425, ""hum"": 41.12}, ""scd41"": {""temp"": 21.24017, ""hum"": 38.65416, ""co2"": 609}, ""power_source"": 0, ""mics6814"": {""red_res"": 0, ""no2_res"": 0, ""no2"": 0.17, ""nh3_res"": 0, ""nh3"": 0.73, ""co_res"": 0, ""co"": 44.0}}",NULL,"2025-10-27 09:23:03.095335"
11483,"04a600b9b0b8","2025-10-27 09:22:10","JVSf6mjNFBH1VWRD0Z17","{""bme688"": [{""temp"": 21.46009, ""step"": 9, ""status"": 1, ""pres"": 967.5496, ""meas_profile"": ""HP-8"", ""meas_id"": 8, ""hum"": 35.02243, ""gas_res"": 5684.846}, {""temp"": 21.42329, ""step"": 9, ""status"": 1, ""pres"": 967.6749, ""meas_profile"": ""HP-7"", ""meas_id"": 7, ""hum"": 34.89098, ""gas_res"": 5684.846}, {""temp"": 21.50303, ""step"": 9, ""status"": 1, ""pres"": 967.813, ""meas_profile"": ""HP-6"", ""meas_id"": 6, ""hum"": 34.7644, ""gas_res"": 6745.363}, {""temp"": 21.38764, ""step"": 9, ""status"": 1, ""pres"": 967.5162, ""meas_profile"": ""HP-5"", ""meas_id"": 5, ""hum"": 34.96149, ""gas_res"": 25000.0}, {""temp"": 21.11211, ""step"": 9, ""status"": 1, ""pres"": 967.6995, ""meas_profile"": ""HP-4"", ""meas_id"": 4, ""hum"": 34.45367, ""gas_res"": 25000.0}, {""temp"": 21.28189, ""step"": 9, ""status"": 1, ""pres"": 967.2635, ""meas_profile"": ""HP-3"", ""meas_id"": 3, ""hum"": 34.95075, ""gas_res"": 7374.971}, {""temp"": 21.17891, ""step"": 9, ""status"": 1, ""pres"": 967.395, ""meas_profile"": ""HP-2"", ""meas_id"": 2, ""hum"": 35.19772, ""gas_res"": 8292.304}, {""temp"": 20.9491, ""step"": 9, ""status"": 1, ""pres"": 967.6019, ""meas_profile"": ""HP-1"", ""meas_id"": 1, ""hum"": 33.82032, ""gas_res"": 6306.662}]}",NULL,"2025-10-27 09:23:04.246211"
11484,"04a600b9b0b8","2025-10-27 09:22:10","JVSf6mjNFBH1VWRD0Z17","{""bme688"": [{""temp"": 21.45793, ""step"": 8, ""status"": 1, ""pres"": 967.5499, ""meas_profile"": ""HP-8"", ""meas_id"": 8, ""hum"": 35.01649, ""gas_res"": 5684.846}, {""temp"": 21.42143, ""step"": 8, ""status"": 1, ""pres"": 967.6735, ""meas_profile"": ""HP-7"", ""meas_id"": 7, ""hum"": 34.9078, ""gas_res"": 5684.846}, {""temp"": 21.50118, ""step"": 8, ""status"": 1, ""pres"": 967.8118, ""meas_profile"": ""HP-6"", ""meas_id"": 6, ""hum"": 34.74699, ""gas_res"": 7157.235}, {""temp"": 21.38639, ""step"": 8, ""status"": 1, ""pres"": 967.5159, ""meas_profile"": ""HP-5"", ""meas_id"": 5, ""hum"": 34.96136, ""gas_res"": 25000.0}, {""temp"": 21.11025, ""step"": 8, ""status"": 1, ""pres"": 967.6998, ""meas_profile"": ""HP-4"", ""meas_id"": 4, ""hum"": 34.45351, ""gas_res"": 25000.0}, {""temp"": 21.28003, ""step"": 8, ""status"": 1, ""pres"": 967.2639, ""meas_profile"": ""HP-3"", ""meas_id"": 3, ""hum"": 34.93907, ""gas_res"": 6749.631}, {""temp"": 21.17705, ""step"": 8, ""status"": 1, ""pres"": 967.3954, ""meas_profile"": ""HP-2"", ""meas_id"": 2, ""hum"": 35.18618, ""gas_res"": 8503.854}, {""temp"": 20.94723, ""step"": 8, ""status"": 1, ""pres"": 967.6025, ""meas_profile"": ""HP-1"", ""meas_id"": 1, ""hum"": 33.8143, ""gas_res"": 6490.872}]}",NULL,"2025-10-27 09:23:05.507012"
11485,"04a600b9b0b8","2025-10-27 09:22:10","JVSf6mjNFBH1VWRD0Z17","{""bme688"": [{""temp"": 21.45638, ""step"": 7, ""status"": 1, ""pres"": 967.5491, ""meas_profile"": ""HP-8"", ""meas_id"": 8, ""hum"": 35.01061, ""gas_res"": 5684.846}, {""temp"": 21.41957, ""step"": 7, ""status"": 1, ""pres"": 967.6738, ""meas_profile"": ""HP-7"", ""meas_id"": 7, ""hum"": 34.89629, ""gas_res"": 5684.846}, {""temp"": 21.49964, ""step"": 7, ""status"": 1, ""pres"": 967.8128, ""meas_profile"": ""HP-6"", ""meas_id"": 6, ""hum"": 34.73536, ""gas_res"": 7220.217}, {""temp"": 21.38482, ""step"": 7, ""status"": 1, ""pres"": 967.5167, ""meas_profile"": ""HP-5"", ""meas_id"": 5, ""hum"": 34.96123, ""gas_res"": 25000.0}, {""temp"": 21.10839, ""step"": 7, ""status"": 1, ""pres"": 967.7001, ""meas_profile"": ""HP-4"", ""meas_id"": 4, ""hum"": 34.45333, ""gas_res"": 25000.0}, {""temp"": 21.27818, ""step"": 7, ""status"": 1, ""pres"": 967.2643, ""meas_profile"": ""HP-3"", ""meas_id"": 3, ""hum"": 34.95615, ""gas_res"": 6494.824}, {""temp"": 21.17519, ""step"": 7, ""status"": 1, ""pres"": 967.394, ""meas_profile"": ""HP-2"", ""meas_id"": 2, ""hum"": 35.21444, ""gas_res"": 8196.722}, {""temp"": 20.94536, ""step"": 7, ""status"": 1, ""pres"": 967.6033, ""meas_profile"": ""HP-1"", ""meas_id"": 1, ""hum"": 33.81413, ""gas_res"": 6443.818}]}",NULL,"2025-10-27 09:23:06.893917"
11486,"04a600b9b0b8","2025-10-27 09:22:10","JVSf6mjNFBH1VWRD0Z17","{""bme688"": [{""temp"": 21.45453, ""step"": 6, ""status"": 1, ""pres"": 967.548, ""meas_profile"": ""HP-8"", ""meas_id"": 8, ""hum"": 34.99897, ""gas_res"": 6108.036}, {""temp"": 21.41801, ""step"": 6, ""status"": 1, ""pres"": 967.6728, ""meas_profile"": ""HP-7"", ""meas_id"": 7, ""hum"": 34.89615, ""gas_res"": 8370.39}, {""temp"": 21.49779, ""step"": 6, ""status"": 1, ""pres"": 967.8115, ""meas_profile"": ""HP-6"", ""meas_id"": 6, ""hum"": 34.77541, ""gas_res"": 24558.71}, {""temp"": 21.38295, ""step"": 6, ""status"": 1, ""pres"": 967.5153, ""meas_profile"": ""HP-5"", ""meas_id"": 5, ""hum"": 34.96105, ""gas_res"": 124001.0}, {""temp"": 21.10652, ""step"": 6, ""status"": 1, ""pres"": 967.7004, ""meas_profile"": ""HP-4"", ""meas_id"": 4, ""hum"": 34.46466, ""gas_res"": 176612.6}, {""temp"": 21.27632, ""step"": 6, ""status"": 1, ""pres"": 967.2647, ""meas_profile"": ""HP-3"", ""meas_id"": 3, ""hum"": 34.94448, ""gas_res"": 100000.0}, {""temp"": 21.17301, ""step"": 6, ""status"": 1, ""pres"": 967.3938, ""meas_profile"": ""HP-2"", ""meas_id"": 2, ""hum"": 35.20286, ""gas_res"": 138941.7}, {""temp"": 20.94319, ""step"": 6, ""status"": 1, ""pres"": 967.6035, ""meas_profile"": ""HP-1"", ""meas_id"": 1, ""hum"": 33.81394, ""gas_res"": 111888.1}]}",NULL,"2025-10-27 09:23:08.089481"
11487,"04a600b9b0b8","2025-10-27 09:22:10","JVSf6mjNFBH1VWRD0Z17","{""bme688"": [{""temp"": 21.45299, ""step"": 5, ""status"": 1, ""pres"": 967.5489, ""meas_profile"": ""HP-8"", ""meas_id"": 8, ""hum"": 35.0103, ""gas_res"": 5947.956}, {""temp"": 21.41615, ""step"": 5, ""status"": 1, ""pres"": 967.673, ""meas_profile"": ""HP-7"", ""meas_id"": 7, ""hum"": 34.91864, ""gas_res"": 8159.103}, {""temp"": 21.49594, ""step"": 5, ""status"": 1, ""pres"": 967.8102, ""meas_profile"": ""HP-6"", ""meas_id"": 6, ""hum"": 34.75225, ""gas_res"": 23898.43}, {""temp"": 21.38138, ""step"": 5, ""status"": 1, ""pres"": 967.5144, ""meas_profile"": ""HP-5"", ""meas_id"": 5, ""hum"": 34.94954, ""gas_res"": 121962.8}, {""temp"": 21.10466, ""step"": 5, ""status"": 1, ""pres"": 967.7023, ""meas_profile"": ""HP-4"", ""meas_id"": 4, ""hum"": 34.45873, ""gas_res"": 178273.0}, {""temp"": 21.27477, ""step"": 5, ""status"": 1, ""pres"": 967.2656, ""meas_profile"": ""HP-3"", ""meas_id"": 3, ""hum"": 34.97309, ""gas_res"": 100000.0}, {""temp"": 21.17115, ""step"": 5, ""status"": 1, ""pres"": 967.3942, ""meas_profile"": ""HP-2"", ""meas_id"": 2, ""hum"": 35.21975, ""gas_res"": 135199.4}, {""temp"": 20.94101, ""step"": 5, ""status"": 1, ""pres"": 967.6039, ""meas_profile"": ""HP-1"", ""meas_id"": 1, ""hum"": 33.81374, ""gas_res"": 107585.6}]}",NULL,"2025-10-27 09:23:09.367378"
11488,"04a600b9b0b8","2025-10-27 09:22:10","JVSf6mjNFBH1VWRD0Z17","{""bme688"": [{""temp"": 21.45144, ""step"": 4, ""status"": 1, ""pres"": 967.5502, ""meas_profile"": ""HP-8"", ""meas_id"": 8, ""hum"": 35.02161, ""gas_res"": 5892.101}, {""temp"": 21.4146, ""step"": 4, ""status"": 1, ""pres"": 967.6722, ""meas_profile"": ""HP-7"", ""meas_id"": 7, ""hum"": 34.90717, ""gas_res"": 8018.041}, {""temp"": 21.49439, ""step"": 4, ""status"": 1, ""pres"": 967.8095, ""meas_profile"": ""HP-6"", ""meas_id"": 6, ""hum"": 34.75785, ""gas_res"": 25000.0}, {""temp"": 21.37951, ""step"": 4, ""status"": 1, ""pres"": 967.5146, ""meas_profile"": ""HP-5"", ""meas_id"": 5, ""hum"": 34.94937, ""gas_res"": 119654.1}, {""temp"": 21.10279, ""step"": 4, ""status"": 1, ""pres"": 967.7024, ""meas_profile"": ""HP-4"", ""meas_id"": 4, ""hum"": 34.46431, ""gas_res"": 181882.8}, {""temp"": 21.27292, ""step"": 4, ""status"": 1, ""pres"": 967.264, ""meas_profile"": ""HP-3"", ""meas_id"": 3, ""hum"": 34.96141, ""gas_res"": 100000.0}, {""temp"": 21.16929, ""step"": 4, ""status"": 1, ""pres"": 967.3926, ""meas_profile"": ""HP-2"", ""meas_id"": 2, ""hum"": 35.2082, ""gas_res"": 132780.1}, {""temp"": 20.93883, ""step"": 4, ""status"": 1, ""pres"": 967.6041, ""meas_profile"": ""HP-1"", ""meas_id"": 1, ""hum"": 33.82524, ""gas_res"": 104170.9}]}",NULL,"2025-10-27 09:23:10.631566"
11489,"04a600b9b0b8","2025-10-27 09:22:10","JVSf6mjNFBH1VWRD0Z17","{""bme688"": [{""temp"": 21.44959, ""step"": 3, ""status"": 0, ""pres"": 967.5489, ""meas_profile"": ""HP-8"", ""meas_id"": 8, ""hum"": 35.03865, ""gas_res"": 5684.846}, {""temp"": 21.41273, ""step"": 3, ""status"": 0, ""pres"": 967.6724, ""meas_profile"": ""HP-7"", ""meas_id"": 7, ""hum"": 34.941, ""gas_res"": 5684.846}, {""temp"": 21.49285, ""step"": 3, ""status"": 0, ""pres"": 967.8105, ""meas_profile"": ""HP-6"", ""meas_id"": 6, ""hum"": 34.77495, ""gas_res"": 12400.7}, {""temp"": 21.37763, ""step"": 3, ""status"": 0, ""pres"": 967.5133, ""meas_profile"": ""HP-5"", ""meas_id"": 5, ""hum"": 34.98328, ""gas_res"": 36147.98}, {""temp"": 21.10031, ""step"": 3, ""status"": 0, ""pres"": 967.7018, ""meas_profile"": ""HP-4"", ""meas_id"": 4, ""hum"": 34.46408, ""gas_res"": 50935.14}, {""temp"": 21.27044, ""step"": 3, ""status"": 0, ""pres"": 967.2635, ""meas_profile"": ""HP-3"", ""meas_id"": 3, ""hum"": 34.96119, ""gas_res"": 31341.82}, {""temp"": 21.1668, ""step"": 3, ""status"": 0, ""pres"": 967.3937, ""meas_profile"": ""HP-2"", ""meas_id"": 2, ""hum"": 35.22503, ""gas_res"": 49287.64}, {""temp"": 20.93665, ""step"": 3, ""status"": 0, ""pres"": 967.6044, ""meas_profile"": ""HP-1"", ""meas_id"": 1, ""hum"": 33.83672, ""gas_res"": 32586.56}]}",NULL,"2025-10-27 09:23:12.017699"
11490,"04a600b9b0b8","2025-10-27 09:22:10","JVSf6mjNFBH1VWRD0Z17","{""bme688"": [{""temp"": 21.44773, ""step"": 2, ""status"": 1, ""pres"": 967.5496, ""meas_profile"": ""HP-8"", ""meas_id"": 8, ""hum"": 35.0098, ""gas_res"": 8769.526}, {""temp"": 21.41118, ""step"": 2, ""status"": 1, ""pres"": 967.6716, ""meas_profile"": ""HP-7"", ""meas_id"": 7, ""hum"": 34.93519, ""gas_res"": 12950.22}, {""temp"": 21.491, ""step"": 2, ""status"": 1, ""pres"": 967.8091, ""meas_profile"": ""HP-6"", ""meas_id"": 6, ""hum"": 34.78627, ""gas_res"": 46109.51}, {""temp"": 21.37575, ""step"": 2, ""status"": 1, ""pres"": 967.5136, ""meas_profile"": ""HP-5"", ""meas_id"": 5, ""hum"": 34.97742, ""gas_res"": 181689.1}, {""temp"": 21.09845, ""step"": 2, ""status"": 1, ""pres"": 967.7022, ""meas_profile"": ""HP-4"", ""meas_id"": 4, ""hum"": 34.47541, ""gas_res"": 389575.8}, {""temp"": 21.26828, ""step"": 2, ""status"": 1, ""pres"": 967.2633, ""meas_profile"": ""HP-3"", ""meas_id"": 3, ""hum"": 34.98399, ""gas_res"": 183249.8}, {""temp"": 21.16463, ""step"": 2, ""status"": 1, ""pres"": 967.3918, ""meas_profile"": ""HP-2"", ""meas_id"": 2, ""hum"": 35.2419, ""gas_res"": 330322.6}, {""temp"": 20.93447, ""step"": 2, ""status"": 1, ""pres"": 967.6047, ""meas_profile"": ""HP-1"", ""meas_id"": 1, ""hum"": 33.8599, ""gas_res"": 260294.9}]}",NULL,"2025-10-27 09:23:13.193901"
11491,"04a600b9b0b8","2025-10-27 09:22:10","JVSf6mjNFBH1VWRD0Z17","{""bme688"": [{""temp"": 21.44588, ""step"": 1, ""status"": 1, ""pres"": 967.5485, ""meas_profile"": ""HP-8"", ""meas_id"": 8, ""hum"": 35.04403, ""gas_res"": 5684.846}, {""temp"": 21.40932, ""step"": 1, ""status"": 1, ""pres"": 967.6719, ""meas_profile"": ""HP-7"", ""meas_id"": 7, ""hum"": 34.94068, ""gas_res"": 6269.592}, {""temp"": 21.48945, ""step"": 1, ""status"": 1, ""pres"": 967.8085, ""meas_profile"": ""HP-6"", ""meas_id"": 6, ""hum"": 34.79187, ""gas_res"": 19300.36}, {""temp"": 21.3745, ""step"": 1, ""status"": 1, ""pres"": 967.5131, ""meas_profile"": ""HP-5"", ""meas_id"": 5, ""hum"": 34.9773, ""gas_res"": 33586.98}, {""temp"": 21.09627, ""step"": 1, ""status"": 1, ""pres"": 967.7019, ""meas_profile"": ""HP-4"", ""meas_id"": 4, ""hum"": 34.46371, ""gas_res"": 100000.0}, {""temp"": 21.26643, ""step"": 1, ""status"": 1, ""pres"": 967.2637, ""meas_profile"": ""HP-3"", ""meas_id"": 3, ""hum"": 34.96656, ""gas_res"": 28744.67}, {""temp"": 21.16277, ""step"": 1, ""status"": 1, ""pres"": 967.3938, ""meas_profile"": ""HP-2"", ""meas_id"": 2, ""hum"": 35.24172, ""gas_res"": 40050.06}, {""temp"": 20.93229, ""step"": 1, ""status"": 1, ""pres"": 967.603, ""meas_profile"": ""HP-1"", ""meas_id"": 1, ""hum"": 33.85971, ""gas_res"": 30798.85}]}",NULL,"2025-10-27 09:23:14.480967"
11492,"04a600b9b0b8","2025-10-27 09:22:10","JVSf6mjNFBH1VWRD0Z17","{""bme688"": [{""temp"": 21.44403, ""step"": 0, ""status"": 1, ""pres"": 967.549, ""meas_profile"": ""HP-8"", ""meas_id"": 8, ""hum"": 35.03239, ""gas_res"": 5684.846}, {""temp"": 21.40746, ""step"": 0, ""status"": 1, ""pres"": 967.6705, ""meas_profile"": ""HP-7"", ""meas_id"": 7, ""hum"": 34.94051, ""gas_res"": 5684.846}, {""temp"": 21.4876, ""step"": 0, ""status"": 1, ""pres"": 967.8072, ""meas_profile"": ""HP-6"", ""meas_id"": 6, ""hum"": 34.78596, ""gas_res"": 7259.528}, {""temp"": 21.37294, ""step"": 0, ""status"": 1, ""pres"": 967.5123, ""meas_profile"": ""HP-5"", ""meas_id"": 5, ""hum"": 34.98852, ""gas_res"": 25000.0}, {""temp"": 21.09441, ""step"": 0, ""status"": 1, ""pres"": 967.702, ""meas_profile"": ""HP-4"", ""meas_id"": 4, ""hum"": 34.47503, ""gas_res"": 25000.0}, {""temp"": 21.26457, ""step"": 0, ""status"": 1, ""pres"": 967.2623, ""meas_profile"": ""HP-3"", ""meas_id"": 3, ""hum"": 34.9894, ""gas_res"": 6439.928}, {""temp"": 21.1609, ""step"": 0, ""status"": 1, ""pres"": 967.3942, ""meas_profile"": ""HP-2"", ""meas_id"": 2, ""hum"": 35.23585, ""gas_res"": 8134.214}, {""temp"": 20.93043, ""step"": 0, ""status"": 1, ""pres"": 967.6038, ""meas_profile"": ""HP-1"", ""meas_id"": 1, ""hum"": 33.84784, ""gas_res"": 6389.776}]}",NULL,"2025-10-27 09:23:15.759243"
11493,"04a600b9b0b8","2025-10-27 09:21:43","JVSf6mjNFBH1VWRD0Z17","{""zphs01b"": {""voc"": 0, ""temp"": 19.4, ""pm2_5"": 0, ""pm1_0"": 0, ""pm10"": 326, ""o3"": 0.02, ""no2"": 8.88, ""hum"": 0, ""fmhd"": 0, ""co2"": 5000, ""co"": 0.0}, ""smell_b"": {}, ""sfa30"": {""temp"": 21.585, ""hum"": 35.65, ""fmhd"": 1.4}, ""sen5x"": {""voc"": 87.0, ""temp"": 21.49, ""pm4_0"": 4660.8, ""pm2_5"": 4660.8, ""pm1_0"": 4444.3, ""pm10"": 4660.8, ""nox"": 1.0, ""mass_c"": 4606.675, ""hum"": 41.02}, ""scd41"": {""temp"": 21.19745, ""hum"": 38.64653, ""co2"": 612}, ""power_source"": 0, ""mics6814"": {""red_res"": 0, ""no2_res"": 0, ""no2"": 0.17, ""nh3_res"": 0, ""nh3"": 0.73, ""co_res"": 0, ""co"": 44.0}}",NULL,"2025-10-27 09:23:17.031457"
11494,"04a600b9b0b8","2025-10-27 09:21:43","JVSf6mjNFBH1VWRD0Z17","{""bme688"": [{""temp"": 21.44218, ""step"": 9, ""status"": 1, ""pres"": 967.5478, ""meas_profile"": ""HP-8"", ""meas_id"": 8, ""hum"": 35.04942, ""gas_res"": 5684.846}, {""temp"": 21.40559, ""step"": 9, ""status"": 1, ""pres"": 967.6691, ""meas_profile"": ""HP-7"", ""meas_id"": 7, ""hum"": 34.93467, ""gas_res"": 5684.846}, {""temp"": 21.48606, ""step"": 9, ""status"": 1, ""pres"": 967.8066, ""meas_profile"": ""HP-6"", ""meas_id"": 6, ""hum"": 34.79156, ""gas_res"": 6254.887}, {""temp"": 21.37138, ""step"": 9, ""status"": 1, ""pres"": 967.5131, ""meas_profile"": ""HP-5"", ""meas_id"": 5, ""hum"": 34.99405, ""gas_res"": 25000.0}, {""temp"": 21.09254, ""step"": 9, ""status"": 1, ""pres"": 967.7023, ""meas_profile"": ""HP-4"", ""meas_id"": 4, ""hum"": 34.47486, ""gas_res"": 25000.0}, {""temp"": 21.26271, ""step"": 9, ""status"": 1, ""pres"": 967.2626, ""meas_profile"": ""HP-3"", ""meas_id"": 3, ""hum"": 34.98922, ""gas_res"": 6518.639}, {""temp"": 21.15873, ""step"": 9, ""status"": 1, ""pres"": 967.394, ""meas_profile"": ""HP-2"", ""meas_id"": 2, ""hum"": 35.19583, ""gas_res"": 7415.991}, {""temp"": 20.92825, ""step"": 9, ""status"": 1, ""pres"": 967.6041, ""meas_profile"": ""HP-1"", ""meas_id"": 1, ""hum"": 33.83012, ""gas_res"": 8403.361}]}",NULL,"2025-10-27 09:23:18.306202"
11495,"04a600b9b0b8","2025-10-27 09:21:43","JVSf6mjNFBH1VWRD0Z17","{""bme688"": [{""temp"": 21.44032, ""step"": 8, ""status"": 1, ""pres"": 967.5485, ""meas_profile"": ""HP-8"", ""meas_id"": 8, ""hum"": 35.06645, ""gas_res"": 5684.846}, {""temp"": 21.40373, ""step"": 8, ""status"": 1, ""pres"": 967.6694, ""meas_profile"": ""HP-7"", ""meas_id"": 7, ""hum"": 34.94583, ""gas_res"": 5684.846}, {""temp"": 21.4842, ""step"": 8, ""status"": 1, ""pres"": 967.8069, ""meas_profile"": ""HP-6"", ""meas_id"": 6, ""hum"": 34.79138, ""gas_res"": 6753.905}, {""temp"": 21.37013, ""step"": 8, ""status"": 1, ""pres"": 967.5144, ""meas_profile"": ""HP-5"", ""meas_id"": 5, ""hum"": 34.99394, ""gas_res"": 25000.0}, {""temp"": 21.09068, ""step"": 8, ""status"": 1, ""pres"": 967.7026, ""meas_profile"": ""HP-4"", ""meas_id"": 4, ""hum"": 34.46894, ""gas_res"": 25000.0}, {""temp"": 21.26055, ""step"": 8, ""status"": 1, ""pres"": 967.2625, ""meas_profile"": ""HP-3"", ""meas_id"": 3, ""hum"": 34.97177, ""gas_res"": 6175.222}, {""temp"": 21.15687, ""step"": 8, ""status"": 1, ""pres"": 967.3926, ""meas_profile"": ""HP-2"", ""meas_id"": 2, ""hum"": 35.18997, ""gas_res"": 7744.434}, {""temp"": 20.92607, ""step"": 8, ""status"": 1, ""pres"": 967.6046, ""meas_profile"": ""HP-1"", ""meas_id"": 1, ""hum"": 33.82407, ""gas_res"": 6052.582}]}",NULL,"2025-10-27 09:23:19.603459"
11496,"04a600b9b0b8","2025-10-27 09:21:43","JVSf6mjNFBH1VWRD0Z17","{""bme688"": [{""temp"": 21.43847, ""step"": 7, ""status"": 1, ""pres"": 967.5491, ""meas_profile"": ""HP-8"", ""meas_id"": 8, ""hum"": 35.0376, ""gas_res"": 5684.846}, {""temp"": 21.40187, ""step"": 7, ""status"": 1, ""pres"": 967.668, ""meas_profile"": ""HP-7"", ""meas_id"": 7, ""hum"": 34.94565, ""gas_res"": 5684.846}, {""temp"": 21.48235, ""step"": 7, ""status"": 1, ""pres"": 967.8057, ""meas_profile"": ""HP-6"", ""meas_id"": 6, ""hum"": 34.79121, ""gas_res"": 6911.447}, {""temp"": 21.36856, ""step"": 7, ""status"": 1, ""pres"": 967.5137, ""meas_profile"": ""HP-5"", ""meas_id"": 5, ""hum"": 34.99379, ""gas_res"": 25000.0}, {""temp"": 21.0885, ""step"": 7, ""status"": 1, ""pres"": 967.7024, ""meas_profile"": ""HP-4"", ""meas_id"": 4, ""hum"": 34.46875, ""gas_res"": 23154.85}, {""temp"": 21.25839, ""step"": 7, ""status"": 1, ""pres"": 967.2625, ""meas_profile"": ""HP-3"", ""meas_id"": 3, ""hum"": 34.96006, ""gas_res"": 8292.304}, {""temp"": 21.15469, ""step"": 7, ""status"": 1, ""pres"": 967.3925, ""meas_profile"": ""HP-2"", ""meas_id"": 2, ""hum"": 35.19545, ""gas_res"": 7374.971}, {""temp"": 20.92389, ""step"": 7, ""status"": 1, ""pres"": 967.6065, ""meas_profile"": ""HP-1"", ""meas_id"": 1, ""hum"": 33.81218, ""gas_res"": 8190.427}]}",NULL,"2025-10-27 09:23:20.881372"
11497,"04a600b9b0b8","2025-10-27 09:21:43","JVSf6mjNFBH1VWRD0Z17","{""bme688"": [{""temp"": 21.43662, ""step"": 6, ""status"": 1, ""pres"": 967.5479, ""meas_profile"": ""HP-8"", ""meas_id"": 8, ""hum"": 35.05464, ""gas_res"": 5941.33}, {""temp"": 21.40031, ""step"": 6, ""status"": 1, ""pres"": 967.669, ""meas_profile"": ""HP-7"", ""meas_id"": 7, ""hum"": 34.93984, ""gas_res"": 8048.29}, {""temp"": 21.48112, ""step"": 6, ""status"": 1, ""pres"": 967.8072, ""meas_profile"": ""HP-6"", ""meas_id"": 6, ""hum"": 34.81409, ""gas_res"": 25000.0}, {""temp"": 21.367, ""step"": 6, ""status"": 1, ""pres"": 967.5126, ""meas_profile"": ""HP-5"", ""meas_id"": 5, ""hum"": 34.99364, ""gas_res"": 109800.6}, {""temp"": 21.08664, ""step"": 6, ""status"": 1, ""pres"": 967.7043, ""meas_profile"": ""HP-4"", ""meas_id"": 4, ""hum"": 34.48581, ""gas_res"": 146077.0}, {""temp"": 21.25622, ""step"": 6, ""status"": 1, ""pres"": 967.2622, ""meas_profile"": ""HP-3"", ""meas_id"": 3, ""hum"": 34.95985, ""gas_res"": 89698.67}, {""temp"": 21.15252, ""step"": 6, ""status"": 1, ""pres"": 967.3922, ""meas_profile"": ""HP-2"", ""meas_id"": 2, ""hum"": 35.20094, ""gas_res"": 114901.3}, {""temp"": 20.92171, ""step"": 6, ""status"": 1, ""pres"": 967.6067, ""meas_profile"": ""HP-1"", ""meas_id"": 1, ""hum"": 33.83537, ""gas_res"": 100000.0}]}",NULL,"2025-10-27 09:23:22.256248"
11498,"04a600b9b0b8","2025-10-27 09:21:43","JVSf6mjNFBH1VWRD0Z17","{""bme688"": [{""temp"": 21.43507, ""step"": 5, ""status"": 1, ""pres"": 967.5491, ""meas_profile"": ""HP-8"", ""meas_id"": 8, ""hum"": 35.07743, ""gas_res"": 5967.922}, {""temp"": 21.39876, ""step"": 5, ""status"": 1, ""pres"": 967.6696, ""meas_profile"": ""HP-7"", ""meas_id"": 7, ""hum"": 34.95103, ""gas_res"": 7928.642}, {""temp"": 21.47957, ""step"": 5, ""status"": 1, ""pres"": 967.8064, ""meas_profile"": ""HP-6"", ""meas_id"": 6, ""hum"": 34.81394, ""gas_res"": 25000.0}, {""temp"": 21.36512, ""step"": 5, ""status"": 1, ""pres"": 967.5129, ""meas_profile"": ""HP-5"", ""meas_id"": 5, ""hum"": 35.01052, ""gas_res"": 107994.1}, {""temp"": 21.08478, ""step"": 5, ""status"": 1, ""pres"": 967.7045, ""meas_profile"": ""HP-4"", ""meas_id"": 4, ""hum"": 34.4799, ""gas_res"": 145083.6}, {""temp"": 21.25437, ""step"": 5, ""status"": 1, ""pres"": 967.2626, ""meas_profile"": ""HP-3"", ""meas_id"": 3, ""hum"": 34.9827, ""gas_res"": 85819.65}, {""temp"": 21.15034, ""step"": 5, ""status"": 1, ""pres"": 967.3904, ""meas_profile"": ""HP-2"", ""meas_id"": 2, ""hum"": 35.17799, ""gas_res"": 109098.7}, {""temp"": 20.91984, ""step"": 5, ""status"": 1, ""pres"": 967.6074, ""meas_profile"": ""HP-1"", ""meas_id"": 1, ""hum"": 33.84103, ""gas_res"": 100000.0}]}",NULL,"2025-10-27 09:23:23.428909"
11499,"04a600b9b0b8","2025-10-27 09:21:43","JVSf6mjNFBH1VWRD0Z17","{""bme688"": [{""temp"": 21.43353, ""step"": 4, ""status"": 1, ""pres"": 967.5483, ""meas_profile"": ""HP-8"", ""meas_id"": 8, ""hum"": 35.07729, ""gas_res"": 6546.645}, {""temp"": 21.3969, ""step"": 4, ""status"": 1, ""pres"": 967.67, ""meas_profile"": ""HP-7"", ""meas_id"": 7, ""hum"": 34.94518, ""gas_res"": 7922.753}, {""temp"": 21.47834, ""step"": 4, ""status"": 1, ""pres"": 967.8062, ""meas_profile"": ""HP-6"", ""meas_id"": 6, ""hum"": 34.80808, ""gas_res"": 25000.0}, {""temp"": 21.36325, ""step"": 4, ""status"": 1, ""pres"": 967.5117, ""meas_profile"": ""HP-5"", ""meas_id"": 5, ""hum"": 35.01034, ""gas_res"": 107045.8}, {""temp"": 21.08261, ""step"": 4, ""status"": 1, ""pres"": 967.7043, ""meas_profile"": ""HP-4"", ""meas_id"": 4, ""hum"": 34.47395, ""gas_res"": 146077.0}, {""temp"": 21.2522, ""step"": 4, ""status"": 1, ""pres"": 967.2625, ""meas_profile"": ""HP-3"", ""meas_id"": 3, ""hum"": 34.97099, ""gas_res"": 83224.97}, {""temp"": 21.14817, ""step"": 4, ""status"": 1, ""pres"": 967.3901, ""meas_profile"": ""HP-2"", ""meas_id"": 2, ""hum"": 35.20053, ""gas_res"": 105785.1}, {""temp"": 20.91798, ""step"": 4, ""status"": 1, ""pres"": 967.6083, ""meas_profile"": ""HP-1"", ""meas_id"": 1, ""hum"": 33.84672, ""gas_res"": 100000.0}]}",NULL,"2025-10-27 09:23:24.722063"
11500,"04a600b9b0b8","2025-10-27 09:21:43","JVSf6mjNFBH1VWRD0Z17","{""bme688"": [{""temp"": 21.43137, ""step"": 3, ""status"": 0, ""pres"": 967.5485, ""meas_profile"": ""HP-8"", ""meas_id"": 8, ""hum"": 35.07709, ""gas_res"": 5684.846}, {""temp"": 21.39503, ""step"": 3, ""status"": 0, ""pres"": 967.6686, ""meas_profile"": ""HP-7"", ""meas_id"": 7, ""hum"": 34.9677, ""gas_res"": 5684.846}, {""temp"": 21.47649, ""step"": 3, ""status"": 0, ""pres"": 967.8066, ""meas_profile"": ""HP-6"", ""meas_id"": 6, ""hum"": 34.8309, ""gas_res"": 11678.83}, {""temp"": 21.36137, ""step"": 3, ""status"": 0, ""pres"": 967.512, ""meas_profile"": ""HP-5"", ""meas_id"": 5, ""hum"": 34.9988, ""gas_res"": 33376.79}, {""temp"": 21.08043, ""step"": 3, ""status"": 0, ""pres"": 967.7059, ""meas_profile"": ""HP-4"", ""meas_id"": 4, ""hum"": 34.491, ""gas_res"": 42272.13}, {""temp"": 21.24973, ""step"": 3, ""status"": 0, ""pres"": 967.2617, ""meas_profile"": ""HP-3"", ""meas_id"": 3, ""hum"": 34.97651, ""gas_res"": 26348.29}, {""temp"": 21.14569, ""step"": 3, ""status"": 0, ""pres"": 967.3895, ""meas_profile"": ""HP-2"", ""meas_id"": 2, ""hum"": 35.21736, ""gas_res"": 40201.0}, {""temp"": 20.91549, ""step"": 3, ""status"": 0, ""pres"": 967.608, ""meas_profile"": ""HP-1"", ""meas_id"": 1, ""hum"": 33.84649, ""gas_res"": 26862.54}]}",NULL,"2025-10-27 09:23:25.997161"
11501,"04a600b9b0b8","2025-10-27 09:21:43","JVSf6mjNFBH1VWRD0Z17","{""bme688"": [{""temp"": 21.42982, ""step"": 2, ""status"": 1, ""pres"": 967.5497, ""meas_profile"": ""HP-8"", ""meas_id"": 8, ""hum"": 35.08268, ""gas_res"": 9729.401}, {""temp"": 21.39317, ""step"": 2, ""status"": 1, ""pres"": 967.6689, ""meas_profile"": ""HP-7"", ""meas_id"": 7, ""hum"": 34.95618, ""gas_res"": 14469.82}, {""temp"": 21.47463, ""step"": 2, ""status"": 1, ""pres"": 967.8071, ""meas_profile"": ""HP-6"", ""meas_id"": 6, ""hum"": 34.84798, ""gas_res"": 51926.98}, {""temp"": 21.35981, ""step"": 2, ""status"": 1, ""pres"": 967.5128, ""meas_profile"": ""HP-5"", ""meas_id"": 5, ""hum"": 35.03275, ""gas_res"": 196582.8}, {""temp"": 21.07795, ""step"": 2, ""status"": 1, ""pres"": 967.7051, ""meas_profile"": ""HP-4"", ""meas_id"": 4, ""hum"": 34.49651, ""gas_res"": 358417.9}, {""temp"": 21.24756, ""step"": 2, ""status"": 1, ""pres"": 967.2617, ""meas_profile"": ""HP-3"", ""meas_id"": 3, ""hum"": 34.98206, ""gas_res"": 164683.2}, {""temp"": 21.1432, ""step"": 2, ""status"": 1, ""pres"": 967.3887, ""meas_profile"": ""HP-2"", ""meas_id"": 2, ""hum"": 35.21712, ""gas_res"": 291157.3}, {""temp"": 20.91331, ""step"": 2, ""status"": 1, ""pres"": 967.6083, ""meas_profile"": ""HP-1"", ""meas_id"": 1, ""hum"": 33.84045, ""gas_res"": 222608.7}]}",NULL,"2025-10-27 09:23:27.392518"
11502,"04a600b9b0b8","2025-10-27 09:21:43","JVSf6mjNFBH1VWRD0Z17","{""bme688"": [{""temp"": 21.42797, ""step"": 1, ""status"": 1, ""pres"": 967.5486, ""meas_profile"": ""HP-8"", ""meas_id"": 8, ""hum"": 35.09971, ""gas_res"": 5684.846}, {""temp"": 21.39162, ""step"": 1, ""status"": 1, ""pres"": 967.6696, ""meas_profile"": ""HP-7"", ""meas_id"": 7, ""hum"": 34.95604, ""gas_res"": 6424.413}, {""temp"": 21.47278, ""step"": 1, ""status"": 1, ""pres"": 967.8058, ""meas_profile"": ""HP-6"", ""meas_id"": 6, ""hum"": 34.82481, ""gas_res"": 18626.31}, {""temp"": 21.35824, ""step"": 1, ""status"": 1, ""pres"": 967.5117, ""meas_profile"": ""HP-5"", ""meas_id"": 5, ""hum"": 35.02124, ""gas_res"": 30644.0}, {""temp"": 21.07608, ""step"": 1, ""status"": 1, ""pres"": 967.7054, ""meas_profile"": ""HP-4"", ""meas_id"": 4, ""hum"": 34.50784, ""gas_res"": 38016.04}, {""temp"": 21.2454, ""step"": 1, ""status"": 1, ""pres"": 967.2614, ""meas_profile"": ""HP-3"", ""meas_id"": 3, ""hum"": 34.98761, ""gas_res"": 25000.0}, {""temp"": 21.14134, ""step"": 1, ""status"": 1, ""pres"": 967.389, ""meas_profile"": ""HP-2"", ""meas_id"": 2, ""hum"": 35.20557, ""gas_res"": 31341.82}, {""temp"": 20.91113, ""step"": 1, ""status"": 1, ""pres"": 967.6086, ""meas_profile"": ""HP-1"", ""meas_id"": 1, ""hum"": 33.84025, ""gas_res"": 25000.0}]}",NULL,"2025-10-27 09:23:28.544439"
11503,"04a600b9b0b8","2025-10-27 09:21:43","JVSf6mjNFBH1VWRD0Z17","{""bme688"": [{""temp"": 21.42612, ""step"": 0, ""status"": 1, ""pres"": 967.5491, ""meas_profile"": ""HP-8"", ""meas_id"": 8, ""hum"": 35.09954, ""gas_res"": 5684.846}, {""temp"": 21.38976, ""step"": 0, ""status"": 1, ""pres"": 967.6699, ""meas_profile"": ""HP-7"", ""meas_id"": 7, ""hum"": 34.95586, ""gas_res"": 5684.846}, {""temp"": 21.47124, ""step"": 0, ""status"": 1, ""pres"": 967.8051, ""meas_profile"": ""HP-6"", ""meas_id"": 6, ""hum"": 34.81892, ""gas_res"": 7400.555}, {""temp"": 21.35668, ""step"": 0, ""status"": 1, ""pres"": 967.5126, ""meas_profile"": ""HP-5"", ""meas_id"": 5, ""hum"": 35.02109, ""gas_res"": 25000.0}, {""temp"": 21.07422, ""step"": 0, ""status"": 1, ""pres"": 967.7056, ""meas_profile"": ""HP-4"", ""meas_id"": 4, ""hum"": 34.49617, ""gas_res"": 23005.03}, {""temp"": 21.24323, ""step"": 0, ""status"": 1, ""pres"": 967.2612, ""meas_profile"": ""HP-3"", ""meas_id"": 3, ""hum"": 34.99316, ""gas_res"": 7795.372}, {""temp"": 21.13917, ""step"": 0, ""status"": 1, ""pres"": 967.3889, ""meas_profile"": ""HP-2"", ""meas_id"": 2, ""hum"": 35.19968, ""gas_res"": 6956.522}, {""temp"": 20.90895, ""step"": 0, ""status"": 1, ""pres"": 967.6105, ""meas_profile"": ""HP-1"", ""meas_id"": 1, ""hum"": 33.83421, ""gas_res"": 7870.143}]}",NULL,"2025-10-27 09:23:29.835781"
11504,"04a600b9b0b8","2025-10-27 09:23:41","JVSf6mjNFBH1VWRD0Z17","{""zphs01b"": {""voc"": 0, ""temp"": 19.5, ""pm2_5"": 0, ""pm1_0"": 0, ""pm10"": 332, ""o3"": 0.02, ""no2"": 10.0, ""hum"": 0, ""fmhd"": 0, ""co2"": 5000, ""co"": 0.0}, ""smell_b"": {}, ""sfa30"": {""temp"": 21.645, ""hum"": 35.52, ""fmhd"": 1.8}, ""sen5x"": {""voc"": 93.0, ""temp"": 21.455, ""pm4_0"": 4441.7, ""pm2_5"": 4441.7, ""pm1_0"": 4235.4, ""pm10"": 4441.7, ""nox"": 1.0, ""mass_c"": 4390.125, ""hum"": 41.23}, ""scd41"": {""temp"": 21.38705, ""hum"": 38.41306, ""co2"": 609}, ""power_source"": 0, ""mics6814"": {""red_res"": 0, ""no2_res"": 0, ""no2"": 0.17, ""nh3_res"": 0, ""nh3"": 0.73, ""co_res"": 0, ""co"": 44.0}}",NULL,"2025-10-27 09:24:33.498918"
11505,"04a600b9b0b8","2025-10-27 09:23:41","JVSf6mjNFBH1VWRD0Z17","{""bme688"": [{""temp"": 21.49746, ""step"": 9, ""status"": 1, ""pres"": 967.55, ""meas_profile"": ""HP-8"", ""meas_id"": 8, ""hum"": 34.94567, ""gas_res"": 5684.846}, {""temp"": 21.46025, ""step"": 9, ""status"": 1, ""pres"": 967.6804, ""meas_profile"": ""HP-7"", ""meas_id"": 7, ""hum"": 34.83776, ""gas_res"": 5684.846}, {""temp"": 21.53853, ""step"": 9, ""status"": 1, ""pres"": 967.8199, ""meas_profile"": ""HP-6"", ""meas_id"": 6, ""hum"": 34.70451, ""gas_res"": 7067.138}, {""temp"": 21.42266, ""step"": 9, ""status"": 1, ""pres"": 967.5181, ""meas_profile"": ""HP-5"", ""meas_id"": 5, ""hum"": 34.87957, ""gas_res"": 25000.0}, {""temp"": 21.15249, ""step"": 9, ""status"": 1, ""pres"": 967.6926, ""meas_profile"": ""HP-4"", ""meas_id"": 4, ""hum"": 34.38269, ""gas_res"": 25000.0}, {""temp"": 21.32271, ""step"": 9, ""status"": 1, ""pres"": 967.2662, ""meas_profile"": ""HP-3"", ""meas_id"": 3, ""hum"": 34.88555, ""gas_res"": 7911.001}, {""temp"": 21.22114, ""step"": 9, ""status"": 1, ""pres"": 967.3951, ""meas_profile"": ""HP-2"", ""meas_id"": 2, ""hum"": 35.11639, ""gas_res"": 8820.287}, {""temp"": 20.99174, ""step"": 9, ""status"": 1, ""pres"": 967.5915, ""meas_profile"": ""HP-1"", ""meas_id"": 1, ""hum"": 33.71902, ""gas_res"": 6965.607}]}",NULL,"2025-10-27 09:24:35.118023"
11506,"04a600b9b0b8","2025-10-27 09:23:41","JVSf6mjNFBH1VWRD0Z17","{""bme688"": [{""temp"": 21.49561, ""step"": 8, ""status"": 1, ""pres"": 967.5488, ""meas_profile"": ""HP-8"", ""meas_id"": 8, ""hum"": 34.93404, ""gas_res"": 5684.846}, {""temp"": 21.45838, ""step"": 8, ""status"": 1, ""pres"": 967.6807, ""meas_profile"": ""HP-7"", ""meas_id"": 7, ""hum"": 34.84892, ""gas_res"": 5684.846}, {""temp"": 21.53699, ""step"": 8, ""status"": 1, ""pres"": 967.8192, ""meas_profile"": ""HP-6"", ""meas_id"": 6, ""hum"": 34.69862, ""gas_res"": 7525.87}, {""temp"": 21.4211, ""step"": 8, ""status"": 1, ""pres"": 967.5189, ""meas_profile"": ""HP-5"", ""meas_id"": 5, ""hum"": 34.89646, ""gas_res"": 25000.0}, {""temp"": 21.15063, ""step"": 8, ""status"": 1, ""pres"": 967.693, ""meas_profile"": ""HP-4"", ""meas_id"": 4, ""hum"": 34.39976, ""gas_res"": 25000.0}, {""temp"": 21.32085, ""step"": 8, ""status"": 1, ""pres"": 967.2665, ""meas_profile"": ""HP-3"", ""meas_id"": 3, ""hum"": 34.88537, ""gas_res"": 7274.38}, {""temp"": 21.21928, ""step"": 8, ""status"": 1, ""pres"": 967.3954, ""meas_profile"": ""HP-2"", ""meas_id"": 2, ""hum"": 35.12758, ""gas_res"": 9122.007}, {""temp"": 20.98987, ""step"": 8, ""status"": 1, ""pres"": 967.5923, ""meas_profile"": ""HP-1"", ""meas_id"": 1, ""hum"": 33.71302, ""gas_res"": 7104.796}]}",NULL,"2025-10-27 09:24:36.400257"
11507,"04a600b9b0b8","2025-10-27 09:23:41","JVSf6mjNFBH1VWRD0Z17","{""bme688"": [{""temp"": 21.49344, ""step"": 7, ""status"": 1, ""pres"": 967.5491, ""meas_profile"": ""HP-8"", ""meas_id"": 8, ""hum"": 34.95103, ""gas_res"": 5684.846}, {""temp"": 21.45652, ""step"": 7, ""status"": 1, ""pres"": 967.6794, ""meas_profile"": ""HP-7"", ""meas_id"": 7, ""hum"": 34.84875, ""gas_res"": 5684.846}, {""temp"": 21.53514, ""step"": 7, ""status"": 1, ""pres"": 967.818, ""meas_profile"": ""HP-6"", ""meas_id"": 6, ""hum"": 34.72143, ""gas_res"": 7584.736}, {""temp"": 21.41953, ""step"": 7, ""status"": 1, ""pres"": 967.5198, ""meas_profile"": ""HP-5"", ""meas_id"": 5, ""hum"": 34.91335, ""gas_res"": 25000.0}, {""temp"": 21.14876, ""step"": 7, ""status"": 1, ""pres"": 967.6948, ""meas_profile"": ""HP-4"", ""meas_id"": 4, ""hum"": 34.39384, ""gas_res"": 25000.0}, {""temp"": 21.31899, ""step"": 7, ""status"": 1, ""pres"": 967.2668, ""meas_profile"": ""HP-3"", ""meas_id"": 3, ""hum"": 34.8852, ""gas_res"": 7039.155}, {""temp"": 21.21711, ""step"": 7, ""status"": 1, ""pres"": 967.3953, ""meas_profile"": ""HP-2"", ""meas_id"": 2, ""hum"": 35.10464, ""gas_res"": 8805.724}, {""temp"": 20.988, ""step"": 7, ""status"": 1, ""pres"": 967.593, ""meas_profile"": ""HP-1"", ""meas_id"": 1, ""hum"": 33.71869, ""gas_res"": 6849.315}]}",NULL,"2025-10-27 09:24:37.671987"
11508,"04a600b9b0b8","2025-10-27 09:23:41","JVSf6mjNFBH1VWRD0Z17","{""bme688"": [{""temp"": 21.4919, ""step"": 6, ""status"": 1, ""pres"": 967.5485, ""meas_profile"": ""HP-8"", ""meas_id"": 8, ""hum"": 34.96807, ""gas_res"": 6240.25}, {""temp"": 21.45465, ""step"": 6, ""status"": 1, ""pres"": 967.6796, ""meas_profile"": ""HP-7"", ""meas_id"": 7, ""hum"": 34.85423, ""gas_res"": 8606.778}, {""temp"": 21.53329, ""step"": 6, ""status"": 1, ""pres"": 967.8185, ""meas_profile"": ""HP-6"", ""meas_id"": 6, ""hum"": 34.69253, ""gas_res"": 25078.37}, {""temp"": 21.41766, ""step"": 6, ""status"": 1, ""pres"": 967.5184, ""meas_profile"": ""HP-5"", ""meas_id"": 5, ""hum"": 34.89046, ""gas_res"": 123195.4}, {""temp"": 21.1469, ""step"": 6, ""status"": 1, ""pres"": 967.695, ""meas_profile"": ""HP-4"", ""meas_id"": 4, ""hum"": 34.38218, ""gas_res"": 177531.2}, {""temp"": 21.31714, ""step"": 6, ""status"": 1, ""pres"": 967.2654, ""meas_profile"": ""HP-3"", ""meas_id"": 3, ""hum"": 34.89078, ""gas_res"": 100000.0}, {""temp"": 21.21524, ""step"": 6, ""status"": 1, ""pres"": 967.3956, ""meas_profile"": ""HP-2"", ""meas_id"": 2, ""hum"": 35.12152, ""gas_res"": 137265.4}, {""temp"": 20.98582, ""step"": 6, ""status"": 1, ""pres"": 967.5932, ""meas_profile"": ""HP-1"", ""meas_id"": 1, ""hum"": 33.72433, ""gas_res"": 109942.0}]}",NULL,"2025-10-27 09:24:39.036819"
11509,"04a600b9b0b8","2025-10-27 09:23:41","JVSf6mjNFBH1VWRD0Z17","{""bme688"": [{""temp"": 21.49005, ""step"": 5, ""status"": 1, ""pres"": 967.5489, ""meas_profile"": ""HP-8"", ""meas_id"": 8, ""hum"": 34.94498, ""gas_res"": 6168.08}, {""temp"": 21.4531, ""step"": 5, ""status"": 1, ""pres"": 967.6804, ""meas_profile"": ""HP-7"", ""meas_id"": 7, ""hum"": 34.84276, ""gas_res"": 8390.142}, {""temp"": 21.53143, ""step"": 5, ""status"": 1, ""pres"": 967.8172, ""meas_profile"": ""HP-6"", ""meas_id"": 6, ""hum"": 34.6981, ""gas_res"": 24530.47}, {""temp"": 21.41578, ""step"": 5, ""status"": 1, ""pres"": 967.5187, ""meas_profile"": ""HP-5"", ""meas_id"": 5, ""hum"": 34.90164, ""gas_res"": 121701.9}, {""temp"": 21.14504, ""step"": 5, ""status"": 1, ""pres"": 967.6953, ""meas_profile"": ""HP-4"", ""meas_id"": 4, ""hum"": 34.3935, ""gas_res"": 179397.3}, {""temp"": 21.31528, ""step"": 5, ""status"": 1, ""pres"": 967.2659, ""meas_profile"": ""HP-3"", ""meas_id"": 3, ""hum"": 34.89636, ""gas_res"": 100000.0}, {""temp"": 21.21307, ""step"": 5, ""status"": 1, ""pres"": 967.3953, ""meas_profile"": ""HP-2"", ""meas_id"": 2, ""hum"": 35.12132, ""gas_res"": 134878.8}, {""temp"": 20.98333, ""step"": 5, ""status"": 1, ""pres"": 967.593, ""meas_profile"": ""HP-1"", ""meas_id"": 1, ""hum"": 33.72411, ""gas_res"": 106444.9}]}",NULL,"2025-10-27 09:24:40.235762"
11510,"04a600b9b0b8","2025-10-27 09:23:41","JVSf6mjNFBH1VWRD0Z17","{""bme688"": [{""temp"": 21.48851, ""step"": 4, ""status"": 1, ""pres"": 967.55, ""meas_profile"": ""HP-8"", ""meas_id"": 8, ""hum"": 34.9563, ""gas_res"": 6052.582}, {""temp"": 21.45124, ""step"": 4, ""status"": 1, ""pres"": 967.6791, ""meas_profile"": ""HP-7"", ""meas_id"": 7, ""hum"": 34.84259, ""gas_res"": 8324.662}, {""temp"": 21.52958, ""step"": 4, ""status"": 1, ""pres"": 967.8159, ""meas_profile"": ""HP-6"", ""meas_id"": 6, ""hum"": 34.70367, ""gas_res"": 23965.55}, {""temp"": 21.4139, ""step"": 4, ""status"": 1, ""pres"": 967.5172, ""meas_profile"": ""HP-5"", ""meas_id"": 5, ""hum"": 34.92418, ""gas_res"": 120840.2}, {""temp"": 21.14317, ""step"": 4, ""status"": 1, ""pres"": 967.6956, ""meas_profile"": ""HP-4"", ""meas_id"": 4, ""hum"": 34.39332, ""gas_res"": 183446.8}, {""temp"": 21.31343, ""step"": 4, ""status"": 1, ""pres"": 967.2662, ""meas_profile"": ""HP-3"", ""meas_id"": 3, ""hum"": 34.89618, ""gas_res"": 100000.0}, {""temp"": 21.21121, ""step"": 4, ""status"": 1, ""pres"": 967.3958, ""meas_profile"": ""HP-2"", ""meas_id"": 2, ""hum"": 35.15525, ""gas_res"": 132573.8}, {""temp"": 20.98115, ""step"": 4, ""status"": 1, ""pres"": 967.5933, ""meas_profile"": ""HP-1"", ""meas_id"": 1, ""hum"": 33.72975, ""gas_res"": 104107.4}]}",NULL,"2025-10-27 09:24:41.505323"
11511,"04a600b9b0b8","2025-10-27 09:23:41","JVSf6mjNFBH1VWRD0Z17","{""bme688"": [{""temp"": 21.48634, ""step"": 3, ""status"": 0, ""pres"": 967.5502, ""meas_profile"": ""HP-8"", ""meas_id"": 8, ""hum"": 34.99049, ""gas_res"": 5684.846}, {""temp"": 21.44938, ""step"": 3, ""status"": 0, ""pres"": 967.6793, ""meas_profile"": ""HP-7"", ""meas_id"": 7, ""hum"": 34.86508, ""gas_res"": 5684.846}, {""temp"": 21.52773, ""step"": 3, ""status"": 0, ""pres"": 967.8164, ""meas_profile"": ""HP-6"", ""meas_id"": 6, ""hum"": 34.72074, ""gas_res"": 12856.57}, {""temp"": 21.41203, ""step"": 3, ""status"": 0, ""pres"": 967.5174, ""meas_profile"": ""HP-5"", ""meas_id"": 5, ""hum"": 34.91833, ""gas_res"": 37580.74}, {""temp"": 21.14069, ""step"": 3, ""status"": 0, ""pres"": 967.6949, ""meas_profile"": ""HP-4"", ""meas_id"": 4, ""hum"": 34.43332, ""gas_res"": 53455.84}, {""temp"": 21.31126, ""step"": 3, ""status"": 0, ""pres"": 967.266, ""meas_profile"": ""HP-3"", ""meas_id"": 3, ""hum"": 34.90173, ""gas_res"": 32661.39}, {""temp"": 21.20872, ""step"": 3, ""status"": 0, ""pres"": 967.3967, ""meas_profile"": ""HP-2"", ""meas_id"": 2, ""hum"": 35.13797, ""gas_res"": 49747.38}, {""temp"": 20.97866, ""step"": 3, ""status"": 0, ""pres"": 967.5931, ""meas_profile"": ""HP-1"", ""meas_id"": 1, ""hum"": 33.7412, ""gas_res"": 33719.7}]}",NULL,"2025-10-27 09:24:42.78496"
11512,"04a600b9b0b8","2025-10-27 09:23:41","JVSf6mjNFBH1VWRD0Z17","{""bme688"": [{""temp"": 21.4848, ""step"": 2, ""status"": 1, ""pres"": 967.5496, ""meas_profile"": ""HP-8"", ""meas_id"": 8, ""hum"": 34.97314, ""gas_res"": 7525.87}, {""temp"": 21.44751, ""step"": 2, ""status"": 1, ""pres"": 967.6795, ""meas_profile"": ""HP-7"", ""meas_id"": 7, ""hum"": 34.87057, ""gas_res"": 10495.24}, {""temp"": 21.52619, ""step"": 2, ""status"": 1, ""pres"": 967.8156, ""meas_profile"": ""HP-6"", ""meas_id"": 6, ""hum"": 34.73208, ""gas_res"": 33853.48}, {""temp"": 21.41015, ""step"": 2, ""status"": 1, ""pres"": 967.5178, ""meas_profile"": ""HP-5"", ""meas_id"": 5, ""hum"": 34.94656, ""gas_res"": 116073.5}, {""temp"": 21.13852, ""step"": 2, ""status"": 1, ""pres"": 967.6962, ""meas_profile"": ""HP-4"", ""meas_id"": 4, ""hum"": 34.42162, ""gas_res"": 247642.1}, {""temp"": 21.3091, ""step"": 2, ""status"": 1, ""pres"": 967.2658, ""meas_profile"": ""HP-3"", ""meas_id"": 3, ""hum"": 34.92453, ""gas_res"": 122312.5}, {""temp"": 21.20655, ""step"": 2, ""status"": 1, ""pres"": 967.3965, ""meas_profile"": ""HP-2"", ""meas_id"": 2, ""hum"": 35.14914, ""gas_res"": 213957.4}, {""temp"": 20.97648, ""step"": 2, ""status"": 1, ""pres"": 967.5934, ""meas_profile"": ""HP-1"", ""meas_id"": 1, ""hum"": 33.741, ""gas_res"": 162798.1}]}",NULL,"2025-10-27 09:24:44.161272"
11513,"04a600b9b0b8","2025-10-27 09:23:41","JVSf6mjNFBH1VWRD0Z17","{""bme688"": [{""temp"": 21.48294, ""step"": 1, ""status"": 1, ""pres"": 967.5502, ""meas_profile"": ""HP-8"", ""meas_id"": 8, ""hum"": 34.99017, ""gas_res"": 5684.846}, {""temp"": 21.44596, ""step"": 1, ""status"": 1, ""pres"": 967.6786, ""meas_profile"": ""HP-7"", ""meas_id"": 7, ""hum"": 34.88176, ""gas_res"": 6566.797}, {""temp"": 21.52433, ""step"": 1, ""status"": 1, ""pres"": 967.8162, ""meas_profile"": ""HP-6"", ""meas_id"": 6, ""hum"": 34.73766, ""gas_res"": 20545.75}, {""temp"": 21.40859, ""step"": 1, ""status"": 1, ""pres"": 967.5187, ""meas_profile"": ""HP-5"", ""meas_id"": 5, ""hum"": 34.94073, ""gas_res"": 35049.29}, {""temp"": 21.13665, ""step"": 1, ""status"": 1, ""pres"": 967.6965, ""meas_profile"": ""HP-4"", ""meas_id"": 4, ""hum"": 34.4157, ""gas_res"": 100000.0}, {""temp"": 21.30724, ""step"": 1, ""status"": 1, ""pres"": 967.2662, ""meas_profile"": ""HP-3"", ""meas_id"": 3, ""hum"": 34.91861, ""gas_res"": 30534.35}, {""temp"": 21.20469, ""step"": 1, ""status"": 1, ""pres"": 967.3968, ""meas_profile"": ""HP-2"", ""meas_id"": 2, ""hum"": 35.14327, ""gas_res"": 42272.13}, {""temp"": 20.97462, ""step"": 1, ""status"": 1, ""pres"": 967.5941, ""meas_profile"": ""HP-1"", ""meas_id"": 1, ""hum"": 33.75836, ""gas_res"": 32413.27}]}",NULL,"2025-10-27 09:24:45.342829"
11514,"04a600b9b0b8","2025-10-27 09:23:41","JVSf6mjNFBH1VWRD0Z17","{""bme688"": [{""temp"": 21.48078, ""step"": 0, ""status"": 1, ""pres"": 967.5486, ""meas_profile"": ""HP-8"", ""meas_id"": 8, ""hum"": 34.9957, ""gas_res"": 5684.846}, {""temp"": 21.44379, ""step"": 0, ""status"": 1, ""pres"": 967.6767, ""meas_profile"": ""HP-7"", ""meas_id"": 7, ""hum"": 34.87589, ""gas_res"": 5684.846}, {""temp"": 21.52248, ""step"": 0, ""status"": 1, ""pres"": 967.8148, ""meas_profile"": ""HP-6"", ""meas_id"": 6, ""hum"": 34.73748, ""gas_res"": 7683.073}, {""temp"": 21.40734, ""step"": 0, ""status"": 1, ""pres"": 967.5182, ""meas_profile"": ""HP-5"", ""meas_id"": 5, ""hum"": 34.94061, ""gas_res"": 25000.0}, {""temp"": 21.13479, ""step"": 0, ""status"": 1, ""pres"": 967.6968, ""meas_profile"": ""HP-4"", ""meas_id"": 4, ""hum"": 34.44427, ""gas_res"": 25000.0}, {""temp"": 21.30539, ""step"": 0, ""status"": 1, ""pres"": 967.2665, ""meas_profile"": ""HP-3"", ""meas_id"": 3, ""hum"": 34.92419, ""gas_res"": 6929.407}, {""temp"": 21.20282, ""step"": 0, ""status"": 1, ""pres"": 967.3971, ""meas_profile"": ""HP-2"", ""meas_id"": 2, ""hum"": 35.15447, ""gas_res"": 8627.662}, {""temp"": 20.97244, ""step"": 0, ""status"": 1, ""pres"": 967.5961, ""meas_profile"": ""HP-1"", ""meas_id"": 1, ""hum"": 33.75232, ""gas_res"": 6640.382}]}",NULL,"2025-10-27 09:24:46.623343"
11515,"04a600b9b0b8","2025-10-27 09:23:14","JVSf6mjNFBH1VWRD0Z17","{""zphs01b"": {""voc"": 0, ""temp"": 19.4, ""pm2_5"": 0, ""pm1_0"": 0, ""pm10"": 335, ""o3"": 0.02, ""no2"": 9.03, ""hum"": 0, ""fmhd"": 0, ""co2"": 5000, ""co"": 0.0}, ""smell_b"": {}, ""sfa30"": {""temp"": 21.62, ""hum"": 35.56, ""fmhd"": 1.8}, ""sen5x"": {""voc"": 90.0, ""temp"": 21.465, ""pm4_0"": 4388.3, ""pm2_5"": 4388.3, ""pm1_0"": 4184.5, ""pm10"": 4388.3, ""nox"": 1.0, ""mass_c"": 4337.35, ""hum"": 41.18}, ""scd41"": {""temp"": 21.32296, ""hum"": 38.42985, ""co2"": 607}, ""power_source"": 0, ""mics6814"": {""red_res"": 0, ""no2_res"": 0, ""no2"": 0.17, ""nh3_res"": 0, ""nh3"": 0.73, ""co_res"": 0, ""co"": 44.0}}",NULL,"2025-10-27 09:24:47.802402"
11516,"04a600b9b0b8","2025-10-27 09:23:14","JVSf6mjNFBH1VWRD0Z17","{""bme688"": [{""temp"": 21.47893, ""step"": 9, ""status"": 1, ""pres"": 967.5492, ""meas_profile"": ""HP-8"", ""meas_id"": 8, ""hum"": 35.01846, ""gas_res"": 5684.846}, {""temp"": 21.44192, ""step"": 9, ""status"": 1, ""pres"": 967.677, ""meas_profile"": ""HP-7"", ""meas_id"": 7, ""hum"": 34.88705, ""gas_res"": 5684.846}, {""temp"": 21.52094, ""step"": 9, ""status"": 1, ""pres"": 967.8159, ""meas_profile"": ""HP-6"", ""meas_id"": 6, ""hum"": 34.7201, ""gas_res"": 6644.518}, {""temp"": 21.40546, ""step"": 9, ""status"": 1, ""pres"": 967.5185, ""meas_profile"": ""HP-5"", ""meas_id"": 5, ""hum"": 34.95179, ""gas_res"": 25000.0}, {""temp"": 21.13261, ""step"": 9, ""status"": 1, ""pres"": 967.6967, ""meas_profile"": ""HP-4"", ""meas_id"": 4, ""hum"": 34.43257, ""gas_res"": 25000.0}, {""temp"": 21.30353, ""step"": 9, ""status"": 1, ""pres"": 967.267, ""meas_profile"": ""HP-3"", ""meas_id"": 3, ""hum"": 34.91826, ""gas_res"": 7109.531}, {""temp"": 21.20065, ""step"": 9, ""status"": 1, ""pres"": 967.3968, ""meas_profile"": ""HP-2"", ""meas_id"": 2, ""hum"": 35.15427, ""gas_res"": 8000.0}, {""temp"": 20.97057, ""step"": 9, ""status"": 1, ""pres"": 967.597, ""meas_profile"": ""HP-1"", ""meas_id"": 1, ""hum"": 33.75799, ""gas_res"": 6222.049}]}",NULL,"2025-10-27 09:24:49.313989"
11517,"04a600b9b0b8","2025-10-27 09:23:14","JVSf6mjNFBH1VWRD0Z17","{""bme688"": [{""temp"": 21.47677, ""step"": 8, ""status"": 1, ""pres"": 967.5493, ""meas_profile"": ""HP-8"", ""meas_id"": 8, ""hum"": 34.99532, ""gas_res"": 5684.846}, {""temp"": 21.44006, ""step"": 8, ""status"": 1, ""pres"": 967.6774, ""meas_profile"": ""HP-7"", ""meas_id"": 7, ""hum"": 34.88121, ""gas_res"": 5684.846}, {""temp"": 21.51908, ""step"": 8, ""status"": 1, ""pres"": 967.8146, ""meas_profile"": ""HP-6"", ""meas_id"": 6, ""hum"": 34.72568, ""gas_res"": 7011.394}, {""temp"": 21.4039, ""step"": 8, ""status"": 1, ""pres"": 967.5178, ""meas_profile"": ""HP-5"", ""meas_id"": 5, ""hum"": 34.94597, ""gas_res"": 25000.0}, {""temp"": 21.13075, ""step"": 8, ""status"": 1, ""pres"": 967.6969, ""meas_profile"": ""HP-4"", ""meas_id"": 4, ""hum"": 34.44389, ""gas_res"": 25000.0}, {""temp"": 21.30137, ""step"": 8, ""status"": 1, ""pres"": 967.2668, ""meas_profile"": ""HP-3"", ""meas_id"": 3, ""hum"": 34.92957, ""gas_res"": 6432.161}, {""temp"": 21.19879, ""step"": 8, ""status"": 1, ""pres"": 967.3972, ""meas_profile"": ""HP-2"", ""meas_id"": 2, ""hum"": 35.16547, ""gas_res"": 7916.873}, {""temp"": 20.9684, ""step"": 8, ""status"": 1, ""pres"": 967.5971, ""meas_profile"": ""HP-1"", ""meas_id"": 1, ""hum"": 33.76948, ""gas_res"": 6211.18}]}",NULL,"2025-10-27 09:24:50.466894"
11540,"04a600b9b0b8","2025-10-27 09:23:41","JVSf6mjNFBH1VWRD0Z17","{""zphs01b"": {""voc"": 0, ""temp"": 19.5, ""pm2_5"": 0, ""pm1_0"": 0, ""pm10"": 332, ""o3"": 0.02, ""no2"": 10.0, ""hum"": 0, ""fmhd"": 0, ""co2"": 5000, ""co"": 0.0}, ""smell_b"": {}, ""sfa30"": {""temp"": 21.645, ""hum"": 35.52, ""fmhd"": 1.8}, ""sen5x"": {""voc"": 93.0, ""temp"": 21.455, ""pm4_0"": 4441.7, ""pm2_5"": 4441.7, ""pm1_0"": 4235.4, ""pm10"": 4441.7, ""nox"": 1.0, ""mass_c"": 4390.125, ""hum"": 41.23}, ""scd41"": {""temp"": 21.38705, ""hum"": 38.41306, ""co2"": 609}, ""power_source"": 0, ""mics6814"": {""red_res"": 0, ""no2_res"": 0, ""no2"": 0.17, ""nh3_res"": 0, ""nh3"": 0.73, ""co_res"": 0, ""co"": 44.0}}",NULL,"2025-10-27 09:32:31.174214"
11541,"04a600b9b0b8","2025-10-27 09:23:41","JVSf6mjNFBH1VWRD0Z17","{""bme688"": [{""temp"": 21.49746, ""step"": 9, ""status"": 1, ""pres"": 967.55, ""meas_profile"": ""HP-8"", ""meas_id"": 8, ""hum"": 34.94567, ""gas_res"": 5684.846}, {""temp"": 21.46025, ""step"": 9, ""status"": 1, ""pres"": 967.6804, ""meas_profile"": ""HP-7"", ""meas_id"": 7, ""hum"": 34.83776, ""gas_res"": 5684.846}, {""temp"": 21.53853, ""step"": 9, ""status"": 1, ""pres"": 967.8199, ""meas_profile"": ""HP-6"", ""meas_id"": 6, ""hum"": 34.70451, ""gas_res"": 7067.138}, {""temp"": 21.42266, ""step"": 9, ""status"": 1, ""pres"": 967.5181, ""meas_profile"": ""HP-5"", ""meas_id"": 5, ""hum"": 34.87957, ""gas_res"": 25000.0}, {""temp"": 21.15249, ""step"": 9, ""status"": 1, ""pres"": 967.6926, ""meas_profile"": ""HP-4"", ""meas_id"": 4, ""hum"": 34.38269, ""gas_res"": 25000.0}, {""temp"": 21.32271, ""step"": 9, ""status"": 1, ""pres"": 967.2662, ""meas_profile"": ""HP-3"", ""meas_id"": 3, ""hum"": 34.88555, ""gas_res"": 7911.001}, {""temp"": 21.22114, ""step"": 9, ""status"": 1, ""pres"": 967.3951, ""meas_profile"": ""HP-2"", ""meas_id"": 2, ""hum"": 35.11639, ""gas_res"": 8820.287}, {""temp"": 20.99174, ""step"": 9, ""status"": 1, ""pres"": 967.5915, ""meas_profile"": ""HP-1"", ""meas_id"": 1, ""hum"": 33.71902, ""gas_res"": 6965.607}]}",NULL,"2025-10-27 09:32:32.579265"
11542,"04a600b9b0b8","2025-10-27 09:23:41","JVSf6mjNFBH1VWRD0Z17","{""bme688"": [{""temp"": 21.49561, ""step"": 8, ""status"": 1, ""pres"": 967.5488, ""meas_profile"": ""HP-8"", ""meas_id"": 8, ""hum"": 34.93404, ""gas_res"": 5684.846}, {""temp"": 21.45838, ""step"": 8, ""status"": 1, ""pres"": 967.6807, ""meas_profile"": ""HP-7"", ""meas_id"": 7, ""hum"": 34.84892, ""gas_res"": 5684.846}, {""temp"": 21.53699, ""step"": 8, ""status"": 1, ""pres"": 967.8192, ""meas_profile"": ""HP-6"", ""meas_id"": 6, ""hum"": 34.69862, ""gas_res"": 7525.87}, {""temp"": 21.4211, ""step"": 8, ""status"": 1, ""pres"": 967.5189, ""meas_profile"": ""HP-5"", ""meas_id"": 5, ""hum"": 34.89646, ""gas_res"": 25000.0}, {""temp"": 21.15063, ""step"": 8, ""status"": 1, ""pres"": 967.693, ""meas_profile"": ""HP-4"", ""meas_id"": 4, ""hum"": 34.39976, ""gas_res"": 25000.0}, {""temp"": 21.32085, ""step"": 8, ""status"": 1, ""pres"": 967.2665, ""meas_profile"": ""HP-3"", ""meas_id"": 3, ""hum"": 34.88537, ""gas_res"": 7274.38}, {""temp"": 21.21928, ""step"": 8, ""status"": 1, ""pres"": 967.3954, ""meas_profile"": ""HP-2"", ""meas_id"": 2, ""hum"": 35.12758, ""gas_res"": 9122.007}, {""temp"": 20.98987, ""step"": 8, ""status"": 1, ""pres"": 967.5923, ""meas_profile"": ""HP-1"", ""meas_id"": 1, ""hum"": 33.71302, ""gas_res"": 7104.796}]}",NULL,"2025-10-27 09:32:33.842447"
11543,"04a600b9b0b8","2025-10-27 09:23:41","JVSf6mjNFBH1VWRD0Z17","{""bme688"": [{""temp"": 21.49344, ""step"": 7, ""status"": 1, ""pres"": 967.5491, ""meas_profile"": ""HP-8"", ""meas_id"": 8, ""hum"": 34.95103, ""gas_res"": 5684.846}, {""temp"": 21.45652, ""step"": 7, ""status"": 1, ""pres"": 967.6794, ""meas_profile"": ""HP-7"", ""meas_id"": 7, ""hum"": 34.84875, ""gas_res"": 5684.846}, {""temp"": 21.53514, ""step"": 7, ""status"": 1, ""pres"": 967.818, ""meas_profile"": ""HP-6"", ""meas_id"": 6, ""hum"": 34.72143, ""gas_res"": 7584.736}, {""temp"": 21.41953, ""step"": 7, ""status"": 1, ""pres"": 967.5198, ""meas_profile"": ""HP-5"", ""meas_id"": 5, ""hum"": 34.91335, ""gas_res"": 25000.0}, {""temp"": 21.14876, ""step"": 7, ""status"": 1, ""pres"": 967.6948, ""meas_profile"": ""HP-4"", ""meas_id"": 4, ""hum"": 34.39384, ""gas_res"": 25000.0}, {""temp"": 21.31899, ""step"": 7, ""status"": 1, ""pres"": 967.2668, ""meas_profile"": ""HP-3"", ""meas_id"": 3, ""hum"": 34.8852, ""gas_res"": 7039.155}, {""temp"": 21.21711, ""step"": 7, ""status"": 1, ""pres"": 967.3953, ""meas_profile"": ""HP-2"", ""meas_id"": 2, ""hum"": 35.10464, ""gas_res"": 8805.724}, {""temp"": 20.988, ""step"": 7, ""status"": 1, ""pres"": 967.593, ""meas_profile"": ""HP-1"", ""meas_id"": 1, ""hum"": 33.71869, ""gas_res"": 6849.315}]}",NULL,"2025-10-27 09:32:35.204184"
11544,"04a600b9b0b8","2025-10-27 09:23:41","JVSf6mjNFBH1VWRD0Z17","{""bme688"": [{""temp"": 21.4919, ""step"": 6, ""status"": 1, ""pres"": 967.5485, ""meas_profile"": ""HP-8"", ""meas_id"": 8, ""hum"": 34.96807, ""gas_res"": 6240.25}, {""temp"": 21.45465, ""step"": 6, ""status"": 1, ""pres"": 967.6796, ""meas_profile"": ""HP-7"", ""meas_id"": 7, ""hum"": 34.85423, ""gas_res"": 8606.778}, {""temp"": 21.53329, ""step"": 6, ""status"": 1, ""pres"": 967.8185, ""meas_profile"": ""HP-6"", ""meas_id"": 6, ""hum"": 34.69253, ""gas_res"": 25078.37}, {""temp"": 21.41766, ""step"": 6, ""status"": 1, ""pres"": 967.5184, ""meas_profile"": ""HP-5"", ""meas_id"": 5, ""hum"": 34.89046, ""gas_res"": 123195.4}, {""temp"": 21.1469, ""step"": 6, ""status"": 1, ""pres"": 967.695, ""meas_profile"": ""HP-4"", ""meas_id"": 4, ""hum"": 34.38218, ""gas_res"": 177531.2}, {""temp"": 21.31714, ""step"": 6, ""status"": 1, ""pres"": 967.2654, ""meas_profile"": ""HP-3"", ""meas_id"": 3, ""hum"": 34.89078, ""gas_res"": 100000.0}, {""temp"": 21.21524, ""step"": 6, ""status"": 1, ""pres"": 967.3956, ""meas_profile"": ""HP-2"", ""meas_id"": 2, ""hum"": 35.12152, ""gas_res"": 137265.4}, {""temp"": 20.98582, ""step"": 6, ""status"": 1, ""pres"": 967.5932, ""meas_profile"": ""HP-1"", ""meas_id"": 1, ""hum"": 33.72433, ""gas_res"": 109942.0}]}",NULL,"2025-10-27 09:32:36.409606"
11545,"04a600b9b0b8","2025-10-27 09:23:41","JVSf6mjNFBH1VWRD0Z17","{""bme688"": [{""temp"": 21.49005, ""step"": 5, ""status"": 1, ""pres"": 967.5489, ""meas_profile"": ""HP-8"", ""meas_id"": 8, ""hum"": 34.94498, ""gas_res"": 6168.08}, {""temp"": 21.4531, ""step"": 5, ""status"": 1, ""pres"": 967.6804, ""meas_profile"": ""HP-7"", ""meas_id"": 7, ""hum"": 34.84276, ""gas_res"": 8390.142}, {""temp"": 21.53143, ""step"": 5, ""status"": 1, ""pres"": 967.8172, ""meas_profile"": ""HP-6"", ""meas_id"": 6, ""hum"": 34.6981, ""gas_res"": 24530.47}, {""temp"": 21.41578, ""step"": 5, ""status"": 1, ""pres"": 967.5187, ""meas_profile"": ""HP-5"", ""meas_id"": 5, ""hum"": 34.90164, ""gas_res"": 121701.9}, {""temp"": 21.14504, ""step"": 5, ""status"": 1, ""pres"": 967.6953, ""meas_profile"": ""HP-4"", ""meas_id"": 4, ""hum"": 34.3935, ""gas_res"": 179397.3}, {""temp"": 21.31528, ""step"": 5, ""status"": 1, ""pres"": 967.2659, ""meas_profile"": ""HP-3"", ""meas_id"": 3, ""hum"": 34.89636, ""gas_res"": 100000.0}, {""temp"": 21.21307, ""step"": 5, ""status"": 1, ""pres"": 967.3953, ""meas_profile"": ""HP-2"", ""meas_id"": 2, ""hum"": 35.12132, ""gas_res"": 134878.8}, {""temp"": 20.98333, ""step"": 5, ""status"": 1, ""pres"": 967.593, ""meas_profile"": ""HP-1"", ""meas_id"": 1, ""hum"": 33.72411, ""gas_res"": 106444.9}]}",NULL,"2025-10-27 09:32:37.688891"
11546,"04a600b9b0b8","2025-10-27 09:23:41","JVSf6mjNFBH1VWRD0Z17","{""bme688"": [{""temp"": 21.48851, ""step"": 4, ""status"": 1, ""pres"": 967.55, ""meas_profile"": ""HP-8"", ""meas_id"": 8, ""hum"": 34.9563, ""gas_res"": 6052.582}, {""temp"": 21.45124, ""step"": 4, ""status"": 1, ""pres"": 967.6791, ""meas_profile"": ""HP-7"", ""meas_id"": 7, ""hum"": 34.84259, ""gas_res"": 8324.662}, {""temp"": 21.52958, ""step"": 4, ""status"": 1, ""pres"": 967.8159, ""meas_profile"": ""HP-6"", ""meas_id"": 6, ""hum"": 34.70367, ""gas_res"": 23965.55}, {""temp"": 21.4139, ""step"": 4, ""status"": 1, ""pres"": 967.5172, ""meas_profile"": ""HP-5"", ""meas_id"": 5, ""hum"": 34.92418, ""gas_res"": 120840.2}, {""temp"": 21.14317, ""step"": 4, ""status"": 1, ""pres"": 967.6956, ""meas_profile"": ""HP-4"", ""meas_id"": 4, ""hum"": 34.39332, ""gas_res"": 183446.8}, {""temp"": 21.31343, ""step"": 4, ""status"": 1, ""pres"": 967.2662, ""meas_profile"": ""HP-3"", ""meas_id"": 3, ""hum"": 34.89618, ""gas_res"": 100000.0}, {""temp"": 21.21121, ""step"": 4, ""status"": 1, ""pres"": 967.3958, ""meas_profile"": ""HP-2"", ""meas_id"": 2, ""hum"": 35.15525, ""gas_res"": 132573.8}, {""temp"": 20.98115, ""step"": 4, ""status"": 1, ""pres"": 967.5933, ""meas_profile"": ""HP-1"", ""meas_id"": 1, ""hum"": 33.72975, ""gas_res"": 104107.4}]}",NULL,"2025-10-27 09:32:38.964951"
11547,"04a600b9b0b8","2025-10-27 09:23:41","JVSf6mjNFBH1VWRD0Z17","{""bme688"": [{""temp"": 21.48634, ""step"": 3, ""status"": 0, ""pres"": 967.5502, ""meas_profile"": ""HP-8"", ""meas_id"": 8, ""hum"": 34.99049, ""gas_res"": 5684.846}, {""temp"": 21.44938, ""step"": 3, ""status"": 0, ""pres"": 967.6793, ""meas_profile"": ""HP-7"", ""meas_id"": 7, ""hum"": 34.86508, ""gas_res"": 5684.846}, {""temp"": 21.52773, ""step"": 3, ""status"": 0, ""pres"": 967.8164, ""meas_profile"": ""HP-6"", ""meas_id"": 6, ""hum"": 34.72074, ""gas_res"": 12856.57}, {""temp"": 21.41203, ""step"": 3, ""status"": 0, ""pres"": 967.5174, ""meas_profile"": ""HP-5"", ""meas_id"": 5, ""hum"": 34.91833, ""gas_res"": 37580.74}, {""temp"": 21.14069, ""step"": 3, ""status"": 0, ""pres"": 967.6949, ""meas_profile"": ""HP-4"", ""meas_id"": 4, ""hum"": 34.43332, ""gas_res"": 53455.84}, {""temp"": 21.31126, ""step"": 3, ""status"": 0, ""pres"": 967.266, ""meas_profile"": ""HP-3"", ""meas_id"": 3, ""hum"": 34.90173, ""gas_res"": 32661.39}, {""temp"": 21.20872, ""step"": 3, ""status"": 0, ""pres"": 967.3967, ""meas_profile"": ""HP-2"", ""meas_id"": 2, ""hum"": 35.13797, ""gas_res"": 49747.38}, {""temp"": 20.97866, ""step"": 3, ""status"": 0, ""pres"": 967.5931, ""meas_profile"": ""HP-1"", ""meas_id"": 1, ""hum"": 33.7412, ""gas_res"": 33719.7}]}",NULL,"2025-10-27 09:32:40.346315"
11548,"04a600b9b0b8","2025-10-27 09:23:41","JVSf6mjNFBH1VWRD0Z17","{""bme688"": [{""temp"": 21.4848, ""step"": 2, ""status"": 1, ""pres"": 967.5496, ""meas_profile"": ""HP-8"", ""meas_id"": 8, ""hum"": 34.97314, ""gas_res"": 7525.87}, {""temp"": 21.44751, ""step"": 2, ""status"": 1, ""pres"": 967.6795, ""meas_profile"": ""HP-7"", ""meas_id"": 7, ""hum"": 34.87057, ""gas_res"": 10495.24}, {""temp"": 21.52619, ""step"": 2, ""status"": 1, ""pres"": 967.8156, ""meas_profile"": ""HP-6"", ""meas_id"": 6, ""hum"": 34.73208, ""gas_res"": 33853.48}, {""temp"": 21.41015, ""step"": 2, ""status"": 1, ""pres"": 967.5178, ""meas_profile"": ""HP-5"", ""meas_id"": 5, ""hum"": 34.94656, ""gas_res"": 116073.5}, {""temp"": 21.13852, ""step"": 2, ""status"": 1, ""pres"": 967.6962, ""meas_profile"": ""HP-4"", ""meas_id"": 4, ""hum"": 34.42162, ""gas_res"": 247642.1}, {""temp"": 21.3091, ""step"": 2, ""status"": 1, ""pres"": 967.2658, ""meas_profile"": ""HP-3"", ""meas_id"": 3, ""hum"": 34.92453, ""gas_res"": 122312.5}, {""temp"": 21.20655, ""step"": 2, ""status"": 1, ""pres"": 967.3965, ""meas_profile"": ""HP-2"", ""meas_id"": 2, ""hum"": 35.14914, ""gas_res"": 213957.4}, {""temp"": 20.97648, ""step"": 2, ""status"": 1, ""pres"": 967.5934, ""meas_profile"": ""HP-1"", ""meas_id"": 1, ""hum"": 33.741, ""gas_res"": 162798.1}]}",NULL,"2025-10-27 09:32:41.541116"
11549,"04a600b9b0b8","2025-10-27 09:23:41","JVSf6mjNFBH1VWRD0Z17","{""bme688"": [{""temp"": 21.48294, ""step"": 1, ""status"": 1, ""pres"": 967.5502, ""meas_profile"": ""HP-8"", ""meas_id"": 8, ""hum"": 34.99017, ""gas_res"": 5684.846}, {""temp"": 21.44596, ""step"": 1, ""status"": 1, ""pres"": 967.6786, ""meas_profile"": ""HP-7"", ""meas_id"": 7, ""hum"": 34.88176, ""gas_res"": 6566.797}, {""temp"": 21.52433, ""step"": 1, ""status"": 1, ""pres"": 967.8162, ""meas_profile"": ""HP-6"", ""meas_id"": 6, ""hum"": 34.73766, ""gas_res"": 20545.75}, {""temp"": 21.40859, ""step"": 1, ""status"": 1, ""pres"": 967.5187, ""meas_profile"": ""HP-5"", ""meas_id"": 5, ""hum"": 34.94073, ""gas_res"": 35049.29}, {""temp"": 21.13665, ""step"": 1, ""status"": 1, ""pres"": 967.6965, ""meas_profile"": ""HP-4"", ""meas_id"": 4, ""hum"": 34.4157, ""gas_res"": 100000.0}, {""temp"": 21.30724, ""step"": 1, ""status"": 1, ""pres"": 967.2662, ""meas_profile"": ""HP-3"", ""meas_id"": 3, ""hum"": 34.91861, ""gas_res"": 30534.35}, {""temp"": 21.20469, ""step"": 1, ""status"": 1, ""pres"": 967.3968, ""meas_profile"": ""HP-2"", ""meas_id"": 2, ""hum"": 35.14327, ""gas_res"": 42272.13}, {""temp"": 20.97462, ""step"": 1, ""status"": 1, ""pres"": 967.5941, ""meas_profile"": ""HP-1"", ""meas_id"": 1, ""hum"": 33.75836, ""gas_res"": 32413.27}]}",NULL,"2025-10-27 09:32:42.811413"
11550,"04a600b9b0b8","2025-10-27 09:23:41","JVSf6mjNFBH1VWRD0Z17","{""bme688"": [{""temp"": 21.48078, ""step"": 0, ""status"": 1, ""pres"": 967.5486, ""meas_profile"": ""HP-8"", ""meas_id"": 8, ""hum"": 34.9957, ""gas_res"": 5684.846}, {""temp"": 21.44379, ""step"": 0, ""status"": 1, ""pres"": 967.6767, ""meas_profile"": ""HP-7"", ""meas_id"": 7, ""hum"": 34.87589, ""gas_res"": 5684.846}, {""temp"": 21.52248, ""step"": 0, ""status"": 1, ""pres"": 967.8148, ""meas_profile"": ""HP-6"", ""meas_id"": 6, ""hum"": 34.73748, ""gas_res"": 7683.073}, {""temp"": 21.40734, ""step"": 0, ""status"": 1, ""pres"": 967.5182, ""meas_profile"": ""HP-5"", ""meas_id"": 5, ""hum"": 34.94061, ""gas_res"": 25000.0}, {""temp"": 21.13479, ""step"": 0, ""status"": 1, ""pres"": 967.6968, ""meas_profile"": ""HP-4"", ""meas_id"": 4, ""hum"": 34.44427, ""gas_res"": 25000.0}, {""temp"": 21.30539, ""step"": 0, ""status"": 1, ""pres"": 967.2665, ""meas_profile"": ""HP-3"", ""meas_id"": 3, ""hum"": 34.92419, ""gas_res"": 6929.407}, {""temp"": 21.20282, ""step"": 0, ""status"": 1, ""pres"": 967.3971, ""meas_profile"": ""HP-2"", ""meas_id"": 2, ""hum"": 35.15447, ""gas_res"": 8627.662}, {""temp"": 20.97244, ""step"": 0, ""status"": 1, ""pres"": 967.5961, ""meas_profile"": ""HP-1"", ""meas_id"": 1, ""hum"": 33.75232, ""gas_res"": 6640.382}]}",NULL,"2025-10-27 09:32:44.079542"
11551,"04a600b9b0b8","2025-10-27 09:23:14","JVSf6mjNFBH1VWRD0Z17","{""zphs01b"": {""voc"": 0, ""temp"": 19.4, ""pm2_5"": 0, ""pm1_0"": 0, ""pm10"": 335, ""o3"": 0.02, ""no2"": 9.03, ""hum"": 0, ""fmhd"": 0, ""co2"": 5000, ""co"": 0.0}, ""smell_b"": {}, ""sfa30"": {""temp"": 21.62, ""hum"": 35.56, ""fmhd"": 1.8}, ""sen5x"": {""voc"": 90.0, ""temp"": 21.465, ""pm4_0"": 4388.3, ""pm2_5"": 4388.3, ""pm1_0"": 4184.5, ""pm10"": 4388.3, ""nox"": 1.0, ""mass_c"": 4337.35, ""hum"": 41.18}, ""scd41"": {""temp"": 21.32296, ""hum"": 38.42985, ""co2"": 607}, ""power_source"": 0, ""mics6814"": {""red_res"": 0, ""no2_res"": 0, ""no2"": 0.17, ""nh3_res"": 0, ""nh3"": 0.73, ""co_res"": 0, ""co"": 44.0}}",NULL,"2025-10-27 09:32:45.343911"
11552,"04a600b9b0b8","2025-10-27 09:23:14","JVSf6mjNFBH1VWRD0Z17","{""bme688"": [{""temp"": 21.47893, ""step"": 9, ""status"": 1, ""pres"": 967.5492, ""meas_profile"": ""HP-8"", ""meas_id"": 8, ""hum"": 35.01846, ""gas_res"": 5684.846}, {""temp"": 21.44192, ""step"": 9, ""status"": 1, ""pres"": 967.677, ""meas_profile"": ""HP-7"", ""meas_id"": 7, ""hum"": 34.88705, ""gas_res"": 5684.846}, {""temp"": 21.52094, ""step"": 9, ""status"": 1, ""pres"": 967.8159, ""meas_profile"": ""HP-6"", ""meas_id"": 6, ""hum"": 34.7201, ""gas_res"": 6644.518}, {""temp"": 21.40546, ""step"": 9, ""status"": 1, ""pres"": 967.5185, ""meas_profile"": ""HP-5"", ""meas_id"": 5, ""hum"": 34.95179, ""gas_res"": 25000.0}, {""temp"": 21.13261, ""step"": 9, ""status"": 1, ""pres"": 967.6967, ""meas_profile"": ""HP-4"", ""meas_id"": 4, ""hum"": 34.43257, ""gas_res"": 25000.0}, {""temp"": 21.30353, ""step"": 9, ""status"": 1, ""pres"": 967.267, ""meas_profile"": ""HP-3"", ""meas_id"": 3, ""hum"": 34.91826, ""gas_res"": 7109.531}, {""temp"": 21.20065, ""step"": 9, ""status"": 1, ""pres"": 967.3968, ""meas_profile"": ""HP-2"", ""meas_id"": 2, ""hum"": 35.15427, ""gas_res"": 8000.0}, {""temp"": 20.97057, ""step"": 9, ""status"": 1, ""pres"": 967.597, ""meas_profile"": ""HP-1"", ""meas_id"": 1, ""hum"": 33.75799, ""gas_res"": 6222.049}]}",NULL,"2025-10-27 09:32:46.632957"
11553,"04a600b9b0b8","2025-10-27 09:23:14","JVSf6mjNFBH1VWRD0Z17","{""bme688"": [{""temp"": 21.47677, ""step"": 8, ""status"": 1, ""pres"": 967.5493, ""meas_profile"": ""HP-8"", ""meas_id"": 8, ""hum"": 34.99532, ""gas_res"": 5684.846}, {""temp"": 21.44006, ""step"": 8, ""status"": 1, ""pres"": 967.6774, ""meas_profile"": ""HP-7"", ""meas_id"": 7, ""hum"": 34.88121, ""gas_res"": 5684.846}, {""temp"": 21.51908, ""step"": 8, ""status"": 1, ""pres"": 967.8146, ""meas_profile"": ""HP-6"", ""meas_id"": 6, ""hum"": 34.72568, ""gas_res"": 7011.394}, {""temp"": 21.4039, ""step"": 8, ""status"": 1, ""pres"": 967.5178, ""meas_profile"": ""HP-5"", ""meas_id"": 5, ""hum"": 34.94597, ""gas_res"": 25000.0}, {""temp"": 21.13075, ""step"": 8, ""status"": 1, ""pres"": 967.6969, ""meas_profile"": ""HP-4"", ""meas_id"": 4, ""hum"": 34.44389, ""gas_res"": 25000.0}, {""temp"": 21.30137, ""step"": 8, ""status"": 1, ""pres"": 967.2668, ""meas_profile"": ""HP-3"", ""meas_id"": 3, ""hum"": 34.92957, ""gas_res"": 6432.161}, {""temp"": 21.19879, ""step"": 8, ""status"": 1, ""pres"": 967.3972, ""meas_profile"": ""HP-2"", ""meas_id"": 2, ""hum"": 35.16547, ""gas_res"": 7916.873}, {""temp"": 20.9684, ""step"": 8, ""status"": 1, ""pres"": 967.5971, ""meas_profile"": ""HP-1"", ""meas_id"": 1, ""hum"": 33.76948, ""gas_res"": 6211.18}]}",NULL,"2025-10-27 09:32:47.91683"
11554,"04a600b9b0b8","2025-10-27 09:23:14","JVSf6mjNFBH1VWRD0Z17","{""bme688"": [{""temp"": 21.47491, ""step"": 7, ""status"": 1, ""pres"": 967.5482, ""meas_profile"": ""HP-8"", ""meas_id"": 8, ""hum"": 34.98941, ""gas_res"": 5684.846}, {""temp"": 21.43789, ""step"": 7, ""status"": 1, ""pres"": 967.6754, ""meas_profile"": ""HP-7"", ""meas_id"": 7, ""hum"": 34.88667, ""gas_res"": 5684.846}, {""temp"": 21.51723, ""step"": 7, ""status"": 1, ""pres"": 967.8152, ""meas_profile"": ""HP-6"", ""meas_id"": 6, ""hum"": 34.75998, ""gas_res"": 7259.528}, {""temp"": 21.40233, ""step"": 7, ""status"": 1, ""pres"": 967.5184, ""meas_profile"": ""HP-5"", ""meas_id"": 5, ""hum"": 34.95718, ""gas_res"": 25000.0}, {""temp"": 21.12889, ""step"": 7, ""status"": 1, ""pres"": 967.6972, ""meas_profile"": ""HP-4"", ""meas_id"": 4, ""hum"": 34.44373, ""gas_res"": 25000.0}, {""temp"": 21.2992, ""step"": 7, ""status"": 1, ""pres"": 967.2665, ""meas_profile"": ""HP-3"", ""meas_id"": 3, ""hum"": 34.92936, ""gas_res"": 6175.222}, {""temp"": 21.19661, ""step"": 7, ""status"": 1, ""pres"": 967.3971, ""meas_profile"": ""HP-2"", ""meas_id"": 2, ""hum"": 35.1482, ""gas_res"": 7761.339}, {""temp"": 20.96622, ""step"": 7, ""status"": 1, ""pres"": 967.5974, ""meas_profile"": ""HP-1"", ""meas_id"": 1, ""hum"": 33.76928, ""gas_res"": 6139.678}]}",NULL,"2025-10-27 09:32:49.210928"
11555,"04a600b9b0b8","2025-10-27 09:23:14","JVSf6mjNFBH1VWRD0Z17","{""bme688"": [{""temp"": 21.47306, ""step"": 6, ""status"": 1, ""pres"": 967.5486, ""meas_profile"": ""HP-8"", ""meas_id"": 8, ""hum"": 34.99497, ""gas_res"": 6143.214}, {""temp"": 21.43633, ""step"": 6, ""status"": 1, ""pres"": 967.6763, ""meas_profile"": ""HP-7"", ""meas_id"": 7, ""hum"": 34.8922, ""gas_res"": 8370.39}, {""temp"": 21.51569, ""step"": 6, ""status"": 1, ""pres"": 967.8143, ""meas_profile"": ""HP-6"", ""meas_id"": 6, ""hum"": 34.7426, ""gas_res"": 25000.0}, {""temp"": 21.40046, ""step"": 6, ""status"": 1, ""pres"": 967.5171, ""meas_profile"": ""HP-5"", ""meas_id"": 5, ""hum"": 34.94565, ""gas_res"": 111231.8}, {""temp"": 21.12671, ""step"": 6, ""status"": 1, ""pres"": 967.6969, ""meas_profile"": ""HP-4"", ""meas_id"": 4, ""hum"": 34.43778, ""gas_res"": 147593.0}, {""temp"": 21.29704, ""step"": 6, ""status"": 1, ""pres"": 967.2647, ""meas_profile"": ""HP-3"", ""meas_id"": 3, ""hum"": 34.93491, ""gas_res"": 90077.41}, {""temp"": 21.19444, ""step"": 6, ""status"": 1, ""pres"": 967.397, ""meas_profile"": ""HP-2"", ""meas_id"": 2, ""hum"": 35.17644, ""gas_res"": 115056.2}, {""temp"": 20.96404, ""step"": 6, ""status"": 1, ""pres"": 967.5977, ""meas_profile"": ""HP-1"", ""meas_id"": 1, ""hum"": 33.77493, ""gas_res"": 100000.0}]}",NULL,"2025-10-27 09:32:50.566958"
11556,"04a600b9b0b8","2025-10-27 09:23:14","JVSf6mjNFBH1VWRD0Z17","{""bme688"": [{""temp"": 21.47121, ""step"": 5, ""status"": 1, ""pres"": 967.5494, ""meas_profile"": ""HP-8"", ""meas_id"": 8, ""hum"": 35.00053, ""gas_res"": 6025.23}, {""temp"": 21.43447, ""step"": 5, ""status"": 1, ""pres"": 967.6766, ""meas_profile"": ""HP-7"", ""meas_id"": 7, ""hum"": 34.88635, ""gas_res"": 8228.336}, {""temp"": 21.51384, ""step"": 5, ""status"": 1, ""pres"": 967.8148, ""meas_profile"": ""HP-6"", ""meas_id"": 6, ""hum"": 34.73093, ""gas_res"": 25000.0}, {""temp"": 21.39858, ""step"": 5, ""status"": 1, ""pres"": 967.5175, ""meas_profile"": ""HP-5"", ""meas_id"": 5, ""hum"": 34.95115, ""gas_res"": 110297.3}, {""temp"": 21.12485, ""step"": 5, ""status"": 1, ""pres"": 967.6989, ""meas_profile"": ""HP-4"", ""meas_id"": 4, ""hum"": 34.45485, ""gas_res"": 147338.1}, {""temp"": 21.29518, ""step"": 5, ""status"": 1, ""pres"": 967.2651, ""meas_profile"": ""HP-3"", ""meas_id"": 3, ""hum"": 34.952, ""gas_res"": 86779.66}, {""temp"": 21.19195, ""step"": 5, ""status"": 1, ""pres"": 967.3962, ""meas_profile"": ""HP-2"", ""meas_id"": 2, ""hum"": 35.17051, ""gas_res"": 111377.0}, {""temp"": 20.96217, ""step"": 5, ""status"": 1, ""pres"": 967.5984, ""meas_profile"": ""HP-1"", ""meas_id"": 1, ""hum"": 33.7806, ""gas_res"": 100000.0}]}",NULL,"2025-10-27 09:32:51.771941"
11557,"04a600b9b0b8","2025-10-27 09:23:14","JVSf6mjNFBH1VWRD0Z17","{""bme688"": [{""temp"": 21.46967, ""step"": 4, ""status"": 1, ""pres"": 967.5486, ""meas_profile"": ""HP-8"", ""meas_id"": 8, ""hum"": 35.01186, ""gas_res"": 6038.875}, {""temp"": 21.43292, ""step"": 4, ""status"": 1, ""pres"": 967.6756, ""meas_profile"": ""HP-7"", ""meas_id"": 7, ""hum"": 34.89754, ""gas_res"": 8228.336}, {""temp"": 21.51229, ""step"": 4, ""status"": 1, ""pres"": 967.8141, ""meas_profile"": ""HP-6"", ""meas_id"": 6, ""hum"": 34.75952, ""gas_res"": 25000.0}, {""temp"": 21.39671, ""step"": 4, ""status"": 1, ""pres"": 967.5159, ""meas_profile"": ""HP-5"", ""meas_id"": 5, ""hum"": 34.96802, ""gas_res"": 109098.7}, {""temp"": 21.12298, ""step"": 4, ""status"": 1, ""pres"": 967.6992, ""meas_profile"": ""HP-4"", ""meas_id"": 4, ""hum"": 34.44893, ""gas_res"": 148491.9}, {""temp"": 21.29271, ""step"": 4, ""status"": 1, ""pres"": 967.2644, ""meas_profile"": ""HP-3"", ""meas_id"": 3, ""hum"": 34.94026, ""gas_res"": 84880.63}, {""temp"": 21.18978, ""step"": 4, ""status"": 1, ""pres"": 967.3943, ""meas_profile"": ""HP-2"", ""meas_id"": 2, ""hum"": 35.19875, ""gas_res"": 106978.7}, {""temp"": 20.95999, ""step"": 4, ""status"": 1, ""pres"": 967.5988, ""meas_profile"": ""HP-1"", ""meas_id"": 1, ""hum"": 33.79209, ""gas_res"": 100000.0}]}",NULL,"2025-10-27 09:32:53.040892"
11558,"04a600b9b0b8","2025-10-27 09:23:14","JVSf6mjNFBH1VWRD0Z17","{""bme688"": [{""temp"": 21.4675, ""step"": 3, ""status"": 0, ""pres"": 967.5489, ""meas_profile"": ""HP-8"", ""meas_id"": 8, ""hum"": 35.02312, ""gas_res"": 5684.846}, {""temp"": 21.43074, ""step"": 3, ""status"": 0, ""pres"": 967.6753, ""meas_profile"": ""HP-7"", ""meas_id"": 7, ""hum"": 34.92001, ""gas_res"": 5684.846}, {""temp"": 21.51044, ""step"": 3, ""status"": 0, ""pres"": 967.8145, ""meas_profile"": ""HP-6"", ""meas_id"": 6, ""hum"": 34.7651, ""gas_res"": 12105.16}, {""temp"": 21.39452, ""step"": 3, ""status"": 0, ""pres"": 967.5157, ""meas_profile"": ""HP-5"", ""meas_id"": 5, ""hum"": 34.98486, ""gas_res"": 33613.45}, {""temp"": 21.1205, ""step"": 3, ""status"": 0, ""pres"": 967.6983, ""meas_profile"": ""HP-4"", ""meas_id"": 4, ""hum"": 34.47169, ""gas_res"": 42609.86}, {""temp"": 21.29055, ""step"": 3, ""status"": 0, ""pres"": 967.2643, ""meas_profile"": ""HP-3"", ""meas_id"": 3, ""hum"": 34.96306, ""gas_res"": 26795.06}, {""temp"": 21.1873, ""step"": 3, ""status"": 0, ""pres"": 967.3953, ""meas_profile"": ""HP-2"", ""meas_id"": 2, ""hum"": 35.19851, ""gas_res"": 39024.39}, {""temp"": 20.9575, ""step"": 3, ""status"": 0, ""pres"": 967.5985, ""meas_profile"": ""HP-1"", ""meas_id"": 1, ""hum"": 33.78018, ""gas_res"": 27032.73}]}",NULL,"2025-10-27 09:32:54.324841"
11559,"04a600b9b0b8","2025-10-27 09:23:14","JVSf6mjNFBH1VWRD0Z17","{""bme688"": [{""temp"": 21.46565, ""step"": 2, ""status"": 1, ""pres"": 967.5496, ""meas_profile"": ""HP-8"", ""meas_id"": 8, ""hum"": 35.02295, ""gas_res"": 8449.96}, {""temp"": 21.42888, ""step"": 2, ""status"": 1, ""pres"": 967.6757, ""meas_profile"": ""HP-7"", ""meas_id"": 7, ""hum"": 34.91417, ""gas_res"": 12181.2}, {""temp"": 21.50859, ""step"": 2, ""status"": 1, ""pres"": 967.815, ""meas_profile"": ""HP-6"", ""meas_id"": 6, ""hum"": 34.77641, ""gas_res"": 38357.8}, {""temp"": 21.39264, ""step"": 2, ""status"": 1, ""pres"": 967.5161, ""meas_profile"": ""HP-5"", ""meas_id"": 5, ""hum"": 34.99604, ""gas_res"": 132368.2}, {""temp"": 21.11801, ""step"": 2, ""status"": 1, ""pres"": 967.6993, ""meas_profile"": ""HP-4"", ""meas_id"": 4, ""hum"": 34.46571, ""gas_res"": 243925.7}, {""temp"": 21.28807, ""step"": 2, ""status"": 1, ""pres"": 967.2635, ""meas_profile"": ""HP-3"", ""meas_id"": 3, ""hum"": 34.96283, ""gas_res"": 117189.3}, {""temp"": 21.18512, ""step"": 2, ""status"": 1, ""pres"": 967.3951, ""meas_profile"": ""HP-2"", ""meas_id"": 2, ""hum"": 35.19831, ""gas_res"": 202651.9}, {""temp"": 20.95532, ""step"": 2, ""status"": 1, ""pres"": 967.5988, ""meas_profile"": ""HP-1"", ""meas_id"": 1, ""hum"": 33.80335, ""gas_res"": 149401.8}]}",NULL,"2025-10-27 09:32:55.696015"
11560,"04a600b9b0b8","2025-10-27 09:23:14","JVSf6mjNFBH1VWRD0Z17","{""bme688"": [{""temp"": 21.4638, ""step"": 1, ""status"": 1, ""pres"": 967.5483, ""meas_profile"": ""HP-8"", ""meas_id"": 8, ""hum"": 35.02277, ""gas_res"": 5901.881}, {""temp"": 21.42733, ""step"": 1, ""status"": 1, ""pres"": 967.6765, ""meas_profile"": ""HP-7"", ""meas_id"": 7, ""hum"": 34.91969, ""gas_res"": 6809.959}, {""temp"": 21.50674, ""step"": 1, ""status"": 1, ""pres"": 967.8138, ""meas_profile"": ""HP-6"", ""meas_id"": 6, ""hum"": 34.78773, ""gas_res"": 19728.73}, {""temp"": 21.39108, ""step"": 1, ""status"": 1, ""pres"": 967.5168, ""meas_profile"": ""HP-5"", ""meas_id"": 5, ""hum"": 34.96749, ""gas_res"": 32561.69}, {""temp"": 21.11615, ""step"": 1, ""status"": 1, ""pres"": 967.6995, ""meas_profile"": ""HP-4"", ""meas_id"": 4, ""hum"": 34.47129, ""gas_res"": 40314.96}, {""temp"": 21.28622, ""step"": 1, ""status"": 1, ""pres"": 967.264, ""meas_profile"": ""HP-3"", ""meas_id"": 3, ""hum"": 34.9569, ""gas_res"": 23925.23}, {""temp"": 21.18295, ""step"": 1, ""status"": 1, ""pres"": 967.3948, ""meas_profile"": ""HP-2"", ""meas_id"": 2, ""hum"": 35.18673, ""gas_res"": 32611.46}, {""temp"": 20.95346, ""step"": 1, ""status"": 1, ""pres"": 967.5995, ""meas_profile"": ""HP-1"", ""meas_id"": 1, ""hum"": 33.80318, ""gas_res"": 24601.19}]}",NULL,"2025-10-27 09:32:56.888843"
11561,"04a600b9b0b8","2025-10-27 09:23:14","JVSf6mjNFBH1VWRD0Z17","{""bme688"": [{""temp"": 21.46194, ""step"": 0, ""status"": 1, ""pres"": 967.549, ""meas_profile"": ""HP-8"", ""meas_id"": 8, ""hum"": 35.0398, ""gas_res"": 5684.846}, {""temp"": 21.42515, ""step"": 0, ""status"": 1, ""pres"": 967.6763, ""meas_profile"": ""HP-7"", ""meas_id"": 7, ""hum"": 34.9365, ""gas_res"": 5684.846}, {""temp"": 21.50489, ""step"": 0, ""status"": 1, ""pres"": 967.8124, ""meas_profile"": ""HP-6"", ""meas_id"": 6, ""hum"": 34.77033, ""gas_res"": 7755.696}, {""temp"": 21.38951, ""step"": 0, ""status"": 1, ""pres"": 967.5159, ""meas_profile"": ""HP-5"", ""meas_id"": 5, ""hum"": 34.96735, ""gas_res"": 25000.0}, {""temp"": 21.11398, ""step"": 0, ""status"": 1, ""pres"": 967.6993, ""meas_profile"": ""HP-4"", ""meas_id"": 4, ""hum"": 34.46534, ""gas_res"": 25000.0}, {""temp"": 21.28405, ""step"": 0, ""status"": 1, ""pres"": 967.2637, ""meas_profile"": ""HP-3"", ""meas_id"": 3, ""hum"": 34.96821, ""gas_res"": 8350.73}, {""temp"": 21.18109, ""step"": 0, ""status"": 1, ""pres"": 967.3953, ""meas_profile"": ""HP-2"", ""meas_id"": 2, ""hum"": 35.2093, ""gas_res"": 7171.672}, {""temp"": 20.95097, ""step"": 0, ""status"": 1, ""pres"": 967.601, ""meas_profile"": ""HP-1"", ""meas_id"": 1, ""hum"": 33.8088, ""gas_res"": 8048.29}]}",NULL,"2025-10-27 09:32:58.158118"
