"id","box_id","ts","measurement_id","measurement_data","description","created_at"
11898,"04a600b9b0b8","2025-10-27 10:22:43","HGHEmatetwNeaX2Oo27U","{""zphs01b"": {""voc"": 0, ""temp"": 18.3, ""pm2_5"": 0, ""pm1_0"": 0, ""pm10"": 354, ""o3"": 0.02, ""no2"": 10.0, ""hum"": 0, ""fmhd"": 0, ""co2"": 5000, ""co"": 0.0}, ""smell_b"": {}, ""sfa30"": {""temp"": 20.87, ""hum"": 35.56, ""fmhd"": 0.4}, ""sen5x"": {""voc"": 106.0, ""temp"": 20.855, ""pm4_0"": 4283.4, ""pm2_5"": 4283.4, ""pm1_0"": 4084.5, ""pm10"": 4283.4, ""nox"": 1.0, ""mass_c"": 4233.675, ""hum"": 40.16}, ""scd41"": {""temp"": 19.95308, ""hum"": 37.85153, ""co2"": 570}, ""power_source"": 0, ""mics6814"": {""red_res"": 0, ""no2_res"": 0, ""no2"": 0.17, ""nh3_res"": 0, ""nh3"": 0.73, ""co_res"": 0, ""co"": 44.0}}",NULL,"2025-10-27 10:23:43.443989"
11899,"04a600b9b0b8","2025-10-27 10:22:43","HGHEmatetwNeaX2Oo27U","{""bme688"": [{""temp"": 20.5916, ""step"": 9, ""status"": 1, ""pres"": 966.9799, ""meas_profile"": ""HP-8"", ""meas_id"": 8, ""hum"": 35.48037, ""gas_res"": 5684.846}, {""temp"": 20.56285, ""step"": 9, ""status"": 1, ""pres"": 967.0636, ""meas_profile"": ""HP-7"", ""meas_id"": 7, ""hum"": 35.32663, ""gas_res"": 5684.846}, {""temp"": 20.6285, ""step"": 9, ""status"": 1, ""pres"": 967.2701, ""meas_profile"": ""HP-6"", ""meas_id"": 6, ""hum"": 35.20042, ""gas_res"": 6875.806}, {""temp"": 20.51955, ""step"": 9, ""status"": 1, ""pres"": 966.9219, ""meas_profile"": ""HP-5"", ""meas_id"": 5, ""hum"": 35.39186, ""gas_res"": 25000.0}, {""temp"": 20.17717, ""step"": 9, ""status"": 1, ""pres"": 967.0944, ""meas_profile"": ""HP-4"", ""meas_id"": 4, ""hum"": 35.02331, ""gas_res"": 21454.91}, {""temp"": 20.36069, ""step"": 9, ""status"": 1, ""pres"": 966.7029, ""meas_profile"": ""HP-3"", ""meas_id"": 3, ""hum"": 35.53828, ""gas_res"": 7911.001}, {""temp"": 20.2427, ""step"": 9, ""status"": 1, ""pres"": 966.8867, ""meas_profile"": ""HP-2"", ""meas_id"": 2, ""hum"": 35.81012, ""gas_res"": 6538.619}, {""temp"": 19.99587, ""step"": 9, ""status"": 1, ""pres"": 966.9606, ""meas_profile"": ""HP-1"", ""meas_id"": 1, ""hum"": 34.21917, ""gas_res"": 7369.875}]}",NULL,"2025-10-27 10:23:44.552001"
11900,"04a600b9b0b8","2025-10-27 10:22:43","HGHEmatetwNeaX2Oo27U","{""bme688"": [{""temp"": 20.59037, ""step"": 8, ""status"": 1, ""pres"": 966.9797, ""meas_profile"": ""HP-8"", ""meas_id"": 8, ""hum"": 35.45728, ""gas_res"": 5684.846}, {""temp"": 20.5616, ""step"": 8, ""status"": 1, ""pres"": 967.0633, ""meas_profile"": ""HP-7"", ""meas_id"": 7, ""hum"": 35.33219, ""gas_res"": 5684.846}, {""temp"": 20.62726, ""step"": 8, ""status"": 1, ""pres"": 967.2699, ""meas_profile"": ""HP-6"", ""meas_id"": 6, ""hum"": 35.2406, ""gas_res"": 7109.531}, {""temp"": 20.51861, ""step"": 8, ""status"": 1, ""pres"": 966.9219, ""meas_profile"": ""HP-5"", ""meas_id"": 5, ""hum"": 35.41454, ""gas_res"": 22099.45}, {""temp"": 20.17593, ""step"": 8, ""status"": 1, ""pres"": 967.0939, ""meas_profile"": ""HP-4"", ""meas_id"": 4, ""hum"": 35.04624, ""gas_res"": 20349.76}, {""temp"": 20.35914, ""step"": 8, ""status"": 1, ""pres"": 966.702, ""meas_profile"": ""HP-3"", ""meas_id"": 3, ""hum"": 35.5439, ""gas_res"": 7002.188}, {""temp"": 20.24115, ""step"": 8, ""status"": 1, ""pres"": 966.8859, ""meas_profile"": ""HP-2"", ""meas_id"": 2, ""hum"": 35.8499, ""gas_res"": 6351.727}, {""temp"": 19.99431, ""step"": 8, ""status"": 1, ""pres"": 966.9601, ""meas_profile"": ""HP-1"", ""meas_id"": 1, ""hum"": 34.22487, ""gas_res"": 7259.528}]}",NULL,"2025-10-27 10:23:45.835337"
11901,"04a600b9b0b8","2025-10-27 10:22:43","HGHEmatetwNeaX2Oo27U","{""bme688"": [{""temp"": 20.58913, ""step"": 7, ""status"": 1, ""pres"": 966.9813, ""meas_profile"": ""HP-8"", ""meas_id"": 8, ""hum"": 35.46865, ""gas_res"": 5684.846}, {""temp"": 20.56036, ""step"": 7, ""status"": 1, ""pres"": 967.0629, ""meas_profile"": ""HP-7"", ""meas_id"": 7, ""hum"": 35.34343, ""gas_res"": 5684.846}, {""temp"": 20.62634, ""step"": 7, ""status"": 1, ""pres"": 967.2701, ""meas_profile"": ""HP-6"", ""meas_id"": 6, ""hum"": 35.23476, ""gas_res"": 7020.623}, {""temp"": 20.51799, ""step"": 7, ""status"": 1, ""pres"": 966.9227, ""meas_profile"": ""HP-5"", ""meas_id"": 5, ""hum"": 35.40878, ""gas_res"": 21717.0}, {""temp"": 20.17468, ""step"": 7, ""status"": 1, ""pres"": 967.0952, ""meas_profile"": ""HP-4"", ""meas_id"": 4, ""hum"": 35.06918, ""gas_res"": 18244.01}, {""temp"": 20.3579, ""step"": 7, ""status"": 1, ""pres"": 966.7017, ""meas_profile"": ""HP-3"", ""meas_id"": 3, ""hum"": 35.55532, ""gas_res"": 6284.368}, {""temp"": 20.2396, ""step"": 7, ""status"": 1, ""pres"": 966.8867, ""meas_profile"": ""HP-2"", ""meas_id"": 2, ""hum"": 35.86686, ""gas_res"": 5914.972}, {""temp"": 19.99276, ""step"": 7, ""status"": 1, ""pres"": 966.9595, ""meas_profile"": ""HP-1"", ""meas_id"": 1, ""hum"": 34.24814, ""gas_res"": 6562.756}]}",NULL,"2025-10-27 10:23:47.216761"
11902,"04a600b9b0b8","2025-10-27 10:22:43","HGHEmatetwNeaX2Oo27U","{""bme688"": [{""temp"": 20.58821, ""step"": 6, ""status"": 1, ""pres"": 966.9815, ""meas_profile"": ""HP-8"", ""meas_id"": 8, ""hum"": 35.49154, ""gas_res"": 7483.629}, {""temp"": 20.55974, ""step"": 6, ""status"": 1, ""pres"": 967.0636, ""meas_profile"": ""HP-7"", ""meas_id"": 7, ""hum"": 35.37175, ""gas_res"": 9975.063}, {""temp"": 20.62541, ""step"": 6, ""status"": 1, ""pres"": 967.2703, ""meas_profile"": ""HP-6"", ""meas_id"": 6, ""hum"": 35.24043, ""gas_res"": 27379.68}, {""temp"": 20.51705, ""step"": 6, ""status"": 1, ""pres"": 966.9227, ""meas_profile"": ""HP-5"", ""meas_id"": 5, ""hum"": 35.42008, ""gas_res"": 119403.0}, {""temp"": 20.17344, ""step"": 6, ""status"": 1, ""pres"": 967.0948, ""meas_profile"": ""HP-4"", ""meas_id"": 4, ""hum"": 35.08635, ""gas_res"": 147720.7}, {""temp"": 20.35698, ""step"": 6, ""status"": 1, ""pres"": 966.702, ""meas_profile"": ""HP-3"", ""meas_id"": 3, ""hum"": 35.57831, ""gas_res"": 85304.9}, {""temp"": 20.23804, ""step"": 6, ""status"": 1, ""pres"": 966.8875, ""meas_profile"": ""HP-2"", ""meas_id"": 2, ""hum"": 35.86102, ""gas_res"": 110012.9}, {""temp"": 19.99151, ""step"": 6, ""status"": 1, ""pres"": 966.9612, ""meas_profile"": ""HP-1"", ""meas_id"": 1, ""hum"": 34.25388, ""gas_res"": 100000.0}]}",NULL,"2025-10-27 10:23:48.401068"
11903,"04a600b9b0b8","2025-10-27 10:22:43","HGHEmatetwNeaX2Oo27U","{""bme688"": [{""temp"": 20.58728, ""step"": 5, ""status"": 1, ""pres"": 966.9819, ""meas_profile"": ""HP-8"", ""meas_id"": 8, ""hum"": 35.51443, ""gas_res"": 7239.819}, {""temp"": 20.55881, ""step"": 5, ""status"": 1, ""pres"": 967.0636, ""meas_profile"": ""HP-7"", ""meas_id"": 7, ""hum"": 35.37167, ""gas_res"": 9694.032}, {""temp"": 20.62449, ""step"": 5, ""status"": 1, ""pres"": 967.2706, ""meas_profile"": ""HP-6"", ""meas_id"": 6, ""hum"": 35.2461, ""gas_res"": 26332.03}, {""temp"": 20.51642, ""step"": 5, ""status"": 1, ""pres"": 966.9216, ""meas_profile"": ""HP-5"", ""meas_id"": 5, ""hum"": 35.42002, ""gas_res"": 115994.6}, {""temp"": 20.17251, ""step"": 5, ""status"": 1, ""pres"": 967.095, ""meas_profile"": ""HP-4"", ""meas_id"": 4, ""hum"": 35.0978, ""gas_res"": 143497.8}, {""temp"": 20.35574, ""step"": 5, ""status"": 1, ""pres"": 966.7032, ""meas_profile"": ""HP-3"", ""meas_id"": 3, ""hum"": 35.58395, ""gas_res"": 79651.52}, {""temp"": 20.2368, ""step"": 5, ""status"": 1, ""pres"": 966.8872, ""meas_profile"": ""HP-2"", ""meas_id"": 2, ""hum"": 35.88372, ""gas_res"": 102605.2}, {""temp"": 19.99027, ""step"": 5, ""status"": 1, ""pres"": 966.9611, ""meas_profile"": ""HP-1"", ""meas_id"": 1, ""hum"": 34.27132, ""gas_res"": 100000.0}]}",NULL,"2025-10-27 10:23:49.670447"
11904,"04a600b9b0b8","2025-10-27 10:22:43","HGHEmatetwNeaX2Oo27U","{""bme688"": [{""temp"": 20.58635, ""step"": 4, ""status"": 1, ""pres"": 966.9822, ""meas_profile"": ""HP-8"", ""meas_id"": 8, ""hum"": 35.50286, ""gas_res"": 7029.877}, {""temp"": 20.55819, ""step"": 4, ""status"": 1, ""pres"": 967.0643, ""meas_profile"": ""HP-7"", ""meas_id"": 7, ""hum"": 35.39433, ""gas_res"": 9395.185}, {""temp"": 20.62356, ""step"": 4, ""status"": 1, ""pres"": 967.2707, ""meas_profile"": ""HP-6"", ""meas_id"": 6, ""hum"": 35.26329, ""gas_res"": 25713.14}, {""temp"": 20.51549, ""step"": 4, ""status"": 1, ""pres"": 966.9219, ""meas_profile"": ""HP-5"", ""meas_id"": 5, ""hum"": 35.45408, ""gas_res"": 113224.2}, {""temp"": 20.17158, ""step"": 4, ""status"": 1, ""pres"": 967.0969, ""meas_profile"": ""HP-4"", ""meas_id"": 4, ""hum"": 35.12077, ""gas_res"": 143136.7}, {""temp"": 20.35481, ""step"": 4, ""status"": 1, ""pres"": 966.7034, ""meas_profile"": ""HP-3"", ""meas_id"": 3, ""hum"": 35.60694, ""gas_res"": 43971.14}, {""temp"": 20.23556, ""step"": 4, ""status"": 1, ""pres"": 966.8884, ""meas_profile"": ""HP-2"", ""meas_id"": 2, ""hum"": 35.89501, ""gas_res"": 96622.01}, {""temp"": 19.98933, ""step"": 4, ""status"": 1, ""pres"": 966.9614, ""meas_profile"": ""HP-1"", ""meas_id"": 1, ""hum"": 34.2888, ""gas_res"": 100000.0}]}",NULL,"2025-10-27 10:23:50.954109"
11905,"04a600b9b0b8","2025-10-27 10:22:43","HGHEmatetwNeaX2Oo27U","{""bme688"": [{""temp"": 20.58574, ""step"": 3, ""status"": 1, ""pres"": 966.9829, ""meas_profile"": ""HP-8"", ""meas_id"": 8, ""hum"": 35.53152, ""gas_res"": 16145.31}, {""temp"": 20.55725, ""step"": 3, ""status"": 1, ""pres"": 967.0645, ""meas_profile"": ""HP-7"", ""meas_id"": 7, ""hum"": 35.40559, ""gas_res"": 24873.69}, {""temp"": 20.62263, ""step"": 3, ""status"": 1, ""pres"": 967.271, ""meas_profile"": ""HP-6"", ""meas_id"": 6, ""hum"": 35.27472, ""gas_res"": 103476.1}, {""temp"": 20.51455, ""step"": 3, ""status"": 1, ""pres"": 966.9221, ""meas_profile"": ""HP-5"", ""meas_id"": 5, ""hum"": 35.48245, ""gas_res"": 345712.3}, {""temp"": 20.17033, ""step"": 3, ""status"": 1, ""pres"": 967.0965, ""meas_profile"": ""HP-4"", ""meas_id"": 4, ""hum"": 35.14948, ""gas_res"": 623819.7}, {""temp"": 20.35389, ""step"": 3, ""status"": 1, ""pres"": 966.7036, ""meas_profile"": ""HP-3"", ""meas_id"": 3, ""hum"": 35.62416, ""gas_res"": 273212.4}, {""temp"": 20.23432, ""step"": 3, ""status"": 1, ""pres"": 966.8882, ""meas_profile"": ""HP-2"", ""meas_id"": 2, ""hum"": 35.92913, ""gas_res"": 546424.8}, {""temp"": 19.98809, ""step"": 3, ""status"": 1, ""pres"": 966.9613, ""meas_profile"": ""HP-1"", ""meas_id"": 1, ""hum"": 34.29454, ""gas_res"": 404583.2}]}",NULL,"2025-10-27 10:23:52.337085"
11906,"04a600b9b0b8","2025-10-27 10:22:43","HGHEmatetwNeaX2Oo27U","{""bme688"": [{""temp"": 20.58512, ""step"": 2, ""status"": 1, ""pres"": 966.9819, ""meas_profile"": ""HP-8"", ""meas_id"": 8, ""hum"": 35.51998, ""gas_res"": 17467.25}, {""temp"": 20.55663, ""step"": 2, ""status"": 1, ""pres"": 967.0634, ""meas_profile"": ""HP-7"", ""meas_id"": 7, ""hum"": 35.39418, ""gas_res"": 26010.97}, {""temp"": 20.62202, ""step"": 2, ""status"": 1, ""pres"": 967.2718, ""meas_profile"": ""HP-6"", ""meas_id"": 6, ""hum"": 35.28618, ""gas_res"": 121011.6}, {""temp"": 20.51361, ""step"": 2, ""status"": 1, ""pres"": 966.9219, ""meas_profile"": ""HP-5"", ""meas_id"": 5, ""hum"": 35.46529, ""gas_res"": 456531.4}, {""temp"": 20.16909, ""step"": 2, ""status"": 1, ""pres"": 967.096, ""meas_profile"": ""HP-4"", ""meas_id"": 4, ""hum"": 35.14937, ""gas_res"": 828814.3}, {""temp"": 20.35265, ""step"": 2, ""status"": 1, ""pres"": 966.7033, ""meas_profile"": ""HP-3"", ""meas_id"": 3, ""hum"": 35.62405, ""gas_res"": 343278.6}, {""temp"": 20.23308, ""step"": 2, ""status"": 1, ""pres"": 966.8878, ""meas_profile"": ""HP-2"", ""meas_id"": 2, ""hum"": 35.92331, ""gas_res"": 610978.5}, {""temp"": 19.98653, ""step"": 2, ""status"": 1, ""pres"": 966.9608, ""meas_profile"": ""HP-1"", ""meas_id"": 1, ""hum"": 34.32952, ""gas_res"": 459914.7}]}",NULL,"2025-10-27 10:23:53.514367"
11907,"04a600b9b0b8","2025-10-27 10:22:43","HGHEmatetwNeaX2Oo27U","{""bme688"": [{""temp"": 20.58419, ""step"": 1, ""status"": 1, ""pres"": 966.9824, ""meas_profile"": ""HP-8"", ""meas_id"": 8, ""hum"": 35.53138, ""gas_res"": 6317.868}, {""temp"": 20.5557, ""step"": 1, ""status"": 1, ""pres"": 967.0636, ""meas_profile"": ""HP-7"", ""meas_id"": 7, ""hum"": 35.39977, ""gas_res"": 7062.458}, {""temp"": 20.6214, ""step"": 1, ""status"": 1, ""pres"": 967.2726, ""meas_profile"": ""HP-6"", ""meas_id"": 6, ""hum"": 35.29188, ""gas_res"": 19894.31}, {""temp"": 20.51329, ""step"": 1, ""status"": 1, ""pres"": 966.9216, ""meas_profile"": ""HP-5"", ""meas_id"": 5, ""hum"": 35.49941, ""gas_res"": 29317.45}, {""temp"": 20.16816, ""step"": 1, ""status"": 1, ""pres"": 967.0963, ""meas_profile"": ""HP-4"", ""meas_id"": 4, ""hum"": 35.16658, ""gas_res"": 35339.59}, {""temp"": 20.35203, ""step"": 1, ""status"": 1, ""pres"": 966.7039, ""meas_profile"": ""HP-3"", ""meas_id"": 3, ""hum"": 35.65284, ""gas_res"": 25000.0}, {""temp"": 20.23214, ""step"": 1, ""status"": 1, ""pres"": 966.8895, ""meas_profile"": ""HP-2"", ""meas_id"": 2, ""hum"": 35.95747, ""gas_res"": 30295.86}, {""temp"": 19.98591, ""step"": 1, ""status"": 1, ""pres"": 966.9615, ""meas_profile"": ""HP-1"", ""meas_id"": 1, ""hum"": 34.32946, ""gas_res"": 25000.0}]}",NULL,"2025-10-27 10:23:54.802063"
11908,"04a600b9b0b8","2025-10-27 10:22:43","HGHEmatetwNeaX2Oo27U","{""bme688"": [{""temp"": 20.58326, ""step"": 0, ""status"": 1, ""pres"": 966.9824, ""meas_profile"": ""HP-8"", ""meas_id"": 8, ""hum"": 35.54278, ""gas_res"": 5684.846}, {""temp"": 20.55477, ""step"": 0, ""status"": 1, ""pres"": 967.0637, ""meas_profile"": ""HP-7"", ""meas_id"": 7, ""hum"": 35.4224, ""gas_res"": 5684.846}, {""temp"": 20.62047, ""step"": 0, ""status"": 1, ""pres"": 967.2727, ""meas_profile"": ""HP-6"", ""meas_id"": 6, ""hum"": 35.30331, ""gas_res"": 6884.682}, {""temp"": 20.51267, ""step"": 0, ""status"": 1, ""pres"": 966.9225, ""meas_profile"": ""HP-5"", ""meas_id"": 5, ""hum"": 35.50505, ""gas_res"": 19710.5}, {""temp"": 20.16754, ""step"": 0, ""status"": 1, ""pres"": 967.0969, ""meas_profile"": ""HP-4"", ""meas_id"": 4, ""hum"": 35.17229, ""gas_res"": 10936.43}, {""temp"": 20.3511, ""step"": 0, ""status"": 1, ""pres"": 966.7042, ""meas_profile"": ""HP-3"", ""meas_id"": 3, ""hum"": 35.67007, ""gas_res"": 7778.318}, {""temp"": 20.23121, ""step"": 0, ""status"": 1, ""pres"": 966.8898, ""meas_profile"": ""HP-2"", ""meas_id"": 2, ""hum"": 35.97451, ""gas_res"": 7628.129}, {""temp"": 19.98466, ""step"": 0, ""status"": 1, ""pres"": 966.9614, ""meas_profile"": ""HP-1"", ""meas_id"": 1, ""hum"": 34.35863, ""gas_res"": 5895.357}]}",NULL,"2025-10-27 10:23:56.081436"
11909,"04a600b9b0b8","2025-10-27 10:22:09","HGHEmatetwNeaX2Oo27U","{""zphs01b"": {""voc"": 0, ""temp"": 18.2, ""pm2_5"": 0, ""pm1_0"": 0, ""pm10"": 338, ""o3"": 0.02, ""no2"": 10.0, ""hum"": 0, ""fmhd"": 0, ""co2"": 5000, ""co"": 0.0}, ""smell_b"": {}, ""sfa30"": {""temp"": 20.845, ""hum"": 35.48, ""fmhd"": 0.4}, ""sen5x"": {""voc"": 90.0, ""temp"": 20.91, ""pm4_0"": 3674.1, ""pm2_5"": 3674.1, ""pm1_0"": 3503.5, ""pm10"": 3674.1, ""nox"": 1.0, ""mass_c"": 3631.45, ""hum"": 39.87}, ""scd41"": {""temp"": 20.11597, ""hum"": 36.91158, ""co2"": 568}, ""power_source"": 0, ""mics6814"": {""red_res"": 0, ""no2_res"": 0, ""no2"": 0.17, ""nh3_res"": 0, ""nh3"": 0.73, ""co_res"": 0, ""co"": 44.0}}",NULL,"2025-10-27 10:23:57.344604"
11910,"04a600b9b0b8","2025-10-27 10:22:09","HGHEmatetwNeaX2Oo27U","{""bme688"": [{""temp"": 20.58234, ""step"": 9, ""status"": 1, ""pres"": 966.9828, ""meas_profile"": ""HP-8"", ""meas_id"": 8, ""hum"": 35.58292, ""gas_res"": 5684.846}, {""temp"": 20.55415, ""step"": 9, ""status"": 1, ""pres"": 967.0628, ""meas_profile"": ""HP-7"", ""meas_id"": 7, ""hum"": 35.45074, ""gas_res"": 5684.846}, {""temp"": 20.61986, ""step"": 9, ""status"": 1, ""pres"": 967.2735, ""meas_profile"": ""HP-6"", ""meas_id"": 6, ""hum"": 35.37815, ""gas_res"": 7364.787}, {""temp"": 20.51204, ""step"": 9, ""status"": 1, ""pres"": 966.923, ""meas_profile"": ""HP-5"", ""meas_id"": 5, ""hum"": 35.52777, ""gas_res"": 17089.45}, {""temp"": 20.16661, ""step"": 9, ""status"": 1, ""pres"": 967.0968, ""meas_profile"": ""HP-4"", ""meas_id"": 4, ""hum"": 35.27605, ""gas_res"": 9313.155}, {""temp"": 20.35017, ""step"": 9, ""status"": 1, ""pres"": 966.7043, ""meas_profile"": ""HP-3"", ""meas_id"": 3, ""hum"": 35.75658, ""gas_res"": 6933.911}, {""temp"": 20.23028, ""step"": 9, ""status"": 1, ""pres"": 966.8898, ""meas_profile"": ""HP-2"", ""meas_id"": 2, ""hum"": 36.07722, ""gas_res"": 6363.094}, {""temp"": 19.98342, ""step"": 9, ""status"": 1, ""pres"": 966.9596, ""meas_profile"": ""HP-1"", ""meas_id"": 1, ""hum"": 34.45811, ""gas_res"": 6595.218}]}",NULL,"2025-10-27 10:23:58.634383"
11911,"04a600b9b0b8","2025-10-27 10:22:09","HGHEmatetwNeaX2Oo27U","{""bme688"": [{""temp"": 20.58172, ""step"": 8, ""status"": 1, ""pres"": 966.9821, ""meas_profile"": ""HP-8"", ""meas_id"": 8, ""hum"": 35.60011, ""gas_res"": 5684.846}, {""temp"": 20.55322, ""step"": 8, ""status"": 1, ""pres"": 967.0628, ""meas_profile"": ""HP-7"", ""meas_id"": 7, ""hum"": 35.4677, ""gas_res"": 5684.846}, {""temp"": 20.61955, ""step"": 8, ""status"": 1, ""pres"": 967.2729, ""meas_profile"": ""HP-6"", ""meas_id"": 6, ""hum"": 35.37812, ""gas_res"": 5885.599}, {""temp"": 20.51204, ""step"": 8, ""status"": 1, ""pres"": 966.923, ""meas_profile"": ""HP-5"", ""meas_id"": 5, ""hum"": 35.53916, ""gas_res"": 11015.49}, {""temp"": 20.1663, ""step"": 8, ""status"": 1, ""pres"": 967.0981, ""meas_profile"": ""HP-4"", ""meas_id"": 4, ""hum"": 35.31066, ""gas_res"": 8834.897}, {""temp"": 20.34986, ""step"": 8, ""status"": 1, ""pres"": 966.7054, ""meas_profile"": ""HP-3"", ""meas_id"": 3, ""hum"": 35.77387, ""gas_res"": 5908.419}, {""temp"": 20.22966, ""step"": 8, ""status"": 1, ""pres"": 966.8906, ""meas_profile"": ""HP-2"", ""meas_id"": 2, ""hum"": 36.08858, ""gas_res"": 5934.718}, {""temp"": 19.9828, ""step"": 8, ""status"": 1, ""pres"": 966.9604, ""meas_profile"": ""HP-1"", ""meas_id"": 1, ""hum"": 34.46977, ""gas_res"": 5951.274}]}",NULL,"2025-10-27 10:23:59.903924"
11912,"04a600b9b0b8","2025-10-27 10:22:09","HGHEmatetwNeaX2Oo27U","{""bme688"": [{""temp"": 20.5811, ""step"": 7, ""status"": 1, ""pres"": 966.9827, ""meas_profile"": ""HP-8"", ""meas_id"": 8, ""hum"": 35.62305, ""gas_res"": 5684.846}, {""temp"": 20.5526, ""step"": 7, ""status"": 1, ""pres"": 967.0619, ""meas_profile"": ""HP-7"", ""meas_id"": 7, ""hum"": 35.46196, ""gas_res"": 5684.846}, {""temp"": 20.61924, ""step"": 7, ""status"": 1, ""pres"": 967.2725, ""meas_profile"": ""HP-6"", ""meas_id"": 6, ""hum"": 35.37809, ""gas_res"": 5898.618}, {""temp"": 20.51204, ""step"": 7, ""status"": 1, ""pres"": 966.9247, ""meas_profile"": ""HP-5"", ""meas_id"": 5, ""hum"": 35.55624, ""gas_res"": 10759.92}, {""temp"": 20.16599, ""step"": 7, ""status"": 1, ""pres"": 967.0976, ""meas_profile"": ""HP-4"", ""meas_id"": 4, ""hum"": 35.31063, ""gas_res"": 8140.422}, {""temp"": 20.34894, ""step"": 7, ""status"": 1, ""pres"": 966.7039, ""meas_profile"": ""HP-3"", ""meas_id"": 3, ""hum"": 35.79689, ""gas_res"": 5684.846}, {""temp"": 20.22904, ""step"": 7, ""status"": 1, ""pres"": 966.8895, ""meas_profile"": ""HP-2"", ""meas_id"": 2, ""hum"": 36.09995, ""gas_res"": 6591.143}, {""temp"": 19.98186, ""step"": 7, ""status"": 1, ""pres"": 966.959, ""meas_profile"": ""HP-1"", ""meas_id"": 1, ""hum"": 34.48726, ""gas_res"": 5684.846}]}",NULL,"2025-10-27 10:24:01.207231"
11913,"04a600b9b0b8","2025-10-27 10:22:09","HGHEmatetwNeaX2Oo27U","{""bme688"": [{""temp"": 20.58079, ""step"": 6, ""status"": 1, ""pres"": 966.9841, ""meas_profile"": ""HP-8"", ""meas_id"": 8, ""hum"": 35.61726, ""gas_res"": 8171.604}, {""temp"": 20.5526, ""step"": 6, ""status"": 1, ""pres"": 967.0619, ""meas_profile"": ""HP-7"", ""meas_id"": 7, ""hum"": 35.48468, ""gas_res"": 9855.251}, {""temp"": 20.61924, ""step"": 6, ""status"": 1, ""pres"": 967.2742, ""meas_profile"": ""HP-6"", ""meas_id"": 6, ""hum"": 35.36656, ""gas_res"": 25000.0}, {""temp"": 20.51204, ""step"": 6, ""status"": 1, ""pres"": 966.9247, ""meas_profile"": ""HP-5"", ""meas_id"": 5, ""hum"": 35.56763, ""gas_res"": 100000.0}, {""temp"": 20.16599, ""step"": 6, ""status"": 1, ""pres"": 967.0992, ""meas_profile"": ""HP-4"", ""meas_id"": 4, ""hum"": 35.3164, ""gas_res"": 100000.0}, {""temp"": 20.34863, ""step"": 6, ""status"": 1, ""pres"": 966.7034, ""meas_profile"": ""HP-3"", ""meas_id"": 3, ""hum"": 35.79686, ""gas_res"": 26611.23}, {""temp"": 20.22873, ""step"": 6, ""status"": 1, ""pres"": 966.8907, ""meas_profile"": ""HP-2"", ""meas_id"": 2, ""hum"": 36.11135, ""gas_res"": 38882.14}, {""temp"": 19.98186, ""step"": 6, ""status"": 1, ""pres"": 966.959, ""meas_profile"": ""HP-1"", ""meas_id"": 1, ""hum"": 34.48726, ""gas_res"": 30843.37}]}",NULL,"2025-10-27 10:24:02.564526"
11914,"04a600b9b0b8","2025-10-27 10:22:09","HGHEmatetwNeaX2Oo27U","{""bme688"": [{""temp"": 20.58048, ""step"": 5, ""status"": 1, ""pres"": 966.9835, ""meas_profile"": ""HP-8"", ""meas_id"": 8, ""hum"": 35.61723, ""gas_res"": 8146.64}, {""temp"": 20.55229, ""step"": 5, ""status"": 1, ""pres"": 967.0629, ""meas_profile"": ""HP-7"", ""meas_id"": 7, ""hum"": 35.48465, ""gas_res"": 9782.941}, {""temp"": 20.61893, ""step"": 5, ""status"": 1, ""pres"": 967.2737, ""meas_profile"": ""HP-6"", ""meas_id"": 6, ""hum"": 35.38958, ""gas_res"": 25000.0}, {""temp"": 20.51204, ""step"": 5, ""status"": 1, ""pres"": 966.9247, ""meas_profile"": ""HP-5"", ""meas_id"": 5, ""hum"": 35.56763, ""gas_res"": 100000.0}, {""temp"": 20.16568, ""step"": 5, ""status"": 1, ""pres"": 967.0988, ""meas_profile"": ""HP-4"", ""meas_id"": 4, ""hum"": 35.34524, ""gas_res"": 100000.0}, {""temp"": 20.34832, ""step"": 5, ""status"": 1, ""pres"": 966.7029, ""meas_profile"": ""HP-3"", ""meas_id"": 3, ""hum"": 35.82571, ""gas_res"": 24758.22}, {""temp"": 20.22873, ""step"": 5, ""status"": 1, ""pres"": 966.8907, ""meas_profile"": ""HP-2"", ""meas_id"": 2, ""hum"": 36.13992, ""gas_res"": 36240.09}, {""temp"": 19.98155, ""step"": 5, ""status"": 1, ""pres"": 966.9602, ""meas_profile"": ""HP-1"", ""meas_id"": 1, ""hum"": 34.51068, ""gas_res"": 28381.38}]}",NULL,"2025-10-27 10:24:03.75667"
11915,"04a600b9b0b8","2025-10-27 10:22:09","HGHEmatetwNeaX2Oo27U","{""bme688"": [{""temp"": 20.58018, ""step"": 4, ""status"": 1, ""pres"": 966.9847, ""meas_profile"": ""HP-8"", ""meas_id"": 8, ""hum"": 35.62296, ""gas_res"": 8241.051}, {""temp"": 20.55229, ""step"": 4, ""status"": 1, ""pres"": 967.0629, ""meas_profile"": ""HP-7"", ""meas_id"": 7, ""hum"": 35.49033, ""gas_res"": 9791.922}, {""temp"": 20.61924, ""step"": 4, ""status"": 1, ""pres"": 967.2742, ""meas_profile"": ""HP-6"", ""meas_id"": 6, ""hum"": 35.40113, ""gas_res"": 25000.0}, {""temp"": 20.51204, ""step"": 4, ""status"": 1, ""pres"": 966.9247, ""meas_profile"": ""HP-5"", ""meas_id"": 5, ""hum"": 35.59042, ""gas_res"": 100000.0}, {""temp"": 20.16568, ""step"": 4, ""status"": 1, ""pres"": 967.0988, ""meas_profile"": ""HP-4"", ""meas_id"": 4, ""hum"": 35.35679, ""gas_res"": 100000.0}, {""temp"": 20.34801, ""step"": 4, ""status"": 1, ""pres"": 966.704, ""meas_profile"": ""HP-3"", ""meas_id"": 3, ""hum"": 35.84302, ""gas_res"": 23791.82}, {""temp"": 20.22873, ""step"": 4, ""status"": 1, ""pres"": 966.8925, ""meas_profile"": ""HP-2"", ""meas_id"": 2, ""hum"": 36.14564, ""gas_res"": 34371.64}, {""temp"": 19.98093, ""step"": 4, ""status"": 1, ""pres"": 966.9594, ""meas_profile"": ""HP-1"", ""meas_id"": 1, ""hum"": 34.51649, ""gas_res"": 26397.2}]}",NULL,"2025-10-27 10:24:05.059542"
11916,"04a600b9b0b8","2025-10-27 10:22:09","HGHEmatetwNeaX2Oo27U","{""bme688"": [{""temp"": 20.58018, ""step"": 3, ""status"": 1, ""pres"": 966.9847, ""meas_profile"": ""HP-8"", ""meas_id"": 8, ""hum"": 35.63446, ""gas_res"": 27067.03}, {""temp"": 20.55198, ""step"": 3, ""status"": 1, ""pres"": 967.0625, ""meas_profile"": ""HP-7"", ""meas_id"": 7, ""hum"": 35.49599, ""gas_res"": 35904.63}, {""temp"": 20.61893, ""step"": 3, ""status"": 1, ""pres"": 967.2755, ""meas_profile"": ""HP-6"", ""meas_id"": 6, ""hum"": 35.41264, ""gas_res"": 137375.9}, {""temp"": 20.51173, ""step"": 3, ""status"": 1, ""pres"": 966.9241, ""meas_profile"": ""HP-5"", ""meas_id"": 5, ""hum"": 35.5676, ""gas_res"": 428721.0}, {""temp"": 20.16537, ""step"": 3, ""status"": 1, ""pres"": 967.0999, ""meas_profile"": ""HP-4"", ""meas_id"": 4, ""hum"": 35.36253, ""gas_res"": 517433.1}, {""temp"": 20.34801, ""step"": 3, ""status"": 1, ""pres"": 966.704, ""meas_profile"": ""HP-3"", ""meas_id"": 3, ""hum"": 35.86613, ""gas_res"": 195681.3}, {""temp"": 20.22842, ""step"": 3, ""status"": 1, ""pres"": 966.8937, ""meas_profile"": ""HP-2"", ""meas_id"": 2, ""hum"": 36.15704, ""gas_res"": 351407.0}, {""temp"": 19.98062, ""step"": 3, ""status"": 1, ""pres"": 966.9589, ""meas_profile"": ""HP-1"", ""meas_id"": 1, ""hum"": 34.55164, ""gas_res"": 243230.4}]}",NULL,"2025-10-27 10:24:06.319338"
11917,"04a600b9b0b8","2025-10-27 10:22:09","HGHEmatetwNeaX2Oo27U","{""bme688"": [{""temp"": 20.57987, ""step"": 2, ""status"": 1, ""pres"": 966.9861, ""meas_profile"": ""HP-8"", ""meas_id"": 8, ""hum"": 35.64018, ""gas_res"": 23871.69}, {""temp"": 20.55198, ""step"": 2, ""status"": 1, ""pres"": 967.0625, ""meas_profile"": ""HP-7"", ""meas_id"": 7, ""hum"": 35.51304, ""gas_res"": 30512.52}, {""temp"": 20.61862, ""step"": 2, ""status"": 1, ""pres"": 967.2748, ""meas_profile"": ""HP-6"", ""meas_id"": 6, ""hum"": 35.42414, ""gas_res"": 118903.9}, {""temp"": 20.51142, ""step"": 2, ""status"": 1, ""pres"": 966.9236, ""meas_profile"": ""HP-5"", ""meas_id"": 5, ""hum"": 35.59036, ""gas_res"": 389946.7}, {""temp"": 20.16505, ""step"": 2, ""status"": 1, ""pres"": 967.0995, ""meas_profile"": ""HP-4"", ""meas_id"": 4, ""hum"": 35.39716, ""gas_res"": 433898.3}, {""temp"": 20.3477, ""step"": 2, ""status"": 1, ""pres"": 966.7036, ""meas_profile"": ""HP-3"", ""meas_id"": 3, ""hum"": 35.87188, ""gas_res"": 161412.4}, {""temp"": 20.22842, ""step"": 2, ""status"": 1, ""pres"": 966.8937, ""meas_profile"": ""HP-2"", ""meas_id"": 2, ""hum"": 36.19134, ""gas_res"": 290414.1}, {""temp"": 19.98031, ""step"": 2, ""status"": 1, ""pres"": 966.9584, ""meas_profile"": ""HP-1"", ""meas_id"": 1, ""hum"": 34.55748, ""gas_res"": 201813.2}]}",NULL,"2025-10-27 10:24:07.689808"
11918,"04a600b9b0b8","2025-10-27 10:22:09","HGHEmatetwNeaX2Oo27U","{""bme688"": [{""temp"": 20.57987, ""step"": 1, ""status"": 1, ""pres"": 966.9861, ""meas_profile"": ""HP-8"", ""meas_id"": 8, ""hum"": 35.65168, ""gas_res"": 7104.796}, {""temp"": 20.55198, ""step"": 1, ""status"": 1, ""pres"": 967.0641, ""meas_profile"": ""HP-7"", ""meas_id"": 7, ""hum"": 35.52441, ""gas_res"": 6416.684}, {""temp"": 20.61862, ""step"": 1, ""status"": 1, ""pres"": 967.2748, ""meas_profile"": ""HP-6"", ""meas_id"": 6, ""hum"": 35.42414, ""gas_res"": 20349.76}, {""temp"": 20.51173, ""step"": 1, ""status"": 1, ""pres"": 966.9241, ""meas_profile"": ""HP-5"", ""meas_id"": 5, ""hum"": 35.59608, ""gas_res"": 25775.27}, {""temp"": 20.16505, ""step"": 1, ""status"": 1, ""pres"": 967.0995, ""meas_profile"": ""HP-4"", ""meas_id"": 4, ""hum"": 35.39138, ""gas_res"": 24700.89}, {""temp"": 20.34801, ""step"": 1, ""status"": 1, ""pres"": 966.704, ""meas_profile"": ""HP-3"", ""meas_id"": 3, ""hum"": 35.89503, ""gas_res"": 22783.91}, {""temp"": 20.22873, ""step"": 1, ""status"": 1, ""pres"": 966.8942, ""meas_profile"": ""HP-2"", ""meas_id"": 2, ""hum"": 36.19709, ""gas_res"": 25000.0}, {""temp"": 19.98031, ""step"": 1, ""status"": 1, ""pres"": 966.9584, ""meas_profile"": ""HP-1"", ""meas_id"": 1, ""hum"": 34.56334, ""gas_res"": 25000.0}]}",NULL,"2025-10-27 10:24:08.892705"
11919,"04a600b9b0b8","2025-10-27 10:22:09","HGHEmatetwNeaX2Oo27U","{""bme688"": [{""temp"": 20.57925, ""step"": 0, ""status"": 1, ""pres"": 966.9868, ""meas_profile"": ""HP-8"", ""meas_id"": 8, ""hum"": 35.65737, ""gas_res"": 5684.846}, {""temp"": 20.55136, ""step"": 0, ""status"": 1, ""pres"": 967.0631, ""meas_profile"": ""HP-7"", ""meas_id"": 7, ""hum"": 35.51297, ""gas_res"": 5684.846}, {""temp"": 20.61831, ""step"": 0, ""status"": 1, ""pres"": 967.2762, ""meas_profile"": ""HP-6"", ""meas_id"": 6, ""hum"": 35.4414, ""gas_res"": 7457.469}, {""temp"": 20.51142, ""step"": 0, ""status"": 1, ""pres"": 966.9253, ""meas_profile"": ""HP-5"", ""meas_id"": 5, ""hum"": 35.61315, ""gas_res"": 18740.85}, {""temp"": 20.16505, ""step"": 0, ""status"": 1, ""pres"": 967.1012, ""meas_profile"": ""HP-4"", ""meas_id"": 4, ""hum"": 35.39716, ""gas_res"": 9232.545}, {""temp"": 20.34739, ""step"": 0, ""status"": 1, ""pres"": 966.7031, ""meas_profile"": ""HP-3"", ""meas_id"": 3, ""hum"": 35.90075, ""gas_res"": 5684.846}, {""temp"": 20.22842, ""step"": 0, ""status"": 1, ""pres"": 966.8954, ""meas_profile"": ""HP-2"", ""meas_id"": 2, ""hum"": 36.24281, ""gas_res"": 6558.721}, {""temp"": 19.97968, ""step"": 0, ""status"": 1, ""pres"": 966.9592, ""meas_profile"": ""HP-1"", ""meas_id"": 1, ""hum"": 34.59847, ""gas_res"": 5684.846}]}",NULL,"2025-10-27 10:24:10.153931"
11930,"04a600b9b0b8","2025-10-27 10:24:07","HGHEmatetwNeaX2Oo27U","{""zphs01b"": {""voc"": 0, ""temp"": 18.4, ""pm2_5"": 0, ""pm1_0"": 0, ""pm10"": 376, ""o3"": 0.02, ""no2"": 2.07, ""hum"": 0, ""fmhd"": 0, ""co2"": 5000, ""co"": 0.0}, ""smell_b"": {}, ""sfa30"": {""temp"": 20.89, ""hum"": 35.55, ""fmhd"": 0.6}, ""sen5x"": {""voc"": 112.0, ""temp"": 20.795, ""pm4_0"": 4514.1, ""pm2_5"": 4514.1, ""pm1_0"": 4304.5, ""pm10"": 4514.1, ""nox"": 1.0, ""mass_c"": 4461.7, ""hum"": 40.57}, ""scd41"": {""temp"": 20.00381, ""hum"": 38.34287, ""co2"": 574}, ""power_source"": 0, ""mics6814"": {""red_res"": 0, ""no2_res"": 0, ""no2"": 0.17, ""nh3_res"": 0, ""nh3"": 0.73, ""co_res"": 0, ""co"": 44.0}}",NULL,"2025-10-27 10:24:52.573831"
11931,"04a600b9b0b8","2025-10-27 10:24:07","HGHEmatetwNeaX2Oo27U","{""bme688"": [{""temp"": 20.60983, ""step"": 9, ""status"": 1, ""pres"": 966.9733, ""meas_profile"": ""HP-8"", ""meas_id"": 8, ""hum"": 35.22955, ""gas_res"": 5684.846}, {""temp"": 20.58023, ""step"": 9, ""status"": 1, ""pres"": 967.0622, ""meas_profile"": ""HP-7"", ""meas_id"": 7, ""hum"": 35.11838, ""gas_res"": 5684.846}, {""temp"": 20.6464, ""step"": 9, ""status"": 1, ""pres"": 967.2645, ""meas_profile"": ""HP-6"", ""meas_id"": 6, ""hum"": 35.00077, ""gas_res"": 7279.345}, {""temp"": 20.53675, ""step"": 9, ""status"": 1, ""pres"": 966.918, ""meas_profile"": ""HP-5"", ""meas_id"": 5, ""hum"": 35.19447, ""gas_res"": 25000.0}, {""temp"": 20.19984, ""step"": 9, ""status"": 1, ""pres"": 967.0884, ""meas_profile"": ""HP-4"", ""meas_id"": 4, ""hum"": 34.76635, ""gas_res"": 25000.0}, {""temp"": 20.38388, ""step"": 9, ""status"": 1, ""pres"": 966.6986, ""meas_profile"": ""HP-3"", ""meas_id"": 3, ""hum"": 35.26392, ""gas_res"": 6332.872}, {""temp"": 20.26661, ""step"": 9, ""status"": 1, ""pres"": 966.8756, ""meas_profile"": ""HP-2"", ""meas_id"": 2, ""hum"": 35.5218, ""gas_res"": 7452.259}, {""temp"": 20.02108, ""step"": 9, ""status"": 1, ""pres"": 966.9579, ""meas_profile"": ""HP-1"", ""meas_id"": 1, ""hum"": 33.93503, ""gas_res"": 5895.357}]}",NULL,"2025-10-27 10:24:53.785704"
11932,"04a600b9b0b8","2025-10-27 10:24:07","HGHEmatetwNeaX2Oo27U","{""bme688"": [{""temp"": 20.60797, ""step"": 8, ""status"": 1, ""pres"": 966.9738, ""meas_profile"": ""HP-8"", ""meas_id"": 8, ""hum"": 35.25233, ""gas_res"": 5684.846}, {""temp"": 20.57837, ""step"": 8, ""status"": 1, ""pres"": 967.0624, ""meas_profile"": ""HP-7"", ""meas_id"": 7, ""hum"": 35.12954, ""gas_res"": 5684.846}, {""temp"": 20.64455, ""step"": 8, ""status"": 1, ""pres"": 967.265, ""meas_profile"": ""HP-6"", ""meas_id"": 6, ""hum"": 34.99485, ""gas_res"": 7573.964}, {""temp"": 20.53519, ""step"": 8, ""status"": 1, ""pres"": 966.9188, ""meas_profile"": ""HP-5"", ""meas_id"": 5, ""hum"": 35.18864, ""gas_res"": 25000.0}, {""temp"": 20.19767, ""step"": 8, ""status"": 1, ""pres"": 967.0881, ""meas_profile"": ""HP-4"", ""meas_id"": 4, ""hum"": 34.7719, ""gas_res"": 22980.25}, {""temp"": 20.38141, ""step"": 8, ""status"": 1, ""pres"": 966.6995, ""meas_profile"": ""HP-3"", ""meas_id"": 3, ""hum"": 35.24066, ""gas_res"": 8091.024}, {""temp"": 20.26444, ""step"": 8, ""status"": 1, ""pres"": 966.877, ""meas_profile"": ""HP-2"", ""meas_id"": 2, ""hum"": 35.53298, ""gas_res"": 7181.329}, {""temp"": 20.01859, ""step"": 8, ""status"": 1, ""pres"": 966.9576, ""meas_profile"": ""HP-1"", ""meas_id"": 1, ""hum"": 33.91728, ""gas_res"": 8273.01}]}",NULL,"2025-10-27 10:24:54.524527"
11933,"04a600b9b0b8","2025-10-27 10:24:07","HGHEmatetwNeaX2Oo27U","{""bme688"": [{""temp"": 20.60581, ""step"": 7, ""status"": 1, ""pres"": 966.974, ""meas_profile"": ""HP-8"", ""meas_id"": 8, ""hum"": 35.25212, ""gas_res"": 5684.846}, {""temp"": 20.5762, ""step"": 7, ""status"": 1, ""pres"": 967.0605, ""meas_profile"": ""HP-7"", ""meas_id"": 7, ""hum"": 35.11234, ""gas_res"": 5684.846}, {""temp"": 20.6427, ""step"": 7, ""status"": 1, ""pres"": 967.2656, ""meas_profile"": ""HP-6"", ""meas_id"": 6, ""hum"": 35.00618, ""gas_res"": 7606.37}, {""temp"": 20.53362, ""step"": 7, ""status"": 1, ""pres"": 966.9197, ""meas_profile"": ""HP-5"", ""meas_id"": 5, ""hum"": 35.1885, ""gas_res"": 25000.0}, {""temp"": 20.19549, ""step"": 7, ""status"": 1, ""pres"": 967.0895, ""meas_profile"": ""HP-4"", ""meas_id"": 4, ""hum"": 34.7832, ""gas_res"": 20100.5}, {""temp"": 20.37893, ""step"": 7, ""status"": 1, ""pres"": 966.699, ""meas_profile"": ""HP-3"", ""meas_id"": 3, ""hum"": 35.26921, ""gas_res"": 7109.531}, {""temp"": 20.26195, ""step"": 7, ""status"": 1, ""pres"": 966.8779, ""meas_profile"": ""HP-2"", ""meas_id"": 2, ""hum"": 35.53274, ""gas_res"": 6673.618}, {""temp"": 20.01579, ""step"": 7, ""status"": 1, ""pres"": 966.9588, ""meas_profile"": ""HP-1"", ""meas_id"": 1, ""hum"": 33.92871, ""gas_res"": 7426.317}]}",NULL,"2025-10-27 10:24:55.193714"
11934,"04a600b9b0b8","2025-10-27 10:24:07","HGHEmatetwNeaX2Oo27U","{""bme688"": [{""temp"": 20.60427, ""step"": 6, ""status"": 1, ""pres"": 966.9752, ""meas_profile"": ""HP-8"", ""meas_id"": 8, ""hum"": 35.25198, ""gas_res"": 7727.602}, {""temp"": 20.57495, ""step"": 6, ""status"": 1, ""pres"": 967.0617, ""meas_profile"": ""HP-7"", ""meas_id"": 7, ""hum"": 35.14056, ""gas_res"": 10253.12}, {""temp"": 20.64085, ""step"": 6, ""status"": 1, ""pres"": 967.2659, ""meas_profile"": ""HP-6"", ""meas_id"": 6, ""hum"": 35.006, ""gas_res"": 26913.37}, {""temp"": 20.53175, ""step"": 6, ""status"": 1, ""pres"": 966.92, ""meas_profile"": ""HP-5"", ""meas_id"": 5, ""hum"": 35.18263, ""gas_res"": 115680.1}, {""temp"": 20.19332, ""step"": 6, ""status"": 1, ""pres"": 967.0892, ""meas_profile"": ""HP-4"", ""meas_id"": 4, ""hum"": 34.78876, ""gas_res"": 137265.4}, {""temp"": 20.37646, ""step"": 6, ""status"": 1, ""pres"": 966.7, ""meas_profile"": ""HP-3"", ""meas_id"": 3, ""hum"": 35.26898, ""gas_res"": 80553.8}, {""temp"": 20.25978, ""step"": 6, ""status"": 1, ""pres"": 966.8794, ""meas_profile"": ""HP-2"", ""meas_id"": 2, ""hum"": 35.53823, ""gas_res"": 103601.8}, {""temp"": 20.01361, ""step"": 6, ""status"": 1, ""pres"": 966.9589, ""meas_profile"": ""HP-1"", ""meas_id"": 1, ""hum"": 33.94604, ""gas_res"": 100000.0}]}",NULL,"2025-10-27 10:24:55.865858"
11935,"04a600b9b0b8","2025-10-27 10:24:07","HGHEmatetwNeaX2Oo27U","{""bme688"": [{""temp"": 20.60241, ""step"": 5, ""status"": 1, ""pres"": 966.9757, ""meas_profile"": ""HP-8"", ""meas_id"": 8, ""hum"": 35.24034, ""gas_res"": 7611.798}, {""temp"": 20.5734, ""step"": 5, ""status"": 1, ""pres"": 967.0627, ""meas_profile"": ""HP-7"", ""meas_id"": 7, ""hum"": 35.12908, ""gas_res"": 10059.73}, {""temp"": 20.639, ""step"": 5, ""status"": 1, ""pres"": 967.2664, ""meas_profile"": ""HP-6"", ""meas_id"": 6, ""hum"": 35.00583, ""gas_res"": 26283.37}, {""temp"": 20.52987, ""step"": 5, ""status"": 1, ""pres"": 966.9202, ""meas_profile"": ""HP-5"", ""meas_id"": 5, ""hum"": 35.19383, ""gas_res"": 114285.7}, {""temp"": 20.19115, ""step"": 5, ""status"": 1, ""pres"": 967.0907, ""meas_profile"": ""HP-4"", ""meas_id"": 4, ""hum"": 34.80582, ""gas_res"": 133402.8}, {""temp"": 20.37429, ""step"": 5, ""status"": 1, ""pres"": 966.6998, ""meas_profile"": ""HP-3"", ""meas_id"": 3, ""hum"": 35.28029, ""gas_res"": 44708.35}, {""temp"": 20.25698, ""step"": 5, ""status"": 1, ""pres"": 966.8798, ""meas_profile"": ""HP-2"", ""meas_id"": 2, ""hum"": 35.56644, ""gas_res"": 97006.45}, {""temp"": 20.01112, ""step"": 5, ""status"": 1, ""pres"": 966.9587, ""meas_profile"": ""HP-1"", ""meas_id"": 1, ""hum"": 33.95164, ""gas_res"": 100000.0}]}",NULL,"2025-10-27 10:24:56.520732"
11936,"04a600b9b0b8","2025-10-27 10:24:07","HGHEmatetwNeaX2Oo27U","{""bme688"": [{""temp"": 20.60056, ""step"": 4, ""status"": 1, ""pres"": 966.9763, ""meas_profile"": ""HP-8"", ""meas_id"": 8, ""hum"": 35.27457, ""gas_res"": 7483.629}, {""temp"": 20.57185, ""step"": 4, ""status"": 1, ""pres"": 967.0634, ""meas_profile"": ""HP-7"", ""meas_id"": 7, ""hum"": 35.14027, ""gas_res"": 9910.188}, {""temp"": 20.63714, ""step"": 4, ""status"": 1, ""pres"": 967.2668, ""meas_profile"": ""HP-6"", ""meas_id"": 6, ""hum"": 35.02866, ""gas_res"": 25900.45}, {""temp"": 20.52799, ""step"": 4, ""status"": 1, ""pres"": 966.9205, ""meas_profile"": ""HP-5"", ""meas_id"": 5, ""hum"": 35.20502, ""gas_res"": 112924.6}, {""temp"": 20.18897, ""step"": 4, ""status"": 1, ""pres"": 967.0904, ""meas_profile"": ""HP-4"", ""meas_id"": 4, ""hum"": 34.79411, ""gas_res"": 133298.6}, {""temp"": 20.37213, ""step"": 4, ""status"": 1, ""pres"": 966.7014, ""meas_profile"": ""HP-3"", ""meas_id"": 3, ""hum"": 35.2916, ""gas_res"": 41775.46}, {""temp"": 20.25481, ""step"": 4, ""status"": 1, ""pres"": 966.8814, ""meas_profile"": ""HP-2"", ""meas_id"": 2, ""hum"": 35.57762, ""gas_res"": 100000.0}, {""temp"": 20.00894, ""step"": 4, ""status"": 1, ""pres"": 966.959, ""meas_profile"": ""HP-1"", ""meas_id"": 1, ""hum"": 33.94561, ""gas_res"": 86868.0}]}",NULL,"2025-10-27 10:24:57.187334"
11937,"04a600b9b0b8","2025-10-27 10:24:07","HGHEmatetwNeaX2Oo27U","{""bme688"": [{""temp"": 20.59871, ""step"": 3, ""status"": 1, ""pres"": 966.9769, ""meas_profile"": ""HP-8"", ""meas_id"": 8, ""hum"": 35.29161, ""gas_res"": 12251.15}, {""temp"": 20.56999, ""step"": 3, ""status"": 1, ""pres"": 967.0637, ""meas_profile"": ""HP-7"", ""meas_id"": 7, ""hum"": 35.16278, ""gas_res"": 17048.48}, {""temp"": 20.63529, ""step"": 3, ""status"": 1, ""pres"": 967.2673, ""meas_profile"": ""HP-6"", ""meas_id"": 6, ""hum"": 35.05148, ""gas_res"": 53255.67}, {""temp"": 20.52612, ""step"": 3, ""status"": 1, ""pres"": 966.9208, ""meas_profile"": ""HP-5"", ""meas_id"": 5, ""hum"": 35.22189, ""gas_res"": 155245.6}, {""temp"": 20.18618, ""step"": 3, ""status"": 1, ""pres"": 967.0909, ""meas_profile"": ""HP-4"", ""meas_id"": 4, ""hum"": 34.81112, ""gas_res"": 251473.5}, {""temp"": 20.36966, ""step"": 3, ""status"": 1, ""pres"": 966.7008, ""meas_profile"": ""HP-3"", ""meas_id"": 3, ""hum"": 35.3144, ""gas_res"": 120754.7}, {""temp"": 20.25233, ""step"": 3, ""status"": 1, ""pres"": 966.8822, ""meas_profile"": ""HP-2"", ""meas_id"": 2, ""hum"": 35.56031, ""gas_res"": 211832.8}, {""temp"": 20.00614, ""step"": 3, ""status"": 1, ""pres"": 966.9601, ""meas_profile"": ""HP-1"", ""meas_id"": 1, ""hum"": 33.97456, ""gas_res"": 156383.6}]}",NULL,"2025-10-27 10:24:57.872486"
11938,"04a600b9b0b8","2025-10-27 10:24:07","HGHEmatetwNeaX2Oo27U","{""bme688"": [{""temp"": 20.59716, ""step"": 2, ""status"": 1, ""pres"": 966.9781, ""meas_profile"": ""HP-8"", ""meas_id"": 8, ""hum"": 35.27999, ""gas_res"": 19300.36}, {""temp"": 20.56843, ""step"": 2, ""status"": 1, ""pres"": 967.0627, ""meas_profile"": ""HP-7"", ""meas_id"": 7, ""hum"": 35.15697, ""gas_res"": 28381.38}, {""temp"": 20.63344, ""step"": 2, ""status"": 1, ""pres"": 967.2678, ""meas_profile"": ""HP-6"", ""meas_id"": 6, ""hum"": 35.0513, ""gas_res"": 118986.8}, {""temp"": 20.52424, ""step"": 2, ""status"": 1, ""pres"": 966.9194, ""meas_profile"": ""HP-5"", ""meas_id"": 5, ""hum"": 35.2274, ""gas_res"": 420533.9}, {""temp"": 20.18369, ""step"": 2, ""status"": 1, ""pres"": 967.0918, ""meas_profile"": ""HP-4"", ""meas_id"": 4, ""hum"": 34.81663, ""gas_res"": 623250.1}, {""temp"": 20.36749, ""step"": 2, ""status"": 1, ""pres"": 966.7006, ""meas_profile"": ""HP-3"", ""meas_id"": 3, ""hum"": 35.30844, ""gas_res"": 277883.3}, {""temp"": 20.24953, ""step"": 2, ""status"": 1, ""pres"": 966.8828, ""meas_profile"": ""HP-2"", ""meas_id"": 2, ""hum"": 35.58851, ""gas_res"": 481655.7}, {""temp"": 20.00334, ""step"": 2, ""status"": 1, ""pres"": 966.9595, ""meas_profile"": ""HP-1"", ""meas_id"": 1, ""hum"": 33.96846, ""gas_res"": 362606.2}]}",NULL,"2025-10-27 10:24:58.827901"
11939,"04a600b9b0b8","2025-10-27 10:24:07","HGHEmatetwNeaX2Oo27U","{""bme688"": [{""temp"": 20.59531, ""step"": 1, ""status"": 1, ""pres"": 966.9787, ""meas_profile"": ""HP-8"", ""meas_id"": 8, ""hum"": 35.29703, ""gas_res"": 6178.799}, {""temp"": 20.56657, ""step"": 1, ""status"": 1, ""pres"": 967.0631, ""meas_profile"": ""HP-7"", ""meas_id"": 7, ""hum"": 35.17947, ""gas_res"": 6382.13}, {""temp"": 20.6319, ""step"": 1, ""status"": 1, ""pres"": 967.2687, ""meas_profile"": ""HP-6"", ""meas_id"": 6, ""hum"": 35.05116, ""gas_res"": 22122.37}, {""temp"": 20.52268, ""step"": 1, ""status"": 1, ""pres"": 966.9202, ""meas_profile"": ""HP-5"", ""meas_id"": 5, ""hum"": 35.2102, ""gas_res"": 31067.96}, {""temp"": 20.18152, ""step"": 1, ""status"": 1, ""pres"": 967.0913, ""meas_profile"": ""HP-4"", ""meas_id"": 4, ""hum"": 34.82219, ""gas_res"": 33880.36}, {""temp"": 20.36533, ""step"": 1, ""status"": 1, ""pres"": 966.702, ""meas_profile"": ""HP-3"", ""meas_id"": 3, ""hum"": 35.314, ""gas_res"": 25000.0}, {""temp"": 20.24736, ""step"": 1, ""status"": 1, ""pres"": 966.8843, ""meas_profile"": ""HP-2"", ""meas_id"": 2, ""hum"": 35.56553, ""gas_res"": 27990.38}, {""temp"": 20.00116, ""step"": 1, ""status"": 1, ""pres"": 966.9597, ""meas_profile"": ""HP-1"", ""meas_id"": 1, ""hum"": 33.9858, ""gas_res"": 25000.0}]}",NULL,"2025-10-27 10:24:59.530518"
11940,"04a600b9b0b8","2025-10-27 10:24:07","HGHEmatetwNeaX2Oo27U","{""bme688"": [{""temp"": 20.59346, ""step"": 0, ""status"": 1, ""pres"": 966.9792, ""meas_profile"": ""HP-8"", ""meas_id"": 8, ""hum"": 35.29685, ""gas_res"": 5684.846}, {""temp"": 20.56471, ""step"": 0, ""status"": 1, ""pres"": 967.0633, ""meas_profile"": ""HP-7"", ""meas_id"": 7, ""hum"": 35.14528, ""gas_res"": 5684.846}, {""temp"": 20.63004, ""step"": 0, ""status"": 1, ""pres"": 967.2693, ""meas_profile"": ""HP-6"", ""meas_id"": 6, ""hum"": 35.05674, ""gas_res"": 6083.65}, {""temp"": 20.52111, ""step"": 0, ""status"": 1, ""pres"": 966.921, ""meas_profile"": ""HP-5"", ""meas_id"": 5, ""hum"": 35.22142, ""gas_res"": 25000.0}, {""temp"": 20.17934, ""step"": 0, ""status"": 1, ""pres"": 967.0929, ""meas_profile"": ""HP-4"", ""meas_id"": 4, ""hum"": 34.82199, ""gas_res"": 20081.58}, {""temp"": 20.36285, ""step"": 0, ""status"": 1, ""pres"": 966.7012, ""meas_profile"": ""HP-3"", ""meas_id"": 3, ""hum"": 35.3368, ""gas_res"": 6719.866}, {""temp"": 20.24488, ""step"": 0, ""status"": 1, ""pres"": 966.8851, ""meas_profile"": ""HP-2"", ""meas_id"": 2, ""hum"": 35.58807, ""gas_res"": 6104.54}, {""temp"": 19.99867, ""step"": 0, ""status"": 1, ""pres"": 966.9595, ""meas_profile"": ""HP-1"", ""meas_id"": 1, ""hum"": 33.99141, ""gas_res"": 7002.188}]}",NULL,"2025-10-27 10:25:00.220383"
11941,"04a600b9b0b8","2025-10-27 10:25:11","HGHEmatetwNeaX2Oo27U","{""zphs01b"": {""voc"": 0, ""temp"": 18.5, ""pm2_5"": 0, ""pm1_0"": 0, ""pm10"": 353, ""o3"": 0.02, ""no2"": 10.0, ""hum"": 0, ""fmhd"": 0, ""co2"": 5000, ""co"": 0.0}, ""smell_b"": {}, ""sfa30"": {""temp"": 20.94, ""hum"": 35.6, ""fmhd"": 0.8}, ""sen5x"": {""voc"": 101.0, ""temp"": 20.755, ""pm4_0"": 4308.3, ""pm2_5"": 4308.3, ""pm1_0"": 4108.2, ""pm10"": 4308.3, ""nox"": 1.0, ""mass_c"": 4258.275, ""hum"": 40.91}, ""scd41"": {""temp"": 20.21477, ""hum"": 38.42985, ""co2"": 567}, ""power_source"": 0, ""mics6814"": {""red_res"": 0, ""no2_res"": 0, ""no2"": 0.17, ""nh3_res"": 0, ""nh3"": 0.73, ""co_res"": 0, ""co"": 44.0}}",NULL,"2025-10-27 10:26:03.617167"
11942,"04a600b9b0b8","2025-10-27 10:25:11","HGHEmatetwNeaX2Oo27U","{""bme688"": [{""temp"": 20.65368, ""step"": 9, ""status"": 1, ""pres"": 966.9648, ""meas_profile"": ""HP-8"", ""meas_id"": 8, ""hum"": 35.21646, ""gas_res"": 5684.846}, {""temp"": 20.62184, ""step"": 9, ""status"": 1, ""pres"": 967.062, ""meas_profile"": ""HP-7"", ""meas_id"": 7, ""hum"": 35.11659, ""gas_res"": 5684.846}, {""temp"": 20.68715, ""step"": 9, ""status"": 1, ""pres"": 967.2542, ""meas_profile"": ""HP-6"", ""meas_id"": 6, ""hum"": 35.00456, ""gas_res"": 6146.754}, {""temp"": 20.57615, ""step"": 9, ""status"": 1, ""pres"": 966.9137, ""meas_profile"": ""HP-5"", ""meas_id"": 5, ""hum"": 35.19246, ""gas_res"": 25000.0}, {""temp"": 20.25234, ""step"": 9, ""status"": 1, ""pres"": 967.0783, ""meas_profile"": ""HP-4"", ""meas_id"": 4, ""hum"": 34.76543, ""gas_res"": 25000.0}, {""temp"": 20.43521, ""step"": 9, ""status"": 1, ""pres"": 966.6931, ""meas_profile"": ""HP-3"", ""meas_id"": 3, ""hum"": 35.23993, ""gas_res"": 9145.47}, {""temp"": 20.32002, ""step"": 9, ""status"": 1, ""pres"": 966.8619, ""meas_profile"": ""HP-2"", ""meas_id"": 2, ""hum"": 35.49834, ""gas_res"": 10362.69}, {""temp"": 20.07709, ""step"": 9, ""status"": 1, ""pres"": 966.9537, ""meas_profile"": ""HP-1"", ""meas_id"": 1, ""hum"": 33.89336, ""gas_res"": 8357.273}]}",NULL,"2025-10-27 10:26:04.910447"
11943,"04a600b9b0b8","2025-10-27 10:25:11","HGHEmatetwNeaX2Oo27U","{""bme688"": [{""temp"": 20.65121, ""step"": 8, ""status"": 1, ""pres"": 966.9644, ""meas_profile"": ""HP-8"", ""meas_id"": 8, ""hum"": 35.23343, ""gas_res"": 5684.846}, {""temp"": 20.61967, ""step"": 8, ""status"": 1, ""pres"": 967.0618, ""meas_profile"": ""HP-7"", ""meas_id"": 7, ""hum"": 35.12772, ""gas_res"": 5684.846}, {""temp"": 20.68499, ""step"": 8, ""status"": 1, ""pres"": 967.2541, ""meas_profile"": ""HP-6"", ""meas_id"": 6, ""hum"": 34.98711, ""gas_res"": 6502.743}, {""temp"": 20.57427, ""step"": 8, ""status"": 1, ""pres"": 966.9157, ""meas_profile"": ""HP-5"", ""meas_id"": 5, ""hum"": 35.20934, ""gas_res"": 25000.0}, {""temp"": 20.24954, ""step"": 8, ""status"": 1, ""pres"": 967.0785, ""meas_profile"": ""HP-4"", ""meas_id"": 4, ""hum"": 34.77668, ""gas_res"": 25000.0}, {""temp"": 20.43274, ""step"": 8, ""status"": 1, ""pres"": 966.6941, ""meas_profile"": ""HP-3"", ""meas_id"": 3, ""hum"": 35.23969, ""gas_res"": 8209.338}, {""temp"": 20.31723, ""step"": 8, ""status"": 1, ""pres"": 966.8625, ""meas_profile"": ""HP-2"", ""meas_id"": 2, ""hum"": 35.47532, ""gas_res"": 10589.01}, {""temp"": 20.07429, ""step"": 8, ""status"": 1, ""pres"": 966.9548, ""meas_profile"": ""HP-1"", ""meas_id"": 1, ""hum"": 33.90479, ""gas_res"": 8376.963}]}",NULL,"2025-10-27 10:26:06.001551"
11944,"04a600b9b0b8","2025-10-27 10:25:11","HGHEmatetwNeaX2Oo27U","{""bme688"": [{""temp"": 20.64874, ""step"": 7, ""status"": 1, ""pres"": 966.9641, ""meas_profile"": ""HP-8"", ""meas_id"": 8, ""hum"": 35.26187, ""gas_res"": 5684.846}, {""temp"": 20.61718, ""step"": 7, ""status"": 1, ""pres"": 967.061, ""meas_profile"": ""HP-7"", ""meas_id"": 7, ""hum"": 35.12749, ""gas_res"": 5684.846}, {""temp"": 20.68252, ""step"": 7, ""status"": 1, ""pres"": 967.2554, ""meas_profile"": ""HP-6"", ""meas_id"": 6, ""hum"": 35.02138, ""gas_res"": 6681.979}, {""temp"": 20.5724, ""step"": 7, ""status"": 1, ""pres"": 966.916, ""meas_profile"": ""HP-5"", ""meas_id"": 5, ""hum"": 35.21485, ""gas_res"": 25000.0}, {""temp"": 20.24706, ""step"": 7, ""status"": 1, ""pres"": 967.0793, ""meas_profile"": ""HP-4"", ""meas_id"": 4, ""hum"": 34.7822, ""gas_res"": 25000.0}, {""temp"": 20.43026, ""step"": 7, ""status"": 1, ""pres"": 966.6934, ""meas_profile"": ""HP-3"", ""meas_id"": 3, ""hum"": 35.26249, ""gas_res"": 7858.546}, {""temp"": 20.31474, ""step"": 7, ""status"": 1, ""pres"": 966.8635, ""meas_profile"": ""HP-2"", ""meas_id"": 2, ""hum"": 35.50354, ""gas_res"": 10174.88}, {""temp"": 20.0718, ""step"": 7, ""status"": 1, ""pres"": 966.9545, ""meas_profile"": ""HP-1"", ""meas_id"": 1, ""hum"": 33.89872, ""gas_res"": 7952.286}]}",NULL,"2025-10-27 10:26:07.292457"
11945,"04a600b9b0b8","2025-10-27 10:25:11","HGHEmatetwNeaX2Oo27U","{""bme688"": [{""temp"": 20.64658, ""step"": 6, ""status"": 1, ""pres"": 966.9659, ""meas_profile"": ""HP-8"", ""meas_id"": 8, ""hum"": 35.25594, ""gas_res"": 8109.478}, {""temp"": 20.61532, ""step"": 6, ""status"": 1, ""pres"": 967.0613, ""meas_profile"": ""HP-7"", ""meas_id"": 7, ""hum"": 35.13866, ""gas_res"": 11038.29}, {""temp"": 20.68067, ""step"": 6, ""status"": 1, ""pres"": 967.2558, ""meas_profile"": ""HP-6"", ""meas_id"": 6, ""hum"": 35.01546, ""gas_res"": 32315.07}, {""temp"": 20.57052, ""step"": 6, ""status"": 1, ""pres"": 966.9163, ""meas_profile"": ""HP-5"", ""meas_id"": 5, ""hum"": 35.21467, ""gas_res"": 158268.9}, {""temp"": 20.24426, ""step"": 6, ""status"": 1, ""pres"": 967.08, ""meas_profile"": ""HP-4"", ""meas_id"": 4, ""hum"": 34.78195, ""gas_res"": 284840.1}, {""temp"": 20.42748, ""step"": 6, ""status"": 1, ""pres"": 966.6939, ""meas_profile"": ""HP-3"", ""meas_id"": 3, ""hum"": 35.26799, ""gas_res"": 98689.28}, {""temp"": 20.31195, ""step"": 6, ""status"": 1, ""pres"": 966.8639, ""meas_profile"": ""HP-2"", ""meas_id"": 2, ""hum"": 35.52036, ""gas_res"": 164050.0}, {""temp"": 20.069, ""step"": 6, ""status"": 1, ""pres"": 966.9556, ""meas_profile"": ""HP-1"", ""meas_id"": 1, ""hum"": 33.91015, ""gas_res"": 127521.8}]}",NULL,"2025-10-27 10:26:08.545271"
11946,"04a600b9b0b8","2025-10-27 10:25:11","HGHEmatetwNeaX2Oo27U","{""bme688"": [{""temp"": 20.64442, ""step"": 5, ""status"": 1, ""pres"": 966.9659, ""meas_profile"": ""HP-8"", ""meas_id"": 8, ""hum"": 35.27294, ""gas_res"": 7958.219}, {""temp"": 20.61346, ""step"": 5, ""status"": 1, ""pres"": 967.0616, ""meas_profile"": ""HP-7"", ""meas_id"": 7, ""hum"": 35.13281, ""gas_res"": 10792.58}, {""temp"": 20.67882, ""step"": 5, ""status"": 1, ""pres"": 967.2562, ""meas_profile"": ""HP-6"", ""meas_id"": 6, ""hum"": 35.04403, ""gas_res"": 31761.79}, {""temp"": 20.56865, ""step"": 5, ""status"": 1, ""pres"": 966.9165, ""meas_profile"": ""HP-5"", ""meas_id"": 5, ""hum"": 35.22018, ""gas_res"": 156383.6}, {""temp"": 20.24146, ""step"": 5, ""status"": 1, ""pres"": 967.0803, ""meas_profile"": ""HP-4"", ""meas_id"": 4, ""hum"": 34.78744, ""gas_res"": 288450.7}, {""temp"": 20.42501, ""step"": 5, ""status"": 1, ""pres"": 966.6949, ""meas_profile"": ""HP-3"", ""meas_id"": 3, ""hum"": 35.28503, ""gas_res"": 96567.34}, {""temp"": 20.30946, ""step"": 5, ""status"": 1, ""pres"": 966.8649, ""meas_profile"": ""HP-2"", ""meas_id"": 2, ""hum"": 35.51443, ""gas_res"": 159900.1}, {""temp"": 20.06589, ""step"": 5, ""status"": 1, ""pres"": 966.9563, ""meas_profile"": ""HP-1"", ""meas_id"": 1, ""hum"": 33.90987, ""gas_res"": 123910.9}]}",NULL,"2025-10-27 10:26:10.026544"
11947,"04a600b9b0b8","2025-10-27 10:25:11","HGHEmatetwNeaX2Oo27U","{""bme688"": [{""temp"": 20.64256, ""step"": 4, ""status"": 1, ""pres"": 966.9666, ""meas_profile"": ""HP-8"", ""meas_id"": 8, ""hum"": 35.2785, ""gas_res"": 7870.143}, {""temp"": 20.61191, ""step"": 4, ""status"": 1, ""pres"": 967.0639, ""meas_profile"": ""HP-7"", ""meas_id"": 7, ""hum"": 35.14401, ""gas_res"": 10526.32}, {""temp"": 20.67697, ""step"": 4, ""status"": 1, ""pres"": 967.2585, ""meas_profile"": ""HP-6"", ""meas_id"": 6, ""hum"": 35.06111, ""gas_res"": 31364.86}, {""temp"": 20.56646, ""step"": 4, ""status"": 1, ""pres"": 966.9163, ""meas_profile"": ""HP-5"", ""meas_id"": 5, ""hum"": 35.23134, ""gas_res"": 156670.8}, {""temp"": 20.23867, ""step"": 4, ""status"": 1, ""pres"": 967.0808, ""meas_profile"": ""HP-4"", ""meas_id"": 4, ""hum"": 34.78719, ""gas_res"": 300117.2}, {""temp"": 20.42222, ""step"": 4, ""status"": 1, ""pres"": 966.6955, ""meas_profile"": ""HP-3"", ""meas_id"": 3, ""hum"": 35.27325, ""gas_res"": 96024.01}, {""temp"": 20.30698, ""step"": 4, ""status"": 1, ""pres"": 966.8658, ""meas_profile"": ""HP-2"", ""meas_id"": 2, ""hum"": 35.50851, ""gas_res"": 157538.5}, {""temp"": 20.06309, ""step"": 4, ""status"": 1, ""pres"": 966.9557, ""meas_profile"": ""HP-1"", ""meas_id"": 1, ""hum"": 33.90962, ""gas_res"": 121788.8}]}",NULL,"2025-10-27 10:26:11.759511"
11948,"04a600b9b0b8","2025-10-27 10:25:11","HGHEmatetwNeaX2Oo27U","{""bme688"": [{""temp"": 20.63978, ""step"": 3, ""status"": 1, ""pres"": 966.9674, ""meas_profile"": ""HP-8"", ""meas_id"": 8, ""hum"": 35.28972, ""gas_res"": 5684.846}, {""temp"": 20.60942, ""step"": 3, ""status"": 1, ""pres"": 967.0633, ""meas_profile"": ""HP-7"", ""meas_id"": 7, ""hum"": 35.1778, ""gas_res"": 7067.138}, {""temp"": 20.6745, ""step"": 3, ""status"": 1, ""pres"": 967.258, ""meas_profile"": ""HP-6"", ""meas_id"": 6, ""hum"": 35.06664, ""gas_res"": 18497.11}, {""temp"": 20.56427, ""step"": 3, ""status"": 1, ""pres"": 966.9161, ""meas_profile"": ""HP-5"", ""meas_id"": 5, ""hum"": 35.25956, ""gas_res"": 54306.32}, {""temp"": 20.23556, ""step"": 3, ""status"": 1, ""pres"": 967.0806, ""meas_profile"": ""HP-4"", ""meas_id"": 4, ""hum"": 34.80415, ""gas_res"": 72851.45}, {""temp"": 20.41944, ""step"": 3, ""status"": 0, ""pres"": 966.6944, ""meas_profile"": ""HP-3"", ""meas_id"": 3, ""hum"": 35.30754, ""gas_res"": 44244.73}, {""temp"": 20.30387, ""step"": 3, ""status"": 1, ""pres"": 966.8658, ""meas_profile"": ""HP-2"", ""meas_id"": 2, ""hum"": 35.53668, ""gas_res"": 71508.38}, {""temp"": 20.05998, ""step"": 3, ""status"": 1, ""pres"": 966.9562, ""meas_profile"": ""HP-1"", ""meas_id"": 1, ""hum"": 33.92101, ""gas_res"": 48120.3}]}",NULL,"2025-10-27 10:26:13.039773"
11949,"04a600b9b0b8","2025-10-27 10:25:11","HGHEmatetwNeaX2Oo27U","{""bme688"": [{""temp"": 20.63762, ""step"": 2, ""status"": 1, ""pres"": 966.9677, ""meas_profile"": ""HP-8"", ""meas_id"": 8, ""hum"": 35.28952, ""gas_res"": 17467.25}, {""temp"": 20.60756, ""step"": 2, ""status"": 1, ""pres"": 967.0635, ""meas_profile"": ""HP-7"", ""meas_id"": 7, ""hum"": 35.17762, ""gas_res"": 26218.76}, {""temp"": 20.67264, ""step"": 2, ""status"": 1, ""pres"": 967.2603, ""meas_profile"": ""HP-6"", ""meas_id"": 6, ""hum"": 35.07796, ""gas_res"": 123462.7}, {""temp"": 20.56208, ""step"": 2, ""status"": 1, ""pres"": 966.9175, ""meas_profile"": ""HP-5"", ""meas_id"": 5, ""hum"": 35.25935, ""gas_res"": 500366.5}, {""temp"": 20.23277, ""step"": 2, ""status"": 1, ""pres"": 967.0811, ""meas_profile"": ""HP-4"", ""meas_id"": 4, ""hum"": 34.82692, ""gas_res"": 1059767.0}, {""temp"": 20.41666, ""step"": 2, ""status"": 1, ""pres"": 966.6948, ""meas_profile"": ""HP-3"", ""meas_id"": 3, ""hum"": 35.30727, ""gas_res"": 423140.5}, {""temp"": 20.30108, ""step"": 2, ""status"": 1, ""pres"": 966.8679, ""meas_profile"": ""HP-2"", ""meas_id"": 2, ""hum"": 35.51365, ""gas_res"": 848911.9}, {""temp"": 20.05718, ""step"": 2, ""status"": 1, ""pres"": 966.9554, ""meas_profile"": ""HP-1"", ""meas_id"": 1, ""hum"": 33.93828, ""gas_res"": 596562.8}]}",NULL,"2025-10-27 10:26:14.33842"
11950,"04a600b9b0b8","2025-10-27 10:25:11","HGHEmatetwNeaX2Oo27U","{""bme688"": [{""temp"": 20.63577, ""step"": 1, ""status"": 1, ""pres"": 966.9684, ""meas_profile"": ""HP-8"", ""meas_id"": 8, ""hum"": 35.28934, ""gas_res"": 6139.678}, {""temp"": 20.60538, ""step"": 1, ""status"": 1, ""pres"": 967.0633, ""meas_profile"": ""HP-7"", ""meas_id"": 7, ""hum"": 35.17742, ""gas_res"": 6482.982}, {""temp"": 20.67048, ""step"": 1, ""status"": 1, ""pres"": 967.2601, ""meas_profile"": ""HP-6"", ""meas_id"": 6, ""hum"": 35.06626, ""gas_res"": 25000.0}, {""temp"": 20.56051, ""step"": 1, ""status"": 1, ""pres"": 966.9183, ""meas_profile"": ""HP-5"", ""meas_id"": 5, ""hum"": 35.25352, ""gas_res"": 41012.5}, {""temp"": 20.23028, ""step"": 1, ""status"": 1, ""pres"": 967.0818, ""meas_profile"": ""HP-4"", ""meas_id"": 4, ""hum"": 34.82669, ""gas_res"": 95220.38}, {""temp"": 20.41418, ""step"": 1, ""status"": 1, ""pres"": 966.6942, ""meas_profile"": ""HP-3"", ""meas_id"": 3, ""hum"": 35.31281, ""gas_res"": 32761.71}, {""temp"": 20.29828, ""step"": 1, ""status"": 1, ""pres"": 966.8683, ""meas_profile"": ""HP-2"", ""meas_id"": 2, ""hum"": 35.52476, ""gas_res"": 100000.0}, {""temp"": 20.05437, ""step"": 1, ""status"": 1, ""pres"": 966.9567, ""meas_profile"": ""HP-1"", ""meas_id"": 1, ""hum"": 33.94387, ""gas_res"": 35078.11}]}",NULL,"2025-10-27 10:26:15.704891"
11951,"04a600b9b0b8","2025-10-27 10:25:11","HGHEmatetwNeaX2Oo27U","{""bme688"": [{""temp"": 20.6333, ""step"": 0, ""status"": 1, ""pres"": 966.9679, ""meas_profile"": ""HP-8"", ""meas_id"": 8, ""hum"": 35.28337, ""gas_res"": 5684.846}, {""temp"": 20.60321, ""step"": 0, ""status"": 1, ""pres"": 967.0632, ""meas_profile"": ""HP-7"", ""meas_id"": 7, ""hum"": 35.18289, ""gas_res"": 5684.846}, {""temp"": 20.66863, ""step"": 0, ""status"": 1, ""pres"": 967.2606, ""meas_profile"": ""HP-6"", ""meas_id"": 6, ""hum"": 35.06609, ""gas_res"": 6762.468}, {""temp"": 20.55864, ""step"": 0, ""status"": 1, ""pres"": 966.9187, ""meas_profile"": ""HP-5"", ""meas_id"": 5, ""hum"": 35.26472, ""gas_res"": 25000.0}, {""temp"": 20.2278, ""step"": 0, ""status"": 1, ""pres"": 967.0828, ""meas_profile"": ""HP-4"", ""meas_id"": 4, ""hum"": 34.83221, ""gas_res"": 25000.0}, {""temp"": 20.41171, ""step"": 0, ""status"": 1, ""pres"": 966.6951, ""meas_profile"": ""HP-3"", ""meas_id"": 3, ""hum"": 35.31257, ""gas_res"": 7688.611}, {""temp"": 20.2958, ""step"": 0, ""status"": 1, ""pres"": 966.8694, ""meas_profile"": ""HP-2"", ""meas_id"": 2, ""hum"": 35.52453, ""gas_res"": 9765.029}, {""temp"": 20.05157, ""step"": 0, ""status"": 1, ""pres"": 966.9578, ""meas_profile"": ""HP-1"", ""meas_id"": 1, ""hum"": 33.93194, ""gas_res"": 7633.588}]}",NULL,"2025-10-27 10:26:16.884544"
11952,"04a600b9b0b8","2025-10-27 10:24:44","HGHEmatetwNeaX2Oo27U","{""zphs01b"": {""voc"": 0, ""temp"": 18.5, ""pm2_5"": 0, ""pm1_0"": 0, ""pm10"": 370, ""o3"": 0.02, ""no2"": 10.0, ""hum"": 0, ""fmhd"": 0, ""co2"": 5000, ""co"": 0.0}, ""smell_b"": {}, ""sfa30"": {""temp"": 20.915, ""hum"": 35.62, ""fmhd"": 0.6}, ""sen5x"": {""voc"": 115.0, ""temp"": 20.77, ""pm4_0"": 4423.8, ""pm2_5"": 4423.8, ""pm1_0"": 4218.3, ""pm10"": 4423.8, ""nox"": 1.0, ""mass_c"": 4372.425, ""hum"": 40.75}, ""scd41"": {""temp"": 20.0946, ""hum"": 38.42527, ""co2"": 571}, ""power_source"": 0, ""mics6814"": {""red_res"": 0, ""no2_res"": 0, ""no2"": 0.17, ""nh3_res"": 0, ""nh3"": 0.73, ""co_res"": 0, ""co"": 44.0}}",NULL,"2025-10-27 10:26:18.057911"
11953,"04a600b9b0b8","2025-10-27 10:24:44","HGHEmatetwNeaX2Oo27U","{""bme688"": [{""temp"": 20.63114, ""step"": 9, ""status"": 1, ""pres"": 966.968, ""meas_profile"": ""HP-8"", ""meas_id"": 8, ""hum"": 35.2717, ""gas_res"": 5684.846}, {""temp"": 20.60073, ""step"": 9, ""status"": 1, ""pres"": 967.0623, ""meas_profile"": ""HP-7"", ""meas_id"": 7, ""hum"": 35.14864, ""gas_res"": 5684.846}, {""temp"": 20.66647, ""step"": 9, ""status"": 1, ""pres"": 967.2606, ""meas_profile"": ""HP-6"", ""meas_id"": 6, ""hum"": 35.06013, ""gas_res"": 7750.061}, {""temp"": 20.55676, ""step"": 9, ""status"": 1, ""pres"": 966.9189, ""meas_profile"": ""HP-5"", ""meas_id"": 5, ""hum"": 35.21907, ""gas_res"": 25000.0}, {""temp"": 20.22532, ""step"": 9, ""status"": 1, ""pres"": 967.082, ""meas_profile"": ""HP-4"", ""meas_id"": 4, ""hum"": 34.79746, ""gas_res"": 25000.0}, {""temp"": 20.40924, ""step"": 9, ""status"": 1, ""pres"": 966.6962, ""meas_profile"": ""HP-3"", ""meas_id"": 3, ""hum"": 35.28355, ""gas_res"": 7750.061}, {""temp"": 20.29332, ""step"": 9, ""status"": 1, ""pres"": 966.8704, ""meas_profile"": ""HP-2"", ""meas_id"": 2, ""hum"": 35.53568, ""gas_res"": 9129.814}, {""temp"": 20.04909, ""step"": 9, ""status"": 1, ""pres"": 966.9576, ""meas_profile"": ""HP-1"", ""meas_id"": 1, ""hum"": 33.93171, ""gas_res"": 7128.537}]}",NULL,"2025-10-27 10:26:19.453091"
11954,"04a600b9b0b8","2025-10-27 10:24:44","HGHEmatetwNeaX2Oo27U","{""bme688"": [{""temp"": 20.62867, ""step"": 8, ""status"": 1, ""pres"": 966.9694, ""meas_profile"": ""HP-8"", ""meas_id"": 8, ""hum"": 35.27147, ""gas_res"": 5684.846}, {""temp"": 20.59855, ""step"": 8, ""status"": 1, ""pres"": 967.0621, ""meas_profile"": ""HP-7"", ""meas_id"": 7, ""hum"": 35.13142, ""gas_res"": 5684.846}, {""temp"": 20.66462, ""step"": 8, ""status"": 1, ""pres"": 967.2611, ""meas_profile"": ""HP-6"", ""meas_id"": 6, ""hum"": 35.03696, ""gas_res"": 5879.111}, {""temp"": 20.55489, ""step"": 8, ""status"": 1, ""pres"": 966.9192, ""meas_profile"": ""HP-5"", ""meas_id"": 5, ""hum"": 35.20753, ""gas_res"": 25000.0}, {""temp"": 20.22283, ""step"": 8, ""status"": 1, ""pres"": 967.0829, ""meas_profile"": ""HP-4"", ""meas_id"": 4, ""hum"": 34.79148, ""gas_res"": 25000.0}, {""temp"": 20.40676, ""step"": 8, ""status"": 1, ""pres"": 966.6954, ""meas_profile"": ""HP-3"", ""meas_id"": 3, ""hum"": 35.28332, ""gas_res"": 6911.447}, {""temp"": 20.29083, ""step"": 8, ""status"": 1, ""pres"": 966.8713, ""meas_profile"": ""HP-2"", ""meas_id"": 2, ""hum"": 35.49561, ""gas_res"": 8834.897}, {""temp"": 20.04628, ""step"": 8, ""status"": 1, ""pres"": 966.957, ""meas_profile"": ""HP-1"", ""meas_id"": 1, ""hum"": 33.93146, ""gas_res"": 7006.788}]}",NULL,"2025-10-27 10:26:20.81534"
11955,"04a600b9b0b8","2025-10-27 10:24:44","HGHEmatetwNeaX2Oo27U","{""bme688"": [{""temp"": 20.6265, ""step"": 7, ""status"": 1, ""pres"": 966.9696, ""meas_profile"": ""HP-8"", ""meas_id"": 8, ""hum"": 35.277, ""gas_res"": 5684.846}, {""temp"": 20.59607, ""step"": 7, ""status"": 1, ""pres"": 967.0614, ""meas_profile"": ""HP-7"", ""meas_id"": 7, ""hum"": 35.1482, ""gas_res"": 5684.846}, {""temp"": 20.66246, ""step"": 7, ""status"": 1, ""pres"": 967.2628, ""meas_profile"": ""HP-6"", ""meas_id"": 6, ""hum"": 35.02526, ""gas_res"": 6059.458}, {""temp"": 20.55301, ""step"": 7, ""status"": 1, ""pres"": 966.9196, ""meas_profile"": ""HP-5"", ""meas_id"": 5, ""hum"": 35.20167, ""gas_res"": 25000.0}, {""temp"": 20.22034, ""step"": 7, ""status"": 1, ""pres"": 967.0839, ""meas_profile"": ""HP-4"", ""meas_id"": 4, ""hum"": 34.7855, ""gas_res"": 25000.0}, {""temp"": 20.4046, ""step"": 7, ""status"": 1, ""pres"": 966.697, ""meas_profile"": ""HP-3"", ""meas_id"": 3, ""hum"": 35.28312, ""gas_res"": 6514.658}, {""temp"": 20.28835, ""step"": 7, ""status"": 1, ""pres"": 966.8723, ""meas_profile"": ""HP-2"", ""meas_id"": 2, ""hum"": 35.52383, ""gas_res"": 8634.646}, {""temp"": 20.04379, ""step"": 7, ""status"": 1, ""pres"": 966.9584, ""meas_profile"": ""HP-1"", ""meas_id"": 1, ""hum"": 33.91956, ""gas_res"": 6636.25}]}",NULL,"2025-10-27 10:26:21.992784"
11956,"04a600b9b0b8","2025-10-27 10:24:44","HGHEmatetwNeaX2Oo27U","{""bme688"": [{""temp"": 20.62434, ""step"": 6, ""status"": 1, ""pres"": 966.9695, ""meas_profile"": ""HP-8"", ""meas_id"": 8, ""hum"": 35.26533, ""gas_res"": 7617.234}, {""temp"": 20.59452, ""step"": 6, ""status"": 1, ""pres"": 967.0622, ""meas_profile"": ""HP-7"", ""meas_id"": 7, ""hum"": 35.14806, ""gas_res"": 10155.51}, {""temp"": 20.6603, ""step"": 6, ""status"": 1, ""pres"": 967.2628, ""meas_profile"": ""HP-6"", ""meas_id"": 6, ""hum"": 35.03081, ""gas_res"": 28476.08}, {""temp"": 20.55082, ""step"": 6, ""status"": 1, ""pres"": 966.9192, ""meas_profile"": ""HP-5"", ""meas_id"": 5, ""hum"": 35.20715, ""gas_res"": 133821.2}, {""temp"": 20.21786, ""step"": 6, ""status"": 1, ""pres"": 967.0847, ""meas_profile"": ""HP-4"", ""meas_id"": 4, ""hum"": 34.80252, ""gas_res"": 173031.4}, {""temp"": 20.40213, ""step"": 6, ""status"": 1, ""pres"": 966.6981, ""meas_profile"": ""HP-3"", ""meas_id"": 3, ""hum"": 35.28289, ""gas_res"": 100000.0}, {""temp"": 20.28586, ""step"": 6, ""status"": 1, ""pres"": 966.8733, ""meas_profile"": ""HP-2"", ""meas_id"": 2, ""hum"": 35.5236, ""gas_res"": 133090.7}, {""temp"": 20.04099, ""step"": 6, ""status"": 1, ""pres"": 966.9578, ""meas_profile"": ""HP-1"", ""meas_id"": 1, ""hum"": 33.93682, ""gas_res"": 103350.8}]}",NULL,"2025-10-27 10:26:23.275677"
11957,"04a600b9b0b8","2025-10-27 10:24:44","HGHEmatetwNeaX2Oo27U","{""bme688"": [{""temp"": 20.62249, ""step"": 5, ""status"": 1, ""pres"": 966.9703, ""meas_profile"": ""HP-8"", ""meas_id"": 8, ""hum"": 35.27663, ""gas_res"": 7462.687}, {""temp"": 20.59266, ""step"": 5, ""status"": 1, ""pres"": 967.0625, ""meas_profile"": ""HP-7"", ""meas_id"": 7, ""hum"": 35.13655, ""gas_res"": 9984.399}, {""temp"": 20.65844, ""step"": 5, ""status"": 1, ""pres"": 967.2631, ""meas_profile"": ""HP-6"", ""meas_id"": 6, ""hum"": 35.03064, ""gas_res"": 28100.99}, {""temp"": 20.54895, ""step"": 5, ""status"": 1, ""pres"": 966.9196, ""meas_profile"": ""HP-5"", ""meas_id"": 5, ""hum"": 35.20697, ""gas_res"": 131147.5}, {""temp"": 20.21537, ""step"": 5, ""status"": 1, ""pres"": 967.0857, ""meas_profile"": ""HP-4"", ""meas_id"": 4, ""hum"": 34.80805, ""gas_res"": 169930.3}, {""temp"": 20.39965, ""step"": 5, ""status"": 1, ""pres"": 966.6973, ""meas_profile"": ""HP-3"", ""meas_id"": 3, ""hum"": 35.2769, ""gas_res"": 100000.0}, {""temp"": 20.28276, ""step"": 5, ""status"": 1, ""pres"": 966.8733, ""meas_profile"": ""HP-2"", ""meas_id"": 2, ""hum"": 35.52331, ""gas_res"": 125183.4}, {""temp"": 20.03819, ""step"": 5, ""status"": 1, ""pres"": 966.9588, ""meas_profile"": ""HP-1"", ""meas_id"": 1, ""hum"": 33.9249, ""gas_res"": 96731.53}]}",NULL,"2025-10-27 10:26:24.575712"
11958,"04a600b9b0b8","2025-10-27 10:24:44","HGHEmatetwNeaX2Oo27U","{""bme688"": [{""temp"": 20.62033, ""step"": 4, ""status"": 1, ""pres"": 966.9704, ""meas_profile"": ""HP-8"", ""meas_id"": 8, ""hum"": 35.27642, ""gas_res"": 7309.273}, {""temp"": 20.59079, ""step"": 4, ""status"": 1, ""pres"": 967.0627, ""meas_profile"": ""HP-7"", ""meas_id"": 7, ""hum"": 35.13637, ""gas_res"": 9711.685}, {""temp"": 20.65628, ""step"": 4, ""status"": 1, ""pres"": 967.2631, ""meas_profile"": ""HP-6"", ""meas_id"": 6, ""hum"": 35.03619, ""gas_res"": 27327.07}, {""temp"": 20.54676, ""step"": 4, ""status"": 1, ""pres"": 966.9177, ""meas_profile"": ""HP-5"", ""meas_id"": 5, ""hum"": 35.22382, ""gas_res"": 130346.2}, {""temp"": 20.21289, ""step"": 4, ""status"": 1, ""pres"": 967.0865, ""meas_profile"": ""HP-4"", ""meas_id"": 4, ""hum"": 34.79632, ""gas_res"": 170439.4}, {""temp"": 20.39718, ""step"": 4, ""status"": 1, ""pres"": 966.6983, ""meas_profile"": ""HP-3"", ""meas_id"": 3, ""hum"": 35.29395, ""gas_res"": 90555.36}, {""temp"": 20.27996, ""step"": 4, ""status"": 1, ""pres"": 966.8738, ""meas_profile"": ""HP-2"", ""meas_id"": 2, ""hum"": 35.54012, ""gas_res"": 118738.4}, {""temp"": 20.03539, ""step"": 4, ""status"": 1, ""pres"": 966.9581, ""meas_profile"": ""HP-1"", ""meas_id"": 1, ""hum"": 33.93048, ""gas_res"": 100000.0}]}",NULL,"2025-10-27 10:26:25.941478"
11959,"04a600b9b0b8","2025-10-27 10:24:44","HGHEmatetwNeaX2Oo27U","{""bme688"": [{""temp"": 20.61847, ""step"": 3, ""status"": 1, ""pres"": 966.9709, ""meas_profile"": ""HP-8"", ""meas_id"": 8, ""hum"": 35.28199, ""gas_res"": 7364.787}, {""temp"": 20.58862, ""step"": 3, ""status"": 1, ""pres"": 967.0625, ""meas_profile"": ""HP-7"", ""meas_id"": 7, ""hum"": 35.14184, ""gas_res"": 9580.838}, {""temp"": 20.65412, ""step"": 3, ""status"": 1, ""pres"": 967.2629, ""meas_profile"": ""HP-6"", ""meas_id"": 6, ""hum"": 35.03598, ""gas_res"": 26010.97}, {""temp"": 20.54457, ""step"": 3, ""status"": 1, ""pres"": 966.9174, ""meas_profile"": ""HP-5"", ""meas_id"": 5, ""hum"": 35.21793, ""gas_res"": 65024.13}, {""temp"": 20.21009, ""step"": 3, ""status"": 1, ""pres"": 967.087, ""meas_profile"": ""HP-4"", ""meas_id"": 4, ""hum"": 34.81907, ""gas_res"": 120075.0}, {""temp"": 20.39439, ""step"": 3, ""status"": 1, ""pres"": 966.6989, ""meas_profile"": ""HP-3"", ""meas_id"": 3, ""hum"": 35.27066, ""gas_res"": 60079.79}, {""temp"": 20.27717, ""step"": 3, ""status"": 1, ""pres"": 966.8743, ""meas_profile"": ""HP-2"", ""meas_id"": 2, ""hum"": 35.53986, ""gas_res"": 104425.9}, {""temp"": 20.03228, ""step"": 3, ""status"": 1, ""pres"": 966.957, ""meas_profile"": ""HP-1"", ""meas_id"": 1, ""hum"": 33.9302, ""gas_res"": 76235.85}]}",NULL,"2025-10-27 10:26:27.115402"
11960,"04a600b9b0b8","2025-10-27 10:24:44","HGHEmatetwNeaX2Oo27U","{""bme688"": [{""temp"": 20.61631, ""step"": 2, ""status"": 1, ""pres"": 966.9712, ""meas_profile"": ""HP-8"", ""meas_id"": 8, ""hum"": 35.29326, ""gas_res"": 17567.94}, {""temp"": 20.58675, ""step"": 2, ""status"": 1, ""pres"": 967.0628, ""meas_profile"": ""HP-7"", ""meas_id"": 7, ""hum"": 35.14733, ""gas_res"": 25931.93}, {""temp"": 20.65196, ""step"": 2, ""status"": 1, ""pres"": 967.2631, ""meas_profile"": ""HP-6"", ""meas_id"": 6, ""hum"": 35.02428, ""gas_res"": 115837.1}, {""temp"": 20.54238, ""step"": 2, ""status"": 1, ""pres"": 966.9172, ""meas_profile"": ""HP-5"", ""meas_id"": 5, ""hum"": 35.20636, ""gas_res"": 445798.9}, {""temp"": 20.2073, ""step"": 2, ""status"": 1, ""pres"": 967.0873, ""meas_profile"": ""HP-4"", ""meas_id"": 4, ""hum"": 34.7958, ""gas_res"": 831844.0}, {""temp"": 20.39161, ""step"": 2, ""status"": 1, ""pres"": 966.6976, ""meas_profile"": ""HP-3"", ""meas_id"": 3, ""hum"": 35.29918, ""gas_res"": 346062.8}, {""temp"": 20.27437, ""step"": 2, ""status"": 1, ""pres"": 966.8748, ""meas_profile"": ""HP-2"", ""meas_id"": 2, ""hum"": 35.5396, ""gas_res"": 601821.9}, {""temp"": 20.02948, ""step"": 2, ""status"": 1, ""pres"": 966.9581, ""meas_profile"": ""HP-1"", ""meas_id"": 1, ""hum"": 33.92995, ""gas_res"": 443194.1}]}",NULL,"2025-10-27 10:26:28.41445"
11961,"04a600b9b0b8","2025-10-27 10:24:44","HGHEmatetwNeaX2Oo27U","{""bme688"": [{""temp"": 20.61446, ""step"": 1, ""status"": 1, ""pres"": 966.9737, ""meas_profile"": ""HP-8"", ""meas_id"": 8, ""hum"": 35.28161, ""gas_res"": 5941.33}, {""temp"": 20.58458, ""step"": 1, ""status"": 1, ""pres"": 967.0627, ""meas_profile"": ""HP-7"", ""meas_id"": 7, ""hum"": 35.14146, ""gas_res"": 6214.799}, {""temp"": 20.65011, ""step"": 1, ""status"": 1, ""pres"": 967.2635, ""meas_profile"": ""HP-6"", ""meas_id"": 6, ""hum"": 35.02986, ""gas_res"": 23205.22}, {""temp"": 20.5405, ""step"": 1, ""status"": 1, ""pres"": 966.9192, ""meas_profile"": ""HP-5"", ""meas_id"": 5, ""hum"": 35.21755, ""gas_res"": 34678.95}, {""temp"": 20.20481, ""step"": 1, ""status"": 1, ""pres"": 967.0867, ""meas_profile"": ""HP-4"", ""meas_id"": 4, ""hum"": 34.80133, ""gas_res"": 43126.68}, {""temp"": 20.38914, ""step"": 1, ""status"": 1, ""pres"": 966.6987, ""meas_profile"": ""HP-3"", ""meas_id"": 3, ""hum"": 35.27016, ""gas_res"": 24629.59}, {""temp"": 20.27189, ""step"": 1, ""status"": 1, ""pres"": 966.8741, ""meas_profile"": ""HP-2"", ""meas_id"": 2, ""hum"": 35.53937, ""gas_res"": 35106.96}, {""temp"": 20.02699, ""step"": 1, ""status"": 1, ""pres"": 966.9579, ""meas_profile"": ""HP-1"", ""meas_id"": 1, ""hum"": 33.93556, ""gas_res"": 25744.17}]}",NULL,"2025-10-27 10:26:29.694041"
11962,"04a600b9b0b8","2025-10-27 10:24:44","HGHEmatetwNeaX2Oo27U","{""bme688"": [{""temp"": 20.61199, ""step"": 0, ""status"": 1, ""pres"": 966.9731, ""meas_profile"": ""HP-8"", ""meas_id"": 8, ""hum"": 35.28138, ""gas_res"": 5684.846}, {""temp"": 20.58241, ""step"": 0, ""status"": 1, ""pres"": 967.0624, ""meas_profile"": ""HP-7"", ""meas_id"": 7, ""hum"": 35.14693, ""gas_res"": 5684.846}, {""temp"": 20.64826, ""step"": 0, ""status"": 1, ""pres"": 967.264, ""meas_profile"": ""HP-6"", ""meas_id"": 6, ""hum"": 35.02394, ""gas_res"": 6251.221}, {""temp"": 20.53862, ""step"": 0, ""status"": 1, ""pres"": 966.9177, ""meas_profile"": ""HP-5"", ""meas_id"": 5, ""hum"": 35.20601, ""gas_res"": 25000.0}, {""temp"": 20.20233, ""step"": 0, ""status"": 1, ""pres"": 967.0876, ""meas_profile"": ""HP-4"", ""meas_id"": 4, ""hum"": 34.78384, ""gas_res"": 25000.0}, {""temp"": 20.38666, ""step"": 0, ""status"": 1, ""pres"": 966.6997, ""meas_profile"": ""HP-3"", ""meas_id"": 3, ""hum"": 35.28145, ""gas_res"": 5879.111}, {""temp"": 20.26909, ""step"": 0, ""status"": 1, ""pres"": 966.8745, ""meas_profile"": ""HP-2"", ""meas_id"": 2, ""hum"": 35.5448, ""gas_res"": 7727.602}, {""temp"": 20.02419, ""step"": 0, ""status"": 1, ""pres"": 966.9573, ""meas_profile"": ""HP-1"", ""meas_id"": 1, ""hum"": 33.93531, ""gas_res"": 6042.296}]}",NULL,"2025-10-27 10:26:31.053034"
11963,"04a600b9b0b8","2025-10-27 10:26:42","HGHEmatetwNeaX2Oo27U","{""zphs01b"": {""voc"": 0, ""temp"": 18.7, ""pm2_5"": 0, ""pm1_0"": 0, ""pm10"": 365, ""o3"": 0.02, ""no2"": 0.16, ""hum"": 0, ""fmhd"": 0, ""co2"": 5000, ""co"": 0.0}, ""smell_b"": {}, ""sfa30"": {""temp"": 21.0, ""hum"": 35.64, ""fmhd"": 0.8}, ""sen5x"": {""voc"": 97.0, ""temp"": 20.73, ""pm4_0"": 4462.6, ""pm2_5"": 4462.6, ""pm1_0"": 4255.3, ""pm10"": 4462.6, ""nox"": 1.0, ""mass_c"": 4410.775, ""hum"": 41.24}, ""scd41"": {""temp"": 20.46578, ""hum"": 38.262, ""co2"": 574}, ""power_source"": 0, ""mics6814"": {""red_res"": 0, ""no2_res"": 0, ""no2"": 0.17, ""nh3_res"": 0, ""nh3"": 0.73, ""co_res"": 0, ""co"": 44.0}}",NULL,"2025-10-27 10:27:35.115336"
11964,"04a600b9b0b8","2025-10-27 10:26:42","HGHEmatetwNeaX2Oo27U","{""bme688"": [{""temp"": 20.70433, ""step"": 9, ""status"": 1, ""pres"": 966.9598, ""meas_profile"": ""HP-8"", ""meas_id"": 8, ""hum"": 35.18106, ""gas_res"": 5684.846}, {""temp"": 20.67059, ""step"": 9, ""status"": 1, ""pres"": 967.062, ""meas_profile"": ""HP-7"", ""meas_id"": 7, ""hum"": 35.05878, ""gas_res"": 5684.846}, {""temp"": 20.73438, ""step"": 9, ""status"": 1, ""pres"": 967.2439, ""meas_profile"": ""HP-6"", ""meas_id"": 6, ""hum"": 34.95722, ""gas_res"": 6534.613}, {""temp"": 20.62243, ""step"": 9, ""status"": 1, ""pres"": 966.9105, ""meas_profile"": ""HP-5"", ""meas_id"": 5, ""hum"": 35.14565, ""gas_res"": 25000.0}, {""temp"": 20.31166, ""step"": 9, ""status"": 1, ""pres"": 967.0726, ""meas_profile"": ""HP-4"", ""meas_id"": 4, ""hum"": 34.70763, ""gas_res"": 25000.0}, {""temp"": 20.49304, ""step"": 9, ""status"": 1, ""pres"": 966.6881, ""meas_profile"": ""HP-3"", ""meas_id"": 3, ""hum"": 35.19353, ""gas_res"": 10213.85}, {""temp"": 20.37995, ""step"": 9, ""status"": 1, ""pres"": 966.849, ""meas_profile"": ""HP-2"", ""meas_id"": 2, ""hum"": 35.39585, ""gas_res"": 11343.5}, {""temp"": 20.13871, ""step"": 9, ""status"": 1, ""pres"": 966.9509, ""meas_profile"": ""HP-1"", ""meas_id"": 1, ""hum"": 33.8347, ""gas_res"": 9395.185}]}",NULL,"2025-10-27 10:27:36.230789"
11965,"04a600b9b0b8","2025-10-27 10:26:42","HGHEmatetwNeaX2Oo27U","{""bme688"": [{""temp"": 20.70155, ""step"": 8, ""status"": 1, ""pres"": 966.9607, ""meas_profile"": ""HP-8"", ""meas_id"": 8, ""hum"": 35.15786, ""gas_res"": 5684.846}, {""temp"": 20.6678, ""step"": 8, ""status"": 1, ""pres"": 967.0605, ""meas_profile"": ""HP-7"", ""meas_id"": 7, ""hum"": 35.05853, ""gas_res"": 5684.846}, {""temp"": 20.73191, ""step"": 8, ""status"": 1, ""pres"": 967.2452, ""meas_profile"": ""HP-6"", ""meas_id"": 6, ""hum"": 34.95699, ""gas_res"": 6915.928}, {""temp"": 20.61993, ""step"": 8, ""status"": 1, ""pres"": 966.9115, ""meas_profile"": ""HP-5"", ""meas_id"": 5, ""hum"": 35.13973, ""gas_res"": 25000.0}, {""temp"": 20.30887, ""step"": 8, ""status"": 1, ""pres"": 967.0729, ""meas_profile"": ""HP-4"", ""meas_id"": 4, ""hum"": 34.67863, ""gas_res"": 25000.0}, {""temp"": 20.49026, ""step"": 8, ""status"": 1, ""pres"": 966.6885, ""meas_profile"": ""HP-3"", ""meas_id"": 3, ""hum"": 35.18176, ""gas_res"": 9200.69}, {""temp"": 20.37716, ""step"": 8, ""status"": 1, ""pres"": 966.8496, ""meas_profile"": ""HP-2"", ""meas_id"": 2, ""hum"": 35.40697, ""gas_res"": 11490.13}, {""temp"": 20.1356, ""step"": 8, ""status"": 1, ""pres"": 966.9498, ""meas_profile"": ""HP-1"", ""meas_id"": 1, ""hum"": 33.81691, ""gas_res"": 9353.99}]}",NULL,"2025-10-27 10:27:37.63129"
11966,"04a600b9b0b8","2025-10-27 10:26:42","HGHEmatetwNeaX2Oo27U","{""bme688"": [{""temp"": 20.69908, ""step"": 7, ""status"": 1, ""pres"": 966.9602, ""meas_profile"": ""HP-8"", ""meas_id"": 8, ""hum"": 35.16909, ""gas_res"": 5684.846}, {""temp"": 20.66532, ""step"": 7, ""status"": 1, ""pres"": 967.0616, ""meas_profile"": ""HP-7"", ""meas_id"": 7, ""hum"": 35.0583, ""gas_res"": 5684.846}, {""temp"": 20.72975, ""step"": 7, ""status"": 1, ""pres"": 967.2451, ""meas_profile"": ""HP-6"", ""meas_id"": 6, ""hum"": 34.95104, ""gas_res"": 7147.644}, {""temp"": 20.61805, ""step"": 7, ""status"": 1, ""pres"": 966.9117, ""meas_profile"": ""HP-5"", ""meas_id"": 5, ""hum"": 35.14524, ""gas_res"": 25000.0}, {""temp"": 20.30607, ""step"": 7, ""status"": 1, ""pres"": 967.0751, ""meas_profile"": ""HP-4"", ""meas_id"": 4, ""hum"": 34.70137, ""gas_res"": 25000.0}, {""temp"": 20.48747, ""step"": 7, ""status"": 1, ""pres"": 966.6891, ""meas_profile"": ""HP-3"", ""meas_id"": 3, ""hum"": 35.1815, ""gas_res"": 8719.346}, {""temp"": 20.37405, ""step"": 7, ""status"": 1, ""pres"": 966.8511, ""meas_profile"": ""HP-2"", ""meas_id"": 2, ""hum"": 35.40667, ""gas_res"": 11049.72}, {""temp"": 20.1328, ""step"": 7, ""status"": 1, ""pres"": 966.9509, ""meas_profile"": ""HP-1"", ""meas_id"": 1, ""hum"": 33.81666, ""gas_res"": 8968.61}]}",NULL,"2025-10-27 10:27:38.794002"
11967,"04a600b9b0b8","2025-10-27 10:26:42","HGHEmatetwNeaX2Oo27U","{""bme688"": [{""temp"": 20.69661, ""step"": 6, ""status"": 1, ""pres"": 966.96, ""meas_profile"": ""HP-8"", ""meas_id"": 8, ""hum"": 35.14594, ""gas_res"": 8606.778}, {""temp"": 20.66283, ""step"": 6, ""status"": 1, ""pres"": 967.0608, ""meas_profile"": ""HP-7"", ""meas_id"": 7, ""hum"": 35.06373, ""gas_res"": 14050.49}, {""temp"": 20.72759, ""step"": 6, ""status"": 1, ""pres"": 967.245, ""meas_profile"": ""HP-6"", ""meas_id"": 6, ""hum"": 34.92786, ""gas_res"": 33639.95}, {""temp"": 20.61586, ""step"": 6, ""status"": 1, ""pres"": 966.9116, ""meas_profile"": ""HP-5"", ""meas_id"": 5, ""hum"": 35.13368, ""gas_res"": 164842.2}, {""temp"": 20.30265, ""step"": 6, ""status"": 1, ""pres"": 967.0744, ""meas_profile"": ""HP-4"", ""meas_id"": 4, ""hum"": 34.68955, ""gas_res"": 299590.4}, {""temp"": 20.48469, ""step"": 6, ""status"": 1, ""pres"": 966.6897, ""meas_profile"": ""HP-3"", ""meas_id"": 3, ""hum"": 35.17549, ""gas_res"": 103476.1}, {""temp"": 20.37126, ""step"": 6, ""status"": 1, ""pres"": 966.8516, ""meas_profile"": ""HP-2"", ""meas_id"": 2, ""hum"": 35.40642, ""gas_res"": 169424.2}, {""temp"": 20.12969, ""step"": 6, ""status"": 1, ""pres"": 966.9515, ""meas_profile"": ""HP-1"", ""meas_id"": 1, ""hum"": 33.81054, ""gas_res"": 133716.4}]}",NULL,"2025-10-27 10:27:40.070487"
11968,"04a600b9b0b8","2025-10-27 10:26:42","HGHEmatetwNeaX2Oo27U","{""bme688"": [{""temp"": 20.69414, ""step"": 5, ""status"": 1, ""pres"": 966.9614, ""meas_profile"": ""HP-8"", ""meas_id"": 8, ""hum"": 35.16864, ""gas_res"": 8416.623}, {""temp"": 20.66097, ""step"": 5, ""status"": 1, ""pres"": 967.0627, ""meas_profile"": ""HP-7"", ""meas_id"": 7, ""hum"": 35.04656, ""gas_res"": 11477.76}, {""temp"": 20.72543, ""step"": 5, ""status"": 1, ""pres"": 967.2468, ""meas_profile"": ""HP-6"", ""meas_id"": 6, ""hum"": 34.95065, ""gas_res"": 33507.85}, {""temp"": 20.61336, ""step"": 5, ""status"": 1, ""pres"": 966.9125, ""meas_profile"": ""HP-5"", ""meas_id"": 5, ""hum"": 35.12209, ""gas_res"": 164683.2}, {""temp"": 20.29955, ""step"": 5, ""status"": 1, ""pres"": 967.0744, ""meas_profile"": ""HP-4"", ""meas_id"": 4, ""hum"": 34.67777, ""gas_res"": 308248.0}, {""temp"": 20.4816, ""step"": 5, ""status"": 1, ""pres"": 966.6895, ""meas_profile"": ""HP-3"", ""meas_id"": 3, ""hum"": 35.16369, ""gas_res"": 102482.0}, {""temp"": 20.36846, ""step"": 5, ""status"": 1, ""pres"": 966.8521, ""meas_profile"": ""HP-2"", ""meas_id"": 2, ""hum"": 35.40046, ""gas_res"": 168255.0}, {""temp"": 20.12689, ""step"": 5, ""status"": 1, ""pres"": 966.9508, ""meas_profile"": ""HP-1"", ""meas_id"": 1, ""hum"": 33.82196, ""gas_res"": 130545.6}]}",NULL,"2025-10-27 10:27:41.352312"
11969,"04a600b9b0b8","2025-10-27 10:26:42","HGHEmatetwNeaX2Oo27U","{""bme688"": [{""temp"": 20.69167, ""step"": 4, ""status"": 1, ""pres"": 966.9629, ""meas_profile"": ""HP-8"", ""meas_id"": 8, ""hum"": 35.1684, ""gas_res"": 8376.963}, {""temp"": 20.65879, ""step"": 4, ""status"": 1, ""pres"": 967.0626, ""meas_profile"": ""HP-7"", ""meas_id"": 7, ""hum"": 35.05769, ""gas_res"": 11142.06}, {""temp"": 20.72327, ""step"": 4, ""status"": 1, ""pres"": 967.2484, ""meas_profile"": ""HP-6"", ""meas_id"": 6, ""hum"": 34.93895, ""gas_res"": 33015.22}, {""temp"": 20.61117, ""step"": 4, ""status"": 1, ""pres"": 966.9123, ""meas_profile"": ""HP-5"", ""meas_id"": 5, ""hum"": 35.12755, ""gas_res"": 166125.9}, {""temp"": 20.29644, ""step"": 4, ""status"": 1, ""pres"": 967.0742, ""meas_profile"": ""HP-4"", ""meas_id"": 4, ""hum"": 34.68898, ""gas_res"": 322519.7}, {""temp"": 20.4785, ""step"": 4, ""status"": 1, ""pres"": 966.6897, ""meas_profile"": ""HP-3"", ""meas_id"": 3, ""hum"": 35.17492, ""gas_res"": 103225.8}, {""temp"": 20.36536, ""step"": 4, ""status"": 1, ""pres"": 966.8538, ""meas_profile"": ""HP-2"", ""meas_id"": 2, ""hum"": 35.41724, ""gas_res"": 165803.1}, {""temp"": 20.12378, ""step"": 4, ""status"": 1, ""pres"": 966.9532, ""meas_profile"": ""HP-1"", ""meas_id"": 1, ""hum"": 33.82752, ""gas_res"": 131248.4}]}",NULL,"2025-10-27 10:27:42.723536"
11970,"04a600b9b0b8","2025-10-27 10:26:42","HGHEmatetwNeaX2Oo27U","{""bme688"": [{""temp"": 20.6892, ""step"": 3, ""status"": 0, ""pres"": 966.9642, ""meas_profile"": ""HP-8"", ""meas_id"": 8, ""hum"": 35.17391, ""gas_res"": 5684.846}, {""temp"": 20.65631, ""step"": 3, ""status"": 0, ""pres"": 967.0617, ""meas_profile"": ""HP-7"", ""meas_id"": 7, ""hum"": 35.05745, ""gas_res"": 6988.425}, {""temp"": 20.72049, ""step"": 3, ""status"": 0, ""pres"": 967.2475, ""meas_profile"": ""HP-6"", ""meas_id"": 6, ""hum"": 34.95018, ""gas_res"": 17967.43}, {""temp"": 20.60867, ""step"": 3, ""status"": 0, ""pres"": 966.9133, ""meas_profile"": ""HP-5"", ""meas_id"": 5, ""hum"": 35.15005, ""gas_res"": 49573.97}, {""temp"": 20.29303, ""step"": 3, ""status"": 0, ""pres"": 967.0751, ""meas_profile"": ""HP-4"", ""meas_id"": 4, ""hum"": 34.70591, ""gas_res"": 69868.99}, {""temp"": 20.47541, ""step"": 3, ""status"": 0, ""pres"": 966.6896, ""meas_profile"": ""HP-3"", ""meas_id"": 3, ""hum"": 35.18038, ""gas_res"": 40894.57}, {""temp"": 20.36225, ""step"": 3, ""status"": 0, ""pres"": 966.8538, ""meas_profile"": ""HP-2"", ""meas_id"": 2, ""hum"": 35.4397, ""gas_res"": 65725.29}, {""temp"": 20.12066, ""step"": 3, ""status"": 0, ""pres"": 966.9539, ""meas_profile"": ""HP-1"", ""meas_id"": 1, ""hum"": 33.83891, ""gas_res"": 42780.75}]}",NULL,"2025-10-27 10:27:43.90715"
11971,"04a600b9b0b8","2025-10-27 10:26:42","HGHEmatetwNeaX2Oo27U","{""bme688"": [{""temp"": 20.68673, ""step"": 2, ""status"": 1, ""pres"": 966.9639, ""meas_profile"": ""HP-8"", ""meas_id"": 8, ""hum"": 35.19661, ""gas_res"": 16393.44}, {""temp"": 20.65414, ""step"": 2, ""status"": 1, ""pres"": 967.0633, ""meas_profile"": ""HP-7"", ""meas_id"": 7, ""hum"": 35.05725, ""gas_res"": 24293.04}, {""temp"": 20.71802, ""step"": 2, ""status"": 1, ""pres"": 967.2487, ""meas_profile"": ""HP-6"", ""meas_id"": 6, ""hum"": 34.96145, ""gas_res"": 103350.8}, {""temp"": 20.60617, ""step"": 2, ""status"": 1, ""pres"": 966.9124, ""meas_profile"": ""HP-5"", ""meas_id"": 5, ""hum"": 35.16685, ""gas_res"": 400782.8}, {""temp"": 20.28992, ""step"": 2, ""status"": 1, ""pres"": 967.0735, ""meas_profile"": ""HP-4"", ""meas_id"": 4, ""hum"": 34.69988, ""gas_res"": 847331.4}, {""temp"": 20.47232, ""step"": 2, ""status"": 1, ""pres"": 966.6895, ""meas_profile"": ""HP-3"", ""meas_id"": 3, ""hum"": 35.1916, ""gas_res"": 364932.3}, {""temp"": 20.35884, ""step"": 2, ""status"": 1, ""pres"": 966.8533, ""meas_profile"": ""HP-2"", ""meas_id"": 2, ""hum"": 35.4337, ""gas_res"": 626683.0}, {""temp"": 20.11724, ""step"": 2, ""status"": 1, ""pres"": 966.9522, ""meas_profile"": ""HP-1"", ""meas_id"": 1, ""hum"": 33.84444, ""gas_res"": 489600.8}]}",NULL,"2025-10-27 10:27:45.195702"
11972,"04a600b9b0b8","2025-10-27 10:26:42","HGHEmatetwNeaX2Oo27U","{""bme688"": [{""temp"": 20.68426, ""step"": 1, ""status"": 1, ""pres"": 966.9635, ""meas_profile"": ""HP-8"", ""meas_id"": 8, ""hum"": 35.17917, ""gas_res"": 6632.125}, {""temp"": 20.65165, ""step"": 1, ""status"": 1, ""pres"": 967.0625, ""meas_profile"": ""HP-7"", ""meas_id"": 7, ""hum"": 35.05136, ""gas_res"": 6956.522}, {""temp"": 20.71586, ""step"": 1, ""status"": 1, ""pres"": 967.2487, ""meas_profile"": ""HP-6"", ""meas_id"": 6, ""hum"": 34.96699, ""gas_res"": 25000.0}, {""temp"": 20.60367, ""step"": 1, ""status"": 1, ""pres"": 966.9135, ""meas_profile"": ""HP-5"", ""meas_id"": 5, ""hum"": 35.14959, ""gas_res"": 44336.68}, {""temp"": 20.28712, ""step"": 1, ""status"": 1, ""pres"": 967.0739, ""meas_profile"": ""HP-4"", ""meas_id"": 4, ""hum"": 34.69962, ""gas_res"": 104810.6}, {""temp"": 20.46954, ""step"": 1, ""status"": 1, ""pres"": 966.6901, ""meas_profile"": ""HP-3"", ""meas_id"": 3, ""hum"": 35.19709, ""gas_res"": 36394.66}, {""temp"": 20.35604, ""step"": 1, ""status"": 1, ""pres"": 966.8535, ""meas_profile"": ""HP-2"", ""meas_id"": 2, ""hum"": 35.41637, ""gas_res"": 100000.0}, {""temp"": 20.11444, ""step"": 1, ""status"": 1, ""pres"": 966.9534, ""meas_profile"": ""HP-1"", ""meas_id"": 1, ""hum"": 33.82084, ""gas_res"": 38988.73}]}",NULL,"2025-10-27 10:27:46.472681"
11973,"04a600b9b0b8","2025-10-27 10:26:42","HGHEmatetwNeaX2Oo27U","{""bme688"": [{""temp"": 20.68179, ""step"": 0, ""status"": 1, ""pres"": 966.9648, ""meas_profile"": ""HP-8"", ""meas_id"": 8, ""hum"": 35.17894, ""gas_res"": 5684.846}, {""temp"": 20.64917, ""step"": 0, ""status"": 1, ""pres"": 967.0618, ""meas_profile"": ""HP-7"", ""meas_id"": 7, ""hum"": 35.06813, ""gas_res"": 5684.846}, {""temp"": 20.71339, ""step"": 0, ""status"": 1, ""pres"": 967.2481, ""meas_profile"": ""HP-6"", ""meas_id"": 6, ""hum"": 34.96102, ""gas_res"": 7043.804}, {""temp"": 20.60148, ""step"": 0, ""status"": 1, ""pres"": 966.9132, ""meas_profile"": ""HP-5"", ""meas_id"": 5, ""hum"": 35.14369, ""gas_res"": 25000.0}, {""temp"": 20.28433, ""step"": 0, ""status"": 1, ""pres"": 967.0759, ""meas_profile"": ""HP-4"", ""meas_id"": 4, ""hum"": 34.70512, ""gas_res"": 25000.0}, {""temp"": 20.46675, ""step"": 0, ""status"": 1, ""pres"": 966.6906, ""meas_profile"": ""HP-3"", ""meas_id"": 3, ""hum"": 35.20259, ""gas_res"": 8769.526}, {""temp"": 20.35324, ""step"": 0, ""status"": 1, ""pres"": 966.8541, ""meas_profile"": ""HP-2"", ""meas_id"": 2, ""hum"": 35.42179, ""gas_res"": 10836.44}, {""temp"": 20.11133, ""step"": 0, ""status"": 1, ""pres"": 966.9522, ""meas_profile"": ""HP-1"", ""meas_id"": 1, ""hum"": 33.84391, ""gas_res"": 8776.741}]}",NULL,"2025-10-27 10:27:47.845479"
11974,"04a600b9b0b8","2025-10-27 10:26:15","HGHEmatetwNeaX2Oo27U","{""zphs01b"": {""voc"": 0, ""temp"": 18.6, ""pm2_5"": 0, ""pm1_0"": 0, ""pm10"": 356, ""o3"": 0.02, ""no2"": 0.81, ""hum"": 0, ""fmhd"": 0, ""co2"": 5000, ""co"": 0.0}, ""smell_b"": {}, ""sfa30"": {""temp"": 20.975, ""hum"": 35.64, ""fmhd"": 0.8}, ""sen5x"": {""voc"": 116.0, ""temp"": 20.74, ""pm4_0"": 4427.2, ""pm2_5"": 4427.2, ""pm1_0"": 4221.6, ""pm10"": 4427.2, ""nox"": 1.0, ""mass_c"": 4375.8, ""hum"": 41.14}, ""scd41"": {""temp"": 20.37499, ""hum"": 38.3032, ""co2"": 570}, ""power_source"": 0, ""mics6814"": {""red_res"": 0, ""no2_res"": 0, ""no2"": 0.17, ""nh3_res"": 0, ""nh3"": 0.73, ""co_res"": 0, ""co"": 44.0}}",NULL,"2025-10-27 10:27:48.932914"
11975,"04a600b9b0b8","2025-10-27 10:26:15","HGHEmatetwNeaX2Oo27U","{""bme688"": [{""temp"": 20.67932, ""step"": 9, ""status"": 1, ""pres"": 966.9645, ""meas_profile"": ""HP-8"", ""meas_id"": 8, ""hum"": 35.20738, ""gas_res"": 5684.846}, {""temp"": 20.64637, ""step"": 9, ""status"": 1, ""pres"": 967.0621, ""meas_profile"": ""HP-7"", ""meas_id"": 7, ""hum"": 35.06787, ""gas_res"": 5684.846}, {""temp"": 20.71092, ""step"": 9, ""status"": 1, ""pres"": 967.2494, ""meas_profile"": ""HP-6"", ""meas_id"": 6, ""hum"": 34.96654, ""gas_res"": 6207.565}, {""temp"": 20.59929, ""step"": 9, ""status"": 1, ""pres"": 966.913, ""meas_profile"": ""HP-5"", ""meas_id"": 5, ""hum"": 35.13781, ""gas_res"": 25000.0}, {""temp"": 20.28153, ""step"": 9, ""status"": 1, ""pres"": 967.0764, ""meas_profile"": ""HP-4"", ""meas_id"": 4, ""hum"": 34.70486, ""gas_res"": 25000.0}, {""temp"": 20.46397, ""step"": 9, ""status"": 1, ""pres"": 966.6912, ""meas_profile"": ""HP-3"", ""meas_id"": 3, ""hum"": 35.19082, ""gas_res"": 8991.29}, {""temp"": 20.35014, ""step"": 9, ""status"": 1, ""pres"": 966.8541, ""meas_profile"": ""HP-2"", ""meas_id"": 2, ""hum"": 35.43857, ""gas_res"": 10272.87}, {""temp"": 20.10852, ""step"": 9, ""status"": 1, ""pres"": 966.9533, ""meas_profile"": ""HP-1"", ""meas_id"": 1, ""hum"": 33.84365, ""gas_res"": 8146.64}]}",NULL,"2025-10-27 10:27:50.314164"
11976,"04a600b9b0b8","2025-10-27 10:26:15","HGHEmatetwNeaX2Oo27U","{""bme688"": [{""temp"": 20.67654, ""step"": 8, ""status"": 1, ""pres"": 966.9655, ""meas_profile"": ""HP-8"", ""meas_id"": 8, ""hum"": 35.18992, ""gas_res"": 5684.846}, {""temp"": 20.64389, ""step"": 8, ""status"": 1, ""pres"": 967.0614, ""meas_profile"": ""HP-7"", ""meas_id"": 7, ""hum"": 35.0733, ""gas_res"": 5684.846}, {""temp"": 20.70845, ""step"": 8, ""status"": 1, ""pres"": 967.2489, ""meas_profile"": ""HP-6"", ""meas_id"": 6, ""hum"": 34.96056, ""gas_res"": 6502.743}, {""temp"": 20.5971, ""step"": 8, ""status"": 1, ""pres"": 966.9127, ""meas_profile"": ""HP-5"", ""meas_id"": 5, ""hum"": 35.14897, ""gas_res"": 25000.0}, {""temp"": 20.27874, ""step"": 8, ""status"": 1, ""pres"": 967.0767, ""meas_profile"": ""HP-4"", ""meas_id"": 4, ""hum"": 34.69885, ""gas_res"": 25000.0}, {""temp"": 20.4615, ""step"": 8, ""status"": 1, ""pres"": 966.6922, ""meas_profile"": ""HP-3"", ""meas_id"": 3, ""hum"": 35.16758, ""gas_res"": 8048.29}, {""temp"": 20.34735, ""step"": 8, ""status"": 1, ""pres"": 966.8546, ""meas_profile"": ""HP-2"", ""meas_id"": 2, ""hum"": 35.4383, ""gas_res"": 10155.51}, {""temp"": 20.10572, ""step"": 8, ""status"": 1, ""pres"": 966.9545, ""meas_profile"": ""HP-1"", ""meas_id"": 1, ""hum"": 33.8434, ""gas_res"": 8097.166}]}",NULL,"2025-10-27 10:27:51.598464"
11977,"04a600b9b0b8","2025-10-27 10:26:15","HGHEmatetwNeaX2Oo27U","{""bme688"": [{""temp"": 20.67376, ""step"": 7, ""status"": 1, ""pres"": 966.9646, ""meas_profile"": ""HP-8"", ""meas_id"": 8, ""hum"": 35.18966, ""gas_res"": 5684.846}, {""temp"": 20.64109, ""step"": 7, ""status"": 1, ""pres"": 967.0602, ""meas_profile"": ""HP-7"", ""meas_id"": 7, ""hum"": 35.07871, ""gas_res"": 5684.846}, {""temp"": 20.70598, ""step"": 7, ""status"": 1, ""pres"": 967.2499, ""meas_profile"": ""HP-6"", ""meas_id"": 6, ""hum"": 34.97182, ""gas_res"": 6728.343}, {""temp"": 20.59491, ""step"": 7, ""status"": 1, ""pres"": 966.9126, ""meas_profile"": ""HP-5"", ""meas_id"": 5, ""hum"": 35.16013, ""gas_res"": 25000.0}, {""temp"": 20.27594, ""step"": 7, ""status"": 1, ""pres"": 967.0754, ""meas_profile"": ""HP-4"", ""meas_id"": 4, ""hum"": 34.72735, ""gas_res"": 25000.0}, {""temp"": 20.45871, ""step"": 7, ""status"": 1, ""pres"": 966.691, ""meas_profile"": ""HP-3"", ""meas_id"": 3, ""hum"": 35.16731, ""gas_res"": 7344.503}, {""temp"": 20.34455, ""step"": 7, ""status"": 1, ""pres"": 966.8569, ""meas_profile"": ""HP-2"", ""meas_id"": 2, ""hum"": 35.43805, ""gas_res"": 9461.856}, {""temp"": 20.10261, ""step"": 7, ""status"": 1, ""pres"": 966.9551, ""meas_profile"": ""HP-1"", ""meas_id"": 1, ""hum"": 33.84312, ""gas_res"": 7590.133}]}",NULL,"2025-10-27 10:27:52.970669"
11978,"04a600b9b0b8","2025-10-27 10:26:15","HGHEmatetwNeaX2Oo27U","{""bme688"": [{""temp"": 20.67129, ""step"": 6, ""status"": 1, ""pres"": 966.9661, ""meas_profile"": ""HP-8"", ""meas_id"": 8, ""hum"": 35.17796, ""gas_res"": 8337.676}, {""temp"": 20.63892, ""step"": 6, ""status"": 1, ""pres"": 967.0616, ""meas_profile"": ""HP-7"", ""meas_id"": 7, ""hum"": 35.07284, ""gas_res"": 11235.96}, {""temp"": 20.70382, ""step"": 6, ""status"": 1, ""pres"": 967.2499, ""meas_profile"": ""HP-6"", ""meas_id"": 6, ""hum"": 34.97163, ""gas_res"": 30688.08}, {""temp"": 20.59272, ""step"": 6, ""status"": 1, ""pres"": 966.9141, ""meas_profile"": ""HP-5"", ""meas_id"": 5, ""hum"": 35.1656, ""gas_res"": 143618.5}, {""temp"": 20.27315, ""step"": 6, ""status"": 1, ""pres"": 967.0758, ""meas_profile"": ""HP-4"", ""meas_id"": 4, ""hum"": 34.70408, ""gas_res"": 179209.0}, {""temp"": 20.45593, ""step"": 6, ""status"": 1, ""pres"": 966.6931, ""meas_profile"": ""HP-3"", ""meas_id"": 3, ""hum"": 35.19007, ""gas_res"": 100000.0}, {""temp"": 20.34145, ""step"": 6, ""status"": 1, ""pres"": 966.8567, ""meas_profile"": ""HP-2"", ""meas_id"": 2, ""hum"": 35.44914, ""gas_res"": 137708.5}, {""temp"": 20.0995, ""step"": 6, ""status"": 1, ""pres"": 966.9537, ""meas_profile"": ""HP-1"", ""meas_id"": 1, ""hum"": 33.85451, ""gas_res"": 107113.0}]}",NULL,"2025-10-27 10:27:54.15486"
11979,"04a600b9b0b8","2025-10-27 10:26:15","HGHEmatetwNeaX2Oo27U","{""bme688"": [{""temp"": 20.66882, ""step"": 5, ""status"": 1, ""pres"": 966.9656, ""meas_profile"": ""HP-8"", ""meas_id"": 8, ""hum"": 35.22361, ""gas_res"": 8260.196}, {""temp"": 20.63675, ""step"": 5, ""status"": 1, ""pres"": 967.0613, ""meas_profile"": ""HP-7"", ""meas_id"": 7, ""hum"": 35.09531, ""gas_res"": 11061.18}, {""temp"": 20.70166, ""step"": 5, ""status"": 1, ""pres"": 967.2516, ""meas_profile"": ""HP-6"", ""meas_id"": 6, ""hum"": 34.97717, ""gas_res"": 30425.48}, {""temp"": 20.59022, ""step"": 5, ""status"": 1, ""pres"": 966.9133, ""meas_profile"": ""HP-5"", ""meas_id"": 5, ""hum"": 35.16537, ""gas_res"": 143256.9}, {""temp"": 20.27035, ""step"": 5, ""status"": 1, ""pres"": 967.0779, ""meas_profile"": ""HP-4"", ""meas_id"": 4, ""hum"": 34.72108, ""gas_res"": 181882.8}, {""temp"": 20.45315, ""step"": 5, ""status"": 1, ""pres"": 966.692, ""meas_profile"": ""HP-3"", ""meas_id"": 3, ""hum"": 35.18981, ""gas_res"": 100000.0}, {""temp"": 20.33865, ""step"": 5, ""status"": 1, ""pres"": 966.8571, ""meas_profile"": ""HP-2"", ""meas_id"": 2, ""hum"": 35.44318, ""gas_res"": 133716.4}, {""temp"": 20.09608, ""step"": 5, ""status"": 1, ""pres"": 966.9539, ""meas_profile"": ""HP-1"", ""meas_id"": 1, ""hum"": 33.84254, ""gas_res"": 103038.8}]}",NULL,"2025-10-27 10:27:55.438128"
11980,"04a600b9b0b8","2025-10-27 10:26:15","HGHEmatetwNeaX2Oo27U","{""bme688"": [{""temp"": 20.66665, ""step"": 4, ""status"": 1, ""pres"": 966.9657, ""meas_profile"": ""HP-8"", ""meas_id"": 8, ""hum"": 35.21194, ""gas_res"": 8253.805}, {""temp"": 20.63488, ""step"": 4, ""status"": 1, ""pres"": 967.0634, ""meas_profile"": ""HP-7"", ""meas_id"": 7, ""hum"": 35.09514, ""gas_res"": 10936.43}, {""temp"": 20.69919, ""step"": 4, ""status"": 1, ""pres"": 967.2512, ""meas_profile"": ""HP-6"", ""meas_id"": 6, ""hum"": 34.98269, ""gas_res"": 30231.46}, {""temp"": 20.58803, ""step"": 4, ""status"": 1, ""pres"": 966.913, ""meas_profile"": ""HP-5"", ""meas_id"": 5, ""hum"": 35.17085, ""gas_res"": 144469.5}, {""temp"": 20.26725, ""step"": 4, ""status"": 1, ""pres"": 967.0778, ""meas_profile"": ""HP-4"", ""meas_id"": 4, ""hum"": 34.72079, ""gas_res"": 187271.4}, {""temp"": 20.45005, ""step"": 4, ""status"": 1, ""pres"": 966.692, ""meas_profile"": ""HP-3"", ""meas_id"": 3, ""hum"": 35.18952, ""gas_res"": 100000.0}, {""temp"": 20.33554, ""step"": 4, ""status"": 1, ""pres"": 966.8588, ""meas_profile"": ""HP-2"", ""meas_id"": 2, ""hum"": 35.44858, ""gas_res"": 130946.3}, {""temp"": 20.09296, ""step"": 4, ""status"": 1, ""pres"": 966.9546, ""meas_profile"": ""HP-1"", ""meas_id"": 1, ""hum"": 33.87728, ""gas_res"": 100727.9}]}",NULL,"2025-10-27 10:27:56.738214"
11981,"04a600b9b0b8","2025-10-27 10:26:15","HGHEmatetwNeaX2Oo27U","{""bme688"": [{""temp"": 20.66356, ""step"": 3, ""status"": 0, ""pres"": 966.9644, ""meas_profile"": ""HP-8"", ""meas_id"": 8, ""hum"": 35.22311, ""gas_res"": 5684.846}, {""temp"": 20.63209, ""step"": 3, ""status"": 0, ""pres"": 967.0621, ""meas_profile"": ""HP-7"", ""meas_id"": 7, ""hum"": 35.11754, ""gas_res"": 6983.85}, {""temp"": 20.69672, ""step"": 3, ""status"": 0, ""pres"": 967.2523, ""meas_profile"": ""HP-6"", ""meas_id"": 6, ""hum"": 34.98821, ""gas_res"": 16994.16}, {""temp"": 20.58553, ""step"": 3, ""status"": 0, ""pres"": 966.9141, ""meas_profile"": ""HP-5"", ""meas_id"": 5, ""hum"": 35.18766, ""gas_res"": 45665.36}, {""temp"": 20.26414, ""step"": 3, ""status"": 0, ""pres"": 967.0776, ""meas_profile"": ""HP-4"", ""meas_id"": 4, ""hum"": 34.74927, ""gas_res"": 57605.76}, {""temp"": 20.44696, ""step"": 3, ""status"": 0, ""pres"": 966.692, ""meas_profile"": ""HP-3"", ""meas_id"": 3, ""hum"": 35.22376, ""gas_res"": 33907.29}, {""temp"": 20.33213, ""step"": 3, ""status"": 0, ""pres"": 966.8582, ""meas_profile"": ""HP-2"", ""meas_id"": 2, ""hum"": 35.44826, ""gas_res"": 53792.81}, {""temp"": 20.08954, ""step"": 3, ""status"": 0, ""pres"": 966.9531, ""meas_profile"": ""HP-1"", ""meas_id"": 1, ""hum"": 33.85362, ""gas_res"": 35310.34}]}",NULL,"2025-10-27 10:27:58.126626"
11982,"04a600b9b0b8","2025-10-27 10:26:15","HGHEmatetwNeaX2Oo27U","{""bme688"": [{""temp"": 20.66109, ""step"": 2, ""status"": 1, ""pres"": 966.9658, ""meas_profile"": ""HP-8"", ""meas_id"": 8, ""hum"": 35.23436, ""gas_res"": 17922.15}, {""temp"": 20.62992, ""step"": 2, ""status"": 1, ""pres"": 967.0619, ""meas_profile"": ""HP-7"", ""meas_id"": 7, ""hum"": 35.12868, ""gas_res"": 26218.76}, {""temp"": 20.69425, ""step"": 2, ""status"": 1, ""pres"": 967.2518, ""meas_profile"": ""HP-6"", ""meas_id"": 6, ""hum"": 34.99372, ""gas_res"": 105982.2}, {""temp"": 20.58303, ""step"": 2, ""status"": 1, ""pres"": 966.9131, ""meas_profile"": ""HP-5"", ""meas_id"": 5, ""hum"": 35.19311, ""gas_res"": 391811.8}, {""temp"": 20.26072, ""step"": 2, ""status"": 1, ""pres"": 967.0787, ""meas_profile"": ""HP-4"", ""meas_id"": 4, ""hum"": 34.74895, ""gas_res"": 666449.8}, {""temp"": 20.44387, ""step"": 2, ""status"": 1, ""pres"": 966.692, ""meas_profile"": ""HP-3"", ""meas_id"": 3, ""hum"": 35.22347, ""gas_res"": 300381.3}, {""temp"": 20.32903, ""step"": 2, ""status"": 1, ""pres"": 966.8599, ""meas_profile"": ""HP-2"", ""meas_id"": 2, ""hum"": 35.45935, ""gas_res"": 509326.0}, {""temp"": 20.08612, ""step"": 2, ""status"": 1, ""pres"": 966.9531, ""meas_profile"": ""HP-1"", ""meas_id"": 1, ""hum"": 33.87082, ""gas_res"": 381947.0}]}",NULL,"2025-10-27 10:27:59.277684"
11983,"04a600b9b0b8","2025-10-27 10:26:15","HGHEmatetwNeaX2Oo27U","{""bme688"": [{""temp"": 20.65862, ""step"": 1, ""status"": 1, ""pres"": 966.9655, ""meas_profile"": ""HP-8"", ""meas_id"": 8, ""hum"": 35.22839, ""gas_res"": 6779.661}, {""temp"": 20.62743, ""step"": 1, ""status"": 1, ""pres"": 967.0627, ""meas_profile"": ""HP-7"", ""meas_id"": 7, ""hum"": 35.12845, ""gas_res"": 7062.458}, {""temp"": 20.69178, ""step"": 1, ""status"": 1, ""pres"": 967.2529, ""meas_profile"": ""HP-6"", ""meas_id"": 6, ""hum"": 34.98775, ""gas_res"": 25000.0}, {""temp"": 20.58053, ""step"": 1, ""status"": 1, ""pres"": 966.9124, ""meas_profile"": ""HP-5"", ""meas_id"": 5, ""hum"": 35.18719, ""gas_res"": 39421.0}, {""temp"": 20.25793, ""step"": 1, ""status"": 1, ""pres"": 967.0775, ""meas_profile"": ""HP-4"", ""meas_id"": 4, ""hum"": 34.74294, ""gas_res"": 100000.0}, {""temp"": 20.44109, ""step"": 1, ""status"": 1, ""pres"": 966.6925, ""meas_profile"": ""HP-3"", ""meas_id"": 3, ""hum"": 35.22321, ""gas_res"": 27735.64}, {""temp"": 20.32592, ""step"": 1, ""status"": 1, ""pres"": 966.8599, ""meas_profile"": ""HP-2"", ""meas_id"": 2, ""hum"": 35.46475, ""gas_res"": 38461.54}, {""temp"": 20.08332, ""step"": 1, ""status"": 1, ""pres"": 966.9542, ""meas_profile"": ""HP-1"", ""meas_id"": 1, ""hum"": 33.87057, ""gas_res"": 28400.27}]}",NULL,"2025-10-27 10:28:00.549567"
11984,"04a600b9b0b8","2025-10-27 10:26:15","HGHEmatetwNeaX2Oo27U","{""bme688"": [{""temp"": 20.65615, ""step"": 0, ""status"": 1, ""pres"": 966.9651, ""meas_profile"": ""HP-8"", ""meas_id"": 8, ""hum"": 35.23389, ""gas_res"": 5684.846}, {""temp"": 20.62464, ""step"": 0, ""status"": 1, ""pres"": 967.0616, ""meas_profile"": ""HP-7"", ""meas_id"": 7, ""hum"": 35.09985, ""gas_res"": 5684.846}, {""temp"": 20.68962, ""step"": 0, ""status"": 1, ""pres"": 967.2531, ""meas_profile"": ""HP-6"", ""meas_id"": 6, ""hum"": 35.01629, ""gas_res"": 7048.458}, {""temp"": 20.57834, ""step"": 0, ""status"": 1, ""pres"": 966.9138, ""meas_profile"": ""HP-5"", ""meas_id"": 5, ""hum"": 35.16994, ""gas_res"": 25000.0}, {""temp"": 20.25513, ""step"": 0, ""status"": 1, ""pres"": 967.0795, ""meas_profile"": ""HP-4"", ""meas_id"": 4, ""hum"": 34.73693, ""gas_res"": 25000.0}, {""temp"": 20.438, ""step"": 0, ""status"": 1, ""pres"": 966.6925, ""meas_profile"": ""HP-3"", ""meas_id"": 3, ""hum"": 35.21717, ""gas_res"": 7076.515}, {""temp"": 20.32281, ""step"": 0, ""status"": 1, ""pres"": 966.8615, ""meas_profile"": ""HP-2"", ""meas_id"": 2, ""hum"": 35.46446, ""gas_res"": 8871.639}, {""temp"": 20.0802, ""step"": 0, ""status"": 1, ""pres"": 966.9549, ""meas_profile"": ""HP-1"", ""meas_id"": 1, ""hum"": 33.85278, ""gas_res"": 7109.531}]}",NULL,"2025-10-27 10:28:01.833766"
11985,"04a600b9b0b8","2025-10-27 10:28:13","HGHEmatetwNeaX2Oo27U","{""zphs01b"": {""voc"": 0, ""temp"": 18.8, ""pm2_5"": 0, ""pm1_0"": 0, ""pm10"": 345, ""o3"": 0.02, ""no2"": 0.0, ""hum"": 0, ""fmhd"": 0, ""co2"": 5000, ""co"": 0.0}, ""smell_b"": {}, ""sfa30"": {""temp"": 21.05, ""hum"": 35.58, ""fmhd"": 1.0}, ""sen5x"": {""voc"": 99.0, ""temp"": 20.715, ""pm4_0"": 4399.3, ""pm2_5"": 4399.3, ""pm1_0"": 4195.0, ""pm10"": 4399.3, ""nox"": 1.0, ""mass_c"": 4348.225, ""hum"": 41.45}, ""scd41"": {""temp"": 20.6981, ""hum"": 38.05142, ""co2"": 579}, ""power_source"": 0, ""mics6814"": {""red_res"": 0, ""no2_res"": 0, ""no2"": 0.17, ""nh3_res"": 0, ""nh3"": 0.73, ""co_res"": 0, ""co"": 44.0}}",NULL,"2025-10-27 10:29:05.366506"
11986,"04a600b9b0b8","2025-10-27 10:28:13","HGHEmatetwNeaX2Oo27U","{""bme688"": [{""temp"": 20.75869, ""step"": 9, ""status"": 1, ""pres"": 966.9484, ""meas_profile"": ""HP-8"", ""meas_id"": 8, ""hum"": 35.04285, ""gas_res"": 5684.846}, {""temp"": 20.724, ""step"": 9, ""status"": 1, ""pres"": 967.0577, ""meas_profile"": ""HP-7"", ""meas_id"": 7, ""hum"": 34.95045, ""gas_res"": 5684.846}, {""temp"": 20.78624, ""step"": 9, ""status"": 1, ""pres"": 967.2324, ""meas_profile"": ""HP-6"", ""meas_id"": 6, ""hum"": 34.80693, ""gas_res"": 6871.376}, {""temp"": 20.67372, ""step"": 9, ""status"": 1, ""pres"": 966.902, ""meas_profile"": ""HP-5"", ""meas_id"": 5, ""hum"": 35.00278, ""gas_res"": 25000.0}, {""temp"": 20.37503, ""step"": 9, ""status"": 1, ""pres"": 967.062, ""meas_profile"": ""HP-4"", ""meas_id"": 4, ""hum"": 34.52954, ""gas_res"": 25000.0}, {""temp"": 20.55396, ""step"": 9, ""status"": 1, ""pres"": 966.6795, ""meas_profile"": ""HP-3"", ""meas_id"": 3, ""hum"": 35.03816, ""gas_res"": 11095.7}, {""temp"": 20.44329, ""step"": 9, ""status"": 1, ""pres"": 966.835, ""meas_profile"": ""HP-2"", ""meas_id"": 2, ""hum"": 35.27668, ""gas_res"": 20043.85}, {""temp"": 20.20344, ""step"": 9, ""status"": 1, ""pres"": 966.9367, ""meas_profile"": ""HP-1"", ""meas_id"": 1, ""hum"": 33.68883, ""gas_res"": 10413.28}]}",NULL,"2025-10-27 10:29:06.474878"
11987,"04a600b9b0b8","2025-10-27 10:28:13","HGHEmatetwNeaX2Oo27U","{""bme688"": [{""temp"": 20.75591, ""step"": 8, ""status"": 1, ""pres"": 966.9476, ""meas_profile"": ""HP-8"", ""meas_id"": 8, ""hum"": 35.04832, ""gas_res"": 5684.846}, {""temp"": 20.7209, ""step"": 8, ""status"": 1, ""pres"": 967.0576, ""meas_profile"": ""HP-7"", ""meas_id"": 7, ""hum"": 34.91619, ""gas_res"": 5684.846}, {""temp"": 20.78377, ""step"": 8, ""status"": 1, ""pres"": 967.2319, ""meas_profile"": ""HP-6"", ""meas_id"": 6, ""hum"": 34.83541, ""gas_res"": 7195.862}, {""temp"": 20.67122, ""step"": 8, ""status"": 1, ""pres"": 966.903, ""meas_profile"": ""HP-5"", ""meas_id"": 5, ""hum"": 35.00823, ""gas_res"": 25000.0}, {""temp"": 20.37223, ""step"": 8, ""status"": 1, ""pres"": 967.0641, ""meas_profile"": ""HP-4"", ""meas_id"": 4, ""hum"": 34.54077, ""gas_res"": 25000.0}, {""temp"": 20.55117, ""step"": 8, ""status"": 1, ""pres"": 966.6802, ""meas_profile"": ""HP-3"", ""meas_id"": 3, ""hum"": 35.04365, ""gas_res"": 9975.063}, {""temp"": 20.44019, ""step"": 8, ""status"": 1, ""pres"": 966.8349, ""meas_profile"": ""HP-2"", ""meas_id"": 2, ""hum"": 35.28207, ""gas_res"": 19674.15}, {""temp"": 20.20033, ""step"": 8, ""status"": 1, ""pres"": 966.9373, ""meas_profile"": ""HP-1"", ""meas_id"": 1, ""hum"": 33.70022, ""gas_res"": 10204.08}]}",NULL,"2025-10-27 10:29:07.759355"
11988,"04a600b9b0b8","2025-10-27 10:28:13","HGHEmatetwNeaX2Oo27U","{""bme688"": [{""temp"": 20.75313, ""step"": 7, ""status"": 1, ""pres"": 966.9485, ""meas_profile"": ""HP-8"", ""meas_id"": 8, ""hum"": 35.04806, ""gas_res"": 5684.846}, {""temp"": 20.7181, ""step"": 7, ""status"": 1, ""pres"": 967.0564, ""meas_profile"": ""HP-7"", ""meas_id"": 7, ""hum"": 34.92159, ""gas_res"": 5684.846}, {""temp"": 20.7813, ""step"": 7, ""status"": 1, ""pres"": 967.2332, ""meas_profile"": ""HP-6"", ""meas_id"": 6, ""hum"": 34.81221, ""gas_res"": 7299.27}, {""temp"": 20.66871, ""step"": 7, ""status"": 1, ""pres"": 966.9039, ""meas_profile"": ""HP-5"", ""meas_id"": 5, ""hum"": 35.00232, ""gas_res"": 25000.0}, {""temp"": 20.36913, ""step"": 7, ""status"": 1, ""pres"": 967.0656, ""meas_profile"": ""HP-4"", ""meas_id"": 4, ""hum"": 34.54049, ""gas_res"": 25000.0}, {""temp"": 20.54839, ""step"": 7, ""status"": 1, ""pres"": 966.6806, ""meas_profile"": ""HP-3"", ""meas_id"": 3, ""hum"": 35.05489, ""gas_res"": 9321.293}, {""temp"": 20.4374, ""step"": 7, ""status"": 1, ""pres"": 966.8356, ""meas_profile"": ""HP-2"", ""meas_id"": 2, ""hum"": 35.28749, ""gas_res"": 11514.93}, {""temp"": 20.19722, ""step"": 7, ""status"": 1, ""pres"": 966.9361, ""meas_profile"": ""HP-1"", ""meas_id"": 1, ""hum"": 33.6941, ""gas_res"": 9478.673}]}",NULL,"2025-10-27 10:29:09.21811"
11989,"04a600b9b0b8","2025-10-27 10:28:13","HGHEmatetwNeaX2Oo27U","{""bme688"": [{""temp"": 20.75066, ""step"": 6, ""status"": 1, ""pres"": 966.9498, ""meas_profile"": ""HP-8"", ""meas_id"": 8, ""hum"": 35.05355, ""gas_res"": 8755.13}, {""temp"": 20.71562, ""step"": 6, ""status"": 1, ""pres"": 967.0572, ""meas_profile"": ""HP-7"", ""meas_id"": 7, ""hum"": 34.9157, ""gas_res"": 14153.03}, {""temp"": 20.77884, ""step"": 6, ""status"": 1, ""pres"": 967.2344, ""meas_profile"": ""HP-6"", ""meas_id"": 6, ""hum"": 34.82347, ""gas_res"": 33719.7}, {""temp"": 20.66621, ""step"": 6, ""status"": 1, ""pres"": 966.9033, ""meas_profile"": ""HP-5"", ""meas_id"": 5, ""hum"": 35.00209, ""gas_res"": 162025.3}, {""temp"": 20.36602, ""step"": 6, ""status"": 1, ""pres"": 967.0656, ""meas_profile"": ""HP-4"", ""meas_id"": 4, ""hum"": 34.54594, ""gas_res"": 303048.3}, {""temp"": 20.5453, ""step"": 6, ""status"": 1, ""pres"": 966.6805, ""meas_profile"": ""HP-3"", ""meas_id"": 3, ""hum"": 35.04885, ""gas_res"": 103038.8}, {""temp"": 20.43429, ""step"": 6, ""status"": 1, ""pres"": 966.8371, ""meas_profile"": ""HP-2"", ""meas_id"": 2, ""hum"": 35.27584, ""gas_res"": 167265.6}, {""temp"": 20.19442, ""step"": 6, ""status"": 1, ""pres"": 966.9391, ""meas_profile"": ""HP-1"", ""meas_id"": 1, ""hum"": 33.69385, ""gas_res"": 132987.0}]}",NULL,"2025-10-27 10:29:10.322961"
11990,"04a600b9b0b8","2025-10-27 10:28:13","HGHEmatetwNeaX2Oo27U","{""bme688"": [{""temp"": 20.74819, ""step"": 5, ""status"": 1, ""pres"": 966.9512, ""meas_profile"": ""HP-8"", ""meas_id"": 8, ""hum"": 35.0476, ""gas_res"": 8579.089}, {""temp"": 20.71313, ""step"": 5, ""status"": 1, ""pres"": 967.0582, ""meas_profile"": ""HP-7"", ""meas_id"": 7, ""hum"": 34.90414, ""gas_res"": 11590.0}, {""temp"": 20.77636, ""step"": 5, ""status"": 1, ""pres"": 967.2339, ""meas_profile"": ""HP-6"", ""meas_id"": 6, ""hum"": 34.81175, ""gas_res"": 33429.09}, {""temp"": 20.66371, ""step"": 5, ""status"": 1, ""pres"": 966.9041, ""meas_profile"": ""HP-5"", ""meas_id"": 5, ""hum"": 35.00185, ""gas_res"": 162333.5}, {""temp"": 20.3626, ""step"": 5, ""status"": 1, ""pres"": 967.0665, ""meas_profile"": ""HP-4"", ""meas_id"": 4, ""hum"": 34.55713, ""gas_res"": 310773.9}, {""temp"": 20.54221, ""step"": 5, ""status"": 1, ""pres"": 966.6806, ""meas_profile"": ""HP-3"", ""meas_id"": 3, ""hum"": 35.04282, ""gas_res"": 102728.7}, {""temp"": 20.4315, ""step"": 5, ""status"": 1, ""pres"": 966.8377, ""meas_profile"": ""HP-2"", ""meas_id"": 2, ""hum"": 35.28125, ""gas_res"": 164842.2}, {""temp"": 20.191, ""step"": 5, ""status"": 1, ""pres"": 966.9376, ""meas_profile"": ""HP-1"", ""meas_id"": 1, ""hum"": 33.69938, ""gas_res"": 132265.6}]}",NULL,"2025-10-27 10:29:11.586223"
11991,"04a600b9b0b8","2025-10-27 10:28:13","HGHEmatetwNeaX2Oo27U","{""bme688"": [{""temp"": 20.74541, ""step"": 4, ""status"": 1, ""pres"": 966.9503, ""meas_profile"": ""HP-8"", ""meas_id"": 8, ""hum"": 35.04734, ""gas_res"": 8517.435}, {""temp"": 20.71096, ""step"": 4, ""status"": 1, ""pres"": 967.058, ""meas_profile"": ""HP-7"", ""meas_id"": 7, ""hum"": 34.93792, ""gas_res"": 11331.44}, {""temp"": 20.7739, ""step"": 4, ""status"": 1, ""pres"": 967.2352, ""meas_profile"": ""HP-6"", ""meas_id"": 6, ""hum"": 34.8345, ""gas_res"": 33272.68}, {""temp"": 20.66121, ""step"": 4, ""status"": 1, ""pres"": 966.9052, ""meas_profile"": ""HP-5"", ""meas_id"": 5, ""hum"": 35.0073, ""gas_res"": 163735.2}, {""temp"": 20.3595, ""step"": 4, ""status"": 1, ""pres"": 967.0664, ""meas_profile"": ""HP-4"", ""meas_id"": 4, ""hum"": 34.55684, ""gas_res"": 328731.9}, {""temp"": 20.53881, ""step"": 4, ""status"": 1, ""pres"": 966.6817, ""meas_profile"": ""HP-3"", ""meas_id"": 3, ""hum"": 35.04825, ""gas_res"": 105458.3}, {""temp"": 20.42839, ""step"": 4, ""status"": 1, ""pres"": 966.8392, ""meas_profile"": ""HP-2"", ""meas_id"": 2, ""hum"": 35.28665, ""gas_res"": 165803.1}, {""temp"": 20.18788, ""step"": 4, ""status"": 1, ""pres"": 966.9398, ""meas_profile"": ""HP-1"", ""meas_id"": 1, ""hum"": 33.70493, ""gas_res"": 131551.9}]}",NULL,"2025-10-27 10:29:12.875728"
11992,"04a600b9b0b8","2025-10-27 10:28:13","HGHEmatetwNeaX2Oo27U","{""bme688"": [{""temp"": 20.74263, ""step"": 3, ""status"": 0, ""pres"": 966.9514, ""meas_profile"": ""HP-8"", ""meas_id"": 8, ""hum"": 35.07, ""gas_res"": 5684.846}, {""temp"": 20.70817, ""step"": 3, ""status"": 0, ""pres"": 967.0584, ""meas_profile"": ""HP-7"", ""meas_id"": 7, ""hum"": 34.95465, ""gas_res"": 6906.972}, {""temp"": 20.77112, ""step"": 3, ""status"": 0, ""pres"": 967.2358, ""meas_profile"": ""HP-6"", ""meas_id"": 6, ""hum"": 34.84573, ""gas_res"": 17452.96}, {""temp"": 20.65839, ""step"": 3, ""status"": 0, ""pres"": 966.9037, ""meas_profile"": ""HP-5"", ""meas_id"": 5, ""hum"": 35.02974, ""gas_res"": 47958.04}, {""temp"": 20.35608, ""step"": 3, ""status"": 0, ""pres"": 967.0659, ""meas_profile"": ""HP-4"", ""meas_id"": 4, ""hum"": 34.55653, ""gas_res"": 68085.11}, {""temp"": 20.53571, ""step"": 3, ""status"": 0, ""pres"": 966.6819, ""meas_profile"": ""HP-3"", ""meas_id"": 3, ""hum"": 35.05946, ""gas_res"": 39457.46}, {""temp"": 20.42498, ""step"": 3, ""status"": 0, ""pres"": 966.8388, ""meas_profile"": ""HP-2"", ""meas_id"": 2, ""hum"": 35.29202, ""gas_res"": 62591.69}, {""temp"": 20.18446, ""step"": 3, ""status"": 0, ""pres"": 966.94, ""meas_profile"": ""HP-1"", ""meas_id"": 1, ""hum"": 33.71629, ""gas_res"": 41170.79}]}",NULL,"2025-10-27 10:29:14.347345"
11993,"04a600b9b0b8","2025-10-27 10:28:13","HGHEmatetwNeaX2Oo27U","{""bme688"": [{""temp"": 20.73985, ""step"": 2, ""status"": 1, ""pres"": 966.9523, ""meas_profile"": ""HP-8"", ""meas_id"": 8, ""hum"": 35.0812, ""gas_res"": 14004.38}, {""temp"": 20.70568, ""step"": 2, ""status"": 1, ""pres"": 967.0594, ""meas_profile"": ""HP-7"", ""meas_id"": 7, ""hum"": 34.94875, ""gas_res"": 20214.78}, {""temp"": 20.76834, ""step"": 2, ""status"": 1, ""pres"": 967.2364, ""meas_profile"": ""HP-6"", ""meas_id"": 6, ""hum"": 34.8627, ""gas_res"": 75360.61}, {""temp"": 20.65558, ""step"": 2, ""status"": 1, ""pres"": 966.9043, ""meas_profile"": ""HP-5"", ""meas_id"": 5, ""hum"": 35.03516, ""gas_res"": 274751.8}, {""temp"": 20.35266, ""step"": 2, ""status"": 1, ""pres"": 967.0653, ""meas_profile"": ""HP-4"", ""meas_id"": 4, ""hum"": 34.57919, ""gas_res"": 564031.9}, {""temp"": 20.53231, ""step"": 2, ""status"": 1, ""pres"": 966.6813, ""meas_profile"": ""HP-3"", ""meas_id"": 3, ""hum"": 35.05339, ""gas_res"": 257545.3}, {""temp"": 20.42156, ""step"": 2, ""status"": 1, ""pres"": 966.8382, ""meas_profile"": ""HP-2"", ""meas_id"": 2, ""hum"": 35.32581, ""gas_res"": 435004.3}, {""temp"": 20.18104, ""step"": 2, ""status"": 1, ""pres"": 966.9402, ""meas_profile"": ""HP-1"", ""meas_id"": 1, ""hum"": 33.71015, ""gas_res"": 349607.4}]}",NULL,"2025-10-27 10:29:16.089297"
11994,"04a600b9b0b8","2025-10-27 10:28:13","HGHEmatetwNeaX2Oo27U","{""bme688"": [{""temp"": 20.73738, ""step"": 1, ""status"": 1, ""pres"": 966.9518, ""meas_profile"": ""HP-8"", ""meas_id"": 8, ""hum"": 35.08097, ""gas_res"": 6884.682}, {""temp"": 20.70289, ""step"": 1, ""status"": 1, ""pres"": 967.0582, ""meas_profile"": ""HP-7"", ""meas_id"": 7, ""hum"": 34.96548, ""gas_res"": 7339.45}, {""temp"": 20.76587, ""step"": 1, ""status"": 1, ""pres"": 967.2375, ""meas_profile"": ""HP-6"", ""meas_id"": 6, ""hum"": 34.8395, ""gas_res"": 25000.0}, {""temp"": 20.65308, ""step"": 1, ""status"": 1, ""pres"": 966.9052, ""meas_profile"": ""HP-5"", ""meas_id"": 5, ""hum"": 35.02357, ""gas_res"": 46259.49}, {""temp"": 20.34956, ""step"": 1, ""status"": 1, ""pres"": 967.0667, ""meas_profile"": ""HP-4"", ""meas_id"": 4, ""hum"": 34.57316, ""gas_res"": 112552.2}, {""temp"": 20.52953, ""step"": 1, ""status"": 1, ""pres"": 966.6818, ""meas_profile"": ""HP-3"", ""meas_id"": 3, ""hum"": 35.07038, ""gas_res"": 38740.92}, {""temp"": 20.41845, ""step"": 1, ""status"": 1, ""pres"": 966.8399, ""meas_profile"": ""HP-2"", ""meas_id"": 2, ""hum"": 35.31983, ""gas_res"": 100000.0}, {""temp"": 20.17793, ""step"": 1, ""status"": 1, ""pres"": 966.9408, ""meas_profile"": ""HP-1"", ""meas_id"": 1, ""hum"": 33.72736, ""gas_res"": 41012.5}]}",NULL,"2025-10-27 10:29:17.361719"
11995,"04a600b9b0b8","2025-10-27 10:28:13","HGHEmatetwNeaX2Oo27U","{""bme688"": [{""temp"": 20.7346, ""step"": 0, ""status"": 1, ""pres"": 966.9528, ""meas_profile"": ""HP-8"", ""meas_id"": 8, ""hum"": 35.08644, ""gas_res"": 5684.846}, {""temp"": 20.70009, ""step"": 0, ""status"": 1, ""pres"": 967.0584, ""meas_profile"": ""HP-7"", ""meas_id"": 7, ""hum"": 34.96522, ""gas_res"": 5684.846}, {""temp"": 20.7634, ""step"": 0, ""status"": 1, ""pres"": 967.2371, ""meas_profile"": ""HP-6"", ""meas_id"": 6, ""hum"": 34.86224, ""gas_res"": 7369.875}, {""temp"": 20.65058, ""step"": 0, ""status"": 1, ""pres"": 966.9062, ""meas_profile"": ""HP-5"", ""meas_id"": 5, ""hum"": 35.04037, ""gas_res"": 25000.0}, {""temp"": 20.34645, ""step"": 0, ""status"": 1, ""pres"": 967.0667, ""meas_profile"": ""HP-4"", ""meas_id"": 4, ""hum"": 34.59011, ""gas_res"": 25000.0}, {""temp"": 20.52644, ""step"": 0, ""status"": 1, ""pres"": 966.6819, ""meas_profile"": ""HP-3"", ""meas_id"": 3, ""hum"": 35.0816, ""gas_res"": 9538.003}, {""temp"": 20.41535, ""step"": 0, ""status"": 1, ""pres"": 966.8396, ""meas_profile"": ""HP-2"", ""meas_id"": 2, ""hum"": 35.30818, ""gas_res"": 11602.61}, {""temp"": 20.17481, ""step"": 0, ""status"": 1, ""pres"": 966.9414, ""meas_profile"": ""HP-1"", ""meas_id"": 1, ""hum"": 33.73292, ""gas_res"": 9598.08}]}",NULL,"2025-10-27 10:29:18.636297"
11996,"04a600b9b0b8","2025-10-27 10:27:46","HGHEmatetwNeaX2Oo27U","{""zphs01b"": {""voc"": 0, ""temp"": 18.8, ""pm2_5"": 0, ""pm1_0"": 0, ""pm10"": 357, ""o3"": 0.02, ""no2"": 10.0, ""hum"": 0, ""fmhd"": 0, ""co2"": 5000, ""co"": 0.0}, ""smell_b"": {}, ""sfa30"": {""temp"": 21.03, ""hum"": 35.61, ""fmhd"": 0.8}, ""sen5x"": {""voc"": 96.0, ""temp"": 20.72, ""pm4_0"": 4402.4, ""pm2_5"": 4402.4, ""pm1_0"": 4197.9, ""pm10"": 4402.4, ""nox"": 1.0, ""mass_c"": 4351.275, ""hum"": 41.37}, ""scd41"": {""temp"": 20.61799, ""hum"": 38.12314, ""co2"": 578}, ""power_source"": 0, ""mics6814"": {""red_res"": 0, ""no2_res"": 0, ""no2"": 0.17, ""nh3_res"": 0, ""nh3"": 0.73, ""co_res"": 0, ""co"": 44.0}}",NULL,"2025-10-27 10:29:19.909824"
11997,"04a600b9b0b8","2025-10-27 10:27:46","HGHEmatetwNeaX2Oo27U","{""bme688"": [{""temp"": 20.73182, ""step"": 9, ""status"": 1, ""pres"": 966.9537, ""meas_profile"": ""HP-8"", ""meas_id"": 8, ""hum"": 35.09191, ""gas_res"": 5684.846}, {""temp"": 20.6973, ""step"": 9, ""status"": 1, ""pres"": 967.0589, ""meas_profile"": ""HP-7"", ""meas_id"": 7, ""hum"": 34.96496, ""gas_res"": 5684.846}, {""temp"": 20.76062, ""step"": 9, ""status"": 1, ""pres"": 967.2378, ""meas_profile"": ""HP-6"", ""meas_id"": 6, ""hum"": 34.86199, ""gas_res"": 6566.797}, {""temp"": 20.64808, ""step"": 9, ""status"": 1, ""pres"": 966.9056, ""meas_profile"": ""HP-5"", ""meas_id"": 5, ""hum"": 35.04582, ""gas_res"": 25000.0}, {""temp"": 20.34334, ""step"": 9, ""status"": 1, ""pres"": 967.0666, ""meas_profile"": ""HP-4"", ""meas_id"": 4, ""hum"": 34.58409, ""gas_res"": 25000.0}, {""temp"": 20.52365, ""step"": 9, ""status"": 1, ""pres"": 966.6841, ""meas_profile"": ""HP-3"", ""meas_id"": 3, ""hum"": 35.06984, ""gas_res"": 10012.52}, {""temp"": 20.41224, ""step"": 9, ""status"": 1, ""pres"": 966.8397, ""meas_profile"": ""HP-2"", ""meas_id"": 2, ""hum"": 35.31357, ""gas_res"": 11130.43}, {""temp"": 20.1717, ""step"": 9, ""status"": 1, ""pres"": 966.9421, ""meas_profile"": ""HP-1"", ""meas_id"": 1, ""hum"": 33.71515, ""gas_res"": 9248.555}]}",NULL,"2025-10-27 10:29:21.221974"
11998,"04a600b9b0b8","2025-10-27 10:27:46","HGHEmatetwNeaX2Oo27U","{""bme688"": [{""temp"": 20.72904, ""step"": 8, ""status"": 1, ""pres"": 966.9528, ""meas_profile"": ""HP-8"", ""meas_id"": 8, ""hum"": 35.10311, ""gas_res"": 5684.846}, {""temp"": 20.6945, ""step"": 8, ""status"": 1, ""pres"": 967.0594, ""meas_profile"": ""HP-7"", ""meas_id"": 7, ""hum"": 34.9647, ""gas_res"": 5684.846}, {""temp"": 20.75784, ""step"": 8, ""status"": 1, ""pres"": 967.2369, ""meas_profile"": ""HP-6"", ""meas_id"": 6, ""hum"": 34.86747, ""gas_res"": 6915.928}, {""temp"": 20.64557, ""step"": 8, ""status"": 1, ""pres"": 966.9065, ""meas_profile"": ""HP-5"", ""meas_id"": 5, ""hum"": 35.05126, ""gas_res"": 25000.0}, {""temp"": 20.34055, ""step"": 8, ""status"": 1, ""pres"": 967.0686, ""meas_profile"": ""HP-4"", ""meas_id"": 4, ""hum"": 34.58957, ""gas_res"": 25000.0}, {""temp"": 20.52087, ""step"": 8, ""status"": 1, ""pres"": 966.6845, ""meas_profile"": ""HP-3"", ""meas_id"": 3, ""hum"": 35.06958, ""gas_res"": 8805.724}, {""temp"": 20.40914, ""step"": 8, ""status"": 1, ""pres"": 966.8414, ""meas_profile"": ""HP-2"", ""meas_id"": 2, ""hum"": 35.31897, ""gas_res"": 10958.9}, {""temp"": 20.16859, ""step"": 8, ""status"": 1, ""pres"": 966.9427, ""meas_profile"": ""HP-1"", ""meas_id"": 1, ""hum"": 33.73819, ""gas_res"": 8791.209}]}",NULL,"2025-10-27 10:29:22.492437"
11999,"04a600b9b0b8","2025-10-27 10:27:46","HGHEmatetwNeaX2Oo27U","{""bme688"": [{""temp"": 20.72595, ""step"": 7, ""status"": 1, ""pres"": 966.9533, ""meas_profile"": ""HP-8"", ""meas_id"": 8, ""hum"": 35.10283, ""gas_res"": 5684.846}, {""temp"": 20.6914, ""step"": 7, ""status"": 1, ""pres"": 967.0594, ""meas_profile"": ""HP-7"", ""meas_id"": 7, ""hum"": 34.9814, ""gas_res"": 5684.846}, {""temp"": 20.75506, ""step"": 7, ""status"": 1, ""pres"": 967.2375, ""meas_profile"": ""HP-6"", ""meas_id"": 6, ""hum"": 34.87296, ""gas_res"": 7011.394}, {""temp"": 20.64307, ""step"": 7, ""status"": 1, ""pres"": 966.9074, ""meas_profile"": ""HP-5"", ""meas_id"": 5, ""hum"": 35.05671, ""gas_res"": 25000.0}, {""temp"": 20.33744, ""step"": 7, ""status"": 1, ""pres"": 967.0684, ""meas_profile"": ""HP-4"", ""meas_id"": 4, ""hum"": 34.58355, ""gas_res"": 25000.0}, {""temp"": 20.51778, ""step"": 7, ""status"": 1, ""pres"": 966.6848, ""meas_profile"": ""HP-3"", ""meas_id"": 3, ""hum"": 35.0923, ""gas_res"": 8024.072}, {""temp"": 20.40635, ""step"": 7, ""status"": 1, ""pres"": 966.842, ""meas_profile"": ""HP-2"", ""meas_id"": 2, ""hum"": 35.32439, ""gas_res"": 10126.58}, {""temp"": 20.16548, ""step"": 7, ""status"": 1, ""pres"": 966.9434, ""meas_profile"": ""HP-1"", ""meas_id"": 1, ""hum"": 33.73791, ""gas_res"": 8279.431}]}",NULL,"2025-10-27 10:29:23.754797"
12000,"04a600b9b0b8","2025-10-27 10:27:46","HGHEmatetwNeaX2Oo27U","{""bme688"": [{""temp"": 20.72348, ""step"": 6, ""status"": 1, ""pres"": 966.9548, ""meas_profile"": ""HP-8"", ""meas_id"": 8, ""hum"": 35.13125, ""gas_res"": 8669.737}, {""temp"": 20.68922, ""step"": 6, ""status"": 1, ""pres"": 967.0591, ""meas_profile"": ""HP-7"", ""meas_id"": 7, ""hum"": 34.97554, ""gas_res"": 11653.31}, {""temp"": 20.7526, ""step"": 6, ""status"": 1, ""pres"": 967.2388, ""meas_profile"": ""HP-6"", ""meas_id"": 6, ""hum"": 34.8555, ""gas_res"": 31809.14}, {""temp"": 20.64057, ""step"": 6, ""status"": 1, ""pres"": 966.9083, ""meas_profile"": ""HP-5"", ""meas_id"": 5, ""hum"": 35.03944, ""gas_res"": 147211.0}, {""temp"": 20.33434, ""step"": 6, ""status"": 1, ""pres"": 967.07, ""meas_profile"": ""HP-4"", ""meas_id"": 4, ""hum"": 34.589, ""gas_res"": 186453.0}, {""temp"": 20.51499, ""step"": 6, ""status"": 1, ""pres"": 966.6852, ""meas_profile"": ""HP-3"", ""meas_id"": 3, ""hum"": 35.08053, ""gas_res"": 100000.0}, {""temp"": 20.40293, ""step"": 6, ""status"": 1, ""pres"": 966.8429, ""meas_profile"": ""HP-2"", ""meas_id"": 2, ""hum"": 35.32975, ""gas_res"": 140312.4}, {""temp"": 20.16205, ""step"": 6, ""status"": 1, ""pres"": 966.9435, ""meas_profile"": ""HP-1"", ""meas_id"": 1, ""hum"": 33.74927, ""gas_res"": 110226.0}]}",NULL,"2025-10-27 10:29:25.126496"
12001,"04a600b9b0b8","2025-10-27 10:27:46","HGHEmatetwNeaX2Oo27U","{""bme688"": [{""temp"": 20.7207, ""step"": 5, ""status"": 1, ""pres"": 966.9556, ""meas_profile"": ""HP-8"", ""meas_id"": 8, ""hum"": 35.10234, ""gas_res"": 8510.639}, {""temp"": 20.68674, ""step"": 5, ""status"": 1, ""pres"": 967.0601, ""meas_profile"": ""HP-7"", ""meas_id"": 7, ""hum"": 35.00363, ""gas_res"": 11490.13}, {""temp"": 20.75013, ""step"": 5, ""status"": 1, ""pres"": 967.2401, ""meas_profile"": ""HP-6"", ""meas_id"": 6, ""hum"": 34.85527, ""gas_res"": 31527.09}, {""temp"": 20.63807, ""step"": 5, ""status"": 1, ""pres"": 966.9076, ""meas_profile"": ""HP-5"", ""meas_id"": 5, ""hum"": 35.05624, ""gas_res"": 146704.9}, {""temp"": 20.33092, ""step"": 5, ""status"": 1, ""pres"": 967.0694, ""meas_profile"": ""HP-4"", ""meas_id"": 4, ""hum"": 34.59443, ""gas_res"": 248001.9}, {""temp"": 20.5119, ""step"": 5, ""status"": 1, ""pres"": 966.6868, ""meas_profile"": ""HP-3"", ""meas_id"": 3, ""hum"": 35.0975, ""gas_res"": 100000.0}, {""temp"": 20.39982, ""step"": 5, ""status"": 1, ""pres"": 966.8446, ""meas_profile"": ""HP-2"", ""meas_id"": 2, ""hum"": 35.36358, ""gas_res"": 135953.3}, {""temp"": 20.15894, ""step"": 5, ""status"": 1, ""pres"": 966.9459, ""meas_profile"": ""HP-1"", ""meas_id"": 1, ""hum"": 33.74316, ""gas_res"": 106644.4}]}",NULL,"2025-10-27 10:29:26.321574"
12002,"04a600b9b0b8","2025-10-27 10:27:46","HGHEmatetwNeaX2Oo27U","{""bme688"": [{""temp"": 20.71823, ""step"": 4, ""status"": 1, ""pres"": 966.957, ""meas_profile"": ""HP-8"", ""meas_id"": 8, ""hum"": 35.1021, ""gas_res"": 8579.089}, {""temp"": 20.68426, ""step"": 4, ""status"": 1, ""pres"": 967.0609, ""meas_profile"": ""HP-7"", ""meas_id"": 7, ""hum"": 35.02039, ""gas_res"": 11379.8}, {""temp"": 20.74766, ""step"": 4, ""status"": 1, ""pres"": 967.2411, ""meas_profile"": ""HP-6"", ""meas_id"": 6, ""hum"": 34.88375, ""gas_res"": 31411.04}, {""temp"": 20.63557, ""step"": 4, ""status"": 1, ""pres"": 966.9085, ""meas_profile"": ""HP-5"", ""meas_id"": 5, ""hum"": 35.07871, ""gas_res"": 149140.7}, {""temp"": 20.3275, ""step"": 4, ""status"": 1, ""pres"": 967.0703, ""meas_profile"": ""HP-4"", ""meas_id"": 4, ""hum"": 34.58838, ""gas_res"": 260294.9}, {""temp"": 20.50881, ""step"": 4, ""status"": 1, ""pres"": 966.6868, ""meas_profile"": ""HP-3"", ""meas_id"": 3, ""hum"": 35.10871, ""gas_res"": 100000.0}, {""temp"": 20.39672, ""step"": 4, ""status"": 1, ""pres"": 966.8463, ""meas_profile"": ""HP-2"", ""meas_id"": 2, ""hum"": 35.34054, ""gas_res"": 135306.5}, {""temp"": 20.15552, ""step"": 4, ""status"": 1, ""pres"": 966.9459, ""meas_profile"": ""HP-1"", ""meas_id"": 1, ""hum"": 33.77202, ""gas_res"": 106312.3}]}",NULL,"2025-10-27 10:29:27.617836"
12003,"04a600b9b0b8","2025-10-27 10:27:46","HGHEmatetwNeaX2Oo27U","{""bme688"": [{""temp"": 20.71514, ""step"": 3, ""status"": 0, ""pres"": 966.9574, ""meas_profile"": ""HP-8"", ""meas_id"": 8, ""hum"": 35.11328, ""gas_res"": 5684.846}, {""temp"": 20.68146, ""step"": 3, ""status"": 0, ""pres"": 967.0596, ""meas_profile"": ""HP-7"", ""meas_id"": 7, ""hum"": 35.00314, ""gas_res"": 7016.005}, {""temp"": 20.74488, ""step"": 3, ""status"": 0, ""pres"": 967.2419, ""meas_profile"": ""HP-6"", ""meas_id"": 6, ""hum"": 34.90073, ""gas_res"": 16859.85}, {""temp"": 20.63275, ""step"": 3, ""status"": 0, ""pres"": 966.9089, ""meas_profile"": ""HP-5"", ""meas_id"": 5, ""hum"": 35.07846, ""gas_res"": 43567.05}, {""temp"": 20.32409, ""step"": 3, ""status"": 0, ""pres"": 967.0698, ""meas_profile"": ""HP-4"", ""meas_id"": 4, ""hum"": 34.61105, ""gas_res"": 56649.7}, {""temp"": 20.50541, ""step"": 3, ""status"": 0, ""pres"": 966.6864, ""meas_profile"": ""HP-3"", ""meas_id"": 3, ""hum"": 35.10839, ""gas_res"": 33220.87}, {""temp"": 20.39299, ""step"": 3, ""status"": 0, ""pres"": 966.8451, ""meas_profile"": ""HP-2"", ""meas_id"": 2, ""hum"": 35.36863, ""gas_res"": 51863.86}, {""temp"": 20.15178, ""step"": 3, ""status"": 0, ""pres"": 966.9459, ""meas_profile"": ""HP-1"", ""meas_id"": 1, ""hum"": 33.77752, ""gas_res"": 33934.25}]}",NULL,"2025-10-27 10:29:28.89046"
12004,"04a600b9b0b8","2025-10-27 10:27:46","HGHEmatetwNeaX2Oo27U","{""bme688"": [{""temp"": 20.71236, ""step"": 2, ""status"": 1, ""pres"": 966.9583, ""meas_profile"": ""HP-8"", ""meas_id"": 8, ""hum"": 35.11875, ""gas_res"": 15940.22}, {""temp"": 20.67898, ""step"": 2, ""status"": 1, ""pres"": 967.0605, ""meas_profile"": ""HP-7"", ""meas_id"": 7, ""hum"": 35.01424, ""gas_res"": 23104.69}, {""temp"": 20.7421, ""step"": 2, ""status"": 1, ""pres"": 967.2408, ""meas_profile"": ""HP-6"", ""meas_id"": 6, ""hum"": 34.89474, ""gas_res"": 83961.95}, {""temp"": 20.62994, ""step"": 2, ""status"": 1, ""pres"": 966.9094, ""meas_profile"": ""HP-5"", ""meas_id"": 5, ""hum"": 35.07819, ""gas_res"": 297242.4}, {""temp"": 20.32067, ""step"": 2, ""status"": 1, ""pres"": 967.0709, ""meas_profile"": ""HP-4"", ""meas_id"": 4, ""hum"": 34.61648, ""gas_res"": 515479.5}, {""temp"": 20.502, ""step"": 2, ""status"": 1, ""pres"": 966.6875, ""meas_profile"": ""HP-3"", ""meas_id"": 3, ""hum"": 35.11383, ""gas_res"": 234862.4}, {""temp"": 20.38958, ""step"": 2, ""status"": 1, ""pres"": 966.8464, ""meas_profile"": ""HP-2"", ""meas_id"": 2, ""hum"": 35.36263, ""gas_res"": 390020.9}, {""temp"": 20.14836, ""step"": 2, ""status"": 1, ""pres"": 966.9476, ""meas_profile"": ""HP-1"", ""meas_id"": 1, ""hum"": 33.77138, ""gas_res"": 304943.4}]}",NULL,"2025-10-27 10:29:30.255137"
12005,"04a600b9b0b8","2025-10-27 10:27:46","HGHEmatetwNeaX2Oo27U","{""bme688"": [{""temp"": 20.70989, ""step"": 1, ""status"": 1, ""pres"": 966.9581, ""meas_profile"": ""HP-8"", ""meas_id"": 8, ""hum"": 35.13571, ""gas_res"": 7095.344}, {""temp"": 20.67618, ""step"": 1, ""status"": 1, ""pres"": 967.061, ""meas_profile"": ""HP-7"", ""meas_id"": 7, ""hum"": 35.00831, ""gas_res"": 7488.884}, {""temp"": 20.73963, ""step"": 1, ""status"": 1, ""pres"": 967.242, ""meas_profile"": ""HP-6"", ""meas_id"": 6, ""hum"": 34.90025, ""gas_res"": 25000.0}, {""temp"": 20.62743, ""step"": 1, ""status"": 1, ""pres"": 966.9102, ""meas_profile"": ""HP-5"", ""meas_id"": 5, ""hum"": 35.095, ""gas_res"": 41734.59}, {""temp"": 20.31787, ""step"": 1, ""status"": 1, ""pres"": 967.0711, ""meas_profile"": ""HP-4"", ""meas_id"": 4, ""hum"": 34.62772, ""gas_res"": 100000.0}, {""temp"": 20.49891, ""step"": 1, ""status"": 1, ""pres"": 966.6874, ""meas_profile"": ""HP-3"", ""meas_id"": 3, ""hum"": 35.12504, ""gas_res"": 30338.94}, {""temp"": 20.38647, ""step"": 1, ""status"": 1, ""pres"": 966.848, ""meas_profile"": ""HP-2"", ""meas_id"": 2, ""hum"": 35.36234, ""gas_res"": 41939.71}, {""temp"": 20.14525, ""step"": 1, ""status"": 1, ""pres"": 966.9483, ""meas_profile"": ""HP-1"", ""meas_id"": 1, ""hum"": 33.77694, ""gas_res"": 31227.13}]}",NULL,"2025-10-27 10:29:31.4444"
12006,"04a600b9b0b8","2025-10-27 10:27:46","HGHEmatetwNeaX2Oo27U","{""bme688"": [{""temp"": 20.70711, ""step"": 0, ""status"": 1, ""pres"": 966.9589, ""meas_profile"": ""HP-8"", ""meas_id"": 8, ""hum"": 35.15839, ""gas_res"": 5684.846}, {""temp"": 20.67339, ""step"": 0, ""status"": 1, ""pres"": 967.0616, ""meas_profile"": ""HP-7"", ""meas_id"": 7, ""hum"": 35.01939, ""gas_res"": 5684.846}, {""temp"": 20.73716, ""step"": 0, ""status"": 1, ""pres"": 967.2432, ""meas_profile"": ""HP-6"", ""meas_id"": 6, ""hum"": 34.91151, ""gas_res"": 7457.469}, {""temp"": 20.62493, ""step"": 0, ""status"": 1, ""pres"": 966.9096, ""meas_profile"": ""HP-5"", ""meas_id"": 5, ""hum"": 35.10044, ""gas_res"": 25000.0}, {""temp"": 20.31477, ""step"": 0, ""status"": 1, ""pres"": 967.0728, ""meas_profile"": ""HP-4"", ""meas_id"": 4, ""hum"": 34.62168, ""gas_res"": 25000.0}, {""temp"": 20.49613, ""step"": 0, ""status"": 1, ""pres"": 966.688, ""meas_profile"": ""HP-3"", ""meas_id"": 3, ""hum"": 35.14204, ""gas_res"": 7755.696}, {""temp"": 20.38337, ""step"": 0, ""status"": 1, ""pres"": 966.8479, ""meas_profile"": ""HP-2"", ""meas_id"": 2, ""hum"": 35.37342, ""gas_res"": 9580.838}, {""temp"": 20.14182, ""step"": 0, ""status"": 1, ""pres"": 966.9484, ""meas_profile"": ""HP-1"", ""meas_id"": 1, ""hum"": 33.77079, ""gas_res"": 7835.456}]}",NULL,"2025-10-27 10:29:32.707691"
12007,"04a600b9b0b8","2025-10-27 10:29:44","HGHEmatetwNeaX2Oo27U","{""zphs01b"": {""voc"": 0, ""temp"": 18.9, ""pm2_5"": 0, ""pm1_0"": 0, ""pm10"": 357, ""o3"": 0.02, ""no2"": 0.81, ""hum"": 0, ""fmhd"": 0, ""co2"": 5000, ""co"": 0.0}, ""smell_b"": {}, ""sfa30"": {""temp"": 21.1, ""hum"": 35.47, ""fmhd"": 1.0}, ""sen5x"": {""voc"": 91.0, ""temp"": 20.71, ""pm4_0"": 4364.3, ""pm2_5"": 4364.3, ""pm1_0"": 4161.6, ""pm10"": 4364.3, ""nox"": 1.0, ""mass_c"": 4313.625, ""hum"": 41.57}, ""scd41"": {""temp"": 20.86366, ""hum"": 37.85458, ""co2"": 583}, ""power_source"": 0, ""mics6814"": {""red_res"": 0, ""no2_res"": 0, ""no2"": 0.17, ""nh3_res"": 0, ""nh3"": 0.73, ""co_res"": 0, ""co"": 44.0}}",NULL,"2025-10-27 10:30:37.05"
12008,"04a600b9b0b8","2025-10-27 10:29:44","HGHEmatetwNeaX2Oo27U","{""bme688"": [{""temp"": 20.81614, ""step"": 9, ""status"": 1, ""pres"": 966.9399, ""meas_profile"": ""HP-8"", ""meas_id"": 8, ""hum"": 34.92222, ""gas_res"": 5684.846}, {""temp"": 20.78083, ""step"": 9, ""status"": 1, ""pres"": 967.0558, ""meas_profile"": ""HP-7"", ""meas_id"": 7, ""hum"": 34.80855, ""gas_res"": 5684.846}, {""temp"": 20.84088, ""step"": 9, ""status"": 1, ""pres"": 967.2205, ""meas_profile"": ""HP-6"", ""meas_id"": 6, ""hum"": 34.70867, ""gas_res"": 7020.623}, {""temp"": 20.72844, ""step"": 9, ""status"": 1, ""pres"": 966.8926, ""meas_profile"": ""HP-5"", ""meas_id"": 5, ""hum"": 34.87737, ""gas_res"": 25000.0}, {""temp"": 20.44057, ""step"": 9, ""status"": 1, ""pres"": 967.0532, ""meas_profile"": ""HP-4"", ""meas_id"": 4, ""hum"": 34.41496, ""gas_res"": 25000.0}, {""temp"": 20.61735, ""step"": 9, ""status"": 1, ""pres"": 966.6702, ""meas_profile"": ""HP-3"", ""meas_id"": 3, ""hum"": 34.91762, ""gas_res"": 18626.31}, {""temp"": 20.50881, ""step"": 9, ""status"": 1, ""pres"": 966.8195, ""meas_profile"": ""HP-2"", ""meas_id"": 2, ""hum"": 35.1805, ""gas_res"": 20725.39}, {""temp"": 20.27035, ""step"": 9, ""status"": 1, ""pres"": 966.9258, ""meas_profile"": ""HP-1"", ""meas_id"": 1, ""hum"": 33.59573, ""gas_res"": 11004.13}]}",NULL,"2025-10-27 10:30:38.629396"
12009,"04a600b9b0b8","2025-10-27 10:29:44","HGHEmatetwNeaX2Oo27U","{""bme688"": [{""temp"": 20.81336, ""step"": 8, ""status"": 1, ""pres"": 966.9391, ""meas_profile"": ""HP-8"", ""meas_id"": 8, ""hum"": 34.93341, ""gas_res"": 5684.846}, {""temp"": 20.77772, ""step"": 8, ""status"": 1, ""pres"": 967.0541, ""meas_profile"": ""HP-7"", ""meas_id"": 7, ""hum"": 34.81392, ""gas_res"": 5684.846}, {""temp"": 20.8381, ""step"": 8, ""status"": 1, ""pres"": 967.2194, ""meas_profile"": ""HP-6"", ""meas_id"": 6, ""hum"": 34.7084, ""gas_res"": 7431.491}, {""temp"": 20.72563, ""step"": 8, ""status"": 1, ""pres"": 966.8929, ""meas_profile"": ""HP-5"", ""meas_id"": 5, ""hum"": 34.88278, ""gas_res"": 25000.0}, {""temp"": 20.43746, ""step"": 8, ""status"": 1, ""pres"": 967.053, ""meas_profile"": ""HP-4"", ""meas_id"": 4, ""hum"": 34.44338, ""gas_res"": 25000.0}, {""temp"": 20.61426, ""step"": 8, ""status"": 1, ""pres"": 966.6702, ""meas_profile"": ""HP-3"", ""meas_id"": 3, ""hum"": 34.91733, ""gas_res"": 10620.64}, {""temp"": 20.50571, ""step"": 8, ""status"": 1, ""pres"": 966.8211, ""meas_profile"": ""HP-2"", ""meas_id"": 2, ""hum"": 35.17453, ""gas_res"": 20525.98}, {""temp"": 20.26724, ""step"": 8, ""status"": 1, ""pres"": 966.9244, ""meas_profile"": ""HP-1"", ""meas_id"": 1, ""hum"": 33.59544, ""gas_res"": 10970.17}]}",NULL,"2025-10-27 10:30:39.923646"
12010,"04a600b9b0b8","2025-10-27 10:29:44","HGHEmatetwNeaX2Oo27U","{""bme688"": [{""temp"": 20.81027, ""step"": 7, ""status"": 1, ""pres"": 966.9395, ""meas_profile"": ""HP-8"", ""meas_id"": 8, ""hum"": 34.94457, ""gas_res"": 5684.846}, {""temp"": 20.77462, ""step"": 7, ""status"": 1, ""pres"": 967.0538, ""meas_profile"": ""HP-7"", ""meas_id"": 7, ""hum"": 34.82495, ""gas_res"": 5684.846}, {""temp"": 20.83563, ""step"": 7, ""status"": 1, ""pres"": 967.2206, ""meas_profile"": ""HP-6"", ""meas_id"": 6, ""hum"": 34.70244, ""gas_res"": 7541.833}, {""temp"": 20.72313, ""step"": 7, ""status"": 1, ""pres"": 966.8938, ""meas_profile"": ""HP-5"", ""meas_id"": 5, ""hum"": 34.90524, ""gas_res"": 25000.0}, {""temp"": 20.43435, ""step"": 7, ""status"": 1, ""pres"": 967.0547, ""meas_profile"": ""HP-4"", ""meas_id"": 4, ""hum"": 34.43735, ""gas_res"": 25000.0}, {""temp"": 20.61147, ""step"": 7, ""status"": 1, ""pres"": 966.6707, ""meas_profile"": ""HP-3"", ""meas_id"": 3, ""hum"": 34.93431, ""gas_res"": 9773.977}, {""temp"": 20.50229, ""step"": 7, ""status"": 1, ""pres"": 966.8223, ""meas_profile"": ""HP-2"", ""meas_id"": 2, ""hum"": 35.18557, ""gas_res"": 19423.37}, {""temp"": 20.26413, ""step"": 7, ""status"": 1, ""pres"": 966.927, ""meas_profile"": ""HP-1"", ""meas_id"": 1, ""hum"": 33.61266, ""gas_res"": 10107.39}]}",NULL,"2025-10-27 10:30:41.387569"
12011,"04a600b9b0b8","2025-10-27 10:29:44","HGHEmatetwNeaX2Oo27U","{""bme688"": [{""temp"": 20.80749, ""step"": 6, ""status"": 1, ""pres"": 966.9405, ""meas_profile"": ""HP-8"", ""meas_id"": 8, ""hum"": 34.93859, ""gas_res"": 8856.905}, {""temp"": 20.77213, ""step"": 6, ""status"": 1, ""pres"": 967.0549, ""meas_profile"": ""HP-7"", ""meas_id"": 7, ""hum"": 34.82472, ""gas_res"": 14304.87}, {""temp"": 20.83316, ""step"": 6, ""status"": 1, ""pres"": 967.2218, ""meas_profile"": ""HP-6"", ""meas_id"": 6, ""hum"": 34.70795, ""gas_res"": 33880.36}, {""temp"": 20.72062, ""step"": 6, ""status"": 1, ""pres"": 966.8948, ""meas_profile"": ""HP-5"", ""meas_id"": 5, ""hum"": 34.90501, ""gas_res"": 158563.0}, {""temp"": 20.43094, ""step"": 6, ""status"": 1, ""pres"": 967.0541, ""meas_profile"": ""HP-4"", ""meas_id"": 4, ""hum"": 34.44852, ""gas_res"": 300911.0}, {""temp"": 20.60807, ""step"": 6, ""status"": 1, ""pres"": 966.6702, ""meas_profile"": ""HP-3"", ""meas_id"": 3, ""hum"": 34.92825, ""gas_res"": 102482.0}, {""temp"": 20.49919, ""step"": 6, ""status"": 1, ""pres"": 966.8223, ""meas_profile"": ""HP-2"", ""meas_id"": 2, ""hum"": 35.1796, ""gas_res"": 165803.1}, {""temp"": 20.26071, ""step"": 6, ""status"": 1, ""pres"": 966.9272, ""meas_profile"": ""HP-1"", ""meas_id"": 1, ""hum"": 33.60069, ""gas_res"": 133821.2}]}",NULL,"2025-10-27 10:30:43.115261"
12012,"04a600b9b0b8","2025-10-27 10:29:44","HGHEmatetwNeaX2Oo27U","{""bme688"": [{""temp"": 20.80502, ""step"": 5, ""status"": 1, ""pres"": 966.9401, ""meas_profile"": ""HP-8"", ""meas_id"": 8, ""hum"": 34.96126, ""gas_res"": 8705.114}, {""temp"": 20.76934, ""step"": 5, ""status"": 1, ""pres"": 967.0553, ""meas_profile"": ""HP-7"", ""meas_id"": 7, ""hum"": 34.83578, ""gas_res"": 13940.32}, {""temp"": 20.83039, ""step"": 5, ""status"": 1, ""pres"": 967.2226, ""meas_profile"": ""HP-6"", ""meas_id"": 6, ""hum"": 34.71917, ""gas_res"": 33350.7}, {""temp"": 20.71781, ""step"": 5, ""status"": 1, ""pres"": 966.8953, ""meas_profile"": ""HP-5"", ""meas_id"": 5, ""hum"": 34.89907, ""gas_res"": 158710.5}, {""temp"": 20.42783, ""step"": 5, ""status"": 1, ""pres"": 967.0557, ""meas_profile"": ""HP-4"", ""meas_id"": 4, ""hum"": 34.44249, ""gas_res"": 309646.2}, {""temp"": 20.60498, ""step"": 5, ""status"": 1, ""pres"": 966.6719, ""meas_profile"": ""HP-3"", ""meas_id"": 3, ""hum"": 34.91647, ""gas_res"": 103163.4}, {""temp"": 20.49608, ""step"": 5, ""status"": 1, ""pres"": 966.824, ""meas_profile"": ""HP-2"", ""meas_id"": 2, ""hum"": 35.19636, ""gas_res"": 163421.6}, {""temp"": 20.2576, ""step"": 5, ""status"": 1, ""pres"": 966.9278, ""meas_profile"": ""HP-1"", ""meas_id"": 1, ""hum"": 33.60041, ""gas_res"": 132163.1}]}",NULL,"2025-10-27 10:30:44.417992"
12013,"04a600b9b0b8","2025-10-27 10:29:44","HGHEmatetwNeaX2Oo27U","{""bme688"": [{""temp"": 20.80224, ""step"": 4, ""status"": 1, ""pres"": 966.941, ""meas_profile"": ""HP-8"", ""meas_id"": 8, ""hum"": 34.961, ""gas_res"": 8669.737}, {""temp"": 20.76686, ""step"": 4, ""status"": 1, ""pres"": 967.0562, ""meas_profile"": ""HP-7"", ""meas_id"": 7, ""hum"": 34.82988, ""gas_res"": 11514.93}, {""temp"": 20.82761, ""step"": 4, ""status"": 1, ""pres"": 967.2233, ""meas_profile"": ""HP-6"", ""meas_id"": 6, ""hum"": 34.72465, ""gas_res"": 33507.85}, {""temp"": 20.71531, ""step"": 4, ""status"": 1, ""pres"": 966.8962, ""meas_profile"": ""HP-5"", ""meas_id"": 5, ""hum"": 34.92154, ""gas_res"": 162179.3}, {""temp"": 20.42442, ""step"": 4, ""status"": 1, ""pres"": 967.0566, ""meas_profile"": ""HP-4"", ""meas_id"": 4, ""hum"": 34.45367, ""gas_res"": 326530.6}, {""temp"": 20.60158, ""step"": 4, ""status"": 1, ""pres"": 966.6714, ""meas_profile"": ""HP-3"", ""meas_id"": 3, ""hum"": 34.93339, ""gas_res"": 105393.2}, {""temp"": 20.49298, ""step"": 4, ""status"": 1, ""pres"": 966.8256, ""meas_profile"": ""HP-2"", ""meas_id"": 2, ""hum"": 35.19038, ""gas_res"": 165642.2}, {""temp"": 20.25448, ""step"": 4, ""status"": 1, ""pres"": 966.9283, ""meas_profile"": ""HP-1"", ""meas_id"": 1, ""hum"": 33.62345, ""gas_res"": 133926.2}]}",NULL,"2025-10-27 10:30:45.680236"
12014,"04a600b9b0b8","2025-10-27 10:29:44","HGHEmatetwNeaX2Oo27U","{""bme688"": [{""temp"": 20.79915, ""step"": 3, ""status"": 0, ""pres"": 966.9415, ""meas_profile"": ""HP-8"", ""meas_id"": 8, ""hum"": 35.0008, ""gas_res"": 5684.846}, {""temp"": 20.76406, ""step"": 3, ""status"": 0, ""pres"": 967.0566, ""meas_profile"": ""HP-7"", ""meas_id"": 7, ""hum"": 34.85793, ""gas_res"": 6924.908}, {""temp"": 20.82483, ""step"": 3, ""status"": 0, ""pres"": 967.2238, ""meas_profile"": ""HP-6"", ""meas_id"": 6, ""hum"": 34.74162, ""gas_res"": 17467.25}, {""temp"": 20.71218, ""step"": 3, ""status"": 0, ""pres"": 966.8961, ""meas_profile"": ""HP-5"", ""meas_id"": 5, ""hum"": 34.92692, ""gas_res"": 49373.19}, {""temp"": 20.421, ""step"": 3, ""status"": 0, ""pres"": 967.0558, ""meas_profile"": ""HP-4"", ""meas_id"": 4, ""hum"": 34.48207, ""gas_res"": 68357.81}, {""temp"": 20.59818, ""step"": 3, ""status"": 0, ""pres"": 966.6726, ""meas_profile"": ""HP-3"", ""meas_id"": 3, ""hum"": 34.98479, ""gas_res"": 40353.09}, {""temp"": 20.48925, ""step"": 3, ""status"": 0, ""pres"": 966.8245, ""meas_profile"": ""HP-2"", ""meas_id"": 2, ""hum"": 35.21845, ""gas_res"": 61420.34}, {""temp"": 20.25075, ""step"": 3, ""status"": 0, ""pres"": 966.9281, ""meas_profile"": ""HP-1"", ""meas_id"": 1, ""hum"": 33.62311, ""gas_res"": 42524.92}]}",NULL,"2025-10-27 10:30:47.057154"
12015,"04a600b9b0b8","2025-10-27 10:29:44","HGHEmatetwNeaX2Oo27U","{""bme688"": [{""temp"": 20.79637, ""step"": 2, ""status"": 1, ""pres"": 966.9424, ""meas_profile"": ""HP-8"", ""meas_id"": 8, ""hum"": 34.98336, ""gas_res"": 11271.57}, {""temp"": 20.76126, ""step"": 2, ""status"": 1, ""pres"": 967.0571, ""meas_profile"": ""HP-7"", ""meas_id"": 7, ""hum"": 34.86899, ""gas_res"": 15928.32}, {""temp"": 20.82205, ""step"": 2, ""status"": 1, ""pres"": 967.2245, ""meas_profile"": ""HP-6"", ""meas_id"": 6, ""hum"": 34.76432, ""gas_res"": 51675.41}, {""temp"": 20.70937, ""step"": 2, ""status"": 1, ""pres"": 966.8965, ""meas_profile"": ""HP-5"", ""meas_id"": 5, ""hum"": 34.94368, ""gas_res"": 163109.3}, {""temp"": 20.41758, ""step"": 2, ""status"": 1, ""pres"": 967.057, ""meas_profile"": ""HP-4"", ""meas_id"": 4, ""hum"": 34.48749, ""gas_res"": 346414.1}, {""temp"": 20.59478, ""step"": 2, ""status"": 1, ""pres"": 966.6721, ""meas_profile"": ""HP-3"", ""meas_id"": 3, ""hum"": 34.95575, ""gas_res"": 162798.1}, {""temp"": 20.48584, ""step"": 2, ""status"": 1, ""pres"": 966.8257, ""meas_profile"": ""HP-2"", ""meas_id"": 2, ""hum"": 35.21245, ""gas_res"": 272340.4}, {""temp"": 20.24732, ""step"": 2, ""status"": 1, ""pres"": 966.9301, ""meas_profile"": ""HP-1"", ""meas_id"": 1, ""hum"": 33.63446, ""gas_res"": 219742.5}]}",NULL,"2025-10-27 10:30:48.249942"
12016,"04a600b9b0b8","2025-10-27 10:29:44","HGHEmatetwNeaX2Oo27U","{""bme688"": [{""temp"": 20.79359, ""step"": 1, ""status"": 1, ""pres"": 966.9416, ""meas_profile"": ""HP-8"", ""meas_id"": 8, ""hum"": 34.99455, ""gas_res"": 7123.775}, {""temp"": 20.75847, ""step"": 1, ""status"": 1, ""pres"": 967.0575, ""meas_profile"": ""HP-7"", ""meas_id"": 7, ""hum"": 34.86872, ""gas_res"": 7568.59}, {""temp"": 20.81927, ""step"": 1, ""status"": 1, ""pres"": 967.2253, ""meas_profile"": ""HP-6"", ""meas_id"": 6, ""hum"": 34.75258, ""gas_res"": 25000.0}, {""temp"": 20.70655, ""step"": 1, ""status"": 1, ""pres"": 966.897, ""meas_profile"": ""HP-5"", ""meas_id"": 5, ""hum"": 34.93207, ""gas_res"": 100000.0}, {""temp"": 20.41448, ""step"": 1, ""status"": 1, ""pres"": 967.057, ""meas_profile"": ""HP-4"", ""meas_id"": 4, ""hum"": 34.46424, ""gas_res"": 117674.1}, {""temp"": 20.59199, ""step"": 1, ""status"": 1, ""pres"": 966.6743, ""meas_profile"": ""HP-3"", ""meas_id"": 3, ""hum"": 34.99571, ""gas_res"": 40125.39}, {""temp"": 20.48273, ""step"": 1, ""status"": 1, ""pres"": 966.8273, ""meas_profile"": ""HP-2"", ""meas_id"": 2, ""hum"": 35.22352, ""gas_res"": 100000.0}, {""temp"": 20.24421, ""step"": 1, ""status"": 1, ""pres"": 966.9306, ""meas_profile"": ""HP-1"", ""meas_id"": 1, ""hum"": 33.64585, ""gas_res"": 43170.32}]}",NULL,"2025-10-27 10:30:49.53975"
12017,"04a600b9b0b8","2025-10-27 10:29:44","HGHEmatetwNeaX2Oo27U","{""bme688"": [{""temp"": 20.79081, ""step"": 0, ""status"": 1, ""pres"": 966.9425, ""meas_profile"": ""HP-8"", ""meas_id"": 8, ""hum"": 34.97139, ""gas_res"": 5684.846}, {""temp"": 20.75537, ""step"": 0, ""status"": 1, ""pres"": 967.0574, ""meas_profile"": ""HP-7"", ""meas_id"": 7, ""hum"": 34.85712, ""gas_res"": 5684.846}, {""temp"": 20.8168, ""step"": 0, ""status"": 1, ""pres"": 967.2247, ""meas_profile"": ""HP-6"", ""meas_id"": 6, ""hum"": 34.75809, ""gas_res"": 7573.964}, {""temp"": 20.70405, ""step"": 0, ""status"": 1, ""pres"": 966.8979, ""meas_profile"": ""HP-5"", ""meas_id"": 5, ""hum"": 34.94885, ""gas_res"": 25000.0}, {""temp"": 20.41137, ""step"": 0, ""status"": 1, ""pres"": 967.0586, ""meas_profile"": ""HP-4"", ""meas_id"": 4, ""hum"": 34.45821, ""gas_res"": 25000.0}, {""temp"": 20.5889, ""step"": 0, ""status"": 1, ""pres"": 966.6742, ""meas_profile"": ""HP-3"", ""meas_id"": 3, ""hum"": 34.97243, ""gas_res"": 9956.44}, {""temp"": 20.47963, ""step"": 0, ""status"": 1, ""pres"": 966.8272, ""meas_profile"": ""HP-2"", ""meas_id"": 2, ""hum"": 35.22323, ""gas_res"": 19388.06}, {""temp"": 20.24079, ""step"": 0, ""status"": 1, ""pres"": 966.9308, ""meas_profile"": ""HP-1"", ""meas_id"": 1, ""hum"": 33.62805, ""gas_res"": 10204.08}]}",NULL,"2025-10-27 10:30:50.80545"
12018,"04a600b9b0b8","2025-10-27 10:29:17","HGHEmatetwNeaX2Oo27U","{""zphs01b"": {""voc"": 0, ""temp"": 18.9, ""pm2_5"": 0, ""pm1_0"": 0, ""pm10"": 350, ""o3"": 0.02, ""no2"": 0.38, ""hum"": 0, ""fmhd"": 0, ""co2"": 5000, ""co"": 0.0}, ""smell_b"": {}, ""sfa30"": {""temp"": 21.075, ""hum"": 35.54, ""fmhd"": 1.0}, ""sen5x"": {""voc"": 100.0, ""temp"": 20.715, ""pm4_0"": 4410.6, ""pm2_5"": 4410.6, ""pm1_0"": 4205.8, ""pm10"": 4410.6, ""nox"": 1.0, ""mass_c"": 4359.4, ""hum"": 41.54}, ""scd41"": {""temp"": 20.78622, ""hum"": 37.95224, ""co2"": 575}, ""power_source"": 0, ""mics6814"": {""red_res"": 0, ""no2_res"": 0, ""no2"": 0.17, ""nh3_res"": 0, ""nh3"": 0.73, ""co_res"": 0, ""co"": 44.0}}",NULL,"2025-10-27 10:30:52.062688"
12019,"04a600b9b0b8","2025-10-27 10:29:17","HGHEmatetwNeaX2Oo27U","{""bme688"": [{""temp"": 20.78772, ""step"": 9, ""status"": 1, ""pres"": 966.9429, ""meas_profile"": ""HP-8"", ""meas_id"": 8, ""hum"": 34.9711, ""gas_res"": 5684.846}, {""temp"": 20.75257, ""step"": 9, ""status"": 1, ""pres"": 967.0562, ""meas_profile"": ""HP-7"", ""meas_id"": 7, ""hum"": 34.83988, ""gas_res"": 5684.846}, {""temp"": 20.81402, ""step"": 9, ""status"": 1, ""pres"": 967.2255, ""meas_profile"": ""HP-6"", ""meas_id"": 6, ""hum"": 34.74635, ""gas_res"": 6632.125}, {""temp"": 20.70124, ""step"": 9, ""status"": 1, ""pres"": 966.8984, ""meas_profile"": ""HP-5"", ""meas_id"": 5, ""hum"": 34.93725, ""gas_res"": 25000.0}, {""temp"": 20.40826, ""step"": 9, ""status"": 1, ""pres"": 967.0583, ""meas_profile"": ""HP-4"", ""meas_id"": 4, ""hum"": 34.46941, ""gas_res"": 25000.0}, {""temp"": 20.58581, ""step"": 9, ""status"": 1, ""pres"": 966.6743, ""meas_profile"": ""HP-3"", ""meas_id"": 3, ""hum"": 34.96066, ""gas_res"": 10403.12}, {""temp"": 20.47621, ""step"": 9, ""status"": 1, ""pres"": 966.8284, ""meas_profile"": ""HP-2"", ""meas_id"": 2, ""hum"": 35.21155, ""gas_res"": 11453.11}, {""temp"": 20.23768, ""step"": 9, ""status"": 1, ""pres"": 966.9314, ""meas_profile"": ""HP-1"", ""meas_id"": 1, ""hum"": 33.64526, ""gas_res"": 9773.977}]}",NULL,"2025-10-27 10:30:53.369884"
12020,"04a600b9b0b8","2025-10-27 10:29:17","HGHEmatetwNeaX2Oo27U","{""bme688"": [{""temp"": 20.78494, ""step"": 8, ""status"": 1, ""pres"": 966.9436, ""meas_profile"": ""HP-8"", ""meas_id"": 8, ""hum"": 34.99375, ""gas_res"": 5684.846}, {""temp"": 20.74946, ""step"": 8, ""status"": 1, ""pres"": 967.0559, ""meas_profile"": ""HP-7"", ""meas_id"": 7, ""hum"": 34.85658, ""gas_res"": 5684.846}, {""temp"": 20.81094, ""step"": 8, ""status"": 1, ""pres"": 967.2257, ""meas_profile"": ""HP-6"", ""meas_id"": 6, ""hum"": 34.74607, ""gas_res"": 7016.005}, {""temp"": 20.69873, ""step"": 8, ""status"": 1, ""pres"": 966.8992, ""meas_profile"": ""HP-5"", ""meas_id"": 5, ""hum"": 34.93134, ""gas_res"": 25000.0}, {""temp"": 20.40516, ""step"": 8, ""status"": 1, ""pres"": 967.0583, ""meas_profile"": ""HP-4"", ""meas_id"": 4, ""hum"": 34.48061, ""gas_res"": 25000.0}, {""temp"": 20.58271, ""step"": 8, ""status"": 1, ""pres"": 966.676, ""meas_profile"": ""HP-3"", ""meas_id"": 3, ""hum"": 34.97187, ""gas_res"": 9313.155}, {""temp"": 20.4731, ""step"": 8, ""status"": 1, ""pres"": 966.8284, ""meas_profile"": ""HP-2"", ""meas_id"": 2, ""hum"": 35.22262, ""gas_res"": 11404.13}, {""temp"": 20.23456, ""step"": 8, ""status"": 1, ""pres"": 966.9322, ""meas_profile"": ""HP-1"", ""meas_id"": 1, ""hum"": 33.62166, ""gas_res"": 9555.091}]}",NULL,"2025-10-27 10:30:54.649009"
12021,"04a600b9b0b8","2025-10-27 10:29:17","HGHEmatetwNeaX2Oo27U","{""bme688"": [{""temp"": 20.78185, ""step"": 7, ""status"": 1, ""pres"": 966.9443, ""meas_profile"": ""HP-8"", ""meas_id"": 8, ""hum"": 34.97628, ""gas_res"": 5684.846}, {""temp"": 20.74636, ""step"": 7, ""status"": 1, ""pres"": 967.0559, ""meas_profile"": ""HP-7"", ""meas_id"": 7, ""hum"": 34.85062, ""gas_res"": 5684.846}, {""temp"": 20.80847, ""step"": 7, ""status"": 1, ""pres"": 967.2268, ""meas_profile"": ""HP-6"", ""meas_id"": 6, ""hum"": 34.74584, ""gas_res"": 7147.644}, {""temp"": 20.69592, ""step"": 7, ""status"": 1, ""pres"": 966.8998, ""meas_profile"": ""HP-5"", ""meas_id"": 5, ""hum"": 34.9254, ""gas_res"": 25000.0}, {""temp"": 20.40205, ""step"": 7, ""status"": 1, ""pres"": 967.0598, ""meas_profile"": ""HP-4"", ""meas_id"": 4, ""hum"": 34.46884, ""gas_res"": 25000.0}, {""temp"": 20.57962, ""step"": 7, ""status"": 1, ""pres"": 966.676, ""meas_profile"": ""HP-3"", ""meas_id"": 3, ""hum"": 34.97732, ""gas_res"": 8337.676}, {""temp"": 20.47, ""step"": 7, ""status"": 1, ""pres"": 966.83, ""meas_profile"": ""HP-2"", ""meas_id"": 2, ""hum"": 35.2337, ""gas_res"": 10454.1}, {""temp"": 20.23114, ""step"": 7, ""status"": 1, ""pres"": 966.9324, ""meas_profile"": ""HP-1"", ""meas_id"": 1, ""hum"": 33.64468, ""gas_res"": 8719.346}]}",NULL,"2025-10-27 10:30:55.925294"
12022,"04a600b9b0b8","2025-10-27 10:29:17","HGHEmatetwNeaX2Oo27U","{""bme688"": [{""temp"": 20.77907, ""step"": 6, ""status"": 1, ""pres"": 966.9451, ""meas_profile"": ""HP-8"", ""meas_id"": 8, ""hum"": 34.98175, ""gas_res"": 8769.526}, {""temp"": 20.74356, ""step"": 6, ""status"": 1, ""pres"": 967.0564, ""meas_profile"": ""HP-7"", ""meas_id"": 7, ""hum"": 34.85602, ""gas_res"": 14059.75}, {""temp"": 20.80569, ""step"": 6, ""status"": 1, ""pres"": 967.2276, ""meas_profile"": ""HP-6"", ""meas_id"": 6, ""hum"": 34.74558, ""gas_res"": 31904.29}, {""temp"": 20.69342, ""step"": 6, ""status"": 1, ""pres"": 966.9006, ""meas_profile"": ""HP-5"", ""meas_id"": 5, ""hum"": 34.93085, ""gas_res"": 144469.5}, {""temp"": 20.39894, ""step"": 6, ""status"": 1, ""pres"": 967.0598, ""meas_profile"": ""HP-4"", ""meas_id"": 4, ""hum"": 34.48005, ""gas_res"": 186453.0}, {""temp"": 20.57684, ""step"": 6, ""status"": 1, ""pres"": 966.6765, ""meas_profile"": ""HP-3"", ""meas_id"": 3, ""hum"": 34.97131, ""gas_res"": 100000.0}, {""temp"": 20.46689, ""step"": 6, ""status"": 1, ""pres"": 966.8299, ""meas_profile"": ""HP-2"", ""meas_id"": 2, ""hum"": 35.22204, ""gas_res"": 138378.4}, {""temp"": 20.22772, ""step"": 6, ""status"": 1, ""pres"": 966.9324, ""meas_profile"": ""HP-1"", ""meas_id"": 1, ""hum"": 33.66769, ""gas_res"": 111087.0}]}",NULL,"2025-10-27 10:30:57.309017"
12023,"04a600b9b0b8","2025-10-27 10:29:17","HGHEmatetwNeaX2Oo27U","{""bme688"": [{""temp"": 20.77629, ""step"": 5, ""status"": 1, ""pres"": 966.946, ""meas_profile"": ""HP-8"", ""meas_id"": 8, ""hum"": 35.0044, ""gas_res"": 8683.854}, {""temp"": 20.74108, ""step"": 5, ""status"": 1, ""pres"": 967.0573, ""meas_profile"": ""HP-7"", ""meas_id"": 7, ""hum"": 34.88409, ""gas_res"": 11590.0}, {""temp"": 20.80322, ""step"": 5, ""status"": 1, ""pres"": 967.2288, ""meas_profile"": ""HP-6"", ""meas_id"": 6, ""hum"": 34.75683, ""gas_res"": 31573.75}, {""temp"": 20.6906, ""step"": 5, ""status"": 1, ""pres"": 966.9011, ""meas_profile"": ""HP-5"", ""meas_id"": 5, ""hum"": 34.95328, ""gas_res"": 143982.0}, {""temp"": 20.39553, ""step"": 5, ""status"": 1, ""pres"": 967.0607, ""meas_profile"": ""HP-4"", ""meas_id"": 4, ""hum"": 34.50844, ""gas_res"": 248906.2}, {""temp"": 20.57375, ""step"": 5, ""status"": 1, ""pres"": 966.6764, ""meas_profile"": ""HP-3"", ""meas_id"": 3, ""hum"": 34.98252, ""gas_res"": 100000.0}, {""temp"": 20.46348, ""step"": 5, ""status"": 1, ""pres"": 966.8312, ""meas_profile"": ""HP-2"", ""meas_id"": 2, ""hum"": 35.23309, ""gas_res"": 134985.5}, {""temp"": 20.22429, ""step"": 5, ""status"": 1, ""pres"": 966.9327, ""meas_profile"": ""HP-1"", ""meas_id"": 1, ""hum"": 33.65572, ""gas_res"": 107045.8}]}",NULL,"2025-10-27 10:31:01.869139"
12024,"04a600b9b0b8","2025-10-27 10:29:17","HGHEmatetwNeaX2Oo27U","{""bme688"": [{""temp"": 20.77352, ""step"": 4, ""status"": 1, ""pres"": 966.947, ""meas_profile"": ""HP-8"", ""meas_id"": 8, ""hum"": 35.01559, ""gas_res"": 8705.114}, {""temp"": 20.7386, ""step"": 4, ""status"": 1, ""pres"": 967.0583, ""meas_profile"": ""HP-7"", ""meas_id"": 7, ""hum"": 34.8782, ""gas_res"": 11514.93}, {""temp"": 20.80044, ""step"": 4, ""status"": 1, ""pres"": 967.2294, ""meas_profile"": ""HP-6"", ""meas_id"": 6, ""hum"": 34.75084, ""gas_res"": 31434.19}, {""temp"": 20.68779, ""step"": 4, ""status"": 1, ""pres"": 966.9016, ""meas_profile"": ""HP-5"", ""meas_id"": 5, ""hum"": 34.9587, ""gas_res"": 145952.1}, {""temp"": 20.39211, ""step"": 4, ""status"": 1, ""pres"": 967.0602, ""meas_profile"": ""HP-4"", ""meas_id"": 4, ""hum"": 34.50813, ""gas_res"": 260096.5}, {""temp"": 20.57035, ""step"": 4, ""status"": 1, ""pres"": 966.6777, ""meas_profile"": ""HP-3"", ""meas_id"": 3, ""hum"": 35.01094, ""gas_res"": 100000.0}, {""temp"": 20.46037, ""step"": 4, ""status"": 1, ""pres"": 966.8326, ""meas_profile"": ""HP-2"", ""meas_id"": 2, ""hum"": 35.24417, ""gas_res"": 134666.0}, {""temp"": 20.22056, ""step"": 4, ""status"": 1, ""pres"": 966.9324, ""meas_profile"": ""HP-1"", ""meas_id"": 1, ""hum"": 33.65538, ""gas_res"": 106246.1}]}",NULL,"2025-10-27 10:31:02.61691"
12025,"04a600b9b0b8","2025-10-27 10:29:17","HGHEmatetwNeaX2Oo27U","{""bme688"": [{""temp"": 20.77043, ""step"": 3, ""status"": 0, ""pres"": 966.9457, ""meas_profile"": ""HP-8"", ""meas_id"": 8, ""hum"": 35.0153, ""gas_res"": 5684.846}, {""temp"": 20.73549, ""step"": 3, ""status"": 0, ""pres"": 967.0566, ""meas_profile"": ""HP-7"", ""meas_id"": 7, ""hum"": 34.90056, ""gas_res"": 6889.128}, {""temp"": 20.79736, ""step"": 3, ""status"": 0, ""pres"": 967.2299, ""meas_profile"": ""HP-6"", ""meas_id"": 6, ""hum"": 34.77925, ""gas_res"": 16418.68}, {""temp"": 20.68497, ""step"": 3, ""status"": 0, ""pres"": 966.902, ""meas_profile"": ""HP-5"", ""meas_id"": 5, ""hum"": 34.97546, ""gas_res"": 43611.59}, {""temp"": 20.38838, ""step"": 3, ""status"": 0, ""pres"": 967.0606, ""meas_profile"": ""HP-4"", ""meas_id"": 4, ""hum"": 34.51353, ""gas_res"": 55870.8}, {""temp"": 20.56694, ""step"": 3, ""status"": 0, ""pres"": 966.6771, ""meas_profile"": ""HP-3"", ""meas_id"": 3, ""hum"": 35.00488, ""gas_res"": 33117.72}, {""temp"": 20.45665, ""step"": 3, ""status"": 0, ""pres"": 966.8317, ""meas_profile"": ""HP-2"", ""meas_id"": 2, ""hum"": 35.24382, ""gas_res"": 49089.16}, {""temp"": 20.21683, ""step"": 3, ""status"": 0, ""pres"": 966.9338, ""meas_profile"": ""HP-1"", ""meas_id"": 1, ""hum"": 33.67254, ""gas_res"": 33613.45}]}",NULL,"2025-10-27 10:31:03.354082"
12026,"04a600b9b0b8","2025-10-27 10:29:17","HGHEmatetwNeaX2Oo27U","{""bme688"": [{""temp"": 20.76734, ""step"": 2, ""status"": 1, ""pres"": 966.9461, ""meas_profile"": ""HP-8"", ""meas_id"": 8, ""hum"": 35.03793, ""gas_res"": 13206.77}, {""temp"": 20.7327, ""step"": 2, ""status"": 1, ""pres"": 967.0569, ""meas_profile"": ""HP-7"", ""meas_id"": 7, ""hum"": 34.88898, ""gas_res"": 18449.12}, {""temp"": 20.79427, ""step"": 2, ""status"": 1, ""pres"": 967.23, ""meas_profile"": ""HP-6"", ""meas_id"": 6, ""hum"": 34.77897, ""gas_res"": 59743.29}, {""temp"": 20.68185, ""step"": 2, ""status"": 1, ""pres"": 966.902, ""meas_profile"": ""HP-5"", ""meas_id"": 5, ""hum"": 34.98084, ""gas_res"": 191294.6}, {""temp"": 20.38497, ""step"": 2, ""status"": 1, ""pres"": 967.0617, ""meas_profile"": ""HP-4"", ""meas_id"": 4, ""hum"": 34.5362, ""gas_res"": 346766.0}, {""temp"": 20.56354, ""step"": 2, ""status"": 1, ""pres"": 966.6785, ""meas_profile"": ""HP-3"", ""meas_id"": 3, ""hum"": 35.00456, ""gas_res"": 157684.0}, {""temp"": 20.45323, ""step"": 2, ""status"": 1, ""pres"": 966.8328, ""meas_profile"": ""HP-2"", ""meas_id"": 2, ""hum"": 35.26055, ""gas_res"": 263713.6}, {""temp"": 20.2134, ""step"": 2, ""status"": 1, ""pres"": 966.9339, ""meas_profile"": ""HP-1"", ""meas_id"": 1, ""hum"": 33.67223, ""gas_res"": 204228.2}]}",NULL,"2025-10-27 10:31:07.024817"
12027,"04a600b9b0b8","2025-10-27 10:29:17","HGHEmatetwNeaX2Oo27U","{""bme688"": [{""temp"": 20.76456, ""step"": 1, ""status"": 1, ""pres"": 966.9469, ""meas_profile"": ""HP-8"", ""meas_id"": 8, ""hum"": 35.01476, ""gas_res"": 5977.956}, {""temp"": 20.7299, ""step"": 1, ""status"": 1, ""pres"": 967.0573, ""meas_profile"": ""HP-7"", ""meas_id"": 7, ""hum"": 34.88872, ""gas_res"": 7755.696}, {""temp"": 20.7918, ""step"": 1, ""status"": 1, ""pres"": 967.2312, ""meas_profile"": ""HP-6"", ""meas_id"": 6, ""hum"": 34.79022, ""gas_res"": 25000.0}, {""temp"": 20.67903, ""step"": 1, ""status"": 1, ""pres"": 966.9024, ""meas_profile"": ""HP-5"", ""meas_id"": 5, ""hum"": 34.98058, ""gas_res"": 43126.68}, {""temp"": 20.38155, ""step"": 1, ""status"": 1, ""pres"": 967.061, ""meas_profile"": ""HP-4"", ""meas_id"": 4, ""hum"": 34.53588, ""gas_res"": 100000.0}, {""temp"": 20.56045, ""step"": 1, ""status"": 1, ""pres"": 966.6801, ""meas_profile"": ""HP-3"", ""meas_id"": 3, ""hum"": 35.01577, ""gas_res"": 31318.82}, {""temp"": 20.44982, ""step"": 1, ""status"": 1, ""pres"": 966.8339, ""meas_profile"": ""HP-2"", ""meas_id"": 2, ""hum"": 35.26592, ""gas_res"": 42695.13}, {""temp"": 20.20998, ""step"": 1, ""status"": 1, ""pres"": 966.9341, ""meas_profile"": ""HP-1"", ""meas_id"": 1, ""hum"": 33.68359, ""gas_res"": 32290.62}]}",NULL,"2025-10-27 10:31:07.032896"
12028,"04a600b9b0b8","2025-10-27 10:29:17","HGHEmatetwNeaX2Oo27U","{""bme688"": [{""temp"": 20.76178, ""step"": 0, ""status"": 1, ""pres"": 966.9478, ""meas_profile"": ""HP-8"", ""meas_id"": 8, ""hum"": 35.0145, ""gas_res"": 5684.846}, {""temp"": 20.72711, ""step"": 0, ""status"": 1, ""pres"": 967.0578, ""meas_profile"": ""HP-7"", ""meas_id"": 7, ""hum"": 34.90545, ""gas_res"": 5684.846}, {""temp"": 20.78902, ""step"": 0, ""status"": 1, ""pres"": 967.2317, ""meas_profile"": ""HP-6"", ""meas_id"": 6, ""hum"": 34.78422, ""gas_res"": 7650.012}, {""temp"": 20.67653, ""step"": 0, ""status"": 1, ""pres"": 966.9034, ""meas_profile"": ""HP-5"", ""meas_id"": 5, ""hum"": 34.98035, ""gas_res"": 25000.0}, {""temp"": 20.37844, ""step"": 0, ""status"": 1, ""pres"": 967.0626, ""meas_profile"": ""HP-4"", ""meas_id"": 4, ""hum"": 34.52985, ""gas_res"": 25000.0}, {""temp"": 20.55736, ""step"": 0, ""status"": 1, ""pres"": 966.6801, ""meas_profile"": ""HP-3"", ""meas_id"": 3, ""hum"": 35.03273, ""gas_res"": 8241.051}, {""temp"": 20.44671, ""step"": 0, ""status"": 1, ""pres"": 966.8356, ""meas_profile"": ""HP-2"", ""meas_id"": 2, ""hum"": 35.26563, ""gas_res"": 10021.92}, {""temp"": 20.20687, ""step"": 0, ""status"": 1, ""pres"": 966.9366, ""meas_profile"": ""HP-1"", ""meas_id"": 1, ""hum"": 33.67747, ""gas_res"": 8331.164}]}",NULL,"2025-10-27 10:31:07.645463"
