"id","box_id","ts","measurement_id","measurement_data","description","created_at"
11221,"04a600b9b0b8","2025-10-27 08:41:44","jJ11Ls2nWFbPKLV8AGJz","{""zphs01b"": {""voc"": 0, ""temp"": 19.0, ""pm2_5"": 0, ""pm1_0"": 0, ""pm10"": 327, ""o3"": 0.02, ""no2"": 10.0, ""hum"": 0, ""fmhd"": 0, ""co2"": 5000, ""co"": 0.0}, ""smell_b"": {}, ""sfa30"": {""temp"": 22.255, ""hum"": 37.99, ""fmhd"": 1.8}, ""sen5x"": {""voc"": 36.0, ""temp"": 22.185, ""pm4_0"": 4126.7, ""pm2_5"": 4126.7, ""pm1_0"": 3935.0, ""pm10"": 4126.7, ""nox"": 1.0, ""mass_c"": 4078.775, ""hum"": 42.99}, ""scd41"": {""temp"": 21.21347, ""hum"": 40.59815, ""co2"": 624}, ""power_source"": 0, ""mics6814"": {""red_res"": 0, ""no2_res"": 0, ""no2"": 0.17, ""nh3_res"": 0, ""nh3"": 0.73, ""co_res"": 0, ""co"": 44.0}}",NULL,"2025-10-27 08:42:31.804096"
11222,"04a600b9b0b8","2025-10-27 08:41:44","jJ11Ls2nWFbPKLV8AGJz","{""bme688"": [{""temp"": 22.09169, ""step"": 9, ""status"": 1, ""pres"": 967.8438, ""meas_profile"": ""HP-8"", ""meas_id"": 8, ""hum"": 37.77561, ""gas_res"": 5684.846}, {""temp"": 22.05303, ""step"": 9, ""status"": 1, ""pres"": 968.0912, ""meas_profile"": ""HP-7"", ""meas_id"": 7, ""hum"": 37.64104, ""gas_res"": 5684.846}, {""temp"": 22.14358, ""step"": 9, ""status"": 1, ""pres"": 968.1793, ""meas_profile"": ""HP-6"", ""meas_id"": 6, ""hum"": 37.47743, ""gas_res"": 5684.846}, {""temp"": 22.03714, ""step"": 9, ""status"": 1, ""pres"": 967.9225, ""meas_profile"": ""HP-5"", ""meas_id"": 5, ""hum"": 37.69691, ""gas_res"": 6351.727}, {""temp"": 21.83616, ""step"": 9, ""status"": 1, ""pres"": 968.082, ""meas_profile"": ""HP-4"", ""meas_id"": 4, ""hum"": 37.11639, ""gas_res"": 5684.846}, {""temp"": 22.00704, ""step"": 9, ""status"": 1, ""pres"": 967.726, ""meas_profile"": ""HP-3"", ""meas_id"": 3, ""hum"": 37.63958, ""gas_res"": 5684.846}, {""temp"": 21.91609, ""step"": 9, ""status"": 1, ""pres"": 967.8264, ""meas_profile"": ""HP-2"", ""meas_id"": 2, ""hum"": 37.9281, ""gas_res"": 5684.846}, {""temp"": 21.69476, ""step"": 9, ""status"": 1, ""pres"": 967.9112, ""meas_profile"": ""HP-1"", ""meas_id"": 1, ""hum"": 36.44449, ""gas_res"": 5684.846}]}",NULL,"2025-10-27 08:42:32.862236"
11223,"04a600b9b0b8","2025-10-27 08:41:44","jJ11Ls2nWFbPKLV8AGJz","{""bme688"": [{""temp"": 22.09138, ""step"": 8, ""status"": 1, ""pres"": 967.8432, ""meas_profile"": ""HP-8"", ""meas_id"": 8, ""hum"": 37.79896, ""gas_res"": 5684.846}, {""temp"": 22.05272, ""step"": 8, ""status"": 1, ""pres"": 968.0906, ""meas_profile"": ""HP-7"", ""meas_id"": 7, ""hum"": 37.64101, ""gas_res"": 5684.846}, {""temp"": 22.14327, ""step"": 8, ""status"": 1, ""pres"": 968.1788, ""meas_profile"": ""HP-6"", ""meas_id"": 6, ""hum"": 37.49498, ""gas_res"": 5684.846}, {""temp"": 22.03714, ""step"": 8, ""status"": 1, ""pres"": 967.9225, ""meas_profile"": ""HP-5"", ""meas_id"": 5, ""hum"": 37.69691, ""gas_res"": 5964.585}, {""temp"": 21.83585, ""step"": 8, ""status"": 1, ""pres"": 968.0812, ""meas_profile"": ""HP-4"", ""meas_id"": 4, ""hum"": 37.12807, ""gas_res"": 5684.846}, {""temp"": 22.00673, ""step"": 8, ""status"": 1, ""pres"": 967.7255, ""meas_profile"": ""HP-3"", ""meas_id"": 3, ""hum"": 37.63954, ""gas_res"": 5684.846}, {""temp"": 21.91547, ""step"": 8, ""status"": 1, ""pres"": 967.8253, ""meas_profile"": ""HP-2"", ""meas_id"": 2, ""hum"": 37.91065, ""gas_res"": 5684.846}, {""temp"": 21.69445, ""step"": 8, ""status"": 1, ""pres"": 967.9108, ""meas_profile"": ""HP-1"", ""meas_id"": 1, ""hum"": 36.47424, ""gas_res"": 5684.846}]}",NULL,"2025-10-27 08:42:34.335959"
11224,"04a600b9b0b8","2025-10-27 08:41:44","jJ11Ls2nWFbPKLV8AGJz","{""bme688"": [{""temp"": 22.09108, ""step"": 7, ""status"": 1, ""pres"": 967.8428, ""meas_profile"": ""HP-8"", ""meas_id"": 8, ""hum"": 37.78139, ""gas_res"": 5684.846}, {""temp"": 22.0521, ""step"": 7, ""status"": 1, ""pres"": 968.0895, ""meas_profile"": ""HP-7"", ""meas_id"": 7, ""hum"": 37.64672, ""gas_res"": 5684.846}, {""temp"": 22.14297, ""step"": 7, ""status"": 1, ""pres"": 968.1785, ""meas_profile"": ""HP-6"", ""meas_id"": 6, ""hum"": 37.48323, ""gas_res"": 5684.846}, {""temp"": 22.03714, ""step"": 7, ""status"": 1, ""pres"": 967.9225, ""meas_profile"": ""HP-5"", ""meas_id"": 5, ""hum"": 37.71428, ""gas_res"": 5684.846}, {""temp"": 21.83554, ""step"": 7, ""status"": 1, ""pres"": 968.0809, ""meas_profile"": ""HP-4"", ""meas_id"": 4, ""hum"": 37.12805, ""gas_res"": 5684.846}, {""temp"": 22.00642, ""step"": 7, ""status"": 1, ""pres"": 967.7268, ""meas_profile"": ""HP-3"", ""meas_id"": 3, ""hum"": 37.63365, ""gas_res"": 5684.846}, {""temp"": 21.91516, ""step"": 7, ""status"": 1, ""pres"": 967.8248, ""meas_profile"": ""HP-2"", ""meas_id"": 2, ""hum"": 37.92801, ""gas_res"": 5684.846}, {""temp"": 21.69414, ""step"": 7, ""status"": 1, ""pres"": 967.9103, ""meas_profile"": ""HP-1"", ""meas_id"": 1, ""hum"": 36.4623, ""gas_res"": 5684.846}]}",NULL,"2025-10-27 08:42:35.436235"
11225,"04a600b9b0b8","2025-10-27 08:41:44","jJ11Ls2nWFbPKLV8AGJz","{""bme688"": [{""temp"": 22.09077, ""step"": 6, ""status"": 1, ""pres"": 967.8421, ""meas_profile"": ""HP-8"", ""meas_id"": 8, ""hum"": 37.7872, ""gas_res"": 5684.846}, {""temp"": 22.05179, ""step"": 6, ""status"": 1, ""pres"": 968.0907, ""meas_profile"": ""HP-7"", ""meas_id"": 7, ""hum"": 37.64669, ""gas_res"": 5684.846}, {""temp"": 22.14266, ""step"": 6, ""status"": 1, ""pres"": 968.1761, ""meas_profile"": ""HP-6"", ""meas_id"": 6, ""hum"": 37.48906, ""gas_res"": 6644.518}, {""temp"": 22.03746, ""step"": 6, ""status"": 1, ""pres"": 967.9213, ""meas_profile"": ""HP-5"", ""meas_id"": 5, ""hum"": 37.70852, ""gas_res"": 25000.0}, {""temp"": 21.83554, ""step"": 6, ""status"": 1, ""pres"": 968.0809, ""meas_profile"": ""HP-4"", ""meas_id"": 4, ""hum"": 37.12805, ""gas_res"": 25620.5}, {""temp"": 22.00642, ""step"": 6, ""status"": 1, ""pres"": 967.7251, ""meas_profile"": ""HP-3"", ""meas_id"": 3, ""hum"": 37.62779, ""gas_res"": 14343.34}, {""temp"": 21.91516, ""step"": 6, ""status"": 1, ""pres"": 967.8248, ""meas_profile"": ""HP-2"", ""meas_id"": 2, ""hum"": 37.91062, ""gas_res"": 20157.48}, {""temp"": 21.69414, ""step"": 6, ""status"": 1, ""pres"": 967.9103, ""meas_profile"": ""HP-1"", ""meas_id"": 1, ""hum"": 36.43848, ""gas_res"": 16108.73}]}",NULL,"2025-10-27 08:42:36.711199"
11226,"04a600b9b0b8","2025-10-27 08:41:44","jJ11Ls2nWFbPKLV8AGJz","{""bme688"": [{""temp"": 22.09046, ""step"": 5, ""status"": 1, ""pres"": 967.8416, ""meas_profile"": ""HP-8"", ""meas_id"": 8, ""hum"": 37.79302, ""gas_res"": 5684.846}, {""temp"": 22.05148, ""step"": 5, ""status"": 1, ""pres"": 968.0903, ""meas_profile"": ""HP-7"", ""meas_id"": 7, ""hum"": 37.65821, ""gas_res"": 5684.846}, {""temp"": 22.14266, ""step"": 5, ""status"": 1, ""pres"": 968.1761, ""meas_profile"": ""HP-6"", ""meas_id"": 6, ""hum"": 37.50663, ""gas_res"": 6374.502}, {""temp"": 22.03777, ""step"": 5, ""status"": 1, ""pres"": 967.9236, ""meas_profile"": ""HP-5"", ""meas_id"": 5, ""hum"": 37.70276, ""gas_res"": 25000.0}, {""temp"": 21.83523, ""step"": 5, ""status"": 1, ""pres"": 968.082, ""meas_profile"": ""HP-4"", ""meas_id"": 4, ""hum"": 37.11044, ""gas_res"": 23765.32}, {""temp"": 22.00673, ""step"": 5, ""status"": 1, ""pres"": 967.7272, ""meas_profile"": ""HP-3"", ""meas_id"": 3, ""hum"": 37.63368, ""gas_res"": 10749.08}, {""temp"": 21.91485, ""step"": 5, ""status"": 1, ""pres"": 967.8243, ""meas_profile"": ""HP-2"", ""meas_id"": 2, ""hum"": 37.91059, ""gas_res"": 18089.32}, {""temp"": 21.69445, ""step"": 5, ""status"": 1, ""pres"": 967.909, ""meas_profile"": ""HP-1"", ""meas_id"": 1, ""hum"": 36.45042, ""gas_res"": 11514.93}]}",NULL,"2025-10-27 08:42:37.984528"
11227,"04a600b9b0b8","2025-10-27 08:41:44","jJ11Ls2nWFbPKLV8AGJz","{""bme688"": [{""temp"": 22.09015, ""step"": 4, ""status"": 1, ""pres"": 967.8395, ""meas_profile"": ""HP-8"", ""meas_id"": 8, ""hum"": 37.7813, ""gas_res"": 5684.846}, {""temp"": 22.05117, ""step"": 4, ""status"": 1, ""pres"": 968.0897, ""meas_profile"": ""HP-7"", ""meas_id"": 7, ""hum"": 37.6813, ""gas_res"": 5684.846}, {""temp"": 22.14266, ""step"": 4, ""status"": 1, ""pres"": 968.1761, ""meas_profile"": ""HP-6"", ""meas_id"": 6, ""hum"": 37.50663, ""gas_res"": 6069.803}, {""temp"": 22.03777, ""step"": 4, ""status"": 1, ""pres"": 967.9219, ""meas_profile"": ""HP-5"", ""meas_id"": 5, ""hum"": 37.71434, ""gas_res"": 25000.0}, {""temp"": 21.83554, ""step"": 4, ""status"": 1, ""pres"": 968.0826, ""meas_profile"": ""HP-4"", ""meas_id"": 4, ""hum"": 37.14562, ""gas_res"": 25000.0}, {""temp"": 22.00673, ""step"": 4, ""status"": 1, ""pres"": 967.7272, ""meas_profile"": ""HP-3"", ""meas_id"": 3, ""hum"": 37.63954, ""gas_res"": 9504.01}, {""temp"": 21.91485, ""step"": 4, ""status"": 1, ""pres"": 967.8243, ""meas_profile"": ""HP-2"", ""meas_id"": 2, ""hum"": 37.92218, ""gas_res"": 15976.04}, {""temp"": 21.69476, ""step"": 4, ""status"": 1, ""pres"": 967.9112, ""meas_profile"": ""HP-1"", ""meas_id"": 1, ""hum"": 36.4564, ""gas_res"": 9937.889}]}",NULL,"2025-10-27 08:42:39.453746"
11228,"04a600b9b0b8","2025-10-27 08:41:44","jJ11Ls2nWFbPKLV8AGJz","{""bme688"": [{""temp"": 22.08984, ""step"": 3, ""status"": 1, ""pres"": 967.839, ""meas_profile"": ""HP-8"", ""meas_id"": 8, ""hum"": 37.81049, ""gas_res"": 5684.846}, {""temp"": 22.05085, ""step"": 3, ""status"": 1, ""pres"": 968.0893, ""meas_profile"": ""HP-7"", ""meas_id"": 7, ""hum"": 37.66971, ""gas_res"": 5684.846}, {""temp"": 22.14235, ""step"": 3, ""status"": 1, ""pres"": 968.1757, ""meas_profile"": ""HP-6"", ""meas_id"": 6, ""hum"": 37.50074, ""gas_res"": 13922.12}, {""temp"": 22.03777, ""step"": 3, ""status"": 1, ""pres"": 967.9219, ""meas_profile"": ""HP-5"", ""meas_id"": 5, ""hum"": 37.71434, ""gas_res"": 54410.2}, {""temp"": 21.83554, ""step"": 3, ""status"": 1, ""pres"": 968.0826, ""meas_profile"": ""HP-4"", ""meas_id"": 4, ""hum"": 37.13976, ""gas_res"": 100787.4}, {""temp"": 22.00673, ""step"": 3, ""status"": 1, ""pres"": 967.7288, ""meas_profile"": ""HP-3"", ""meas_id"": 3, ""hum"": 37.6454, ""gas_res"": 39203.68}, {""temp"": 21.91485, ""step"": 3, ""status"": 1, ""pres"": 967.8259, ""meas_profile"": ""HP-2"", ""meas_id"": 2, ""hum"": 37.92798, ""gas_res"": 62868.37}, {""temp"": 21.69476, ""step"": 3, ""status"": 1, ""pres"": 967.9094, ""meas_profile"": ""HP-1"", ""meas_id"": 1, ""hum"": 36.46831, ""gas_res"": 51769.46}]}",NULL,"2025-10-27 08:42:41.192508"
11229,"04a600b9b0b8","2025-10-27 08:41:44","jJ11Ls2nWFbPKLV8AGJz","{""bme688"": [{""temp"": 22.08953, ""step"": 2, ""status"": 1, ""pres"": 967.8384, ""meas_profile"": ""HP-8"", ""meas_id"": 8, ""hum"": 37.81047, ""gas_res"": 5684.846}, {""temp"": 22.05054, ""step"": 2, ""status"": 1, ""pres"": 968.0887, ""meas_profile"": ""HP-7"", ""meas_id"": 7, ""hum"": 37.6639, ""gas_res"": 5684.846}, {""temp"": 22.14235, ""step"": 2, ""status"": 1, ""pres"": 968.1757, ""meas_profile"": ""HP-6"", ""meas_id"": 6, ""hum"": 37.51245, ""gas_res"": 14411.17}, {""temp"": 22.03777, ""step"": 2, ""status"": 1, ""pres"": 967.9219, ""meas_profile"": ""HP-5"", ""meas_id"": 5, ""hum"": 37.72013, ""gas_res"": 64289.3}, {""temp"": 21.83554, ""step"": 2, ""status"": 1, ""pres"": 968.0826, ""meas_profile"": ""HP-4"", ""meas_id"": 4, ""hum"": 37.13976, ""gas_res"": 110726.6}, {""temp"": 22.00673, ""step"": 2, ""status"": 1, ""pres"": 967.7288, ""meas_profile"": ""HP-3"", ""meas_id"": 3, ""hum"": 37.6454, ""gas_res"": 38254.63}, {""temp"": 21.91485, ""step"": 2, ""status"": 1, ""pres"": 967.8259, ""meas_profile"": ""HP-2"", ""meas_id"": 2, ""hum"": 37.92218, ""gas_res"": 64192.58}, {""temp"": 21.69476, ""step"": 2, ""status"": 1, ""pres"": 967.9112, ""meas_profile"": ""HP-1"", ""meas_id"": 1, ""hum"": 36.4564, ""gas_res"": 52308.95}]}",NULL,"2025-10-27 08:42:42.474226"
11230,"04a600b9b0b8","2025-10-27 08:41:44","jJ11Ls2nWFbPKLV8AGJz","{""bme688"": [{""temp"": 22.08922, ""step"": 1, ""status"": 1, ""pres"": 967.8381, ""meas_profile"": ""HP-8"", ""meas_id"": 8, ""hum"": 37.79874, ""gas_res"": 5684.846}, {""temp"": 22.05023, ""step"": 1, ""status"": 1, ""pres"": 968.0881, ""meas_profile"": ""HP-7"", ""meas_id"": 7, ""hum"": 37.67542, ""gas_res"": 5684.846}, {""temp"": 22.14204, ""step"": 1, ""status"": 1, ""pres"": 968.1752, ""meas_profile"": ""HP-6"", ""meas_id"": 6, ""hum"": 37.51242, ""gas_res"": 5684.846}, {""temp"": 22.03808, ""step"": 1, ""status"": 1, ""pres"": 967.9225, ""meas_profile"": ""HP-5"", ""meas_id"": 5, ""hum"": 37.72595, ""gas_res"": 10050.25}, {""temp"": 21.83585, ""step"": 1, ""status"": 1, ""pres"": 968.0829, ""meas_profile"": ""HP-4"", ""meas_id"": 4, ""hum"": 37.15151, ""gas_res"": 11331.44}, {""temp"": 22.00673, ""step"": 1, ""status"": 1, ""pres"": 967.7288, ""meas_profile"": ""HP-3"", ""meas_id"": 3, ""hum"": 37.65126, ""gas_res"": 6758.184}, {""temp"": 21.91485, ""step"": 1, ""status"": 1, ""pres"": 967.8259, ""meas_profile"": ""HP-2"", ""meas_id"": 2, ""hum"": 37.92218, ""gas_res"": 7210.455}, {""temp"": 21.69476, ""step"": 1, ""status"": 1, ""pres"": 967.9112, ""meas_profile"": ""HP-1"", ""meas_id"": 1, ""hum"": 36.46235, ""gas_res"": 7284.316}]}",NULL,"2025-10-27 08:42:43.745539"
11231,"04a600b9b0b8","2025-10-27 08:41:44","jJ11Ls2nWFbPKLV8AGJz","{""bme688"": [{""temp"": 22.08891, ""step"": 0, ""status"": 1, ""pres"": 967.8359, ""meas_profile"": ""HP-8"", ""meas_id"": 8, ""hum"": 37.80455, ""gas_res"": 5684.846}, {""temp"": 22.04992, ""step"": 0, ""status"": 1, ""pres"": 968.0876, ""meas_profile"": ""HP-7"", ""meas_id"": 7, ""hum"": 37.68117, ""gas_res"": 5684.846}, {""temp"": 22.14173, ""step"": 0, ""status"": 1, ""pres"": 968.1747, ""meas_profile"": ""HP-6"", ""meas_id"": 6, ""hum"": 37.48896, ""gas_res"": 5684.846}, {""temp"": 22.03777, ""step"": 0, ""status"": 1, ""pres"": 967.9203, ""meas_profile"": ""HP-5"", ""meas_id"": 5, ""hum"": 37.73171, ""gas_res"": 5684.846}, {""temp"": 21.83554, ""step"": 0, ""status"": 1, ""pres"": 968.0842, ""meas_profile"": ""HP-4"", ""meas_id"": 4, ""hum"": 37.13976, ""gas_res"": 5684.846}, {""temp"": 22.00642, ""step"": 0, ""status"": 1, ""pres"": 967.7285, ""meas_profile"": ""HP-3"", ""meas_id"": 3, ""hum"": 37.64537, ""gas_res"": 5684.846}, {""temp"": 21.91454, ""step"": 0, ""status"": 1, ""pres"": 967.8256, ""meas_profile"": ""HP-2"", ""meas_id"": 2, ""hum"": 37.91635, ""gas_res"": 5684.846}, {""temp"": 21.69445, ""step"": 0, ""status"": 1, ""pres"": 967.909, ""meas_profile"": ""HP-1"", ""meas_id"": 1, ""hum"": 36.46233, ""gas_res"": 5684.846}]}",NULL,"2025-10-27 08:42:45.116165"
11232,"04a600b9b0b8","2025-10-27 08:41:09","jJ11Ls2nWFbPKLV8AGJz","{""zphs01b"": {""voc"": 0, ""temp"": 18.9, ""pm2_5"": 0, ""pm1_0"": 0, ""pm10"": 313, ""o3"": 0.02, ""no2"": 10.0, ""hum"": 0, ""fmhd"": 0, ""co2"": 5000, ""co"": 0.0}, ""smell_b"": {}, ""sfa30"": {""temp"": 22.265, ""hum"": 37.96, ""fmhd"": 1.6}, ""sen5x"": {""voc"": 23.0, ""temp"": 22.235, ""pm4_0"": 3701.1, ""pm2_5"": 3701.1, ""pm1_0"": 3529.2, ""pm10"": 3701.1, ""nox"": 1.0, ""mass_c"": 3658.125, ""hum"": 42.72}, ""scd41"": {""temp"": 21.355, ""hum"": 39.6582, ""co2"": 619}, ""power_source"": 0, ""mics6814"": {""red_res"": 0, ""no2_res"": 0, ""no2"": 0.17, ""nh3_res"": 0, ""nh3"": 0.73, ""co_res"": 0, ""co"": 44.0}}",NULL,"2025-10-27 08:42:46.200887"
11233,"04a600b9b0b8","2025-10-27 08:41:09","jJ11Ls2nWFbPKLV8AGJz","{""bme688"": [{""temp"": 22.08891, ""step"": 9, ""status"": 1, ""pres"": 967.8359, ""meas_profile"": ""HP-8"", ""meas_id"": 8, ""hum"": 37.75195, ""gas_res"": 5684.846}, {""temp"": 22.04961, ""step"": 9, ""status"": 1, ""pres"": 968.0887, ""meas_profile"": ""HP-7"", ""meas_id"": 7, ""hum"": 37.62337, ""gas_res"": 5684.846}, {""temp"": 22.14142, ""step"": 9, ""status"": 1, ""pres"": 968.1741, ""meas_profile"": ""HP-6"", ""meas_id"": 6, ""hum"": 37.46551, ""gas_res"": 5684.846}, {""temp"": 22.03746, ""step"": 9, ""status"": 1, ""pres"": 967.9213, ""meas_profile"": ""HP-5"", ""meas_id"": 5, ""hum"": 37.69115, ""gas_res"": 5684.846}, {""temp"": 21.83523, ""step"": 9, ""status"": 1, ""pres"": 968.0836, ""meas_profile"": ""HP-4"", ""meas_id"": 4, ""hum"": 37.10459, ""gas_res"": 5684.846}, {""temp"": 22.00642, ""step"": 9, ""status"": 1, ""pres"": 967.7285, ""meas_profile"": ""HP-3"", ""meas_id"": 3, ""hum"": 37.61607, ""gas_res"": 5684.846}, {""temp"": 21.91423, ""step"": 9, ""status"": 1, ""pres"": 967.825, ""meas_profile"": ""HP-2"", ""meas_id"": 2, ""hum"": 37.91632, ""gas_res"": 5684.846}, {""temp"": 21.69414, ""step"": 9, ""status"": 1, ""pres"": 967.9086, ""meas_profile"": ""HP-1"", ""meas_id"": 1, ""hum"": 36.44443, ""gas_res"": 5684.846}]}",NULL,"2025-10-27 08:42:47.590671"
11234,"04a600b9b0b8","2025-10-27 08:41:09","jJ11Ls2nWFbPKLV8AGJz","{""bme688"": [{""temp"": 22.08861, ""step"": 8, ""status"": 1, ""pres"": 967.8353, ""meas_profile"": ""HP-8"", ""meas_id"": 8, ""hum"": 37.74607, ""gas_res"": 5684.846}, {""temp"": 22.0493, ""step"": 8, ""status"": 1, ""pres"": 968.0884, ""meas_profile"": ""HP-7"", ""meas_id"": 7, ""hum"": 37.62911, ""gas_res"": 5684.846}, {""temp"": 22.14111, ""step"": 8, ""status"": 1, ""pres"": 968.1736, ""meas_profile"": ""HP-6"", ""meas_id"": 6, ""hum"": 37.45962, ""gas_res"": 5684.846}, {""temp"": 22.03714, ""step"": 8, ""status"": 1, ""pres"": 967.9191, ""meas_profile"": ""HP-5"", ""meas_id"": 5, ""hum"": 37.67955, ""gas_res"": 5684.846}, {""temp"": 21.83492, ""step"": 8, ""status"": 1, ""pres"": 968.0832, ""meas_profile"": ""HP-4"", ""meas_id"": 4, ""hum"": 37.11627, ""gas_res"": 5684.846}, {""temp"": 22.00611, ""step"": 8, ""status"": 1, ""pres"": 967.7296, ""meas_profile"": ""HP-3"", ""meas_id"": 3, ""hum"": 37.61604, ""gas_res"": 5684.846}, {""temp"": 21.91392, ""step"": 8, ""status"": 1, ""pres"": 967.8245, ""meas_profile"": ""HP-2"", ""meas_id"": 2, ""hum"": 37.91629, ""gas_res"": 5684.846}, {""temp"": 21.69383, ""step"": 8, ""status"": 1, ""pres"": 967.9081, ""meas_profile"": ""HP-1"", ""meas_id"": 1, ""hum"": 36.4325, ""gas_res"": 5684.846}]}",NULL,"2025-10-27 08:42:48.876375"
11235,"04a600b9b0b8","2025-10-27 08:41:09","jJ11Ls2nWFbPKLV8AGJz","{""bme688"": [{""temp"": 22.0883, ""step"": 7, ""status"": 1, ""pres"": 967.8348, ""meas_profile"": ""HP-8"", ""meas_id"": 8, ""hum"": 37.73436, ""gas_res"": 5684.846}, {""temp"": 22.04899, ""step"": 7, ""status"": 1, ""pres"": 968.0876, ""meas_profile"": ""HP-7"", ""meas_id"": 7, ""hum"": 37.59443, ""gas_res"": 5684.846}, {""temp"": 22.1405, ""step"": 7, ""status"": 1, ""pres"": 968.1727, ""meas_profile"": ""HP-6"", ""meas_id"": 6, ""hum"": 37.48299, ""gas_res"": 5684.846}, {""temp"": 22.03714, ""step"": 7, ""status"": 1, ""pres"": 967.9191, ""meas_profile"": ""HP-5"", ""meas_id"": 5, ""hum"": 37.67955, ""gas_res"": 5815.01}, {""temp"": 21.83429, ""step"": 7, ""status"": 1, ""pres"": 968.0823, ""meas_profile"": ""HP-4"", ""meas_id"": 4, ""hum"": 37.12207, ""gas_res"": 5684.846}, {""temp"": 22.0058, ""step"": 7, ""status"": 1, ""pres"": 967.729, ""meas_profile"": ""HP-3"", ""meas_id"": 3, ""hum"": 37.62187, ""gas_res"": 5684.846}, {""temp"": 21.9136, ""step"": 7, ""status"": 1, ""pres"": 967.824, ""meas_profile"": ""HP-2"", ""meas_id"": 2, ""hum"": 37.91046, ""gas_res"": 5684.846}, {""temp"": 21.69352, ""step"": 7, ""status"": 1, ""pres"": 967.9077, ""meas_profile"": ""HP-1"", ""meas_id"": 1, ""hum"": 36.44437, ""gas_res"": 5684.846}]}",NULL,"2025-10-27 08:42:50.277755"
11236,"04a600b9b0b8","2025-10-27 08:41:09","jJ11Ls2nWFbPKLV8AGJz","{""bme688"": [{""temp"": 22.08799, ""step"": 6, ""status"": 1, ""pres"": 967.8342, ""meas_profile"": ""HP-8"", ""meas_id"": 8, ""hum"": 37.72265, ""gas_res"": 5684.846}, {""temp"": 22.04837, ""step"": 6, ""status"": 1, ""pres"": 968.0868, ""meas_profile"": ""HP-7"", ""meas_id"": 7, ""hum"": 37.60592, ""gas_res"": 5684.846}, {""temp"": 22.1405, ""step"": 6, ""status"": 1, ""pres"": 968.1727, ""meas_profile"": ""HP-6"", ""meas_id"": 6, ""hum"": 37.46542, ""gas_res"": 6911.447}, {""temp"": 22.03714, ""step"": 6, ""status"": 1, ""pres"": 967.9191, ""meas_profile"": ""HP-5"", ""meas_id"": 5, ""hum"": 37.66797, ""gas_res"": 25000.0}, {""temp"": 21.83461, ""step"": 6, ""status"": 1, ""pres"": 968.0828, ""meas_profile"": ""HP-4"", ""meas_id"": 4, ""hum"": 37.12795, ""gas_res"": 25000.0}, {""temp"": 22.00549, ""step"": 6, ""status"": 1, ""pres"": 967.7285, ""meas_profile"": ""HP-3"", ""meas_id"": 3, ""hum"": 37.63357, ""gas_res"": 6530.612}, {""temp"": 21.91329, ""step"": 6, ""status"": 1, ""pres"": 967.8234, ""meas_profile"": ""HP-2"", ""meas_id"": 2, ""hum"": 37.90463, ""gas_res"": 7661.0}, {""temp"": 21.69352, ""step"": 6, ""status"": 1, ""pres"": 967.9077, ""meas_profile"": ""HP-1"", ""meas_id"": 1, ""hum"": 36.44437, ""gas_res"": 6530.612}]}",NULL,"2025-10-27 08:42:51.424498"
11237,"04a600b9b0b8","2025-10-27 08:41:09","jJ11Ls2nWFbPKLV8AGJz","{""bme688"": [{""temp"": 22.08768, ""step"": 5, ""status"": 1, ""pres"": 967.832, ""meas_profile"": ""HP-8"", ""meas_id"": 8, ""hum"": 37.72845, ""gas_res"": 5684.846}, {""temp"": 22.04806, ""step"": 5, ""status"": 1, ""pres"": 968.0863, ""meas_profile"": ""HP-7"", ""meas_id"": 7, ""hum"": 37.57702, ""gas_res"": 5684.846}, {""temp"": 22.1405, ""step"": 5, ""status"": 1, ""pres"": 968.1727, ""meas_profile"": ""HP-6"", ""meas_id"": 6, ""hum"": 37.45956, ""gas_res"": 6983.85}, {""temp"": 22.03746, ""step"": 5, ""status"": 1, ""pres"": 967.9197, ""meas_profile"": ""HP-5"", ""meas_id"": 5, ""hum"": 37.68536, ""gas_res"": 25000.0}, {""temp"": 21.83492, ""step"": 5, ""status"": 1, ""pres"": 968.0832, ""meas_profile"": ""HP-4"", ""meas_id"": 4, ""hum"": 37.12798, ""gas_res"": 25000.0}, {""temp"": 22.00549, ""step"": 5, ""status"": 1, ""pres"": 967.7302, ""meas_profile"": ""HP-3"", ""meas_id"": 3, ""hum"": 37.61013, ""gas_res"": 6139.678}, {""temp"": 21.91329, ""step"": 5, ""status"": 1, ""pres"": 967.8234, ""meas_profile"": ""HP-2"", ""meas_id"": 2, ""hum"": 37.91623, ""gas_res"": 7114.273}, {""temp"": 21.69352, ""step"": 5, ""status"": 1, ""pres"": 967.9077, ""meas_profile"": ""HP-1"", ""meas_id"": 1, ""hum"": 36.45033, ""gas_res"": 5991.387}]}",NULL,"2025-10-27 08:42:52.721949"
11238,"04a600b9b0b8","2025-10-27 08:41:09","jJ11Ls2nWFbPKLV8AGJz","{""bme688"": [{""temp"": 22.08737, ""step"": 4, ""status"": 1, ""pres"": 967.8315, ""meas_profile"": ""HP-8"", ""meas_id"": 8, ""hum"": 37.69922, ""gas_res"": 5684.846}, {""temp"": 22.04775, ""step"": 4, ""status"": 1, ""pres"": 968.0858, ""meas_profile"": ""HP-7"", ""meas_id"": 7, ""hum"": 37.58854, ""gas_res"": 5684.846}, {""temp"": 22.1405, ""step"": 4, ""status"": 1, ""pres"": 968.1727, ""meas_profile"": ""HP-6"", ""meas_id"": 6, ""hum"": 37.4537, ""gas_res"": 7279.345}, {""temp"": 22.03777, ""step"": 4, ""status"": 1, ""pres"": 967.9203, ""meas_profile"": ""HP-5"", ""meas_id"": 5, ""hum"": 37.69118, ""gas_res"": 25000.0}, {""temp"": 21.83523, ""step"": 4, ""status"": 1, ""pres"": 968.0836, ""meas_profile"": ""HP-4"", ""meas_id"": 4, ""hum"": 37.13387, ""gas_res"": 25000.0}, {""temp"": 22.00549, ""step"": 4, ""status"": 1, ""pres"": 967.7302, ""meas_profile"": ""HP-3"", ""meas_id"": 3, ""hum"": 37.63357, ""gas_res"": 5914.972}, {""temp"": 21.91329, ""step"": 4, ""status"": 1, ""pres"": 967.8251, ""meas_profile"": ""HP-2"", ""meas_id"": 2, ""hum"": 37.91043, ""gas_res"": 6875.806}, {""temp"": 21.69352, ""step"": 4, ""status"": 1, ""pres"": 967.9077, ""meas_profile"": ""HP-1"", ""meas_id"": 1, ""hum"": 36.43842, ""gas_res"": 5977.956}]}",NULL,"2025-10-27 08:42:53.987327"
11239,"04a600b9b0b8","2025-10-27 08:41:09","jJ11Ls2nWFbPKLV8AGJz","{""bme688"": [{""temp"": 22.08737, ""step"": 3, ""status"": 1, ""pres"": 967.8298, ""meas_profile"": ""HP-8"", ""meas_id"": 8, ""hum"": 37.70506, ""gas_res"": 6711.409}, {""temp"": 22.04775, ""step"": 3, ""status"": 1, ""pres"": 968.0858, ""meas_profile"": ""HP-7"", ""meas_id"": 7, ""hum"": 37.59431, ""gas_res"": 6906.972}, {""temp"": 22.14019, ""step"": 3, ""status"": 1, ""pres"": 968.1721, ""meas_profile"": ""HP-6"", ""meas_id"": 6, ""hum"": 37.46538, ""gas_res"": 22686.99}, {""temp"": 22.03777, ""step"": 3, ""status"": 1, ""pres"": 967.9203, ""meas_profile"": ""HP-5"", ""meas_id"": 5, ""hum"": 37.69118, ""gas_res"": 105393.2}, {""temp"": 21.83492, ""step"": 3, ""status"": 1, ""pres"": 968.0832, ""meas_profile"": ""HP-4"", ""meas_id"": 4, ""hum"": 37.16313, ""gas_res"": 101992.0}, {""temp"": 22.00549, ""step"": 3, ""status"": 1, ""pres"": 967.7302, ""meas_profile"": ""HP-3"", ""meas_id"": 3, ""hum"": 37.64529, ""gas_res"": 28495.1}, {""temp"": 21.91329, ""step"": 3, ""status"": 1, ""pres"": 967.8251, ""meas_profile"": ""HP-2"", ""meas_id"": 2, ""hum"": 37.92202, ""gas_res"": 38186.16}, {""temp"": 21.6932, ""step"": 3, ""status"": 1, ""pres"": 967.9089, ""meas_profile"": ""HP-1"", ""meas_id"": 1, ""hum"": 36.45029, ""gas_res"": 25513.26}]}",NULL,"2025-10-27 08:42:55.367981"
11240,"04a600b9b0b8","2025-10-27 08:41:09","jJ11Ls2nWFbPKLV8AGJz","{""bme688"": [{""temp"": 22.08737, ""step"": 2, ""status"": 1, ""pres"": 967.8298, ""meas_profile"": ""HP-8"", ""meas_id"": 8, ""hum"": 37.69337, ""gas_res"": 6104.54}, {""temp"": 22.04775, ""step"": 2, ""status"": 1, ""pres"": 968.0874, ""meas_profile"": ""HP-7"", ""meas_id"": 7, ""hum"": 37.59431, ""gas_res"": 6157.398}, {""temp"": 22.14019, ""step"": 2, ""status"": 1, ""pres"": 968.1721, ""meas_profile"": ""HP-6"", ""meas_id"": 6, ""hum"": 37.46538, ""gas_res"": 20119.46}, {""temp"": 22.03777, ""step"": 2, ""status"": 1, ""pres"": 967.9203, ""meas_profile"": ""HP-5"", ""meas_id"": 5, ""hum"": 37.69118, ""gas_res"": 95008.35}, {""temp"": 21.83492, ""step"": 2, ""status"": 1, ""pres"": 968.0848, ""meas_profile"": ""HP-4"", ""meas_id"": 4, ""hum"": 37.15141, ""gas_res"": 88673.37}, {""temp"": 22.00518, ""step"": 2, ""status"": 1, ""pres"": 967.7296, ""meas_profile"": ""HP-3"", ""meas_id"": 3, ""hum"": 37.64526, ""gas_res"": 22906.23}, {""temp"": 21.91329, ""step"": 2, ""status"": 1, ""pres"": 967.8251, ""meas_profile"": ""HP-2"", ""meas_id"": 2, ""hum"": 37.92782, ""gas_res"": 29297.32}, {""temp"": 21.6932, ""step"": 2, ""status"": 1, ""pres"": 967.9089, ""meas_profile"": ""HP-1"", ""meas_id"": 1, ""hum"": 36.43838, ""gas_res"": 19213.45}]}",NULL,"2025-10-27 08:42:56.554137"
11241,"04a600b9b0b8","2025-10-27 08:41:09","jJ11Ls2nWFbPKLV8AGJz","{""bme688"": [{""temp"": 22.08706, ""step"": 1, ""status"": 1, ""pres"": 967.8293, ""meas_profile"": ""HP-8"", ""meas_id"": 8, ""hum"": 37.70503, ""gas_res"": 5684.846}, {""temp"": 22.04713, ""step"": 1, ""status"": 1, ""pres"": 968.0862, ""meas_profile"": ""HP-7"", ""meas_id"": 7, ""hum"": 37.6058, ""gas_res"": 5684.846}, {""temp"": 22.14019, ""step"": 1, ""status"": 1, ""pres"": 968.1705, ""meas_profile"": ""HP-6"", ""meas_id"": 6, ""hum"": 37.47124, ""gas_res"": 6728.343}, {""temp"": 22.03777, ""step"": 1, ""status"": 1, ""pres"": 967.9203, ""meas_profile"": ""HP-5"", ""meas_id"": 5, ""hum"": 37.69118, ""gas_res"": 20585.4}, {""temp"": 21.83492, ""step"": 1, ""status"": 1, ""pres"": 968.0848, ""meas_profile"": ""HP-4"", ""meas_id"": 4, ""hum"": 37.14555, ""gas_res"": 10869.57}, {""temp"": 22.00518, ""step"": 1, ""status"": 1, ""pres"": 967.7296, ""meas_profile"": ""HP-3"", ""meas_id"": 3, ""hum"": 37.63353, ""gas_res"": 6132.618}, {""temp"": 21.91329, ""step"": 1, ""status"": 1, ""pres"": 967.8251, ""meas_profile"": ""HP-2"", ""meas_id"": 2, ""hum"": 37.93362, ""gas_res"": 6196.747}, {""temp"": 21.69289, ""step"": 1, ""status"": 1, ""pres"": 967.9085, ""meas_profile"": ""HP-1"", ""meas_id"": 1, ""hum"": 36.45026, ""gas_res"": 5684.846}]}",NULL,"2025-10-27 08:42:57.824664"
11242,"04a600b9b0b8","2025-10-27 08:41:09","jJ11Ls2nWFbPKLV8AGJz","{""bme688"": [{""temp"": 22.08644, ""step"": 0, ""status"": 1, ""pres"": 967.8284, ""meas_profile"": ""HP-8"", ""meas_id"": 8, ""hum"": 37.71081, ""gas_res"": 5684.846}, {""temp"": 22.04682, ""step"": 0, ""status"": 1, ""pres"": 968.0859, ""meas_profile"": ""HP-7"", ""meas_id"": 7, ""hum"": 37.58844, ""gas_res"": 5684.846}, {""temp"": 22.13957, ""step"": 0, ""status"": 1, ""pres"": 968.1711, ""meas_profile"": ""HP-6"", ""meas_id"": 6, ""hum"": 37.47118, ""gas_res"": 5684.846}, {""temp"": 22.03746, ""step"": 0, ""status"": 1, ""pres"": 967.9197, ""meas_profile"": ""HP-5"", ""meas_id"": 5, ""hum"": 37.68536, ""gas_res"": 5934.718}, {""temp"": 21.83492, ""step"": 0, ""status"": 1, ""pres"": 968.0848, ""meas_profile"": ""HP-4"", ""meas_id"": 4, ""hum"": 37.14555, ""gas_res"": 5684.846}, {""temp"": 22.00488, ""step"": 0, ""status"": 1, ""pres"": 967.731, ""meas_profile"": ""HP-3"", ""meas_id"": 3, ""hum"": 37.65694, ""gas_res"": 5684.846}, {""temp"": 21.91267, ""step"": 0, ""status"": 1, ""pres"": 967.8242, ""meas_profile"": ""HP-2"", ""meas_id"": 2, ""hum"": 37.91617, ""gas_res"": 5684.846}, {""temp"": 21.69258, ""step"": 0, ""status"": 1, ""pres"": 967.908, ""meas_profile"": ""HP-1"", ""meas_id"": 1, ""hum"": 36.45619, ""gas_res"": 5684.846}]}",NULL,"2025-10-27 08:42:59.117923"
11253,"04a600b9b0b8","2025-10-27 08:43:08","jJ11Ls2nWFbPKLV8AGJz","{""zphs01b"": {""voc"": 0, ""temp"": 19.2, ""pm2_5"": 0, ""pm1_0"": 0, ""pm10"": 325, ""o3"": 0.02, ""no2"": 6.12, ""hum"": 0, ""fmhd"": 0, ""co2"": 5000, ""co"": 0.0}, ""smell_b"": {}, ""sfa30"": {""temp"": 22.25, ""hum"": 37.93, ""fmhd"": 2.0}, ""sen5x"": {""voc"": 70.0, ""temp"": 22.11, ""pm4_0"": 4341.6, ""pm2_5"": 4341.6, ""pm1_0"": 4139.9, ""pm10"": 4341.6, ""nox"": 1.0, ""mass_c"": 4291.175, ""hum"": 43.33}, ""scd41"": {""temp"": 21.25086, ""hum"": 41.17189, ""co2"": 624}, ""power_source"": 0, ""mics6814"": {""red_res"": 0, ""no2_res"": 0, ""no2"": 0.17, ""nh3_res"": 0, ""nh3"": 0.73, ""co_res"": 0, ""co"": 44.0}}",NULL,"2025-10-27 08:43:40.993154"
11254,"04a600b9b0b8","2025-10-27 08:43:08","jJ11Ls2nWFbPKLV8AGJz","{""bme688"": [{""temp"": 22.09417, ""step"": 9, ""status"": 1, ""pres"": 967.8493, ""meas_profile"": ""HP-8"", ""meas_id"": 8, ""hum"": 37.71743, ""gas_res"": 5684.846}, {""temp"": 22.05582, ""step"": 9, ""status"": 1, ""pres"": 968.0908, ""meas_profile"": ""HP-7"", ""meas_id"": 7, ""hum"": 37.56625, ""gas_res"": 5684.846}, {""temp"": 22.14513, ""step"": 9, ""status"": 1, ""pres"": 968.1802, ""meas_profile"": ""HP-6"", ""meas_id"": 6, ""hum"": 37.46002, ""gas_res"": 5684.846}, {""temp"": 22.03652, ""step"": 9, ""status"": 1, ""pres"": 967.9199, ""meas_profile"": ""HP-5"", ""meas_id"": 5, ""hum"": 37.64474, ""gas_res"": 7299.27}, {""temp"": 21.83678, ""step"": 9, ""status"": 1, ""pres"": 968.0779, ""meas_profile"": ""HP-4"", ""meas_id"": 4, ""hum"": 37.08132, ""gas_res"": 6724.102}, {""temp"": 22.00828, ""step"": 9, ""status"": 1, ""pres"": 967.7231, ""meas_profile"": ""HP-3"", ""meas_id"": 3, ""hum"": 37.57524, ""gas_res"": 5684.846}, {""temp"": 21.91733, ""step"": 9, ""status"": 1, ""pres"": 967.8233, ""meas_profile"": ""HP-2"", ""meas_id"": 2, ""hum"": 37.86447, ""gas_res"": 5684.846}, {""temp"": 21.69663, ""step"": 9, ""status"": 1, ""pres"": 967.9106, ""meas_profile"": ""HP-1"", ""meas_id"": 1, ""hum"": 36.40895, ""gas_res"": 5684.846}]}",NULL,"2025-10-27 08:43:42.623026"
11255,"04a600b9b0b8","2025-10-27 08:43:08","jJ11Ls2nWFbPKLV8AGJz","{""bme688"": [{""temp"": 22.09386, ""step"": 8, ""status"": 1, ""pres"": 967.8488, ""meas_profile"": ""HP-8"", ""meas_id"": 8, ""hum"": 37.70571, ""gas_res"": 5684.846}, {""temp"": 22.05551, ""step"": 8, ""status"": 1, ""pres"": 968.09, ""meas_profile"": ""HP-7"", ""meas_id"": 7, ""hum"": 37.57199, ""gas_res"": 5684.846}, {""temp"": 22.14482, ""step"": 8, ""status"": 1, ""pres"": 968.1796, ""meas_profile"": ""HP-6"", ""meas_id"": 6, ""hum"": 37.43657, ""gas_res"": 5684.846}, {""temp"": 22.03652, ""step"": 8, ""status"": 1, ""pres"": 967.9199, ""meas_profile"": ""HP-5"", ""meas_id"": 5, ""hum"": 37.65632, ""gas_res"": 6853.716}, {""temp"": 21.83678, ""step"": 8, ""status"": 1, ""pres"": 968.0796, ""meas_profile"": ""HP-4"", ""meas_id"": 4, ""hum"": 37.09303, ""gas_res"": 6455.518}, {""temp"": 22.00797, ""step"": 8, ""status"": 1, ""pres"": 967.7223, ""meas_profile"": ""HP-3"", ""meas_id"": 3, ""hum"": 37.60451, ""gas_res"": 5684.846}, {""temp"": 21.91702, ""step"": 8, ""status"": 1, ""pres"": 967.8246, ""meas_profile"": ""HP-2"", ""meas_id"": 2, ""hum"": 37.86444, ""gas_res"": 5684.846}, {""temp"": 21.69632, ""step"": 8, ""status"": 1, ""pres"": 967.9119, ""meas_profile"": ""HP-1"", ""meas_id"": 1, ""hum"": 36.42678, ""gas_res"": 5684.846}]}",NULL,"2025-10-27 08:43:43.911054"
11256,"04a600b9b0b8","2025-10-27 08:43:08","jJ11Ls2nWFbPKLV8AGJz","{""bme688"": [{""temp"": 22.09355, ""step"": 7, ""status"": 1, ""pres"": 967.8483, ""meas_profile"": ""HP-8"", ""meas_id"": 8, ""hum"": 37.72905, ""gas_res"": 5684.846}, {""temp"": 22.0552, ""step"": 7, ""status"": 1, ""pres"": 968.0913, ""meas_profile"": ""HP-7"", ""meas_id"": 7, ""hum"": 37.57196, ""gas_res"": 5684.846}, {""temp"": 22.1442, ""step"": 7, ""status"": 1, ""pres"": 968.1786, ""meas_profile"": ""HP-6"", ""meas_id"": 6, ""hum"": 37.45407, ""gas_res"": 5684.846}, {""temp"": 22.03621, ""step"": 7, ""status"": 1, ""pres"": 967.9193, ""meas_profile"": ""HP-5"", ""meas_id"": 5, ""hum"": 37.67366, ""gas_res"": 6644.518}, {""temp"": 21.83647, ""step"": 7, ""status"": 1, ""pres"": 968.0792, ""meas_profile"": ""HP-4"", ""meas_id"": 4, ""hum"": 37.11642, ""gas_res"": 5941.33}, {""temp"": 22.00735, ""step"": 7, ""status"": 1, ""pres"": 967.7213, ""meas_profile"": ""HP-3"", ""meas_id"": 3, ""hum"": 37.6103, ""gas_res"": 5684.846}, {""temp"": 21.91671, ""step"": 7, ""status"": 1, ""pres"": 967.824, ""meas_profile"": ""HP-2"", ""meas_id"": 2, ""hum"": 37.876, ""gas_res"": 5684.846}, {""temp"": 21.69569, ""step"": 7, ""status"": 1, ""pres"": 967.9109, ""meas_profile"": ""HP-1"", ""meas_id"": 1, ""hum"": 36.42077, ""gas_res"": 5684.846}]}",NULL,"2025-10-27 08:43:45.189537"
11257,"04a600b9b0b8","2025-10-27 08:43:08","jJ11Ls2nWFbPKLV8AGJz","{""bme688"": [{""temp"": 22.09324, ""step"": 6, ""status"": 1, ""pres"": 967.8477, ""meas_profile"": ""HP-8"", ""meas_id"": 8, ""hum"": 37.71733, ""gas_res"": 5684.846}, {""temp"": 22.05489, ""step"": 6, ""status"": 1, ""pres"": 968.0908, ""meas_profile"": ""HP-7"", ""meas_id"": 7, ""hum"": 37.5777, ""gas_res"": 5684.846}, {""temp"": 22.1442, ""step"": 6, ""status"": 1, ""pres"": 968.1804, ""meas_profile"": ""HP-6"", ""meas_id"": 6, ""hum"": 37.44821, ""gas_res"": 6669.446}, {""temp"": 22.03652, ""step"": 6, ""status"": 1, ""pres"": 967.9199, ""meas_profile"": ""HP-5"", ""meas_id"": 5, ""hum"": 37.6679, ""gas_res"": 25000.0}, {""temp"": 21.83647, ""step"": 6, ""status"": 1, ""pres"": 968.0792, ""meas_profile"": ""HP-4"", ""meas_id"": 4, ""hum"": 37.12228, ""gas_res"": 26981.45}, {""temp"": 22.00735, ""step"": 6, ""status"": 1, ""pres"": 967.7213, ""meas_profile"": ""HP-3"", ""meas_id"": 3, ""hum"": 37.6103, ""gas_res"": 16231.3}, {""temp"": 21.91702, ""step"": 6, ""status"": 1, ""pres"": 967.8246, ""meas_profile"": ""HP-2"", ""meas_id"": 2, ""hum"": 37.87024, ""gas_res"": 25000.0}, {""temp"": 21.69569, ""step"": 6, ""status"": 1, ""pres"": 967.9109, ""meas_profile"": ""HP-1"", ""meas_id"": 1, ""hum"": 36.44459, ""gas_res"": 19265.5}]}",NULL,"2025-10-27 08:43:46.556707"
11258,"04a600b9b0b8","2025-10-27 08:43:08","jJ11Ls2nWFbPKLV8AGJz","{""bme688"": [{""temp"": 22.09293, ""step"": 5, ""status"": 1, ""pres"": 967.8474, ""meas_profile"": ""HP-8"", ""meas_id"": 8, ""hum"": 37.7173, ""gas_res"": 5684.846}, {""temp"": 22.05458, ""step"": 5, ""status"": 1, ""pres"": 968.0902, ""meas_profile"": ""HP-7"", ""meas_id"": 7, ""hum"": 37.60077, ""gas_res"": 5684.846}, {""temp"": 22.1442, ""step"": 5, ""status"": 1, ""pres"": 968.1804, ""meas_profile"": ""HP-6"", ""meas_id"": 6, ""hum"": 37.46578, ""gas_res"": 6401.28}, {""temp"": 22.03683, ""step"": 5, ""status"": 1, ""pres"": 967.9203, ""meas_profile"": ""HP-5"", ""meas_id"": 5, ""hum"": 37.6853, ""gas_res"": 25000.0}, {""temp"": 21.83647, ""step"": 5, ""status"": 1, ""pres"": 968.0792, ""meas_profile"": ""HP-4"", ""meas_id"": 4, ""hum"": 37.134, ""gas_res"": 25078.37}, {""temp"": 22.00735, ""step"": 5, ""status"": 1, ""pres"": 967.7231, ""meas_profile"": ""HP-3"", ""meas_id"": 3, ""hum"": 37.62202, ""gas_res"": 14558.69}, {""temp"": 21.91671, ""step"": 5, ""status"": 1, ""pres"": 967.8256, ""meas_profile"": ""HP-2"", ""meas_id"": 2, ""hum"": 37.876, ""gas_res"": 21115.14}, {""temp"": 21.69538, ""step"": 5, ""status"": 1, ""pres"": 967.9105, ""meas_profile"": ""HP-1"", ""meas_id"": 1, ""hum"": 36.45646, ""gas_res"": 16793.49}]}",NULL,"2025-10-27 08:43:47.755239"
11259,"04a600b9b0b8","2025-10-27 08:43:08","jJ11Ls2nWFbPKLV8AGJz","{""bme688"": [{""temp"": 22.09262, ""step"": 4, ""status"": 1, ""pres"": 967.8469, ""meas_profile"": ""HP-8"", ""meas_id"": 8, ""hum"": 37.72311, ""gas_res"": 5684.846}, {""temp"": 22.05427, ""step"": 4, ""status"": 1, ""pres"": 968.0915, ""meas_profile"": ""HP-7"", ""meas_id"": 7, ""hum"": 37.61229, ""gas_res"": 5684.846}, {""temp"": 22.1442, ""step"": 4, ""status"": 1, ""pres"": 968.1804, ""meas_profile"": ""HP-6"", ""meas_id"": 6, ""hum"": 37.48335, ""gas_res"": 6122.059}, {""temp"": 22.03714, ""step"": 4, ""status"": 1, ""pres"": 967.9225, ""meas_profile"": ""HP-5"", ""meas_id"": 5, ""hum"": 37.69112, ""gas_res"": 25000.0}, {""temp"": 21.83647, ""step"": 4, ""status"": 1, ""pres"": 968.0808, ""meas_profile"": ""HP-4"", ""meas_id"": 4, ""hum"": 37.16328, ""gas_res"": 23516.44}, {""temp"": 22.00766, ""step"": 4, ""status"": 1, ""pres"": 967.7237, ""meas_profile"": ""HP-3"", ""meas_id"": 3, ""hum"": 37.6455, ""gas_res"": 10705.92}, {""temp"": 21.91671, ""step"": 4, ""status"": 1, ""pres"": 967.8256, ""meas_profile"": ""HP-2"", ""meas_id"": 2, ""hum"": 37.89919, ""gas_res"": 18658.89}, {""temp"": 21.69538, ""step"": 4, ""status"": 1, ""pres"": 967.9105, ""meas_profile"": ""HP-1"", ""meas_id"": 1, ""hum"": 36.44455, ""gas_res"": 14568.63}]}",NULL,"2025-10-27 08:43:49.027157"
11260,"04a600b9b0b8","2025-10-27 08:43:08","jJ11Ls2nWFbPKLV8AGJz","{""bme688"": [{""temp"": 22.09231, ""step"": 3, ""status"": 1, ""pres"": 967.8464, ""meas_profile"": ""HP-8"", ""meas_id"": 8, ""hum"": 37.74061, ""gas_res"": 5684.846}, {""temp"": 22.05396, ""step"": 3, ""status"": 1, ""pres"": 968.0909, ""meas_profile"": ""HP-7"", ""meas_id"": 7, ""hum"": 37.6238, ""gas_res"": 5684.846}, {""temp"": 22.1442, ""step"": 3, ""status"": 1, ""pres"": 968.1804, ""meas_profile"": ""HP-6"", ""meas_id"": 6, ""hum"": 37.48335, ""gas_res"": 8676.79}, {""temp"": 22.03683, ""step"": 3, ""status"": 1, ""pres"": 967.9221, ""meas_profile"": ""HP-5"", ""meas_id"": 5, ""hum"": 37.72004, ""gas_res"": 29438.82}, {""temp"": 21.83616, ""step"": 3, ""status"": 1, ""pres"": 968.0803, ""meas_profile"": ""HP-4"", ""meas_id"": 4, ""hum"": 37.16325, ""gas_res"": 51706.73}, {""temp"": 22.00735, ""step"": 3, ""status"": 1, ""pres"": 967.7248, ""meas_profile"": ""HP-3"", ""meas_id"": 3, ""hum"": 37.65133, ""gas_res"": 21761.31}, {""temp"": 21.91671, ""step"": 3, ""status"": 1, ""pres"": 967.8256, ""meas_profile"": ""HP-2"", ""meas_id"": 2, ""hum"": 37.91078, ""gas_res"": 35368.89}, {""temp"": 21.69538, ""step"": 3, ""status"": 1, ""pres"": 967.9105, ""meas_profile"": ""HP-1"", ""meas_id"": 1, ""hum"": 36.46241, ""gas_res"": 28861.33}]}",NULL,"2025-10-27 08:43:50.307004"
11261,"04a600b9b0b8","2025-10-27 08:43:08","jJ11Ls2nWFbPKLV8AGJz","{""bme688"": [{""temp"": 22.092, ""step"": 2, ""status"": 1, ""pres"": 967.8459, ""meas_profile"": ""HP-8"", ""meas_id"": 8, ""hum"": 37.73474, ""gas_res"": 5684.846}, {""temp"": 22.05365, ""step"": 2, ""status"": 1, ""pres"": 968.0904, ""meas_profile"": ""HP-7"", ""meas_id"": 7, ""hum"": 37.64687, ""gas_res"": 5684.846}, {""temp"": 22.1442, ""step"": 2, ""status"": 1, ""pres"": 968.1804, ""meas_profile"": ""HP-6"", ""meas_id"": 6, ""hum"": 37.4892, ""gas_res"": 14078.31}, {""temp"": 22.03683, ""step"": 2, ""status"": 1, ""pres"": 967.9221, ""meas_profile"": ""HP-5"", ""meas_id"": 5, ""hum"": 37.71425, ""gas_res"": 60420.11}, {""temp"": 21.83616, ""step"": 2, ""status"": 1, ""pres"": 968.0803, ""meas_profile"": ""HP-4"", ""meas_id"": 4, ""hum"": 37.17497, ""gas_res"": 100490.7}, {""temp"": 22.00735, ""step"": 2, ""status"": 1, ""pres"": 967.7248, ""meas_profile"": ""HP-3"", ""meas_id"": 3, ""hum"": 37.65719, ""gas_res"": 35135.88}, {""temp"": 21.9164, ""step"": 2, ""status"": 1, ""pres"": 967.827, ""meas_profile"": ""HP-2"", ""meas_id"": 2, ""hum"": 37.91075, ""gas_res"": 59827.06}, {""temp"": 21.69538, ""step"": 2, ""status"": 1, ""pres"": 967.9105, ""meas_profile"": ""HP-1"", ""meas_id"": 1, ""hum"": 36.45646, ""gas_res"": 45325.78}]}",NULL,"2025-10-27 08:43:51.691875"
11262,"04a600b9b0b8","2025-10-27 08:43:08","jJ11Ls2nWFbPKLV8AGJz","{""bme688"": [{""temp"": 22.092, ""step"": 1, ""status"": 1, ""pres"": 967.8459, ""meas_profile"": ""HP-8"", ""meas_id"": 8, ""hum"": 37.73474, ""gas_res"": 5684.846}, {""temp"": 22.05334, ""step"": 1, ""status"": 1, ""pres"": 968.09, ""meas_profile"": ""HP-7"", ""meas_id"": 7, ""hum"": 37.64107, ""gas_res"": 5684.846}, {""temp"": 22.14389, ""step"": 1, ""status"": 1, ""pres"": 968.1799, ""meas_profile"": ""HP-6"", ""meas_id"": 6, ""hum"": 37.55361, ""gas_res"": 5684.846}, {""temp"": 22.03714, ""step"": 1, ""status"": 1, ""pres"": 967.9225, ""meas_profile"": ""HP-5"", ""meas_id"": 5, ""hum"": 37.72586, ""gas_res"": 10392.98}, {""temp"": 21.83647, ""step"": 1, ""status"": 1, ""pres"": 968.0808, ""meas_profile"": ""HP-4"", ""meas_id"": 4, ""hum"": 37.175, ""gas_res"": 11627.91}, {""temp"": 22.00735, ""step"": 1, ""status"": 1, ""pres"": 967.7248, ""meas_profile"": ""HP-3"", ""meas_id"": 3, ""hum"": 37.66891, ""gas_res"": 6853.716}, {""temp"": 21.9164, ""step"": 1, ""status"": 1, ""pres"": 967.827, ""meas_profile"": ""HP-2"", ""meas_id"": 2, ""hum"": 37.91075, ""gas_res"": 7405.693}, {""temp"": 21.69507, ""step"": 1, ""status"": 1, ""pres"": 967.91, ""meas_profile"": ""HP-1"", ""meas_id"": 1, ""hum"": 36.49811, ""gas_res"": 7436.672}]}",NULL,"2025-10-27 08:43:52.878629"
11263,"04a600b9b0b8","2025-10-27 08:43:08","jJ11Ls2nWFbPKLV8AGJz","{""bme688"": [{""temp"": 22.09169, ""step"": 0, ""status"": 1, ""pres"": 967.8455, ""meas_profile"": ""HP-8"", ""meas_id"": 8, ""hum"": 37.74055, ""gas_res"": 5684.846}, {""temp"": 22.05303, ""step"": 0, ""status"": 1, ""pres"": 968.0912, ""meas_profile"": ""HP-7"", ""meas_id"": 7, ""hum"": 37.62949, ""gas_res"": 5684.846}, {""temp"": 22.14358, ""step"": 0, ""status"": 1, ""pres"": 968.1793, ""meas_profile"": ""HP-6"", ""meas_id"": 6, ""hum"": 37.51257, ""gas_res"": 5684.846}, {""temp"": 22.03714, ""step"": 0, ""status"": 1, ""pres"": 967.9225, ""meas_profile"": ""HP-5"", ""meas_id"": 5, ""hum"": 37.70849, ""gas_res"": 6587.073}, {""temp"": 21.83616, ""step"": 0, ""status"": 1, ""pres"": 968.082, ""meas_profile"": ""HP-4"", ""meas_id"": 4, ""hum"": 37.16911, ""gas_res"": 5684.846}, {""temp"": 22.00704, ""step"": 0, ""status"": 1, ""pres"": 967.726, ""meas_profile"": ""HP-3"", ""meas_id"": 3, ""hum"": 37.67475, ""gas_res"": 5684.846}, {""temp"": 21.91609, ""step"": 0, ""status"": 1, ""pres"": 967.8264, ""meas_profile"": ""HP-2"", ""meas_id"": 2, ""hum"": 37.92231, ""gas_res"": 5684.846}, {""temp"": 21.69507, ""step"": 0, ""status"": 1, ""pres"": 967.91, ""meas_profile"": ""HP-1"", ""meas_id"": 1, ""hum"": 36.46238, ""gas_res"": 5684.846}]}",NULL,"2025-10-27 08:43:54.150602"
11264,"04a600b9b0b8","2025-10-27 08:44:17","jJ11Ls2nWFbPKLV8AGJz","{""zphs01b"": {""voc"": 0, ""temp"": 19.3, ""pm2_5"": 0, ""pm1_0"": 0, ""pm10"": 325, ""o3"": 0.02, ""no2"": 6.76, ""hum"": 0, ""fmhd"": 0, ""co2"": 5000, ""co"": 0.0}, ""smell_b"": {}, ""sfa30"": {""temp"": 22.255, ""hum"": 37.9, ""fmhd"": 2.4}, ""sen5x"": {""voc"": 97.0, ""temp"": 22.05, ""pm4_0"": 4389.8, ""pm2_5"": 4389.8, ""pm1_0"": 4186.0, ""pm10"": 4389.8, ""nox"": 1.0, ""mass_c"": 4338.85, ""hum"": 43.65}, ""scd41"": {""temp"": 21.4004, ""hum"": 41.13832, ""co2"": 621}, ""power_source"": 0, ""mics6814"": {""red_res"": 0, ""no2_res"": 0, ""no2"": 0.17, ""nh3_res"": 0, ""nh3"": 0.73, ""co_res"": 0, ""co"": 44.0}}",NULL,"2025-10-27 08:44:58.438185"
11265,"04a600b9b0b8","2025-10-27 08:44:17","jJ11Ls2nWFbPKLV8AGJz","{""bme688"": [{""temp"": 22.09818, ""step"": 9, ""status"": 1, ""pres"": 967.8591, ""meas_profile"": ""HP-8"", ""meas_id"": 8, ""hum"": 37.77042, ""gas_res"": 5684.846}, {""temp"": 22.05986, ""step"": 9, ""status"": 1, ""pres"": 968.0873, ""meas_profile"": ""HP-7"", ""meas_id"": 7, ""hum"": 37.65905, ""gas_res"": 5684.846}, {""temp"": 22.14698, ""step"": 9, ""status"": 1, ""pres"": 968.1813, ""meas_profile"": ""HP-6"", ""meas_id"": 6, ""hum"": 37.51291, ""gas_res"": 5684.846}, {""temp"": 22.03495, ""step"": 9, ""status"": 1, ""pres"": 967.9172, ""meas_profile"": ""HP-5"", ""meas_id"": 5, ""hum"": 37.73722, ""gas_res"": 6632.125}, {""temp"": 21.83616, ""step"": 9, ""status"": 1, ""pres"": 968.067, ""meas_profile"": ""HP-4"", ""meas_id"": 4, ""hum"": 37.15739, ""gas_res"": 8209.338}, {""temp"": 22.00982, ""step"": 9, ""status"": 1, ""pres"": 967.7137, ""meas_profile"": ""HP-3"", ""meas_id"": 3, ""hum"": 37.67502, ""gas_res"": 5684.846}, {""temp"": 21.91888, ""step"": 9, ""status"": 1, ""pres"": 967.8159, ""meas_profile"": ""HP-2"", ""meas_id"": 2, ""hum"": 37.91099, ""gas_res"": 5706.134}, {""temp"": 21.69787, ""step"": 9, ""status"": 1, ""pres"": 967.9034, ""meas_profile"": ""HP-1"", ""meas_id"": 1, ""hum"": 36.49839, ""gas_res"": 5684.846}]}",NULL,"2025-10-27 08:45:00.075646"
11266,"04a600b9b0b8","2025-10-27 08:44:17","jJ11Ls2nWFbPKLV8AGJz","{""bme688"": [{""temp"": 22.09787, ""step"": 8, ""status"": 1, ""pres"": 967.8586, ""meas_profile"": ""HP-8"", ""meas_id"": 8, ""hum"": 37.76454, ""gas_res"": 5684.846}, {""temp"": 22.05955, ""step"": 8, ""status"": 1, ""pres"": 968.0884, ""meas_profile"": ""HP-7"", ""meas_id"": 7, ""hum"": 37.6648, ""gas_res"": 5684.846}, {""temp"": 22.14667, ""step"": 8, ""status"": 1, ""pres"": 968.1808, ""meas_profile"": ""HP-6"", ""meas_id"": 6, ""hum"": 37.5246, ""gas_res"": 5684.846}, {""temp"": 22.03495, ""step"": 8, ""status"": 1, ""pres"": 967.9172, ""meas_profile"": ""HP-5"", ""meas_id"": 5, ""hum"": 37.75459, ""gas_res"": 6332.872}, {""temp"": 21.83616, ""step"": 8, ""status"": 1, ""pres"": 968.067, ""meas_profile"": ""HP-4"", ""meas_id"": 4, ""hum"": 37.17497, ""gas_res"": 5911.694}, {""temp"": 22.00951, ""step"": 8, ""status"": 1, ""pres"": 967.7131, ""meas_profile"": ""HP-3"", ""meas_id"": 3, ""hum"": 37.69258, ""gas_res"": 5684.846}, {""temp"": 21.91857, ""step"": 8, ""status"": 1, ""pres"": 967.8152, ""meas_profile"": ""HP-2"", ""meas_id"": 2, ""hum"": 37.91676, ""gas_res"": 5684.846}, {""temp"": 21.69756, ""step"": 8, ""status"": 1, ""pres"": 967.903, ""meas_profile"": ""HP-1"", ""meas_id"": 1, ""hum"": 36.4924, ""gas_res"": 5684.846}]}",NULL,"2025-10-27 08:45:01.370669"
11267,"04a600b9b0b8","2025-10-27 08:44:17","jJ11Ls2nWFbPKLV8AGJz","{""bme688"": [{""temp"": 22.09756, ""step"": 7, ""status"": 1, ""pres"": 967.8582, ""meas_profile"": ""HP-8"", ""meas_id"": 8, ""hum"": 37.78204, ""gas_res"": 5684.846}, {""temp"": 22.05955, ""step"": 7, ""status"": 1, ""pres"": 968.0884, ""meas_profile"": ""HP-7"", ""meas_id"": 7, ""hum"": 37.68213, ""gas_res"": 5684.846}, {""temp"": 22.14636, ""step"": 7, ""status"": 1, ""pres"": 968.1803, ""meas_profile"": ""HP-6"", ""meas_id"": 6, ""hum"": 37.53629, ""gas_res"": 5684.846}, {""temp"": 22.03495, ""step"": 7, ""status"": 1, ""pres"": 967.9172, ""meas_profile"": ""HP-5"", ""meas_id"": 5, ""hum"": 37.74301, ""gas_res"": 6502.743}, {""temp"": 21.83585, ""step"": 7, ""status"": 1, ""pres"": 968.068, ""meas_profile"": ""HP-4"", ""meas_id"": 4, ""hum"": 37.18666, ""gas_res"": 5882.353}, {""temp"": 22.0092, ""step"": 7, ""status"": 1, ""pres"": 967.7126, ""meas_profile"": ""HP-3"", ""meas_id"": 3, ""hum"": 37.69255, ""gas_res"": 5684.846}, {""temp"": 21.91826, ""step"": 7, ""status"": 1, ""pres"": 967.8148, ""meas_profile"": ""HP-2"", ""meas_id"": 2, ""hum"": 37.92832, ""gas_res"": 5684.846}, {""temp"": 21.69756, ""step"": 7, ""status"": 1, ""pres"": 967.903, ""meas_profile"": ""HP-1"", ""meas_id"": 1, ""hum"": 36.51027, ""gas_res"": 5684.846}]}",NULL,"2025-10-27 08:45:02.812642"
11268,"04a600b9b0b8","2025-10-27 08:44:17","jJ11Ls2nWFbPKLV8AGJz","{""bme688"": [{""temp"": 22.09756, ""step"": 6, ""status"": 1, ""pres"": 967.8582, ""meas_profile"": ""HP-8"", ""meas_id"": 8, ""hum"": 37.77035, ""gas_res"": 5684.846}, {""temp"": 22.05924, ""step"": 6, ""status"": 1, ""pres"": 968.088, ""meas_profile"": ""HP-7"", ""meas_id"": 7, ""hum"": 37.69366, ""gas_res"": 5684.846}, {""temp"": 22.14667, ""step"": 6, ""status"": 1, ""pres"": 968.1808, ""meas_profile"": ""HP-6"", ""meas_id"": 6, ""hum"": 37.54803, ""gas_res"": 10515.94}, {""temp"": 22.03527, ""step"": 6, ""status"": 1, ""pres"": 967.9179, ""meas_profile"": ""HP-5"", ""meas_id"": 5, ""hum"": 37.74884, ""gas_res"": 35164.84}, {""temp"": 21.83616, ""step"": 6, ""status"": 1, ""pres"": 968.0687, ""meas_profile"": ""HP-4"", ""meas_id"": 4, ""hum"": 37.16911, ""gas_res"": 88673.37}, {""temp"": 22.0092, ""step"": 6, ""status"": 1, ""pres"": 967.7126, ""meas_profile"": ""HP-3"", ""meas_id"": 3, ""hum"": 37.68669, ""gas_res"": 23516.44}, {""temp"": 21.91857, ""step"": 6, ""status"": 1, ""pres"": 967.8169, ""meas_profile"": ""HP-2"", ""meas_id"": 2, ""hum"": 37.93995, ""gas_res"": 35486.55}, {""temp"": 21.69756, ""step"": 6, ""status"": 1, ""pres"": 967.903, ""meas_profile"": ""HP-1"", ""meas_id"": 1, ""hum"": 36.50431, ""gas_res"": 28880.87}]}",NULL,"2025-10-27 08:45:03.904856"
11269,"04a600b9b0b8","2025-10-27 08:44:17","jJ11Ls2nWFbPKLV8AGJz","{""bme688"": [{""temp"": 22.09725, ""step"": 5, ""status"": 1, ""pres"": 967.8577, ""meas_profile"": ""HP-8"", ""meas_id"": 8, ""hum"": 37.78786, ""gas_res"": 5684.846}, {""temp"": 22.05893, ""step"": 5, ""status"": 1, ""pres"": 968.0874, ""meas_profile"": ""HP-7"", ""meas_id"": 7, ""hum"": 37.68785, ""gas_res"": 5684.846}, {""temp"": 22.14698, ""step"": 5, ""status"": 1, ""pres"": 968.1813, ""meas_profile"": ""HP-6"", ""meas_id"": 6, ""hum"": 37.53634, ""gas_res"": 10059.73}, {""temp"": 22.03558, ""step"": 5, ""status"": 1, ""pres"": 967.9183, ""meas_profile"": ""HP-5"", ""meas_id"": 5, ""hum"": 37.75466, ""gas_res"": 33666.49}, {""temp"": 21.83616, ""step"": 5, ""status"": 1, ""pres"": 968.0687, ""meas_profile"": ""HP-4"", ""meas_id"": 4, ""hum"": 37.18669, ""gas_res"": 85049.84}, {""temp"": 22.00951, ""step"": 5, ""status"": 1, ""pres"": 967.7148, ""meas_profile"": ""HP-3"", ""meas_id"": 3, ""hum"": 37.67499, ""gas_res"": 25000.0}, {""temp"": 21.91857, ""step"": 5, ""status"": 1, ""pres"": 967.8169, ""meas_profile"": ""HP-2"", ""meas_id"": 2, ""hum"": 37.95154, ""gas_res"": 34015.41}, {""temp"": 21.69787, ""step"": 5, ""status"": 1, ""pres"": 967.9034, ""meas_profile"": ""HP-1"", ""meas_id"": 1, ""hum"": 36.50435, ""gas_res"": 26879.46}]}",NULL,"2025-10-27 08:45:05.19392"
11270,"04a600b9b0b8","2025-10-27 08:44:17","jJ11Ls2nWFbPKLV8AGJz","{""bme688"": [{""temp"": 22.09725, ""step"": 4, ""status"": 1, ""pres"": 967.8577, ""meas_profile"": ""HP-8"", ""meas_id"": 8, ""hum"": 37.77032, ""gas_res"": 5684.846}, {""temp"": 22.05893, ""step"": 4, ""status"": 1, ""pres"": 968.0891, ""meas_profile"": ""HP-7"", ""meas_id"": 7, ""hum"": 37.69363, ""gas_res"": 5684.846}, {""temp"": 22.14698, ""step"": 4, ""status"": 1, ""pres"": 968.1813, ""meas_profile"": ""HP-6"", ""meas_id"": 6, ""hum"": 37.54221, ""gas_res"": 9818.963}, {""temp"": 22.03589, ""step"": 4, ""status"": 1, ""pres"": 967.9189, ""meas_profile"": ""HP-5"", ""meas_id"": 5, ""hum"": 37.7489, ""gas_res"": 32290.62}, {""temp"": 21.83585, ""step"": 4, ""status"": 1, ""pres"": 968.068, ""meas_profile"": ""HP-4"", ""meas_id"": 4, ""hum"": 37.17494, ""gas_res"": 81089.64}, {""temp"": 22.00982, ""step"": 4, ""status"": 1, ""pres"": 967.7154, ""meas_profile"": ""HP-3"", ""meas_id"": 3, ""hum"": 37.67502, ""gas_res"": 25000.0}, {""temp"": 21.91888, ""step"": 4, ""status"": 1, ""pres"": 967.8176, ""meas_profile"": ""HP-2"", ""meas_id"": 2, ""hum"": 37.95157, ""gas_res"": 31809.14}, {""temp"": 21.69787, ""step"": 4, ""status"": 1, ""pres"": 967.9034, ""meas_profile"": ""HP-1"", ""meas_id"": 1, ""hum"": 36.51031, ""gas_res"": 24601.19}]}",NULL,"2025-10-27 08:45:06.475932"
11271,"04a600b9b0b8","2025-10-27 08:44:17","jJ11Ls2nWFbPKLV8AGJz","{""bme688"": [{""temp"": 22.09694, ""step"": 3, ""status"": 1, ""pres"": 967.8571, ""meas_profile"": ""HP-8"", ""meas_id"": 8, ""hum"": 37.82874, ""gas_res"": 5684.846}, {""temp"": 22.05862, ""step"": 3, ""status"": 1, ""pres"": 968.0886, ""meas_profile"": ""HP-7"", ""meas_id"": 7, ""hum"": 37.71671, ""gas_res"": 5684.846}, {""temp"": 22.14667, ""step"": 3, ""status"": 1, ""pres"": 968.1808, ""meas_profile"": ""HP-6"", ""meas_id"": 6, ""hum"": 37.57147, ""gas_res"": 5684.846}, {""temp"": 22.03589, ""step"": 3, ""status"": 1, ""pres"": 967.9189, ""meas_profile"": ""HP-5"", ""meas_id"": 5, ""hum"": 37.77786, ""gas_res"": 16899.92}, {""temp"": 21.83585, ""step"": 3, ""status"": 1, ""pres"": 968.0696, ""meas_profile"": ""HP-4"", ""meas_id"": 4, ""hum"": 37.20424, ""gas_res"": 25837.71}, {""temp"": 22.00982, ""step"": 3, ""status"": 1, ""pres"": 967.7154, ""meas_profile"": ""HP-3"", ""meas_id"": 3, ""hum"": 37.71606, ""gas_res"": 14904.52}, {""temp"": 21.91888, ""step"": 3, ""status"": 1, ""pres"": 967.8193, ""meas_profile"": ""HP-2"", ""meas_id"": 2, ""hum"": 37.96317, ""gas_res"": 23542.39}, {""temp"": 21.69756, ""step"": 3, ""status"": 1, ""pres"": 967.9048, ""meas_profile"": ""HP-1"", ""meas_id"": 1, ""hum"": 36.5341, ""gas_res"": 16293.28}]}",NULL,"2025-10-27 08:45:07.94038"
11272,"04a600b9b0b8","2025-10-27 08:44:17","jJ11Ls2nWFbPKLV8AGJz","{""bme688"": [{""temp"": 22.09664, ""step"": 2, ""status"": 1, ""pres"": 967.8566, ""meas_profile"": ""HP-8"", ""meas_id"": 8, ""hum"": 37.81117, ""gas_res"": 5684.846}, {""temp"": 22.05862, ""step"": 2, ""status"": 1, ""pres"": 968.0886, ""meas_profile"": ""HP-7"", ""meas_id"": 7, ""hum"": 37.70515, ""gas_res"": 6090.598}, {""temp"": 22.14667, ""step"": 2, ""status"": 1, ""pres"": 968.1808, ""meas_profile"": ""HP-6"", ""meas_id"": 6, ""hum"": 37.56561, ""gas_res"": 20928.71}, {""temp"": 22.03589, ""step"": 2, ""status"": 1, ""pres"": 967.9189, ""meas_profile"": ""HP-5"", ""meas_id"": 5, ""hum"": 37.80683, ""gas_res"": 97393.95}, {""temp"": 21.83585, ""step"": 2, ""status"": 1, ""pres"": 968.0696, ""meas_profile"": ""HP-4"", ""meas_id"": 4, ""hum"": 37.2101, ""gas_res"": 218197.3}, {""temp"": 22.00982, ""step"": 2, ""status"": 1, ""pres"": 967.717, ""meas_profile"": ""HP-3"", ""meas_id"": 3, ""hum"": 37.72193, ""gas_res"": 85733.42}, {""temp"": 21.91888, ""step"": 2, ""status"": 1, ""pres"": 967.8193, ""meas_profile"": ""HP-2"", ""meas_id"": 2, ""hum"": 37.96897, ""gas_res"": 155528.5}, {""temp"": 21.69756, ""step"": 2, ""status"": 1, ""pres"": 967.9048, ""meas_profile"": ""HP-1"", ""meas_id"": 1, ""hum"": 36.52814, ""gas_res"": 125829.4}]}",NULL,"2025-10-27 08:45:09.025278"
11273,"04a600b9b0b8","2025-10-27 08:44:17","jJ11Ls2nWFbPKLV8AGJz","{""bme688"": [{""temp"": 22.09664, ""step"": 1, ""status"": 1, ""pres"": 967.8566, ""meas_profile"": ""HP-8"", ""meas_id"": 8, ""hum"": 37.82286, ""gas_res"": 5684.846}, {""temp"": 22.05862, ""step"": 1, ""status"": 1, ""pres"": 968.0886, ""meas_profile"": ""HP-7"", ""meas_id"": 7, ""hum"": 37.75717, ""gas_res"": 5684.846}, {""temp"": 22.14667, ""step"": 1, ""status"": 1, ""pres"": 968.1808, ""meas_profile"": ""HP-6"", ""meas_id"": 6, ""hum"": 37.57733, ""gas_res"": 6021.829}, {""temp"": 22.03621, ""step"": 1, ""status"": 1, ""pres"": 967.9193, ""meas_profile"": ""HP-5"", ""meas_id"": 5, ""hum"": 37.81844, ""gas_res"": 25000.0}, {""temp"": 21.83616, ""step"": 1, ""status"": 1, ""pres"": 968.072, ""meas_profile"": ""HP-4"", ""meas_id"": 4, ""hum"": 37.23357, ""gas_res"": 25000.0}, {""temp"": 22.00982, ""step"": 1, ""status"": 1, ""pres"": 967.717, ""meas_profile"": ""HP-3"", ""meas_id"": 3, ""hum"": 37.72779, ""gas_res"": 16456.67}, {""temp"": 21.91919, ""step"": 1, ""status"": 1, ""pres"": 967.8197, ""meas_profile"": ""HP-2"", ""meas_id"": 2, ""hum"": 37.9574, ""gas_res"": 25000.0}, {""temp"": 21.69756, ""step"": 1, ""status"": 1, ""pres"": 967.9048, ""meas_profile"": ""HP-1"", ""meas_id"": 1, ""hum"": 36.54601, ""gas_res"": 19838.81}]}",NULL,"2025-10-27 08:45:10.305494"
11274,"04a600b9b0b8","2025-10-27 08:44:17","jJ11Ls2nWFbPKLV8AGJz","{""bme688"": [{""temp"": 22.09633, ""step"": 0, ""status"": 1, ""pres"": 967.8544, ""meas_profile"": ""HP-8"", ""meas_id"": 8, ""hum"": 37.85791, ""gas_res"": 5684.846}, {""temp"": 22.05831, ""step"": 0, ""status"": 1, ""pres"": 968.0898, ""meas_profile"": ""HP-7"", ""meas_id"": 7, ""hum"": 37.73401, ""gas_res"": 5684.846}, {""temp"": 22.14636, ""step"": 0, ""status"": 1, ""pres"": 968.1786, ""meas_profile"": ""HP-6"", ""meas_id"": 6, ""hum"": 37.5773, ""gas_res"": 5684.846}, {""temp"": 22.03621, ""step"": 0, ""status"": 1, ""pres"": 967.9193, ""meas_profile"": ""HP-5"", ""meas_id"": 5, ""hum"": 37.80106, ""gas_res"": 6097.561}, {""temp"": 21.83616, ""step"": 0, ""status"": 1, ""pres"": 968.072, ""meas_profile"": ""HP-4"", ""meas_id"": 4, ""hum"": 37.21599, ""gas_res"": 7694.157}, {""temp"": 22.00951, ""step"": 0, ""status"": 1, ""pres"": 967.7165, ""meas_profile"": ""HP-3"", ""meas_id"": 3, ""hum"": 37.72776, ""gas_res"": 5684.846}, {""temp"": 21.91888, ""step"": 0, ""status"": 1, ""pres"": 967.8193, ""meas_profile"": ""HP-2"", ""meas_id"": 2, ""hum"": 37.98636, ""gas_res"": 5684.846}, {""temp"": 21.69725, ""step"": 0, ""status"": 1, ""pres"": 967.906, ""meas_profile"": ""HP-1"", ""meas_id"": 1, ""hum"": 36.54599, ""gas_res"": 5684.846}]}",NULL,"2025-10-27 08:45:11.603262"
11275,"04a600b9b0b8","2025-10-27 08:43:50","jJ11Ls2nWFbPKLV8AGJz","{""zphs01b"": {""voc"": 0, ""temp"": 19.3, ""pm2_5"": 0, ""pm1_0"": 0, ""pm10"": 324, ""o3"": 0.02, ""no2"": 10.0, ""hum"": 0, ""fmhd"": 0, ""co2"": 5000, ""co"": 0.0}, ""smell_b"": {}, ""sfa30"": {""temp"": 22.255, ""hum"": 37.92, ""fmhd"": 2.2}, ""sen5x"": {""voc"": 79.0, ""temp"": 22.07, ""pm4_0"": 4420.2, ""pm2_5"": 4420.2, ""pm1_0"": 4214.9, ""pm10"": 4420.2, ""nox"": 1.0, ""mass_c"": 4368.875, ""hum"": 43.56}, ""scd41"": {""temp"": 21.3283, ""hum"": 41.15969, ""co2"": 628}, ""power_source"": 0, ""mics6814"": {""red_res"": 0, ""no2_res"": 0, ""no2"": 0.17, ""nh3_res"": 0, ""nh3"": 0.73, ""co_res"": 0, ""co"": 44.0}}",NULL,"2025-10-27 08:45:12.85083"
11276,"04a600b9b0b8","2025-10-27 08:43:50","jJ11Ls2nWFbPKLV8AGJz","{""bme688"": [{""temp"": 22.09633, ""step"": 9, ""status"": 1, ""pres"": 967.8563, ""meas_profile"": ""HP-8"", ""meas_id"": 8, ""hum"": 37.78192, ""gas_res"": 5684.846}, {""temp"": 22.05831, ""step"": 9, ""status"": 1, ""pres"": 968.0898, ""meas_profile"": ""HP-7"", ""meas_id"": 7, ""hum"": 37.69356, ""gas_res"": 5684.846}, {""temp"": 22.14636, ""step"": 9, ""status"": 1, ""pres"": 968.1786, ""meas_profile"": ""HP-6"", ""meas_id"": 6, ""hum"": 37.52457, ""gas_res"": 5684.846}, {""temp"": 22.03652, ""step"": 9, ""status"": 1, ""pres"": 967.9199, ""meas_profile"": ""HP-5"", ""meas_id"": 5, ""hum"": 37.76633, ""gas_res"": 7142.857}, {""temp"": 21.83616, ""step"": 9, ""status"": 1, ""pres"": 968.072, ""meas_profile"": ""HP-4"", ""meas_id"": 4, ""hum"": 37.18669, ""gas_res"": 6611.57}, {""temp"": 22.00951, ""step"": 9, ""status"": 1, ""pres"": 967.7181, ""meas_profile"": ""HP-3"", ""meas_id"": 3, ""hum"": 37.69844, ""gas_res"": 5684.846}, {""temp"": 21.91857, ""step"": 9, ""status"": 1, ""pres"": 967.8201, ""meas_profile"": ""HP-2"", ""meas_id"": 2, ""hum"": 37.95734, ""gas_res"": 5684.846}, {""temp"": 21.69694, ""step"": 9, ""status"": 1, ""pres"": 967.9056, ""meas_profile"": ""HP-1"", ""meas_id"": 1, ""hum"": 36.50426, ""gas_res"": 5684.846}]}",NULL,"2025-10-27 08:45:14.181864"
11277,"04a600b9b0b8","2025-10-27 08:43:50","jJ11Ls2nWFbPKLV8AGJz","{""bme688"": [{""temp"": 22.09602, ""step"": 8, ""status"": 1, ""pres"": 967.8557, ""meas_profile"": ""HP-8"", ""meas_id"": 8, ""hum"": 37.78188, ""gas_res"": 5684.846}, {""temp"": 22.058, ""step"": 8, ""status"": 1, ""pres"": 968.0891, ""meas_profile"": ""HP-7"", ""meas_id"": 7, ""hum"": 37.6762, ""gas_res"": 5684.846}, {""temp"": 22.14605, ""step"": 8, ""status"": 1, ""pres"": 968.1782, ""meas_profile"": ""HP-6"", ""meas_id"": 6, ""hum"": 37.51868, ""gas_res"": 5684.846}, {""temp"": 22.03652, ""step"": 8, ""status"": 1, ""pres"": 967.9199, ""meas_profile"": ""HP-5"", ""meas_id"": 5, ""hum"": 37.75475, ""gas_res"": 6783.973}, {""temp"": 21.83616, ""step"": 8, ""status"": 1, ""pres"": 968.072, ""meas_profile"": ""HP-4"", ""meas_id"": 4, ""hum"": 37.18669, ""gas_res"": 6498.781}, {""temp"": 22.0089, ""step"": 8, ""status"": 1, ""pres"": 967.7172, ""meas_profile"": ""HP-3"", ""meas_id"": 3, ""hum"": 37.67493, ""gas_res"": 5684.846}, {""temp"": 21.91826, ""step"": 8, ""status"": 1, ""pres"": 967.8198, ""meas_profile"": ""HP-2"", ""meas_id"": 2, ""hum"": 37.93412, ""gas_res"": 5684.846}, {""temp"": 21.69663, ""step"": 8, ""status"": 1, ""pres"": 967.9052, ""meas_profile"": ""HP-1"", ""meas_id"": 1, ""hum"": 36.52209, ""gas_res"": 5684.846}]}",NULL,"2025-10-27 08:45:15.438757"
11278,"04a600b9b0b8","2025-10-27 08:43:50","jJ11Ls2nWFbPKLV8AGJz","{""bme688"": [{""temp"": 22.09602, ""step"": 7, ""status"": 1, ""pres"": 967.8539, ""meas_profile"": ""HP-8"", ""meas_id"": 8, ""hum"": 37.7702, ""gas_res"": 5684.846}, {""temp"": 22.05769, ""step"": 7, ""status"": 1, ""pres"": 968.0887, ""meas_profile"": ""HP-7"", ""meas_id"": 7, ""hum"": 37.68772, ""gas_res"": 5684.846}, {""temp"": 22.14574, ""step"": 7, ""status"": 1, ""pres"": 968.1794, ""meas_profile"": ""HP-6"", ""meas_id"": 6, ""hum"": 37.51865, ""gas_res"": 5684.846}, {""temp"": 22.03652, ""step"": 7, ""status"": 1, ""pres"": 967.9199, ""meas_profile"": ""HP-5"", ""meas_id"": 5, ""hum"": 37.75475, ""gas_res"": 6741.1}, {""temp"": 21.83616, ""step"": 7, ""status"": 1, ""pres"": 968.0737, ""meas_profile"": ""HP-4"", ""meas_id"": 4, ""hum"": 37.18669, ""gas_res"": 6262.231}, {""temp"": 22.0089, ""step"": 7, ""status"": 1, ""pres"": 967.7189, ""meas_profile"": ""HP-3"", ""meas_id"": 3, ""hum"": 37.68666, ""gas_res"": 5684.846}, {""temp"": 21.91795, ""step"": 7, ""status"": 1, ""pres"": 967.8209, ""meas_profile"": ""HP-2"", ""meas_id"": 2, ""hum"": 37.93988, ""gas_res"": 5684.846}, {""temp"": 21.69632, ""step"": 7, ""status"": 1, ""pres"": 967.9048, ""meas_profile"": ""HP-1"", ""meas_id"": 1, ""hum"": 36.51611, ""gas_res"": 5684.846}]}",NULL,"2025-10-27 08:45:16.725741"
11279,"04a600b9b0b8","2025-10-27 08:43:50","jJ11Ls2nWFbPKLV8AGJz","{""bme688"": [{""temp"": 22.09571, ""step"": 6, ""status"": 1, ""pres"": 967.8535, ""meas_profile"": ""HP-8"", ""meas_id"": 8, ""hum"": 37.75848, ""gas_res"": 5684.846}, {""temp"": 22.05738, ""step"": 6, ""status"": 1, ""pres"": 968.0898, ""meas_profile"": ""HP-7"", ""meas_id"": 7, ""hum"": 37.67035, ""gas_res"": 5684.846}, {""temp"": 22.14574, ""step"": 6, ""status"": 1, ""pres"": 968.1794, ""meas_profile"": ""HP-6"", ""meas_id"": 6, ""hum"": 37.5245, ""gas_res"": 8024.072}, {""temp"": 22.03652, ""step"": 6, ""status"": 1, ""pres"": 967.9199, ""meas_profile"": ""HP-5"", ""meas_id"": 5, ""hum"": 37.75475, ""gas_res"": 25884.73}, {""temp"": 21.83616, ""step"": 6, ""status"": 1, ""pres"": 968.0737, ""meas_profile"": ""HP-4"", ""meas_id"": 4, ""hum"": 37.18669, ""gas_res"": 37252.62}, {""temp"": 22.0089, ""step"": 6, ""status"": 1, ""pres"": 967.7189, ""meas_profile"": ""HP-3"", ""meas_id"": 3, ""hum"": 37.6808, ""gas_res"": 25000.0}, {""temp"": 21.91764, ""step"": 6, ""status"": 1, ""pres"": 967.8205, ""meas_profile"": ""HP-2"", ""meas_id"": 2, ""hum"": 37.95724, ""gas_res"": 23712.49}, {""temp"": 21.69663, ""step"": 6, ""status"": 1, ""pres"": 967.907, ""meas_profile"": ""HP-1"", ""meas_id"": 1, ""hum"": 36.49827, ""gas_res"": 25000.0}]}",NULL,"2025-10-27 08:45:18.188085"
11280,"04a600b9b0b8","2025-10-27 08:43:50","jJ11Ls2nWFbPKLV8AGJz","{""bme688"": [{""temp"": 22.0954, ""step"": 5, ""status"": 1, ""pres"": 967.853, ""meas_profile"": ""HP-8"", ""meas_id"": 8, ""hum"": 37.78182, ""gas_res"": 5684.846}, {""temp"": 22.05706, ""step"": 5, ""status"": 1, ""pres"": 968.0893, ""meas_profile"": ""HP-7"", ""meas_id"": 7, ""hum"": 37.66455, ""gas_res"": 5684.846}, {""temp"": 22.14574, ""step"": 5, ""status"": 1, ""pres"": 968.1794, ""meas_profile"": ""HP-6"", ""meas_id"": 6, ""hum"": 37.51865, ""gas_res"": 7688.611}, {""temp"": 22.03652, ""step"": 5, ""status"": 1, ""pres"": 967.9199, ""meas_profile"": ""HP-5"", ""meas_id"": 5, ""hum"": 37.74317, ""gas_res"": 24474.19}, {""temp"": 21.83647, ""step"": 5, ""status"": 1, ""pres"": 968.0758, ""meas_profile"": ""HP-4"", ""meas_id"": 4, ""hum"": 37.18672, ""gas_res"": 34763.71}, {""temp"": 22.0089, ""step"": 5, ""status"": 1, ""pres"": 967.7205, ""meas_profile"": ""HP-3"", ""meas_id"": 3, ""hum"": 37.67493, ""gas_res"": 21454.91}, {""temp"": 21.91795, ""step"": 5, ""status"": 1, ""pres"": 967.8209, ""meas_profile"": ""HP-2"", ""meas_id"": 2, ""hum"": 37.94568, ""gas_res"": 25000.0}, {""temp"": 21.69663, ""step"": 5, ""status"": 1, ""pres"": 967.907, ""meas_profile"": ""HP-1"", ""meas_id"": 1, ""hum"": 36.51018, ""gas_res"": 25000.0}]}",NULL,"2025-10-27 08:45:19.917036"
11281,"04a600b9b0b8","2025-10-27 08:43:50","jJ11Ls2nWFbPKLV8AGJz","{""bme688"": [{""temp"": 22.09509, ""step"": 4, ""status"": 1, ""pres"": 967.8525, ""meas_profile"": ""HP-8"", ""meas_id"": 8, ""hum"": 37.77011, ""gas_res"": 5684.846}, {""temp"": 22.05706, ""step"": 4, ""status"": 1, ""pres"": 968.091, ""meas_profile"": ""HP-7"", ""meas_id"": 7, ""hum"": 37.68188, ""gas_res"": 5684.846}, {""temp"": 22.14574, ""step"": 4, ""status"": 1, ""pres"": 968.1812, ""meas_profile"": ""HP-6"", ""meas_id"": 6, ""hum"": 37.53036, ""gas_res"": 7334.403}, {""temp"": 22.03652, ""step"": 4, ""status"": 1, ""pres"": 967.9199, ""meas_profile"": ""HP-5"", ""meas_id"": 5, ""hum"": 37.73159, ""gas_res"": 25000.0}, {""temp"": 21.83678, ""step"": 4, ""status"": 1, ""pres"": 968.0762, ""meas_profile"": ""HP-4"", ""meas_id"": 4, ""hum"": 37.16917, ""gas_res"": 33015.22}, {""temp"": 22.0089, ""step"": 4, ""status"": 1, ""pres"": 967.7205, ""meas_profile"": ""HP-3"", ""meas_id"": 3, ""hum"": 37.69252, ""gas_res"": 19441.07}, {""temp"": 21.91795, ""step"": 4, ""status"": 1, ""pres"": 967.8226, ""meas_profile"": ""HP-2"", ""meas_id"": 2, ""hum"": 37.95728, ""gas_res"": 25000.0}, {""temp"": 21.69694, ""step"": 4, ""status"": 1, ""pres"": 967.9074, ""meas_profile"": ""HP-1"", ""meas_id"": 1, ""hum"": 36.51021, ""gas_res"": 22711.14}]}",NULL,"2025-10-27 08:45:21.18473"
11282,"04a600b9b0b8","2025-10-27 08:43:50","jJ11Ls2nWFbPKLV8AGJz","{""bme688"": [{""temp"": 22.09478, ""step"": 3, ""status"": 1, ""pres"": 967.8521, ""meas_profile"": ""HP-8"", ""meas_id"": 8, ""hum"": 37.78761, ""gas_res"": 5684.846}, {""temp"": 22.05645, ""step"": 3, ""status"": 1, ""pres"": 968.0901, ""meas_profile"": ""HP-7"", ""meas_id"": 7, ""hum"": 37.68182, ""gas_res"": 5684.846}, {""temp"": 22.14544, ""step"": 3, ""status"": 1, ""pres"": 968.1806, ""meas_profile"": ""HP-6"", ""meas_id"": 6, ""hum"": 37.55377, ""gas_res"": 6015.038}, {""temp"": 22.03652, ""step"": 3, ""status"": 1, ""pres"": 967.9199, ""meas_profile"": ""HP-5"", ""meas_id"": 5, ""hum"": 37.76633, ""gas_res"": 16846.54}, {""temp"": 21.83647, ""step"": 3, ""status"": 1, ""pres"": 968.0775, ""meas_profile"": ""HP-4"", ""meas_id"": 4, ""hum"": 37.2043, ""gas_res"": 33195.02}, {""temp"": 22.00859, ""step"": 3, ""status"": 1, ""pres"": 967.7201, ""meas_profile"": ""HP-3"", ""meas_id"": 3, ""hum"": 37.71008, ""gas_res"": 15212.74}, {""temp"": 21.91795, ""step"": 3, ""status"": 1, ""pres"": 967.8226, ""meas_profile"": ""HP-2"", ""meas_id"": 2, ""hum"": 37.94568, ""gas_res"": 25256.51}, {""temp"": 21.69694, ""step"": 3, ""status"": 1, ""pres"": 967.9092, ""meas_profile"": ""HP-1"", ""meas_id"": 1, ""hum"": 36.52808, ""gas_res"": 19335.35}]}",NULL,"2025-10-27 08:45:22.481506"
11283,"04a600b9b0b8","2025-10-27 08:43:50","jJ11Ls2nWFbPKLV8AGJz","{""bme688"": [{""temp"": 22.09447, ""step"": 2, ""status"": 1, ""pres"": 967.8516, ""meas_profile"": ""HP-8"", ""meas_id"": 8, ""hum"": 37.81096, ""gas_res"": 5684.846}, {""temp"": 22.05645, ""step"": 2, ""status"": 1, ""pres"": 968.0917, ""meas_profile"": ""HP-7"", ""meas_id"": 7, ""hum"": 37.69915, ""gas_res"": 5684.846}, {""temp"": 22.14544, ""step"": 2, ""status"": 1, ""pres"": 968.1806, ""meas_profile"": ""HP-6"", ""meas_id"": 6, ""hum"": 37.53619, ""gas_res"": 16318.21}, {""temp"": 22.03652, ""step"": 2, ""status"": 1, ""pres"": 967.9199, ""meas_profile"": ""HP-5"", ""meas_id"": 5, ""hum"": 37.77792, ""gas_res"": 72665.34}, {""temp"": 21.83647, ""step"": 2, ""status"": 1, ""pres"": 968.0775, ""meas_profile"": ""HP-4"", ""meas_id"": 4, ""hum"": 37.2043, ""gas_res"": 138154.3}, {""temp"": 22.00859, ""step"": 2, ""status"": 1, ""pres"": 967.7218, ""meas_profile"": ""HP-3"", ""meas_id"": 3, ""hum"": 37.69835, ""gas_res"": 52502.05}, {""temp"": 21.91764, ""step"": 2, ""status"": 1, ""pres"": 967.8222, ""meas_profile"": ""HP-2"", ""meas_id"": 2, ""hum"": 37.97464, ""gas_res"": 90459.37}, {""temp"": 21.69663, ""step"": 2, ""status"": 1, ""pres"": 967.9088, ""meas_profile"": ""HP-1"", ""meas_id"": 1, ""hum"": 36.53997, ""gas_res"": 71628.43}]}",NULL,"2025-10-27 08:45:23.837603"
11284,"04a600b9b0b8","2025-10-27 08:43:50","jJ11Ls2nWFbPKLV8AGJz","{""bme688"": [{""temp"": 22.09447, ""step"": 1, ""status"": 1, ""pres"": 967.8516, ""meas_profile"": ""HP-8"", ""meas_id"": 8, ""hum"": 37.82265, ""gas_res"": 5684.846}, {""temp"": 22.05613, ""step"": 1, ""status"": 1, ""pres"": 968.0912, ""meas_profile"": ""HP-7"", ""meas_id"": 7, ""hum"": 37.71068, ""gas_res"": 5684.846}, {""temp"": 22.14544, ""step"": 1, ""status"": 1, ""pres"": 968.1806, ""meas_profile"": ""HP-6"", ""meas_id"": 6, ""hum"": 37.54205, ""gas_res"": 5684.846}, {""temp"": 22.03652, ""step"": 1, ""status"": 1, ""pres"": 967.9199, ""meas_profile"": ""HP-5"", ""meas_id"": 5, ""hum"": 37.77213, ""gas_res"": 17311.33}, {""temp"": 21.83678, ""step"": 1, ""status"": 1, ""pres"": 968.0779, ""meas_profile"": ""HP-4"", ""meas_id"": 4, ""hum"": 37.20433, ""gas_res"": 23005.03}, {""temp"": 22.00859, ""step"": 1, ""status"": 1, ""pres"": 967.7218, ""meas_profile"": ""HP-3"", ""meas_id"": 3, ""hum"": 37.72181, ""gas_res"": 7531.184}, {""temp"": 21.91795, ""step"": 1, ""status"": 1, ""pres"": 967.8242, ""meas_profile"": ""HP-2"", ""meas_id"": 2, ""hum"": 37.93408, ""gas_res"": 10847.46}, {""temp"": 21.69694, ""step"": 1, ""status"": 1, ""pres"": 967.911, ""meas_profile"": ""HP-1"", ""meas_id"": 1, ""hum"": 36.51617, ""gas_res"": 8097.166}]}",NULL,"2025-10-27 08:45:25.033185"
11285,"04a600b9b0b8","2025-10-27 08:43:50","jJ11Ls2nWFbPKLV8AGJz","{""bme688"": [{""temp"": 22.09417, ""step"": 0, ""status"": 1, ""pres"": 967.8511, ""meas_profile"": ""HP-8"", ""meas_id"": 8, ""hum"": 37.81093, ""gas_res"": 5684.846}, {""temp"": 22.05582, ""step"": 0, ""status"": 1, ""pres"": 968.0908, ""meas_profile"": ""HP-7"", ""meas_id"": 7, ""hum"": 37.72221, ""gas_res"": 5684.846}, {""temp"": 22.14513, ""step"": 0, ""status"": 1, ""pres"": 968.1802, ""meas_profile"": ""HP-6"", ""meas_id"": 6, ""hum"": 37.5596, ""gas_res"": 5684.846}, {""temp"": 22.03652, ""step"": 0, ""status"": 1, ""pres"": 967.9199, ""meas_profile"": ""HP-5"", ""meas_id"": 5, ""hum"": 37.81268, ""gas_res"": 6562.756}, {""temp"": 21.83678, ""step"": 0, ""status"": 1, ""pres"": 968.0779, ""meas_profile"": ""HP-4"", ""meas_id"": 4, ""hum"": 37.22778, ""gas_res"": 5898.618}, {""temp"": 22.00828, ""step"": 0, ""status"": 1, ""pres"": 967.7214, ""meas_profile"": ""HP-3"", ""meas_id"": 3, ""hum"": 37.71591, ""gas_res"": 5684.846}, {""temp"": 21.91764, ""step"": 0, ""status"": 1, ""pres"": 967.8239, ""meas_profile"": ""HP-2"", ""meas_id"": 2, ""hum"": 37.96304, ""gas_res"": 5684.846}, {""temp"": 21.69663, ""step"": 0, ""status"": 1, ""pres"": 967.9106, ""meas_profile"": ""HP-1"", ""meas_id"": 1, ""hum"": 36.54593, ""gas_res"": 5684.846}]}",NULL,"2025-10-27 08:45:26.306112"
11286,"04a600b9b0b8","2025-10-27 08:45:50","jJ11Ls2nWFbPKLV8AGJz","{""zphs01b"": {""voc"": 0, ""temp"": 19.5, ""pm2_5"": 0, ""pm1_0"": 0, ""pm10"": 325, ""o3"": 0.02, ""no2"": 10.0, ""hum"": 0, ""fmhd"": 0, ""co2"": 5000, ""co"": 0.0}, ""smell_b"": {}, ""sfa30"": {""temp"": 22.265, ""hum"": 37.91, ""fmhd"": 3.6}, ""sen5x"": {""voc"": 93.0, ""temp"": 22.0, ""pm4_0"": 4244.9, ""pm2_5"": 4244.9, ""pm1_0"": 4047.8, ""pm10"": 4244.9, ""nox"": 1.0, ""mass_c"": 4195.625, ""hum"": 43.94}, ""scd41"": {""temp"": 21.60334, ""hum"": 40.89571, ""co2"": 626}, ""power_source"": 0, ""mics6814"": {""red_res"": 0, ""no2_res"": 0, ""no2"": 0.17, ""nh3_res"": 0, ""nh3"": 0.73, ""co_res"": 0, ""co"": 44.0}}",NULL,"2025-10-27 08:46:30.597503"
11287,"04a600b9b0b8","2025-10-27 08:45:50","jJ11Ls2nWFbPKLV8AGJz","{""bme688"": [{""temp"": 22.10281, ""step"": 9, ""status"": 1, ""pres"": 967.8645, ""meas_profile"": ""HP-8"", ""meas_id"": 8, ""hum"": 37.85857, ""gas_res"": 5684.846}, {""temp"": 22.0639, ""step"": 9, ""status"": 1, ""pres"": 968.0821, ""meas_profile"": ""HP-7"", ""meas_id"": 7, ""hum"": 37.72879, ""gas_res"": 5684.846}, {""temp"": 22.15007, ""step"": 9, ""status"": 1, ""pres"": 968.1794, ""meas_profile"": ""HP-6"", ""meas_id"": 6, ""hum"": 37.60697, ""gas_res"": 5684.846}, {""temp"": 22.03308, ""step"": 9, ""status"": 1, ""pres"": 967.9041, ""meas_profile"": ""HP-5"", ""meas_id"": 5, ""hum"": 37.82972, ""gas_res"": 8215.661}, {""temp"": 21.83616, ""step"": 9, ""status"": 1, ""pres"": 968.0536, ""meas_profile"": ""HP-4"", ""meas_id"": 4, ""hum"": 37.23357, ""gas_res"": 7225.107}, {""temp"": 22.01199, ""step"": 9, ""status"": 1, ""pres"": 967.7004, ""meas_profile"": ""HP-3"", ""meas_id"": 3, ""hum"": 37.73388, ""gas_res"": 5684.846}, {""temp"": 21.92106, ""step"": 9, ""status"": 1, ""pres"": 967.804, ""meas_profile"": ""HP-2"", ""meas_id"": 2, ""hum"": 37.9402, ""gas_res"": 7547.17}, {""temp"": 21.70067, ""step"": 9, ""status"": 1, ""pres"": 967.8934, ""meas_profile"": ""HP-1"", ""meas_id"": 1, ""hum"": 36.58207, ""gas_res"": 5684.846}]}",NULL,"2025-10-27 08:46:32.235833"
11288,"04a600b9b0b8","2025-10-27 08:45:50","jJ11Ls2nWFbPKLV8AGJz","{""bme688"": [{""temp"": 22.10281, ""step"": 8, ""status"": 1, ""pres"": 967.8645, ""meas_profile"": ""HP-8"", ""meas_id"": 8, ""hum"": 37.83517, ""gas_res"": 5684.846}, {""temp"": 22.0639, ""step"": 8, ""status"": 1, ""pres"": 968.0821, ""meas_profile"": ""HP-7"", ""meas_id"": 7, ""hum"": 37.74613, ""gas_res"": 5684.846}, {""temp"": 22.14945, ""step"": 8, ""status"": 1, ""pres"": 968.1785, ""meas_profile"": ""HP-6"", ""meas_id"": 6, ""hum"": 37.60105, ""gas_res"": 5684.846}, {""temp"": 22.03308, ""step"": 8, ""status"": 1, ""pres"": 967.9041, ""meas_profile"": ""HP-5"", ""meas_id"": 5, ""hum"": 37.83551, ""gas_res"": 7940.447}, {""temp"": 21.83616, ""step"": 8, ""status"": 1, ""pres"": 968.0536, ""meas_profile"": ""HP-4"", ""meas_id"": 4, ""hum"": 37.23357, ""gas_res"": 7504.69}, {""temp"": 22.01137, ""step"": 8, ""status"": 1, ""pres"": 967.6993, ""meas_profile"": ""HP-3"", ""meas_id"": 3, ""hum"": 37.74555, ""gas_res"": 5684.846}, {""temp"": 21.92075, ""step"": 8, ""status"": 1, ""pres"": 967.8036, ""meas_profile"": ""HP-2"", ""meas_id"": 2, ""hum"": 37.95176, ""gas_res"": 7473.144}, {""temp"": 21.70036, ""step"": 8, ""status"": 1, ""pres"": 967.8931, ""meas_profile"": ""HP-1"", ""meas_id"": 1, ""hum"": 36.588, ""gas_res"": 5684.846}]}",NULL,"2025-10-27 08:46:33.51857"
11289,"04a600b9b0b8","2025-10-27 08:45:50","jJ11Ls2nWFbPKLV8AGJz","{""bme688"": [{""temp"": 22.1025, ""step"": 7, ""status"": 1, ""pres"": 967.864, ""meas_profile"": ""HP-8"", ""meas_id"": 8, ""hum"": 37.80007, ""gas_res"": 5684.846}, {""temp"": 22.06359, ""step"": 7, ""status"": 1, ""pres"": 968.0834, ""meas_profile"": ""HP-7"", ""meas_id"": 7, ""hum"": 37.75188, ""gas_res"": 5684.846}, {""temp"": 22.14914, ""step"": 7, ""status"": 1, ""pres"": 968.1779, ""meas_profile"": ""HP-6"", ""meas_id"": 6, ""hum"": 37.59516, ""gas_res"": 5684.846}, {""temp"": 22.03339, ""step"": 7, ""status"": 1, ""pres"": 967.9063, ""meas_profile"": ""HP-5"", ""meas_id"": 5, ""hum"": 37.82975, ""gas_res"": 8279.431}, {""temp"": 21.83647, ""step"": 7, ""status"": 1, ""pres"": 968.0558, ""meas_profile"": ""HP-4"", ""meas_id"": 4, ""hum"": 37.22188, ""gas_res"": 7573.964}, {""temp"": 22.01106, ""step"": 7, ""status"": 1, ""pres"": 967.6989, ""meas_profile"": ""HP-3"", ""meas_id"": 3, ""hum"": 37.73965, ""gas_res"": 5684.846}, {""temp"": 21.92075, ""step"": 7, ""status"": 1, ""pres"": 967.8052, ""meas_profile"": ""HP-2"", ""meas_id"": 2, ""hum"": 37.96336, ""gas_res"": 6970.159}, {""temp"": 21.70005, ""step"": 7, ""status"": 1, ""pres"": 967.8942, ""meas_profile"": ""HP-1"", ""meas_id"": 1, ""hum"": 36.57009, ""gas_res"": 5684.846}]}",NULL,"2025-10-27 08:46:34.984298"
11290,"04a600b9b0b8","2025-10-27 08:45:50","jJ11Ls2nWFbPKLV8AGJz","{""bme688"": [{""temp"": 22.1022, ""step"": 6, ""status"": 1, ""pres"": 967.8636, ""meas_profile"": ""HP-8"", ""meas_id"": 8, ""hum"": 37.83512, ""gas_res"": 5684.846}, {""temp"": 22.06328, ""step"": 6, ""status"": 1, ""pres"": 968.0828, ""meas_profile"": ""HP-7"", ""meas_id"": 7, ""hum"": 37.7403, ""gas_res"": 5684.846}, {""temp"": 22.14914, ""step"": 6, ""status"": 1, ""pres"": 968.1779, ""meas_profile"": ""HP-6"", ""meas_id"": 6, ""hum"": 37.60688, ""gas_res"": 15322.0}, {""temp"": 22.0337, ""step"": 6, ""status"": 1, ""pres"": 967.9068, ""meas_profile"": ""HP-5"", ""meas_id"": 5, ""hum"": 37.80661, ""gas_res"": 43214.04}, {""temp"": 21.83647, ""step"": 6, ""status"": 1, ""pres"": 968.0558, ""meas_profile"": ""HP-4"", ""meas_id"": 4, ""hum"": 37.21016, ""gas_res"": 100000.0}, {""temp"": 22.01137, ""step"": 6, ""status"": 1, ""pres"": 967.7009, ""meas_profile"": ""HP-3"", ""meas_id"": 3, ""hum"": 37.72795, ""gas_res"": 30103.48}, {""temp"": 21.92075, ""step"": 6, ""status"": 1, ""pres"": 967.8052, ""meas_profile"": ""HP-2"", ""meas_id"": 2, ""hum"": 37.95756, ""gas_res"": 46309.7}, {""temp"": 21.70036, ""step"": 6, ""status"": 1, ""pres"": 967.8948, ""meas_profile"": ""HP-1"", ""meas_id"": 1, ""hum"": 36.56416, ""gas_res"": 37350.45}]}",NULL,"2025-10-27 08:46:36.704104"
11291,"04a600b9b0b8","2025-10-27 08:45:50","jJ11Ls2nWFbPKLV8AGJz","{""bme688"": [{""temp"": 22.10189, ""step"": 5, ""status"": 1, ""pres"": 967.8631, ""meas_profile"": ""HP-8"", ""meas_id"": 8, ""hum"": 37.82924, ""gas_res"": 5684.846}, {""temp"": 22.06297, ""step"": 5, ""status"": 1, ""pres"": 968.0823, ""meas_profile"": ""HP-7"", ""meas_id"": 7, ""hum"": 37.72871, ""gas_res"": 5684.846}, {""temp"": 22.14914, ""step"": 5, ""status"": 1, ""pres"": 968.1796, ""meas_profile"": ""HP-6"", ""meas_id"": 6, ""hum"": 37.56586, ""gas_res"": 14760.15}, {""temp"": 22.03402, ""step"": 5, ""status"": 1, ""pres"": 967.9089, ""meas_profile"": ""HP-5"", ""meas_id"": 5, ""hum"": 37.80085, ""gas_res"": 41775.46}, {""temp"": 21.83678, ""step"": 5, ""status"": 1, ""pres"": 968.0563, ""meas_profile"": ""HP-4"", ""meas_id"": 4, ""hum"": 37.21019, ""gas_res"": 100000.0}, {""temp"": 22.01137, ""step"": 5, ""status"": 1, ""pres"": 967.7026, ""meas_profile"": ""HP-3"", ""meas_id"": 3, ""hum"": 37.72209, ""gas_res"": 28628.94}, {""temp"": 21.92075, ""step"": 5, ""status"": 1, ""pres"": 967.8069, ""meas_profile"": ""HP-2"", ""meas_id"": 2, ""hum"": 37.94017, ""gas_res"": 43656.21}, {""temp"": 21.70036, ""step"": 5, ""status"": 1, ""pres"": 967.8967, ""meas_profile"": ""HP-1"", ""meas_id"": 1, ""hum"": 36.55225, ""gas_res"": 35049.29}]}",NULL,"2025-10-27 08:46:37.984844"
11292,"04a600b9b0b8","2025-10-27 08:45:50","jJ11Ls2nWFbPKLV8AGJz","{""bme688"": [{""temp"": 22.10189, ""step"": 4, ""status"": 1, ""pres"": 967.8631, ""meas_profile"": ""HP-8"", ""meas_id"": 8, ""hum"": 37.8117, ""gas_res"": 5684.846}, {""temp"": 22.06297, ""step"": 4, ""status"": 1, ""pres"": 968.084, ""meas_profile"": ""HP-7"", ""meas_id"": 7, ""hum"": 37.71137, ""gas_res"": 5684.846}, {""temp"": 22.14914, ""step"": 4, ""status"": 1, ""pres"": 968.1796, ""meas_profile"": ""HP-6"", ""meas_id"": 6, ""hum"": 37.5893, ""gas_res"": 14162.43}, {""temp"": 22.03433, ""step"": 4, ""status"": 1, ""pres"": 967.9094, ""meas_profile"": ""HP-5"", ""meas_id"": 5, ""hum"": 37.81247, ""gas_res"": 40314.96}, {""temp"": 21.83678, ""step"": 4, ""status"": 1, ""pres"": 968.0563, ""meas_profile"": ""HP-4"", ""meas_id"": 4, ""hum"": 37.21019, ""gas_res"": 100000.0}, {""temp"": 22.01137, ""step"": 4, ""status"": 1, ""pres"": 967.7026, ""meas_profile"": ""HP-3"", ""meas_id"": 3, ""hum"": 37.72795, ""gas_res"": 27292.11}, {""temp"": 21.92075, ""step"": 4, ""status"": 1, ""pres"": 967.8069, ""meas_profile"": ""HP-2"", ""meas_id"": 2, ""hum"": 37.96336, ""gas_res"": 41734.59}, {""temp"": 21.70036, ""step"": 4, ""status"": 1, ""pres"": 967.8967, ""meas_profile"": ""HP-1"", ""meas_id"": 1, ""hum"": 36.5582, ""gas_res"": 32837.35}]}",NULL,"2025-10-27 08:46:39.265701"
11293,"04a600b9b0b8","2025-10-27 08:45:50","jJ11Ls2nWFbPKLV8AGJz","{""bme688"": [{""temp"": 22.10158, ""step"": 3, ""status"": 0, ""pres"": 967.8644, ""meas_profile"": ""HP-8"", ""meas_id"": 8, ""hum"": 37.83505, ""gas_res"": 5684.846}, {""temp"": 22.06266, ""step"": 3, ""status"": 0, ""pres"": 968.0833, ""meas_profile"": ""HP-7"", ""meas_id"": 7, ""hum"": 37.73446, ""gas_res"": 5684.846}, {""temp"": 22.14883, ""step"": 3, ""status"": 0, ""pres"": 968.1792, ""meas_profile"": ""HP-6"", ""meas_id"": 6, ""hum"": 37.5834, ""gas_res"": 6207.565}, {""temp"": 22.03402, ""step"": 3, ""status"": 0, ""pres"": 967.9089, ""meas_profile"": ""HP-5"", ""meas_id"": 5, ""hum"": 37.81244, ""gas_res"": 18642.59}, {""temp"": 21.83678, ""step"": 3, ""status"": 0, ""pres"": 968.0579, ""meas_profile"": ""HP-4"", ""meas_id"": 4, ""hum"": 37.22191, ""gas_res"": 27467.81}, {""temp"": 22.01137, ""step"": 3, ""status"": 0, ""pres"": 967.7026, ""meas_profile"": ""HP-3"", ""meas_id"": 3, ""hum"": 37.73969, ""gas_res"": 15869.08}, {""temp"": 21.92044, ""step"": 3, ""status"": 0, ""pres"": 967.808, ""meas_profile"": ""HP-2"", ""meas_id"": 2, ""hum"": 37.95173, ""gas_res"": 26267.19}, {""temp"": 21.70036, ""step"": 3, ""status"": 0, ""pres"": 967.8984, ""meas_profile"": ""HP-1"", ""meas_id"": 1, ""hum"": 36.57608, ""gas_res"": 16740.78}]}",NULL,"2025-10-27 08:46:40.642521"
11294,"04a600b9b0b8","2025-10-27 08:45:50","jJ11Ls2nWFbPKLV8AGJz","{""bme688"": [{""temp"": 22.10127, ""step"": 2, ""status"": 1, ""pres"": 967.864, ""meas_profile"": ""HP-8"", ""meas_id"": 8, ""hum"": 37.82917, ""gas_res"": 5684.846}, {""temp"": 22.06266, ""step"": 2, ""status"": 1, ""pres"": 968.0851, ""meas_profile"": ""HP-7"", ""meas_id"": 7, ""hum"": 37.72868, ""gas_res"": 6648.66}, {""temp"": 22.14883, ""step"": 2, ""status"": 1, ""pres"": 968.1792, ""meas_profile"": ""HP-6"", ""meas_id"": 6, ""hum"": 37.60685, ""gas_res"": 22401.12}, {""temp"": 22.03402, ""step"": 2, ""status"": 1, ""pres"": 967.9106, ""meas_profile"": ""HP-5"", ""meas_id"": 5, ""hum"": 37.81244, ""gas_res"": 98746.38}, {""temp"": 21.83678, ""step"": 2, ""status"": 1, ""pres"": 968.0595, ""meas_profile"": ""HP-4"", ""meas_id"": 4, ""hum"": 37.22778, ""gas_res"": 221597.1}, {""temp"": 22.01137, ""step"": 2, ""status"": 1, ""pres"": 967.7043, ""meas_profile"": ""HP-3"", ""meas_id"": 3, ""hum"": 37.73382, ""gas_res"": 92318.79}, {""temp"": 21.92044, ""step"": 2, ""status"": 1, ""pres"": 967.808, ""meas_profile"": ""HP-2"", ""meas_id"": 2, ""hum"": 37.95753, ""gas_res"": 166775.3}, {""temp"": 21.70005, ""step"": 2, ""status"": 1, ""pres"": 967.8976, ""meas_profile"": ""HP-1"", ""meas_id"": 1, ""hum"": 36.55818, ""gas_res"": 133507.2}]}",NULL,"2025-10-27 08:46:41.834565"
11295,"04a600b9b0b8","2025-10-27 08:45:50","jJ11Ls2nWFbPKLV8AGJz","{""bme688"": [{""temp"": 22.10096, ""step"": 1, ""status"": 1, ""pres"": 967.8635, ""meas_profile"": ""HP-8"", ""meas_id"": 8, ""hum"": 37.83499, ""gas_res"": 5684.846}, {""temp"": 22.06266, ""step"": 1, ""status"": 1, ""pres"": 968.0851, ""meas_profile"": ""HP-7"", ""meas_id"": 7, ""hum"": 37.73446, ""gas_res"": 5684.846}, {""temp"": 22.14883, ""step"": 1, ""status"": 1, ""pres"": 968.1792, ""meas_profile"": ""HP-6"", ""meas_id"": 6, ""hum"": 37.5834, ""gas_res"": 5988.024}, {""temp"": 22.03433, ""step"": 1, ""status"": 1, ""pres"": 967.9112, ""meas_profile"": ""HP-5"", ""meas_id"": 5, ""hum"": 37.81826, ""gas_res"": 25000.0}, {""temp"": 21.83678, ""step"": 1, ""status"": 1, ""pres"": 968.0595, ""meas_profile"": ""HP-4"", ""meas_id"": 4, ""hum"": 37.23363, ""gas_res"": 25000.0}, {""temp"": 22.01137, ""step"": 1, ""status"": 1, ""pres"": 967.7061, ""meas_profile"": ""HP-3"", ""meas_id"": 3, ""hum"": 37.74555, ""gas_res"": 22377.62}, {""temp"": 21.92044, ""step"": 1, ""status"": 1, ""pres"": 967.8097, ""meas_profile"": ""HP-2"", ""meas_id"": 2, ""hum"": 37.95753, ""gas_res"": 25000.0}, {""temp"": 21.70036, ""step"": 1, ""status"": 1, ""pres"": 967.9001, ""meas_profile"": ""HP-1"", ""meas_id"": 1, ""hum"": 36.56416, ""gas_res"": 25000.0}]}",NULL,"2025-10-27 08:46:43.116636"
11296,"04a600b9b0b8","2025-10-27 08:45:50","jJ11Ls2nWFbPKLV8AGJz","{""bme688"": [{""temp"": 22.10065, ""step"": 0, ""status"": 1, ""pres"": 967.8629, ""meas_profile"": ""HP-8"", ""meas_id"": 8, ""hum"": 37.81742, ""gas_res"": 5684.846}, {""temp"": 22.06234, ""step"": 0, ""status"": 1, ""pres"": 968.0863, ""meas_profile"": ""HP-7"", ""meas_id"": 7, ""hum"": 37.7402, ""gas_res"": 5684.846}, {""temp"": 22.14852, ""step"": 0, ""status"": 1, ""pres"": 968.1805, ""meas_profile"": ""HP-6"", ""meas_id"": 6, ""hum"": 37.5951, ""gas_res"": 5684.846}, {""temp"": 22.03464, ""step"": 0, ""status"": 1, ""pres"": 967.9117, ""meas_profile"": ""HP-5"", ""meas_id"": 5, ""hum"": 37.81829, ""gas_res"": 7633.588}, {""temp"": 21.83709, ""step"": 0, ""status"": 1, ""pres"": 968.0601, ""meas_profile"": ""HP-4"", ""meas_id"": 4, ""hum"": 37.22195, ""gas_res"": 7053.119}, {""temp"": 22.01106, ""step"": 0, ""status"": 1, ""pres"": 967.7057, ""meas_profile"": ""HP-3"", ""meas_id"": 3, ""hum"": 37.72792, ""gas_res"": 5684.846}, {""temp"": 21.92044, ""step"": 0, ""status"": 1, ""pres"": 967.8097, ""meas_profile"": ""HP-2"", ""meas_id"": 2, ""hum"": 37.95753, ""gas_res"": 6719.866}, {""temp"": 21.70005, ""step"": 0, ""status"": 1, ""pres"": 967.8995, ""meas_profile"": ""HP-1"", ""meas_id"": 1, ""hum"": 36.55222, ""gas_res"": 5684.846}]}",NULL,"2025-10-27 08:46:44.390055"
11297,"04a600b9b0b8","2025-10-27 08:45:23","jJ11Ls2nWFbPKLV8AGJz","{""zphs01b"": {""voc"": 0, ""temp"": 19.5, ""pm2_5"": 0, ""pm1_0"": 0, ""pm10"": 328, ""o3"": 0.02, ""no2"": 10.0, ""hum"": 0, ""fmhd"": 0, ""co2"": 5000, ""co"": 0.0}, ""smell_b"": {}, ""sfa30"": {""temp"": 22.26, ""hum"": 37.87, ""fmhd"": 3.2}, ""sen5x"": {""voc"": 96.0, ""temp"": 22.015, ""pm4_0"": 4410.9, ""pm2_5"": 4410.9, ""pm1_0"": 4206.0, ""pm10"": 4410.9, ""nox"": 1.0, ""mass_c"": 4359.675, ""hum"": 43.77}, ""scd41"": {""temp"": 21.51789, ""hum"": 40.97658, ""co2"": 628}, ""power_source"": 0, ""mics6814"": {""red_res"": 0, ""no2_res"": 0, ""no2"": 0.17, ""nh3_res"": 0, ""nh3"": 0.73, ""co_res"": 0, ""co"": 44.0}}",NULL,"2025-10-27 08:46:45.647375"
11298,"04a600b9b0b8","2025-10-27 08:45:23","jJ11Ls2nWFbPKLV8AGJz","{""bme688"": [{""temp"": 22.10065, ""step"": 9, ""status"": 1, ""pres"": 967.8629, ""meas_profile"": ""HP-8"", ""meas_id"": 8, ""hum"": 37.75897, ""gas_res"": 5684.846}, {""temp"": 22.06203, ""step"": 9, ""status"": 1, ""pres"": 968.0857, ""meas_profile"": ""HP-7"", ""meas_id"": 7, ""hum"": 37.65926, ""gas_res"": 5684.846}, {""temp"": 22.14821, ""step"": 9, ""status"": 1, ""pres"": 968.1799, ""meas_profile"": ""HP-6"", ""meas_id"": 6, ""hum"": 37.50718, ""gas_res"": 5684.846}, {""temp"": 22.03464, ""step"": 9, ""status"": 1, ""pres"": 967.9117, ""meas_profile"": ""HP-5"", ""meas_id"": 5, ""hum"": 37.7314, ""gas_res"": 6965.607}, {""temp"": 21.83709, ""step"": 9, ""status"": 1, ""pres"": 968.0617, ""meas_profile"": ""HP-4"", ""meas_id"": 4, ""hum"": 37.15163, ""gas_res"": 6168.08}, {""temp"": 22.01075, ""step"": 9, ""status"": 1, ""pres"": 967.7068, ""meas_profile"": ""HP-3"", ""meas_id"": 3, ""hum"": 37.65754, ""gas_res"": 5684.846}, {""temp"": 21.92013, ""step"": 9, ""status"": 1, ""pres"": 967.811, ""meas_profile"": ""HP-2"", ""meas_id"": 2, ""hum"": 37.88794, ""gas_res"": 6073.259}, {""temp"": 21.69974, ""step"": 9, ""status"": 1, ""pres"": 967.9009, ""meas_profile"": ""HP-1"", ""meas_id"": 1, ""hum"": 36.51644, ""gas_res"": 5684.846}]}",NULL,"2025-10-27 08:46:46.942687"
11299,"04a600b9b0b8","2025-10-27 08:45:23","jJ11Ls2nWFbPKLV8AGJz","{""bme688"": [{""temp"": 22.10034, ""step"": 8, ""status"": 1, ""pres"": 967.8624, ""meas_profile"": ""HP-8"", ""meas_id"": 8, ""hum"": 37.7531, ""gas_res"": 5684.846}, {""temp"": 22.06203, ""step"": 8, ""status"": 1, ""pres"": 968.0857, ""meas_profile"": ""HP-7"", ""meas_id"": 7, ""hum"": 37.65349, ""gas_res"": 5684.846}, {""temp"": 22.1479, ""step"": 8, ""status"": 1, ""pres"": 968.1794, ""meas_profile"": ""HP-6"", ""meas_id"": 6, ""hum"": 37.51301, ""gas_res"": 5684.846}, {""temp"": 22.03464, ""step"": 8, ""status"": 1, ""pres"": 967.9117, ""meas_profile"": ""HP-5"", ""meas_id"": 5, ""hum"": 37.72561, ""gas_res"": 6827.395}, {""temp"": 21.83678, ""step"": 8, ""status"": 1, ""pres"": 968.0612, ""meas_profile"": ""HP-4"", ""meas_id"": 4, ""hum"": 37.1516, ""gas_res"": 6340.4}, {""temp"": 22.01044, ""step"": 8, ""status"": 1, ""pres"": 967.7079, ""meas_profile"": ""HP-3"", ""meas_id"": 3, ""hum"": 37.66337, ""gas_res"": 5684.846}, {""temp"": 21.92013, ""step"": 8, ""status"": 1, ""pres"": 967.811, ""meas_profile"": ""HP-2"", ""meas_id"": 2, ""hum"": 37.89373, ""gas_res"": 5918.254}, {""temp"": 21.69912, ""step"": 8, ""status"": 1, ""pres"": 967.9, ""meas_profile"": ""HP-1"", ""meas_id"": 1, ""hum"": 36.49255, ""gas_res"": 5684.846}]}",NULL,"2025-10-27 08:46:48.225142"
11300,"04a600b9b0b8","2025-10-27 08:45:23","jJ11Ls2nWFbPKLV8AGJz","{""bme688"": [{""temp"": 22.10003, ""step"": 7, ""status"": 1, ""pres"": 967.8621, ""meas_profile"": ""HP-8"", ""meas_id"": 8, ""hum"": 37.75891, ""gas_res"": 5684.846}, {""temp"": 22.06172, ""step"": 7, ""status"": 1, ""pres"": 968.087, ""meas_profile"": ""HP-7"", ""meas_id"": 7, ""hum"": 37.64191, ""gas_res"": 5684.846}, {""temp"": 22.14729, ""step"": 7, ""status"": 1, ""pres"": 968.1785, ""meas_profile"": ""HP-6"", ""meas_id"": 6, ""hum"": 37.50123, ""gas_res"": 5684.846}, {""temp"": 22.03464, ""step"": 7, ""status"": 1, ""pres"": 967.9135, ""meas_profile"": ""HP-5"", ""meas_id"": 5, ""hum"": 37.71982, ""gas_res"": 6938.421}, {""temp"": 21.83647, ""step"": 7, ""status"": 1, ""pres"": 968.0625, ""meas_profile"": ""HP-4"", ""meas_id"": 4, ""hum"": 37.14571, ""gas_res"": 6225.681}, {""temp"": 22.01013, ""step"": 7, ""status"": 1, ""pres"": 967.7074, ""meas_profile"": ""HP-3"", ""meas_id"": 3, ""hum"": 37.64574, ""gas_res"": 5684.846}, {""temp"": 21.9195, ""step"": 7, ""status"": 1, ""pres"": 967.8116, ""meas_profile"": ""HP-2"", ""meas_id"": 2, ""hum"": 37.88787, ""gas_res"": 5684.846}, {""temp"": 21.69881, ""step"": 7, ""status"": 1, ""pres"": 967.8995, ""meas_profile"": ""HP-1"", ""meas_id"": 1, ""hum"": 36.48656, ""gas_res"": 5684.846}]}",NULL,"2025-10-27 08:46:49.505014"
11301,"04a600b9b0b8","2025-10-27 08:45:23","jJ11Ls2nWFbPKLV8AGJz","{""bme688"": [{""temp"": 22.09973, ""step"": 6, ""status"": 1, ""pres"": 967.8614, ""meas_profile"": ""HP-8"", ""meas_id"": 8, ""hum"": 37.75888, ""gas_res"": 5684.846}, {""temp"": 22.06141, ""step"": 6, ""status"": 1, ""pres"": 968.0865, ""meas_profile"": ""HP-7"", ""meas_id"": 7, ""hum"": 37.64765, ""gas_res"": 5684.846}, {""temp"": 22.14759, ""step"": 6, ""status"": 1, ""pres"": 968.1806, ""meas_profile"": ""HP-6"", ""meas_id"": 6, ""hum"": 37.49541, ""gas_res"": 10716.68}, {""temp"": 22.03464, ""step"": 6, ""status"": 1, ""pres"": 967.9135, ""meas_profile"": ""HP-5"", ""meas_id"": 5, ""hum"": 37.71403, ""gas_res"": 34792.06}, {""temp"": 21.83647, ""step"": 6, ""status"": 1, ""pres"": 968.0625, ""meas_profile"": ""HP-4"", ""meas_id"": 4, ""hum"": 37.15742, ""gas_res"": 82341.59}, {""temp"": 22.01013, ""step"": 6, ""status"": 1, ""pres"": 967.709, ""meas_profile"": ""HP-3"", ""meas_id"": 3, ""hum"": 37.65161, ""gas_res"": 25000.0}, {""temp"": 21.9195, ""step"": 6, ""status"": 1, ""pres"": 967.8116, ""meas_profile"": ""HP-2"", ""meas_id"": 2, ""hum"": 37.90525, ""gas_res"": 33402.92}, {""temp"": 21.69881, ""step"": 6, ""status"": 1, ""pres"": 967.9013, ""meas_profile"": ""HP-1"", ""meas_id"": 1, ""hum"": 36.4687, ""gas_res"": 27015.62}]}",NULL,"2025-10-27 08:46:50.894309"
11302,"04a600b9b0b8","2025-10-27 08:45:23","jJ11Ls2nWFbPKLV8AGJz","{""bme688"": [{""temp"": 22.09941, ""step"": 5, ""status"": 1, ""pres"": 967.861, ""meas_profile"": ""HP-8"", ""meas_id"": 8, ""hum"": 37.74132, ""gas_res"": 5684.846}, {""temp"": 22.0611, ""step"": 5, ""status"": 1, ""pres"": 968.0859, ""meas_profile"": ""HP-7"", ""meas_id"": 7, ""hum"": 37.63607, ""gas_res"": 5684.846}, {""temp"": 22.14759, ""step"": 5, ""status"": 1, ""pres"": 968.1806, ""meas_profile"": ""HP-6"", ""meas_id"": 6, ""hum"": 37.50127, ""gas_res"": 10362.69}, {""temp"": 22.03495, ""step"": 5, ""status"": 1, ""pres"": 967.9138, ""meas_profile"": ""HP-5"", ""meas_id"": 5, ""hum"": 37.73143, ""gas_res"": 33693.08}, {""temp"": 21.83616, ""step"": 5, ""status"": 1, ""pres"": 968.0636, ""meas_profile"": ""HP-4"", ""meas_id"": 4, ""hum"": 37.15154, ""gas_res"": 79577.24}, {""temp"": 22.01044, ""step"": 5, ""status"": 1, ""pres"": 967.7096, ""meas_profile"": ""HP-3"", ""meas_id"": 3, ""hum"": 37.65751, ""gas_res"": 25000.0}, {""temp"": 21.91981, ""step"": 5, ""status"": 1, ""pres"": 967.8138, ""meas_profile"": ""HP-2"", ""meas_id"": 2, ""hum"": 37.88211, ""gas_res"": 31527.09}, {""temp"": 21.69881, ""step"": 5, ""status"": 1, ""pres"": 967.9013, ""meas_profile"": ""HP-1"", ""meas_id"": 1, ""hum"": 36.48656, ""gas_res"": 24961.0}]}",NULL,"2025-10-27 08:46:52.082256"
11303,"04a600b9b0b8","2025-10-27 08:45:23","jJ11Ls2nWFbPKLV8AGJz","{""bme688"": [{""temp"": 22.09911, ""step"": 4, ""status"": 1, ""pres"": 967.8605, ""meas_profile"": ""HP-8"", ""meas_id"": 8, ""hum"": 37.75882, ""gas_res"": 5684.846}, {""temp"": 22.06079, ""step"": 4, ""status"": 1, ""pres"": 968.0871, ""meas_profile"": ""HP-7"", ""meas_id"": 7, ""hum"": 37.65337, ""gas_res"": 5684.846}, {""temp"": 22.1479, ""step"": 4, ""status"": 1, ""pres"": 968.1812, ""meas_profile"": ""HP-6"", ""meas_id"": 6, ""hum"": 37.51301, ""gas_res"": 10253.12}, {""temp"": 22.03495, ""step"": 4, ""status"": 1, ""pres"": 967.9138, ""meas_profile"": ""HP-5"", ""meas_id"": 5, ""hum"": 37.74301, ""gas_res"": 32561.69}, {""temp"": 21.83647, ""step"": 4, ""status"": 1, ""pres"": 968.0642, ""meas_profile"": ""HP-4"", ""meas_id"": 4, ""hum"": 37.15742, ""gas_res"": 46664.23}, {""temp"": 22.01044, ""step"": 4, ""status"": 1, ""pres"": 967.7113, ""meas_profile"": ""HP-3"", ""meas_id"": 3, ""hum"": 37.67509, ""gas_res"": 25000.0}, {""temp"": 21.91981, ""step"": 4, ""status"": 1, ""pres"": 967.8138, ""meas_profile"": ""HP-2"", ""meas_id"": 2, ""hum"": 37.89949, ""gas_res"": 29934.52}, {""temp"": 21.69881, ""step"": 4, ""status"": 1, ""pres"": 967.9013, ""meas_profile"": ""HP-1"", ""meas_id"": 1, ""hum"": 36.49252, ""gas_res"": 25000.0}]}",NULL,"2025-10-27 08:46:53.350204"
11304,"04a600b9b0b8","2025-10-27 08:45:23","jJ11Ls2nWFbPKLV8AGJz","{""bme688"": [{""temp"": 22.09849, ""step"": 3, ""status"": 1, ""pres"": 967.8596, ""meas_profile"": ""HP-8"", ""meas_id"": 8, ""hum"": 37.77044, ""gas_res"": 5684.846}, {""temp"": 22.06048, ""step"": 3, ""status"": 0, ""pres"": 968.0865, ""meas_profile"": ""HP-7"", ""meas_id"": 7, ""hum"": 37.64756, ""gas_res"": 5684.846}, {""temp"": 22.14729, ""step"": 3, ""status"": 0, ""pres"": 968.1802, ""meas_profile"": ""HP-6"", ""meas_id"": 6, ""hum"": 37.51881, ""gas_res"": 5684.846}, {""temp"": 22.03464, ""step"": 3, ""status"": 0, ""pres"": 967.9151, ""meas_profile"": ""HP-5"", ""meas_id"": 5, ""hum"": 37.72561, ""gas_res"": 15763.55}, {""temp"": 21.83616, ""step"": 3, ""status"": 0, ""pres"": 968.0654, ""meas_profile"": ""HP-4"", ""meas_id"": 4, ""hum"": 37.15739, ""gas_res"": 21805.79}, {""temp"": 22.01013, ""step"": 3, ""status"": 0, ""pres"": 967.7108, ""meas_profile"": ""HP-3"", ""meas_id"": 3, ""hum"": 37.67506, ""gas_res"": 12553.94}, {""temp"": 21.9195, ""step"": 3, ""status"": 0, ""pres"": 967.8134, ""meas_profile"": ""HP-2"", ""meas_id"": 2, ""hum"": 37.89946, ""gas_res"": 19178.9}, {""temp"": 21.6985, ""step"": 3, ""status"": 0, ""pres"": 967.9026, ""meas_profile"": ""HP-1"", ""meas_id"": 1, ""hum"": 36.49249, ""gas_res"": 13190.44}]}",NULL,"2025-10-27 08:46:54.634384"
11305,"04a600b9b0b8","2025-10-27 08:45:23","jJ11Ls2nWFbPKLV8AGJz","{""bme688"": [{""temp"": 22.09849, ""step"": 2, ""status"": 1, ""pres"": 967.8596, ""meas_profile"": ""HP-8"", ""meas_id"": 8, ""hum"": 37.74123, ""gas_res"": 5684.846}, {""temp"": 22.06048, ""step"": 2, ""status"": 1, ""pres"": 968.0882, ""meas_profile"": ""HP-7"", ""meas_id"": 7, ""hum"": 37.65911, ""gas_res"": 6514.658}, {""temp"": 22.14729, ""step"": 2, ""status"": 1, ""pres"": 968.1802, ""meas_profile"": ""HP-6"", ""meas_id"": 6, ""hum"": 37.51881, ""gas_res"": 20486.56}, {""temp"": 22.03464, ""step"": 2, ""status"": 1, ""pres"": 967.9151, ""meas_profile"": ""HP-5"", ""meas_id"": 5, ""hum"": 37.74299, ""gas_res"": 86340.64}, {""temp"": 21.83585, ""step"": 2, ""status"": 1, ""pres"": 968.0646, ""meas_profile"": ""HP-4"", ""meas_id"": 4, ""hum"": 37.16908, ""gas_res"": 167429.7}, {""temp"": 22.01013, ""step"": 2, ""status"": 1, ""pres"": 967.7124, ""meas_profile"": ""HP-3"", ""meas_id"": 3, ""hum"": 37.67506, ""gas_res"": 68139.48}, {""temp"": 21.91919, ""step"": 2, ""status"": 1, ""pres"": 967.8146, ""meas_profile"": ""HP-2"", ""meas_id"": 2, ""hum"": 37.91102, ""gas_res"": 118408.9}, {""temp"": 21.6985, ""step"": 2, ""status"": 1, ""pres"": 967.9026, ""meas_profile"": ""HP-1"", ""meas_id"": 1, ""hum"": 36.51632, ""gas_res"": 91723.4}]}",NULL,"2025-10-27 08:46:56.018689"
11306,"04a600b9b0b8","2025-10-27 08:45:23","jJ11Ls2nWFbPKLV8AGJz","{""bme688"": [{""temp"": 22.09818, ""step"": 1, ""status"": 1, ""pres"": 967.8591, ""meas_profile"": ""HP-8"", ""meas_id"": 8, ""hum"": 37.76457, ""gas_res"": 5684.846}, {""temp"": 22.06017, ""step"": 1, ""status"": 1, ""pres"": 968.0876, ""meas_profile"": ""HP-7"", ""meas_id"": 7, ""hum"": 37.64753, ""gas_res"": 5684.846}, {""temp"": 22.14729, ""step"": 1, ""status"": 1, ""pres"": 968.1802, ""meas_profile"": ""HP-6"", ""meas_id"": 6, ""hum"": 37.51295, ""gas_res"": 6652.807}, {""temp"": 22.03495, ""step"": 1, ""status"": 1, ""pres"": 967.9155, ""meas_profile"": ""HP-5"", ""meas_id"": 5, ""hum"": 37.7488, ""gas_res"": 25000.0}, {""temp"": 21.83616, ""step"": 1, ""status"": 1, ""pres"": 968.0654, ""meas_profile"": ""HP-4"", ""meas_id"": 4, ""hum"": 37.16911, ""gas_res"": 25000.0}, {""temp"": 22.01013, ""step"": 1, ""status"": 1, ""pres"": 967.7124, ""meas_profile"": ""HP-3"", ""meas_id"": 3, ""hum"": 37.67506, ""gas_res"": 11072.66}, {""temp"": 21.91919, ""step"": 1, ""status"": 1, ""pres"": 967.8146, ""meas_profile"": ""HP-2"", ""meas_id"": 2, ""hum"": 37.91682, ""gas_res"": 23255.81}, {""temp"": 21.6985, ""step"": 1, ""status"": 1, ""pres"": 967.9026, ""meas_profile"": ""HP-1"", ""meas_id"": 1, ""hum"": 36.51036, ""gas_res"": 17269.29}]}",NULL,"2025-10-27 08:46:57.195864"
11307,"04a600b9b0b8","2025-10-27 08:45:23","jJ11Ls2nWFbPKLV8AGJz","{""bme688"": [{""temp"": 22.09787, ""step"": 0, ""status"": 1, ""pres"": 967.8586, ""meas_profile"": ""HP-8"", ""meas_id"": 8, ""hum"": 37.77039, ""gas_res"": 5684.846}, {""temp"": 22.05986, ""step"": 0, ""status"": 1, ""pres"": 968.0873, ""meas_profile"": ""HP-7"", ""meas_id"": 7, ""hum"": 37.6475, ""gas_res"": 5684.846}, {""temp"": 22.14667, ""step"": 0, ""status"": 1, ""pres"": 968.1808, ""meas_profile"": ""HP-6"", ""meas_id"": 6, ""hum"": 37.51289, ""gas_res"": 5684.846}, {""temp"": 22.03495, ""step"": 0, ""status"": 1, ""pres"": 967.9155, ""meas_profile"": ""HP-5"", ""meas_id"": 5, ""hum"": 37.7488, ""gas_res"": 6732.59}, {""temp"": 21.83616, ""step"": 0, ""status"": 1, ""pres"": 968.067, ""meas_profile"": ""HP-4"", ""meas_id"": 4, ""hum"": 37.17497, ""gas_res"": 5991.387}, {""temp"": 22.00982, ""step"": 0, ""status"": 1, ""pres"": 967.712, ""meas_profile"": ""HP-3"", ""meas_id"": 3, ""hum"": 37.67502, ""gas_res"": 5684.846}, {""temp"": 21.91888, ""step"": 0, ""status"": 1, ""pres"": 967.8159, ""meas_profile"": ""HP-2"", ""meas_id"": 2, ""hum"": 37.91099, ""gas_res"": 5684.846}, {""temp"": 21.69818, ""step"": 0, ""status"": 1, ""pres"": 967.9022, ""meas_profile"": ""HP-1"", ""meas_id"": 1, ""hum"": 36.51629, ""gas_res"": 5684.846}]}",NULL,"2025-10-27 08:46:58.464071"
11308,"04a600b9b0b8","2025-10-27 08:47:22","jJ11Ls2nWFbPKLV8AGJz","{""zphs01b"": {""voc"": 0, ""temp"": 19.7, ""pm2_5"": 0, ""pm1_0"": 0, ""pm10"": 325, ""o3"": 0.02, ""no2"": 10.0, ""hum"": 0, ""fmhd"": 0, ""co2"": 5000, ""co"": 0.0}, ""smell_b"": {}, ""sfa30"": {""temp"": 22.285, ""hum"": 37.99, ""fmhd"": 4.6}, ""sen5x"": {""voc"": 99.0, ""temp"": 21.97, ""pm4_0"": 4274.5, ""pm2_5"": 4274.5, ""pm1_0"": 4076.0, ""pm10"": 4274.5, ""nox"": 1.0, ""mass_c"": 4224.875, ""hum"": 44.2}, ""scd41"": {""temp"": 21.76891, ""hum"": 40.67903, ""co2"": 629}, ""power_source"": 0, ""mics6814"": {""red_res"": 0, ""no2_res"": 0, ""no2"": 0.17, ""nh3_res"": 0, ""nh3"": 0.73, ""co_res"": 0, ""co"": 44.0}}",NULL,"2025-10-27 08:48:02.757544"
11309,"04a600b9b0b8","2025-10-27 08:47:22","jJ11Ls2nWFbPKLV8AGJz","{""bme688"": [{""temp"": 22.11115, ""step"": 9, ""status"": 1, ""pres"": 967.8688, ""meas_profile"": ""HP-8"", ""meas_id"": 8, ""hum"": 37.87695, ""gas_res"": 5684.846}, {""temp"": 22.07011, ""step"": 9, ""status"": 1, ""pres"": 968.0737, ""meas_profile"": ""HP-7"", ""meas_id"": 7, ""hum"": 37.75254, ""gas_res"": 5684.846}, {""temp"": 22.15593, ""step"": 9, ""status"": 1, ""pres"": 968.1768, ""meas_profile"": ""HP-6"", ""meas_id"": 6, ""hum"": 37.59584, ""gas_res"": 5684.846}, {""temp"": 22.03402, ""step"": 9, ""status"": 1, ""pres"": 967.8971, ""meas_profile"": ""HP-5"", ""meas_id"": 5, ""hum"": 37.82402, ""gas_res"": 9606.725}, {""temp"": 21.83833, ""step"": 9, ""status"": 1, ""pres"": 968.0388, ""meas_profile"": ""HP-4"", ""meas_id"": 4, ""hum"": 37.24551, ""gas_res"": 8627.662}, {""temp"": 22.0157, ""step"": 9, ""status"": 1, ""pres"": 967.6861, ""meas_profile"": ""HP-3"", ""meas_id"": 3, ""hum"": 37.74599, ""gas_res"": 6762.468}, {""temp"": 21.92509, ""step"": 9, ""status"": 1, ""pres"": 967.7904, ""meas_profile"": ""HP-2"", ""meas_id"": 2, ""hum"": 37.98119, ""gas_res"": 6451.613}, {""temp"": 21.70472, ""step"": 9, ""status"": 1, ""pres"": 967.8834, ""meas_profile"": ""HP-1"", ""meas_id"": 1, ""hum"": 36.61227, ""gas_res"": 5938.022}]}",NULL,"2025-10-27 08:48:04.391963"
11310,"04a600b9b0b8","2025-10-27 08:47:22","jJ11Ls2nWFbPKLV8AGJz","{""bme688"": [{""temp"": 22.11053, ""step"": 8, ""status"": 1, ""pres"": 967.8677, ""meas_profile"": ""HP-8"", ""meas_id"": 8, ""hum"": 37.87104, ""gas_res"": 5684.846}, {""temp"": 22.0698, ""step"": 8, ""status"": 1, ""pres"": 968.075, ""meas_profile"": ""HP-7"", ""meas_id"": 7, ""hum"": 37.74672, ""gas_res"": 5684.846}, {""temp"": 22.15532, ""step"": 8, ""status"": 1, ""pres"": 968.1757, ""meas_profile"": ""HP-6"", ""meas_id"": 6, ""hum"": 37.58405, ""gas_res"": 5684.846}, {""temp"": 22.0337, ""step"": 8, ""status"": 1, ""pres"": 967.8982, ""meas_profile"": ""HP-5"", ""meas_id"": 5, ""hum"": 37.82399, ""gas_res"": 9470.258}, {""temp"": 21.83802, ""step"": 8, ""status"": 1, ""pres"": 968.0401, ""meas_profile"": ""HP-4"", ""meas_id"": 4, ""hum"": 37.23962, ""gas_res"": 8805.724}, {""temp"": 22.0157, ""step"": 8, ""status"": 1, ""pres"": 967.6861, ""meas_profile"": ""HP-3"", ""meas_id"": 3, ""hum"": 37.74599, ""gas_res"": 6405.124}, {""temp"": 21.92478, ""step"": 8, ""status"": 1, ""pres"": 967.7916, ""meas_profile"": ""HP-2"", ""meas_id"": 2, ""hum"": 37.98116, ""gas_res"": 6506.71}, {""temp"": 21.70441, ""step"": 8, ""status"": 1, ""pres"": 967.8847, ""meas_profile"": ""HP-1"", ""meas_id"": 1, ""hum"": 36.61224, ""gas_res"": 6118.547}]}",NULL,"2025-10-27 08:48:05.683177"
11311,"04a600b9b0b8","2025-10-27 08:47:22","jJ11Ls2nWFbPKLV8AGJz","{""bme688"": [{""temp"": 22.11023, ""step"": 7, ""status"": 1, ""pres"": 967.8674, ""meas_profile"": ""HP-8"", ""meas_id"": 8, ""hum"": 37.85347, ""gas_res"": 5684.846}, {""temp"": 22.06918, ""step"": 7, ""status"": 1, ""pres"": 968.0739, ""meas_profile"": ""HP-7"", ""meas_id"": 7, ""hum"": 37.74667, ""gas_res"": 5684.846}, {""temp"": 22.1547, ""step"": 7, ""status"": 1, ""pres"": 968.1764, ""meas_profile"": ""HP-6"", ""meas_id"": 6, ""hum"": 37.60743, ""gas_res"": 5684.846}, {""temp"": 22.03402, ""step"": 7, ""status"": 1, ""pres"": 967.8988, ""meas_profile"": ""HP-5"", ""meas_id"": 5, ""hum"": 37.84141, ""gas_res"": 9589.451}, {""temp"": 21.83802, ""step"": 7, ""status"": 1, ""pres"": 968.0401, ""meas_profile"": ""HP-4"", ""meas_id"": 4, ""hum"": 37.2279, ""gas_res"": 8886.421}, {""temp"": 22.01539, ""step"": 7, ""status"": 1, ""pres"": 967.6873, ""meas_profile"": ""HP-3"", ""meas_id"": 3, ""hum"": 37.75768, ""gas_res"": 6042.296}, {""temp"": 21.92447, ""step"": 7, ""status"": 1, ""pres"": 967.7912, ""meas_profile"": ""HP-2"", ""meas_id"": 2, ""hum"": 37.99273, ""gas_res"": 6225.681}, {""temp"": 21.7041, ""step"": 7, ""status"": 1, ""pres"": 967.8842, ""meas_profile"": ""HP-1"", ""meas_id"": 1, ""hum"": 36.61816, ""gas_res"": 5856.515}]}",NULL,"2025-10-27 08:48:07.135457"
11312,"04a600b9b0b8","2025-10-27 08:47:22","jJ11Ls2nWFbPKLV8AGJz","{""bme688"": [{""temp"": 22.10961, ""step"": 6, ""status"": 1, ""pres"": 967.8681, ""meas_profile"": ""HP-8"", ""meas_id"": 8, ""hum"": 37.87094, ""gas_res"": 5684.846}, {""temp"": 22.06918, ""step"": 6, ""status"": 1, ""pres"": 968.0756, ""meas_profile"": ""HP-7"", ""meas_id"": 7, ""hum"": 37.74667, ""gas_res"": 6094.077}, {""temp"": 22.1547, ""step"": 6, ""status"": 1, ""pres"": 968.1764, ""meas_profile"": ""HP-6"", ""meas_id"": 6, ""hum"": 37.59571, ""gas_res"": 17669.79}, {""temp"": 22.0337, ""step"": 6, ""status"": 1, ""pres"": 967.8982, ""meas_profile"": ""HP-5"", ""meas_id"": 5, ""hum"": 37.83558, ""gas_res"": 76784.64}, {""temp"": 21.83771, ""step"": 6, ""status"": 1, ""pres"": 968.0412, ""meas_profile"": ""HP-4"", ""meas_id"": 4, ""hum"": 37.25132, ""gas_res"": 100727.9}, {""temp"": 22.01539, ""step"": 6, ""status"": 1, ""pres"": 967.6873, ""meas_profile"": ""HP-3"", ""meas_id"": 3, ""hum"": 37.75181, ""gas_res"": 34622.67}, {""temp"": 21.92416, ""step"": 6, ""status"": 1, ""pres"": 967.7922, ""meas_profile"": ""HP-2"", ""meas_id"": 2, ""hum"": 38.0043, ""gas_res"": 89887.64}, {""temp"": 21.7041, ""step"": 6, ""status"": 1, ""pres"": 967.8842, ""meas_profile"": ""HP-1"", ""meas_id"": 1, ""hum"": 36.61816, ""gas_res"": 43345.75}]}",NULL,"2025-10-27 08:48:08.864226"
11313,"04a600b9b0b8","2025-10-27 08:47:22","jJ11Ls2nWFbPKLV8AGJz","{""bme688"": [{""temp"": 22.1093, ""step"": 5, ""status"": 1, ""pres"": 967.8677, ""meas_profile"": ""HP-8"", ""meas_id"": 8, ""hum"": 37.86506, ""gas_res"": 5684.846}, {""temp"": 22.06887, ""step"": 5, ""status"": 1, ""pres"": 968.0769, ""meas_profile"": ""HP-7"", ""meas_id"": 7, ""hum"": 37.7582, ""gas_res"": 5898.618}, {""temp"": 22.15439, ""step"": 5, ""status"": 1, ""pres"": 968.176, ""meas_profile"": ""HP-6"", ""meas_id"": 6, ""hum"": 37.59568, ""gas_res"": 17089.45}, {""temp"": 22.03339, ""step"": 5, ""status"": 1, ""pres"": 967.8977, ""meas_profile"": ""HP-5"", ""meas_id"": 5, ""hum"": 37.85293, ""gas_res"": 74375.36}, {""temp"": 21.8374, ""step"": 5, ""status"": 1, ""pres"": 968.0407, ""meas_profile"": ""HP-4"", ""meas_id"": 4, ""hum"": 37.23956, ""gas_res"": 98461.54}, {""temp"": 22.01539, ""step"": 5, ""status"": 1, ""pres"": 967.6891, ""meas_profile"": ""HP-3"", ""meas_id"": 3, ""hum"": 37.73421, ""gas_res"": 33246.75}, {""temp"": 21.92416, ""step"": 5, ""status"": 1, ""pres"": 967.7941, ""meas_profile"": ""HP-2"", ""meas_id"": 2, ""hum"": 37.99269, ""gas_res"": 85561.5}, {""temp"": 21.7041, ""step"": 5, ""status"": 1, ""pres"": 967.886, ""meas_profile"": ""HP-1"", ""meas_id"": 1, ""hum"": 36.61816, ""gas_res"": 41250.4}]}",NULL,"2025-10-27 08:48:10.146221"
11314,"04a600b9b0b8","2025-10-27 08:47:22","jJ11Ls2nWFbPKLV8AGJz","{""bme688"": [{""temp"": 22.10899, ""step"": 4, ""status"": 1, ""pres"": 967.8672, ""meas_profile"": ""HP-8"", ""meas_id"": 8, ""hum"": 37.86504, ""gas_res"": 5684.846}, {""temp"": 22.06887, ""step"": 4, ""status"": 1, ""pres"": 968.0786, ""meas_profile"": ""HP-7"", ""meas_id"": 7, ""hum"": 37.76398, ""gas_res"": 5684.846}, {""temp"": 22.15408, ""step"": 4, ""status"": 1, ""pres"": 968.1772, ""meas_profile"": ""HP-6"", ""meas_id"": 6, ""hum"": 37.61909, ""gas_res"": 16418.68}, {""temp"": 22.03339, ""step"": 4, ""status"": 1, ""pres"": 967.8995, ""meas_profile"": ""HP-5"", ""meas_id"": 5, ""hum"": 37.85293, ""gas_res"": 46309.7}, {""temp"": 21.83709, ""step"": 4, ""status"": 1, ""pres"": 968.0417, ""meas_profile"": ""HP-4"", ""meas_id"": 4, ""hum"": 37.25126, ""gas_res"": 96078.06}, {""temp"": 22.01539, ""step"": 4, ""status"": 1, ""pres"": 967.6907, ""meas_profile"": ""HP-3"", ""meas_id"": 3, ""hum"": 37.76354, ""gas_res"": 31880.45}, {""temp"": 21.92385, ""step"": 4, ""status"": 1, ""pres"": 967.7933, ""meas_profile"": ""HP-2"", ""meas_id"": 2, ""hum"": 38.01007, ""gas_res"": 81867.6}, {""temp"": 21.7041, ""step"": 4, ""status"": 1, ""pres"": 967.886, ""meas_profile"": ""HP-1"", ""meas_id"": 1, ""hum"": 36.64797, ""gas_res"": 38670.7}]}",NULL,"2025-10-27 08:48:11.437129"
11315,"04a600b9b0b8","2025-10-27 08:47:22","jJ11Ls2nWFbPKLV8AGJz","{""bme688"": [{""temp"": 22.10837, ""step"": 3, ""status"": 0, ""pres"": 967.868, ""meas_profile"": ""HP-8"", ""meas_id"": 8, ""hum"": 37.87667, ""gas_res"": 5684.846}, {""temp"": 22.06824, ""step"": 3, ""status"": 0, ""pres"": 968.0774, ""meas_profile"": ""HP-7"", ""meas_id"": 7, ""hum"": 37.79282, ""gas_res"": 5684.846}, {""temp"": 22.15377, ""step"": 3, ""status"": 0, ""pres"": 968.1785, ""meas_profile"": ""HP-6"", ""meas_id"": 6, ""hum"": 37.63079, ""gas_res"": 6801.275}, {""temp"": 22.03308, ""step"": 3, ""status"": 0, ""pres"": 967.8992, ""meas_profile"": ""HP-5"", ""meas_id"": 5, ""hum"": 37.87608, ""gas_res"": 20100.5}, {""temp"": 21.83678, ""step"": 3, ""status"": 0, ""pres"": 968.0429, ""meas_profile"": ""HP-4"", ""meas_id"": 4, ""hum"": 37.26881, ""gas_res"": 29217.07}, {""temp"": 22.01508, ""step"": 3, ""status"": 0, ""pres"": 967.6919, ""meas_profile"": ""HP-3"", ""meas_id"": 3, ""hum"": 37.78111, ""gas_res"": 17640.57}, {""temp"": 21.92354, ""step"": 3, ""status"": 0, ""pres"": 967.7946, ""meas_profile"": ""HP-2"", ""meas_id"": 2, ""hum"": 38.00423, ""gas_res"": 28495.1}, {""temp"": 21.70378, ""step"": 3, ""status"": 0, ""pres"": 967.8873, ""meas_profile"": ""HP-1"", ""meas_id"": 1, ""hum"": 36.65391, ""gas_res"": 18353.89}]}",NULL,"2025-10-27 08:48:12.801126"
11316,"04a600b9b0b8","2025-10-27 08:47:22","jJ11Ls2nWFbPKLV8AGJz","{""bme688"": [{""temp"": 22.10775, ""step"": 2, ""status"": 1, ""pres"": 967.8669, ""meas_profile"": ""HP-8"", ""meas_id"": 8, ""hum"": 37.8883, ""gas_res"": 5684.846}, {""temp"": 22.06824, ""step"": 2, ""status"": 1, ""pres"": 968.0792, ""meas_profile"": ""HP-7"", ""meas_id"": 7, ""hum"": 37.76391, ""gas_res"": 6530.612}, {""temp"": 22.15377, ""step"": 2, ""status"": 1, ""pres"": 968.1785, ""meas_profile"": ""HP-6"", ""meas_id"": 6, ""hum"": 37.63665, ""gas_res"": 20645.16}, {""temp"": 22.03277, ""step"": 2, ""status"": 1, ""pres"": 967.9002, ""meas_profile"": ""HP-5"", ""meas_id"": 5, ""hum"": 37.87026, ""gas_res"": 82500.8}, {""temp"": 21.83647, ""step"": 2, ""status"": 1, ""pres"": 968.0425, ""meas_profile"": ""HP-4"", ""meas_id"": 4, ""hum"": 37.24533, ""gas_res"": 180154.8}, {""temp"": 22.01508, ""step"": 2, ""status"": 1, ""pres"": 967.6919, ""meas_profile"": ""HP-3"", ""meas_id"": 3, ""hum"": 37.78111, ""gas_res"": 80859.13}, {""temp"": 21.92323, ""step"": 2, ""status"": 1, ""pres"": 967.7958, ""meas_profile"": ""HP-2"", ""meas_id"": 2, ""hum"": 38.0158, ""gas_res"": 143136.7}, {""temp"": 21.70347, ""step"": 2, ""status"": 1, ""pres"": 967.8868, ""meas_profile"": ""HP-1"", ""meas_id"": 1, ""hum"": 36.65984, ""gas_res"": 113828.4}]}",NULL,"2025-10-27 08:48:13.990428"
11317,"04a600b9b0b8","2025-10-27 08:47:22","jJ11Ls2nWFbPKLV8AGJz","{""bme688"": [{""temp"": 22.10745, ""step"": 1, ""status"": 1, ""pres"": 967.8665, ""meas_profile"": ""HP-8"", ""meas_id"": 8, ""hum"": 37.88828, ""gas_res"": 5684.846}, {""temp"": 22.06793, ""step"": 1, ""status"": 1, ""pres"": 968.0787, ""meas_profile"": ""HP-7"", ""meas_id"": 7, ""hum"": 37.787, ""gas_res"": 5684.846}, {""temp"": 22.15346, ""step"": 1, ""status"": 1, ""pres"": 968.178, ""meas_profile"": ""HP-6"", ""meas_id"": 6, ""hum"": 37.6249, ""gas_res"": 7043.804}, {""temp"": 22.03277, ""step"": 1, ""status"": 1, ""pres"": 967.9002, ""meas_profile"": ""HP-5"", ""meas_id"": 5, ""hum"": 37.85867, ""gas_res"": 25000.0}, {""temp"": 21.83647, ""step"": 1, ""status"": 1, ""pres"": 968.0441, ""meas_profile"": ""HP-4"", ""meas_id"": 4, ""hum"": 37.27464, ""gas_res"": 24844.72}, {""temp"": 22.01508, ""step"": 1, ""status"": 1, ""pres"": 967.6936, ""meas_profile"": ""HP-3"", ""meas_id"": 3, ""hum"": 37.78111, ""gas_res"": 25000.0}, {""temp"": 21.92323, ""step"": 1, ""status"": 1, ""pres"": 967.7958, ""meas_profile"": ""HP-2"", ""meas_id"": 2, ""hum"": 38.00999, ""gas_res"": 25000.0}, {""temp"": 21.70378, ""step"": 1, ""status"": 1, ""pres"": 967.8892, ""meas_profile"": ""HP-1"", ""meas_id"": 1, ""hum"": 36.64794, ""gas_res"": 25000.0}]}",NULL,"2025-10-27 08:48:15.270217"
11318,"04a600b9b0b8","2025-10-27 08:47:22","jJ11Ls2nWFbPKLV8AGJz","{""bme688"": [{""temp"": 22.10714, ""step"": 0, ""status"": 1, ""pres"": 967.866, ""meas_profile"": ""HP-8"", ""meas_id"": 8, ""hum"": 37.88824, ""gas_res"": 5684.846}, {""temp"": 22.06731, ""step"": 0, ""status"": 1, ""pres"": 968.0793, ""meas_profile"": ""HP-7"", ""meas_id"": 7, ""hum"": 37.76382, ""gas_res"": 5684.846}, {""temp"": 22.15284, ""step"": 0, ""status"": 1, ""pres"": 968.1771, ""meas_profile"": ""HP-6"", ""meas_id"": 6, ""hum"": 37.63656, ""gas_res"": 5684.846}, {""temp"": 22.03277, ""step"": 0, ""status"": 1, ""pres"": 967.9002, ""meas_profile"": ""HP-5"", ""meas_id"": 5, ""hum"": 37.87026, ""gas_res"": 8961.075}, {""temp"": 21.83647, ""step"": 0, ""status"": 1, ""pres"": 968.0441, ""meas_profile"": ""HP-4"", ""meas_id"": 4, ""hum"": 37.2805, ""gas_res"": 8234.688}, {""temp"": 22.01477, ""step"": 0, ""status"": 1, ""pres"": 967.6931, ""meas_profile"": ""HP-3"", ""meas_id"": 3, ""hum"": 37.79281, ""gas_res"": 5971.263}, {""temp"": 21.92292, ""step"": 0, ""status"": 1, ""pres"": 967.7971, ""meas_profile"": ""HP-2"", ""meas_id"": 2, ""hum"": 37.99837, ""gas_res"": 6182.38}, {""temp"": 21.70347, ""step"": 0, ""status"": 1, ""pres"": 967.8887, ""meas_profile"": ""HP-1"", ""meas_id"": 1, ""hum"": 36.64791, ""gas_res"": 5684.846}]}",NULL,"2025-10-27 08:48:16.543992"
11319,"04a600b9b0b8","2025-10-27 08:46:55","jJ11Ls2nWFbPKLV8AGJz","{""zphs01b"": {""voc"": 0, ""temp"": 19.6, ""pm2_5"": 0, ""pm1_0"": 0, ""pm10"": 327, ""o3"": 0.02, ""no2"": 10.0, ""hum"": 0, ""fmhd"": 0, ""co2"": 5000, ""co"": 0.0}, ""smell_b"": {}, ""sfa30"": {""temp"": 22.275, ""hum"": 37.98, ""fmhd"": 4.2}, ""sen5x"": {""voc"": 97.0, ""temp"": 21.98, ""pm4_0"": 4324.1, ""pm2_5"": 4324.1, ""pm1_0"": 4123.3, ""pm10"": 4324.1, ""nox"": 1.0, ""mass_c"": 4273.9, ""hum"": 44.12}, ""scd41"": {""temp"": 21.70748, ""hum"": 40.78736, ""co2"": 627}, ""power_source"": 0, ""mics6814"": {""red_res"": 0, ""no2_res"": 0, ""no2"": 0.17, ""nh3_res"": 0, ""nh3"": 0.73, ""co_res"": 0, ""co"": 44.0}}",NULL,"2025-10-27 08:48:17.817246"
11320,"04a600b9b0b8","2025-10-27 08:46:55","jJ11Ls2nWFbPKLV8AGJz","{""bme688"": [{""temp"": 22.10683, ""step"": 9, ""status"": 1, ""pres"": 967.8655, ""meas_profile"": ""HP-8"", ""meas_id"": 8, ""hum"": 37.87651, ""gas_res"": 5684.846}, {""temp"": 22.06731, ""step"": 9, ""status"": 1, ""pres"": 968.0793, ""meas_profile"": ""HP-7"", ""meas_id"": 7, ""hum"": 37.76382, ""gas_res"": 5684.846}, {""temp"": 22.15253, ""step"": 9, ""status"": 1, ""pres"": 968.1781, ""meas_profile"": ""HP-6"", ""meas_id"": 6, ""hum"": 37.62481, ""gas_res"": 5684.846}, {""temp"": 22.03277, ""step"": 9, ""status"": 1, ""pres"": 967.9002, ""meas_profile"": ""HP-5"", ""meas_id"": 5, ""hum"": 37.83549, ""gas_res"": 8403.361}, {""temp"": 21.83647, ""step"": 9, ""status"": 1, ""pres"": 968.0441, ""meas_profile"": ""HP-4"", ""meas_id"": 4, ""hum"": 37.22774, ""gas_res"": 7369.875}, {""temp"": 22.01477, ""step"": 9, ""status"": 1, ""pres"": 967.6948, ""meas_profile"": ""HP-3"", ""meas_id"": 3, ""hum"": 37.74588, ""gas_res"": 5706.134}, {""temp"": 21.92261, ""step"": 9, ""status"": 1, ""pres"": 967.7966, ""meas_profile"": ""HP-2"", ""meas_id"": 2, ""hum"": 38.01574, ""gas_res"": 7606.37}, {""temp"": 21.70285, ""step"": 9, ""status"": 1, ""pres"": 967.8895, ""meas_profile"": ""HP-1"", ""meas_id"": 1, ""hum"": 36.61208, ""gas_res"": 5684.846}]}",NULL,"2025-10-27 08:48:19.106387"
11321,"04a600b9b0b8","2025-10-27 08:46:55","jJ11Ls2nWFbPKLV8AGJz","{""bme688"": [{""temp"": 22.10652, ""step"": 8, ""status"": 1, ""pres"": 967.8651, ""meas_profile"": ""HP-8"", ""meas_id"": 8, ""hum"": 37.85894, ""gas_res"": 5684.846}, {""temp"": 22.06669, ""step"": 8, ""status"": 1, ""pres"": 968.0783, ""meas_profile"": ""HP-7"", ""meas_id"": 7, ""hum"": 37.76376, ""gas_res"": 5684.846}, {""temp"": 22.15223, ""step"": 8, ""status"": 1, ""pres"": 968.1777, ""meas_profile"": ""HP-6"", ""meas_id"": 6, ""hum"": 37.61891, ""gas_res"": 5684.846}, {""temp"": 22.03308, ""step"": 8, ""status"": 1, ""pres"": 967.9008, ""meas_profile"": ""HP-5"", ""meas_id"": 5, ""hum"": 37.8529, ""gas_res"": 8078.768}, {""temp"": 21.83647, ""step"": 8, ""status"": 1, ""pres"": 968.0458, ""meas_profile"": ""HP-4"", ""meas_id"": 4, ""hum"": 37.24533, ""gas_res"": 7633.588}, {""temp"": 22.01415, ""step"": 8, ""status"": 1, ""pres"": 967.6937, ""meas_profile"": ""HP-3"", ""meas_id"": 3, ""hum"": 37.75756, ""gas_res"": 5684.846}, {""temp"": 21.9223, ""step"": 8, ""status"": 1, ""pres"": 967.7977, ""meas_profile"": ""HP-2"", ""meas_id"": 2, ""hum"": 37.98671, ""gas_res"": 7457.469}, {""temp"": 21.70254, ""step"": 8, ""status"": 1, ""pres"": 967.889, ""meas_profile"": ""HP-1"", ""meas_id"": 1, ""hum"": 36.65379, ""gas_res"": 5684.846}]}",NULL,"2025-10-27 08:48:20.384466"
11322,"04a600b9b0b8","2025-10-27 08:46:55","jJ11Ls2nWFbPKLV8AGJz","{""bme688"": [{""temp"": 22.1059, ""step"": 7, ""status"": 1, ""pres"": 967.866, ""meas_profile"": ""HP-8"", ""meas_id"": 8, ""hum"": 37.87642, ""gas_res"": 5684.846}, {""temp"": 22.06638, ""step"": 7, ""status"": 1, ""pres"": 968.0796, ""meas_profile"": ""HP-7"", ""meas_id"": 7, ""hum"": 37.77529, ""gas_res"": 5684.846}, {""temp"": 22.15161, ""step"": 7, ""status"": 1, ""pres"": 968.1766, ""meas_profile"": ""HP-6"", ""meas_id"": 6, ""hum"": 37.60712, ""gas_res"": 5684.846}, {""temp"": 22.03308, ""step"": 7, ""status"": 1, ""pres"": 967.9025, ""meas_profile"": ""HP-5"", ""meas_id"": 5, ""hum"": 37.8587, ""gas_res"": 8305.217}, {""temp"": 21.83647, ""step"": 7, ""status"": 1, ""pres"": 968.0458, ""meas_profile"": ""HP-4"", ""meas_id"": 4, ""hum"": 37.24533, ""gas_res"": 7385.184}, {""temp"": 22.01353, ""step"": 7, ""status"": 1, ""pres"": 967.6945, ""meas_profile"": ""HP-3"", ""meas_id"": 3, ""hum"": 37.76922, ""gas_res"": 5684.846}, {""temp"": 21.92199, ""step"": 7, ""status"": 1, ""pres"": 967.7972, ""meas_profile"": ""HP-2"", ""meas_id"": 2, ""hum"": 38.00408, ""gas_res"": 6893.581}, {""temp"": 21.70192, ""step"": 7, ""status"": 1, ""pres"": 967.8899, ""meas_profile"": ""HP-1"", ""meas_id"": 1, ""hum"": 36.61199, ""gas_res"": 5684.846}]}",NULL,"2025-10-27 08:48:21.664367"
11323,"04a600b9b0b8","2025-10-27 08:46:55","jJ11Ls2nWFbPKLV8AGJz","{""bme688"": [{""temp"": 22.10559, ""step"": 6, ""status"": 1, ""pres"": 967.8654, ""meas_profile"": ""HP-8"", ""meas_id"": 8, ""hum"": 37.86469, ""gas_res"": 5684.846}, {""temp"": 22.06638, ""step"": 6, ""status"": 1, ""pres"": 968.0796, ""meas_profile"": ""HP-7"", ""meas_id"": 7, ""hum"": 37.76373, ""gas_res"": 5684.846}, {""temp"": 22.15161, ""step"": 6, ""status"": 1, ""pres"": 968.1785, ""meas_profile"": ""HP-6"", ""meas_id"": 6, ""hum"": 37.62471, ""gas_res"": 15137.18}, {""temp"": 22.03308, ""step"": 6, ""status"": 1, ""pres"": 967.9025, ""meas_profile"": ""HP-5"", ""meas_id"": 5, ""hum"": 37.84131, ""gas_res"": 41491.09}, {""temp"": 21.83647, ""step"": 6, ""status"": 1, ""pres"": 968.0458, ""meas_profile"": ""HP-4"", ""meas_id"": 4, ""hum"": 37.25119, ""gas_res"": 100000.0}, {""temp"": 22.01323, ""step"": 6, ""status"": 1, ""pres"": 967.6957, ""meas_profile"": ""HP-3"", ""meas_id"": 3, ""hum"": 37.76333, ""gas_res"": 27379.68}, {""temp"": 21.92199, ""step"": 6, ""status"": 1, ""pres"": 967.7989, ""meas_profile"": ""HP-2"", ""meas_id"": 2, ""hum"": 38.01568, ""gas_res"": 40855.41}, {""temp"": 21.70223, ""step"": 6, ""status"": 1, ""pres"": 967.8904, ""meas_profile"": ""HP-1"", ""meas_id"": 1, ""hum"": 36.61798, ""gas_res"": 32989.69}]}",NULL,"2025-10-27 08:48:23.038743"
11324,"04a600b9b0b8","2025-10-27 08:46:55","jJ11Ls2nWFbPKLV8AGJz","{""bme688"": [{""temp"": 22.10528, ""step"": 5, ""status"": 1, ""pres"": 967.8649, ""meas_profile"": ""HP-8"", ""meas_id"": 8, ""hum"": 37.87636, ""gas_res"": 5684.846}, {""temp"": 22.06607, ""step"": 5, ""status"": 1, ""pres"": 968.0806, ""meas_profile"": ""HP-7"", ""meas_id"": 7, ""hum"": 37.75792, ""gas_res"": 5684.846}, {""temp"": 22.1513, ""step"": 5, ""status"": 1, ""pres"": 968.178, ""meas_profile"": ""HP-6"", ""meas_id"": 6, ""hum"": 37.62468, ""gas_res"": 14709.26}, {""temp"": 22.03308, ""step"": 5, ""status"": 1, ""pres"": 967.9025, ""meas_profile"": ""HP-5"", ""meas_id"": 5, ""hum"": 37.84711, ""gas_res"": 40125.39}, {""temp"": 21.83647, ""step"": 5, ""status"": 1, ""pres"": 968.0475, ""meas_profile"": ""HP-4"", ""meas_id"": 4, ""hum"": 37.25705, ""gas_res"": 100000.0}, {""temp"": 22.01323, ""step"": 5, ""status"": 1, ""pres"": 967.6957, ""meas_profile"": ""HP-3"", ""meas_id"": 3, ""hum"": 37.7692, ""gas_res"": 25884.73}, {""temp"": 21.92199, ""step"": 5, ""status"": 1, ""pres"": 967.7989, ""meas_profile"": ""HP-2"", ""meas_id"": 2, ""hum"": 38.01568, ""gas_res"": 38705.78}, {""temp"": 21.70223, ""step"": 5, ""status"": 1, ""pres"": 967.8923, ""meas_profile"": ""HP-1"", ""meas_id"": 1, ""hum"": 36.62394, ""gas_res"": 30776.63}]}",NULL,"2025-10-27 08:48:24.225968"
11325,"04a600b9b0b8","2025-10-27 08:46:55","jJ11Ls2nWFbPKLV8AGJz","{""bme688"": [{""temp"": 22.10467, ""step"": 4, ""status"": 1, ""pres"": 967.864, ""meas_profile"": ""HP-8"", ""meas_id"": 8, ""hum"": 37.88214, ""gas_res"": 5684.846}, {""temp"": 22.06545, ""step"": 4, ""status"": 1, ""pres"": 968.0795, ""meas_profile"": ""HP-7"", ""meas_id"": 7, ""hum"": 37.76941, ""gas_res"": 5684.846}, {""temp"": 22.15099, ""step"": 4, ""status"": 1, ""pres"": 968.1775, ""meas_profile"": ""HP-6"", ""meas_id"": 6, ""hum"": 37.61879, ""gas_res"": 14266.61}, {""temp"": 22.03308, ""step"": 4, ""status"": 1, ""pres"": 967.9025, ""meas_profile"": ""HP-5"", ""meas_id"": 5, ""hum"": 37.84131, ""gas_res"": 38882.14}, {""temp"": 21.83647, ""step"": 4, ""status"": 1, ""pres"": 968.0475, ""meas_profile"": ""HP-4"", ""meas_id"": 4, ""hum"": 37.28636, ""gas_res"": 91135.63}, {""temp"": 22.01292, ""step"": 4, ""status"": 1, ""pres"": 967.6968, ""meas_profile"": ""HP-3"", ""meas_id"": 3, ""hum"": 37.7809, ""gas_res"": 24362.39}, {""temp"": 21.92199, ""step"": 4, ""status"": 1, ""pres"": 967.8005, ""meas_profile"": ""HP-2"", ""meas_id"": 2, ""hum"": 38.02148, ""gas_res"": 36613.27}, {""temp"": 21.70223, ""step"": 4, ""status"": 1, ""pres"": 967.8923, ""meas_profile"": ""HP-1"", ""meas_id"": 1, ""hum"": 36.61202, ""gas_res"": 28764.04}]}",NULL,"2025-10-27 08:48:25.509261"
11326,"04a600b9b0b8","2025-10-27 08:46:55","jJ11Ls2nWFbPKLV8AGJz","{""bme688"": [{""temp"": 22.10405, ""step"": 3, ""status"": 0, ""pres"": 967.8647, ""meas_profile"": ""HP-8"", ""meas_id"": 8, ""hum"": 37.87038, ""gas_res"": 5684.846}, {""temp"": 22.06514, ""step"": 3, ""status"": 0, ""pres"": 968.0807, ""meas_profile"": ""HP-7"", ""meas_id"": 7, ""hum"": 37.77516, ""gas_res"": 5684.846}, {""temp"": 22.15068, ""step"": 3, ""status"": 0, ""pres"": 968.1771, ""meas_profile"": ""HP-6"", ""meas_id"": 6, ""hum"": 37.61876, ""gas_res"": 6164.516}, {""temp"": 22.03277, ""step"": 3, ""status"": 0, ""pres"": 967.902, ""meas_profile"": ""HP-5"", ""meas_id"": 5, ""hum"": 37.87026, ""gas_res"": 17626.0}, {""temp"": 21.83616, ""step"": 3, ""status"": 0, ""pres"": 968.0486, ""meas_profile"": ""HP-4"", ""meas_id"": 4, ""hum"": 37.26874, ""gas_res"": 23885.05}, {""temp"": 22.01261, ""step"": 3, ""status"": 0, ""pres"": 967.6962, ""meas_profile"": ""HP-3"", ""meas_id"": 3, ""hum"": 37.78086, ""gas_res"": 13778.26}, {""temp"": 21.92168, ""step"": 3, ""status"": 0, ""pres"": 967.8017, ""meas_profile"": ""HP-2"", ""meas_id"": 2, ""hum"": 38.02145, ""gas_res"": 21672.88}, {""temp"": 21.70192, ""step"": 3, ""status"": 0, ""pres"": 967.8918, ""meas_profile"": ""HP-1"", ""meas_id"": 1, ""hum"": 36.65968, ""gas_res"": 14200.13}]}",NULL,"2025-10-27 08:48:26.794487"
11327,"04a600b9b0b8","2025-10-27 08:46:55","jJ11Ls2nWFbPKLV8AGJz","{""bme688"": [{""temp"": 22.10374, ""step"": 2, ""status"": 1, ""pres"": 967.8643, ""meas_profile"": ""HP-8"", ""meas_id"": 8, ""hum"": 37.8879, ""gas_res"": 5684.846}, {""temp"": 22.06483, ""step"": 2, ""status"": 1, ""pres"": 968.0803, ""meas_profile"": ""HP-7"", ""meas_id"": 7, ""hum"": 37.78669, ""gas_res"": 6775.354}, {""temp"": 22.15068, ""step"": 2, ""status"": 1, ""pres"": 968.1788, ""meas_profile"": ""HP-6"", ""meas_id"": 6, ""hum"": 37.63634, ""gas_res"": 20486.56}, {""temp"": 22.03277, ""step"": 2, ""status"": 1, ""pres"": 967.9036, ""meas_profile"": ""HP-5"", ""meas_id"": 5, ""hum"": 37.86446, ""gas_res"": 80402.01}, {""temp"": 21.83585, ""step"": 2, ""status"": 1, ""pres"": 968.0496, ""meas_profile"": ""HP-4"", ""meas_id"": 4, ""hum"": 37.27458, ""gas_res"": 155812.5}, {""temp"": 22.01261, ""step"": 2, ""status"": 1, ""pres"": 967.6979, ""meas_profile"": ""HP-3"", ""meas_id"": 3, ""hum"": 37.78086, ""gas_res"": 66910.61}, {""temp"": 21.92137, ""step"": 2, ""status"": 1, ""pres"": 967.8011, ""meas_profile"": ""HP-2"", ""meas_id"": 2, ""hum"": 38.03881, ""gas_res"": 114901.3}, {""temp"": 21.70161, ""step"": 2, ""status"": 1, ""pres"": 967.8931, ""meas_profile"": ""HP-1"", ""meas_id"": 1, ""hum"": 36.64177, ""gas_res"": 87761.4}]}",NULL,"2025-10-27 08:48:28.16016"
11328,"04a600b9b0b8","2025-10-27 08:46:55","jJ11Ls2nWFbPKLV8AGJz","{""bme688"": [{""temp"": 22.10343, ""step"": 1, ""status"": 1, ""pres"": 967.8638, ""meas_profile"": ""HP-8"", ""meas_id"": 8, ""hum"": 37.88787, ""gas_res"": 5684.846}, {""temp"": 22.06452, ""step"": 1, ""status"": 1, ""pres"": 968.0815, ""meas_profile"": ""HP-7"", ""meas_id"": 7, ""hum"": 37.76932, ""gas_res"": 5684.846}, {""temp"": 22.15068, ""step"": 1, ""status"": 1, ""pres"": 968.1788, ""meas_profile"": ""HP-6"", ""meas_id"": 6, ""hum"": 37.63048, ""gas_res"": 6389.776}, {""temp"": 22.03277, ""step"": 1, ""status"": 1, ""pres"": 967.9036, ""meas_profile"": ""HP-5"", ""meas_id"": 5, ""hum"": 37.84708, ""gas_res"": 25000.0}, {""temp"": 21.83616, ""step"": 1, ""status"": 1, ""pres"": 968.0504, ""meas_profile"": ""HP-4"", ""meas_id"": 4, ""hum"": 37.28047, ""gas_res"": 25000.0}, {""temp"": 22.0123, ""step"": 1, ""status"": 1, ""pres"": 967.6992, ""meas_profile"": ""HP-3"", ""meas_id"": 3, ""hum"": 37.78083, ""gas_res"": 19565.88}, {""temp"": 21.92137, ""step"": 1, ""status"": 1, ""pres"": 967.8029, ""meas_profile"": ""HP-2"", ""meas_id"": 2, ""hum"": 38.02141, ""gas_res"": 25000.0}, {""temp"": 21.70161, ""step"": 1, ""status"": 1, ""pres"": 967.8931, ""meas_profile"": ""HP-1"", ""meas_id"": 1, ""hum"": 36.65369, ""gas_res"": 22191.4}]}",NULL,"2025-10-27 08:48:29.346567"
11329,"04a600b9b0b8","2025-10-27 08:46:55","jJ11Ls2nWFbPKLV8AGJz","{""bme688"": [{""temp"": 22.10281, ""step"": 0, ""status"": 1, ""pres"": 967.8628, ""meas_profile"": ""HP-8"", ""meas_id"": 8, ""hum"": 37.90535, ""gas_res"": 5684.846}, {""temp"": 22.06421, ""step"": 0, ""status"": 1, ""pres"": 968.0809, ""meas_profile"": ""HP-7"", ""meas_id"": 7, ""hum"": 37.76351, ""gas_res"": 5684.846}, {""temp"": 22.15007, ""step"": 0, ""status"": 1, ""pres"": 968.1794, ""meas_profile"": ""HP-6"", ""meas_id"": 6, ""hum"": 37.63042, ""gas_res"": 5684.846}, {""temp"": 22.03277, ""step"": 0, ""status"": 1, ""pres"": 967.9036, ""meas_profile"": ""HP-5"", ""meas_id"": 5, ""hum"": 37.87605, ""gas_res"": 8203.024}, {""temp"": 21.83616, ""step"": 0, ""status"": 1, ""pres"": 968.052, ""meas_profile"": ""HP-4"", ""meas_id"": 4, ""hum"": 37.2746, ""gas_res"": 7191.011}, {""temp"": 22.01199, ""step"": 0, ""status"": 1, ""pres"": 967.6987, ""meas_profile"": ""HP-3"", ""meas_id"": 3, ""hum"": 37.77493, ""gas_res"": 5684.846}, {""temp"": 21.92106, ""step"": 0, ""status"": 1, ""pres"": 967.804, ""meas_profile"": ""HP-2"", ""meas_id"": 2, ""hum"": 38.01558, ""gas_res"": 6603.384}, {""temp"": 21.70098, ""step"": 0, ""status"": 1, ""pres"": 967.8922, ""meas_profile"": ""HP-1"", ""meas_id"": 1, ""hum"": 36.65363, ""gas_res"": 5684.846}]}",NULL,"2025-10-27 08:48:30.634119"
11330,"04a600b9b0b8","2025-10-27 08:48:54","jJ11Ls2nWFbPKLV8AGJz","{""zphs01b"": {""voc"": 0, ""temp"": 19.8, ""pm2_5"": 0, ""pm1_0"": 0, ""pm10"": 330, ""o3"": 0.02, ""no2"": 10.0, ""hum"": 0, ""fmhd"": 0, ""co2"": 5000, ""co"": 0.0}, ""smell_b"": {}, ""sfa30"": {""temp"": 22.305, ""hum"": 37.91, ""fmhd"": 7.8}, ""sen5x"": {""voc"": 97.0, ""temp"": 21.95, ""pm4_0"": 4297.1, ""pm2_5"": 4297.1, ""pm1_0"": 4097.5, ""pm10"": 4297.1, ""nox"": 1.0, ""mass_c"": 4247.2, ""hum"": 44.28}, ""scd41"": {""temp"": 21.86237, ""hum"": 40.4715, ""co2"": 626}, ""power_source"": 0, ""mics6814"": {""red_res"": 0, ""no2_res"": 0, ""no2"": 0.17, ""nh3_res"": 0, ""nh3"": 0.73, ""co_res"": 0, ""co"": 44.0}}",NULL,"2025-10-27 08:49:34.29611"
11331,"04a600b9b0b8","2025-10-27 08:48:54","jJ11Ls2nWFbPKLV8AGJz","{""bme688"": [{""temp"": 22.12196, ""step"": 9, ""status"": 1, ""pres"": 967.8682, ""meas_profile"": ""HP-8"", ""meas_id"": 8, ""hum"": 37.79617, ""gas_res"": 5684.846}, {""temp"": 22.07911, ""step"": 9, ""status"": 1, ""pres"": 968.0583, ""meas_profile"": ""HP-7"", ""meas_id"": 7, ""hum"": 37.69564, ""gas_res"": 5684.846}, {""temp"": 22.16488, ""step"": 9, ""status"": 1, ""pres"": 968.1704, ""meas_profile"": ""HP-6"", ""meas_id"": 6, ""hum"": 37.55571, ""gas_res"": 5684.846}, {""temp"": 22.03996, ""step"": 9, ""status"": 1, ""pres"": 967.885, ""meas_profile"": ""HP-5"", ""meas_id"": 5, ""hum"": 37.80144, ""gas_res"": 10663.11}, {""temp"": 21.84454, ""step"": 9, ""status"": 1, ""pres"": 968.0224, ""meas_profile"": ""HP-4"", ""meas_id"": 4, ""hum"": 37.16408, ""gas_res"": 9563.658}, {""temp"": 22.02219, ""step"": 9, ""status"": 1, ""pres"": 967.668, ""meas_profile"": ""HP-3"", ""meas_id"": 3, ""hum"": 37.71144, ""gas_res"": 7738.815}, {""temp"": 21.93255, ""step"": 9, ""status"": 1, ""pres"": 967.7756, ""meas_profile"": ""HP-2"", ""meas_id"": 2, ""hum"": 37.92396, ""gas_res"": 7309.273}, {""temp"": 21.71188, ""step"": 9, ""status"": 1, ""pres"": 967.869, ""meas_profile"": ""HP-1"", ""meas_id"": 1, ""hum"": 36.5772, ""gas_res"": 6875.806}]}",NULL,"2025-10-27 08:49:35.923418"
11332,"04a600b9b0b8","2025-10-27 08:48:54","jJ11Ls2nWFbPKLV8AGJz","{""bme688"": [{""temp"": 22.12134, ""step"": 8, ""status"": 1, ""pres"": 967.8672, ""meas_profile"": ""HP-8"", ""meas_id"": 8, ""hum"": 37.79612, ""gas_res"": 5684.846}, {""temp"": 22.07849, ""step"": 8, ""status"": 1, ""pres"": 968.0605, ""meas_profile"": ""HP-7"", ""meas_id"": 7, ""hum"": 37.70714, ""gas_res"": 5684.846}, {""temp"": 22.16426, ""step"": 8, ""status"": 1, ""pres"": 968.1694, ""meas_profile"": ""HP-6"", ""meas_id"": 6, ""hum"": 37.56151, ""gas_res"": 5684.846}, {""temp"": 22.03965, ""step"": 8, ""status"": 1, ""pres"": 967.8861, ""meas_profile"": ""HP-5"", ""meas_id"": 5, ""hum"": 37.78982, ""gas_res"": 10464.36}, {""temp"": 21.84423, ""step"": 8, ""status"": 1, ""pres"": 968.0235, ""meas_profile"": ""HP-4"", ""meas_id"": 4, ""hum"": 37.16991, ""gas_res"": 10040.79}, {""temp"": 22.02157, ""step"": 8, ""status"": 1, ""pres"": 967.6687, ""meas_profile"": ""HP-3"", ""meas_id"": 3, ""hum"": 37.70552, ""gas_res"": 7225.107}, {""temp"": 21.93192, ""step"": 8, ""status"": 1, ""pres"": 967.7746, ""meas_profile"": ""HP-2"", ""meas_id"": 2, ""hum"": 37.9181, ""gas_res"": 7400.555}, {""temp"": 21.71157, ""step"": 8, ""status"": 1, ""pres"": 967.8704, ""meas_profile"": ""HP-1"", ""meas_id"": 1, ""hum"": 36.58313, ""gas_res"": 7029.877}]}",NULL,"2025-10-27 08:49:37.194737"
11333,"04a600b9b0b8","2025-10-27 08:48:54","jJ11Ls2nWFbPKLV8AGJz","{""bme688"": [{""temp"": 22.12073, ""step"": 7, ""status"": 1, ""pres"": 967.8661, ""meas_profile"": ""HP-8"", ""meas_id"": 8, ""hum"": 37.79605, ""gas_res"": 5684.846}, {""temp"": 22.07787, ""step"": 7, ""status"": 1, ""pres"": 968.0596, ""meas_profile"": ""HP-7"", ""meas_id"": 7, ""hum"": 37.68974, ""gas_res"": 5684.846}, {""temp"": 22.16334, ""step"": 7, ""status"": 1, ""pres"": 968.1696, ""meas_profile"": ""HP-6"", ""meas_id"": 6, ""hum"": 37.56142, ""gas_res"": 5684.846}, {""temp"": 22.03965, ""step"": 7, ""status"": 1, ""pres"": 967.8878, ""meas_profile"": ""HP-5"", ""meas_id"": 5, ""hum"": 37.78402, ""gas_res"": 10738.25}, {""temp"": 21.84392, ""step"": 7, ""status"": 1, ""pres"": 968.0247, ""meas_profile"": ""HP-4"", ""meas_id"": 4, ""hum"": 37.1523, ""gas_res"": 9891.809}, {""temp"": 22.02127, ""step"": 7, ""status"": 1, ""pres"": 967.67, ""meas_profile"": ""HP-3"", ""meas_id"": 3, ""hum"": 37.70549, ""gas_res"": 6974.717}, {""temp"": 21.93161, ""step"": 7, ""status"": 1, ""pres"": 967.7758, ""meas_profile"": ""HP-2"", ""meas_id"": 2, ""hum"": 37.92386, ""gas_res"": 7081.213}, {""temp"": 21.71094, ""step"": 7, ""status"": 1, ""pres"": 967.8712, ""meas_profile"": ""HP-1"", ""meas_id"": 1, ""hum"": 36.57711, ""gas_res"": 6762.468}]}",NULL,"2025-10-27 08:49:38.46595"
11334,"04a600b9b0b8","2025-10-27 08:48:54","jJ11Ls2nWFbPKLV8AGJz","{""bme688"": [{""temp"": 22.12011, ""step"": 6, ""status"": 1, ""pres"": 967.8669, ""meas_profile"": ""HP-8"", ""meas_id"": 8, ""hum"": 37.77845, ""gas_res"": 5684.846}, {""temp"": 22.07756, ""step"": 6, ""status"": 1, ""pres"": 968.0607, ""meas_profile"": ""HP-7"", ""meas_id"": 7, ""hum"": 37.69549, ""gas_res"": 5934.718}, {""temp"": 22.16303, ""step"": 6, ""status"": 1, ""pres"": 968.1691, ""meas_profile"": ""HP-6"", ""meas_id"": 6, ""hum"": 37.54967, ""gas_res"": 19213.45}, {""temp"": 22.03902, ""step"": 6, ""status"": 1, ""pres"": 967.8868, ""meas_profile"": ""HP-5"", ""meas_id"": 5, ""hum"": 37.7608, ""gas_res"": 82341.59}, {""temp"": 21.84361, ""step"": 6, ""status"": 1, ""pres"": 968.0259, ""meas_profile"": ""HP-4"", ""meas_id"": 4, ""hum"": 37.16985, ""gas_res"": 107994.1}, {""temp"": 22.02127, ""step"": 6, ""status"": 1, ""pres"": 967.6716, ""meas_profile"": ""HP-3"", ""meas_id"": 3, ""hum"": 37.69962, ""gas_res"": 38152.01}, {""temp"": 21.9313, ""step"": 6, ""status"": 1, ""pres"": 967.777, ""meas_profile"": ""HP-2"", ""meas_id"": 2, ""hum"": 37.92383, ""gas_res"": 100000.0}, {""temp"": 21.71063, ""step"": 6, ""status"": 1, ""pres"": 967.8707, ""meas_profile"": ""HP-1"", ""meas_id"": 1, ""hum"": 36.55324, ""gas_res"": 80402.01}]}",NULL,"2025-10-27 08:49:39.852988"
11335,"04a600b9b0b8","2025-10-27 08:48:54","jJ11Ls2nWFbPKLV8AGJz","{""bme688"": [{""temp"": 22.11949, ""step"": 5, ""status"": 1, ""pres"": 967.866, ""meas_profile"": ""HP-8"", ""meas_id"": 8, ""hum"": 37.80178, ""gas_res"": 5684.846}, {""temp"": 22.07725, ""step"": 5, ""status"": 1, ""pres"": 968.062, ""meas_profile"": ""HP-7"", ""meas_id"": 7, ""hum"": 37.69546, ""gas_res"": 6363.094}, {""temp"": 22.16272, ""step"": 5, ""status"": 1, ""pres"": 968.1705, ""meas_profile"": ""HP-6"", ""meas_id"": 6, ""hum"": 37.53791, ""gas_res"": 18593.84}, {""temp"": 22.03839, ""step"": 5, ""status"": 1, ""pres"": 967.8875, ""meas_profile"": ""HP-5"", ""meas_id"": 5, ""hum"": 37.76074, ""gas_res"": 80100.13}, {""temp"": 21.84299, ""step"": 5, ""status"": 1, ""pres"": 968.0248, ""meas_profile"": ""HP-4"", ""meas_id"": 4, ""hum"": 37.16393, ""gas_res"": 105458.3}, {""temp"": 22.02096, ""step"": 5, ""status"": 1, ""pres"": 967.6711, ""meas_profile"": ""HP-3"", ""meas_id"": 3, ""hum"": 37.69959, ""gas_res"": 36771.04}, {""temp"": 21.93099, ""step"": 5, ""status"": 1, ""pres"": 967.7781, ""meas_profile"": ""HP-2"", ""meas_id"": 2, ""hum"": 37.91801, ""gas_res"": 100000.0}, {""temp"": 21.71032, ""step"": 5, ""status"": 1, ""pres"": 967.872, ""meas_profile"": ""HP-1"", ""meas_id"": 1, ""hum"": 36.57109, ""gas_res"": 45133.99}]}",NULL,"2025-10-27 08:49:41.024613"
11336,"04a600b9b0b8","2025-10-27 08:48:54","jJ11Ls2nWFbPKLV8AGJz","{""bme688"": [{""temp"": 22.11918, ""step"": 4, ""status"": 1, ""pres"": 967.8672, ""meas_profile"": ""HP-8"", ""meas_id"": 8, ""hum"": 37.78421, ""gas_res"": 5684.846}, {""temp"": 22.07694, ""step"": 4, ""status"": 1, ""pres"": 968.0631, ""meas_profile"": ""HP-7"", ""meas_id"": 7, ""hum"": 37.70699, ""gas_res"": 6150.298}, {""temp"": 22.16241, ""step"": 4, ""status"": 1, ""pres"": 968.1699, ""meas_profile"": ""HP-6"", ""meas_id"": 6, ""hum"": 37.55547, ""gas_res"": 17982.58}, {""temp"": 22.03777, ""step"": 4, ""status"": 1, ""pres"": 967.8882, ""meas_profile"": ""HP-5"", ""meas_id"": 5, ""hum"": 37.77225, ""gas_res"": 77764.27}, {""temp"": 21.84237, ""step"": 4, ""status"": 1, ""pres"": 968.0255, ""meas_profile"": ""HP-4"", ""meas_id"": 4, ""hum"": 37.16387, ""gas_res"": 102914.6}, {""temp"": 22.02096, ""step"": 4, ""status"": 1, ""pres"": 967.6729, ""meas_profile"": ""HP-3"", ""meas_id"": 3, ""hum"": 37.69959, ""gas_res"": 35368.89}, {""temp"": 21.93099, ""step"": 4, ""status"": 1, ""pres"": 967.7798, ""meas_profile"": ""HP-2"", ""meas_id"": 2, ""hum"": 37.9238, ""gas_res"": 89793.05}, {""temp"": 21.71032, ""step"": 4, ""status"": 1, ""pres"": 967.8739, ""meas_profile"": ""HP-1"", ""meas_id"": 1, ""hum"": 36.57705, ""gas_res"": 42524.92}]}",NULL,"2025-10-27 08:49:42.306539"
11337,"04a600b9b0b8","2025-10-27 08:48:54","jJ11Ls2nWFbPKLV8AGJz","{""bme688"": [{""temp"": 22.11856, ""step"": 3, ""status"": 0, ""pres"": 967.8663, ""meas_profile"": ""HP-8"", ""meas_id"": 8, ""hum"": 37.79584, ""gas_res"": 5684.846}, {""temp"": 22.07632, ""step"": 3, ""status"": 0, ""pres"": 968.0621, ""meas_profile"": ""HP-7"", ""meas_id"": 7, ""hum"": 37.7127, ""gas_res"": 5684.846}, {""temp"": 22.16211, ""step"": 3, ""status"": 0, ""pres"": 968.1711, ""meas_profile"": ""HP-6"", ""meas_id"": 6, ""hum"": 37.56715, ""gas_res"": 7494.145}, {""temp"": 22.03746, ""step"": 3, ""status"": 0, ""pres"": 967.8876, ""meas_profile"": ""HP-5"", ""meas_id"": 5, ""hum"": 37.7896, ""gas_res"": 22122.37}, {""temp"": 21.84175, ""step"": 3, ""status"": 0, ""pres"": 968.0262, ""meas_profile"": ""HP-4"", ""meas_id"": 4, ""hum"": 37.18724, ""gas_res"": 31976.02}, {""temp"": 22.02034, ""step"": 3, ""status"": 0, ""pres"": 967.6735, ""meas_profile"": ""HP-3"", ""meas_id"": 3, ""hum"": 37.70539, ""gas_res"": 19565.88}, {""temp"": 21.93037, ""step"": 3, ""status"": 0, ""pres"": 967.7788, ""meas_profile"": ""HP-2"", ""meas_id"": 2, ""hum"": 37.91215, ""gas_res"": 29581.7}, {""temp"": 21.7097, ""step"": 3, ""status"": 0, ""pres"": 967.873, ""meas_profile"": ""HP-1"", ""meas_id"": 1, ""hum"": 36.56507, ""gas_res"": 20349.76}]}",NULL,"2025-10-27 08:49:43.592022"
11338,"04a600b9b0b8","2025-10-27 08:48:54","jJ11Ls2nWFbPKLV8AGJz","{""bme688"": [{""temp"": 22.11795, ""step"": 2, ""status"": 1, ""pres"": 967.8672, ""meas_profile"": ""HP-8"", ""meas_id"": 8, ""hum"": 37.80747, ""gas_res"": 5684.846}, {""temp"": 22.0757, ""step"": 2, ""status"": 1, ""pres"": 968.0627, ""meas_profile"": ""HP-7"", ""meas_id"": 7, ""hum"": 37.71841, ""gas_res"": 5941.33}, {""temp"": 22.1618, ""step"": 2, ""status"": 1, ""pres"": 968.1725, ""meas_profile"": ""HP-6"", ""meas_id"": 6, ""hum"": 37.57884, ""gas_res"": 17075.77}, {""temp"": 22.03683, ""step"": 2, ""status"": 1, ""pres"": 967.8882, ""meas_profile"": ""HP-5"", ""meas_id"": 5, ""hum"": 37.78955, ""gas_res"": 59743.29}, {""temp"": 21.84144, ""step"": 2, ""status"": 1, ""pres"": 968.0272, ""meas_profile"": ""HP-4"", ""meas_id"": 4, ""hum"": 37.1755, ""gas_res"": 130346.2}, {""temp"": 22.02003, ""step"": 2, ""status"": 1, ""pres"": 967.6747, ""meas_profile"": ""HP-3"", ""meas_id"": 3, ""hum"": 37.69949, ""gas_res"": 61553.26}, {""temp"": 21.92975, ""step"": 2, ""status"": 1, ""pres"": 967.7795, ""meas_profile"": ""HP-2"", ""meas_id"": 2, ""hum"": 37.91788, ""gas_res"": 106114.0}, {""temp"": 21.70908, ""step"": 2, ""status"": 1, ""pres"": 967.8737, ""meas_profile"": ""HP-1"", ""meas_id"": 1, ""hum"": 36.57693, ""gas_res"": 81554.63}]}",NULL,"2025-10-27 08:49:44.956324"
11339,"04a600b9b0b8","2025-10-27 08:48:54","jJ11Ls2nWFbPKLV8AGJz","{""bme688"": [{""temp"": 22.11733, ""step"": 1, ""status"": 1, ""pres"": 967.868, ""meas_profile"": ""HP-8"", ""meas_id"": 8, ""hum"": 37.8074, ""gas_res"": 5684.846}, {""temp"": 22.07508, ""step"": 1, ""status"": 1, ""pres"": 968.0634, ""meas_profile"": ""HP-7"", ""meas_id"": 7, ""hum"": 37.72414, ""gas_res"": 5684.846}, {""temp"": 22.16149, ""step"": 1, ""status"": 1, ""pres"": 968.1719, ""meas_profile"": ""HP-6"", ""meas_id"": 6, ""hum"": 37.56709, ""gas_res"": 7905.138}, {""temp"": 22.03683, ""step"": 1, ""status"": 1, ""pres"": 967.8899, ""meas_profile"": ""HP-5"", ""meas_id"": 5, ""hum"": 37.77217, ""gas_res"": 25000.0}, {""temp"": 21.84113, ""step"": 1, ""status"": 1, ""pres"": 968.0284, ""meas_profile"": ""HP-4"", ""meas_id"": 4, ""hum"": 37.19891, ""gas_res"": 27735.64}, {""temp"": 22.02003, ""step"": 1, ""status"": 1, ""pres"": 967.6764, ""meas_profile"": ""HP-3"", ""meas_id"": 3, ""hum"": 37.70536, ""gas_res"": 25000.0}, {""temp"": 21.92975, ""step"": 1, ""status"": 1, ""pres"": 967.7813, ""meas_profile"": ""HP-2"", ""meas_id"": 2, ""hum"": 37.92948, ""gas_res"": 24155.5}, {""temp"": 21.70908, ""step"": 1, ""status"": 1, ""pres"": 967.8755, ""meas_profile"": ""HP-1"", ""meas_id"": 1, ""hum"": 36.56501, ""gas_res"": 25000.0}]}",NULL,"2025-10-27 08:49:46.146694"
11340,"04a600b9b0b8","2025-10-27 08:48:54","jJ11Ls2nWFbPKLV8AGJz","{""bme688"": [{""temp"": 22.11671, ""step"": 0, ""status"": 1, ""pres"": 967.8669, ""meas_profile"": ""HP-8"", ""meas_id"": 8, ""hum"": 37.80734, ""gas_res"": 5684.846}, {""temp"": 22.07476, ""step"": 0, ""status"": 1, ""pres"": 968.0647, ""meas_profile"": ""HP-7"", ""meas_id"": 7, ""hum"": 37.71833, ""gas_res"": 5684.846}, {""temp"": 22.16087, ""step"": 0, ""status"": 1, ""pres"": 968.1725, ""meas_profile"": ""HP-6"", ""meas_id"": 6, ""hum"": 37.56703, ""gas_res"": 5684.846}, {""temp"": 22.03652, ""step"": 0, ""status"": 1, ""pres"": 967.8912, ""meas_profile"": ""HP-5"", ""meas_id"": 5, ""hum"": 37.78371, ""gas_res"": 10243.28}, {""temp"": 21.84113, ""step"": 0, ""status"": 1, ""pres"": 968.0284, ""meas_profile"": ""HP-4"", ""meas_id"": 4, ""hum"": 37.18719, ""gas_res"": 9411.765}, {""temp"": 22.01941, ""step"": 0, ""status"": 1, ""pres"": 967.677, ""meas_profile"": ""HP-3"", ""meas_id"": 3, ""hum"": 37.71703, ""gas_res"": 6938.421}, {""temp"": 21.92913, ""step"": 0, ""status"": 1, ""pres"": 967.7818, ""meas_profile"": ""HP-2"", ""meas_id"": 2, ""hum"": 37.94101, ""gas_res"": 6858.123}, {""temp"": 21.70845, ""step"": 0, ""status"": 1, ""pres"": 967.8764, ""meas_profile"": ""HP-1"", ""meas_id"": 1, ""hum"": 36.57687, ""gas_res"": 6652.807}]}",NULL,"2025-10-27 08:49:47.425656"
11341,"04a600b9b0b8","2025-10-27 08:48:27","jJ11Ls2nWFbPKLV8AGJz","{""zphs01b"": {""voc"": 0, ""temp"": 19.8, ""pm2_5"": 0, ""pm1_0"": 0, ""pm10"": 329, ""o3"": 0.02, ""no2"": 10.0, ""hum"": 0, ""fmhd"": 0, ""co2"": 5000, ""co"": 0.0}, ""smell_b"": {}, ""sfa30"": {""temp"": 22.295, ""hum"": 37.96, ""fmhd"": 5.8}, ""sen5x"": {""voc"": 95.0, ""temp"": 21.955, ""pm4_0"": 4285.4, ""pm2_5"": 4285.4, ""pm1_0"": 4086.3, ""pm10"": 4285.4, ""nox"": 1.0, ""mass_c"": 4235.625, ""hum"": 44.28}, ""scd41"": {""temp"": 21.83032, ""hum"": 40.53864, ""co2"": 628}, ""power_source"": 0, ""mics6814"": {""red_res"": 0, ""no2_res"": 0, ""no2"": 0.17, ""nh3_res"": 0, ""nh3"": 0.73, ""co_res"": 0, ""co"": 44.0}}",NULL,"2025-10-27 08:49:48.595839"
11342,"04a600b9b0b8","2025-10-27 08:48:27","jJ11Ls2nWFbPKLV8AGJz","{""bme688"": [{""temp"": 22.1164, ""step"": 9, ""status"": 1, ""pres"": 967.8665, ""meas_profile"": ""HP-8"", ""meas_id"": 8, ""hum"": 37.79562, ""gas_res"": 5684.846}, {""temp"": 22.07414, ""step"": 9, ""status"": 1, ""pres"": 968.0652, ""meas_profile"": ""HP-7"", ""meas_id"": 7, ""hum"": 37.67781, ""gas_res"": 5684.846}, {""temp"": 22.16025, ""step"": 9, ""status"": 1, ""pres"": 968.1732, ""meas_profile"": ""HP-6"", ""meas_id"": 6, ""hum"": 37.53767, ""gas_res"": 5684.846}, {""temp"": 22.03621, ""step"": 9, ""status"": 1, ""pres"": 967.8906, ""meas_profile"": ""HP-5"", ""meas_id"": 5, ""hum"": 37.74893, ""gas_res"": 9478.673}, {""temp"": 21.84082, ""step"": 9, ""status"": 1, ""pres"": 968.0295, ""meas_profile"": ""HP-4"", ""meas_id"": 4, ""hum"": 37.15785, ""gas_res"": 8363.826}, {""temp"": 22.0191, ""step"": 9, ""status"": 1, ""pres"": 967.6782, ""meas_profile"": ""HP-3"", ""meas_id"": 3, ""hum"": 37.68182, ""gas_res"": 6603.384}, {""temp"": 21.92882, ""step"": 9, ""status"": 1, ""pres"": 967.783, ""meas_profile"": ""HP-2"", ""meas_id"": 2, ""hum"": 37.91199, ""gas_res"": 6214.799}, {""temp"": 21.70814, ""step"": 9, ""status"": 1, ""pres"": 967.8759, ""meas_profile"": ""HP-1"", ""meas_id"": 1, ""hum"": 36.55896, ""gas_res"": 5850.091}]}",NULL,"2025-10-27 08:49:50.078467"
11343,"04a600b9b0b8","2025-10-27 08:48:27","jJ11Ls2nWFbPKLV8AGJz","{""bme688"": [{""temp"": 22.11579, ""step"": 8, ""status"": 1, ""pres"": 967.8672, ""meas_profile"": ""HP-8"", ""meas_id"": 8, ""hum"": 37.8131, ""gas_res"": 5684.846}, {""temp"": 22.07352, ""step"": 8, ""status"": 1, ""pres"": 968.0658, ""meas_profile"": ""HP-7"", ""meas_id"": 7, ""hum"": 37.68353, ""gas_res"": 5684.846}, {""temp"": 22.15963, ""step"": 8, ""status"": 1, ""pres"": 968.1722, ""meas_profile"": ""HP-6"", ""meas_id"": 6, ""hum"": 37.55519, ""gas_res"": 5684.846}, {""temp"": 22.03621, ""step"": 8, ""status"": 1, ""pres"": 967.8923, ""meas_profile"": ""HP-5"", ""meas_id"": 5, ""hum"": 37.76051, ""gas_res"": 9248.555}, {""temp"": 21.84082, ""step"": 8, ""status"": 1, ""pres"": 968.0311, ""meas_profile"": ""HP-4"", ""meas_id"": 4, ""hum"": 37.16957, ""gas_res"": 8606.778}, {""temp"": 22.01879, ""step"": 8, ""status"": 1, ""pres"": 967.6794, ""meas_profile"": ""HP-3"", ""meas_id"": 3, ""hum"": 37.67592, ""gas_res"": 6240.25}, {""temp"": 21.9282, ""step"": 8, ""status"": 1, ""pres"": 967.7838, ""meas_profile"": ""HP-2"", ""meas_id"": 2, ""hum"": 37.92352, ""gas_res"": 6229.317}, {""temp"": 21.70783, ""step"": 8, ""status"": 1, ""pres"": 967.8773, ""meas_profile"": ""HP-1"", ""meas_id"": 1, ""hum"": 36.55297, ""gas_res"": 6042.296}]}",NULL,"2025-10-27 08:49:51.278371"
11344,"04a600b9b0b8","2025-10-27 08:48:27","jJ11Ls2nWFbPKLV8AGJz","{""bme688"": [{""temp"": 22.11517, ""step"": 7, ""status"": 1, ""pres"": 967.8681, ""meas_profile"": ""HP-8"", ""meas_id"": 8, ""hum"": 37.81888, ""gas_res"": 5684.846}, {""temp"": 22.0729, ""step"": 7, ""status"": 1, ""pres"": 968.0666, ""meas_profile"": ""HP-7"", ""meas_id"": 7, ""hum"": 37.71236, ""gas_res"": 5684.846}, {""temp"": 22.15902, ""step"": 7, ""status"": 1, ""pres"": 968.1732, ""meas_profile"": ""HP-6"", ""meas_id"": 6, ""hum"": 37.53755, ""gas_res"": 5684.846}, {""temp"": 22.03589, ""step"": 7, ""status"": 1, ""pres"": 967.8935, ""meas_profile"": ""HP-5"", ""meas_id"": 5, ""hum"": 37.77207, ""gas_res"": 9504.01}, {""temp"": 21.84051, ""step"": 7, ""status"": 1, ""pres"": 968.0323, ""meas_profile"": ""HP-4"", ""meas_id"": 4, ""hum"": 37.16954, ""gas_res"": 8531.059}, {""temp"": 22.01848, ""step"": 7, ""status"": 1, ""pres"": 967.6806, ""meas_profile"": ""HP-3"", ""meas_id"": 3, ""hum"": 37.69934, ""gas_res"": 5818.182}, {""temp"": 21.92758, ""step"": 7, ""status"": 1, ""pres"": 967.7844, ""meas_profile"": ""HP-2"", ""meas_id"": 2, ""hum"": 37.91766, ""gas_res"": 5944.641}, {""temp"": 21.70721, ""step"": 7, ""status"": 1, ""pres"": 967.8782, ""meas_profile"": ""HP-1"", ""meas_id"": 1, ""hum"": 36.57674, ""gas_res"": 5786.619}]}",NULL,"2025-10-27 08:49:52.555792"
11345,"04a600b9b0b8","2025-10-27 08:48:27","jJ11Ls2nWFbPKLV8AGJz","{""bme688"": [{""temp"": 22.11455, ""step"": 6, ""status"": 1, ""pres"": 967.867, ""meas_profile"": ""HP-8"", ""meas_id"": 8, ""hum"": 37.81882, ""gas_res"": 5684.846}, {""temp"": 22.07259, ""step"": 6, ""status"": 1, ""pres"": 968.0677, ""meas_profile"": ""HP-7"", ""meas_id"": 7, ""hum"": 37.71233, ""gas_res"": 6150.298}, {""temp"": 22.15871, ""step"": 6, ""status"": 1, ""pres"": 968.1727, ""meas_profile"": ""HP-6"", ""meas_id"": 6, ""hum"": 37.56095, ""gas_res"": 17089.45}, {""temp"": 22.03589, ""step"": 6, ""status"": 1, ""pres"": 967.8935, ""meas_profile"": ""HP-5"", ""meas_id"": 5, ""hum"": 37.77207, ""gas_res"": 45567.82}, {""temp"": 21.84019, ""step"": 6, ""status"": 1, ""pres"": 968.0319, ""meas_profile"": ""HP-4"", ""meas_id"": 4, ""hum"": 37.18123, ""gas_res"": 100000.0}, {""temp"": 22.01817, ""step"": 6, ""status"": 1, ""pres"": 967.6818, ""meas_profile"": ""HP-3"", ""meas_id"": 3, ""hum"": 37.68759, ""gas_res"": 30534.35}, {""temp"": 21.92758, ""step"": 6, ""status"": 1, ""pres"": 967.7862, ""meas_profile"": ""HP-2"", ""meas_id"": 2, ""hum"": 37.94085, ""gas_res"": 45133.99}, {""temp"": 21.70721, ""step"": 6, ""status"": 1, ""pres"": 967.88, ""meas_profile"": ""HP-1"", ""meas_id"": 1, ""hum"": 36.56483, ""gas_res"": 37122.97}]}",NULL,"2025-10-27 08:49:53.82651"
11346,"04a600b9b0b8","2025-10-27 08:48:27","jJ11Ls2nWFbPKLV8AGJz","{""bme688"": [{""temp"": 22.11393, ""step"": 5, ""status"": 1, ""pres"": 967.8678, ""meas_profile"": ""HP-8"", ""meas_id"": 8, ""hum"": 37.84214, ""gas_res"": 5684.846}, {""temp"": 22.07228, ""step"": 5, ""status"": 1, ""pres"": 968.0688, ""meas_profile"": ""HP-7"", ""meas_id"": 7, ""hum"": 37.72963, ""gas_res"": 6008.261}, {""temp"": 22.15809, ""step"": 5, ""status"": 1, ""pres"": 968.1733, ""meas_profile"": ""HP-6"", ""meas_id"": 6, ""hum"": 37.55503, ""gas_res"": 16520.39}, {""temp"": 22.03558, ""step"": 5, ""status"": 1, ""pres"": 967.8946, ""meas_profile"": ""HP-5"", ""meas_id"": 5, ""hum"": 37.81259, ""gas_res"": 44244.73}, {""temp"": 21.84019, ""step"": 5, ""status"": 1, ""pres"": 968.0336, ""meas_profile"": ""HP-4"", ""meas_id"": 4, ""hum"": 37.20467, ""gas_res"": 100000.0}, {""temp"": 22.01786, ""step"": 5, ""status"": 1, ""pres"": 967.6813, ""meas_profile"": ""HP-3"", ""meas_id"": 3, ""hum"": 37.70515, ""gas_res"": 29077.69}, {""temp"": 21.92727, ""step"": 5, ""status"": 1, ""pres"": 967.7873, ""meas_profile"": ""HP-2"", ""meas_id"": 2, ""hum"": 37.94662, ""gas_res"": 42953.02}, {""temp"": 21.7069, ""step"": 5, ""status"": 1, ""pres"": 967.8795, ""meas_profile"": ""HP-1"", ""meas_id"": 1, ""hum"": 36.59459, ""gas_res"": 34371.64}]}",NULL,"2025-10-27 08:49:55.201672"
11347,"04a600b9b0b8","2025-10-27 08:48:27","jJ11Ls2nWFbPKLV8AGJz","{""bme688"": [{""temp"": 22.11332, ""step"": 4, ""status"": 1, ""pres"": 967.8668, ""meas_profile"": ""HP-8"", ""meas_id"": 8, ""hum"": 37.84793, ""gas_res"": 5684.846}, {""temp"": 22.07197, ""step"": 4, ""status"": 1, ""pres"": 968.0701, ""meas_profile"": ""HP-7"", ""meas_id"": 7, ""hum"": 37.74694, ""gas_res"": 5850.091}, {""temp"": 22.15778, ""step"": 4, ""status"": 1, ""pres"": 968.1728, ""meas_profile"": ""HP-6"", ""meas_id"": 6, ""hum"": 37.5843, ""gas_res"": 16133.1}, {""temp"": 22.03527, ""step"": 4, ""status"": 1, ""pres"": 967.8959, ""meas_profile"": ""HP-5"", ""meas_id"": 5, ""hum"": 37.81835, ""gas_res"": 43700.92}, {""temp"": 21.83989, ""step"": 4, ""status"": 1, ""pres"": 968.0349, ""meas_profile"": ""HP-4"", ""meas_id"": 4, ""hum"": 37.22222, ""gas_res"": 100000.0}, {""temp"": 22.01755, ""step"": 4, ""status"": 1, ""pres"": 967.6824, ""meas_profile"": ""HP-3"", ""meas_id"": 3, ""hum"": 37.73444, ""gas_res"": 27735.64}, {""temp"": 21.92696, ""step"": 4, ""status"": 1, ""pres"": 967.7867, ""meas_profile"": ""HP-2"", ""meas_id"": 2, ""hum"": 37.95239, ""gas_res"": 41091.49}, {""temp"": 21.7069, ""step"": 4, ""status"": 1, ""pres"": 967.8812, ""meas_profile"": ""HP-1"", ""meas_id"": 1, ""hum"": 36.60056, ""gas_res"": 32837.35}]}",NULL,"2025-10-27 08:49:56.390782"
11348,"04a600b9b0b8","2025-10-27 08:48:27","jJ11Ls2nWFbPKLV8AGJz","{""bme688"": [{""temp"": 22.1127, ""step"": 3, ""status"": 0, ""pres"": 967.8677, ""meas_profile"": ""HP-8"", ""meas_id"": 8, ""hum"": 37.87125, ""gas_res"": 5684.846}, {""temp"": 22.07135, ""step"": 3, ""status"": 0, ""pres"": 968.0709, ""meas_profile"": ""HP-7"", ""meas_id"": 7, ""hum"": 37.77, ""gas_res"": 5684.846}, {""temp"": 22.15717, ""step"": 3, ""status"": 0, ""pres"": 968.1736, ""meas_profile"": ""HP-6"", ""meas_id"": 6, ""hum"": 37.61354, ""gas_res"": 6775.354}, {""temp"": 22.03464, ""step"": 3, ""status"": 0, ""pres"": 967.8965, ""meas_profile"": ""HP-5"", ""meas_id"": 5, ""hum"": 37.84147, ""gas_res"": 19230.77}, {""temp"": 21.83926, ""step"": 3, ""status"": 0, ""pres"": 968.0355, ""meas_profile"": ""HP-4"", ""meas_id"": 4, ""hum"": 37.22802, ""gas_res"": 25947.7}, {""temp"": 22.01694, ""step"": 3, ""status"": 0, ""pres"": 967.6831, ""meas_profile"": ""HP-3"", ""meas_id"": 3, ""hum"": 37.75784, ""gas_res"": 15477.63}, {""temp"": 21.92634, ""step"": 3, ""status"": 0, ""pres"": 967.7874, ""meas_profile"": ""HP-2"", ""meas_id"": 2, ""hum"": 37.97552, ""gas_res"": 22638.84}, {""temp"": 21.70627, ""step"": 3, ""status"": 0, ""pres"": 967.882, ""meas_profile"": ""HP-1"", ""meas_id"": 1, ""hum"": 36.61838, ""gas_res"": 15740.29}]}",NULL,"2025-10-27 08:49:57.665083"
11349,"04a600b9b0b8","2025-10-27 08:48:27","jJ11Ls2nWFbPKLV8AGJz","{""bme688"": [{""temp"": 22.11208, ""step"": 2, ""status"": 1, ""pres"": 967.8668, ""meas_profile"": ""HP-8"", ""meas_id"": 8, ""hum"": 37.87704, ""gas_res"": 5684.846}, {""temp"": 22.07135, ""step"": 2, ""status"": 1, ""pres"": 968.0725, ""meas_profile"": ""HP-7"", ""meas_id"": 7, ""hum"": 37.78157, ""gas_res"": 6405.124}, {""temp"": 22.15686, ""step"": 2, ""status"": 1, ""pres"": 968.1747, ""meas_profile"": ""HP-6"", ""meas_id"": 6, ""hum"": 37.62523, ""gas_res"": 18028.17}, {""temp"": 22.03433, ""step"": 2, ""status"": 1, ""pres"": 967.8959, ""meas_profile"": ""HP-5"", ""meas_id"": 5, ""hum"": 37.85883, ""gas_res"": 63618.29}, {""temp"": 21.83895, ""step"": 2, ""status"": 1, ""pres"": 968.0366, ""meas_profile"": ""HP-4"", ""meas_id"": 4, ""hum"": 37.24557, ""gas_res"": 122576.0}, {""temp"": 22.01663, ""step"": 2, ""status"": 1, ""pres"": 967.6843, ""meas_profile"": ""HP-3"", ""meas_id"": 3, ""hum"": 37.75194, ""gas_res"": 55543.5}, {""temp"": 21.92603, ""step"": 2, ""status"": 1, ""pres"": 967.7885, ""meas_profile"": ""HP-2"", ""meas_id"": 2, ""hum"": 37.97549, ""gas_res"": 91428.57}, {""temp"": 21.70565, ""step"": 2, ""status"": 1, ""pres"": 967.8831, ""meas_profile"": ""HP-1"", ""meas_id"": 1, ""hum"": 36.6362, ""gas_res"": 70271.76}]}",NULL,"2025-10-27 08:49:58.944932"
11350,"04a600b9b0b8","2025-10-27 08:48:27","jJ11Ls2nWFbPKLV8AGJz","{""bme688"": [{""temp"": 22.11177, ""step"": 1, ""status"": 1, ""pres"": 967.8679, ""meas_profile"": ""HP-8"", ""meas_id"": 8, ""hum"": 37.89455, ""gas_res"": 5684.846}, {""temp"": 22.07073, ""step"": 1, ""status"": 1, ""pres"": 968.0731, ""meas_profile"": ""HP-7"", ""meas_id"": 7, ""hum"": 37.78151, ""gas_res"": 5684.846}, {""temp"": 22.15655, ""step"": 1, ""status"": 1, ""pres"": 968.1743, ""meas_profile"": ""HP-6"", ""meas_id"": 6, ""hum"": 37.6252, ""gas_res"": 7304.269}, {""temp"": 22.03433, ""step"": 1, ""status"": 1, ""pres"": 967.8976, ""meas_profile"": ""HP-5"", ""meas_id"": 5, ""hum"": 37.84724, ""gas_res"": 25000.0}, {""temp"": 21.83864, ""step"": 1, ""status"": 1, ""pres"": 968.0359, ""meas_profile"": ""HP-4"", ""meas_id"": 4, ""hum"": 37.24554, ""gas_res"": 25000.0}, {""temp"": 22.01632, ""step"": 1, ""status"": 1, ""pres"": 967.6855, ""meas_profile"": ""HP-3"", ""meas_id"": 3, ""hum"": 37.78124, ""gas_res"": 25000.0}, {""temp"": 21.92571, ""step"": 1, ""status"": 1, ""pres"": 967.7897, ""meas_profile"": ""HP-2"", ""meas_id"": 2, ""hum"": 37.98705, ""gas_res"": 25000.0}, {""temp"": 21.70565, ""step"": 1, ""status"": 1, ""pres"": 967.8831, ""meas_profile"": ""HP-1"", ""meas_id"": 1, ""hum"": 36.61236, ""gas_res"": 25000.0}]}",NULL,"2025-10-27 08:50:00.340913"
11351,"04a600b9b0b8","2025-10-27 08:48:27","jJ11Ls2nWFbPKLV8AGJz","{""bme688"": [{""temp"": 22.11115, ""step"": 0, ""status"": 1, ""pres"": 967.8688, ""meas_profile"": ""HP-8"", ""meas_id"": 8, ""hum"": 37.90034, ""gas_res"": 5684.846}, {""temp"": 22.07042, ""step"": 0, ""status"": 1, ""pres"": 968.0742, ""meas_profile"": ""HP-7"", ""meas_id"": 7, ""hum"": 37.77569, ""gas_res"": 5684.846}, {""temp"": 22.15593, ""step"": 0, ""status"": 1, ""pres"": 968.175, ""meas_profile"": ""HP-6"", ""meas_id"": 6, ""hum"": 37.64273, ""gas_res"": 5684.846}, {""temp"": 22.03402, ""step"": 0, ""status"": 1, ""pres"": 967.8971, ""meas_profile"": ""HP-5"", ""meas_id"": 5, ""hum"": 37.87039, ""gas_res"": 9520.976}, {""temp"": 21.83864, ""step"": 0, ""status"": 1, ""pres"": 968.0377, ""meas_profile"": ""HP-4"", ""meas_id"": 4, ""hum"": 37.24554, ""gas_res"": 8279.431}, {""temp"": 22.01601, ""step"": 0, ""status"": 1, ""pres"": 967.6851, ""meas_profile"": ""HP-3"", ""meas_id"": 3, ""hum"": 37.78121, ""gas_res"": 5739.91}, {""temp"": 21.9254, ""step"": 0, ""status"": 1, ""pres"": 967.7908, ""meas_profile"": ""HP-2"", ""meas_id"": 2, ""hum"": 37.98122, ""gas_res"": 7536.505}, {""temp"": 21.70503, ""step"": 0, ""status"": 1, ""pres"": 967.8839, ""meas_profile"": ""HP-1"", ""meas_id"": 1, ""hum"": 36.6421, ""gas_res"": 5684.846}]}",NULL,"2025-10-27 08:50:01.540156"
