"id","box_id","ts","measurement_id","measurement_data","description","created_at"
12762,"04a600b9b0b8","2025-10-27 13:04:52","BD07Puk1opKlGBpynexQ","{""zphs01b"": {""voc"": 0, ""temp"": 18.2, ""pm2_5"": 0, ""pm1_0"": 0, ""pm10"": 366, ""o3"": 0.02, ""no2"": 0.82, ""hum"": 0, ""fmhd"": 0, ""co2"": 5000, ""co"": 0.0}, ""smell_b"": {}, ""sfa30"": {""temp"": 20.74, ""hum"": 36.36, ""fmhd"": 0.6}, ""sen5x"": {""voc"": 98.0, ""temp"": 20.8, ""pm4_0"": 4404.2, ""pm2_5"": 4404.2, ""pm1_0"": 4199.7, ""pm10"": 4404.2, ""nox"": 1.0, ""mass_c"": 4353.075, ""hum"": 41.01}, ""scd41"": {""temp"": 19.91302, ""hum"": 39.18364, ""co2"": 587}, ""power_source"": 0, ""mics6814"": {""red_res"": 0, ""no2_res"": 0, ""no2"": 0.17, ""nh3_res"": 0, ""nh3"": 0.73, ""co_res"": 0, ""co"": 44.0}}",NULL,"2025-10-27 13:05:53.369918"
12763,"04a600b9b0b8","2025-10-27 13:04:52","BD07Puk1opKlGBpynexQ","{""bme688"": [{""temp"": 20.31179, ""step"": 9, ""status"": 1, ""pres"": 966.0257, ""meas_profile"": ""HP-8"", ""meas_id"": 8, ""hum"": 36.62973, ""gas_res"": 5684.846}, {""temp"": 20.28338, ""step"": 9, ""status"": 1, ""pres"": 966.1957, ""meas_profile"": ""HP-7"", ""meas_id"": 7, ""hum"": 36.47937, ""gas_res"": 5684.846}, {""temp"": 20.33339, ""step"": 9, ""status"": 1, ""pres"": 966.3926, ""meas_profile"": ""HP-6"", ""meas_id"": 6, ""hum"": 36.41473, ""gas_res"": 6401.28}, {""temp"": 20.22748, ""step"": 9, ""status"": 1, ""pres"": 966.043, ""meas_profile"": ""HP-5"", ""meas_id"": 5, ""hum"": 36.56906, ""gas_res"": 25000.0}, {""temp"": 19.84015, ""step"": 9, ""status"": 1, ""pres"": 966.2692, ""meas_profile"": ""HP-4"", ""meas_id"": 4, ""hum"": 36.26999, ""gas_res"": 25000.0}, {""temp"": 20.01497, ""step"": 9, ""status"": 1, ""pres"": 965.8616, ""meas_profile"": ""HP-3"", ""meas_id"": 3, ""hum"": 36.81379, ""gas_res"": 6229.317}, {""temp"": 19.89182, ""step"": 9, ""status"": 1, ""pres"": 965.9596, ""meas_profile"": ""HP-2"", ""meas_id"": 2, ""hum"": 37.05899, ""gas_res"": 7380.074}, {""temp"": 19.66132, ""step"": 9, ""status"": 1, ""pres"": 966.1044, ""meas_profile"": ""HP-1"", ""meas_id"": 1, ""hum"": 35.32747, ""gas_res"": 8337.676}]}",NULL,"2025-10-27 13:05:54.665063"
12764,"04a600b9b0b8","2025-10-27 13:04:52","BD07Puk1opKlGBpynexQ","{""bme688"": [{""temp"": 20.31024, ""step"": 8, ""status"": 1, ""pres"": 966.0249, ""meas_profile"": ""HP-8"", ""meas_id"": 8, ""hum"": 36.61801, ""gas_res"": 5684.846}, {""temp"": 20.28214, ""step"": 8, ""status"": 1, ""pres"": 966.1955, ""meas_profile"": ""HP-7"", ""meas_id"": 7, ""hum"": 36.50784, ""gas_res"": 5684.846}, {""temp"": 20.33216, ""step"": 8, ""status"": 1, ""pres"": 966.3923, ""meas_profile"": ""HP-6"", ""meas_id"": 6, ""hum"": 36.43201, ""gas_res"": 6534.613}, {""temp"": 20.22623, ""step"": 8, ""status"": 1, ""pres"": 966.0427, ""meas_profile"": ""HP-5"", ""meas_id"": 5, ""hum"": 36.5976, ""gas_res"": 25000.0}, {""temp"": 19.83829, ""step"": 8, ""status"": 1, ""pres"": 966.2695, ""meas_profile"": ""HP-4"", ""meas_id"": 4, ""hum"": 36.27562, ""gas_res"": 23255.81}, {""temp"": 20.01311, ""step"": 8, ""status"": 1, ""pres"": 965.8618, ""meas_profile"": ""HP-3"", ""meas_id"": 3, ""hum"": 36.81941, ""gas_res"": 7934.54}, {""temp"": 19.88996, ""step"": 8, ""status"": 1, ""pres"": 965.96, ""meas_profile"": ""HP-2"", ""meas_id"": 2, ""hum"": 37.08755, ""gas_res"": 7319.305}, {""temp"": 19.65914, ""step"": 8, ""status"": 1, ""pres"": 966.1047, ""meas_profile"": ""HP-1"", ""meas_id"": 1, ""hum"": 35.36262, ""gas_res"": 5901.881}]}",NULL,"2025-10-27 13:05:55.744381"
12765,"04a600b9b0b8","2025-10-27 13:04:52","BD07Puk1opKlGBpynexQ","{""bme688"": [{""temp"": 20.3087, ""step"": 7, ""status"": 1, ""pres"": 966.0225, ""meas_profile"": ""HP-8"", ""meas_id"": 8, ""hum"": 36.641, ""gas_res"": 5684.846}, {""temp"": 20.28058, ""step"": 7, ""status"": 1, ""pres"": 966.1945, ""meas_profile"": ""HP-7"", ""meas_id"": 7, ""hum"": 36.51342, ""gas_res"": 5684.846}, {""temp"": 20.33092, ""step"": 7, ""status"": 1, ""pres"": 966.392, ""meas_profile"": ""HP-6"", ""meas_id"": 6, ""hum"": 36.44349, ""gas_res"": 6607.475}, {""temp"": 20.22529, ""step"": 7, ""status"": 1, ""pres"": 966.0429, ""meas_profile"": ""HP-5"", ""meas_id"": 5, ""hum"": 36.60325, ""gas_res"": 25000.0}, {""temp"": 19.83705, ""step"": 7, ""status"": 1, ""pres"": 966.2724, ""meas_profile"": ""HP-4"", ""meas_id"": 4, ""hum"": 36.31035, ""gas_res"": 21031.88}, {""temp"": 20.01126, ""step"": 7, ""status"": 1, ""pres"": 965.8622, ""meas_profile"": ""HP-3"", ""meas_id"": 3, ""hum"": 36.85993, ""gas_res"": 7239.819}, {""temp"": 19.88809, ""step"": 7, ""status"": 1, ""pres"": 965.9603, ""meas_profile"": ""HP-2"", ""meas_id"": 2, ""hum"": 37.1161, ""gas_res"": 6915.928}, {""temp"": 19.65728, ""step"": 7, ""status"": 1, ""pres"": 966.1036, ""meas_profile"": ""HP-1"", ""meas_id"": 1, ""hum"": 35.38602, ""gas_res"": 7801.073}]}",NULL,"2025-10-27 13:05:57.032079"
12766,"04a600b9b0b8","2025-10-27 13:04:52","BD07Puk1opKlGBpynexQ","{""bme688"": [{""temp"": 20.30777, ""step"": 6, ""status"": 1, ""pres"": 966.0229, ""meas_profile"": ""HP-8"", ""meas_id"": 8, ""hum"": 36.65827, ""gas_res"": 11072.66}, {""temp"": 20.27934, ""step"": 6, ""status"": 1, ""pres"": 966.1941, ""meas_profile"": ""HP-7"", ""meas_id"": 7, ""hum"": 36.52473, ""gas_res"": 17367.71}, {""temp"": 20.32999, ""step"": 6, ""status"": 1, ""pres"": 966.3923, ""meas_profile"": ""HP-6"", ""meas_id"": 6, ""hum"": 36.46081, ""gas_res"": 36962.17}, {""temp"": 20.22435, ""step"": 6, ""status"": 1, ""pres"": 966.043, ""meas_profile"": ""HP-5"", ""meas_id"": 5, ""hum"": 36.62035, ""gas_res"": 141946.2}, {""temp"": 19.8355, ""step"": 6, ""status"": 1, ""pres"": 966.2715, ""meas_profile"": ""HP-4"", ""meas_id"": 4, ""hum"": 36.31021, ""gas_res"": 158858.2}, {""temp"": 20.00971, ""step"": 6, ""status"": 1, ""pres"": 965.8631, ""meas_profile"": ""HP-3"", ""meas_id"": 3, ""hum"": 36.85397, ""gas_res"": 100000.0}, {""temp"": 19.88623, ""step"": 6, ""status"": 1, ""pres"": 965.9606, ""meas_profile"": ""HP-2"", ""meas_id"": 2, ""hum"": 37.15042, ""gas_res"": 123373.5}, {""temp"": 19.6551, ""step"": 6, ""status"": 1, ""pres"": 966.1038, ""meas_profile"": ""HP-1"", ""meas_id"": 1, ""hum"": 35.40939, ""gas_res"": 97061.61}]}",NULL,"2025-10-27 13:05:58.319904"
12767,"04a600b9b0b8","2025-10-27 13:04:52","BD07Puk1opKlGBpynexQ","{""bme688"": [{""temp"": 20.30715, ""step"": 5, ""status"": 1, ""pres"": 966.0219, ""meas_profile"": ""HP-8"", ""meas_id"": 8, ""hum"": 36.664, ""gas_res"": 10836.44}, {""temp"": 20.27841, ""step"": 5, ""status"": 1, ""pres"": 966.1943, ""meas_profile"": ""HP-7"", ""meas_id"": 7, ""hum"": 36.51892, ""gas_res"": 17075.77}, {""temp"": 20.32907, ""step"": 5, ""status"": 1, ""pres"": 966.3926, ""meas_profile"": ""HP-6"", ""meas_id"": 6, ""hum"": 36.46652, ""gas_res"": 36581.88}, {""temp"": 20.22342, ""step"": 5, ""status"": 1, ""pres"": 966.043, ""meas_profile"": ""HP-5"", ""meas_id"": 5, ""hum"": 36.6604, ""gas_res"": 140197.2}, {""temp"": 19.83394, ""step"": 5, ""status"": 1, ""pres"": 966.2723, ""meas_profile"": ""HP-4"", ""meas_id"": 4, ""hum"": 36.34491, ""gas_res"": 157248.2}, {""temp"": 20.00817, ""step"": 5, ""status"": 1, ""pres"": 965.8639, ""meas_profile"": ""HP-3"", ""meas_id"": 3, ""hum"": 36.87707, ""gas_res"": 90267.98}, {""temp"": 19.88437, ""step"": 5, ""status"": 1, ""pres"": 965.9592, ""meas_profile"": ""HP-2"", ""meas_id"": 2, ""hum"": 37.15025, ""gas_res"": 118408.9}, {""temp"": 19.65385, ""step"": 5, ""status"": 1, ""pres"": 966.1037, ""meas_profile"": ""HP-1"", ""meas_id"": 1, ""hum"": 35.42107, ""gas_res"": 100000.0}]}",NULL,"2025-10-27 13:05:59.771583"
12768,"04a600b9b0b8","2025-10-27 13:04:52","BD07Puk1opKlGBpynexQ","{""bme688"": [{""temp"": 20.30623, ""step"": 4, ""status"": 1, ""pres"": 966.0222, ""meas_profile"": ""HP-8"", ""meas_id"": 8, ""hum"": 36.66391, ""gas_res"": 10610.08}, {""temp"": 20.27717, ""step"": 4, ""status"": 1, ""pres"": 966.1939, ""meas_profile"": ""HP-7"", ""meas_id"": 7, ""hum"": 36.53596, ""gas_res"": 16662.33}, {""temp"": 20.32845, ""step"": 4, ""status"": 1, ""pres"": 966.3915, ""meas_profile"": ""HP-6"", ""meas_id"": 6, ""hum"": 36.47806, ""gas_res"": 36550.54}, {""temp"": 20.22279, ""step"": 4, ""status"": 1, ""pres"": 966.0437, ""meas_profile"": ""HP-5"", ""meas_id"": 5, ""hum"": 36.64314, ""gas_res"": 142897.0}, {""temp"": 19.83239, ""step"": 4, ""status"": 1, ""pres"": 966.2714, ""meas_profile"": ""HP-4"", ""meas_id"": 4, ""hum"": 36.368, ""gas_res"": 163109.3}, {""temp"": 20.00662, ""step"": 4, ""status"": 1, ""pres"": 965.863, ""meas_profile"": ""HP-3"", ""meas_id"": 3, ""hum"": 36.91182, ""gas_res"": 85647.38}, {""temp"": 19.8825, ""step"": 4, ""status"": 1, ""pres"": 965.9595, ""meas_profile"": ""HP-2"", ""meas_id"": 2, ""hum"": 37.17882, ""gas_res"": 113224.2}, {""temp"": 19.6523, ""step"": 4, ""status"": 1, ""pres"": 966.1032, ""meas_profile"": ""HP-1"", ""meas_id"": 1, ""hum"": 35.4563, ""gas_res"": 100000.0}]}",NULL,"2025-10-27 13:06:00.913807"
12769,"04a600b9b0b8","2025-10-27 13:04:52","BD07Puk1opKlGBpynexQ","{""bme688"": [{""temp"": 20.3053, ""step"": 3, ""status"": 1, ""pres"": 966.0208, ""meas_profile"": ""HP-8"", ""meas_id"": 8, ""hum"": 36.71012, ""gas_res"": 27699.63}, {""temp"": 20.27624, ""step"": 3, ""status"": 1, ""pres"": 966.1924, ""meas_profile"": ""HP-7"", ""meas_id"": 7, ""hum"": 36.54159, ""gas_res"": 40314.96}, {""temp"": 20.32722, ""step"": 3, ""status"": 1, ""pres"": 966.3912, ""meas_profile"": ""HP-6"", ""meas_id"": 6, ""hum"": 36.48955, ""gas_res"": 164207.8}, {""temp"": 20.22154, ""step"": 3, ""status"": 1, ""pres"": 966.0416, ""meas_profile"": ""HP-5"", ""meas_id"": 5, ""hum"": 36.65449, ""gas_res"": 487155.1}, {""temp"": 19.83084, ""step"": 3, ""status"": 1, ""pres"": 966.2722, ""meas_profile"": ""HP-4"", ""meas_id"": 4, ""hum"": 36.39691, ""gas_res"": 725983.7}, {""temp"": 20.00508, ""step"": 3, ""status"": 1, ""pres"": 965.8622, ""meas_profile"": ""HP-3"", ""meas_id"": 3, ""hum"": 36.94075, ""gas_res"": 322824.7}, {""temp"": 19.88064, ""step"": 3, ""status"": 1, ""pres"": 965.9582, ""meas_profile"": ""HP-2"", ""meas_id"": 2, ""hum"": 37.2189, ""gas_res"": 653061.3}, {""temp"": 19.65043, ""step"": 3, ""status"": 1, ""pres"": 966.1021, ""meas_profile"": ""HP-1"", ""meas_id"": 1, ""hum"": 35.47382, ""gas_res"": 460846.1}]}",NULL,"2025-10-27 13:06:02.148574"
12770,"04a600b9b0b8","2025-10-27 13:04:52","BD07Puk1opKlGBpynexQ","{""bme688"": [{""temp"": 20.30437, ""step"": 2, ""status"": 1, ""pres"": 966.021, ""meas_profile"": ""HP-8"", ""meas_id"": 8, ""hum"": 36.71003, ""gas_res"": 28998.64}, {""temp"": 20.2753, ""step"": 2, ""status"": 1, ""pres"": 966.1926, ""meas_profile"": ""HP-7"", ""meas_id"": 7, ""hum"": 36.57582, ""gas_res"": 42737.9}, {""temp"": 20.32629, ""step"": 2, ""status"": 1, ""pres"": 966.3915, ""meas_profile"": ""HP-6"", ""meas_id"": 6, ""hum"": 36.52428, ""gas_res"": 204350.4}, {""temp"": 20.2206, ""step"": 2, ""status"": 1, ""pres"": 966.0419, ""meas_profile"": ""HP-5"", ""meas_id"": 5, ""hum"": 36.6544, ""gas_res"": 621547.8}, {""temp"": 19.82928, ""step"": 2, ""status"": 1, ""pres"": 966.2712, ""meas_profile"": ""HP-4"", ""meas_id"": 4, ""hum"": 36.42001, ""gas_res"": 986275.0}, {""temp"": 20.00353, ""step"": 2, ""status"": 1, ""pres"": 965.8614, ""meas_profile"": ""HP-3"", ""meas_id"": 3, ""hum"": 36.94642, ""gas_res"": 389131.7}, {""temp"": 19.87909, ""step"": 2, ""status"": 1, ""pres"": 965.959, ""meas_profile"": ""HP-2"", ""meas_id"": 2, ""hum"": 37.23601, ""gas_res"": 745812.1}, {""temp"": 19.64887, ""step"": 2, ""status"": 1, ""pres"": 966.0997, ""meas_profile"": ""HP-1"", ""meas_id"": 1, ""hum"": 35.50316, ""gas_res"": 528652.6}]}",NULL,"2025-10-27 13:06:03.423086"
12771,"04a600b9b0b8","2025-10-27 13:04:52","BD07Puk1opKlGBpynexQ","{""bme688"": [{""temp"": 20.30345, ""step"": 1, ""status"": 1, ""pres"": 966.0195, ""meas_profile"": ""HP-8"", ""meas_id"": 8, ""hum"": 36.70415, ""gas_res"": 6506.71}, {""temp"": 20.27437, ""step"": 1, ""status"": 1, ""pres"": 966.1926, ""meas_profile"": ""HP-7"", ""meas_id"": 7, ""hum"": 36.58718, ""gas_res"": 7976.072}, {""temp"": 20.32536, ""step"": 1, ""status"": 1, ""pres"": 966.3901, ""meas_profile"": ""HP-6"", ""meas_id"": 6, ""hum"": 36.50678, ""gas_res"": 25000.0}, {""temp"": 20.21997, ""step"": 1, ""status"": 1, ""pres"": 966.041, ""meas_profile"": ""HP-5"", ""meas_id"": 5, ""hum"": 36.70596, ""gas_res"": 36898.24}, {""temp"": 19.82804, ""step"": 1, ""status"": 1, ""pres"": 966.2709, ""meas_profile"": ""HP-4"", ""meas_id"": 4, ""hum"": 36.43151, ""gas_res"": 40622.02}, {""temp"": 20.00229, ""step"": 1, ""status"": 1, ""pres"": 965.861, ""meas_profile"": ""HP-3"", ""meas_id"": 3, ""hum"": 36.95794, ""gas_res"": 23490.55}, {""temp"": 19.87785, ""step"": 1, ""status"": 1, ""pres"": 965.9568, ""meas_profile"": ""HP-2"", ""meas_id"": 2, ""hum"": 37.25891, ""gas_res"": 35164.84}, {""temp"": 19.64763, ""step"": 1, ""status"": 1, ""pres"": 966.0996, ""meas_profile"": ""HP-1"", ""meas_id"": 1, ""hum"": 35.52664, ""gas_res"": 25744.17}]}",NULL,"2025-10-27 13:06:04.905012"
12772,"04a600b9b0b8","2025-10-27 13:04:52","BD07Puk1opKlGBpynexQ","{""bme688"": [{""temp"": 20.30221, ""step"": 0, ""status"": 1, ""pres"": 966.0178, ""meas_profile"": ""HP-8"", ""meas_id"": 8, ""hum"": 36.74455, ""gas_res"": 5684.846}, {""temp"": 20.27313, ""step"": 0, ""status"": 1, ""pres"": 966.1923, ""meas_profile"": ""HP-7"", ""meas_id"": 7, ""hum"": 36.59278, ""gas_res"": 5684.846}, {""temp"": 20.32444, ""step"": 0, ""status"": 1, ""pres"": 966.3885, ""meas_profile"": ""HP-6"", ""meas_id"": 6, ""hum"": 36.54152, ""gas_res"": 6439.928}, {""temp"": 20.21935, ""step"": 0, ""status"": 1, ""pres"": 966.0398, ""meas_profile"": ""HP-5"", ""meas_id"": 5, ""hum"": 36.68869, ""gas_res"": 25000.0}, {""temp"": 19.8268, ""step"": 0, ""status"": 1, ""pres"": 966.2704, ""meas_profile"": ""HP-4"", ""meas_id"": 4, ""hum"": 36.44883, ""gas_res"": 20176.54}, {""temp"": 20.00106, ""step"": 0, ""status"": 1, ""pres"": 965.8607, ""meas_profile"": ""HP-3"", ""meas_id"": 3, ""hum"": 36.99854, ""gas_res"": 6715.635}, {""temp"": 19.87629, ""step"": 0, ""status"": 1, ""pres"": 965.9578, ""meas_profile"": ""HP-2"", ""meas_id"": 2, ""hum"": 37.29329, ""gas_res"": 6389.776}, {""temp"": 19.64607, ""step"": 0, ""status"": 1, ""pres"": 966.0991, ""meas_profile"": ""HP-1"", ""meas_id"": 1, ""hum"": 35.5442, ""gas_res"": 7095.344}]}",NULL,"2025-10-27 13:06:06.638248"
12773,"04a600b9b0b8","2025-10-27 13:04:09","BD07Puk1opKlGBpynexQ","{""zphs01b"": {""voc"": 0, ""temp"": 18.1, ""pm2_5"": 0, ""pm1_0"": 0, ""pm10"": 342, ""o3"": 0.02, ""no2"": 10.0, ""hum"": 0, ""fmhd"": 0, ""co2"": 5000, ""co"": 0.0}, ""smell_b"": {}, ""sfa30"": {""temp"": 20.74, ""hum"": 36.31, ""fmhd"": 0.4}, ""sen5x"": {""voc"": 100.0, ""temp"": 20.865, ""pm4_0"": 4417.3, ""pm2_5"": 4417.3, ""pm1_0"": 4212.2, ""pm10"": 4417.3, ""nox"": 1.0, ""mass_c"": 4366.025, ""hum"": 40.66}, ""scd41"": {""temp"": 20.0412, ""hum"": 38.25895, ""co2"": 582}, ""power_source"": 0, ""mics6814"": {""red_res"": 0, ""no2_res"": 0, ""no2"": 0.17, ""nh3_res"": 0, ""nh3"": 0.73, ""co_res"": 0, ""co"": 44.0}}",NULL,"2025-10-27 13:06:07.814394"
12774,"04a600b9b0b8","2025-10-27 13:04:09","BD07Puk1opKlGBpynexQ","{""bme688"": [{""temp"": 20.30129, ""step"": 9, ""status"": 1, ""pres"": 966.0162, ""meas_profile"": ""HP-8"", ""meas_id"": 8, ""hum"": 36.76763, ""gas_res"": 5684.846}, {""temp"": 20.2722, ""step"": 9, ""status"": 1, ""pres"": 966.1906, ""meas_profile"": ""HP-7"", ""meas_id"": 7, ""hum"": 36.63275, ""gas_res"": 5684.846}, {""temp"": 20.32382, ""step"": 9, ""status"": 1, ""pres"": 966.3894, ""meas_profile"": ""HP-6"", ""meas_id"": 6, ""hum"": 36.60532, ""gas_res"": 7309.273}, {""temp"": 20.21872, ""step"": 9, ""status"": 1, ""pres"": 966.0387, ""meas_profile"": ""HP-5"", ""meas_id"": 5, ""hum"": 36.77468, ""gas_res"": 20427.71}, {""temp"": 19.82587, ""step"": 9, ""status"": 1, ""pres"": 966.2707, ""meas_profile"": ""HP-4"", ""meas_id"": 4, ""hum"": 36.58252, ""gas_res"": 11038.29}, {""temp"": 19.99982, ""step"": 9, ""status"": 1, ""pres"": 965.8604, ""meas_profile"": ""HP-3"", ""meas_id"": 3, ""hum"": 37.12068, ""gas_res"": 6232.957}, {""temp"": 19.87474, ""step"": 9, ""status"": 1, ""pres"": 965.9568, ""meas_profile"": ""HP-2"", ""meas_id"": 2, ""hum"": 37.46591, ""gas_res"": 7750.061}, {""temp"": 19.64452, ""step"": 9, ""status"": 1, ""pres"": 966.0984, ""meas_profile"": ""HP-1"", ""meas_id"": 1, ""hum"": 35.68572, ""gas_res"": 6056.018}]}",NULL,"2025-10-27 13:06:09.189125"
12775,"04a600b9b0b8","2025-10-27 13:04:09","BD07Puk1opKlGBpynexQ","{""bme688"": [{""temp"": 20.30036, ""step"": 8, ""status"": 1, ""pres"": 966.0147, ""meas_profile"": ""HP-8"", ""meas_id"": 8, ""hum"": 36.77912, ""gas_res"": 5684.846}, {""temp"": 20.27127, ""step"": 8, ""status"": 1, ""pres"": 966.1893, ""meas_profile"": ""HP-7"", ""meas_id"": 7, ""hum"": 36.64983, ""gas_res"": 5684.846}, {""temp"": 20.3232, ""step"": 8, ""status"": 1, ""pres"": 966.3883, ""meas_profile"": ""HP-6"", ""meas_id"": 6, ""hum"": 36.61688, ""gas_res"": 7385.184}, {""temp"": 20.2181, ""step"": 8, ""status"": 1, ""pres"": 966.0394, ""meas_profile"": ""HP-5"", ""meas_id"": 5, ""hum"": 36.78037, ""gas_res"": 18658.89}, {""temp"": 19.82524, ""step"": 8, ""status"": 1, ""pres"": 966.2713, ""meas_profile"": ""HP-4"", ""meas_id"": 4, ""hum"": 36.63483, ""gas_res"": 10213.85}, {""temp"": 19.99889, ""step"": 8, ""status"": 1, ""pres"": 965.8605, ""meas_profile"": ""HP-3"", ""meas_id"": 3, ""hum"": 37.15553, ""gas_res"": 7057.786}, {""temp"": 19.87381, ""step"": 8, ""status"": 1, ""pres"": 965.9572, ""meas_profile"": ""HP-2"", ""meas_id"": 2, ""hum"": 37.48887, ""gas_res"": 7039.155}, {""temp"": 19.64389, ""step"": 8, ""status"": 1, ""pres"": 966.0975, ""meas_profile"": ""HP-1"", ""meas_id"": 1, ""hum"": 35.70929, ""gas_res"": 7622.677}]}",NULL,"2025-10-27 13:06:10.557768"
12776,"04a600b9b0b8","2025-10-27 13:04:09","BD07Puk1opKlGBpynexQ","{""bme688"": [{""temp"": 20.29943, ""step"": 7, ""status"": 1, ""pres"": 966.0134, ""meas_profile"": ""HP-8"", ""meas_id"": 8, ""hum"": 36.81378, ""gas_res"": 5684.846}, {""temp"": 20.27034, ""step"": 7, ""status"": 1, ""pres"": 966.1892, ""meas_profile"": ""HP-7"", ""meas_id"": 7, ""hum"": 36.64974, ""gas_res"": 5684.846}, {""temp"": 20.32258, ""step"": 7, ""status"": 1, ""pres"": 966.389, ""meas_profile"": ""HP-6"", ""meas_id"": 6, ""hum"": 36.64005, ""gas_res"": 7239.819}, {""temp"": 20.21747, ""step"": 7, ""status"": 1, ""pres"": 966.0385, ""meas_profile"": ""HP-5"", ""meas_id"": 5, ""hum"": 36.79753, ""gas_res"": 17640.57}, {""temp"": 19.82494, ""step"": 7, ""status"": 1, ""pres"": 966.2725, ""meas_profile"": ""HP-4"", ""meas_id"": 4, ""hum"": 36.62899, ""gas_res"": 9345.794}, {""temp"": 19.99796, ""step"": 7, ""status"": 1, ""pres"": 965.8608, ""meas_profile"": ""HP-3"", ""meas_id"": 3, ""hum"": 37.17292, ""gas_res"": 6059.458}, {""temp"": 19.87319, ""step"": 7, ""status"": 1, ""pres"": 965.9559, ""meas_profile"": ""HP-2"", ""meas_id"": 2, ""hum"": 37.51762, ""gas_res"": 6115.039}, {""temp"": 19.64296, ""step"": 7, ""status"": 1, ""pres"": 966.0979, ""meas_profile"": ""HP-1"", ""meas_id"": 1, ""hum"": 35.73874, ""gas_res"": 6578.947}]}",NULL,"2025-10-27 13:06:11.75076"
12777,"04a600b9b0b8","2025-10-27 13:04:09","BD07Puk1opKlGBpynexQ","{""bme688"": [{""temp"": 20.29943, ""step"": 6, ""status"": 1, ""pres"": 966.0151, ""meas_profile"": ""HP-8"", ""meas_id"": 8, ""hum"": 36.80219, ""gas_res"": 11343.5}, {""temp"": 20.27003, ""step"": 6, ""status"": 1, ""pres"": 966.1888, ""meas_profile"": ""HP-7"", ""meas_id"": 7, ""hum"": 36.6726, ""gas_res"": 16520.39}, {""temp"": 20.32258, ""step"": 6, ""status"": 1, ""pres"": 966.389, ""meas_profile"": ""HP-6"", ""meas_id"": 6, ""hum"": 36.64005, ""gas_res"": 28900.43}, {""temp"": 20.21716, ""step"": 6, ""status"": 1, ""pres"": 966.038, ""meas_profile"": ""HP-5"", ""meas_id"": 5, ""hum"": 36.77454, ""gas_res"": 94797.26}, {""temp"": 19.824, ""step"": 6, ""status"": 1, ""pres"": 966.2709, ""meas_profile"": ""HP-4"", ""meas_id"": 4, ""hum"": 36.63472, ""gas_res"": 96676.73}, {""temp"": 19.99765, ""step"": 6, ""status"": 1, ""pres"": 965.8602, ""meas_profile"": ""HP-3"", ""meas_id"": 3, ""hum"": 37.18455, ""gas_res"": 32048.07}, {""temp"": 19.87226, ""step"": 6, ""status"": 1, ""pres"": 965.9562, ""meas_profile"": ""HP-2"", ""meas_id"": 2, ""hum"": 37.5233, ""gas_res"": 83632.8}, {""temp"": 19.64265, ""step"": 6, ""status"": 1, ""pres"": 966.0975, ""meas_profile"": ""HP-1"", ""meas_id"": 1, ""hum"": 35.75053, ""gas_res"": 39095.91}]}",NULL,"2025-10-27 13:06:13.042469"
12778,"04a600b9b0b8","2025-10-27 13:04:09","BD07Puk1opKlGBpynexQ","{""bme688"": [{""temp"": 20.29912, ""step"": 5, ""status"": 1, ""pres"": 966.0146, ""meas_profile"": ""HP-8"", ""meas_id"": 8, ""hum"": 36.83112, ""gas_res"": 11343.5}, {""temp"": 20.26941, ""step"": 5, ""status"": 1, ""pres"": 966.1879, ""meas_profile"": ""HP-7"", ""meas_id"": 7, ""hum"": 36.68399, ""gas_res"": 16533.2}, {""temp"": 20.32228, ""step"": 5, ""status"": 1, ""pres"": 966.3886, ""meas_profile"": ""HP-6"", ""meas_id"": 6, ""hum"": 36.66325, ""gas_res"": 28900.43}, {""temp"": 20.21685, ""step"": 5, ""status"": 1, ""pres"": 966.0374, ""meas_profile"": ""HP-5"", ""meas_id"": 5, ""hum"": 36.80321, ""gas_res"": 94692.06}, {""temp"": 19.82338, ""step"": 5, ""status"": 1, ""pres"": 966.2717, ""meas_profile"": ""HP-4"", ""meas_id"": 4, ""hum"": 36.65795, ""gas_res"": 94639.55}, {""temp"": 19.99734, ""step"": 5, ""status"": 1, ""pres"": 965.8614, ""meas_profile"": ""HP-3"", ""meas_id"": 3, ""hum"": 37.20782, ""gas_res"": 30274.36}, {""temp"": 19.87195, ""step"": 5, ""status"": 1, ""pres"": 965.9557, ""meas_profile"": ""HP-2"", ""meas_id"": 2, ""hum"": 37.55209, ""gas_res"": 45373.98}, {""temp"": 19.64234, ""step"": 5, ""status"": 1, ""pres"": 966.0968, ""meas_profile"": ""HP-1"", ""meas_id"": 1, ""hum"": 35.78003, ""gas_res"": 36178.63}]}",NULL,"2025-10-27 13:06:14.308248"
12779,"04a600b9b0b8","2025-10-27 13:04:09","BD07Puk1opKlGBpynexQ","{""bme688"": [{""temp"": 20.29912, ""step"": 4, ""status"": 1, ""pres"": 966.0146, ""meas_profile"": ""HP-8"", ""meas_id"": 8, ""hum"": 36.86009, ""gas_res"": 11564.87}, {""temp"": 20.26909, ""step"": 4, ""status"": 1, ""pres"": 966.1873, ""meas_profile"": ""HP-7"", ""meas_id"": 7, ""hum"": 36.70687, ""gas_res"": 16793.49}, {""temp"": 20.32228, ""step"": 4, ""status"": 1, ""pres"": 966.3886, ""meas_profile"": ""HP-6"", ""meas_id"": 6, ""hum"": 36.66325, ""gas_res"": 29643.35}, {""temp"": 20.21653, ""step"": 4, ""status"": 1, ""pres"": 966.0369, ""meas_profile"": ""HP-5"", ""meas_id"": 5, ""hum"": 36.82614, ""gas_res"": 98975.45}, {""temp"": 19.82276, ""step"": 4, ""status"": 1, ""pres"": 966.2706, ""meas_profile"": ""HP-4"", ""meas_id"": 4, ""hum"": 36.70446, ""gas_res"": 98234.84}, {""temp"": 19.99704, ""step"": 4, ""status"": 1, ""pres"": 965.861, ""meas_profile"": ""HP-3"", ""meas_id"": 3, ""hum"": 37.2311, ""gas_res"": 28861.33}, {""temp"": 19.87195, ""step"": 4, ""status"": 1, ""pres"": 965.9574, ""meas_profile"": ""HP-2"", ""meas_id"": 2, ""hum"": 37.57516, ""gas_res"": 43656.21}, {""temp"": 19.64203, ""step"": 4, ""status"": 1, ""pres"": 966.0964, ""meas_profile"": ""HP-1"", ""meas_id"": 1, ""hum"": 35.78592, ""gas_res"": 34151.55}]}",NULL,"2025-10-27 13:06:15.694666"
12780,"04a600b9b0b8","2025-10-27 13:04:09","BD07Puk1opKlGBpynexQ","{""bme688"": [{""temp"": 20.29851, ""step"": 3, ""status"": 1, ""pres"": 966.0136, ""meas_profile"": ""HP-8"", ""meas_id"": 8, ""hum"": 36.84845, ""gas_res"": 41612.48}, {""temp"": 20.26879, ""step"": 3, ""status"": 1, ""pres"": 966.1868, ""meas_profile"": ""HP-7"", ""meas_id"": 7, ""hum"": 36.73547, ""gas_res"": 56574.59}, {""temp"": 20.32228, ""step"": 3, ""status"": 1, ""pres"": 966.3886, ""meas_profile"": ""HP-6"", ""meas_id"": 6, ""hum"": 36.68649, ""gas_res"": 187066.1}, {""temp"": 20.21622, ""step"": 3, ""status"": 1, ""pres"": 966.0363, ""meas_profile"": ""HP-5"", ""meas_id"": 5, ""hum"": 36.87779, ""gas_res"": 514314.4}, {""temp"": 19.82214, ""step"": 3, ""status"": 1, ""pres"": 966.2711, ""meas_profile"": ""HP-4"", ""meas_id"": 4, ""hum"": 36.71023, ""gas_res"": 622114.2}, {""temp"": 19.99673, ""step"": 3, ""status"": 1, ""pres"": 965.8605, ""meas_profile"": ""HP-3"", ""meas_id"": 3, ""hum"": 37.26021, ""gas_res"": 246925.5}, {""temp"": 19.87133, ""step"": 3, ""status"": 1, ""pres"": 965.9562, ""meas_profile"": ""HP-2"", ""meas_id"": 2, ""hum"": 37.60393, ""gas_res"": 483360.9}, {""temp"": 19.64141, ""step"": 3, ""status"": 1, ""pres"": 966.0973, ""meas_profile"": ""HP-1"", ""meas_id"": 1, ""hum"": 35.83315, ""gas_res"": 318012.4}]}",NULL,"2025-10-27 13:06:16.878949"
12781,"04a600b9b0b8","2025-10-27 13:04:09","BD07Puk1opKlGBpynexQ","{""bme688"": [{""temp"": 20.2982, ""step"": 2, ""status"": 1, ""pres"": 966.0131, ""meas_profile"": ""HP-8"", ""meas_id"": 8, ""hum"": 36.88318, ""gas_res"": 36488.03}, {""temp"": 20.26847, ""step"": 2, ""status"": 1, ""pres"": 966.188, ""meas_profile"": ""HP-7"", ""meas_id"": 7, ""hum"": 36.73544, ""gas_res"": 50363.96}, {""temp"": 20.32197, ""step"": 2, ""status"": 1, ""pres"": 966.3879, ""meas_profile"": ""HP-6"", ""meas_id"": 6, ""hum"": 36.70971, ""gas_res"": 164050.0}, {""temp"": 20.21591, ""step"": 2, ""status"": 1, ""pres"": 966.0359, ""meas_profile"": ""HP-5"", ""meas_id"": 5, ""hum"": 36.895, ""gas_res"": 440619.6}, {""temp"": 19.82214, ""step"": 2, ""status"": 1, ""pres"": 966.2711, ""meas_profile"": ""HP-4"", ""meas_id"": 4, ""hum"": 36.74518, ""gas_res"": 527835.1}, {""temp"": 19.99642, ""step"": 2, ""status"": 1, ""pres"": 965.8616, ""meas_profile"": ""HP-3"", ""meas_id"": 3, ""hum"": 37.2835, ""gas_res"": 212360.0}, {""temp"": 19.87101, ""step"": 2, ""status"": 1, ""pres"": 965.9558, ""meas_profile"": ""HP-2"", ""meas_id"": 2, ""hum"": 37.6385, ""gas_res"": 393543.4}, {""temp"": 19.64141, ""step"": 2, ""status"": 1, ""pres"": 966.0955, ""meas_profile"": ""HP-1"", ""meas_id"": 1, ""hum"": 35.86271, ""gas_res"": 267223.4}]}",NULL,"2025-10-27 13:06:18.147481"
12782,"04a600b9b0b8","2025-10-27 13:04:09","BD07Puk1opKlGBpynexQ","{""bme688"": [{""temp"": 20.2982, ""step"": 1, ""status"": 1, ""pres"": 966.0131, ""meas_profile"": ""HP-8"", ""meas_id"": 8, ""hum"": 36.90056, ""gas_res"": 7738.815}, {""temp"": 20.26879, ""step"": 1, ""status"": 1, ""pres"": 966.1868, ""meas_profile"": ""HP-7"", ""meas_id"": 7, ""hum"": 36.76984, ""gas_res"": 8726.479}, {""temp"": 20.32228, ""step"": 1, ""status"": 1, ""pres"": 966.3903, ""meas_profile"": ""HP-6"", ""meas_id"": 6, ""hum"": 36.73298, ""gas_res"": 25000.0}, {""temp"": 20.21622, ""step"": 1, ""status"": 1, ""pres"": 966.0363, ""meas_profile"": ""HP-5"", ""meas_id"": 5, ""hum"": 36.88353, ""gas_res"": 29337.61}, {""temp"": 19.82214, ""step"": 1, ""status"": 1, ""pres"": 966.2711, ""meas_profile"": ""HP-4"", ""meas_id"": 4, ""hum"": 36.75682, ""gas_res"": 28400.27}, {""temp"": 19.99642, ""step"": 1, ""status"": 1, ""pres"": 965.8616, ""meas_profile"": ""HP-3"", ""meas_id"": 3, ""hum"": 37.32431, ""gas_res"": 25000.0}, {""temp"": 19.87101, ""step"": 1, ""status"": 1, ""pres"": 965.9574, ""meas_profile"": ""HP-2"", ""meas_id"": 2, ""hum"": 37.66158, ""gas_res"": 25000.0}, {""temp"": 19.64141, ""step"": 1, ""status"": 1, ""pres"": 966.0955, ""meas_profile"": ""HP-1"", ""meas_id"": 1, ""hum"": 35.89228, ""gas_res"": 25000.0}]}",NULL,"2025-10-27 13:06:19.431058"
12783,"04a600b9b0b8","2025-10-27 13:04:09","BD07Puk1opKlGBpynexQ","{""bme688"": [{""temp"": 20.29758, ""step"": 0, ""status"": 1, ""pres"": 966.0121, ""meas_profile"": ""HP-8"", ""meas_id"": 8, ""hum"": 36.9121, ""gas_res"": 5684.846}, {""temp"": 20.26816, ""step"": 0, ""status"": 1, ""pres"": 966.1875, ""meas_profile"": ""HP-7"", ""meas_id"": 7, ""hum"": 36.76977, ""gas_res"": 5684.846}, {""temp"": 20.32197, ""step"": 0, ""status"": 1, ""pres"": 966.3897, ""meas_profile"": ""HP-6"", ""meas_id"": 6, ""hum"": 36.73295, ""gas_res"": 6482.982}, {""temp"": 20.21622, ""step"": 0, ""status"": 1, ""pres"": 966.0363, ""meas_profile"": ""HP-5"", ""meas_id"": 5, ""hum"": 36.90651, ""gas_res"": 20826.55}, {""temp"": 19.82214, ""step"": 0, ""status"": 1, ""pres"": 966.2727, ""meas_profile"": ""HP-4"", ""meas_id"": 4, ""hum"": 36.78596, ""gas_res"": 11142.06}, {""temp"": 19.99611, ""step"": 0, ""status"": 1, ""pres"": 965.8625, ""meas_profile"": ""HP-3"", ""meas_id"": 3, ""hum"": 37.33012, ""gas_res"": 6284.368}, {""temp"": 19.8707, ""step"": 0, ""status"": 1, ""pres"": 965.957, ""meas_profile"": ""HP-2"", ""meas_id"": 2, ""hum"": 37.6731, ""gas_res"": 6087.122}, {""temp"": 19.64109, ""step"": 0, ""status"": 1, ""pres"": 966.0967, ""meas_profile"": ""HP-1"", ""meas_id"": 1, ""hum"": 35.90408, ""gas_res"": 6482.982}]}",NULL,"2025-10-27 13:06:20.828203"
12806,"04a600b9b0b8","2025-10-27 13:06:40","BD07Puk1opKlGBpynexQ","{""zphs01b"": {""voc"": 0, ""temp"": 18.3, ""pm2_5"": 0, ""pm1_0"": 0, ""pm10"": 382, ""o3"": 0.02, ""no2"": 10.0, ""hum"": 0, ""fmhd"": 0, ""co2"": 5000, ""co"": 0.0}, ""smell_b"": {}, ""sfa30"": {""temp"": 20.75, ""hum"": 36.38, ""fmhd"": 0.8}, ""sen5x"": {""voc"": 104.0, ""temp"": 20.72, ""pm4_0"": 4542.0, ""pm2_5"": 4542.0, ""pm1_0"": 4331.0, ""pm10"": 4542.0, ""nox"": 1.0, ""mass_c"": 4489.25, ""hum"": 41.42}, ""scd41"": {""temp"": 20.01984, ""hum"": 39.56512, ""co2"": 593}, ""power_source"": 0, ""mics6814"": {""red_res"": 0, ""no2_res"": 0, ""no2"": 0.17, ""nh3_res"": 0, ""nh3"": 0.73, ""co_res"": 0, ""co"": 44.0}}",NULL,"2025-10-27 13:07:17.854197"
12807,"04a600b9b0b8","2025-10-27 13:06:40","BD07Puk1opKlGBpynexQ","{""bme688"": [{""temp"": 20.33433, ""step"": 9, ""status"": 1, ""pres"": 966.0312, ""meas_profile"": ""HP-8"", ""meas_id"": 8, ""hum"": 36.37754, ""gas_res"": 5684.846}, {""temp"": 20.30605, ""step"": 9, ""status"": 1, ""pres"": 966.2014, ""meas_profile"": ""HP-7"", ""meas_id"": 7, ""hum"": 36.23018, ""gas_res"": 5684.846}, {""temp"": 20.35561, ""step"": 9, ""status"": 1, ""pres"": 966.3956, ""meas_profile"": ""HP-6"", ""meas_id"": 6, ""hum"": 36.20819, ""gas_res"": 6374.502}, {""temp"": 20.24937, ""step"": 9, ""status"": 1, ""pres"": 966.0504, ""meas_profile"": ""HP-5"", ""meas_id"": 5, ""hum"": 36.36496, ""gas_res"": 25000.0}, {""temp"": 19.87153, ""step"": 9, ""status"": 1, ""pres"": 966.2709, ""meas_profile"": ""HP-4"", ""meas_id"": 4, ""hum"": 35.92494, ""gas_res"": 25000.0}, {""temp"": 20.04651, ""step"": 9, ""status"": 1, ""pres"": 965.8658, ""meas_profile"": ""HP-3"", ""meas_id"": 3, ""hum"": 36.46846, ""gas_res"": 6397.441}, {""temp"": 19.92505, ""step"": 9, ""status"": 1, ""pres"": 965.9635, ""meas_profile"": ""HP-2"", ""meas_id"": 2, ""hum"": 36.73494, ""gas_res"": 8000.0}, {""temp"": 19.69369, ""step"": 9, ""status"": 1, ""pres"": 966.1055, ""meas_profile"": ""HP-1"", ""meas_id"": 1, ""hum"": 35.04792, ""gas_res"": 6153.846}]}",NULL,"2025-10-27 13:07:18.940657"
12808,"04a600b9b0b8","2025-10-27 13:06:40","BD07Puk1opKlGBpynexQ","{""bme688"": [{""temp"": 20.33155, ""step"": 8, ""status"": 1, ""pres"": 966.0302, ""meas_profile"": ""HP-8"", ""meas_id"": 8, ""hum"": 36.36573, ""gas_res"": 5684.846}, {""temp"": 20.30356, ""step"": 8, ""status"": 1, ""pres"": 966.2006, ""meas_profile"": ""HP-7"", ""meas_id"": 7, ""hum"": 36.25278, ""gas_res"": 5684.846}, {""temp"": 20.35345, ""step"": 8, ""status"": 1, ""pres"": 966.3939, ""meas_profile"": ""HP-6"", ""meas_id"": 6, ""hum"": 36.17324, ""gas_res"": 6619.776}, {""temp"": 20.24718, ""step"": 8, ""status"": 1, ""pres"": 966.05, ""meas_profile"": ""HP-5"", ""meas_id"": 5, ""hum"": 36.36475, ""gas_res"": 25000.0}, {""temp"": 19.86842, ""step"": 8, ""status"": 1, ""pres"": 966.2708, ""meas_profile"": ""HP-4"", ""meas_id"": 4, ""hum"": 35.95942, ""gas_res"": 25000.0}, {""temp"": 20.04342, ""step"": 8, ""status"": 1, ""pres"": 965.8657, ""meas_profile"": ""HP-3"", ""meas_id"": 3, ""hum"": 36.47976, ""gas_res"": 5911.694}, {""temp"": 19.92194, ""step"": 8, ""status"": 1, ""pres"": 965.9636, ""meas_profile"": ""HP-2"", ""meas_id"": 2, ""hum"": 36.72891, ""gas_res"": 7666.507}, {""temp"": 19.69027, ""step"": 8, ""status"": 1, ""pres"": 966.1057, ""meas_profile"": ""HP-1"", ""meas_id"": 1, ""hum"": 35.02996, ""gas_res"": 6168.08}]}",NULL,"2025-10-27 13:07:20.238121"
12809,"04a600b9b0b8","2025-10-27 13:06:40","BD07Puk1opKlGBpynexQ","{""bme688"": [{""temp"": 20.32908, ""step"": 7, ""status"": 1, ""pres"": 966.0298, ""meas_profile"": ""HP-8"", ""meas_id"": 8, ""hum"": 36.38282, ""gas_res"": 5684.846}, {""temp"": 20.30108, ""step"": 7, ""status"": 1, ""pres"": 966.1982, ""meas_profile"": ""HP-7"", ""meas_id"": 7, ""hum"": 36.24683, ""gas_res"": 5684.846}, {""temp"": 20.35099, ""step"": 7, ""status"": 1, ""pres"": 966.3933, ""meas_profile"": ""HP-6"", ""meas_id"": 6, ""hum"": 36.18459, ""gas_res"": 6741.1}, {""temp"": 20.2453, ""step"": 7, ""status"": 1, ""pres"": 966.0504, ""meas_profile"": ""HP-5"", ""meas_id"": 5, ""hum"": 36.36457, ""gas_res"": 25000.0}, {""temp"": 19.86563, ""step"": 7, ""status"": 1, ""pres"": 966.2711, ""meas_profile"": ""HP-4"", ""meas_id"": 4, ""hum"": 35.96495, ""gas_res"": 21304.93}, {""temp"": 20.04002, ""step"": 7, ""status"": 1, ""pres"": 965.8652, ""meas_profile"": ""HP-3"", ""meas_id"": 3, ""hum"": 36.48524, ""gas_res"": 7617.234}, {""temp"": 19.91852, ""step"": 7, ""status"": 1, ""pres"": 965.9629, ""meas_profile"": ""HP-2"", ""meas_id"": 2, ""hum"": 36.73432, ""gas_res"": 7123.775}, {""temp"": 19.68715, ""step"": 7, ""status"": 1, ""pres"": 966.1062, ""meas_profile"": ""HP-1"", ""meas_id"": 1, ""hum"": 35.04143, ""gas_res"": 8171.604}]}",NULL,"2025-10-27 13:07:21.703419"
12810,"04a600b9b0b8","2025-10-27 13:06:40","BD07Puk1opKlGBpynexQ","{""bme688"": [{""temp"": 20.32723, ""step"": 6, ""status"": 1, ""pres"": 966.0287, ""meas_profile"": ""HP-8"", ""meas_id"": 8, ""hum"": 36.38842, ""gas_res"": 10770.78}, {""temp"": 20.29891, ""step"": 6, ""status"": 1, ""pres"": 966.1979, ""meas_profile"": ""HP-7"", ""meas_id"": 7, ""hum"": 36.26375, ""gas_res"": 16806.72}, {""temp"": 20.34882, ""step"": 6, ""status"": 1, ""pres"": 966.3949, ""meas_profile"": ""HP-6"", ""meas_id"": 6, ""hum"": 36.20176, ""gas_res"": 33066.39}, {""temp"": 20.24311, ""step"": 6, ""status"": 1, ""pres"": 966.0486, ""meas_profile"": ""HP-5"", ""meas_id"": 5, ""hum"": 36.37581, ""gas_res"": 121528.6}, {""temp"": 19.86252, ""step"": 6, ""status"": 1, ""pres"": 966.2711, ""meas_profile"": ""HP-4"", ""meas_id"": 4, ""hum"": 35.97624, ""gas_res"": 130246.8}, {""temp"": 20.03693, ""step"": 6, ""status"": 1, ""pres"": 965.8654, ""meas_profile"": ""HP-3"", ""meas_id"": 3, ""hum"": 36.50814, ""gas_res"": 79429.1}, {""temp"": 19.91511, ""step"": 6, ""status"": 1, ""pres"": 965.9626, ""meas_profile"": ""HP-2"", ""meas_id"": 2, ""hum"": 36.75693, ""gas_res"": 101809.5}, {""temp"": 19.68404, ""step"": 6, ""status"": 1, ""pres"": 966.1049, ""meas_profile"": ""HP-1"", ""meas_id"": 1, ""hum"": 35.03526, ""gas_res"": 100000.0}]}",NULL,"2025-10-27 13:07:23.458235"
12811,"04a600b9b0b8","2025-10-27 13:06:40","BD07Puk1opKlGBpynexQ","{""bme688"": [{""temp"": 20.32507, ""step"": 5, ""status"": 1, ""pres"": 966.0289, ""meas_profile"": ""HP-8"", ""meas_id"": 8, ""hum"": 36.39399, ""gas_res"": 10738.25}, {""temp"": 20.29673, ""step"": 5, ""status"": 1, ""pres"": 966.1978, ""meas_profile"": ""HP-7"", ""meas_id"": 7, ""hum"": 36.26355, ""gas_res"": 16584.61}, {""temp"": 20.34666, ""step"": 5, ""status"": 1, ""pres"": 966.3933, ""meas_profile"": ""HP-6"", ""meas_id"": 6, ""hum"": 36.20155, ""gas_res"": 32661.39}, {""temp"": 20.24061, ""step"": 5, ""status"": 1, ""pres"": 966.0478, ""meas_profile"": ""HP-5"", ""meas_id"": 5, ""hum"": 36.39275, ""gas_res"": 121011.6}, {""temp"": 19.8591, ""step"": 5, ""status"": 1, ""pres"": 966.2704, ""meas_profile"": ""HP-4"", ""meas_id"": 4, ""hum"": 35.97592, ""gas_res"": 128385.2}, {""temp"": 20.03383, ""step"": 5, ""status"": 1, ""pres"": 965.8652, ""meas_profile"": ""HP-3"", ""meas_id"": 3, ""hum"": 36.51945, ""gas_res"": 44429.02}, {""temp"": 19.91169, ""step"": 5, ""status"": 1, ""pres"": 965.962, ""meas_profile"": ""HP-2"", ""meas_id"": 2, ""hum"": 36.75086, ""gas_res"": 95540.21}, {""temp"": 19.68093, ""step"": 5, ""status"": 1, ""pres"": 966.1057, ""meas_profile"": ""HP-1"", ""meas_id"": 1, ""hum"": 35.07027, ""gas_res"": 92418.77}]}",NULL,"2025-10-27 13:07:24.713726"
12812,"04a600b9b0b8","2025-10-27 13:06:40","BD07Puk1opKlGBpynexQ","{""bme688"": [{""temp"": 20.32322, ""step"": 4, ""status"": 1, ""pres"": 966.0276, ""meas_profile"": ""HP-8"", ""meas_id"": 8, ""hum"": 36.40536, ""gas_res"": 10759.92}, {""temp"": 20.29425, ""step"": 4, ""status"": 1, ""pres"": 966.197, ""meas_profile"": ""HP-7"", ""meas_id"": 7, ""hum"": 36.28043, ""gas_res"": 16610.43}, {""temp"": 20.34481, ""step"": 4, ""status"": 1, ""pres"": 966.3937, ""meas_profile"": ""HP-6"", ""meas_id"": 6, ""hum"": 36.20717, ""gas_res"": 32964.2}, {""temp"": 20.23842, ""step"": 4, ""status"": 1, ""pres"": 966.0477, ""meas_profile"": ""HP-5"", ""meas_id"": 5, ""hum"": 36.39826, ""gas_res"": 122664.1}, {""temp"": 19.856, ""step"": 4, ""status"": 1, ""pres"": 966.2703, ""meas_profile"": ""HP-4"", ""meas_id"": 4, ""hum"": 35.98722, ""gas_res"": 130246.8}, {""temp"": 20.03074, ""step"": 4, ""status"": 1, ""pres"": 965.8638, ""meas_profile"": ""HP-3"", ""meas_id"": 3, ""hum"": 36.52495, ""gas_res"": 42022.32}, {""temp"": 19.90859, ""step"": 4, ""status"": 1, ""pres"": 965.9619, ""meas_profile"": ""HP-2"", ""meas_id"": 2, ""hum"": 36.76777, ""gas_res"": 100000.0}, {""temp"": 19.67781, ""step"": 4, ""status"": 1, ""pres"": 966.1063, ""meas_profile"": ""HP-1"", ""meas_id"": 1, ""hum"": 35.08175, ""gas_res"": 85992.61}]}",NULL,"2025-10-27 13:07:25.991131"
12813,"04a600b9b0b8","2025-10-27 13:06:40","BD07Puk1opKlGBpynexQ","{""bme688"": [{""temp"": 20.32074, ""step"": 3, ""status"": 1, ""pres"": 966.0273, ""meas_profile"": ""HP-8"", ""meas_id"": 8, ""hum"": 36.4109, ""gas_res"": 18561.48}, {""temp"": 20.29207, ""step"": 3, ""status"": 1, ""pres"": 966.1967, ""meas_profile"": ""HP-7"", ""meas_id"": 7, ""hum"": 36.29165, ""gas_res"": 25620.5}, {""temp"": 20.34234, ""step"": 3, ""status"": 1, ""pres"": 966.3933, ""meas_profile"": ""HP-6"", ""meas_id"": 6, ""hum"": 36.22431, ""gas_res"": 70737.77}, {""temp"": 20.23592, ""step"": 3, ""status"": 1, ""pres"": 966.0469, ""meas_profile"": ""HP-5"", ""meas_id"": 5, ""hum"": 36.4152, ""gas_res"": 172681.3}, {""temp"": 19.85258, ""step"": 3, ""status"": 1, ""pres"": 966.2696, ""meas_profile"": ""HP-4"", ""meas_id"": 4, ""hum"": 36.00428, ""gas_res"": 242539.1}, {""temp"": 20.02765, ""step"": 3, ""status"": 1, ""pres"": 965.8635, ""meas_profile"": ""HP-3"", ""meas_id"": 3, ""hum"": 36.53046, ""gas_res"": 117918.0}, {""temp"": 19.90517, ""step"": 3, ""status"": 1, ""pres"": 965.9613, ""meas_profile"": ""HP-2"", ""meas_id"": 2, ""hum"": 36.76745, ""gas_res"": 205705.1}, {""temp"": 19.67439, ""step"": 3, ""status"": 1, ""pres"": 966.1047, ""meas_profile"": ""HP-1"", ""meas_id"": 1, ""hum"": 35.08142, ""gas_res"": 147720.7}]}",NULL,"2025-10-27 13:07:27.379973"
12814,"04a600b9b0b8","2025-10-27 13:06:40","BD07Puk1opKlGBpynexQ","{""bme688"": [{""temp"": 20.31858, ""step"": 2, ""status"": 1, ""pres"": 966.0275, ""meas_profile"": ""HP-8"", ""meas_id"": 8, ""hum"": 36.40491, ""gas_res"": 30512.52}, {""temp"": 20.2899, ""step"": 2, ""status"": 1, ""pres"": 966.1965, ""meas_profile"": ""HP-7"", ""meas_id"": 7, ""hum"": 36.29715, ""gas_res"": 43745.73}, {""temp"": 20.33987, ""step"": 2, ""status"": 1, ""pres"": 966.3926, ""meas_profile"": ""HP-6"", ""meas_id"": 6, ""hum"": 36.23566, ""gas_res"": 164207.8}, {""temp"": 20.23373, ""step"": 2, ""status"": 1, ""pres"": 966.0449, ""meas_profile"": ""HP-5"", ""meas_id"": 5, ""hum"": 36.40353, ""gas_res"": 474293.7}, {""temp"": 19.84948, ""step"": 2, ""status"": 1, ""pres"": 966.2695, ""meas_profile"": ""HP-4"", ""meas_id"": 4, ""hum"": 36.01559, ""gas_res"": 598655.4}, {""temp"": 20.02425, ""step"": 2, ""status"": 1, ""pres"": 965.8631, ""meas_profile"": ""HP-3"", ""meas_id"": 3, ""hum"": 36.53593, ""gas_res"": 270398.7}, {""temp"": 19.90175, ""step"": 2, ""status"": 1, ""pres"": 965.9608, ""meas_profile"": ""HP-2"", ""meas_id"": 2, ""hum"": 36.78432, ""gas_res"": 463663.1}, {""temp"": 19.67097, ""step"": 2, ""status"": 1, ""pres"": 966.1049, ""meas_profile"": ""HP-1"", ""meas_id"": 1, ""hum"": 35.08699, ""gas_res"": 336178.6}]}",NULL,"2025-10-27 13:07:28.57512"
12815,"04a600b9b0b8","2025-10-27 13:06:40","BD07Puk1opKlGBpynexQ","{""bme688"": [{""temp"": 20.31642, ""step"": 1, ""status"": 1, ""pres"": 966.0276, ""meas_profile"": ""HP-8"", ""meas_id"": 8, ""hum"": 36.42782, ""gas_res"": 7478.383}, {""temp"": 20.28804, ""step"": 1, ""status"": 1, ""pres"": 966.1967, ""meas_profile"": ""HP-7"", ""meas_id"": 7, ""hum"": 36.29697, ""gas_res"": 8871.639}, {""temp"": 20.33771, ""step"": 1, ""status"": 1, ""pres"": 966.3926, ""meas_profile"": ""HP-6"", ""meas_id"": 6, ""hum"": 36.22966, ""gas_res"": 25000.0}, {""temp"": 20.23154, ""step"": 1, ""status"": 1, ""pres"": 966.0447, ""meas_profile"": ""HP-5"", ""meas_id"": 5, ""hum"": 36.40905, ""gas_res"": 34427.11}, {""temp"": 19.84637, ""step"": 1, ""status"": 1, ""pres"": 966.2695, ""meas_profile"": ""HP-4"", ""meas_id"": 4, ""hum"": 35.99791, ""gas_res"": 34015.41}, {""temp"": 20.02147, ""step"": 1, ""status"": 1, ""pres"": 965.8636, ""meas_profile"": ""HP-3"", ""meas_id"": 3, ""hum"": 36.53567, ""gas_res"": 25000.0}, {""temp"": 19.89865, ""step"": 1, ""status"": 1, ""pres"": 965.9608, ""meas_profile"": ""HP-2"", ""meas_id"": 2, ""hum"": 36.78403, ""gas_res"": 27972.03}, {""temp"": 19.66786, ""step"": 1, ""status"": 1, ""pres"": 966.1054, ""meas_profile"": ""HP-1"", ""meas_id"": 1, ""hum"": 35.07494, ""gas_res"": 25000.0}]}",NULL,"2025-10-27 13:07:29.8312"
12816,"04a600b9b0b8","2025-10-27 13:06:40","BD07Puk1opKlGBpynexQ","{""bme688"": [{""temp"": 20.31395, ""step"": 0, ""status"": 1, ""pres"": 966.0256, ""meas_profile"": ""HP-8"", ""meas_id"": 8, ""hum"": 36.41025, ""gas_res"": 5684.846}, {""temp"": 20.28586, ""step"": 0, ""status"": 1, ""pres"": 966.1965, ""meas_profile"": ""HP-7"", ""meas_id"": 7, ""hum"": 36.30247, ""gas_res"": 5684.846}, {""temp"": 20.33555, ""step"": 0, ""status"": 1, ""pres"": 966.3926, ""meas_profile"": ""HP-6"", ""meas_id"": 6, ""hum"": 36.22946, ""gas_res"": 7215.333}, {""temp"": 20.22967, ""step"": 0, ""status"": 1, ""pres"": 966.045, ""meas_profile"": ""HP-5"", ""meas_id"": 5, ""hum"": 36.42032, ""gas_res"": 25000.0}, {""temp"": 19.84326, ""step"": 0, ""status"": 1, ""pres"": 966.2693, ""meas_profile"": ""HP-4"", ""meas_id"": 4, ""hum"": 36.00341, ""gas_res"": 21262.46}, {""temp"": 20.01806, ""step"": 0, ""status"": 1, ""pres"": 965.8631, ""meas_profile"": ""HP-3"", ""meas_id"": 3, ""hum"": 36.54695, ""gas_res"": 6979.28}, {""temp"": 19.89492, ""step"": 0, ""status"": 1, ""pres"": 965.9597, ""meas_profile"": ""HP-2"", ""meas_id"": 2, ""hum"": 36.78367, ""gas_res"": 6467.259}, {""temp"": 19.66443, ""step"": 0, ""status"": 1, ""pres"": 966.1057, ""meas_profile"": ""HP-1"", ""meas_id"": 1, ""hum"": 35.08051, ""gas_res"": 7595.538}]}",NULL,"2025-10-27 13:07:31.113043"
12817,"04a600b9b0b8","2025-10-27 13:07:50","BD07Puk1opKlGBpynexQ","{""zphs01b"": {""voc"": 0, ""temp"": 18.4, ""pm2_5"": 0, ""pm1_0"": 0, ""pm10"": 365, ""o3"": 0.02, ""no2"": 8.58, ""hum"": 0, ""fmhd"": 0, ""co2"": 5000, ""co"": 0.0}, ""smell_b"": {}, ""sfa30"": {""temp"": 20.785, ""hum"": 36.48, ""fmhd"": 0.8}, ""sen5x"": {""voc"": 99.0, ""temp"": 20.675, ""pm4_0"": 4479.7, ""pm2_5"": 4479.7, ""pm1_0"": 4271.7, ""pm10"": 4479.7, ""nox"": 1.0, ""mass_c"": 4427.7, ""hum"": 41.81}, ""scd41"": {""temp"": 20.17204, ""hum"": 39.56969, ""co2"": 601}, ""power_source"": 0, ""mics6814"": {""red_res"": 0, ""no2_res"": 0, ""no2"": 0.17, ""nh3_res"": 0, ""nh3"": 0.73, ""co_res"": 0, ""co"": 44.0}}",NULL,"2025-10-27 13:08:35.297637"
12818,"04a600b9b0b8","2025-10-27 13:07:50","BD07Puk1opKlGBpynexQ","{""bme688"": [{""temp"": 20.3856, ""step"": 9, ""status"": 1, ""pres"": 966.0413, ""meas_profile"": ""HP-8"", ""meas_id"": 8, ""hum"": 36.27274, ""gas_res"": 5684.846}, {""temp"": 20.35697, ""step"": 9, ""status"": 1, ""pres"": 966.2117, ""meas_profile"": ""HP-7"", ""meas_id"": 7, ""hum"": 36.15514, ""gas_res"": 5684.846}, {""temp"": 20.40532, ""step"": 9, ""status"": 1, ""pres"": 966.3961, ""meas_profile"": ""HP-6"", ""meas_id"": 6, ""hum"": 36.06818, ""gas_res"": 7841.215}, {""temp"": 20.29721, ""step"": 9, ""status"": 1, ""pres"": 966.0566, ""meas_profile"": ""HP-5"", ""meas_id"": 5, ""hum"": 36.27797, ""gas_res"": 25000.0}, {""temp"": 19.93862, ""step"": 9, ""status"": 1, ""pres"": 966.2681, ""meas_profile"": ""HP-4"", ""meas_id"": 4, ""hum"": 35.82701, ""gas_res"": 25000.0}, {""temp"": 20.11361, ""step"": 9, ""status"": 1, ""pres"": 965.8658, ""meas_profile"": ""HP-3"", ""meas_id"": 3, ""hum"": 36.38791, ""gas_res"": 9773.977}, {""temp"": 19.99522, ""step"": 9, ""status"": 1, ""pres"": 965.9676, ""meas_profile"": ""HP-2"", ""meas_id"": 2, ""hum"": 36.60981, ""gas_res"": 11283.5}, {""temp"": 19.76371, ""step"": 9, ""status"": 1, ""pres"": 966.1066, ""meas_profile"": ""HP-1"", ""meas_id"": 1, ""hum"": 34.92504, ""gas_res"": 8976.157}]}",NULL,"2025-10-27 13:08:37.033403"
12819,"04a600b9b0b8","2025-10-27 13:07:50","BD07Puk1opKlGBpynexQ","{""bme688"": [{""temp"": 20.38282, ""step"": 8, ""status"": 1, ""pres"": 966.0386, ""meas_profile"": ""HP-8"", ""meas_id"": 8, ""hum"": 36.27825, ""gas_res"": 5684.846}, {""temp"": 20.35418, ""step"": 8, ""status"": 1, ""pres"": 966.2104, ""meas_profile"": ""HP-7"", ""meas_id"": 7, ""hum"": 36.16629, ""gas_res"": 5684.846}, {""temp"": 20.40285, ""step"": 8, ""status"": 1, ""pres"": 966.3956, ""meas_profile"": ""HP-6"", ""meas_id"": 6, ""hum"": 36.07953, ""gas_res"": 8146.64}, {""temp"": 20.29502, ""step"": 8, ""status"": 1, ""pres"": 966.0563, ""meas_profile"": ""HP-5"", ""meas_id"": 5, ""hum"": 36.2606, ""gas_res"": 25000.0}, {""temp"": 19.9352, ""step"": 8, ""status"": 1, ""pres"": 966.2692, ""meas_profile"": ""HP-4"", ""meas_id"": 4, ""hum"": 35.85564, ""gas_res"": 25000.0}, {""temp"": 20.11052, ""step"": 8, ""status"": 1, ""pres"": 965.8658, ""meas_profile"": ""HP-3"", ""meas_id"": 3, ""hum"": 36.37601, ""gas_res"": 8864.266}, {""temp"": 19.99181, ""step"": 8, ""status"": 1, ""pres"": 965.967, ""meas_profile"": ""HP-2"", ""meas_id"": 2, ""hum"": 36.61522, ""gas_res"": 11331.44}, {""temp"": 19.76029, ""step"": 8, ""status"": 1, ""pres"": 966.1067, ""meas_profile"": ""HP-1"", ""meas_id"": 1, ""hum"": 34.95411, ""gas_res"": 9014.085}]}",NULL,"2025-10-27 13:08:38.502034"
12820,"04a600b9b0b8","2025-10-27 13:07:50","BD07Puk1opKlGBpynexQ","{""bme688"": [{""temp"": 20.37973, ""step"": 7, ""status"": 1, ""pres"": 966.039, ""meas_profile"": ""HP-8"", ""meas_id"": 8, ""hum"": 36.27795, ""gas_res"": 5684.846}, {""temp"": 20.35138, ""step"": 7, ""status"": 1, ""pres"": 966.2092, ""meas_profile"": ""HP-7"", ""meas_id"": 7, ""hum"": 36.15461, ""gas_res"": 5684.846}, {""temp"": 20.40038, ""step"": 7, ""status"": 1, ""pres"": 966.3951, ""meas_profile"": ""HP-6"", ""meas_id"": 6, ""hum"": 36.07351, ""gas_res"": 8128.016}, {""temp"": 20.29252, ""step"": 7, ""status"": 1, ""pres"": 966.0555, ""meas_profile"": ""HP-5"", ""meas_id"": 5, ""hum"": 36.2718, ""gas_res"": 25000.0}, {""temp"": 19.9321, ""step"": 7, ""status"": 1, ""pres"": 966.269, ""meas_profile"": ""HP-4"", ""meas_id"": 4, ""hum"": 35.83219, ""gas_res"": 25000.0}, {""temp"": 20.10712, ""step"": 7, ""status"": 1, ""pres"": 965.8654, ""meas_profile"": ""HP-3"", ""meas_id"": 3, ""hum"": 36.36989, ""gas_res"": 8196.722}, {""temp"": 19.98839, ""step"": 7, ""status"": 1, ""pres"": 965.9666, ""meas_profile"": ""HP-2"", ""meas_id"": 2, ""hum"": 36.61489, ""gas_res"": 10770.78}, {""temp"": 19.75686, ""step"": 7, ""status"": 1, ""pres"": 966.1069, ""meas_profile"": ""HP-1"", ""meas_id"": 1, ""hum"": 34.94791, ""gas_res"": 8565.311}]}",NULL,"2025-10-27 13:08:39.572378"
12821,"04a600b9b0b8","2025-10-27 13:07:50","BD07Puk1opKlGBpynexQ","{""bme688"": [{""temp"": 20.37757, ""step"": 6, ""status"": 1, ""pres"": 966.0391, ""meas_profile"": ""HP-8"", ""meas_id"": 8, ""hum"": 36.29506, ""gas_res"": 11212.33}, {""temp"": 20.3489, ""step"": 6, ""status"": 1, ""pres"": 966.2083, ""meas_profile"": ""HP-7"", ""meas_id"": 7, ""hum"": 36.16007, ""gas_res"": 17553.48}, {""temp"": 20.39791, ""step"": 6, ""status"": 1, ""pres"": 966.3945, ""meas_profile"": ""HP-6"", ""meas_id"": 6, ""hum"": 36.08485, ""gas_res"": 40163.16}, {""temp"": 20.29002, ""step"": 6, ""status"": 1, ""pres"": 966.0566, ""meas_profile"": ""HP-5"", ""meas_id"": 5, ""hum"": 36.28873, ""gas_res"": 170269.4}, {""temp"": 19.92837, ""step"": 6, ""status"": 1, ""pres"": 966.2695, ""meas_profile"": ""HP-4"", ""meas_id"": 4, ""hum"": 35.86079, ""gas_res"": 279019.1}, {""temp"": 20.10372, ""step"": 6, ""status"": 1, ""pres"": 965.8647, ""meas_profile"": ""HP-3"", ""meas_id"": 3, ""hum"": 36.36958, ""gas_res"": 99727.3}, {""temp"": 19.98497, ""step"": 6, ""status"": 1, ""pres"": 965.9677, ""meas_profile"": ""HP-2"", ""meas_id"": 2, ""hum"": 36.6203, ""gas_res"": 162643.0}, {""temp"": 19.75313, ""step"": 6, ""status"": 1, ""pres"": 966.1065, ""meas_profile"": ""HP-1"", ""meas_id"": 1, ""hum"": 34.96521, ""gas_res"": 124817.2}]}",NULL,"2025-10-27 13:08:40.864089"
12822,"04a600b9b0b8","2025-10-27 13:07:50","BD07Puk1opKlGBpynexQ","{""bme688"": [{""temp"": 20.3751, ""step"": 5, ""status"": 1, ""pres"": 966.0388, ""meas_profile"": ""HP-8"", ""meas_id"": 8, ""hum"": 36.28905, ""gas_res"": 11004.13}, {""temp"": 20.34641, ""step"": 5, ""status"": 1, ""pres"": 966.2094, ""meas_profile"": ""HP-7"", ""meas_id"": 7, ""hum"": 36.17125, ""gas_res"": 17381.86}, {""temp"": 20.39544, ""step"": 5, ""status"": 1, ""pres"": 966.3957, ""meas_profile"": ""HP-6"", ""meas_id"": 6, ""hum"": 36.07304, ""gas_res"": 39751.55}, {""temp"": 20.28783, ""step"": 5, ""status"": 1, ""pres"": 966.0563, ""meas_profile"": ""HP-5"", ""meas_id"": 5, ""hum"": 36.29996, ""gas_res"": 171466.8}, {""temp"": 19.92495, ""step"": 5, ""status"": 1, ""pres"": 966.2689, ""meas_profile"": ""HP-4"", ""meas_id"": 4, ""hum"": 35.86047, ""gas_res"": 287964.0}, {""temp"": 20.10032, ""step"": 5, ""status"": 1, ""pres"": 965.8661, ""meas_profile"": ""HP-3"", ""meas_id"": 3, ""hum"": 36.39823, ""gas_res"": 98632.25}, {""temp"": 19.98156, ""step"": 5, ""status"": 1, ""pres"": 965.9671, ""meas_profile"": ""HP-2"", ""meas_id"": 2, ""hum"": 36.64862, ""gas_res"": 160200.3}, {""temp"": 19.74971, ""step"": 5, ""status"": 1, ""pres"": 966.1066, ""meas_profile"": ""HP-1"", ""meas_id"": 1, ""hum"": 34.94726, ""gas_res"": 121788.8}]}",NULL,"2025-10-27 13:08:42.149937"
12823,"04a600b9b0b8","2025-10-27 13:07:50","BD07Puk1opKlGBpynexQ","{""bme688"": [{""temp"": 20.37294, ""step"": 4, ""status"": 1, ""pres"": 966.039, ""meas_profile"": ""HP-8"", ""meas_id"": 8, ""hum"": 36.30039, ""gas_res"": 10902.9}, {""temp"": 20.34362, ""step"": 4, ""status"": 1, ""pres"": 966.2079, ""meas_profile"": ""HP-7"", ""meas_id"": 7, ""hum"": 36.19381, ""gas_res"": 17089.45}, {""temp"": 20.39297, ""step"": 4, ""status"": 1, ""pres"": 966.3953, ""meas_profile"": ""HP-6"", ""meas_id"": 6, ""hum"": 36.10174, ""gas_res"": 39937.6}, {""temp"": 20.28533, ""step"": 4, ""status"": 1, ""pres"": 966.0555, ""meas_profile"": ""HP-5"", ""meas_id"": 5, ""hum"": 36.29972, ""gas_res"": 174090.5}, {""temp"": 19.92154, ""step"": 4, ""status"": 1, ""pres"": 966.2682, ""meas_profile"": ""HP-4"", ""meas_id"": 4, ""hum"": 35.87173, ""gas_res"": 301176.5}, {""temp"": 20.09661, ""step"": 4, ""status"": 1, ""pres"": 965.8649, ""meas_profile"": ""HP-3"", ""meas_id"": 3, ""hum"": 36.39788, ""gas_res"": 97952.94}, {""temp"": 19.97814, ""step"": 4, ""status"": 1, ""pres"": 965.9666, ""meas_profile"": ""HP-2"", ""meas_id"": 2, ""hum"": 36.63683, ""gas_res"": 157248.2}, {""temp"": 19.74597, ""step"": 4, ""status"": 1, ""pres"": 966.1063, ""meas_profile"": ""HP-1"", ""meas_id"": 1, ""hum"": 34.9763, ""gas_res"": 119906.3}]}",NULL,"2025-10-27 13:08:43.624562"
12824,"04a600b9b0b8","2025-10-27 13:07:50","BD07Puk1opKlGBpynexQ","{""bme688"": [{""temp"": 20.37016, ""step"": 3, ""status"": 1, ""pres"": 966.0381, ""meas_profile"": ""HP-8"", ""meas_id"": 8, ""hum"": 36.29435, ""gas_res"": 7441.86}, {""temp"": 20.34114, ""step"": 3, ""status"": 1, ""pres"": 966.2073, ""meas_profile"": ""HP-7"", ""meas_id"": 7, ""hum"": 36.19358, ""gas_res"": 9098.664}, {""temp"": 20.39019, ""step"": 3, ""status"": 1, ""pres"": 966.3942, ""meas_profile"": ""HP-6"", ""meas_id"": 6, ""hum"": 36.11884, ""gas_res"": 23925.23}, {""temp"": 20.28252, ""step"": 3, ""status"": 1, ""pres"": 966.056, ""meas_profile"": ""HP-5"", ""meas_id"": 5, ""hum"": 36.30518, ""gas_res"": 61156.23}, {""temp"": 19.91781, ""step"": 3, ""status"": 0, ""pres"": 966.2687, ""meas_profile"": ""HP-4"", ""meas_id"": 4, ""hum"": 35.88875, ""gas_res"": 72913.7}, {""temp"": 20.0932, ""step"": 3, ""status"": 1, ""pres"": 965.8644, ""meas_profile"": ""HP-3"", ""meas_id"": 3, ""hum"": 36.42073, ""gas_res"": 44016.51}, {""temp"": 19.97411, ""step"": 3, ""status"": 0, ""pres"": 965.9666, ""meas_profile"": ""HP-2"", ""meas_id"": 2, ""hum"": 36.65364, ""gas_res"": 69301.57}, {""temp"": 19.74224, ""step"": 3, ""status"": 1, ""pres"": 966.106, ""meas_profile"": ""HP-1"", ""meas_id"": 1, ""hum"": 34.98772, ""gas_res"": 46109.51}]}",NULL,"2025-10-27 13:08:44.748834"
12825,"04a600b9b0b8","2025-10-27 13:07:50","BD07Puk1opKlGBpynexQ","{""bme688"": [{""temp"": 20.36769, ""step"": 2, ""status"": 1, ""pres"": 966.0377, ""meas_profile"": ""HP-8"", ""meas_id"": 8, ""hum"": 36.32876, ""gas_res"": 26845.64}, {""temp"": 20.33865, ""step"": 2, ""status"": 1, ""pres"": 966.2067, ""meas_profile"": ""HP-7"", ""meas_id"": 7, ""hum"": 36.19905, ""gas_res"": 38600.72}, {""temp"": 20.38741, ""step"": 2, ""status"": 1, ""pres"": 966.3949, ""meas_profile"": ""HP-6"", ""meas_id"": 6, ""hum"": 36.13594, ""gas_res"": 175884.6}, {""temp"": 20.28001, ""step"": 2, ""status"": 1, ""pres"": 966.0552, ""meas_profile"": ""HP-5"", ""meas_id"": 5, ""hum"": 36.32211, ""gas_res"": 593451.2}, {""temp"": 19.91408, ""step"": 2, ""status"": 1, ""pres"": 966.2676, ""meas_profile"": ""HP-4"", ""meas_id"": 4, ""hum"": 35.89419, ""gas_res"": 1048375.0}, {""temp"": 20.0895, ""step"": 2, ""status"": 1, ""pres"": 965.8652, ""meas_profile"": ""HP-3"", ""meas_id"": 3, ""hum"": 36.40879, ""gas_res"": 423928.8}, {""temp"": 19.97038, ""step"": 2, ""status"": 1, ""pres"": 965.9656, ""meas_profile"": ""HP-2"", ""meas_id"": 2, ""hum"": 36.65902, ""gas_res"": 832858.9}, {""temp"": 19.7385, ""step"": 2, ""status"": 1, ""pres"": 966.1057, ""meas_profile"": ""HP-1"", ""meas_id"": 1, ""hum"": 34.98149, ""gas_res"": 547740.1}]}",NULL,"2025-10-27 13:08:45.986435"
12826,"04a600b9b0b8","2025-10-27 13:07:50","BD07Puk1opKlGBpynexQ","{""bme688"": [{""temp"": 20.36491, ""step"": 1, ""status"": 1, ""pres"": 966.0369, ""meas_profile"": ""HP-8"", ""meas_id"": 8, ""hum"": 36.32272, ""gas_res"": 7354.631}, {""temp"": 20.33648, ""step"": 1, ""status"": 1, ""pres"": 966.2079, ""meas_profile"": ""HP-7"", ""meas_id"": 7, ""hum"": 36.20454, ""gas_res"": 8783.97}, {""temp"": 20.38525, ""step"": 1, ""status"": 1, ""pres"": 966.3949, ""meas_profile"": ""HP-6"", ""meas_id"": 6, ""hum"": 36.11258, ""gas_res"": 25000.0}, {""temp"": 20.27783, ""step"": 1, ""status"": 1, ""pres"": 966.055, ""meas_profile"": ""HP-5"", ""meas_id"": 5, ""hum"": 36.31617, ""gas_res"": 100000.0}, {""temp"": 19.91098, ""step"": 1, ""status"": 1, ""pres"": 966.2676, ""meas_profile"": ""HP-4"", ""meas_id"": 4, ""hum"": 35.88232, ""gas_res"": 96132.18}, {""temp"": 20.0864, ""step"": 1, ""status"": 1, ""pres"": 965.8651, ""meas_profile"": ""HP-3"", ""meas_id"": 3, ""hum"": 36.41429, ""gas_res"": 32487.31}, {""temp"": 19.96727, ""step"": 1, ""status"": 1, ""pres"": 965.9672, ""meas_profile"": ""HP-2"", ""meas_id"": 2, ""hum"": 36.67592, ""gas_res"": 100000.0}, {""temp"": 19.73508, ""step"": 1, ""status"": 1, ""pres"": 966.106, ""meas_profile"": ""HP-1"", ""meas_id"": 1, ""hum"": 34.99294, ""gas_res"": 33988.32}]}",NULL,"2025-10-27 13:08:47.260433"
12827,"04a600b9b0b8","2025-10-27 13:07:50","BD07Puk1opKlGBpynexQ","{""bme688"": [{""temp"": 20.36213, ""step"": 0, ""status"": 1, ""pres"": 966.0377, ""meas_profile"": ""HP-8"", ""meas_id"": 8, ""hum"": 36.31668, ""gas_res"": 5684.846}, {""temp"": 20.33368, ""step"": 0, ""status"": 1, ""pres"": 966.2068, ""meas_profile"": ""HP-7"", ""meas_id"": 7, ""hum"": 36.19857, ""gas_res"": 5684.846}, {""temp"": 20.38278, ""step"": 0, ""status"": 1, ""pres"": 966.3962, ""meas_profile"": ""HP-6"", ""meas_id"": 6, ""hum"": 36.11813, ""gas_res"": 8140.422}, {""temp"": 20.27533, ""step"": 0, ""status"": 1, ""pres"": 966.0542, ""meas_profile"": ""HP-5"", ""meas_id"": 5, ""hum"": 36.32166, ""gas_res"": 25000.0}, {""temp"": 19.90756, ""step"": 0, ""status"": 1, ""pres"": 966.2687, ""meas_profile"": ""HP-4"", ""meas_id"": 4, ""hum"": 35.882, ""gas_res"": 25000.0}, {""temp"": 20.083, ""step"": 0, ""status"": 1, ""pres"": 965.8665, ""meas_profile"": ""HP-3"", ""meas_id"": 3, ""hum"": 36.41396, ""gas_res"": 8177.869}, {""temp"": 19.96355, ""step"": 0, ""status"": 1, ""pres"": 965.9662, ""meas_profile"": ""HP-2"", ""meas_id"": 2, ""hum"": 36.67556, ""gas_res"": 10382.87}, {""temp"": 19.73166, ""step"": 0, ""status"": 1, ""pres"": 966.1061, ""meas_profile"": ""HP-1"", ""meas_id"": 1, ""hum"": 34.98674, ""gas_res"": 8184.143}]}",NULL,"2025-10-27 13:08:48.739042"
12828,"04a600b9b0b8","2025-10-27 13:07:22","BD07Puk1opKlGBpynexQ","{""zphs01b"": {""voc"": 0, ""temp"": 18.3, ""pm2_5"": 0, ""pm1_0"": 0, ""pm10"": 351, ""o3"": 0.02, ""no2"": 8.67, ""hum"": 0, ""fmhd"": 0, ""co2"": 5000, ""co"": 0.0}, ""smell_b"": {}, ""sfa30"": {""temp"": 20.765, ""hum"": 36.43, ""fmhd"": 0.8}, ""sen5x"": {""voc"": 105.0, ""temp"": 20.695, ""pm4_0"": 4417.3, ""pm2_5"": 4417.3, ""pm1_0"": 4212.2, ""pm10"": 4417.3, ""nox"": 1.0, ""mass_c"": 4366.025, ""hum"": 41.65}, ""scd41"": {""temp"": 20.08125, ""hum"": 39.57275, ""co2"": 596}, ""power_source"": 0, ""mics6814"": {""red_res"": 0, ""no2_res"": 0, ""no2"": 0.17, ""nh3_res"": 0, ""nh3"": 0.73, ""co_res"": 0, ""co"": 44.0}}",NULL,"2025-10-27 13:08:49.715728"
12829,"04a600b9b0b8","2025-10-27 13:07:22","BD07Puk1opKlGBpynexQ","{""bme688"": [{""temp"": 20.35935, ""step"": 9, ""status"": 1, ""pres"": 966.0369, ""meas_profile"": ""HP-8"", ""meas_id"": 8, ""hum"": 36.276, ""gas_res"": 5684.846}, {""temp"": 20.33089, ""step"": 9, ""status"": 1, ""pres"": 966.2054, ""meas_profile"": ""HP-7"", ""meas_id"": 7, ""hum"": 36.18689, ""gas_res"": 5684.846}, {""temp"": 20.38031, ""step"": 9, ""status"": 1, ""pres"": 966.3956, ""meas_profile"": ""HP-6"", ""meas_id"": 6, ""hum"": 36.11211, ""gas_res"": 7057.786}, {""temp"": 20.27313, ""step"": 9, ""status"": 1, ""pres"": 966.054, ""meas_profile"": ""HP-5"", ""meas_id"": 5, ""hum"": 36.28139, ""gas_res"": 25000.0}, {""temp"": 19.90445, ""step"": 9, ""status"": 1, ""pres"": 966.2684, ""meas_profile"": ""HP-4"", ""meas_id"": 4, ""hum"": 35.85854, ""gas_res"": 25000.0}, {""temp"": 20.07991, ""step"": 9, ""status"": 1, ""pres"": 965.8665, ""meas_profile"": ""HP-3"", ""meas_id"": 3, ""hum"": 36.40787, ""gas_res"": 8103.317}, {""temp"": 19.96013, ""step"": 9, ""status"": 1, ""pres"": 965.9673, ""meas_profile"": ""HP-2"", ""meas_id"": 2, ""hum"": 36.6695, ""gas_res"": 9313.155}, {""temp"": 19.72823, ""step"": 9, ""status"": 1, ""pres"": 966.1062, ""meas_profile"": ""HP-1"", ""meas_id"": 1, ""hum"": 34.97467, ""gas_res"": 7264.472}]}",NULL,"2025-10-27 13:08:51.116152"
12830,"04a600b9b0b8","2025-10-27 13:07:22","BD07Puk1opKlGBpynexQ","{""bme688"": [{""temp"": 20.35657, ""step"": 8, ""status"": 1, ""pres"": 966.0343, ""meas_profile"": ""HP-8"", ""meas_id"": 8, ""hum"": 36.32192, ""gas_res"": 5684.846}, {""temp"": 20.3284, ""step"": 8, ""status"": 1, ""pres"": 966.2048, ""meas_profile"": ""HP-7"", ""meas_id"": 7, ""hum"": 36.19807, ""gas_res"": 5684.846}, {""temp"": 20.37784, ""step"": 8, ""status"": 1, ""pres"": 966.3951, ""meas_profile"": ""HP-6"", ""meas_id"": 6, ""hum"": 36.10609, ""gas_res"": 7421.15}, {""temp"": 20.27063, ""step"": 8, ""status"": 1, ""pres"": 966.0533, ""meas_profile"": ""HP-5"", ""meas_id"": 5, ""hum"": 36.28687, ""gas_res"": 25000.0}, {""temp"": 19.90104, ""step"": 8, ""status"": 1, ""pres"": 966.2695, ""meas_profile"": ""HP-4"", ""meas_id"": 4, ""hum"": 35.84663, ""gas_res"": 25000.0}, {""temp"": 20.07651, ""step"": 8, ""status"": 1, ""pres"": 965.8676, ""meas_profile"": ""HP-3"", ""meas_id"": 3, ""hum"": 36.39016, ""gas_res"": 7274.38}, {""temp"": 19.95672, ""step"": 8, ""status"": 1, ""pres"": 965.9668, ""meas_profile"": ""HP-2"", ""meas_id"": 2, ""hum"": 36.66917, ""gas_res"": 9563.658}, {""temp"": 19.72512, ""step"": 8, ""status"": 1, ""pres"": 966.1067, ""meas_profile"": ""HP-1"", ""meas_id"": 1, ""hum"": 34.97438, ""gas_res"": 7405.693}]}",NULL,"2025-10-27 13:08:52.408192"
12831,"04a600b9b0b8","2025-10-27 13:07:22","BD07Puk1opKlGBpynexQ","{""bme688"": [{""temp"": 20.35379, ""step"": 7, ""status"": 1, ""pres"": 966.0334, ""meas_profile"": ""HP-8"", ""meas_id"": 8, ""hum"": 36.32166, ""gas_res"": 5684.846}, {""temp"": 20.32561, ""step"": 7, ""status"": 1, ""pres"": 966.2035, ""meas_profile"": ""HP-7"", ""meas_id"": 7, ""hum"": 36.1978, ""gas_res"": 5684.846}, {""temp"": 20.37537, ""step"": 7, ""status"": 1, ""pres"": 966.3945, ""meas_profile"": ""HP-6"", ""meas_id"": 6, ""hum"": 36.10586, ""gas_res"": 7354.631}, {""temp"": 20.26844, ""step"": 7, ""status"": 1, ""pres"": 966.053, ""meas_profile"": ""HP-5"", ""meas_id"": 5, ""hum"": 36.29811, ""gas_res"": 25000.0}, {""temp"": 19.89793, ""step"": 7, ""status"": 1, ""pres"": 966.2695, ""meas_profile"": ""HP-4"", ""meas_id"": 4, ""hum"": 35.86371, ""gas_res"": 25000.0}, {""temp"": 20.07341, ""step"": 7, ""status"": 1, ""pres"": 965.8676, ""meas_profile"": ""HP-3"", ""meas_id"": 3, ""hum"": 36.40145, ""gas_res"": 6719.866}, {""temp"": 19.95361, ""step"": 7, ""status"": 1, ""pres"": 965.9669, ""meas_profile"": ""HP-2"", ""meas_id"": 2, ""hum"": 36.66888, ""gas_res"": 8864.266}, {""temp"": 19.7217, ""step"": 7, ""status"": 1, ""pres"": 966.1069, ""meas_profile"": ""HP-1"", ""meas_id"": 1, ""hum"": 34.98582, ""gas_res"": 7039.155}]}",NULL,"2025-10-27 13:08:53.86437"
12832,"04a600b9b0b8","2025-10-27 13:07:22","BD07Puk1opKlGBpynexQ","{""bme688"": [{""temp"": 20.35163, ""step"": 6, ""status"": 1, ""pres"": 966.0335, ""meas_profile"": ""HP-8"", ""meas_id"": 8, ""hum"": 36.3099, ""gas_res"": 10663.11}, {""temp"": 20.32312, ""step"": 6, ""status"": 1, ""pres"": 966.2026, ""meas_profile"": ""HP-7"", ""meas_id"": 7, ""hum"": 36.19757, ""gas_res"": 16431.32}, {""temp"": 20.37321, ""step"": 6, ""status"": 1, ""pres"": 966.3946, ""meas_profile"": ""HP-6"", ""meas_id"": 6, ""hum"": 36.11144, ""gas_res"": 35339.59}, {""temp"": 20.26625, ""step"": 6, ""status"": 1, ""pres"": 966.0529, ""meas_profile"": ""HP-5"", ""meas_id"": 5, ""hum"": 36.28645, ""gas_res"": 141828.3}, {""temp"": 19.89482, ""step"": 6, ""status"": 1, ""pres"": 966.2692, ""meas_profile"": ""HP-4"", ""meas_id"": 4, ""hum"": 35.875, ""gas_res"": 162025.3}, {""temp"": 20.07001, ""step"": 6, ""status"": 1, ""pres"": 965.8653, ""meas_profile"": ""HP-3"", ""meas_id"": 3, ""hum"": 36.41272, ""gas_res"": 100000.0}, {""temp"": 19.94989, ""step"": 6, ""status"": 1, ""pres"": 965.9657, ""meas_profile"": ""HP-2"", ""meas_id"": 2, ""hum"": 36.68572, ""gas_res"": 127712.6}, {""temp"": 19.71827, ""step"": 6, ""status"": 1, ""pres"": 966.1054, ""meas_profile"": ""HP-1"", ""meas_id"": 1, ""hum"": 34.97963, ""gas_res"": 98065.51}]}",NULL,"2025-10-27 13:08:55.600666"
12833,"04a600b9b0b8","2025-10-27 13:07:22","BD07Puk1opKlGBpynexQ","{""bme688"": [{""temp"": 20.34947, ""step"": 5, ""status"": 1, ""pres"": 966.0338, ""meas_profile"": ""HP-8"", ""meas_id"": 8, ""hum"": 36.33279, ""gas_res"": 10515.94}, {""temp"": 20.32064, ""step"": 5, ""status"": 1, ""pres"": 966.2037, ""meas_profile"": ""HP-7"", ""meas_id"": 7, ""hum"": 36.19162, ""gas_res"": 16145.31}, {""temp"": 20.37074, ""step"": 5, ""status"": 1, ""pres"": 966.3956, ""meas_profile"": ""HP-6"", ""meas_id"": 6, ""hum"": 36.10542, ""gas_res"": 34763.71}, {""temp"": 20.26375, ""step"": 5, ""status"": 1, ""pres"": 966.0522, ""meas_profile"": ""HP-5"", ""meas_id"": 5, ""hum"": 36.28622, ""gas_res"": 139509.5}, {""temp"": 19.89172, ""step"": 5, ""status"": 1, ""pres"": 966.269, ""meas_profile"": ""HP-4"", ""meas_id"": 4, ""hum"": 35.88629, ""gas_res"": 160804.0}, {""temp"": 20.06692, ""step"": 5, ""status"": 1, ""pres"": 965.8671, ""meas_profile"": ""HP-3"", ""meas_id"": 3, ""hum"": 36.41243, ""gas_res"": 100000.0}, {""temp"": 19.94647, ""step"": 5, ""status"": 1, ""pres"": 965.965, ""meas_profile"": ""HP-2"", ""meas_id"": 2, ""hum"": 36.69686, ""gas_res"": 121615.2}, {""temp"": 19.71485, ""step"": 5, ""status"": 1, ""pres"": 966.1054, ""meas_profile"": ""HP-1"", ""meas_id"": 1, ""hum"": 34.99107, ""gas_res"": 100000.0}]}",NULL,"2025-10-27 13:08:56.868315"
12834,"04a600b9b0b8","2025-10-27 13:07:22","BD07Puk1opKlGBpynexQ","{""bme688"": [{""temp"": 20.347, ""step"": 4, ""status"": 1, ""pres"": 966.0334, ""meas_profile"": ""HP-8"", ""meas_id"": 8, ""hum"": 36.3441, ""gas_res"": 10403.12}, {""temp"": 20.31847, ""step"": 4, ""status"": 1, ""pres"": 966.2034, ""meas_profile"": ""HP-7"", ""meas_id"": 7, ""hum"": 36.19712, ""gas_res"": 16036.08}, {""temp"": 20.36827, ""step"": 4, ""status"": 1, ""pres"": 966.3953, ""meas_profile"": ""HP-6"", ""meas_id"": 6, ""hum"": 36.10518, ""gas_res"": 34877.38}, {""temp"": 20.26156, ""step"": 4, ""status"": 1, ""pres"": 966.0519, ""meas_profile"": ""HP-5"", ""meas_id"": 5, ""hum"": 36.30317, ""gas_res"": 141828.3}, {""temp"": 19.8883, ""step"": 4, ""status"": 1, ""pres"": 966.2701, ""meas_profile"": ""HP-4"", ""meas_id"": 4, ""hum"": 35.87439, ""gas_res"": 164050.0}, {""temp"": 20.06352, ""step"": 4, ""status"": 1, ""pres"": 965.8666, ""meas_profile"": ""HP-3"", ""meas_id"": 3, ""hum"": 36.42949, ""gas_res"": 89229.7}, {""temp"": 19.94274, ""step"": 4, ""status"": 1, ""pres"": 965.9658, ""meas_profile"": ""HP-2"", ""meas_id"": 2, ""hum"": 36.6965, ""gas_res"": 115994.6}, {""temp"": 19.71174, ""step"": 4, ""status"": 1, ""pres"": 966.1061, ""meas_profile"": ""HP-1"", ""meas_id"": 1, ""hum"": 35.00254, ""gas_res"": 100000.0}]}",NULL,"2025-10-27 13:08:58.161689"
12835,"04a600b9b0b8","2025-10-27 13:07:22","BD07Puk1opKlGBpynexQ","{""bme688"": [{""temp"": 20.34452, ""step"": 3, ""status"": 1, ""pres"": 966.033, ""meas_profile"": ""HP-8"", ""meas_id"": 8, ""hum"": 36.35542, ""gas_res"": 10589.01}, {""temp"": 20.31567, ""step"": 3, ""status"": 1, ""pres"": 966.2021, ""meas_profile"": ""HP-7"", ""meas_id"": 7, ""hum"": 36.22539, ""gas_res"": 13264.25}, {""temp"": 20.36549, ""step"": 3, ""status"": 1, ""pres"": 966.3942, ""meas_profile"": ""HP-6"", ""meas_id"": 6, ""hum"": 36.13965, ""gas_res"": 33376.79}, {""temp"": 20.25875, ""step"": 3, ""status"": 1, ""pres"": 966.0524, ""meas_profile"": ""HP-5"", ""meas_id"": 5, ""hum"": 36.31435, ""gas_res"": 71748.88}, {""temp"": 19.88488, ""step"": 3, ""status"": 1, ""pres"": 966.2695, ""meas_profile"": ""HP-4"", ""meas_id"": 4, ""hum"": 35.89145, ""gas_res"": 114978.7}, {""temp"": 20.06012, ""step"": 3, ""status"": 1, ""pres"": 965.8678, ""meas_profile"": ""HP-3"", ""meas_id"": 3, ""hum"": 36.42337, ""gas_res"": 58354.23}, {""temp"": 19.93902, ""step"": 3, ""status"": 1, ""pres"": 965.9646, ""meas_profile"": ""HP-2"", ""meas_id"": 2, ""hum"": 36.70761, ""gas_res"": 101026.0}, {""temp"": 19.708, ""step"": 3, ""status"": 1, ""pres"": 966.1057, ""meas_profile"": ""HP-1"", ""meas_id"": 1, ""hum"": 34.99632, ""gas_res"": 71809.26}]}",NULL,"2025-10-27 13:08:59.524336"
12836,"04a600b9b0b8","2025-10-27 13:07:22","BD07Puk1opKlGBpynexQ","{""bme688"": [{""temp"": 20.34205, ""step"": 2, ""status"": 1, ""pres"": 966.0327, ""meas_profile"": ""HP-8"", ""meas_id"": 8, ""hum"": 36.34364, ""gas_res"": 27450.14}, {""temp"": 20.3135, ""step"": 2, ""status"": 1, ""pres"": 966.202, ""meas_profile"": ""HP-7"", ""meas_id"": 7, ""hum"": 36.21377, ""gas_res"": 38846.74}, {""temp"": 20.36303, ""step"": 2, ""status"": 1, ""pres"": 966.3954, ""meas_profile"": ""HP-6"", ""meas_id"": 6, ""hum"": 36.11047, ""gas_res"": 160804.0}, {""temp"": 20.25625, ""step"": 2, ""status"": 1, ""pres"": 966.0517, ""meas_profile"": ""HP-5"", ""meas_id"": 5, ""hum"": 36.30267, ""gas_res"": 506304.1}, {""temp"": 19.88116, ""step"": 2, ""status"": 1, ""pres"": 966.2701, ""meas_profile"": ""HP-4"", ""meas_id"": 4, ""hum"": 35.90268, ""gas_res"": 724442.9}, {""temp"": 20.05641, ""step"": 2, ""status"": 1, ""pres"": 965.8668, ""meas_profile"": ""HP-3"", ""meas_id"": 3, ""hum"": 36.42882, ""gas_res"": 330963.2}, {""temp"": 19.93529, ""step"": 2, ""status"": 1, ""pres"": 965.9636, ""meas_profile"": ""HP-2"", ""meas_id"": 2, ""hum"": 36.71299, ""gas_res"": 570155.9}, {""temp"": 19.70427, ""step"": 2, ""status"": 1, ""pres"": 966.1055, ""meas_profile"": ""HP-1"", ""meas_id"": 1, ""hum"": 35.00185, ""gas_res"": 396822.3}]}",NULL,"2025-10-27 13:09:00.717728"
12837,"04a600b9b0b8","2025-10-27 13:07:22","BD07Puk1opKlGBpynexQ","{""bme688"": [{""temp"": 20.33958, ""step"": 1, ""status"": 1, ""pres"": 966.0323, ""meas_profile"": ""HP-8"", ""meas_id"": 8, ""hum"": 36.35495, ""gas_res"": 7200.72}, {""temp"": 20.31133, ""step"": 1, ""status"": 1, ""pres"": 966.2017, ""meas_profile"": ""HP-7"", ""meas_id"": 7, ""hum"": 36.21927, ""gas_res"": 8483.563}, {""temp"": 20.36055, ""step"": 1, ""status"": 1, ""pres"": 966.3948, ""meas_profile"": ""HP-6"", ""meas_id"": 6, ""hum"": 36.15075, ""gas_res"": 25000.0}, {""temp"": 20.25406, ""step"": 1, ""status"": 1, ""pres"": 966.0514, ""meas_profile"": ""HP-5"", ""meas_id"": 5, ""hum"": 36.3139, ""gas_res"": 38705.78}, {""temp"": 19.87805, ""step"": 1, ""status"": 1, ""pres"": 966.2699, ""meas_profile"": ""HP-4"", ""meas_id"": 4, ""hum"": 35.89659, ""gas_res"": 41816.4}, {""temp"": 20.05331, ""step"": 1, ""status"": 1, ""pres"": 965.8668, ""meas_profile"": ""HP-3"", ""meas_id"": 3, ""hum"": 36.44012, ""gas_res"": 23952.1}, {""temp"": 19.93188, ""step"": 1, ""status"": 1, ""pres"": 965.9631, ""meas_profile"": ""HP-2"", ""meas_id"": 2, ""hum"": 36.71266, ""gas_res"": 34650.79}, {""temp"": 19.70085, ""step"": 1, ""status"": 1, ""pres"": 966.1055, ""meas_profile"": ""HP-1"", ""meas_id"": 1, ""hum"": 35.00154, ""gas_res"": 24643.82}]}",NULL,"2025-10-27 13:09:01.986851"
12838,"04a600b9b0b8","2025-10-27 13:07:22","BD07Puk1opKlGBpynexQ","{""bme688"": [{""temp"": 20.3368, ""step"": 0, ""status"": 1, ""pres"": 966.0314, ""meas_profile"": ""HP-8"", ""meas_id"": 8, ""hum"": 36.3489, ""gas_res"": 5684.846}, {""temp"": 20.30853, ""step"": 0, ""status"": 1, ""pres"": 966.202, ""meas_profile"": ""HP-7"", ""meas_id"": 7, ""hum"": 36.2133, ""gas_res"": 5684.846}, {""temp"": 20.35839, ""step"": 0, ""status"": 1, ""pres"": 966.3949, ""meas_profile"": ""HP-6"", ""meas_id"": 6, ""hum"": 36.13318, ""gas_res"": 7478.383}, {""temp"": 20.25156, ""step"": 0, ""status"": 1, ""pres"": 966.0505, ""meas_profile"": ""HP-5"", ""meas_id"": 5, ""hum"": 36.31366, ""gas_res"": 25000.0}, {""temp"": 19.87494, ""step"": 0, ""status"": 1, ""pres"": 966.2698, ""meas_profile"": ""HP-4"", ""meas_id"": 4, ""hum"": 35.90209, ""gas_res"": 25000.0}, {""temp"": 20.04992, ""step"": 0, ""status"": 1, ""pres"": 965.8663, ""meas_profile"": ""HP-3"", ""meas_id"": 3, ""hum"": 36.4282, ""gas_res"": 6139.678}, {""temp"": 19.92846, ""step"": 0, ""status"": 1, ""pres"": 965.9641, ""meas_profile"": ""HP-2"", ""meas_id"": 2, ""hum"": 36.71233, ""gas_res"": 8190.427}, {""temp"": 19.69742, ""step"": 0, ""status"": 1, ""pres"": 966.1057, ""meas_profile"": ""HP-1"", ""meas_id"": 1, ""hum"": 35.0071, ""gas_res"": 6479.044}]}",NULL,"2025-10-27 13:09:03.286735"
12839,"04a600b9b0b8","2025-10-27 13:09:22","BD07Puk1opKlGBpynexQ","{""zphs01b"": {""voc"": 0, ""temp"": 18.5, ""pm2_5"": 0, ""pm1_0"": 0, ""pm10"": 383, ""o3"": 0.02, ""no2"": 8.97, ""hum"": 0, ""fmhd"": 0, ""co2"": 5000, ""co"": 0.0}, ""smell_b"": {}, ""sfa30"": {""temp"": 20.815, ""hum"": 36.59, ""fmhd"": 1.0}, ""sen5x"": {""voc"": 99.0, ""temp"": 20.645, ""pm4_0"": 4452.3, ""pm2_5"": 4452.3, ""pm1_0"": 4245.5, ""pm10"": 4452.3, ""nox"": 1.0, ""mass_c"": 4400.6, ""hum"": 42.17}, ""scd41"": {""temp"": 20.36164, ""hum"": 39.36675, ""co2"": 599}, ""power_source"": 0, ""mics6814"": {""red_res"": 0, ""no2_res"": 0, ""no2"": 0.17, ""nh3_res"": 0, ""nh3"": 0.73, ""co_res"": 0, ""co"": 44.0}}",NULL,"2025-10-27 13:10:07.439623"
12840,"04a600b9b0b8","2025-10-27 13:09:22","BD07Puk1opKlGBpynexQ","{""bme688"": [{""temp"": 20.44397, ""step"": 9, ""status"": 1, ""pres"": 966.0483, ""meas_profile"": ""HP-8"", ""meas_id"": 8, ""hum"": 36.261, ""gas_res"": 5684.846}, {""temp"": 20.41535, ""step"": 9, ""status"": 1, ""pres"": 966.2191, ""meas_profile"": ""HP-7"", ""meas_id"": 7, ""hum"": 36.13217, ""gas_res"": 5684.846}, {""temp"": 20.46181, ""step"": 9, ""status"": 1, ""pres"": 966.3939, ""meas_profile"": ""HP-6"", ""meas_id"": 6, ""hum"": 36.03884, ""gas_res"": 8383.547}, {""temp"": 20.35319, ""step"": 9, ""status"": 1, ""pres"": 966.0591, ""meas_profile"": ""HP-5"", ""meas_id"": 5, ""hum"": 36.22038, ""gas_res"": 25000.0}, {""temp"": 20.01192, ""step"": 9, ""status"": 1, ""pres"": 966.2656, ""meas_profile"": ""HP-4"", ""meas_id"": 4, ""hum"": 35.75286, ""gas_res"": 25000.0}, {""temp"": 20.18659, ""step"": 9, ""status"": 1, ""pres"": 965.8619, ""meas_profile"": ""HP-3"", ""meas_id"": 3, ""hum"": 36.27897, ""gas_res"": 11015.49}, {""temp"": 20.07099, ""step"": 9, ""status"": 1, ""pres"": 965.969, ""meas_profile"": ""HP-2"", ""meas_id"": 2, ""hum"": 36.52541, ""gas_res"": 19950.13}, {""temp"": 19.83933, ""step"": 9, ""status"": 1, ""pres"": 966.1035, ""meas_profile"": ""HP-1"", ""meas_id"": 1, ""hum"": 34.87324, ""gas_res"": 10088.27}]}",NULL,"2025-10-27 13:10:08.564013"
12841,"04a600b9b0b8","2025-10-27 13:09:22","BD07Puk1opKlGBpynexQ","{""bme688"": [{""temp"": 20.44089, ""step"": 8, ""status"": 1, ""pres"": 966.0488, ""meas_profile"": ""HP-8"", ""meas_id"": 8, ""hum"": 36.2607, ""gas_res"": 5684.846}, {""temp"": 20.41224, ""step"": 8, ""status"": 1, ""pres"": 966.2188, ""meas_profile"": ""HP-7"", ""meas_id"": 7, ""hum"": 36.13188, ""gas_res"": 5684.846}, {""temp"": 20.45903, ""step"": 8, ""status"": 1, ""pres"": 966.3946, ""meas_profile"": ""HP-6"", ""meas_id"": 6, ""hum"": 36.027, ""gas_res"": 8572.194}, {""temp"": 20.35069, ""step"": 8, ""status"": 1, ""pres"": 966.0602, ""meas_profile"": ""HP-5"", ""meas_id"": 5, ""hum"": 36.22587, ""gas_res"": 25000.0}, {""temp"": 20.00851, ""step"": 8, ""status"": 1, ""pres"": 966.2665, ""meas_profile"": ""HP-4"", ""meas_id"": 4, ""hum"": 35.75253, ""gas_res"": 25000.0}, {""temp"": 20.18319, ""step"": 8, ""status"": 1, ""pres"": 965.8631, ""meas_profile"": ""HP-3"", ""meas_id"": 3, ""hum"": 36.26706, ""gas_res"": 9891.809}, {""temp"": 20.06726, ""step"": 8, ""status"": 1, ""pres"": 965.9678, ""meas_profile"": ""HP-2"", ""meas_id"": 2, ""hum"": 36.55369, ""gas_res"": 19710.5}, {""temp"": 19.83591, ""step"": 8, ""status"": 1, ""pres"": 966.1037, ""meas_profile"": ""HP-1"", ""meas_id"": 1, ""hum"": 34.87292, ""gas_res"": 10069.23}]}",NULL,"2025-10-27 13:10:09.842739"
12842,"04a600b9b0b8","2025-10-27 13:09:22","BD07Puk1opKlGBpynexQ","{""bme688"": [{""temp"": 20.4378, ""step"": 7, ""status"": 1, ""pres"": 966.0474, ""meas_profile"": ""HP-8"", ""meas_id"": 8, ""hum"": 36.26041, ""gas_res"": 5684.846}, {""temp"": 20.40914, ""step"": 7, ""status"": 1, ""pres"": 966.2171, ""meas_profile"": ""HP-7"", ""meas_id"": 7, ""hum"": 36.12587, ""gas_res"": 5684.846}, {""temp"": 20.45625, ""step"": 7, ""status"": 1, ""pres"": 966.3936, ""meas_profile"": ""HP-6"", ""meas_id"": 6, ""hum"": 36.02674, ""gas_res"": 8490.315}, {""temp"": 20.34787, ""step"": 7, ""status"": 1, ""pres"": 966.0588, ""meas_profile"": ""HP-5"", ""meas_id"": 5, ""hum"": 36.20844, ""gas_res"": 25000.0}, {""temp"": 20.00509, ""step"": 7, ""status"": 1, ""pres"": 966.2659, ""meas_profile"": ""HP-4"", ""meas_id"": 4, ""hum"": 35.76379, ""gas_res"": 25000.0}, {""temp"": 20.17979, ""step"": 7, ""status"": 1, ""pres"": 965.8627, ""meas_profile"": ""HP-3"", ""meas_id"": 3, ""hum"": 36.28411, ""gas_res"": 9208.633}, {""temp"": 20.06353, ""step"": 7, ""status"": 1, ""pres"": 965.9684, ""meas_profile"": ""HP-2"", ""meas_id"": 2, ""hum"": 36.53042, ""gas_res"": 18642.59}, {""temp"": 19.83217, ""step"": 7, ""status"": 1, ""pres"": 966.1052, ""meas_profile"": ""HP-1"", ""meas_id"": 1, ""hum"": 34.85496, ""gas_res"": 9224.561}]}",NULL,"2025-10-27 13:10:11.201668"
12843,"04a600b9b0b8","2025-10-27 13:09:22","BD07Puk1opKlGBpynexQ","{""bme688"": [{""temp"": 20.43502, ""step"": 6, ""status"": 1, ""pres"": 966.0466, ""meas_profile"": ""HP-8"", ""meas_id"": 8, ""hum"": 36.26591, ""gas_res"": 11465.42}, {""temp"": 20.40635, ""step"": 6, ""status"": 1, ""pres"": 966.2177, ""meas_profile"": ""HP-7"", ""meas_id"": 7, ""hum"": 36.13131, ""gas_res"": 17922.15}, {""temp"": 20.45347, ""step"": 6, ""status"": 1, ""pres"": 966.3942, ""meas_profile"": ""HP-6"", ""meas_id"": 6, ""hum"": 36.03226, ""gas_res"": 40777.32}, {""temp"": 20.34506, ""step"": 6, ""status"": 1, ""pres"": 966.0592, ""meas_profile"": ""HP-5"", ""meas_id"": 5, ""hum"": 36.20817, ""gas_res"": 170780.5}, {""temp"": 20.00105, ""step"": 6, ""status"": 1, ""pres"": 966.2659, ""meas_profile"": ""HP-4"", ""meas_id"": 4, ""hum"": 35.75183, ""gas_res"": 291157.3}, {""temp"": 20.17608, ""step"": 6, ""status"": 1, ""pres"": 965.8632, ""meas_profile"": ""HP-3"", ""meas_id"": 3, ""hum"": 36.28376, ""gas_res"": 102359.1}, {""temp"": 20.05981, ""step"": 6, ""status"": 1, ""pres"": 965.9691, ""meas_profile"": ""HP-2"", ""meas_id"": 2, ""hum"": 36.53006, ""gas_res"": 167265.6}, {""temp"": 19.82844, ""step"": 6, ""status"": 1, ""pres"": 966.1049, ""meas_profile"": ""HP-1"", ""meas_id"": 1, ""hum"": 34.87224, ""gas_res"": 128675.5}]}",NULL,"2025-10-27 13:10:12.388678"
12844,"04a600b9b0b8","2025-10-27 13:09:22","BD07Puk1opKlGBpynexQ","{""bme688"": [{""temp"": 20.43255, ""step"": 5, ""status"": 1, ""pres"": 966.0461, ""meas_profile"": ""HP-8"", ""meas_id"": 8, ""hum"": 36.25414, ""gas_res"": 11355.57}, {""temp"": 20.40324, ""step"": 5, ""status"": 1, ""pres"": 966.2174, ""meas_profile"": ""HP-7"", ""meas_id"": 7, ""hum"": 36.13673, ""gas_res"": 17553.48}, {""temp"": 20.45069, ""step"": 5, ""status"": 1, ""pres"": 966.3949, ""meas_profile"": ""HP-6"", ""meas_id"": 6, ""hum"": 36.032, ""gas_res"": 40201.0}, {""temp"": 20.34256, ""step"": 5, ""status"": 1, ""pres"": 966.0602, ""meas_profile"": ""HP-5"", ""meas_id"": 5, ""hum"": 36.23653, ""gas_res"": 172158.7}, {""temp"": 19.99733, ""step"": 5, ""status"": 1, ""pres"": 966.2648, ""meas_profile"": ""HP-4"", ""meas_id"": 4, ""hum"": 35.75727, ""gas_res"": 301442.4}, {""temp"": 20.17237, ""step"": 5, ""status"": 1, ""pres"": 965.8641, ""meas_profile"": ""HP-3"", ""meas_id"": 3, ""hum"": 36.2892, ""gas_res"": 101085.9}, {""temp"": 20.05639, ""step"": 5, ""status"": 1, ""pres"": 965.9686, ""meas_profile"": ""HP-2"", ""meas_id"": 2, ""hum"": 36.54119, ""gas_res"": 163735.2}, {""temp"": 19.82471, ""step"": 5, ""status"": 1, ""pres"": 966.1046, ""meas_profile"": ""HP-1"", ""meas_id"": 1, ""hum"": 34.86602, ""gas_res"": 126015.3}]}",NULL,"2025-10-27 13:10:13.664907"
12845,"04a600b9b0b8","2025-10-27 13:09:22","BD07Puk1opKlGBpynexQ","{""bme688"": [{""temp"": 20.42977, ""step"": 4, ""status"": 1, ""pres"": 966.0471, ""meas_profile"": ""HP-8"", ""meas_id"": 8, ""hum"": 36.28273, ""gas_res"": 11212.33}, {""temp"": 20.40044, ""step"": 4, ""status"": 1, ""pres"": 966.2163, ""meas_profile"": ""HP-7"", ""meas_id"": 7, ""hum"": 36.13075, ""gas_res"": 17410.23}, {""temp"": 20.44792, ""step"": 4, ""status"": 1, ""pres"": 966.3938, ""meas_profile"": ""HP-6"", ""meas_id"": 6, ""hum"": 36.03752, ""gas_res"": 40777.32}, {""temp"": 20.33974, ""step"": 4, ""status"": 1, ""pres"": 966.0589, ""meas_profile"": ""HP-5"", ""meas_id"": 5, ""hum"": 36.24199, ""gas_res"": 177716.1}, {""temp"": 19.9936, ""step"": 4, ""status"": 1, ""pres"": 966.2654, ""meas_profile"": ""HP-4"", ""meas_id"": 4, ""hum"": 35.75113, ""gas_res"": 320701.5}, {""temp"": 20.16866, ""step"": 4, ""status"": 1, ""pres"": 965.863, ""meas_profile"": ""HP-3"", ""meas_id"": 3, ""hum"": 36.29464, ""gas_res"": 102605.2}, {""temp"": 20.05267, ""step"": 4, ""status"": 1, ""pres"": 965.9693, ""meas_profile"": ""HP-2"", ""meas_id"": 2, ""hum"": 36.55229, ""gas_res"": 166287.8}, {""temp"": 19.82066, ""step"": 4, ""status"": 1, ""pres"": 966.1037, ""meas_profile"": ""HP-1"", ""meas_id"": 1, ""hum"": 34.86565, ""gas_res"": 126201.6}]}",NULL,"2025-10-27 13:10:14.942429"
12846,"04a600b9b0b8","2025-10-27 13:09:22","BD07Puk1opKlGBpynexQ","{""bme688"": [{""temp"": 20.42699, ""step"": 3, ""status"": 0, ""pres"": 966.0463, ""meas_profile"": ""HP-8"", ""meas_id"": 8, ""hum"": 36.28247, ""gas_res"": 7109.531}, {""temp"": 20.39765, ""step"": 3, ""status"": 0, ""pres"": 966.2166, ""meas_profile"": ""HP-7"", ""meas_id"": 7, ""hum"": 36.15901, ""gas_res"": 8820.287}, {""temp"": 20.44483, ""step"": 3, ""status"": 0, ""pres"": 966.3942, ""meas_profile"": ""HP-6"", ""meas_id"": 6, ""hum"": 36.05459, ""gas_res"": 22191.4}, {""temp"": 20.33661, ""step"": 3, ""status"": 0, ""pres"": 966.0589, ""meas_profile"": ""HP-5"", ""meas_id"": 5, ""hum"": 36.24741, ""gas_res"": 56462.29}, {""temp"": 19.98956, ""step"": 3, ""status"": 0, ""pres"": 966.2653, ""meas_profile"": ""HP-4"", ""meas_id"": 4, ""hum"": 35.78548, ""gas_res"": 67439.41}, {""temp"": 20.16464, ""step"": 3, ""status"": 0, ""pres"": 965.8631, ""meas_profile"": ""HP-3"", ""meas_id"": 3, ""hum"": 36.30584, ""gas_res"": 40699.52}, {""temp"": 20.04863, ""step"": 3, ""status"": 0, ""pres"": 965.9693, ""meas_profile"": ""HP-2"", ""meas_id"": 2, ""hum"": 36.55191, ""gas_res"": 62591.69}, {""temp"": 19.81661, ""step"": 3, ""status"": 0, ""pres"": 966.1049, ""meas_profile"": ""HP-1"", ""meas_id"": 1, ""hum"": 34.89465, ""gas_res"": 39862.97}]}",NULL,"2025-10-27 13:10:16.330978"
12847,"04a600b9b0b8","2025-10-27 13:09:22","BD07Puk1opKlGBpynexQ","{""bme688"": [{""temp"": 20.4239, ""step"": 2, ""status"": 1, ""pres"": 966.0467, ""meas_profile"": ""HP-8"", ""meas_id"": 8, ""hum"": 36.29372, ""gas_res"": 24196.6}, {""temp"": 20.39454, ""step"": 2, ""status"": 1, ""pres"": 966.2148, ""meas_profile"": ""HP-7"", ""meas_id"": 7, ""hum"": 36.1473, ""gas_res"": 33853.48}, {""temp"": 20.44205, ""step"": 2, ""status"": 1, ""pres"": 966.3949, ""meas_profile"": ""HP-6"", ""meas_id"": 6, ""hum"": 36.06589, ""gas_res"": 140197.2}, {""temp"": 20.33349, ""step"": 2, ""status"": 1, ""pres"": 966.0588, ""meas_profile"": ""HP-5"", ""meas_id"": 5, ""hum"": 36.26427, ""gas_res"": 453800.1}, {""temp"": 19.98583, ""step"": 2, ""status"": 1, ""pres"": 966.2659, ""meas_profile"": ""HP-4"", ""meas_id"": 4, ""hum"": 35.79671, ""gas_res"": 836430.4}, {""temp"": 20.16093, ""step"": 2, ""status"": 1, ""pres"": 965.8621, ""meas_profile"": ""HP-3"", ""meas_id"": 3, ""hum"": 36.31128, ""gas_res"": 354693.5}, {""temp"": 20.04459, ""step"": 2, ""status"": 1, ""pres"": 965.9677, ""meas_profile"": ""HP-2"", ""meas_id"": 2, ""hum"": 36.5859, ""gas_res"": 607715.1}, {""temp"": 19.81288, ""step"": 2, ""status"": 1, ""pres"": 966.1044, ""meas_profile"": ""HP-1"", ""meas_id"": 1, ""hum"": 34.88844, ""gas_res"": 440619.6}]}",NULL,"2025-10-27 13:10:17.504759"
12848,"04a600b9b0b8","2025-10-27 13:09:22","BD07Puk1opKlGBpynexQ","{""bme688"": [{""temp"": 20.42112, ""step"": 1, ""status"": 1, ""pres"": 966.0458, ""meas_profile"": ""HP-8"", ""meas_id"": 8, ""hum"": 36.28768, ""gas_res"": 7683.073}, {""temp"": 20.39206, ""step"": 1, ""status"": 1, ""pres"": 966.2159, ""meas_profile"": ""HP-7"", ""meas_id"": 7, ""hum"": 36.14707, ""gas_res"": 9161.18}, {""temp"": 20.43927, ""step"": 1, ""status"": 1, ""pres"": 966.3939, ""meas_profile"": ""HP-6"", ""meas_id"": 6, ""hum"": 36.07142, ""gas_res"": 25000.0}, {""temp"": 20.33067, ""step"": 1, ""status"": 1, ""pres"": 966.0575, ""meas_profile"": ""HP-5"", ""meas_id"": 5, ""hum"": 36.26973, ""gas_res"": 100000.0}, {""temp"": 19.98211, ""step"": 1, ""status"": 1, ""pres"": 966.2664, ""meas_profile"": ""HP-4"", ""meas_id"": 4, ""hum"": 35.79636, ""gas_res"": 105785.1}, {""temp"": 20.15722, ""step"": 1, ""status"": 1, ""pres"": 965.8627, ""meas_profile"": ""HP-3"", ""meas_id"": 3, ""hum"": 36.31672, ""gas_res"": 36178.63}, {""temp"": 20.04087, ""step"": 1, ""status"": 1, ""pres"": 965.9683, ""meas_profile"": ""HP-2"", ""meas_id"": 2, ""hum"": 36.57981, ""gas_res"": 100000.0}, {""temp"": 19.80914, ""step"": 1, ""status"": 1, ""pres"": 966.1041, ""meas_profile"": ""HP-1"", ""meas_id"": 1, ""hum"": 34.89984, ""gas_res"": 37122.97}]}",NULL,"2025-10-27 13:10:18.790888"
12849,"04a600b9b0b8","2025-10-27 13:09:22","BD07Puk1opKlGBpynexQ","{""bme688"": [{""temp"": 20.41803, ""step"": 0, ""status"": 1, ""pres"": 966.0463, ""meas_profile"": ""HP-8"", ""meas_id"": 8, ""hum"": 36.28738, ""gas_res"": 5684.846}, {""temp"": 20.38895, ""step"": 0, ""status"": 1, ""pres"": 966.2158, ""meas_profile"": ""HP-7"", ""meas_id"": 7, ""hum"": 36.1639, ""gas_res"": 5684.846}, {""temp"": 20.43649, ""step"": 0, ""status"": 1, ""pres"": 966.3945, ""meas_profile"": ""HP-6"", ""meas_id"": 6, ""hum"": 36.09431, ""gas_res"": 8579.089}, {""temp"": 20.32817, ""step"": 0, ""status"": 1, ""pres"": 966.0585, ""meas_profile"": ""HP-5"", ""meas_id"": 5, ""hum"": 36.25804, ""gas_res"": 25000.0}, {""temp"": 19.97869, ""step"": 0, ""status"": 1, ""pres"": 966.2659, ""meas_profile"": ""HP-4"", ""meas_id"": 4, ""hum"": 35.81341, ""gas_res"": 25000.0}, {""temp"": 20.15381, ""step"": 0, ""status"": 1, ""pres"": 965.864, ""meas_profile"": ""HP-3"", ""meas_id"": 3, ""hum"": 36.32219, ""gas_res"": 9090.909}, {""temp"": 20.03714, ""step"": 0, ""status"": 1, ""pres"": 965.969, ""meas_profile"": ""HP-2"", ""meas_id"": 2, ""hum"": 36.58519, ""gas_res"": 11367.67}, {""temp"": 19.80541, ""step"": 0, ""status"": 1, ""pres"": 966.1038, ""meas_profile"": ""HP-1"", ""meas_id"": 1, ""hum"": 34.91713, ""gas_res"": 9256.581}]}",NULL,"2025-10-27 13:10:20.087184"
12850,"04a600b9b0b8","2025-10-27 13:08:55","BD07Puk1opKlGBpynexQ","{""zphs01b"": {""voc"": 0, ""temp"": 18.5, ""pm2_5"": 0, ""pm1_0"": 0, ""pm10"": 375, ""o3"": 0.02, ""no2"": 0.14, ""hum"": 0, ""fmhd"": 0, ""co2"": 5000, ""co"": 0.0}, ""smell_b"": {}, ""sfa30"": {""temp"": 20.8, ""hum"": 36.56, ""fmhd"": 1.0}, ""sen5x"": {""voc"": 98.0, ""temp"": 20.655, ""pm4_0"": 4460.2, ""pm2_5"": 4460.2, ""pm1_0"": 4253.0, ""pm10"": 4460.2, ""nox"": 1.0, ""mass_c"": 4408.4, ""hum"": 42.08}, ""scd41"": {""temp"": 20.30022, ""hum"": 39.47051, ""co2"": 602}, ""power_source"": 0, ""mics6814"": {""red_res"": 0, ""no2_res"": 0, ""no2"": 0.17, ""nh3_res"": 0, ""nh3"": 0.73, ""co_res"": 0, ""co"": 44.0}}",NULL,"2025-10-27 13:10:21.343453"
12851,"04a600b9b0b8","2025-10-27 13:08:55","BD07Puk1opKlGBpynexQ","{""bme688"": [{""temp"": 20.41494, ""step"": 9, ""status"": 1, ""pres"": 966.0452, ""meas_profile"": ""HP-8"", ""meas_id"": 8, ""hum"": 36.28709, ""gas_res"": 5684.846}, {""temp"": 20.38585, ""step"": 9, ""status"": 1, ""pres"": 966.2141, ""meas_profile"": ""HP-7"", ""meas_id"": 7, ""hum"": 36.15789, ""gas_res"": 5684.846}, {""temp"": 20.43371, ""step"": 9, ""status"": 1, ""pres"": 966.3935, ""meas_profile"": ""HP-6"", ""meas_id"": 6, ""hum"": 36.06511, ""gas_res"": 7688.611}, {""temp"": 20.32536, ""step"": 9, ""status"": 1, ""pres"": 966.0588, ""meas_profile"": ""HP-5"", ""meas_id"": 5, ""hum"": 36.27493, ""gas_res"": 25000.0}, {""temp"": 19.97496, ""step"": 9, ""status"": 1, ""pres"": 966.2664, ""meas_profile"": ""HP-4"", ""meas_id"": 4, ""hum"": 35.80727, ""gas_res"": 25000.0}, {""temp"": 20.1501, ""step"": 9, ""status"": 1, ""pres"": 965.863, ""meas_profile"": ""HP-3"", ""meas_id"": 3, ""hum"": 36.33343, ""gas_res"": 9520.976}, {""temp"": 20.03341, ""step"": 9, ""status"": 1, ""pres"": 965.968, ""meas_profile"": ""HP-2"", ""meas_id"": 2, ""hum"": 36.58483, ""gas_res"": 10869.57}, {""temp"": 19.80199, ""step"": 9, ""status"": 1, ""pres"": 966.1057, ""meas_profile"": ""HP-1"", ""meas_id"": 1, ""hum"": 34.89918, ""gas_res"": 8762.322}]}",NULL,"2025-10-27 13:10:22.625826"
12852,"04a600b9b0b8","2025-10-27 13:08:55","BD07Puk1opKlGBpynexQ","{""bme688"": [{""temp"": 20.41185, ""step"": 8, ""status"": 1, ""pres"": 966.0436, ""meas_profile"": ""HP-8"", ""meas_id"": 8, ""hum"": 36.29834, ""gas_res"": 5684.846}, {""temp"": 20.38274, ""step"": 8, ""status"": 1, ""pres"": 966.2139, ""meas_profile"": ""HP-7"", ""meas_id"": 7, ""hum"": 36.15189, ""gas_res"": 5684.846}, {""temp"": 20.43093, ""step"": 8, ""status"": 1, ""pres"": 966.3942, ""meas_profile"": ""HP-6"", ""meas_id"": 6, ""hum"": 36.07063, ""gas_res"": 7988.018}, {""temp"": 20.32254, ""step"": 8, ""status"": 1, ""pres"": 966.0577, ""meas_profile"": ""HP-5"", ""meas_id"": 5, ""hum"": 36.26894, ""gas_res"": 25000.0}, {""temp"": 19.97154, ""step"": 8, ""status"": 1, ""pres"": 966.2673, ""meas_profile"": ""HP-4"", ""meas_id"": 4, ""hum"": 35.78958, ""gas_res"": 25000.0}, {""temp"": 20.1467, ""step"": 8, ""status"": 1, ""pres"": 965.8641, ""meas_profile"": ""HP-3"", ""meas_id"": 3, ""hum"": 36.3273, ""gas_res"": 8510.639}, {""temp"": 20.02969, ""step"": 8, ""status"": 1, ""pres"": 965.9686, ""meas_profile"": ""HP-2"", ""meas_id"": 2, ""hum"": 36.5902, ""gas_res"": 10749.08}, {""temp"": 19.79825, ""step"": 8, ""status"": 1, ""pres"": 966.1053, ""meas_profile"": ""HP-1"", ""meas_id"": 1, ""hum"": 34.91647, ""gas_res"": 8613.729}]}",NULL,"2025-10-27 13:10:23.90666"
12853,"04a600b9b0b8","2025-10-27 13:08:55","BD07Puk1opKlGBpynexQ","{""bme688"": [{""temp"": 20.40876, ""step"": 7, ""status"": 1, ""pres"": 966.0422, ""meas_profile"": ""HP-8"", ""meas_id"": 8, ""hum"": 36.29227, ""gas_res"": 5684.846}, {""temp"": 20.37964, ""step"": 7, ""status"": 1, ""pres"": 966.2138, ""meas_profile"": ""HP-7"", ""meas_id"": 7, ""hum"": 36.16301, ""gas_res"": 5684.846}, {""temp"": 20.42847, ""step"": 7, ""status"": 1, ""pres"": 966.3953, ""meas_profile"": ""HP-6"", ""meas_id"": 6, ""hum"": 36.06461, ""gas_res"": 7911.001}, {""temp"": 20.31973, ""step"": 7, ""status"": 1, ""pres"": 966.0582, ""meas_profile"": ""HP-5"", ""meas_id"": 5, ""hum"": 36.25152, ""gas_res"": 25000.0}, {""temp"": 19.96813, ""step"": 7, ""status"": 1, ""pres"": 966.2667, ""meas_profile"": ""HP-4"", ""meas_id"": 4, ""hum"": 35.79505, ""gas_res"": 25000.0}, {""temp"": 20.14299, ""step"": 7, ""status"": 1, ""pres"": 965.8632, ""meas_profile"": ""HP-3"", ""meas_id"": 3, ""hum"": 36.33275, ""gas_res"": 7639.055}, {""temp"": 20.02596, ""step"": 7, ""status"": 1, ""pres"": 965.9691, ""meas_profile"": ""HP-2"", ""meas_id"": 2, ""hum"": 36.57838, ""gas_res"": 9993.754}, {""temp"": 19.79452, ""step"": 7, ""status"": 1, ""pres"": 966.1051, ""meas_profile"": ""HP-1"", ""meas_id"": 1, ""hum"": 34.8985, ""gas_res"": 8072.654}]}",NULL,"2025-10-27 13:10:25.188445"
12854,"04a600b9b0b8","2025-10-27 13:08:55","BD07Puk1opKlGBpynexQ","{""bme688"": [{""temp"": 20.4063, ""step"": 6, ""status"": 1, ""pres"": 966.0438, ""meas_profile"": ""HP-8"", ""meas_id"": 8, ""hum"": 36.29781, ""gas_res"": 11212.33}, {""temp"": 20.37684, ""step"": 6, ""status"": 1, ""pres"": 966.2126, ""meas_profile"": ""HP-7"", ""meas_id"": 7, ""hum"": 36.17415, ""gas_res"": 17367.71}, {""temp"": 20.42538, ""step"": 6, ""status"": 1, ""pres"": 966.3957, ""meas_profile"": ""HP-6"", ""meas_id"": 6, ""hum"": 36.05853, ""gas_res"": 37122.97}, {""temp"": 20.31723, ""step"": 6, ""status"": 1, ""pres"": 966.0591, ""meas_profile"": ""HP-5"", ""meas_id"": 5, ""hum"": 36.27416, ""gas_res"": 150455.5}, {""temp"": 19.96471, ""step"": 6, ""status"": 1, ""pres"": 966.2678, ""meas_profile"": ""HP-4"", ""meas_id"": 4, ""hum"": 35.81788, ""gas_res"": 176066.0}, {""temp"": 20.13959, ""step"": 6, ""status"": 1, ""pres"": 965.8644, ""meas_profile"": ""HP-3"", ""meas_id"": 3, ""hum"": 36.31504, ""gas_res"": 100000.0}, {""temp"": 20.02255, ""step"": 6, ""status"": 1, ""pres"": 965.9687, ""meas_profile"": ""HP-2"", ""meas_id"": 2, ""hum"": 36.57805, ""gas_res"": 136170.2}, {""temp"": 19.79078, ""step"": 6, ""status"": 1, ""pres"": 966.1049, ""meas_profile"": ""HP-1"", ""meas_id"": 1, ""hum"": 34.91578, ""gas_res"": 104746.3}]}",NULL,"2025-10-27 13:10:26.582982"
12855,"04a600b9b0b8","2025-10-27 13:08:55","BD07Puk1opKlGBpynexQ","{""bme688"": [{""temp"": 20.40351, ""step"": 5, ""status"": 1, ""pres"": 966.0428, ""meas_profile"": ""HP-8"", ""meas_id"": 8, ""hum"": 36.31487, ""gas_res"": 11142.06}, {""temp"": 20.37436, ""step"": 5, ""status"": 1, ""pres"": 966.2134, ""meas_profile"": ""HP-7"", ""meas_id"": 7, ""hum"": 36.15108, ""gas_res"": 17185.82}, {""temp"": 20.4226, ""step"": 5, ""status"": 1, ""pres"": 966.3946, ""meas_profile"": ""HP-6"", ""meas_id"": 6, ""hum"": 36.06404, ""gas_res"": 36866.36}, {""temp"": 20.31441, ""step"": 5, ""status"": 1, ""pres"": 966.0577, ""meas_profile"": ""HP-5"", ""meas_id"": 5, ""hum"": 36.26817, ""gas_res"": 151121.6}, {""temp"": 19.96098, ""step"": 5, ""status"": 1, ""pres"": 966.2683, ""meas_profile"": ""HP-4"", ""meas_id"": 4, ""hum"": 35.81174, ""gas_res"": 177716.1}, {""temp"": 20.13588, ""step"": 5, ""status"": 1, ""pres"": 965.8651, ""meas_profile"": ""HP-3"", ""meas_id"": 3, ""hum"": 36.33207, ""gas_res"": 100000.0}, {""temp"": 20.01851, ""step"": 5, ""status"": 1, ""pres"": 965.9688, ""meas_profile"": ""HP-2"", ""meas_id"": 2, ""hum"": 36.5834, ""gas_res"": 132163.1}, {""temp"": 19.78705, ""step"": 5, ""status"": 1, ""pres"": 966.1046, ""meas_profile"": ""HP-1"", ""meas_id"": 1, ""hum"": 34.90369, ""gas_res"": 100549.9}]}",NULL,"2025-10-27 13:10:27.761739"
12856,"04a600b9b0b8","2025-10-27 13:08:55","BD07Puk1opKlGBpynexQ","{""bme688"": [{""temp"": 20.40074, ""step"": 4, ""status"": 1, ""pres"": 966.0421, ""meas_profile"": ""HP-8"", ""meas_id"": 8, ""hum"": 36.3146, ""gas_res"": 11072.66}, {""temp"": 20.37126, ""step"": 4, ""status"": 1, ""pres"": 966.2117, ""meas_profile"": ""HP-7"", ""meas_id"": 7, ""hum"": 36.17362, ""gas_res"": 17034.87}, {""temp"": 20.41982, ""step"": 4, ""status"": 1, ""pres"": 966.3954, ""meas_profile"": ""HP-6"", ""meas_id"": 6, ""hum"": 36.08694, ""gas_res"": 37155.3}, {""temp"": 20.3116, ""step"": 4, ""status"": 1, ""pres"": 966.0583, ""meas_profile"": ""HP-5"", ""meas_id"": 5, ""hum"": 36.27362, ""gas_res"": 153155.8}, {""temp"": 19.95757, ""step"": 4, ""status"": 1, ""pres"": 966.2676, ""meas_profile"": ""HP-4"", ""meas_id"": 4, ""hum"": 35.8288, ""gas_res"": 185038.0}, {""temp"": 20.13248, ""step"": 4, ""status"": 1, ""pres"": 965.8645, ""meas_profile"": ""HP-3"", ""meas_id"": 3, ""hum"": 36.33754, ""gas_res"": 100000.0}, {""temp"": 20.01478, ""step"": 4, ""status"": 1, ""pres"": 965.9677, ""meas_profile"": ""HP-2"", ""meas_id"": 2, ""hum"": 36.58878, ""gas_res"": 129850.4}, {""temp"": 19.783, ""step"": 4, ""status"": 1, ""pres"": 966.1055, ""meas_profile"": ""HP-1"", ""meas_id"": 1, ""hum"": 34.92682, ""gas_res"": 97449.56}]}",NULL,"2025-10-27 13:10:31.682043"
12857,"04a600b9b0b8","2025-10-27 13:08:55","BD07Puk1opKlGBpynexQ","{""bme688"": [{""temp"": 20.39765, ""step"": 3, ""status"": 0, ""pres"": 966.0424, ""meas_profile"": ""HP-8"", ""meas_id"": 8, ""hum"": 36.30853, ""gas_res"": 7200.72}, {""temp"": 20.36846, ""step"": 3, ""status"": 0, ""pres"": 966.2121, ""meas_profile"": ""HP-7"", ""meas_id"": 7, ""hum"": 36.18476, ""gas_res"": 8834.897}, {""temp"": 20.41674, ""step"": 3, ""status"": 0, ""pres"": 966.3956, ""meas_profile"": ""HP-6"", ""meas_id"": 6, ""hum"": 36.09243, ""gas_res"": 20745.54}, {""temp"": 20.30847, ""step"": 3, ""status"": 0, ""pres"": 966.0581, ""meas_profile"": ""HP-5"", ""meas_id"": 5, ""hum"": 36.28476, ""gas_res"": 50813.82}, {""temp"": 19.95353, ""step"": 3, ""status"": 0, ""pres"": 966.2676, ""meas_profile"": ""HP-4"", ""meas_id"": 4, ""hum"": 35.81683, ""gas_res"": 56313.24}, {""temp"": 20.12846, ""step"": 3, ""status"": 0, ""pres"": 965.8647, ""meas_profile"": ""HP-3"", ""meas_id"": 3, ""hum"": 36.36034, ""gas_res"": 33880.36}, {""temp"": 20.01044, ""step"": 3, ""status"": 0, ""pres"": 965.9673, ""meas_profile"": ""HP-2"", ""meas_id"": 2, ""hum"": 36.60555, ""gas_res"": 53255.67}, {""temp"": 19.77896, ""step"": 3, ""status"": 0, ""pres"": 966.1047, ""meas_profile"": ""HP-1"", ""meas_id"": 1, ""hum"": 34.94408, ""gas_res"": 33961.26}]}",NULL,"2025-10-27 13:10:32.368514"
12858,"04a600b9b0b8","2025-10-27 13:08:55","BD07Puk1opKlGBpynexQ","{""bme688"": [{""temp"": 20.39487, ""step"": 2, ""status"": 1, ""pres"": 966.0416, ""meas_profile"": ""HP-8"", ""meas_id"": 8, ""hum"": 36.30827, ""gas_res"": 26267.19}, {""temp"": 20.36567, ""step"": 2, ""status"": 1, ""pres"": 966.2126, ""meas_profile"": ""HP-7"", ""meas_id"": 7, ""hum"": 36.17309, ""gas_res"": 36425.73}, {""temp"": 20.41365, ""step"": 2, ""status"": 1, ""pres"": 966.394, ""meas_profile"": ""HP-6"", ""meas_id"": 6, ""hum"": 36.09213, ""gas_res"": 140775.4}, {""temp"": 20.30566, ""step"": 2, ""status"": 1, ""pres"": 966.0568, ""meas_profile"": ""HP-5"", ""meas_id"": 5, ""hum"": 36.27305, ""gas_res"": 434727.2}, {""temp"": 19.94949, ""step"": 2, ""status"": 1, ""pres"": 966.2675, ""meas_profile"": ""HP-4"", ""meas_id"": 4, ""hum"": 35.8454, ""gas_res"": 646260.6}, {""temp"": 20.12444, ""step"": 2, ""status"": 1, ""pres"": 965.8649, ""meas_profile"": ""HP-3"", ""meas_id"": 3, ""hum"": 36.36575, ""gas_res"": 294422.1}, {""temp"": 20.0064, ""step"": 2, ""status"": 1, ""pres"": 965.9674, ""meas_profile"": ""HP-2"", ""meas_id"": 2, ""hum"": 36.62235, ""gas_res"": 494925.1}, {""temp"": 19.77491, ""step"": 2, ""status"": 1, ""pres"": 966.1057, ""meas_profile"": ""HP-1"", ""meas_id"": 1, ""hum"": 34.95546, ""gas_res"": 358042.0}]}",NULL,"2025-10-27 13:10:33.060165"
12859,"04a600b9b0b8","2025-10-27 13:08:55","BD07Puk1opKlGBpynexQ","{""bme688"": [{""temp"": 20.39178, ""step"": 1, ""status"": 1, ""pres"": 966.0421, ""meas_profile"": ""HP-8"", ""meas_id"": 8, ""hum"": 36.31375, ""gas_res"": 7750.061}, {""temp"": 20.36287, ""step"": 1, ""status"": 1, ""pres"": 966.2113, ""meas_profile"": ""HP-7"", ""meas_id"": 7, ""hum"": 36.19564, ""gas_res"": 9200.69}, {""temp"": 20.41087, ""step"": 1, ""status"": 1, ""pres"": 966.3947, ""meas_profile"": ""HP-6"", ""meas_id"": 6, ""hum"": 36.10345, ""gas_res"": 25000.0}, {""temp"": 20.30284, ""step"": 1, ""status"": 1, ""pres"": 966.0574, ""meas_profile"": ""HP-5"", ""meas_id"": 5, ""hum"": 36.28995, ""gas_res"": 43345.75}, {""temp"": 19.94607, ""step"": 1, ""status"": 1, ""pres"": 966.2687, ""meas_profile"": ""HP-4"", ""meas_id"": 4, ""hum"": 35.85088, ""gas_res"": 100000.0}, {""temp"": 20.12104, ""step"": 1, ""status"": 1, ""pres"": 965.8644, ""meas_profile"": ""HP-3"", ""meas_id"": 3, ""hum"": 36.37122, ""gas_res"": 27503.22}, {""temp"": 20.00267, ""step"": 1, ""status"": 1, ""pres"": 965.9663, ""meas_profile"": ""HP-2"", ""meas_id"": 2, ""hum"": 36.62773, ""gas_res"": 38670.7}, {""temp"": 19.77118, ""step"": 1, ""status"": 1, ""pres"": 966.1053, ""meas_profile"": ""HP-1"", ""meas_id"": 1, ""hum"": 34.94336, ""gas_res"": 27844.25}]}",NULL,"2025-10-27 13:10:33.744703"
12860,"04a600b9b0b8","2025-10-27 13:08:55","BD07Puk1opKlGBpynexQ","{""bme688"": [{""temp"": 20.38869, ""step"": 0, ""status"": 1, ""pres"": 966.0407, ""meas_profile"": ""HP-8"", ""meas_id"": 8, ""hum"": 36.32499, ""gas_res"": 5684.846}, {""temp"": 20.36008, ""step"": 0, ""status"": 1, ""pres"": 966.2117, ""meas_profile"": ""HP-7"", ""meas_id"": 7, ""hum"": 36.18396, ""gas_res"": 5684.846}, {""temp"": 20.40809, ""step"": 0, ""status"": 1, ""pres"": 966.3954, ""meas_profile"": ""HP-6"", ""meas_id"": 6, ""hum"": 36.09739, ""gas_res"": 8383.547}, {""temp"": 20.30003, ""step"": 0, ""status"": 1, ""pres"": 966.0562, ""meas_profile"": ""HP-5"", ""meas_id"": 5, ""hum"": 36.29541, ""gas_res"": 25000.0}, {""temp"": 19.94235, ""step"": 0, ""status"": 1, ""pres"": 966.2676, ""meas_profile"": ""HP-4"", ""meas_id"": 4, ""hum"": 35.83316, ""gas_res"": 25000.0}, {""temp"": 20.11732, ""step"": 0, ""status"": 1, ""pres"": 965.8652, ""meas_profile"": ""HP-3"", ""meas_id"": 3, ""hum"": 36.37087, ""gas_res"": 7390.3}, {""temp"": 19.99895, ""step"": 0, ""status"": 1, ""pres"": 965.967, ""meas_profile"": ""HP-2"", ""meas_id"": 2, ""hum"": 36.61591, ""gas_res"": 9353.99}, {""temp"": 19.76744, ""step"": 0, ""status"": 1, ""pres"": 966.1068, ""meas_profile"": ""HP-1"", ""meas_id"": 1, ""hum"": 34.95477, ""gas_res"": 7536.505}]}",NULL,"2025-10-27 13:10:34.407504"
12861,"04a600b9b0b8","2025-10-27 13:10:52","BD07Puk1opKlGBpynexQ","{""zphs01b"": {""voc"": 0, ""temp"": 18.7, ""pm2_5"": 0, ""pm1_0"": 0, ""pm10"": 360, ""o3"": 0.02, ""no2"": 10.0, ""hum"": 0, ""fmhd"": 0, ""co2"": 5000, ""co"": 0.0}, ""smell_b"": {}, ""sfa30"": {""temp"": 20.865, ""hum"": 36.57, ""fmhd"": 1.2}, ""sen5x"": {""voc"": 109.0, ""temp"": 20.63, ""pm4_0"": 4404.7, ""pm2_5"": 4404.7, ""pm1_0"": 4200.1, ""pm10"": 4404.7, ""nox"": 1.0, ""mass_c"": 4353.55, ""hum"": 42.38}, ""scd41"": {""temp"": 20.53254, ""hum"": 39.16533, ""co2"": 611}, ""power_source"": 0, ""mics6814"": {""red_res"": 0, ""no2_res"": 0, ""no2"": 0.17, ""nh3_res"": 0, ""nh3"": 0.73, ""co_res"": 0, ""co"": 44.0}}",NULL,"2025-10-27 13:11:37.815925"
12862,"04a600b9b0b8","2025-10-27 13:10:52","BD07Puk1opKlGBpynexQ","{""bme688"": [{""temp"": 20.50451, ""step"": 9, ""status"": 1, ""pres"": 966.064, ""meas_profile"": ""HP-8"", ""meas_id"": 8, ""hum"": 36.17445, ""gas_res"": 5684.846}, {""temp"": 20.47497, ""step"": 9, ""status"": 1, ""pres"": 966.2336, ""meas_profile"": ""HP-7"", ""meas_id"": 7, ""hum"": 36.05798, ""gas_res"": 5684.846}, {""temp"": 20.52077, ""step"": 9, ""status"": 1, ""pres"": 966.4025, ""meas_profile"": ""HP-6"", ""meas_id"": 6, ""hum"": 35.96923, ""gas_res"": 8490.315}, {""temp"": 20.4126, ""step"": 9, ""status"": 1, ""pres"": 966.0724, ""meas_profile"": ""HP-5"", ""meas_id"": 5, ""hum"": 36.16315, ""gas_res"": 25000.0}, {""temp"": 20.08771, ""step"": 9, ""status"": 1, ""pres"": 966.2718, ""meas_profile"": ""HP-4"", ""meas_id"": 4, ""hum"": 35.70211, ""gas_res"": 25000.0}, {""temp"": 20.26174, ""step"": 9, ""status"": 1, ""pres"": 965.8682, ""meas_profile"": ""HP-3"", ""meas_id"": 3, ""hum"": 36.23979, ""gas_res"": 11640.6}, {""temp"": 20.14768, ""step"": 9, ""status"": 1, ""pres"": 965.9768, ""meas_profile"": ""HP-2"", ""meas_id"": 2, ""hum"": 36.44684, ""gas_res"": 21220.16}, {""temp"": 19.91682, ""step"": 9, ""status"": 1, ""pres"": 966.1106, ""meas_profile"": ""HP-1"", ""meas_id"": 1, ""hum"": 34.8275, ""gas_res"": 10738.25}]}",NULL,"2025-10-27 13:11:39.431644"
12863,"04a600b9b0b8","2025-10-27 13:10:52","BD07Puk1opKlGBpynexQ","{""bme688"": [{""temp"": 20.50111, ""step"": 8, ""status"": 1, ""pres"": 966.0639, ""meas_profile"": ""HP-8"", ""meas_id"": 8, ""hum"": 36.19143, ""gas_res"": 5684.846}, {""temp"": 20.47186, ""step"": 8, ""status"": 1, ""pres"": 966.2335, ""meas_profile"": ""HP-7"", ""meas_id"": 7, ""hum"": 36.0634, ""gas_res"": 5684.846}, {""temp"": 20.51799, ""step"": 8, ""status"": 1, ""pres"": 966.4031, ""meas_profile"": ""HP-6"", ""meas_id"": 6, ""hum"": 35.99211, ""gas_res"": 8946.044}, {""temp"": 20.40979, ""step"": 8, ""status"": 1, ""pres"": 966.0729, ""meas_profile"": ""HP-5"", ""meas_id"": 5, ""hum"": 36.17432, ""gas_res"": 25000.0}, {""temp"": 20.08399, ""step"": 8, ""status"": 1, ""pres"": 966.2723, ""meas_profile"": ""HP-4"", ""meas_id"": 4, ""hum"": 35.69019, ""gas_res"": 25000.0}, {""temp"": 20.25802, ""step"": 8, ""status"": 1, ""pres"": 965.869, ""meas_profile"": ""HP-3"", ""meas_id"": 3, ""hum"": 36.22206, ""gas_res"": 10663.11}, {""temp"": 20.14396, ""step"": 8, ""status"": 1, ""pres"": 965.9774, ""meas_profile"": ""HP-2"", ""meas_id"": 2, ""hum"": 36.46367, ""gas_res"": 20990.49}, {""temp"": 19.91309, ""step"": 8, ""status"": 1, ""pres"": 966.1121, ""meas_profile"": ""HP-1"", ""meas_id"": 1, ""hum"": 34.81541, ""gas_res"": 10781.67}]}",NULL,"2025-10-27 13:11:40.704238"
12864,"04a600b9b0b8","2025-10-27 13:10:52","BD07Puk1opKlGBpynexQ","{""bme688"": [{""temp"": 20.49802, ""step"": 7, ""status"": 1, ""pres"": 966.0626, ""meas_profile"": ""HP-8"", ""meas_id"": 8, ""hum"": 36.18536, ""gas_res"": 5684.846}, {""temp"": 20.46845, ""step"": 7, ""status"": 1, ""pres"": 966.233, ""meas_profile"": ""HP-7"", ""meas_id"": 7, ""hum"": 36.05737, ""gas_res"": 5684.846}, {""temp"": 20.5149, ""step"": 7, ""status"": 1, ""pres"": 966.4016, ""meas_profile"": ""HP-6"", ""meas_id"": 6, ""hum"": 35.98024, ""gas_res"": 8733.624}, {""temp"": 20.40697, ""step"": 7, ""status"": 1, ""pres"": 966.0734, ""meas_profile"": ""HP-5"", ""meas_id"": 5, ""hum"": 36.18549, ""gas_res"": 25000.0}, {""temp"": 20.08057, ""step"": 7, ""status"": 1, ""pres"": 966.2734, ""meas_profile"": ""HP-4"", ""meas_id"": 4, ""hum"": 35.68986, ""gas_res"": 25000.0}, {""temp"": 20.25462, ""step"": 7, ""status"": 1, ""pres"": 965.8684, ""meas_profile"": ""HP-3"", ""meas_id"": 3, ""hum"": 36.21595, ""gas_res"": 9738.283}, {""temp"": 20.14054, ""step"": 7, ""status"": 1, ""pres"": 965.9769, ""meas_profile"": ""HP-2"", ""meas_id"": 2, ""hum"": 36.47478, ""gas_res"": 19583.84}, {""temp"": 19.90966, ""step"": 7, ""status"": 1, ""pres"": 966.1122, ""meas_profile"": ""HP-1"", ""meas_id"": 1, ""hum"": 34.8151, ""gas_res"": 10145.85}]}",NULL,"2025-10-27 13:11:41.993776"
12865,"04a600b9b0b8","2025-10-27 13:10:52","BD07Puk1opKlGBpynexQ","{""bme688"": [{""temp"": 20.49524, ""step"": 6, ""status"": 1, ""pres"": 966.0635, ""meas_profile"": ""HP-8"", ""meas_id"": 8, ""hum"": 36.21973, ""gas_res"": 11539.85}, {""temp"": 20.46565, ""step"": 6, ""status"": 1, ""pres"": 966.2333, ""meas_profile"": ""HP-7"", ""meas_id"": 7, ""hum"": 36.07992, ""gas_res"": 17862.13}, {""temp"": 20.51212, ""step"": 6, ""status"": 1, ""pres"": 966.4023, ""meas_profile"": ""HP-6"", ""meas_id"": 6, ""hum"": 35.96841, ""gas_res"": 40391.29}, {""temp"": 20.40416, ""step"": 6, ""status"": 1, ""pres"": 966.0737, ""meas_profile"": ""HP-5"", ""meas_id"": 5, ""hum"": 36.18522, ""gas_res"": 169761.3}, {""temp"": 20.07653, ""step"": 6, ""status"": 1, ""pres"": 966.2734, ""meas_profile"": ""HP-4"", ""meas_id"": 4, ""hum"": 35.71263, ""gas_res"": 299065.4}, {""temp"": 20.25091, ""step"": 6, ""status"": 1, ""pres"": 965.8691, ""meas_profile"": ""HP-3"", ""meas_id"": 3, ""hum"": 36.24455, ""gas_res"": 101688.2}, {""temp"": 20.13681, ""step"": 6, ""status"": 1, ""pres"": 965.9776, ""meas_profile"": ""HP-2"", ""meas_id"": 2, ""hum"": 36.4687, ""gas_res"": 164524.4}, {""temp"": 19.90562, ""step"": 6, ""status"": 1, ""pres"": 966.1133, ""meas_profile"": ""HP-1"", ""meas_id"": 1, ""hum"": 34.81472, ""gas_res"": 128578.6}]}",NULL,"2025-10-27 13:11:43.36511"
12866,"04a600b9b0b8","2025-10-27 13:10:52","BD07Puk1opKlGBpynexQ","{""bme688"": [{""temp"": 20.49246, ""step"": 5, ""status"": 1, ""pres"": 966.0645, ""meas_profile"": ""HP-8"", ""meas_id"": 8, ""hum"": 36.18483, ""gas_res"": 11453.11}, {""temp"": 20.46286, ""step"": 5, ""status"": 1, ""pres"": 966.2336, ""meas_profile"": ""HP-7"", ""meas_id"": 7, ""hum"": 36.07965, ""gas_res"": 17713.81}, {""temp"": 20.50934, ""step"": 5, ""status"": 1, ""pres"": 966.403, ""meas_profile"": ""HP-6"", ""meas_id"": 6, ""hum"": 35.9855, ""gas_res"": 40544.82}, {""temp"": 20.40135, ""step"": 5, ""status"": 1, ""pres"": 966.074, ""meas_profile"": ""HP-5"", ""meas_id"": 5, ""hum"": 36.19639, ""gas_res"": 171466.8}, {""temp"": 20.0728, ""step"": 5, ""status"": 1, ""pres"": 966.274, ""meas_profile"": ""HP-4"", ""meas_id"": 4, ""hum"": 35.71228, ""gas_res"": 311625.1}, {""temp"": 20.24689, ""step"": 5, ""status"": 1, ""pres"": 965.8694, ""meas_profile"": ""HP-3"", ""meas_id"": 3, ""hum"": 36.24417, ""gas_res"": 102359.1}, {""temp"": 20.13309, ""step"": 5, ""status"": 1, ""pres"": 965.9781, ""meas_profile"": ""HP-2"", ""meas_id"": 2, ""hum"": 36.46835, ""gas_res"": 163265.3}, {""temp"": 19.90188, ""step"": 5, ""status"": 1, ""pres"": 966.1111, ""meas_profile"": ""HP-1"", ""meas_id"": 1, ""hum"": 34.82613, ""gas_res"": 127047.1}]}",NULL,"2025-10-27 13:11:44.542054"
12867,"04a600b9b0b8","2025-10-27 13:10:52","BD07Puk1opKlGBpynexQ","{""bme688"": [{""temp"": 20.48999, ""step"": 4, ""status"": 1, ""pres"": 966.0642, ""meas_profile"": ""HP-8"", ""meas_id"": 8, ""hum"": 36.23653, ""gas_res"": 11367.67}, {""temp"": 20.45975, ""step"": 4, ""status"": 1, ""pres"": 966.2319, ""meas_profile"": ""HP-7"", ""meas_id"": 7, ""hum"": 36.09647, ""gas_res"": 17640.57}, {""temp"": 20.50657, ""step"": 4, ""status"": 1, ""pres"": 966.402, ""meas_profile"": ""HP-6"", ""meas_id"": 6, ""hum"": 35.99681, ""gas_res"": 41250.4}, {""temp"": 20.39853, ""step"": 4, ""status"": 1, ""pres"": 966.0728, ""meas_profile"": ""HP-5"", ""meas_id"": 5, ""hum"": 36.1904, ""gas_res"": 177716.1}, {""temp"": 20.06877, ""step"": 4, ""status"": 1, ""pres"": 966.2723, ""meas_profile"": ""HP-4"", ""meas_id"": 4, ""hum"": 35.72926, ""gas_res"": 331606.2}, {""temp"": 20.24318, ""step"": 4, ""status"": 1, ""pres"": 965.8684, ""meas_profile"": ""HP-3"", ""meas_id"": 3, ""hum"": 36.23223, ""gas_res"": 105004.1}, {""temp"": 20.12936, ""step"": 4, ""status"": 1, ""pres"": 965.9771, ""meas_profile"": ""HP-2"", ""meas_id"": 2, ""hum"": 36.46799, ""gas_res"": 166449.9}, {""temp"": 19.89815, ""step"": 4, ""status"": 1, ""pres"": 966.1125, ""meas_profile"": ""HP-1"", ""meas_id"": 1, ""hum"": 34.83166, ""gas_res"": 129358.3}]}",NULL,"2025-10-27 13:11:45.82578"
12868,"04a600b9b0b8","2025-10-27 13:10:52","BD07Puk1opKlGBpynexQ","{""bme688"": [{""temp"": 20.4869, ""step"": 3, ""status"": 0, ""pres"": 966.0629, ""meas_profile"": ""HP-8"", ""meas_id"": 8, ""hum"": 36.23046, ""gas_res"": 6974.717}, {""temp"": 20.45696, ""step"": 3, ""status"": 0, ""pres"": 966.2325, ""meas_profile"": ""HP-7"", ""meas_id"": 7, ""hum"": 36.11902, ""gas_res"": 8641.642}, {""temp"": 20.50317, ""step"": 3, ""status"": 0, ""pres"": 966.4017, ""meas_profile"": ""HP-6"", ""meas_id"": 6, ""hum"": 36.02541, ""gas_res"": 21347.56}, {""temp"": 20.39509, ""step"": 3, ""status"": 0, ""pres"": 966.0707, ""meas_profile"": ""HP-5"", ""meas_id"": 5, ""hum"": 36.23011, ""gas_res"": 53758.93}, {""temp"": 20.06473, ""step"": 3, ""status"": 0, ""pres"": 966.2725, ""meas_profile"": ""HP-4"", ""meas_id"": 4, ""hum"": 35.74046, ""gas_res"": 67068.38}, {""temp"": 20.23916, ""step"": 3, ""status"": 0, ""pres"": 965.8685, ""meas_profile"": ""HP-3"", ""meas_id"": 3, ""hum"": 36.25502, ""gas_res"": 39131.77}, {""temp"": 20.12533, ""step"": 3, ""status"": 0, ""pres"": 965.9772, ""meas_profile"": ""HP-2"", ""meas_id"": 2, ""hum"": 36.48479, ""gas_res"": 59534.88}, {""temp"": 19.8941, ""step"": 3, ""status"": 0, ""pres"": 966.1118, ""meas_profile"": ""HP-1"", ""meas_id"": 1, ""hum"": 34.84303, ""gas_res"": 39862.97}]}",NULL,"2025-10-27 13:11:47.117593"
12869,"04a600b9b0b8","2025-10-27 13:10:52","BD07Puk1opKlGBpynexQ","{""bme688"": [{""temp"": 20.48381, ""step"": 2, ""status"": 1, ""pres"": 966.0615, ""meas_profile"": ""HP-8"", ""meas_id"": 8, ""hum"": 36.24172, ""gas_res"": 20272.41}, {""temp"": 20.45385, ""step"": 2, ""status"": 1, ""pres"": 966.2322, ""meas_profile"": ""HP-7"", ""meas_id"": 7, ""hum"": 36.10732, ""gas_res"": 27574.32}, {""temp"": 20.50039, ""step"": 2, ""status"": 1, ""pres"": 966.4007, ""meas_profile"": ""HP-6"", ""meas_id"": 6, ""hum"": 36.01358, ""gas_res"": 102297.7}, {""temp"": 20.39196, ""step"": 2, ""status"": 1, ""pres"": 966.0706, ""meas_profile"": ""HP-5"", ""meas_id"": 5, ""hum"": 36.2298, ""gas_res"": 314206.8}, {""temp"": 20.061, ""step"": 2, ""status"": 1, ""pres"": 966.2713, ""meas_profile"": ""HP-4"", ""meas_id"": 4, ""hum"": 35.73432, ""gas_res"": 566371.7}, {""temp"": 20.23514, ""step"": 2, ""status"": 1, ""pres"": 965.867, ""meas_profile"": ""HP-3"", ""meas_id"": 3, ""hum"": 36.26043, ""gas_res"": 252964.4}, {""temp"": 20.12129, ""step"": 2, ""status"": 1, ""pres"": 965.9773, ""meas_profile"": ""HP-2"", ""meas_id"": 2, ""hum"": 36.50158, ""gas_res"": 424984.4}, {""temp"": 19.89006, ""step"": 2, ""status"": 1, ""pres"": 966.111, ""meas_profile"": ""HP-1"", ""meas_id"": 1, ""hum"": 34.85441, ""gas_res"": 318012.4}]}",NULL,"2025-10-27 13:11:48.503386"
12870,"04a600b9b0b8","2025-10-27 13:10:52","BD07Puk1opKlGBpynexQ","{""bme688"": [{""temp"": 20.48104, ""step"": 1, ""status"": 1, ""pres"": 966.0606, ""meas_profile"": ""HP-8"", ""meas_id"": 8, ""hum"": 36.23568, ""gas_res"": 7899.284}, {""temp"": 20.45137, ""step"": 1, ""status"": 1, ""pres"": 966.2316, ""meas_profile"": ""HP-7"", ""meas_id"": 7, ""hum"": 36.12419, ""gas_res"": 9598.08}, {""temp"": 20.4973, ""step"": 1, ""status"": 1, ""pres"": 966.3992, ""meas_profile"": ""HP-6"", ""meas_id"": 6, ""hum"": 36.0075, ""gas_res"": 25000.0}, {""temp"": 20.38915, ""step"": 1, ""status"": 1, ""pres"": 966.0694, ""meas_profile"": ""HP-5"", ""meas_id"": 5, ""hum"": 36.21238, ""gas_res"": 100000.0}, {""temp"": 20.05727, ""step"": 1, ""status"": 1, ""pres"": 966.2703, ""meas_profile"": ""HP-4"", ""meas_id"": 4, ""hum"": 35.73976, ""gas_res"": 114901.3}, {""temp"": 20.23174, ""step"": 1, ""status"": 1, ""pres"": 965.8681, ""meas_profile"": ""HP-3"", ""meas_id"": 3, ""hum"": 36.27169, ""gas_res"": 38426.9}, {""temp"": 20.11756, ""step"": 1, ""status"": 1, ""pres"": 965.9763, ""meas_profile"": ""HP-2"", ""meas_id"": 2, ""hum"": 36.48977, ""gas_res"": 100000.0}, {""temp"": 19.88633, ""step"": 1, ""status"": 1, ""pres"": 966.1108, ""meas_profile"": ""HP-1"", ""meas_id"": 1, ""hum"": 34.84232, ""gas_res"": 39603.96}]}",NULL,"2025-10-27 13:11:49.684028"
12871,"04a600b9b0b8","2025-10-27 13:10:52","BD07Puk1opKlGBpynexQ","{""bme688"": [{""temp"": 20.47764, ""step"": 0, ""status"": 1, ""pres"": 966.0605, ""meas_profile"": ""HP-8"", ""meas_id"": 8, ""hum"": 36.2469, ""gas_res"": 5684.846}, {""temp"": 20.44826, ""step"": 0, ""status"": 1, ""pres"": 966.2315, ""meas_profile"": ""HP-7"", ""meas_id"": 7, ""hum"": 36.10678, ""gas_res"": 5684.846}, {""temp"": 20.49453, ""step"": 0, ""status"": 1, ""pres"": 966.4, ""meas_profile"": ""HP-6"", ""meas_id"": 6, ""hum"": 36.03038, ""gas_res"": 8961.075}, {""temp"": 20.38634, ""step"": 0, ""status"": 1, ""pres"": 966.0698, ""meas_profile"": ""HP-5"", ""meas_id"": 5, ""hum"": 36.20067, ""gas_res"": 25000.0}, {""temp"": 20.05354, ""step"": 0, ""status"": 1, ""pres"": 966.2707, ""meas_profile"": ""HP-4"", ""meas_id"": 4, ""hum"": 35.72783, ""gas_res"": 25000.0}, {""temp"": 20.22803, ""step"": 0, ""status"": 1, ""pres"": 965.8672, ""meas_profile"": ""HP-3"", ""meas_id"": 3, ""hum"": 36.27133, ""gas_res"": 9900.99}, {""temp"": 20.11384, ""step"": 0, ""status"": 1, ""pres"": 965.9752, ""meas_profile"": ""HP-2"", ""meas_id"": 2, ""hum"": 36.52378, ""gas_res"": 19458.8}, {""temp"": 19.88259, ""step"": 0, ""status"": 1, ""pres"": 966.1104, ""meas_profile"": ""HP-1"", ""meas_id"": 1, ""hum"": 34.84785, ""gas_res"": 10012.52}]}",NULL,"2025-10-27 13:11:50.951871"
12872,"04a600b9b0b8","2025-10-27 13:10:25","BD07Puk1opKlGBpynexQ","{""zphs01b"": {""voc"": 0, ""temp"": 18.6, ""pm2_5"": 0, ""pm1_0"": 0, ""pm10"": 369, ""o3"": 0.02, ""no2"": 9.099999, ""hum"": 0, ""fmhd"": 0, ""co2"": 5000, ""co"": 0.0}, ""smell_b"": {}, ""sfa30"": {""temp"": 20.835, ""hum"": 36.58, ""fmhd"": 1.2}, ""sen5x"": {""voc"": 103.0, ""temp"": 20.635, ""pm4_0"": 4487.9, ""pm2_5"": 4487.9, ""pm1_0"": 4279.5, ""pm10"": 4487.9, ""nox"": 1.0, ""mass_c"": 4435.8, ""hum"": 42.31}, ""scd41"": {""temp"": 20.47646, ""hum"": 39.26604, ""co2"": 605}, ""power_source"": 0, ""mics6814"": {""red_res"": 0, ""no2_res"": 0, ""no2"": 0.17, ""nh3_res"": 0, ""nh3"": 0.73, ""co_res"": 0, ""co"": 44.0}}",NULL,"2025-10-27 13:11:52.11362"
12873,"04a600b9b0b8","2025-10-27 13:10:25","BD07Puk1opKlGBpynexQ","{""bme688"": [{""temp"": 20.47455, ""step"": 9, ""status"": 1, ""pres"": 966.0592, ""meas_profile"": ""HP-8"", ""meas_id"": 8, ""hum"": 36.2466, ""gas_res"": 5684.846}, {""temp"": 20.44516, ""step"": 9, ""status"": 1, ""pres"": 966.2297, ""meas_profile"": ""HP-7"", ""meas_id"": 7, ""hum"": 36.11219, ""gas_res"": 5684.846}, {""temp"": 20.49175, ""step"": 9, ""status"": 1, ""pres"": 966.399, ""meas_profile"": ""HP-6"", ""meas_id"": 6, ""hum"": 36.02433, ""gas_res"": 8121.828}, {""temp"": 20.38352, ""step"": 9, ""status"": 1, ""pres"": 966.0684, ""meas_profile"": ""HP-5"", ""meas_id"": 5, ""hum"": 36.2004, ""gas_res"": 25000.0}, {""temp"": 20.04982, ""step"": 9, ""status"": 1, ""pres"": 966.2695, ""meas_profile"": ""HP-4"", ""meas_id"": 4, ""hum"": 35.73327, ""gas_res"": 25000.0}, {""temp"": 20.22432, ""step"": 9, ""status"": 1, ""pres"": 965.8661, ""meas_profile"": ""HP-3"", ""meas_id"": 3, ""hum"": 36.24781, ""gas_res"": 10578.51}, {""temp"": 20.11011, ""step"": 9, ""status"": 1, ""pres"": 965.9758, ""meas_profile"": ""HP-2"", ""meas_id"": 2, ""hum"": 36.4776, ""gas_res"": 11666.06}, {""temp"": 19.87886, ""step"": 9, ""status"": 1, ""pres"": 966.1101, ""meas_profile"": ""HP-1"", ""meas_id"": 1, ""hum"": 34.84164, ""gas_res"": 9624.061}]}",NULL,"2025-10-27 13:11:53.602847"
12874,"04a600b9b0b8","2025-10-27 13:10:25","BD07Puk1opKlGBpynexQ","{""bme688"": [{""temp"": 20.47115, ""step"": 8, ""status"": 1, ""pres"": 966.0575, ""meas_profile"": ""HP-8"", ""meas_id"": 8, ""hum"": 36.23473, ""gas_res"": 5684.846}, {""temp"": 20.44205, ""step"": 8, ""status"": 1, ""pres"": 966.2278, ""meas_profile"": ""HP-7"", ""meas_id"": 7, ""hum"": 36.11189, ""gas_res"": 5684.846}, {""temp"": 20.48897, ""step"": 8, ""status"": 1, ""pres"": 966.3996, ""meas_profile"": ""HP-6"", ""meas_id"": 6, ""hum"": 36.02407, ""gas_res"": 8318.17}, {""temp"": 20.38071, ""step"": 8, ""status"": 1, ""pres"": 966.0673, ""meas_profile"": ""HP-5"", ""meas_id"": 5, ""hum"": 36.22302, ""gas_res"": 25000.0}, {""temp"": 20.0464, ""step"": 8, ""status"": 1, ""pres"": 966.2704, ""meas_profile"": ""HP-4"", ""meas_id"": 4, ""hum"": 35.73295, ""gas_res"": 25000.0}, {""temp"": 20.22092, ""step"": 8, ""status"": 1, ""pres"": 965.8655, ""meas_profile"": ""HP-3"", ""meas_id"": 3, ""hum"": 36.2359, ""gas_res"": 9272.675}, {""temp"": 20.10639, ""step"": 8, ""status"": 1, ""pres"": 965.9747, ""meas_profile"": ""HP-2"", ""meas_id"": 2, ""hum"": 36.4887, ""gas_res"": 11653.31}, {""temp"": 19.87512, ""step"": 8, ""status"": 1, ""pres"": 966.1097, ""meas_profile"": ""HP-1"", ""meas_id"": 1, ""hum"": 34.84129, ""gas_res"": 9362.2}]}",NULL,"2025-10-27 13:11:54.80537"
12875,"04a600b9b0b8","2025-10-27 13:10:25","BD07Puk1opKlGBpynexQ","{""bme688"": [{""temp"": 20.46775, ""step"": 7, ""status"": 1, ""pres"": 966.0557, ""meas_profile"": ""HP-8"", ""meas_id"": 8, ""hum"": 36.22864, ""gas_res"": 5684.846}, {""temp"": 20.43895, ""step"": 7, ""status"": 1, ""pres"": 966.2279, ""meas_profile"": ""HP-7"", ""meas_id"": 7, ""hum"": 36.1116, ""gas_res"": 5684.846}, {""temp"": 20.48588, ""step"": 7, ""status"": 1, ""pres"": 966.3981, ""meas_profile"": ""HP-6"", ""meas_id"": 6, ""hum"": 36.02377, ""gas_res"": 8228.336}, {""temp"": 20.37789, ""step"": 7, ""status"": 1, ""pres"": 966.0659, ""meas_profile"": ""HP-5"", ""meas_id"": 5, ""hum"": 36.20559, ""gas_res"": 25000.0}, {""temp"": 20.04267, ""step"": 7, ""status"": 1, ""pres"": 966.2693, ""meas_profile"": ""HP-4"", ""meas_id"": 4, ""hum"": 35.72681, ""gas_res"": 25000.0}, {""temp"": 20.21721, ""step"": 7, ""status"": 1, ""pres"": 965.8664, ""meas_profile"": ""HP-3"", ""meas_id"": 3, ""hum"": 36.25872, ""gas_res"": 8357.273}, {""temp"": 20.10235, ""step"": 7, ""status"": 1, ""pres"": 965.9749, ""meas_profile"": ""HP-2"", ""meas_id"": 2, ""hum"": 36.48831, ""gas_res"": 10673.78}, {""temp"": 19.87139, ""step"": 7, ""status"": 1, ""pres"": 966.1094, ""meas_profile"": ""HP-1"", ""meas_id"": 1, ""hum"": 34.84095, ""gas_res"": 8690.929}]}",NULL,"2025-10-27 13:11:56.066198"
12876,"04a600b9b0b8","2025-10-27 13:10:25","BD07Puk1opKlGBpynexQ","{""bme688"": [{""temp"": 20.46498, ""step"": 6, ""status"": 1, ""pres"": 966.0549, ""meas_profile"": ""HP-8"", ""meas_id"": 8, ""hum"": 36.24569, ""gas_res"": 11295.45}, {""temp"": 20.43584, ""step"": 6, ""status"": 1, ""pres"": 966.2262, ""meas_profile"": ""HP-7"", ""meas_id"": 7, ""hum"": 36.117, ""gas_res"": 17410.23}, {""temp"": 20.4831, ""step"": 6, ""status"": 1, ""pres"": 966.397, ""meas_profile"": ""HP-6"", ""meas_id"": 6, ""hum"": 36.02351, ""gas_res"": 37350.45}, {""temp"": 20.37477, ""step"": 6, ""status"": 1, ""pres"": 966.0659, ""meas_profile"": ""HP-5"", ""meas_id"": 5, ""hum"": 36.19957, ""gas_res"": 150190.7}, {""temp"": 20.03895, ""step"": 6, ""status"": 1, ""pres"": 966.2684, ""meas_profile"": ""HP-4"", ""meas_id"": 4, ""hum"": 35.76698, ""gas_res"": 181689.1}, {""temp"": 20.2138, ""step"": 6, ""status"": 1, ""pres"": 965.8658, ""meas_profile"": ""HP-3"", ""meas_id"": 3, ""hum"": 36.24102, ""gas_res"": 100000.0}, {""temp"": 20.09862, ""step"": 6, ""status"": 1, ""pres"": 965.9739, ""meas_profile"": ""HP-2"", ""meas_id"": 2, ""hum"": 36.49368, ""gas_res"": 137265.4}, {""temp"": 19.86734, ""step"": 6, ""status"": 1, ""pres"": 966.1086, ""meas_profile"": ""HP-1"", ""meas_id"": 1, ""hum"": 34.82882, ""gas_res"": 105916.4}]}",NULL,"2025-10-27 13:11:57.365743"
12877,"04a600b9b0b8","2025-10-27 13:10:25","BD07Puk1opKlGBpynexQ","{""bme688"": [{""temp"": 20.4622, ""step"": 5, ""status"": 1, ""pres"": 966.0541, ""meas_profile"": ""HP-8"", ""meas_id"": 8, ""hum"": 36.2512, ""gas_res"": 11283.5}, {""temp"": 20.43305, ""step"": 5, ""status"": 1, ""pres"": 966.2249, ""meas_profile"": ""HP-7"", ""meas_id"": 7, ""hum"": 36.11103, ""gas_res"": 17283.28}, {""temp"": 20.48002, ""step"": 5, ""status"": 1, ""pres"": 966.3972, ""meas_profile"": ""HP-6"", ""meas_id"": 6, ""hum"": 36.02322, ""gas_res"": 37058.48}, {""temp"": 20.37195, ""step"": 5, ""status"": 1, ""pres"": 966.0648, ""meas_profile"": ""HP-5"", ""meas_id"": 5, ""hum"": 36.22218, ""gas_res"": 151121.6}, {""temp"": 20.03522, ""step"": 5, ""status"": 1, ""pres"": 966.2688, ""meas_profile"": ""HP-4"", ""meas_id"": 4, ""hum"": 35.7319, ""gas_res"": 184637.6}, {""temp"": 20.20979, ""step"": 5, ""status"": 1, ""pres"": 965.8661, ""meas_profile"": ""HP-3"", ""meas_id"": 3, ""hum"": 36.24063, ""gas_res"": 100000.0}, {""temp"": 20.0949, ""step"": 5, ""status"": 1, ""pres"": 965.9728, ""meas_profile"": ""HP-2"", ""meas_id"": 2, ""hum"": 36.49905, ""gas_res"": 134031.4}, {""temp"": 19.86329, ""step"": 5, ""status"": 1, ""pres"": 966.1079, ""meas_profile"": ""HP-1"", ""meas_id"": 1, ""hum"": 34.8402, ""gas_res"": 103476.1}]}",NULL,"2025-10-27 13:11:58.728512"
12878,"04a600b9b0b8","2025-10-27 13:10:25","BD07Puk1opKlGBpynexQ","{""bme688"": [{""temp"": 20.45973, ""step"": 4, ""status"": 1, ""pres"": 966.0536, ""meas_profile"": ""HP-8"", ""meas_id"": 8, ""hum"": 36.26828, ""gas_res"": 11224.13}, {""temp"": 20.42994, ""step"": 4, ""status"": 1, ""pres"": 966.2231, ""meas_profile"": ""HP-7"", ""meas_id"": 7, ""hum"": 36.13356, ""gas_res"": 17269.29}, {""temp"": 20.47724, ""step"": 4, ""status"": 1, ""pres"": 966.3979, ""meas_profile"": ""HP-6"", ""meas_id"": 6, ""hum"": 36.03453, ""gas_res"": 37547.67}, {""temp"": 20.36882, ""step"": 4, ""status"": 1, ""pres"": 966.0629, ""meas_profile"": ""HP-5"", ""meas_id"": 5, ""hum"": 36.21616, ""gas_res"": 155387.0}, {""temp"": 20.03149, ""step"": 4, ""status"": 1, ""pres"": 966.2678, ""meas_profile"": ""HP-4"", ""meas_id"": 4, ""hum"": 35.7547, ""gas_res"": 255425.3}, {""temp"": 20.20607, ""step"": 4, ""status"": 1, ""pres"": 965.8649, ""meas_profile"": ""HP-3"", ""meas_id"": 3, ""hum"": 36.28662, ""gas_res"": 100000.0}, {""temp"": 20.09086, ""step"": 4, ""status"": 1, ""pres"": 965.9729, ""meas_profile"": ""HP-2"", ""meas_id"": 2, ""hum"": 36.51012, ""gas_res"": 132573.8}, {""temp"": 19.85925, ""step"": 4, ""status"": 1, ""pres"": 966.1071, ""meas_profile"": ""HP-1"", ""meas_id"": 1, ""hum"": 34.85157, ""gas_res"": 101870.3}]}",NULL,"2025-10-27 13:11:59.893194"
12879,"04a600b9b0b8","2025-10-27 13:10:25","BD07Puk1opKlGBpynexQ","{""bme688"": [{""temp"": 20.45633, ""step"": 3, ""status"": 0, ""pres"": 966.0518, ""meas_profile"": ""HP-8"", ""meas_id"": 8, ""hum"": 36.2795, ""gas_res"": 7053.119}, {""temp"": 20.42715, ""step"": 3, ""status"": 0, ""pres"": 966.2234, ""meas_profile"": ""HP-7"", ""meas_id"": 7, ""hum"": 36.14471, ""gas_res"": 8683.854}, {""temp"": 20.47384, ""step"": 3, ""status"": 0, ""pres"": 966.3959, ""meas_profile"": ""HP-6"", ""meas_id"": 6, ""hum"": 36.03999, ""gas_res"": 20176.54}, {""temp"": 20.36538, ""step"": 3, ""status"": 0, ""pres"": 966.0624, ""meas_profile"": ""HP-5"", ""meas_id"": 5, ""hum"": 36.23871, ""gas_res"": 48669.2}, {""temp"": 20.02714, ""step"": 3, ""status"": 0, ""pres"": 966.2673, ""meas_profile"": ""HP-4"", ""meas_id"": 4, ""hum"": 35.74271, ""gas_res"": 54549.33}, {""temp"": 20.20205, ""step"": 3, ""status"": 0, ""pres"": 965.8636, ""meas_profile"": ""HP-3"", ""meas_id"": 3, ""hum"": 36.29203, ""gas_res"": 33169.21}, {""temp"": 20.08651, ""step"": 3, ""status"": 0, ""pres"": 965.9709, ""meas_profile"": ""HP-2"", ""meas_id"": 2, ""hum"": 36.52689, ""gas_res"": 49573.97}, {""temp"": 19.8552, ""step"": 3, ""status"": 0, ""pres"": 966.1063, ""meas_profile"": ""HP-1"", ""meas_id"": 1, ""hum"": 34.85708, ""gas_res"": 32048.07}]}",NULL,"2025-10-27 13:12:01.193506"
12880,"04a600b9b0b8","2025-10-27 13:10:25","BD07Puk1opKlGBpynexQ","{""bme688"": [{""temp"": 20.45324, ""step"": 2, ""status"": 1, ""pres"": 966.0522, ""meas_profile"": ""HP-8"", ""meas_id"": 8, ""hum"": 36.26766, ""gas_res"": 22735.35}, {""temp"": 20.42404, ""step"": 2, ""status"": 1, ""pres"": 966.2216, ""meas_profile"": ""HP-7"", ""meas_id"": 7, ""hum"": 36.16153, ""gas_res"": 30600.05}, {""temp"": 20.47076, ""step"": 2, ""status"": 1, ""pres"": 966.3943, ""meas_profile"": ""HP-6"", ""meas_id"": 6, ""hum"": 36.04548, ""gas_res"": 108199.5}, {""temp"": 20.36226, ""step"": 2, ""status"": 1, ""pres"": 966.0622, ""meas_profile"": ""HP-5"", ""meas_id"": 5, ""hum"": 36.22697, ""gas_res"": 321911.3}, {""temp"": 20.02311, ""step"": 2, ""status"": 1, ""pres"": 966.2654, ""meas_profile"": ""HP-4"", ""meas_id"": 4, ""hum"": 35.77706, ""gas_res"": 502947.0}, {""temp"": 20.19803, ""step"": 2, ""status"": 1, ""pres"": 965.8638, ""meas_profile"": ""HP-3"", ""meas_id"": 3, ""hum"": 36.29744, ""gas_res"": 227051.0}, {""temp"": 20.08248, ""step"": 2, ""status"": 1, ""pres"": 965.9709, ""meas_profile"": ""HP-2"", ""meas_id"": 2, ""hum"": 36.53223, ""gas_res"": 381662.3}, {""temp"": 19.85116, ""step"": 2, ""status"": 1, ""pres"": 966.1055, ""meas_profile"": ""HP-1"", ""meas_id"": 1, ""hum"": 34.85083, ""gas_res"": 272775.7}]}",NULL,"2025-10-27 13:12:02.466682"
12881,"04a600b9b0b8","2025-10-27 13:10:25","BD07Puk1opKlGBpynexQ","{""bme688"": [{""temp"": 20.45046, ""step"": 1, ""status"": 1, ""pres"": 966.0515, ""meas_profile"": ""HP-8"", ""meas_id"": 8, ""hum"": 36.25585, ""gas_res"": 7952.286}, {""temp"": 20.42125, ""step"": 1, ""status"": 1, ""pres"": 966.2221, ""meas_profile"": ""HP-7"", ""meas_id"": 7, ""hum"": 36.15556, ""gas_res"": 9453.472}, {""temp"": 20.46767, ""step"": 1, ""status"": 1, ""pres"": 966.3947, ""meas_profile"": ""HP-6"", ""meas_id"": 6, ""hum"": 36.03361, ""gas_res"": 25000.0}, {""temp"": 20.35944, ""step"": 1, ""status"": 1, ""pres"": 966.0611, ""meas_profile"": ""HP-5"", ""meas_id"": 5, ""hum"": 36.23815, ""gas_res"": 45422.29}, {""temp"": 20.01938, ""step"": 1, ""status"": 1, ""pres"": 966.2661, ""meas_profile"": ""HP-4"", ""meas_id"": 4, ""hum"": 35.75935, ""gas_res"": 100000.0}, {""temp"": 20.19432, ""step"": 1, ""status"": 1, ""pres"": 965.8627, ""meas_profile"": ""HP-3"", ""meas_id"": 3, ""hum"": 36.2855, ""gas_res"": 29520.29}, {""temp"": 20.07875, ""step"": 1, ""status"": 1, ""pres"": 965.9698, ""meas_profile"": ""HP-2"", ""meas_id"": 2, ""hum"": 36.51469, ""gas_res"": 40973.11}, {""temp"": 19.84711, ""step"": 1, ""status"": 1, ""pres"": 966.1047, ""meas_profile"": ""HP-1"", ""meas_id"": 1, ""hum"": 34.87395, ""gas_res"": 29788.22}]}",NULL,"2025-10-27 13:12:03.846228"
12882,"04a600b9b0b8","2025-10-27 13:10:25","BD07Puk1opKlGBpynexQ","{""bme688"": [{""temp"": 20.44706, ""step"": 0, ""status"": 1, ""pres"": 966.0496, ""meas_profile"": ""HP-8"", ""meas_id"": 8, ""hum"": 36.30171, ""gas_res"": 5684.846}, {""temp"": 20.41845, ""step"": 0, ""status"": 1, ""pres"": 966.2209, ""meas_profile"": ""HP-7"", ""meas_id"": 7, ""hum"": 36.14958, ""gas_res"": 5805.515}, {""temp"": 20.46489, ""step"": 0, ""status"": 1, ""pres"": 966.3937, ""meas_profile"": ""HP-6"", ""meas_id"": 6, ""hum"": 36.0507, ""gas_res"": 8812.999}, {""temp"": 20.35632, ""step"": 0, ""status"": 1, ""pres"": 966.0592, ""meas_profile"": ""HP-5"", ""meas_id"": 5, ""hum"": 36.24357, ""gas_res"": 25000.0}, {""temp"": 20.01565, ""step"": 0, ""status"": 1, ""pres"": 966.265, ""meas_profile"": ""HP-4"", ""meas_id"": 4, ""hum"": 35.77058, ""gas_res"": 25000.0}, {""temp"": 20.19061, ""step"": 0, ""status"": 1, ""pres"": 965.8633, ""meas_profile"": ""HP-3"", ""meas_id"": 3, ""hum"": 36.29674, ""gas_res"": 8066.549}, {""temp"": 20.07471, ""step"": 0, ""status"": 1, ""pres"": 965.97, ""meas_profile"": ""HP-2"", ""meas_id"": 2, ""hum"": 36.52003, ""gas_res"": 10040.79}, {""temp"": 19.84338, ""step"": 0, ""status"": 1, ""pres"": 966.1044, ""meas_profile"": ""HP-1"", ""meas_id"": 1, ""hum"": 34.87362, ""gas_res"": 8209.338}]}",NULL,"2025-10-27 13:12:05.034536"
12905,"04a600b9b0b8","2025-10-27 13:12:23","BD07Puk1opKlGBpynexQ","{""zphs01b"": {""voc"": 0, ""temp"": 18.8, ""pm2_5"": 0, ""pm1_0"": 0, ""pm10"": 360, ""o3"": 0.02, ""no2"": 10.0, ""hum"": 0, ""fmhd"": 0, ""co2"": 5000, ""co"": 0.0}, ""smell_b"": {}, ""sfa30"": {""temp"": 20.92, ""hum"": 36.53, ""fmhd"": 1.4}, ""sen5x"": {""voc"": 99.0, ""temp"": 20.62, ""pm4_0"": 4557.2, ""pm2_5"": 4557.2, ""pm1_0"": 4345.5, ""pm10"": 4557.2, ""nox"": 1.0, ""mass_c"": 4504.275, ""hum"": 42.55}, ""scd41"": {""temp"": 20.67406, ""hum"": 39.02037, ""co2"": 617}, ""power_source"": 0, ""mics6814"": {""red_res"": 0, ""no2_res"": 0, ""no2"": 0.17, ""nh3_res"": 0, ""nh3"": 0.73, ""co_res"": 0, ""co"": 44.0}}",NULL,"2025-10-27 13:18:18.675768"
12906,"04a600b9b0b8","2025-10-27 13:12:23","BD07Puk1opKlGBpynexQ","{""bme688"": [{""temp"": 20.56597, ""step"": 9, ""status"": 1, ""pres"": 966.0778, ""meas_profile"": ""HP-8"", ""meas_id"": 8, ""hum"": 36.11685, ""gas_res"": 5684.846}, {""temp"": 20.53583, ""step"": 9, ""status"": 1, ""pres"": 966.2502, ""meas_profile"": ""HP-7"", ""meas_id"": 7, ""hum"": 35.98394, ""gas_res"": 5684.846}, {""temp"": 20.58189, ""step"": 9, ""status"": 1, ""pres"": 966.4092, ""meas_profile"": ""HP-6"", ""meas_id"": 6, ""hum"": 35.88829, ""gas_res"": 8871.639}, {""temp"": 20.47327, ""step"": 9, ""status"": 1, ""pres"": 966.0826, ""meas_profile"": ""HP-5"", ""meas_id"": 5, ""hum"": 36.07175, ""gas_res"": 25000.0}, {""temp"": 20.16288, ""step"": 9, ""status"": 1, ""pres"": 966.2773, ""meas_profile"": ""HP-4"", ""meas_id"": 4, ""hum"": 35.59347, ""gas_res"": 25000.0}, {""temp"": 20.33626, ""step"": 9, ""status"": 1, ""pres"": 965.8752, ""meas_profile"": ""HP-3"", ""meas_id"": 3, ""hum"": 36.12528, ""gas_res"": 19710.5}, {""temp"": 20.22469, ""step"": 9, ""status"": 1, ""pres"": 965.9836, ""meas_profile"": ""HP-2"", ""meas_id"": 2, ""hum"": 36.35115, ""gas_res"": 22424.67}, {""temp"": 19.994, ""step"": 9, ""status"": 1, ""pres"": 966.1154, ""meas_profile"": ""HP-1"", ""meas_id"": 1, ""hum"": 34.71128, ""gas_res"": 11704.46}]}",NULL,"2025-10-27 13:18:20.067693"
12907,"04a600b9b0b8","2025-10-27 13:12:23","BD07Puk1opKlGBpynexQ","{""bme688"": [{""temp"": 20.56257, ""step"": 8, ""status"": 1, ""pres"": 966.0759, ""meas_profile"": ""HP-8"", ""meas_id"": 8, ""hum"": 36.11652, ""gas_res"": 5684.846}, {""temp"": 20.53272, ""step"": 8, ""status"": 1, ""pres"": 966.2484, ""meas_profile"": ""HP-7"", ""meas_id"": 7, ""hum"": 35.99505, ""gas_res"": 5684.846}, {""temp"": 20.5788, ""step"": 8, ""status"": 1, ""pres"": 966.4095, ""meas_profile"": ""HP-6"", ""meas_id"": 6, ""hum"": 35.888, ""gas_res"": 8991.29}, {""temp"": 20.47046, ""step"": 8, ""status"": 1, ""pres"": 966.0832, ""meas_profile"": ""HP-5"", ""meas_id"": 5, ""hum"": 36.07148, ""gas_res"": 25000.0}, {""temp"": 20.15946, ""step"": 8, ""status"": 1, ""pres"": 966.2767, ""meas_profile"": ""HP-4"", ""meas_id"": 4, ""hum"": 35.6105, ""gas_res"": 25000.0}, {""temp"": 20.33286, ""step"": 8, ""status"": 1, ""pres"": 965.8746, ""meas_profile"": ""HP-3"", ""meas_id"": 3, ""hum"": 36.12497, ""gas_res"": 11061.18}, {""temp"": 20.22128, ""step"": 8, ""status"": 1, ""pres"": 965.9829, ""meas_profile"": ""HP-2"", ""meas_id"": 2, ""hum"": 36.36227, ""gas_res"": 21650.88}, {""temp"": 19.99027, ""step"": 8, ""status"": 1, ""pres"": 966.1151, ""meas_profile"": ""HP-1"", ""meas_id"": 1, ""hum"": 34.72268, ""gas_res"": 11259.68}]}",NULL,"2025-10-27 13:18:21.363566"
12908,"04a600b9b0b8","2025-10-27 13:12:23","BD07Puk1opKlGBpynexQ","{""bme688"": [{""temp"": 20.55948, ""step"": 7, ""status"": 1, ""pres"": 966.0745, ""meas_profile"": ""HP-8"", ""meas_id"": 8, ""hum"": 36.11046, ""gas_res"": 5684.846}, {""temp"": 20.52931, ""step"": 7, ""status"": 1, ""pres"": 966.2477, ""meas_profile"": ""HP-7"", ""meas_id"": 7, ""hum"": 35.98903, ""gas_res"": 5684.846}, {""temp"": 20.57602, ""step"": 7, ""status"": 1, ""pres"": 966.4084, ""meas_profile"": ""HP-6"", ""meas_id"": 6, ""hum"": 35.88774, ""gas_res"": 8834.897}, {""temp"": 20.46764, ""step"": 7, ""status"": 1, ""pres"": 966.082, ""meas_profile"": ""HP-5"", ""meas_id"": 5, ""hum"": 36.07121, ""gas_res"": 25000.0}, {""temp"": 20.15605, ""step"": 7, ""status"": 1, ""pres"": 966.2778, ""meas_profile"": ""HP-4"", ""meas_id"": 4, ""hum"": 35.59861, ""gas_res"": 25000.0}, {""temp"": 20.32946, ""step"": 7, ""status"": 1, ""pres"": 965.8759, ""meas_profile"": ""HP-3"", ""meas_id"": 3, ""hum"": 36.13622, ""gas_res"": 9965.743}, {""temp"": 20.21755, ""step"": 7, ""status"": 1, ""pres"": 965.9836, ""meas_profile"": ""HP-2"", ""meas_id"": 2, ""hum"": 36.36192, ""gas_res"": 19875.78}, {""temp"": 19.98653, ""step"": 7, ""status"": 1, ""pres"": 966.1149, ""meas_profile"": ""HP-1"", ""meas_id"": 1, ""hum"": 34.71647, ""gas_res"": 10413.28}]}",NULL,"2025-10-27 13:18:22.738638"
12909,"04a600b9b0b8","2025-10-27 13:12:23","BD07Puk1opKlGBpynexQ","{""bme688"": [{""temp"": 20.55671, ""step"": 6, ""status"": 1, ""pres"": 966.0754, ""meas_profile"": ""HP-8"", ""meas_id"": 8, ""hum"": 36.11596, ""gas_res"": 11490.13}, {""temp"": 20.5262, ""step"": 6, ""status"": 1, ""pres"": 966.2461, ""meas_profile"": ""HP-7"", ""meas_id"": 7, ""hum"": 35.97733, ""gas_res"": 17684.44}, {""temp"": 20.57294, ""step"": 6, ""status"": 1, ""pres"": 966.4087, ""meas_profile"": ""HP-6"", ""meas_id"": 6, ""hum"": 35.899, ""gas_res"": 39825.76}, {""temp"": 20.46482, ""step"": 6, ""status"": 1, ""pres"": 966.0823, ""meas_profile"": ""HP-5"", ""meas_id"": 5, ""hum"": 36.07666, ""gas_res"": 163578.3}, {""temp"": 20.15232, ""step"": 6, ""status"": 1, ""pres"": 966.2766, ""meas_profile"": ""HP-4"", ""meas_id"": 4, ""hum"": 35.59826, ""gas_res"": 294676.3}, {""temp"": 20.32544, ""step"": 6, ""status"": 1, ""pres"": 965.8744, ""meas_profile"": ""HP-3"", ""meas_id"": 3, ""hum"": 36.09531, ""gas_res"": 100078.2}, {""temp"": 20.21383, ""step"": 6, ""status"": 1, ""pres"": 965.9824, ""meas_profile"": ""HP-2"", ""meas_id"": 2, ""hum"": 36.36156, ""gas_res"": 158563.0}, {""temp"": 19.9828, ""step"": 6, ""status"": 1, ""pres"": 966.1144, ""meas_profile"": ""HP-1"", ""meas_id"": 1, ""hum"": 34.73373, ""gas_res"": 125459.4}]}",NULL,"2025-10-27 13:18:23.917701"
12910,"04a600b9b0b8","2025-10-27 13:12:23","BD07Puk1opKlGBpynexQ","{""bme688"": [{""temp"": 20.55392, ""step"": 5, ""status"": 1, ""pres"": 966.0748, ""meas_profile"": ""HP-8"", ""meas_id"": 8, ""hum"": 36.12147, ""gas_res"": 11428.57}, {""temp"": 20.52341, ""step"": 5, ""status"": 1, ""pres"": 966.2465, ""meas_profile"": ""HP-7"", ""meas_id"": 7, ""hum"": 35.99417, ""gas_res"": 17452.96}, {""temp"": 20.57016, ""step"": 5, ""status"": 1, ""pres"": 966.4094, ""meas_profile"": ""HP-6"", ""meas_id"": 6, ""hum"": 35.89296, ""gas_res"": 39751.55}, {""temp"": 20.46201, ""step"": 5, ""status"": 1, ""pres"": 966.0828, ""meas_profile"": ""HP-5"", ""meas_id"": 5, ""hum"": 36.06496, ""gas_res"": 166775.3}, {""temp"": 20.14828, ""step"": 5, ""status"": 1, ""pres"": 966.2767, ""meas_profile"": ""HP-4"", ""meas_id"": 4, ""hum"": 35.60945, ""gas_res"": 307138.6}, {""temp"": 20.32173, ""step"": 5, ""status"": 1, ""pres"": 965.8734, ""meas_profile"": ""HP-3"", ""meas_id"": 3, ""hum"": 36.11812, ""gas_res"": 100966.3}, {""temp"": 20.2101, ""step"": 5, ""status"": 1, ""pres"": 965.983, ""meas_profile"": ""HP-2"", ""meas_id"": 2, ""hum"": 36.35548, ""gas_res"": 158415.8}, {""temp"": 19.97906, ""step"": 5, ""status"": 1, ""pres"": 966.116, ""meas_profile"": ""HP-1"", ""meas_id"": 1, ""hum"": 34.72165, ""gas_res"": 126108.4}]}",NULL,"2025-10-27 13:18:25.189649"
12911,"04a600b9b0b8","2025-10-27 13:12:23","BD07Puk1opKlGBpynexQ","{""bme688"": [{""temp"": 20.55114, ""step"": 4, ""status"": 1, ""pres"": 966.0757, ""meas_profile"": ""HP-8"", ""meas_id"": 8, ""hum"": 36.13274, ""gas_res"": 11259.68}, {""temp"": 20.5203, ""step"": 4, ""status"": 1, ""pres"": 966.2446, ""meas_profile"": ""HP-7"", ""meas_id"": 7, ""hum"": 35.99387, ""gas_res"": 17339.47}, {""temp"": 20.56707, ""step"": 4, ""status"": 1, ""pres"": 966.4079, ""meas_profile"": ""HP-6"", ""meas_id"": 6, ""hum"": 35.90423, ""gas_res"": 40391.29}, {""temp"": 20.45888, ""step"": 4, ""status"": 1, ""pres"": 966.0826, ""meas_profile"": ""HP-5"", ""meas_id"": 5, ""hum"": 36.0761, ""gas_res"": 172856.2}, {""temp"": 20.14425, ""step"": 4, ""status"": 1, ""pres"": 966.275, ""meas_profile"": ""HP-4"", ""meas_id"": 4, ""hum"": 35.58593, ""gas_res"": 328100.0}, {""temp"": 20.31801, ""step"": 4, ""status"": 1, ""pres"": 965.8742, ""meas_profile"": ""HP-3"", ""meas_id"": 3, ""hum"": 36.12934, ""gas_res"": 103727.7}, {""temp"": 20.20668, ""step"": 4, ""status"": 1, ""pres"": 965.9826, ""meas_profile"": ""HP-2"", ""meas_id"": 2, ""hum"": 36.36661, ""gas_res"": 161871.6}, {""temp"": 19.97502, ""step"": 4, ""status"": 1, ""pres"": 966.115, ""meas_profile"": ""HP-1"", ""meas_id"": 1, ""hum"": 34.73888, ""gas_res"": 128096.1}]}",NULL,"2025-10-27 13:18:26.47804"
12912,"04a600b9b0b8","2025-10-27 13:12:23","BD07Puk1opKlGBpynexQ","{""bme688"": [{""temp"": 20.54805, ""step"": 3, ""status"": 0, ""pres"": 966.0744, ""meas_profile"": ""HP-8"", ""meas_id"": 8, ""hum"": 36.14975, ""gas_res"": 6993.007}, {""temp"": 20.5172, ""step"": 3, ""status"": 0, ""pres"": 966.2446, ""meas_profile"": ""HP-7"", ""meas_id"": 7, ""hum"": 36.00498, ""gas_res"": 8510.639}, {""temp"": 20.56367, ""step"": 3, ""status"": 0, ""pres"": 966.4076, ""meas_profile"": ""HP-6"", ""meas_id"": 6, ""hum"": 35.92126, ""gas_res"": 21136.06}, {""temp"": 20.45576, ""step"": 3, ""status"": 0, ""pres"": 966.0826, ""meas_profile"": ""HP-5"", ""meas_id"": 5, ""hum"": 36.09866, ""gas_res"": 52892.56}, {""temp"": 20.14052, ""step"": 3, ""status"": 0, ""pres"": 966.2755, ""meas_profile"": ""HP-4"", ""meas_id"": 4, ""hum"": 35.62029, ""gas_res"": 69301.57}, {""temp"": 20.314, ""step"": 3, ""status"": 0, ""pres"": 965.8726, ""meas_profile"": ""HP-3"", ""meas_id"": 3, ""hum"": 36.14632, ""gas_res"": 39714.55}, {""temp"": 20.20264, ""step"": 3, ""status"": 0, ""pres"": 965.9826, ""meas_profile"": ""HP-2"", ""meas_id"": 2, ""hum"": 36.39484, ""gas_res"": 60292.04}, {""temp"": 19.97097, ""step"": 3, ""status"": 0, ""pres"": 966.1144, ""meas_profile"": ""HP-1"", ""meas_id"": 1, ""hum"": 34.74439, ""gas_res"": 40933.8}]}",NULL,"2025-10-27 13:18:27.839793"
12913,"04a600b9b0b8","2025-10-27 13:12:23","BD07Puk1opKlGBpynexQ","{""bme688"": [{""temp"": 20.54497, ""step"": 2, ""status"": 1, ""pres"": 966.0731, ""meas_profile"": ""HP-8"", ""meas_id"": 8, ""hum"": 36.14368, ""gas_res"": 16108.73}, {""temp"": 20.51409, ""step"": 2, ""status"": 1, ""pres"": 966.2444, ""meas_profile"": ""HP-7"", ""meas_id"": 7, ""hum"": 36.02749, ""gas_res"": 20908.2}, {""temp"": 20.56059, ""step"": 2, ""status"": 1, ""pres"": 966.4061, ""meas_profile"": ""HP-6"", ""meas_id"": 6, ""hum"": 35.91518, ""gas_res"": 67439.41}, {""temp"": 20.45232, ""step"": 2, ""status"": 1, ""pres"": 966.0804, ""meas_profile"": ""HP-5"", ""meas_id"": 5, ""hum"": 36.10405, ""gas_res"": 184438.0}, {""temp"": 20.13648, ""step"": 2, ""status"": 1, ""pres"": 966.2755, ""meas_profile"": ""HP-4"", ""meas_id"": 4, ""hum"": 35.62569, ""gas_res"": 349607.4}, {""temp"": 20.31028, ""step"": 2, ""status"": 1, ""pres"": 965.8716, ""meas_profile"": ""HP-3"", ""meas_id"": 3, ""hum"": 36.14597, ""gas_res"": 159303.0}, {""temp"": 20.19861, ""step"": 2, ""status"": 1, ""pres"": 965.9828, ""meas_profile"": ""HP-2"", ""meas_id"": 2, ""hum"": 36.38872, ""gas_res"": 265766.9}, {""temp"": 19.96724, ""step"": 2, ""status"": 1, ""pres"": 966.114, ""meas_profile"": ""HP-1"", ""meas_id"": 1, ""hum"": 34.76166, ""gas_res"": 198989.5}]}",NULL,"2025-10-27 13:18:29.033736"
12914,"04a600b9b0b8","2025-10-27 13:12:23","BD07Puk1opKlGBpynexQ","{""bme688"": [{""temp"": 20.54188, ""step"": 1, ""status"": 1, ""pres"": 966.0717, ""meas_profile"": ""HP-8"", ""meas_id"": 8, ""hum"": 36.15493, ""gas_res"": 8048.29}, {""temp"": 20.51161, ""step"": 1, ""status"": 1, ""pres"": 966.2438, ""meas_profile"": ""HP-7"", ""meas_id"": 7, ""hum"": 36.03296, ""gas_res"": 9782.941}, {""temp"": 20.5575, ""step"": 1, ""status"": 1, ""pres"": 966.4062, ""meas_profile"": ""HP-6"", ""meas_id"": 6, ""hum"": 35.93224, ""gas_res"": 25000.0}, {""temp"": 20.4495, ""step"": 1, ""status"": 1, ""pres"": 966.079, ""meas_profile"": ""HP-5"", ""meas_id"": 5, ""hum"": 36.08664, ""gas_res"": 100000.0}, {""temp"": 20.13306, ""step"": 1, ""status"": 1, ""pres"": 966.2748, ""meas_profile"": ""HP-4"", ""meas_id"": 4, ""hum"": 35.61958, ""gas_res"": 118573.4}, {""temp"": 20.30657, ""step"": 1, ""status"": 1, ""pres"": 965.8705, ""meas_profile"": ""HP-3"", ""meas_id"": 3, ""hum"": 36.15719, ""gas_res"": 39751.55}, {""temp"": 20.19488, ""step"": 1, ""status"": 1, ""pres"": 965.9817, ""meas_profile"": ""HP-2"", ""meas_id"": 2, ""hum"": 36.39409, ""gas_res"": 100000.0}, {""temp"": 19.9635, ""step"": 1, ""status"": 1, ""pres"": 966.1138, ""meas_profile"": ""HP-1"", ""meas_id"": 1, ""hum"": 34.76132, ""gas_res"": 41290.32}]}",NULL,"2025-10-27 13:18:30.306946"
12915,"04a600b9b0b8","2025-10-27 13:12:23","BD07Puk1opKlGBpynexQ","{""bme688"": [{""temp"": 20.53848, ""step"": 0, ""status"": 1, ""pres"": 966.0717, ""meas_profile"": ""HP-8"", ""meas_id"": 8, ""hum"": 36.15461, ""gas_res"": 5684.846}, {""temp"": 20.5085, ""step"": 0, ""status"": 1, ""pres"": 966.2437, ""meas_profile"": ""HP-7"", ""meas_id"": 7, ""hum"": 36.03837, ""gas_res"": 5703.083}, {""temp"": 20.55441, ""step"": 0, ""status"": 1, ""pres"": 966.4048, ""meas_profile"": ""HP-6"", ""meas_id"": 6, ""hum"": 35.93194, ""gas_res"": 9264.621}, {""temp"": 20.44638, ""step"": 0, ""status"": 1, ""pres"": 966.079, ""meas_profile"": ""HP-5"", ""meas_id"": 5, ""hum"": 36.11491, ""gas_res"": 25000.0}, {""temp"": 20.12933, ""step"": 0, ""status"": 1, ""pres"": 966.2738, ""meas_profile"": ""HP-4"", ""meas_id"": 4, ""hum"": 35.61923, ""gas_res"": 25000.0}, {""temp"": 20.30317, ""step"": 0, ""status"": 1, ""pres"": 965.8718, ""meas_profile"": ""HP-3"", ""meas_id"": 3, ""hum"": 36.14529, ""gas_res"": 10620.64}, {""temp"": 20.19116, ""step"": 0, ""status"": 1, ""pres"": 965.9824, ""meas_profile"": ""HP-2"", ""meas_id"": 2, ""hum"": 36.39374, ""gas_res"": 20625.2}, {""temp"": 19.95977, ""step"": 0, ""status"": 1, ""pres"": 966.1135, ""meas_profile"": ""HP-1"", ""meas_id"": 1, ""hum"": 34.74336, ""gas_res"": 10695.19}]}",NULL,"2025-10-27 13:18:31.601249"
12916,"04a600b9b0b8","2025-10-27 13:11:56","BD07Puk1opKlGBpynexQ","{""zphs01b"": {""voc"": 0, ""temp"": 18.8, ""pm2_5"": 0, ""pm1_0"": 0, ""pm10"": 372, ""o3"": 0.02, ""no2"": 10.0, ""hum"": 0, ""fmhd"": 0, ""co2"": 5000, ""co"": 0.0}, ""smell_b"": {}, ""sfa30"": {""temp"": 20.89, ""hum"": 36.55, ""fmhd"": 1.2}, ""sen5x"": {""voc"": 101.0, ""temp"": 20.62, ""pm4_0"": 4466.0, ""pm2_5"": 4466.0, ""pm1_0"": 4258.6, ""pm10"": 4466.0, ""nox"": 1.0, ""mass_c"": 4414.15, ""hum"": 42.49}, ""scd41"": {""temp"": 20.63668, ""hum"": 39.09056, ""co2"": 613}, ""power_source"": 0, ""mics6814"": {""red_res"": 0, ""no2_res"": 0, ""no2"": 0.17, ""nh3_res"": 0, ""nh3"": 0.73, ""co_res"": 0, ""co"": 44.0}}",NULL,"2025-10-27 13:18:32.848927"
12917,"04a600b9b0b8","2025-10-27 13:11:56","BD07Puk1opKlGBpynexQ","{""bme688"": [{""temp"": 20.53539, ""step"": 9, ""status"": 1, ""pres"": 966.0704, ""meas_profile"": ""HP-8"", ""meas_id"": 8, ""hum"": 36.18893, ""gas_res"": 5684.846}, {""temp"": 20.50509, ""step"": 9, ""status"": 1, ""pres"": 966.2414, ""meas_profile"": ""HP-7"", ""meas_id"": 7, ""hum"": 36.06655, ""gas_res"": 5684.846}, {""temp"": 20.55133, ""step"": 9, ""status"": 1, ""pres"": 966.405, ""meas_profile"": ""HP-6"", ""meas_id"": 6, ""hum"": 35.93743, ""gas_res"": 8370.39}, {""temp"": 20.44356, ""step"": 9, ""status"": 1, ""pres"": 966.0795, ""meas_profile"": ""HP-5"", ""meas_id"": 5, ""hum"": 36.1318, ""gas_res"": 25000.0}, {""temp"": 20.12592, ""step"": 9, ""status"": 1, ""pres"": 966.2748, ""meas_profile"": ""HP-4"", ""meas_id"": 4, ""hum"": 35.63626, ""gas_res"": 25000.0}, {""temp"": 20.29946, ""step"": 9, ""status"": 1, ""pres"": 965.8708, ""meas_profile"": ""HP-3"", ""meas_id"": 3, ""hum"": 36.17968, ""gas_res"": 11212.33}, {""temp"": 20.18743, ""step"": 9, ""status"": 1, ""pres"": 965.9814, ""meas_profile"": ""HP-2"", ""meas_id"": 2, ""hum"": 36.38194, ""gas_res"": 20025.03}, {""temp"": 19.95635, ""step"": 9, ""status"": 1, ""pres"": 966.1135, ""meas_profile"": ""HP-1"", ""meas_id"": 1, ""hum"": 34.76066, ""gas_res"": 10454.1}]}",NULL,"2025-10-27 13:18:34.155849"
12918,"04a600b9b0b8","2025-10-27 13:11:56","BD07Puk1opKlGBpynexQ","{""bme688"": [{""temp"": 20.532, ""step"": 8, ""status"": 1, ""pres"": 966.0685, ""meas_profile"": ""HP-8"", ""meas_id"": 8, ""hum"": 36.17707, ""gas_res"": 5684.846}, {""temp"": 20.50198, ""step"": 8, ""status"": 1, ""pres"": 966.2413, ""meas_profile"": ""HP-7"", ""meas_id"": 7, ""hum"": 36.06626, ""gas_res"": 5684.846}, {""temp"": 20.54855, ""step"": 8, ""status"": 1, ""pres"": 966.4057, ""meas_profile"": ""HP-6"", ""meas_id"": 6, ""hum"": 35.94296, ""gas_res"": 8510.639}, {""temp"": 20.44043, ""step"": 8, ""status"": 1, ""pres"": 966.0776, ""meas_profile"": ""HP-5"", ""meas_id"": 5, ""hum"": 36.12579, ""gas_res"": 25000.0}, {""temp"": 20.12219, ""step"": 8, ""status"": 1, ""pres"": 966.2737, ""meas_profile"": ""HP-4"", ""meas_id"": 4, ""hum"": 35.63013, ""gas_res"": 25000.0}, {""temp"": 20.29575, ""step"": 8, ""status"": 1, ""pres"": 965.8699, ""meas_profile"": ""HP-3"", ""meas_id"": 3, ""hum"": 36.16196, ""gas_res"": 9632.751}, {""temp"": 20.1837, ""step"": 8, ""status"": 1, ""pres"": 965.9802, ""meas_profile"": ""HP-2"", ""meas_id"": 2, ""hum"": 36.39302, ""gas_res"": 18840.15}, {""temp"": 19.95261, ""step"": 8, ""status"": 1, ""pres"": 966.1132, ""meas_profile"": ""HP-1"", ""meas_id"": 1, ""hum"": 34.76619, ""gas_res"": 9685.23}]}",NULL,"2025-10-27 13:18:35.439297"
12919,"04a600b9b0b8","2025-10-27 13:11:56","BD07Puk1opKlGBpynexQ","{""bme688"": [{""temp"": 20.5286, ""step"": 7, ""status"": 1, ""pres"": 966.0684, ""meas_profile"": ""HP-8"", ""meas_id"": 8, ""hum"": 36.18828, ""gas_res"": 5684.846}, {""temp"": 20.49857, ""step"": 7, ""status"": 1, ""pres"": 966.2407, ""meas_profile"": ""HP-7"", ""meas_id"": 7, ""hum"": 36.07164, ""gas_res"": 5684.846}, {""temp"": 20.54546, ""step"": 7, ""status"": 1, ""pres"": 966.4041, ""meas_profile"": ""HP-6"", ""meas_id"": 6, ""hum"": 35.93687, ""gas_res"": 8350.73}, {""temp"": 20.43731, ""step"": 7, ""status"": 1, ""pres"": 966.0776, ""meas_profile"": ""HP-5"", ""meas_id"": 5, ""hum"": 36.14835, ""gas_res"": 25000.0}, {""temp"": 20.11846, ""step"": 7, ""status"": 1, ""pres"": 966.2742, ""meas_profile"": ""HP-4"", ""meas_id"": 4, ""hum"": 35.62978, ""gas_res"": 25000.0}, {""temp"": 20.29204, ""step"": 7, ""status"": 1, ""pres"": 965.8705, ""meas_profile"": ""HP-3"", ""meas_id"": 3, ""hum"": 36.16161, ""gas_res"": 8712.225}, {""temp"": 20.17998, ""step"": 7, ""status"": 1, ""pres"": 965.9808, ""meas_profile"": ""HP-2"", ""meas_id"": 2, ""hum"": 36.40984, ""gas_res"": 10981.47}, {""temp"": 19.94888, ""step"": 7, ""status"": 1, ""pres"": 966.113, ""meas_profile"": ""HP-1"", ""meas_id"": 1, ""hum"": 34.75997, ""gas_res"": 9169.055}]}",NULL,"2025-10-27 13:18:36.722502"
12920,"04a600b9b0b8","2025-10-27 13:11:56","BD07Puk1opKlGBpynexQ","{""bme688"": [{""temp"": 20.52582, ""step"": 6, ""status"": 1, ""pres"": 966.0675, ""meas_profile"": ""HP-8"", ""meas_id"": 8, ""hum"": 36.18801, ""gas_res"": 11331.44}, {""temp"": 20.49577, ""step"": 6, ""status"": 1, ""pres"": 966.2394, ""meas_profile"": ""HP-7"", ""meas_id"": 7, ""hum"": 36.07708, ""gas_res"": 17325.39}, {""temp"": 20.54268, ""step"": 6, ""status"": 1, ""pres"": 966.4048, ""meas_profile"": ""HP-6"", ""meas_id"": 6, ""hum"": 35.94817, ""gas_res"": 36866.36}, {""temp"": 20.43449, ""step"": 6, ""status"": 1, ""pres"": 966.0764, ""meas_profile"": ""HP-5"", ""meas_id"": 5, ""hum"": 36.13665, ""gas_res"": 145952.1}, {""temp"": 20.11505, ""step"": 6, ""status"": 1, ""pres"": 966.2737, ""meas_profile"": ""HP-4"", ""meas_id"": 4, ""hum"": 35.64103, ""gas_res"": 180727.1}, {""temp"": 20.28864, ""step"": 6, ""status"": 1, ""pres"": 965.8699, ""meas_profile"": ""HP-3"", ""meas_id"": 3, ""hum"": 36.17286, ""gas_res"": 100000.0}, {""temp"": 20.17594, ""step"": 6, ""status"": 1, ""pres"": 965.981, ""meas_profile"": ""HP-2"", ""meas_id"": 2, ""hum"": 36.41518, ""gas_res"": 133821.2}, {""temp"": 19.94483, ""step"": 6, ""status"": 1, ""pres"": 966.1121, ""meas_profile"": ""HP-1"", ""meas_id"": 1, ""hum"": 34.77721, ""gas_res"": 105004.1}]}",NULL,"2025-10-27 13:18:38.101716"
12921,"04a600b9b0b8","2025-10-27 13:11:56","BD07Puk1opKlGBpynexQ","{""bme688"": [{""temp"": 20.52335, ""step"": 5, ""status"": 1, ""pres"": 966.0672, ""meas_profile"": ""HP-8"", ""meas_id"": 8, ""hum"": 36.21663, ""gas_res"": 11235.96}, {""temp"": 20.49267, ""step"": 5, ""status"": 1, ""pres"": 966.2375, ""meas_profile"": ""HP-7"", ""meas_id"": 7, ""hum"": 36.07678, ""gas_res"": 17241.38}, {""temp"": 20.5396, ""step"": 5, ""status"": 1, ""pres"": 966.4034, ""meas_profile"": ""HP-6"", ""meas_id"": 6, ""hum"": 35.94788, ""gas_res"": 36802.76}, {""temp"": 20.43137, ""step"": 5, ""status"": 1, ""pres"": 966.0762, ""meas_profile"": ""HP-5"", ""meas_id"": 5, ""hum"": 36.1535, ""gas_res"": 146704.9}, {""temp"": 20.11132, ""step"": 5, ""status"": 1, ""pres"": 966.274, ""meas_profile"": ""HP-4"", ""meas_id"": 4, ""hum"": 35.65804, ""gas_res"": 183842.0}, {""temp"": 20.28493, ""step"": 5, ""status"": 1, ""pres"": 965.8706, ""meas_profile"": ""HP-3"", ""meas_id"": 3, ""hum"": 36.1783, ""gas_res"": 100000.0}, {""temp"": 20.17221, ""step"": 5, ""status"": 1, ""pres"": 965.9799, ""meas_profile"": ""HP-2"", ""meas_id"": 2, ""hum"": 36.44918, ""gas_res"": 131349.4}, {""temp"": 19.94078, ""step"": 5, ""status"": 1, ""pres"": 966.1113, ""meas_profile"": ""HP-1"", ""meas_id"": 1, ""hum"": 34.78272, ""gas_res"": 102543.6}]}",NULL,"2025-10-27 13:18:39.266942"
12922,"04a600b9b0b8","2025-10-27 13:11:56","BD07Puk1opKlGBpynexQ","{""bme688"": [{""temp"": 20.52057, ""step"": 4, ""status"": 1, ""pres"": 966.0681, ""meas_profile"": ""HP-8"", ""meas_id"": 8, ""hum"": 36.2106, ""gas_res"": 11188.81}, {""temp"": 20.48956, ""step"": 4, ""status"": 1, ""pres"": 966.2374, ""meas_profile"": ""HP-7"", ""meas_id"": 7, ""hum"": 36.0879, ""gas_res"": 17130.62}, {""temp"": 20.53651, ""step"": 4, ""status"": 1, ""pres"": 966.4036, ""meas_profile"": ""HP-6"", ""meas_id"": 6, ""hum"": 35.9823, ""gas_res"": 37187.68}, {""temp"": 20.42824, ""step"": 4, ""status"": 1, ""pres"": 966.0745, ""meas_profile"": ""HP-5"", ""meas_id"": 5, ""hum"": 36.17608, ""gas_res"": 152199.8}, {""temp"": 20.10728, ""step"": 4, ""status"": 1, ""pres"": 966.2726, ""meas_profile"": ""HP-4"", ""meas_id"": 4, ""hum"": 35.6808, ""gas_res"": 254283.6}, {""temp"": 20.28091, ""step"": 4, ""status"": 1, ""pres"": 965.8692, ""meas_profile"": ""HP-3"", ""meas_id"": 3, ""hum"": 36.18949, ""gas_res"": 100000.0}, {""temp"": 20.16787, ""step"": 4, ""status"": 1, ""pres"": 965.9796, ""meas_profile"": ""HP-2"", ""meas_id"": 2, ""hum"": 36.43732, ""gas_res"": 129949.2}, {""temp"": 19.93674, ""step"": 4, ""status"": 1, ""pres"": 966.1105, ""meas_profile"": ""HP-1"", ""meas_id"": 1, ""hum"": 34.78822, ""gas_res"": 100906.6}]}",NULL,"2025-10-27 13:18:40.550667"
12923,"04a600b9b0b8","2025-10-27 13:11:56","BD07Puk1opKlGBpynexQ","{""bme688"": [{""temp"": 20.51717, ""step"": 3, ""status"": 0, ""pres"": 966.0663, ""meas_profile"": ""HP-8"", ""meas_id"": 8, ""hum"": 36.23337, ""gas_res"": 6942.938}, {""temp"": 20.48646, ""step"": 3, ""status"": 0, ""pres"": 966.2358, ""meas_profile"": ""HP-7"", ""meas_id"": 7, ""hum"": 36.09901, ""gas_res"": 8390.142}, {""temp"": 20.53312, ""step"": 3, ""status"": 0, ""pres"": 966.4032, ""meas_profile"": ""HP-6"", ""meas_id"": 6, ""hum"": 35.98776, ""gas_res"": 19282.92}, {""temp"": 20.4248, ""step"": 3, ""status"": 0, ""pres"": 966.0739, ""meas_profile"": ""HP-5"", ""meas_id"": 5, ""hum"": 36.18719, ""gas_res"": 45422.29}, {""temp"": 20.10293, ""step"": 3, ""status"": 0, ""pres"": 966.272, ""meas_profile"": ""HP-4"", ""meas_id"": 4, ""hum"": 35.67461, ""gas_res"": 54584.22}, {""temp"": 20.27689, ""step"": 3, ""status"": 0, ""pres"": 965.8693, ""meas_profile"": ""HP-3"", ""meas_id"": 3, ""hum"": 36.20649, ""gas_res"": 32217.47}, {""temp"": 20.16352, ""step"": 3, ""status"": 0, ""pres"": 965.9791, ""meas_profile"": ""HP-2"", ""meas_id"": 2, ""hum"": 36.4598, ""gas_res"": 48066.09}, {""temp"": 19.93269, ""step"": 3, ""status"": 0, ""pres"": 966.1116, ""meas_profile"": ""HP-1"", ""meas_id"": 1, ""hum"": 34.79959, ""gas_res"": 32388.66}]}",NULL,"2025-10-27 13:18:41.837189"
12924,"04a600b9b0b8","2025-10-27 13:11:56","BD07Puk1opKlGBpynexQ","{""bme688"": [{""temp"": 20.51408, ""step"": 2, ""status"": 1, ""pres"": 966.0667, ""meas_profile"": ""HP-8"", ""meas_id"": 8, ""hum"": 36.24461, ""gas_res"": 18244.01}, {""temp"": 20.48366, ""step"": 2, ""status"": 1, ""pres"": 966.236, ""meas_profile"": ""HP-7"", ""meas_id"": 7, ""hum"": 36.11015, ""gas_res"": 24006.0}, {""temp"": 20.52972, ""step"": 2, ""status"": 1, ""pres"": 966.4031, ""meas_profile"": ""HP-6"", ""meas_id"": 6, ""hum"": 35.99323, ""gas_res"": 73860.36}, {""temp"": 20.42167, ""step"": 2, ""status"": 1, ""pres"": 966.0737, ""meas_profile"": ""HP-5"", ""meas_id"": 5, ""hum"": 36.19832, ""gas_res"": 205210.4}, {""temp"": 20.0989, ""step"": 2, ""status"": 1, ""pres"": 966.272, ""meas_profile"": ""HP-4"", ""meas_id"": 4, ""hum"": 35.6858, ""gas_res"": 334203.7}, {""temp"": 20.27287, ""step"": 2, ""status"": 1, ""pres"": 965.8678, ""meas_profile"": ""HP-3"", ""meas_id"": 3, ""hum"": 36.2061, ""gas_res"": 149010.5}, {""temp"": 20.15948, ""step"": 2, ""status"": 1, ""pres"": 965.9776, ""meas_profile"": ""HP-2"", ""meas_id"": 2, ""hum"": 36.45942, ""gas_res"": 251288.3}, {""temp"": 19.92834, ""step"": 2, ""status"": 1, ""pres"": 966.1102, ""meas_profile"": ""HP-1"", ""meas_id"": 1, ""hum"": 34.79919, ""gas_res"": 178273.0}]}",NULL,"2025-10-27 13:18:43.221109"
12925,"04a600b9b0b8","2025-10-27 13:11:56","BD07Puk1opKlGBpynexQ","{""bme688"": [{""temp"": 20.51099, ""step"": 1, ""status"": 1, ""pres"": 966.0653, ""meas_profile"": ""HP-8"", ""meas_id"": 8, ""hum"": 36.22699, ""gas_res"": 8103.317}, {""temp"": 20.48087, ""step"": 1, ""status"": 1, ""pres"": 966.2349, ""meas_profile"": ""HP-7"", ""meas_id"": 7, ""hum"": 36.1213, ""gas_res"": 9738.283}, {""temp"": 20.52694, ""step"": 1, ""status"": 1, ""pres"": 966.402, ""meas_profile"": ""HP-6"", ""meas_id"": 6, ""hum"": 36.01032, ""gas_res"": 25000.0}, {""temp"": 20.41854, ""step"": 1, ""status"": 1, ""pres"": 966.0739, ""meas_profile"": ""HP-5"", ""meas_id"": 5, ""hum"": 36.19231, ""gas_res"": 46715.33}, {""temp"": 20.09517, ""step"": 1, ""status"": 1, ""pres"": 966.2724, ""meas_profile"": ""HP-4"", ""meas_id"": 4, ""hum"": 35.69703, ""gas_res"": 100000.0}, {""temp"": 20.26916, ""step"": 1, ""status"": 1, ""pres"": 965.8686, ""meas_profile"": ""HP-3"", ""meas_id"": 3, ""hum"": 36.2347, ""gas_res"": 30688.08}, {""temp"": 20.15576, ""step"": 1, ""status"": 1, ""pres"": 965.9782, ""meas_profile"": ""HP-2"", ""meas_id"": 2, ""hum"": 36.47052, ""gas_res"": 41857.42}, {""temp"": 19.9246, ""step"": 1, ""status"": 1, ""pres"": 966.11, ""meas_profile"": ""HP-1"", ""meas_id"": 1, ""hum"": 34.79297, ""gas_res"": 30798.85}]}",NULL,"2025-10-27 13:18:44.387835"
12926,"04a600b9b0b8","2025-10-27 13:11:56","BD07Puk1opKlGBpynexQ","{""bme688"": [{""temp"": 20.5076, ""step"": 0, ""status"": 1, ""pres"": 966.0636, ""meas_profile"": ""HP-8"", ""meas_id"": 8, ""hum"": 36.24399, ""gas_res"": 5684.846}, {""temp"": 20.47807, ""step"": 0, ""status"": 1, ""pres"": 966.2353, ""meas_profile"": ""HP-7"", ""meas_id"": 7, ""hum"": 36.10962, ""gas_res"": 5941.33}, {""temp"": 20.52385, ""step"": 0, ""status"": 1, ""pres"": 966.4022, ""meas_profile"": ""HP-6"", ""meas_id"": 6, ""hum"": 36.01003, ""gas_res"": 8901.252}, {""temp"": 20.41573, ""step"": 0, ""status"": 1, ""pres"": 966.0726, ""meas_profile"": ""HP-5"", ""meas_id"": 5, ""hum"": 36.19204, ""gas_res"": 25000.0}, {""temp"": 20.09144, ""step"": 0, ""status"": 1, ""pres"": 966.2714, ""meas_profile"": ""HP-4"", ""meas_id"": 4, ""hum"": 35.69667, ""gas_res"": 25000.0}, {""temp"": 20.26545, ""step"": 0, ""status"": 1, ""pres"": 965.8675, ""meas_profile"": ""HP-3"", ""meas_id"": 3, ""hum"": 36.22277, ""gas_res"": 8403.361}, {""temp"": 20.15172, ""step"": 0, ""status"": 1, ""pres"": 965.9766, ""meas_profile"": ""HP-2"", ""meas_id"": 2, ""hum"": 36.48159, ""gas_res"": 10223.64}, {""temp"": 19.92087, ""step"": 0, ""status"": 1, ""pres"": 966.1113, ""meas_profile"": ""HP-1"", ""meas_id"": 1, ""hum"": 34.79851, ""gas_res"": 8510.639}]}",NULL,"2025-10-27 13:18:45.662628"
