"id","box_id","ts","measurement_id","measurement_data","description","created_at"
12112,"04a600b9b0b8","2025-10-27 10:53:52","LhXq72001pFEphkC0Zom","{""zphs01b"": {""voc"": 0, ""temp"": 18.6, ""pm2_5"": 0, ""pm1_0"": 0, ""pm10"": 360, ""o3"": 0.02, ""no2"": 8.82, ""hum"": 0, ""fmhd"": 0, ""co2"": 5000, ""co"": 0.0}, ""smell_b"": {}, ""sfa30"": {""temp"": 21.005, ""hum"": 35.78, ""fmhd"": 0.4}, ""sen5x"": {""voc"": 98.0, ""temp"": 21.25, ""pm4_0"": 4593.6, ""pm2_5"": 4593.6, ""pm1_0"": 4380.2, ""pm10"": 4593.6, ""nox"": 1.0, ""mass_c"": 4540.25, ""hum"": 39.89}, ""scd41"": {""temp"": 20.1667, ""hum"": 37.87289, ""co2"": 592}, ""power_source"": 0, ""mics6814"": {""red_res"": 0, ""no2_res"": 0, ""no2"": 0.17, ""nh3_res"": 0, ""nh3"": 0.73, ""co_res"": 0, ""co"": 44.0}}",NULL,"2025-10-27 10:54:33.712524"
12113,"04a600b9b0b8","2025-10-27 10:53:52","LhXq72001pFEphkC0Zom","{""bme688"": [{""temp"": 20.79884, ""step"": 9, ""status"": 1, ""pres"": 966.7181, ""meas_profile"": ""HP-8"", ""meas_id"": 8, ""hum"": 35.51711, ""gas_res"": 5684.846}, {""temp"": 20.76251, ""step"": 9, ""status"": 1, ""pres"": 966.7836, ""meas_profile"": ""HP-7"", ""meas_id"": 7, ""hum"": 35.40782, ""gas_res"": 5684.846}, {""temp"": 20.84057, ""step"": 9, ""status"": 1, ""pres"": 966.9623, ""meas_profile"": ""HP-6"", ""meas_id"": 6, ""hum"": 35.26057, ""gas_res"": 7858.546}, {""temp"": 20.73501, ""step"": 9, ""status"": 1, ""pres"": 966.7315, ""meas_profile"": ""HP-5"", ""meas_id"": 5, ""hum"": 35.44055, ""gas_res"": 25000.0}, {""temp"": 20.41913, ""step"": 9, ""status"": 1, ""pres"": 966.837, ""meas_profile"": ""HP-4"", ""meas_id"": 4, ""hum"": 35.05729, ""gas_res"": 25000.0}, {""temp"": 20.58735, ""step"": 9, ""status"": 1, ""pres"": 966.4565, ""meas_profile"": ""HP-3"", ""meas_id"": 3, ""hum"": 35.57114, ""gas_res"": 5977.956}, {""temp"": 20.47435, ""step"": 9, ""status"": 1, ""pres"": 966.5773, ""meas_profile"": ""HP-2"", ""meas_id"": 2, ""hum"": 35.84914, ""gas_res"": 7057.786}, {""temp"": 20.24577, ""step"": 9, ""status"": 1, ""pres"": 966.7929, ""meas_profile"": ""HP-1"", ""meas_id"": 1, ""hum"": 34.22432, ""gas_res"": 8228.336}]}",NULL,"2025-10-27 10:54:34.980511"
12114,"04a600b9b0b8","2025-10-27 10:53:52","LhXq72001pFEphkC0Zom","{""bme688"": [{""temp"": 20.79761, ""step"": 8, ""status"": 1, ""pres"": 966.7177, ""meas_profile"": ""HP-8"", ""meas_id"": 8, ""hum"": 35.517, ""gas_res"": 5684.846}, {""temp"": 20.76126, ""step"": 8, ""status"": 1, ""pres"": 966.7817, ""meas_profile"": ""HP-7"", ""meas_id"": 7, ""hum"": 35.38499, ""gas_res"": 5684.846}, {""temp"": 20.83934, ""step"": 8, ""status"": 1, ""pres"": 966.962, ""meas_profile"": ""HP-6"", ""meas_id"": 6, ""hum"": 35.25469, ""gas_res"": 7922.753}, {""temp"": 20.73438, ""step"": 8, ""status"": 1, ""pres"": 966.7319, ""meas_profile"": ""HP-5"", ""meas_id"": 5, ""hum"": 35.44618, ""gas_res"": 25000.0}, {""temp"": 20.4182, ""step"": 8, ""status"": 1, ""pres"": 966.8372, ""meas_profile"": ""HP-4"", ""meas_id"": 4, ""hum"": 35.05143, ""gas_res"": 22471.91}, {""temp"": 20.58612, ""step"": 8, ""status"": 1, ""pres"": 966.4562, ""meas_profile"": ""HP-3"", ""meas_id"": 3, ""hum"": 35.57679, ""gas_res"": 7655.502}, {""temp"": 20.47342, ""step"": 8, ""status"": 1, ""pres"": 966.5774, ""meas_profile"": ""HP-2"", ""meas_id"": 2, ""hum"": 35.84905, ""gas_res"": 6956.522}, {""temp"": 20.24452, ""step"": 8, ""status"": 1, ""pres"": 966.791, ""meas_profile"": ""HP-1"", ""meas_id"": 1, ""hum"": 34.2125, ""gas_res"": 7994.004}]}",NULL,"2025-10-27 10:54:36.723746"
12115,"04a600b9b0b8","2025-10-27 10:53:52","LhXq72001pFEphkC0Zom","{""bme688"": [{""temp"": 20.79637, ""step"": 7, ""status"": 1, ""pres"": 966.7177, ""meas_profile"": ""HP-8"", ""meas_id"": 8, ""hum"": 35.52837, ""gas_res"": 5684.846}, {""temp"": 20.76002, ""step"": 7, ""status"": 1, ""pres"": 966.7813, ""meas_profile"": ""HP-7"", ""meas_id"": 7, ""hum"": 35.41327, ""gas_res"": 5684.846}, {""temp"": 20.83841, ""step"": 7, ""status"": 1, ""pres"": 966.9604, ""meas_profile"": ""HP-6"", ""meas_id"": 6, ""hum"": 35.26612, ""gas_res"": 5918.254}, {""temp"": 20.73376, ""step"": 7, ""status"": 1, ""pres"": 966.7327, ""meas_profile"": ""HP-5"", ""meas_id"": 5, ""hum"": 35.4632, ""gas_res"": 25000.0}, {""temp"": 20.41696, ""step"": 7, ""status"": 1, ""pres"": 966.8368, ""meas_profile"": ""HP-4"", ""meas_id"": 4, ""hum"": 35.06285, ""gas_res"": 20525.98}, {""temp"": 20.58488, ""step"": 7, ""status"": 1, ""pres"": 966.4559, ""meas_profile"": ""HP-3"", ""meas_id"": 3, ""hum"": 35.60553, ""gas_res"": 6965.607}, {""temp"": 20.47217, ""step"": 7, ""status"": 1, ""pres"": 966.577, ""meas_profile"": ""HP-2"", ""meas_id"": 2, ""hum"": 35.85464, ""gas_res"": 6486.925}, {""temp"": 20.24328, ""step"": 7, ""status"": 1, ""pres"": 966.7927, ""meas_profile"": ""HP-1"", ""meas_id"": 1, ""hum"": 34.23579, ""gas_res"": 7462.687}]}",NULL,"2025-10-27 10:54:37.991798"
12116,"04a600b9b0b8","2025-10-27 10:53:52","LhXq72001pFEphkC0Zom","{""bme688"": [{""temp"": 20.79544, ""step"": 6, ""status"": 1, ""pres"": 966.7179, ""meas_profile"": ""HP-8"", ""meas_id"": 8, ""hum"": 35.53403, ""gas_res"": 9129.814}, {""temp"": 20.75909, ""step"": 6, ""status"": 1, ""pres"": 966.7797, ""meas_profile"": ""HP-7"", ""meas_id"": 7, ""hum"": 35.41318, ""gas_res"": 14689.01}, {""temp"": 20.8378, ""step"": 6, ""status"": 1, ""pres"": 966.9613, ""meas_profile"": ""HP-6"", ""meas_id"": 6, ""hum"": 35.28335, ""gas_res"": 32711.47}, {""temp"": 20.73313, ""step"": 6, ""status"": 1, ""pres"": 966.7333, ""meas_profile"": ""HP-5"", ""meas_id"": 5, ""hum"": 35.46314, ""gas_res"": 135953.3}, {""temp"": 20.41603, ""step"": 6, ""status"": 1, ""pres"": 966.8369, ""meas_profile"": ""HP-4"", ""meas_id"": 4, ""hum"": 35.11466, ""gas_res"": 161718.3}, {""temp"": 20.58395, ""step"": 6, ""status"": 1, ""pres"": 966.4562, ""meas_profile"": ""HP-3"", ""meas_id"": 3, ""hum"": 35.58813, ""gas_res"": 100000.0}, {""temp"": 20.47093, ""step"": 6, ""status"": 1, ""pres"": 966.5767, ""meas_profile"": ""HP-2"", ""meas_id"": 2, ""hum"": 35.86022, ""gas_res"": 121528.6}, {""temp"": 20.24203, ""step"": 6, ""status"": 1, ""pres"": 966.7926, ""meas_profile"": ""HP-1"", ""meas_id"": 1, ""hum"": 34.25909, ""gas_res"": 98234.84}]}",NULL,"2025-10-27 10:54:39.273279"
12117,"04a600b9b0b8","2025-10-27 10:53:52","LhXq72001pFEphkC0Zom","{""bme688"": [{""temp"": 20.79452, ""step"": 5, ""status"": 1, ""pres"": 966.7184, ""meas_profile"": ""HP-8"", ""meas_id"": 8, ""hum"": 35.5397, ""gas_res"": 8879.023}, {""temp"": 20.75816, ""step"": 5, ""status"": 1, ""pres"": 966.7798, ""meas_profile"": ""HP-7"", ""meas_id"": 7, ""hum"": 35.41878, ""gas_res"": 14276.15}, {""temp"": 20.83718, ""step"": 5, ""status"": 1, ""pres"": 966.9603, ""meas_profile"": ""HP-6"", ""meas_id"": 6, ""hum"": 35.2833, ""gas_res"": 31832.88}, {""temp"": 20.73219, ""step"": 5, ""status"": 1, ""pres"": 966.7335, ""meas_profile"": ""HP-5"", ""meas_id"": 5, ""hum"": 35.47445, ""gas_res"": 133090.7}, {""temp"": 20.4151, ""step"": 5, ""status"": 1, ""pres"": 966.837, ""meas_profile"": ""HP-4"", ""meas_id"": 4, ""hum"": 35.09727, ""gas_res"": 159451.9}, {""temp"": 20.58302, ""step"": 5, ""status"": 1, ""pres"": 966.4564, ""meas_profile"": ""HP-3"", ""meas_id"": 3, ""hum"": 35.60535, ""gas_res"": 89043.48}, {""temp"": 20.46969, ""step"": 5, ""status"": 1, ""pres"": 966.5762, ""meas_profile"": ""HP-2"", ""meas_id"": 2, ""hum"": 35.88294, ""gas_res"": 115367.3}, {""temp"": 20.2411, ""step"": 5, ""status"": 1, ""pres"": 966.793, ""meas_profile"": ""HP-1"", ""meas_id"": 1, ""hum"": 34.26487, ""gas_res"": 100000.0}]}",NULL,"2025-10-27 10:54:40.653882"
12118,"04a600b9b0b8","2025-10-27 10:53:52","LhXq72001pFEphkC0Zom","{""bme688"": [{""temp"": 20.7939, ""step"": 4, ""status"": 1, ""pres"": 966.7191, ""meas_profile"": ""HP-8"", ""meas_id"": 8, ""hum"": 35.55688, ""gas_res"": 8641.642}, {""temp"": 20.75785, ""step"": 4, ""status"": 1, ""pres"": 966.7793, ""meas_profile"": ""HP-7"", ""meas_id"": 7, ""hum"": 35.42443, ""gas_res"": 11539.85}, {""temp"": 20.83656, ""step"": 4, ""status"": 1, ""pres"": 966.9609, ""meas_profile"": ""HP-6"", ""meas_id"": 6, ""hum"": 35.289, ""gas_res"": 31158.71}, {""temp"": 20.73125, ""step"": 4, ""status"": 1, ""pres"": 966.7321, ""meas_profile"": ""HP-5"", ""meas_id"": 5, ""hum"": 35.47436, ""gas_res"": 132060.9}, {""temp"": 20.41448, ""step"": 4, ""status"": 1, ""pres"": 966.8377, ""meas_profile"": ""HP-4"", ""meas_id"": 4, ""hum"": 35.11452, ""gas_res"": 162333.5}, {""temp"": 20.5821, ""step"": 4, ""status"": 1, ""pres"": 966.4565, ""meas_profile"": ""HP-3"", ""meas_id"": 3, ""hum"": 35.62259, ""gas_res"": 83469.19}, {""temp"": 20.46845, ""step"": 4, ""status"": 1, ""pres"": 966.5743, ""meas_profile"": ""HP-2"", ""meas_id"": 2, ""hum"": 35.89423, ""gas_res"": 110798.5}, {""temp"": 20.24017, ""step"": 4, ""status"": 1, ""pres"": 966.7933, ""meas_profile"": ""HP-1"", ""meas_id"": 1, ""hum"": 34.27649, ""gas_res"": 100000.0}]}",NULL,"2025-10-27 10:54:41.837819"
12119,"04a600b9b0b8","2025-10-27 10:53:52","LhXq72001pFEphkC0Zom","{""bme688"": [{""temp"": 20.79297, ""step"": 3, ""status"": 1, ""pres"": 966.7193, ""meas_profile"": ""HP-8"", ""meas_id"": 8, ""hum"": 35.58554, ""gas_res"": 20765.74}, {""temp"": 20.75692, ""step"": 3, ""status"": 1, ""pres"": 966.7796, ""meas_profile"": ""HP-7"", ""meas_id"": 7, ""hum"": 35.45275, ""gas_res"": 32000.0}, {""temp"": 20.83563, ""step"": 3, ""status"": 1, ""pres"": 966.9595, ""meas_profile"": ""HP-6"", ""meas_id"": 6, ""hum"": 35.30044, ""gas_res"": 131551.9}, {""temp"": 20.73063, ""step"": 3, ""status"": 1, ""pres"": 966.7327, ""meas_profile"": ""HP-5"", ""meas_id"": 5, ""hum"": 35.50278, ""gas_res"": 435837.4}, {""temp"": 20.41354, ""step"": 3, ""status"": 1, ""pres"": 966.8361, ""meas_profile"": ""HP-4"", ""meas_id"": 4, ""hum"": 35.1202, ""gas_res"": 725212.4}, {""temp"": 20.58086, ""step"": 3, ""status"": 1, ""pres"": 966.4545, ""meas_profile"": ""HP-3"", ""meas_id"": 3, ""hum"": 35.63978, ""gas_res"": 319800.1}, {""temp"": 20.46752, ""step"": 3, ""status"": 1, ""pres"": 966.5745, ""meas_profile"": ""HP-2"", ""meas_id"": 2, ""hum"": 35.93982, ""gas_res"": 641403.1}, {""temp"": 20.23923, ""step"": 3, ""status"": 1, ""pres"": 966.7938, ""meas_profile"": ""HP-1"", ""meas_id"": 1, ""hum"": 34.31155, ""gas_res"": 474623.4}]}",NULL,"2025-10-27 10:54:43.13074"
12120,"04a600b9b0b8","2025-10-27 10:53:52","LhXq72001pFEphkC0Zom","{""bme688"": [{""temp"": 20.79235, ""step"": 2, ""status"": 1, ""pres"": 966.7202, ""meas_profile"": ""HP-8"", ""meas_id"": 8, ""hum"": 35.57974, ""gas_res"": 22686.99}, {""temp"": 20.7563, ""step"": 2, ""status"": 1, ""pres"": 966.7785, ""meas_profile"": ""HP-7"", ""meas_id"": 7, ""hum"": 35.45269, ""gas_res"": 33853.48}, {""temp"": 20.83502, ""step"": 2, ""status"": 1, ""pres"": 966.9584, ""meas_profile"": ""HP-6"", ""meas_id"": 6, ""hum"": 35.3119, ""gas_res"": 156383.6}, {""temp"": 20.72969, ""step"": 2, ""status"": 1, ""pres"": 966.7327, ""meas_profile"": ""HP-5"", ""meas_id"": 5, ""hum"": 35.51408, ""gas_res"": 555314.6}, {""temp"": 20.4123, ""step"": 2, ""status"": 1, ""pres"": 966.8359, ""meas_profile"": ""HP-4"", ""meas_id"": 4, ""hum"": 35.14315, ""gas_res"": 992729.1}, {""temp"": 20.57962, ""step"": 2, ""status"": 1, ""pres"": 966.4542, ""meas_profile"": ""HP-3"", ""meas_id"": 3, ""hum"": 35.64543, ""gas_res"": 386706.9}, {""temp"": 20.46659, ""step"": 2, ""status"": 1, ""pres"": 966.5746, ""meas_profile"": ""HP-2"", ""meas_id"": 2, ""hum"": 35.93973, ""gas_res"": 731428.6}, {""temp"": 20.23799, ""step"": 2, ""status"": 1, ""pres"": 966.7937, ""meas_profile"": ""HP-1"", ""meas_id"": 1, ""hum"": 34.31143, ""gas_res"": 549946.3}]}",NULL,"2025-10-27 10:54:44.410165"
12121,"04a600b9b0b8","2025-10-27 10:53:52","LhXq72001pFEphkC0Zom","{""bme688"": [{""temp"": 20.79143, ""step"": 1, ""status"": 1, ""pres"": 966.7204, ""meas_profile"": ""HP-8"", ""meas_id"": 8, ""hum"": 35.59115, ""gas_res"": 6587.073}, {""temp"": 20.75537, ""step"": 1, ""status"": 1, ""pres"": 966.7787, ""meas_profile"": ""HP-7"", ""meas_id"": 7, ""hum"": 35.46398, ""gas_res"": 6796.941}, {""temp"": 20.8344, ""step"": 1, ""status"": 1, ""pres"": 966.9593, ""meas_profile"": ""HP-6"", ""meas_id"": 6, ""hum"": 35.3349, ""gas_res"": 25000.0}, {""temp"": 20.72938, ""step"": 1, ""status"": 1, ""pres"": 966.734, ""meas_profile"": ""HP-5"", ""meas_id"": 5, ""hum"": 35.51974, ""gas_res"": 34096.96}, {""temp"": 20.41168, ""step"": 1, ""status"": 1, ""pres"": 966.8364, ""meas_profile"": ""HP-4"", ""meas_id"": 4, ""hum"": 35.16617, ""gas_res"": 40583.39}, {""temp"": 20.579, ""step"": 1, ""status"": 1, ""pres"": 966.4549, ""meas_profile"": ""HP-3"", ""meas_id"": 3, ""hum"": 35.67424, ""gas_res"": 23464.71}, {""temp"": 20.46565, ""step"": 1, ""status"": 1, ""pres"": 966.5748, ""meas_profile"": ""HP-2"", ""meas_id"": 2, ""hum"": 35.94536, ""gas_res"": 34510.65}, {""temp"": 20.23737, ""step"": 1, ""status"": 1, ""pres"": 966.7944, ""meas_profile"": ""HP-1"", ""meas_id"": 1, ""hum"": 34.32309, ""gas_res"": 25931.93}]}",NULL,"2025-10-27 10:54:45.761426"
12122,"04a600b9b0b8","2025-10-27 10:53:52","LhXq72001pFEphkC0Zom","{""bme688"": [{""temp"": 20.7905, ""step"": 0, ""status"": 1, ""pres"": 966.7207, ""meas_profile"": ""HP-8"", ""meas_id"": 8, ""hum"": 35.60256, ""gas_res"": 5684.846}, {""temp"": 20.75443, ""step"": 0, ""status"": 1, ""pres"": 966.777, ""meas_profile"": ""HP-7"", ""meas_id"": 7, ""hum"": 35.48661, ""gas_res"": 5684.846}, {""temp"": 20.83378, ""step"": 0, ""status"": 1, ""pres"": 966.9584, ""meas_profile"": ""HP-6"", ""meas_id"": 6, ""hum"": 35.3867, ""gas_res"": 7812.5}, {""temp"": 20.72907, ""step"": 0, ""status"": 1, ""pres"": 966.7333, ""meas_profile"": ""HP-5"", ""meas_id"": 5, ""hum"": 35.5425, ""gas_res"": 22567.0}, {""temp"": 20.41106, ""step"": 0, ""status"": 1, ""pres"": 966.837, ""meas_profile"": ""HP-4"", ""meas_id"": 4, ""hum"": 35.17765, ""gas_res"": 19405.7}, {""temp"": 20.57808, ""step"": 0, ""status"": 1, ""pres"": 966.4534, ""meas_profile"": ""HP-3"", ""meas_id"": 3, ""hum"": 35.67993, ""gas_res"": 6355.511}, {""temp"": 20.46472, ""step"": 0, ""status"": 1, ""pres"": 966.575, ""meas_profile"": ""HP-2"", ""meas_id"": 2, ""hum"": 35.95098, ""gas_res"": 6066.351}, {""temp"": 20.23643, ""step"": 0, ""status"": 1, ""pres"": 966.7949, ""meas_profile"": ""HP-1"", ""meas_id"": 1, ""hum"": 34.33471, ""gas_res"": 6997.595}]}",NULL,"2025-10-27 10:54:46.956437"
12123,"04a600b9b0b8","2025-10-27 10:53:09","LhXq72001pFEphkC0Zom","{""zphs01b"": {""voc"": 0, ""temp"": 18.6, ""pm2_5"": 0, ""pm1_0"": 0, ""pm10"": 338, ""o3"": 0.02, ""no2"": 10.0, ""hum"": 0, ""fmhd"": 0, ""co2"": 5000, ""co"": 0.0}, ""smell_b"": {}, ""sfa30"": {""temp"": 20.995, ""hum"": 35.78, ""fmhd"": 0.4}, ""sen5x"": {""voc"": 110.0, ""temp"": 21.355, ""pm4_0"": 4411.2, ""pm2_5"": 4411.2, ""pm1_0"": 4206.3, ""pm10"": 4411.2, ""nox"": 1.0, ""mass_c"": 4359.975, ""hum"": 39.49}, ""scd41"": {""temp"": 20.3296, ""hum"": 36.9543, ""co2"": 592}, ""power_source"": 0, ""mics6814"": {""red_res"": 0, ""no2_res"": 0, ""no2"": 0.17, ""nh3_res"": 0, ""nh3"": 0.73, ""co_res"": 0, ""co"": 44.0}}",NULL,"2025-10-27 10:54:48.138661"
12124,"04a600b9b0b8","2025-10-27 10:53:09","LhXq72001pFEphkC0Zom","{""bme688"": [{""temp"": 20.78988, ""step"": 9, ""status"": 1, ""pres"": 966.7198, ""meas_profile"": ""HP-8"", ""meas_id"": 8, ""hum"": 35.614, ""gas_res"": 5684.846}, {""temp"": 20.7535, ""step"": 9, ""status"": 1, ""pres"": 966.7755, ""meas_profile"": ""HP-7"", ""meas_id"": 7, ""hum"": 35.50927, ""gas_res"": 5684.846}, {""temp"": 20.83316, ""step"": 9, ""status"": 1, ""pres"": 966.959, ""meas_profile"": ""HP-6"", ""meas_id"": 6, ""hum"": 35.40394, ""gas_res"": 6522.625}, {""temp"": 20.72844, ""step"": 9, ""status"": 1, ""pres"": 966.7341, ""meas_profile"": ""HP-5"", ""meas_id"": 5, ""hum"": 35.56523, ""gas_res"": 19637.93}, {""temp"": 20.41044, ""step"": 9, ""status"": 1, ""pres"": 966.836, ""meas_profile"": ""HP-4"", ""meas_id"": 4, ""hum"": 35.24108, ""gas_res"": 10858.5}, {""temp"": 20.57715, ""step"": 9, ""status"": 1, ""pres"": 966.4537, ""meas_profile"": ""HP-3"", ""meas_id"": 3, ""hum"": 35.7607, ""gas_res"": 6004.879}, {""temp"": 20.46379, ""step"": 9, ""status"": 1, ""pres"": 966.5751, ""meas_profile"": ""HP-2"", ""meas_id"": 2, ""hum"": 36.05371, ""gas_res"": 7304.269}, {""temp"": 20.2355, ""step"": 9, ""status"": 1, ""pres"": 966.7954, ""meas_profile"": ""HP-1"", ""meas_id"": 1, ""hum"": 34.43425, ""gas_res"": 7899.284}]}",NULL,"2025-10-27 10:54:49.536125"
12125,"04a600b9b0b8","2025-10-27 10:53:09","LhXq72001pFEphkC0Zom","{""bme688"": [{""temp"": 20.78896, ""step"": 8, ""status"": 1, ""pres"": 966.7202, ""meas_profile"": ""HP-8"", ""meas_id"": 8, ""hum"": 35.63692, ""gas_res"": 5684.846}, {""temp"": 20.75288, ""step"": 8, ""status"": 1, ""pres"": 966.7744, ""meas_profile"": ""HP-7"", ""meas_id"": 7, ""hum"": 35.52626, ""gas_res"": 5684.846}, {""temp"": 20.83255, ""step"": 8, ""status"": 1, ""pres"": 966.9579, ""meas_profile"": ""HP-6"", ""meas_id"": 6, ""hum"": 35.39235, ""gas_res"": 6771.054}, {""temp"": 20.72813, ""step"": 8, ""status"": 1, ""pres"": 966.7354, ""meas_profile"": ""HP-5"", ""meas_id"": 5, ""hum"": 35.5823, ""gas_res"": 17982.58}, {""temp"": 20.41013, ""step"": 8, ""status"": 1, ""pres"": 966.8372, ""meas_profile"": ""HP-4"", ""meas_id"": 4, ""hum"": 35.25837, ""gas_res"": 10126.58}, {""temp"": 20.57653, ""step"": 8, ""status"": 1, ""pres"": 966.454, ""meas_profile"": ""HP-3"", ""meas_id"": 3, ""hum"": 35.76641, ""gas_res"": 6753.905}, {""temp"": 20.46348, ""step"": 8, ""status"": 1, ""pres"": 966.5747, ""meas_profile"": ""HP-2"", ""meas_id"": 2, ""hum"": 36.06511, ""gas_res"": 6893.581}, {""temp"": 20.23487, ""step"": 8, ""status"": 1, ""pres"": 966.796, ""meas_profile"": ""HP-1"", ""meas_id"": 1, ""hum"": 34.42833, ""gas_res"": 7191.011}]}",NULL,"2025-10-27 10:54:50.884988"
12126,"04a600b9b0b8","2025-10-27 10:53:09","LhXq72001pFEphkC0Zom","{""bme688"": [{""temp"": 20.78834, ""step"": 7, ""status"": 1, ""pres"": 966.7191, ""meas_profile"": ""HP-8"", ""meas_id"": 8, ""hum"": 35.65412, ""gas_res"": 5684.846}, {""temp"": 20.75226, ""step"": 7, ""status"": 1, ""pres"": 966.7752, ""meas_profile"": ""HP-7"", ""meas_id"": 7, ""hum"": 35.53758, ""gas_res"": 5684.846}, {""temp"": 20.83224, ""step"": 7, ""status"": 1, ""pres"": 966.9575, ""meas_profile"": ""HP-6"", ""meas_id"": 6, ""hum"": 35.40386, ""gas_res"": 6853.716}, {""temp"": 20.72782, ""step"": 7, ""status"": 1, ""pres"": 966.7363, ""meas_profile"": ""HP-5"", ""meas_id"": 5, ""hum"": 35.58227, ""gas_res"": 17467.25}, {""temp"": 20.41013, ""step"": 7, ""status"": 1, ""pres"": 966.8372, ""meas_profile"": ""HP-4"", ""meas_id"": 4, ""hum"": 35.28723, ""gas_res"": 9192.761}, {""temp"": 20.57591, ""step"": 7, ""status"": 1, ""pres"": 966.4531, ""meas_profile"": ""HP-3"", ""meas_id"": 3, ""hum"": 35.80102, ""gas_res"": 5872.637}, {""temp"": 20.46286, ""step"": 7, ""status"": 1, ""pres"": 966.5753, ""meas_profile"": ""HP-2"", ""meas_id"": 2, ""hum"": 36.11077, ""gas_res"": 7783.994}, {""temp"": 20.23456, ""step"": 7, ""status"": 1, ""pres"": 966.7974, ""meas_profile"": ""HP-1"", ""meas_id"": 1, ""hum"": 34.45761, ""gas_res"": 6115.039}]}",NULL,"2025-10-27 10:54:52.080315"
12127,"04a600b9b0b8","2025-10-27 10:53:09","LhXq72001pFEphkC0Zom","{""bme688"": [{""temp"": 20.78803, ""step"": 6, ""status"": 1, ""pres"": 966.7205, ""meas_profile"": ""HP-8"", ""meas_id"": 8, ""hum"": 35.6886, ""gas_res"": 9738.283}, {""temp"": 20.75164, ""step"": 6, ""status"": 1, ""pres"": 966.774, ""meas_profile"": ""HP-7"", ""meas_id"": 7, ""hum"": 35.56026, ""gas_res"": 14401.44}, {""temp"": 20.83193, ""step"": 6, ""status"": 1, ""pres"": 966.9568, ""meas_profile"": ""HP-6"", ""meas_id"": 6, ""hum"": 35.42689, ""gas_res"": 27032.73}, {""temp"": 20.72719, ""step"": 6, ""status"": 1, ""pres"": 966.7354, ""meas_profile"": ""HP-5"", ""meas_id"": 5, ""hum"": 35.6107, ""gas_res"": 95593.73}, {""temp"": 20.4095, ""step"": 6, ""status"": 1, ""pres"": 966.8362, ""meas_profile"": ""HP-4"", ""meas_id"": 4, ""hum"": 35.3045, ""gas_res"": 98746.38}, {""temp"": 20.57591, ""step"": 6, ""status"": 1, ""pres"": 966.4548, ""meas_profile"": ""HP-3"", ""meas_id"": 3, ""hum"": 35.81836, ""gas_res"": 31480.57}, {""temp"": 20.46255, ""step"": 6, ""status"": 1, ""pres"": 966.5747, ""meas_profile"": ""HP-2"", ""meas_id"": 2, ""hum"": 36.11646, ""gas_res"": 46460.98}, {""temp"": 20.23425, ""step"": 6, ""status"": 1, ""pres"": 966.7969, ""meas_profile"": ""HP-1"", ""meas_id"": 1, ""hum"": 34.46931, ""gas_res"": 37847.43}]}",NULL,"2025-10-27 10:54:53.361999"
12128,"04a600b9b0b8","2025-10-27 10:53:09","LhXq72001pFEphkC0Zom","{""bme688"": [{""temp"": 20.78772, ""step"": 5, ""status"": 1, ""pres"": 966.7198, ""meas_profile"": ""HP-8"", ""meas_id"": 8, ""hum"": 35.68857, ""gas_res"": 9756.098}, {""temp"": 20.75133, ""step"": 5, ""status"": 1, ""pres"": 966.7734, ""meas_profile"": ""HP-7"", ""meas_id"": 7, ""hum"": 35.56024, ""gas_res"": 14372.33}, {""temp"": 20.83162, ""step"": 5, ""status"": 1, ""pres"": 966.9565, ""meas_profile"": ""HP-6"", ""meas_id"": 6, ""hum"": 35.44993, ""gas_res"": 26981.45}, {""temp"": 20.72688, ""step"": 5, ""status"": 1, ""pres"": 966.735, ""meas_profile"": ""HP-5"", ""meas_id"": 5, ""hum"": 35.63348, ""gas_res"": 96240.6}, {""temp"": 20.40919, ""step"": 5, ""status"": 1, ""pres"": 966.8358, ""meas_profile"": ""HP-4"", ""meas_id"": 4, ""hum"": 35.3449, ""gas_res"": 97840.63}, {""temp"": 20.5756, ""step"": 5, ""status"": 1, ""pres"": 966.4545, ""meas_profile"": ""HP-3"", ""meas_id"": 3, ""hum"": 35.82411, ""gas_res"": 29725.96}, {""temp"": 20.46255, ""step"": 5, ""status"": 1, ""pres"": 966.5747, ""meas_profile"": ""HP-2"", ""meas_id"": 2, ""hum"": 36.13932, ""gas_res"": 43083.14}, {""temp"": 20.23425, ""step"": 5, ""status"": 1, ""pres"": 966.7988, ""meas_profile"": ""HP-1"", ""meas_id"": 1, ""hum"": 34.49862, ""gas_res"": 35020.52}]}",NULL,"2025-10-27 10:54:54.657615"
12129,"04a600b9b0b8","2025-10-27 10:53:09","LhXq72001pFEphkC0Zom","{""bme688"": [{""temp"": 20.78772, ""step"": 4, ""status"": 1, ""pres"": 966.7198, ""meas_profile"": ""HP-8"", ""meas_id"": 8, ""hum"": 35.68857, ""gas_res"": 9965.743}, {""temp"": 20.75102, ""step"": 4, ""status"": 1, ""pres"": 966.7729, ""meas_profile"": ""HP-7"", ""meas_id"": 7, ""hum"": 35.58295, ""gas_res"": 14528.94}, {""temp"": 20.83131, ""step"": 4, ""status"": 1, ""pres"": 966.956, ""meas_profile"": ""HP-6"", ""meas_id"": 6, ""hum"": 35.44413, ""gas_res"": 27862.43}, {""temp"": 20.72688, ""step"": 4, ""status"": 1, ""pres"": 966.7366, ""meas_profile"": ""HP-5"", ""meas_id"": 5, ""hum"": 35.66768, ""gas_res"": 100906.6}, {""temp"": 20.40888, ""step"": 4, ""status"": 1, ""pres"": 966.8353, ""meas_profile"": ""HP-4"", ""meas_id"": 4, ""hum"": 35.34487, ""gas_res"": 101809.5}, {""temp"": 20.5756, ""step"": 4, ""status"": 1, ""pres"": 966.4545, ""meas_profile"": ""HP-3"", ""meas_id"": 3, ""hum"": 35.85879, ""gas_res"": 28861.33}, {""temp"": 20.46255, ""step"": 4, ""status"": 1, ""pres"": 966.5764, ""meas_profile"": ""HP-2"", ""meas_id"": 2, ""hum"": 36.14504, ""gas_res"": 41734.59}, {""temp"": 20.23425, ""step"": 4, ""status"": 1, ""pres"": 966.7988, ""meas_profile"": ""HP-1"", ""meas_id"": 1, ""hum"": 34.50449, ""gas_res"": 33092.04}]}",NULL,"2025-10-27 10:54:56.025974"
12130,"04a600b9b0b8","2025-10-27 10:53:09","LhXq72001pFEphkC0Zom","{""bme688"": [{""temp"": 20.78741, ""step"": 3, ""status"": 1, ""pres"": 966.7211, ""meas_profile"": ""HP-8"", ""meas_id"": 8, ""hum"": 35.72882, ""gas_res"": 34096.96}, {""temp"": 20.75102, ""step"": 3, ""status"": 1, ""pres"": 966.7729, ""meas_profile"": ""HP-7"", ""meas_id"": 7, ""hum"": 35.59433, ""gas_res"": 46562.39}, {""temp"": 20.83101, ""step"": 3, ""status"": 1, ""pres"": 966.9573, ""meas_profile"": ""HP-6"", ""meas_id"": 6, ""hum"": 35.4614, ""gas_res"": 173383.0}, {""temp"": 20.72656, ""step"": 3, ""status"": 1, ""pres"": 966.7361, ""meas_profile"": ""HP-5"", ""meas_id"": 5, ""hum"": 35.65625, ""gas_res"": 527427.3}, {""temp"": 20.40857, ""step"": 3, ""status"": 1, ""pres"": 966.8345, ""meas_profile"": ""HP-4"", ""meas_id"": 4, ""hum"": 35.36217, ""gas_res"": 669062.4}, {""temp"": 20.57529, ""step"": 3, ""status"": 1, ""pres"": 966.4539, ""meas_profile"": ""HP-3"", ""meas_id"": 3, ""hum"": 35.87032, ""gas_res"": 252964.4}, {""temp"": 20.46224, ""step"": 3, ""status"": 1, ""pres"": 966.5759, ""meas_profile"": ""HP-2"", ""meas_id"": 2, ""hum"": 36.19075, ""gas_res"": 477611.9}, {""temp"": 20.23394, ""step"": 3, ""status"": 1, ""pres"": 966.8, ""meas_profile"": ""HP-1"", ""meas_id"": 1, ""hum"": 34.53378, ""gas_res"": 326530.6}]}",NULL,"2025-10-27 10:54:57.187129"
12131,"04a600b9b0b8","2025-10-27 10:53:09","LhXq72001pFEphkC0Zom","{""bme688"": [{""temp"": 20.78741, ""step"": 2, ""status"": 1, ""pres"": 966.7211, ""meas_profile"": ""HP-8"", ""meas_id"": 8, ""hum"": 35.72882, ""gas_res"": 29767.44}, {""temp"": 20.75071, ""step"": 2, ""status"": 1, ""pres"": 966.7725, ""meas_profile"": ""HP-7"", ""meas_id"": 7, ""hum"": 35.58861, ""gas_res"": 39167.69}, {""temp"": 20.83069, ""step"": 2, ""status"": 1, ""pres"": 966.9568, ""meas_profile"": ""HP-6"", ""meas_id"": 6, ""hum"": 35.49022, ""gas_res"": 149140.7}, {""temp"": 20.72625, ""step"": 2, ""status"": 1, ""pres"": 966.7374, ""meas_profile"": ""HP-5"", ""meas_id"": 5, ""hum"": 35.67902, ""gas_res"": 444348.0}, {""temp"": 20.40826, ""step"": 2, ""status"": 1, ""pres"": 966.8342, ""meas_profile"": ""HP-4"", ""meas_id"": 4, ""hum"": 35.38525, ""gas_res"": 558951.9}, {""temp"": 20.57529, ""step"": 2, ""status"": 1, ""pres"": 966.4539, ""meas_profile"": ""HP-3"", ""meas_id"": 3, ""hum"": 35.9108, ""gas_res"": 216536.3}, {""temp"": 20.46193, ""step"": 2, ""status"": 1, ""pres"": 966.577, ""meas_profile"": ""HP-2"", ""meas_id"": 2, ""hum"": 36.20789, ""gas_res"": 386853.0}, {""temp"": 20.23363, ""step"": 2, ""status"": 1, ""pres"": 966.7996, ""meas_profile"": ""HP-1"", ""meas_id"": 1, ""hum"": 34.54549, ""gas_res"": 274310.2}]}",NULL,"2025-10-27 10:54:58.488076"
12132,"04a600b9b0b8","2025-10-27 10:53:09","LhXq72001pFEphkC0Zom","{""bme688"": [{""temp"": 20.78741, ""step"": 1, ""status"": 1, ""pres"": 966.7211, ""meas_profile"": ""HP-8"", ""meas_id"": 8, ""hum"": 35.7576, ""gas_res"": 7002.188}, {""temp"": 20.75071, ""step"": 1, ""status"": 1, ""pres"": 966.7725, ""meas_profile"": ""HP-7"", ""meas_id"": 7, ""hum"": 35.61136, ""gas_res"": 7666.507}, {""temp"": 20.83101, ""step"": 1, ""status"": 1, ""pres"": 966.9573, ""meas_profile"": ""HP-6"", ""meas_id"": 6, ""hum"": 35.50179, ""gas_res"": 25000.0}, {""temp"": 20.72656, ""step"": 1, ""status"": 1, ""pres"": 966.7377, ""meas_profile"": ""HP-5"", ""meas_id"": 5, ""hum"": 35.69046, ""gas_res"": 29418.53}, {""temp"": 20.40857, ""step"": 1, ""status"": 1, ""pres"": 966.8345, ""meas_profile"": ""HP-4"", ""meas_id"": 4, ""hum"": 35.40839, ""gas_res"": 29277.22}, {""temp"": 20.57529, ""step"": 1, ""status"": 1, ""pres"": 966.4556, ""meas_profile"": ""HP-3"", ""meas_id"": 3, ""hum"": 35.9108, ""gas_res"": 25000.0}, {""temp"": 20.46224, ""step"": 1, ""status"": 1, ""pres"": 966.5776, ""meas_profile"": ""HP-2"", ""meas_id"": 2, ""hum"": 36.21935, ""gas_res"": 25000.0}, {""temp"": 20.23394, ""step"": 1, ""status"": 1, ""pres"": 966.8, ""meas_profile"": ""HP-1"", ""meas_id"": 1, ""hum"": 34.56898, ""gas_res"": 25000.0}]}",NULL,"2025-10-27 10:54:59.763471"
12133,"04a600b9b0b8","2025-10-27 10:53:09","LhXq72001pFEphkC0Zom","{""bme688"": [{""temp"": 20.78679, ""step"": 0, ""status"": 1, ""pres"": 966.722, ""meas_profile"": ""HP-8"", ""meas_id"": 8, ""hum"": 35.75755, ""gas_res"": 5684.846}, {""temp"": 20.75009, ""step"": 0, ""status"": 1, ""pres"": 966.7714, ""meas_profile"": ""HP-7"", ""meas_id"": 7, ""hum"": 35.63407, ""gas_res"": 5684.846}, {""temp"": 20.83069, ""step"": 0, ""status"": 1, ""pres"": 966.9568, ""meas_profile"": ""HP-6"", ""meas_id"": 6, ""hum"": 35.49599, ""gas_res"": 6083.65}, {""temp"": 20.72656, ""step"": 0, ""status"": 1, ""pres"": 966.7394, ""meas_profile"": ""HP-5"", ""meas_id"": 5, ""hum"": 35.69046, ""gas_res"": 20908.2}, {""temp"": 20.40857, ""step"": 0, ""status"": 1, ""pres"": 966.8362, ""meas_profile"": ""HP-4"", ""meas_id"": 4, ""hum"": 35.41994, ""gas_res"": 10727.46}, {""temp"": 20.57499, ""step"": 0, ""status"": 1, ""pres"": 966.4551, ""meas_profile"": ""HP-3"", ""meas_id"": 3, ""hum"": 35.9339, ""gas_res"": 5954.596}, {""temp"": 20.46193, ""step"": 0, ""status"": 1, ""pres"": 966.577, ""meas_profile"": ""HP-2"", ""meas_id"": 2, ""hum"": 36.23648, ""gas_res"": 7494.145}, {""temp"": 20.23363, ""step"": 0, ""status"": 1, ""pres"": 966.8014, ""meas_profile"": ""HP-1"", ""meas_id"": 1, ""hum"": 34.59242, ""gas_res"": 5911.694}]}",NULL,"2025-10-27 10:55:01.146431"
12156,"04a600b9b0b8","2025-10-27 10:55:40","LhXq72001pFEphkC0Zom","{""zphs01b"": {""voc"": 0, ""temp"": 18.7, ""pm2_5"": 0, ""pm1_0"": 0, ""pm10"": 365, ""o3"": 0.02, ""no2"": 8.95, ""hum"": 0, ""fmhd"": 0, ""co2"": 5000, ""co"": 0.0}, ""smell_b"": {}, ""sfa30"": {""temp"": 21.025, ""hum"": 35.75, ""fmhd"": 0.6}, ""sen5x"": {""voc"": 110.0, ""temp"": 21.115, ""pm4_0"": 4465.3, ""pm2_5"": 4465.3, ""pm1_0"": 4257.9, ""pm10"": 4465.3, ""nox"": 1.0, ""mass_c"": 4413.45, ""hum"": 40.42}, ""scd41"": {""temp"": 20.2575, ""hum"": 38.35813, ""co2"": 588}, ""power_source"": 0, ""mics6814"": {""red_res"": 0, ""no2_res"": 0, ""no2"": 0.17, ""nh3_res"": 0, ""nh3"": 0.73, ""co_res"": 0, ""co"": 44.0}}",NULL,"2025-10-27 10:55:58.813254"
12157,"04a600b9b0b8","2025-10-27 10:55:40","LhXq72001pFEphkC0Zom","{""bme688"": [{""temp"": 20.8149, ""step"": 9, ""status"": 1, ""pres"": 966.7132, ""meas_profile"": ""HP-8"", ""meas_id"": 8, ""hum"": 35.34631, ""gas_res"": 5684.846}, {""temp"": 20.77928, ""step"": 9, ""status"": 1, ""pres"": 966.7878, ""meas_profile"": ""HP-7"", ""meas_id"": 7, ""hum"": 35.23907, ""gas_res"": 5684.846}, {""temp"": 20.85601, ""step"": 9, ""status"": 1, ""pres"": 966.9631, ""meas_profile"": ""HP-6"", ""meas_id"": 6, ""hum"": 35.10657, ""gas_res"": 7841.215}, {""temp"": 20.75033, ""step"": 9, ""status"": 1, ""pres"": 966.7278, ""meas_profile"": ""HP-5"", ""meas_id"": 5, ""hum"": 35.29404, ""gas_res"": 25000.0}, {""temp"": 20.43901, ""step"": 9, ""status"": 1, ""pres"": 966.8348, ""meas_profile"": ""HP-4"", ""meas_id"": 4, ""hum"": 34.8287, ""gas_res"": 25000.0}, {""temp"": 20.60869, ""step"": 9, ""status"": 1, ""pres"": 966.4526, ""meas_profile"": ""HP-3"", ""meas_id"": 3, ""hum"": 35.32524, ""gas_res"": 6490.872}, {""temp"": 20.49608, ""step"": 9, ""status"": 1, ""pres"": 966.5742, ""meas_profile"": ""HP-2"", ""meas_id"": 2, ""hum"": 35.58322, ""gas_res"": 7579.346}, {""temp"": 20.26724, ""step"": 9, ""status"": 1, ""pres"": 966.7826, ""meas_profile"": ""HP-1"", ""meas_id"": 1, ""hum"": 34.00985, ""gas_res"": 5964.585}]}",NULL,"2025-10-27 10:55:59.919359"
12158,"04a600b9b0b8","2025-10-27 10:55:40","LhXq72001pFEphkC0Zom","{""bme688"": [{""temp"": 20.81305, ""step"": 8, ""status"": 1, ""pres"": 966.712, ""meas_profile"": ""HP-8"", ""meas_id"": 8, ""hum"": 35.3691, ""gas_res"": 5684.846}, {""temp"": 20.77741, ""step"": 8, ""status"": 1, ""pres"": 966.7863, ""meas_profile"": ""HP-7"", ""meas_id"": 7, ""hum"": 35.24456, ""gas_res"": 5684.846}, {""temp"": 20.85447, ""step"": 8, ""status"": 1, ""pres"": 966.9638, ""meas_profile"": ""HP-6"", ""meas_id"": 6, ""hum"": 35.09492, ""gas_res"": 5905.148}, {""temp"": 20.74877, ""step"": 8, ""status"": 1, ""pres"": 966.7271, ""meas_profile"": ""HP-5"", ""meas_id"": 5, ""hum"": 35.28251, ""gas_res"": 25000.0}, {""temp"": 20.43746, ""step"": 8, ""status"": 1, ""pres"": 966.8354, ""meas_profile"": ""HP-4"", ""meas_id"": 4, ""hum"": 34.84583, ""gas_res"": 23230.49}, {""temp"": 20.60653, ""step"": 8, ""status"": 1, ""pres"": 966.4542, ""meas_profile"": ""HP-3"", ""meas_id"": 3, ""hum"": 35.34233, ""gas_res"": 8134.214}, {""temp"": 20.49391, ""step"": 8, ""status"": 1, ""pres"": 966.5756, ""meas_profile"": ""HP-2"", ""meas_id"": 2, ""hum"": 35.6115, ""gas_res"": 7157.235}, {""temp"": 20.26506, ""step"": 8, ""status"": 1, ""pres"": 966.783, ""meas_profile"": ""HP-1"", ""meas_id"": 1, ""hum"": 33.99796, ""gas_res"": 5924.829}]}",NULL,"2025-10-27 10:56:00.644565"
12159,"04a600b9b0b8","2025-10-27 10:55:40","LhXq72001pFEphkC0Zom","{""bme688"": [{""temp"": 20.8112, ""step"": 7, ""status"": 1, ""pres"": 966.7126, ""meas_profile"": ""HP-8"", ""meas_id"": 8, ""hum"": 35.37467, ""gas_res"": 5684.846}, {""temp"": 20.77555, ""step"": 7, ""status"": 1, ""pres"": 966.7867, ""meas_profile"": ""HP-7"", ""meas_id"": 7, ""hum"": 35.24439, ""gas_res"": 5684.846}, {""temp"": 20.85261, ""step"": 7, ""status"": 1, ""pres"": 966.9626, ""meas_profile"": ""HP-6"", ""meas_id"": 6, ""hum"": 35.1005, ""gas_res"": 6175.222}, {""temp"": 20.74752, ""step"": 7, ""status"": 1, ""pres"": 966.7283, ""meas_profile"": ""HP-5"", ""meas_id"": 5, ""hum"": 35.29377, ""gas_res"": 25000.0}, {""temp"": 20.4356, ""step"": 7, ""status"": 1, ""pres"": 966.8358, ""meas_profile"": ""HP-4"", ""meas_id"": 4, ""hum"": 34.83989, ""gas_res"": 20705.27}, {""temp"": 20.60436, ""step"": 7, ""status"": 1, ""pres"": 966.454, ""meas_profile"": ""HP-3"", ""meas_id"": 3, ""hum"": 35.34212, ""gas_res"": 7274.38}, {""temp"": 20.49174, ""step"": 7, ""status"": 1, ""pres"": 966.5756, ""meas_profile"": ""HP-2"", ""meas_id"": 2, ""hum"": 35.617, ""gas_res"": 6783.973}, {""temp"": 20.26288, ""step"": 7, ""status"": 1, ""pres"": 966.7832, ""meas_profile"": ""HP-1"", ""meas_id"": 1, ""hum"": 34.00945, ""gas_res"": 7755.696}]}",NULL,"2025-10-27 10:56:01.347565"
12160,"04a600b9b0b8","2025-10-27 10:55:40","LhXq72001pFEphkC0Zom","{""bme688"": [{""temp"": 20.80965, ""step"": 6, ""status"": 1, ""pres"": 966.7121, ""meas_profile"": ""HP-8"", ""meas_id"": 8, ""hum"": 35.35156, ""gas_res"": 9145.47}, {""temp"": 20.77369, ""step"": 6, ""status"": 1, ""pres"": 966.7853, ""meas_profile"": ""HP-7"", ""meas_id"": 7, ""hum"": 35.22719, ""gas_res"": 14558.69}, {""temp"": 20.85138, ""step"": 6, ""status"": 1, ""pres"": 966.9624, ""meas_profile"": ""HP-6"", ""meas_id"": 6, ""hum"": 35.1004, ""gas_res"": 29934.52}, {""temp"": 20.74595, ""step"": 6, ""status"": 1, ""pres"": 966.7291, ""meas_profile"": ""HP-5"", ""meas_id"": 5, ""hum"": 35.31069, ""gas_res"": 120329.0}, {""temp"": 20.43342, ""step"": 6, ""status"": 1, ""pres"": 966.8357, ""meas_profile"": ""HP-4"", ""meas_id"": 4, ""hum"": 34.84545, ""gas_res"": 132676.9}, {""temp"": 20.6022, ""step"": 6, ""status"": 1, ""pres"": 966.454, ""meas_profile"": ""HP-3"", ""meas_id"": 3, ""hum"": 35.35344, ""gas_res"": 46360.02}, {""temp"": 20.48956, ""step"": 6, ""status"": 1, ""pres"": 966.5753, ""meas_profile"": ""HP-2"", ""meas_id"": 2, ""hum"": 35.6054, ""gas_res"": 99263.28}, {""temp"": 20.26071, ""step"": 6, ""status"": 1, ""pres"": 966.7852, ""meas_profile"": ""HP-1"", ""meas_id"": 1, ""hum"": 34.0151, ""gas_res"": 100000.0}]}",NULL,"2025-10-27 10:56:02.312021"
12161,"04a600b9b0b8","2025-10-27 10:55:40","LhXq72001pFEphkC0Zom","{""bme688"": [{""temp"": 20.80811, ""step"": 5, ""status"": 1, ""pres"": 966.7132, ""meas_profile"": ""HP-8"", ""meas_id"": 8, ""hum"": 35.37438, ""gas_res"": 9014.085}, {""temp"": 20.77213, ""step"": 5, ""status"": 1, ""pres"": 966.7861, ""meas_profile"": ""HP-7"", ""meas_id"": 7, ""hum"": 35.25542, ""gas_res"": 14352.99}, {""temp"": 20.84983, ""step"": 5, ""status"": 1, ""pres"": 966.9633, ""meas_profile"": ""HP-6"", ""meas_id"": 6, ""hum"": 35.12326, ""gas_res"": 29479.5}, {""temp"": 20.74439, ""step"": 5, ""status"": 1, ""pres"": 966.7301, ""meas_profile"": ""HP-5"", ""meas_id"": 5, ""hum"": 35.29348, ""gas_res"": 117836.6}, {""temp"": 20.43125, ""step"": 5, ""status"": 1, ""pres"": 966.8354, ""meas_profile"": ""HP-4"", ""meas_id"": 4, ""hum"": 34.85101, ""gas_res"": 130147.4}, {""temp"": 20.60034, ""step"": 5, ""status"": 1, ""pres"": 966.4542, ""meas_profile"": ""HP-3"", ""meas_id"": 3, ""hum"": 35.35327, ""gas_res"": 43611.59}, {""temp"": 20.48739, ""step"": 5, ""status"": 1, ""pres"": 966.575, ""meas_profile"": ""HP-2"", ""meas_id"": 2, ""hum"": 35.61658, ""gas_res"": 100000.0}, {""temp"": 20.25884, ""step"": 5, ""status"": 1, ""pres"": 966.7859, ""meas_profile"": ""HP-1"", ""meas_id"": 1, ""hum"": 33.9974, ""gas_res"": 92418.77}]}",NULL,"2025-10-27 10:56:03.008514"
12162,"04a600b9b0b8","2025-10-27 10:55:40","LhXq72001pFEphkC0Zom","{""bme688"": [{""temp"": 20.80656, ""step"": 4, ""status"": 1, ""pres"": 966.7142, ""meas_profile"": ""HP-8"", ""meas_id"": 8, ""hum"": 35.39146, ""gas_res"": 8983.717}, {""temp"": 20.77058, ""step"": 4, ""status"": 1, ""pres"": 966.7853, ""meas_profile"": ""HP-7"", ""meas_id"": 7, ""hum"": 35.2723, ""gas_res"": 14266.61}, {""temp"": 20.8486, ""step"": 4, ""status"": 1, ""pres"": 966.9631, ""meas_profile"": ""HP-6"", ""meas_id"": 6, ""hum"": 35.12315, ""gas_res"": 29317.45}, {""temp"": 20.74251, ""step"": 4, ""status"": 1, ""pres"": 966.7285, ""meas_profile"": ""HP-5"", ""meas_id"": 5, ""hum"": 35.30467, ""gas_res"": 117593.0}, {""temp"": 20.42907, ""step"": 4, ""status"": 1, ""pres"": 966.8351, ""meas_profile"": ""HP-4"", ""meas_id"": 4, ""hum"": 34.87384, ""gas_res"": 130845.9}, {""temp"": 20.59849, ""step"": 4, ""status"": 1, ""pres"": 966.4545, ""meas_profile"": ""HP-3"", ""meas_id"": 3, ""hum"": 35.34734, ""gas_res"": 41170.79}, {""temp"": 20.48553, ""step"": 4, ""status"": 1, ""pres"": 966.5771, ""meas_profile"": ""HP-2"", ""meas_id"": 2, ""hum"": 35.6221, ""gas_res"": 100000.0}, {""temp"": 20.25666, ""step"": 4, ""status"": 1, ""pres"": 966.7863, ""meas_profile"": ""HP-1"", ""meas_id"": 1, ""hum"": 34.02058, ""gas_res"": 85049.84}]}",NULL,"2025-10-27 10:56:03.747359"
12163,"04a600b9b0b8","2025-10-27 10:55:40","LhXq72001pFEphkC0Zom","{""bme688"": [{""temp"": 20.80502, ""step"": 3, ""status"": 1, ""pres"": 966.7153, ""meas_profile"": ""HP-8"", ""meas_id"": 8, ""hum"": 35.38557, ""gas_res"": 15094.34}, {""temp"": 20.76903, ""step"": 3, ""status"": 1, ""pres"": 966.7844, ""meas_profile"": ""HP-7"", ""meas_id"": 7, ""hum"": 35.24945, ""gas_res"": 20887.73}, {""temp"": 20.84675, ""step"": 3, ""status"": 1, ""pres"": 966.9636, ""meas_profile"": ""HP-6"", ""meas_id"": 6, ""hum"": 35.12873, ""gas_res"": 61642.19}, {""temp"": 20.74064, ""step"": 3, ""status"": 1, ""pres"": 966.7288, ""meas_profile"": ""HP-5"", ""meas_id"": 5, ""hum"": 35.32157, ""gas_res"": 163265.3}, {""temp"": 20.4269, ""step"": 3, ""status"": 1, ""pres"": 966.8348, ""meas_profile"": ""HP-4"", ""meas_id"": 4, ""hum"": 34.87364, ""gas_res"": 246390.8}, {""temp"": 20.59601, ""step"": 3, ""status"": 1, ""pres"": 966.4556, ""meas_profile"": ""HP-3"", ""meas_id"": 3, ""hum"": 35.35862, ""gas_res"": 118081.2}, {""temp"": 20.48304, ""step"": 3, ""status"": 1, ""pres"": 966.5764, ""meas_profile"": ""HP-2"", ""meas_id"": 2, ""hum"": 35.63897, ""gas_res"": 203619.0}, {""temp"": 20.25448, ""step"": 3, ""status"": 1, ""pres"": 966.7883, ""meas_profile"": ""HP-1"", ""meas_id"": 1, ""hum"": 34.03207, ""gas_res"": 151121.6}]}",NULL,"2025-10-27 10:56:04.476537"
12164,"04a600b9b0b8","2025-10-27 10:55:40","LhXq72001pFEphkC0Zom","{""bme688"": [{""temp"": 20.80347, ""step"": 2, ""status"": 1, ""pres"": 966.7164, ""meas_profile"": ""HP-8"", ""meas_id"": 8, ""hum"": 35.40839, ""gas_res"": 24141.83}, {""temp"": 20.76748, ""step"": 2, ""status"": 1, ""pres"": 966.7851, ""meas_profile"": ""HP-7"", ""meas_id"": 7, ""hum"": 35.26633, ""gas_res"": 36056.34}, {""temp"": 20.8452, ""step"": 2, ""status"": 1, ""pres"": 966.9627, ""meas_profile"": ""HP-6"", ""meas_id"": 6, ""hum"": 35.13434, ""gas_res"": 140775.4}, {""temp"": 20.73907, ""step"": 2, ""status"": 1, ""pres"": 966.7296, ""meas_profile"": ""HP-5"", ""meas_id"": 5, ""hum"": 35.33848, ""gas_res"": 448434.4}, {""temp"": 20.42473, ""step"": 2, ""status"": 1, ""pres"": 966.8362, ""meas_profile"": ""HP-4"", ""meas_id"": 4, ""hum"": 34.86768, ""gas_res"": 612074.1}, {""temp"": 20.59385, ""step"": 2, ""status"": 1, ""pres"": 966.4554, ""meas_profile"": ""HP-3"", ""meas_id"": 3, ""hum"": 35.38147, ""gas_res"": 271690.1}, {""temp"": 20.48087, ""step"": 2, ""status"": 1, ""pres"": 966.5761, ""meas_profile"": ""HP-2"", ""meas_id"": 2, ""hum"": 35.65016, ""gas_res"": 457449.2}, {""temp"": 20.2523, ""step"": 2, ""status"": 1, ""pres"": 966.7885, ""meas_profile"": ""HP-1"", ""meas_id"": 1, ""hum"": 34.03772, ""gas_res"": 348180.9}]}",NULL,"2025-10-27 10:56:05.17062"
12165,"04a600b9b0b8","2025-10-27 10:55:40","LhXq72001pFEphkC0Zom","{""bme688"": [{""temp"": 20.80193, ""step"": 1, ""status"": 1, ""pres"": 966.7176, ""meas_profile"": ""HP-8"", ""meas_id"": 8, ""hum"": 35.4025, ""gas_res"": 6090.598}, {""temp"": 20.76592, ""step"": 1, ""status"": 1, ""pres"": 966.7843, ""meas_profile"": ""HP-7"", ""meas_id"": 7, ""hum"": 35.29457, ""gas_res"": 7699.711}, {""temp"": 20.84366, ""step"": 1, ""status"": 1, ""pres"": 966.9621, ""meas_profile"": ""HP-6"", ""meas_id"": 6, ""hum"": 35.12844, ""gas_res"": 25000.0}, {""temp"": 20.73782, ""step"": 1, ""status"": 1, ""pres"": 966.7308, ""meas_profile"": ""HP-5"", ""meas_id"": 5, ""hum"": 35.31561, ""gas_res"": 32989.69}, {""temp"": 20.42286, ""step"": 1, ""status"": 1, ""pres"": 966.8365, ""meas_profile"": ""HP-4"", ""meas_id"": 4, ""hum"": 34.8963, ""gas_res"": 34206.31}, {""temp"": 20.59199, ""step"": 1, ""status"": 1, ""pres"": 966.4576, ""meas_profile"": ""HP-3"", ""meas_id"": 3, ""hum"": 35.36977, ""gas_res"": 25000.0}, {""temp"": 20.47901, ""step"": 1, ""status"": 1, ""pres"": 966.5764, ""meas_profile"": ""HP-2"", ""meas_id"": 2, ""hum"": 35.63858, ""gas_res"": 27485.51}, {""temp"": 20.25013, ""step"": 1, ""status"": 1, ""pres"": 966.7906, ""meas_profile"": ""HP-1"", ""meas_id"": 1, ""hum"": 34.04338, ""gas_res"": 25000.0}]}",NULL,"2025-10-27 10:56:05.863285"
12166,"04a600b9b0b8","2025-10-27 10:55:40","LhXq72001pFEphkC0Zom","{""bme688"": [{""temp"": 20.80008, ""step"": 0, ""status"": 1, ""pres"": 966.7164, ""meas_profile"": ""HP-8"", ""meas_id"": 8, ""hum"": 35.38511, ""gas_res"": 5684.846}, {""temp"": 20.76406, ""step"": 0, ""status"": 1, ""pres"": 966.7829, ""meas_profile"": ""HP-7"", ""meas_id"": 7, ""hum"": 35.25466, ""gas_res"": 5684.846}, {""temp"": 20.84212, ""step"": 0, ""status"": 1, ""pres"": 966.9631, ""meas_profile"": ""HP-6"", ""meas_id"": 6, ""hum"": 35.13405, ""gas_res"": 6779.661}, {""temp"": 20.73657, ""step"": 0, ""status"": 1, ""pres"": 966.7305, ""meas_profile"": ""HP-5"", ""meas_id"": 5, ""hum"": 35.3155, ""gas_res"": 25000.0}, {""temp"": 20.421, ""step"": 0, ""status"": 1, ""pres"": 966.8367, ""meas_profile"": ""HP-4"", ""meas_id"": 4, ""hum"": 34.89613, ""gas_res"": 20214.78}, {""temp"": 20.58952, ""step"": 0, ""status"": 1, ""pres"": 966.4568, ""meas_profile"": ""HP-3"", ""meas_id"": 3, ""hum"": 35.36954, ""gas_res"": 6607.475}, {""temp"": 20.47652, ""step"": 0, ""status"": 1, ""pres"": 966.5758, ""meas_profile"": ""HP-2"", ""meas_id"": 2, ""hum"": 35.64405, ""gas_res"": 6101.049}, {""temp"": 20.24795, ""step"": 0, ""status"": 1, ""pres"": 966.791, ""meas_profile"": ""HP-1"", ""meas_id"": 1, ""hum"": 34.01979, ""gas_res"": 7210.455}]}",NULL,"2025-10-27 10:56:06.537999"
12167,"04a600b9b0b8","2025-10-27 10:56:44","LhXq72001pFEphkC0Zom","{""zphs01b"": {""voc"": 0, ""temp"": 18.8, ""pm2_5"": 0, ""pm1_0"": 0, ""pm10"": 349, ""o3"": 0.02, ""no2"": 10.0, ""hum"": 0, ""fmhd"": 0, ""co2"": 5000, ""co"": 0.0}, ""smell_b"": {}, ""sfa30"": {""temp"": 21.05, ""hum"": 35.77, ""fmhd"": 0.8}, ""sen5x"": {""voc"": 100.0, ""temp"": 21.05, ""pm4_0"": 4340.5, ""pm2_5"": 4340.5, ""pm1_0"": 4138.9, ""pm10"": 4340.5, ""nox"": 1.0, ""mass_c"": 4290.1, ""hum"": 40.75}, ""scd41"": {""temp"": 20.41505, ""hum"": 38.31693, ""co2"": 580}, ""power_source"": 0, ""mics6814"": {""red_res"": 0, ""no2_res"": 0, ""no2"": 0.17, ""nh3_res"": 0, ""nh3"": 0.73, ""co_res"": 0, ""co"": 44.0}}",NULL,"2025-10-27 10:57:09.879958"
12168,"04a600b9b0b8","2025-10-27 10:56:44","LhXq72001pFEphkC0Zom","{""bme688"": [{""temp"": 20.85135, ""step"": 9, ""status"": 1, ""pres"": 966.7036, ""meas_profile"": ""HP-8"", ""meas_id"": 8, ""hum"": 35.29233, ""gas_res"": 5684.846}, {""temp"": 20.81561, ""step"": 9, ""status"": 1, ""pres"": 966.7907, ""meas_profile"": ""HP-7"", ""meas_id"": 7, ""hum"": 35.18005, ""gas_res"": 5684.846}, {""temp"": 20.88997, ""step"": 9, ""status"": 1, ""pres"": 966.9606, ""meas_profile"": ""HP-6"", ""meas_id"": 6, ""hum"": 35.02921, ""gas_res"": 6844.92}, {""temp"": 20.78316, ""step"": 9, ""status"": 1, ""pres"": 966.7127, ""meas_profile"": ""HP-5"", ""meas_id"": 5, ""hum"": 35.21181, ""gas_res"": 25000.0}, {""temp"": 20.48374, ""step"": 9, ""status"": 1, ""pres"": 966.8301, ""meas_profile"": ""HP-4"", ""meas_id"": 4, ""hum"": 34.7465, ""gas_res"": 25000.0}, {""temp"": 20.65353, ""step"": 9, ""status"": 1, ""pres"": 966.4433, ""meas_profile"": ""HP-3"", ""meas_id"": 3, ""hum"": 35.24881, ""gas_res"": 9598.08}, {""temp"": 20.54204, ""step"": 9, ""status"": 1, ""pres"": 966.5687, ""meas_profile"": ""HP-2"", ""meas_id"": 2, ""hum"": 35.49642, ""gas_res"": 11072.66}, {""temp"": 20.31361, ""step"": 9, ""status"": 1, ""pres"": 966.7654, ""meas_profile"": ""HP-1"", ""meas_id"": 1, ""hum"": 33.92639, ""gas_res"": 8991.29}]}",NULL,"2025-10-27 10:57:11.599121"
12169,"04a600b9b0b8","2025-10-27 10:56:44","LhXq72001pFEphkC0Zom","{""bme688"": [{""temp"": 20.84949, ""step"": 8, ""status"": 1, ""pres"": 966.7042, ""meas_profile"": ""HP-8"", ""meas_id"": 8, ""hum"": 35.24625, ""gas_res"": 5684.846}, {""temp"": 20.81343, ""step"": 8, ""status"": 1, ""pres"": 966.7904, ""meas_profile"": ""HP-7"", ""meas_id"": 7, ""hum"": 35.1685, ""gas_res"": 5684.846}, {""temp"": 20.88842, ""step"": 8, ""status"": 1, ""pres"": 966.9615, ""meas_profile"": ""HP-6"", ""meas_id"": 6, ""hum"": 35.01756, ""gas_res"": 7166.854}, {""temp"": 20.78129, ""step"": 8, ""status"": 1, ""pres"": 966.713, ""meas_profile"": ""HP-5"", ""meas_id"": 5, ""hum"": 35.21733, ""gas_res"": 25000.0}, {""temp"": 20.48157, ""step"": 8, ""status"": 1, ""pres"": 966.8315, ""meas_profile"": ""HP-4"", ""meas_id"": 4, ""hum"": 34.75206, ""gas_res"": 25000.0}, {""temp"": 20.65136, ""step"": 8, ""status"": 1, ""pres"": 966.4448, ""meas_profile"": ""HP-3"", ""meas_id"": 3, ""hum"": 35.24286, ""gas_res"": 8705.114}, {""temp"": 20.53987, ""step"": 8, ""status"": 1, ""pres"": 966.5685, ""meas_profile"": ""HP-2"", ""meas_id"": 2, ""hum"": 35.53608, ""gas_res"": 11049.72}, {""temp"": 20.31143, ""step"": 8, ""status"": 1, ""pres"": 966.7657, ""meas_profile"": ""HP-1"", ""meas_id"": 1, ""hum"": 33.92035, ""gas_res"": 8698.016}]}",NULL,"2025-10-27 10:57:12.886463"
12170,"04a600b9b0b8","2025-10-27 10:56:44","LhXq72001pFEphkC0Zom","{""bme688"": [{""temp"": 20.84764, ""step"": 7, ""status"": 1, ""pres"": 966.7048, ""meas_profile"": ""HP-8"", ""meas_id"": 8, ""hum"": 35.30346, ""gas_res"": 5684.846}, {""temp"": 20.81157, ""step"": 7, ""status"": 1, ""pres"": 966.789, ""meas_profile"": ""HP-7"", ""meas_id"": 7, ""hum"": 35.174, ""gas_res"": 5684.846}, {""temp"": 20.88688, ""step"": 7, ""status"": 1, ""pres"": 966.9609, ""meas_profile"": ""HP-6"", ""meas_id"": 6, ""hum"": 35.02317, ""gas_res"": 7324.331}, {""temp"": 20.77973, ""step"": 7, ""status"": 1, ""pres"": 966.7138, ""meas_profile"": ""HP-5"", ""meas_id"": 5, ""hum"": 35.21149, ""gas_res"": 25000.0}, {""temp"": 20.47939, ""step"": 7, ""status"": 1, ""pres"": 966.8312, ""meas_profile"": ""HP-4"", ""meas_id"": 4, ""hum"": 34.74611, ""gas_res"": 25000.0}, {""temp"": 20.6492, ""step"": 7, ""status"": 1, ""pres"": 966.4446, ""meas_profile"": ""HP-3"", ""meas_id"": 3, ""hum"": 35.26569, ""gas_res"": 8215.661}, {""temp"": 20.53769, ""step"": 7, ""status"": 1, ""pres"": 966.5699, ""meas_profile"": ""HP-2"", ""meas_id"": 2, ""hum"": 35.53017, ""gas_res"": 10547.13}, {""temp"": 20.30925, ""step"": 7, ""status"": 1, ""pres"": 966.7661, ""meas_profile"": ""HP-1"", ""meas_id"": 1, ""hum"": 33.926, ""gas_res"": 8443.271}]}",NULL,"2025-10-27 10:57:14.253114"
12171,"04a600b9b0b8","2025-10-27 10:56:44","LhXq72001pFEphkC0Zom","{""bme688"": [{""temp"": 20.84579, ""step"": 6, ""status"": 1, ""pres"": 966.7054, ""meas_profile"": ""HP-8"", ""meas_id"": 8, ""hum"": 35.30329, ""gas_res"": 9403.468}, {""temp"": 20.80971, ""step"": 6, ""status"": 1, ""pres"": 966.7893, ""meas_profile"": ""HP-7"", ""meas_id"": 7, ""hum"": 35.16248, ""gas_res"": 15137.18}, {""temp"": 20.88533, ""step"": 6, ""status"": 1, ""pres"": 966.9618, ""meas_profile"": ""HP-6"", ""meas_id"": 6, ""hum"": 35.01727, ""gas_res"": 36025.89}, {""temp"": 20.77816, ""step"": 6, ""status"": 1, ""pres"": 966.7146, ""meas_profile"": ""HP-5"", ""meas_id"": 5, ""hum"": 35.22272, ""gas_res"": 166449.9}, {""temp"": 20.47691, ""step"": 6, ""status"": 1, ""pres"": 966.8322, ""meas_profile"": ""HP-4"", ""meas_id"": 4, ""hum"": 34.75163, ""gas_res"": 284840.1}, {""temp"": 20.64673, ""step"": 6, ""status"": 1, ""pres"": 966.4456, ""meas_profile"": ""HP-3"", ""meas_id"": 3, ""hum"": 35.25394, ""gas_res"": 101085.9}, {""temp"": 20.53521, ""step"": 6, ""status"": 1, ""pres"": 966.5692, ""meas_profile"": ""HP-2"", ""meas_id"": 2, ""hum"": 35.51855, ""gas_res"": 164683.2}, {""temp"": 20.30708, ""step"": 6, ""status"": 1, ""pres"": 966.7681, ""meas_profile"": ""HP-1"", ""meas_id"": 1, ""hum"": 33.91412, ""gas_res"": 128869.9}]}",NULL,"2025-10-27 10:57:15.453025"
12172,"04a600b9b0b8","2025-10-27 10:56:44","LhXq72001pFEphkC0Zom","{""bme688"": [{""temp"": 20.84393, ""step"": 5, ""status"": 1, ""pres"": 966.7061, ""meas_profile"": ""HP-8"", ""meas_id"": 8, ""hum"": 35.29737, ""gas_res"": 9232.545}, {""temp"": 20.80784, ""step"": 5, ""status"": 1, ""pres"": 966.7897, ""meas_profile"": ""HP-7"", ""meas_id"": 7, ""hum"": 35.17933, ""gas_res"": 14842.3}, {""temp"": 20.88379, ""step"": 5, ""status"": 1, ""pres"": 966.9626, ""meas_profile"": ""HP-6"", ""meas_id"": 6, ""hum"": 35.03438, ""gas_res"": 35516.09}, {""temp"": 20.7766, ""step"": 5, ""status"": 1, ""pres"": 966.7155, ""meas_profile"": ""HP-5"", ""meas_id"": 5, ""hum"": 35.21689, ""gas_res"": 165161.3}, {""temp"": 20.47474, ""step"": 5, ""status"": 1, ""pres"": 966.832, ""meas_profile"": ""HP-4"", ""meas_id"": 4, ""hum"": 34.74567, ""gas_res"": 290909.1}, {""temp"": 20.64456, ""step"": 5, ""status"": 1, ""pres"": 966.4454, ""meas_profile"": ""HP-3"", ""meas_id"": 3, ""hum"": 35.26526, ""gas_res"": 98975.45}, {""temp"": 20.53304, ""step"": 5, ""status"": 1, ""pres"": 966.5707, ""meas_profile"": ""HP-2"", ""meas_id"": 2, ""hum"": 35.51835, ""gas_res"": 162025.3}, {""temp"": 20.30459, ""step"": 5, ""status"": 1, ""pres"": 966.7679, ""meas_profile"": ""HP-1"", ""meas_id"": 1, ""hum"": 33.93142, ""gas_res"": 125551.7}]}",NULL,"2025-10-27 10:57:16.712015"
12173,"04a600b9b0b8","2025-10-27 10:56:44","LhXq72001pFEphkC0Zom","{""bme688"": [{""temp"": 20.84208, ""step"": 4, ""status"": 1, ""pres"": 966.7067, ""meas_profile"": ""HP-8"", ""meas_id"": 8, ""hum"": 35.29721, ""gas_res"": 9036.995}, {""temp"": 20.80598, ""step"": 4, ""status"": 1, ""pres"": 966.7883, ""meas_profile"": ""HP-7"", ""meas_id"": 7, ""hum"": 35.16213, ""gas_res"": 14528.94}, {""temp"": 20.88194, ""step"": 4, ""status"": 1, ""pres"": 966.9615, ""meas_profile"": ""HP-6"", ""meas_id"": 6, ""hum"": 35.05146, ""gas_res"": 35339.59}, {""temp"": 20.77504, ""step"": 4, ""status"": 1, ""pres"": 966.7162, ""meas_profile"": ""HP-5"", ""meas_id"": 5, ""hum"": 35.22242, ""gas_res"": 167265.6}, {""temp"": 20.47225, ""step"": 4, ""status"": 1, ""pres"": 966.8312, ""meas_profile"": ""HP-4"", ""meas_id"": 4, ""hum"": 34.76846, ""gas_res"": 304943.4}, {""temp"": 20.64209, ""step"": 4, ""status"": 1, ""pres"": 966.4464, ""meas_profile"": ""HP-3"", ""meas_id"": 3, ""hum"": 35.26502, ""gas_res"": 98575.28}, {""temp"": 20.53086, ""step"": 4, ""status"": 1, ""pres"": 966.5706, ""meas_profile"": ""HP-2"", ""meas_id"": 2, ""hum"": 35.52953, ""gas_res"": 160200.3}, {""temp"": 20.3021, ""step"": 4, ""status"": 1, ""pres"": 966.7693, ""meas_profile"": ""HP-1"", ""meas_id"": 1, ""hum"": 33.93703, ""gas_res"": 123552.1}]}",NULL,"2025-10-27 10:57:17.99386"
12174,"04a600b9b0b8","2025-10-27 10:56:44","LhXq72001pFEphkC0Zom","{""bme688"": [{""temp"": 20.84054, ""step"": 3, ""status"": 1, ""pres"": 966.7078, ""meas_profile"": ""HP-8"", ""meas_id"": 8, ""hum"": 35.31427, ""gas_res"": 6284.368}, {""temp"": 20.80412, ""step"": 3, ""status"": 1, ""pres"": 966.7885, ""meas_profile"": ""HP-7"", ""meas_id"": 7, ""hum"": 35.17898, ""gas_res"": 7940.447}, {""temp"": 20.88008, ""step"": 3, ""status"": 1, ""pres"": 966.962, ""meas_profile"": ""HP-6"", ""meas_id"": 6, ""hum"": 35.06279, ""gas_res"": 20525.98}, {""temp"": 20.77316, ""step"": 3, ""status"": 1, ""pres"": 966.7166, ""meas_profile"": ""HP-5"", ""meas_id"": 5, ""hum"": 35.25068, ""gas_res"": 57722.66}, {""temp"": 20.46945, ""step"": 3, ""status"": 1, ""pres"": 966.8298, ""meas_profile"": ""HP-4"", ""meas_id"": 4, ""hum"": 34.79122, ""gas_res"": 74766.35}, {""temp"": 20.63961, ""step"": 3, ""status"": 1, ""pres"": 966.4458, ""meas_profile"": ""HP-3"", ""meas_id"": 3, ""hum"": 35.28783, ""gas_res"": 45373.98}, {""temp"": 20.52838, ""step"": 3, ""status"": 1, ""pres"": 966.5715, ""meas_profile"": ""HP-2"", ""meas_id"": 2, ""hum"": 35.535, ""gas_res"": 72234.77}, {""temp"": 20.2993, ""step"": 3, ""status"": 1, ""pres"": 966.7687, ""meas_profile"": ""HP-1"", ""meas_id"": 1, ""hum"": 33.93094, ""gas_res"": 48780.49}]}",NULL,"2025-10-27 10:57:19.394695"
12175,"04a600b9b0b8","2025-10-27 10:56:44","LhXq72001pFEphkC0Zom","{""bme688"": [{""temp"": 20.83868, ""step"": 2, ""status"": 1, ""pres"": 966.7083, ""meas_profile"": ""HP-8"", ""meas_id"": 8, ""hum"": 35.3141, ""gas_res"": 21157.03}, {""temp"": 20.80225, ""step"": 2, ""status"": 1, ""pres"": 966.7888, ""meas_profile"": ""HP-7"", ""meas_id"": 7, ""hum"": 35.21284, ""gas_res"": 31227.13}, {""temp"": 20.87823, ""step"": 2, ""status"": 1, ""pres"": 966.9623, ""meas_profile"": ""HP-6"", ""meas_id"": 6, ""hum"": 35.06262, ""gas_res"": 144347.3}, {""temp"": 20.77128, ""step"": 2, ""status"": 1, ""pres"": 966.717, ""meas_profile"": ""HP-5"", ""meas_id"": 5, ""hum"": 35.2505, ""gas_res"": 543380.2}, {""temp"": 20.46697, ""step"": 2, ""status"": 1, ""pres"": 966.8309, ""meas_profile"": ""HP-4"", ""meas_id"": 4, ""hum"": 34.79099, ""gas_res"": 1073938.0}, {""temp"": 20.63714, ""step"": 2, ""status"": 1, ""pres"": 966.4469, ""meas_profile"": ""HP-3"", ""meas_id"": 3, ""hum"": 35.28759, ""gas_res"": 433347.4}, {""temp"": 20.52589, ""step"": 2, ""status"": 1, ""pres"": 966.5708, ""meas_profile"": ""HP-2"", ""meas_id"": 2, ""hum"": 35.52907, ""gas_res"": 856903.8}, {""temp"": 20.29681, ""step"": 2, ""status"": 1, ""pres"": 966.7703, ""meas_profile"": ""HP-1"", ""meas_id"": 1, ""hum"": 33.93655, ""gas_res"": 595521.9}]}",NULL,"2025-10-27 10:57:20.563305"
12176,"04a600b9b0b8","2025-10-27 10:56:44","LhXq72001pFEphkC0Zom","{""bme688"": [{""temp"": 20.83714, ""step"": 1, ""status"": 1, ""pres"": 966.7078, ""meas_profile"": ""HP-8"", ""meas_id"": 8, ""hum"": 35.3484, ""gas_res"": 7171.672}, {""temp"": 20.8007, ""step"": 1, ""status"": 1, ""pres"": 966.7896, ""meas_profile"": ""HP-7"", ""meas_id"": 7, ""hum"": 35.20134, ""gas_res"": 7478.383}, {""temp"": 20.87669, ""step"": 1, ""status"": 1, ""pres"": 966.9617, ""meas_profile"": ""HP-6"", ""meas_id"": 6, ""hum"": 35.08549, ""gas_res"": 25000.0}, {""temp"": 20.76972, ""step"": 1, ""status"": 1, ""pres"": 966.7176, ""meas_profile"": ""HP-5"", ""meas_id"": 5, ""hum"": 35.23898, ""gas_res"": 44107.51}, {""temp"": 20.46479, ""step"": 1, ""status"": 1, ""pres"": 966.8321, ""meas_profile"": ""HP-4"", ""meas_id"": 4, ""hum"": 34.76777, ""gas_res"": 97393.95}, {""temp"": 20.63528, ""step"": 1, ""status"": 1, ""pres"": 966.4472, ""meas_profile"": ""HP-3"", ""meas_id"": 3, ""hum"": 35.29318, ""gas_res"": 33586.98}, {""temp"": 20.52372, ""step"": 1, ""status"": 1, ""pres"": 966.5723, ""meas_profile"": ""HP-2"", ""meas_id"": 2, ""hum"": 35.55165, ""gas_res"": 100000.0}, {""temp"": 20.29463, ""step"": 1, ""status"": 1, ""pres"": 966.7706, ""meas_profile"": ""HP-1"", ""meas_id"": 1, ""hum"": 33.93636, ""gas_res"": 35486.55}]}",NULL,"2025-10-27 10:57:21.83878"
12177,"04a600b9b0b8","2025-10-27 10:56:44","LhXq72001pFEphkC0Zom","{""bme688"": [{""temp"": 20.83498, ""step"": 0, ""status"": 1, ""pres"": 966.7078, ""meas_profile"": ""HP-8"", ""meas_id"": 8, ""hum"": 35.32523, ""gas_res"": 5684.846}, {""temp"": 20.79853, ""step"": 0, ""status"": 1, ""pres"": 966.7876, ""meas_profile"": ""HP-7"", ""meas_id"": 7, ""hum"": 35.19547, ""gas_res"": 5684.846}, {""temp"": 20.87515, ""step"": 0, ""status"": 1, ""pres"": 966.9626, ""meas_profile"": ""HP-6"", ""meas_id"": 6, ""hum"": 35.08534, ""gas_res"": 7274.38}, {""temp"": 20.76815, ""step"": 0, ""status"": 1, ""pres"": 966.7199, ""meas_profile"": ""HP-5"", ""meas_id"": 5, ""hum"": 35.26158, ""gas_res"": 25000.0}, {""temp"": 20.46293, ""step"": 0, ""status"": 1, ""pres"": 966.8324, ""meas_profile"": ""HP-4"", ""meas_id"": 4, ""hum"": 34.78487, ""gas_res"": 25000.0}, {""temp"": 20.63312, ""step"": 0, ""status"": 1, ""pres"": 966.4487, ""meas_profile"": ""HP-3"", ""meas_id"": 3, ""hum"": 35.29874, ""gas_res"": 8000.0}, {""temp"": 20.52123, ""step"": 0, ""status"": 1, ""pres"": 966.5717, ""meas_profile"": ""HP-2"", ""meas_id"": 2, ""hum"": 35.5685, ""gas_res"": 10262.99}, {""temp"": 20.29245, ""step"": 0, ""status"": 1, ""pres"": 966.7726, ""meas_profile"": ""HP-1"", ""meas_id"": 1, ""hum"": 33.94201, ""gas_res"": 8140.422}]}",NULL,"2025-10-27 10:57:23.113859"
12178,"04a600b9b0b8","2025-10-27 10:56:17","LhXq72001pFEphkC0Zom","{""zphs01b"": {""voc"": 0, ""temp"": 18.8, ""pm2_5"": 0, ""pm1_0"": 0, ""pm10"": 359, ""o3"": 0.02, ""no2"": 10.0, ""hum"": 0, ""fmhd"": 0, ""co2"": 5000, ""co"": 0.0}, ""smell_b"": {}, ""sfa30"": {""temp"": 21.035, ""hum"": 35.75, ""fmhd"": 0.6}, ""sen5x"": {""voc"": 114.0, ""temp"": 21.08, ""pm4_0"": 4533.8, ""pm2_5"": 4533.8, ""pm1_0"": 4323.2, ""pm10"": 4533.8, ""nox"": 1.0, ""mass_c"": 4481.15, ""hum"": 40.6}, ""scd41"": {""temp"": 20.3563, ""hum"": 38.32151, ""co2"": 585}, ""power_source"": 0, ""mics6814"": {""red_res"": 0, ""no2_res"": 0, ""no2"": 0.17, ""nh3_res"": 0, ""nh3"": 0.73, ""co_res"": 0, ""co"": 44.0}}",NULL,"2025-10-27 10:57:24.392824"
12179,"04a600b9b0b8","2025-10-27 10:56:17","LhXq72001pFEphkC0Zom","{""bme688"": [{""temp"": 20.83312, ""step"": 9, ""status"": 1, ""pres"": 966.7084, ""meas_profile"": ""HP-8"", ""meas_id"": 8, ""hum"": 35.30784, ""gas_res"": 5684.846}, {""temp"": 20.79667, ""step"": 9, ""status"": 1, ""pres"": 966.788, ""meas_profile"": ""HP-7"", ""meas_id"": 7, ""hum"": 35.18962, ""gas_res"": 5684.846}, {""temp"": 20.87329, ""step"": 9, ""status"": 1, ""pres"": 966.9631, ""meas_profile"": ""HP-6"", ""meas_id"": 6, ""hum"": 35.05066, ""gas_res"": 6203.955}, {""temp"": 20.76659, ""step"": 9, ""status"": 1, ""pres"": 966.721, ""meas_profile"": ""HP-5"", ""meas_id"": 5, ""hum"": 35.23301, ""gas_res"": 25000.0}, {""temp"": 20.46045, ""step"": 9, ""status"": 1, ""pres"": 966.8317, ""meas_profile"": ""HP-4"", ""meas_id"": 4, ""hum"": 34.77888, ""gas_res"": 25000.0}, {""temp"": 20.63095, ""step"": 9, ""status"": 1, ""pres"": 966.4486, ""meas_profile"": ""HP-3"", ""meas_id"": 3, ""hum"": 35.26398, ""gas_res"": 8060.454}, {""temp"": 20.51906, ""step"": 9, ""status"": 1, ""pres"": 966.5731, ""meas_profile"": ""HP-2"", ""meas_id"": 2, ""hum"": 35.5569, ""gas_res"": 9403.468}, {""temp"": 20.29027, ""step"": 9, ""status"": 1, ""pres"": 966.7748, ""meas_profile"": ""HP-1"", ""meas_id"": 1, ""hum"": 33.94181, ""gas_res"": 7531.184}]}",NULL,"2025-10-27 10:57:25.682364"
12180,"04a600b9b0b8","2025-10-27 10:56:17","LhXq72001pFEphkC0Zom","{""bme688"": [{""temp"": 20.83127, ""step"": 8, ""status"": 1, ""pres"": 966.709, ""meas_profile"": ""HP-8"", ""meas_id"": 8, ""hum"": 35.30767, ""gas_res"": 5684.846}, {""temp"": 20.79449, ""step"": 8, ""status"": 1, ""pres"": 966.7879, ""meas_profile"": ""HP-7"", ""meas_id"": 7, ""hum"": 35.18942, ""gas_res"": 5684.846}, {""temp"": 20.87144, ""step"": 8, ""status"": 1, ""pres"": 966.9636, ""meas_profile"": ""HP-6"", ""meas_id"": 6, ""hum"": 35.06774, ""gas_res"": 6482.982}, {""temp"": 20.76503, ""step"": 8, ""status"": 1, ""pres"": 966.7217, ""meas_profile"": ""HP-5"", ""meas_id"": 5, ""hum"": 35.24423, ""gas_res"": 25000.0}, {""temp"": 20.45858, ""step"": 8, ""status"": 1, ""pres"": 966.832, ""meas_profile"": ""HP-4"", ""meas_id"": 4, ""hum"": 34.79022, ""gas_res"": 25000.0}, {""temp"": 20.62879, ""step"": 8, ""status"": 1, ""pres"": 966.45, ""meas_profile"": ""HP-3"", ""meas_id"": 3, ""hum"": 35.29257, ""gas_res"": 7181.329}, {""temp"": 20.51689, ""step"": 8, ""status"": 1, ""pres"": 966.5729, ""meas_profile"": ""HP-2"", ""meas_id"": 2, ""hum"": 35.56239, ""gas_res"": 9313.155}, {""temp"": 20.28809, ""step"": 8, ""status"": 1, ""pres"": 966.775, ""meas_profile"": ""HP-1"", ""meas_id"": 1, ""hum"": 33.94161, ""gas_res"": 7478.383}]}",NULL,"2025-10-27 10:57:26.957592"
12181,"04a600b9b0b8","2025-10-27 10:56:17","LhXq72001pFEphkC0Zom","{""bme688"": [{""temp"": 20.82911, ""step"": 7, ""status"": 1, ""pres"": 966.7092, ""meas_profile"": ""HP-8"", ""meas_id"": 8, ""hum"": 35.31894, ""gas_res"": 5684.846}, {""temp"": 20.79263, ""step"": 7, ""status"": 1, ""pres"": 966.7863, ""meas_profile"": ""HP-7"", ""meas_id"": 7, ""hum"": 35.20059, ""gas_res"": 5684.846}, {""temp"": 20.86959, ""step"": 7, ""status"": 1, ""pres"": 966.9623, ""meas_profile"": ""HP-6"", ""meas_id"": 6, ""hum"": 35.06181, ""gas_res"": 6644.518}, {""temp"": 20.76346, ""step"": 7, ""status"": 1, ""pres"": 966.7224, ""meas_profile"": ""HP-5"", ""meas_id"": 5, ""hum"": 35.23271, ""gas_res"": 25000.0}, {""temp"": 20.45641, ""step"": 7, ""status"": 1, ""pres"": 966.8334, ""meas_profile"": ""HP-4"", ""meas_id"": 4, ""hum"": 34.77851, ""gas_res"": 25000.0}, {""temp"": 20.62663, ""step"": 7, ""status"": 1, ""pres"": 966.4517, ""meas_profile"": ""HP-3"", ""meas_id"": 3, ""hum"": 35.30389, ""gas_res"": 6707.189}, {""temp"": 20.51471, ""step"": 7, ""status"": 1, ""pres"": 966.5743, ""meas_profile"": ""HP-2"", ""meas_id"": 2, ""hum"": 35.57359, ""gas_res"": 8812.999}, {""temp"": 20.28591, ""step"": 7, ""status"": 1, ""pres"": 966.777, ""meas_profile"": ""HP-1"", ""meas_id"": 1, ""hum"": 33.94141, ""gas_res"": 7029.877}]}",NULL,"2025-10-27 10:57:28.245074"
12182,"04a600b9b0b8","2025-10-27 10:56:17","LhXq72001pFEphkC0Zom","{""bme688"": [{""temp"": 20.82756, ""step"": 6, ""status"": 1, ""pres"": 966.7103, ""meas_profile"": ""HP-8"", ""meas_id"": 8, ""hum"": 35.3188, ""gas_res"": 8776.741}, {""temp"": 20.79107, ""step"": 6, ""status"": 1, ""pres"": 966.7871, ""meas_profile"": ""HP-7"", ""meas_id"": 7, ""hum"": 35.20044, ""gas_res"": 11691.63}, {""temp"": 20.86805, ""step"": 6, ""status"": 1, ""pres"": 966.9633, ""meas_profile"": ""HP-6"", ""meas_id"": 6, ""hum"": 35.07893, ""gas_res"": 31761.79}, {""temp"": 20.7619, ""step"": 6, ""status"": 1, ""pres"": 966.7234, ""meas_profile"": ""HP-5"", ""meas_id"": 5, ""hum"": 35.24963, ""gas_res"": 140197.2}, {""temp"": 20.45454, ""step"": 6, ""status"": 1, ""pres"": 966.8336, ""meas_profile"": ""HP-4"", ""meas_id"": 4, ""hum"": 34.80135, ""gas_res"": 171123.0}, {""temp"": 20.62446, ""step"": 6, ""status"": 1, ""pres"": 966.4514, ""meas_profile"": ""HP-3"", ""meas_id"": 3, ""hum"": 35.29793, ""gas_res"": 100000.0}, {""temp"": 20.51254, ""step"": 6, ""status"": 1, ""pres"": 966.5742, ""meas_profile"": ""HP-2"", ""meas_id"": 2, ""hum"": 35.56768, ""gas_res"": 130745.7}, {""temp"": 20.28342, ""step"": 6, ""status"": 1, ""pres"": 966.7768, ""meas_profile"": ""HP-1"", ""meas_id"": 1, ""hum"": 33.9704, ""gas_res"": 103038.8}]}",NULL,"2025-10-27 10:57:29.620106"
12183,"04a600b9b0b8","2025-10-27 10:56:17","LhXq72001pFEphkC0Zom","{""bme688"": [{""temp"": 20.82571, ""step"": 5, ""status"": 1, ""pres"": 966.709, ""meas_profile"": ""HP-8"", ""meas_id"": 8, ""hum"": 35.3301, ""gas_res"": 8648.648}, {""temp"": 20.78983, ""step"": 5, ""status"": 1, ""pres"": 966.7869, ""meas_profile"": ""HP-7"", ""meas_id"": 7, ""hum"": 35.20033, ""gas_res"": 11428.57}, {""temp"": 20.8665, ""step"": 5, ""status"": 1, ""pres"": 966.9644, ""meas_profile"": ""HP-6"", ""meas_id"": 6, ""hum"": 35.08454, ""gas_res"": 31067.96}, {""temp"": 20.76034, ""step"": 5, ""status"": 1, ""pres"": 966.7241, ""meas_profile"": ""HP-5"", ""meas_id"": 5, ""hum"": 35.24948, ""gas_res"": 136935.0}, {""temp"": 20.45237, ""step"": 5, ""status"": 1, ""pres"": 966.835, ""meas_profile"": ""HP-4"", ""meas_id"": 4, ""hum"": 34.7954, ""gas_res"": 168587.4}, {""temp"": 20.6223, ""step"": 5, ""status"": 1, ""pres"": 966.4512, ""meas_profile"": ""HP-3"", ""meas_id"": 3, ""hum"": 35.29773, ""gas_res"": 100000.0}, {""temp"": 20.51006, ""step"": 5, ""status"": 1, ""pres"": 966.5751, ""meas_profile"": ""HP-2"", ""meas_id"": 2, ""hum"": 35.57315, ""gas_res"": 124091.1}, {""temp"": 20.28125, ""step"": 5, ""status"": 1, ""pres"": 966.7789, ""meas_profile"": ""HP-1"", ""meas_id"": 1, ""hum"": 33.97606, ""gas_res"": 96786.39}]}",NULL,"2025-10-27 10:57:30.805038"
12184,"04a600b9b0b8","2025-10-27 10:56:17","LhXq72001pFEphkC0Zom","{""bme688"": [{""temp"": 20.82417, ""step"": 4, ""status"": 1, ""pres"": 966.7101, ""meas_profile"": ""HP-8"", ""meas_id"": 8, ""hum"": 35.32996, ""gas_res"": 8476.821}, {""temp"": 20.78828, ""step"": 4, ""status"": 1, ""pres"": 966.7876, ""meas_profile"": ""HP-7"", ""meas_id"": 7, ""hum"": 35.20586, ""gas_res"": 11224.13}, {""temp"": 20.86496, ""step"": 4, ""status"": 1, ""pres"": 966.9634, ""meas_profile"": ""HP-6"", ""meas_id"": 6, ""hum"": 35.07289, ""gas_res"": 30776.63}, {""temp"": 20.75877, ""step"": 4, ""status"": 1, ""pres"": 966.7249, ""meas_profile"": ""HP-5"", ""meas_id"": 5, ""hum"": 35.26639, ""gas_res"": 136935.0}, {""temp"": 20.4502, ""step"": 4, ""status"": 1, ""pres"": 966.8348, ""meas_profile"": ""HP-4"", ""meas_id"": 4, ""hum"": 34.82398, ""gas_res"": 172332.5}, {""temp"": 20.62044, ""step"": 4, ""status"": 1, ""pres"": 966.4533, ""meas_profile"": ""HP-3"", ""meas_id"": 3, ""hum"": 35.30331, ""gas_res"": 92619.39}, {""temp"": 20.50757, ""step"": 4, ""status"": 1, ""pres"": 966.5744, ""meas_profile"": ""HP-2"", ""meas_id"": 2, ""hum"": 35.57291, ""gas_res"": 119319.5}, {""temp"": 20.27907, ""step"": 4, ""status"": 1, ""pres"": 966.7791, ""meas_profile"": ""HP-1"", ""meas_id"": 1, ""hum"": 33.97001, ""gas_res"": 100000.0}]}",NULL,"2025-10-27 10:57:32.074456"
12185,"04a600b9b0b8","2025-10-27 10:56:17","LhXq72001pFEphkC0Zom","{""bme688"": [{""temp"": 20.82232, ""step"": 3, ""status"": 1, ""pres"": 966.7108, ""meas_profile"": ""HP-8"", ""meas_id"": 8, ""hum"": 35.35275, ""gas_res"": 8579.089}, {""temp"": 20.78642, ""step"": 3, ""status"": 1, ""pres"": 966.7879, ""meas_profile"": ""HP-7"", ""meas_id"": 7, ""hum"": 35.20568, ""gas_res"": 11038.29}, {""temp"": 20.86311, ""step"": 3, ""status"": 1, ""pres"": 966.9641, ""meas_profile"": ""HP-6"", ""meas_id"": 6, ""hum"": 35.07847, ""gas_res"": 29117.38}, {""temp"": 20.7569, ""step"": 3, ""status"": 1, ""pres"": 966.7252, ""meas_profile"": ""HP-5"", ""meas_id"": 5, ""hum"": 35.2719, ""gas_res"": 68412.62}, {""temp"": 20.44771, ""step"": 3, ""status"": 1, ""pres"": 966.834, ""meas_profile"": ""HP-4"", ""meas_id"": 4, ""hum"": 34.83526, ""gas_res"": 120159.6}, {""temp"": 20.61766, ""step"": 3, ""status"": 1, ""pres"": 966.452, ""meas_profile"": ""HP-3"", ""meas_id"": 3, ""hum"": 35.33185, ""gas_res"": 60591.71}, {""temp"": 20.50509, ""step"": 3, ""status"": 1, ""pres"": 966.5737, ""meas_profile"": ""HP-2"", ""meas_id"": 2, ""hum"": 35.58976, ""gas_res"": 104043.9}, {""temp"": 20.27658, ""step"": 3, ""status"": 1, ""pres"": 966.7789, ""meas_profile"": ""HP-1"", ""meas_id"": 1, ""hum"": 33.97562, ""gas_res"": 76304.02}]}",NULL,"2025-10-27 10:57:33.382127"
12186,"04a600b9b0b8","2025-10-27 10:56:17","LhXq72001pFEphkC0Zom","{""bme688"": [{""temp"": 20.82046, ""step"": 2, ""status"": 1, ""pres"": 966.7114, ""meas_profile"": ""HP-8"", ""meas_id"": 8, ""hum"": 35.34109, ""gas_res"": 21326.22}, {""temp"": 20.78486, ""step"": 2, ""status"": 1, ""pres"": 966.7888, ""meas_profile"": ""HP-7"", ""meas_id"": 7, ""hum"": 35.22256, ""gas_res"": 31227.13}, {""temp"": 20.86126, ""step"": 2, ""status"": 1, ""pres"": 966.9644, ""meas_profile"": ""HP-6"", ""meas_id"": 6, ""hum"": 35.09555, ""gas_res"": 133926.2}, {""temp"": 20.75502, ""step"": 2, ""status"": 1, ""pres"": 966.7256, ""meas_profile"": ""HP-5"", ""meas_id"": 5, ""hum"": 35.27741, ""gas_res"": 476279.1}, {""temp"": 20.44554, ""step"": 2, ""status"": 1, ""pres"": 966.8338, ""meas_profile"": ""HP-4"", ""meas_id"": 4, ""hum"": 34.82355, ""gas_res"": 835918.4}, {""temp"": 20.61549, ""step"": 2, ""status"": 1, ""pres"": 966.4519, ""meas_profile"": ""HP-3"", ""meas_id"": 3, ""hum"": 35.31437, ""gas_res"": 349249.7}, {""temp"": 20.5026, ""step"": 2, ""status"": 1, ""pres"": 966.5731, ""meas_profile"": ""HP-2"", ""meas_id"": 2, ""hum"": 35.59523, ""gas_res"": 594484.8}, {""temp"": 20.27409, ""step"": 2, ""status"": 1, ""pres"": 966.7804, ""meas_profile"": ""HP-1"", ""meas_id"": 1, ""hum"": 33.9754, ""gas_res"": 439202.2}]}",NULL,"2025-10-27 10:57:34.737965"
12187,"04a600b9b0b8","2025-10-27 10:56:17","LhXq72001pFEphkC0Zom","{""bme688"": [{""temp"": 20.81892, ""step"": 1, ""status"": 1, ""pres"": 966.7125, ""meas_profile"": ""HP-8"", ""meas_id"": 8, ""hum"": 35.34094, ""gas_res"": 6970.159}, {""temp"": 20.783, ""step"": 1, ""status"": 1, ""pres"": 966.7873, ""meas_profile"": ""HP-7"", ""meas_id"": 7, ""hum"": 35.21671, ""gas_res"": 7220.217}, {""temp"": 20.85971, ""step"": 1, ""status"": 1, ""pres"": 966.9636, ""meas_profile"": ""HP-6"", ""meas_id"": 6, ""hum"": 35.0839, ""gas_res"": 25000.0}, {""temp"": 20.75346, ""step"": 1, ""status"": 1, ""pres"": 966.7263, ""meas_profile"": ""HP-5"", ""meas_id"": 5, ""hum"": 35.27158, ""gas_res"": 36802.76}, {""temp"": 20.44336, ""step"": 1, ""status"": 1, ""pres"": 966.8336, ""meas_profile"": ""HP-4"", ""meas_id"": 4, ""hum"": 34.81759, ""gas_res"": 43745.73}, {""temp"": 20.61333, ""step"": 1, ""status"": 1, ""pres"": 966.4517, ""meas_profile"": ""HP-3"", ""meas_id"": 3, ""hum"": 35.31992, ""gas_res"": 25034.23}, {""temp"": 20.50043, ""step"": 1, ""status"": 1, ""pres"": 966.5745, ""meas_profile"": ""HP-2"", ""meas_id"": 2, ""hum"": 35.60642, ""gas_res"": 35427.62}, {""temp"": 20.27222, ""step"": 1, ""status"": 1, ""pres"": 966.7812, ""meas_profile"": ""HP-1"", ""meas_id"": 1, ""hum"": 33.96939, ""gas_res"": 26074.56}]}",NULL,"2025-10-27 10:57:35.917444"
12188,"04a600b9b0b8","2025-10-27 10:56:17","LhXq72001pFEphkC0Zom","{""bme688"": [{""temp"": 20.81706, ""step"": 0, ""status"": 1, ""pres"": 966.7131, ""meas_profile"": ""HP-8"", ""meas_id"": 8, ""hum"": 35.33503, ""gas_res"": 5684.846}, {""temp"": 20.78114, ""step"": 0, ""status"": 1, ""pres"": 966.7876, ""meas_profile"": ""HP-7"", ""meas_id"": 7, ""hum"": 35.24491, ""gas_res"": 5684.846}, {""temp"": 20.85786, ""step"": 0, ""status"": 1, ""pres"": 966.9641, ""meas_profile"": ""HP-6"", ""meas_id"": 6, ""hum"": 35.07223, ""gas_res"": 6844.92}, {""temp"": 20.75189, ""step"": 0, ""status"": 1, ""pres"": 966.7269, ""meas_profile"": ""HP-5"", ""meas_id"": 5, ""hum"": 35.28281, ""gas_res"": 25000.0}, {""temp"": 20.44119, ""step"": 0, ""status"": 1, ""pres"": 966.8351, ""meas_profile"": ""HP-4"", ""meas_id"": 4, ""hum"": 34.83466, ""gas_res"": 25000.0}, {""temp"": 20.61086, ""step"": 0, ""status"": 1, ""pres"": 966.4528, ""meas_profile"": ""HP-3"", ""meas_id"": 3, ""hum"": 35.33697, ""gas_res"": 6139.678}, {""temp"": 20.49826, ""step"": 0, ""status"": 1, ""pres"": 966.5744, ""meas_profile"": ""HP-2"", ""meas_id"": 2, ""hum"": 35.57773, ""gas_res"": 7893.438}, {""temp"": 20.26973, ""step"": 0, ""status"": 1, ""pres"": 966.7827, ""meas_profile"": ""HP-1"", ""meas_id"": 1, ""hum"": 33.9867, ""gas_res"": 6329.114}]}",NULL,"2025-10-27 10:57:37.2047"
12189,"04a600b9b0b8","2025-10-27 10:58:15","LhXq72001pFEphkC0Zom","{""zphs01b"": {""voc"": 0, ""temp"": 18.9, ""pm2_5"": 0, ""pm1_0"": 0, ""pm10"": 362, ""o3"": 0.02, ""no2"": 10.0, ""hum"": 0, ""fmhd"": 0, ""co2"": 5000, ""co"": 0.0}, ""smell_b"": {}, ""sfa30"": {""temp"": 21.075, ""hum"": 35.75, ""fmhd"": 0.8}, ""sen5x"": {""voc"": 98.0, ""temp"": 21.0, ""pm4_0"": 4441.7, ""pm2_5"": 4441.7, ""pm1_0"": 4235.5, ""pm10"": 4441.7, ""nox"": 1.0, ""mass_c"": 4390.15, ""hum"": 41.05}, ""scd41"": {""temp"": 20.64202, ""hum"": 38.13688, ""co2"": 582}, ""power_source"": 0, ""mics6814"": {""red_res"": 0, ""no2_res"": 0, ""no2"": 0.17, ""nh3_res"": 0, ""nh3"": 0.73, ""co_res"": 0, ""co"": 44.0}}",NULL,"2025-10-27 10:58:40.894015"
12190,"04a600b9b0b8","2025-10-27 10:58:15","LhXq72001pFEphkC0Zom","{""bme688"": [{""temp"": 20.89304, ""step"": 9, ""status"": 1, ""pres"": 966.6934, ""meas_profile"": ""HP-8"", ""meas_id"": 8, ""hum"": 35.19871, ""gas_res"": 5684.846}, {""temp"": 20.85846, ""step"": 9, ""status"": 1, ""pres"": 966.7926, ""meas_profile"": ""HP-7"", ""meas_id"": 7, ""hum"": 35.06496, ""gas_res"": 5684.846}, {""temp"": 20.92917, ""step"": 9, ""status"": 1, ""pres"": 966.9547, ""meas_profile"": ""HP-6"", ""meas_id"": 6, ""hum"": 34.9581, ""gas_res"": 7289.294}, {""temp"": 20.82132, ""step"": 9, ""status"": 1, ""pres"": 966.6978, ""meas_profile"": ""HP-5"", ""meas_id"": 5, ""hum"": 35.14149, ""gas_res"": 25000.0}, {""temp"": 20.53313, ""step"": 9, ""status"": 1, ""pres"": 966.8231, ""meas_profile"": ""HP-4"", ""meas_id"": 4, ""hum"": 34.64178, ""gas_res"": 25000.0}, {""temp"": 20.70239, ""step"": 9, ""status"": 1, ""pres"": 966.432, ""meas_profile"": ""HP-3"", ""meas_id"": 3, ""hum"": 35.16704, ""gas_res"": 10803.51}, {""temp"": 20.59266, ""step"": 9, ""status"": 1, ""pres"": 966.5555, ""meas_profile"": ""HP-2"", ""meas_id"": 2, ""hum"": 35.41579, ""gas_res"": 19619.87}, {""temp"": 20.36465, ""step"": 9, ""status"": 1, ""pres"": 966.7446, ""meas_profile"": ""HP-1"", ""meas_id"": 1, ""hum"": 33.83171, ""gas_res"": 9965.743}]}",NULL,"2025-10-27 10:58:42.479868"
12191,"04a600b9b0b8","2025-10-27 10:58:15","LhXq72001pFEphkC0Zom","{""bme688"": [{""temp"": 20.89088, ""step"": 8, ""status"": 1, ""pres"": 966.6953, ""meas_profile"": ""HP-8"", ""meas_id"": 8, ""hum"": 35.18703, ""gas_res"": 5684.846}, {""temp"": 20.85597, ""step"": 8, ""status"": 1, ""pres"": 966.7918, ""meas_profile"": ""HP-7"", ""meas_id"": 7, ""hum"": 35.07607, ""gas_res"": 5684.846}, {""temp"": 20.92701, ""step"": 8, ""status"": 1, ""pres"": 966.9546, ""meas_profile"": ""HP-6"", ""meas_id"": 6, ""hum"": 34.9464, ""gas_res"": 7579.346}, {""temp"": 20.81944, ""step"": 8, ""status"": 1, ""pres"": 966.6981, ""meas_profile"": ""HP-5"", ""meas_id"": 5, ""hum"": 35.14132, ""gas_res"": 25000.0}, {""temp"": 20.53096, ""step"": 8, ""status"": 1, ""pres"": 966.8245, ""meas_profile"": ""HP-4"", ""meas_id"": 4, ""hum"": 34.65882, ""gas_res"": 25000.0}, {""temp"": 20.70022, ""step"": 8, ""status"": 1, ""pres"": 966.4334, ""meas_profile"": ""HP-3"", ""meas_id"": 3, ""hum"": 35.16683, ""gas_res"": 9738.283}, {""temp"": 20.59017, ""step"": 8, ""status"": 1, ""pres"": 966.5566, ""meas_profile"": ""HP-2"", ""meas_id"": 2, ""hum"": 35.40418, ""gas_res"": 19317.84}, {""temp"": 20.36216, ""step"": 8, ""status"": 1, ""pres"": 966.7461, ""meas_profile"": ""HP-1"", ""meas_id"": 1, ""hum"": 33.83733, ""gas_res"": 10040.79}]}",NULL,"2025-10-27 10:58:43.772059"
12192,"04a600b9b0b8","2025-10-27 10:58:15","LhXq72001pFEphkC0Zom","{""bme688"": [{""temp"": 20.88841, ""step"": 7, ""status"": 1, ""pres"": 966.6948, ""meas_profile"": ""HP-8"", ""meas_id"": 8, ""hum"": 35.20401, ""gas_res"": 5684.846}, {""temp"": 20.8538, ""step"": 7, ""status"": 1, ""pres"": 966.7916, ""meas_profile"": ""HP-7"", ""meas_id"": 7, ""hum"": 35.0702, ""gas_res"": 5684.846}, {""temp"": 20.92516, ""step"": 7, ""status"": 1, ""pres"": 966.9551, ""meas_profile"": ""HP-6"", ""meas_id"": 6, ""hum"": 34.95198, ""gas_res"": 7584.736}, {""temp"": 20.81756, ""step"": 7, ""status"": 1, ""pres"": 966.6984, ""meas_profile"": ""HP-5"", ""meas_id"": 5, ""hum"": 35.1241, ""gas_res"": 25000.0}, {""temp"": 20.52847, ""step"": 7, ""status"": 1, ""pres"": 966.8237, ""meas_profile"": ""HP-4"", ""meas_id"": 4, ""hum"": 34.66435, ""gas_res"": 25000.0}, {""temp"": 20.69806, ""step"": 7, ""status"": 1, ""pres"": 966.4351, ""meas_profile"": ""HP-3"", ""meas_id"": 3, ""hum"": 35.16663, ""gas_res"": 8834.897}, {""temp"": 20.58768, ""step"": 7, ""status"": 1, ""pres"": 966.5574, ""meas_profile"": ""HP-2"", ""meas_id"": 2, ""hum"": 35.40963, ""gas_res"": 11200.56}, {""temp"": 20.35967, ""step"": 7, ""status"": 1, ""pres"": 966.7477, ""meas_profile"": ""HP-1"", ""meas_id"": 1, ""hum"": 33.83127, ""gas_res"": 9264.621}]}",NULL,"2025-10-27 10:58:45.040023"
12193,"04a600b9b0b8","2025-10-27 10:58:15","LhXq72001pFEphkC0Zom","{""bme688"": [{""temp"": 20.88655, ""step"": 6, ""status"": 1, ""pres"": 966.6956, ""meas_profile"": ""HP-8"", ""meas_id"": 8, ""hum"": 35.1981, ""gas_res"": 9632.751}, {""temp"": 20.85163, ""step"": 6, ""status"": 1, ""pres"": 966.7913, ""meas_profile"": ""HP-7"", ""meas_id"": 7, ""hum"": 35.07566, ""gas_res"": 15556.64}, {""temp"": 20.9233, ""step"": 6, ""status"": 1, ""pres"": 966.9556, ""meas_profile"": ""HP-6"", ""meas_id"": 6, ""hum"": 34.93457, ""gas_res"": 36581.88}, {""temp"": 20.816, ""step"": 6, ""status"": 1, ""pres"": 966.7009, ""meas_profile"": ""HP-5"", ""meas_id"": 5, ""hum"": 35.12963, ""gas_res"": 169424.2}, {""temp"": 20.52599, ""step"": 6, ""status"": 1, ""pres"": 966.8246, ""meas_profile"": ""HP-4"", ""meas_id"": 4, ""hum"": 34.66987, ""gas_res"": 299327.7}, {""temp"": 20.69527, ""step"": 6, ""status"": 1, ""pres"": 966.4355, ""meas_profile"": ""HP-3"", ""meas_id"": 3, ""hum"": 35.17212, ""gas_res"": 104107.4}, {""temp"": 20.5852, ""step"": 6, ""status"": 1, ""pres"": 966.5584, ""meas_profile"": ""HP-2"", ""meas_id"": 2, ""hum"": 35.41509, ""gas_res"": 169256.2}, {""temp"": 20.35749, ""step"": 6, ""status"": 1, ""pres"": 966.7498, ""meas_profile"": ""HP-1"", ""meas_id"": 1, ""hum"": 33.83691, ""gas_res"": 133821.2}]}",NULL,"2025-10-27 10:58:46.420516"
12194,"04a600b9b0b8","2025-10-27 10:58:15","LhXq72001pFEphkC0Zom","{""bme688"": [{""temp"": 20.88439, ""step"": 5, ""status"": 1, ""pres"": 966.6956, ""meas_profile"": ""HP-8"", ""meas_id"": 8, ""hum"": 35.19789, ""gas_res"": 9487.104}, {""temp"": 20.84976, ""step"": 5, ""status"": 1, ""pres"": 966.7933, ""meas_profile"": ""HP-7"", ""meas_id"": 7, ""hum"": 35.10384, ""gas_res"": 15234.47}, {""temp"": 20.92145, ""step"": 5, ""status"": 1, ""pres"": 966.956, ""meas_profile"": ""HP-6"", ""meas_id"": 6, ""hum"": 34.95164, ""gas_res"": 36363.64}, {""temp"": 20.81412, ""step"": 5, ""status"": 1, ""pres"": 966.7012, ""meas_profile"": ""HP-5"", ""meas_id"": 5, ""hum"": 35.13514, ""gas_res"": 168089.3}, {""temp"": 20.5235, ""step"": 5, ""status"": 1, ""pres"": 966.8256, ""meas_profile"": ""HP-4"", ""meas_id"": 4, ""hum"": 34.66964, ""gas_res"": 309085.4}, {""temp"": 20.6928, ""step"": 5, ""status"": 1, ""pres"": 966.4349, ""meas_profile"": ""HP-3"", ""meas_id"": 3, ""hum"": 35.16614, ""gas_res"": 103038.8}, {""temp"": 20.58272, ""step"": 5, ""status"": 1, ""pres"": 966.5594, ""meas_profile"": ""HP-2"", ""meas_id"": 2, ""hum"": 35.40348, ""gas_res"": 166612.4}, {""temp"": 20.355, ""step"": 5, ""status"": 1, ""pres"": 966.7497, ""meas_profile"": ""HP-1"", ""meas_id"": 1, ""hum"": 33.84836, ""gas_res"": 131147.5}]}",NULL,"2025-10-27 10:58:47.593464"
12195,"04a600b9b0b8","2025-10-27 10:58:15","LhXq72001pFEphkC0Zom","{""bme688"": [{""temp"": 20.88223, ""step"": 4, ""status"": 1, ""pres"": 966.6974, ""meas_profile"": ""HP-8"", ""meas_id"": 8, ""hum"": 35.19196, ""gas_res"": 9321.293}, {""temp"": 20.84759, ""step"": 4, ""status"": 1, ""pres"": 966.7932, ""meas_profile"": ""HP-7"", ""meas_id"": 7, ""hum"": 35.0923, ""gas_res"": 14956.77}, {""temp"": 20.9196, ""step"": 4, ""status"": 1, ""pres"": 966.9582, ""meas_profile"": ""HP-6"", ""meas_id"": 6, ""hum"": 34.96296, ""gas_res"": 36488.03}, {""temp"": 20.81225, ""step"": 4, ""status"": 1, ""pres"": 966.7032, ""meas_profile"": ""HP-5"", ""meas_id"": 5, ""hum"": 35.14064, ""gas_res"": 171639.3}, {""temp"": 20.5207, ""step"": 4, ""status"": 1, ""pres"": 966.8243, ""meas_profile"": ""HP-4"", ""meas_id"": 4, ""hum"": 34.67514, ""gas_res"": 327156.6}, {""temp"": 20.69033, ""step"": 4, ""status"": 1, ""pres"": 966.4377, ""meas_profile"": ""HP-3"", ""meas_id"": 3, ""hum"": 35.16016, ""gas_res"": 105263.2}, {""temp"": 20.58054, ""step"": 4, ""status"": 1, ""pres"": 966.5611, ""meas_profile"": ""HP-2"", ""meas_id"": 2, ""hum"": 35.43742, ""gas_res"": 167923.9}, {""temp"": 20.35251, ""step"": 4, ""status"": 1, ""pres"": 966.7513, ""meas_profile"": ""HP-1"", ""meas_id"": 1, ""hum"": 33.84813, ""gas_res"": 132987.0}]}",NULL,"2025-10-27 10:58:48.888701"
12196,"04a600b9b0b8","2025-10-27 10:58:15","LhXq72001pFEphkC0Zom","{""bme688"": [{""temp"": 20.88038, ""step"": 3, ""status"": 0, ""pres"": 966.6981, ""meas_profile"": ""HP-8"", ""meas_id"": 8, ""hum"": 35.2262, ""gas_res"": 5994.754}, {""temp"": 20.84542, ""step"": 3, ""status"": 0, ""pres"": 966.7928, ""meas_profile"": ""HP-7"", ""meas_id"": 7, ""hum"": 35.08643, ""gas_res"": 7733.205}, {""temp"": 20.91744, ""step"": 3, ""status"": 0, ""pres"": 966.9581, ""meas_profile"": ""HP-6"", ""meas_id"": 6, ""hum"": 34.98576, ""gas_res"": 19710.5}, {""temp"": 20.80975, ""step"": 3, ""status"": 0, ""pres"": 966.7023, ""meas_profile"": ""HP-5"", ""meas_id"": 5, ""hum"": 35.16315, ""gas_res"": 51832.36}, {""temp"": 20.51791, ""step"": 3, ""status"": 0, ""pres"": 966.8247, ""meas_profile"": ""HP-4"", ""meas_id"": 4, ""hum"": 34.68639, ""gas_res"": 71508.38}, {""temp"": 20.68754, ""step"": 3, ""status"": 0, ""pres"": 966.4366, ""meas_profile"": ""HP-3"", ""meas_id"": 3, ""hum"": 35.19443, ""gas_res"": 41653.11}, {""temp"": 20.57744, ""step"": 3, ""status"": 0, ""pres"": 966.5609, ""meas_profile"": ""HP-2"", ""meas_id"": 2, ""hum"": 35.44851, ""gas_res"": 64096.14}, {""temp"": 20.34971, ""step"": 3, ""status"": 0, ""pres"": 966.7522, ""meas_profile"": ""HP-1"", ""meas_id"": 1, ""hum"": 33.85372, ""gas_res"": 43522.61}]}",NULL,"2025-10-27 10:58:53.367194"
12197,"04a600b9b0b8","2025-10-27 10:58:15","LhXq72001pFEphkC0Zom","{""bme688"": [{""temp"": 20.87822, ""step"": 2, ""status"": 1, ""pres"": 966.6983, ""meas_profile"": ""HP-8"", ""meas_id"": 8, ""hum"": 35.226, ""gas_res"": 19178.9}, {""temp"": 20.84355, ""step"": 2, ""status"": 1, ""pres"": 966.7933, ""meas_profile"": ""HP-7"", ""meas_id"": 7, ""hum"": 35.08625, ""gas_res"": 27917.12}, {""temp"": 20.91528, ""step"": 2, ""status"": 1, ""pres"": 966.9582, ""meas_profile"": ""HP-6"", ""meas_id"": 6, ""hum"": 34.97406, ""gas_res"": 117350.4}, {""temp"": 20.80787, ""step"": 2, ""status"": 1, ""pres"": 966.7043, ""meas_profile"": ""HP-5"", ""meas_id"": 5, ""hum"": 35.16297, ""gas_res"": 422094.0}, {""temp"": 20.51542, ""step"": 2, ""status"": 1, ""pres"": 966.8254, ""meas_profile"": ""HP-4"", ""meas_id"": 4, ""hum"": 34.6919, ""gas_res"": 864499.8}, {""temp"": 20.68507, ""step"": 2, ""status"": 1, ""pres"": 966.4375, ""meas_profile"": ""HP-3"", ""meas_id"": 3, ""hum"": 35.18269, ""gas_res"": 368080.5}, {""temp"": 20.57495, ""step"": 2, ""status"": 1, ""pres"": 966.562, ""meas_profile"": ""HP-2"", ""meas_id"": 2, ""hum"": 35.42551, ""gas_res"": 630153.9}, {""temp"": 20.34722, ""step"": 2, ""status"": 1, ""pres"": 966.7537, ""meas_profile"": ""HP-1"", ""meas_id"": 1, ""hum"": 33.85934, ""gas_res"": 487503.0}]}",NULL,"2025-10-27 10:58:54.10672"
12198,"04a600b9b0b8","2025-10-27 10:58:15","LhXq72001pFEphkC0Zom","{""bme688"": [{""temp"": 20.87636, ""step"": 1, ""status"": 1, ""pres"": 966.6989, ""meas_profile"": ""HP-8"", ""meas_id"": 8, ""hum"": 35.22582, ""gas_res"": 6153.846}, {""temp"": 20.84138, ""step"": 1, ""status"": 1, ""pres"": 966.793, ""meas_profile"": ""HP-7"", ""meas_id"": 7, ""hum"": 35.09172, ""gas_res"": 7928.642}, {""temp"": 20.91343, ""step"": 1, ""status"": 1, ""pres"": 966.9587, ""meas_profile"": ""HP-6"", ""meas_id"": 6, ""hum"": 34.96238, ""gas_res"": 25000.0}, {""temp"": 20.80599, ""step"": 1, ""status"": 1, ""pres"": 966.7063, ""meas_profile"": ""HP-5"", ""meas_id"": 5, ""hum"": 35.17416, ""gas_res"": 100000.0}, {""temp"": 20.51294, ""step"": 1, ""status"": 1, ""pres"": 966.8265, ""meas_profile"": ""HP-4"", ""meas_id"": 4, ""hum"": 34.69167, ""gas_res"": 108820.4}, {""temp"": 20.6826, ""step"": 1, ""status"": 1, ""pres"": 966.4385, ""meas_profile"": ""HP-3"", ""meas_id"": 3, ""hum"": 35.19396, ""gas_res"": 37317.79}, {""temp"": 20.57247, ""step"": 1, ""status"": 1, ""pres"": 966.5629, ""meas_profile"": ""HP-2"", ""meas_id"": 2, ""hum"": 35.45943, ""gas_res"": 100000.0}, {""temp"": 20.34473, ""step"": 1, ""status"": 1, ""pres"": 966.7554, ""meas_profile"": ""HP-1"", ""meas_id"": 1, ""hum"": 33.86495, ""gas_res"": 39457.46}]}",NULL,"2025-10-27 10:58:54.684578"
12199,"04a600b9b0b8","2025-10-27 10:58:15","LhXq72001pFEphkC0Zom","{""bme688"": [{""temp"": 20.8742, ""step"": 0, ""status"": 1, ""pres"": 966.6989, ""meas_profile"": ""HP-8"", ""meas_id"": 8, ""hum"": 35.21989, ""gas_res"": 5684.846}, {""temp"": 20.8392, ""step"": 0, ""status"": 1, ""pres"": 966.7946, ""meas_profile"": ""HP-7"", ""meas_id"": 7, ""hum"": 35.10285, ""gas_res"": 5684.846}, {""temp"": 20.91157, ""step"": 0, ""status"": 1, ""pres"": 966.959, ""meas_profile"": ""HP-6"", ""meas_id"": 6, ""hum"": 34.96796, ""gas_res"": 7716.421}, {""temp"": 20.80412, ""step"": 0, ""status"": 1, ""pres"": 966.7067, ""meas_profile"": ""HP-5"", ""meas_id"": 5, ""hum"": 35.17398, ""gas_res"": 25000.0}, {""temp"": 20.51077, ""step"": 0, ""status"": 1, ""pres"": 966.8262, ""meas_profile"": ""HP-4"", ""meas_id"": 4, ""hum"": 34.69147, ""gas_res"": 25000.0}, {""temp"": 20.68012, ""step"": 0, ""status"": 1, ""pres"": 966.4395, ""meas_profile"": ""HP-3"", ""meas_id"": 3, ""hum"": 35.21676, ""gas_res"": 9208.633}, {""temp"": 20.56999, ""step"": 0, ""status"": 1, ""pres"": 966.564, ""meas_profile"": ""HP-2"", ""meas_id"": 2, ""hum"": 35.45919, ""gas_res"": 11319.42}, {""temp"": 20.34224, ""step"": 0, ""status"": 1, ""pres"": 966.7552, ""meas_profile"": ""HP-1"", ""meas_id"": 1, ""hum"": 33.87056, ""gas_res"": 9305.03}]}",NULL,"2025-10-27 10:58:55.340487"
12200,"04a600b9b0b8","2025-10-27 10:57:48","LhXq72001pFEphkC0Zom","{""zphs01b"": {""voc"": 0, ""temp"": 18.9, ""pm2_5"": 0, ""pm1_0"": 0, ""pm10"": 361, ""o3"": 0.02, ""no2"": 0.01, ""hum"": 0, ""fmhd"": 0, ""co2"": 5000, ""co"": 0.0}, ""smell_b"": {}, ""sfa30"": {""temp"": 21.06, ""hum"": 35.77, ""fmhd"": 0.8}, ""sen5x"": {""voc"": 101.0, ""temp"": 21.015, ""pm4_0"": 4489.6, ""pm2_5"": 4489.6, ""pm1_0"": 4281.1, ""pm10"": 4489.6, ""nox"": 1.0, ""mass_c"": 4437.475, ""hum"": 40.96}, ""scd41"": {""temp"": 20.59129, ""hum"": 38.22385, ""co2"": 584}, ""power_source"": 0, ""mics6814"": {""red_res"": 0, ""no2_res"": 0, ""no2"": 0.17, ""nh3_res"": 0, ""nh3"": 0.73, ""co_res"": 0, ""co"": 44.0}}",NULL,"2025-10-27 10:58:56.178769"
12201,"04a600b9b0b8","2025-10-27 10:57:48","LhXq72001pFEphkC0Zom","{""bme688"": [{""temp"": 20.87204, ""step"": 9, ""status"": 1, ""pres"": 966.7008, ""meas_profile"": ""HP-8"", ""meas_id"": 8, ""hum"": 35.23116, ""gas_res"": 5684.846}, {""temp"": 20.83672, ""step"": 9, ""status"": 1, ""pres"": 966.7919, ""meas_profile"": ""HP-7"", ""meas_id"": 7, ""hum"": 35.12531, ""gas_res"": 5684.846}, {""temp"": 20.90941, ""step"": 9, ""status"": 1, ""pres"": 966.959, ""meas_profile"": ""HP-6"", ""meas_id"": 6, ""hum"": 34.99076, ""gas_res"": 6871.376}, {""temp"": 20.80224, ""step"": 9, ""status"": 1, ""pres"": 966.7068, ""meas_profile"": ""HP-5"", ""meas_id"": 5, ""hum"": 35.17381, ""gas_res"": 25000.0}, {""temp"": 20.50828, ""step"": 9, ""status"": 1, ""pres"": 966.8272, ""meas_profile"": ""HP-4"", ""meas_id"": 4, ""hum"": 34.69124, ""gas_res"": 25000.0}, {""temp"": 20.67765, ""step"": 9, ""status"": 1, ""pres"": 966.4406, ""meas_profile"": ""HP-3"", ""meas_id"": 3, ""hum"": 35.19926, ""gas_res"": 9445.101}, {""temp"": 20.5675, ""step"": 9, ""status"": 1, ""pres"": 966.5633, ""meas_profile"": ""HP-2"", ""meas_id"": 2, ""hum"": 35.45897, ""gas_res"": 10716.68}, {""temp"": 20.33975, ""step"": 9, ""status"": 1, ""pres"": 966.7568, ""meas_profile"": ""HP-1"", ""meas_id"": 1, ""hum"": 33.87034, ""gas_res"": 8769.526}]}",NULL,"2025-10-27 10:58:56.612187"
12202,"04a600b9b0b8","2025-10-27 10:57:48","LhXq72001pFEphkC0Zom","{""bme688"": [{""temp"": 20.86957, ""step"": 8, ""status"": 1, ""pres"": 966.7004, ""meas_profile"": ""HP-8"", ""meas_id"": 8, ""hum"": 35.25387, ""gas_res"": 5684.846}, {""temp"": 20.83455, ""step"": 8, ""status"": 1, ""pres"": 966.7917, ""meas_profile"": ""HP-7"", ""meas_id"": 7, ""hum"": 35.12511, ""gas_res"": 5684.846}, {""temp"": 20.90756, ""step"": 8, ""status"": 1, ""pres"": 966.9596, ""meas_profile"": ""HP-6"", ""meas_id"": 6, ""hum"": 34.98484, ""gas_res"": 7181.329}, {""temp"": 20.80037, ""step"": 8, ""status"": 1, ""pres"": 966.7071, ""meas_profile"": ""HP-5"", ""meas_id"": 5, ""hum"": 35.19069, ""gas_res"": 25000.0}, {""temp"": 20.50611, ""step"": 8, ""status"": 1, ""pres"": 966.8285, ""meas_profile"": ""HP-4"", ""meas_id"": 4, ""hum"": 34.69104, ""gas_res"": 25000.0}, {""temp"": 20.67548, ""step"": 8, ""status"": 1, ""pres"": 966.4403, ""meas_profile"": ""HP-3"", ""meas_id"": 3, ""hum"": 35.20481, ""gas_res"": 8449.96}, {""temp"": 20.56502, ""step"": 8, ""status"": 1, ""pres"": 966.5641, ""meas_profile"": ""HP-2"", ""meas_id"": 2, ""hum"": 35.44734, ""gas_res"": 10547.13}, {""temp"": 20.33757, ""step"": 8, ""status"": 1, ""pres"": 966.7573, ""meas_profile"": ""HP-1"", ""meas_id"": 1, ""hum"": 33.88767, ""gas_res"": 8599.839}]}",NULL,"2025-10-27 10:58:57.313931"
12203,"04a600b9b0b8","2025-10-27 10:57:48","LhXq72001pFEphkC0Zom","{""bme688"": [{""temp"": 20.8674, ""step"": 7, ""status"": 1, ""pres"": 966.7007, ""meas_profile"": ""HP-8"", ""meas_id"": 8, ""hum"": 35.2422, ""gas_res"": 5684.846}, {""temp"": 20.83206, ""step"": 7, ""status"": 1, ""pres"": 966.791, ""meas_profile"": ""HP-7"", ""meas_id"": 7, ""hum"": 35.13621, ""gas_res"": 5684.846}, {""temp"": 20.90571, ""step"": 7, ""status"": 1, ""pres"": 966.96, ""meas_profile"": ""HP-6"", ""meas_id"": 6, ""hum"": 35.00192, ""gas_res"": 7205.584}, {""temp"": 20.79849, ""step"": 7, ""status"": 1, ""pres"": 966.7092, ""meas_profile"": ""HP-5"", ""meas_id"": 5, ""hum"": 35.18482, ""gas_res"": 25000.0}, {""temp"": 20.50362, ""step"": 7, ""status"": 1, ""pres"": 966.8278, ""meas_profile"": ""HP-4"", ""meas_id"": 4, ""hum"": 34.70807, ""gas_res"": 25000.0}, {""temp"": 20.67301, ""step"": 7, ""status"": 1, ""pres"": 966.4414, ""meas_profile"": ""HP-3"", ""meas_id"": 3, ""hum"": 35.22761, ""gas_res"": 7644.529}, {""temp"": 20.56285, ""step"": 7, ""status"": 1, ""pres"": 966.5657, ""meas_profile"": ""HP-2"", ""meas_id"": 2, ""hum"": 35.45284, ""gas_res"": 9756.098}, {""temp"": 20.33508, ""step"": 7, ""status"": 1, ""pres"": 966.7589, ""meas_profile"": ""HP-1"", ""meas_id"": 1, ""hum"": 33.8816, ""gas_res"": 7940.447}]}",NULL,"2025-10-27 10:58:57.324228"
12204,"04a600b9b0b8","2025-10-27 10:57:48","LhXq72001pFEphkC0Zom","{""bme688"": [{""temp"": 20.86555, ""step"": 6, ""status"": 1, ""pres"": 966.7012, ""meas_profile"": ""HP-8"", ""meas_id"": 8, ""hum"": 35.25923, ""gas_res"": 9529.481}, {""temp"": 20.8302, ""step"": 6, ""status"": 1, ""pres"": 966.7912, ""meas_profile"": ""HP-7"", ""meas_id"": 7, ""hum"": 35.14738, ""gas_res"": 15289.06}, {""temp"": 20.90385, ""step"": 6, ""status"": 1, ""pres"": 966.9604, ""meas_profile"": ""HP-6"", ""meas_id"": 6, ""hum"": 35.01324, ""gas_res"": 34178.91}, {""temp"": 20.79661, ""step"": 6, ""status"": 1, ""pres"": 966.7095, ""meas_profile"": ""HP-5"", ""meas_id"": 5, ""hum"": 35.19033, ""gas_res"": 150987.9}, {""temp"": 20.50145, ""step"": 6, ""status"": 1, ""pres"": 966.8292, ""meas_profile"": ""HP-4"", ""meas_id"": 4, ""hum"": 34.72513, ""gas_res"": 182466.1}, {""temp"": 20.67085, ""step"": 6, ""status"": 1, ""pres"": 966.4428, ""meas_profile"": ""HP-3"", ""meas_id"": 3, ""hum"": 35.2274, ""gas_res"": 100000.0}, {""temp"": 20.56036, ""step"": 6, ""status"": 1, ""pres"": 966.565, ""meas_profile"": ""HP-2"", ""meas_id"": 2, ""hum"": 35.44691, ""gas_res"": 139054.9}, {""temp"": 20.33228, ""step"": 6, ""status"": 1, ""pres"": 966.7598, ""meas_profile"": ""HP-1"", ""meas_id"": 1, ""hum"": 33.86967, ""gas_res"": 107517.9}]}",NULL,"2025-10-27 10:58:57.997336"
12205,"04a600b9b0b8","2025-10-27 10:57:48","LhXq72001pFEphkC0Zom","{""bme688"": [{""temp"": 20.8637, ""step"": 5, ""status"": 1, ""pres"": 966.7019, ""meas_profile"": ""HP-8"", ""meas_id"": 8, ""hum"": 35.24185, ""gas_res"": 9461.856}, {""temp"": 20.82803, ""step"": 5, ""status"": 1, ""pres"": 966.791, ""meas_profile"": ""HP-7"", ""meas_id"": 7, ""hum"": 35.14718, ""gas_res"": 15073.01}, {""temp"": 20.902, ""step"": 5, ""status"": 1, ""pres"": 966.9609, ""meas_profile"": ""HP-6"", ""meas_id"": 6, ""hum"": 35.00732, ""gas_res"": 33826.64}, {""temp"": 20.79473, ""step"": 5, ""status"": 1, ""pres"": 966.7098, ""meas_profile"": ""HP-5"", ""meas_id"": 5, ""hum"": 35.20721, ""gas_res"": 150588.2}, {""temp"": 20.49896, ""step"": 5, ""status"": 1, ""pres"": 966.8286, ""meas_profile"": ""HP-4"", ""meas_id"": 4, ""hum"": 34.7249, ""gas_res"": 183053.3}, {""temp"": 20.66837, ""step"": 5, ""status"": 1, ""pres"": 966.4423, ""meas_profile"": ""HP-3"", ""meas_id"": 3, ""hum"": 35.21566, ""gas_res"": 100000.0}, {""temp"": 20.55788, ""step"": 5, ""status"": 1, ""pres"": 966.5659, ""meas_profile"": ""HP-2"", ""meas_id"": 2, ""hum"": 35.46375, ""gas_res"": 134136.8}, {""temp"": 20.32979, ""step"": 5, ""status"": 1, ""pres"": 966.7614, ""meas_profile"": ""HP-1"", ""meas_id"": 1, ""hum"": 33.8928, ""gas_res"": 104043.9}]}",NULL,"2025-10-27 10:58:58.708401"
12206,"04a600b9b0b8","2025-10-27 10:57:48","LhXq72001pFEphkC0Zom","{""bme688"": [{""temp"": 20.86154, ""step"": 4, ""status"": 1, ""pres"": 966.7019, ""meas_profile"": ""HP-8"", ""meas_id"": 8, ""hum"": 35.25312, ""gas_res"": 9305.03}, {""temp"": 20.82616, ""step"": 4, ""status"": 1, ""pres"": 966.7913, ""meas_profile"": ""HP-7"", ""meas_id"": 7, ""hum"": 35.15268, ""gas_res"": 14904.52}, {""temp"": 20.90015, ""step"": 4, ""status"": 1, ""pres"": 966.9615, ""meas_profile"": ""HP-6"", ""meas_id"": 6, ""hum"": 35.00715, ""gas_res"": 33773.09}, {""temp"": 20.79286, ""step"": 4, ""status"": 1, ""pres"": 966.71, ""meas_profile"": ""HP-5"", ""meas_id"": 5, ""hum"": 35.19567, ""gas_res"": 152335.6}, {""temp"": 20.49617, ""step"": 4, ""status"": 1, ""pres"": 966.8289, ""meas_profile"": ""HP-4"", ""meas_id"": 4, ""hum"": 34.72464, ""gas_res"": 252777.1}, {""temp"": 20.6659, ""step"": 4, ""status"": 1, ""pres"": 966.4432, ""meas_profile"": ""HP-3"", ""meas_id"": 3, ""hum"": 35.22118, ""gas_res"": 100000.0}, {""temp"": 20.55539, ""step"": 4, ""status"": 1, ""pres"": 966.567, ""meas_profile"": ""HP-2"", ""meas_id"": 2, ""hum"": 35.4749, ""gas_res"": 132573.8}, {""temp"": 20.32699, ""step"": 4, ""status"": 1, ""pres"": 966.7608, ""meas_profile"": ""HP-1"", ""meas_id"": 1, ""hum"": 33.89255, ""gas_res"": 101145.8}]}",NULL,"2025-10-27 10:58:59.145985"
12207,"04a600b9b0b8","2025-10-27 10:57:48","LhXq72001pFEphkC0Zom","{""bme688"": [{""temp"": 20.85938, ""step"": 3, ""status"": 0, ""pres"": 966.7021, ""meas_profile"": ""HP-8"", ""meas_id"": 8, ""hum"": 35.28161, ""gas_res"": 6247.56}, {""temp"": 20.82399, ""step"": 3, ""status"": 0, ""pres"": 966.7911, ""meas_profile"": ""HP-7"", ""meas_id"": 7, ""hum"": 35.16381, ""gas_res"": 7823.961}, {""temp"": 20.89799, ""step"": 3, ""status"": 0, ""pres"": 966.9615, ""meas_profile"": ""HP-6"", ""meas_id"": 6, ""hum"": 35.02995, ""gas_res"": 18923.71}, {""temp"": 20.79067, ""step"": 3, ""status"": 0, ""pres"": 966.7098, ""meas_profile"": ""HP-5"", ""meas_id"": 5, ""hum"": 35.20683, ""gas_res"": 49230.77}, {""temp"": 20.49337, ""step"": 3, ""status"": 0, ""pres"": 966.8293, ""meas_profile"": ""HP-4"", ""meas_id"": 4, ""hum"": 34.72439, ""gas_res"": 58554.44}, {""temp"": 20.66343, ""step"": 3, ""status"": 0, ""pres"": 966.4426, ""meas_profile"": ""HP-3"", ""meas_id"": 3, ""hum"": 35.22095, ""gas_res"": 34963.13}, {""temp"": 20.55229, ""step"": 3, ""status"": 0, ""pres"": 966.567, ""meas_profile"": ""HP-2"", ""meas_id"": 2, ""hum"": 35.49738, ""gas_res"": 54168.43}, {""temp"": 20.32388, ""step"": 3, ""status"": 0, ""pres"": 966.7614, ""meas_profile"": ""HP-1"", ""meas_id"": 1, ""hum"": 33.90395, ""gas_res"": 35784.18}]}",NULL,"2025-10-27 10:58:59.89197"
12208,"04a600b9b0b8","2025-10-27 10:57:48","LhXq72001pFEphkC0Zom","{""bme688"": [{""temp"": 20.85752, ""step"": 2, ""status"": 1, ""pres"": 966.7028, ""meas_profile"": ""HP-8"", ""meas_id"": 8, ""hum"": 35.28143, ""gas_res"": 21304.93}, {""temp"": 20.82182, ""step"": 2, ""status"": 1, ""pres"": 966.7908, ""meas_profile"": ""HP-7"", ""meas_id"": 7, ""hum"": 35.17496, ""gas_res"": 30776.63}, {""temp"": 20.89583, ""step"": 2, ""status"": 1, ""pres"": 966.9613, ""meas_profile"": ""HP-6"", ""meas_id"": 6, ""hum"": 35.02975, ""gas_res"": 122929.2}, {""temp"": 20.78848, ""step"": 2, ""status"": 1, ""pres"": 966.7095, ""meas_profile"": ""HP-5"", ""meas_id"": 5, ""hum"": 35.21231, ""gas_res"": 423665.7}, {""temp"": 20.49089, ""step"": 2, ""status"": 1, ""pres"": 966.8303, ""meas_profile"": ""HP-4"", ""meas_id"": 4, ""hum"": 34.74141, ""gas_res"": 679045.1}, {""temp"": 20.66064, ""step"": 2, ""status"": 1, ""pres"": 966.4432, ""meas_profile"": ""HP-3"", ""meas_id"": 3, ""hum"": 35.2322, ""gas_res"": 307415.2}, {""temp"": 20.5498, ""step"": 2, ""status"": 1, ""pres"": 966.5679, ""meas_profile"": ""HP-2"", ""meas_id"": 2, ""hum"": 35.48007, ""gas_res"": 513540.6}, {""temp"": 20.32139, ""step"": 2, ""status"": 1, ""pres"": 966.7614, ""meas_profile"": ""HP-1"", ""meas_id"": 1, ""hum"": 33.89204, ""gas_res"": 380669.2}]}",NULL,"2025-10-27 10:59:00.442641"
12209,"04a600b9b0b8","2025-10-27 10:57:48","LhXq72001pFEphkC0Zom","{""bme688"": [{""temp"": 20.85567, ""step"": 1, ""status"": 1, ""pres"": 966.7033, ""meas_profile"": ""HP-8"", ""meas_id"": 8, ""hum"": 35.28126, ""gas_res"": 6351.727}, {""temp"": 20.81995, ""step"": 1, ""status"": 1, ""pres"": 966.7911, ""meas_profile"": ""HP-7"", ""meas_id"": 7, ""hum"": 35.15776, ""gas_res"": 8048.29}, {""temp"": 20.89398, ""step"": 1, ""status"": 1, ""pres"": 966.9618, ""meas_profile"": ""HP-6"", ""meas_id"": 6, ""hum"": 35.02383, ""gas_res"": 25000.0}, {""temp"": 20.78692, ""step"": 1, ""status"": 1, ""pres"": 966.7123, ""meas_profile"": ""HP-5"", ""meas_id"": 5, ""hum"": 35.21785, ""gas_res"": 42105.26}, {""temp"": 20.4884, ""step"": 1, ""status"": 1, ""pres"": 966.8293, ""meas_profile"": ""HP-4"", ""meas_id"": 4, ""hum"": 34.74118, ""gas_res"": 100000.0}, {""temp"": 20.65817, ""step"": 1, ""status"": 1, ""pres"": 966.4442, ""meas_profile"": ""HP-3"", ""meas_id"": 3, ""hum"": 35.23774, ""gas_res"": 28476.08}, {""temp"": 20.54701, ""step"": 1, ""status"": 1, ""pres"": 966.5684, ""meas_profile"": ""HP-2"", ""meas_id"": 2, ""hum"": 35.49689, ""gas_res"": 39640.75}, {""temp"": 20.3189, ""step"": 1, ""status"": 1, ""pres"": 966.7628, ""meas_profile"": ""HP-1"", ""meas_id"": 1, ""hum"": 33.91518, ""gas_res"": 29237.09}]}",NULL,"2025-10-27 10:59:01.309234"
12210,"04a600b9b0b8","2025-10-27 10:57:48","LhXq72001pFEphkC0Zom","{""bme688"": [{""temp"": 20.85351, ""step"": 0, ""status"": 1, ""pres"": 966.7035, ""meas_profile"": ""HP-8"", ""meas_id"": 8, ""hum"": 35.29253, ""gas_res"": 5684.846}, {""temp"": 20.81778, ""step"": 0, ""status"": 1, ""pres"": 966.791, ""meas_profile"": ""HP-7"", ""meas_id"": 7, ""hum"": 35.16891, ""gas_res"": 5684.846}, {""temp"": 20.89212, ""step"": 0, ""status"": 1, ""pres"": 966.9606, ""meas_profile"": ""HP-6"", ""meas_id"": 6, ""hum"": 35.03516, ""gas_res"": 7778.318}, {""temp"": 20.78504, ""step"": 0, ""status"": 1, ""pres"": 966.7123, ""meas_profile"": ""HP-5"", ""meas_id"": 5, ""hum"": 35.20062, ""gas_res"": 25000.0}, {""temp"": 20.48623, ""step"": 0, ""status"": 1, ""pres"": 966.8309, ""meas_profile"": ""HP-4"", ""meas_id"": 4, ""hum"": 34.74674, ""gas_res"": 25000.0}, {""temp"": 20.65569, ""step"": 0, ""status"": 1, ""pres"": 966.4434, ""meas_profile"": ""HP-3"", ""meas_id"": 3, ""hum"": 35.24902, ""gas_res"": 7364.787}, {""temp"": 20.54452, ""step"": 0, ""status"": 1, ""pres"": 966.5676, ""meas_profile"": ""HP-2"", ""meas_id"": 2, ""hum"": 35.48527, ""gas_res"": 9264.621}, {""temp"": 20.3161, ""step"": 0, ""status"": 1, ""pres"": 966.7639, ""meas_profile"": ""HP-1"", ""meas_id"": 1, ""hum"": 33.90325, ""gas_res"": 7579.346}]}",NULL,"2025-10-27 10:59:01.900433"
12211,"04a600b9b0b8","2025-10-27 10:59:38","LhXq72001pFEphkC0Zom","{""zphs01b"": {""voc"": 0, ""temp"": 19.0, ""pm2_5"": 0, ""pm1_0"": 0, ""pm10"": 347, ""o3"": 0.02, ""no2"": 8.84, ""hum"": 0, ""fmhd"": 0, ""co2"": 5000, ""co"": 0.0}, ""smell_b"": {}, ""sfa30"": {""temp"": 21.11, ""hum"": 35.75, ""fmhd"": 1.0}, ""sen5x"": {""voc"": 98.0, ""temp"": 20.975, ""pm4_0"": 4501.6, ""pm2_5"": 4501.6, ""pm1_0"": 4292.6, ""pm10"": 4501.6, ""nox"": 1.0, ""mass_c"": 4449.35, ""hum"": 41.3}, ""scd41"": {""temp"": 20.81026, ""hum"": 38.03159, ""co2"": 583}, ""power_source"": 0, ""mics6814"": {""red_res"": 0, ""no2_res"": 0, ""no2"": 0.17, ""nh3_res"": 0, ""nh3"": 0.73, ""co_res"": 0, ""co"": 44.0}}",NULL,"2025-10-27 11:00:03.946783"
12212,"04a600b9b0b8","2025-10-27 10:59:38","LhXq72001pFEphkC0Zom","{""bme688"": [{""temp"": 20.93906, ""step"": 9, ""status"": 1, ""pres"": 966.6811, ""meas_profile"": ""HP-8"", ""meas_id"": 8, ""hum"": 35.12846, ""gas_res"": 5684.846}, {""temp"": 20.90503, ""step"": 9, ""status"": 1, ""pres"": 966.7922, ""meas_profile"": ""HP-7"", ""meas_id"": 7, ""hum"": 35.00129, ""gas_res"": 5684.846}, {""temp"": 20.97239, ""step"": 9, ""status"": 1, ""pres"": 966.9465, ""meas_profile"": ""HP-6"", ""meas_id"": 6, ""hum"": 34.8989, ""gas_res"": 7557.865}, {""temp"": 20.86384, ""step"": 9, ""status"": 1, ""pres"": 966.6817, ""meas_profile"": ""HP-5"", ""meas_id"": 5, ""hum"": 35.07729, ""gas_res"": 25000.0}, {""temp"": 20.58469, ""step"": 9, ""status"": 1, ""pres"": 966.811, ""meas_profile"": ""HP-4"", ""meas_id"": 4, ""hum"": 34.61777, ""gas_res"": 25000.0}, {""temp"": 20.7531, ""step"": 9, ""status"": 1, ""pres"": 966.4187, ""meas_profile"": ""HP-3"", ""meas_id"": 3, ""hum"": 35.11998, ""gas_res"": 18790.37}, {""temp"": 20.64482, ""step"": 9, ""status"": 1, ""pres"": 966.5399, ""meas_profile"": ""HP-2"", ""meas_id"": 2, ""hum"": 35.40361, ""gas_res"": 21368.95}, {""temp"": 20.41662, ""step"": 9, ""status"": 1, ""pres"": 966.7233, ""meas_profile"": ""HP-1"", ""meas_id"": 1, ""hum"": 33.81305, ""gas_res"": 11142.06}]}",NULL,"2025-10-27 11:00:05.047439"
12213,"04a600b9b0b8","2025-10-27 10:59:38","LhXq72001pFEphkC0Zom","{""bme688"": [{""temp"": 20.93659, ""step"": 8, ""status"": 1, ""pres"": 966.6807, ""meas_profile"": ""HP-8"", ""meas_id"": 8, ""hum"": 35.1225, ""gas_res"": 5684.846}, {""temp"": 20.90255, ""step"": 8, ""status"": 1, ""pres"": 966.7916, ""meas_profile"": ""HP-7"", ""meas_id"": 7, ""hum"": 35.01807, ""gas_res"": 5684.846}, {""temp"": 20.97023, ""step"": 8, ""status"": 1, ""pres"": 966.9465, ""meas_profile"": ""HP-6"", ""meas_id"": 6, ""hum"": 34.8987, ""gas_res"": 7922.753}, {""temp"": 20.86165, ""step"": 8, ""status"": 1, ""pres"": 966.6814, ""meas_profile"": ""HP-5"", ""meas_id"": 5, ""hum"": 35.06572, ""gas_res"": 25000.0}, {""temp"": 20.58252, ""step"": 8, ""status"": 1, ""pres"": 966.8127, ""meas_profile"": ""HP-4"", ""meas_id"": 4, ""hum"": 34.62333, ""gas_res"": 25000.0}, {""temp"": 20.75094, ""step"": 8, ""status"": 1, ""pres"": 966.4186, ""meas_profile"": ""HP-3"", ""meas_id"": 3, ""hum"": 35.11978, ""gas_res"": 10695.19}, {""temp"": 20.64234, ""step"": 8, ""status"": 1, ""pres"": 966.541, ""meas_profile"": ""HP-2"", ""meas_id"": 2, ""hum"": 35.37493, ""gas_res"": 21178.03}, {""temp"": 20.41413, ""step"": 8, ""status"": 1, ""pres"": 966.7249, ""meas_profile"": ""HP-1"", ""meas_id"": 1, ""hum"": 33.81866, ""gas_res"": 11061.18}]}",NULL,"2025-10-27 11:00:06.319442"
12214,"04a600b9b0b8","2025-10-27 10:59:38","LhXq72001pFEphkC0Zom","{""bme688"": [{""temp"": 20.93412, ""step"": 7, ""status"": 1, ""pres"": 966.6821, ""meas_profile"": ""HP-8"", ""meas_id"": 8, ""hum"": 35.128, ""gas_res"": 5684.846}, {""temp"": 20.90007, ""step"": 7, ""status"": 1, ""pres"": 966.7907, ""meas_profile"": ""HP-7"", ""meas_id"": 7, ""hum"": 35.02917, ""gas_res"": 5684.846}, {""temp"": 20.96806, ""step"": 7, ""status"": 1, ""pres"": 966.9465, ""meas_profile"": ""HP-6"", ""meas_id"": 6, ""hum"": 34.90424, ""gas_res"": 8006.004}, {""temp"": 20.85978, ""step"": 7, ""status"": 1, ""pres"": 966.6834, ""meas_profile"": ""HP-5"", ""meas_id"": 5, ""hum"": 35.10532, ""gas_res"": 25000.0}, {""temp"": 20.58003, ""step"": 7, ""status"": 1, ""pres"": 966.812, ""meas_profile"": ""HP-4"", ""meas_id"": 4, ""hum"": 34.61735, ""gas_res"": 25000.0}, {""temp"": 20.74846, ""step"": 7, ""status"": 1, ""pres"": 966.4196, ""meas_profile"": ""HP-3"", ""meas_id"": 3, ""hum"": 35.12531, ""gas_res"": 9965.743}, {""temp"": 20.63985, ""step"": 7, ""status"": 1, ""pres"": 966.5419, ""meas_profile"": ""HP-2"", ""meas_id"": 2, ""hum"": 35.37469, ""gas_res"": 19637.93}, {""temp"": 20.41164, ""step"": 7, ""status"": 1, ""pres"": 966.7265, ""meas_profile"": ""HP-1"", ""meas_id"": 1, ""hum"": 33.82428, ""gas_res"": 10223.64}]}",NULL,"2025-10-27 11:00:07.794662"
12215,"04a600b9b0b8","2025-10-27 10:59:38","LhXq72001pFEphkC0Zom","{""bme688"": [{""temp"": 20.93196, ""step"": 6, ""status"": 1, ""pres"": 966.6824, ""meas_profile"": ""HP-8"", ""meas_id"": 8, ""hum"": 35.145, ""gas_res"": 9800.919}, {""temp"": 20.89758, ""step"": 6, ""status"": 1, ""pres"": 966.79, ""meas_profile"": ""HP-7"", ""meas_id"": 7, ""hum"": 35.01193, ""gas_res"": 15670.91}, {""temp"": 20.96621, ""step"": 6, ""status"": 1, ""pres"": 966.9487, ""meas_profile"": ""HP-6"", ""meas_id"": 6, ""hum"": 34.90408, ""gas_res"": 36707.77}, {""temp"": 20.85759, ""step"": 6, ""status"": 1, ""pres"": 966.6832, ""meas_profile"": ""HP-5"", ""meas_id"": 5, ""hum"": 35.09943, ""gas_res"": 170099.7}, {""temp"": 20.57755, ""step"": 6, ""status"": 1, ""pres"": 966.813, ""meas_profile"": ""HP-4"", ""meas_id"": 4, ""hum"": 34.62287, ""gas_res"": 310491.2}, {""temp"": 20.74599, ""step"": 6, ""status"": 1, ""pres"": 966.4205, ""meas_profile"": ""HP-3"", ""meas_id"": 3, ""hum"": 35.12507, ""gas_res"": 105916.4}, {""temp"": 20.63737, ""step"": 6, ""status"": 1, ""pres"": 966.543, ""meas_profile"": ""HP-2"", ""meas_id"": 2, ""hum"": 35.39154, ""gas_res"": 171985.2}, {""temp"": 20.40915, ""step"": 6, ""status"": 1, ""pres"": 966.7264, ""meas_profile"": ""HP-1"", ""meas_id"": 1, ""hum"": 33.81237, ""gas_res"": 137045.0}]}",NULL,"2025-10-27 11:00:09.520922"
12216,"04a600b9b0b8","2025-10-27 10:59:38","LhXq72001pFEphkC0Zom","{""bme688"": [{""temp"": 20.92979, ""step"": 5, ""status"": 1, ""pres"": 966.6823, ""meas_profile"": ""HP-8"", ""meas_id"": 8, ""hum"": 35.14479, ""gas_res"": 9658.919}, {""temp"": 20.89541, ""step"": 5, ""status"": 1, ""pres"": 966.7915, ""meas_profile"": ""HP-7"", ""meas_id"": 7, ""hum"": 35.04007, ""gas_res"": 15477.63}, {""temp"": 20.96405, ""step"": 5, ""status"": 1, ""pres"": 966.9486, ""meas_profile"": ""HP-6"", ""meas_id"": 6, ""hum"": 34.91537, ""gas_res"": 36581.88}, {""temp"": 20.85571, ""step"": 5, ""status"": 1, ""pres"": 966.6835, ""meas_profile"": ""HP-5"", ""meas_id"": 5, ""hum"": 35.09925, ""gas_res"": 170099.7}, {""temp"": 20.57475, ""step"": 5, ""status"": 1, ""pres"": 966.8134, ""meas_profile"": ""HP-4"", ""meas_id"": 4, ""hum"": 34.61686, ""gas_res"": 322519.7}, {""temp"": 20.74321, ""step"": 5, ""status"": 1, ""pres"": 966.4211, ""meas_profile"": ""HP-3"", ""meas_id"": 3, ""hum"": 35.13057, ""gas_res"": 106777.9}, {""temp"": 20.63488, ""step"": 5, ""status"": 1, ""pres"": 966.544, ""meas_profile"": ""HP-2"", ""meas_id"": 2, ""hum"": 35.37423, ""gas_res"": 171466.8}, {""temp"": 20.40697, ""step"": 5, ""status"": 1, ""pres"": 966.7283, ""meas_profile"": ""HP-1"", ""meas_id"": 1, ""hum"": 33.81218, ""gas_res"": 135413.9}]}",NULL,"2025-10-27 11:00:13.455884"
12217,"04a600b9b0b8","2025-10-27 10:59:38","LhXq72001pFEphkC0Zom","{""bme688"": [{""temp"": 20.92732, ""step"": 4, ""status"": 1, ""pres"": 966.6838, ""meas_profile"": ""HP-8"", ""meas_id"": 8, ""hum"": 35.14457, ""gas_res"": 9478.673}, {""temp"": 20.89323, ""step"": 4, ""status"": 1, ""pres"": 966.7912, ""meas_profile"": ""HP-7"", ""meas_id"": 7, ""hum"": 35.03986, ""gas_res"": 15180.27}, {""temp"": 20.96189, ""step"": 4, ""status"": 1, ""pres"": 966.9487, ""meas_profile"": ""HP-6"", ""meas_id"": 6, ""hum"": 34.90942, ""gas_res"": 36707.77}, {""temp"": 20.85353, ""step"": 4, ""status"": 1, ""pres"": 966.6848, ""meas_profile"": ""HP-5"", ""meas_id"": 5, ""hum"": 35.10472, ""gas_res"": 173559.3}, {""temp"": 20.57227, ""step"": 4, ""status"": 1, ""pres"": 966.8141, ""meas_profile"": ""HP-4"", ""meas_id"": 4, ""hum"": 34.64539, ""gas_res"": 342589.5}, {""temp"": 20.74042, ""step"": 4, ""status"": 1, ""pres"": 966.4216, ""meas_profile"": ""HP-3"", ""meas_id"": 3, ""hum"": 35.1303, ""gas_res"": 109098.7}, {""temp"": 20.6324, ""step"": 4, ""status"": 1, ""pres"": 966.5447, ""meas_profile"": ""HP-2"", ""meas_id"": 2, ""hum"": 35.39676, ""gas_res"": 172506.7}, {""temp"": 20.40448, ""step"": 4, ""status"": 1, ""pres"": 966.7282, ""meas_profile"": ""HP-1"", ""meas_id"": 1, ""hum"": 33.83531, ""gas_res"": 137375.9}]}",NULL,"2025-10-27 11:00:14.145506"
12218,"04a600b9b0b8","2025-10-27 10:59:38","LhXq72001pFEphkC0Zom","{""bme688"": [{""temp"": 20.92516, ""step"": 3, ""status"": 0, ""pres"": 966.6839, ""meas_profile"": ""HP-8"", ""meas_id"": 8, ""hum"": 35.1673, ""gas_res"": 5895.357}, {""temp"": 20.89075, ""step"": 3, ""status"": 0, ""pres"": 966.7904, ""meas_profile"": ""HP-7"", ""meas_id"": 7, ""hum"": 35.03964, ""gas_res"": 7600.95}, {""temp"": 20.95942, ""step"": 3, ""status"": 0, ""pres"": 966.9482, ""meas_profile"": ""HP-6"", ""meas_id"": 6, ""hum"": 34.94368, ""gas_res"": 19076.01}, {""temp"": 20.85134, ""step"": 3, ""status"": 0, ""pres"": 966.6863, ""meas_profile"": ""HP-5"", ""meas_id"": 5, ""hum"": 35.13293, ""gas_res"": 50723.2}, {""temp"": 20.56947, ""step"": 3, ""status"": 0, ""pres"": 966.8145, ""meas_profile"": ""HP-4"", ""meas_id"": 4, ""hum"": 34.65663, ""gas_res"": 69640.91}, {""temp"": 20.73764, ""step"": 3, ""status"": 0, ""pres"": 966.4221, ""meas_profile"": ""HP-3"", ""meas_id"": 3, ""hum"": 35.15306, ""gas_res"": 40777.32}, {""temp"": 20.6296, ""step"": 3, ""status"": 0, ""pres"": 966.5454, ""meas_profile"": ""HP-2"", ""meas_id"": 2, ""hum"": 35.41357, ""gas_res"": 61731.37}, {""temp"": 20.40168, ""step"": 3, ""status"": 0, ""pres"": 966.7293, ""meas_profile"": ""HP-1"", ""meas_id"": 1, ""hum"": 33.84674, ""gas_res"": 42188.53}]}",NULL,"2025-10-27 11:00:14.8362"
12219,"04a600b9b0b8","2025-10-27 10:59:38","LhXq72001pFEphkC0Zom","{""bme688"": [{""temp"": 20.923, ""step"": 2, ""status"": 1, ""pres"": 966.6841, ""meas_profile"": ""HP-8"", ""meas_id"": 8, ""hum"": 35.16137, ""gas_res"": 16182.05}, {""temp"": 20.88858, ""step"": 2, ""status"": 1, ""pres"": 966.7901, ""meas_profile"": ""HP-7"", ""meas_id"": 7, ""hum"": 35.06778, ""gas_res"": 22980.25}, {""temp"": 20.95695, ""step"": 2, ""status"": 1, ""pres"": 966.9476, ""meas_profile"": ""HP-6"", ""meas_id"": 6, ""hum"": 34.9492, ""gas_res"": 85475.8}, {""temp"": 20.84883, ""step"": 2, ""status"": 1, ""pres"": 966.6856, ""meas_profile"": ""HP-5"", ""meas_id"": 5, ""hum"": 35.12702, ""gas_res"": 295953.8}, {""temp"": 20.56668, ""step"": 2, ""status"": 1, ""pres"": 966.815, ""meas_profile"": ""HP-4"", ""meas_id"": 4, ""hum"": 34.65637, ""gas_res"": 586819.5}, {""temp"": 20.73516, ""step"": 2, ""status"": 1, ""pres"": 966.4215, ""meas_profile"": ""HP-3"", ""meas_id"": 3, ""hum"": 35.16434, ""gas_res"": 266597.3}, {""temp"": 20.62681, ""step"": 2, ""status"": 1, ""pres"": 966.5458, ""meas_profile"": ""HP-2"", ""meas_id"": 2, ""hum"": 35.42469, ""gas_res"": 446966.4}, {""temp"": 20.39888, ""step"": 2, ""status"": 1, ""pres"": 966.7305, ""meas_profile"": ""HP-1"", ""meas_id"": 1, ""hum"": 33.85232, ""gas_res"": 355802.7}]}",NULL,"2025-10-27 11:00:15.502568"
12220,"04a600b9b0b8","2025-10-27 10:59:38","LhXq72001pFEphkC0Zom","{""bme688"": [{""temp"": 20.92084, ""step"": 1, ""status"": 1, ""pres"": 966.6859, ""meas_profile"": ""HP-8"", ""meas_id"": 8, ""hum"": 35.17836, ""gas_res"": 6587.073}, {""temp"": 20.8864, ""step"": 1, ""status"": 1, ""pres"": 966.7917, ""meas_profile"": ""HP-7"", ""meas_id"": 7, ""hum"": 35.0619, ""gas_res"": 8190.427}, {""temp"": 20.95479, ""step"": 1, ""status"": 1, ""pres"": 966.9476, ""meas_profile"": ""HP-6"", ""meas_id"": 6, ""hum"": 34.94324, ""gas_res"": 25000.0}, {""temp"": 20.84696, ""step"": 1, ""status"": 1, ""pres"": 966.6859, ""meas_profile"": ""HP-5"", ""meas_id"": 5, ""hum"": 35.14957, ""gas_res"": 100000.0}, {""temp"": 20.56419, ""step"": 1, ""status"": 1, ""pres"": 966.8159, ""meas_profile"": ""HP-4"", ""meas_id"": 4, ""hum"": 34.66764, ""gas_res"": 117431.2}, {""temp"": 20.73269, ""step"": 1, ""status"": 1, ""pres"": 966.4224, ""meas_profile"": ""HP-3"", ""meas_id"": 3, ""hum"": 35.17562, ""gas_res"": 40238.92}, {""temp"": 20.62433, ""step"": 1, ""status"": 1, ""pres"": 966.5469, ""meas_profile"": ""HP-2"", ""meas_id"": 2, ""hum"": 35.40738, ""gas_res"": 100000.0}, {""temp"": 20.39639, ""step"": 1, ""status"": 1, ""pres"": 966.7321, ""meas_profile"": ""HP-1"", ""meas_id"": 1, ""hum"": 33.84042, ""gas_res"": 42314.05}]}",NULL,"2025-10-27 11:00:16.183391"
12221,"04a600b9b0b8","2025-10-27 10:59:38","LhXq72001pFEphkC0Zom","{""bme688"": [{""temp"": 20.91837, ""step"": 0, ""status"": 1, ""pres"": 966.6874, ""meas_profile"": ""HP-8"", ""meas_id"": 8, ""hum"": 35.16666, ""gas_res"": 5684.846}, {""temp"": 20.88392, ""step"": 0, ""status"": 1, ""pres"": 966.791, ""meas_profile"": ""HP-7"", ""meas_id"": 7, ""hum"": 35.06168, ""gas_res"": 5684.846}, {""temp"": 20.95294, ""step"": 0, ""status"": 1, ""pres"": 966.9498, ""meas_profile"": ""HP-6"", ""meas_id"": 6, ""hum"": 34.94882, ""gas_res"": 8152.866}, {""temp"": 20.84477, ""step"": 0, ""status"": 1, ""pres"": 966.6873, ""meas_profile"": ""HP-5"", ""meas_id"": 5, ""hum"": 35.138, ""gas_res"": 25000.0}, {""temp"": 20.56202, ""step"": 0, ""status"": 1, ""pres"": 966.8172, ""meas_profile"": ""HP-4"", ""meas_id"": 4, ""hum"": 34.66169, ""gas_res"": 25000.0}, {""temp"": 20.73022, ""step"": 0, ""status"": 1, ""pres"": 966.4235, ""meas_profile"": ""HP-3"", ""meas_id"": 3, ""hum"": 35.16388, ""gas_res"": 10272.87}, {""temp"": 20.62184, ""step"": 0, ""status"": 1, ""pres"": 966.5479, ""meas_profile"": ""HP-2"", ""meas_id"": 2, ""hum"": 35.41853, ""gas_res"": 19912.88}, {""temp"": 20.3939, ""step"": 0, ""status"": 1, ""pres"": 966.7318, ""meas_profile"": ""HP-1"", ""meas_id"": 1, ""hum"": 33.86939, ""gas_res"": 10495.24}]}",NULL,"2025-10-27 11:00:16.873155"
12222,"04a600b9b0b8","2025-10-27 10:59:11","LhXq72001pFEphkC0Zom","{""zphs01b"": {""voc"": 0, ""temp"": 19.0, ""pm2_5"": 0, ""pm1_0"": 0, ""pm10"": 350, ""o3"": 0.02, ""no2"": 10.0, ""hum"": 0, ""fmhd"": 0, ""co2"": 5000, ""co"": 0.0}, ""smell_b"": {}, ""sfa30"": {""temp"": 21.095, ""hum"": 35.74, ""fmhd"": 0.8}, ""sen5x"": {""voc"": 92.0, ""temp"": 20.985, ""pm4_0"": 4474.9, ""pm2_5"": 4474.9, ""pm1_0"": 4267.1, ""pm10"": 4474.9, ""nox"": 1.0, ""mass_c"": 4422.95, ""hum"": 41.2}, ""scd41"": {""temp"": 20.74616, ""hum"": 38.06973, ""co2"": 585}, ""power_source"": 0, ""mics6814"": {""red_res"": 0, ""no2_res"": 0, ""no2"": 0.17, ""nh3_res"": 0, ""nh3"": 0.73, ""co_res"": 0, ""co"": 44.0}}",NULL,"2025-10-27 11:00:17.479045"
12223,"04a600b9b0b8","2025-10-27 10:59:11","LhXq72001pFEphkC0Zom","{""bme688"": [{""temp"": 20.9159, ""step"": 9, ""status"": 1, ""pres"": 966.687, ""meas_profile"": ""HP-8"", ""meas_id"": 8, ""hum"": 35.15496, ""gas_res"": 5684.846}, {""temp"": 20.88144, ""step"": 9, ""status"": 1, ""pres"": 966.7902, ""meas_profile"": ""HP-7"", ""meas_id"": 7, ""hum"": 35.05011, ""gas_res"": 5684.846}, {""temp"": 20.95078, ""step"": 9, ""status"": 1, ""pres"": 966.9497, ""meas_profile"": ""HP-6"", ""meas_id"": 6, ""hum"": 34.93137, ""gas_res"": 7205.584}, {""temp"": 20.84258, ""step"": 9, ""status"": 1, ""pres"": 966.6871, ""meas_profile"": ""HP-5"", ""meas_id"": 5, ""hum"": 35.11507, ""gas_res"": 25000.0}, {""temp"": 20.55953, ""step"": 9, ""status"": 1, ""pres"": 966.8165, ""meas_profile"": ""HP-4"", ""meas_id"": 4, ""hum"": 34.66722, ""gas_res"": 25000.0}, {""temp"": 20.72774, ""step"": 9, ""status"": 1, ""pres"": 966.4246, ""meas_profile"": ""HP-3"", ""meas_id"": 3, ""hum"": 35.15214, ""gas_res"": 10781.67}, {""temp"": 20.61905, ""step"": 9, ""status"": 1, ""pres"": 966.5483, ""meas_profile"": ""HP-2"", ""meas_id"": 2, ""hum"": 35.42965, ""gas_res"": 19213.45}, {""temp"": 20.39141, ""step"": 9, ""status"": 1, ""pres"": 966.7333, ""meas_profile"": ""HP-1"", ""meas_id"": 1, ""hum"": 33.84581, ""gas_res"": 10012.52}]}",NULL,"2025-10-27 11:00:18.43016"
12224,"04a600b9b0b8","2025-10-27 10:59:11","LhXq72001pFEphkC0Zom","{""bme688"": [{""temp"": 20.91343, ""step"": 8, ""status"": 1, ""pres"": 966.6865, ""meas_profile"": ""HP-8"", ""meas_id"": 8, ""hum"": 35.1662, ""gas_res"": 5684.846}, {""temp"": 20.87895, ""step"": 8, ""status"": 1, ""pres"": 966.7894, ""meas_profile"": ""HP-7"", ""meas_id"": 7, ""hum"": 35.0442, ""gas_res"": 5684.846}, {""temp"": 20.94862, ""step"": 8, ""status"": 1, ""pres"": 966.9496, ""meas_profile"": ""HP-6"", ""meas_id"": 6, ""hum"": 34.91393, ""gas_res"": 7504.69}, {""temp"": 20.8407, ""step"": 8, ""status"": 1, ""pres"": 966.6891, ""meas_profile"": ""HP-5"", ""meas_id"": 5, ""hum"": 35.13763, ""gas_res"": 25000.0}, {""temp"": 20.55705, ""step"": 8, ""status"": 1, ""pres"": 966.8174, ""meas_profile"": ""HP-4"", ""meas_id"": 4, ""hum"": 34.66698, ""gas_res"": 25000.0}, {""temp"": 20.72527, ""step"": 8, ""status"": 1, ""pres"": 966.4255, ""meas_profile"": ""HP-3"", ""meas_id"": 3, ""hum"": 35.16342, ""gas_res"": 9589.451}, {""temp"": 20.61656, ""step"": 8, ""status"": 1, ""pres"": 966.5476, ""meas_profile"": ""HP-2"", ""meas_id"": 2, ""hum"": 35.42942, ""gas_res"": 18626.31}, {""temp"": 20.38892, ""step"": 8, ""status"": 1, ""pres"": 966.735, ""meas_profile"": ""HP-1"", ""meas_id"": 1, ""hum"": 33.84558, ""gas_res"": 9855.251}]}",NULL,"2025-10-27 11:00:19.135617"
12225,"04a600b9b0b8","2025-10-27 10:59:11","LhXq72001pFEphkC0Zom","{""bme688"": [{""temp"": 20.91095, ""step"": 7, ""status"": 1, ""pres"": 966.688, ""meas_profile"": ""HP-8"", ""meas_id"": 8, ""hum"": 35.16024, ""gas_res"": 5684.846}, {""temp"": 20.87647, ""step"": 7, ""status"": 1, ""pres"": 966.7888, ""meas_profile"": ""HP-7"", ""meas_id"": 7, ""hum"": 35.06098, ""gas_res"": 5684.846}, {""temp"": 20.94646, ""step"": 7, ""status"": 1, ""pres"": 966.9497, ""meas_profile"": ""HP-6"", ""meas_id"": 6, ""hum"": 34.91948, ""gas_res"": 7547.17}, {""temp"": 20.83883, ""step"": 7, ""status"": 1, ""pres"": 966.6895, ""meas_profile"": ""HP-5"", ""meas_id"": 5, ""hum"": 35.13177, ""gas_res"": 25000.0}, {""temp"": 20.55456, ""step"": 7, ""status"": 1, ""pres"": 966.8183, ""meas_profile"": ""HP-4"", ""meas_id"": 4, ""hum"": 34.661, ""gas_res"": 25000.0}, {""temp"": 20.7231, ""step"": 7, ""status"": 1, ""pres"": 966.4253, ""meas_profile"": ""HP-3"", ""meas_id"": 3, ""hum"": 35.17473, ""gas_res"": 8585.994}, {""temp"": 20.61408, ""step"": 7, ""status"": 1, ""pres"": 966.5485, ""meas_profile"": ""HP-2"", ""meas_id"": 2, ""hum"": 35.42349, ""gas_res"": 11015.49}, {""temp"": 20.38643, ""step"": 7, ""status"": 1, ""pres"": 966.7366, ""meas_profile"": ""HP-1"", ""meas_id"": 1, ""hum"": 33.8512, ""gas_res"": 8998.875}]}",NULL,"2025-10-27 11:00:19.857779"
12226,"04a600b9b0b8","2025-10-27 10:59:11","LhXq72001pFEphkC0Zom","{""bme688"": [{""temp"": 20.90879, ""step"": 6, ""status"": 1, ""pres"": 966.6881, ""meas_profile"": ""HP-8"", ""meas_id"": 8, ""hum"": 35.17724, ""gas_res"": 9606.725}, {""temp"": 20.87429, ""step"": 6, ""status"": 1, ""pres"": 966.7901, ""meas_profile"": ""HP-7"", ""meas_id"": 7, ""hum"": 35.06644, ""gas_res"": 15355.09}, {""temp"": 20.9446, ""step"": 6, ""status"": 1, ""pres"": 966.952, ""meas_profile"": ""HP-6"", ""meas_id"": 6, ""hum"": 34.92505, ""gas_res"": 34482.76}, {""temp"": 20.83664, ""step"": 6, ""status"": 1, ""pres"": 966.6909, ""meas_profile"": ""HP-5"", ""meas_id"": 5, ""hum"": 35.13724, ""gas_res"": 155812.5}, {""temp"": 20.55177, ""step"": 6, ""status"": 1, ""pres"": 966.8187, ""meas_profile"": ""HP-4"", ""meas_id"": 4, ""hum"": 34.6665, ""gas_res"": 258716.5}, {""temp"": 20.72063, ""step"": 6, ""status"": 1, ""pres"": 966.4263, ""meas_profile"": ""HP-3"", ""meas_id"": 3, ""hum"": 35.15723, ""gas_res"": 100000.0}, {""temp"": 20.61129, ""step"": 6, ""status"": 1, ""pres"": 966.5491, ""meas_profile"": ""HP-2"", ""meas_id"": 2, ""hum"": 35.44031, ""gas_res"": 146578.9}, {""temp"": 20.38363, ""step"": 6, ""status"": 1, ""pres"": 966.7377, ""meas_profile"": ""HP-1"", ""meas_id"": 1, ""hum"": 33.85094, ""gas_res"": 115445.3}]}",NULL,"2025-10-27 11:00:20.543974"
12227,"04a600b9b0b8","2025-10-27 10:59:11","LhXq72001pFEphkC0Zom","{""bme688"": [{""temp"": 20.90663, ""step"": 5, ""status"": 1, ""pres"": 966.6901, ""meas_profile"": ""HP-8"", ""meas_id"": 8, ""hum"": 35.18851, ""gas_res"": 9512.485}, {""temp"": 20.87212, ""step"": 5, ""status"": 1, ""pres"": 966.7899, ""meas_profile"": ""HP-7"", ""meas_id"": 7, ""hum"": 35.07758, ""gas_res"": 15126.45}, {""temp"": 20.94244, ""step"": 5, ""status"": 1, ""pres"": 966.9518, ""meas_profile"": ""HP-6"", ""meas_id"": 6, ""hum"": 34.9306, ""gas_res"": 34399.36}, {""temp"": 20.83476, ""step"": 5, ""status"": 1, ""pres"": 966.6928, ""meas_profile"": ""HP-5"", ""meas_id"": 5, ""hum"": 35.12002, ""gas_res"": 155528.5}, {""temp"": 20.54928, ""step"": 5, ""status"": 1, ""pres"": 966.8196, ""meas_profile"": ""HP-4"", ""meas_id"": 4, ""hum"": 34.67777, ""gas_res"": 262496.8}, {""temp"": 20.71816, ""step"": 5, ""status"": 1, ""pres"": 966.4275, ""meas_profile"": ""HP-3"", ""meas_id"": 3, ""hum"": 35.157, ""gas_res"": 100000.0}, {""temp"": 20.6088, ""step"": 5, ""status"": 1, ""pres"": 966.5516, ""meas_profile"": ""HP-2"", ""meas_id"": 2, ""hum"": 35.43438, ""gas_res"": 143377.2}, {""temp"": 20.38083, ""step"": 5, ""status"": 1, ""pres"": 966.7389, ""meas_profile"": ""HP-1"", ""meas_id"": 1, ""hum"": 33.84485, ""gas_res"": 112700.9}]}",NULL,"2025-10-27 11:00:21.226882"
12228,"04a600b9b0b8","2025-10-27 10:59:11","LhXq72001pFEphkC0Zom","{""bme688"": [{""temp"": 20.90447, ""step"": 4, ""status"": 1, ""pres"": 966.6902, ""meas_profile"": ""HP-8"", ""meas_id"": 8, ""hum"": 35.17683, ""gas_res"": 9420.076}, {""temp"": 20.86995, ""step"": 4, ""status"": 1, ""pres"": 966.7914, ""meas_profile"": ""HP-7"", ""meas_id"": 7, ""hum"": 35.08305, ""gas_res"": 14988.29}, {""temp"": 20.94028, ""step"": 4, ""status"": 1, ""pres"": 966.9517, ""meas_profile"": ""HP-6"", ""meas_id"": 6, ""hum"": 34.95914, ""gas_res"": 34427.11}, {""temp"": 20.83257, ""step"": 4, ""status"": 1, ""pres"": 966.6926, ""meas_profile"": ""HP-5"", ""meas_id"": 5, ""hum"": 35.13686, ""gas_res"": 156958.9}, {""temp"": 20.54649, ""step"": 4, ""status"": 1, ""pres"": 966.82, ""meas_profile"": ""HP-4"", ""meas_id"": 4, ""hum"": 34.67751, ""gas_res"": 275416.9}, {""temp"": 20.71568, ""step"": 4, ""status"": 1, ""pres"": 966.4285, ""meas_profile"": ""HP-3"", ""meas_id"": 3, ""hum"": 35.17403, ""gas_res"": 100000.0}, {""temp"": 20.60601, ""step"": 4, ""status"": 1, ""pres"": 966.5522, ""meas_profile"": ""HP-2"", ""meas_id"": 2, ""hum"": 35.45689, ""gas_res"": 142301.3}, {""temp"": 20.37803, ""step"": 4, ""status"": 1, ""pres"": 966.7399, ""meas_profile"": ""HP-1"", ""meas_id"": 1, ""hum"": 33.86796, ""gas_res"": 112108.6}]}",NULL,"2025-10-27 11:00:21.902292"
12229,"04a600b9b0b8","2025-10-27 10:59:11","LhXq72001pFEphkC0Zom","{""bme688"": [{""temp"": 20.90231, ""step"": 3, ""status"": 0, ""pres"": 966.6921, ""meas_profile"": ""HP-8"", ""meas_id"": 8, ""hum"": 35.19957, ""gas_res"": 5994.754}, {""temp"": 20.86777, ""step"": 3, ""status"": 0, ""pres"": 966.7911, ""meas_profile"": ""HP-7"", ""meas_id"": 7, ""hum"": 35.07718, ""gas_res"": 7672.021}, {""temp"": 20.93781, ""step"": 3, ""status"": 0, ""pres"": 966.9531, ""meas_profile"": ""HP-6"", ""meas_id"": 6, ""hum"": 34.97616, ""gas_res"": 18417.27}, {""temp"": 20.83007, ""step"": 3, ""status"": 0, ""pres"": 966.6936, ""meas_profile"": ""HP-5"", ""meas_id"": 5, ""hum"": 35.15368, ""gas_res"": 46010.07}, {""temp"": 20.54338, ""step"": 3, ""status"": 0, ""pres"": 966.8199, ""meas_profile"": ""HP-4"", ""meas_id"": 4, ""hum"": 34.68298, ""gas_res"": 60037.52}, {""temp"": 20.71259, ""step"": 3, ""status"": 0, ""pres"": 966.4283, ""meas_profile"": ""HP-3"", ""meas_id"": 3, ""hum"": 35.20252, ""gas_res"": 34991.8}, {""temp"": 20.60321, ""step"": 3, ""status"": 0, ""pres"": 966.5527, ""meas_profile"": ""HP-2"", ""meas_id"": 2, ""hum"": 35.45094, ""gas_res"": 52566.73}, {""temp"": 20.37523, ""step"": 3, ""status"": 0, ""pres"": 966.7411, ""meas_profile"": ""HP-1"", ""meas_id"": 1, ""hum"": 33.87939, ""gas_res"": 35664.53}]}",NULL,"2025-10-27 11:00:22.575549"
12230,"04a600b9b0b8","2025-10-27 10:59:11","LhXq72001pFEphkC0Zom","{""bme688"": [{""temp"": 20.90014, ""step"": 2, ""status"": 1, ""pres"": 966.6922, ""meas_profile"": ""HP-8"", ""meas_id"": 8, ""hum"": 35.19363, ""gas_res"": 18150.88}, {""temp"": 20.8656, ""step"": 2, ""status"": 1, ""pres"": 966.7926, ""meas_profile"": ""HP-7"", ""meas_id"": 7, ""hum"": 35.10532, ""gas_res"": 25790.85}, {""temp"": 20.93534, ""step"": 2, ""status"": 1, ""pres"": 966.9524, ""meas_profile"": ""HP-6"", ""meas_id"": 6, ""hum"": 34.96443, ""gas_res"": 94692.06}, {""temp"": 20.82788, ""step"": 2, ""status"": 1, ""pres"": 966.6951, ""meas_profile"": ""HP-5"", ""meas_id"": 5, ""hum"": 35.15347, ""gas_res"": 318309.0}, {""temp"": 20.54058, ""step"": 2, ""status"": 1, ""pres"": 966.8203, ""meas_profile"": ""HP-4"", ""meas_id"": 4, ""hum"": 34.68272, ""gas_res"": 547300.9}, {""temp"": 20.70981, ""step"": 2, ""status"": 1, ""pres"": 966.429, ""meas_profile"": ""HP-3"", ""meas_id"": 3, ""hum"": 35.20226, ""gas_res"": 248724.8}, {""temp"": 20.60042, ""step"": 2, ""status"": 1, ""pres"": 966.553, ""meas_profile"": ""HP-2"", ""meas_id"": 2, ""hum"": 35.45636, ""gas_res"": 409190.8}, {""temp"": 20.37243, ""step"": 2, ""status"": 1, ""pres"": 966.742, ""meas_profile"": ""HP-1"", ""meas_id"": 1, ""hum"": 33.86745, ""gas_res"": 318309.0}]}",NULL,"2025-10-27 11:00:23.546141"
12231,"04a600b9b0b8","2025-10-27 10:59:11","LhXq72001pFEphkC0Zom","{""bme688"": [{""temp"": 20.89798, ""step"": 1, ""status"": 1, ""pres"": 966.694, ""meas_profile"": ""HP-8"", ""meas_id"": 8, ""hum"": 35.21064, ""gas_res"": 6694.561}, {""temp"": 20.86343, ""step"": 1, ""status"": 1, ""pres"": 966.7924, ""meas_profile"": ""HP-7"", ""meas_id"": 7, ""hum"": 35.0881, ""gas_res"": 8331.164}, {""temp"": 20.93349, ""step"": 1, ""status"": 1, ""pres"": 966.9531, ""meas_profile"": ""HP-6"", ""meas_id"": 6, ""hum"": 34.95851, ""gas_res"": 25000.0}, {""temp"": 20.8257, ""step"": 1, ""status"": 1, ""pres"": 966.6949, ""meas_profile"": ""HP-5"", ""meas_id"": 5, ""hum"": 35.15327, ""gas_res"": 44896.53}, {""temp"": 20.53841, ""step"": 1, ""status"": 1, ""pres"": 966.8217, ""meas_profile"": ""HP-4"", ""meas_id"": 4, ""hum"": 34.69402, ""gas_res"": 100000.0}, {""temp"": 20.70733, ""step"": 1, ""status"": 1, ""pres"": 966.43, ""meas_profile"": ""HP-3"", ""meas_id"": 3, ""hum"": 35.20779, ""gas_res"": 32144.65}, {""temp"": 20.59762, ""step"": 1, ""status"": 1, ""pres"": 966.5536, ""meas_profile"": ""HP-2"", ""meas_id"": 2, ""hum"": 35.45041, ""gas_res"": 44198.89}, {""temp"": 20.36994, ""step"": 1, ""status"": 1, ""pres"": 966.7419, ""meas_profile"": ""HP-1"", ""meas_id"": 1, ""hum"": 33.89059, ""gas_res"": 33195.02}]}",NULL,"2025-10-27 11:00:24.341228"
12232,"04a600b9b0b8","2025-10-27 10:59:11","LhXq72001pFEphkC0Zom","{""bme688"": [{""temp"": 20.89551, ""step"": 0, ""status"": 1, ""pres"": 966.6936, ""meas_profile"": ""HP-8"", ""meas_id"": 8, ""hum"": 35.20467, ""gas_res"": 5684.846}, {""temp"": 20.86094, ""step"": 0, ""status"": 1, ""pres"": 966.7916, ""meas_profile"": ""HP-7"", ""meas_id"": 7, ""hum"": 35.09922, ""gas_res"": 5684.846}, {""temp"": 20.93133, ""step"": 0, ""status"": 1, ""pres"": 966.9548, ""meas_profile"": ""HP-6"", ""meas_id"": 6, ""hum"": 34.96405, ""gas_res"": 7958.219}, {""temp"": 20.82351, ""step"": 0, ""status"": 1, ""pres"": 966.6964, ""meas_profile"": ""HP-5"", ""meas_id"": 5, ""hum"": 35.1758, ""gas_res"": 25000.0}, {""temp"": 20.53592, ""step"": 0, ""status"": 1, ""pres"": 966.8226, ""meas_profile"": ""HP-4"", ""meas_id"": 4, ""hum"": 34.71106, ""gas_res"": 25000.0}, {""temp"": 20.70486, ""step"": 0, ""status"": 1, ""pres"": 966.4309, ""meas_profile"": ""HP-3"", ""meas_id"": 3, ""hum"": 35.18454, ""gas_res"": 8350.73}, {""temp"": 20.59514, ""step"": 0, ""status"": 1, ""pres"": 966.5562, ""meas_profile"": ""HP-2"", ""meas_id"": 2, ""hum"": 35.46156, ""gas_res"": 10233.45}, {""temp"": 20.36714, ""step"": 0, ""status"": 1, ""pres"": 966.743, ""meas_profile"": ""HP-1"", ""meas_id"": 1, ""hum"": 33.87865, ""gas_res"": 8579.089}]}",NULL,"2025-10-27 11:00:25.023565"
12233,"04a600b9b0b8","2025-10-27 11:01:02","LhXq72001pFEphkC0Zom","{""zphs01b"": {""voc"": 0, ""temp"": 19.1, ""pm2_5"": 0, ""pm1_0"": 0, ""pm10"": 354, ""o3"": 0.02, ""no2"": 0.16, ""hum"": 0, ""fmhd"": 0, ""co2"": 5000, ""co"": 0.0}, ""smell_b"": {}, ""sfa30"": {""temp"": 21.16, ""hum"": 35.69, ""fmhd"": 1.0}, ""sen5x"": {""voc"": 99.0, ""temp"": 20.95, ""pm4_0"": 4549.5, ""pm2_5"": 4549.5, ""pm1_0"": 4338.2, ""pm10"": 4549.5, ""nox"": 1.0, ""mass_c"": 4496.675, ""hum"": 41.45}, ""scd41"": {""temp"": 20.9144, ""hum"": 37.879, ""co2"": 591}, ""power_source"": 0, ""mics6814"": {""red_res"": 0, ""no2_res"": 0, ""no2"": 0.17, ""nh3_res"": 0, ""nh3"": 0.73, ""co_res"": 0, ""co"": 44.0}}",NULL,"2025-10-27 11:01:28.399211"
12234,"04a600b9b0b8","2025-10-27 11:01:02","LhXq72001pFEphkC0Zom","{""bme688"": [{""temp"": 20.98724, ""step"": 9, ""status"": 1, ""pres"": 966.6688, ""meas_profile"": ""HP-8"", ""meas_id"": 8, ""hum"": 35.07564, ""gas_res"": 5684.846}, {""temp"": 20.95348, ""step"": 9, ""status"": 1, ""pres"": 966.7898, ""meas_profile"": ""HP-7"", ""meas_id"": 7, ""hum"": 34.97748, ""gas_res"": 5684.846}, {""temp"": 21.01745, ""step"": 9, ""status"": 1, ""pres"": 966.9327, ""meas_profile"": ""HP-6"", ""meas_id"": 6, ""hum"": 34.8169, ""gas_res"": 7852.761}, {""temp"": 20.90825, ""step"": 9, ""status"": 1, ""pres"": 966.6652, ""meas_profile"": ""HP-5"", ""meas_id"": 5, ""hum"": 35.04167, ""gas_res"": 25000.0}, {""temp"": 20.63718, ""step"": 9, ""status"": 1, ""pres"": 966.7992, ""meas_profile"": ""HP-4"", ""meas_id"": 4, ""hum"": 34.57662, ""gas_res"": 25000.0}, {""temp"": 20.80443, ""step"": 9, ""status"": 1, ""pres"": 966.4046, ""meas_profile"": ""HP-3"", ""meas_id"": 3, ""hum"": 35.06149, ""gas_res"": 19838.81}, {""temp"": 20.69885, ""step"": 9, ""status"": 1, ""pres"": 966.524, ""meas_profile"": ""HP-2"", ""meas_id"": 2, ""hum"": 35.31765, ""gas_res"": 22377.62}, {""temp"": 20.46922, ""step"": 9, ""status"": 1, ""pres"": 966.6995, ""meas_profile"": ""HP-1"", ""meas_id"": 1, ""hum"": 33.75358, ""gas_res"": 19547.95}]}",NULL,"2025-10-27 11:01:29.713318"
12235,"04a600b9b0b8","2025-10-27 11:01:02","LhXq72001pFEphkC0Zom","{""bme688"": [{""temp"": 20.98446, ""step"": 8, ""status"": 1, ""pres"": 966.6696, ""meas_profile"": ""HP-8"", ""meas_id"": 8, ""hum"": 35.06965, ""gas_res"": 5684.846}, {""temp"": 20.95068, ""step"": 8, ""status"": 1, ""pres"": 966.7885, ""meas_profile"": ""HP-7"", ""meas_id"": 7, ""hum"": 34.96022, ""gas_res"": 5684.846}, {""temp"": 21.01529, ""step"": 8, ""status"": 1, ""pres"": 966.9327, ""meas_profile"": ""HP-6"", ""meas_id"": 6, ""hum"": 34.82244, ""gas_res"": 8097.166}, {""temp"": 20.90606, ""step"": 8, ""status"": 1, ""pres"": 966.6649, ""meas_profile"": ""HP-5"", ""meas_id"": 5, ""hum"": 35.05283, ""gas_res"": 25000.0}, {""temp"": 20.6347, ""step"": 8, ""status"": 1, ""pres"": 966.8002, ""meas_profile"": ""HP-4"", ""meas_id"": 4, ""hum"": 34.57639, ""gas_res"": 25000.0}, {""temp"": 20.80227, ""step"": 8, ""status"": 1, ""pres"": 966.4061, ""meas_profile"": ""HP-3"", ""meas_id"": 3, ""hum"": 35.06704, ""gas_res"": 11142.06}, {""temp"": 20.69637, ""step"": 8, ""status"": 1, ""pres"": 966.5249, ""meas_profile"": ""HP-2"", ""meas_id"": 2, ""hum"": 35.3231, ""gas_res"": 21563.34}, {""temp"": 20.46672, ""step"": 8, ""status"": 1, ""pres"": 966.7011, ""meas_profile"": ""HP-1"", ""meas_id"": 1, ""hum"": 33.74168, ""gas_res"": 11602.61}]}",NULL,"2025-10-27 11:01:30.80395"
12236,"04a600b9b0b8","2025-10-27 11:01:02","LhXq72001pFEphkC0Zom","{""bme688"": [{""temp"": 20.98199, ""step"": 7, ""status"": 1, ""pres"": 966.6692, ""meas_profile"": ""HP-8"", ""meas_id"": 8, ""hum"": 35.06942, ""gas_res"": 5684.846}, {""temp"": 20.9482, ""step"": 7, ""status"": 1, ""pres"": 966.7894, ""meas_profile"": ""HP-7"", ""meas_id"": 7, ""hum"": 34.97132, ""gas_res"": 5684.846}, {""temp"": 21.01313, ""step"": 7, ""status"": 1, ""pres"": 966.9344, ""meas_profile"": ""HP-6"", ""meas_id"": 6, ""hum"": 34.83373, ""gas_res"": 8247.423}, {""temp"": 20.90387, ""step"": 7, ""status"": 1, ""pres"": 966.6664, ""meas_profile"": ""HP-5"", ""meas_id"": 5, ""hum"": 35.04126, ""gas_res"": 25000.0}, {""temp"": 20.63221, ""step"": 7, ""status"": 1, ""pres"": 966.8011, ""meas_profile"": ""HP-4"", ""meas_id"": 4, ""hum"": 34.57616, ""gas_res"": 25000.0}, {""temp"": 20.79979, ""step"": 7, ""status"": 1, ""pres"": 966.4071, ""meas_profile"": ""HP-3"", ""meas_id"": 3, ""hum"": 35.06106, ""gas_res"": 10403.12}, {""temp"": 20.69388, ""step"": 7, ""status"": 1, ""pres"": 966.5276, ""meas_profile"": ""HP-2"", ""meas_id"": 2, ""hum"": 35.33425, ""gas_res"": 20506.25}, {""temp"": 20.46424, ""step"": 7, ""status"": 1, ""pres"": 966.7028, ""meas_profile"": ""HP-1"", ""meas_id"": 1, ""hum"": 33.75897, ""gas_res"": 10981.47}]}",NULL,"2025-10-27 11:01:32.082339"
12237,"04a600b9b0b8","2025-10-27 11:01:02","LhXq72001pFEphkC0Zom","{""bme688"": [{""temp"": 20.97983, ""step"": 6, ""status"": 1, ""pres"": 966.6711, ""meas_profile"": ""HP-8"", ""meas_id"": 8, ""hum"": 35.05775, ""gas_res"": 9828.01}, {""temp"": 20.94571, ""step"": 6, ""status"": 1, ""pres"": 966.7888, ""meas_profile"": ""HP-7"", ""meas_id"": 7, ""hum"": 34.95976, ""gas_res"": 15705.52}, {""temp"": 21.01097, ""step"": 6, ""status"": 1, ""pres"": 966.9344, ""meas_profile"": ""HP-6"", ""meas_id"": 6, ""hum"": 34.85077, ""gas_res"": 36676.22}, {""temp"": 20.90168, ""step"": 6, ""status"": 1, ""pres"": 966.6662, ""meas_profile"": ""HP-5"", ""meas_id"": 5, ""hum"": 35.04106, ""gas_res"": 167429.7}, {""temp"": 20.62973, ""step"": 6, ""status"": 1, ""pres"": 966.802, ""meas_profile"": ""HP-4"", ""meas_id"": 4, ""hum"": 34.57594, ""gas_res"": 309646.2}, {""temp"": 20.79732, ""step"": 6, ""status"": 1, ""pres"": 966.4066, ""meas_profile"": ""HP-3"", ""meas_id"": 3, ""hum"": 35.07808, ""gas_res"": 105850.7}, {""temp"": 20.69109, ""step"": 6, ""status"": 1, ""pres"": 966.5282, ""meas_profile"": ""HP-2"", ""meas_id"": 2, ""hum"": 35.32261, ""gas_res"": 168089.3}, {""temp"": 20.46174, ""step"": 6, ""status"": 1, ""pres"": 966.7043, ""meas_profile"": ""HP-1"", ""meas_id"": 1, ""hum"": 33.75874, ""gas_res"": 136279.0}]}",NULL,"2025-10-27 11:01:33.35758"
12238,"04a600b9b0b8","2025-10-27 11:01:02","LhXq72001pFEphkC0Zom","{""bme688"": [{""temp"": 20.97736, ""step"": 5, ""status"": 1, ""pres"": 966.6708, ""meas_profile"": ""HP-8"", ""meas_id"": 8, ""hum"": 35.07471, ""gas_res"": 9711.685}, {""temp"": 20.94354, ""step"": 5, ""status"": 1, ""pres"": 966.7902, ""meas_profile"": ""HP-7"", ""meas_id"": 7, ""hum"": 34.97089, ""gas_res"": 15477.63}, {""temp"": 21.00881, ""step"": 5, ""status"": 1, ""pres"": 966.9362, ""meas_profile"": ""HP-6"", ""meas_id"": 6, ""hum"": 34.86781, ""gas_res"": 36802.76}, {""temp"": 20.89949, ""step"": 5, ""status"": 1, ""pres"": 966.6677, ""meas_profile"": ""HP-5"", ""meas_id"": 5, ""hum"": 35.04086, ""gas_res"": 166612.4}, {""temp"": 20.62693, ""step"": 5, ""status"": 1, ""pres"": 966.8024, ""meas_profile"": ""HP-4"", ""meas_id"": 4, ""hum"": 34.59292, ""gas_res"": 322519.7}, {""temp"": 20.79454, ""step"": 5, ""status"": 1, ""pres"": 966.4071, ""meas_profile"": ""HP-3"", ""meas_id"": 3, ""hum"": 35.07782, ""gas_res"": 105982.2}, {""temp"": 20.6886, ""step"": 5, ""status"": 1, ""pres"": 966.529, ""meas_profile"": ""HP-2"", ""meas_id"": 2, ""hum"": 35.32238, ""gas_res"": 168089.3}, {""temp"": 20.45926, ""step"": 5, ""status"": 1, ""pres"": 966.7059, ""meas_profile"": ""HP-1"", ""meas_id"": 1, ""hum"": 33.75851, ""gas_res"": 135629.1}]}",NULL,"2025-10-27 11:01:34.831093"
12239,"04a600b9b0b8","2025-10-27 11:01:02","LhXq72001pFEphkC0Zom","{""bme688"": [{""temp"": 20.97519, ""step"": 4, ""status"": 1, ""pres"": 966.6726, ""meas_profile"": ""HP-8"", ""meas_id"": 8, ""hum"": 35.09171, ""gas_res"": 9546.539}, {""temp"": 20.94136, ""step"": 4, ""status"": 1, ""pres"": 966.7899, ""meas_profile"": ""HP-7"", ""meas_id"": 7, ""hum"": 34.97635, ""gas_res"": 15278.11}, {""temp"": 21.00665, ""step"": 4, ""status"": 1, ""pres"": 966.9362, ""meas_profile"": ""HP-6"", ""meas_id"": 6, ""hum"": 34.85037, ""gas_res"": 36898.24}, {""temp"": 20.89762, ""step"": 4, ""status"": 1, ""pres"": 966.6697, ""meas_profile"": ""HP-5"", ""meas_id"": 5, ""hum"": 35.05772, ""gas_res"": 171294.8}, {""temp"": 20.62445, ""step"": 4, ""status"": 1, ""pres"": 966.8033, ""meas_profile"": ""HP-4"", ""meas_id"": 4, ""hum"": 34.59269, ""gas_res"": 343970.4}, {""temp"": 20.79175, ""step"": 4, ""status"": 1, ""pres"": 966.4077, ""meas_profile"": ""HP-3"", ""meas_id"": 3, ""hum"": 35.07756, ""gas_res"": 109448.5}, {""temp"": 20.68612, ""step"": 4, ""status"": 1, ""pres"": 966.5302, ""meas_profile"": ""HP-2"", ""meas_id"": 2, ""hum"": 35.33352, ""gas_res"": 171294.8}, {""temp"": 20.45677, ""step"": 4, ""status"": 1, ""pres"": 966.7074, ""meas_profile"": ""HP-1"", ""meas_id"": 1, ""hum"": 33.76997, ""gas_res"": 139054.9}]}",NULL,"2025-10-27 11:01:36.569651"
12240,"04a600b9b0b8","2025-10-27 11:01:02","LhXq72001pFEphkC0Zom","{""bme688"": [{""temp"": 20.97272, ""step"": 3, ""status"": 0, ""pres"": 966.6722, ""meas_profile"": ""HP-8"", ""meas_id"": 8, ""hum"": 35.09721, ""gas_res"": 5981.309}, {""temp"": 20.93888, ""step"": 3, ""status"": 0, ""pres"": 966.791, ""meas_profile"": ""HP-7"", ""meas_id"": 7, ""hum"": 34.98745, ""gas_res"": 7606.37}, {""temp"": 21.00418, ""step"": 3, ""status"": 0, ""pres"": 966.9373, ""meas_profile"": ""HP-6"", ""meas_id"": 6, ""hum"": 34.87312, ""gas_res"": 19127.32}, {""temp"": 20.89511, ""step"": 3, ""status"": 0, ""pres"": 966.6688, ""meas_profile"": ""HP-5"", ""meas_id"": 5, ""hum"": 35.07452, ""gas_res"": 52373.16}, {""temp"": 20.62165, ""step"": 3, ""status"": 0, ""pres"": 966.8036, ""meas_profile"": ""HP-4"", ""meas_id"": 4, ""hum"": 34.61543, ""gas_res"": 72234.77}, {""temp"": 20.78897, ""step"": 3, ""status"": 0, ""pres"": 966.408, ""meas_profile"": ""HP-3"", ""meas_id"": 3, ""hum"": 35.10032, ""gas_res"": 42146.86}, {""temp"": 20.68332, ""step"": 3, ""status"": 0, ""pres"": 966.5305, ""meas_profile"": ""HP-2"", ""meas_id"": 2, ""hum"": 35.34464, ""gas_res"": 63100.81}, {""temp"": 20.45397, ""step"": 3, ""status"": 0, ""pres"": 966.7086, ""meas_profile"": ""HP-1"", ""meas_id"": 1, ""hum"": 33.76387, ""gas_res"": 43971.14}]}",NULL,"2025-10-27 11:01:37.841022"
12241,"04a600b9b0b8","2025-10-27 11:01:02","LhXq72001pFEphkC0Zom","{""bme688"": [{""temp"": 20.97056, ""step"": 2, ""status"": 1, ""pres"": 966.6743, ""meas_profile"": ""HP-8"", ""meas_id"": 8, ""hum"": 35.10847, ""gas_res"": 13061.22}, {""temp"": 20.93671, ""step"": 2, ""status"": 1, ""pres"": 966.7906, ""meas_profile"": ""HP-7"", ""meas_id"": 7, ""hum"": 34.99292, ""gas_res"": 17817.37}, {""temp"": 21.00171, ""step"": 2, ""status"": 1, ""pres"": 966.9384, ""meas_profile"": ""HP-6"", ""meas_id"": 6, ""hum"": 34.86715, ""gas_res"": 58314.35}, {""temp"": 20.89261, ""step"": 2, ""status"": 1, ""pres"": 966.6699, ""meas_profile"": ""HP-5"", ""meas_id"": 5, ""hum"": 35.07997, ""gas_res"": 176795.6}, {""temp"": 20.61886, ""step"": 2, ""status"": 1, ""pres"": 966.8041, ""meas_profile"": ""HP-4"", ""meas_id"": 4, ""hum"": 34.59793, ""gas_res"": 376055.8}, {""temp"": 20.78619, ""step"": 2, ""status"": 1, ""pres"": 966.4086, ""meas_profile"": ""HP-3"", ""meas_id"": 3, ""hum"": 35.10005, ""gas_res"": 169256.2}, {""temp"": 20.68022, ""step"": 2, ""status"": 1, ""pres"": 966.5305, ""meas_profile"": ""HP-2"", ""meas_id"": 2, ""hum"": 35.33297, ""gas_res"": 280394.3}, {""temp"": 20.45116, ""step"": 2, ""status"": 1, ""pres"": 966.7098, ""meas_profile"": ""HP-1"", ""meas_id"": 1, ""hum"": 33.7753, ""gas_res"": 225998.7}]}",NULL,"2025-10-27 11:01:39.117853"
12242,"04a600b9b0b8","2025-10-27 11:01:02","LhXq72001pFEphkC0Zom","{""bme688"": [{""temp"": 20.9684, ""step"": 1, ""status"": 1, ""pres"": 966.6761, ""meas_profile"": ""HP-8"", ""meas_id"": 8, ""hum"": 35.11974, ""gas_res"": 6728.343}, {""temp"": 20.93453, ""step"": 1, ""status"": 1, ""pres"": 966.7921, ""meas_profile"": ""HP-7"", ""meas_id"": 7, ""hum"": 35.00405, ""gas_res"": 8423.27}, {""temp"": 20.99955, ""step"": 1, ""status"": 1, ""pres"": 966.9384, ""meas_profile"": ""HP-6"", ""meas_id"": 6, ""hum"": 34.88419, ""gas_res"": 25000.0}, {""temp"": 20.89042, ""step"": 1, ""status"": 1, ""pres"": 966.6696, ""meas_profile"": ""HP-5"", ""meas_id"": 5, ""hum"": 35.06273, ""gas_res"": 100000.0}, {""temp"": 20.61637, ""step"": 1, ""status"": 1, ""pres"": 966.8051, ""meas_profile"": ""HP-4"", ""meas_id"": 4, ""hum"": 34.62645, ""gas_res"": 123641.6}, {""temp"": 20.78402, ""step"": 1, ""status"": 1, ""pres"": 966.41, ""meas_profile"": ""HP-3"", ""meas_id"": 3, ""hum"": 35.09986, ""gas_res"": 42146.86}, {""temp"": 20.67743, ""step"": 1, ""status"": 1, ""pres"": 966.5311, ""meas_profile"": ""HP-2"", ""meas_id"": 2, ""hum"": 35.35546, ""gas_res"": 93807.26}, {""temp"": 20.44867, ""step"": 1, ""status"": 1, ""pres"": 966.7112, ""meas_profile"": ""HP-1"", ""meas_id"": 1, ""hum"": 33.81594, ""gas_res"": 44849.34}]}",NULL,"2025-10-27 11:01:40.495816"
12243,"04a600b9b0b8","2025-10-27 11:01:02","LhXq72001pFEphkC0Zom","{""bme688"": [{""temp"": 20.96562, ""step"": 0, ""status"": 1, ""pres"": 966.6753, ""meas_profile"": ""HP-8"", ""meas_id"": 8, ""hum"": 35.11375, ""gas_res"": 5684.846}, {""temp"": 20.93174, ""step"": 0, ""status"": 1, ""pres"": 966.7908, ""meas_profile"": ""HP-7"", ""meas_id"": 7, ""hum"": 34.99812, ""gas_res"": 5684.846}, {""temp"": 20.99739, ""step"": 0, ""status"": 1, ""pres"": 966.9401, ""meas_profile"": ""HP-6"", ""meas_id"": 6, ""hum"": 34.88398, ""gas_res"": 8350.73}, {""temp"": 20.88855, ""step"": 0, ""status"": 1, ""pres"": 966.6717, ""meas_profile"": ""HP-5"", ""meas_id"": 5, ""hum"": 35.06255, ""gas_res"": 25000.0}, {""temp"": 20.6142, ""step"": 0, ""status"": 1, ""pres"": 966.8065, ""meas_profile"": ""HP-4"", ""meas_id"": 4, ""hum"": 34.60324, ""gas_res"": 25000.0}, {""temp"": 20.78155, ""step"": 0, ""status"": 1, ""pres"": 966.4112, ""meas_profile"": ""HP-3"", ""meas_id"": 3, ""hum"": 35.11113, ""gas_res"": 10891.76}, {""temp"": 20.67494, ""step"": 0, ""status"": 1, ""pres"": 966.5338, ""meas_profile"": ""HP-2"", ""meas_id"": 2, ""hum"": 35.34954, ""gas_res"": 20826.55}, {""temp"": 20.44619, ""step"": 0, ""status"": 1, ""pres"": 966.7109, ""meas_profile"": ""HP-1"", ""meas_id"": 1, ""hum"": 33.78652, ""gas_res"": 11200.56}]}",NULL,"2025-10-27 11:01:41.685329"
12244,"04a600b9b0b8","2025-10-27 11:00:35","LhXq72001pFEphkC0Zom","{""zphs01b"": {""voc"": 0, ""temp"": 19.0, ""pm2_5"": 0, ""pm1_0"": 0, ""pm10"": 353, ""o3"": 0.03, ""no2"": 10.0, ""hum"": 0, ""fmhd"": 0, ""co2"": 5000, ""co"": 0.0}, ""smell_b"": {}, ""sfa30"": {""temp"": 21.13, ""hum"": 35.71, ""fmhd"": 1.0}, ""sen5x"": {""voc"": 94.0, ""temp"": 20.96, ""pm4_0"": 4421.7, ""pm2_5"": 4421.7, ""pm1_0"": 4216.4, ""pm10"": 4421.7, ""nox"": 1.0, ""mass_c"": 4370.375, ""hum"": 41.41}, ""scd41"": {""temp"": 20.87701, ""hum"": 37.91409, ""co2"": 591}, ""power_source"": 0, ""mics6814"": {""red_res"": 0, ""no2_res"": 0, ""no2"": 0.17, ""nh3_res"": 0, ""nh3"": 0.73, ""co_res"": 0, ""co"": 44.0}}",NULL,"2025-10-27 11:01:42.850328"
12245,"04a600b9b0b8","2025-10-27 11:00:35","LhXq72001pFEphkC0Zom","{""bme688"": [{""temp"": 20.96315, ""step"": 9, ""status"": 1, ""pres"": 966.6766, ""meas_profile"": ""HP-8"", ""meas_id"": 8, ""hum"": 35.09632, ""gas_res"": 5684.846}, {""temp"": 20.92926, ""step"": 9, ""status"": 1, ""pres"": 966.7919, ""meas_profile"": ""HP-7"", ""meas_id"": 7, ""hum"": 35.00922, ""gas_res"": 5684.846}, {""temp"": 20.99523, ""step"": 9, ""status"": 1, ""pres"": 966.9401, ""meas_profile"": ""HP-6"", ""meas_id"": 6, ""hum"": 34.88378, ""gas_res"": 7354.631}, {""temp"": 20.88636, ""step"": 9, ""status"": 1, ""pres"": 966.673, ""meas_profile"": ""HP-5"", ""meas_id"": 5, ""hum"": 35.07371, ""gas_res"": 25000.0}, {""temp"": 20.61171, ""step"": 9, ""status"": 1, ""pres"": 966.8056, ""meas_profile"": ""HP-4"", ""meas_id"": 4, ""hum"": 34.61452, ""gas_res"": 25000.0}, {""temp"": 20.77908, ""step"": 9, ""status"": 1, ""pres"": 966.4121, ""meas_profile"": ""HP-3"", ""meas_id"": 3, ""hum"": 35.09939, ""gas_res"": 11564.87}, {""temp"": 20.67246, ""step"": 9, ""status"": 1, ""pres"": 966.5347, ""meas_profile"": ""HP-2"", ""meas_id"": 2, ""hum"": 35.37207, ""gas_res"": 20369.19}, {""temp"": 20.4437, ""step"": 9, ""status"": 1, ""pres"": 966.7126, ""meas_profile"": ""HP-1"", ""meas_id"": 1, ""hum"": 33.79214, ""gas_res"": 10825.44}]}",NULL,"2025-10-27 11:01:44.254147"
12246,"04a600b9b0b8","2025-10-27 11:00:35","LhXq72001pFEphkC0Zom","{""bme688"": [{""temp"": 20.96068, ""step"": 8, ""status"": 1, ""pres"": 966.6763, ""meas_profile"": ""HP-8"", ""meas_id"": 8, ""hum"": 35.10755, ""gas_res"": 5684.846}, {""temp"": 20.92677, ""step"": 8, ""status"": 1, ""pres"": 966.791, ""meas_profile"": ""HP-7"", ""meas_id"": 7, ""hum"": 34.99199, ""gas_res"": 5684.846}, {""temp"": 20.99307, ""step"": 8, ""status"": 1, ""pres"": 966.9418, ""meas_profile"": ""HP-6"", ""meas_id"": 6, ""hum"": 34.86634, ""gas_res"": 7688.611}, {""temp"": 20.88417, ""step"": 8, ""status"": 1, ""pres"": 966.6746, ""meas_profile"": ""HP-5"", ""meas_id"": 5, ""hum"": 35.06783, ""gas_res"": 25000.0}, {""temp"": 20.60923, ""step"": 8, ""status"": 1, ""pres"": 966.8066, ""meas_profile"": ""HP-4"", ""meas_id"": 4, ""hum"": 34.60854, ""gas_res"": 25000.0}, {""temp"": 20.7766, ""step"": 8, ""status"": 1, ""pres"": 966.4131, ""meas_profile"": ""HP-3"", ""meas_id"": 3, ""hum"": 35.11067, ""gas_res"": 10088.27}, {""temp"": 20.66966, ""step"": 8, ""status"": 1, ""pres"": 966.5351, ""meas_profile"": ""HP-2"", ""meas_id"": 2, ""hum"": 35.3718, ""gas_res"": 19494.37}, {""temp"": 20.4412, ""step"": 8, ""status"": 1, ""pres"": 966.7141, ""meas_profile"": ""HP-1"", ""meas_id"": 1, ""hum"": 33.81527, ""gas_res"": 10610.08}]}",NULL,"2025-10-27 11:01:45.643596"
12247,"04a600b9b0b8","2025-10-27 11:00:35","LhXq72001pFEphkC0Zom","{""bme688"": [{""temp"": 20.95821, ""step"": 7, ""status"": 1, ""pres"": 966.676, ""meas_profile"": ""HP-8"", ""meas_id"": 8, ""hum"": 35.10158, ""gas_res"": 5684.846}, {""temp"": 20.92429, ""step"": 7, ""status"": 1, ""pres"": 966.7903, ""meas_profile"": ""HP-7"", ""meas_id"": 7, ""hum"": 34.99743, ""gas_res"": 5684.846}, {""temp"": 20.99091, ""step"": 7, ""status"": 1, ""pres"": 966.9418, ""meas_profile"": ""HP-6"", ""meas_id"": 6, ""hum"": 34.87763, ""gas_res"": 7835.456}, {""temp"": 20.88198, ""step"": 7, ""status"": 1, ""pres"": 966.6744, ""meas_profile"": ""HP-5"", ""meas_id"": 5, ""hum"": 35.06762, ""gas_res"": 25000.0}, {""temp"": 20.60674, ""step"": 7, ""status"": 1, ""pres"": 966.8075, ""meas_profile"": ""HP-4"", ""meas_id"": 4, ""hum"": 34.61406, ""gas_res"": 25000.0}, {""temp"": 20.77413, ""step"": 7, ""status"": 1, ""pres"": 966.4142, ""meas_profile"": ""HP-3"", ""meas_id"": 3, ""hum"": 35.12194, ""gas_res"": 9192.761}, {""temp"": 20.66718, ""step"": 7, ""status"": 1, ""pres"": 966.536, ""meas_profile"": ""HP-2"", ""meas_id"": 2, ""hum"": 35.36588, ""gas_res"": 11379.8}, {""temp"": 20.43872, ""step"": 7, ""status"": 1, ""pres"": 966.7159, ""meas_profile"": ""HP-1"", ""meas_id"": 1, ""hum"": 33.81504, ""gas_res"": 9529.481}]}",NULL,"2025-10-27 11:01:46.793968"
12248,"04a600b9b0b8","2025-10-27 11:00:35","LhXq72001pFEphkC0Zom","{""bme688"": [{""temp"": 20.95574, ""step"": 6, ""status"": 1, ""pres"": 966.6774, ""meas_profile"": ""HP-8"", ""meas_id"": 8, ""hum"": 35.11282, ""gas_res"": 9667.674}, {""temp"": 20.9218, ""step"": 6, ""status"": 1, ""pres"": 966.7913, ""meas_profile"": ""HP-7"", ""meas_id"": 7, ""hum"": 34.99719, ""gas_res"": 15311.0}, {""temp"": 20.98875, ""step"": 6, ""status"": 1, ""pres"": 966.9418, ""meas_profile"": ""HP-6"", ""meas_id"": 6, ""hum"": 34.88317, ""gas_res"": 34371.64}, {""temp"": 20.88011, ""step"": 6, ""status"": 1, ""pres"": 966.6763, ""meas_profile"": ""HP-5"", ""meas_id"": 5, ""hum"": 35.06745, ""gas_res"": 152608.0}, {""temp"": 20.60395, ""step"": 6, ""status"": 1, ""pres"": 966.8063, ""meas_profile"": ""HP-4"", ""meas_id"": 4, ""hum"": 34.63105, ""gas_res"": 257157.2}, {""temp"": 20.77166, ""step"": 6, ""status"": 1, ""pres"": 966.4135, ""meas_profile"": ""HP-3"", ""meas_id"": 3, ""hum"": 35.13898, ""gas_res"": 100000.0}, {""temp"": 20.66438, ""step"": 6, ""status"": 1, ""pres"": 966.5365, ""meas_profile"": ""HP-2"", ""meas_id"": 2, ""hum"": 35.38837, ""gas_res"": 143982.0}, {""temp"": 20.43591, ""step"": 6, ""status"": 1, ""pres"": 966.7151, ""meas_profile"": ""HP-1"", ""meas_id"": 1, ""hum"": 33.79727, ""gas_res"": 115758.5}]}",NULL,"2025-10-27 11:01:48.08614"
12249,"04a600b9b0b8","2025-10-27 11:00:35","LhXq72001pFEphkC0Zom","{""bme688"": [{""temp"": 20.95357, ""step"": 5, ""status"": 1, ""pres"": 966.6774, ""meas_profile"": ""HP-8"", ""meas_id"": 8, ""hum"": 35.12408, ""gas_res"": 9580.838}, {""temp"": 20.91963, ""step"": 5, ""status"": 1, ""pres"": 966.791, ""meas_profile"": ""HP-7"", ""meas_id"": 7, ""hum"": 35.02532, ""gas_res"": 15126.45}, {""temp"": 20.98658, ""step"": 5, ""status"": 1, ""pres"": 966.9417, ""meas_profile"": ""HP-6"", ""meas_id"": 6, ""hum"": 34.88298, ""gas_res"": 34042.55}, {""temp"": 20.87792, ""step"": 5, ""status"": 1, ""pres"": 966.6779, ""meas_profile"": ""HP-5"", ""meas_id"": 5, ""hum"": 35.08996, ""gas_res"": 152064.2}, {""temp"": 20.60115, ""step"": 5, ""status"": 1, ""pres"": 966.8083, ""meas_profile"": ""HP-4"", ""meas_id"": 4, ""hum"": 34.63655, ""gas_res"": 263713.6}, {""temp"": 20.76918, ""step"": 5, ""status"": 1, ""pres"": 966.4146, ""meas_profile"": ""HP-3"", ""meas_id"": 3, ""hum"": 35.12724, ""gas_res"": 100000.0}, {""temp"": 20.6619, ""step"": 5, ""status"": 1, ""pres"": 966.5376, ""meas_profile"": ""HP-2"", ""meas_id"": 2, ""hum"": 35.36538, ""gas_res"": 141358.4}, {""temp"": 20.43312, ""step"": 5, ""status"": 1, ""pres"": 966.7162, ""meas_profile"": ""HP-1"", ""meas_id"": 1, ""hum"": 33.8087, ""gas_res"": 112626.5}]}",NULL,"2025-10-27 11:01:49.361077"
12250,"04a600b9b0b8","2025-10-27 11:00:35","LhXq72001pFEphkC0Zom","{""bme688"": [{""temp"": 20.9511, ""step"": 4, ""status"": 1, ""pres"": 966.6789, ""meas_profile"": ""HP-8"", ""meas_id"": 8, ""hum"": 35.12386, ""gas_res"": 9487.104}, {""temp"": 20.91714, ""step"": 4, ""status"": 1, ""pres"": 966.7919, ""meas_profile"": ""HP-7"", ""meas_id"": 7, ""hum"": 35.03076, ""gas_res"": 14977.77}, {""temp"": 20.98442, ""step"": 4, ""status"": 1, ""pres"": 966.9434, ""meas_profile"": ""HP-6"", ""meas_id"": 6, ""hum"": 34.92876, ""gas_res"": 34261.24}, {""temp"": 20.87542, ""step"": 4, ""status"": 1, ""pres"": 966.677, ""meas_profile"": ""HP-5"", ""meas_id"": 5, ""hum"": 35.09541, ""gas_res"": 155387.0}, {""temp"": 20.59836, ""step"": 4, ""status"": 1, ""pres"": 966.8088, ""meas_profile"": ""HP-4"", ""meas_id"": 4, ""hum"": 34.65354, ""gas_res"": 278563.7}, {""temp"": 20.76671, ""step"": 4, ""status"": 1, ""pres"": 966.4154, ""meas_profile"": ""HP-3"", ""meas_id"": 3, ""hum"": 35.13852, ""gas_res"": 100000.0}, {""temp"": 20.6591, ""step"": 4, ""status"": 1, ""pres"": 966.5381, ""meas_profile"": ""HP-2"", ""meas_id"": 2, ""hum"": 35.41065, ""gas_res"": 141241.4}, {""temp"": 20.43032, ""step"": 4, ""status"": 1, ""pres"": 966.7172, ""meas_profile"": ""HP-1"", ""meas_id"": 1, ""hum"": 33.82596, ""gas_res"": 112330.0}]}",NULL,"2025-10-27 11:01:50.741372"
12251,"04a600b9b0b8","2025-10-27 11:00:35","LhXq72001pFEphkC0Zom","{""bme688"": [{""temp"": 20.94864, ""step"": 3, ""status"": 0, ""pres"": 966.6785, ""meas_profile"": ""HP-8"", ""meas_id"": 8, ""hum"": 35.14656, ""gas_res"": 5928.122}, {""temp"": 20.91466, ""step"": 3, ""status"": 0, ""pres"": 966.7913, ""meas_profile"": ""HP-7"", ""meas_id"": 7, ""hum"": 35.04187, ""gas_res"": 7436.672}, {""temp"": 20.98165, ""step"": 3, ""status"": 0, ""pres"": 966.9423, ""meas_profile"": ""HP-6"", ""meas_id"": 6, ""hum"": 34.89976, ""gas_res"": 17787.66}, {""temp"": 20.87291, ""step"": 3, ""status"": 0, ""pres"": 966.678, ""meas_profile"": ""HP-5"", ""meas_id"": 5, ""hum"": 35.10654, ""gas_res"": 46059.73}, {""temp"": 20.59556, ""step"": 3, ""status"": 0, ""pres"": 966.8092, ""meas_profile"": ""HP-4"", ""meas_id"": 4, ""hum"": 34.65328, ""gas_res"": 59040.59}, {""temp"": 20.76361, ""step"": 3, ""status"": 0, ""pres"": 966.4155, ""meas_profile"": ""HP-3"", ""meas_id"": 3, ""hum"": 35.15549, ""gas_res"": 34763.71}, {""temp"": 20.656, ""step"": 3, ""status"": 0, ""pres"": 966.538, ""meas_profile"": ""HP-2"", ""meas_id"": 2, ""hum"": 35.38759, ""gas_res"": 51457.29}, {""temp"": 20.4272, ""step"": 3, ""status"": 0, ""pres"": 966.7179, ""meas_profile"": ""HP-1"", ""meas_id"": 1, ""hum"": 33.83736, ""gas_res"": 35398.23}]}",NULL,"2025-10-27 11:01:51.923174"
12252,"04a600b9b0b8","2025-10-27 11:00:35","LhXq72001pFEphkC0Zom","{""bme688"": [{""temp"": 20.94647, ""step"": 2, ""status"": 1, ""pres"": 966.6788, ""meas_profile"": ""HP-8"", ""meas_id"": 8, ""hum"": 35.15783, ""gas_res"": 14811.39}, {""temp"": 20.91249, ""step"": 2, ""status"": 1, ""pres"": 966.7927, ""meas_profile"": ""HP-7"", ""meas_id"": 7, ""hum"": 35.03033, ""gas_res"": 20330.37}, {""temp"": 20.97918, ""step"": 2, ""status"": 1, ""pres"": 966.9436, ""meas_profile"": ""HP-6"", ""meas_id"": 6, ""hum"": 34.91103, ""gas_res"": 66338.43}, {""temp"": 20.87041, ""step"": 2, ""status"": 1, ""pres"": 966.6772, ""meas_profile"": ""HP-5"", ""meas_id"": 5, ""hum"": 35.11199, ""gas_res"": 205333.9}, {""temp"": 20.59246, ""step"": 2, ""status"": 1, ""pres"": 966.8091, ""meas_profile"": ""HP-4"", ""meas_id"": 4, ""hum"": 34.67025, ""gas_res"": 368080.5}, {""temp"": 20.76083, ""step"": 2, ""status"": 1, ""pres"": 966.416, ""meas_profile"": ""HP-3"", ""meas_id"": 3, ""hum"": 35.15524, ""gas_res"": 166612.4}, {""temp"": 20.65289, ""step"": 2, ""status"": 1, ""pres"": 966.5379, ""meas_profile"": ""HP-2"", ""meas_id"": 2, ""hum"": 35.40438, ""gas_res"": 276756.8}, {""temp"": 20.4244, ""step"": 2, ""status"": 1, ""pres"": 966.7191, ""meas_profile"": ""HP-1"", ""meas_id"": 1, ""hum"": 33.84295, ""gas_res"": 213957.4}]}",NULL,"2025-10-27 11:01:53.209055"
