"id","box_id","ts","measurement_id","measurement_data","description","created_at"
12502,"04a600b9b0b8","2025-10-27 12:29:52","NNHcspJAhKMAWd3edCIZ","{""zphs01b"": {""voc"": 0, ""temp"": 17.7, ""pm2_5"": 0, ""pm1_0"": 0, ""pm10"": 372, ""o3"": 0.02, ""no2"": 0.8, ""hum"": 0, ""fmhd"": 0, ""co2"": 5000, ""co"": 0.0}, ""smell_b"": {}, ""sfa30"": {""temp"": 20.8, ""hum"": 36.34, ""fmhd"": 2.4}, ""sen5x"": {""voc"": 98.0, ""temp"": 20.55, ""pm4_0"": 4424.7, ""pm2_5"": 4424.7, ""pm1_0"": 4219.2, ""pm10"": 4424.7, ""nox"": 1.0, ""mass_c"": 4373.325, ""hum"": 41.69}, ""scd41"": {""temp"": 19.90234, ""hum"": 40.73701, ""co2"": 583}, ""power_source"": 0, ""mics6814"": {""red_res"": 0, ""no2_res"": 0, ""no2"": 0.17, ""nh3_res"": 0, ""nh3"": 0.73, ""co_res"": 0, ""co"": 44.0}}",NULL,"2025-10-27 12:30:33.717931"
12503,"04a600b9b0b8","2025-10-27 12:29:52","NNHcspJAhKMAWd3edCIZ","{""bme688"": [{""temp"": 20.64936, ""step"": 9, ""status"": 1, ""pres"": 966.2469, ""meas_profile"": ""HP-8"", ""meas_id"": 8, ""hum"": 36.25755, ""gas_res"": 5684.846}, {""temp"": 20.62992, ""step"": 9, ""status"": 1, ""pres"": 966.4537, ""meas_profile"": ""HP-7"", ""meas_id"": 7, ""hum"": 36.13551, ""gas_res"": 5684.846}, {""temp"": 20.70938, ""step"": 9, ""status"": 1, ""pres"": 966.541, ""meas_profile"": ""HP-6"", ""meas_id"": 6, ""hum"": 35.99296, ""gas_res"": 6025.23}, {""temp"": 20.59523, ""step"": 9, ""status"": 1, ""pres"": 966.2997, ""meas_profile"": ""HP-5"", ""meas_id"": 5, ""hum"": 36.18057, ""gas_res"": 17937.22}, {""temp"": 20.43933, ""step"": 9, ""status"": 1, ""pres"": 966.4517, ""meas_profile"": ""HP-4"", ""meas_id"": 4, ""hum"": 35.5616, ""gas_res"": 9232.545}, {""temp"": 20.61673, ""step"": 9, ""status"": 1, ""pres"": 966.0323, ""meas_profile"": ""HP-3"", ""meas_id"": 3, ""hum"": 36.06517, ""gas_res"": 6690.362}, {""temp"": 20.55694, ""step"": 9, ""status"": 1, ""pres"": 966.1899, ""meas_profile"": ""HP-2"", ""meas_id"": 2, ""hum"": 36.23985, ""gas_res"": 6475.111}, {""temp"": 20.31081, ""step"": 9, ""status"": 1, ""pres"": 966.2275, ""meas_profile"": ""HP-1"", ""meas_id"": 1, ""hum"": 34.57017, ""gas_res"": 6247.56}]}",NULL,"2025-10-27 12:30:35.022321"
12504,"04a600b9b0b8","2025-10-27 12:29:52","NNHcspJAhKMAWd3edCIZ","{""bme688"": [{""temp"": 20.64874, ""step"": 8, ""status"": 1, ""pres"": 966.2459, ""meas_profile"": ""HP-8"", ""meas_id"": 8, ""hum"": 36.25171, ""gas_res"": 5684.846}, {""temp"": 20.6296, ""step"": 8, ""status"": 1, ""pres"": 966.4531, ""meas_profile"": ""HP-7"", ""meas_id"": 7, ""hum"": 36.10124, ""gas_res"": 5684.846}, {""temp"": 20.70938, ""step"": 8, ""status"": 1, ""pres"": 966.541, ""meas_profile"": ""HP-6"", ""meas_id"": 6, ""hum"": 35.99874, ""gas_res"": 6094.077}, {""temp"": 20.59554, ""step"": 8, ""status"": 1, ""pres"": 966.3002, ""meas_profile"": ""HP-5"", ""meas_id"": 5, ""hum"": 36.19204, ""gas_res"": 11590.0}, {""temp"": 20.43933, ""step"": 8, ""status"": 1, ""pres"": 966.4517, ""meas_profile"": ""HP-4"", ""meas_id"": 4, ""hum"": 35.54424, ""gas_res"": 9014.085}, {""temp"": 20.61673, ""step"": 8, ""status"": 1, ""pres"": 966.0323, ""meas_profile"": ""HP-3"", ""meas_id"": 3, ""hum"": 36.05938, ""gas_res"": 5866.178}, {""temp"": 20.55694, ""step"": 8, ""status"": 1, ""pres"": 966.1899, ""meas_profile"": ""HP-2"", ""meas_id"": 2, ""hum"": 36.22268, ""gas_res"": 6269.592}, {""temp"": 20.3105, ""step"": 8, ""status"": 1, ""pres"": 966.2271, ""meas_profile"": ""HP-1"", ""meas_id"": 1, ""hum"": 34.57014, ""gas_res"": 6015.038}]}",NULL,"2025-10-27 12:30:36.756962"
12505,"04a600b9b0b8","2025-10-27 12:29:52","NNHcspJAhKMAWd3edCIZ","{""bme688"": [{""temp"": 20.64812, ""step"": 7, ""status"": 1, ""pres"": 966.2467, ""meas_profile"": ""HP-8"", ""meas_id"": 8, ""hum"": 36.22856, ""gas_res"": 5684.846}, {""temp"": 20.62899, ""step"": 7, ""status"": 1, ""pres"": 966.4522, ""meas_profile"": ""HP-7"", ""meas_id"": 7, ""hum"": 36.10689, ""gas_res"": 5684.846}, {""temp"": 20.70907, ""step"": 7, ""status"": 1, ""pres"": 966.5406, ""meas_profile"": ""HP-6"", ""meas_id"": 6, ""hum"": 35.98714, ""gas_res"": 5918.254}, {""temp"": 20.59554, ""step"": 7, ""status"": 1, ""pres"": 966.3019, ""meas_profile"": ""HP-5"", ""meas_id"": 5, ""hum"": 36.16916, ""gas_res"": 11142.06}, {""temp"": 20.43963, ""step"": 7, ""status"": 1, ""pres"": 966.4539, ""meas_profile"": ""HP-4"", ""meas_id"": 4, ""hum"": 35.54428, ""gas_res"": 8337.676}, {""temp"": 20.61611, ""step"": 7, ""status"": 1, ""pres"": 966.0311, ""meas_profile"": ""HP-3"", ""meas_id"": 3, ""hum"": 36.06511, ""gas_res"": 5684.846}, {""temp"": 20.55663, ""step"": 7, ""status"": 1, ""pres"": 966.1893, ""meas_profile"": ""HP-2"", ""meas_id"": 2, ""hum"": 36.22837, ""gas_res"": 7304.269}, {""temp"": 20.30988, ""step"": 7, ""status"": 1, ""pres"": 966.226, ""meas_profile"": ""HP-1"", ""meas_id"": 1, ""hum"": 34.56422, ""gas_res"": 5684.846}]}",NULL,"2025-10-27 12:30:38.021553"
12506,"04a600b9b0b8","2025-10-27 12:29:52","NNHcspJAhKMAWd3edCIZ","{""bme688"": [{""temp"": 20.64782, ""step"": 6, ""status"": 1, ""pres"": 966.2462, ""meas_profile"": ""HP-8"", ""meas_id"": 8, ""hum"": 36.22853, ""gas_res"": 7818.226}, {""temp"": 20.62899, ""step"": 6, ""status"": 1, ""pres"": 966.4522, ""meas_profile"": ""HP-7"", ""meas_id"": 7, ""hum"": 36.09547, ""gas_res"": 9782.941}, {""temp"": 20.70876, ""step"": 6, ""status"": 1, ""pres"": 966.5401, ""meas_profile"": ""HP-6"", ""meas_id"": 6, ""hum"": 35.97554, ""gas_res"": 24474.19}, {""temp"": 20.59554, ""step"": 6, ""status"": 1, ""pres"": 966.3019, ""meas_profile"": ""HP-5"", ""meas_id"": 5, ""hum"": 36.152, ""gas_res"": 100000.0}, {""temp"": 20.43933, ""step"": 6, ""status"": 1, ""pres"": 966.4533, ""meas_profile"": ""HP-4"", ""meas_id"": 4, ""hum"": 35.54424, ""gas_res"": 104810.6}, {""temp"": 20.61642, ""step"": 6, ""status"": 1, ""pres"": 966.0334, ""meas_profile"": ""HP-3"", ""meas_id"": 3, ""hum"": 36.07092, ""gas_res"": 34015.41}, {""temp"": 20.55694, ""step"": 6, ""status"": 1, ""pres"": 966.1899, ""meas_profile"": ""HP-2"", ""meas_id"": 2, ""hum"": 36.23412, ""gas_res"": 90077.41}, {""temp"": 20.31019, ""step"": 6, ""status"": 1, ""pres"": 966.2265, ""meas_profile"": ""HP-1"", ""meas_id"": 1, ""hum"": 34.55838, ""gas_res"": 40622.02}]}",NULL,"2025-10-27 12:30:39.296258"
12507,"04a600b9b0b8","2025-10-27 12:29:52","NNHcspJAhKMAWd3edCIZ","{""bme688"": [{""temp"": 20.64782, ""step"": 5, ""status"": 1, ""pres"": 966.2462, ""meas_profile"": ""HP-8"", ""meas_id"": 8, ""hum"": 36.20544, ""gas_res"": 7611.798}, {""temp"": 20.62867, ""step"": 5, ""status"": 1, ""pres"": 966.4534, ""meas_profile"": ""HP-7"", ""meas_id"": 7, ""hum"": 36.10115, ""gas_res"": 9520.976}, {""temp"": 20.70845, ""step"": 5, ""status"": 1, ""pres"": 966.5414, ""meas_profile"": ""HP-6"", ""meas_id"": 6, ""hum"": 35.97551, ""gas_res"": 23818.38}, {""temp"": 20.59554, ""step"": 5, ""status"": 1, ""pres"": 966.3019, ""meas_profile"": ""HP-5"", ""meas_id"": 5, ""hum"": 36.18632, ""gas_res"": 100000.0}, {""temp"": 20.43901, ""step"": 5, ""status"": 1, ""pres"": 966.4528, ""meas_profile"": ""HP-4"", ""meas_id"": 4, ""hum"": 35.52687, ""gas_res"": 101265.8}, {""temp"": 20.61642, ""step"": 5, ""status"": 1, ""pres"": 966.0334, ""meas_profile"": ""HP-3"", ""meas_id"": 3, ""hum"": 36.04777, ""gas_res"": 31691.01}, {""temp"": 20.55663, ""step"": 5, ""status"": 1, ""pres"": 966.1893, ""meas_profile"": ""HP-2"", ""meas_id"": 2, ""hum"": 36.25698, ""gas_res"": 83632.8}, {""temp"": 20.31019, ""step"": 5, ""status"": 1, ""pres"": 966.2265, ""meas_profile"": ""HP-1"", ""meas_id"": 1, ""hum"": 34.55251, ""gas_res"": 37155.3}]}",NULL,"2025-10-27 12:30:40.665559"
12508,"04a600b9b0b8","2025-10-27 12:29:52","NNHcspJAhKMAWd3edCIZ","{""bme688"": [{""temp"": 20.6475, ""step"": 4, ""status"": 1, ""pres"": 966.2456, ""meas_profile"": ""HP-8"", ""meas_id"": 8, ""hum"": 36.21696, ""gas_res"": 7380.074}, {""temp"": 20.62867, ""step"": 4, ""status"": 1, ""pres"": 966.4534, ""meas_profile"": ""HP-7"", ""meas_id"": 7, ""hum"": 36.08974, ""gas_res"": 9248.555}, {""temp"": 20.70845, ""step"": 4, ""status"": 1, ""pres"": 966.5414, ""meas_profile"": ""HP-6"", ""meas_id"": 6, ""hum"": 35.96394, ""gas_res"": 25000.0}, {""temp"": 20.59585, ""step"": 4, ""status"": 1, ""pres"": 966.304, ""meas_profile"": ""HP-5"", ""meas_id"": 5, ""hum"": 36.15775, ""gas_res"": 100000.0}, {""temp"": 20.4387, ""step"": 4, ""status"": 1, ""pres"": 966.454, ""meas_profile"": ""HP-4"", ""meas_id"": 4, ""hum"": 35.52683, ""gas_res"": 100136.9}, {""temp"": 20.61642, ""step"": 4, ""status"": 1, ""pres"": 966.0334, ""meas_profile"": ""HP-3"", ""meas_id"": 3, ""hum"": 36.04198, ""gas_res"": 29357.8}, {""temp"": 20.55694, ""step"": 4, ""status"": 1, ""pres"": 966.1916, ""meas_profile"": ""HP-2"", ""meas_id"": 2, ""hum"": 36.22268, ""gas_res"": 45325.78}, {""temp"": 20.31019, ""step"": 4, ""status"": 1, ""pres"": 966.2265, ""meas_profile"": ""HP-1"", ""meas_id"": 1, ""hum"": 34.54664, ""gas_res"": 34151.55}]}",NULL,"2025-10-27 12:30:41.846355"
12509,"04a600b9b0b8","2025-10-27 12:29:52","NNHcspJAhKMAWd3edCIZ","{""bme688"": [{""temp"": 20.6475, ""step"": 3, ""status"": 1, ""pres"": 966.2456, ""meas_profile"": ""HP-8"", ""meas_id"": 8, ""hum"": 36.20541, ""gas_res"": 17255.32}, {""temp"": 20.62836, ""step"": 3, ""status"": 1, ""pres"": 966.4526, ""meas_profile"": ""HP-7"", ""meas_id"": 7, ""hum"": 36.08401, ""gas_res"": 24629.59}, {""temp"": 20.70814, ""step"": 3, ""status"": 1, ""pres"": 966.5408, ""meas_profile"": ""HP-6"", ""meas_id"": 6, ""hum"": 35.99284, ""gas_res"": 94534.71}, {""temp"": 20.59554, ""step"": 3, ""status"": 1, ""pres"": 966.3036, ""meas_profile"": ""HP-5"", ""meas_id"": 5, ""hum"": 36.16344, ""gas_res"": 277206.3}, {""temp"": 20.43839, ""step"": 3, ""status"": 1, ""pres"": 966.4534, ""meas_profile"": ""HP-4"", ""meas_id"": 4, ""hum"": 35.52681, ""gas_res"": 431157.9}, {""temp"": 20.61642, ""step"": 3, ""status"": 1, ""pres"": 966.0334, ""meas_profile"": ""HP-3"", ""meas_id"": 3, ""hum"": 36.03619, ""gas_res"": 175342.5}, {""temp"": 20.55694, ""step"": 3, ""status"": 1, ""pres"": 966.1916, ""meas_profile"": ""HP-2"", ""meas_id"": 2, ""hum"": 36.23412, ""gas_res"": 329048.8}, {""temp"": 20.31019, ""step"": 3, ""status"": 1, ""pres"": 966.2265, ""meas_profile"": ""HP-1"", ""meas_id"": 1, ""hum"": 34.55838, ""gas_res"": 234862.4}]}",NULL,"2025-10-27 12:30:43.146199"
12510,"04a600b9b0b8","2025-10-27 12:29:52","NNHcspJAhKMAWd3edCIZ","{""bme688"": [{""temp"": 20.6472, ""step"": 2, ""status"": 1, ""pres"": 966.2469, ""meas_profile"": ""HP-8"", ""meas_id"": 8, ""hum"": 36.21115, ""gas_res"": 18545.35}, {""temp"": 20.62836, ""step"": 2, ""status"": 1, ""pres"": 966.4543, ""meas_profile"": ""HP-7"", ""meas_id"": 7, ""hum"": 36.09542, ""gas_res"": 25574.43}, {""temp"": 20.70814, ""step"": 2, ""status"": 1, ""pres"": 966.5408, ""meas_profile"": ""HP-6"", ""meas_id"": 6, ""hum"": 35.95812, ""gas_res"": 109168.4}, {""temp"": 20.59554, ""step"": 2, ""status"": 1, ""pres"": 966.3036, ""meas_profile"": ""HP-5"", ""meas_id"": 5, ""hum"": 36.16344, ""gas_res"": 385978.1}, {""temp"": 20.43839, ""step"": 2, ""status"": 1, ""pres"": 966.4534, ""meas_profile"": ""HP-4"", ""meas_id"": 4, ""hum"": 35.51524, ""gas_res"": 507433.1}, {""temp"": 20.61642, ""step"": 2, ""status"": 1, ""pres"": 966.0334, ""meas_profile"": ""HP-3"", ""meas_id"": 3, ""hum"": 36.04198, ""gas_res"": 211047.0}, {""temp"": 20.55663, ""step"": 2, ""status"": 1, ""pres"": 966.191, ""meas_profile"": ""HP-2"", ""meas_id"": 2, ""hum"": 36.2341, ""gas_res"": 376886.3}, {""temp"": 20.30988, ""step"": 2, ""status"": 1, ""pres"": 966.226, ""meas_profile"": ""HP-1"", ""meas_id"": 1, ""hum"": 34.55248, ""gas_res"": 280855.7}]}",NULL,"2025-10-27 12:30:44.423119"
12511,"04a600b9b0b8","2025-10-27 12:29:52","NNHcspJAhKMAWd3edCIZ","{""bme688"": [{""temp"": 20.64689, ""step"": 1, ""status"": 1, ""pres"": 966.2465, ""meas_profile"": ""HP-8"", ""meas_id"": 8, ""hum"": 36.19958, ""gas_res"": 6510.682}, {""temp"": 20.62805, ""step"": 1, ""status"": 1, ""pres"": 966.4539, ""meas_profile"": ""HP-7"", ""meas_id"": 7, ""hum"": 36.09538, ""gas_res"": 6871.376}, {""temp"": 20.70784, ""step"": 1, ""status"": 1, ""pres"": 966.5386, ""meas_profile"": ""HP-6"", ""meas_id"": 6, ""hum"": 35.97545, ""gas_res"": 18181.82}, {""temp"": 20.59554, ""step"": 1, ""status"": 1, ""pres"": 966.3036, ""meas_profile"": ""HP-5"", ""meas_id"": 5, ""hum"": 36.15772, ""gas_res"": 25271.47}, {""temp"": 20.43839, ""step"": 1, ""status"": 1, ""pres"": 966.4534, ""meas_profile"": ""HP-4"", ""meas_id"": 4, ""hum"": 35.51524, ""gas_res"": 26711.19}, {""temp"": 20.61642, ""step"": 1, ""status"": 1, ""pres"": 966.0334, ""meas_profile"": ""HP-3"", ""meas_id"": 3, ""hum"": 36.04198, ""gas_res"": 25000.0}, {""temp"": 20.55694, ""step"": 1, ""status"": 1, ""pres"": 966.1916, ""meas_profile"": ""HP-2"", ""meas_id"": 2, ""hum"": 36.22268, ""gas_res"": 25000.0}, {""temp"": 20.30988, ""step"": 1, ""status"": 1, ""pres"": 966.226, ""meas_profile"": ""HP-1"", ""meas_id"": 1, ""hum"": 34.56422, ""gas_res"": 25000.0}]}",NULL,"2025-10-27 12:30:45.790345"
12512,"04a600b9b0b8","2025-10-27 12:29:52","NNHcspJAhKMAWd3edCIZ","{""bme688"": [{""temp"": 20.64627, ""step"": 0, ""status"": 1, ""pres"": 966.2455, ""meas_profile"": ""HP-8"", ""meas_id"": 8, ""hum"": 36.21684, ""gas_res"": 5684.846}, {""temp"": 20.62774, ""step"": 0, ""status"": 1, ""pres"": 966.4535, ""meas_profile"": ""HP-7"", ""meas_id"": 7, ""hum"": 36.08965, ""gas_res"": 5684.846}, {""temp"": 20.70784, ""step"": 0, ""status"": 1, ""pres"": 966.5386, ""meas_profile"": ""HP-6"", ""meas_id"": 6, ""hum"": 35.96388, ""gas_res"": 7239.819}, {""temp"": 20.59585, ""step"": 0, ""status"": 1, ""pres"": 966.3057, ""meas_profile"": ""HP-5"", ""meas_id"": 5, ""hum"": 36.15203, ""gas_res"": 9984.399}, {""temp"": 20.43839, ""step"": 0, ""status"": 1, ""pres"": 966.4551, ""meas_profile"": ""HP-4"", ""meas_id"": 4, ""hum"": 35.50946, ""gas_res"": 7462.687}, {""temp"": 20.61611, ""step"": 0, ""status"": 1, ""pres"": 966.0344, ""meas_profile"": ""HP-3"", ""meas_id"": 3, ""hum"": 36.03616, ""gas_res"": 5684.846}, {""temp"": 20.55694, ""step"": 0, ""status"": 1, ""pres"": 966.1916, ""meas_profile"": ""HP-2"", ""meas_id"": 2, ""hum"": 36.22268, ""gas_res"": 6393.606}, {""temp"": 20.30956, ""step"": 0, ""status"": 1, ""pres"": 966.2273, ""meas_profile"": ""HP-1"", ""meas_id"": 1, ""hum"": 34.56419, ""gas_res"": 5684.846}]}",NULL,"2025-10-27 12:30:46.977321"
12513,"04a600b9b0b8","2025-10-27 12:29:09","NNHcspJAhKMAWd3edCIZ","{""zphs01b"": {""voc"": 0, ""temp"": 17.6, ""pm2_5"": 0, ""pm1_0"": 0, ""pm10"": 341, ""o3"": 0.02, ""no2"": 10.0, ""hum"": 0, ""fmhd"": 0, ""co2"": 5000, ""co"": 0.0}, ""smell_b"": {}, ""sfa30"": {""temp"": 20.775, ""hum"": 36.36, ""fmhd"": 2.4}, ""sen5x"": {""voc"": 91.0, ""temp"": 20.595, ""pm4_0"": 3624.9, ""pm2_5"": 3624.9, ""pm1_0"": 3456.6, ""pm10"": 3624.9, ""nox"": 1.0, ""mass_c"": 3582.825, ""hum"": 41.35}, ""scd41"": {""temp"": 19.97978, ""hum"": 39.91913, ""co2"": 585}, ""power_source"": 0, ""mics6814"": {""red_res"": 0, ""no2_res"": 0, ""no2"": 0.17, ""nh3_res"": 0, ""nh3"": 0.73, ""co_res"": 0, ""co"": 44.0}}",NULL,"2025-10-27 12:30:48.151021"
12514,"04a600b9b0b8","2025-10-27 12:29:09","NNHcspJAhKMAWd3edCIZ","{""bme688"": [{""temp"": 20.64596, ""step"": 9, ""status"": 1, ""pres"": 966.2468, ""meas_profile"": ""HP-8"", ""meas_id"": 8, ""hum"": 36.23413, ""gas_res"": 5684.846}, {""temp"": 20.62743, ""step"": 9, ""status"": 1, ""pres"": 966.4545, ""meas_profile"": ""HP-7"", ""meas_id"": 7, ""hum"": 36.07251, ""gas_res"": 5684.846}, {""temp"": 20.70753, ""step"": 9, ""status"": 1, ""pres"": 966.5399, ""meas_profile"": ""HP-6"", ""meas_id"": 6, ""hum"": 35.95806, ""gas_res"": 5892.101}, {""temp"": 20.59585, ""step"": 9, ""status"": 1, ""pres"": 966.3057, ""meas_profile"": ""HP-5"", ""meas_id"": 5, ""hum"": 36.12344, ""gas_res"": 8606.778}, {""temp"": 20.43839, ""step"": 9, ""status"": 1, ""pres"": 966.4551, ""meas_profile"": ""HP-4"", ""meas_id"": 4, ""hum"": 35.50367, ""gas_res"": 6236.601}, {""temp"": 20.6158, ""step"": 9, ""status"": 1, ""pres"": 966.0341, ""meas_profile"": ""HP-3"", ""meas_id"": 3, ""hum"": 36.01878, ""gas_res"": 5684.846}, {""temp"": 20.55663, ""step"": 9, ""status"": 1, ""pres"": 966.191, ""meas_profile"": ""HP-2"", ""meas_id"": 2, ""hum"": 36.17689, ""gas_res"": 5684.846}, {""temp"": 20.30925, ""step"": 9, ""status"": 1, ""pres"": 966.2251, ""meas_profile"": ""HP-1"", ""meas_id"": 1, ""hum"": 34.52896, ""gas_res"": 5684.846}]}",NULL,"2025-10-27 12:30:49.539998"
12515,"04a600b9b0b8","2025-10-27 12:29:09","NNHcspJAhKMAWd3edCIZ","{""bme688"": [{""temp"": 20.64534, ""step"": 8, ""status"": 1, ""pres"": 966.2458, ""meas_profile"": ""HP-8"", ""meas_id"": 8, ""hum"": 36.21098, ""gas_res"": 5684.846}, {""temp"": 20.62712, ""step"": 8, ""status"": 1, ""pres"": 966.4542, ""meas_profile"": ""HP-7"", ""meas_id"": 7, ""hum"": 36.06107, ""gas_res"": 5684.846}, {""temp"": 20.70722, ""step"": 8, ""status"": 1, ""pres"": 966.5393, ""meas_profile"": ""HP-6"", ""meas_id"": 6, ""hum"": 35.93489, ""gas_res"": 5684.846}, {""temp"": 20.59585, ""step"": 8, ""status"": 1, ""pres"": 966.3057, ""meas_profile"": ""HP-5"", ""meas_id"": 5, ""hum"": 36.12916, ""gas_res"": 7600.95}, {""temp"": 20.43808, ""step"": 8, ""status"": 1, ""pres"": 966.4562, ""meas_profile"": ""HP-4"", ""meas_id"": 4, ""hum"": 35.49786, ""gas_res"": 5931.418}, {""temp"": 20.61518, ""step"": 8, ""status"": 1, ""pres"": 966.033, ""meas_profile"": ""HP-3"", ""meas_id"": 3, ""hum"": 36.0245, ""gas_res"": 5684.846}, {""temp"": 20.55632, ""step"": 8, ""status"": 1, ""pres"": 966.1905, ""meas_profile"": ""HP-2"", ""meas_id"": 2, ""hum"": 36.1883, ""gas_res"": 5684.846}, {""temp"": 20.30894, ""step"": 8, ""status"": 1, ""pres"": 966.2245, ""meas_profile"": ""HP-1"", ""meas_id"": 1, ""hum"": 34.52306, ""gas_res"": 5684.846}]}",NULL,"2025-10-27 12:30:50.934134"
12516,"04a600b9b0b8","2025-10-27 12:29:09","NNHcspJAhKMAWd3edCIZ","{""bme688"": [{""temp"": 20.64503, ""step"": 7, ""status"": 1, ""pres"": 966.2453, ""meas_profile"": ""HP-8"", ""meas_id"": 8, ""hum"": 36.19363, ""gas_res"": 5684.846}, {""temp"": 20.6265, ""step"": 7, ""status"": 1, ""pres"": 966.4548, ""meas_profile"": ""HP-7"", ""meas_id"": 7, ""hum"": 36.07812, ""gas_res"": 5684.846}, {""temp"": 20.70691, ""step"": 7, ""status"": 1, ""pres"": 966.5388, ""meas_profile"": ""HP-6"", ""meas_id"": 6, ""hum"": 35.95221, ""gas_res"": 5684.846}, {""temp"": 20.59585, ""step"": 7, ""status"": 1, ""pres"": 966.3057, ""meas_profile"": ""HP-5"", ""meas_id"": 5, ""hum"": 36.13488, ""gas_res"": 7067.138}, {""temp"": 20.43808, ""step"": 7, ""status"": 1, ""pres"": 966.4562, ""meas_profile"": ""HP-4"", ""meas_id"": 4, ""hum"": 35.48629, ""gas_res"": 7254.591}, {""temp"": 20.61488, ""step"": 7, ""status"": 1, ""pres"": 966.0341, ""meas_profile"": ""HP-3"", ""meas_id"": 3, ""hum"": 36.00711, ""gas_res"": 5684.846}, {""temp"": 20.55601, ""step"": 7, ""status"": 1, ""pres"": 966.19, ""meas_profile"": ""HP-2"", ""meas_id"": 2, ""hum"": 36.17111, ""gas_res"": 5684.846}, {""temp"": 20.30832, ""step"": 7, ""status"": 1, ""pres"": 966.2237, ""meas_profile"": ""HP-1"", ""meas_id"": 1, ""hum"": 34.51714, ""gas_res"": 5684.846}]}",NULL,"2025-10-27 12:30:52.103613"
12517,"04a600b9b0b8","2025-10-27 12:29:09","NNHcspJAhKMAWd3edCIZ","{""bme688"": [{""temp"": 20.64473, ""step"": 6, ""status"": 1, ""pres"": 966.2449, ""meas_profile"": ""HP-8"", ""meas_id"": 8, ""hum"": 36.1936, ""gas_res"": 7504.69}, {""temp"": 20.6265, ""step"": 6, ""status"": 1, ""pres"": 966.4548, ""meas_profile"": ""HP-7"", ""meas_id"": 7, ""hum"": 36.07242, ""gas_res"": 9014.085}, {""temp"": 20.70722, ""step"": 6, ""status"": 1, ""pres"": 966.5393, ""meas_profile"": ""HP-6"", ""meas_id"": 6, ""hum"": 35.9291, ""gas_res"": 25000.0}, {""temp"": 20.59616, ""step"": 6, ""status"": 1, ""pres"": 966.3079, ""meas_profile"": ""HP-5"", ""meas_id"": 5, ""hum"": 36.12919, ""gas_res"": 40163.16}, {""temp"": 20.43808, ""step"": 6, ""status"": 1, ""pres"": 966.4562, ""meas_profile"": ""HP-4"", ""meas_id"": 4, ""hum"": 35.48629, ""gas_res"": 39275.85}, {""temp"": 20.61488, ""step"": 6, ""status"": 1, ""pres"": 966.0341, ""meas_profile"": ""HP-3"", ""meas_id"": 3, ""hum"": 36.00711, ""gas_res"": 23230.49}, {""temp"": 20.55632, ""step"": 6, ""status"": 1, ""pres"": 966.1905, ""meas_profile"": ""HP-2"", ""meas_id"": 2, ""hum"": 36.1883, ""gas_res"": 25000.0}, {""temp"": 20.30863, ""step"": 6, ""status"": 1, ""pres"": 966.2258, ""meas_profile"": ""HP-1"", ""meas_id"": 1, ""hum"": 34.52303, ""gas_res"": 25000.0}]}",NULL,"2025-10-27 12:30:53.372588"
12518,"04a600b9b0b8","2025-10-27 12:29:09","NNHcspJAhKMAWd3edCIZ","{""bme688"": [{""temp"": 20.64473, ""step"": 5, ""status"": 1, ""pres"": 966.2449, ""meas_profile"": ""HP-8"", ""meas_id"": 8, ""hum"": 36.20515, ""gas_res"": 7515.266}, {""temp"": 20.6265, ""step"": 5, ""status"": 1, ""pres"": 966.4548, ""meas_profile"": ""HP-7"", ""meas_id"": 7, ""hum"": 36.08383, ""gas_res"": 9044.658}, {""temp"": 20.70722, ""step"": 5, ""status"": 1, ""pres"": 966.5393, ""meas_profile"": ""HP-6"", ""meas_id"": 6, ""hum"": 35.94067, ""gas_res"": 25000.0}, {""temp"": 20.59616, ""step"": 5, ""status"": 1, ""pres"": 966.3079, ""meas_profile"": ""HP-5"", ""meas_id"": 5, ""hum"": 36.09489, ""gas_res"": 39677.62}, {""temp"": 20.43839, ""step"": 5, ""status"": 1, ""pres"": 966.4568, ""meas_profile"": ""HP-4"", ""meas_id"": 4, ""hum"": 35.48055, ""gas_res"": 37713.61}, {""temp"": 20.61488, ""step"": 5, ""status"": 1, ""pres"": 966.0341, ""meas_profile"": ""HP-3"", ""meas_id"": 3, ""hum"": 36.00132, ""gas_res"": 21157.03}, {""temp"": 20.55632, ""step"": 5, ""status"": 1, ""pres"": 966.1905, ""meas_profile"": ""HP-2"", ""meas_id"": 2, ""hum"": 36.17686, ""gas_res"": 25000.0}, {""temp"": 20.30894, ""step"": 5, ""status"": 1, ""pres"": 966.2263, ""meas_profile"": ""HP-1"", ""meas_id"": 1, ""hum"": 34.50546, ""gas_res"": 23230.49}]}",NULL,"2025-10-27 12:30:54.651156"
12519,"04a600b9b0b8","2025-10-27 12:29:09","NNHcspJAhKMAWd3edCIZ","{""bme688"": [{""temp"": 20.64442, ""step"": 4, ""status"": 1, ""pres"": 966.246, ""meas_profile"": ""HP-8"", ""meas_id"": 8, ""hum"": 36.19935, ""gas_res"": 7661.0}, {""temp"": 20.6265, ""step"": 4, ""status"": 1, ""pres"": 966.4548, ""meas_profile"": ""HP-7"", ""meas_id"": 7, ""hum"": 36.06101, ""gas_res"": 9240.543}, {""temp"": 20.70753, ""step"": 4, ""status"": 1, ""pres"": 966.5399, ""meas_profile"": ""HP-6"", ""meas_id"": 6, ""hum"": 35.95228, ""gas_res"": 25000.0}, {""temp"": 20.59648, ""step"": 4, ""status"": 1, ""pres"": 966.3086, ""meas_profile"": ""HP-5"", ""meas_id"": 5, ""hum"": 36.1235, ""gas_res"": 40429.56}, {""temp"": 20.4387, ""step"": 4, ""status"": 1, ""pres"": 966.4589, ""meas_profile"": ""HP-4"", ""meas_id"": 4, ""hum"": 35.49214, ""gas_res"": 37914.69}, {""temp"": 20.61488, ""step"": 4, ""status"": 1, ""pres"": 966.0341, ""meas_profile"": ""HP-3"", ""meas_id"": 3, ""hum"": 36.00132, ""gas_res"": 19547.95}, {""temp"": 20.55663, ""step"": 4, ""status"": 1, ""pres"": 966.1926, ""meas_profile"": ""HP-2"", ""meas_id"": 2, ""hum"": 36.18833, ""gas_res"": 25000.0}, {""temp"": 20.30863, ""step"": 4, ""status"": 1, ""pres"": 966.2241, ""meas_profile"": ""HP-1"", ""meas_id"": 1, ""hum"": 34.49371, ""gas_res"": 20887.73}]}",NULL,"2025-10-27 12:30:56.028354"
12520,"04a600b9b0b8","2025-10-27 12:29:09","NNHcspJAhKMAWd3edCIZ","{""bme688"": [{""temp"": 20.64442, ""step"": 3, ""status"": 1, ""pres"": 966.2443, ""meas_profile"": ""HP-8"", ""meas_id"": 8, ""hum"": 36.22243, ""gas_res"": 24801.39}, {""temp"": 20.62619, ""step"": 3, ""status"": 1, ""pres"": 966.4559, ""meas_profile"": ""HP-7"", ""meas_id"": 7, ""hum"": 36.06668, ""gas_res"": 33169.21}, {""temp"": 20.70753, ""step"": 3, ""status"": 1, ""pres"": 966.5382, ""meas_profile"": ""HP-6"", ""meas_id"": 6, ""hum"": 35.9407, ""gas_res"": 89229.7}, {""temp"": 20.59648, ""step"": 3, ""status"": 1, ""pres"": 966.3086, ""meas_profile"": ""HP-5"", ""meas_id"": 5, ""hum"": 36.13494, ""gas_res"": 248182.3}, {""temp"": 20.43839, ""step"": 3, ""status"": 1, ""pres"": 966.4584, ""meas_profile"": ""HP-4"", ""meas_id"": 4, ""hum"": 35.49211, ""gas_res"": 293662.2}, {""temp"": 20.61488, ""step"": 3, ""status"": 1, ""pres"": 966.0341, ""meas_profile"": ""HP-3"", ""meas_id"": 3, ""hum"": 36.00132, ""gas_res"": 102175.2}, {""temp"": 20.55663, ""step"": 3, ""status"": 1, ""pres"": 966.1926, ""meas_profile"": ""HP-2"", ""meas_id"": 2, ""hum"": 36.19405, ""gas_res"": 179964.8}, {""temp"": 20.30863, ""step"": 3, ""status"": 1, ""pres"": 966.2241, ""meas_profile"": ""HP-1"", ""meas_id"": 1, ""hum"": 34.50544, ""gas_res"": 122752.3}]}",NULL,"2025-10-27 12:30:57.214037"
12521,"04a600b9b0b8","2025-10-27 12:29:09","NNHcspJAhKMAWd3edCIZ","{""bme688"": [{""temp"": 20.64411, ""step"": 2, ""status"": 1, ""pres"": 966.2439, ""meas_profile"": ""HP-8"", ""meas_id"": 8, ""hum"": 36.18777, ""gas_res"": 21895.31}, {""temp"": 20.62619, ""step"": 2, ""status"": 1, ""pres"": 966.4559, ""meas_profile"": ""HP-7"", ""meas_id"": 7, ""hum"": 36.06668, ""gas_res"": 27844.25}, {""temp"": 20.70722, ""step"": 2, ""status"": 1, ""pres"": 966.5376, ""meas_profile"": ""HP-6"", ""meas_id"": 6, ""hum"": 35.94067, ""gas_res"": 76923.08}, {""temp"": 20.59648, ""step"": 2, ""status"": 1, ""pres"": 966.3086, ""meas_profile"": ""HP-5"", ""meas_id"": 5, ""hum"": 36.1235, ""gas_res"": 224364.6}, {""temp"": 20.43839, ""step"": 2, ""status"": 1, ""pres"": 966.4584, ""meas_profile"": ""HP-4"", ""meas_id"": 4, ""hum"": 35.49789, ""gas_res"": 262295.1}, {""temp"": 20.61488, ""step"": 2, ""status"": 1, ""pres"": 966.0341, ""meas_profile"": ""HP-3"", ""meas_id"": 3, ""hum"": 36.0129, ""gas_res"": 81476.77}, {""temp"": 20.55663, ""step"": 2, ""status"": 1, ""pres"": 966.1926, ""meas_profile"": ""HP-2"", ""meas_id"": 2, ""hum"": 36.16545, ""gas_res"": 139967.2}, {""temp"": 20.30863, ""step"": 2, ""status"": 1, ""pres"": 966.2258, ""meas_profile"": ""HP-1"", ""meas_id"": 1, ""hum"": 34.50544, ""gas_res"": 95008.35}]}",NULL,"2025-10-27 12:30:58.499106"
12522,"04a600b9b0b8","2025-10-27 12:29:09","NNHcspJAhKMAWd3edCIZ","{""bme688"": [{""temp"": 20.64411, ""step"": 1, ""status"": 1, ""pres"": 966.2439, ""meas_profile"": ""HP-8"", ""meas_id"": 8, ""hum"": 36.19932, ""gas_res"": 6412.826}, {""temp"": 20.62619, ""step"": 1, ""status"": 1, ""pres"": 966.4559, ""meas_profile"": ""HP-7"", ""meas_id"": 7, ""hum"": 36.0895, ""gas_res"": 5994.754}, {""temp"": 20.70753, ""step"": 1, ""status"": 1, ""pres"": 966.5382, ""meas_profile"": ""HP-6"", ""meas_id"": 6, ""hum"": 35.95806, ""gas_res"": 10382.87}, {""temp"": 20.59679, ""step"": 1, ""status"": 1, ""pres"": 966.3108, ""meas_profile"": ""HP-5"", ""meas_id"": 5, ""hum"": 36.14069, ""gas_res"": 25000.0}, {""temp"": 20.4387, ""step"": 1, ""status"": 1, ""pres"": 966.4589, ""meas_profile"": ""HP-4"", ""meas_id"": 4, ""hum"": 35.5037, ""gas_res"": 25000.0}, {""temp"": 20.61518, ""step"": 1, ""status"": 1, ""pres"": 966.0347, ""meas_profile"": ""HP-3"", ""meas_id"": 3, ""hum"": 36.0245, ""gas_res"": 9192.761}, {""temp"": 20.55663, ""step"": 1, ""status"": 1, ""pres"": 966.1926, ""meas_profile"": ""HP-2"", ""meas_id"": 2, ""hum"": 36.19977, ""gas_res"": 18513.16}, {""temp"": 20.30894, ""step"": 1, ""status"": 1, ""pres"": 966.2263, ""meas_profile"": ""HP-1"", ""meas_id"": 1, ""hum"": 34.51719, ""gas_res"": 9272.675}]}",NULL,"2025-10-27 12:30:59.791051"
12523,"04a600b9b0b8","2025-10-27 12:29:09","NNHcspJAhKMAWd3edCIZ","{""bme688"": [{""temp"": 20.64349, ""step"": 0, ""status"": 1, ""pres"": 966.2447, ""meas_profile"": ""HP-8"", ""meas_id"": 8, ""hum"": 36.18772, ""gas_res"": 5684.846}, {""temp"": 20.62588, ""step"": 0, ""status"": 1, ""pres"": 966.457, ""meas_profile"": ""HP-7"", ""meas_id"": 7, ""hum"": 36.06665, ""gas_res"": 5684.846}, {""temp"": 20.70722, ""step"": 0, ""status"": 1, ""pres"": 966.5393, ""meas_profile"": ""HP-6"", ""meas_id"": 6, ""hum"": 35.94646, ""gas_res"": 6028.636}, {""temp"": 20.59648, ""step"": 0, ""status"": 1, ""pres"": 966.3102, ""meas_profile"": ""HP-5"", ""meas_id"": 5, ""hum"": 36.1235, ""gas_res"": 7494.145}, {""temp"": 20.43839, ""step"": 0, ""status"": 1, ""pres"": 966.4601, ""meas_profile"": ""HP-4"", ""meas_id"": 4, ""hum"": 35.48633, ""gas_res"": 7982.041}, {""temp"": 20.61457, ""step"": 0, ""status"": 1, ""pres"": 966.0355, ""meas_profile"": ""HP-3"", ""meas_id"": 3, ""hum"": 36.00708, ""gas_res"": 5684.846}, {""temp"": 20.55632, ""step"": 0, ""status"": 1, ""pres"": 966.1922, ""meas_profile"": ""HP-2"", ""meas_id"": 2, ""hum"": 36.1883, ""gas_res"": 5684.846}, {""temp"": 20.30832, ""step"": 0, ""status"": 1, ""pres"": 966.2255, ""meas_profile"": ""HP-1"", ""meas_id"": 1, ""hum"": 34.51714, ""gas_res"": 5684.846}]}",NULL,"2025-10-27 12:31:01.159482"
12546,"04a600b9b0b8","2025-10-27 12:31:42","NNHcspJAhKMAWd3edCIZ","{""zphs01b"": {""voc"": 0, ""temp"": 17.9, ""pm2_5"": 0, ""pm1_0"": 0, ""pm10"": 383, ""o3"": 0.02, ""no2"": 10.0, ""hum"": 0, ""fmhd"": 0, ""co2"": 5000, ""co"": 0.0}, ""smell_b"": {}, ""sfa30"": {""temp"": 20.84, ""hum"": 36.37, ""fmhd"": 2.6}, ""sen5x"": {""voc"": 100.0, ""temp"": 20.505, ""pm4_0"": 4441.1, ""pm2_5"": 4441.1, ""pm1_0"": 4234.9, ""pm10"": 4441.1, ""nox"": 1.0, ""mass_c"": 4389.55, ""hum"": 42.1}, ""scd41"": {""temp"": 20.0412, ""hum"": 40.98878, ""co2"": 580}, ""power_source"": 0, ""mics6814"": {""red_res"": 0, ""no2_res"": 0, ""no2"": 0.17, ""nh3_res"": 0, ""nh3"": 0.73, ""co_res"": 0, ""co"": 44.0}}",NULL,"2025-10-27 12:32:00.093106"
12547,"04a600b9b0b8","2025-10-27 12:31:42","NNHcspJAhKMAWd3edCIZ","{""bme688"": [{""temp"": 20.65708, ""step"": 9, ""status"": 1, ""pres"": 966.2502, ""meas_profile"": ""HP-8"", ""meas_id"": 8, ""hum"": 36.24096, ""gas_res"": 5684.846}, {""temp"": 20.63551, ""step"": 9, ""status"": 1, ""pres"": 966.4528, ""meas_profile"": ""HP-7"", ""meas_id"": 7, ""hum"": 36.08468, ""gas_res"": 5684.846}, {""temp"": 20.71463, ""step"": 9, ""status"": 1, ""pres"": 966.5425, ""meas_profile"": ""HP-6"", ""meas_id"": 6, ""hum"": 35.98188, ""gas_res"": 6424.413}, {""temp"": 20.59992, ""step"": 9, ""status"": 1, ""pres"": 966.3006, ""meas_profile"": ""HP-5"", ""meas_id"": 5, ""hum"": 36.15814, ""gas_res"": 19857.28}, {""temp"": 20.44305, ""step"": 9, ""status"": 1, ""pres"": 966.446, ""meas_profile"": ""HP-4"", ""meas_id"": 4, ""hum"": 35.52724, ""gas_res"": 10684.47}, {""temp"": 20.62137, ""step"": 9, ""status"": 1, ""pres"": 966.033, ""meas_profile"": ""HP-3"", ""meas_id"": 3, ""hum"": 36.06561, ""gas_res"": 6011.647}, {""temp"": 20.56098, ""step"": 9, ""status"": 1, ""pres"": 966.1897, ""meas_profile"": ""HP-2"", ""meas_id"": 2, ""hum"": 36.25168, ""gas_res"": 7677.543}, {""temp"": 20.31517, ""step"": 9, ""status"": 1, ""pres"": 966.2288, ""meas_profile"": ""HP-1"", ""meas_id"": 1, ""hum"": 34.57643, ""gas_res"": 7617.234}]}",NULL,"2025-10-27 12:32:01.206928"
12548,"04a600b9b0b8","2025-10-27 12:31:42","NNHcspJAhKMAWd3edCIZ","{""bme688"": [{""temp"": 20.65584, ""step"": 8, ""status"": 1, ""pres"": 966.2484, ""meas_profile"": ""HP-8"", ""meas_id"": 8, ""hum"": 36.24662, ""gas_res"": 5684.846}, {""temp"": 20.63488, ""step"": 8, ""status"": 1, ""pres"": 966.4517, ""meas_profile"": ""HP-7"", ""meas_id"": 7, ""hum"": 36.09604, ""gas_res"": 5684.846}, {""temp"": 20.71401, ""step"": 8, ""status"": 1, ""pres"": 966.5433, ""meas_profile"": ""HP-6"", ""meas_id"": 6, ""hum"": 35.97025, ""gas_res"": 6562.756}, {""temp"": 20.59929, ""step"": 8, ""status"": 1, ""pres"": 966.2997, ""meas_profile"": ""HP-5"", ""meas_id"": 5, ""hum"": 36.15237, ""gas_res"": 18212.86}, {""temp"": 20.44274, ""step"": 8, ""status"": 1, ""pres"": 966.4473, ""meas_profile"": ""HP-4"", ""meas_id"": 4, ""hum"": 35.53878, ""gas_res"": 10050.25}, {""temp"": 20.62075, ""step"": 8, ""status"": 1, ""pres"": 966.0321, ""meas_profile"": ""HP-3"", ""meas_id"": 3, ""hum"": 36.06554, ""gas_res"": 7011.394}, {""temp"": 20.56036, ""step"": 8, ""status"": 1, ""pres"": 966.1887, ""meas_profile"": ""HP-2"", ""meas_id"": 2, ""hum"": 36.2459, ""gas_res"": 7289.294}, {""temp"": 20.31454, ""step"": 8, ""status"": 1, ""pres"": 966.2277, ""meas_profile"": ""HP-1"", ""meas_id"": 1, ""hum"": 34.56464, ""gas_res"": 7309.273}]}",NULL,"2025-10-27 12:32:02.590723"
12549,"04a600b9b0b8","2025-10-27 12:31:42","NNHcspJAhKMAWd3edCIZ","{""bme688"": [{""temp"": 20.65492, ""step"": 7, ""status"": 1, ""pres"": 966.2484, ""meas_profile"": ""HP-8"", ""meas_id"": 8, ""hum"": 36.23499, ""gas_res"": 5684.846}, {""temp"": 20.63395, ""step"": 7, ""status"": 1, ""pres"": 966.4519, ""meas_profile"": ""HP-7"", ""meas_id"": 7, ""hum"": 36.09024, ""gas_res"": 5684.846}, {""temp"": 20.71339, ""step"": 7, ""status"": 1, ""pres"": 966.5422, ""meas_profile"": ""HP-6"", ""meas_id"": 6, ""hum"": 35.98176, ""gas_res"": 6546.645}, {""temp"": 20.59867, ""step"": 7, ""status"": 1, ""pres"": 966.3003, ""meas_profile"": ""HP-5"", ""meas_id"": 5, ""hum"": 36.15231, ""gas_res"": 17655.17}, {""temp"": 20.44243, ""step"": 7, ""status"": 1, ""pres"": 966.4483, ""meas_profile"": ""HP-4"", ""meas_id"": 4, ""hum"": 35.53875, ""gas_res"": 9240.543}, {""temp"": 20.62013, ""step"": 7, ""status"": 1, ""pres"": 966.0326, ""meas_profile"": ""HP-3"", ""meas_id"": 3, ""hum"": 36.0597, ""gas_res"": 6299.212}, {""temp"": 20.56005, ""step"": 7, ""status"": 1, ""pres"": 966.1898, ""meas_profile"": ""HP-2"", ""meas_id"": 2, ""hum"": 36.25158, ""gas_res"": 6514.658}, {""temp"": 20.31392, ""step"": 7, ""status"": 1, ""pres"": 966.2268, ""meas_profile"": ""HP-1"", ""meas_id"": 1, ""hum"": 34.58806, ""gas_res"": 6599.299}]}",NULL,"2025-10-27 12:32:03.794456"
12550,"04a600b9b0b8","2025-10-27 12:31:42","NNHcspJAhKMAWd3edCIZ","{""bme688"": [{""temp"": 20.6543, ""step"": 6, ""status"": 1, ""pres"": 966.2493, ""meas_profile"": ""HP-8"", ""meas_id"": 8, ""hum"": 36.24648, ""gas_res"": 8000.0}, {""temp"": 20.63364, ""step"": 6, ""status"": 1, ""pres"": 966.4531, ""meas_profile"": ""HP-7"", ""meas_id"": 7, ""hum"": 36.09592, ""gas_res"": 9965.743}, {""temp"": 20.71308, ""step"": 6, ""status"": 1, ""pres"": 966.5419, ""meas_profile"": ""HP-6"", ""meas_id"": 6, ""hum"": 35.97594, ""gas_res"": 25000.0}, {""temp"": 20.59835, ""step"": 6, ""status"": 1, ""pres"": 966.2999, ""meas_profile"": ""HP-5"", ""meas_id"": 5, ""hum"": 36.18087, ""gas_res"": 100000.0}, {""temp"": 20.44212, ""step"": 6, ""status"": 1, ""pres"": 966.4478, ""meas_profile"": ""HP-4"", ""meas_id"": 4, ""hum"": 35.54451, ""gas_res"": 100000.0}, {""temp"": 20.61982, ""step"": 6, ""status"": 1, ""pres"": 966.0322, ""meas_profile"": ""HP-3"", ""meas_id"": 3, ""hum"": 36.06545, ""gas_res"": 31880.45}, {""temp"": 20.55943, ""step"": 6, ""status"": 1, ""pres"": 966.1888, ""meas_profile"": ""HP-2"", ""meas_id"": 2, ""hum"": 36.23436, ""gas_res"": 83387.63}, {""temp"": 20.31361, ""step"": 6, ""status"": 1, ""pres"": 966.2281, ""meas_profile"": ""HP-1"", ""meas_id"": 1, ""hum"": 34.58803, ""gas_res"": 38254.63}]}",NULL,"2025-10-27 12:32:05.05913"
12551,"04a600b9b0b8","2025-10-27 12:31:42","NNHcspJAhKMAWd3edCIZ","{""bme688"": [{""temp"": 20.65368, ""step"": 5, ""status"": 1, ""pres"": 966.2484, ""meas_profile"": ""HP-8"", ""meas_id"": 8, ""hum"": 36.25797, ""gas_res"": 7905.138}, {""temp"": 20.63333, ""step"": 5, ""status"": 1, ""pres"": 966.4526, ""meas_profile"": ""HP-7"", ""meas_id"": 7, ""hum"": 36.11301, ""gas_res"": 9891.809}, {""temp"": 20.71277, ""step"": 5, ""status"": 1, ""pres"": 966.5432, ""meas_profile"": ""HP-6"", ""meas_id"": 6, ""hum"": 35.98749, ""gas_res"": 25000.0}, {""temp"": 20.59804, ""step"": 5, ""status"": 1, ""pres"": 966.301, ""meas_profile"": ""HP-5"", ""meas_id"": 5, ""hum"": 36.18085, ""gas_res"": 100000.0}, {""temp"": 20.44181, ""step"": 5, ""status"": 1, ""pres"": 966.449, ""meas_profile"": ""HP-4"", ""meas_id"": 4, ""hum"": 35.55605, ""gas_res"": 100000.0}, {""temp"": 20.61951, ""step"": 5, ""status"": 1, ""pres"": 966.0316, ""meas_profile"": ""HP-3"", ""meas_id"": 3, ""hum"": 36.06543, ""gas_res"": 29809.04}, {""temp"": 20.55912, ""step"": 5, ""status"": 1, ""pres"": 966.1884, ""meas_profile"": ""HP-2"", ""meas_id"": 2, ""hum"": 36.24577, ""gas_res"": 44755.25}, {""temp"": 20.3133, ""step"": 5, ""status"": 1, ""pres"": 966.2277, ""meas_profile"": ""HP-1"", ""meas_id"": 1, ""hum"": 34.6056, ""gas_res"": 35078.11}]}",NULL,"2025-10-27 12:32:06.345459"
12552,"04a600b9b0b8","2025-10-27 12:31:42","NNHcspJAhKMAWd3edCIZ","{""bme688"": [{""temp"": 20.65276, ""step"": 4, ""status"": 1, ""pres"": 966.2487, ""meas_profile"": ""HP-8"", ""meas_id"": 8, ""hum"": 36.25788, ""gas_res"": 7789.679}, {""temp"": 20.63271, ""step"": 4, ""status"": 1, ""pres"": 966.4532, ""meas_profile"": ""HP-7"", ""meas_id"": 7, ""hum"": 36.11295, ""gas_res"": 9738.283}, {""temp"": 20.71247, ""step"": 4, ""status"": 1, ""pres"": 966.5426, ""meas_profile"": ""HP-6"", ""meas_id"": 6, ""hum"": 35.99325, ""gas_res"": 25000.0}, {""temp"": 20.59773, ""step"": 4, ""status"": 1, ""pres"": 966.3004, ""meas_profile"": ""HP-5"", ""meas_id"": 5, ""hum"": 36.19226, ""gas_res"": 100000.0}, {""temp"": 20.4415, ""step"": 4, ""status"": 1, ""pres"": 966.4501, ""meas_profile"": ""HP-4"", ""meas_id"": 4, ""hum"": 35.54445, ""gas_res"": 100000.0}, {""temp"": 20.6192, ""step"": 4, ""status"": 1, ""pres"": 966.0329, ""meas_profile"": ""HP-3"", ""meas_id"": 3, ""hum"": 36.08276, ""gas_res"": 27379.68}, {""temp"": 20.55912, ""step"": 4, ""status"": 1, ""pres"": 966.1902, ""meas_profile"": ""HP-2"", ""meas_id"": 2, ""hum"": 36.25722, ""gas_res"": 41131.11}, {""temp"": 20.31299, ""step"": 4, ""status"": 1, ""pres"": 966.2271, ""meas_profile"": ""HP-1"", ""meas_id"": 1, ""hum"": 34.57624, ""gas_res"": 32072.16}]}",NULL,"2025-10-27 12:32:07.726558"
12553,"04a600b9b0b8","2025-10-27 12:31:42","NNHcspJAhKMAWd3edCIZ","{""bme688"": [{""temp"": 20.65214, ""step"": 3, ""status"": 1, ""pres"": 966.2477, ""meas_profile"": ""HP-8"", ""meas_id"": 8, ""hum"": 36.27514, ""gas_res"": 12833.37}, {""temp"": 20.6324, ""step"": 3, ""status"": 1, ""pres"": 966.4526, ""meas_profile"": ""HP-7"", ""meas_id"": 7, ""hum"": 36.11292, ""gas_res"": 16688.4}, {""temp"": 20.71185, ""step"": 3, ""status"": 1, ""pres"": 966.5416, ""meas_profile"": ""HP-6"", ""meas_id"": 6, ""hum"": 35.99898, ""gas_res"": 46109.51}, {""temp"": 20.5971, ""step"": 3, ""status"": 1, ""pres"": 966.3011, ""meas_profile"": ""HP-5"", ""meas_id"": 5, ""hum"": 36.1922, ""gas_res"": 115211.5}, {""temp"": 20.44088, ""step"": 3, ""status"": 1, ""pres"": 966.4492, ""meas_profile"": ""HP-4"", ""meas_id"": 4, ""hum"": 35.56174, ""gas_res"": 160200.3}, {""temp"": 20.61859, ""step"": 3, ""status"": 1, ""pres"": 966.0319, ""meas_profile"": ""HP-3"", ""meas_id"": 3, ""hum"": 36.09428, ""gas_res"": 72665.34}, {""temp"": 20.5585, ""step"": 3, ""status"": 1, ""pres"": 966.1889, ""meas_profile"": ""HP-2"", ""meas_id"": 2, ""hum"": 36.27433, ""gas_res"": 127712.6}, {""temp"": 20.31237, ""step"": 3, ""status"": 1, ""pres"": 966.2262, ""meas_profile"": ""HP-1"", ""meas_id"": 1, ""hum"": 34.61139, ""gas_res"": 90459.37}]}",NULL,"2025-10-27 12:32:08.891158"
12554,"04a600b9b0b8","2025-10-27 12:31:42","NNHcspJAhKMAWd3edCIZ","{""bme688"": [{""temp"": 20.65152, ""step"": 2, ""status"": 1, ""pres"": 966.2485, ""meas_profile"": ""HP-8"", ""meas_id"": 8, ""hum"": 36.24621, ""gas_res"": 20506.25}, {""temp"": 20.63178, ""step"": 2, ""status"": 1, ""pres"": 966.4534, ""meas_profile"": ""HP-7"", ""meas_id"": 7, ""hum"": 36.11856, ""gas_res"": 27735.64}, {""temp"": 20.71123, ""step"": 2, ""status"": 1, ""pres"": 966.5424, ""meas_profile"": ""HP-6"", ""meas_id"": 6, ""hum"": 36.0105, ""gas_res"": 98918.09}, {""temp"": 20.59648, ""step"": 2, ""status"": 1, ""pres"": 966.3002, ""meas_profile"": ""HP-5"", ""meas_id"": 5, ""hum"": 36.20929, ""gas_res"": 308805.8}, {""temp"": 20.44026, ""step"": 2, ""status"": 1, ""pres"": 966.4498, ""meas_profile"": ""HP-4"", ""meas_id"": 4, ""hum"": 35.56169, ""gas_res"": 390392.7}, {""temp"": 20.61797, ""step"": 2, ""status"": 1, ""pres"": 966.0308, ""meas_profile"": ""HP-3"", ""meas_id"": 3, ""hum"": 36.1116, ""gas_res"": 151928.8}, {""temp"": 20.55788, ""step"": 2, ""status"": 1, ""pres"": 966.1897, ""meas_profile"": ""HP-2"", ""meas_id"": 2, ""hum"": 36.28572, ""gas_res"": 280855.7}, {""temp"": 20.31205, ""step"": 2, ""status"": 1, ""pres"": 966.2276, ""meas_profile"": ""HP-1"", ""meas_id"": 1, ""hum"": 34.60549, ""gas_res"": 196809.5}]}",NULL,"2025-10-27 12:32:10.176747"
12555,"04a600b9b0b8","2025-10-27 12:31:42","NNHcspJAhKMAWd3edCIZ","{""bme688"": [{""temp"": 20.6509, ""step"": 1, ""status"": 1, ""pres"": 966.2476, ""meas_profile"": ""HP-8"", ""meas_id"": 8, ""hum"": 36.26925, ""gas_res"": 6401.28}, {""temp"": 20.63116, ""step"": 1, ""status"": 1, ""pres"": 966.4542, ""meas_profile"": ""HP-7"", ""meas_id"": 7, ""hum"": 36.11851, ""gas_res"": 6325.361}, {""temp"": 20.71061, ""step"": 1, ""status"": 1, ""pres"": 966.5414, ""meas_profile"": ""HP-6"", ""meas_id"": 6, ""hum"": 36.02201, ""gas_res"": 18974.21}, {""temp"": 20.59616, ""step"": 1, ""status"": 1, ""pres"": 966.2996, ""meas_profile"": ""HP-5"", ""meas_id"": 5, ""hum"": 36.19782, ""gas_res"": 24404.2}, {""temp"": 20.44026, ""step"": 1, ""status"": 1, ""pres"": 966.4515, ""meas_profile"": ""HP-4"", ""meas_id"": 4, ""hum"": 35.56169, ""gas_res"": 25000.0}, {""temp"": 20.61766, ""step"": 1, ""status"": 1, ""pres"": 966.032, ""meas_profile"": ""HP-3"", ""meas_id"": 3, ""hum"": 36.08262, ""gas_res"": 25000.0}, {""temp"": 20.55788, ""step"": 1, ""status"": 1, ""pres"": 966.1897, ""meas_profile"": ""HP-2"", ""meas_id"": 2, ""hum"": 36.26855, ""gas_res"": 25000.0}, {""temp"": 20.31174, ""step"": 1, ""status"": 1, ""pres"": 966.2271, ""meas_profile"": ""HP-1"", ""meas_id"": 1, ""hum"": 34.59373, ""gas_res"": 25000.0}]}",NULL,"2025-10-27 12:32:11.450639"
12556,"04a600b9b0b8","2025-10-27 12:31:42","NNHcspJAhKMAWd3edCIZ","{""bme688"": [{""temp"": 20.64997, ""step"": 0, ""status"": 1, ""pres"": 966.2459, ""meas_profile"": ""HP-8"", ""meas_id"": 8, ""hum"": 36.26915, ""gas_res"": 5684.846}, {""temp"": 20.63054, ""step"": 0, ""status"": 1, ""pres"": 966.4529, ""meas_profile"": ""HP-7"", ""meas_id"": 7, ""hum"": 36.14128, ""gas_res"": 5684.846}, {""temp"": 20.71, ""step"": 0, ""status"": 1, ""pres"": 966.5421, ""meas_profile"": ""HP-6"", ""meas_id"": 6, ""hum"": 36.02195, ""gas_res"": 6951.988}, {""temp"": 20.59585, ""step"": 0, ""status"": 1, ""pres"": 966.3006, ""meas_profile"": ""HP-5"", ""meas_id"": 5, ""hum"": 36.20923, ""gas_res"": 17325.39}, {""temp"": 20.43995, ""step"": 0, ""status"": 1, ""pres"": 966.451, ""meas_profile"": ""HP-4"", ""meas_id"": 4, ""hum"": 35.5848, ""gas_res"": 8599.839}, {""temp"": 20.61735, ""step"": 0, ""status"": 1, ""pres"": 966.0316, ""meas_profile"": ""HP-3"", ""meas_id"": 3, ""hum"": 36.09996, ""gas_res"": 5712.246}, {""temp"": 20.55725, ""step"": 0, ""status"": 1, ""pres"": 966.1886, ""meas_profile"": ""HP-2"", ""meas_id"": 2, ""hum"": 36.27421, ""gas_res"": 7710.843}, {""temp"": 20.31112, ""step"": 0, ""status"": 1, ""pres"": 966.2279, ""meas_profile"": ""HP-1"", ""meas_id"": 1, ""hum"": 34.6054, ""gas_res"": 5984.664}]}",NULL,"2025-10-27 12:32:12.85084"
12557,"04a600b9b0b8","2025-10-27 12:32:51","NNHcspJAhKMAWd3edCIZ","{""zphs01b"": {""voc"": 0, ""temp"": 18.1, ""pm2_5"": 0, ""pm1_0"": 0, ""pm10"": 355, ""o3"": 0.02, ""no2"": 8.88, ""hum"": 0, ""fmhd"": 0, ""co2"": 5000, ""co"": 0.0}, ""smell_b"": {}, ""sfa30"": {""temp"": 20.895, ""hum"": 36.35, ""fmhd"": 2.6}, ""sen5x"": {""voc"": 103.0, ""temp"": 20.49, ""pm4_0"": 4464.1, ""pm2_5"": 4464.1, ""pm1_0"": 4256.8, ""pm10"": 4464.1, ""nox"": 1.0, ""mass_c"": 4412.275, ""hum"": 42.31}, ""scd41"": {""temp"": 20.26284, ""hum"": 40.76295, ""co2"": 587}, ""power_source"": 0, ""mics6814"": {""red_res"": 0, ""no2_res"": 0, ""no2"": 0.17, ""nh3_res"": 0, ""nh3"": 0.73, ""co_res"": 0, ""co"": 44.0}}",NULL,"2025-10-27 12:33:16.278054"
12558,"04a600b9b0b8","2025-10-27 12:32:51","NNHcspJAhKMAWd3edCIZ","{""bme688"": [{""temp"": 20.6753, ""step"": 9, ""status"": 1, ""pres"": 966.2594, ""meas_profile"": ""HP-8"", ""meas_id"": 8, ""hum"": 36.20807, ""gas_res"": 5684.846}, {""temp"": 20.65072, ""step"": 9, ""status"": 1, ""pres"": 966.4545, ""meas_profile"": ""HP-7"", ""meas_id"": 7, ""hum"": 36.06332, ""gas_res"": 5684.846}, {""temp"": 20.72882, ""step"": 9, ""status"": 1, ""pres"": 966.5516, ""meas_profile"": ""HP-6"", ""meas_id"": 6, ""hum"": 35.94851, ""gas_res"": 6011.647}, {""temp"": 20.61242, ""step"": 9, ""status"": 1, ""pres"": 966.3011, ""meas_profile"": ""HP-5"", ""meas_id"": 5, ""hum"": 36.11931, ""gas_res"": 25000.0}, {""temp"": 20.45548, ""step"": 9, ""status"": 1, ""pres"": 966.4448, ""meas_profile"": ""HP-4"", ""meas_id"": 4, ""hum"": 35.51106, ""gas_res"": 25000.0}, {""temp"": 20.63467, ""step"": 9, ""status"": 1, ""pres"": 966.0361, ""meas_profile"": ""HP-3"", ""meas_id"": 3, ""hum"": 36.02635, ""gas_res"": 6518.639}, {""temp"": 20.57185, ""step"": 9, ""status"": 1, ""pres"": 966.1907, ""meas_profile"": ""HP-2"", ""meas_id"": 2, ""hum"": 36.18406, ""gas_res"": 8060.454}, {""temp"": 20.32793, ""step"": 9, ""status"": 1, ""pres"": 966.2355, ""meas_profile"": ""HP-1"", ""meas_id"": 1, ""hum"": 34.51893, ""gas_res"": 8606.778}]}",NULL,"2025-10-27 12:33:17.384829"
12559,"04a600b9b0b8","2025-10-27 12:32:51","NNHcspJAhKMAWd3edCIZ","{""bme688"": [{""temp"": 20.67437, ""step"": 8, ""status"": 1, ""pres"": 966.258, ""meas_profile"": ""HP-8"", ""meas_id"": 8, ""hum"": 36.19644, ""gas_res"": 5684.846}, {""temp"": 20.64948, ""step"": 8, ""status"": 1, ""pres"": 966.4542, ""meas_profile"": ""HP-7"", ""meas_id"": 7, ""hum"": 36.06319, ""gas_res"": 5684.846}, {""temp"": 20.7279, ""step"": 8, ""status"": 1, ""pres"": 966.5502, ""meas_profile"": ""HP-6"", ""meas_id"": 6, ""hum"": 35.96, ""gas_res"": 6317.868}, {""temp"": 20.6118, ""step"": 8, ""status"": 1, ""pres"": 966.3016, ""meas_profile"": ""HP-5"", ""meas_id"": 5, ""hum"": 36.1364, ""gas_res"": 25000.0}, {""temp"": 20.45517, ""step"": 8, ""status"": 1, ""pres"": 966.4443, ""meas_profile"": ""HP-4"", ""meas_id"": 4, ""hum"": 35.51104, ""gas_res"": 25000.0}, {""temp"": 20.63405, ""step"": 8, ""status"": 1, ""pres"": 966.0369, ""meas_profile"": ""HP-3"", ""meas_id"": 3, ""hum"": 36.03208, ""gas_res"": 6157.398}, {""temp"": 20.57154, ""step"": 8, ""status"": 1, ""pres"": 966.1919, ""meas_profile"": ""HP-2"", ""meas_id"": 2, ""hum"": 36.17831, ""gas_res"": 8084.892}, {""temp"": 20.32699, ""step"": 8, ""status"": 1, ""pres"": 966.2341, ""meas_profile"": ""HP-1"", ""meas_id"": 1, ""hum"": 34.54232, ""gas_res"": 6021.829}]}",NULL,"2025-10-27 12:33:18.867927"
12560,"04a600b9b0b8","2025-10-27 12:32:51","NNHcspJAhKMAWd3edCIZ","{""bme688"": [{""temp"": 20.67314, ""step"": 7, ""status"": 1, ""pres"": 966.2578, ""meas_profile"": ""HP-8"", ""meas_id"": 8, ""hum"": 36.19632, ""gas_res"": 5684.846}, {""temp"": 20.64855, ""step"": 7, ""status"": 1, ""pres"": 966.4542, ""meas_profile"": ""HP-7"", ""meas_id"": 7, ""hum"": 36.06881, ""gas_res"": 5684.846}, {""temp"": 20.72728, ""step"": 7, ""status"": 1, ""pres"": 966.5508, ""meas_profile"": ""HP-6"", ""meas_id"": 6, ""hum"": 35.95416, ""gas_res"": 6393.606}, {""temp"": 20.61149, ""step"": 7, ""status"": 1, ""pres"": 966.301, ""meas_profile"": ""HP-5"", ""meas_id"": 5, ""hum"": 36.13637, ""gas_res"": 25000.0}, {""temp"": 20.45454, ""step"": 7, ""status"": 1, ""pres"": 966.4449, ""meas_profile"": ""HP-4"", ""meas_id"": 4, ""hum"": 35.4994, ""gas_res"": 25000.0}, {""temp"": 20.63312, ""step"": 7, ""status"": 1, ""pres"": 966.0369, ""meas_profile"": ""HP-3"", ""meas_id"": 3, ""hum"": 36.02042, ""gas_res"": 8279.431}, {""temp"": 20.57123, ""step"": 7, ""status"": 1, ""pres"": 966.1914, ""meas_profile"": ""HP-2"", ""meas_id"": 2, ""hum"": 36.17256, ""gas_res"": 7795.372}, {""temp"": 20.32637, ""step"": 7, ""status"": 1, ""pres"": 966.235, ""meas_profile"": ""HP-1"", ""meas_id"": 1, ""hum"": 34.54813, ""gas_res"": 5924.829}]}",NULL,"2025-10-27 12:33:20.582875"
12561,"04a600b9b0b8","2025-10-27 12:32:51","NNHcspJAhKMAWd3edCIZ","{""bme688"": [{""temp"": 20.67221, ""step"": 6, ""status"": 1, ""pres"": 966.2564, ""meas_profile"": ""HP-8"", ""meas_id"": 8, ""hum"": 36.19623, ""gas_res"": 8901.252}, {""temp"": 20.64793, ""step"": 6, ""status"": 1, ""pres"": 966.4548, ""meas_profile"": ""HP-7"", ""meas_id"": 7, ""hum"": 36.06305, ""gas_res"": 11367.67}, {""temp"": 20.72667, ""step"": 6, ""status"": 1, ""pres"": 966.5499, ""meas_profile"": ""HP-6"", ""meas_id"": 6, ""hum"": 35.95409, ""gas_res"": 31644.01}, {""temp"": 20.61086, ""step"": 6, ""status"": 1, ""pres"": 966.3018, ""meas_profile"": ""HP-5"", ""meas_id"": 5, ""hum"": 36.14203, ""gas_res"": 136387.9}, {""temp"": 20.45392, ""step"": 6, ""status"": 1, ""pres"": 966.444, ""meas_profile"": ""HP-4"", ""meas_id"": 4, ""hum"": 35.49934, ""gas_res"": 159601.0}, {""temp"": 20.6325, ""step"": 6, ""status"": 1, ""pres"": 966.0359, ""meas_profile"": ""HP-3"", ""meas_id"": 3, ""hum"": 36.02036, ""gas_res"": 100000.0}, {""temp"": 20.5703, ""step"": 6, ""status"": 1, ""pres"": 966.1914, ""meas_profile"": ""HP-2"", ""meas_id"": 2, ""hum"": 36.18963, ""gas_res"": 125644.2}, {""temp"": 20.32544, ""step"": 6, ""status"": 1, ""pres"": 966.2336, ""meas_profile"": ""HP-1"", ""meas_id"": 1, ""hum"": 34.53631, ""gas_res"": 96403.69}]}",NULL,"2025-10-27 12:33:21.855833"
12562,"04a600b9b0b8","2025-10-27 12:32:51","NNHcspJAhKMAWd3edCIZ","{""bme688"": [{""temp"": 20.67159, ""step"": 5, ""status"": 1, ""pres"": 966.2572, ""meas_profile"": ""HP-8"", ""meas_id"": 8, ""hum"": 36.20195, ""gas_res"": 8698.016}, {""temp"": 20.64762, ""step"": 5, ""status"": 1, ""pres"": 966.4543, ""meas_profile"": ""HP-7"", ""meas_id"": 7, ""hum"": 36.08013, ""gas_res"": 11130.43}, {""temp"": 20.72605, ""step"": 5, ""status"": 1, ""pres"": 966.5506, ""meas_profile"": ""HP-6"", ""meas_id"": 6, ""hum"": 35.95404, ""gas_res"": 31158.71}, {""temp"": 20.60992, ""step"": 5, ""status"": 1, ""pres"": 966.3019, ""meas_profile"": ""HP-5"", ""meas_id"": 5, ""hum"": 36.14194, ""gas_res"": 135199.4}, {""temp"": 20.4533, ""step"": 5, ""status"": 1, ""pres"": 966.4447, ""meas_profile"": ""HP-4"", ""meas_id"": 4, ""hum"": 35.51086, ""gas_res"": 159601.0}, {""temp"": 20.63188, ""step"": 5, ""status"": 1, ""pres"": 966.0366, ""meas_profile"": ""HP-3"", ""meas_id"": 3, ""hum"": 36.03767, ""gas_res"": 92820.88}, {""temp"": 20.56968, ""step"": 5, ""status"": 1, ""pres"": 966.1904, ""meas_profile"": ""HP-2"", ""meas_id"": 2, ""hum"": 36.17813, ""gas_res"": 120840.2}, {""temp"": 20.32482, ""step"": 5, ""status"": 1, ""pres"": 966.2344, ""meas_profile"": ""HP-1"", ""meas_id"": 1, ""hum"": 34.53625, ""gas_res"": 100000.0}]}",NULL,"2025-10-27 12:33:23.140346"
12563,"04a600b9b0b8","2025-10-27 12:32:51","NNHcspJAhKMAWd3edCIZ","{""bme688"": [{""temp"": 20.67067, ""step"": 4, ""status"": 1, ""pres"": 966.2556, ""meas_profile"": ""HP-8"", ""meas_id"": 8, ""hum"": 36.23649, ""gas_res"": 8497.079}, {""temp"": 20.647, ""step"": 4, ""status"": 1, ""pres"": 966.4548, ""meas_profile"": ""HP-7"", ""meas_id"": 7, ""hum"": 36.08578, ""gas_res"": 10869.57}, {""temp"": 20.72543, ""step"": 4, ""status"": 1, ""pres"": 966.5497, ""meas_profile"": ""HP-6"", ""meas_id"": 6, ""hum"": 35.97134, ""gas_res"": 30622.01}, {""temp"": 20.6093, ""step"": 4, ""status"": 1, ""pres"": 966.3008, ""meas_profile"": ""HP-5"", ""meas_id"": 5, ""hum"": 36.14188, ""gas_res"": 134453.8}, {""temp"": 20.45268, ""step"": 4, ""status"": 1, ""pres"": 966.4453, ""meas_profile"": ""HP-4"", ""meas_id"": 4, ""hum"": 35.50502, ""gas_res"": 162798.1}, {""temp"": 20.63157, ""step"": 4, ""status"": 1, ""pres"": 966.0363, ""meas_profile"": ""HP-3"", ""meas_id"": 3, ""hum"": 36.04342, ""gas_res"": 88581.31}, {""temp"": 20.56874, ""step"": 4, ""status"": 1, ""pres"": 966.1906, ""meas_profile"": ""HP-2"", ""meas_id"": 2, ""hum"": 36.17805, ""gas_res"": 116788.3}, {""temp"": 20.3245, ""step"": 4, ""status"": 1, ""pres"": 966.2339, ""meas_profile"": ""HP-1"", ""meas_id"": 1, ""hum"": 34.54209, ""gas_res"": 100000.0}]}",NULL,"2025-10-27 12:33:24.505819"
12564,"04a600b9b0b8","2025-10-27 12:32:51","NNHcspJAhKMAWd3edCIZ","{""bme688"": [{""temp"": 20.66974, ""step"": 3, ""status"": 1, ""pres"": 966.2559, ""meas_profile"": ""HP-8"", ""meas_id"": 8, ""hum"": 36.23063, ""gas_res"": 5928.122}, {""temp"": 20.64637, ""step"": 3, ""status"": 1, ""pres"": 966.4556, ""meas_profile"": ""HP-7"", ""meas_id"": 7, ""hum"": 36.10855, ""gas_res"": 7264.472}, {""temp"": 20.7245, ""step"": 3, ""status"": 1, ""pres"": 966.5499, ""meas_profile"": ""HP-6"", ""meas_id"": 6, ""hum"": 35.97704, ""gas_res"": 18290.94}, {""temp"": 20.60836, ""step"": 3, ""status"": 1, ""pres"": 966.3011, ""meas_profile"": ""HP-5"", ""meas_id"": 5, ""hum"": 36.15324, ""gas_res"": 48256.36}, {""temp"": 20.45175, ""step"": 3, ""status"": 0, ""pres"": 966.4454, ""meas_profile"": ""HP-4"", ""meas_id"": 4, ""hum"": 35.52806, ""gas_res"": 55327.43}, {""temp"": 20.63065, ""step"": 3, ""status"": 1, ""pres"": 966.0363, ""meas_profile"": ""HP-3"", ""meas_id"": 3, ""hum"": 36.05491, ""gas_res"": 33773.09}, {""temp"": 20.56812, ""step"": 3, ""status"": 1, ""pres"": 966.1896, ""meas_profile"": ""HP-2"", ""meas_id"": 2, ""hum"": 36.21803, ""gas_res"": 53556.48}, {""temp"": 20.32357, ""step"": 3, ""status"": 1, ""pres"": 966.2325, ""meas_profile"": ""HP-1"", ""meas_id"": 1, ""hum"": 34.57134, ""gas_res"": 35486.55}]}",NULL,"2025-10-27 12:33:25.712297"
12565,"04a600b9b0b8","2025-10-27 12:32:51","NNHcspJAhKMAWd3edCIZ","{""bme688"": [{""temp"": 20.66882, ""step"": 2, ""status"": 1, ""pres"": 966.2545, ""meas_profile"": ""HP-8"", ""meas_id"": 8, ""hum"": 36.24209, ""gas_res"": 19820.38}, {""temp"": 20.64544, ""step"": 2, ""status"": 1, ""pres"": 966.4542, ""meas_profile"": ""HP-7"", ""meas_id"": 7, ""hum"": 36.09705, ""gas_res"": 27397.26}, {""temp"": 20.72389, ""step"": 2, ""status"": 1, ""pres"": 966.5489, ""meas_profile"": ""HP-6"", ""meas_id"": 6, ""hum"": 35.98276, ""gas_res"": 121269.5}, {""temp"": 20.60742, ""step"": 2, ""status"": 1, ""pres"": 966.2996, ""meas_profile"": ""HP-5"", ""meas_id"": 5, ""hum"": 36.15886, ""gas_res"": 428451.9}, {""temp"": 20.45113, ""step"": 2, ""status"": 1, ""pres"": 966.4445, ""meas_profile"": ""HP-4"", ""meas_id"": 4, ""hum"": 35.52801, ""gas_res"": 657463.9}, {""temp"": 20.63003, ""step"": 2, ""status"": 1, ""pres"": 966.0369, ""meas_profile"": ""HP-3"", ""meas_id"": 3, ""hum"": 36.05486, ""gas_res"": 292655.0}, {""temp"": 20.5675, ""step"": 2, ""status"": 1, ""pres"": 966.1903, ""meas_profile"": ""HP-2"", ""meas_id"": 2, ""hum"": 36.21225, ""gas_res"": 524187.3}, {""temp"": 20.32295, ""step"": 2, ""status"": 1, ""pres"": 966.2335, ""meas_profile"": ""HP-1"", ""meas_id"": 1, ""hum"": 34.54781, ""gas_res"": 389501.7}]}",NULL,"2025-10-27 12:33:26.987959"
12566,"04a600b9b0b8","2025-10-27 12:32:51","NNHcspJAhKMAWd3edCIZ","{""bme688"": [{""temp"": 20.6682, ""step"": 1, ""status"": 1, ""pres"": 966.2553, ""meas_profile"": ""HP-8"", ""meas_id"": 8, ""hum"": 36.23626, ""gas_res"": 6728.343}, {""temp"": 20.64482, ""step"": 1, ""status"": 1, ""pres"": 966.4548, ""meas_profile"": ""HP-7"", ""meas_id"": 7, ""hum"": 36.10839, ""gas_res"": 6711.409}, {""temp"": 20.72327, ""step"": 1, ""status"": 1, ""pres"": 966.5496, ""meas_profile"": ""HP-6"", ""meas_id"": 6, ""hum"": 35.97113, ""gas_res"": 25000.0}, {""temp"": 20.60711, ""step"": 1, ""status"": 1, ""pres"": 966.3008, ""meas_profile"": ""HP-5"", ""meas_id"": 5, ""hum"": 36.16455, ""gas_res"": 36488.03}, {""temp"": 20.45051, ""step"": 1, ""status"": 1, ""pres"": 966.445, ""meas_profile"": ""HP-4"", ""meas_id"": 4, ""hum"": 35.53951, ""gas_res"": 41653.11}, {""temp"": 20.62941, ""step"": 1, ""status"": 1, ""pres"": 966.036, ""meas_profile"": ""HP-3"", ""meas_id"": 3, ""hum"": 36.04322, ""gas_res"": 25000.0}, {""temp"": 20.56688, ""step"": 1, ""status"": 1, ""pres"": 966.1893, ""meas_profile"": ""HP-2"", ""meas_id"": 2, ""hum"": 36.21218, ""gas_res"": 34735.41}, {""temp"": 20.32232, ""step"": 1, ""status"": 1, ""pres"": 966.2324, ""meas_profile"": ""HP-1"", ""meas_id"": 1, ""hum"": 34.55948, ""gas_res"": 24516.38}]}",NULL,"2025-10-27 12:33:28.271542"
12567,"04a600b9b0b8","2025-10-27 12:32:51","NNHcspJAhKMAWd3edCIZ","{""bme688"": [{""temp"": 20.66696, ""step"": 0, ""status"": 1, ""pres"": 966.2551, ""meas_profile"": ""HP-8"", ""meas_id"": 8, ""hum"": 36.25346, ""gas_res"": 5684.846}, {""temp"": 20.64389, ""step"": 0, ""status"": 1, ""pres"": 966.4548, ""meas_profile"": ""HP-7"", ""meas_id"": 7, ""hum"": 36.11401, ""gas_res"": 5684.846}, {""temp"": 20.72265, ""step"": 0, ""status"": 1, ""pres"": 966.5486, ""meas_profile"": ""HP-6"", ""meas_id"": 6, ""hum"": 35.98843, ""gas_res"": 6276.971}, {""temp"": 20.60648, ""step"": 0, ""status"": 1, ""pres"": 966.3013, ""meas_profile"": ""HP-5"", ""meas_id"": 5, ""hum"": 36.15876, ""gas_res"": 25000.0}, {""temp"": 20.44989, ""step"": 0, ""status"": 1, ""pres"": 966.4456, ""meas_profile"": ""HP-4"", ""meas_id"": 4, ""hum"": 35.53367, ""gas_res"": 25000.0}, {""temp"": 20.62848, ""step"": 0, ""status"": 1, ""pres"": 966.0361, ""meas_profile"": ""HP-3"", ""meas_id"": 3, ""hum"": 36.0547, ""gas_res"": 7858.546}, {""temp"": 20.56657, ""step"": 0, ""status"": 1, ""pres"": 966.1888, ""meas_profile"": ""HP-2"", ""meas_id"": 2, ""hum"": 36.21216, ""gas_res"": 7133.304}, {""temp"": 20.3217, ""step"": 0, ""status"": 1, ""pres"": 966.2316, ""meas_profile"": ""HP-1"", ""meas_id"": 1, ""hum"": 34.5653, ""gas_res"": 7916.873}]}",NULL,"2025-10-27 12:33:29.632359"
12568,"04a600b9b0b8","2025-10-27 12:32:24","NNHcspJAhKMAWd3edCIZ","{""zphs01b"": {""voc"": 0, ""temp"": 18.1, ""pm2_5"": 0, ""pm1_0"": 0, ""pm10"": 359, ""o3"": 0.02, ""no2"": 10.0, ""hum"": 0, ""fmhd"": 0, ""co2"": 5000, ""co"": 0.0}, ""smell_b"": {}, ""sfa30"": {""temp"": 20.87, ""hum"": 36.37, ""fmhd"": 2.6}, ""sen5x"": {""voc"": 97.0, ""temp"": 20.495, ""pm4_0"": 4448.0, ""pm2_5"": 4448.0, ""pm1_0"": 4241.4, ""pm10"": 4448.0, ""nox"": 1.0, ""mass_c"": 4396.35, ""hum"": 42.24}, ""scd41"": {""temp"": 20.17738, ""hum"": 40.87281, ""co2"": 582}, ""power_source"": 0, ""mics6814"": {""red_res"": 0, ""no2_res"": 0, ""no2"": 0.17, ""nh3_res"": 0, ""nh3"": 0.73, ""co_res"": 0, ""co"": 44.0}}",NULL,"2025-10-27 12:33:30.715632"
12569,"04a600b9b0b8","2025-10-27 12:32:24","NNHcspJAhKMAWd3edCIZ","{""bme688"": [{""temp"": 20.66604, ""step"": 9, ""status"": 1, ""pres"": 966.2537, ""meas_profile"": ""HP-8"", ""meas_id"": 8, ""hum"": 36.2245, ""gas_res"": 5684.846}, {""temp"": 20.64296, ""step"": 9, ""status"": 1, ""pres"": 966.4534, ""meas_profile"": ""HP-7"", ""meas_id"": 7, ""hum"": 36.10252, ""gas_res"": 5684.846}, {""temp"": 20.72173, ""step"": 9, ""status"": 1, ""pres"": 966.5489, ""meas_profile"": ""HP-6"", ""meas_id"": 6, ""hum"": 35.9652, ""gas_res"": 7380.074}, {""temp"": 20.60617, ""step"": 9, ""status"": 1, ""pres"": 966.3008, ""meas_profile"": ""HP-5"", ""meas_id"": 5, ""hum"": 36.15302, ""gas_res"": 25000.0}, {""temp"": 20.44957, ""step"": 9, ""status"": 1, ""pres"": 966.4468, ""meas_profile"": ""HP-4"", ""meas_id"": 4, ""hum"": 35.53364, ""gas_res"": 22099.45}, {""temp"": 20.62786, ""step"": 9, ""status"": 1, ""pres"": 966.0351, ""meas_profile"": ""HP-3"", ""meas_id"": 3, ""hum"": 36.05465, ""gas_res"": 7716.421}, {""temp"": 20.56626, ""step"": 9, ""status"": 1, ""pres"": 966.1901, ""meas_profile"": ""HP-2"", ""meas_id"": 2, ""hum"": 36.21213, ""gas_res"": 6628.003}, {""temp"": 20.32108, ""step"": 9, ""status"": 1, ""pres"": 966.2324, ""meas_profile"": ""HP-1"", ""meas_id"": 1, ""hum"": 34.54764, ""gas_res"": 7176.497}]}",NULL,"2025-10-27 12:33:32.084912"
12570,"04a600b9b0b8","2025-10-27 12:32:24","NNHcspJAhKMAWd3edCIZ","{""bme688"": [{""temp"": 20.6648, ""step"": 8, ""status"": 1, ""pres"": 966.2536, ""meas_profile"": ""HP-8"", ""meas_id"": 8, ""hum"": 36.23016, ""gas_res"": 5684.846}, {""temp"": 20.64203, ""step"": 8, ""status"": 1, ""pres"": 966.4534, ""meas_profile"": ""HP-7"", ""meas_id"": 7, ""hum"": 36.09101, ""gas_res"": 5684.846}, {""temp"": 20.72111, ""step"": 8, ""status"": 1, ""pres"": 966.5478, ""meas_profile"": ""HP-6"", ""meas_id"": 6, ""hum"": 35.97092, ""gas_res"": 7650.012}, {""temp"": 20.60555, ""step"": 8, ""status"": 1, ""pres"": 966.3015, ""meas_profile"": ""HP-5"", ""meas_id"": 5, ""hum"": 36.15868, ""gas_res"": 23180.01}, {""temp"": 20.44895, ""step"": 8, ""status"": 1, ""pres"": 966.4458, ""meas_profile"": ""HP-4"", ""meas_id"": 4, ""hum"": 35.52202, ""gas_res"": 20785.97}, {""temp"": 20.62724, ""step"": 8, ""status"": 1, ""pres"": 966.0342, ""meas_profile"": ""HP-3"", ""meas_id"": 3, ""hum"": 36.06038, ""gas_res"": 6965.607}, {""temp"": 20.56564, ""step"": 8, ""status"": 1, ""pres"": 966.1888, ""meas_profile"": ""HP-2"", ""meas_id"": 2, ""hum"": 36.22351, ""gas_res"": 6530.612}, {""temp"": 20.32015, ""step"": 8, ""status"": 1, ""pres"": 966.2308, ""meas_profile"": ""HP-1"", ""meas_id"": 1, ""hum"": 34.55928, ""gas_res"": 7076.515}]}",NULL,"2025-10-27 12:33:33.37477"
12571,"04a600b9b0b8","2025-10-27 12:32:24","NNHcspJAhKMAWd3edCIZ","{""bme688"": [{""temp"": 20.66387, ""step"": 7, ""status"": 1, ""pres"": 966.2522, ""meas_profile"": ""HP-8"", ""meas_id"": 8, ""hum"": 36.23584, ""gas_res"": 5684.846}, {""temp"": 20.64079, ""step"": 7, ""status"": 1, ""pres"": 966.4532, ""meas_profile"": ""HP-7"", ""meas_id"": 7, ""hum"": 36.11372, ""gas_res"": 5684.846}, {""temp"": 20.72049, ""step"": 7, ""status"": 1, ""pres"": 966.5486, ""meas_profile"": ""HP-6"", ""meas_id"": 6, ""hum"": 35.95929, ""gas_res"": 7622.677}, {""temp"": 20.60492, ""step"": 7, ""status"": 1, ""pres"": 966.3021, ""meas_profile"": ""HP-5"", ""meas_id"": 5, ""hum"": 36.16433, ""gas_res"": 22495.61}, {""temp"": 20.44833, ""step"": 7, ""status"": 1, ""pres"": 966.4465, ""meas_profile"": ""HP-4"", ""meas_id"": 4, ""hum"": 35.53931, ""gas_res"": 18691.59}, {""temp"": 20.62632, ""step"": 7, ""status"": 1, ""pres"": 966.0342, ""meas_profile"": ""HP-3"", ""meas_id"": 3, ""hum"": 36.04871, ""gas_res"": 6428.285}, {""temp"": 20.56502, ""step"": 7, ""status"": 1, ""pres"": 966.1895, ""meas_profile"": ""HP-2"", ""meas_id"": 2, ""hum"": 36.22917, ""gas_res"": 6262.231}, {""temp"": 20.31952, ""step"": 7, ""status"": 1, ""pres"": 966.2297, ""meas_profile"": ""HP-1"", ""meas_id"": 1, ""hum"": 34.57096, ""gas_res"": 6702.975}]}",NULL,"2025-10-27 12:33:37.214441"
12572,"04a600b9b0b8","2025-10-27 12:32:24","NNHcspJAhKMAWd3edCIZ","{""bme688"": [{""temp"": 20.66295, ""step"": 6, ""status"": 1, ""pres"": 966.2524, ""meas_profile"": ""HP-8"", ""meas_id"": 8, ""hum"": 36.23575, ""gas_res"": 8152.866}, {""temp"": 20.64047, ""step"": 6, ""status"": 1, ""pres"": 966.4526, ""meas_profile"": ""HP-7"", ""meas_id"": 7, ""hum"": 36.09087, ""gas_res"": 10233.45}, {""temp"": 20.71956, ""step"": 6, ""status"": 1, ""pres"": 966.5471, ""meas_profile"": ""HP-6"", ""meas_id"": 6, ""hum"": 35.97078, ""gas_res"": 26380.87}, {""temp"": 20.6043, ""step"": 6, ""status"": 1, ""pres"": 966.3011, ""meas_profile"": ""HP-5"", ""meas_id"": 5, ""hum"": 36.17572, ""gas_res"": 107315.0}, {""temp"": 20.44771, ""step"": 6, ""status"": 1, ""pres"": 966.447, ""meas_profile"": ""HP-4"", ""meas_id"": 4, ""hum"": 35.53346, ""gas_res"": 121615.2}, {""temp"": 20.62601, ""step"": 6, ""status"": 1, ""pres"": 966.0338, ""meas_profile"": ""HP-3"", ""meas_id"": 3, ""hum"": 36.07183, ""gas_res"": 42356.05}, {""temp"": 20.56471, ""step"": 6, ""status"": 1, ""pres"": 966.1891, ""meas_profile"": ""HP-2"", ""meas_id"": 2, ""hum"": 36.21198, ""gas_res"": 100000.0}, {""temp"": 20.31921, ""step"": 6, ""status"": 1, ""pres"": 966.2294, ""meas_profile"": ""HP-1"", ""meas_id"": 1, ""hum"": 34.56507, ""gas_res"": 88489.46}]}",NULL,"2025-10-27 12:33:37.936434"
12573,"04a600b9b0b8","2025-10-27 12:32:24","NNHcspJAhKMAWd3edCIZ","{""bme688"": [{""temp"": 20.66202, ""step"": 5, ""status"": 1, ""pres"": 966.2527, ""meas_profile"": ""HP-8"", ""meas_id"": 8, ""hum"": 36.24721, ""gas_res"": 7982.041}, {""temp"": 20.64016, ""step"": 5, ""status"": 1, ""pres"": 966.4539, ""meas_profile"": ""HP-7"", ""meas_id"": 7, ""hum"": 36.12507, ""gas_res"": 10040.79}, {""temp"": 20.71895, ""step"": 5, ""status"": 1, ""pres"": 966.5479, ""meas_profile"": ""HP-6"", ""meas_id"": 6, ""hum"": 35.99387, ""gas_res"": 25775.27}, {""temp"": 20.60367, ""step"": 5, ""status"": 1, ""pres"": 966.3018, ""meas_profile"": ""HP-5"", ""meas_id"": 5, ""hum"": 36.18139, ""gas_res"": 105068.8}, {""temp"": 20.44709, ""step"": 5, ""status"": 1, ""pres"": 966.446, ""meas_profile"": ""HP-4"", ""meas_id"": 4, ""hum"": 35.53918, ""gas_res"": 118655.9}, {""temp"": 20.62539, ""step"": 5, ""status"": 1, ""pres"": 966.0345, ""meas_profile"": ""HP-3"", ""meas_id"": 3, ""hum"": 36.06599, ""gas_res"": 39640.75}, {""temp"": 20.5644, ""step"": 5, ""status"": 1, ""pres"": 966.1902, ""meas_profile"": ""HP-2"", ""meas_id"": 2, ""hum"": 36.2234, ""gas_res"": 100000.0}, {""temp"": 20.31859, ""step"": 5, ""status"": 1, ""pres"": 966.2302, ""meas_profile"": ""HP-1"", ""meas_id"": 1, ""hum"": 34.57674, ""gas_res"": 81867.6}]}",NULL,"2025-10-27 12:33:38.613339"
12574,"04a600b9b0b8","2025-10-27 12:32:24","NNHcspJAhKMAWd3edCIZ","{""bme688"": [{""temp"": 20.6614, ""step"": 4, ""status"": 1, ""pres"": 966.2517, ""meas_profile"": ""HP-8"", ""meas_id"": 8, ""hum"": 36.24715, ""gas_res"": 7881.773}, {""temp"": 20.63954, ""step"": 4, ""status"": 1, ""pres"": 966.4545, ""meas_profile"": ""HP-7"", ""meas_id"": 7, ""hum"": 36.11931, ""gas_res"": 9846.154}, {""temp"": 20.71802, ""step"": 4, ""status"": 1, ""pres"": 966.5464, ""meas_profile"": ""HP-6"", ""meas_id"": 6, ""hum"": 36.01693, ""gas_res"": 25559.11}, {""temp"": 20.60273, ""step"": 4, ""status"": 1, ""pres"": 966.3002, ""meas_profile"": ""HP-5"", ""meas_id"": 5, ""hum"": 36.19846, ""gas_res"": 104043.9}, {""temp"": 20.44616, ""step"": 4, ""status"": 1, ""pres"": 966.4462, ""meas_profile"": ""HP-4"", ""meas_id"": 4, ""hum"": 35.55067, ""gas_res"": 117512.0}, {""temp"": 20.62477, ""step"": 4, ""status"": 1, ""pres"": 966.0335, ""meas_profile"": ""HP-3"", ""meas_id"": 3, ""hum"": 36.07751, ""gas_res"": 37090.7}, {""temp"": 20.56378, ""step"": 4, ""status"": 1, ""pres"": 966.1892, ""meas_profile"": ""HP-2"", ""meas_id"": 2, ""hum"": 36.24622, ""gas_res"": 100000.0}, {""temp"": 20.31828, ""step"": 4, ""status"": 1, ""pres"": 966.2297, ""meas_profile"": ""HP-1"", ""meas_id"": 1, ""hum"": 34.58846, ""gas_res"": 43790.63}]}",NULL,"2025-10-27 12:33:39.56757"
12575,"04a600b9b0b8","2025-10-27 12:32:24","NNHcspJAhKMAWd3edCIZ","{""bme688"": [{""temp"": 20.66048, ""step"": 3, ""status"": 1, ""pres"": 966.252, ""meas_profile"": ""HP-8"", ""meas_id"": 8, ""hum"": 36.26439, ""gas_res"": 7976.072}, {""temp"": 20.63861, ""step"": 3, ""status"": 1, ""pres"": 966.4529, ""meas_profile"": ""HP-7"", ""meas_id"": 7, ""hum"": 36.12493, ""gas_res"": 9729.401}, {""temp"": 20.7174, ""step"": 3, ""status"": 1, ""pres"": 966.5471, ""meas_profile"": ""HP-6"", ""meas_id"": 6, ""hum"": 36.02845, ""gas_res"": 24572.86}, {""temp"": 20.60179, ""step"": 3, ""status"": 1, ""pres"": 966.3004, ""meas_profile"": ""HP-5"", ""meas_id"": 5, ""hum"": 36.19836, ""gas_res"": 54065.47}, {""temp"": 20.44523, ""step"": 3, ""status"": 1, ""pres"": 966.4462, ""meas_profile"": ""HP-4"", ""meas_id"": 4, ""hum"": 35.55058, ""gas_res"": 82421.12}, {""temp"": 20.62415, ""step"": 3, ""status"": 1, ""pres"": 966.0342, ""meas_profile"": ""HP-3"", ""meas_id"": 3, ""hum"": 36.08903, ""gas_res"": 42146.86}, {""temp"": 20.56315, ""step"": 3, ""status"": 1, ""pres"": 966.1898, ""meas_profile"": ""HP-2"", ""meas_id"": 2, ""hum"": 36.25761, ""gas_res"": 69414.32}, {""temp"": 20.31735, ""step"": 3, ""status"": 1, ""pres"": 966.2283, ""meas_profile"": ""HP-1"", ""meas_id"": 1, ""hum"": 34.58837, ""gas_res"": 51179.53}]}",NULL,"2025-10-27 12:33:40.28052"
12576,"04a600b9b0b8","2025-10-27 12:32:24","NNHcspJAhKMAWd3edCIZ","{""bme688"": [{""temp"": 20.65955, ""step"": 2, ""status"": 1, ""pres"": 966.2505, ""meas_profile"": ""HP-8"", ""meas_id"": 8, ""hum"": 36.25853, ""gas_res"": 19441.07}, {""temp"": 20.63799, ""step"": 2, ""status"": 1, ""pres"": 966.4536, ""meas_profile"": ""HP-7"", ""meas_id"": 7, ""hum"": 36.13057, ""gas_res"": 26267.19}, {""temp"": 20.71648, ""step"": 2, ""status"": 1, ""pres"": 966.5455, ""meas_profile"": ""HP-6"", ""meas_id"": 6, ""hum"": 36.02258, ""gas_res"": 105198.3}, {""temp"": 20.60117, ""step"": 2, ""status"": 1, ""pres"": 966.3011, ""meas_profile"": ""HP-5"", ""meas_id"": 5, ""hum"": 36.19258, ""gas_res"": 356546.0}, {""temp"": 20.44461, ""step"": 2, ""status"": 1, ""pres"": 966.4453, ""meas_profile"": ""HP-4"", ""meas_id"": 4, ""hum"": 35.5621, ""gas_res"": 477611.9}, {""temp"": 20.62322, ""step"": 2, ""status"": 1, ""pres"": 966.0327, ""meas_profile"": ""HP-3"", ""meas_id"": 3, ""hum"": 36.08894, ""gas_res"": 206326.8}, {""temp"": 20.56253, ""step"": 2, ""status"": 1, ""pres"": 966.1889, ""meas_profile"": ""HP-2"", ""meas_id"": 2, ""hum"": 36.25755, ""gas_res"": 383808.1}, {""temp"": 20.31672, ""step"": 2, ""status"": 1, ""pres"": 966.2291, ""meas_profile"": ""HP-1"", ""meas_id"": 1, ""hum"": 34.59418, ""gas_res"": 264326.3}]}",NULL,"2025-10-27 12:33:41.00666"
12577,"04a600b9b0b8","2025-10-27 12:32:24","NNHcspJAhKMAWd3edCIZ","{""bme688"": [{""temp"": 20.65893, ""step"": 1, ""status"": 1, ""pres"": 966.2514, ""meas_profile"": ""HP-8"", ""meas_id"": 8, ""hum"": 36.26424, ""gas_res"": 6393.606}, {""temp"": 20.63737, ""step"": 1, ""status"": 1, ""pres"": 966.4524, ""meas_profile"": ""HP-7"", ""meas_id"": 7, ""hum"": 36.13622, ""gas_res"": 6295.495}, {""temp"": 20.71617, ""step"": 1, ""status"": 1, ""pres"": 966.5451, ""meas_profile"": ""HP-6"", ""meas_id"": 6, ""hum"": 36.02254, ""gas_res"": 21220.16}, {""temp"": 20.60085, ""step"": 1, ""status"": 1, ""pres"": 966.3005, ""meas_profile"": ""HP-5"", ""meas_id"": 5, ""hum"": 36.19255, ""gas_res"": 28822.34}, {""temp"": 20.44398, ""step"": 1, ""status"": 1, ""pres"": 966.4459, ""meas_profile"": ""HP-4"", ""meas_id"": 4, ""hum"": 35.57939, ""gas_res"": 30018.76}, {""temp"": 20.62292, ""step"": 1, ""status"": 1, ""pres"": 966.0338, ""meas_profile"": ""HP-3"", ""meas_id"": 3, ""hum"": 36.0947, ""gas_res"": 25000.0}, {""temp"": 20.56222, ""step"": 1, ""status"": 1, ""pres"": 966.1901, ""meas_profile"": ""HP-2"", ""meas_id"": 2, ""hum"": 36.28041, ""gas_res"": 24251.61}, {""temp"": 20.31641, ""step"": 1, ""status"": 1, ""pres"": 966.2288, ""meas_profile"": ""HP-1"", ""meas_id"": 1, ""hum"": 34.57655, ""gas_res"": 25000.0}]}",NULL,"2025-10-27 12:33:41.728377"
12578,"04a600b9b0b8","2025-10-27 12:32:24","NNHcspJAhKMAWd3edCIZ","{""bme688"": [{""temp"": 20.6577, ""step"": 0, ""status"": 1, ""pres"": 966.2493, ""meas_profile"": ""HP-8"", ""meas_id"": 8, ""hum"": 36.28144, ""gas_res"": 5684.846}, {""temp"": 20.63644, ""step"": 0, ""status"": 1, ""pres"": 966.4526, ""meas_profile"": ""HP-7"", ""meas_id"": 7, ""hum"": 36.13614, ""gas_res"": 5684.846}, {""temp"": 20.71555, ""step"": 0, ""status"": 1, ""pres"": 966.5441, ""meas_profile"": ""HP-6"", ""meas_id"": 6, ""hum"": 36.00512, ""gas_res"": 7661.0}, {""temp"": 20.60054, ""step"": 0, ""status"": 1, ""pres"": 966.3016, ""meas_profile"": ""HP-5"", ""meas_id"": 5, ""hum"": 36.19252, ""gas_res"": 21563.34}, {""temp"": 20.44367, ""step"": 0, ""status"": 1, ""pres"": 966.4471, ""meas_profile"": ""HP-4"", ""meas_id"": 4, ""hum"": 35.56779, ""gas_res"": 11118.83}, {""temp"": 20.62199, ""step"": 0, ""status"": 1, ""pres"": 966.0323, ""meas_profile"": ""HP-3"", ""meas_id"": 3, ""hum"": 36.10041, ""gas_res"": 7766.99}, {""temp"": 20.5616, ""step"": 0, ""status"": 1, ""pres"": 966.1891, ""meas_profile"": ""HP-2"", ""meas_id"": 2, ""hum"": 36.25746, ""gas_res"": 8018.041}, {""temp"": 20.31579, ""step"": 0, ""status"": 1, ""pres"": 966.2277, ""meas_profile"": ""HP-1"", ""meas_id"": 1, ""hum"": 34.59409, ""gas_res"": 6214.799}]}",NULL,"2025-10-27 12:33:42.450367"
12579,"04a600b9b0b8","2025-10-27 12:34:20","NNHcspJAhKMAWd3edCIZ","{""zphs01b"": {""voc"": 0, ""temp"": 18.3, ""pm2_5"": 0, ""pm1_0"": 0, ""pm10"": 381, ""o3"": 0.02, ""no2"": 9.07, ""hum"": 0, ""fmhd"": 0, ""co2"": 5000, ""co"": 0.0}, ""smell_b"": {}, ""sfa30"": {""temp"": 20.965, ""hum"": 36.26, ""fmhd"": 3.0}, ""sen5x"": {""voc"": 100.0, ""temp"": 20.49, ""pm4_0"": 4433.3, ""pm2_5"": 4433.3, ""pm1_0"": 4227.4, ""pm10"": 4433.3, ""nox"": 1.0, ""mass_c"": 4381.825, ""hum"": 42.43}, ""scd41"": {""temp"": 20.52453, ""hum"": 40.41657, ""co2"": 589}, ""power_source"": 0, ""mics6814"": {""red_res"": 0, ""no2_res"": 0, ""no2"": 0.17, ""nh3_res"": 0, ""nh3"": 0.73, ""co_res"": 0, ""co"": 44.0}}",NULL,"2025-10-27 12:34:46.01516"
12580,"04a600b9b0b8","2025-10-27 12:34:20","NNHcspJAhKMAWd3edCIZ","{""bme688"": [{""temp"": 20.70032, ""step"": 9, ""status"": 1, ""pres"": 966.2687, ""meas_profile"": ""HP-8"", ""meas_id"": 8, ""hum"": 36.08929, ""gas_res"": 5684.846}, {""temp"": 20.67339, ""step"": 9, ""status"": 1, ""pres"": 966.4567, ""meas_profile"": ""HP-7"", ""meas_id"": 7, ""hum"": 35.94572, ""gas_res"": 5684.846}, {""temp"": 20.74858, ""step"": 9, ""status"": 1, ""pres"": 966.5576, ""meas_profile"": ""HP-6"", ""meas_id"": 6, ""hum"": 35.83473, ""gas_res"": 6779.661}, {""temp"": 20.63244, ""step"": 9, ""status"": 1, ""pres"": 966.3002, ""meas_profile"": ""HP-5"", ""meas_id"": 5, ""hum"": 36.04118, ""gas_res"": 25000.0}, {""temp"": 20.47411, ""step"": 9, ""status"": 1, ""pres"": 966.4421, ""meas_profile"": ""HP-4"", ""meas_id"": 4, ""hum"": 35.39719, ""gas_res"": 25000.0}, {""temp"": 20.65353, ""step"": 9, ""status"": 1, ""pres"": 966.0398, ""meas_profile"": ""HP-3"", ""meas_id"": 3, ""hum"": 35.90087, ""gas_res"": 8054.367}, {""temp"": 20.58831, ""step"": 9, ""status"": 1, ""pres"": 966.189, ""meas_profile"": ""HP-2"", ""meas_id"": 2, ""hum"": 36.07699, ""gas_res"": 9436.744}, {""temp"": 20.34691, ""step"": 9, ""status"": 1, ""pres"": 966.243, ""meas_profile"": ""HP-1"", ""meas_id"": 1, ""hum"": 34.4503, ""gas_res"": 7259.528}]}",NULL,"2025-10-27 12:34:47.619034"
12581,"04a600b9b0b8","2025-10-27 12:34:20","NNHcspJAhKMAWd3edCIZ","{""bme688"": [{""temp"": 20.69877, ""step"": 8, ""status"": 1, ""pres"": 966.2679, ""meas_profile"": ""HP-8"", ""meas_id"": 8, ""hum"": 36.0776, ""gas_res"": 5684.846}, {""temp"": 20.67183, ""step"": 8, ""status"": 1, ""pres"": 966.4557, ""meas_profile"": ""HP-7"", ""meas_id"": 7, ""hum"": 35.93987, ""gas_res"": 5684.846}, {""temp"": 20.74766, ""step"": 8, ""status"": 1, ""pres"": 966.5577, ""meas_profile"": ""HP-6"", ""meas_id"": 6, ""hum"": 35.83463, ""gas_res"": 7053.119}, {""temp"": 20.63119, ""step"": 8, ""status"": 1, ""pres"": 966.2999, ""meas_profile"": ""HP-5"", ""meas_id"": 5, ""hum"": 36.02392, ""gas_res"": 25000.0}, {""temp"": 20.47318, ""step"": 8, ""status"": 1, ""pres"": 966.4423, ""meas_profile"": ""HP-4"", ""meas_id"": 4, ""hum"": 35.40866, ""gas_res"": 25000.0}, {""temp"": 20.6526, ""step"": 8, ""status"": 1, ""pres"": 966.0385, ""meas_profile"": ""HP-3"", ""meas_id"": 3, ""hum"": 35.92392, ""gas_res"": 7380.074}, {""temp"": 20.58768, ""step"": 8, ""status"": 1, ""pres"": 966.1878, ""meas_profile"": ""HP-2"", ""meas_id"": 2, ""hum"": 36.07121, ""gas_res"": 9546.539}, {""temp"": 20.34598, ""step"": 8, ""status"": 1, ""pres"": 966.2416, ""meas_profile"": ""HP-1"", ""meas_id"": 1, ""hum"": 34.42676, ""gas_res"": 7349.563}]}",NULL,"2025-10-27 12:34:48.911243"
12582,"04a600b9b0b8","2025-10-27 12:34:20","NNHcspJAhKMAWd3edCIZ","{""bme688"": [{""temp"": 20.69723, ""step"": 7, ""status"": 1, ""pres"": 966.2675, ""meas_profile"": ""HP-8"", ""meas_id"": 8, ""hum"": 36.09476, ""gas_res"": 5684.846}, {""temp"": 20.67059, ""step"": 7, ""status"": 1, ""pres"": 966.457, ""meas_profile"": ""HP-7"", ""meas_id"": 7, ""hum"": 35.96825, ""gas_res"": 5684.846}, {""temp"": 20.74642, ""step"": 7, ""status"": 1, ""pres"": 966.5574, ""meas_profile"": ""HP-6"", ""meas_id"": 6, ""hum"": 35.8403, ""gas_res"": 7062.458}, {""temp"": 20.63056, ""step"": 7, ""status"": 1, ""pres"": 966.3005, ""meas_profile"": ""HP-5"", ""meas_id"": 5, ""hum"": 36.02958, ""gas_res"": 25000.0}, {""temp"": 20.47225, ""step"": 7, ""status"": 1, ""pres"": 966.4424, ""meas_profile"": ""HP-4"", ""meas_id"": 4, ""hum"": 35.39124, ""gas_res"": 25000.0}, {""temp"": 20.65167, ""step"": 7, ""status"": 1, ""pres"": 966.0386, ""meas_profile"": ""HP-3"", ""meas_id"": 3, ""hum"": 35.92962, ""gas_res"": 6929.407}, {""temp"": 20.58675, ""step"": 7, ""status"": 1, ""pres"": 966.1881, ""meas_profile"": ""HP-2"", ""meas_id"": 2, ""hum"": 36.08827, ""gas_res"": 9216.59}, {""temp"": 20.34504, ""step"": 7, ""status"": 1, ""pres"": 966.2419, ""meas_profile"": ""HP-1"", ""meas_id"": 1, ""hum"": 34.45599, ""gas_res"": 7181.329}]}",NULL,"2025-10-27 12:34:50.1941"
12583,"04a600b9b0b8","2025-10-27 12:34:20","NNHcspJAhKMAWd3edCIZ","{""bme688"": [{""temp"": 20.696, ""step"": 6, ""status"": 1, ""pres"": 966.2654, ""meas_profile"": ""HP-8"", ""meas_id"": 8, ""hum"": 36.08887, ""gas_res"": 9589.451}, {""temp"": 20.66935, ""step"": 6, ""status"": 1, ""pres"": 966.4565, ""meas_profile"": ""HP-7"", ""meas_id"": 7, ""hum"": 35.95674, ""gas_res"": 14790.85}, {""temp"": 20.7458, ""step"": 6, ""status"": 1, ""pres"": 966.5566, ""meas_profile"": ""HP-6"", ""meas_id"": 6, ""hum"": 35.8518, ""gas_res"": 34343.98}, {""temp"": 20.62963, ""step"": 6, ""status"": 1, ""pres"": 966.3006, ""meas_profile"": ""HP-5"", ""meas_id"": 5, ""hum"": 36.04092, ""gas_res"": 147720.7}, {""temp"": 20.47132, ""step"": 6, ""status"": 1, ""pres"": 966.4426, ""meas_profile"": ""HP-4"", ""meas_id"": 4, ""hum"": 35.40271, ""gas_res"": 176612.6}, {""temp"": 20.65105, ""step"": 6, ""status"": 1, ""pres"": 966.0392, ""meas_profile"": ""HP-3"", ""meas_id"": 3, ""hum"": 35.93534, ""gas_res"": 100000.0}, {""temp"": 20.58613, ""step"": 6, ""status"": 1, ""pres"": 966.1888, ""meas_profile"": ""HP-2"", ""meas_id"": 2, ""hum"": 36.08821, ""gas_res"": 140543.5}, {""temp"": 20.34411, ""step"": 6, ""status"": 1, ""pres"": 966.2422, ""meas_profile"": ""HP-1"", ""meas_id"": 1, ""hum"": 34.45005, ""gas_res"": 108268.1}]}",NULL,"2025-10-27 12:34:51.553024"
12584,"04a600b9b0b8","2025-10-27 12:34:20","NNHcspJAhKMAWd3edCIZ","{""bme688"": [{""temp"": 20.69476, ""step"": 5, ""status"": 1, ""pres"": 966.2653, ""meas_profile"": ""HP-8"", ""meas_id"": 8, ""hum"": 36.10029, ""gas_res"": 9411.765}, {""temp"": 20.66842, ""step"": 5, ""status"": 1, ""pres"": 966.4567, ""meas_profile"": ""HP-7"", ""meas_id"": 7, ""hum"": 35.95664, ""gas_res"": 14509.18}, {""temp"": 20.74488, ""step"": 5, ""status"": 1, ""pres"": 966.5566, ""meas_profile"": ""HP-6"", ""meas_id"": 6, ""hum"": 35.84594, ""gas_res"": 33826.64}, {""temp"": 20.62869, ""step"": 5, ""status"": 1, ""pres"": 966.3007, ""meas_profile"": ""HP-5"", ""meas_id"": 5, ""hum"": 36.03511, ""gas_res"": 147084.2}, {""temp"": 20.47039, ""step"": 5, ""status"": 1, ""pres"": 966.4427, ""meas_profile"": ""HP-4"", ""meas_id"": 4, ""hum"": 35.40263, ""gas_res"": 179397.3}, {""temp"": 20.65013, ""step"": 5, ""status"": 1, ""pres"": 966.0394, ""meas_profile"": ""HP-3"", ""meas_id"": 3, ""hum"": 35.94682, ""gas_res"": 100000.0}, {""temp"": 20.5852, ""step"": 5, ""status"": 1, ""pres"": 966.189, ""meas_profile"": ""HP-2"", ""meas_id"": 2, ""hum"": 36.10527, ""gas_res"": 137375.9}, {""temp"": 20.34286, ""step"": 5, ""status"": 1, ""pres"": 966.2405, ""meas_profile"": ""HP-1"", ""meas_id"": 1, ""hum"": 34.43235, ""gas_res"": 104107.4}]}",NULL,"2025-10-27 12:34:52.744731"
12585,"04a600b9b0b8","2025-10-27 12:34:20","NNHcspJAhKMAWd3edCIZ","{""bme688"": [{""temp"": 20.69383, ""step"": 4, ""status"": 1, ""pres"": 966.2656, ""meas_profile"": ""HP-8"", ""meas_id"": 8, ""hum"": 36.09444, ""gas_res"": 9248.555}, {""temp"": 20.66718, ""step"": 4, ""status"": 1, ""pres"": 966.4564, ""meas_profile"": ""HP-7"", ""meas_id"": 7, ""hum"": 35.96793, ""gas_res"": 14162.43}, {""temp"": 20.74395, ""step"": 4, ""status"": 1, ""pres"": 966.5569, ""meas_profile"": ""HP-6"", ""meas_id"": 6, ""hum"": 35.85742, ""gas_res"": 33693.08}, {""temp"": 20.62743, ""step"": 4, ""status"": 1, ""pres"": 966.3002, ""meas_profile"": ""HP-5"", ""meas_id"": 5, ""hum"": 36.04642, ""gas_res"": 149926.8}, {""temp"": 20.46945, ""step"": 4, ""status"": 1, ""pres"": 966.4428, ""meas_profile"": ""HP-4"", ""meas_id"": 4, ""hum"": 35.41409, ""gas_res"": 186249.5}, {""temp"": 20.6492, ""step"": 4, ""status"": 1, ""pres"": 966.0396, ""meas_profile"": ""HP-3"", ""meas_id"": 3, ""hum"": 35.95251, ""gas_res"": 100000.0}, {""temp"": 20.58458, ""step"": 4, ""status"": 1, ""pres"": 966.1897, ""meas_profile"": ""HP-2"", ""meas_id"": 2, ""hum"": 36.10522, ""gas_res"": 134878.8}, {""temp"": 20.34193, ""step"": 4, ""status"": 1, ""pres"": 966.2408, ""meas_profile"": ""HP-1"", ""meas_id"": 1, ""hum"": 34.46157, ""gas_res"": 101506.7}]}",NULL,"2025-10-27 12:34:54.012237"
12586,"04a600b9b0b8","2025-10-27 12:34:20","NNHcspJAhKMAWd3edCIZ","{""bme688"": [{""temp"": 20.6926, ""step"": 3, ""status"": 0, ""pres"": 966.2654, ""meas_profile"": ""HP-8"", ""meas_id"": 8, ""hum"": 36.10585, ""gas_res"": 5994.754}, {""temp"": 20.66625, ""step"": 3, ""status"": 0, ""pres"": 966.4567, ""meas_profile"": ""HP-7"", ""meas_id"": 7, ""hum"": 35.99065, ""gas_res"": 7426.317}, {""temp"": 20.74272, ""step"": 3, ""status"": 0, ""pres"": 966.5566, ""meas_profile"": ""HP-6"", ""meas_id"": 6, ""hum"": 35.8573, ""gas_res"": 18658.89}, {""temp"": 20.62618, ""step"": 3, ""status"": 0, ""pres"": 966.3, ""meas_profile"": ""HP-5"", ""meas_id"": 5, ""hum"": 36.0463, ""gas_res"": 48201.84}, {""temp"": 20.46821, ""step"": 3, ""status"": 0, ""pres"": 966.4426, ""meas_profile"": ""HP-4"", ""meas_id"": 4, ""hum"": 35.4082, ""gas_res"": 54271.78}, {""temp"": 20.64827, ""step"": 3, ""status"": 0, ""pres"": 966.0397, ""meas_profile"": ""HP-3"", ""meas_id"": 3, ""hum"": 35.94664, ""gas_res"": 33481.56}, {""temp"": 20.58365, ""step"": 3, ""status"": 0, ""pres"": 966.1898, ""meas_profile"": ""HP-2"", ""meas_id"": 2, ""hum"": 36.11656, ""gas_res"": 54724.24}, {""temp"": 20.34069, ""step"": 3, ""status"": 0, ""pres"": 966.2407, ""meas_profile"": ""HP-1"", ""meas_id"": 1, ""hum"": 34.46146, ""gas_res"": 34427.11}]}",NULL,"2025-10-27 12:34:55.293702"
12587,"04a600b9b0b8","2025-10-27 12:34:20","NNHcspJAhKMAWd3edCIZ","{""bme688"": [{""temp"": 20.69136, ""step"": 2, ""status"": 1, ""pres"": 966.2653, ""meas_profile"": ""HP-8"", ""meas_id"": 8, ""hum"": 36.12304, ""gas_res"": 19196.16}, {""temp"": 20.665, ""step"": 2, ""status"": 1, ""pres"": 966.4561, ""meas_profile"": ""HP-7"", ""meas_id"": 7, ""hum"": 35.99053, ""gas_res"": 26251.03}, {""temp"": 20.74148, ""step"": 2, ""status"": 1, ""pres"": 966.5547, ""meas_profile"": ""HP-6"", ""meas_id"": 6, ""hum"": 35.85718, ""gas_res"": 108199.5}, {""temp"": 20.62493, ""step"": 2, ""status"": 1, ""pres"": 966.2996, ""meas_profile"": ""HP-5"", ""meas_id"": 5, ""hum"": 36.06332, ""gas_res"": 370477.6}, {""temp"": 20.46697, ""step"": 2, ""status"": 1, ""pres"": 966.4422, ""meas_profile"": ""HP-4"", ""meas_id"": 4, ""hum"": 35.42542, ""gas_res"": 585812.4}, {""temp"": 20.64704, ""step"": 2, ""status"": 1, ""pres"": 966.0377, ""meas_profile"": ""HP-3"", ""meas_id"": 3, ""hum"": 35.95231, ""gas_res"": 268907.6}, {""temp"": 20.58241, ""step"": 2, ""status"": 1, ""pres"": 966.1894, ""meas_profile"": ""HP-2"", ""meas_id"": 2, ""hum"": 36.12217, ""gas_res"": 472324.7}, {""temp"": 20.33975, ""step"": 2, ""status"": 1, ""pres"": 966.2392, ""meas_profile"": ""HP-1"", ""meas_id"": 1, ""hum"": 34.4731, ""gas_res"": 349249.7}]}",NULL,"2025-10-27 12:34:56.690202"
12588,"04a600b9b0b8","2025-10-27 12:34:20","NNHcspJAhKMAWd3edCIZ","{""bme688"": [{""temp"": 20.69013, ""step"": 1, ""status"": 1, ""pres"": 966.2634, ""meas_profile"": ""HP-8"", ""meas_id"": 8, ""hum"": 36.12292, ""gas_res"": 6087.122}, {""temp"": 20.66407, ""step"": 1, ""status"": 1, ""pres"": 966.4563, ""meas_profile"": ""HP-7"", ""meas_id"": 7, ""hum"": 35.98474, ""gas_res"": 7494.145}, {""temp"": 20.74056, ""step"": 1, ""status"": 1, ""pres"": 966.555, ""meas_profile"": ""HP-6"", ""meas_id"": 6, ""hum"": 35.87444, ""gas_res"": 25000.0}, {""temp"": 20.624, ""step"": 1, ""status"": 1, ""pres"": 966.2996, ""meas_profile"": ""HP-5"", ""meas_id"": 5, ""hum"": 36.05753, ""gas_res"": 41816.4}, {""temp"": 20.46635, ""step"": 1, ""status"": 1, ""pres"": 966.4428, ""meas_profile"": ""HP-4"", ""meas_id"": 4, ""hum"": 35.43114, ""gas_res"": 100000.0}, {""temp"": 20.64642, ""step"": 1, ""status"": 1, ""pres"": 966.0385, ""meas_profile"": ""HP-3"", ""meas_id"": 3, ""hum"": 35.95803, ""gas_res"": 28193.83}, {""temp"": 20.58179, ""step"": 1, ""status"": 1, ""pres"": 966.1901, ""meas_profile"": ""HP-2"", ""meas_id"": 2, ""hum"": 36.1221, ""gas_res"": 40855.41}, {""temp"": 20.33882, ""step"": 1, ""status"": 1, ""pres"": 966.2396, ""meas_profile"": ""HP-1"", ""meas_id"": 1, ""hum"": 34.47301, ""gas_res"": 29018.36}]}",NULL,"2025-10-27 12:34:57.857022"
12589,"04a600b9b0b8","2025-10-27 12:34:20","NNHcspJAhKMAWd3edCIZ","{""bme688"": [{""temp"": 20.68858, ""step"": 0, ""status"": 1, ""pres"": 966.2626, ""meas_profile"": ""HP-8"", ""meas_id"": 8, ""hum"": 36.11701, ""gas_res"": 5684.846}, {""temp"": 20.66283, ""step"": 0, ""status"": 1, ""pres"": 966.4559, ""meas_profile"": ""HP-7"", ""meas_id"": 7, ""hum"": 35.99032, ""gas_res"": 5684.846}, {""temp"": 20.73963, ""step"": 0, ""status"": 1, ""pres"": 966.5552, ""meas_profile"": ""HP-6"", ""meas_id"": 6, ""hum"": 35.88013, ""gas_res"": 7076.515}, {""temp"": 20.62306, ""step"": 0, ""status"": 1, ""pres"": 966.3, ""meas_profile"": ""HP-5"", ""meas_id"": 5, ""hum"": 36.06887, ""gas_res"": 25000.0}, {""temp"": 20.46542, ""step"": 0, ""status"": 1, ""pres"": 966.4427, ""meas_profile"": ""HP-4"", ""meas_id"": 4, ""hum"": 35.42527, ""gas_res"": 25000.0}, {""temp"": 20.64549, ""step"": 0, ""status"": 1, ""pres"": 966.0385, ""meas_profile"": ""HP-3"", ""meas_id"": 3, ""hum"": 35.95795, ""gas_res"": 6636.25}, {""temp"": 20.58117, ""step"": 0, ""status"": 1, ""pres"": 966.1909, ""meas_profile"": ""HP-2"", ""meas_id"": 2, ""hum"": 36.11632, ""gas_res"": 8776.741}, {""temp"": 20.3382, ""step"": 0, ""status"": 1, ""pres"": 966.2405, ""meas_profile"": ""HP-1"", ""meas_id"": 1, ""hum"": 34.47882, ""gas_res"": 6652.807}]}",NULL,"2025-10-27 12:34:59.138552"
12590,"04a600b9b0b8","2025-10-27 12:33:53","NNHcspJAhKMAWd3edCIZ","{""zphs01b"": {""voc"": 0, ""temp"": 18.2, ""pm2_5"": 0, ""pm1_0"": 0, ""pm10"": 373, ""o3"": 0.02, ""no2"": 0.82, ""hum"": 0, ""fmhd"": 0, ""co2"": 5000, ""co"": 0.0}, ""smell_b"": {}, ""sfa30"": {""temp"": 20.93, ""hum"": 36.31, ""fmhd"": 2.8}, ""sen5x"": {""voc"": 103.0, ""temp"": 20.49, ""pm4_0"": 4363.1, ""pm2_5"": 4363.1, ""pm1_0"": 4160.5, ""pm10"": 4363.1, ""nox"": 1.0, ""mass_c"": 4312.45, ""hum"": 42.38}, ""scd41"": {""temp"": 20.43641, ""hum"": 40.49592, ""co2"": 590}, ""power_source"": 0, ""mics6814"": {""red_res"": 0, ""no2_res"": 0, ""no2"": 0.17, ""nh3_res"": 0, ""nh3"": 0.73, ""co_res"": 0, ""co"": 44.0}}",NULL,"2025-10-27 12:35:00.304458"
12591,"04a600b9b0b8","2025-10-27 12:33:53","NNHcspJAhKMAWd3edCIZ","{""bme688"": [{""temp"": 20.68735, ""step"": 9, ""status"": 1, ""pres"": 966.2625, ""meas_profile"": ""HP-8"", ""meas_id"": 8, ""hum"": 36.12266, ""gas_res"": 5684.846}, {""temp"": 20.66159, ""step"": 9, ""status"": 1, ""pres"": 966.4556, ""meas_profile"": ""HP-7"", ""meas_id"": 7, ""hum"": 35.99591, ""gas_res"": 5684.846}, {""temp"": 20.73839, ""step"": 9, ""status"": 1, ""pres"": 966.5533, ""meas_profile"": ""HP-6"", ""meas_id"": 6, ""hum"": 35.87424, ""gas_res"": 6175.222}, {""temp"": 20.62243, ""step"": 9, ""status"": 1, ""pres"": 966.3005, ""meas_profile"": ""HP-5"", ""meas_id"": 5, ""hum"": 36.05738, ""gas_res"": 25000.0}, {""temp"": 20.46449, ""step"": 9, ""status"": 1, ""pres"": 966.4431, ""meas_profile"": ""HP-4"", ""meas_id"": 4, ""hum"": 35.42519, ""gas_res"": 25000.0}, {""temp"": 20.64456, ""step"": 9, ""status"": 1, ""pres"": 966.0387, ""meas_profile"": ""HP-3"", ""meas_id"": 3, ""hum"": 35.96365, ""gas_res"": 6762.468}, {""temp"": 20.58054, ""step"": 9, ""status"": 1, ""pres"": 966.1916, ""meas_profile"": ""HP-2"", ""meas_id"": 2, ""hum"": 36.12198, ""gas_res"": 8247.423}, {""temp"": 20.33695, ""step"": 9, ""status"": 1, ""pres"": 966.2385, ""meas_profile"": ""HP-1"", ""meas_id"": 1, ""hum"": 34.46698, ""gas_res"": 6139.678}]}",NULL,"2025-10-27 12:35:01.797471"
12592,"04a600b9b0b8","2025-10-27 12:33:53","NNHcspJAhKMAWd3edCIZ","{""bme688"": [{""temp"": 20.68611, ""step"": 8, ""status"": 1, ""pres"": 966.2622, ""meas_profile"": ""HP-8"", ""meas_id"": 8, ""hum"": 36.14562, ""gas_res"": 5684.846}, {""temp"": 20.66004, ""step"": 8, ""status"": 1, ""pres"": 966.4547, ""meas_profile"": ""HP-7"", ""meas_id"": 7, ""hum"": 35.97865, ""gas_res"": 5684.846}, {""temp"": 20.73747, ""step"": 8, ""status"": 1, ""pres"": 966.5535, ""meas_profile"": ""HP-6"", ""meas_id"": 6, ""hum"": 35.88571, ""gas_res"": 6443.818}, {""temp"": 20.62149, ""step"": 8, ""status"": 1, ""pres"": 966.3007, ""meas_profile"": ""HP-5"", ""meas_id"": 5, ""hum"": 36.06871, ""gas_res"": 25000.0}, {""temp"": 20.46355, ""step"": 8, ""status"": 1, ""pres"": 966.4432, ""meas_profile"": ""HP-4"", ""meas_id"": 4, ""hum"": 35.43088, ""gas_res"": 25000.0}, {""temp"": 20.64363, ""step"": 8, ""status"": 1, ""pres"": 966.039, ""meas_profile"": ""HP-3"", ""meas_id"": 3, ""hum"": 35.95777, ""gas_res"": 6374.502}, {""temp"": 20.57961, ""step"": 8, ""status"": 1, ""pres"": 966.1917, ""meas_profile"": ""HP-2"", ""meas_id"": 2, ""hum"": 36.12189, ""gas_res"": 8203.024}, {""temp"": 20.33602, ""step"": 8, ""status"": 1, ""pres"": 966.239, ""meas_profile"": ""HP-1"", ""meas_id"": 1, ""hum"": 34.47863, ""gas_res"": 6211.18}]}",NULL,"2025-10-27 12:35:02.992487"
12593,"04a600b9b0b8","2025-10-27 12:33:53","NNHcspJAhKMAWd3edCIZ","{""bme688"": [{""temp"": 20.68457, ""step"": 7, ""status"": 1, ""pres"": 966.2598, ""meas_profile"": ""HP-8"", ""meas_id"": 8, ""hum"": 36.13393, ""gas_res"": 5684.846}, {""temp"": 20.65879, ""step"": 7, ""status"": 1, ""pres"": 966.4543, ""meas_profile"": ""HP-7"", ""meas_id"": 7, ""hum"": 36.01275, ""gas_res"": 5684.846}, {""temp"": 20.73623, ""step"": 7, ""status"": 1, ""pres"": 966.5532, ""meas_profile"": ""HP-6"", ""meas_id"": 6, ""hum"": 35.87982, ""gas_res"": 6475.111}, {""temp"": 20.62056, ""step"": 7, ""status"": 1, ""pres"": 966.3008, ""meas_profile"": ""HP-5"", ""meas_id"": 5, ""hum"": 36.07435, ""gas_res"": 25000.0}, {""temp"": 20.46293, ""step"": 7, ""status"": 1, ""pres"": 966.4437, ""meas_profile"": ""HP-4"", ""meas_id"": 4, ""hum"": 35.44238, ""gas_res"": 25000.0}, {""temp"": 20.64271, ""step"": 7, ""status"": 1, ""pres"": 966.0391, ""meas_profile"": ""HP-3"", ""meas_id"": 3, ""hum"": 35.96346, ""gas_res"": 8318.17}, {""temp"": 20.57899, ""step"": 7, ""status"": 1, ""pres"": 966.1922, ""meas_profile"": ""HP-2"", ""meas_id"": 2, ""hum"": 36.13327, ""gas_res"": 7789.679}, {""temp"": 20.33508, ""step"": 7, ""status"": 1, ""pres"": 966.2377, ""meas_profile"": ""HP-1"", ""meas_id"": 1, ""hum"": 34.47853, ""gas_res"": 6052.582}]}",NULL,"2025-10-27 12:35:04.265653"
12594,"04a600b9b0b8","2025-10-27 12:33:53","NNHcspJAhKMAWd3edCIZ","{""bme688"": [{""temp"": 20.68364, ""step"": 6, ""status"": 1, ""pres"": 966.26, ""meas_profile"": ""HP-8"", ""meas_id"": 8, ""hum"": 36.14538, ""gas_res"": 9184.845}, {""temp"": 20.65786, ""step"": 6, ""status"": 1, ""pres"": 966.4543, ""meas_profile"": ""HP-7"", ""meas_id"": 7, ""hum"": 35.99556, ""gas_res"": 11691.63}, {""temp"": 20.73562, ""step"": 6, ""status"": 1, ""pres"": 966.554, ""meas_profile"": ""HP-6"", ""meas_id"": 6, ""hum"": 35.89132, ""gas_res"": 30512.52}, {""temp"": 20.61962, ""step"": 6, ""status"": 1, ""pres"": 966.301, ""meas_profile"": ""HP-5"", ""meas_id"": 5, ""hum"": 36.08569, ""gas_res"": 126108.4}, {""temp"": 20.462, ""step"": 6, ""status"": 1, ""pres"": 966.4439, ""meas_profile"": ""HP-4"", ""meas_id"": 4, ""hum"": 35.44807, ""gas_res"": 140775.4}, {""temp"": 20.64178, ""step"": 6, ""status"": 1, ""pres"": 966.0392, ""meas_profile"": ""HP-3"", ""meas_id"": 3, ""hum"": 35.9576, ""gas_res"": 86691.5}, {""temp"": 20.57806, ""step"": 6, ""status"": 1, ""pres"": 966.1908, ""meas_profile"": ""HP-2"", ""meas_id"": 2, ""hum"": 36.15606, ""gas_res"": 111231.8}, {""temp"": 20.33415, ""step"": 6, ""status"": 1, ""pres"": 966.2379, ""meas_profile"": ""HP-1"", ""meas_id"": 1, ""hum"": 34.48431, ""gas_res"": 100000.0}]}",NULL,"2025-10-27 12:35:05.52868"
12595,"04a600b9b0b8","2025-10-27 12:33:53","NNHcspJAhKMAWd3edCIZ","{""bme688"": [{""temp"": 20.68241, ""step"": 5, ""status"": 1, ""pres"": 966.26, ""meas_profile"": ""HP-8"", ""meas_id"": 8, ""hum"": 36.15681, ""gas_res"": 9060.022}, {""temp"": 20.65724, ""step"": 5, ""status"": 1, ""pres"": 966.4551, ""meas_profile"": ""HP-7"", ""meas_id"": 7, ""hum"": 36.02401, ""gas_res"": 11490.13}, {""temp"": 20.73469, ""step"": 5, ""status"": 1, ""pres"": 966.5542, ""meas_profile"": ""HP-6"", ""meas_id"": 6, ""hum"": 35.90279, ""gas_res"": 30231.46}, {""temp"": 20.61837, ""step"": 5, ""status"": 1, ""pres"": 966.3005, ""meas_profile"": ""HP-5"", ""meas_id"": 5, ""hum"": 36.08557, ""gas_res"": 125183.4}, {""temp"": 20.46107, ""step"": 5, ""status"": 1, ""pres"": 966.4441, ""meas_profile"": ""HP-4"", ""meas_id"": 4, ""hum"": 35.44221, ""gas_res"": 139623.7}, {""temp"": 20.64054, ""step"": 5, ""status"": 1, ""pres"": 966.0374, ""meas_profile"": ""HP-3"", ""meas_id"": 3, ""hum"": 35.96326, ""gas_res"": 82821.09}, {""temp"": 20.57713, ""step"": 5, ""status"": 1, ""pres"": 966.1909, ""meas_profile"": ""HP-2"", ""meas_id"": 2, ""hum"": 36.15025, ""gas_res"": 106777.9}, {""temp"": 20.33353, ""step"": 5, ""status"": 1, ""pres"": 966.2371, ""meas_profile"": ""HP-1"", ""meas_id"": 1, ""hum"": 34.50185, ""gas_res"": 100000.0}]}",NULL,"2025-10-27 12:35:06.917441"
12596,"04a600b9b0b8","2025-10-27 12:33:53","NNHcspJAhKMAWd3edCIZ","{""bme688"": [{""temp"": 20.68117, ""step"": 4, ""status"": 1, ""pres"": 966.2598, ""meas_profile"": ""HP-8"", ""meas_id"": 8, ""hum"": 36.16246, ""gas_res"": 8923.592}, {""temp"": 20.65631, ""step"": 4, ""status"": 1, ""pres"": 966.4551, ""meas_profile"": ""HP-7"", ""meas_id"": 7, ""hum"": 36.02392, ""gas_res"": 11295.45}, {""temp"": 20.73376, ""step"": 4, ""status"": 1, ""pres"": 966.5527, ""meas_profile"": ""HP-6"", ""meas_id"": 6, ""hum"": 35.90271, ""gas_res"": 29892.57}, {""temp"": 20.61712, ""step"": 4, ""status"": 1, ""pres"": 966.3003, ""meas_profile"": ""HP-5"", ""meas_id"": 5, ""hum"": 36.07973, ""gas_res"": 125644.2}, {""temp"": 20.46045, ""step"": 4, ""status"": 1, ""pres"": 966.4446, ""meas_profile"": ""HP-4"", ""meas_id"": 4, ""hum"": 35.46527, ""gas_res"": 141710.5}, {""temp"": 20.63961, ""step"": 4, ""status"": 1, ""pres"": 966.0374, ""meas_profile"": ""HP-3"", ""meas_id"": 3, ""hum"": 35.98053, ""gas_res"": 79207.92}, {""temp"": 20.5762, ""step"": 4, ""status"": 1, ""pres"": 966.191, ""meas_profile"": ""HP-2"", ""meas_id"": 2, ""hum"": 36.16732, ""gas_res"": 101748.8}, {""temp"": 20.33259, ""step"": 4, ""status"": 1, ""pres"": 966.2374, ""meas_profile"": ""HP-1"", ""meas_id"": 1, ""hum"": 34.50177, ""gas_res"": 100000.0}]}",NULL,"2025-10-27 12:35:08.091658"
12597,"04a600b9b0b8","2025-10-27 12:33:53","NNHcspJAhKMAWd3edCIZ","{""bme688"": [{""temp"": 20.67994, ""step"": 3, ""status"": 0, ""pres"": 966.2596, ""meas_profile"": ""HP-8"", ""meas_id"": 8, ""hum"": 36.17389, ""gas_res"": 5908.419}, {""temp"": 20.65507, ""step"": 3, ""status"": 0, ""pres"": 966.4548, ""meas_profile"": ""HP-7"", ""meas_id"": 7, ""hum"": 36.05232, ""gas_res"": 7244.736}, {""temp"": 20.73253, ""step"": 3, ""status"": 0, ""pres"": 966.5524, ""meas_profile"": ""HP-6"", ""meas_id"": 6, ""hum"": 35.9373, ""gas_res"": 17034.87}, {""temp"": 20.61586, ""step"": 3, ""status"": 0, ""pres"": 966.2999, ""meas_profile"": ""HP-5"", ""meas_id"": 5, ""hum"": 36.11392, ""gas_res"": 41612.48}, {""temp"": 20.4592, ""step"": 3, ""status"": 0, ""pres"": 966.4444, ""meas_profile"": ""HP-4"", ""meas_id"": 4, ""hum"": 35.47672, ""gas_res"": 44568.25}, {""temp"": 20.63838, ""step"": 3, ""status"": 0, ""pres"": 966.0372, ""meas_profile"": ""HP-3"", ""meas_id"": 3, ""hum"": 35.99777, ""gas_res"": 27467.81}, {""temp"": 20.57495, ""step"": 3, ""status"": 0, ""pres"": 966.1907, ""meas_profile"": ""HP-2"", ""meas_id"": 2, ""hum"": 36.14432, ""gas_res"": 42524.92}, {""temp"": 20.33135, ""step"": 3, ""status"": 0, ""pres"": 966.2372, ""meas_profile"": ""HP-1"", ""meas_id"": 1, ""hum"": 34.50165, ""gas_res"": 27935.4}]}",NULL,"2025-10-27 12:35:09.391883"
12598,"04a600b9b0b8","2025-10-27 12:33:53","NNHcspJAhKMAWd3edCIZ","{""bme688"": [{""temp"": 20.67901, ""step"": 2, ""status"": 1, ""pres"": 966.2599, ""meas_profile"": ""HP-8"", ""meas_id"": 8, ""hum"": 36.19688, ""gas_res"": 20311.01}, {""temp"": 20.65414, ""step"": 2, ""status"": 1, ""pres"": 966.455, ""meas_profile"": ""HP-7"", ""meas_id"": 7, ""hum"": 36.05223, ""gas_res"": 27503.22}, {""temp"": 20.7316, ""step"": 2, ""status"": 1, ""pres"": 966.5527, ""meas_profile"": ""HP-6"", ""meas_id"": 6, ""hum"": 35.91986, ""gas_res"": 105588.8}, {""temp"": 20.61493, ""step"": 2, ""status"": 1, ""pres"": 966.3, ""meas_profile"": ""HP-5"", ""meas_id"": 5, ""hum"": 36.10239, ""gas_res"": 349607.4}, {""temp"": 20.45796, ""step"": 2, ""status"": 1, ""pres"": 966.4439, ""meas_profile"": ""HP-4"", ""meas_id"": 4, ""hum"": 35.47082, ""gas_res"": 471021.2}, {""temp"": 20.63714, ""step"": 2, ""status"": 1, ""pres"": 966.0368, ""meas_profile"": ""HP-3"", ""meas_id"": 3, ""hum"": 36.00344, ""gas_res"": 216399.0}, {""temp"": 20.57402, ""step"": 2, ""status"": 1, ""pres"": 966.1909, ""meas_profile"": ""HP-2"", ""meas_id"": 2, ""hum"": 36.16711, ""gas_res"": 375229.0}, {""temp"": 20.33042, ""step"": 2, ""status"": 1, ""pres"": 966.2358, ""meas_profile"": ""HP-1"", ""meas_id"": 1, ""hum"": 34.50157, ""gas_res"": 271690.1}]}",NULL,"2025-10-27 12:35:10.66925"
12599,"04a600b9b0b8","2025-10-27 12:33:53","NNHcspJAhKMAWd3edCIZ","{""bme688"": [{""temp"": 20.67777, ""step"": 1, ""status"": 1, ""pres"": 966.2598, ""meas_profile"": ""HP-8"", ""meas_id"": 8, ""hum"": 36.17945, ""gas_res"": 6049.149}, {""temp"": 20.6532, ""step"": 1, ""status"": 1, ""pres"": 966.4551, ""meas_profile"": ""HP-7"", ""meas_id"": 7, ""hum"": 36.04074, ""gas_res"": 7354.631}, {""temp"": 20.73068, ""step"": 1, ""status"": 1, ""pres"": 966.5513, ""meas_profile"": ""HP-6"", ""meas_id"": 6, ""hum"": 35.93134, ""gas_res"": 25000.0}, {""temp"": 20.61399, ""step"": 1, ""status"": 1, ""pres"": 966.3, ""meas_profile"": ""HP-5"", ""meas_id"": 5, ""hum"": 36.11374, ""gas_res"": 35164.84}, {""temp"": 20.45734, ""step"": 1, ""status"": 1, ""pres"": 966.4445, ""meas_profile"": ""HP-4"", ""meas_id"": 4, ""hum"": 35.49389, ""gas_res"": 36802.76}, {""temp"": 20.63652, ""step"": 1, ""status"": 1, ""pres"": 966.0374, ""meas_profile"": ""HP-3"", ""meas_id"": 3, ""hum"": 36.00338, ""gas_res"": 25000.0}, {""temp"": 20.5734, ""step"": 1, ""status"": 1, ""pres"": 966.1899, ""meas_profile"": ""HP-2"", ""meas_id"": 2, ""hum"": 36.18421, ""gas_res"": 30210.05}, {""temp"": 20.32979, ""step"": 1, ""status"": 1, ""pres"": 966.2366, ""meas_profile"": ""HP-1"", ""meas_id"": 1, ""hum"": 34.5191, ""gas_res"": 25000.0}]}",NULL,"2025-10-27 12:35:12.042239"
12600,"04a600b9b0b8","2025-10-27 12:33:53","NNHcspJAhKMAWd3edCIZ","{""bme688"": [{""temp"": 20.67654, ""step"": 0, ""status"": 1, ""pres"": 966.2597, ""meas_profile"": ""HP-8"", ""meas_id"": 8, ""hum"": 36.17933, ""gas_res"": 5684.846}, {""temp"": 20.65196, ""step"": 0, ""status"": 1, ""pres"": 966.4565, ""meas_profile"": ""HP-7"", ""meas_id"": 7, ""hum"": 36.05202, ""gas_res"": 5684.846}, {""temp"": 20.72975, ""step"": 0, ""status"": 1, ""pres"": 966.5513, ""meas_profile"": ""HP-6"", ""meas_id"": 6, ""hum"": 35.93125, ""gas_res"": 6715.635}, {""temp"": 20.61336, ""step"": 0, ""status"": 1, ""pres"": 966.3008, ""meas_profile"": ""HP-5"", ""meas_id"": 5, ""hum"": 36.1194, ""gas_res"": 25000.0}, {""temp"": 20.45641, ""step"": 0, ""status"": 1, ""pres"": 966.4447, ""meas_profile"": ""HP-4"", ""meas_id"": 4, ""hum"": 35.48224, ""gas_res"": 22759.6}, {""temp"": 20.63559, ""step"": 0, ""status"": 1, ""pres"": 966.0376, ""meas_profile"": ""HP-3"", ""meas_id"": 3, ""hum"": 36.02065, ""gas_res"": 7541.833}, {""temp"": 20.57278, ""step"": 0, ""status"": 1, ""pres"": 966.1921, ""meas_profile"": ""HP-2"", ""meas_id"": 2, ""hum"": 36.17843, ""gas_res"": 7114.273}, {""temp"": 20.32886, ""step"": 0, ""status"": 1, ""pres"": 966.2352, ""meas_profile"": ""HP-1"", ""meas_id"": 1, ""hum"": 34.51902, ""gas_res"": 8000.0}]}",NULL,"2025-10-27 12:35:13.210628"
12601,"04a600b9b0b8","2025-10-27 12:35:51","NNHcspJAhKMAWd3edCIZ","{""zphs01b"": {""voc"": 0, ""temp"": 18.5, ""pm2_5"": 0, ""pm1_0"": 0, ""pm10"": 354, ""o3"": 0.02, ""no2"": 10.0, ""hum"": 0, ""fmhd"": 0, ""co2"": 5000, ""co"": 0.0}, ""smell_b"": {}, ""sfa30"": {""temp"": 21.03, ""hum"": 36.2, ""fmhd"": 3.2}, ""sen5x"": {""voc"": 98.0, ""temp"": 20.51, ""pm4_0"": 4427.6, ""pm2_5"": 4427.6, ""pm1_0"": 4222.0, ""pm10"": 4427.6, ""nox"": 1.0, ""mass_c"": 4376.2, ""hum"": 42.57}, ""scd41"": {""temp"": 20.69009, ""hum"": 39.96796, ""co2"": 601}, ""power_source"": 0, ""mics6814"": {""red_res"": 0, ""no2_res"": 0, ""no2"": 0.17, ""nh3_res"": 0, ""nh3"": 0.73, ""co_res"": 0, ""co"": 44.0}}",NULL,"2025-10-27 12:36:17.386714"
12602,"04a600b9b0b8","2025-10-27 12:35:51","NNHcspJAhKMAWd3edCIZ","{""bme688"": [{""temp"": 20.73306, ""step"": 9, ""status"": 1, ""pres"": 966.2743, ""meas_profile"": ""HP-8"", ""meas_id"": 8, ""hum"": 35.98285, ""gas_res"": 5684.846}, {""temp"": 20.70475, ""step"": 9, ""status"": 1, ""pres"": 966.4595, ""meas_profile"": ""HP-7"", ""meas_id"": 7, ""hum"": 35.85751, ""gas_res"": 5684.846}, {""temp"": 20.77606, ""step"": 9, ""status"": 1, ""pres"": 966.5602, ""meas_profile"": ""HP-6"", ""meas_id"": 6, ""hum"": 35.74485, ""gas_res"": 7220.217}, {""temp"": 20.65996, ""step"": 9, ""status"": 1, ""pres"": 966.2981, ""meas_profile"": ""HP-5"", ""meas_id"": 5, ""hum"": 35.91811, ""gas_res"": 25000.0}, {""temp"": 20.49958, ""step"": 9, ""status"": 1, ""pres"": 966.4358, ""meas_profile"": ""HP-4"", ""meas_id"": 4, ""hum"": 35.31292, ""gas_res"": 25000.0}, {""temp"": 20.67796, ""step"": 9, ""status"": 1, ""pres"": 966.0394, ""meas_profile"": ""HP-3"", ""meas_id"": 3, ""hum"": 35.82802, ""gas_res"": 9021.708}, {""temp"": 20.61222, ""step"": 9, ""status"": 1, ""pres"": 966.1827, ""meas_profile"": ""HP-2"", ""meas_id"": 2, ""hum"": 36.00497, ""gas_res"": 10403.12}, {""temp"": 20.37181, ""step"": 9, ""status"": 1, ""pres"": 966.2452, ""meas_profile"": ""HP-1"", ""meas_id"": 1, ""hum"": 34.3588, ""gas_res"": 8209.338}]}",NULL,"2025-10-27 12:36:19.184567"
12603,"04a600b9b0b8","2025-10-27 12:35:51","NNHcspJAhKMAWd3edCIZ","{""bme688"": [{""temp"": 20.7312, ""step"": 8, ""status"": 1, ""pres"": 966.2732, ""meas_profile"": ""HP-8"", ""meas_id"": 8, ""hum"": 35.9942, ""gas_res"": 5684.846}, {""temp"": 20.70289, ""step"": 8, ""status"": 1, ""pres"": 966.46, ""meas_profile"": ""HP-7"", ""meas_id"": 7, ""hum"": 35.85163, ""gas_res"": 5684.846}, {""temp"": 20.77482, ""step"": 8, ""status"": 1, ""pres"": 966.5616, ""meas_profile"": ""HP-6"", ""meas_id"": 6, ""hum"": 35.73318, ""gas_res"": 7447.056}, {""temp"": 20.6587, ""step"": 8, ""status"": 1, ""pres"": 966.2979, ""meas_profile"": ""HP-5"", ""meas_id"": 5, ""hum"": 35.91229, ""gas_res"": 25000.0}, {""temp"": 20.49834, ""step"": 8, ""status"": 1, ""pres"": 966.4371, ""meas_profile"": ""HP-4"", ""meas_id"": 4, ""hum"": 35.30703, ""gas_res"": 25000.0}, {""temp"": 20.67672, ""step"": 8, ""status"": 1, ""pres"": 966.0391, ""meas_profile"": ""HP-3"", ""meas_id"": 3, ""hum"": 35.83369, ""gas_res"": 8146.64}, {""temp"": 20.61097, ""step"": 8, ""status"": 1, ""pres"": 966.1838, ""meas_profile"": ""HP-2"", ""meas_id"": 2, ""hum"": 36.01057, ""gas_res"": 10392.98}, {""temp"": 20.37056, ""step"": 8, ""status"": 1, ""pres"": 966.2451, ""meas_profile"": ""HP-1"", ""meas_id"": 1, ""hum"": 34.38212, ""gas_res"": 8241.051}]}",NULL,"2025-10-27 12:36:20.424112"
12604,"04a600b9b0b8","2025-10-27 12:35:51","NNHcspJAhKMAWd3edCIZ","{""bme688"": [{""temp"": 20.72935, ""step"": 7, ""status"": 1, ""pres"": 966.2739, ""meas_profile"": ""HP-8"", ""meas_id"": 8, ""hum"": 35.98826, ""gas_res"": 5684.846}, {""temp"": 20.70103, ""step"": 7, ""status"": 1, ""pres"": 966.4585, ""meas_profile"": ""HP-7"", ""meas_id"": 7, ""hum"": 35.85146, ""gas_res"": 5684.846}, {""temp"": 20.77359, ""step"": 7, ""status"": 1, ""pres"": 966.5613, ""meas_profile"": ""HP-6"", ""meas_id"": 6, ""hum"": 35.72729, ""gas_res"": 7579.346}, {""temp"": 20.65714, ""step"": 7, ""status"": 1, ""pres"": 966.2985, ""meas_profile"": ""HP-5"", ""meas_id"": 5, ""hum"": 35.94641, ""gas_res"": 25000.0}, {""temp"": 20.4971, ""step"": 7, ""status"": 1, ""pres"": 966.4384, ""meas_profile"": ""HP-4"", ""meas_id"": 4, ""hum"": 35.32423, ""gas_res"": 25000.0}, {""temp"": 20.67548, ""step"": 7, ""status"": 1, ""pres"": 966.0386, ""meas_profile"": ""HP-3"", ""meas_id"": 3, ""hum"": 35.82201, ""gas_res"": 7761.339}, {""temp"": 20.60973, ""step"": 7, ""status"": 1, ""pres"": 966.1836, ""meas_profile"": ""HP-2"", ""meas_id"": 2, ""hum"": 36.00473, ""gas_res"": 10069.23}, {""temp"": 20.36932, ""step"": 7, ""status"": 1, ""pres"": 966.2467, ""meas_profile"": ""HP-1"", ""meas_id"": 1, ""hum"": 34.35857, ""gas_res"": 8000.0}]}",NULL,"2025-10-27 12:36:21.709944"
12605,"04a600b9b0b8","2025-10-27 12:35:51","NNHcspJAhKMAWd3edCIZ","{""bme688"": [{""temp"": 20.72781, ""step"": 6, ""status"": 1, ""pres"": 966.2731, ""meas_profile"": ""HP-8"", ""meas_id"": 8, ""hum"": 35.99965, ""gas_res"": 9937.889}, {""temp"": 20.69947, ""step"": 6, ""status"": 1, ""pres"": 966.4592, ""meas_profile"": ""HP-7"", ""meas_id"": 7, ""hum"": 35.86841, ""gas_res"": 15444.02}, {""temp"": 20.77204, ""step"": 6, ""status"": 1, ""pres"": 966.5623, ""meas_profile"": ""HP-6"", ""meas_id"": 6, ""hum"": 35.76759, ""gas_res"": 35252.0}, {""temp"": 20.65589, ""step"": 6, ""status"": 1, ""pres"": 966.2997, ""meas_profile"": ""HP-5"", ""meas_id"": 5, ""hum"": 35.92916, ""gas_res"": 150058.6}, {""temp"": 20.49586, ""step"": 6, ""status"": 1, ""pres"": 966.438, ""meas_profile"": ""HP-4"", ""meas_id"": 4, ""hum"": 35.32412, ""gas_res"": 183053.3}, {""temp"": 20.67425, ""step"": 6, ""status"": 1, ""pres"": 966.04, ""meas_profile"": ""HP-3"", ""meas_id"": 3, ""hum"": 35.8508, ""gas_res"": 100000.0}, {""temp"": 20.6088, ""step"": 6, ""status"": 1, ""pres"": 966.1837, ""meas_profile"": ""HP-2"", ""meas_id"": 2, ""hum"": 36.01037, ""gas_res"": 146704.9}, {""temp"": 20.36807, ""step"": 6, ""status"": 1, ""pres"": 966.2466, ""meas_profile"": ""HP-1"", ""meas_id"": 1, ""hum"": 34.37017, ""gas_res"": 112404.0}]}",NULL,"2025-10-27 12:36:23.159565"
12606,"04a600b9b0b8","2025-10-27 12:35:51","NNHcspJAhKMAWd3edCIZ","{""bme688"": [{""temp"": 20.72626, ""step"": 5, ""status"": 1, ""pres"": 966.2742, ""meas_profile"": ""HP-8"", ""meas_id"": 8, ""hum"": 36.00526, ""gas_res"": 9828.01}, {""temp"": 20.69792, ""step"": 5, ""status"": 1, ""pres"": 966.4601, ""meas_profile"": ""HP-7"", ""meas_id"": 7, ""hum"": 35.85686, ""gas_res"": 15105.03}, {""temp"": 20.77081, ""step"": 5, ""status"": 1, ""pres"": 966.562, ""meas_profile"": ""HP-6"", ""meas_id"": 6, ""hum"": 35.74436, ""gas_res"": 34963.13}, {""temp"": 20.65464, ""step"": 5, ""status"": 1, ""pres"": 966.2996, ""meas_profile"": ""HP-5"", ""meas_id"": 5, ""hum"": 35.92904, ""gas_res"": 150058.6}, {""temp"": 20.49461, ""step"": 5, ""status"": 1, ""pres"": 966.4392, ""meas_profile"": ""HP-4"", ""meas_id"": 4, ""hum"": 35.32978, ""gas_res"": 247104.3}, {""temp"": 20.67332, ""step"": 5, ""status"": 1, ""pres"": 966.0401, ""meas_profile"": ""HP-3"", ""meas_id"": 3, ""hum"": 35.85071, ""gas_res"": 100000.0}, {""temp"": 20.60756, ""step"": 5, ""status"": 1, ""pres"": 966.1851, ""meas_profile"": ""HP-2"", ""meas_id"": 2, ""hum"": 36.00453, ""gas_res"": 143136.7}, {""temp"": 20.36652, ""step"": 5, ""status"": 1, ""pres"": 966.2461, ""meas_profile"": ""HP-1"", ""meas_id"": 1, ""hum"": 34.38176, ""gas_res"": 109800.6}]}",NULL,"2025-10-27 12:36:24.267668"
12607,"04a600b9b0b8","2025-10-27 12:35:51","NNHcspJAhKMAWd3edCIZ","{""bme688"": [{""temp"": 20.72441, ""step"": 4, ""status"": 1, ""pres"": 966.2748, ""meas_profile"": ""HP-8"", ""meas_id"": 8, ""hum"": 36.01661, ""gas_res"": 9676.444}, {""temp"": 20.69637, ""step"": 4, ""status"": 1, ""pres"": 966.4593, ""meas_profile"": ""HP-7"", ""meas_id"": 7, ""hum"": 35.86811, ""gas_res"": 14914.94}, {""temp"": 20.76957, ""step"": 4, ""status"": 1, ""pres"": 966.562, ""meas_profile"": ""HP-6"", ""meas_id"": 6, ""hum"": 35.75002, ""gas_res"": 35164.84}, {""temp"": 20.65339, ""step"": 4, ""status"": 1, ""pres"": 966.3008, ""meas_profile"": ""HP-5"", ""meas_id"": 5, ""hum"": 35.94605, ""gas_res"": 153155.8}, {""temp"": 20.49306, ""step"": 4, ""status"": 1, ""pres"": 966.4385, ""meas_profile"": ""HP-4"", ""meas_id"": 4, ""hum"": 35.34696, ""gas_res"": 259109.3}, {""temp"": 20.67208, ""step"": 4, ""status"": 1, ""pres"": 966.0415, ""meas_profile"": ""HP-3"", ""meas_id"": 3, ""hum"": 35.85638, ""gas_res"": 100000.0}, {""temp"": 20.60663, ""step"": 4, ""status"": 1, ""pres"": 966.1852, ""meas_profile"": ""HP-2"", ""meas_id"": 2, ""hum"": 36.02158, ""gas_res"": 143256.9}, {""temp"": 20.36496, ""step"": 4, ""status"": 1, ""pres"": 966.2455, ""meas_profile"": ""HP-1"", ""meas_id"": 1, ""hum"": 34.36989, ""gas_res"": 108751.1}]}",NULL,"2025-10-27 12:36:25.533929"
12608,"04a600b9b0b8","2025-10-27 12:35:51","NNHcspJAhKMAWd3edCIZ","{""bme688"": [{""temp"": 20.72286, ""step"": 3, ""status"": 0, ""pres"": 966.274, ""meas_profile"": ""HP-8"", ""meas_id"": 8, ""hum"": 36.028, ""gas_res"": 6018.432}, {""temp"": 20.69481, ""step"": 3, ""status"": 0, ""pres"": 966.46, ""meas_profile"": ""HP-7"", ""meas_id"": 7, ""hum"": 35.89645, ""gas_res"": 7504.69}, {""temp"": 20.76803, ""step"": 3, ""status"": 0, ""pres"": 966.5627, ""meas_profile"": ""HP-6"", ""meas_id"": 6, ""hum"": 35.76143, ""gas_res"": 18481.09}, {""temp"": 20.65183, ""step"": 3, ""status"": 0, ""pres"": 966.3016, ""meas_profile"": ""HP-5"", ""meas_id"": 5, ""hum"": 35.95733, ""gas_res"": 46259.49}, {""temp"": 20.4912, ""step"": 3, ""status"": 0, ""pres"": 966.4387, ""meas_profile"": ""HP-4"", ""meas_id"": 4, ""hum"": 35.34101, ""gas_res"": 54900.28}, {""temp"": 20.67054, ""step"": 3, ""status"": 0, ""pres"": 966.0407, ""meas_profile"": ""HP-3"", ""meas_id"": 3, ""hum"": 35.87935, ""gas_res"": 33534.19}, {""temp"": 20.60508, ""step"": 3, ""status"": 0, ""pres"": 966.1861, ""meas_profile"": ""HP-2"", ""meas_id"": 2, ""hum"": 36.03858, ""gas_res"": 53997.05}, {""temp"": 20.36341, ""step"": 3, ""status"": 0, ""pres"": 966.245, ""meas_profile"": ""HP-1"", ""meas_id"": 1, ""hum"": 34.39319, ""gas_res"": 34151.55}]}",NULL,"2025-10-27 12:36:26.81056"
12609,"04a600b9b0b8","2025-10-27 12:35:51","NNHcspJAhKMAWd3edCIZ","{""bme688"": [{""temp"": 20.72132, ""step"": 2, ""status"": 1, ""pres"": 966.2735, ""meas_profile"": ""HP-8"", ""meas_id"": 8, ""hum"": 36.02785, ""gas_res"": 16767.09}, {""temp"": 20.69326, ""step"": 2, ""status"": 1, ""pres"": 966.4608, ""meas_profile"": ""HP-7"", ""meas_id"": 7, ""hum"": 35.88491, ""gas_res"": 22448.26}, {""temp"": 20.76649, ""step"": 2, ""status"": 1, ""pres"": 966.5621, ""meas_profile"": ""HP-6"", ""meas_id"": 6, ""hum"": 35.79597, ""gas_res"": 82103.91}, {""temp"": 20.65026, ""step"": 2, ""status"": 1, ""pres"": 966.3024, ""meas_profile"": ""HP-5"", ""meas_id"": 5, ""hum"": 35.95717, ""gas_res"": 263103.8}, {""temp"": 20.48964, ""step"": 2, ""status"": 1, ""pres"": 966.4394, ""meas_profile"": ""HP-4"", ""meas_id"": 4, ""hum"": 35.36398, ""gas_res"": 436115.8}, {""temp"": 20.66899, ""step"": 2, ""status"": 1, ""pres"": 966.0414, ""meas_profile"": ""HP-3"", ""meas_id"": 3, ""hum"": 35.86187, ""gas_res"": 202772.3}, {""temp"": 20.60383, ""step"": 2, ""status"": 1, ""pres"": 966.1857, ""meas_profile"": ""HP-2"", ""meas_id"": 2, ""hum"": 36.04418, ""gas_res"": 355802.7}, {""temp"": 20.36216, ""step"": 2, ""status"": 1, ""pres"": 966.2447, ""meas_profile"": ""HP-1"", ""meas_id"": 1, ""hum"": 34.38136, ""gas_res"": 262698.8}]}",NULL,"2025-10-27 12:36:28.29043"
12610,"04a600b9b0b8","2025-10-27 12:35:51","NNHcspJAhKMAWd3edCIZ","{""bme688"": [{""temp"": 20.71978, ""step"": 1, ""status"": 1, ""pres"": 966.2745, ""meas_profile"": ""HP-8"", ""meas_id"": 8, ""hum"": 36.02194, ""gas_res"": 6463.341}, {""temp"": 20.69171, ""step"": 1, ""status"": 1, ""pres"": 966.4599, ""meas_profile"": ""HP-7"", ""meas_id"": 7, ""hum"": 35.89616, ""gas_res"": 8048.29}, {""temp"": 20.76525, ""step"": 1, ""status"": 1, ""pres"": 966.5617, ""meas_profile"": ""HP-6"", ""meas_id"": 6, ""hum"": 35.7785, ""gas_res"": 25000.0}, {""temp"": 20.64901, ""step"": 1, ""status"": 1, ""pres"": 966.302, ""meas_profile"": ""HP-5"", ""meas_id"": 5, ""hum"": 35.95134, ""gas_res"": 45229.68}, {""temp"": 20.48871, ""step"": 1, ""status"": 1, ""pres"": 966.4396, ""meas_profile"": ""HP-4"", ""meas_id"": 4, ""hum"": 35.34078, ""gas_res"": 100000.0}, {""temp"": 20.66806, ""step"": 1, ""status"": 1, ""pres"": 966.0416, ""meas_profile"": ""HP-3"", ""meas_id"": 3, ""hum"": 35.87334, ""gas_res"": 31250.0}, {""temp"": 20.60259, ""step"": 1, ""status"": 1, ""pres"": 966.1853, ""meas_profile"": ""HP-2"", ""meas_id"": 2, ""hum"": 36.04406, ""gas_res"": 45229.68}, {""temp"": 20.36091, ""step"": 1, ""status"": 1, ""pres"": 966.2447, ""meas_profile"": ""HP-1"", ""meas_id"": 1, ""hum"": 34.39296, ""gas_res"": 32437.91}]}",NULL,"2025-10-27 12:36:30.014739"
12611,"04a600b9b0b8","2025-10-27 12:35:51","NNHcspJAhKMAWd3edCIZ","{""bme688"": [{""temp"": 20.71792, ""step"": 0, ""status"": 1, ""pres"": 966.2735, ""meas_profile"": ""HP-8"", ""meas_id"": 8, ""hum"": 36.03329, ""gas_res"": 5684.846}, {""temp"": 20.69016, ""step"": 0, ""status"": 1, ""pres"": 966.4608, ""meas_profile"": ""HP-7"", ""meas_id"": 7, ""hum"": 35.89601, ""gas_res"": 5684.846}, {""temp"": 20.76402, ""step"": 0, ""status"": 1, ""pres"": 966.5616, ""meas_profile"": ""HP-6"", ""meas_id"": 6, ""hum"": 35.79573, ""gas_res"": 7595.538}, {""temp"": 20.64776, ""step"": 0, ""status"": 1, ""pres"": 966.3016, ""meas_profile"": ""HP-5"", ""meas_id"": 5, ""hum"": 35.96836, ""gas_res"": 25000.0}, {""temp"": 20.48747, ""step"": 0, ""status"": 1, ""pres"": 966.4392, ""meas_profile"": ""HP-4"", ""meas_id"": 4, ""hum"": 35.35222, ""gas_res"": 25000.0}, {""temp"": 20.66683, ""step"": 0, ""status"": 1, ""pres"": 966.0412, ""meas_profile"": ""HP-3"", ""meas_id"": 3, ""hum"": 35.87322, ""gas_res"": 7590.133}, {""temp"": 20.60166, ""step"": 0, ""status"": 1, ""pres"": 966.1872, ""meas_profile"": ""HP-2"", ""meas_id"": 2, ""hum"": 36.06683, ""gas_res"": 9546.539}, {""temp"": 20.35998, ""step"": 0, ""status"": 1, ""pres"": 966.245, ""meas_profile"": ""HP-1"", ""meas_id"": 1, ""hum"": 34.4046, ""gas_res"": 7473.144}]}",NULL,"2025-10-27 12:36:31.303869"
12612,"04a600b9b0b8","2025-10-27 12:35:24","NNHcspJAhKMAWd3edCIZ","{""zphs01b"": {""voc"": 0, ""temp"": 18.5, ""pm2_5"": 0, ""pm1_0"": 0, ""pm10"": 363, ""o3"": 0.02, ""no2"": 10.0, ""hum"": 0, ""fmhd"": 0, ""co2"": 5000, ""co"": 0.0}, ""smell_b"": {}, ""sfa30"": {""temp"": 21.0, ""hum"": 36.23, ""fmhd"": 3.2}, ""sen5x"": {""voc"": 100.0, ""temp"": 20.5, ""pm4_0"": 4459.2, ""pm2_5"": 4459.2, ""pm1_0"": 4252.2, ""pm10"": 4459.2, ""nox"": 1.0, ""mass_c"": 4407.45, ""hum"": 42.54}, ""scd41"": {""temp"": 20.61799, ""hum"": 40.11749, ""co2"": 590}, ""power_source"": 0, ""mics6814"": {""red_res"": 0, ""no2_res"": 0, ""no2"": 0.17, ""nh3_res"": 0, ""nh3"": 0.73, ""co_res"": 0, ""co"": 44.0}}",NULL,"2025-10-27 12:36:32.468186"
12613,"04a600b9b0b8","2025-10-27 12:35:24","NNHcspJAhKMAWd3edCIZ","{""bme688"": [{""temp"": 20.71638, ""step"": 9, ""status"": 1, ""pres"": 966.2728, ""meas_profile"": ""HP-8"", ""meas_id"": 8, ""hum"": 36.03314, ""gas_res"": 5684.846}, {""temp"": 20.68829, ""step"": 9, ""status"": 1, ""pres"": 966.4595, ""meas_profile"": ""HP-7"", ""meas_id"": 7, ""hum"": 35.90154, ""gas_res"": 5684.846}, {""temp"": 20.76247, ""step"": 9, ""status"": 1, ""pres"": 966.5624, ""meas_profile"": ""HP-6"", ""meas_id"": 6, ""hum"": 35.77246, ""gas_res"": 6766.758}, {""temp"": 20.64651, ""step"": 9, ""status"": 1, ""pres"": 966.303, ""meas_profile"": ""HP-5"", ""meas_id"": 5, ""hum"": 35.9911, ""gas_res"": 25000.0}, {""temp"": 20.48623, ""step"": 9, ""status"": 1, ""pres"": 966.4405, ""meas_profile"": ""HP-4"", ""meas_id"": 4, ""hum"": 35.36366, ""gas_res"": 25000.0}, {""temp"": 20.66559, ""step"": 9, ""status"": 1, ""pres"": 966.0411, ""meas_profile"": ""HP-3"", ""meas_id"": 3, ""hum"": 35.8731, ""gas_res"": 7940.447}, {""temp"": 20.60042, ""step"": 9, ""status"": 1, ""pres"": 966.1886, ""meas_profile"": ""HP-2"", ""meas_id"": 2, ""hum"": 36.05528, ""gas_res"": 9321.293}, {""temp"": 20.35874, ""step"": 9, ""status"": 1, ""pres"": 966.2449, ""meas_profile"": ""HP-1"", ""meas_id"": 1, ""hum"": 34.40449, ""gas_res"": 7239.819}]}",NULL,"2025-10-27 12:36:33.949777"
12614,"04a600b9b0b8","2025-10-27 12:35:24","NNHcspJAhKMAWd3edCIZ","{""bme688"": [{""temp"": 20.71453, ""step"": 8, ""status"": 1, ""pres"": 966.2733, ""meas_profile"": ""HP-8"", ""meas_id"": 8, ""hum"": 36.02144, ""gas_res"": 5684.846}, {""temp"": 20.68674, ""step"": 8, ""status"": 1, ""pres"": 966.4585, ""meas_profile"": ""HP-7"", ""meas_id"": 7, ""hum"": 35.89569, ""gas_res"": 5684.846}, {""temp"": 20.76093, ""step"": 8, ""status"": 1, ""pres"": 966.5617, ""meas_profile"": ""HP-6"", ""meas_id"": 6, ""hum"": 35.7781, ""gas_res"": 6997.595}, {""temp"": 20.64526, ""step"": 8, ""status"": 1, ""pres"": 966.3026, ""meas_profile"": ""HP-5"", ""meas_id"": 5, ""hum"": 35.96241, ""gas_res"": 25000.0}, {""temp"": 20.48499, ""step"": 8, ""status"": 1, ""pres"": 966.4401, ""meas_profile"": ""HP-4"", ""meas_id"": 4, ""hum"": 35.35199, ""gas_res"": 25000.0}, {""temp"": 20.66466, ""step"": 8, ""status"": 1, ""pres"": 966.0411, ""meas_profile"": ""HP-3"", ""meas_id"": 3, ""hum"": 35.86724, ""gas_res"": 7109.531}, {""temp"": 20.59948, ""step"": 8, ""status"": 1, ""pres"": 966.1887, ""meas_profile"": ""HP-2"", ""meas_id"": 2, ""hum"": 36.04947, ""gas_res"": 9288.824}, {""temp"": 20.3578, ""step"": 8, ""status"": 1, ""pres"": 966.2454, ""meas_profile"": ""HP-1"", ""meas_id"": 1, ""hum"": 34.39854, ""gas_res"": 7259.528}]}",NULL,"2025-10-27 12:36:35.155302"
12615,"04a600b9b0b8","2025-10-27 12:35:24","NNHcspJAhKMAWd3edCIZ","{""bme688"": [{""temp"": 20.71267, ""step"": 7, ""status"": 1, ""pres"": 966.2722, ""meas_profile"": ""HP-8"", ""meas_id"": 8, ""hum"": 36.00973, ""gas_res"": 5684.846}, {""temp"": 20.68488, ""step"": 7, ""status"": 1, ""pres"": 966.4588, ""meas_profile"": ""HP-7"", ""meas_id"": 7, ""hum"": 35.88982, ""gas_res"": 5684.846}, {""temp"": 20.75939, ""step"": 7, ""status"": 1, ""pres"": 966.5609, ""meas_profile"": ""HP-6"", ""meas_id"": 6, ""hum"": 35.78373, ""gas_res"": 6974.717}, {""temp"": 20.64401, ""step"": 7, ""status"": 1, ""pres"": 966.3024, ""meas_profile"": ""HP-5"", ""meas_id"": 5, ""hum"": 35.93373, ""gas_res"": 25000.0}, {""temp"": 20.48405, ""step"": 7, ""status"": 1, ""pres"": 966.442, ""meas_profile"": ""HP-4"", ""meas_id"": 4, ""hum"": 35.35768, ""gas_res"": 25000.0}, {""temp"": 20.66343, ""step"": 7, ""status"": 1, ""pres"": 966.0408, ""meas_profile"": ""HP-3"", ""meas_id"": 3, ""hum"": 35.87868, ""gas_res"": 6570.842}, {""temp"": 20.59824, ""step"": 7, ""status"": 1, ""pres"": 966.1885, ""meas_profile"": ""HP-2"", ""meas_id"": 2, ""hum"": 36.07222, ""gas_res"": 8416.623}, {""temp"": 20.35656, ""step"": 7, ""status"": 1, ""pres"": 966.2452, ""meas_profile"": ""HP-1"", ""meas_id"": 1, ""hum"": 34.41601, ""gas_res"": 6711.409}]}",NULL,"2025-10-27 12:36:36.433648"
12616,"04a600b9b0b8","2025-10-27 12:35:24","NNHcspJAhKMAWd3edCIZ","{""bme688"": [{""temp"": 20.71144, ""step"": 6, ""status"": 1, ""pres"": 966.2721, ""meas_profile"": ""HP-8"", ""meas_id"": 8, ""hum"": 36.02691, ""gas_res"": 9676.444}, {""temp"": 20.68364, ""step"": 6, ""status"": 1, ""pres"": 966.4584, ""meas_profile"": ""HP-7"", ""meas_id"": 7, ""hum"": 35.89539, ""gas_res"": 14760.15}, {""temp"": 20.75815, ""step"": 6, ""status"": 1, ""pres"": 966.5607, ""meas_profile"": ""HP-6"", ""meas_id"": 6, ""hum"": 35.77205, ""gas_res"": 32048.07}, {""temp"": 20.64244, ""step"": 6, ""status"": 1, ""pres"": 966.3013, ""meas_profile"": ""HP-5"", ""meas_id"": 5, ""hum"": 35.96786, ""gas_res"": 131248.4}, {""temp"": 20.48281, ""step"": 6, ""status"": 1, ""pres"": 966.4415, ""meas_profile"": ""HP-4"", ""meas_id"": 4, ""hum"": 35.36911, ""gas_res"": 146831.1}, {""temp"": 20.66219, ""step"": 6, ""status"": 1, ""pres"": 966.0405, ""meas_profile"": ""HP-3"", ""meas_id"": 3, ""hum"": 35.89013, ""gas_res"": 92219.02}, {""temp"": 20.597, ""step"": 6, ""status"": 1, ""pres"": 966.1897, ""meas_profile"": ""HP-2"", ""meas_id"": 2, ""hum"": 36.06639, ""gas_res"": 118326.8}, {""temp"": 20.35531, ""step"": 6, ""status"": 1, ""pres"": 966.2452, ""meas_profile"": ""HP-1"", ""meas_id"": 1, ""hum"": 34.40417, ""gas_res"": 100000.0}]}",NULL,"2025-10-27 12:36:37.701732"
12617,"04a600b9b0b8","2025-10-27 12:35:24","NNHcspJAhKMAWd3edCIZ","{""bme688"": [{""temp"": 20.70989, ""step"": 5, ""status"": 1, ""pres"": 966.2715, ""meas_profile"": ""HP-8"", ""meas_id"": 8, ""hum"": 36.04406, ""gas_res"": 9563.658}, {""temp"": 20.68239, ""step"": 5, ""status"": 1, ""pres"": 966.4579, ""meas_profile"": ""HP-7"", ""meas_id"": 7, ""hum"": 35.91807, ""gas_res"": 14528.94}, {""temp"": 20.75692, ""step"": 5, ""status"": 1, ""pres"": 966.5605, ""meas_profile"": ""HP-6"", ""meas_id"": 6, ""hum"": 35.78349, ""gas_res"": 31738.16}, {""temp"": 20.64088, ""step"": 5, ""status"": 1, ""pres"": 966.3022, ""meas_profile"": ""HP-5"", ""meas_id"": 5, ""hum"": 35.96771, ""gas_res"": 129653.1}, {""temp"": 20.48157, ""step"": 5, ""status"": 1, ""pres"": 966.4411, ""meas_profile"": ""HP-4"", ""meas_id"": 4, ""hum"": 35.35166, ""gas_res"": 148491.9}, {""temp"": 20.66126, ""step"": 5, ""status"": 1, ""pres"": 966.0424, ""meas_profile"": ""HP-3"", ""meas_id"": 3, ""hum"": 35.87269, ""gas_res"": 88950.66}, {""temp"": 20.59576, ""step"": 5, ""status"": 1, ""pres"": 966.1894, ""meas_profile"": ""HP-2"", ""meas_id"": 2, ""hum"": 36.0777, ""gas_res"": 113601.1}, {""temp"": 20.35438, ""step"": 5, ""status"": 1, ""pres"": 966.2454, ""meas_profile"": ""HP-1"", ""meas_id"": 1, ""hum"": 34.42754, ""gas_res"": 100000.0}]}",NULL,"2025-10-27 12:36:39.079046"
12618,"04a600b9b0b8","2025-10-27 12:35:24","NNHcspJAhKMAWd3edCIZ","{""bme688"": [{""temp"": 20.70835, ""step"": 4, ""status"": 1, ""pres"": 966.2708, ""meas_profile"": ""HP-8"", ""meas_id"": 8, ""hum"": 36.04968, ""gas_res"": 9461.856}, {""temp"": 20.68084, ""step"": 4, ""status"": 1, ""pres"": 966.457, ""meas_profile"": ""HP-7"", ""meas_id"": 7, ""hum"": 35.91223, ""gas_res"": 14430.67}, {""temp"": 20.75568, ""step"": 4, ""status"": 1, ""pres"": 966.5602, ""meas_profile"": ""HP-6"", ""meas_id"": 6, ""hum"": 35.79494, ""gas_res"": 31904.29}, {""temp"": 20.63932, ""step"": 4, ""status"": 1, ""pres"": 966.3014, ""meas_profile"": ""HP-5"", ""meas_id"": 5, ""hum"": 35.97898, ""gas_res"": 131653.4}, {""temp"": 20.48063, ""step"": 4, ""status"": 1, ""pres"": 966.4412, ""meas_profile"": ""HP-4"", ""meas_id"": 4, ""hum"": 35.37469, ""gas_res"": 150721.2}, {""temp"": 20.66002, ""step"": 4, ""status"": 1, ""pres"": 966.0403, ""meas_profile"": ""HP-3"", ""meas_id"": 3, ""hum"": 35.90149, ""gas_res"": 85992.61}, {""temp"": 20.59421, ""step"": 4, ""status"": 1, ""pres"": 966.1886, ""meas_profile"": ""HP-2"", ""meas_id"": 2, ""hum"": 36.07183, ""gas_res"": 110583.2}, {""temp"": 20.35313, ""step"": 4, ""status"": 1, ""pres"": 966.2454, ""meas_profile"": ""HP-1"", ""meas_id"": 1, ""hum"": 34.4157, ""gas_res"": 100000.0}]}",NULL,"2025-10-27 12:36:40.265477"
12619,"04a600b9b0b8","2025-10-27 12:35:24","NNHcspJAhKMAWd3edCIZ","{""bme688"": [{""temp"": 20.7068, ""step"": 3, ""status"": 0, ""pres"": 966.27, ""meas_profile"": ""HP-8"", ""meas_id"": 8, ""hum"": 36.06683, ""gas_res"": 6042.296}, {""temp"": 20.67929, ""step"": 3, ""status"": 0, ""pres"": 966.4578, ""meas_profile"": ""HP-7"", ""meas_id"": 7, ""hum"": 35.91777, ""gas_res"": 7447.056}, {""temp"": 20.75414, ""step"": 3, ""status"": 0, ""pres"": 966.5595, ""meas_profile"": ""HP-6"", ""meas_id"": 6, ""hum"": 35.82369, ""gas_res"": 17255.32}, {""temp"": 20.63744, ""step"": 3, ""status"": 0, ""pres"": 966.2999, ""meas_profile"": ""HP-5"", ""meas_id"": 5, ""hum"": 35.99595, ""gas_res"": 41410.55}, {""temp"": 20.47877, ""step"": 3, ""status"": 0, ""pres"": 966.4415, ""meas_profile"": ""HP-4"", ""meas_id"": 4, ""hum"": 35.39185, ""gas_res"": 43257.86}, {""temp"": 20.65848, ""step"": 3, ""status"": 0, ""pres"": 966.0413, ""meas_profile"": ""HP-3"", ""meas_id"": 3, ""hum"": 35.91869, ""gas_res"": 27699.63}, {""temp"": 20.59266, ""step"": 3, ""status"": 0, ""pres"": 966.1877, ""meas_profile"": ""HP-2"", ""meas_id"": 2, ""hum"": 36.09455, ""gas_res"": 42996.3}, {""temp"": 20.35189, ""step"": 3, ""status"": 0, ""pres"": 966.2434, ""meas_profile"": ""HP-1"", ""meas_id"": 1, ""hum"": 34.45663, ""gas_res"": 28008.75}]}",NULL,"2025-10-27 12:36:41.540381"
12620,"04a600b9b0b8","2025-10-27 12:35:24","NNHcspJAhKMAWd3edCIZ","{""bme688"": [{""temp"": 20.70526, ""step"": 2, ""status"": 1, ""pres"": 966.2712, ""meas_profile"": ""HP-8"", ""meas_id"": 8, ""hum"": 36.06092, ""gas_res"": 18561.48}, {""temp"": 20.67805, ""step"": 2, ""status"": 1, ""pres"": 966.4575, ""meas_profile"": ""HP-7"", ""meas_id"": 7, ""hum"": 35.92336, ""gas_res"": 24772.6}, {""temp"": 20.7526, ""step"": 2, ""status"": 1, ""pres"": 966.5587, ""meas_profile"": ""HP-6"", ""meas_id"": 6, ""hum"": 35.78886, ""gas_res"": 85819.65}, {""temp"": 20.63588, ""step"": 2, ""status"": 1, ""pres"": 966.2991, ""meas_profile"": ""HP-5"", ""meas_id"": 5, ""hum"": 36.01865, ""gas_res"": 263306.8}, {""temp"": 20.47753, ""step"": 2, ""status"": 1, ""pres"": 966.4412, ""meas_profile"": ""HP-4"", ""meas_id"": 4, ""hum"": 35.39751, ""gas_res"": 378348.4}, {""temp"": 20.65693, ""step"": 2, ""status"": 1, ""pres"": 966.0388, ""meas_profile"": ""HP-3"", ""meas_id"": 3, ""hum"": 35.91276, ""gas_res"": 173207.0}, {""temp"": 20.59141, ""step"": 2, ""status"": 1, ""pres"": 966.1889, ""meas_profile"": ""HP-2"", ""meas_id"": 2, ""hum"": 36.10015, ""gas_res"": 306862.4}, {""temp"": 20.35033, ""step"": 2, ""status"": 1, ""pres"": 966.243, ""meas_profile"": ""HP-1"", ""meas_id"": 1, ""hum"": 34.4213, ""gas_res"": 221023.1}]}",NULL,"2025-10-27 12:36:42.825645"
12621,"04a600b9b0b8","2025-10-27 12:35:24","NNHcspJAhKMAWd3edCIZ","{""bme688"": [{""temp"": 20.70372, ""step"": 1, ""status"": 1, ""pres"": 966.2704, ""meas_profile"": ""HP-8"", ""meas_id"": 8, ""hum"": 36.05501, ""gas_res"": 6498.781}, {""temp"": 20.6768, ""step"": 1, ""status"": 1, ""pres"": 966.4571, ""meas_profile"": ""HP-7"", ""meas_id"": 7, ""hum"": 35.93464, ""gas_res"": 7881.773}, {""temp"": 20.75136, ""step"": 1, ""status"": 1, ""pres"": 966.5586, ""meas_profile"": ""HP-6"", ""meas_id"": 6, ""hum"": 35.82921, ""gas_res"": 25000.0}, {""temp"": 20.63494, ""step"": 1, ""status"": 1, ""pres"": 966.3008, ""meas_profile"": ""HP-5"", ""meas_id"": 5, ""hum"": 36.00142, ""gas_res"": 38288.96}, {""temp"": 20.47629, ""step"": 1, ""status"": 1, ""pres"": 966.4409, ""meas_profile"": ""HP-4"", ""meas_id"": 4, ""hum"": 35.38585, ""gas_res"": 41170.79}, {""temp"": 20.656, ""step"": 1, ""status"": 1, ""pres"": 966.0389, ""meas_profile"": ""HP-3"", ""meas_id"": 3, ""hum"": 35.91845, ""gas_res"": 23659.89}, {""temp"": 20.59048, ""step"": 1, ""status"": 1, ""pres"": 966.1893, ""meas_profile"": ""HP-2"", ""meas_id"": 2, ""hum"": 36.09435, ""gas_res"": 33746.38}, {""temp"": 20.3494, ""step"": 1, ""status"": 1, ""pres"": 966.2431, ""meas_profile"": ""HP-1"", ""meas_id"": 1, ""hum"": 34.42708, ""gas_res"": 24087.32}]}",NULL,"2025-10-27 12:36:44.206862"
12622,"04a600b9b0b8","2025-10-27 12:35:24","NNHcspJAhKMAWd3edCIZ","{""bme688"": [{""temp"": 20.70186, ""step"": 0, ""status"": 1, ""pres"": 966.2693, ""meas_profile"": ""HP-8"", ""meas_id"": 8, ""hum"": 36.0606, ""gas_res"": 5684.846}, {""temp"": 20.67494, ""step"": 0, ""status"": 1, ""pres"": 966.4575, ""meas_profile"": ""HP-7"", ""meas_id"": 7, ""hum"": 35.93446, ""gas_res"": 5684.846}, {""temp"": 20.75013, ""step"": 0, ""status"": 1, ""pres"": 966.5582, ""meas_profile"": ""HP-6"", ""meas_id"": 6, ""hum"": 35.81175, ""gas_res"": 7205.584}, {""temp"": 20.63369, ""step"": 0, ""status"": 1, ""pres"": 966.3005, ""meas_profile"": ""HP-5"", ""meas_id"": 5, ""hum"": 36.01273, ""gas_res"": 25000.0}, {""temp"": 20.47536, ""step"": 0, ""status"": 1, ""pres"": 966.4426, ""meas_profile"": ""HP-4"", ""meas_id"": 4, ""hum"": 35.3742, ""gas_res"": 25000.0}, {""temp"": 20.65446, ""step"": 0, ""status"": 1, ""pres"": 966.038, ""meas_profile"": ""HP-3"", ""meas_id"": 3, ""hum"": 35.92988, ""gas_res"": 6097.561}, {""temp"": 20.58924, ""step"": 0, ""status"": 1, ""pres"": 966.1887, ""meas_profile"": ""HP-2"", ""meas_id"": 2, ""hum"": 36.10566, ""gas_res"": 7778.318}, {""temp"": 20.34784, ""step"": 0, ""status"": 1, ""pres"": 966.2427, ""meas_profile"": ""HP-1"", ""meas_id"": 1, ""hum"": 34.4328, ""gas_res"": 6310.393}]}",NULL,"2025-10-27 12:36:45.366925"
12623,"04a600b9b0b8","2025-10-27 12:37:23","NNHcspJAhKMAWd3edCIZ","{""zphs01b"": {""voc"": 0, ""temp"": 18.7, ""pm2_5"": 0, ""pm1_0"": 0, ""pm10"": 371, ""o3"": 0.03, ""no2"": 0.83, ""hum"": 0, ""fmhd"": 0, ""co2"": 5000, ""co"": 0.0}, ""smell_b"": {}, ""sfa30"": {""temp"": 21.07, ""hum"": 36.12, ""fmhd"": 3.4}, ""sen5x"": {""voc"": 103.0, ""temp"": 20.525, ""pm4_0"": 4440.4, ""pm2_5"": 4440.4, ""pm1_0"": 4234.2, ""pm10"": 4440.4, ""nox"": 1.0, ""mass_c"": 4388.85, ""hum"": 42.65}, ""scd41"": {""temp"": 20.8156, ""hum"": 39.69024, ""co2"": 602}, ""power_source"": 0, ""mics6814"": {""red_res"": 0, ""no2_res"": 0, ""no2"": 0.17, ""nh3_res"": 0, ""nh3"": 0.73, ""co_res"": 0, ""co"": 44.0}}",NULL,"2025-10-27 12:37:48.890389"
12624,"04a600b9b0b8","2025-10-27 12:37:23","NNHcspJAhKMAWd3edCIZ","{""bme688"": [{""temp"": 20.77166, ""step"": 9, ""status"": 1, ""pres"": 966.2803, ""meas_profile"": ""HP-8"", ""meas_id"": 8, ""hum"": 35.84824, ""gas_res"": 5684.846}, {""temp"": 20.74232, ""step"": 9, ""status"": 1, ""pres"": 966.4612, ""meas_profile"": ""HP-7"", ""meas_id"": 7, ""hum"": 35.73008, ""gas_res"": 5684.846}, {""temp"": 20.80939, ""step"": 9, ""status"": 1, ""pres"": 966.562, ""meas_profile"": ""HP-6"", ""meas_id"": 6, ""hum"": 35.62094, ""gas_res"": 7584.736}, {""temp"": 20.69404, ""step"": 9, ""status"": 1, ""pres"": 966.295, ""meas_profile"": ""HP-5"", ""meas_id"": 5, ""hum"": 35.79576, ""gas_res"": 25000.0}, {""temp"": 20.53251, ""step"": 9, ""status"": 1, ""pres"": 966.4352, ""meas_profile"": ""HP-4"", ""meas_id"": 4, ""hum"": 35.20052, ""gas_res"": 25000.0}, {""temp"": 20.70857, ""step"": 9, ""status"": 1, ""pres"": 966.0369, ""meas_profile"": ""HP-3"", ""meas_id"": 3, ""hum"": 35.70959, ""gas_res"": 10012.52}, {""temp"": 20.64265, ""step"": 9, ""status"": 1, ""pres"": 966.1785, ""meas_profile"": ""HP-2"", ""meas_id"": 2, ""hum"": 35.90506, ""gas_res"": 11355.57}, {""temp"": 20.40293, ""step"": 9, ""status"": 1, ""pres"": 966.2459, ""meas_profile"": ""HP-1"", ""meas_id"": 1, ""hum"": 34.29133, ""gas_res"": 9232.545}]}",NULL,"2025-10-27 12:37:50.204425"
12625,"04a600b9b0b8","2025-10-27 12:37:23","NNHcspJAhKMAWd3edCIZ","{""bme688"": [{""temp"": 20.76919, ""step"": 8, ""status"": 1, ""pres"": 966.2782, ""meas_profile"": ""HP-8"", ""meas_id"": 8, ""hum"": 35.85952, ""gas_res"": 5684.846}, {""temp"": 20.74015, ""step"": 8, ""status"": 1, ""pres"": 966.461, ""meas_profile"": ""HP-7"", ""meas_id"": 7, ""hum"": 35.72987, ""gas_res"": 5684.846}, {""temp"": 20.80785, ""step"": 8, ""status"": 1, ""pres"": 966.563, ""meas_profile"": ""HP-6"", ""meas_id"": 6, ""hum"": 35.61502, ""gas_res"": 7870.143}, {""temp"": 20.69248, ""step"": 8, ""status"": 1, ""pres"": 966.296, ""meas_profile"": ""HP-5"", ""meas_id"": 5, ""hum"": 35.80133, ""gas_res"": 25000.0}, {""temp"": 20.53096, ""step"": 8, ""status"": 1, ""pres"": 966.4341, ""meas_profile"": ""HP-4"", ""meas_id"": 4, ""hum"": 35.20615, ""gas_res"": 25000.0}, {""temp"": 20.70703, ""step"": 8, ""status"": 1, ""pres"": 966.0378, ""meas_profile"": ""HP-3"", ""meas_id"": 3, ""hum"": 35.72676, ""gas_res"": 9067.725}, {""temp"": 20.64141, ""step"": 8, ""status"": 1, ""pres"": 966.18, ""meas_profile"": ""HP-2"", ""meas_id"": 2, ""hum"": 35.91636, ""gas_res"": 11283.5}, {""temp"": 20.40168, ""step"": 8, ""status"": 1, ""pres"": 966.2476, ""meas_profile"": ""HP-1"", ""meas_id"": 1, ""hum"": 34.2678, ""gas_res"": 9216.59}]}",NULL,"2025-10-27 12:37:51.941236"
12626,"04a600b9b0b8","2025-10-27 12:37:23","NNHcspJAhKMAWd3edCIZ","{""bme688"": [{""temp"": 20.76734, ""step"": 7, ""status"": 1, ""pres"": 966.2788, ""meas_profile"": ""HP-8"", ""meas_id"": 8, ""hum"": 35.85358, ""gas_res"": 5684.846}, {""temp"": 20.73798, ""step"": 7, ""status"": 1, ""pres"": 966.4607, ""meas_profile"": ""HP-7"", ""meas_id"": 7, ""hum"": 35.72398, ""gas_res"": 5684.846}, {""temp"": 20.80631, ""step"": 7, ""status"": 1, ""pres"": 966.5639, ""meas_profile"": ""HP-6"", ""meas_id"": 6, ""hum"": 35.62643, ""gas_res"": 7835.456}, {""temp"": 20.69091, ""step"": 7, ""status"": 1, ""pres"": 966.2967, ""meas_profile"": ""HP-5"", ""meas_id"": 5, ""hum"": 35.80117, ""gas_res"": 25000.0}, {""temp"": 20.5294, ""step"": 7, ""status"": 1, ""pres"": 966.4348, ""meas_profile"": ""HP-4"", ""meas_id"": 4, ""hum"": 35.21755, ""gas_res"": 25000.0}, {""temp"": 20.70579, ""step"": 7, ""status"": 1, ""pres"": 966.0375, ""meas_profile"": ""HP-3"", ""meas_id"": 3, ""hum"": 35.73243, ""gas_res"": 8403.361}, {""temp"": 20.63985, ""step"": 7, ""status"": 1, ""pres"": 966.1791, ""meas_profile"": ""HP-2"", ""meas_id"": 2, ""hum"": 35.91621, ""gas_res"": 10825.44}, {""temp"": 20.40013, ""step"": 7, ""status"": 1, ""pres"": 966.2469, ""meas_profile"": ""HP-1"", ""meas_id"": 1, ""hum"": 34.27351, ""gas_res"": 8733.624}]}",NULL,"2025-10-27 12:37:53.215932"
12627,"04a600b9b0b8","2025-10-27 12:37:23","NNHcspJAhKMAWd3edCIZ","{""bme688"": [{""temp"": 20.76548, ""step"": 6, ""status"": 1, ""pres"": 966.2776, ""meas_profile"": ""HP-8"", ""meas_id"": 8, ""hum"": 35.87069, ""gas_res"": 10107.39}, {""temp"": 20.73611, ""step"": 6, ""status"": 1, ""pres"": 966.461, ""meas_profile"": ""HP-7"", ""meas_id"": 7, ""hum"": 35.7238, ""gas_res"": 15533.98}, {""temp"": 20.80445, ""step"": 6, ""status"": 1, ""pres"": 966.5628, ""meas_profile"": ""HP-6"", ""meas_id"": 6, ""hum"": 35.63202, ""gas_res"": 35368.89}, {""temp"": 20.68935, ""step"": 6, ""status"": 1, ""pres"": 966.2974, ""meas_profile"": ""HP-5"", ""meas_id"": 5, ""hum"": 35.82385, ""gas_res"": 147720.7}, {""temp"": 20.52785, ""step"": 6, ""status"": 1, ""pres"": 966.4357, ""meas_profile"": ""HP-4"", ""meas_id"": 4, ""hum"": 35.22318, ""gas_res"": 185641.8}, {""temp"": 20.70424, ""step"": 6, ""status"": 1, ""pres"": 966.0383, ""meas_profile"": ""HP-3"", ""meas_id"": 3, ""hum"": 35.74384, ""gas_res"": 100000.0}, {""temp"": 20.6383, ""step"": 6, ""status"": 1, ""pres"": 966.1797, ""meas_profile"": ""HP-2"", ""meas_id"": 2, ""hum"": 35.92748, ""gas_res"": 146327.5}, {""temp"": 20.39826, ""step"": 6, ""status"": 1, ""pres"": 966.2461, ""meas_profile"": ""HP-1"", ""meas_id"": 1, ""hum"": 34.27333, ""gas_res"": 112552.2}]}",NULL,"2025-10-27 12:37:54.487025"
12628,"04a600b9b0b8","2025-10-27 12:37:23","NNHcspJAhKMAWd3edCIZ","{""bme688"": [{""temp"": 20.76363, ""step"": 5, ""status"": 1, ""pres"": 966.2783, ""meas_profile"": ""HP-8"", ""meas_id"": 8, ""hum"": 35.87051, ""gas_res"": 10031.35}, {""temp"": 20.73425, ""step"": 5, ""status"": 1, ""pres"": 966.4596, ""meas_profile"": ""HP-7"", ""meas_id"": 7, ""hum"": 35.71793, ""gas_res"": 15289.06}, {""temp"": 20.80291, ""step"": 5, ""status"": 1, ""pres"": 966.5637, ""meas_profile"": ""HP-6"", ""meas_id"": 6, ""hum"": 35.62611, ""gas_res"": 35281.15}, {""temp"": 20.68779, ""step"": 5, ""status"": 1, ""pres"": 966.2967, ""meas_profile"": ""HP-5"", ""meas_id"": 5, ""hum"": 35.818, ""gas_res"": 148750.7}, {""temp"": 20.52599, ""step"": 5, ""status"": 1, ""pres"": 966.4341, ""meas_profile"": ""HP-4"", ""meas_id"": 4, ""hum"": 35.22301, ""gas_res"": 251473.5}, {""temp"": 20.7027, ""step"": 5, ""status"": 1, ""pres"": 966.0374, ""meas_profile"": ""HP-3"", ""meas_id"": 3, ""hum"": 35.74369, ""gas_res"": 100000.0}, {""temp"": 20.63675, ""step"": 5, ""status"": 1, ""pres"": 966.1791, ""meas_profile"": ""HP-2"", ""meas_id"": 2, ""hum"": 35.91021, ""gas_res"": 144469.5}, {""temp"": 20.3967, ""step"": 5, ""status"": 1, ""pres"": 966.2454, ""meas_profile"": ""HP-1"", ""meas_id"": 1, ""hum"": 34.26734, ""gas_res"": 111522.5}]}",NULL,"2025-10-27 12:37:55.879429"
12651,"04a600b9b0b8","2025-10-27 12:37:23","NNHcspJAhKMAWd3edCIZ","{""zphs01b"": {""voc"": 0, ""temp"": 18.7, ""pm2_5"": 0, ""pm1_0"": 0, ""pm10"": 371, ""o3"": 0.03, ""no2"": 0.83, ""hum"": 0, ""fmhd"": 0, ""co2"": 5000, ""co"": 0.0}, ""smell_b"": {}, ""sfa30"": {""temp"": 21.07, ""hum"": 36.12, ""fmhd"": 3.4}, ""sen5x"": {""voc"": 103.0, ""temp"": 20.525, ""pm4_0"": 4440.4, ""pm2_5"": 4440.4, ""pm1_0"": 4234.2, ""pm10"": 4440.4, ""nox"": 1.0, ""mass_c"": 4388.85, ""hum"": 42.65}, ""scd41"": {""temp"": 20.8156, ""hum"": 39.69024, ""co2"": 602}, ""power_source"": 0, ""mics6814"": {""red_res"": 0, ""no2_res"": 0, ""no2"": 0.17, ""nh3_res"": 0, ""nh3"": 0.73, ""co_res"": 0, ""co"": 44.0}}",NULL,"2025-10-27 12:50:03.980231"
12652,"04a600b9b0b8","2025-10-27 12:37:23","NNHcspJAhKMAWd3edCIZ","{""bme688"": [{""temp"": 20.77166, ""step"": 9, ""status"": 1, ""pres"": 966.2803, ""meas_profile"": ""HP-8"", ""meas_id"": 8, ""hum"": 35.84824, ""gas_res"": 5684.846}, {""temp"": 20.74232, ""step"": 9, ""status"": 1, ""pres"": 966.4612, ""meas_profile"": ""HP-7"", ""meas_id"": 7, ""hum"": 35.73008, ""gas_res"": 5684.846}, {""temp"": 20.80939, ""step"": 9, ""status"": 1, ""pres"": 966.562, ""meas_profile"": ""HP-6"", ""meas_id"": 6, ""hum"": 35.62094, ""gas_res"": 7584.736}, {""temp"": 20.69404, ""step"": 9, ""status"": 1, ""pres"": 966.295, ""meas_profile"": ""HP-5"", ""meas_id"": 5, ""hum"": 35.79576, ""gas_res"": 25000.0}, {""temp"": 20.53251, ""step"": 9, ""status"": 1, ""pres"": 966.4352, ""meas_profile"": ""HP-4"", ""meas_id"": 4, ""hum"": 35.20052, ""gas_res"": 25000.0}, {""temp"": 20.70857, ""step"": 9, ""status"": 1, ""pres"": 966.0369, ""meas_profile"": ""HP-3"", ""meas_id"": 3, ""hum"": 35.70959, ""gas_res"": 10012.52}, {""temp"": 20.64265, ""step"": 9, ""status"": 1, ""pres"": 966.1785, ""meas_profile"": ""HP-2"", ""meas_id"": 2, ""hum"": 35.90506, ""gas_res"": 11355.57}, {""temp"": 20.40293, ""step"": 9, ""status"": 1, ""pres"": 966.2459, ""meas_profile"": ""HP-1"", ""meas_id"": 1, ""hum"": 34.29133, ""gas_res"": 9232.545}]}",NULL,"2025-10-27 12:50:05.357309"
12653,"04a600b9b0b8","2025-10-27 12:37:23","NNHcspJAhKMAWd3edCIZ","{""bme688"": [{""temp"": 20.76919, ""step"": 8, ""status"": 1, ""pres"": 966.2782, ""meas_profile"": ""HP-8"", ""meas_id"": 8, ""hum"": 35.85952, ""gas_res"": 5684.846}, {""temp"": 20.74015, ""step"": 8, ""status"": 1, ""pres"": 966.461, ""meas_profile"": ""HP-7"", ""meas_id"": 7, ""hum"": 35.72987, ""gas_res"": 5684.846}, {""temp"": 20.80785, ""step"": 8, ""status"": 1, ""pres"": 966.563, ""meas_profile"": ""HP-6"", ""meas_id"": 6, ""hum"": 35.61502, ""gas_res"": 7870.143}, {""temp"": 20.69248, ""step"": 8, ""status"": 1, ""pres"": 966.296, ""meas_profile"": ""HP-5"", ""meas_id"": 5, ""hum"": 35.80133, ""gas_res"": 25000.0}, {""temp"": 20.53096, ""step"": 8, ""status"": 1, ""pres"": 966.4341, ""meas_profile"": ""HP-4"", ""meas_id"": 4, ""hum"": 35.20615, ""gas_res"": 25000.0}, {""temp"": 20.70703, ""step"": 8, ""status"": 1, ""pres"": 966.0378, ""meas_profile"": ""HP-3"", ""meas_id"": 3, ""hum"": 35.72676, ""gas_res"": 9067.725}, {""temp"": 20.64141, ""step"": 8, ""status"": 1, ""pres"": 966.18, ""meas_profile"": ""HP-2"", ""meas_id"": 2, ""hum"": 35.91636, ""gas_res"": 11283.5}, {""temp"": 20.40168, ""step"": 8, ""status"": 1, ""pres"": 966.2476, ""meas_profile"": ""HP-1"", ""meas_id"": 1, ""hum"": 34.2678, ""gas_res"": 9216.59}]}",NULL,"2025-10-27 12:50:06.636367"
12654,"04a600b9b0b8","2025-10-27 12:37:23","NNHcspJAhKMAWd3edCIZ","{""bme688"": [{""temp"": 20.76734, ""step"": 7, ""status"": 1, ""pres"": 966.2788, ""meas_profile"": ""HP-8"", ""meas_id"": 8, ""hum"": 35.85358, ""gas_res"": 5684.846}, {""temp"": 20.73798, ""step"": 7, ""status"": 1, ""pres"": 966.4607, ""meas_profile"": ""HP-7"", ""meas_id"": 7, ""hum"": 35.72398, ""gas_res"": 5684.846}, {""temp"": 20.80631, ""step"": 7, ""status"": 1, ""pres"": 966.5639, ""meas_profile"": ""HP-6"", ""meas_id"": 6, ""hum"": 35.62643, ""gas_res"": 7835.456}, {""temp"": 20.69091, ""step"": 7, ""status"": 1, ""pres"": 966.2967, ""meas_profile"": ""HP-5"", ""meas_id"": 5, ""hum"": 35.80117, ""gas_res"": 25000.0}, {""temp"": 20.5294, ""step"": 7, ""status"": 1, ""pres"": 966.4348, ""meas_profile"": ""HP-4"", ""meas_id"": 4, ""hum"": 35.21755, ""gas_res"": 25000.0}, {""temp"": 20.70579, ""step"": 7, ""status"": 1, ""pres"": 966.0375, ""meas_profile"": ""HP-3"", ""meas_id"": 3, ""hum"": 35.73243, ""gas_res"": 8403.361}, {""temp"": 20.63985, ""step"": 7, ""status"": 1, ""pres"": 966.1791, ""meas_profile"": ""HP-2"", ""meas_id"": 2, ""hum"": 35.91621, ""gas_res"": 10825.44}, {""temp"": 20.40013, ""step"": 7, ""status"": 1, ""pres"": 966.2469, ""meas_profile"": ""HP-1"", ""meas_id"": 1, ""hum"": 34.27351, ""gas_res"": 8733.624}]}",NULL,"2025-10-27 12:50:08.025926"
12655,"04a600b9b0b8","2025-10-27 12:37:23","NNHcspJAhKMAWd3edCIZ","{""bme688"": [{""temp"": 20.76548, ""step"": 6, ""status"": 1, ""pres"": 966.2776, ""meas_profile"": ""HP-8"", ""meas_id"": 8, ""hum"": 35.87069, ""gas_res"": 10107.39}, {""temp"": 20.73611, ""step"": 6, ""status"": 1, ""pres"": 966.461, ""meas_profile"": ""HP-7"", ""meas_id"": 7, ""hum"": 35.7238, ""gas_res"": 15533.98}, {""temp"": 20.80445, ""step"": 6, ""status"": 1, ""pres"": 966.5628, ""meas_profile"": ""HP-6"", ""meas_id"": 6, ""hum"": 35.63202, ""gas_res"": 35368.89}, {""temp"": 20.68935, ""step"": 6, ""status"": 1, ""pres"": 966.2974, ""meas_profile"": ""HP-5"", ""meas_id"": 5, ""hum"": 35.82385, ""gas_res"": 147720.7}, {""temp"": 20.52785, ""step"": 6, ""status"": 1, ""pres"": 966.4357, ""meas_profile"": ""HP-4"", ""meas_id"": 4, ""hum"": 35.22318, ""gas_res"": 185641.8}, {""temp"": 20.70424, ""step"": 6, ""status"": 1, ""pres"": 966.0383, ""meas_profile"": ""HP-3"", ""meas_id"": 3, ""hum"": 35.74384, ""gas_res"": 100000.0}, {""temp"": 20.6383, ""step"": 6, ""status"": 1, ""pres"": 966.1797, ""meas_profile"": ""HP-2"", ""meas_id"": 2, ""hum"": 35.92748, ""gas_res"": 146327.5}, {""temp"": 20.39826, ""step"": 6, ""status"": 1, ""pres"": 966.2461, ""meas_profile"": ""HP-1"", ""meas_id"": 1, ""hum"": 34.27333, ""gas_res"": 112552.2}]}",NULL,"2025-10-27 12:50:09.194391"
12656,"04a600b9b0b8","2025-10-27 12:37:23","NNHcspJAhKMAWd3edCIZ","{""bme688"": [{""temp"": 20.76363, ""step"": 5, ""status"": 1, ""pres"": 966.2783, ""meas_profile"": ""HP-8"", ""meas_id"": 8, ""hum"": 35.87051, ""gas_res"": 10031.35}, {""temp"": 20.73425, ""step"": 5, ""status"": 1, ""pres"": 966.4596, ""meas_profile"": ""HP-7"", ""meas_id"": 7, ""hum"": 35.71793, ""gas_res"": 15289.06}, {""temp"": 20.80291, ""step"": 5, ""status"": 1, ""pres"": 966.5637, ""meas_profile"": ""HP-6"", ""meas_id"": 6, ""hum"": 35.62611, ""gas_res"": 35281.15}, {""temp"": 20.68779, ""step"": 5, ""status"": 1, ""pres"": 966.2967, ""meas_profile"": ""HP-5"", ""meas_id"": 5, ""hum"": 35.818, ""gas_res"": 148750.7}, {""temp"": 20.52599, ""step"": 5, ""status"": 1, ""pres"": 966.4341, ""meas_profile"": ""HP-4"", ""meas_id"": 4, ""hum"": 35.22301, ""gas_res"": 251473.5}, {""temp"": 20.7027, ""step"": 5, ""status"": 1, ""pres"": 966.0374, ""meas_profile"": ""HP-3"", ""meas_id"": 3, ""hum"": 35.74369, ""gas_res"": 100000.0}, {""temp"": 20.63675, ""step"": 5, ""status"": 1, ""pres"": 966.1791, ""meas_profile"": ""HP-2"", ""meas_id"": 2, ""hum"": 35.91021, ""gas_res"": 144469.5}, {""temp"": 20.3967, ""step"": 5, ""status"": 1, ""pres"": 966.2454, ""meas_profile"": ""HP-1"", ""meas_id"": 1, ""hum"": 34.26734, ""gas_res"": 111522.5}]}",NULL,"2025-10-27 12:50:10.471831"
12657,"04a600b9b0b8","2025-10-27 12:37:23","NNHcspJAhKMAWd3edCIZ","{""bme688"": [{""temp"": 20.76147, ""step"": 4, ""status"": 1, ""pres"": 966.2784, ""meas_profile"": ""HP-8"", ""meas_id"": 8, ""hum"": 35.88758, ""gas_res"": 9873.496}, {""temp"": 20.7327, ""step"": 4, ""status"": 1, ""pres"": 966.4604, ""meas_profile"": ""HP-7"", ""meas_id"": 7, ""hum"": 35.74055, ""gas_res"": 15083.67}, {""temp"": 20.80137, ""step"": 4, ""status"": 1, ""pres"": 966.5629, ""meas_profile"": ""HP-6"", ""meas_id"": 6, ""hum"": 35.63174, ""gas_res"": 35368.89}, {""temp"": 20.68591, ""step"": 4, ""status"": 1, ""pres"": 966.2969, ""meas_profile"": ""HP-5"", ""meas_id"": 5, ""hum"": 35.84065, ""gas_res"": 152335.6}, {""temp"": 20.52412, ""step"": 4, ""status"": 1, ""pres"": 966.4344, ""meas_profile"": ""HP-4"", ""meas_id"": 4, ""hum"": 35.21128, ""gas_res"": 264941.8}, {""temp"": 20.70115, ""step"": 4, ""status"": 1, ""pres"": 966.0383, ""meas_profile"": ""HP-3"", ""meas_id"": 3, ""hum"": 35.73776, ""gas_res"": 100000.0}, {""temp"": 20.63551, ""step"": 4, ""status"": 1, ""pres"": 966.1804, ""meas_profile"": ""HP-2"", ""meas_id"": 2, ""hum"": 35.9215, ""gas_res"": 144103.6}, {""temp"": 20.39483, ""step"": 4, ""status"": 1, ""pres"": 966.2443, ""meas_profile"": ""HP-1"", ""meas_id"": 1, ""hum"": 34.28474, ""gas_res"": 110726.6}]}",NULL,"2025-10-27 12:50:11.767087"
12658,"04a600b9b0b8","2025-10-27 12:37:23","NNHcspJAhKMAWd3edCIZ","{""bme688"": [{""temp"": 20.75962, ""step"": 3, ""status"": 0, ""pres"": 966.2791, ""meas_profile"": ""HP-8"", ""meas_id"": 8, ""hum"": 35.88741, ""gas_res"": 6168.08}, {""temp"": 20.73083, ""step"": 3, ""status"": 0, ""pres"": 966.4608, ""meas_profile"": ""HP-7"", ""meas_id"": 7, ""hum"": 35.75177, ""gas_res"": 7547.17}, {""temp"": 20.79921, ""step"": 3, ""status"": 0, ""pres"": 966.5629, ""meas_profile"": ""HP-6"", ""meas_id"": 6, ""hum"": 35.65462, ""gas_res"": 18610.06}, {""temp"": 20.68404, ""step"": 3, ""status"": 0, ""pres"": 966.2972, ""meas_profile"": ""HP-5"", ""meas_id"": 5, ""hum"": 35.82906, ""gas_res"": 46460.98}, {""temp"": 20.52226, ""step"": 3, ""status"": 0, ""pres"": 966.4348, ""meas_profile"": ""HP-4"", ""meas_id"": 4, ""hum"": 35.23997, ""gas_res"": 57800.86}, {""temp"": 20.6993, ""step"": 3, ""status"": 0, ""pres"": 966.0369, ""meas_profile"": ""HP-3"", ""meas_id"": 3, ""hum"": 35.75492, ""gas_res"": 34991.8}, {""temp"": 20.63364, ""step"": 3, ""status"": 0, ""pres"": 966.1808, ""meas_profile"": ""HP-2"", ""meas_id"": 2, ""hum"": 35.96131, ""gas_res"": 53997.05}, {""temp"": 20.39297, ""step"": 3, ""status"": 0, ""pres"": 966.2452, ""meas_profile"": ""HP-1"", ""meas_id"": 1, ""hum"": 34.29042, ""gas_res"": 35694.37}]}",NULL,"2025-10-27 12:50:13.137674"
12659,"04a600b9b0b8","2025-10-27 12:37:23","NNHcspJAhKMAWd3edCIZ","{""bme688"": [{""temp"": 20.75776, ""step"": 2, ""status"": 1, ""pres"": 966.2779, ""meas_profile"": ""HP-8"", ""meas_id"": 8, ""hum"": 35.90452, ""gas_res"": 13858.81}, {""temp"": 20.72897, ""step"": 2, ""status"": 1, ""pres"": 966.4609, ""meas_profile"": ""HP-7"", ""meas_id"": 7, ""hum"": 35.77436, ""gas_res"": 17862.13}, {""temp"": 20.79736, ""step"": 2, ""status"": 1, ""pres"": 966.5634, ""meas_profile"": ""HP-6"", ""meas_id"": 6, ""hum"": 35.64867, ""gas_res"": 56952.17}, {""temp"": 20.68216, ""step"": 2, ""status"": 1, ""pres"": 966.2975, ""meas_profile"": ""HP-5"", ""meas_id"": 5, ""hum"": 35.85171, ""gas_res"": 159601.0}, {""temp"": 20.52039, ""step"": 2, ""status"": 1, ""pres"": 966.4351, ""meas_profile"": ""HP-4"", ""meas_id"": 4, ""hum"": 35.2398, ""gas_res"": 281087.0}, {""temp"": 20.69775, ""step"": 2, ""status"": 1, ""pres"": 966.0378, ""meas_profile"": ""HP-3"", ""meas_id"": 3, ""hum"": 35.76633, ""gas_res"": 134347.9}, {""temp"": 20.63209, ""step"": 2, ""status"": 1, ""pres"": 966.1799, ""meas_profile"": ""HP-2"", ""meas_id"": 2, ""hum"": 35.94402, ""gas_res"": 230112.4}, {""temp"": 20.3911, ""step"": 2, ""status"": 1, ""pres"": 966.244, ""meas_profile"": ""HP-1"", ""meas_id"": 1, ""hum"": 34.31369, ""gas_res"": 168921.1}]}",NULL,"2025-10-27 12:50:14.336376"
12660,"04a600b9b0b8","2025-10-27 12:37:23","NNHcspJAhKMAWd3edCIZ","{""bme688"": [{""temp"": 20.75591, ""step"": 1, ""status"": 1, ""pres"": 966.2786, ""meas_profile"": ""HP-8"", ""meas_id"": 8, ""hum"": 35.91587, ""gas_res"": 6732.59}, {""temp"": 20.72711, ""step"": 1, ""status"": 1, ""pres"": 966.4612, ""meas_profile"": ""HP-7"", ""meas_id"": 7, ""hum"": 35.7685, ""gas_res"": 8344.198}, {""temp"": 20.79581, ""step"": 1, ""status"": 1, ""pres"": 966.5626, ""meas_profile"": ""HP-6"", ""meas_id"": 6, ""hum"": 35.64853, ""gas_res"": 25000.0}, {""temp"": 20.6806, ""step"": 1, ""status"": 1, ""pres"": 966.2965, ""meas_profile"": ""HP-5"", ""meas_id"": 5, ""hum"": 35.84586, ""gas_res"": 46817.85}, {""temp"": 20.51884, ""step"": 1, ""status"": 1, ""pres"": 966.4341, ""meas_profile"": ""HP-4"", ""meas_id"": 4, ""hum"": 35.23388, ""gas_res"": 97784.57}, {""temp"": 20.6962, ""step"": 1, ""status"": 1, ""pres"": 966.0387, ""meas_profile"": ""HP-3"", ""meas_id"": 3, ""hum"": 35.77774, ""gas_res"": 33455.3}, {""temp"": 20.63054, ""step"": 1, ""status"": 1, ""pres"": 966.1805, ""meas_profile"": ""HP-2"", ""meas_id"": 2, ""hum"": 35.93817, ""gas_res"": 100000.0}, {""temp"": 20.38955, ""step"": 1, ""status"": 1, ""pres"": 966.2452, ""meas_profile"": ""HP-1"", ""meas_id"": 1, ""hum"": 34.30768, ""gas_res"": 34538.59}]}",NULL,"2025-10-27 12:50:15.613552"
12661,"04a600b9b0b8","2025-10-27 12:37:23","NNHcspJAhKMAWd3edCIZ","{""bme688"": [{""temp"": 20.75375, ""step"": 0, ""status"": 1, ""pres"": 966.2767, ""meas_profile"": ""HP-8"", ""meas_id"": 8, ""hum"": 35.9099, ""gas_res"": 5684.846}, {""temp"": 20.72525, ""step"": 0, ""status"": 1, ""pres"": 966.4615, ""meas_profile"": ""HP-7"", ""meas_id"": 7, ""hum"": 35.76263, ""gas_res"": 5684.846}, {""temp"": 20.79427, ""step"": 0, ""status"": 1, ""pres"": 966.562, ""meas_profile"": ""HP-6"", ""meas_id"": 6, ""hum"": 35.65993, ""gas_res"": 7887.602}, {""temp"": 20.67872, ""step"": 0, ""status"": 1, ""pres"": 966.2969, ""meas_profile"": ""HP-5"", ""meas_id"": 5, ""hum"": 35.84568, ""gas_res"": 25000.0}, {""temp"": 20.51729, ""step"": 0, ""status"": 1, ""pres"": 966.4348, ""meas_profile"": ""HP-4"", ""meas_id"": 4, ""hum"": 35.25682, ""gas_res"": 25000.0}, {""temp"": 20.69466, ""step"": 0, ""status"": 1, ""pres"": 966.0379, ""meas_profile"": ""HP-3"", ""meas_id"": 3, ""hum"": 35.76026, ""gas_res"": 8350.73}, {""temp"": 20.62899, ""step"": 0, ""status"": 1, ""pres"": 966.1797, ""meas_profile"": ""HP-2"", ""meas_id"": 2, ""hum"": 35.94373, ""gas_res"": 10352.64}, {""temp"": 20.3883, ""step"": 0, ""status"": 1, ""pres"": 966.2451, ""meas_profile"": ""HP-1"", ""meas_id"": 1, ""hum"": 34.31343, ""gas_res"": 8376.963}]}",NULL,"2025-10-27 12:50:16.887792"
12662,"04a600b9b0b8","2025-10-27 12:36:56","NNHcspJAhKMAWd3edCIZ","{""zphs01b"": {""voc"": 0, ""temp"": 18.7, ""pm2_5"": 0, ""pm1_0"": 0, ""pm10"": 366, ""o3"": 0.03, ""no2"": 10.0, ""hum"": 0, ""fmhd"": 0, ""co2"": 5000, ""co"": 0.0}, ""smell_b"": {}, ""sfa30"": {""temp"": 21.05, ""hum"": 36.15, ""fmhd"": 3.2}, ""sen5x"": {""voc"": 101.0, ""temp"": 20.52, ""pm4_0"": 4392.1, ""pm2_5"": 4392.1, ""pm1_0"": 4188.1, ""pm10"": 4392.1, ""nox"": 1.0, ""mass_c"": 4341.1, ""hum"": 42.6}, ""scd41"": {""temp"": 20.77287, ""hum"": 39.83825, ""co2"": 605}, ""power_source"": 0, ""mics6814"": {""red_res"": 0, ""no2_res"": 0, ""no2"": 0.17, ""nh3_res"": 0, ""nh3"": 0.73, ""co_res"": 0, ""co"": 44.0}}",NULL,"2025-10-27 12:50:18.146127"
12663,"04a600b9b0b8","2025-10-27 12:36:56","NNHcspJAhKMAWd3edCIZ","{""bme688"": [{""temp"": 20.7519, ""step"": 9, ""status"": 1, ""pres"": 966.2774, ""meas_profile"": ""HP-8"", ""meas_id"": 8, ""hum"": 35.92125, ""gas_res"": 5684.846}, {""temp"": 20.72307, ""step"": 9, ""status"": 1, ""pres"": 966.4596, ""meas_profile"": ""HP-7"", ""meas_id"": 7, ""hum"": 35.79089, ""gas_res"": 5684.846}, {""temp"": 20.79242, ""step"": 9, ""status"": 1, ""pres"": 966.5623, ""meas_profile"": ""HP-6"", ""meas_id"": 6, ""hum"": 35.67131, ""gas_res"": 7119.021}, {""temp"": 20.67716, ""step"": 9, ""status"": 1, ""pres"": 966.2977, ""meas_profile"": ""HP-5"", ""meas_id"": 5, ""hum"": 35.85695, ""gas_res"": 25000.0}, {""temp"": 20.51574, ""step"": 9, ""status"": 1, ""pres"": 966.4358, ""meas_profile"": ""HP-4"", ""meas_id"": 4, ""hum"": 35.25091, ""gas_res"": 25000.0}, {""temp"": 20.69311, ""step"": 9, ""status"": 1, ""pres"": 966.0386, ""meas_profile"": ""HP-3"", ""meas_id"": 3, ""hum"": 35.76589, ""gas_res"": 8827.586}, {""temp"": 20.62774, ""step"": 9, ""status"": 1, ""pres"": 966.1811, ""meas_profile"": ""HP-2"", ""meas_id"": 2, ""hum"": 35.9379, ""gas_res"": 10136.21}, {""temp"": 20.38675, ""step"": 9, ""status"": 1, ""pres"": 966.2445, ""meas_profile"": ""HP-1"", ""meas_id"": 1, ""hum"": 34.30743, ""gas_res"": 8066.549}]}",NULL,"2025-10-27 12:50:19.443519"
12664,"04a600b9b0b8","2025-10-27 12:36:56","NNHcspJAhKMAWd3edCIZ","{""bme688"": [{""temp"": 20.74973, ""step"": 8, ""status"": 1, ""pres"": 966.2759, ""meas_profile"": ""HP-8"", ""meas_id"": 8, ""hum"": 35.92104, ""gas_res"": 5684.846}, {""temp"": 20.72121, ""step"": 8, ""status"": 1, ""pres"": 966.4598, ""meas_profile"": ""HP-7"", ""meas_id"": 7, ""hum"": 35.79641, ""gas_res"": 5684.846}, {""temp"": 20.79087, ""step"": 8, ""status"": 1, ""pres"": 966.5616, ""meas_profile"": ""HP-6"", ""meas_id"": 6, ""hum"": 35.68849, ""gas_res"": 7334.403}, {""temp"": 20.67559, ""step"": 8, ""status"": 1, ""pres"": 966.2968, ""meas_profile"": ""HP-5"", ""meas_id"": 5, ""hum"": 35.85109, ""gas_res"": 25000.0}, {""temp"": 20.51418, ""step"": 8, ""status"": 1, ""pres"": 966.4348, ""meas_profile"": ""HP-4"", ""meas_id"": 4, ""hum"": 35.24499, ""gas_res"": 25000.0}, {""temp"": 20.69156, ""step"": 8, ""status"": 1, ""pres"": 966.038, ""meas_profile"": ""HP-3"", ""meas_id"": 3, ""hum"": 35.77731, ""gas_res"": 7795.372}, {""temp"": 20.62619, ""step"": 8, ""status"": 1, ""pres"": 966.1802, ""meas_profile"": ""HP-2"", ""meas_id"": 2, ""hum"": 35.93204, ""gas_res"": 9747.183}, {""temp"": 20.38519, ""step"": 8, ""status"": 1, ""pres"": 966.2441, ""meas_profile"": ""HP-1"", ""meas_id"": 1, ""hum"": 34.30729, ""gas_res"": 7864.34}]}",NULL,"2025-10-27 12:50:20.736022"
12665,"04a600b9b0b8","2025-10-27 12:36:56","NNHcspJAhKMAWd3edCIZ","{""bme688"": [{""temp"": 20.74757, ""step"": 7, ""status"": 1, ""pres"": 966.2759, ""meas_profile"": ""HP-8"", ""meas_id"": 8, ""hum"": 35.92083, ""gas_res"": 5684.846}, {""temp"": 20.71904, ""step"": 7, ""status"": 1, ""pres"": 966.4596, ""meas_profile"": ""HP-7"", ""meas_id"": 7, ""hum"": 35.78482, ""gas_res"": 5684.846}, {""temp"": 20.78933, ""step"": 7, ""status"": 1, ""pres"": 966.5627, ""meas_profile"": ""HP-6"", ""meas_id"": 6, ""hum"": 35.67679, ""gas_res"": 7289.294}, {""temp"": 20.67403, ""step"": 7, ""status"": 1, ""pres"": 966.2976, ""meas_profile"": ""HP-5"", ""meas_id"": 5, ""hum"": 35.87378, ""gas_res"": 25000.0}, {""temp"": 20.51263, ""step"": 7, ""status"": 1, ""pres"": 966.4356, ""meas_profile"": ""HP-4"", ""meas_id"": 4, ""hum"": 35.25062, ""gas_res"": 25000.0}, {""temp"": 20.69033, ""step"": 7, ""status"": 1, ""pres"": 966.0392, ""meas_profile"": ""HP-3"", ""meas_id"": 3, ""hum"": 35.77718, ""gas_res"": 7181.329}, {""temp"": 20.62495, ""step"": 7, ""status"": 1, ""pres"": 966.1816, ""meas_profile"": ""HP-2"", ""meas_id"": 2, ""hum"": 35.94334, ""gas_res"": 9256.581}, {""temp"": 20.38395, ""step"": 7, ""status"": 1, ""pres"": 966.2439, ""meas_profile"": ""HP-1"", ""meas_id"": 1, ""hum"": 34.30132, ""gas_res"": 7395.424}]}",NULL,"2025-10-27 12:50:22.00679"
12666,"04a600b9b0b8","2025-10-27 12:36:56","NNHcspJAhKMAWd3edCIZ","{""bme688"": [{""temp"": 20.74603, ""step"": 6, ""status"": 1, ""pres"": 966.2752, ""meas_profile"": ""HP-8"", ""meas_id"": 8, ""hum"": 35.94374, ""gas_res"": 9928.638}, {""temp"": 20.71748, ""step"": 6, ""status"": 1, ""pres"": 966.4588, ""meas_profile"": ""HP-7"", ""meas_id"": 7, ""hum"": 35.78466, ""gas_res"": 15073.01}, {""temp"": 20.78778, ""step"": 6, ""status"": 1, ""pres"": 966.5619, ""meas_profile"": ""HP-6"", ""meas_id"": 6, ""hum"": 35.6651, ""gas_res"": 32168.89}, {""temp"": 20.67215, ""step"": 6, ""status"": 1, ""pres"": 966.298, ""meas_profile"": ""HP-5"", ""meas_id"": 5, ""hum"": 35.8736, ""gas_res"": 129751.6}, {""temp"": 20.51108, ""step"": 6, ""status"": 1, ""pres"": 966.4348, ""meas_profile"": ""HP-4"", ""meas_id"": 4, ""hum"": 35.2678, ""gas_res"": 150058.6}, {""temp"": 20.68878, ""step"": 6, ""status"": 1, ""pres"": 966.0383, ""meas_profile"": ""HP-3"", ""meas_id"": 3, ""hum"": 35.77704, ""gas_res"": 93023.26}, {""temp"": 20.62309, ""step"": 6, ""status"": 1, ""pres"": 966.1819, ""meas_profile"": ""HP-2"", ""meas_id"": 2, ""hum"": 35.96602, ""gas_res"": 119403.0}, {""temp"": 20.38239, ""step"": 6, ""status"": 1, ""pres"": 966.2451, ""meas_profile"": ""HP-1"", ""meas_id"": 1, ""hum"": 34.31289, ""gas_res"": 100000.0}]}",NULL,"2025-10-27 12:50:23.361761"
12667,"04a600b9b0b8","2025-10-27 12:36:56","NNHcspJAhKMAWd3edCIZ","{""bme688"": [{""temp"": 20.74417, ""step"": 5, ""status"": 1, ""pres"": 966.2742, ""meas_profile"": ""HP-8"", ""meas_id"": 8, ""hum"": 35.94356, ""gas_res"": 9846.154}, {""temp"": 20.71562, ""step"": 5, ""status"": 1, ""pres"": 966.459, ""meas_profile"": ""HP-7"", ""meas_id"": 7, ""hum"": 35.81297, ""gas_res"": 14946.29}, {""temp"": 20.78624, ""step"": 5, ""status"": 1, ""pres"": 966.5627, ""meas_profile"": ""HP-6"", ""meas_id"": 6, ""hum"": 35.68805, ""gas_res"": 32193.16}, {""temp"": 20.67059, ""step"": 5, ""status"": 1, ""pres"": 966.2971, ""meas_profile"": ""HP-5"", ""meas_id"": 5, ""hum"": 35.86774, ""gas_res"": 129064.8}, {""temp"": 20.50952, ""step"": 5, ""status"": 1, ""pres"": 966.4355, ""meas_profile"": ""HP-4"", ""meas_id"": 4, ""hum"": 35.27342, ""gas_res"": 151793.7}, {""temp"": 20.68723, ""step"": 5, ""status"": 1, ""pres"": 966.0393, ""meas_profile"": ""HP-3"", ""meas_id"": 3, ""hum"": 35.78845, ""gas_res"": 90651.55}, {""temp"": 20.62153, ""step"": 5, ""status"": 1, ""pres"": 966.1812, ""meas_profile"": ""HP-2"", ""meas_id"": 2, ""hum"": 35.95444, ""gas_res"": 115601.7}, {""temp"": 20.38083, ""step"": 5, ""status"": 1, ""pres"": 966.2446, ""meas_profile"": ""HP-1"", ""meas_id"": 1, ""hum"": 34.31861, ""gas_res"": 100000.0}]}",NULL,"2025-10-27 12:50:24.561566"
12668,"04a600b9b0b8","2025-10-27 12:36:56","NNHcspJAhKMAWd3edCIZ","{""bme688"": [{""temp"": 20.74232, ""step"": 4, ""status"": 1, ""pres"": 966.2748, ""meas_profile"": ""HP-8"", ""meas_id"": 8, ""hum"": 35.94339, ""gas_res"": 9773.977}, {""temp"": 20.71376, ""step"": 4, ""status"": 1, ""pres"": 966.4594, ""meas_profile"": ""HP-7"", ""meas_id"": 7, ""hum"": 35.81279, ""gas_res"": 14821.68}, {""temp"": 20.7847, ""step"": 4, ""status"": 1, ""pres"": 966.562, ""meas_profile"": ""HP-6"", ""meas_id"": 6, ""hum"": 35.69369, ""gas_res"": 32413.27}, {""temp"": 20.66871, ""step"": 4, ""status"": 1, ""pres"": 966.2974, ""meas_profile"": ""HP-5"", ""meas_id"": 5, ""hum"": 35.8961, ""gas_res"": 131755.0}, {""temp"": 20.50797, ""step"": 4, ""status"": 1, ""pres"": 966.4363, ""meas_profile"": ""HP-4"", ""meas_id"": 4, ""hum"": 35.27328, ""gas_res"": 156240.5}, {""temp"": 20.68569, ""step"": 4, ""status"": 1, ""pres"": 966.04, ""meas_profile"": ""HP-3"", ""meas_id"": 3, ""hum"": 35.79986, ""gas_res"": 89323.1}, {""temp"": 20.61998, ""step"": 4, ""status"": 1, ""pres"": 966.1819, ""meas_profile"": ""HP-2"", ""meas_id"": 2, ""hum"": 35.97714, ""gas_res"": 113828.4}, {""temp"": 20.37959, ""step"": 4, ""status"": 1, ""pres"": 966.2463, ""meas_profile"": ""HP-1"", ""meas_id"": 1, ""hum"": 34.33021, ""gas_res"": 100000.0}]}",NULL,"2025-10-27 12:50:25.836158"
12669,"04a600b9b0b8","2025-10-27 12:36:56","NNHcspJAhKMAWd3edCIZ","{""bme688"": [{""temp"": 20.74047, ""step"": 3, ""status"": 0, ""pres"": 966.2753, ""meas_profile"": ""HP-8"", ""meas_id"": 8, ""hum"": 35.9605, ""gas_res"": 6090.598}, {""temp"": 20.71189, ""step"": 3, ""status"": 0, ""pres"": 966.4595, ""meas_profile"": ""HP-7"", ""meas_id"": 7, ""hum"": 35.81831, ""gas_res"": 7405.693}, {""temp"": 20.78285, ""step"": 3, ""status"": 0, ""pres"": 966.5625, ""meas_profile"": ""HP-6"", ""meas_id"": 6, ""hum"": 35.69928, ""gas_res"": 16913.32}, {""temp"": 20.66652, ""step"": 3, ""status"": 0, ""pres"": 966.2971, ""meas_profile"": ""HP-5"", ""meas_id"": 5, ""hum"": 35.89019, ""gas_res"": 40125.39}, {""temp"": 20.50611, ""step"": 3, ""status"": 0, ""pres"": 966.4348, ""meas_profile"": ""HP-4"", ""meas_id"": 4, ""hum"": 35.29043, ""gas_res"": 44568.25}, {""temp"": 20.68383, ""step"": 3, ""status"": 0, ""pres"": 966.0386, ""meas_profile"": ""HP-3"", ""meas_id"": 3, ""hum"": 35.81702, ""gas_res"": 27953.7}, {""temp"": 20.61812, ""step"": 3, ""status"": 0, ""pres"": 966.1821, ""meas_profile"": ""HP-2"", ""meas_id"": 2, ""hum"": 35.97697, ""gas_res"": 41775.46}, {""temp"": 20.37772, ""step"": 3, ""status"": 0, ""pres"": 966.2452, ""meas_profile"": ""HP-1"", ""meas_id"": 1, ""hum"": 34.34762, ""gas_res"": 28249.83}]}",NULL,"2025-10-27 12:50:27.122393"
12670,"04a600b9b0b8","2025-10-27 12:36:56","NNHcspJAhKMAWd3edCIZ","{""bme688"": [{""temp"": 20.73862, ""step"": 2, ""status"": 1, ""pres"": 966.276, ""meas_profile"": ""HP-8"", ""meas_id"": 8, ""hum"": 35.96609, ""gas_res"": 15613.56}, {""temp"": 20.71003, ""step"": 2, ""status"": 1, ""pres"": 966.46, ""meas_profile"": ""HP-7"", ""meas_id"": 7, ""hum"": 35.84092, ""gas_res"": 20195.64}, {""temp"": 20.78099, ""step"": 2, ""status"": 1, ""pres"": 966.5613, ""meas_profile"": ""HP-6"", ""meas_id"": 6, ""hum"": 35.72221, ""gas_res"": 62500.0}, {""temp"": 20.66465, ""step"": 2, ""status"": 1, ""pres"": 966.2974, ""meas_profile"": ""HP-5"", ""meas_id"": 5, ""hum"": 35.8843, ""gas_res"": 171466.8}, {""temp"": 20.50424, ""step"": 2, ""status"": 1, ""pres"": 966.4351, ""meas_profile"": ""HP-4"", ""meas_id"": 4, ""hum"": 35.3018, ""gas_res"": 264531.1}, {""temp"": 20.68229, ""step"": 2, ""status"": 1, ""pres"": 966.0394, ""meas_profile"": ""HP-3"", ""meas_id"": 3, ""hum"": 35.8111, ""gas_res"": 124001.0}, {""temp"": 20.61656, ""step"": 2, ""status"": 1, ""pres"": 966.183, ""meas_profile"": ""HP-2"", ""meas_id"": 2, ""hum"": 35.97111, ""gas_res"": 214360.5}, {""temp"": 20.37616, ""step"": 2, ""status"": 1, ""pres"": 966.2463, ""meas_profile"": ""HP-1"", ""meas_id"": 1, ""hum"": 34.33575, ""gas_res"": 152199.8}]}",NULL,"2025-10-27 12:50:28.498295"
12671,"04a600b9b0b8","2025-10-27 12:36:56","NNHcspJAhKMAWd3edCIZ","{""bme688"": [{""temp"": 20.73676, ""step"": 1, ""status"": 1, ""pres"": 966.2749, ""meas_profile"": ""HP-8"", ""meas_id"": 8, ""hum"": 35.97744, ""gas_res"": 6788.29}, {""temp"": 20.70848, ""step"": 1, ""status"": 1, ""pres"": 966.459, ""meas_profile"": ""HP-7"", ""meas_id"": 7, ""hum"": 35.83507, ""gas_res"": 8305.217}, {""temp"": 20.77945, ""step"": 1, ""status"": 1, ""pres"": 966.5605, ""meas_profile"": ""HP-6"", ""meas_id"": 6, ""hum"": 35.72207, ""gas_res"": 25000.0}, {""temp"": 20.66308, ""step"": 1, ""status"": 1, ""pres"": 966.2964, ""meas_profile"": ""HP-5"", ""meas_id"": 5, ""hum"": 35.9127, ""gas_res"": 40201.0}, {""temp"": 20.50269, ""step"": 1, ""status"": 1, ""pres"": 966.4361, ""meas_profile"": ""HP-4"", ""meas_id"": 4, ""hum"": 35.28434, ""gas_res"": 43925.88}, {""temp"": 20.68074, ""step"": 1, ""status"": 1, ""pres"": 966.0388, ""meas_profile"": ""HP-3"", ""meas_id"": 3, ""hum"": 35.81095, ""gas_res"": 25744.17}, {""temp"": 20.61501, ""step"": 1, ""status"": 1, ""pres"": 966.1822, ""meas_profile"": ""HP-2"", ""meas_id"": 2, ""hum"": 35.98239, ""gas_res"": 35965.16}, {""temp"": 20.37461, ""step"": 1, ""status"": 1, ""pres"": 966.2458, ""meas_profile"": ""HP-1"", ""meas_id"": 1, ""hum"": 34.33562, ""gas_res"": 25979.3}]}",NULL,"2025-10-27 12:50:29.686435"
12672,"04a600b9b0b8","2025-10-27 12:36:56","NNHcspJAhKMAWd3edCIZ","{""bme688"": [{""temp"": 20.73491, ""step"": 0, ""status"": 1, ""pres"": 966.2754, ""meas_profile"": ""HP-8"", ""meas_id"": 8, ""hum"": 35.96573, ""gas_res"": 5684.846}, {""temp"": 20.7063, ""step"": 0, ""status"": 1, ""pres"": 966.4589, ""meas_profile"": ""HP-7"", ""meas_id"": 7, ""hum"": 35.84056, ""gas_res"": 5684.846}, {""temp"": 20.77791, ""step"": 0, ""status"": 1, ""pres"": 966.5615, ""meas_profile"": ""HP-6"", ""meas_id"": 6, ""hum"": 35.72192, ""gas_res"": 7628.129}, {""temp"": 20.66152, ""step"": 0, ""status"": 1, ""pres"": 966.2974, ""meas_profile"": ""HP-5"", ""meas_id"": 5, ""hum"": 35.90113, ""gas_res"": 25000.0}, {""temp"": 20.50113, ""step"": 0, ""status"": 1, ""pres"": 966.4367, ""meas_profile"": ""HP-4"", ""meas_id"": 4, ""hum"": 35.29574, ""gas_res"": 25000.0}, {""temp"": 20.6792, ""step"": 0, ""status"": 1, ""pres"": 966.0379, ""meas_profile"": ""HP-3"", ""meas_id"": 3, ""hum"": 35.82815, ""gas_res"": 6762.468}, {""temp"": 20.61377, ""step"": 0, ""status"": 1, ""pres"": 966.1834, ""meas_profile"": ""HP-2"", ""meas_id"": 2, ""hum"": 35.97655, ""gas_res"": 8510.639}, {""temp"": 20.37336, ""step"": 0, ""status"": 1, ""pres"": 966.2457, ""meas_profile"": ""HP-1"", ""meas_id"": 1, ""hum"": 34.3355, ""gas_res"": 6866.953}]}",NULL,"2025-10-27 12:50:30.968983"
