"id","box_id","ts","measurement_id","measurement_data","description","created_at"
12319,"04a600b9b0b8","2025-10-27 11:26:19","rP1YOtUg6ZqB1CRjfpls","{""zphs01b"": {""voc"": 0, ""temp"": 18.6, ""pm2_5"": 0, ""pm1_0"": 0, ""pm10"": 350, ""o3"": 0.02, ""no2"": 9.139999, ""hum"": 0, ""fmhd"": 0, ""co2"": 5000, ""co"": 0.0}, ""smell_b"": {}, ""sfa30"": {""temp"": 20.88, ""hum"": 35.97, ""fmhd"": 0.8}, ""sen5x"": {""voc"": 105.0, ""temp"": 20.84, ""pm4_0"": 4421.7, ""pm2_5"": 4421.7, ""pm1_0"": 4216.4, ""pm10"": 4421.7, ""nox"": 1.0, ""mass_c"": 4370.375, ""hum"": 41.09}, ""scd41"": {""temp"": 20.26551, ""hum"": 38.40849, ""co2"": 590}, ""power_source"": 0, ""mics6814"": {""red_res"": 0, ""no2_res"": 0, ""no2"": 0.17, ""nh3_res"": 0, ""nh3"": 0.73, ""co_res"": 0, ""co"": 44.0}}",NULL,"2025-10-27 11:27:10.932153"
12320,"04a600b9b0b8","2025-10-27 11:26:19","rP1YOtUg6ZqB1CRjfpls","{""bme688"": [{""temp"": 20.59562, ""step"": 9, ""status"": 1, ""pres"": 966.3259, ""meas_profile"": ""HP-8"", ""meas_id"": 8, ""hum"": 35.50373, ""gas_res"": 5684.846}, {""temp"": 20.56719, ""step"": 9, ""status"": 1, ""pres"": 966.5016, ""meas_profile"": ""HP-7"", ""meas_id"": 7, ""hum"": 35.36677, ""gas_res"": 5684.846}, {""temp"": 20.62634, ""step"": 9, ""status"": 1, ""pres"": 966.6435, ""meas_profile"": ""HP-6"", ""meas_id"": 6, ""hum"": 35.2693, ""gas_res"": 6486.925}, {""temp"": 20.5208, ""step"": 9, ""status"": 1, ""pres"": 966.3157, ""meas_profile"": ""HP-5"", ""meas_id"": 5, ""hum"": 35.47165, ""gas_res"": 25000.0}, {""temp"": 20.17437, ""step"": 9, ""status"": 1, ""pres"": 966.5036, ""meas_profile"": ""HP-4"", ""meas_id"": 4, ""hum"": 35.06339, ""gas_res"": 25000.0}, {""temp"": 20.35172, ""step"": 9, ""status"": 1, ""pres"": 966.1389, ""meas_profile"": ""HP-3"", ""meas_id"": 3, ""hum"": 35.51438, ""gas_res"": 7410.838}, {""temp"": 20.22718, ""step"": 9, ""status"": 1, ""pres"": 966.2811, ""meas_profile"": ""HP-2"", ""meas_id"": 2, ""hum"": 35.83717, ""gas_res"": 8842.222}, {""temp"": 19.99027, ""step"": 9, ""status"": 1, ""pres"": 966.3828, ""meas_profile"": ""HP-1"", ""meas_id"": 1, ""hum"": 34.22451, ""gas_res"": 6836.146}]}",NULL,"2025-10-27 11:27:12.569119"
12321,"04a600b9b0b8","2025-10-27 11:26:19","rP1YOtUg6ZqB1CRjfpls","{""bme688"": [{""temp"": 20.59284, ""step"": 8, ""status"": 1, ""pres"": 966.3269, ""meas_profile"": ""HP-8"", ""meas_id"": 8, ""hum"": 35.51495, ""gas_res"": 5684.846}, {""temp"": 20.56409, ""step"": 8, ""status"": 1, ""pres"": 966.4998, ""meas_profile"": ""HP-7"", ""meas_id"": 7, ""hum"": 35.3892, ""gas_res"": 5684.846}, {""temp"": 20.62387, ""step"": 8, ""status"": 1, ""pres"": 966.6447, ""meas_profile"": ""HP-6"", ""meas_id"": 6, ""hum"": 35.27483, ""gas_res"": 6771.054}, {""temp"": 20.51861, ""step"": 8, ""status"": 1, ""pres"": 966.3154, ""meas_profile"": ""HP-5"", ""meas_id"": 5, ""hum"": 35.46576, ""gas_res"": 25000.0}, {""temp"": 20.17158, ""step"": 8, ""status"": 1, ""pres"": 966.5041, ""meas_profile"": ""HP-4"", ""meas_id"": 4, ""hum"": 35.06313, ""gas_res"": 25000.0}, {""temp"": 20.34894, ""step"": 8, ""status"": 1, ""pres"": 966.1395, ""meas_profile"": ""HP-3"", ""meas_id"": 3, ""hum"": 35.56025, ""gas_res"": 6673.618}, {""temp"": 20.22407, ""step"": 8, ""status"": 1, ""pres"": 966.2809, ""meas_profile"": ""HP-2"", ""meas_id"": 2, ""hum"": 35.84829, ""gas_res"": 8719.346}, {""temp"": 19.98715, ""step"": 8, ""status"": 1, ""pres"": 966.3834, ""meas_profile"": ""HP-1"", ""meas_id"": 1, ""hum"": 34.24178, ""gas_res"": 6814.31}]}",NULL,"2025-10-27 11:27:13.839381"
12322,"04a600b9b0b8","2025-10-27 11:26:19","rP1YOtUg6ZqB1CRjfpls","{""bme688"": [{""temp"": 20.59006, ""step"": 7, ""status"": 1, ""pres"": 966.3262, ""meas_profile"": ""HP-8"", ""meas_id"": 8, ""hum"": 35.50895, ""gas_res"": 5684.846}, {""temp"": 20.5616, ""step"": 7, ""status"": 1, ""pres"": 966.5008, ""meas_profile"": ""HP-7"", ""meas_id"": 7, ""hum"": 35.40032, ""gas_res"": 5684.846}, {""temp"": 20.62109, ""step"": 7, ""status"": 1, ""pres"": 966.6436, ""meas_profile"": ""HP-6"", ""meas_id"": 6, ""hum"": 35.27458, ""gas_res"": 6809.959}, {""temp"": 20.51642, ""step"": 7, ""status"": 1, ""pres"": 966.3152, ""meas_profile"": ""HP-5"", ""meas_id"": 5, ""hum"": 35.45417, ""gas_res"": 25000.0}, {""temp"": 20.16847, ""step"": 7, ""status"": 1, ""pres"": 966.5039, ""meas_profile"": ""HP-4"", ""meas_id"": 4, ""hum"": 35.06284, ""gas_res"": 25000.0}, {""temp"": 20.34585, ""step"": 7, ""status"": 1, ""pres"": 966.1412, ""meas_profile"": ""HP-3"", ""meas_id"": 3, ""hum"": 35.56573, ""gas_res"": 6160.955}, {""temp"": 20.22128, ""step"": 7, ""status"": 1, ""pres"": 966.2832, ""meas_profile"": ""HP-2"", ""meas_id"": 2, ""hum"": 35.86514, ""gas_res"": 8054.367}, {""temp"": 19.98373, ""step"": 7, ""status"": 1, ""pres"": 966.3834, ""meas_profile"": ""HP-1"", ""meas_id"": 1, ""hum"": 34.24147, ""gas_res"": 6397.441}]}",NULL,"2025-10-27 11:27:15.114688"
12323,"04a600b9b0b8","2025-10-27 11:26:19","rP1YOtUg6ZqB1CRjfpls","{""bme688"": [{""temp"": 20.58759, ""step"": 6, ""status"": 1, ""pres"": 966.3257, ""meas_profile"": ""HP-8"", ""meas_id"": 8, ""hum"": 35.50872, ""gas_res"": 9965.743}, {""temp"": 20.55912, ""step"": 6, ""status"": 1, ""pres"": 966.5, ""meas_profile"": ""HP-7"", ""meas_id"": 7, ""hum"": 35.38873, ""gas_res"": 15822.0}, {""temp"": 20.61893, ""step"": 6, ""status"": 1, ""pres"": 966.6454, ""meas_profile"": ""HP-6"", ""meas_id"": 6, ""hum"": 35.28588, ""gas_res"": 34261.24}, {""temp"": 20.51392, ""step"": 6, ""status"": 1, ""pres"": 966.3162, ""meas_profile"": ""HP-5"", ""meas_id"": 5, ""hum"": 35.46532, ""gas_res"": 141828.3}, {""temp"": 20.16568, ""step"": 6, ""status"": 1, ""pres"": 966.5045, ""meas_profile"": ""HP-4"", ""meas_id"": 4, ""hum"": 35.06258, ""gas_res"": 162953.5}, {""temp"": 20.34306, ""step"": 6, ""status"": 1, ""pres"": 966.1417, ""meas_profile"": ""HP-3"", ""meas_id"": 3, ""hum"": 35.55392, ""gas_res"": 100000.0}, {""temp"": 20.21817, ""step"": 6, ""status"": 1, ""pres"": 966.2833, ""meas_profile"": ""HP-2"", ""meas_id"": 2, ""hum"": 35.85914, ""gas_res"": 130445.9}, {""temp"": 19.98031, ""step"": 6, ""status"": 1, ""pres"": 966.3837, ""meas_profile"": ""HP-1"", ""meas_id"": 1, ""hum"": 34.24701, ""gas_res"": 100847.0}]}",NULL,"2025-10-27 11:27:16.487792"
12324,"04a600b9b0b8","2025-10-27 11:26:19","rP1YOtUg6ZqB1CRjfpls","{""bme688"": [{""temp"": 20.58512, ""step"": 5, ""status"": 1, ""pres"": 966.3271, ""meas_profile"": ""HP-8"", ""meas_id"": 8, ""hum"": 35.51423, ""gas_res"": 9882.644}, {""temp"": 20.55663, ""step"": 5, ""status"": 1, ""pres"": 966.5009, ""meas_profile"": ""HP-7"", ""meas_id"": 7, ""hum"": 35.39986, ""gas_res"": 15545.3}, {""temp"": 20.61677, ""step"": 5, ""status"": 1, ""pres"": 966.6454, ""meas_profile"": ""HP-6"", ""meas_id"": 6, ""hum"": 35.27993, ""gas_res"": 33880.36}, {""temp"": 20.51173, ""step"": 5, ""status"": 1, ""pres"": 966.3159, ""meas_profile"": ""HP-5"", ""meas_id"": 5, ""hum"": 35.4708, ""gas_res"": 140427.9}, {""temp"": 20.16257, ""step"": 5, ""status"": 1, ""pres"": 966.5059, ""meas_profile"": ""HP-4"", ""meas_id"": 4, ""hum"": 35.06806, ""gas_res"": 161412.4}, {""temp"": 20.33997, ""step"": 5, ""status"": 1, ""pres"": 966.1434, ""meas_profile"": ""HP-3"", ""meas_id"": 3, ""hum"": 35.56517, ""gas_res"": 100000.0}, {""temp"": 20.21476, ""step"": 5, ""status"": 1, ""pres"": 966.2842, ""meas_profile"": ""HP-2"", ""meas_id"": 2, ""hum"": 35.85881, ""gas_res"": 124091.1}, {""temp"": 19.97688, ""step"": 5, ""status"": 1, ""pres"": 966.3839, ""meas_profile"": ""HP-1"", ""meas_id"": 1, ""hum"": 34.24669, ""gas_res"": 95380.03}]}",NULL,"2025-10-27 11:27:17.679985"
12325,"04a600b9b0b8","2025-10-27 11:26:19","rP1YOtUg6ZqB1CRjfpls","{""bme688"": [{""temp"": 20.58265, ""step"": 4, ""status"": 1, ""pres"": 966.3267, ""meas_profile"": ""HP-8"", ""meas_id"": 8, ""hum"": 35.52549, ""gas_res"": 9676.444}, {""temp"": 20.55415, ""step"": 4, ""status"": 1, ""pres"": 966.502, ""meas_profile"": ""HP-7"", ""meas_id"": 7, ""hum"": 35.38827, ""gas_res"": 15289.06}, {""temp"": 20.6143, ""step"": 4, ""status"": 1, ""pres"": 966.6448, ""meas_profile"": ""HP-6"", ""meas_id"": 6, ""hum"": 35.29697, ""gas_res"": 33586.98}, {""temp"": 20.50923, ""step"": 4, ""status"": 1, ""pres"": 966.317, ""meas_profile"": ""HP-5"", ""meas_id"": 5, ""hum"": 35.47626, ""gas_res"": 140543.5}, {""temp"": 20.15977, ""step"": 4, ""status"": 1, ""pres"": 966.5062, ""meas_profile"": ""HP-4"", ""meas_id"": 4, ""hum"": 35.09085, ""gas_res"": 164207.8}, {""temp"": 20.33719, ""step"": 4, ""status"": 1, ""pres"": 966.1437, ""meas_profile"": ""HP-3"", ""meas_id"": 3, ""hum"": 35.56491, ""gas_res"": 90172.59}, {""temp"": 20.21134, ""step"": 4, ""status"": 1, ""pres"": 966.2837, ""meas_profile"": ""HP-2"", ""meas_id"": 2, ""hum"": 35.85849, ""gas_res"": 118738.4}, {""temp"": 19.97377, ""step"": 4, ""status"": 1, ""pres"": 966.3845, ""meas_profile"": ""HP-1"", ""meas_id"": 1, ""hum"": 34.25227, ""gas_res"": 100000.0}]}",NULL,"2025-10-27 11:27:18.948316"
12326,"04a600b9b0b8","2025-10-27 11:26:19","rP1YOtUg6ZqB1CRjfpls","{""bme688"": [{""temp"": 20.57987, ""step"": 3, ""status"": 1, ""pres"": 966.326, ""meas_profile"": ""HP-8"", ""meas_id"": 8, ""hum"": 35.53671, ""gas_res"": 9809.933}, {""temp"": 20.55167, ""step"": 3, ""status"": 1, ""pres"": 966.501, ""meas_profile"": ""HP-7"", ""meas_id"": 7, ""hum"": 35.41074, ""gas_res"": 12613.32}, {""temp"": 20.61183, ""step"": 3, ""status"": 1, ""pres"": 966.6459, ""meas_profile"": ""HP-6"", ""meas_id"": 6, ""hum"": 35.29099, ""gas_res"": 32266.2}, {""temp"": 20.50673, ""step"": 3, ""status"": 1, ""pres"": 966.3162, ""meas_profile"": ""HP-5"", ""meas_id"": 5, ""hum"": 35.50449, ""gas_res"": 71748.88}, {""temp"": 20.15636, ""step"": 3, ""status"": 1, ""pres"": 966.5074, ""meas_profile"": ""HP-4"", ""meas_id"": 4, ""hum"": 35.08477, ""gas_res"": 120925.8}, {""temp"": 20.33379, ""step"": 3, ""status"": 1, ""pres"": 966.1449, ""meas_profile"": ""HP-3"", ""meas_id"": 3, ""hum"": 35.58766, ""gas_res"": 61376.17}, {""temp"": 20.20792, ""step"": 3, ""status"": 1, ""pres"": 966.2848, ""meas_profile"": ""HP-2"", ""meas_id"": 2, ""hum"": 35.86958, ""gas_res"": 107653.5}, {""temp"": 19.97035, ""step"": 3, ""status"": 1, ""pres"": 966.3845, ""meas_profile"": ""HP-1"", ""meas_id"": 1, ""hum"": 34.26951, ""gas_res"": 78335.38}]}",NULL,"2025-10-27 11:27:20.246475"
12327,"04a600b9b0b8","2025-10-27 11:26:19","rP1YOtUg6ZqB1CRjfpls","{""bme688"": [{""temp"": 20.5774, ""step"": 2, ""status"": 1, ""pres"": 966.3256, ""meas_profile"": ""HP-8"", ""meas_id"": 8, ""hum"": 35.55947, ""gas_res"": 24729.52}, {""temp"": 20.54949, ""step"": 2, ""status"": 1, ""pres"": 966.5026, ""meas_profile"": ""HP-7"", ""meas_id"": 7, ""hum"": 35.40486, ""gas_res"": 36086.83}, {""temp"": 20.60936, ""step"": 2, ""status"": 1, ""pres"": 966.6454, ""meas_profile"": ""HP-6"", ""meas_id"": 6, ""hum"": 35.30227, ""gas_res"": 152064.2}, {""temp"": 20.50423, ""step"": 2, ""status"": 1, ""pres"": 966.3155, ""meas_profile"": ""HP-5"", ""meas_id"": 5, ""hum"": 35.49857, ""gas_res"": 502947.0}, {""temp"": 20.15294, ""step"": 2, ""status"": 1, ""pres"": 966.5067, ""meas_profile"": ""HP-4"", ""meas_id"": 4, ""hum"": 35.08445, ""gas_res"": 814962.2}, {""temp"": 20.33069, ""step"": 2, ""status"": 1, ""pres"": 966.145, ""meas_profile"": ""HP-3"", ""meas_id"": 3, ""hum"": 35.60468, ""gas_res"": 352495.7}, {""temp"": 20.20482, ""step"": 2, ""status"": 1, ""pres"": 966.2866, ""meas_profile"": ""HP-2"", ""meas_id"": 2, ""hum"": 35.8807, ""gas_res"": 620418.1}, {""temp"": 19.96724, ""step"": 2, ""status"": 1, ""pres"": 966.3853, ""meas_profile"": ""HP-1"", ""meas_id"": 1, ""hum"": 34.25752, ""gas_res"": 448140.0}]}",NULL,"2025-10-27 11:27:21.617112"
12328,"04a600b9b0b8","2025-10-27 11:26:19","rP1YOtUg6ZqB1CRjfpls","{""bme688"": [{""temp"": 20.57493, ""step"": 1, ""status"": 1, ""pres"": 966.327, ""meas_profile"": ""HP-8"", ""meas_id"": 8, ""hum"": 35.542, ""gas_res"": 6340.4}, {""temp"": 20.54701, ""step"": 1, ""status"": 1, ""pres"": 966.502, ""meas_profile"": ""HP-7"", ""meas_id"": 7, ""hum"": 35.42735, ""gas_res"": 7928.642}, {""temp"": 20.60689, ""step"": 1, ""status"": 1, ""pres"": 966.6467, ""meas_profile"": ""HP-6"", ""meas_id"": 6, ""hum"": 35.29628, ""gas_res"": 25000.0}, {""temp"": 20.50204, ""step"": 1, ""status"": 1, ""pres"": 966.317, ""meas_profile"": ""HP-5"", ""meas_id"": 5, ""hum"": 35.49266, ""gas_res"": 37780.4}, {""temp"": 20.15014, ""step"": 1, ""status"": 1, ""pres"": 966.5071, ""meas_profile"": ""HP-4"", ""meas_id"": 4, ""hum"": 35.09572, ""gas_res"": 41939.71}, {""temp"": 20.3276, ""step"": 1, ""status"": 1, ""pres"": 966.1451, ""meas_profile"": ""HP-3"", ""meas_id"": 3, ""hum"": 35.58708, ""gas_res"": 24587.02}, {""temp"": 20.20171, ""step"": 1, ""status"": 1, ""pres"": 966.2865, ""meas_profile"": ""HP-2"", ""meas_id"": 2, ""hum"": 35.8804, ""gas_res"": 35457.06}, {""temp"": 19.96412, ""step"": 1, ""status"": 1, ""pres"": 966.3859, ""meas_profile"": ""HP-1"", ""meas_id"": 1, ""hum"": 34.2748, ""gas_res"": 26042.73}]}",NULL,"2025-10-27 11:27:22.78544"
12329,"04a600b9b0b8","2025-10-27 11:26:19","rP1YOtUg6ZqB1CRjfpls","{""bme688"": [{""temp"": 20.57215, ""step"": 0, ""status"": 1, ""pres"": 966.3261, ""meas_profile"": ""HP-8"", ""meas_id"": 8, ""hum"": 35.55898, ""gas_res"": 5684.846}, {""temp"": 20.54421, ""step"": 0, ""status"": 1, ""pres"": 966.5023, ""meas_profile"": ""HP-7"", ""meas_id"": 7, ""hum"": 35.4214, ""gas_res"": 5684.846}, {""temp"": 20.60442, ""step"": 0, ""status"": 1, ""pres"": 966.6462, ""meas_profile"": ""HP-6"", ""meas_id"": 6, ""hum"": 35.30757, ""gas_res"": 6818.666}, {""temp"": 20.49954, ""step"": 0, ""status"": 1, ""pres"": 966.3162, ""meas_profile"": ""HP-5"", ""meas_id"": 5, ""hum"": 35.50951, ""gas_res"": 25000.0}, {""temp"": 20.14704, ""step"": 0, ""status"": 1, ""pres"": 966.5087, ""meas_profile"": ""HP-4"", ""meas_id"": 4, ""hum"": 35.07814, ""gas_res"": 25000.0}, {""temp"": 20.32451, ""step"": 0, ""status"": 1, ""pres"": 966.1468, ""meas_profile"": ""HP-3"", ""meas_id"": 3, ""hum"": 35.60986, ""gas_res"": 8030.113}, {""temp"": 20.19861, ""step"": 0, ""status"": 1, ""pres"": 966.2864, ""meas_profile"": ""HP-2"", ""meas_id"": 2, ""hum"": 35.91434, ""gas_res"": 7400.555}, {""temp"": 19.9607, ""step"": 0, ""status"": 1, ""pres"": 966.3861, ""meas_profile"": ""HP-1"", ""meas_id"": 1, ""hum"": 34.26864, ""gas_res"": 8403.361}]}",NULL,"2025-10-27 11:27:24.073705"
12330,"04a600b9b0b8","2025-10-27 11:25:01","rP1YOtUg6ZqB1CRjfpls","{""zphs01b"": {""voc"": 0, ""temp"": 18.5, ""pm2_5"": 0, ""pm1_0"": 0, ""pm10"": 360, ""o3"": 0.02, ""no2"": 10.0, ""hum"": 0, ""fmhd"": 0, ""co2"": 5000, ""co"": 0.0}, ""smell_b"": {}, ""sfa30"": {""temp"": 20.855, ""hum"": 35.91, ""fmhd"": 0.6}, ""sen5x"": {""voc"": 103.0, ""temp"": 20.88, ""pm4_0"": 4522.7, ""pm2_5"": 4522.7, ""pm1_0"": 4312.7, ""pm10"": 4522.7, ""nox"": 1.0, ""mass_c"": 4470.2, ""hum"": 40.83}, ""scd41"": {""temp"": 20.14267, ""hum"": 38.42069, ""co2"": 583}, ""power_source"": 0, ""mics6814"": {""red_res"": 0, ""no2_res"": 0, ""no2"": 0.17, ""nh3_res"": 0, ""nh3"": 0.73, ""co_res"": 0, ""co"": 44.0}}",NULL,"2025-10-27 11:27:25.243948"
12331,"04a600b9b0b8","2025-10-27 11:25:01","rP1YOtUg6ZqB1CRjfpls","{""bme688"": [{""temp"": 20.56968, ""step"": 9, ""status"": 1, ""pres"": 966.3256, ""meas_profile"": ""HP-8"", ""meas_id"": 8, ""hum"": 35.57024, ""gas_res"": 5684.846}, {""temp"": 20.54142, ""step"": 9, ""status"": 1, ""pres"": 966.501, ""meas_profile"": ""HP-7"", ""meas_id"": 7, ""hum"": 35.4325, ""gas_res"": 5684.846}, {""temp"": 20.60195, ""step"": 9, ""status"": 1, ""pres"": 966.6456, ""meas_profile"": ""HP-6"", ""meas_id"": 6, ""hum"": 35.33038, ""gas_res"": 5928.122}, {""temp"": 20.49735, ""step"": 9, ""status"": 1, ""pres"": 966.316, ""meas_profile"": ""HP-5"", ""meas_id"": 5, ""hum"": 35.52639, ""gas_res"": 25000.0}, {""temp"": 20.14393, ""step"": 9, ""status"": 1, ""pres"": 966.5085, ""meas_profile"": ""HP-4"", ""meas_id"": 4, ""hum"": 35.1182, ""gas_res"": 25000.0}, {""temp"": 20.32111, ""step"": 9, ""status"": 1, ""pres"": 966.1462, ""meas_profile"": ""HP-3"", ""meas_id"": 3, ""hum"": 35.62685, ""gas_res"": 6240.25}, {""temp"": 20.1955, ""step"": 9, ""status"": 1, ""pres"": 966.288, ""meas_profile"": ""HP-2"", ""meas_id"": 2, ""hum"": 35.94258, ""gas_res"": 7309.273}, {""temp"": 19.95728, ""step"": 9, ""status"": 1, ""pres"": 966.3861, ""meas_profile"": ""HP-1"", ""meas_id"": 1, ""hum"": 34.31515, ""gas_res"": 5869.406}]}",NULL,"2025-10-27 11:27:26.727553"
12332,"04a600b9b0b8","2025-10-27 11:25:01","rP1YOtUg6ZqB1CRjfpls","{""bme688"": [{""temp"": 20.5672, ""step"": 8, ""status"": 1, ""pres"": 966.3254, ""meas_profile"": ""HP-8"", ""meas_id"": 8, ""hum"": 35.57575, ""gas_res"": 5684.846}, {""temp"": 20.53925, ""step"": 8, ""status"": 1, ""pres"": 966.5026, ""meas_profile"": ""HP-7"", ""meas_id"": 7, ""hum"": 35.46071, ""gas_res"": 5684.846}, {""temp"": 20.59948, ""step"": 8, ""status"": 1, ""pres"": 966.6451, ""meas_profile"": ""HP-6"", ""meas_id"": 6, ""hum"": 35.33591, ""gas_res"": 6178.799}, {""temp"": 20.49547, ""step"": 8, ""status"": 1, ""pres"": 966.3162, ""meas_profile"": ""HP-5"", ""meas_id"": 5, ""hum"": 35.52621, ""gas_res"": 25000.0}, {""temp"": 20.14145, ""step"": 8, ""status"": 1, ""pres"": 966.5095, ""meas_profile"": ""HP-4"", ""meas_id"": 4, ""hum"": 35.13527, ""gas_res"": 22448.26}, {""temp"": 20.31832, ""step"": 8, ""status"": 1, ""pres"": 966.1468, ""meas_profile"": ""HP-3"", ""meas_id"": 3, ""hum"": 35.63812, ""gas_res"": 7818.226}, {""temp"": 20.19271, ""step"": 8, ""status"": 1, ""pres"": 966.2886, ""meas_profile"": ""HP-2"", ""meas_id"": 2, ""hum"": 35.9252, ""gas_res"": 7020.623}, {""temp"": 19.95417, ""step"": 8, ""status"": 1, ""pres"": 966.3868, ""meas_profile"": ""HP-1"", ""meas_id"": 1, ""hum"": 34.31487, ""gas_res"": 8177.869}]}",NULL,"2025-10-27 11:27:27.91955"
12333,"04a600b9b0b8","2025-10-27 11:25:01","rP1YOtUg6ZqB1CRjfpls","{""bme688"": [{""temp"": 20.56473, ""step"": 7, ""status"": 1, ""pres"": 966.3251, ""meas_profile"": ""HP-8"", ""meas_id"": 8, ""hum"": 35.59276, ""gas_res"": 5684.846}, {""temp"": 20.53676, ""step"": 7, ""status"": 1, ""pres"": 966.5017, ""meas_profile"": ""HP-7"", ""meas_id"": 7, ""hum"": 35.45479, ""gas_res"": 5684.846}, {""temp"": 20.59732, ""step"": 7, ""status"": 1, ""pres"": 966.6451, ""meas_profile"": ""HP-6"", ""meas_id"": 6, ""hum"": 35.36451, ""gas_res"": 6332.872}, {""temp"": 20.49328, ""step"": 7, ""status"": 1, ""pres"": 966.3161, ""meas_profile"": ""HP-5"", ""meas_id"": 5, ""hum"": 35.54309, ""gas_res"": 25000.0}, {""temp"": 20.13865, ""step"": 7, ""status"": 1, ""pres"": 966.5098, ""meas_profile"": ""HP-4"", ""meas_id"": 4, ""hum"": 35.13501, ""gas_res"": 19565.88}, {""temp"": 20.31523, ""step"": 7, ""status"": 1, ""pres"": 966.1467, ""meas_profile"": ""HP-3"", ""meas_id"": 3, ""hum"": 35.63783, ""gas_res"": 6875.806}, {""temp"": 20.1896, ""step"": 7, ""status"": 1, ""pres"": 966.2885, ""meas_profile"": ""HP-2"", ""meas_id"": 2, ""hum"": 35.95914, ""gas_res"": 6494.824}, {""temp"": 19.95105, ""step"": 7, ""status"": 1, ""pres"": 966.3875, ""meas_profile"": ""HP-1"", ""meas_id"": 1, ""hum"": 34.31458, ""gas_res"": 7349.563}]}",NULL,"2025-10-27 11:27:29.207559"
12334,"04a600b9b0b8","2025-10-27 11:25:01","rP1YOtUg6ZqB1CRjfpls","{""bme688"": [{""temp"": 20.56257, ""step"": 6, ""status"": 1, ""pres"": 966.3251, ""meas_profile"": ""HP-8"", ""meas_id"": 8, ""hum"": 35.59256, ""gas_res"": 10059.73}, {""temp"": 20.53459, ""step"": 6, ""status"": 1, ""pres"": 966.5016, ""meas_profile"": ""HP-7"", ""meas_id"": 7, ""hum"": 35.46595, ""gas_res"": 15740.29}, {""temp"": 20.59516, ""step"": 6, ""status"": 1, ""pres"": 966.645, ""meas_profile"": ""HP-6"", ""meas_id"": 6, ""hum"": 35.34126, ""gas_res"": 30710.17}, {""temp"": 20.49109, ""step"": 6, ""status"": 1, ""pres"": 966.3158, ""meas_profile"": ""HP-5"", ""meas_id"": 5, ""hum"": 35.55427, ""gas_res"": 116231.6}, {""temp"": 20.13555, ""step"": 6, ""status"": 1, ""pres"": 966.5096, ""meas_profile"": ""HP-4"", ""meas_id"": 4, ""hum"": 35.13472, ""gas_res"": 123373.5}, {""temp"": 20.31245, ""step"": 6, ""status"": 1, ""pres"": 966.1472, ""meas_profile"": ""HP-3"", ""meas_id"": 3, ""hum"": 35.65488, ""gas_res"": 43700.92}, {""temp"": 20.18681, ""step"": 6, ""status"": 1, ""pres"": 966.289, ""meas_profile"": ""HP-2"", ""meas_id"": 2, ""hum"": 35.95318, ""gas_res"": 100000.0}, {""temp"": 19.94825, ""step"": 6, ""status"": 1, ""pres"": 966.3886, ""meas_profile"": ""HP-1"", ""meas_id"": 1, ""hum"": 34.32018, ""gas_res"": 91624.91}]}",NULL,"2025-10-27 11:27:30.479228"
12335,"04a600b9b0b8","2025-10-27 11:25:01","rP1YOtUg6ZqB1CRjfpls","{""bme688"": [{""temp"": 20.56072, ""step"": 5, ""status"": 1, ""pres"": 966.3259, ""meas_profile"": ""HP-8"", ""meas_id"": 8, ""hum"": 35.58089, ""gas_res"": 10012.52}, {""temp"": 20.53241, ""step"": 5, ""status"": 1, ""pres"": 966.5013, ""meas_profile"": ""HP-7"", ""meas_id"": 7, ""hum"": 35.47142, ""gas_res"": 15647.92}, {""temp"": 20.59331, ""step"": 5, ""status"": 1, ""pres"": 966.6456, ""meas_profile"": ""HP-6"", ""meas_id"": 6, ""hum"": 35.35838, ""gas_res"": 30556.22}, {""temp"": 20.4889, ""step"": 5, ""status"": 1, ""pres"": 966.3139, ""meas_profile"": ""HP-5"", ""meas_id"": 5, ""hum"": 35.52559, ""gas_res"": 116152.5}, {""temp"": 20.13275, ""step"": 5, ""status"": 1, ""pres"": 966.5101, ""meas_profile"": ""HP-4"", ""meas_id"": 4, ""hum"": 35.15176, ""gas_res"": 121962.8}, {""temp"": 20.30967, ""step"": 5, ""status"": 1, ""pres"": 966.1477, ""meas_profile"": ""HP-3"", ""meas_id"": 3, ""hum"": 35.63731, ""gas_res"": 41250.4}, {""temp"": 20.18401, ""step"": 5, ""status"": 1, ""pres"": 966.2911, ""meas_profile"": ""HP-2"", ""meas_id"": 2, ""hum"": 35.93579, ""gas_res"": 100000.0}, {""temp"": 19.94514, ""step"": 5, ""status"": 1, ""pres"": 966.389, ""meas_profile"": ""HP-1"", ""meas_id"": 1, ""hum"": 34.3199, ""gas_res"": 85049.84}]}",NULL,"2025-10-27 11:27:31.853475"
12336,"04a600b9b0b8","2025-10-27 11:25:01","rP1YOtUg6ZqB1CRjfpls","{""bme688"": [{""temp"": 20.55856, ""step"": 4, ""status"": 1, ""pres"": 966.3259, ""meas_profile"": ""HP-8"", ""meas_id"": 8, ""hum"": 35.59218, ""gas_res"": 9947.155}, {""temp"": 20.53055, ""step"": 4, ""status"": 1, ""pres"": 966.5016, ""meas_profile"": ""HP-7"", ""meas_id"": 7, ""hum"": 35.47125, ""gas_res"": 15522.68}, {""temp"": 20.59115, ""step"": 4, ""status"": 1, ""pres"": 966.6456, ""meas_profile"": ""HP-6"", ""meas_id"": 6, ""hum"": 35.36969, ""gas_res"": 30556.22}, {""temp"": 20.48672, ""step"": 4, ""status"": 1, ""pres"": 966.3136, ""meas_profile"": ""HP-5"", ""meas_id"": 5, ""hum"": 35.53108, ""gas_res"": 116469.5}, {""temp"": 20.12964, ""step"": 4, ""status"": 1, ""pres"": 966.5101, ""meas_profile"": ""HP-4"", ""meas_id"": 4, ""hum"": 35.15147, ""gas_res"": 122224.9}, {""temp"": 20.30719, ""step"": 4, ""status"": 1, ""pres"": 966.1487, ""meas_profile"": ""HP-3"", ""meas_id"": 3, ""hum"": 35.66593, ""gas_res"": 38426.9}, {""temp"": 20.18091, ""step"": 4, ""status"": 1, ""pres"": 966.2912, ""meas_profile"": ""HP-2"", ""meas_id"": 2, ""hum"": 35.95832, ""gas_res"": 100000.0}, {""temp"": 19.94234, ""step"": 4, ""status"": 1, ""pres"": 966.3903, ""meas_profile"": ""HP-1"", ""meas_id"": 1, ""hum"": 34.31965, ""gas_res"": 46059.73}]}",NULL,"2025-10-27 11:27:33.048247"
12337,"04a600b9b0b8","2025-10-27 11:25:01","rP1YOtUg6ZqB1CRjfpls","{""bme688"": [{""temp"": 20.55639, ""step"": 3, ""status"": 1, ""pres"": 966.326, ""meas_profile"": ""HP-8"", ""meas_id"": 8, ""hum"": 35.61496, ""gas_res"": 17116.88}, {""temp"": 20.52806, ""step"": 3, ""status"": 1, ""pres"": 966.5009, ""meas_profile"": ""HP-7"", ""meas_id"": 7, ""hum"": 35.49374, ""gas_res"": 23818.38}, {""temp"": 20.58899, ""step"": 3, ""status"": 1, ""pres"": 966.6456, ""meas_profile"": ""HP-6"", ""meas_id"": 6, ""hum"": 35.36373, ""gas_res"": 64581.23}, {""temp"": 20.48421, ""step"": 3, ""status"": 1, ""pres"": 966.313, ""meas_profile"": ""HP-5"", ""meas_id"": 5, ""hum"": 35.54793, ""gas_res"": 162179.3}, {""temp"": 20.12654, ""step"": 3, ""status"": 1, ""pres"": 966.5099, ""meas_profile"": ""HP-4"", ""meas_id"": 4, ""hum"": 35.18001, ""gas_res"": 229802.5}, {""temp"": 20.3041, ""step"": 3, ""status"": 1, ""pres"": 966.1505, ""meas_profile"": ""HP-3"", ""meas_id"": 3, ""hum"": 35.67718, ""gas_res"": 109378.3}, {""temp"": 20.1778, ""step"": 3, ""status"": 1, ""pres"": 966.2927, ""meas_profile"": ""HP-2"", ""meas_id"": 2, ""hum"": 35.95233, ""gas_res"": 190547.1}, {""temp"": 19.93892, ""step"": 3, ""status"": 1, ""pres"": 966.3906, ""meas_profile"": ""HP-1"", ""meas_id"": 1, ""hum"": 34.35447, ""gas_res"": 138828.6}]}",NULL,"2025-10-27 11:27:34.310659"
12338,"04a600b9b0b8","2025-10-27 11:25:01","rP1YOtUg6ZqB1CRjfpls","{""bme688"": [{""temp"": 20.55423, ""step"": 2, ""status"": 1, ""pres"": 966.3262, ""meas_profile"": ""HP-8"", ""meas_id"": 8, ""hum"": 35.61477, ""gas_res"": 27807.95}, {""temp"": 20.5262, ""step"": 2, ""status"": 1, ""pres"": 966.5012, ""meas_profile"": ""HP-7"", ""meas_id"": 7, ""hum"": 35.48789, ""gas_res"": 40353.09}, {""temp"": 20.58652, ""step"": 2, ""status"": 1, ""pres"": 966.645, ""meas_profile"": ""HP-6"", ""meas_id"": 6, ""hum"": 35.38078, ""gas_res"": 148362.8}, {""temp"": 20.48203, ""step"": 2, ""status"": 1, ""pres"": 966.3127, ""meas_profile"": ""HP-5"", ""meas_id"": 5, ""hum"": 35.5705, ""gas_res"": 443482.0}, {""temp"": 20.12343, ""step"": 2, ""status"": 1, ""pres"": 966.5081, ""meas_profile"": ""HP-4"", ""meas_id"": 4, ""hum"": 35.17395, ""gas_res"": 561249.7}, {""temp"": 20.30101, ""step"": 2, ""status"": 1, ""pres"": 966.1505, ""meas_profile"": ""HP-3"", ""meas_id"": 3, ""hum"": 35.68843, ""gas_res"": 246925.5}, {""temp"": 20.1747, ""step"": 2, ""status"": 1, ""pres"": 966.2927, ""meas_profile"": ""HP-2"", ""meas_id"": 2, ""hum"": 35.96344, ""gas_res"": 423402.9}, {""temp"": 19.93581, ""step"": 2, ""status"": 1, ""pres"": 966.3892, ""meas_profile"": ""HP-1"", ""meas_id"": 1, ""hum"": 34.35418, ""gas_res"": 313341.5}]}",NULL,"2025-10-27 11:27:35.611266"
12339,"04a600b9b0b8","2025-10-27 11:25:01","rP1YOtUg6ZqB1CRjfpls","{""bme688"": [{""temp"": 20.55207, ""step"": 1, ""status"": 1, ""pres"": 966.3262, ""meas_profile"": ""HP-8"", ""meas_id"": 8, ""hum"": 35.62031, ""gas_res"": 6749.631}, {""temp"": 20.52403, ""step"": 1, ""status"": 1, ""pres"": 966.5009, ""meas_profile"": ""HP-7"", ""meas_id"": 7, ""hum"": 35.51041, ""gas_res"": 8344.198}, {""temp"": 20.58467, ""step"": 1, ""status"": 1, ""pres"": 966.6453, ""meas_profile"": ""HP-6"", ""meas_id"": 6, ""hum"": 35.36909, ""gas_res"": 25000.0}, {""temp"": 20.47984, ""step"": 1, ""status"": 1, ""pres"": 966.3126, ""meas_profile"": ""HP-5"", ""meas_id"": 5, ""hum"": 35.5703, ""gas_res"": 32761.71}, {""temp"": 20.12095, ""step"": 1, ""status"": 1, ""pres"": 966.509, ""meas_profile"": ""HP-4"", ""meas_id"": 4, ""hum"": 35.16796, ""gas_res"": 32862.64}, {""temp"": 20.29853, ""step"": 1, ""status"": 1, ""pres"": 966.1516, ""meas_profile"": ""HP-3"", ""meas_id"": 3, ""hum"": 35.69397, ""gas_res"": 25000.0}, {""temp"": 20.17159, ""step"": 1, ""status"": 1, ""pres"": 966.2927, ""meas_profile"": ""HP-2"", ""meas_id"": 2, ""hum"": 35.97457, ""gas_res"": 25900.45}, {""temp"": 19.933, ""step"": 1, ""status"": 1, ""pres"": 966.3904, ""meas_profile"": ""HP-1"", ""meas_id"": 1, ""hum"": 34.34221, ""gas_res"": 25000.0}]}",NULL,"2025-10-27 11:27:36.960727"
12340,"04a600b9b0b8","2025-10-27 11:25:01","rP1YOtUg6ZqB1CRjfpls","{""bme688"": [{""temp"": 20.5496, ""step"": 0, ""status"": 1, ""pres"": 966.3259, ""meas_profile"": ""HP-8"", ""meas_id"": 8, ""hum"": 35.61433, ""gas_res"": 5684.846}, {""temp"": 20.52185, ""step"": 0, ""status"": 1, ""pres"": 966.5005, ""meas_profile"": ""HP-7"", ""meas_id"": 7, ""hum"": 35.49316, ""gas_res"": 5684.846}, {""temp"": 20.5825, ""step"": 0, ""status"": 1, ""pres"": 966.6437, ""meas_profile"": ""HP-6"", ""meas_id"": 6, ""hum"": 35.38617, ""gas_res"": 6911.447}, {""temp"": 20.47796, ""step"": 0, ""status"": 1, ""pres"": 966.3127, ""meas_profile"": ""HP-5"", ""meas_id"": 5, ""hum"": 35.57582, ""gas_res"": 25000.0}, {""temp"": 20.11815, ""step"": 0, ""status"": 1, ""pres"": 966.5111, ""meas_profile"": ""HP-4"", ""meas_id"": 4, ""hum"": 35.185, ""gas_res"": 19968.8}, {""temp"": 20.29544, ""step"": 0, ""status"": 1, ""pres"": 966.1515, ""meas_profile"": ""HP-3"", ""meas_id"": 3, ""hum"": 35.69946, ""gas_res"": 6374.502}, {""temp"": 20.16849, ""step"": 0, ""status"": 1, ""pres"": 966.2927, ""meas_profile"": ""HP-2"", ""meas_id"": 2, ""hum"": 35.96857, ""gas_res"": 6015.038}, {""temp"": 19.92989, ""step"": 0, ""status"": 1, ""pres"": 966.3911, ""meas_profile"": ""HP-1"", ""meas_id"": 1, ""hum"": 34.34779, ""gas_res"": 7034.513}]}",NULL,"2025-10-27 11:27:38.158495"
12341,"04a600b9b0b8","2025-10-27 11:27:50","rP1YOtUg6ZqB1CRjfpls","{""zphs01b"": {""voc"": 0, ""temp"": 18.7, ""pm2_5"": 0, ""pm1_0"": 0, ""pm10"": 372, ""o3"": 0.02, ""no2"": 10.0, ""hum"": 0, ""fmhd"": 0, ""co2"": 5000, ""co"": 0.0}, ""smell_b"": {}, ""sfa30"": {""temp"": 20.945, ""hum"": 36.04, ""fmhd"": 1.0}, ""sen5x"": {""voc"": 96.0, ""temp"": 20.8, ""pm4_0"": 4403.0, ""pm2_5"": 4403.0, ""pm1_0"": 4198.5, ""pm10"": 4403.0, ""nox"": 1.0, ""mass_c"": 4351.875, ""hum"": 41.44}, ""scd41"": {""temp"": 20.47646, ""hum"": 38.23911, ""co2"": 587}, ""power_source"": 0, ""mics6814"": {""red_res"": 0, ""no2_res"": 0, ""no2"": 0.17, ""nh3_res"": 0, ""nh3"": 0.73, ""co_res"": 0, ""co"": 44.0}}",NULL,"2025-10-27 11:28:42.326287"
12342,"04a600b9b0b8","2025-10-27 11:27:50","rP1YOtUg6ZqB1CRjfpls","{""bme688"": [{""temp"": 20.65121, ""step"": 9, ""status"": 1, ""pres"": 966.32, ""meas_profile"": ""HP-8"", ""meas_id"": 8, ""hum"": 35.50896, ""gas_res"": 5684.846}, {""temp"": 20.62309, ""step"": 9, ""status"": 1, ""pres"": 966.4963, ""meas_profile"": ""HP-7"", ""meas_id"": 7, ""hum"": 35.36066, ""gas_res"": 5684.846}, {""temp"": 20.67943, ""step"": 9, ""status"": 1, ""pres"": 966.6356, ""meas_profile"": ""HP-6"", ""meas_id"": 6, ""hum"": 35.26276, ""gas_res"": 7354.631}, {""temp"": 20.5724, ""step"": 9, ""status"": 1, ""pres"": 966.3094, ""meas_profile"": ""HP-5"", ""meas_id"": 5, ""hum"": 35.42527, ""gas_res"": 25000.0}, {""temp"": 20.24084, ""step"": 9, ""status"": 1, ""pres"": 966.4931, ""meas_profile"": ""HP-4"", ""meas_id"": 4, ""hum"": 34.9716, ""gas_res"": 25000.0}, {""temp"": 20.4179, ""step"": 9, ""status"": 1, ""pres"": 966.1239, ""meas_profile"": ""HP-3"", ""meas_id"": 3, ""hum"": 35.50905, ""gas_res"": 9864.365}, {""temp"": 20.29549, ""step"": 9, ""status"": 1, ""pres"": 966.2634, ""meas_profile"": ""HP-2"", ""meas_id"": 2, ""hum"": 35.75808, ""gas_res"": 11355.57}, {""temp"": 20.05935, ""step"": 9, ""status"": 1, ""pres"": 966.3696, ""meas_profile"": ""HP-1"", ""meas_id"": 1, ""hum"": 34.15472, ""gas_res"": 9264.621}]}",NULL,"2025-10-27 11:28:43.534216"
12343,"04a600b9b0b8","2025-10-27 11:27:50","rP1YOtUg6ZqB1CRjfpls","{""bme688"": [{""temp"": 20.64843, ""step"": 8, ""status"": 1, ""pres"": 966.3209, ""meas_profile"": ""HP-8"", ""meas_id"": 8, ""hum"": 35.50295, ""gas_res"": 5684.846}, {""temp"": 20.61998, ""step"": 8, ""status"": 1, ""pres"": 966.4963, ""meas_profile"": ""HP-7"", ""meas_id"": 7, ""hum"": 35.38876, ""gas_res"": 5684.846}, {""temp"": 20.67697, ""step"": 8, ""status"": 1, ""pres"": 966.6353, ""meas_profile"": ""HP-6"", ""meas_id"": 6, ""hum"": 35.2798, ""gas_res"": 7650.012}, {""temp"": 20.57021, ""step"": 8, ""status"": 1, ""pres"": 966.3092, ""meas_profile"": ""HP-5"", ""meas_id"": 5, ""hum"": 35.44214, ""gas_res"": 25000.0}, {""temp"": 20.23774, ""step"": 8, ""status"": 1, ""pres"": 966.4946, ""meas_profile"": ""HP-4"", ""meas_id"": 4, ""hum"": 35.00011, ""gas_res"": 25000.0}, {""temp"": 20.4148, ""step"": 8, ""status"": 1, ""pres"": 966.1255, ""meas_profile"": ""HP-3"", ""meas_id"": 3, ""hum"": 35.49147, ""gas_res"": 8827.586}, {""temp"": 20.29207, ""step"": 8, ""status"": 1, ""pres"": 966.2645, ""meas_profile"": ""HP-2"", ""meas_id"": 2, ""hum"": 35.76346, ""gas_res"": 11404.13}, {""temp"": 20.05593, ""step"": 8, ""status"": 1, ""pres"": 966.3699, ""meas_profile"": ""HP-1"", ""meas_id"": 1, ""hum"": 34.16026, ""gas_res"": 9122.007}]}",NULL,"2025-10-27 11:28:44.709056"
12344,"04a600b9b0b8","2025-10-27 11:27:50","rP1YOtUg6ZqB1CRjfpls","{""bme688"": [{""temp"": 20.64534, ""step"": 7, ""status"": 1, ""pres"": 966.3214, ""meas_profile"": ""HP-8"", ""meas_id"": 8, ""hum"": 35.49692, ""gas_res"": 5684.846}, {""temp"": 20.61718, ""step"": 7, ""status"": 1, ""pres"": 966.4967, ""meas_profile"": ""HP-7"", ""meas_id"": 7, ""hum"": 35.37714, ""gas_res"": 5684.846}, {""temp"": 20.6745, ""step"": 7, ""status"": 1, ""pres"": 966.6364, ""meas_profile"": ""HP-6"", ""meas_id"": 6, ""hum"": 35.26805, ""gas_res"": 7727.602}, {""temp"": 20.56771, ""step"": 7, ""status"": 1, ""pres"": 966.3103, ""meas_profile"": ""HP-5"", ""meas_id"": 5, ""hum"": 35.44191, ""gas_res"": 25000.0}, {""temp"": 20.23463, ""step"": 7, ""status"": 1, ""pres"": 966.4944, ""meas_profile"": ""HP-4"", ""meas_id"": 4, ""hum"": 34.99982, ""gas_res"": 25000.0}, {""temp"": 20.41171, ""step"": 7, ""status"": 1, ""pres"": 966.1273, ""meas_profile"": ""HP-3"", ""meas_id"": 3, ""hum"": 35.50848, ""gas_res"": 8344.198}, {""temp"": 20.28897, ""step"": 7, ""status"": 1, ""pres"": 966.266, ""meas_profile"": ""HP-2"", ""meas_id"": 2, ""hum"": 35.75747, ""gas_res"": 10869.57}, {""temp"": 20.05282, ""step"": 7, ""status"": 1, ""pres"": 966.3722, ""meas_profile"": ""HP-1"", ""meas_id"": 1, ""hum"": 34.16583, ""gas_res"": 8558.438}]}",NULL,"2025-10-27 11:28:46.016215"
12345,"04a600b9b0b8","2025-10-27 11:27:50","rP1YOtUg6ZqB1CRjfpls","{""bme688"": [{""temp"": 20.64287, ""step"": 6, ""status"": 1, ""pres"": 966.3229, ""meas_profile"": ""HP-8"", ""meas_id"": 8, ""hum"": 35.49094, ""gas_res"": 10223.64}, {""temp"": 20.61439, ""step"": 6, ""status"": 1, ""pres"": 966.4955, ""meas_profile"": ""HP-7"", ""meas_id"": 7, ""hum"": 35.36552, ""gas_res"": 16268.43}, {""temp"": 20.67203, ""step"": 6, ""status"": 1, ""pres"": 966.6376, ""meas_profile"": ""HP-6"", ""meas_id"": 6, ""hum"": 35.2563, ""gas_res"": 37847.43}, {""temp"": 20.5652, ""step"": 6, ""status"": 1, ""pres"": 966.3112, ""meas_profile"": ""HP-5"", ""meas_id"": 5, ""hum"": 35.44736, ""gas_res"": 166612.4}, {""temp"": 20.23121, ""step"": 6, ""status"": 1, ""pres"": 966.4957, ""meas_profile"": ""HP-4"", ""meas_id"": 4, ""hum"": 34.98798, ""gas_res"": 279476.0}, {""temp"": 20.40831, ""step"": 6, ""status"": 1, ""pres"": 966.1268, ""meas_profile"": ""HP-3"", ""meas_id"": 3, ""hum"": 35.51392, ""gas_res"": 100906.6}, {""temp"": 20.28555, ""step"": 6, ""status"": 1, ""pres"": 966.2673, ""meas_profile"": ""HP-2"", ""meas_id"": 2, ""hum"": 35.77425, ""gas_res"": 166449.9}, {""temp"": 20.0494, ""step"": 6, ""status"": 1, ""pres"": 966.3725, ""meas_profile"": ""HP-1"", ""meas_id"": 1, ""hum"": 34.14213, ""gas_res"": 128772.6}]}",NULL,"2025-10-27 11:28:47.278789"
12346,"04a600b9b0b8","2025-10-27 11:27:50","rP1YOtUg6ZqB1CRjfpls","{""bme688"": [{""temp"": 20.6404, ""step"": 5, ""status"": 1, ""pres"": 966.3224, ""meas_profile"": ""HP-8"", ""meas_id"": 8, ""hum"": 35.51369, ""gas_res"": 10069.23}, {""temp"": 20.6116, ""step"": 5, ""status"": 1, ""pres"": 966.4958, ""meas_profile"": ""HP-7"", ""meas_id"": 7, ""hum"": 35.39365, ""gas_res"": 15904.57}, {""temp"": 20.66956, ""step"": 5, ""status"": 1, ""pres"": 966.6389, ""meas_profile"": ""HP-6"", ""meas_id"": 6, ""hum"": 35.26183, ""gas_res"": 37317.79}, {""temp"": 20.5627, ""step"": 5, ""status"": 1, ""pres"": 966.3121, ""meas_profile"": ""HP-5"", ""meas_id"": 5, ""hum"": 35.44713, ""gas_res"": 166449.9}, {""temp"": 20.22749, ""step"": 5, ""status"": 1, ""pres"": 966.4944, ""meas_profile"": ""HP-4"", ""meas_id"": 4, ""hum"": 34.99916, ""gas_res"": 282716.7}, {""temp"": 20.40491, ""step"": 5, ""status"": 1, ""pres"": 966.128, ""meas_profile"": ""HP-3"", ""meas_id"": 3, ""hum"": 35.51361, ""gas_res"": 99378.88}, {""temp"": 20.28245, ""step"": 5, ""status"": 1, ""pres"": 966.2688, ""meas_profile"": ""HP-2"", ""meas_id"": 2, ""hum"": 35.77966, ""gas_res"": 161565.2}, {""temp"": 20.04597, ""step"": 5, ""status"": 1, ""pres"": 966.3727, ""meas_profile"": ""HP-1"", ""meas_id"": 1, ""hum"": 34.15351, ""gas_res"": 125000.0}]}",NULL,"2025-10-27 11:28:48.647959"
12347,"04a600b9b0b8","2025-10-27 11:27:50","rP1YOtUg6ZqB1CRjfpls","{""bme688"": [{""temp"": 20.63762, ""step"": 4, ""status"": 1, ""pres"": 966.3234, ""meas_profile"": ""HP-8"", ""meas_id"": 8, ""hum"": 35.51343, ""gas_res"": 9882.644}, {""temp"": 20.6088, ""step"": 4, ""status"": 1, ""pres"": 966.4962, ""meas_profile"": ""HP-7"", ""meas_id"": 7, ""hum"": 35.39339, ""gas_res"": 15670.91}, {""temp"": 20.66678, ""step"": 4, ""status"": 1, ""pres"": 966.6378, ""meas_profile"": ""HP-6"", ""meas_id"": 6, ""hum"": 35.26733, ""gas_res"": 37285.17}, {""temp"": 20.55989, ""step"": 4, ""status"": 1, ""pres"": 966.3124, ""meas_profile"": ""HP-5"", ""meas_id"": 5, ""hum"": 35.47532, ""gas_res"": 169424.2}, {""temp"": 20.22407, ""step"": 4, ""status"": 1, ""pres"": 966.4955, ""meas_profile"": ""HP-4"", ""meas_id"": 4, ""hum"": 35.01614, ""gas_res"": 296467.9}, {""temp"": 20.40151, ""step"": 4, ""status"": 1, ""pres"": 966.1274, ""meas_profile"": ""HP-3"", ""meas_id"": 3, ""hum"": 35.50752, ""gas_res"": 98860.78}, {""temp"": 20.27903, ""step"": 4, ""status"": 1, ""pres"": 966.2684, ""meas_profile"": ""HP-2"", ""meas_id"": 2, ""hum"": 35.77363, ""gas_res"": 160955.7}, {""temp"": 20.04224, ""step"": 4, ""status"": 1, ""pres"": 966.3722, ""meas_profile"": ""HP-1"", ""meas_id"": 1, ""hum"": 34.18242, ""gas_res"": 124543.9}]}",NULL,"2025-10-27 11:28:49.834019"
12348,"04a600b9b0b8","2025-10-27 11:27:50","rP1YOtUg6ZqB1CRjfpls","{""bme688"": [{""temp"": 20.63484, ""step"": 3, ""status"": 0, ""pres"": 966.3243, ""meas_profile"": ""HP-8"", ""meas_id"": 8, ""hum"": 35.5304, ""gas_res"": 6518.639}, {""temp"": 20.60601, ""step"": 3, ""status"": 0, ""pres"": 966.4968, ""meas_profile"": ""HP-7"", ""meas_id"": 7, ""hum"": 35.39313, ""gas_res"": 8121.828}, {""temp"": 20.664, ""step"": 3, ""status"": 0, ""pres"": 966.6401, ""meas_profile"": ""HP-6"", ""meas_id"": 6, ""hum"": 35.29587, ""gas_res"": 20745.54}, {""temp"": 20.55708, ""step"": 3, ""status"": 0, ""pres"": 966.3113, ""meas_profile"": ""HP-5"", ""meas_id"": 5, ""hum"": 35.48645, ""gas_res"": 54794.52}, {""temp"": 20.22065, ""step"": 3, ""status"": 0, ""pres"": 966.4965, ""meas_profile"": ""HP-4"", ""meas_id"": 4, ""hum"": 35.0331, ""gas_res"": 67599.68}, {""temp"": 20.39811, ""step"": 3, ""status"": 0, ""pres"": 966.1287, ""meas_profile"": ""HP-3"", ""meas_id"": 3, ""hum"": 35.5418, ""gas_res"": 41131.11}, {""temp"": 20.27562, ""step"": 3, ""status"": 0, ""pres"": 966.2695, ""meas_profile"": ""HP-2"", ""meas_id"": 2, ""hum"": 35.78471, ""gas_res"": 66132.78}, {""temp"": 20.03881, ""step"": 3, ""status"": 0, ""pres"": 966.3743, ""meas_profile"": ""HP-1"", ""meas_id"": 1, ""hum"": 34.18796, ""gas_res"": 42524.92}]}",NULL,"2025-10-27 11:28:51.124317"
12349,"04a600b9b0b8","2025-10-27 11:27:50","rP1YOtUg6ZqB1CRjfpls","{""bme688"": [{""temp"": 20.63237, ""step"": 2, ""status"": 1, ""pres"": 966.3257, ""meas_profile"": ""HP-8"", ""meas_id"": 8, ""hum"": 35.53016, ""gas_res"": 22284.12}, {""temp"": 20.60352, ""step"": 2, ""status"": 1, ""pres"": 966.4977, ""meas_profile"": ""HP-7"", ""meas_id"": 7, ""hum"": 35.40993, ""gas_res"": 31928.16}, {""temp"": 20.66122, ""step"": 2, ""status"": 1, ""pres"": 966.6392, ""meas_profile"": ""HP-6"", ""meas_id"": 6, ""hum"": 35.29561, ""gas_res"": 139509.5}, {""temp"": 20.55426, ""step"": 2, ""status"": 1, ""pres"": 966.3117, ""meas_profile"": ""HP-5"", ""meas_id"": 5, ""hum"": 35.49187, ""gas_res"": 487851.3}, {""temp"": 20.21693, ""step"": 2, ""status"": 1, ""pres"": 966.4954, ""meas_profile"": ""HP-4"", ""meas_id"": 4, ""hum"": 35.03276, ""gas_res"": 900417.7}, {""temp"": 20.3947, ""step"": 2, ""status"": 1, ""pres"": 966.1282, ""meas_profile"": ""HP-3"", ""meas_id"": 3, ""hum"": 35.55878, ""gas_res"": 380881.5}, {""temp"": 20.27189, ""step"": 2, ""status"": 1, ""pres"": 966.2703, ""meas_profile"": ""HP-2"", ""meas_id"": 2, ""hum"": 35.79007, ""gas_res"": 686557.2}, {""temp"": 20.03508, ""step"": 2, ""status"": 1, ""pres"": 966.3739, ""meas_profile"": ""HP-1"", ""meas_id"": 1, ""hum"": 34.17592, ""gas_res"": 508567.2}]}",NULL,"2025-10-27 11:28:52.388312"
12350,"04a600b9b0b8","2025-10-27 11:27:50","rP1YOtUg6ZqB1CRjfpls","{""bme688"": [{""temp"": 20.62959, ""step"": 1, ""status"": 1, ""pres"": 966.3248, ""meas_profile"": ""HP-8"", ""meas_id"": 8, ""hum"": 35.5414, ""gas_res"": 6447.713}, {""temp"": 20.60073, ""step"": 1, ""status"": 1, ""pres"": 966.498, ""meas_profile"": ""HP-7"", ""meas_id"": 7, ""hum"": 35.40967, ""gas_res"": 8128.016}, {""temp"": 20.65875, ""step"": 1, ""status"": 1, ""pres"": 966.6404, ""meas_profile"": ""HP-6"", ""meas_id"": 6, ""hum"": 35.28962, ""gas_res"": 25000.0}, {""temp"": 20.55176, ""step"": 1, ""status"": 1, ""pres"": 966.3127, ""meas_profile"": ""HP-5"", ""meas_id"": 5, ""hum"": 35.46887, ""gas_res"": 45714.29}, {""temp"": 20.21382, ""step"": 1, ""status"": 1, ""pres"": 966.4969, ""meas_profile"": ""HP-4"", ""meas_id"": 4, ""hum"": 35.02671, ""gas_res"": 95808.38}, {""temp"": 20.3913, ""step"": 1, ""status"": 1, ""pres"": 966.1295, ""meas_profile"": ""HP-3"", ""meas_id"": 3, ""hum"": 35.5354, ""gas_res"": 33613.45}, {""temp"": 20.26847, ""step"": 1, ""status"": 1, ""pres"": 966.2713, ""meas_profile"": ""HP-2"", ""meas_id"": 2, ""hum"": 35.81255, ""gas_res"": 100000.0}, {""temp"": 20.03197, ""step"": 1, ""status"": 1, ""pres"": 966.3746, ""meas_profile"": ""HP-1"", ""meas_id"": 1, ""hum"": 34.19904, ""gas_res"": 35252.0}]}",NULL,"2025-10-27 11:28:53.777244"
12351,"04a600b9b0b8","2025-10-27 11:27:50","rP1YOtUg6ZqB1CRjfpls","{""bme688"": [{""temp"": 20.62681, ""step"": 0, ""status"": 1, ""pres"": 966.3256, ""meas_profile"": ""HP-8"", ""meas_id"": 8, ""hum"": 35.52964, ""gas_res"": 5684.846}, {""temp"": 20.59793, ""step"": 0, ""status"": 1, ""pres"": 966.4986, ""meas_profile"": ""HP-7"", ""meas_id"": 7, ""hum"": 35.42076, ""gas_res"": 5684.846}, {""temp"": 20.65628, ""step"": 0, ""status"": 1, ""pres"": 966.6415, ""meas_profile"": ""HP-6"", ""meas_id"": 6, ""hum"": 35.28939, ""gas_res"": 7694.157}, {""temp"": 20.54926, ""step"": 0, ""status"": 1, ""pres"": 966.312, ""meas_profile"": ""HP-5"", ""meas_id"": 5, ""hum"": 35.48003, ""gas_res"": 25000.0}, {""temp"": 20.21071, ""step"": 0, ""status"": 1, ""pres"": 966.4985, ""meas_profile"": ""HP-4"", ""meas_id"": 4, ""hum"": 35.03218, ""gas_res"": 25000.0}, {""temp"": 20.38821, ""step"": 0, ""status"": 1, ""pres"": 966.1309, ""meas_profile"": ""HP-3"", ""meas_id"": 3, ""hum"": 35.55817, ""gas_res"": 8097.166}, {""temp"": 20.26537, ""step"": 0, ""status"": 1, ""pres"": 966.2729, ""meas_profile"": ""HP-2"", ""meas_id"": 2, ""hum"": 35.80656, ""gas_res"": 10413.28}, {""temp"": 20.02855, ""step"": 0, ""status"": 1, ""pres"": 966.3763, ""meas_profile"": ""HP-1"", ""meas_id"": 1, ""hum"": 34.18118, ""gas_res"": 8234.688}]}",NULL,"2025-10-27 11:28:54.948816"
12352,"04a600b9b0b8","2025-10-27 11:27:23","rP1YOtUg6ZqB1CRjfpls","{""zphs01b"": {""voc"": 0, ""temp"": 18.7, ""pm2_5"": 0, ""pm1_0"": 0, ""pm10"": 377, ""o3"": 0.02, ""no2"": 9.03, ""hum"": 0, ""fmhd"": 0, ""co2"": 5000, ""co"": 0.0}, ""smell_b"": {}, ""sfa30"": {""temp"": 20.915, ""hum"": 36.02, ""fmhd"": 0.8}, ""sen5x"": {""voc"": 96.0, ""temp"": 20.815, ""pm4_0"": 4359.9, ""pm2_5"": 4359.9, ""pm1_0"": 4157.4, ""pm10"": 4359.9, ""nox"": 1.0, ""mass_c"": 4309.275, ""hum"": 41.35}, ""scd41"": {""temp"": 20.39101, ""hum"": 38.28031, ""co2"": 585}, ""power_source"": 0, ""mics6814"": {""red_res"": 0, ""no2_res"": 0, ""no2"": 0.17, ""nh3_res"": 0, ""nh3"": 0.73, ""co_res"": 0, ""co"": 44.0}}",NULL,"2025-10-27 11:28:56.133898"
12353,"04a600b9b0b8","2025-10-27 11:27:23","rP1YOtUg6ZqB1CRjfpls","{""bme688"": [{""temp"": 20.62372, ""step"": 9, ""status"": 1, ""pres"": 966.3261, ""meas_profile"": ""HP-8"", ""meas_id"": 8, ""hum"": 35.5351, ""gas_res"": 5684.846}, {""temp"": 20.59514, ""step"": 9, ""status"": 1, ""pres"": 966.499, ""meas_profile"": ""HP-7"", ""meas_id"": 7, ""hum"": 35.39779, ""gas_res"": 5684.846}, {""temp"": 20.6535, ""step"": 9, ""status"": 1, ""pres"": 966.6404, ""meas_profile"": ""HP-6"", ""meas_id"": 6, ""hum"": 35.28913, ""gas_res"": 6711.409}, {""temp"": 20.54676, ""step"": 9, ""status"": 1, ""pres"": 966.3128, ""meas_profile"": ""HP-5"", ""meas_id"": 5, ""hum"": 35.49117, ""gas_res"": 25000.0}, {""temp"": 20.20761, ""step"": 9, ""status"": 1, ""pres"": 966.4984, ""meas_profile"": ""HP-4"", ""meas_id"": 4, ""hum"": 35.03189, ""gas_res"": 25000.0}, {""temp"": 20.38512, ""step"": 9, ""status"": 1, ""pres"": 966.1311, ""meas_profile"": ""HP-3"", ""meas_id"": 3, ""hum"": 35.54058, ""gas_res"": 8196.722}, {""temp"": 20.26195, ""step"": 9, ""status"": 1, ""pres"": 966.274, ""meas_profile"": ""HP-2"", ""meas_id"": 2, ""hum"": 35.81194, ""gas_res"": 9555.091}, {""temp"": 20.02512, ""step"": 9, ""status"": 1, ""pres"": 966.3766, ""meas_profile"": ""HP-1"", ""meas_id"": 1, ""hum"": 34.20427, ""gas_res"": 7688.611}]}",NULL,"2025-10-27 11:28:57.520374"
12354,"04a600b9b0b8","2025-10-27 11:27:23","rP1YOtUg6ZqB1CRjfpls","{""bme688"": [{""temp"": 20.62094, ""step"": 8, ""status"": 1, ""pres"": 966.3253, ""meas_profile"": ""HP-8"", ""meas_id"": 8, ""hum"": 35.52909, ""gas_res"": 5684.846}, {""temp"": 20.59203, ""step"": 8, ""status"": 1, ""pres"": 966.4989, ""meas_profile"": ""HP-7"", ""meas_id"": 7, ""hum"": 35.40885, ""gas_res"": 5684.846}, {""temp"": 20.65042, ""step"": 8, ""status"": 1, ""pres"": 966.6408, ""meas_profile"": ""HP-6"", ""meas_id"": 6, ""hum"": 35.28884, ""gas_res"": 7034.513}, {""temp"": 20.54425, ""step"": 8, ""status"": 1, ""pres"": 966.3138, ""meas_profile"": ""HP-5"", ""meas_id"": 5, ""hum"": 35.48525, ""gas_res"": 25000.0}, {""temp"": 20.20419, ""step"": 8, ""status"": 1, ""pres"": 966.4995, ""meas_profile"": ""HP-4"", ""meas_id"": 4, ""hum"": 35.06615, ""gas_res"": 25000.0}, {""temp"": 20.38202, ""step"": 8, ""status"": 1, ""pres"": 966.1326, ""meas_profile"": ""HP-3"", ""meas_id"": 3, ""hum"": 35.54605, ""gas_res"": 7309.273}, {""temp"": 20.25854, ""step"": 8, ""status"": 1, ""pres"": 966.2751, ""meas_profile"": ""HP-2"", ""meas_id"": 2, ""hum"": 35.82302, ""gas_res"": 9495.549}, {""temp"": 20.0217, ""step"": 8, ""status"": 1, ""pres"": 966.3769, ""meas_profile"": ""HP-1"", ""meas_id"": 1, ""hum"": 34.1981, ""gas_res"": 7473.144}]}",NULL,"2025-10-27 11:28:58.890331"
12355,"04a600b9b0b8","2025-10-27 11:27:23","rP1YOtUg6ZqB1CRjfpls","{""bme688"": [{""temp"": 20.61786, ""step"": 7, ""status"": 1, ""pres"": 966.3257, ""meas_profile"": ""HP-8"", ""meas_id"": 8, ""hum"": 35.53455, ""gas_res"": 5684.846}, {""temp"": 20.58924, ""step"": 7, ""status"": 1, ""pres"": 966.4974, ""meas_profile"": ""HP-7"", ""meas_id"": 7, ""hum"": 35.40292, ""gas_res"": 5684.846}, {""temp"": 20.64795, ""step"": 7, ""status"": 1, ""pres"": 966.6403, ""meas_profile"": ""HP-6"", ""meas_id"": 6, ""hum"": 35.30589, ""gas_res"": 7057.786}, {""temp"": 20.54175, ""step"": 7, ""status"": 1, ""pres"": 966.3148, ""meas_profile"": ""HP-5"", ""meas_id"": 5, ""hum"": 35.48501, ""gas_res"": 25000.0}, {""temp"": 20.20108, ""step"": 7, ""status"": 1, ""pres"": 966.4994, ""meas_profile"": ""HP-4"", ""meas_id"": 4, ""hum"": 35.0601, ""gas_res"": 25000.0}, {""temp"": 20.37893, ""step"": 7, ""status"": 1, ""pres"": 966.1328, ""meas_profile"": ""HP-3"", ""meas_id"": 3, ""hum"": 35.54577, ""gas_res"": 6702.975}, {""temp"": 20.25543, ""step"": 7, ""status"": 1, ""pres"": 966.2769, ""meas_profile"": ""HP-2"", ""meas_id"": 2, ""hum"": 35.79992, ""gas_res"": 8740.781}, {""temp"": 20.01859, ""step"": 7, ""status"": 1, ""pres"": 966.3774, ""meas_profile"": ""HP-1"", ""meas_id"": 1, ""hum"": 34.21537, ""gas_res"": 6997.595}]}",NULL,"2025-10-27 11:29:00.070036"
12356,"04a600b9b0b8","2025-10-27 11:27:23","rP1YOtUg6ZqB1CRjfpls","{""bme688"": [{""temp"": 20.61508, ""step"": 6, ""status"": 1, ""pres"": 966.3248, ""meas_profile"": ""HP-8"", ""meas_id"": 8, ""hum"": 35.53428, ""gas_res"": 9956.44}, {""temp"": 20.58644, ""step"": 6, ""status"": 1, ""pres"": 966.498, ""meas_profile"": ""HP-7"", ""meas_id"": 7, ""hum"": 35.40833, ""gas_res"": 15659.41}, {""temp"": 20.64517, ""step"": 6, ""status"": 1, ""pres"": 966.6409, ""meas_profile"": ""HP-6"", ""meas_id"": 6, ""hum"": 35.31139, ""gas_res"": 33826.64}, {""temp"": 20.53925, ""step"": 6, ""status"": 1, ""pres"": 966.314, ""meas_profile"": ""HP-5"", ""meas_id"": 5, ""hum"": 35.49047, ""gas_res"": 140427.9}, {""temp"": 20.19798, ""step"": 6, ""status"": 1, ""pres"": 966.4992, ""meas_profile"": ""HP-4"", ""meas_id"": 4, ""hum"": 35.05405, ""gas_res"": 160200.3}, {""temp"": 20.37553, ""step"": 6, ""status"": 1, ""pres"": 966.1339, ""meas_profile"": ""HP-3"", ""meas_id"": 3, ""hum"": 35.55698, ""gas_res"": 100000.0}, {""temp"": 20.25202, ""step"": 6, ""status"": 1, ""pres"": 966.2762, ""meas_profile"": ""HP-2"", ""meas_id"": 2, ""hum"": 35.8224, ""gas_res"": 128967.3}, {""temp"": 20.01485, ""step"": 6, ""status"": 1, ""pres"": 966.3771, ""meas_profile"": ""HP-1"", ""meas_id"": 1, ""hum"": 34.20333, ""gas_res"": 99436.78}]}",NULL,"2025-10-27 11:29:01.351526"
12357,"04a600b9b0b8","2025-10-27 11:27:23","rP1YOtUg6ZqB1CRjfpls","{""bme688"": [{""temp"": 20.61261, ""step"": 5, ""status"": 1, ""pres"": 966.3264, ""meas_profile"": ""HP-8"", ""meas_id"": 8, ""hum"": 35.52256, ""gas_res"": 9873.496}, {""temp"": 20.58365, ""step"": 5, ""status"": 1, ""pres"": 966.4984, ""meas_profile"": ""HP-7"", ""meas_id"": 7, ""hum"": 35.40807, ""gas_res"": 15432.84}, {""temp"": 20.6427, ""step"": 5, ""status"": 1, ""pres"": 966.6423, ""meas_profile"": ""HP-6"", ""meas_id"": 6, ""hum"": 35.29963, ""gas_res"": 33613.45}, {""temp"": 20.53675, ""step"": 5, ""status"": 1, ""pres"": 966.3149, ""meas_profile"": ""HP-5"", ""meas_id"": 5, ""hum"": 35.46746, ""gas_res"": 139281.8}, {""temp"": 20.19487, ""step"": 5, ""status"": 1, ""pres"": 966.5009, ""meas_profile"": ""HP-4"", ""meas_id"": 4, ""hum"": 35.06528, ""gas_res"": 160955.7}, {""temp"": 20.37244, ""step"": 5, ""status"": 1, ""pres"": 966.134, ""meas_profile"": ""HP-3"", ""meas_id"": 3, ""hum"": 35.55092, ""gas_res"": 100000.0}, {""temp"": 20.2486, ""step"": 5, ""status"": 1, ""pres"": 966.2774, ""meas_profile"": ""HP-2"", ""meas_id"": 2, ""hum"": 35.80497, ""gas_res"": 122664.1}, {""temp"": 20.01143, ""step"": 5, ""status"": 1, ""pres"": 966.3791, ""meas_profile"": ""HP-1"", ""meas_id"": 1, ""hum"": 34.21472, ""gas_res"": 93910.49}]}",NULL,"2025-10-27 11:29:02.646087"
12358,"04a600b9b0b8","2025-10-27 11:27:23","rP1YOtUg6ZqB1CRjfpls","{""bme688"": [{""temp"": 20.60983, ""step"": 4, ""status"": 1, ""pres"": 966.3272, ""meas_profile"": ""HP-8"", ""meas_id"": 8, ""hum"": 35.55103, ""gas_res"": 9738.283}, {""temp"": 20.58117, ""step"": 4, ""status"": 1, ""pres"": 966.4995, ""meas_profile"": ""HP-7"", ""meas_id"": 7, ""hum"": 35.42487, ""gas_res"": 15191.08}, {""temp"": 20.64023, ""step"": 4, ""status"": 1, ""pres"": 966.6434, ""meas_profile"": ""HP-6"", ""meas_id"": 6, ""hum"": 35.31092, ""gas_res"": 33429.09}, {""temp"": 20.53425, ""step"": 4, ""status"": 1, ""pres"": 966.3143, ""meas_profile"": ""HP-5"", ""meas_id"": 5, ""hum"": 35.50138, ""gas_res"": 140197.2}, {""temp"": 20.19146, ""step"": 4, ""status"": 1, ""pres"": 966.5018, ""meas_profile"": ""HP-4"", ""meas_id"": 4, ""hum"": 35.06497, ""gas_res"": 164050.0}, {""temp"": 20.36904, ""step"": 4, ""status"": 1, ""pres"": 966.1351, ""meas_profile"": ""HP-3"", ""meas_id"": 3, ""hum"": 35.56214, ""gas_res"": 92921.96}, {""temp"": 20.24488, ""step"": 4, ""status"": 1, ""pres"": 966.278, ""meas_profile"": ""HP-2"", ""meas_id"": 2, ""hum"": 35.82743, ""gas_res"": 118903.9}, {""temp"": 20.00801, ""step"": 4, ""status"": 1, ""pres"": 966.3793, ""meas_profile"": ""HP-1"", ""meas_id"": 1, ""hum"": 34.22026, ""gas_res"": 100000.0}]}",NULL,"2025-10-27 11:29:04.031906"
12359,"04a600b9b0b8","2025-10-27 11:27:23","rP1YOtUg6ZqB1CRjfpls","{""bme688"": [{""temp"": 20.60674, ""step"": 3, ""status"": 1, ""pres"": 966.3259, ""meas_profile"": ""HP-8"", ""meas_id"": 8, ""hum"": 35.56223, ""gas_res"": 6788.29}, {""temp"": 20.57837, ""step"": 3, ""status"": 1, ""pres"": 966.4998, ""meas_profile"": ""HP-7"", ""meas_id"": 7, ""hum"": 35.43597, ""gas_res"": 8350.73}, {""temp"": 20.63714, ""step"": 3, ""status"": 1, ""pres"": 966.6436, ""meas_profile"": ""HP-6"", ""meas_id"": 6, ""hum"": 35.31639, ""gas_res"": 19547.95}, {""temp"": 20.53143, ""step"": 3, ""status"": 1, ""pres"": 966.3147, ""meas_profile"": ""HP-5"", ""meas_id"": 5, ""hum"": 35.5125, ""gas_res"": 49373.19}, {""temp"": 20.18773, ""step"": 3, ""status"": 1, ""pres"": 966.5006, ""meas_profile"": ""HP-4"", ""meas_id"": 4, ""hum"": 35.07615, ""gas_res"": 55579.68}, {""temp"": 20.36533, ""step"": 3, ""status"": 0, ""pres"": 966.1359, ""meas_profile"": ""HP-3"", ""meas_id"": 3, ""hum"": 35.57332, ""gas_res"": 34069.74}, {""temp"": 20.24084, ""step"": 3, ""status"": 1, ""pres"": 966.2782, ""meas_profile"": ""HP-2"", ""meas_id"": 2, ""hum"": 35.83276, ""gas_res"": 53758.93}, {""temp"": 20.00427, ""step"": 3, ""status"": 1, ""pres"": 966.3806, ""meas_profile"": ""HP-1"", ""meas_id"": 1, ""hum"": 34.23162, ""gas_res"": 35784.18}]}",NULL,"2025-10-27 11:29:05.204849"
12360,"04a600b9b0b8","2025-10-27 11:27:23","rP1YOtUg6ZqB1CRjfpls","{""bme688"": [{""temp"": 20.60427, ""step"": 2, ""status"": 1, ""pres"": 966.3273, ""meas_profile"": ""HP-8"", ""meas_id"": 8, ""hum"": 35.562, ""gas_res"": 23911.82}, {""temp"": 20.57558, ""step"": 2, ""status"": 1, ""pres"": 966.5005, ""meas_profile"": ""HP-7"", ""meas_id"": 7, ""hum"": 35.43003, ""gas_res"": 34343.98}, {""temp"": 20.63437, ""step"": 2, ""status"": 1, ""pres"": 966.6426, ""meas_profile"": ""HP-6"", ""meas_id"": 6, ""hum"": 35.33341, ""gas_res"": 136279.0}, {""temp"": 20.52862, ""step"": 2, ""status"": 1, ""pres"": 966.3152, ""meas_profile"": ""HP-5"", ""meas_id"": 5, ""hum"": 35.52363, ""gas_res"": 442619.4}, {""temp"": 20.18431, ""step"": 2, ""status"": 1, ""pres"": 966.5017, ""meas_profile"": ""HP-4"", ""meas_id"": 4, ""hum"": 35.07007, ""gas_res"": 640200.1}, {""temp"": 20.36193, ""step"": 2, ""status"": 1, ""pres"": 966.1371, ""meas_profile"": ""HP-3"", ""meas_id"": 3, ""hum"": 35.58454, ""gas_res"": 298542.3}, {""temp"": 20.23742, ""step"": 2, ""status"": 1, ""pres"": 966.2791, ""meas_profile"": ""HP-2"", ""meas_id"": 2, ""hum"": 35.83814, ""gas_res"": 512000.0}, {""temp"": 20.00054, ""step"": 2, ""status"": 1, ""pres"": 966.3803, ""meas_profile"": ""HP-1"", ""meas_id"": 1, ""hum"": 34.23129, ""gas_res"": 382946.9}]}",NULL,"2025-10-27 11:29:06.468879"
12361,"04a600b9b0b8","2025-10-27 11:27:23","rP1YOtUg6ZqB1CRjfpls","{""bme688"": [{""temp"": 20.60149, ""step"": 1, ""status"": 1, ""pres"": 966.3282, ""meas_profile"": ""HP-8"", ""meas_id"": 8, ""hum"": 35.56174, ""gas_res"": 6522.625}, {""temp"": 20.57309, ""step"": 1, ""status"": 1, ""pres"": 966.5012, ""meas_profile"": ""HP-7"", ""meas_id"": 7, ""hum"": 35.43548, ""gas_res"": 8152.866}, {""temp"": 20.63159, ""step"": 1, ""status"": 1, ""pres"": 966.6434, ""meas_profile"": ""HP-6"", ""meas_id"": 6, ""hum"": 35.32739, ""gas_res"": 25000.0}, {""temp"": 20.52612, ""step"": 1, ""status"": 1, ""pres"": 966.3161, ""meas_profile"": ""HP-5"", ""meas_id"": 5, ""hum"": 35.5177, ""gas_res"": 38461.54}, {""temp"": 20.1809, ""step"": 1, ""status"": 1, ""pres"": 966.5028, ""meas_profile"": ""HP-4"", ""meas_id"": 4, ""hum"": 35.08128, ""gas_res"": 41898.53}, {""temp"": 20.35852, ""step"": 1, ""status"": 1, ""pres"": 966.1382, ""meas_profile"": ""HP-3"", ""meas_id"": 3, ""hum"": 35.58421, ""gas_res"": 24404.2}, {""temp"": 20.23401, ""step"": 1, ""status"": 1, ""pres"": 966.2805, ""meas_profile"": ""HP-2"", ""meas_id"": 2, ""hum"": 35.84922, ""gas_res"": 34991.8}, {""temp"": 19.99711, ""step"": 1, ""status"": 1, ""pres"": 966.3806, ""meas_profile"": ""HP-1"", ""meas_id"": 1, ""hum"": 34.23683, ""gas_res"": 25107.88}]}",NULL,"2025-10-27 11:29:07.757884"
12362,"04a600b9b0b8","2025-10-27 11:27:23","rP1YOtUg6ZqB1CRjfpls","{""bme688"": [{""temp"": 20.5984, ""step"": 0, ""status"": 1, ""pres"": 966.3268, ""meas_profile"": ""HP-8"", ""meas_id"": 8, ""hum"": 35.5557, ""gas_res"": 5684.846}, {""temp"": 20.56999, ""step"": 0, ""status"": 1, ""pres"": 966.5012, ""meas_profile"": ""HP-7"", ""meas_id"": 7, ""hum"": 35.44655, ""gas_res"": 5684.846}, {""temp"": 20.62912, ""step"": 0, ""status"": 1, ""pres"": 966.6445, ""meas_profile"": ""HP-6"", ""meas_id"": 6, ""hum"": 35.32716, ""gas_res"": 7380.074}, {""temp"": 20.52362, ""step"": 0, ""status"": 1, ""pres"": 966.3154, ""meas_profile"": ""HP-5"", ""meas_id"": 5, ""hum"": 35.52316, ""gas_res"": 25000.0}, {""temp"": 20.17779, ""step"": 0, ""status"": 1, ""pres"": 966.5026, ""meas_profile"": ""HP-4"", ""meas_id"": 4, ""hum"": 35.0637, ""gas_res"": 25000.0}, {""temp"": 20.35512, ""step"": 0, ""status"": 1, ""pres"": 966.1378, ""meas_profile"": ""HP-3"", ""meas_id"": 3, ""hum"": 35.57236, ""gas_res"": 6243.902}, {""temp"": 20.23059, ""step"": 0, ""status"": 1, ""pres"": 966.2799, ""meas_profile"": ""HP-2"", ""meas_id"": 2, ""hum"": 35.83749, ""gas_res"": 8171.604}, {""temp"": 19.99338, ""step"": 0, ""status"": 1, ""pres"": 966.3821, ""meas_profile"": ""HP-1"", ""meas_id"": 1, ""hum"": 34.21894, ""gas_res"": 6447.713}]}",NULL,"2025-10-27 11:29:09.126011"
12363,"04a600b9b0b8","2025-10-27 11:29:21","rP1YOtUg6ZqB1CRjfpls","{""zphs01b"": {""voc"": 0, ""temp"": 18.9, ""pm2_5"": 0, ""pm1_0"": 0, ""pm10"": 345, ""o3"": 0.02, ""no2"": 10.0, ""hum"": 0, ""fmhd"": 0, ""co2"": 5000, ""co"": 0.0}, ""smell_b"": {}, ""sfa30"": {""temp"": 21.005, ""hum"": 35.95, ""fmhd"": 1.0}, ""sen5x"": {""voc"": 100.0, ""temp"": 20.775, ""pm4_0"": 4423.6, ""pm2_5"": 4423.6, ""pm1_0"": 4218.1, ""pm10"": 4423.6, ""nox"": 1.0, ""mass_c"": 4372.225, ""hum"": 41.59}, ""scd41"": {""temp"": 20.66338, ""hum"": 38.08041, ""co2"": 586}, ""power_source"": 0, ""mics6814"": {""red_res"": 0, ""no2_res"": 0, ""no2"": 0.17, ""nh3_res"": 0, ""nh3"": 0.73, ""co_res"": 0, ""co"": 44.0}}",NULL,"2025-10-27 11:30:13.216247"
12364,"04a600b9b0b8","2025-10-27 11:29:21","rP1YOtUg6ZqB1CRjfpls","{""bme688"": [{""temp"": 20.70835, ""step"": 9, ""status"": 1, ""pres"": 966.3165, ""meas_profile"": ""HP-8"", ""meas_id"": 8, ""hum"": 35.37649, ""gas_res"": 5684.846}, {""temp"": 20.68084, ""step"": 9, ""status"": 1, ""pres"": 966.4925, ""meas_profile"": ""HP-7"", ""meas_id"": 7, ""hum"": 35.25255, ""gas_res"": 5684.846}, {""temp"": 20.735, ""step"": 9, ""status"": 1, ""pres"": 966.6233, ""meas_profile"": ""HP-6"", ""meas_id"": 6, ""hum"": 35.13555, ""gas_res"": 7875.954}, {""temp"": 20.62806, ""step"": 9, ""status"": 1, ""pres"": 966.3047, ""meas_profile"": ""HP-5"", ""meas_id"": 5, ""hum"": 35.32808, ""gas_res"": 25000.0}, {""temp"": 20.30949, ""step"": 9, ""status"": 1, ""pres"": 966.4844, ""meas_profile"": ""HP-4"", ""meas_id"": 4, ""hum"": 34.85703, ""gas_res"": 25000.0}, {""temp"": 20.485, ""step"": 9, ""status"": 1, ""pres"": 966.1121, ""meas_profile"": ""HP-3"", ""meas_id"": 3, ""hum"": 35.38279, ""gas_res"": 11307.42}, {""temp"": 20.36536, ""step"": 9, ""status"": 1, ""pres"": 966.2449, ""meas_profile"": ""HP-2"", ""meas_id"": 2, ""hum"": 35.5994, ""gas_res"": 20806.24}, {""temp"": 20.13, ""step"": 9, ""status"": 1, ""pres"": 966.3574, ""meas_profile"": ""HP-1"", ""meas_id"": 1, ""hum"": 34.03834, ""gas_res"": 10568.03}]}",NULL,"2025-10-27 11:30:14.323479"
12365,"04a600b9b0b8","2025-10-27 11:29:21","rP1YOtUg6ZqB1CRjfpls","{""bme688"": [{""temp"": 20.70526, ""step"": 8, ""status"": 1, ""pres"": 966.3151, ""meas_profile"": ""HP-8"", ""meas_id"": 8, ""hum"": 35.38194, ""gas_res"": 5684.846}, {""temp"": 20.67774, ""step"": 8, ""status"": 1, ""pres"": 966.491, ""meas_profile"": ""HP-7"", ""meas_id"": 7, ""hum"": 35.25793, ""gas_res"": 5684.846}, {""temp"": 20.73222, ""step"": 8, ""status"": 1, ""pres"": 966.624, ""meas_profile"": ""HP-6"", ""meas_id"": 6, ""hum"": 35.15831, ""gas_res"": 8234.688}, {""temp"": 20.62556, ""step"": 8, ""status"": 1, ""pres"": 966.3056, ""meas_profile"": ""HP-5"", ""meas_id"": 5, ""hum"": 35.33353, ""gas_res"": 25000.0}, {""temp"": 20.30607, ""step"": 8, ""status"": 1, ""pres"": 966.484, ""meas_profile"": ""HP-4"", ""meas_id"": 4, ""hum"": 34.85095, ""gas_res"": 25000.0}, {""temp"": 20.48191, ""step"": 8, ""status"": 1, ""pres"": 966.1136, ""meas_profile"": ""HP-3"", ""meas_id"": 3, ""hum"": 35.3825, ""gas_res"": 10253.12}, {""temp"": 20.36194, ""step"": 8, ""status"": 1, ""pres"": 966.2459, ""meas_profile"": ""HP-2"", ""meas_id"": 2, ""hum"": 35.62186, ""gas_res"": 20272.41}, {""temp"": 20.12658, ""step"": 8, ""status"": 1, ""pres"": 966.3574, ""meas_profile"": ""HP-1"", ""meas_id"": 1, ""hum"": 34.03803, ""gas_res"": 10423.45}]}",NULL,"2025-10-27 11:30:15.689711"
12366,"04a600b9b0b8","2025-10-27 11:29:21","rP1YOtUg6ZqB1CRjfpls","{""bme688"": [{""temp"": 20.70217, ""step"": 7, ""status"": 1, ""pres"": 966.3138, ""meas_profile"": ""HP-8"", ""meas_id"": 8, ""hum"": 35.39314, ""gas_res"": 5684.846}, {""temp"": 20.67463, ""step"": 7, ""status"": 1, ""pres"": 966.4908, ""meas_profile"": ""HP-7"", ""meas_id"": 7, ""hum"": 35.25196, ""gas_res"": 5684.846}, {""temp"": 20.72975, ""step"": 7, ""status"": 1, ""pres"": 966.6252, ""meas_profile"": ""HP-6"", ""meas_id"": 6, ""hum"": 35.15808, ""gas_res"": 8097.166}, {""temp"": 20.62275, ""step"": 7, ""status"": 1, ""pres"": 966.3043, ""meas_profile"": ""HP-5"", ""meas_id"": 5, ""hum"": 35.33327, ""gas_res"": 25000.0}, {""temp"": 20.30297, ""step"": 7, ""status"": 1, ""pres"": 966.4838, ""meas_profile"": ""HP-4"", ""meas_id"": 4, ""hum"": 34.86217, ""gas_res"": 25000.0}, {""temp"": 20.47882, ""step"": 7, ""status"": 1, ""pres"": 966.1138, ""meas_profile"": ""HP-3"", ""meas_id"": 3, ""hum"": 35.38221, ""gas_res"": 9436.744}, {""temp"": 20.35852, ""step"": 7, ""status"": 1, ""pres"": 966.2471, ""meas_profile"": ""HP-2"", ""meas_id"": 2, ""hum"": 35.62154, ""gas_res"": 18707.98}, {""temp"": 20.12346, ""step"": 7, ""status"": 1, ""pres"": 966.3582, ""meas_profile"": ""HP-1"", ""meas_id"": 1, ""hum"": 34.03191, ""gas_res"": 9720.534}]}",NULL,"2025-10-27 11:30:16.869705"
12367,"04a600b9b0b8","2025-10-27 11:29:21","rP1YOtUg6ZqB1CRjfpls","{""bme688"": [{""temp"": 20.6997, ""step"": 6, ""status"": 1, ""pres"": 966.3152, ""meas_profile"": ""HP-8"", ""meas_id"": 8, ""hum"": 35.38716, ""gas_res"": 10578.51}, {""temp"": 20.67183, ""step"": 6, ""status"": 1, ""pres"": 966.4913, ""meas_profile"": ""HP-7"", ""meas_id"": 7, ""hum"": 35.2517, ""gas_res"": 16806.72}, {""temp"": 20.72697, ""step"": 6, ""status"": 1, ""pres"": 966.6259, ""meas_profile"": ""HP-6"", ""meas_id"": 6, ""hum"": 35.15783, ""gas_res"": 38953.13}, {""temp"": 20.62024, ""step"": 6, ""status"": 1, ""pres"": 966.3053, ""meas_profile"": ""HP-5"", ""meas_id"": 5, ""hum"": 35.33872, ""gas_res"": 174268.2}, {""temp"": 20.29955, ""step"": 6, ""status"": 1, ""pres"": 966.4849, ""meas_profile"": ""HP-4"", ""meas_id"": 4, ""hum"": 34.88489, ""gas_res"": 303317.5}, {""temp"": 20.47541, ""step"": 6, ""status"": 1, ""pres"": 966.1149, ""meas_profile"": ""HP-3"", ""meas_id"": 3, ""hum"": 35.38766, ""gas_res"": 105916.4}, {""temp"": 20.35511, ""step"": 6, ""status"": 1, ""pres"": 966.2482, ""meas_profile"": ""HP-2"", ""meas_id"": 2, ""hum"": 35.61552, ""gas_res"": 172856.2}, {""temp"": 20.12004, ""step"": 6, ""status"": 1, ""pres"": 966.3601, ""meas_profile"": ""HP-1"", ""meas_id"": 1, ""hum"": 34.04329, ""gas_res"": 135199.4}]}",NULL,"2025-10-27 11:30:18.154853"
12368,"04a600b9b0b8","2025-10-27 11:29:21","rP1YOtUg6ZqB1CRjfpls","{""bme688"": [{""temp"": 20.69723, ""step"": 5, ""status"": 1, ""pres"": 966.3166, ""meas_profile"": ""HP-8"", ""meas_id"": 8, ""hum"": 35.38693, ""gas_res"": 10392.98}, {""temp"": 20.66935, ""step"": 5, ""status"": 1, ""pres"": 966.4921, ""meas_profile"": ""HP-7"", ""meas_id"": 7, ""hum"": 35.26283, ""gas_res"": 16507.61}, {""temp"": 20.72419, ""step"": 5, ""status"": 1, ""pres"": 966.6266, ""meas_profile"": ""HP-6"", ""meas_id"": 6, ""hum"": 35.15756, ""gas_res"": 39024.39}, {""temp"": 20.61743, ""step"": 5, ""status"": 1, ""pres"": 966.3058, ""meas_profile"": ""HP-5"", ""meas_id"": 5, ""hum"": 35.33278, ""gas_res"": 174446.3}, {""temp"": 20.29613, ""step"": 5, ""status"": 1, ""pres"": 966.4843, ""meas_profile"": ""HP-4"", ""meas_id"": 4, ""hum"": 34.8673, ""gas_res"": 311625.1}, {""temp"": 20.47201, ""step"": 5, ""status"": 1, ""pres"": 966.1144, ""meas_profile"": ""HP-3"", ""meas_id"": 3, ""hum"": 35.3931, ""gas_res"": 105068.8}, {""temp"": 20.352, ""step"": 5, ""status"": 1, ""pres"": 966.2482, ""meas_profile"": ""HP-2"", ""meas_id"": 2, ""hum"": 35.62093, ""gas_res"": 170609.8}, {""temp"": 20.11662, ""step"": 5, ""status"": 1, ""pres"": 966.3602, ""meas_profile"": ""HP-1"", ""meas_id"": 1, ""hum"": 34.04882, ""gas_res"": 132883.5}]}",NULL,"2025-10-27 11:30:19.435976"
12369,"04a600b9b0b8","2025-10-27 11:29:21","rP1YOtUg6ZqB1CRjfpls","{""bme688"": [{""temp"": 20.69476, ""step"": 4, ""status"": 1, ""pres"": 966.3162, ""meas_profile"": ""HP-8"", ""meas_id"": 8, ""hum"": 35.39244, ""gas_res"": 10272.87}, {""temp"": 20.66656, ""step"": 4, ""status"": 1, ""pres"": 966.4925, ""meas_profile"": ""HP-7"", ""meas_id"": 7, ""hum"": 35.26823, ""gas_res"": 16243.66}, {""temp"": 20.72173, ""step"": 4, ""status"": 1, ""pres"": 966.6262, ""meas_profile"": ""HP-6"", ""meas_id"": 6, ""hum"": 35.16884, ""gas_res"": 39203.68}, {""temp"": 20.61493, ""step"": 4, ""status"": 1, ""pres"": 966.3067, ""meas_profile"": ""HP-5"", ""meas_id"": 5, ""hum"": 35.35529, ""gas_res"": 179586.1}, {""temp"": 20.29241, ""step"": 4, ""status"": 1, ""pres"": 966.4847, ""meas_profile"": ""HP-4"", ""meas_id"": 4, ""hum"": 34.87847, ""gas_res"": 332575.5}, {""temp"": 20.46861, ""step"": 4, ""status"": 1, ""pres"": 966.1141, ""meas_profile"": ""HP-3"", ""meas_id"": 3, ""hum"": 35.38125, ""gas_res"": 107382.5}, {""temp"": 20.34859, ""step"": 4, ""status"": 1, ""pres"": 966.2492, ""meas_profile"": ""HP-2"", ""meas_id"": 2, ""hum"": 35.6263, ""gas_res"": 171985.2}, {""temp"": 20.11319, ""step"": 4, ""status"": 1, ""pres"": 966.3603, ""meas_profile"": ""HP-1"", ""meas_id"": 1, ""hum"": 34.04266, ""gas_res"": 135306.5}]}",NULL,"2025-10-27 11:30:20.818399"
12370,"04a600b9b0b8","2025-10-27 11:29:21","rP1YOtUg6ZqB1CRjfpls","{""bme688"": [{""temp"": 20.69167, ""step"": 3, ""status"": 0, ""pres"": 966.3167, ""meas_profile"": ""HP-8"", ""meas_id"": 8, ""hum"": 35.39789, ""gas_res"": 6432.161}, {""temp"": 20.66376, ""step"": 3, ""status"": 0, ""pres"": 966.493, ""meas_profile"": ""HP-7"", ""meas_id"": 7, ""hum"": 35.29067, ""gas_res"": 8165.348}, {""temp"": 20.71864, ""step"": 3, ""status"": 0, ""pres"": 966.6264, ""meas_profile"": ""HP-6"", ""meas_id"": 6, ""hum"": 35.1743, ""gas_res"": 20665.16}, {""temp"": 20.6118, ""step"": 3, ""status"": 0, ""pres"": 966.3066, ""meas_profile"": ""HP-5"", ""meas_id"": 5, ""hum"": 35.34931, ""gas_res"": 54306.32}, {""temp"": 20.28899, ""step"": 3, ""status"": 0, ""pres"": 966.4858, ""meas_profile"": ""HP-4"", ""meas_id"": 4, ""hum"": 34.89543, ""gas_res"": 66805.84}, {""temp"": 20.4649, ""step"": 3, ""status"": 0, ""pres"": 966.1145, ""meas_profile"": ""HP-3"", ""meas_id"": 3, ""hum"": 35.40395, ""gas_res"": 40933.8}, {""temp"": 20.34486, ""step"": 3, ""status"": 0, ""pres"": 966.2499, ""meas_profile"": ""HP-2"", ""meas_id"": 2, ""hum"": 35.64304, ""gas_res"": 63054.19}, {""temp"": 20.10977, ""step"": 3, ""status"": 0, ""pres"": 966.3606, ""meas_profile"": ""HP-1"", ""meas_id"": 1, ""hum"": 34.05404, ""gas_res"": 42272.13}]}",NULL,"2025-10-27 11:30:22.01536"
12371,"04a600b9b0b8","2025-10-27 11:29:21","rP1YOtUg6ZqB1CRjfpls","{""bme688"": [{""temp"": 20.68889, ""step"": 2, ""status"": 1, ""pres"": 966.3158, ""meas_profile"": ""HP-8"", ""meas_id"": 8, ""hum"": 35.41486, ""gas_res"": 19674.15}, {""temp"": 20.66097, ""step"": 2, ""status"": 1, ""pres"": 966.4933, ""meas_profile"": ""HP-7"", ""meas_id"": 7, ""hum"": 35.28474, ""gas_res"": 27645.79}, {""temp"": 20.71586, ""step"": 2, ""status"": 1, ""pres"": 966.627, ""meas_profile"": ""HP-6"", ""meas_id"": 6, ""hum"": 35.17405, ""gas_res"": 110654.9}, {""temp"": 20.60899, ""step"": 2, ""status"": 1, ""pres"": 966.3055, ""meas_profile"": ""HP-5"", ""meas_id"": 5, ""hum"": 35.35474, ""gas_res"": 372906.0}, {""temp"": 20.28526, ""step"": 2, ""status"": 1, ""pres"": 966.4863, ""meas_profile"": ""HP-4"", ""meas_id"": 4, ""hum"": 34.91811, ""gas_res"": 683122.1}, {""temp"": 20.4615, ""step"": 2, ""status"": 1, ""pres"": 966.1141, ""meas_profile"": ""HP-3"", ""meas_id"": 3, ""hum"": 35.40364, ""gas_res"": 311909.8}, {""temp"": 20.34114, ""step"": 2, ""status"": 1, ""pres"": 966.2505, ""meas_profile"": ""HP-2"", ""meas_id"": 2, ""hum"": 35.6427, ""gas_res"": 533194.5}, {""temp"": 20.10604, ""step"": 2, ""status"": 1, ""pres"": 966.3621, ""meas_profile"": ""HP-1"", ""meas_id"": 1, ""hum"": 34.07124, ""gas_res"": 408945.7}]}",NULL,"2025-10-27 11:30:23.269606"
12372,"04a600b9b0b8","2025-10-27 11:29:21","rP1YOtUg6ZqB1CRjfpls","{""bme688"": [{""temp"": 20.68611, ""step"": 1, ""status"": 1, ""pres"": 966.3167, ""meas_profile"": ""HP-8"", ""meas_id"": 8, ""hum"": 35.41459, ""gas_res"": 7029.877}, {""temp"": 20.65848, ""step"": 1, ""status"": 1, ""pres"": 966.4942, ""meas_profile"": ""HP-7"", ""meas_id"": 7, ""hum"": 35.2845, ""gas_res"": 8585.994}, {""temp"": 20.71308, ""step"": 1, ""status"": 1, ""pres"": 966.6277, ""meas_profile"": ""HP-6"", ""meas_id"": 6, ""hum"": 35.16227, ""gas_res"": 25000.0}, {""temp"": 20.60617, ""step"": 1, ""status"": 1, ""pres"": 966.3058, ""meas_profile"": ""HP-5"", ""meas_id"": 5, ""hum"": 35.36584, ""gas_res"": 100000.0}, {""temp"": 20.28215, ""step"": 1, ""status"": 1, ""pres"": 966.4861, ""meas_profile"": ""HP-4"", ""meas_id"": 4, ""hum"": 34.91207, ""gas_res"": 109589.0}, {""temp"": 20.45841, ""step"": 1, ""status"": 1, ""pres"": 966.1157, ""meas_profile"": ""HP-3"", ""meas_id"": 3, ""hum"": 35.42063, ""gas_res"": 37982.2}, {""temp"": 20.33772, ""step"": 1, ""status"": 1, ""pres"": 966.2518, ""meas_profile"": ""HP-2"", ""meas_id"": 2, ""hum"": 35.64237, ""gas_res"": 100000.0}, {""temp"": 20.10261, ""step"": 1, ""status"": 1, ""pres"": 966.3622, ""meas_profile"": ""HP-1"", ""meas_id"": 1, ""hum"": 34.0534, ""gas_res"": 39751.55}]}",NULL,"2025-10-27 11:30:24.548728"
12373,"04a600b9b0b8","2025-10-27 11:29:21","rP1YOtUg6ZqB1CRjfpls","{""bme688"": [{""temp"": 20.68302, ""step"": 0, ""status"": 1, ""pres"": 966.3171, ""meas_profile"": ""HP-8"", ""meas_id"": 8, ""hum"": 35.40282, ""gas_res"": 5684.846}, {""temp"": 20.65538, ""step"": 0, ""status"": 1, ""pres"": 966.4941, ""meas_profile"": ""HP-7"", ""meas_id"": 7, ""hum"": 35.28421, ""gas_res"": 5684.846}, {""temp"": 20.7103, ""step"": 0, ""status"": 1, ""pres"": 966.6285, ""meas_profile"": ""HP-6"", ""meas_id"": 6, ""hum"": 35.17353, ""gas_res"": 8273.01}, {""temp"": 20.60336, ""step"": 0, ""status"": 1, ""pres"": 966.3064, ""meas_profile"": ""HP-5"", ""meas_id"": 5, ""hum"": 35.40541, ""gas_res"": 25000.0}, {""temp"": 20.27874, ""step"": 0, ""status"": 1, ""pres"": 966.4872, ""meas_profile"": ""HP-4"", ""meas_id"": 4, ""hum"": 34.91751, ""gas_res"": 25000.0}, {""temp"": 20.455, ""step"": 0, ""status"": 1, ""pres"": 966.1154, ""meas_profile"": ""HP-3"", ""meas_id"": 3, ""hum"": 35.41455, ""gas_res"": 9546.539}, {""temp"": 20.3343, ""step"": 0, ""status"": 1, ""pres"": 966.2528, ""meas_profile"": ""HP-2"", ""meas_id"": 2, ""hum"": 35.64205, ""gas_res"": 11704.46}, {""temp"": 20.09919, ""step"": 0, ""status"": 1, ""pres"": 966.3622, ""meas_profile"": ""HP-1"", ""meas_id"": 1, ""hum"": 34.06477, ""gas_res"": 9598.08}]}",NULL,"2025-10-27 11:30:25.948544"
12374,"04a600b9b0b8","2025-10-27 11:28:54","rP1YOtUg6ZqB1CRjfpls","{""zphs01b"": {""voc"": 0, ""temp"": 18.8, ""pm2_5"": 0, ""pm1_0"": 0, ""pm10"": 346, ""o3"": 0.02, ""no2"": 8.86, ""hum"": 0, ""fmhd"": 0, ""co2"": 5000, ""co"": 0.0}, ""smell_b"": {}, ""sfa30"": {""temp"": 20.98, ""hum"": 35.99, ""fmhd"": 1.0}, ""sen5x"": {""voc"": 100.0, ""temp"": 20.785, ""pm4_0"": 4393.0, ""pm2_5"": 4393.0, ""pm1_0"": 4188.9, ""pm10"": 4393.0, ""nox"": 1.0, ""mass_c"": 4341.975, ""hum"": 41.54}, ""scd41"": {""temp"": 20.59129, ""hum"": 38.14756, ""co2"": 592}, ""power_source"": 0, ""mics6814"": {""red_res"": 0, ""no2_res"": 0, ""no2"": 0.17, ""nh3_res"": 0, ""nh3"": 0.73, ""co_res"": 0, ""co"": 44.0}}",NULL,"2025-10-27 11:30:27.013736"
12375,"04a600b9b0b8","2025-10-27 11:28:54","rP1YOtUg6ZqB1CRjfpls","{""bme688"": [{""temp"": 20.68024, ""step"": 9, ""status"": 1, ""pres"": 966.3162, ""meas_profile"": ""HP-8"", ""meas_id"": 8, ""hum"": 35.4083, ""gas_res"": 5684.846}, {""temp"": 20.65227, ""step"": 9, ""status"": 1, ""pres"": 966.4942, ""meas_profile"": ""HP-7"", ""meas_id"": 7, ""hum"": 35.29527, ""gas_res"": 5684.846}, {""temp"": 20.70753, ""step"": 9, ""status"": 1, ""pres"": 966.6292, ""meas_profile"": ""HP-6"", ""meas_id"": 6, ""hum"": 35.19054, ""gas_res"": 7279.345}, {""temp"": 20.60085, ""step"": 9, ""status"": 1, ""pres"": 966.3073, ""meas_profile"": ""HP-5"", ""meas_id"": 5, ""hum"": 35.35966, ""gas_res"": 25000.0}, {""temp"": 20.27532, ""step"": 9, ""status"": 1, ""pres"": 966.4866, ""meas_profile"": ""HP-4"", ""meas_id"": 4, ""hum"": 34.89416, ""gas_res"": 25000.0}, {""temp"": 20.45191, ""step"": 9, ""status"": 1, ""pres"": 966.117, ""meas_profile"": ""HP-3"", ""meas_id"": 3, ""hum"": 35.4085, ""gas_res"": 9738.283}, {""temp"": 20.33089, ""step"": 9, ""status"": 1, ""pres"": 966.2539, ""meas_profile"": ""HP-2"", ""meas_id"": 2, ""hum"": 35.65882, ""gas_res"": 11026.88}, {""temp"": 20.09608, ""step"": 9, ""status"": 1, ""pres"": 966.3629, ""meas_profile"": ""HP-1"", ""meas_id"": 1, ""hum"": 34.0528, ""gas_res"": 9122.007}]}",NULL,"2025-10-27 11:30:28.408992"
12376,"04a600b9b0b8","2025-10-27 11:28:54","rP1YOtUg6ZqB1CRjfpls","{""bme688"": [{""temp"": 20.67715, ""step"": 8, ""status"": 1, ""pres"": 966.3167, ""meas_profile"": ""HP-8"", ""meas_id"": 8, ""hum"": 35.40801, ""gas_res"": 5684.846}, {""temp"": 20.64917, ""step"": 8, ""status"": 1, ""pres"": 966.4924, ""meas_profile"": ""HP-7"", ""meas_id"": 7, ""hum"": 35.30634, ""gas_res"": 5684.846}, {""temp"": 20.70475, ""step"": 8, ""status"": 1, ""pres"": 966.6298, ""meas_profile"": ""HP-6"", ""meas_id"": 6, ""hum"": 35.19028, ""gas_res"": 7650.012}, {""temp"": 20.59804, ""step"": 8, ""status"": 1, ""pres"": 966.306, ""meas_profile"": ""HP-5"", ""meas_id"": 5, ""hum"": 35.3594, ""gas_res"": 25000.0}, {""temp"": 20.27221, ""step"": 8, ""status"": 1, ""pres"": 966.4882, ""meas_profile"": ""HP-4"", ""meas_id"": 4, ""hum"": 34.91115, ""gas_res"": 25000.0}, {""temp"": 20.44851, ""step"": 8, ""status"": 1, ""pres"": 966.1166, ""meas_profile"": ""HP-3"", ""meas_id"": 3, ""hum"": 35.41971, ""gas_res"": 8747.949}, {""temp"": 20.32747, ""step"": 8, ""status"": 1, ""pres"": 966.2551, ""meas_profile"": ""HP-2"", ""meas_id"": 2, ""hum"": 35.6642, ""gas_res"": 11049.72}, {""temp"": 20.09265, ""step"": 8, ""status"": 1, ""pres"": 966.365, ""meas_profile"": ""HP-1"", ""meas_id"": 1, ""hum"": 34.07003, ""gas_res"": 8953.554}]}",NULL,"2025-10-27 11:30:29.66929"
12377,"04a600b9b0b8","2025-10-27 11:28:54","rP1YOtUg6ZqB1CRjfpls","{""bme688"": [{""temp"": 20.67407, ""step"": 7, ""status"": 1, ""pres"": 966.3172, ""meas_profile"": ""HP-8"", ""meas_id"": 8, ""hum"": 35.4192, ""gas_res"": 5684.846}, {""temp"": 20.64606, ""step"": 7, ""status"": 1, ""pres"": 966.4922, ""meas_profile"": ""HP-7"", ""meas_id"": 7, ""hum"": 35.28334, ""gas_res"": 5684.846}, {""temp"": 20.70228, ""step"": 7, ""status"": 1, ""pres"": 966.6311, ""meas_profile"": ""HP-6"", ""meas_id"": 6, ""hum"": 35.19004, ""gas_res"": 7600.95}, {""temp"": 20.59523, ""step"": 7, ""status"": 1, ""pres"": 966.3064, ""meas_profile"": ""HP-5"", ""meas_id"": 5, ""hum"": 35.36482, ""gas_res"": 25000.0}, {""temp"": 20.2688, ""step"": 7, ""status"": 1, ""pres"": 966.4892, ""meas_profile"": ""HP-4"", ""meas_id"": 4, ""hum"": 34.92811, ""gas_res"": 25000.0}, {""temp"": 20.44542, ""step"": 7, ""status"": 1, ""pres"": 966.1182, ""meas_profile"": ""HP-3"", ""meas_id"": 3, ""hum"": 35.42517, ""gas_res"": 7783.994}, {""temp"": 20.32406, ""step"": 7, ""status"": 1, ""pres"": 966.2563, ""meas_profile"": ""HP-2"", ""meas_id"": 2, ""hum"": 35.65818, ""gas_res"": 10165.18}, {""temp"": 20.08923, ""step"": 7, ""status"": 1, ""pres"": 966.3651, ""meas_profile"": ""HP-1"", ""meas_id"": 1, ""hum"": 34.07557, ""gas_res"": 8196.722}]}",NULL,"2025-10-27 11:30:31.055238"
12378,"04a600b9b0b8","2025-10-27 11:28:54","rP1YOtUg6ZqB1CRjfpls","{""bme688"": [{""temp"": 20.67159, ""step"": 6, ""status"": 1, ""pres"": 966.3186, ""meas_profile"": ""HP-8"", ""meas_id"": 8, ""hum"": 35.43046, ""gas_res"": 10272.87}, {""temp"": 20.64327, ""step"": 6, ""status"": 1, ""pres"": 966.4927, ""meas_profile"": ""HP-7"", ""meas_id"": 7, ""hum"": 35.29443, ""gas_res"": 16268.43}, {""temp"": 20.6995, ""step"": 6, ""status"": 1, ""pres"": 966.6317, ""meas_profile"": ""HP-6"", ""meas_id"": 6, ""hum"": 35.18403, ""gas_res"": 35516.09}, {""temp"": 20.59272, ""step"": 6, ""status"": 1, ""pres"": 966.3074, ""meas_profile"": ""HP-5"", ""meas_id"": 5, ""hum"": 35.38166, ""gas_res"": 152471.7}, {""temp"": 20.26569, ""step"": 6, ""status"": 1, ""pres"": 966.4891, ""meas_profile"": ""HP-4"", ""meas_id"": 4, ""hum"": 34.92207, ""gas_res"": 182271.3}, {""temp"": 20.44201, ""step"": 6, ""status"": 1, ""pres"": 966.1195, ""meas_profile"": ""HP-3"", ""meas_id"": 3, ""hum"": 35.43062, ""gas_res"": 100000.0}, {""temp"": 20.32064, ""step"": 6, ""status"": 1, ""pres"": 966.2556, ""meas_profile"": ""HP-2"", ""meas_id"": 2, ""hum"": 35.66356, ""gas_res"": 141358.4}, {""temp"": 20.08519, ""step"": 6, ""status"": 1, ""pres"": 966.366, ""meas_profile"": ""HP-1"", ""meas_id"": 1, ""hum"": 34.08105, ""gas_res"": 109730.0}]}",NULL,"2025-10-27 11:30:32.235665"
12379,"04a600b9b0b8","2025-10-27 11:28:54","rP1YOtUg6ZqB1CRjfpls","{""bme688"": [{""temp"": 20.66882, ""step"": 5, ""status"": 1, ""pres"": 966.3195, ""meas_profile"": ""HP-8"", ""meas_id"": 8, ""hum"": 35.43594, ""gas_res"": 10165.18}, {""temp"": 20.64047, ""step"": 5, ""status"": 1, ""pres"": 966.4931, ""meas_profile"": ""HP-7"", ""meas_id"": 7, ""hum"": 35.29417, ""gas_res"": 16036.08}, {""temp"": 20.69672, ""step"": 5, ""status"": 1, ""pres"": 966.6324, ""meas_profile"": ""HP-6"", ""meas_id"": 6, ""hum"": 35.21255, ""gas_res"": 35222.89}, {""temp"": 20.58991, ""step"": 5, ""status"": 1, ""pres"": 966.3078, ""meas_profile"": ""HP-5"", ""meas_id"": 5, ""hum"": 35.38139, ""gas_res"": 151389.7}, {""temp"": 20.26228, ""step"": 5, ""status"": 1, ""pres"": 966.4902, ""meas_profile"": ""HP-4"", ""meas_id"": 4, ""hum"": 34.92175, ""gas_res"": 182076.8}, {""temp"": 20.43892, ""step"": 5, ""status"": 1, ""pres"": 966.1194, ""meas_profile"": ""HP-3"", ""meas_id"": 3, ""hum"": 35.45339, ""gas_res"": 100000.0}, {""temp"": 20.31723, ""step"": 5, ""status"": 1, ""pres"": 966.2569, ""meas_profile"": ""HP-2"", ""meas_id"": 2, ""hum"": 35.67463, ""gas_res"": 136496.9}, {""temp"": 20.08145, ""step"": 5, ""status"": 1, ""pres"": 966.3658, ""meas_profile"": ""HP-1"", ""meas_id"": 1, ""hum"": 34.0924, ""gas_res"": 104553.8}]}",NULL,"2025-10-27 11:30:33.508993"
12380,"04a600b9b0b8","2025-10-27 11:28:54","rP1YOtUg6ZqB1CRjfpls","{""bme688"": [{""temp"": 20.66604, ""step"": 4, ""status"": 1, ""pres"": 966.3204, ""meas_profile"": ""HP-8"", ""meas_id"": 8, ""hum"": 35.45865, ""gas_res"": 10097.82}, {""temp"": 20.63737, ""step"": 4, ""status"": 1, ""pres"": 966.493, ""meas_profile"": ""HP-7"", ""meas_id"": 7, ""hum"": 35.32793, ""gas_res"": 15857.28}, {""temp"": 20.69394, ""step"": 4, ""status"": 1, ""pres"": 966.6332, ""meas_profile"": ""HP-6"", ""meas_id"": 6, ""hum"": 35.19502, ""gas_res"": 35545.68}, {""temp"": 20.5871, ""step"": 4, ""status"": 1, ""pres"": 966.3082, ""meas_profile"": ""HP-5"", ""meas_id"": 5, ""hum"": 35.38113, ""gas_res"": 154263.3}, {""temp"": 20.25855, ""step"": 4, ""status"": 1, ""pres"": 966.4907, ""meas_profile"": ""HP-4"", ""meas_id"": 4, ""hum"": 34.93291, ""gas_res"": 248906.2}, {""temp"": 20.43552, ""step"": 4, ""status"": 1, ""pres"": 966.1206, ""meas_profile"": ""HP-3"", ""meas_id"": 3, ""hum"": 35.45883, ""gas_res"": 100000.0}, {""temp"": 20.31381, ""step"": 4, ""status"": 1, ""pres"": 966.2598, ""meas_profile"": ""HP-2"", ""meas_id"": 2, ""hum"": 35.67431, ""gas_res"": 134772.3}, {""temp"": 20.07772, ""step"": 4, ""status"": 1, ""pres"": 966.3655, ""meas_profile"": ""HP-1"", ""meas_id"": 1, ""hum"": 34.10376, ""gas_res"": 103163.4}]}",NULL,"2025-10-27 11:30:34.795765"
12381,"04a600b9b0b8","2025-10-27 11:28:54","rP1YOtUg6ZqB1CRjfpls","{""bme688"": [{""temp"": 20.66326, ""step"": 3, ""status"": 0, ""pres"": 966.3196, ""meas_profile"": ""HP-8"", ""meas_id"": 8, ""hum"": 35.45264, ""gas_res"": 6482.982}, {""temp"": 20.63457, ""step"": 3, ""status"": 0, ""pres"": 966.4934, ""meas_profile"": ""HP-7"", ""meas_id"": 7, ""hum"": 35.33903, ""gas_res"": 8152.866}, {""temp"": 20.69086, ""step"": 3, ""status"": 0, ""pres"": 966.6334, ""meas_profile"": ""HP-6"", ""meas_id"": 6, ""hum"": 35.21777, ""gas_res"": 19265.5}, {""temp"": 20.58397, ""step"": 3, ""status"": 0, ""pres"": 966.3082, ""meas_profile"": ""HP-5"", ""meas_id"": 5, ""hum"": 35.39791, ""gas_res"": 48724.78}, {""temp"": 20.25482, ""step"": 3, ""status"": 0, ""pres"": 966.4913, ""meas_profile"": ""HP-4"", ""meas_id"": 4, ""hum"": 34.96137, ""gas_res"": 54271.78}, {""temp"": 20.4315, ""step"": 3, ""status"": 0, ""pres"": 966.1208, ""meas_profile"": ""HP-3"", ""meas_id"": 3, ""hum"": 35.45845, ""gas_res"": 33639.95}, {""temp"": 20.30977, ""step"": 3, ""status"": 0, ""pres"": 966.2599, ""meas_profile"": ""HP-2"", ""meas_id"": 2, ""hum"": 35.69102, ""gas_res"": 51148.85}, {""temp"": 20.07367, ""step"": 3, ""status"": 0, ""pres"": 966.3665, ""meas_profile"": ""HP-1"", ""meas_id"": 1, ""hum"": 34.10339, ""gas_res"": 34261.24}]}",NULL,"2025-10-27 11:30:36.165941"
12382,"04a600b9b0b8","2025-10-27 11:28:54","rP1YOtUg6ZqB1CRjfpls","{""bme688"": [{""temp"": 20.66017, ""step"": 2, ""status"": 1, ""pres"": 966.3199, ""meas_profile"": ""HP-8"", ""meas_id"": 8, ""hum"": 35.47533, ""gas_res"": 21761.31}, {""temp"": 20.63178, ""step"": 2, ""status"": 1, ""pres"": 966.4939, ""meas_profile"": ""HP-7"", ""meas_id"": 7, ""hum"": 35.33308, ""gas_res"": 30688.08}, {""temp"": 20.68777, ""step"": 2, ""status"": 1, ""pres"": 966.6336, ""meas_profile"": ""HP-6"", ""meas_id"": 6, ""hum"": 35.23474, ""gas_res"": 114978.7}, {""temp"": 20.58084, ""step"": 2, ""status"": 1, ""pres"": 966.3081, ""meas_profile"": ""HP-5"", ""meas_id"": 5, ""hum"": 35.42037, ""gas_res"": 374542.8}, {""temp"": 20.25109, ""step"": 2, ""status"": 1, ""pres"": 966.4917, ""meas_profile"": ""HP-4"", ""meas_id"": 4, ""hum"": 34.95527, ""gas_res"": 575442.6}, {""temp"": 20.4281, ""step"": 2, ""status"": 1, ""pres"": 966.122, ""meas_profile"": ""HP-3"", ""meas_id"": 3, ""hum"": 35.47543, ""gas_res"": 265974.0}, {""temp"": 20.30605, ""step"": 2, ""status"": 1, ""pres"": 966.2604, ""meas_profile"": ""HP-2"", ""meas_id"": 2, ""hum"": 35.70207, ""gas_res"": 448729.2}, {""temp"": 20.06993, ""step"": 2, ""status"": 1, ""pres"": 966.366, ""meas_profile"": ""HP-1"", ""meas_id"": 1, ""hum"": 34.1089, ""gas_res"": 336178.6}]}",NULL,"2025-10-27 11:30:37.356956"
12383,"04a600b9b0b8","2025-10-27 11:28:54","rP1YOtUg6ZqB1CRjfpls","{""bme688"": [{""temp"": 20.65739, ""step"": 1, ""status"": 1, ""pres"": 966.3209, ""meas_profile"": ""HP-8"", ""meas_id"": 8, ""hum"": 35.46358, ""gas_res"": 7123.775}, {""temp"": 20.62899, ""step"": 1, ""status"": 1, ""pres"": 966.4944, ""meas_profile"": ""HP-7"", ""meas_id"": 7, ""hum"": 35.34986, ""gas_res"": 8606.778}, {""temp"": 20.68499, ""step"": 1, ""status"": 1, ""pres"": 966.6343, ""meas_profile"": ""HP-6"", ""meas_id"": 6, ""hum"": 35.23449, ""gas_res"": 25000.0}, {""temp"": 20.57834, ""step"": 1, ""status"": 1, ""pres"": 966.309, ""meas_profile"": ""HP-5"", ""meas_id"": 5, ""hum"": 35.41445, ""gas_res"": 43345.75}, {""temp"": 20.24768, ""step"": 1, ""status"": 1, ""pres"": 966.4927, ""meas_profile"": ""HP-4"", ""meas_id"": 4, ""hum"": 34.96071, ""gas_res"": 100000.0}, {""temp"": 20.4247, ""step"": 1, ""status"": 1, ""pres"": 966.1232, ""meas_profile"": ""HP-3"", ""meas_id"": 3, ""hum"": 35.46934, ""gas_res"": 28725.31}, {""temp"": 20.30232, ""step"": 1, ""status"": 1, ""pres"": 966.2611, ""meas_profile"": ""HP-2"", ""meas_id"": 2, ""hum"": 35.71881, ""gas_res"": 40125.39}, {""temp"": 20.06651, ""step"": 1, ""status"": 1, ""pres"": 966.368, ""meas_profile"": ""HP-1"", ""meas_id"": 1, ""hum"": 34.10274, ""gas_res"": 29438.82}]}",NULL,"2025-10-27 11:30:38.640856"
12384,"04a600b9b0b8","2025-10-27 11:28:54","rP1YOtUg6ZqB1CRjfpls","{""bme688"": [{""temp"": 20.6543, ""step"": 0, ""status"": 1, ""pres"": 966.3212, ""meas_profile"": ""HP-8"", ""meas_id"": 8, ""hum"": 35.48053, ""gas_res"": 5684.846}, {""temp"": 20.62588, ""step"": 0, ""status"": 1, ""pres"": 966.4958, ""meas_profile"": ""HP-7"", ""meas_id"": 7, ""hum"": 35.35524, ""gas_res"": 5684.846}, {""temp"": 20.68252, ""step"": 0, ""status"": 1, ""pres"": 966.6356, ""meas_profile"": ""HP-6"", ""meas_id"": 6, ""hum"": 35.25153, ""gas_res"": 8140.422}, {""temp"": 20.57553, ""step"": 0, ""status"": 1, ""pres"": 966.3094, ""meas_profile"": ""HP-5"", ""meas_id"": 5, ""hum"": 35.40849, ""gas_res"": 25000.0}, {""temp"": 20.24426, ""step"": 0, ""status"": 1, ""pres"": 966.4938, ""meas_profile"": ""HP-4"", ""meas_id"": 4, ""hum"": 34.97192, ""gas_res"": 25000.0}, {""temp"": 20.4213, ""step"": 0, ""status"": 1, ""pres"": 966.1243, ""meas_profile"": ""HP-3"", ""meas_id"": 3, ""hum"": 35.48056, ""gas_res"": 7606.37}, {""temp"": 20.29891, ""step"": 0, ""status"": 1, ""pres"": 966.2621, ""meas_profile"": ""HP-2"", ""meas_id"": 2, ""hum"": 35.7014, ""gas_res"": 9606.725}, {""temp"": 20.06309, ""step"": 0, ""status"": 1, ""pres"": 966.3683, ""meas_profile"": ""HP-1"", ""meas_id"": 1, ""hum"": 34.12582, ""gas_res"": 7772.65}]}",NULL,"2025-10-27 11:30:39.916244"
12385,"04a600b9b0b8","2025-10-27 11:30:52","rP1YOtUg6ZqB1CRjfpls","{""zphs01b"": {""voc"": 0, ""temp"": 19.0, ""pm2_5"": 0, ""pm1_0"": 0, ""pm10"": 362, ""o3"": 0.02, ""no2"": 10.0, ""hum"": 0, ""fmhd"": 0, ""co2"": 5000, ""co"": 0.0}, ""smell_b"": {}, ""sfa30"": {""temp"": 21.05, ""hum"": 35.87, ""fmhd"": 1.0}, ""sen5x"": {""voc"": 96.0, ""temp"": 20.76, ""pm4_0"": 4575.5, ""pm2_5"": 4575.5, ""pm1_0"": 4363.0, ""pm10"": 4575.5, ""nox"": 1.0, ""mass_c"": 4522.375, ""hum"": 41.75}, ""scd41"": {""temp"": 20.80225, ""hum"": 37.92935, ""co2"": 594}, ""power_source"": 0, ""mics6814"": {""red_res"": 0, ""no2_res"": 0, ""no2"": 0.17, ""nh3_res"": 0, ""nh3"": 0.73, ""co_res"": 0, ""co"": 44.0}}",NULL,"2025-10-27 11:31:43.467055"
12386,"04a600b9b0b8","2025-10-27 11:30:52","rP1YOtUg6ZqB1CRjfpls","{""bme688"": [{""temp"": 20.76641, ""step"": 9, ""status"": 1, ""pres"": 966.309, ""meas_profile"": ""HP-8"", ""meas_id"": 8, ""hum"": 35.30158, ""gas_res"": 5684.846}, {""temp"": 20.73953, ""step"": 9, ""status"": 1, ""pres"": 966.4869, ""meas_profile"": ""HP-7"", ""meas_id"": 7, ""hum"": 35.16726, ""gas_res"": 5684.846}, {""temp"": 20.7918, ""step"": 9, ""status"": 1, ""pres"": 966.613, ""meas_profile"": ""HP-6"", ""meas_id"": 6, ""hum"": 35.07182, ""gas_res"": 8000.0}, {""temp"": 20.68466, ""step"": 9, ""status"": 1, ""pres"": 966.2999, ""meas_profile"": ""HP-5"", ""meas_id"": 5, ""hum"": 35.23103, ""gas_res"": 25000.0}, {""temp"": 20.37907, ""step"": 9, ""status"": 1, ""pres"": 966.474, ""meas_profile"": ""HP-4"", ""meas_id"": 4, ""hum"": 34.80014, ""gas_res"": 25000.0}, {""temp"": 20.55241, ""step"": 9, ""status"": 1, ""pres"": 966.1006, ""meas_profile"": ""HP-3"", ""meas_id"": 3, ""hum"": 35.27391, ""gas_res"": 18974.21}, {""temp"": 20.43553, ""step"": 9, ""status"": 1, ""pres"": 966.2285, ""meas_profile"": ""HP-2"", ""meas_id"": 2, ""hum"": 35.53197, ""gas_res"": 21607.02}, {""temp"": 20.20127, ""step"": 9, ""status"": 1, ""pres"": 966.3457, ""meas_profile"": ""HP-1"", ""meas_id"": 1, ""hum"": 33.95713, ""gas_res"": 11235.96}]}",NULL,"2025-10-27 11:31:44.64849"
12387,"04a600b9b0b8","2025-10-27 11:30:52","rP1YOtUg6ZqB1CRjfpls","{""bme688"": [{""temp"": 20.76332, ""step"": 8, ""status"": 1, ""pres"": 966.3094, ""meas_profile"": ""HP-8"", ""meas_id"": 8, ""hum"": 35.29556, ""gas_res"": 5684.846}, {""temp"": 20.73673, ""step"": 8, ""status"": 1, ""pres"": 966.4874, ""meas_profile"": ""HP-7"", ""meas_id"": 7, ""hum"": 35.18402, ""gas_res"": 5684.846}, {""temp"": 20.78933, ""step"": 8, ""status"": 1, ""pres"": 966.6125, ""meas_profile"": ""HP-6"", ""meas_id"": 6, ""hum"": 35.04858, ""gas_res"": 8470.09}, {""temp"": 20.68216, ""step"": 8, ""status"": 1, ""pres"": 966.3008, ""meas_profile"": ""HP-5"", ""meas_id"": 5, ""hum"": 35.24784, ""gas_res"": 25000.0}, {""temp"": 20.37596, ""step"": 8, ""status"": 1, ""pres"": 966.4755, ""meas_profile"": ""HP-4"", ""meas_id"": 4, ""hum"": 34.77684, ""gas_res"": 25000.0}, {""temp"": 20.54932, ""step"": 8, ""status"": 1, ""pres"": 966.1024, ""meas_profile"": ""HP-3"", ""meas_id"": 3, ""hum"": 35.29665, ""gas_res"": 10992.79}, {""temp"": 20.43212, ""step"": 8, ""status"": 1, ""pres"": 966.228, ""meas_profile"": ""HP-2"", ""meas_id"": 2, ""hum"": 35.53733, ""gas_res"": 21541.57}, {""temp"": 20.19815, ""step"": 8, ""status"": 1, ""pres"": 966.3464, ""meas_profile"": ""HP-1"", ""meas_id"": 1, ""hum"": 33.96269, ""gas_res"": 11331.44}]}",NULL,"2025-10-27 11:31:45.929096"
12388,"04a600b9b0b8","2025-10-27 11:30:52","rP1YOtUg6ZqB1CRjfpls","{""bme688"": [{""temp"": 20.76023, ""step"": 7, ""status"": 1, ""pres"": 966.3098, ""meas_profile"": ""HP-8"", ""meas_id"": 8, ""hum"": 35.28953, ""gas_res"": 5684.846}, {""temp"": 20.73332, ""step"": 7, ""status"": 1, ""pres"": 966.4869, ""meas_profile"": ""HP-7"", ""meas_id"": 7, ""hum"": 35.17803, ""gas_res"": 5684.846}, {""temp"": 20.78655, ""step"": 7, ""status"": 1, ""pres"": 966.6131, ""meas_profile"": ""HP-6"", ""meas_id"": 6, ""hum"": 35.07132, ""gas_res"": 8449.96}, {""temp"": 20.67934, ""step"": 7, ""status"": 1, ""pres"": 966.3013, ""meas_profile"": ""HP-5"", ""meas_id"": 5, ""hum"": 35.25327, ""gas_res"": 25000.0}, {""temp"": 20.37285, ""step"": 7, ""status"": 1, ""pres"": 966.4755, ""meas_profile"": ""HP-4"", ""meas_id"": 4, ""hum"": 34.79381, ""gas_res"": 25000.0}, {""temp"": 20.54623, ""step"": 7, ""status"": 1, ""pres"": 966.1025, ""meas_profile"": ""HP-3"", ""meas_id"": 3, ""hum"": 35.2906, ""gas_res"": 10126.58}, {""temp"": 20.4287, ""step"": 7, ""status"": 1, ""pres"": 966.2291, ""meas_profile"": ""HP-2"", ""meas_id"": 2, ""hum"": 35.53701, ""gas_res"": 20081.58}, {""temp"": 20.19473, ""step"": 7, ""status"": 1, ""pres"": 966.3466, ""meas_profile"": ""HP-1"", ""meas_id"": 1, ""hum"": 33.96823, ""gas_res"": 10536.71}]}",NULL,"2025-10-27 11:31:48.021032"
12422,"04a600b9b0b8","2025-10-27 11:30:52","rP1YOtUg6ZqB1CRjfpls","{""zphs01b"": {""voc"": 0, ""temp"": 19.0, ""pm2_5"": 0, ""pm1_0"": 0, ""pm10"": 362, ""o3"": 0.02, ""no2"": 10.0, ""hum"": 0, ""fmhd"": 0, ""co2"": 5000, ""co"": 0.0}, ""smell_b"": {}, ""sfa30"": {""temp"": 21.05, ""hum"": 35.87, ""fmhd"": 1.0}, ""sen5x"": {""voc"": 96.0, ""temp"": 20.76, ""pm4_0"": 4575.5, ""pm2_5"": 4575.5, ""pm1_0"": 4363.0, ""pm10"": 4575.5, ""nox"": 1.0, ""mass_c"": 4522.375, ""hum"": 41.75}, ""scd41"": {""temp"": 20.80225, ""hum"": 37.92935, ""co2"": 594}, ""power_source"": 0, ""mics6814"": {""red_res"": 0, ""no2_res"": 0, ""no2"": 0.17, ""nh3_res"": 0, ""nh3"": 0.73, ""co_res"": 0, ""co"": 44.0}}",NULL,"2025-10-27 11:39:59.269014"
12423,"04a600b9b0b8","2025-10-27 11:30:52","rP1YOtUg6ZqB1CRjfpls","{""bme688"": [{""temp"": 20.76641, ""step"": 9, ""status"": 1, ""pres"": 966.309, ""meas_profile"": ""HP-8"", ""meas_id"": 8, ""hum"": 35.30158, ""gas_res"": 5684.846}, {""temp"": 20.73953, ""step"": 9, ""status"": 1, ""pres"": 966.4869, ""meas_profile"": ""HP-7"", ""meas_id"": 7, ""hum"": 35.16726, ""gas_res"": 5684.846}, {""temp"": 20.7918, ""step"": 9, ""status"": 1, ""pres"": 966.613, ""meas_profile"": ""HP-6"", ""meas_id"": 6, ""hum"": 35.07182, ""gas_res"": 8000.0}, {""temp"": 20.68466, ""step"": 9, ""status"": 1, ""pres"": 966.2999, ""meas_profile"": ""HP-5"", ""meas_id"": 5, ""hum"": 35.23103, ""gas_res"": 25000.0}, {""temp"": 20.37907, ""step"": 9, ""status"": 1, ""pres"": 966.474, ""meas_profile"": ""HP-4"", ""meas_id"": 4, ""hum"": 34.80014, ""gas_res"": 25000.0}, {""temp"": 20.55241, ""step"": 9, ""status"": 1, ""pres"": 966.1006, ""meas_profile"": ""HP-3"", ""meas_id"": 3, ""hum"": 35.27391, ""gas_res"": 18974.21}, {""temp"": 20.43553, ""step"": 9, ""status"": 1, ""pres"": 966.2285, ""meas_profile"": ""HP-2"", ""meas_id"": 2, ""hum"": 35.53197, ""gas_res"": 21607.02}, {""temp"": 20.20127, ""step"": 9, ""status"": 1, ""pres"": 966.3457, ""meas_profile"": ""HP-1"", ""meas_id"": 1, ""hum"": 33.95713, ""gas_res"": 11235.96}]}",NULL,"2025-10-27 11:40:00.5579"
12424,"04a600b9b0b8","2025-10-27 11:30:52","rP1YOtUg6ZqB1CRjfpls","{""bme688"": [{""temp"": 20.76332, ""step"": 8, ""status"": 1, ""pres"": 966.3094, ""meas_profile"": ""HP-8"", ""meas_id"": 8, ""hum"": 35.29556, ""gas_res"": 5684.846}, {""temp"": 20.73673, ""step"": 8, ""status"": 1, ""pres"": 966.4874, ""meas_profile"": ""HP-7"", ""meas_id"": 7, ""hum"": 35.18402, ""gas_res"": 5684.846}, {""temp"": 20.78933, ""step"": 8, ""status"": 1, ""pres"": 966.6125, ""meas_profile"": ""HP-6"", ""meas_id"": 6, ""hum"": 35.04858, ""gas_res"": 8470.09}, {""temp"": 20.68216, ""step"": 8, ""status"": 1, ""pres"": 966.3008, ""meas_profile"": ""HP-5"", ""meas_id"": 5, ""hum"": 35.24784, ""gas_res"": 25000.0}, {""temp"": 20.37596, ""step"": 8, ""status"": 1, ""pres"": 966.4755, ""meas_profile"": ""HP-4"", ""meas_id"": 4, ""hum"": 34.77684, ""gas_res"": 25000.0}, {""temp"": 20.54932, ""step"": 8, ""status"": 1, ""pres"": 966.1024, ""meas_profile"": ""HP-3"", ""meas_id"": 3, ""hum"": 35.29665, ""gas_res"": 10992.79}, {""temp"": 20.43212, ""step"": 8, ""status"": 1, ""pres"": 966.228, ""meas_profile"": ""HP-2"", ""meas_id"": 2, ""hum"": 35.53733, ""gas_res"": 21541.57}, {""temp"": 20.19815, ""step"": 8, ""status"": 1, ""pres"": 966.3464, ""meas_profile"": ""HP-1"", ""meas_id"": 1, ""hum"": 33.96269, ""gas_res"": 11331.44}]}",NULL,"2025-10-27 11:40:01.838855"
12425,"04a600b9b0b8","2025-10-27 11:30:52","rP1YOtUg6ZqB1CRjfpls","{""bme688"": [{""temp"": 20.76023, ""step"": 7, ""status"": 1, ""pres"": 966.3098, ""meas_profile"": ""HP-8"", ""meas_id"": 8, ""hum"": 35.28953, ""gas_res"": 5684.846}, {""temp"": 20.73332, ""step"": 7, ""status"": 1, ""pres"": 966.4869, ""meas_profile"": ""HP-7"", ""meas_id"": 7, ""hum"": 35.17803, ""gas_res"": 5684.846}, {""temp"": 20.78655, ""step"": 7, ""status"": 1, ""pres"": 966.6131, ""meas_profile"": ""HP-6"", ""meas_id"": 6, ""hum"": 35.07132, ""gas_res"": 8449.96}, {""temp"": 20.67934, ""step"": 7, ""status"": 1, ""pres"": 966.3013, ""meas_profile"": ""HP-5"", ""meas_id"": 5, ""hum"": 35.25327, ""gas_res"": 25000.0}, {""temp"": 20.37285, ""step"": 7, ""status"": 1, ""pres"": 966.4755, ""meas_profile"": ""HP-4"", ""meas_id"": 4, ""hum"": 34.79381, ""gas_res"": 25000.0}, {""temp"": 20.54623, ""step"": 7, ""status"": 1, ""pres"": 966.1025, ""meas_profile"": ""HP-3"", ""meas_id"": 3, ""hum"": 35.2906, ""gas_res"": 10126.58}, {""temp"": 20.4287, ""step"": 7, ""status"": 1, ""pres"": 966.2291, ""meas_profile"": ""HP-2"", ""meas_id"": 2, ""hum"": 35.53701, ""gas_res"": 20081.58}, {""temp"": 20.19473, ""step"": 7, ""status"": 1, ""pres"": 966.3466, ""meas_profile"": ""HP-1"", ""meas_id"": 1, ""hum"": 33.96823, ""gas_res"": 10536.71}]}",NULL,"2025-10-27 11:40:03.124092"
12426,"04a600b9b0b8","2025-10-27 11:30:52","rP1YOtUg6ZqB1CRjfpls","{""bme688"": [{""temp"": 20.75746, ""step"": 6, ""status"": 1, ""pres"": 966.309, ""meas_profile"": ""HP-8"", ""meas_id"": 8, ""hum"": 35.31223, ""gas_res"": 10599.54}, {""temp"": 20.73083, ""step"": 6, ""status"": 1, ""pres"": 966.4861, ""meas_profile"": ""HP-7"", ""meas_id"": 7, ""hum"": 35.16078, ""gas_res"": 16767.09}, {""temp"": 20.78377, ""step"": 6, ""status"": 1, ""pres"": 966.6138, ""meas_profile"": ""HP-6"", ""meas_id"": 6, ""hum"": 35.05381, ""gas_res"": 38953.13}, {""temp"": 20.67684, ""step"": 6, ""status"": 1, ""pres"": 966.3006, ""meas_profile"": ""HP-5"", ""meas_id"": 5, ""hum"": 35.24734, ""gas_res"": 170439.4}, {""temp"": 20.36913, ""step"": 6, ""status"": 1, ""pres"": 966.476, ""meas_profile"": ""HP-4"", ""meas_id"": 4, ""hum"": 34.79922, ""gas_res"": 308526.7}, {""temp"": 20.54283, ""step"": 6, ""status"": 1, ""pres"": 966.1035, ""meas_profile"": ""HP-3"", ""meas_id"": 3, ""hum"": 35.31332, ""gas_res"": 106511.3}, {""temp"": 20.4256, ""step"": 6, ""status"": 1, ""pres"": 966.2307, ""meas_profile"": ""HP-2"", ""meas_id"": 2, ""hum"": 35.55381, ""gas_res"": 169592.6}, {""temp"": 20.19131, ""step"": 6, ""status"": 1, ""pres"": 966.3487, ""meas_profile"": ""HP-1"", ""meas_id"": 1, ""hum"": 33.96207, ""gas_res"": 135737.0}]}",NULL,"2025-10-27 11:40:04.493469"
12427,"04a600b9b0b8","2025-10-27 11:30:52","rP1YOtUg6ZqB1CRjfpls","{""bme688"": [{""temp"": 20.75498, ""step"": 5, ""status"": 1, ""pres"": 966.3104, ""meas_profile"": ""HP-8"", ""meas_id"": 8, ""hum"": 35.30051, ""gas_res"": 10505.58}, {""temp"": 20.72773, ""step"": 5, ""status"": 1, ""pres"": 966.486, ""meas_profile"": ""HP-7"", ""meas_id"": 7, ""hum"": 35.17751, ""gas_res"": 16597.51}, {""temp"": 20.78099, ""step"": 5, ""status"": 1, ""pres"": 966.6145, ""meas_profile"": ""HP-6"", ""meas_id"": 6, ""hum"": 35.0708, ""gas_res"": 38776.13}, {""temp"": 20.67403, ""step"": 5, ""status"": 1, ""pres"": 966.301, ""meas_profile"": ""HP-5"", ""meas_id"": 5, ""hum"": 35.25277, ""gas_res"": 172681.3}, {""temp"": 20.36571, ""step"": 5, ""status"": 1, ""pres"": 966.4753, ""meas_profile"": ""HP-4"", ""meas_id"": 4, ""hum"": 34.79315, ""gas_res"": 319500.8}, {""temp"": 20.53942, ""step"": 5, ""status"": 1, ""pres"": 966.1032, ""meas_profile"": ""HP-3"", ""meas_id"": 3, ""hum"": 35.30724, ""gas_res"": 107180.2}, {""temp"": 20.42218, ""step"": 5, ""status"": 1, ""pres"": 966.2318, ""meas_profile"": ""HP-2"", ""meas_id"": 2, ""hum"": 35.54779, ""gas_res"": 169424.2}, {""temp"": 20.18788, ""step"": 5, ""status"": 1, ""pres"": 966.3486, ""meas_profile"": ""HP-1"", ""meas_id"": 1, ""hum"": 33.95592, ""gas_res"": 134666.0}]}",NULL,"2025-10-27 11:40:05.690984"
12428,"04a600b9b0b8","2025-10-27 11:30:52","rP1YOtUg6ZqB1CRjfpls","{""bme688"": [{""temp"": 20.75251, ""step"": 4, ""status"": 1, ""pres"": 966.3119, ""meas_profile"": ""HP-8"", ""meas_id"": 8, ""hum"": 35.3175, ""gas_res"": 10342.6}, {""temp"": 20.72493, ""step"": 4, ""status"": 1, ""pres"": 966.4863, ""meas_profile"": ""HP-7"", ""meas_id"": 7, ""hum"": 35.18292, ""gas_res"": 16368.29}, {""temp"": 20.77822, ""step"": 4, ""status"": 1, ""pres"": 966.6152, ""meas_profile"": ""HP-6"", ""meas_id"": 6, ""hum"": 35.08781, ""gas_res"": 39024.39}, {""temp"": 20.67122, ""step"": 4, ""status"": 1, ""pres"": 966.3014, ""meas_profile"": ""HP-5"", ""meas_id"": 5, ""hum"": 35.26388, ""gas_res"": 177162.6}, {""temp"": 20.36229, ""step"": 4, ""status"": 1, ""pres"": 966.4765, ""meas_profile"": ""HP-4"", ""meas_id"": 4, ""hum"": 34.80434, ""gas_res"": 339860.6}, {""temp"": 20.53602, ""step"": 4, ""status"": 1, ""pres"": 966.1043, ""meas_profile"": ""HP-3"", ""meas_id"": 3, ""hum"": 35.31845, ""gas_res"": 109098.7}, {""temp"": 20.41877, ""step"": 4, ""status"": 1, ""pres"": 966.2313, ""meas_profile"": ""HP-2"", ""meas_id"": 2, ""hum"": 35.57025, ""gas_res"": 172158.7}, {""temp"": 20.18446, ""step"": 4, ""status"": 1, ""pres"": 966.3489, ""meas_profile"": ""HP-1"", ""meas_id"": 1, ""hum"": 33.9673, ""gas_res"": 136715.6}]}",NULL,"2025-10-27 11:40:06.965751"
12429,"04a600b9b0b8","2025-10-27 11:30:52","rP1YOtUg6ZqB1CRjfpls","{""bme688"": [{""temp"": 20.74973, ""step"": 3, ""status"": 0, ""pres"": 966.3127, ""meas_profile"": ""HP-8"", ""meas_id"": 8, ""hum"": 35.31149, ""gas_res"": 6374.502}, {""temp"": 20.72214, ""step"": 3, ""status"": 0, ""pres"": 966.4868, ""meas_profile"": ""HP-7"", ""meas_id"": 7, ""hum"": 35.20535, ""gas_res"": 7946.362}, {""temp"": 20.77513, ""step"": 3, ""status"": 0, ""pres"": 966.6155, ""meas_profile"": ""HP-6"", ""meas_id"": 6, ""hum"": 35.09327, ""gas_res"": 19950.13}, {""temp"": 20.66809, ""step"": 3, ""status"": 0, ""pres"": 966.3013, ""meas_profile"": ""HP-5"", ""meas_id"": 5, ""hum"": 35.28065, ""gas_res"": 52696.58}, {""temp"": 20.35857, ""step"": 3, ""status"": 0, ""pres"": 966.4771, ""meas_profile"": ""HP-4"", ""meas_id"": 4, ""hum"": 34.81551, ""gas_res"": 69470.83}, {""temp"": 20.53231, ""step"": 3, ""status"": 0, ""pres"": 966.1049, ""meas_profile"": ""HP-3"", ""meas_id"": 3, ""hum"": 35.34689, ""gas_res"": 40816.33}, {""temp"": 20.41504, ""step"": 3, ""status"": 0, ""pres"": 966.2319, ""meas_profile"": ""HP-2"", ""meas_id"": 2, ""hum"": 35.5642, ""gas_res"": 61955.47}, {""temp"": 20.18073, ""step"": 3, ""status"": 0, ""pres"": 966.3485, ""meas_profile"": ""HP-1"", ""meas_id"": 1, ""hum"": 33.97865, ""gas_res"": 42146.86}]}",NULL,"2025-10-27 11:40:08.246443"
12430,"04a600b9b0b8","2025-10-27 11:30:52","rP1YOtUg6ZqB1CRjfpls","{""bme688"": [{""temp"": 20.74665, ""step"": 2, ""status"": 1, ""pres"": 966.3116, ""meas_profile"": ""HP-8"", ""meas_id"": 8, ""hum"": 35.32269, ""gas_res"": 16084.44}, {""temp"": 20.71935, ""step"": 2, ""status"": 1, ""pres"": 966.4874, ""meas_profile"": ""HP-7"", ""meas_id"": 7, ""hum"": 35.19942, ""gas_res"": 21962.94}, {""temp"": 20.77204, ""step"": 2, ""status"": 1, ""pres"": 966.6139, ""meas_profile"": ""HP-6"", ""meas_id"": 6, ""hum"": 35.09298, ""gas_res"": 77271.35}, {""temp"": 20.66527, ""step"": 2, ""status"": 1, ""pres"": 966.3017, ""meas_profile"": ""HP-5"", ""meas_id"": 5, ""hum"": 35.28038, ""gas_res"": 240658.0}, {""temp"": 20.35515, ""step"": 2, ""status"": 1, ""pres"": 966.478, ""meas_profile"": ""HP-4"", ""meas_id"": 4, ""hum"": 34.80944, ""gas_res"": 464293.8}, {""temp"": 20.52891, ""step"": 2, ""status"": 1, ""pres"": 966.1044, ""meas_profile"": ""HP-3"", ""meas_id"": 3, ""hum"": 35.31778, ""gas_res"": 210916.6}, {""temp"": 20.41131, ""step"": 2, ""status"": 1, ""pres"": 966.2326, ""meas_profile"": ""HP-2"", ""meas_id"": 2, ""hum"": 35.56955, ""gas_res"": 357666.8}, {""temp"": 20.17699, ""step"": 2, ""status"": 1, ""pres"": 966.3501, ""meas_profile"": ""HP-1"", ""meas_id"": 1, ""hum"": 33.97247, ""gas_res"": 279476.0}]}",NULL,"2025-10-27 11:40:09.629441"
12431,"04a600b9b0b8","2025-10-27 11:30:52","rP1YOtUg6ZqB1CRjfpls","{""bme688"": [{""temp"": 20.74387, ""step"": 1, ""status"": 1, ""pres"": 966.3123, ""meas_profile"": ""HP-8"", ""meas_id"": 8, ""hum"": 35.3339, ""gas_res"": 7210.455}, {""temp"": 20.71686, ""step"": 1, ""status"": 1, ""pres"": 966.4883, ""meas_profile"": ""HP-7"", ""meas_id"": 7, ""hum"": 35.21619, ""gas_res"": 8938.548}, {""temp"": 20.76957, ""step"": 1, ""status"": 1, ""pres"": 966.6152, ""meas_profile"": ""HP-6"", ""meas_id"": 6, ""hum"": 35.0985, ""gas_res"": 25000.0}, {""temp"": 20.66246, ""step"": 1, ""status"": 1, ""pres"": 966.3022, ""meas_profile"": ""HP-5"", ""meas_id"": 5, ""hum"": 35.29149, ""gas_res"": 100000.0}, {""temp"": 20.35173, ""step"": 1, ""status"": 1, ""pres"": 966.4789, ""meas_profile"": ""HP-4"", ""meas_id"": 4, ""hum"": 34.84366, ""gas_res"": 117189.3}, {""temp"": 20.52582, ""step"": 1, ""status"": 1, ""pres"": 966.1061, ""meas_profile"": ""HP-3"", ""meas_id"": 3, ""hum"": 35.33476, ""gas_res"": 39975.02}, {""temp"": 20.40821, ""step"": 1, ""status"": 1, ""pres"": 966.2341, ""meas_profile"": ""HP-2"", ""meas_id"": 2, ""hum"": 35.58064, ""gas_res"": 100000.0}, {""temp"": 20.17357, ""step"": 1, ""status"": 1, ""pres"": 966.3502, ""meas_profile"": ""HP-1"", ""meas_id"": 1, ""hum"": 33.98969, ""gas_res"": 42272.13}]}",NULL,"2025-10-27 11:40:10.812726"
12432,"04a600b9b0b8","2025-10-27 11:30:52","rP1YOtUg6ZqB1CRjfpls","{""bme688"": [{""temp"": 20.74078, ""step"": 0, ""status"": 1, ""pres"": 966.3127, ""meas_profile"": ""HP-8"", ""meas_id"": 8, ""hum"": 35.31066, ""gas_res"": 5684.846}, {""temp"": 20.71376, ""step"": 0, ""status"": 1, ""pres"": 966.4881, ""meas_profile"": ""HP-7"", ""meas_id"": 7, ""hum"": 35.20456, ""gas_res"": 5684.846}, {""temp"": 20.7668, ""step"": 0, ""status"": 1, ""pres"": 966.6158, ""meas_profile"": ""HP-6"", ""meas_id"": 6, ""hum"": 35.11551, ""gas_res"": 8579.089}, {""temp"": 20.65964, ""step"": 0, ""status"": 1, ""pres"": 966.3027, ""meas_profile"": ""HP-5"", ""meas_id"": 5, ""hum"": 35.28553, ""gas_res"": 25000.0}, {""temp"": 20.34863, ""step"": 0, ""status"": 1, ""pres"": 966.4788, ""meas_profile"": ""HP-4"", ""meas_id"": 4, ""hum"": 34.80884, ""gas_res"": 25000.0}, {""temp"": 20.52242, ""step"": 0, ""status"": 1, ""pres"": 966.1074, ""meas_profile"": ""HP-3"", ""meas_id"": 3, ""hum"": 35.36901, ""gas_res"": 10312.6}, {""temp"": 20.40448, ""step"": 0, ""status"": 1, ""pres"": 966.2347, ""meas_profile"": ""HP-2"", ""meas_id"": 2, ""hum"": 35.58599, ""gas_res"": 20195.64}, {""temp"": 20.17015, ""step"": 0, ""status"": 1, ""pres"": 966.3521, ""meas_profile"": ""HP-1"", ""meas_id"": 1, ""hum"": 33.99522, ""gas_res"": 10631.23}]}",NULL,"2025-10-27 11:40:12.085935"
12433,"04a600b9b0b8","2025-10-27 11:30:25","rP1YOtUg6ZqB1CRjfpls","{""zphs01b"": {""voc"": 0, ""temp"": 18.9, ""pm2_5"": 0, ""pm1_0"": 0, ""pm10"": 352, ""o3"": 0.03, ""no2"": 0.82, ""hum"": 0, ""fmhd"": 0, ""co2"": 5000, ""co"": 0.0}, ""smell_b"": {}, ""sfa30"": {""temp"": 21.03, ""hum"": 35.9, ""fmhd"": 1.0}, ""sen5x"": {""voc"": 94.0, ""temp"": 20.765, ""pm4_0"": 4337.8, ""pm2_5"": 4337.8, ""pm1_0"": 4136.3, ""pm10"": 4337.8, ""nox"": 1.0, ""mass_c"": 4287.425, ""hum"": 41.69}, ""scd41"": {""temp"": 20.77821, ""hum"": 38.02396, ""co2"": 593}, ""power_source"": 0, ""mics6814"": {""red_res"": 0, ""no2_res"": 0, ""no2"": 0.17, ""nh3_res"": 0, ""nh3"": 0.73, ""co_res"": 0, ""co"": 44.0}}",NULL,"2025-10-27 11:40:13.24645"
12434,"04a600b9b0b8","2025-10-27 11:30:25","rP1YOtUg6ZqB1CRjfpls","{""bme688"": [{""temp"": 20.73769, ""step"": 9, ""status"": 1, ""pres"": 966.3114, ""meas_profile"": ""HP-8"", ""meas_id"": 8, ""hum"": 35.32184, ""gas_res"": 5684.846}, {""temp"": 20.71065, ""step"": 9, ""status"": 1, ""pres"": 966.488, ""meas_profile"": ""HP-7"", ""meas_id"": 7, ""hum"": 35.1986, ""gas_res"": 5684.846}, {""temp"": 20.76402, ""step"": 9, ""status"": 1, ""pres"": 966.6166, ""meas_profile"": ""HP-6"", ""meas_id"": 6, ""hum"": 35.10949, ""gas_res"": 7579.346}, {""temp"": 20.65683, ""step"": 9, ""status"": 1, ""pres"": 966.3032, ""meas_profile"": ""HP-5"", ""meas_id"": 5, ""hum"": 35.26822, ""gas_res"": 25000.0}, {""temp"": 20.34521, ""step"": 9, ""status"": 1, ""pres"": 966.4801, ""meas_profile"": ""HP-4"", ""meas_id"": 4, ""hum"": 34.83154, ""gas_res"": 25000.0}, {""temp"": 20.51901, ""step"": 9, ""status"": 1, ""pres"": 966.1069, ""meas_profile"": ""HP-3"", ""meas_id"": 3, ""hum"": 35.33413, ""gas_res"": 10814.46}, {""temp"": 20.40107, ""step"": 9, ""status"": 1, ""pres"": 966.2342, ""meas_profile"": ""HP-2"", ""meas_id"": 2, ""hum"": 35.58568, ""gas_res"": 19441.07}, {""temp"": 20.16672, ""step"": 9, ""status"": 1, ""pres"": 966.3524, ""meas_profile"": ""HP-1"", ""meas_id"": 1, ""hum"": 33.9949, ""gas_res"": 10116.98}]}",NULL,"2025-10-27 11:40:14.738993"
12435,"04a600b9b0b8","2025-10-27 11:30:25","rP1YOtUg6ZqB1CRjfpls","{""bme688"": [{""temp"": 20.7346, ""step"": 8, ""status"": 1, ""pres"": 966.3118, ""meas_profile"": ""HP-8"", ""meas_id"": 8, ""hum"": 35.34451, ""gas_res"": 5684.846}, {""temp"": 20.70755, ""step"": 8, ""status"": 1, ""pres"": 966.4897, ""meas_profile"": ""HP-7"", ""meas_id"": 7, ""hum"": 35.18696, ""gas_res"": 5684.846}, {""temp"": 20.76124, ""step"": 8, ""status"": 1, ""pres"": 966.6191, ""meas_profile"": ""HP-6"", ""meas_id"": 6, ""hum"": 35.10348, ""gas_res"": 7905.138}, {""temp"": 20.65401, ""step"": 8, ""status"": 1, ""pres"": 966.3035, ""meas_profile"": ""HP-5"", ""meas_id"": 5, ""hum"": 35.26795, ""gas_res"": 25000.0}, {""temp"": 20.34179, ""step"": 8, ""status"": 1, ""pres"": 966.481, ""meas_profile"": ""HP-4"", ""meas_id"": 4, ""hum"": 34.81972, ""gas_res"": 25000.0}, {""temp"": 20.51592, ""step"": 8, ""status"": 1, ""pres"": 966.1085, ""meas_profile"": ""HP-3"", ""meas_id"": 3, ""hum"": 35.3396, ""gas_res"": 9589.451}, {""temp"": 20.39765, ""step"": 8, ""status"": 1, ""pres"": 966.2371, ""meas_profile"": ""HP-2"", ""meas_id"": 2, ""hum"": 35.59674, ""gas_res"": 18856.81}, {""temp"": 20.1633, ""step"": 8, ""status"": 1, ""pres"": 966.3524, ""meas_profile"": ""HP-1"", ""meas_id"": 1, ""hum"": 34.00628, ""gas_res"": 9738.283}]}",NULL,"2025-10-27 11:40:15.924768"
12436,"04a600b9b0b8","2025-10-27 11:30:25","rP1YOtUg6ZqB1CRjfpls","{""bme688"": [{""temp"": 20.73151, ""step"": 7, ""status"": 1, ""pres"": 966.3123, ""meas_profile"": ""HP-8"", ""meas_id"": 8, ""hum"": 35.33274, ""gas_res"": 5684.846}, {""temp"": 20.70444, ""step"": 7, ""status"": 1, ""pres"": 966.4895, ""meas_profile"": ""HP-7"", ""meas_id"": 7, ""hum"": 35.19802, ""gas_res"": 5684.846}, {""temp"": 20.75846, ""step"": 7, ""status"": 1, ""pres"": 966.6197, ""meas_profile"": ""HP-6"", ""meas_id"": 6, ""hum"": 35.09747, ""gas_res"": 7916.873}, {""temp"": 20.65151, ""step"": 7, ""status"": 1, ""pres"": 966.3045, ""meas_profile"": ""HP-5"", ""meas_id"": 5, ""hum"": 35.27909, ""gas_res"": 25000.0}, {""temp"": 20.33869, ""step"": 7, ""status"": 1, ""pres"": 966.4826, ""meas_profile"": ""HP-4"", ""meas_id"": 4, ""hum"": 34.82518, ""gas_res"": 25000.0}, {""temp"": 20.51252, ""step"": 7, ""status"": 1, ""pres"": 966.108, ""meas_profile"": ""HP-3"", ""meas_id"": 3, ""hum"": 35.33928, ""gas_res"": 8592.911}, {""temp"": 20.39423, ""step"": 7, ""status"": 1, ""pres"": 966.2383, ""meas_profile"": ""HP-2"", ""meas_id"": 2, ""hum"": 35.59072, ""gas_res"": 10891.76}, {""temp"": 20.15987, ""step"": 7, ""status"": 1, ""pres"": 966.3546, ""meas_profile"": ""HP-1"", ""meas_id"": 1, ""hum"": 34.00598, ""gas_res"": 8923.592}]}",NULL,"2025-10-27 11:40:17.209328"
12437,"04a600b9b0b8","2025-10-27 11:30:25","rP1YOtUg6ZqB1CRjfpls","{""bme688"": [{""temp"": 20.72873, ""step"": 6, ""status"": 1, ""pres"": 966.3132, ""meas_profile"": ""HP-8"", ""meas_id"": 8, ""hum"": 35.34396, ""gas_res"": 10443.86}, {""temp"": 20.70165, ""step"": 6, ""status"": 1, ""pres"": 966.49, ""meas_profile"": ""HP-7"", ""meas_id"": 7, ""hum"": 35.20343, ""gas_res"": 16305.73}, {""temp"": 20.75568, ""step"": 6, ""status"": 1, ""pres"": 966.6203, ""meas_profile"": ""HP-6"", ""meas_id"": 6, ""hum"": 35.10296, ""gas_res"": 35605.01}, {""temp"": 20.6487, ""step"": 6, ""status"": 1, ""pres"": 966.3049, ""meas_profile"": ""HP-5"", ""meas_id"": 5, ""hum"": 35.26746, ""gas_res"": 150455.5}, {""temp"": 20.33496, ""step"": 6, ""status"": 1, ""pres"": 966.4813, ""meas_profile"": ""HP-4"", ""meas_id"": 4, ""hum"": 34.84211, ""gas_res"": 247462.5}, {""temp"": 20.50943, ""step"": 6, ""status"": 1, ""pres"": 966.1097, ""meas_profile"": ""HP-3"", ""meas_id"": 3, ""hum"": 35.34475, ""gas_res"": 100000.0}, {""temp"": 20.39082, ""step"": 6, ""status"": 1, ""pres"": 966.2393, ""meas_profile"": ""HP-2"", ""meas_id"": 2, ""hum"": 35.58471, ""gas_res"": 141592.9}, {""temp"": 20.15614, ""step"": 6, ""status"": 1, ""pres"": 966.3558, ""meas_profile"": ""HP-1"", ""meas_id"": 1, ""hum"": 34.01148, ""gas_res"": 110798.5}]}",NULL,"2025-10-27 11:40:18.495931"
12438,"04a600b9b0b8","2025-10-27 11:30:25","rP1YOtUg6ZqB1CRjfpls","{""bme688"": [{""temp"": 20.72595, ""step"": 5, ""status"": 1, ""pres"": 966.3124, ""meas_profile"": ""HP-8"", ""meas_id"": 8, ""hum"": 35.34944, ""gas_res"": 10362.69}, {""temp"": 20.69854, ""step"": 5, ""status"": 1, ""pres"": 966.4899, ""meas_profile"": ""HP-7"", ""meas_id"": 7, ""hum"": 35.22016, ""gas_res"": 16256.03}, {""temp"": 20.7526, ""step"": 5, ""status"": 1, ""pres"": 966.6205, ""meas_profile"": ""HP-6"", ""meas_id"": 6, ""hum"": 35.11418, ""gas_res"": 35724.25}, {""temp"": 20.64589, ""step"": 5, ""status"": 1, ""pres"": 966.3054, ""meas_profile"": ""HP-5"", ""meas_id"": 5, ""hum"": 35.29562, ""gas_res"": 151928.8}, {""temp"": 20.33123, ""step"": 5, ""status"": 1, ""pres"": 966.4819, ""meas_profile"": ""HP-4"", ""meas_id"": 4, ""hum"": 34.84752, ""gas_res"": 251288.3}, {""temp"": 20.50603, ""step"": 5, ""status"": 1, ""pres"": 966.1092, ""meas_profile"": ""HP-3"", ""meas_id"": 3, ""hum"": 35.34444, ""gas_res"": 100000.0}, {""temp"": 20.38709, ""step"": 5, ""status"": 1, ""pres"": 966.2401, ""meas_profile"": ""HP-2"", ""meas_id"": 2, ""hum"": 35.60714, ""gas_res"": 138715.8}, {""temp"": 20.1524, ""step"": 5, ""status"": 1, ""pres"": 966.3555, ""meas_profile"": ""HP-1"", ""meas_id"": 1, ""hum"": 34.01699, ""gas_res"": 108268.1}]}",NULL,"2025-10-27 11:40:19.863921"
12439,"04a600b9b0b8","2025-10-27 11:30:25","rP1YOtUg6ZqB1CRjfpls","{""bme688"": [{""temp"": 20.72317, ""step"": 4, ""status"": 1, ""pres"": 966.3134, ""meas_profile"": ""HP-8"", ""meas_id"": 8, ""hum"": 35.3664, ""gas_res"": 10282.78}, {""temp"": 20.69575, ""step"": 4, ""status"": 1, ""pres"": 966.4903, ""meas_profile"": ""HP-7"", ""meas_id"": 7, ""hum"": 35.23125, ""gas_res"": 16048.14}, {""temp"": 20.74982, ""step"": 4, ""status"": 1, ""pres"": 966.6213, ""meas_profile"": ""HP-6"", ""meas_id"": 6, ""hum"": 35.11968, ""gas_res"": 36147.98}, {""temp"": 20.64307, ""step"": 4, ""status"": 1, ""pres"": 966.3058, ""meas_profile"": ""HP-5"", ""meas_id"": 5, ""hum"": 35.3238, ""gas_res"": 155104.5}, {""temp"": 20.3275, ""step"": 4, ""status"": 1, ""pres"": 966.4824, ""meas_profile"": ""HP-4"", ""meas_id"": 4, ""hum"": 34.84718, ""gas_res"": 264736.3}, {""temp"": 20.50262, ""step"": 4, ""status"": 1, ""pres"": 966.1105, ""meas_profile"": ""HP-3"", ""meas_id"": 3, ""hum"": 35.35563, ""gas_res"": 100000.0}, {""temp"": 20.38368, ""step"": 4, ""status"": 1, ""pres"": 966.241, ""meas_profile"": ""HP-2"", ""meas_id"": 2, ""hum"": 35.58973, ""gas_res"": 137931.0}, {""temp"": 20.14836, ""step"": 4, ""status"": 1, ""pres"": 966.3549, ""meas_profile"": ""HP-1"", ""meas_id"": 1, ""hum"": 34.03416, ""gas_res"": 106911.7}]}",NULL,"2025-10-27 11:40:21.045358"
12440,"04a600b9b0b8","2025-10-27 11:30:25","rP1YOtUg6ZqB1CRjfpls","{""bme688"": [{""temp"": 20.72039, ""step"": 3, ""status"": 0, ""pres"": 966.3143, ""meas_profile"": ""HP-8"", ""meas_id"": 8, ""hum"": 35.37188, ""gas_res"": 6389.776}, {""temp"": 20.69264, ""step"": 3, ""status"": 0, ""pres"": 966.4919, ""meas_profile"": ""HP-7"", ""meas_id"": 7, ""hum"": 35.23663, ""gas_res"": 8024.072}, {""temp"": 20.74673, ""step"": 3, ""status"": 0, ""pres"": 966.6216, ""meas_profile"": ""HP-6"", ""meas_id"": 6, ""hum"": 35.12514, ""gas_res"": 18806.94}, {""temp"": 20.63994, ""step"": 3, ""status"": 0, ""pres"": 966.3057, ""meas_profile"": ""HP-5"", ""meas_id"": 5, ""hum"": 35.35194, ""gas_res"": 46460.98}, {""temp"": 20.32347, ""step"": 3, ""status"": 0, ""pres"": 966.4826, ""meas_profile"": ""HP-4"", ""meas_id"": 4, ""hum"": 34.85831, ""gas_res"": 55041.93}, {""temp"": 20.49891, ""step"": 3, ""status"": 0, ""pres"": 966.111, ""meas_profile"": ""HP-3"", ""meas_id"": 3, ""hum"": 35.36105, ""gas_res"": 33143.45}, {""temp"": 20.37964, ""step"": 3, ""status"": 0, ""pres"": 966.2411, ""meas_profile"": ""HP-2"", ""meas_id"": 2, ""hum"": 35.60644, ""gas_res"": 49573.97}, {""temp"": 20.14463, ""step"": 3, ""status"": 0, ""pres"": 966.3563, ""meas_profile"": ""HP-1"", ""meas_id"": 1, ""hum"": 34.03382, ""gas_res"": 33586.98}]}",NULL,"2025-10-27 11:40:22.320664"
12441,"04a600b9b0b8","2025-10-27 11:30:25","rP1YOtUg6ZqB1CRjfpls","{""bme688"": [{""temp"": 20.7173, ""step"": 2, ""status"": 1, ""pres"": 966.3145, ""meas_profile"": ""HP-8"", ""meas_id"": 8, ""hum"": 35.37159, ""gas_res"": 18322.36}, {""temp"": 20.68985, ""step"": 2, ""status"": 1, ""pres"": 966.4924, ""meas_profile"": ""HP-7"", ""meas_id"": 7, ""hum"": 35.24771, ""gas_res"": 25181.98}, {""temp"": 20.74333, ""step"": 2, ""status"": 1, ""pres"": 966.6213, ""meas_profile"": ""HP-6"", ""meas_id"": 6, ""hum"": 35.13058, ""gas_res"": 83879.42}, {""temp"": 20.6365, ""step"": 2, ""status"": 1, ""pres"": 966.3052, ""meas_profile"": ""HP-5"", ""meas_id"": 5, ""hum"": 35.31181, ""gas_res"": 260493.5}, {""temp"": 20.31974, ""step"": 2, ""status"": 1, ""pres"": 966.4813, ""meas_profile"": ""HP-4"", ""meas_id"": 4, ""hum"": 34.89827, ""gas_res"": 429800.6}, {""temp"": 20.4952, ""step"": 2, ""status"": 1, ""pres"": 966.1102, ""meas_profile"": ""HP-3"", ""meas_id"": 3, ""hum"": 35.38375, ""gas_res"": 194787.9}, {""temp"": 20.37591, ""step"": 2, ""status"": 1, ""pres"": 966.2419, ""meas_profile"": ""HP-2"", ""meas_id"": 2, ""hum"": 35.62888, ""gas_res"": 324358.6}, {""temp"": 20.14058, ""step"": 2, ""status"": 1, ""pres"": 966.3554, ""meas_profile"": ""HP-1"", ""meas_id"": 1, ""hum"": 34.03345, ""gas_res"": 245681.4}]}",NULL,"2025-10-27 11:40:23.600918"
12442,"04a600b9b0b8","2025-10-27 11:30:25","rP1YOtUg6ZqB1CRjfpls","{""bme688"": [{""temp"": 20.71453, ""step"": 1, ""status"": 1, ""pres"": 966.3155, ""meas_profile"": ""HP-8"", ""meas_id"": 8, ""hum"": 35.37707, ""gas_res"": 7349.563}, {""temp"": 20.68705, ""step"": 1, ""status"": 1, ""pres"": 966.4927, ""meas_profile"": ""HP-7"", ""meas_id"": 7, ""hum"": 35.25313, ""gas_res"": 8946.044}, {""temp"": 20.74056, ""step"": 1, ""status"": 1, ""pres"": 966.6219, ""meas_profile"": ""HP-6"", ""meas_id"": 6, ""hum"": 35.15333, ""gas_res"": 25000.0}, {""temp"": 20.63369, ""step"": 1, ""status"": 1, ""pres"": 966.3039, ""meas_profile"": ""HP-5"", ""meas_id"": 5, ""hum"": 35.33998, ""gas_res"": 45373.98}, {""temp"": 20.31632, ""step"": 1, ""status"": 1, ""pres"": 966.4824, ""meas_profile"": ""HP-4"", ""meas_id"": 4, ""hum"": 34.89219, ""gas_res"": 100000.0}, {""temp"": 20.4918, ""step"": 1, ""status"": 1, ""pres"": 966.1113, ""meas_profile"": ""HP-3"", ""meas_id"": 3, ""hum"": 35.39495, ""gas_res"": 31045.36}, {""temp"": 20.3725, ""step"": 1, ""status"": 1, ""pres"": 966.2429, ""meas_profile"": ""HP-2"", ""meas_id"": 2, ""hum"": 35.63995, ""gas_res"": 42780.75}, {""temp"": 20.13716, ""step"": 1, ""status"": 1, ""pres"": 966.3557, ""meas_profile"": ""HP-1"", ""meas_id"": 1, ""hum"": 34.04483, ""gas_res"": 31480.57}]}",NULL,"2025-10-27 11:40:24.981379"
12443,"04a600b9b0b8","2025-10-27 11:30:25","rP1YOtUg6ZqB1CRjfpls","{""bme688"": [{""temp"": 20.71144, ""step"": 0, ""status"": 1, ""pres"": 966.316, ""meas_profile"": ""HP-8"", ""meas_id"": 8, ""hum"": 35.38827, ""gas_res"": 5684.846}, {""temp"": 20.68395, ""step"": 0, ""status"": 1, ""pres"": 966.4926, ""meas_profile"": ""HP-7"", ""meas_id"": 7, ""hum"": 35.25851, ""gas_res"": 5684.846}, {""temp"": 20.73778, ""step"": 0, ""status"": 1, ""pres"": 966.6225, ""meas_profile"": ""HP-6"", ""meas_id"": 6, ""hum"": 35.17034, ""gas_res"": 8544.727}, {""temp"": 20.63087, ""step"": 0, ""status"": 1, ""pres"": 966.3042, ""meas_profile"": ""HP-5"", ""meas_id"": 5, ""hum"": 35.34541, ""gas_res"": 25000.0}, {""temp"": 20.31291, ""step"": 0, ""status"": 1, ""pres"": 966.4835, ""meas_profile"": ""HP-4"", ""meas_id"": 4, ""hum"": 34.88612, ""gas_res"": 25000.0}, {""temp"": 20.4884, ""step"": 0, ""status"": 1, ""pres"": 966.1125, ""meas_profile"": ""HP-3"", ""meas_id"": 3, ""hum"": 35.38887, ""gas_res"": 8383.547}, {""temp"": 20.36877, ""step"": 0, ""status"": 1, ""pres"": 966.2437, ""meas_profile"": ""HP-2"", ""meas_id"": 2, ""hum"": 35.6282, ""gas_res"": 10342.6}, {""temp"": 20.13373, ""step"": 0, ""status"": 1, ""pres"": 966.3576, ""meas_profile"": ""HP-1"", ""meas_id"": 1, ""hum"": 34.03868, ""gas_res"": 8510.639}]}",NULL,"2025-10-27 11:40:26.176589"
