"id","box_id","ts","measurement_id","measurement_data","description","created_at"
15017,"04a600b9b0b8","2025-10-29 11:22:51","zgQZdw5ElaEqYSckMFAh","{""zphs01b"": {""voc"": 0, ""temp"": 22.0, ""pm2_5"": 0, ""pm1_0"": 0, ""pm10"": 303, ""o3"": 0.04, ""no2"": 10.0, ""hum"": 0, ""fmhd"": 0, ""co2"": 5000, ""co"": 0.0}, ""smell_b"": {}, ""sfa30"": {""temp"": 24.495, ""hum"": 35.61, ""fmhd"": 0.6}, ""sen5x"": {""voc"": 79.0, ""temp"": 24.94, ""pm4_0"": 4409.4, ""pm2_5"": 4409.4, ""pm1_0"": 4204.6, ""pm10"": 4409.4, ""nox"": 1.0, ""mass_c"": 4358.2, ""hum"": 39.19}, ""scd41"": {""temp"": 23.67017, ""hum"": 43.10063, ""co2"": 642}, ""power_source"": 0, ""mics6814"": {""red_res"": 0, ""no2_res"": 0, ""no2"": 0.17, ""nh3_res"": 0, ""nh3"": 0.73, ""co_res"": 0, ""co"": 44.0}}",NULL,"2025-10-29 11:23:38.248641"
15018,"04a600b9b0b8","2025-10-29 11:22:51","zgQZdw5ElaEqYSckMFAh","{""bme688"": [{""temp"": 24.54928, ""step"": 9, ""status"": 1, ""pres"": 978.8665, ""meas_profile"": ""HP-8"", ""meas_id"": 8, ""hum"": 32.92826, ""gas_res"": 5684.846}, {""temp"": 24.53103, ""step"": 9, ""status"": 1, ""pres"": 979.0876, ""meas_profile"": ""HP-7"", ""meas_id"": 7, ""hum"": 32.81951, ""gas_res"": 6025.23}, {""temp"": 24.62896, ""step"": 9, ""status"": 1, ""pres"": 979.2568, ""meas_profile"": ""HP-6"", ""meas_id"": 6, ""hum"": 32.67233, ""gas_res"": 7710.843}, {""temp"": 24.5267, ""step"": 9, ""status"": 1, ""pres"": 978.9277, ""meas_profile"": ""HP-5"", ""meas_id"": 5, ""hum"": 32.85953, ""gas_res"": 25000.0}, {""temp"": 24.27391, ""step"": 9, ""status"": 1, ""pres"": 979.0695, ""meas_profile"": ""HP-4"", ""meas_id"": 4, ""hum"": 32.4981, ""gas_res"": 20585.4}, {""temp"": 24.4055, ""step"": 9, ""status"": 1, ""pres"": 978.6449, ""meas_profile"": ""HP-3"", ""meas_id"": 3, ""hum"": 32.95974, ""gas_res"": 5944.641}, {""temp"": 24.31273, ""step"": 9, ""status"": 1, ""pres"": 978.7767, ""meas_profile"": ""HP-2"", ""meas_id"": 2, ""hum"": 33.2457, ""gas_res"": 7114.273}, {""temp"": 24.08241, ""step"": 9, ""status"": 1, ""pres"": 978.8035, ""meas_profile"": ""HP-1"", ""meas_id"": 1, ""hum"": 32.826, ""gas_res"": 7818.226}]}",NULL,"2025-10-29 11:23:39.41847"
15019,"04a600b9b0b8","2025-10-29 11:22:51","zgQZdw5ElaEqYSckMFAh","{""bme688"": [{""temp"": 24.54928, ""step"": 8, ""status"": 1, ""pres"": 978.8665, ""meas_profile"": ""HP-8"", ""meas_id"": 8, ""hum"": 32.89986, ""gas_res"": 5684.846}, {""temp"": 24.53103, ""step"": 8, ""status"": 1, ""pres"": 979.0895, ""meas_profile"": ""HP-7"", ""meas_id"": 7, ""hum"": 32.80266, ""gas_res"": 6080.183}, {""temp"": 24.62926, ""step"": 8, ""status"": 1, ""pres"": 979.2574, ""meas_profile"": ""HP-6"", ""meas_id"": 6, ""hum"": 32.66096, ""gas_res"": 7982.041}, {""temp"": 24.52702, ""step"": 8, ""status"": 1, ""pres"": 978.9282, ""meas_profile"": ""HP-5"", ""meas_id"": 5, ""hum"": 32.83704, ""gas_res"": 25000.0}, {""temp"": 24.27453, ""step"": 8, ""status"": 1, ""pres"": 979.0705, ""meas_profile"": ""HP-4"", ""meas_id"": 4, ""hum"": 32.50386, ""gas_res"": 20388.66}, {""temp"": 24.4055, ""step"": 8, ""status"": 1, ""pres"": 978.6449, ""meas_profile"": ""HP-3"", ""meas_id"": 3, ""hum"": 32.95974, ""gas_res"": 7595.538}, {""temp"": 24.31304, ""step"": 8, ""status"": 1, ""pres"": 978.7772, ""meas_profile"": ""HP-2"", ""meas_id"": 2, ""hum"": 33.24573, ""gas_res"": 7085.917}, {""temp"": 24.08241, ""step"": 8, ""status"": 1, ""pres"": 978.8016, ""meas_profile"": ""HP-1"", ""meas_id"": 1, ""hum"": 32.826, ""gas_res"": 5869.406}]}",NULL,"2025-10-29 11:23:40.881678"
15020,"04a600b9b0b8","2025-10-29 11:22:51","zgQZdw5ElaEqYSckMFAh","{""bme688"": [{""temp"": 24.54897, ""step"": 7, ""status"": 1, ""pres"": 978.866, ""meas_profile"": ""HP-8"", ""meas_id"": 8, ""hum"": 32.89415, ""gas_res"": 5684.846}, {""temp"": 24.53134, ""step"": 7, ""status"": 1, ""pres"": 979.0898, ""meas_profile"": ""HP-7"", ""meas_id"": 7, ""hum"": 32.81393, ""gas_res"": 5998.125}, {""temp"": 24.62988, ""step"": 7, ""status"": 1, ""pres"": 979.2585, ""meas_profile"": ""HP-6"", ""meas_id"": 6, ""hum"": 32.66672, ""gas_res"": 8024.072}, {""temp"": 24.52733, ""step"": 7, ""status"": 1, ""pres"": 978.9288, ""meas_profile"": ""HP-5"", ""meas_id"": 5, ""hum"": 32.84833, ""gas_res"": 25000.0}, {""temp"": 24.27516, ""step"": 7, ""status"": 1, ""pres"": 979.0714, ""meas_profile"": ""HP-4"", ""meas_id"": 4, ""hum"": 32.49251, ""gas_res"": 19512.2}, {""temp"": 24.40581, ""step"": 7, ""status"": 1, ""pres"": 978.6456, ""meas_profile"": ""HP-3"", ""meas_id"": 3, ""hum"": 32.94266, ""gas_res"": 7234.908}, {""temp"": 24.31335, ""step"": 7, ""status"": 1, ""pres"": 978.7778, ""meas_profile"": ""HP-2"", ""meas_id"": 2, ""hum"": 33.2514, ""gas_res"": 6853.716}, {""temp"": 24.08241, ""step"": 7, ""status"": 1, ""pres"": 978.8016, ""meas_profile"": ""HP-1"", ""meas_id"": 1, ""hum"": 32.82018, ""gas_res"": 7916.873}]}",NULL,"2025-10-29 11:23:41.982221"
15021,"04a600b9b0b8","2025-10-29 11:22:51","zgQZdw5ElaEqYSckMFAh","{""bme688"": [{""temp"": 24.54897, ""step"": 6, ""status"": 1, ""pres"": 978.866, ""meas_profile"": ""HP-8"", ""meas_id"": 8, ""hum"": 32.88279, ""gas_res"": 16953.64}, {""temp"": 24.53134, ""step"": 6, ""status"": 1, ""pres"": 979.0898, ""meas_profile"": ""HP-7"", ""meas_id"": 7, ""hum"": 32.80831, ""gas_res"": 22377.62}, {""temp"": 24.63019, ""step"": 6, ""status"": 1, ""pres"": 979.2606, ""meas_profile"": ""HP-6"", ""meas_id"": 6, ""hum"": 32.65535, ""gas_res"": 43971.14}, {""temp"": 24.52764, ""step"": 6, ""status"": 1, ""pres"": 978.9275, ""meas_profile"": ""HP-5"", ""meas_id"": 5, ""hum"": 32.84273, ""gas_res"": 143377.2}, {""temp"": 24.27547, ""step"": 6, ""status"": 1, ""pres"": 979.0721, ""meas_profile"": ""HP-4"", ""meas_id"": 4, ""hum"": 32.50965, ""gas_res"": 138042.6}, {""temp"": 24.40581, ""step"": 6, ""status"": 1, ""pres"": 978.6473, ""meas_profile"": ""HP-3"", ""meas_id"": 3, ""hum"": 32.93695, ""gas_res"": 83632.8}, {""temp"": 24.31366, ""step"": 6, ""status"": 1, ""pres"": 978.7784, ""meas_profile"": ""HP-2"", ""meas_id"": 2, ""hum"": 33.24015, ""gas_res"": 106246.1}, {""temp"": 24.08303, ""step"": 6, ""status"": 1, ""pres"": 978.8024, ""meas_profile"": ""HP-1"", ""meas_id"": 1, ""hum"": 32.82022, ""gas_res"": 100000.0}]}",NULL,"2025-10-29 11:23:43.266309"
15022,"04a600b9b0b8","2025-10-29 11:22:51","zgQZdw5ElaEqYSckMFAh","{""bme688"": [{""temp"": 24.54928, ""step"": 5, ""status"": 1, ""pres"": 978.8665, ""meas_profile"": ""HP-8"", ""meas_id"": 8, ""hum"": 32.87713, ""gas_res"": 16767.09}, {""temp"": 24.53134, ""step"": 5, ""status"": 1, ""pres"": 979.0898, ""meas_profile"": ""HP-7"", ""meas_id"": 7, ""hum"": 32.80269, ""gas_res"": 22237.67}, {""temp"": 24.6305, ""step"": 5, ""status"": 1, ""pres"": 979.2595, ""meas_profile"": ""HP-6"", ""meas_id"": 6, ""hum"": 32.64969, ""gas_res"": 44290.66}, {""temp"": 24.52796, ""step"": 5, ""status"": 1, ""pres"": 978.9281, ""meas_profile"": ""HP-5"", ""meas_id"": 5, ""hum"": 32.83713, ""gas_res"": 142897.0}, {""temp"": 24.27609, ""step"": 5, ""status"": 1, ""pres"": 979.0715, ""meas_profile"": ""HP-4"", ""meas_id"": 4, ""hum"": 32.4983, ""gas_res"": 138042.6}, {""temp"": 24.40612, ""step"": 5, ""status"": 1, ""pres"": 978.6459, ""meas_profile"": ""HP-3"", ""meas_id"": 3, ""hum"": 32.91417, ""gas_res"": 81012.66}, {""temp"": 24.31366, ""step"": 5, ""status"": 1, ""pres"": 978.7784, ""meas_profile"": ""HP-2"", ""meas_id"": 2, ""hum"": 33.23451, ""gas_res"": 103038.8}, {""temp"": 24.08335, ""step"": 5, ""status"": 1, ""pres"": 978.8029, ""meas_profile"": ""HP-1"", ""meas_id"": 1, ""hum"": 32.80276, ""gas_res"": 100000.0}]}",NULL,"2025-10-29 11:23:44.538361"
15023,"04a600b9b0b8","2025-10-29 11:22:51","zgQZdw5ElaEqYSckMFAh","{""bme688"": [{""temp"": 24.54928, ""step"": 4, ""status"": 1, ""pres"": 978.8665, ""meas_profile"": ""HP-8"", ""meas_id"": 8, ""hum"": 32.84306, ""gas_res"": 16649.32}, {""temp"": 24.53134, ""step"": 4, ""status"": 1, ""pres"": 979.0898, ""meas_profile"": ""HP-7"", ""meas_id"": 7, ""hum"": 32.769, ""gas_res"": 22008.25}, {""temp"": 24.63081, ""step"": 4, ""status"": 1, ""pres"": 979.2615, ""meas_profile"": ""HP-6"", ""meas_id"": 6, ""hum"": 32.62694, ""gas_res"": 45086.3}, {""temp"": 24.52827, ""step"": 4, ""status"": 1, ""pres"": 978.9285, ""meas_profile"": ""HP-5"", ""meas_id"": 5, ""hum"": 32.80339, ""gas_res"": 146453.1}, {""temp"": 24.2764, ""step"": 4, ""status"": 1, ""pres"": 979.0719, ""meas_profile"": ""HP-4"", ""meas_id"": 4, ""hum"": 32.44703, ""gas_res"": 140891.6}, {""temp"": 24.40643, ""step"": 4, ""status"": 1, ""pres"": 978.6467, ""meas_profile"": ""HP-3"", ""meas_id"": 3, ""hum"": 32.89709, ""gas_res"": 77835.21}, {""temp"": 24.31397, ""step"": 4, ""status"": 1, ""pres"": 978.7788, ""meas_profile"": ""HP-2"", ""meas_id"": 2, ""hum"": 33.23454, ""gas_res"": 100019.5}, {""temp"": 24.08397, ""step"": 4, ""status"": 1, ""pres"": 978.8021, ""meas_profile"": ""HP-1"", ""meas_id"": 1, ""hum"": 32.80281, ""gas_res"": 100000.0}]}",NULL,"2025-10-29 11:23:46.00468"
15024,"04a600b9b0b8","2025-10-29 11:22:51","zgQZdw5ElaEqYSckMFAh","{""bme688"": [{""temp"": 24.54928, ""step"": 3, ""status"": 1, ""pres"": 978.8665, ""meas_profile"": ""HP-8"", ""meas_id"": 8, ""hum"": 32.83738, ""gas_res"": 35995.5}, {""temp"": 24.53134, ""step"": 3, ""status"": 1, ""pres"": 979.0898, ""meas_profile"": ""HP-7"", ""meas_id"": 7, ""hum"": 32.76339, ""gas_res"": 52212.93}, {""temp"": 24.63111, ""step"": 3, ""status"": 1, ""pres"": 979.2621, ""meas_profile"": ""HP-6"", ""meas_id"": 6, ""hum"": 32.60989, ""gas_res"": 191616.8}, {""temp"": 24.52858, ""step"": 3, ""status"": 1, ""pres"": 978.929, ""meas_profile"": ""HP-5"", ""meas_id"": 5, ""hum"": 32.78091, ""gas_res"": 458063.1}, {""temp"": 24.27671, ""step"": 3, ""status"": 1, ""pres"": 979.0723, ""meas_profile"": ""HP-4"", ""meas_id"": 4, ""hum"": 32.45275, ""gas_res"": 534028.7}, {""temp"": 24.40643, ""step"": 3, ""status"": 1, ""pres"": 978.6467, ""meas_profile"": ""HP-3"", ""meas_id"": 3, ""hum"": 32.88569, ""gas_res"": 253716.5}, {""temp"": 24.31397, ""step"": 3, ""status"": 1, ""pres"": 978.7788, ""meas_profile"": ""HP-2"", ""meas_id"": 2, ""hum"": 33.20633, ""gas_res"": 485768.5}, {""temp"": 24.08397, ""step"": 3, ""status"": 1, ""pres"": 978.8021, ""meas_profile"": ""HP-1"", ""meas_id"": 1, ""hum"": 32.77365, ""gas_res"": 343278.6}]}",NULL,"2025-10-29 11:23:47.137043"
15025,"04a600b9b0b8","2025-10-29 11:22:51","zgQZdw5ElaEqYSckMFAh","{""bme688"": [{""temp"": 24.54928, ""step"": 2, ""status"": 1, ""pres"": 978.8665, ""meas_profile"": ""HP-8"", ""meas_id"": 8, ""hum"": 32.78628, ""gas_res"": 38953.13}, {""temp"": 24.53165, ""step"": 2, ""status"": 1, ""pres"": 979.0905, ""meas_profile"": ""HP-7"", ""meas_id"": 7, ""hum"": 32.69044, ""gas_res"": 60164.51}, {""temp"": 24.63142, ""step"": 2, ""status"": 1, ""pres"": 979.2625, ""meas_profile"": ""HP-6"", ""meas_id"": 6, ""hum"": 32.54162, ""gas_res"": 243751.5}, {""temp"": 24.52858, ""step"": 2, ""status"": 1, ""pres"": 978.929, ""meas_profile"": ""HP-5"", ""meas_id"": 5, ""hum"": 32.75278, ""gas_res"": 590371.9}, {""temp"": 24.27702, ""step"": 2, ""status"": 1, ""pres"": 979.0729, ""meas_profile"": ""HP-4"", ""meas_id"": 4, ""hum"": 32.41289, ""gas_res"": 651814.1}, {""temp"": 24.40674, ""step"": 2, ""status"": 1, ""pres"": 978.647, ""meas_profile"": ""HP-3"", ""meas_id"": 3, ""hum"": 32.85722, ""gas_res"": 312195.1}, {""temp"": 24.31428, ""step"": 2, ""status"": 1, ""pres"": 978.7794, ""meas_profile"": ""HP-2"", ""meas_id"": 2, ""hum"": 33.20072, ""gas_res"": 546862.5}, {""temp"": 24.08428, ""step"": 2, ""status"": 1, ""pres"": 978.8027, ""meas_profile"": ""HP-1"", ""meas_id"": 1, ""hum"": 32.74452, ""gas_res"": 404823.1}]}",NULL,"2025-10-29 11:23:48.380519"
15026,"04a600b9b0b8","2025-10-29 11:22:51","zgQZdw5ElaEqYSckMFAh","{""bme688"": [{""temp"": 24.54959, ""step"": 1, ""status"": 1, ""pres"": 978.8669, ""meas_profile"": ""HP-8"", ""meas_id"": 8, ""hum"": 32.76928, ""gas_res"": 8842.222}, {""temp"": 24.53196, ""step"": 1, ""status"": 1, ""pres"": 979.0909, ""meas_profile"": ""HP-7"", ""meas_id"": 7, ""hum"": 32.66241, ""gas_res"": 10858.5}, {""temp"": 24.63173, ""step"": 1, ""status"": 1, ""pres"": 979.2631, ""meas_profile"": ""HP-6"", ""meas_id"": 6, ""hum"": 32.53596, ""gas_res"": 25000.0}, {""temp"": 24.52889, ""step"": 1, ""status"": 1, ""pres"": 978.9295, ""meas_profile"": ""HP-5"", ""meas_id"": 5, ""hum"": 32.72469, ""gas_res"": 40050.06}, {""temp"": 24.27764, ""step"": 1, ""status"": 1, ""pres"": 979.0739, ""meas_profile"": ""HP-4"", ""meas_id"": 4, ""hum"": 32.38446, ""gas_res"": 35575.32}, {""temp"": 24.40735, ""step"": 1, ""status"": 1, ""pres"": 978.6481, ""meas_profile"": ""HP-3"", ""meas_id"": 3, ""hum"": 32.83447, ""gas_res"": 25000.0}, {""temp"": 24.3149, ""step"": 1, ""status"": 1, ""pres"": 978.7803, ""meas_profile"": ""HP-2"", ""meas_id"": 2, ""hum"": 33.15002, ""gas_res"": 31573.75}, {""temp"": 24.08459, ""step"": 1, ""status"": 1, ""pres"": 978.8013, ""meas_profile"": ""HP-1"", ""meas_id"": 1, ""hum"": 32.73872, ""gas_res"": 25000.0}]}",NULL,"2025-10-29 11:23:49.660272"
15027,"04a600b9b0b8","2025-10-29 11:22:51","zgQZdw5ElaEqYSckMFAh","{""bme688"": [{""temp"": 24.54959, ""step"": 0, ""status"": 1, ""pres"": 978.8669, ""meas_profile"": ""HP-8"", ""meas_id"": 8, ""hum"": 32.70119, ""gas_res"": 5684.846}, {""temp"": 24.53196, ""step"": 0, ""status"": 1, ""pres"": 979.0909, ""meas_profile"": ""HP-7"", ""meas_id"": 7, ""hum"": 32.63436, ""gas_res"": 6175.222}, {""temp"": 24.63204, ""step"": 0, ""status"": 1, ""pres"": 979.2636, ""meas_profile"": ""HP-6"", ""meas_id"": 6, ""hum"": 32.47342, ""gas_res"": 7841.215}, {""temp"": 24.52921, ""step"": 0, ""status"": 1, ""pres"": 978.9302, ""meas_profile"": ""HP-5"", ""meas_id"": 5, ""hum"": 32.67411, ""gas_res"": 25000.0}, {""temp"": 24.27795, ""step"": 0, ""status"": 1, ""pres"": 979.0744, ""meas_profile"": ""HP-4"", ""meas_id"": 4, ""hum"": 32.33322, ""gas_res"": 18658.89}, {""temp"": 24.40767, ""step"": 0, ""status"": 1, ""pres"": 978.6485, ""meas_profile"": ""HP-3"", ""meas_id"": 3, ""hum"": 32.79462, ""gas_res"": 6866.953}, {""temp"": 24.31521, ""step"": 0, ""status"": 1, ""pres"": 978.7809, ""meas_profile"": ""HP-2"", ""meas_id"": 2, ""hum"": 33.1275, ""gas_res"": 6482.982}, {""temp"": 24.0849, ""step"": 0, ""status"": 1, ""pres"": 978.8019, ""meas_profile"": ""HP-1"", ""meas_id"": 1, ""hum"": 32.68628, ""gas_res"": 7186.167}]}",NULL,"2025-10-29 11:23:51.123039"
15028,"04a600b9b0b8","2025-10-29 11:22:09","zgQZdw5ElaEqYSckMFAh","{""zphs01b"": {""voc"": 0, ""temp"": 21.8, ""pm2_5"": 0, ""pm1_0"": 0, ""pm10"": 304, ""o3"": 0.06, ""no2"": 10.0, ""hum"": 0, ""fmhd"": 0, ""co2"": 5000, ""co"": 0.0}, ""smell_b"": {}, ""sfa30"": {""temp"": 24.485, ""hum"": 34.97, ""fmhd"": 0.6}, ""sen5x"": {""voc"": 75.0, ""temp"": 25.18, ""pm4_0"": 3695.5, ""pm2_5"": 3695.5, ""pm1_0"": 3523.8, ""pm10"": 3695.5, ""nox"": 1.0, ""mass_c"": 3652.575, ""hum"": 38.26}, ""scd41"": {""temp"": 23.82506, ""hum"": 41.86465, ""co2"": 644}, ""power_source"": 0, ""mics6814"": {""red_res"": 0, ""no2_res"": 0, ""no2"": 0.17, ""nh3_res"": 0, ""nh3"": 0.73, ""co_res"": 0, ""co"": 44.0}}",NULL,"2025-10-29 11:23:52.10984"
15029,"04a600b9b0b8","2025-10-29 11:22:09","zgQZdw5ElaEqYSckMFAh","{""bme688"": [{""temp"": 24.54928, ""step"": 9, ""status"": 1, ""pres"": 978.8665, ""meas_profile"": ""HP-8"", ""meas_id"": 8, ""hum"": 32.58207, ""gas_res"": 5684.846}, {""temp"": 24.53165, ""step"": 9, ""status"": 1, ""pres"": 979.0922, ""meas_profile"": ""HP-7"", ""meas_id"": 7, ""hum"": 32.52218, ""gas_res"": 5684.846}, {""temp"": 24.63235, ""step"": 9, ""status"": 1, ""pres"": 979.264, ""meas_profile"": ""HP-6"", ""meas_id"": 6, ""hum"": 32.37111, ""gas_res"": 6554.691}, {""temp"": 24.52952, ""step"": 9, ""status"": 1, ""pres"": 978.9307, ""meas_profile"": ""HP-5"", ""meas_id"": 5, ""hum"": 32.56174, ""gas_res"": 23180.01}, {""temp"": 24.27857, ""step"": 9, ""status"": 1, ""pres"": 979.0754, ""meas_profile"": ""HP-4"", ""meas_id"": 4, ""hum"": 32.24219, ""gas_res"": 10970.17}, {""temp"": 24.40797, ""step"": 9, ""status"": 1, ""pres"": 978.649, ""meas_profile"": ""HP-3"", ""meas_id"": 3, ""hum"": 32.68644, ""gas_res"": 6389.776}, {""temp"": 24.31552, ""step"": 9, ""status"": 1, ""pres"": 978.7813, ""meas_profile"": ""HP-2"", ""meas_id"": 2, ""hum"": 33.03172, ""gas_res"": 7738.815}, {""temp"": 24.08521, ""step"": 9, ""status"": 1, ""pres"": 978.8005, ""meas_profile"": ""HP-1"", ""meas_id"": 1, ""hum"": 32.60474, ""gas_res"": 6052.582}]}",NULL,"2025-10-29 11:23:53.497871"
15030,"04a600b9b0b8","2025-10-29 11:22:09","zgQZdw5ElaEqYSckMFAh","{""bme688"": [{""temp"": 24.54866, ""step"": 8, ""status"": 1, ""pres"": 978.8654, ""meas_profile"": ""HP-8"", ""meas_id"": 8, ""hum"": 32.55935, ""gas_res"": 5684.846}, {""temp"": 24.53134, ""step"": 8, ""status"": 1, ""pres"": 979.0916, ""meas_profile"": ""HP-7"", ""meas_id"": 7, ""hum"": 32.48853, ""gas_res"": 5684.846}, {""temp"": 24.63235, ""step"": 8, ""status"": 1, ""pres"": 979.2658, ""meas_profile"": ""HP-6"", ""meas_id"": 6, ""hum"": 32.35406, ""gas_res"": 6652.807}, {""temp"": 24.52983, ""step"": 8, ""status"": 1, ""pres"": 978.9312, ""meas_profile"": ""HP-5"", ""meas_id"": 5, ""hum"": 32.54491, ""gas_res"": 21304.93}, {""temp"": 24.27888, ""step"": 8, ""status"": 1, ""pres"": 979.0742, ""meas_profile"": ""HP-4"", ""meas_id"": 4, ""hum"": 32.25359, ""gas_res"": 10557.57}, {""temp"": 24.40797, ""step"": 8, ""status"": 1, ""pres"": 978.649, ""meas_profile"": ""HP-3"", ""meas_id"": 3, ""hum"": 32.68074, ""gas_res"": 7568.59}, {""temp"": 24.31552, ""step"": 8, ""status"": 1, ""pres"": 978.7813, ""meas_profile"": ""HP-2"", ""meas_id"": 2, ""hum"": 33.00919, ""gas_res"": 7339.45}, {""temp"": 24.08521, ""step"": 8, ""status"": 1, ""pres"": 978.8005, ""meas_profile"": ""HP-1"", ""meas_id"": 1, ""hum"": 32.59891, ""gas_res"": 6028.636}]}",NULL,"2025-10-29 11:23:54.777661"
15031,"04a600b9b0b8","2025-10-29 11:22:09","zgQZdw5ElaEqYSckMFAh","{""bme688"": [{""temp"": 24.54835, ""step"": 7, ""status"": 1, ""pres"": 978.8649, ""meas_profile"": ""HP-8"", ""meas_id"": 8, ""hum"": 32.53664, ""gas_res"": 5684.846}, {""temp"": 24.53134, ""step"": 7, ""status"": 1, ""pres"": 979.0932, ""meas_profile"": ""HP-7"", ""meas_id"": 7, ""hum"": 32.47732, ""gas_res"": 5727.582}, {""temp"": 24.63235, ""step"": 7, ""status"": 1, ""pres"": 979.2658, ""meas_profile"": ""HP-6"", ""meas_id"": 6, ""hum"": 32.33701, ""gas_res"": 6724.102}, {""temp"": 24.52983, ""step"": 7, ""status"": 1, ""pres"": 978.9312, ""meas_profile"": ""HP-5"", ""meas_id"": 5, ""hum"": 32.52244, ""gas_res"": 20765.74}, {""temp"": 24.2795, ""step"": 7, ""status"": 1, ""pres"": 979.077, ""meas_profile"": ""HP-4"", ""meas_id"": 4, ""hum"": 32.20813, ""gas_res"": 10243.28}, {""temp"": 24.40828, ""step"": 7, ""status"": 1, ""pres"": 978.6495, ""meas_profile"": ""HP-3"", ""meas_id"": 3, ""hum"": 32.66369, ""gas_res"": 7081.213}, {""temp"": 24.31583, ""step"": 7, ""status"": 1, ""pres"": 978.782, ""meas_profile"": ""HP-2"", ""meas_id"": 2, ""hum"": 32.98106, ""gas_res"": 6840.53}, {""temp"": 24.08553, ""step"": 7, ""status"": 1, ""pres"": 978.801, ""meas_profile"": ""HP-1"", ""meas_id"": 1, ""hum"": 32.564, ""gas_res"": 7354.631}]}",NULL,"2025-10-29 11:23:56.246086"
15032,"04a600b9b0b8","2025-10-29 11:22:09","zgQZdw5ElaEqYSckMFAh","{""bme688"": [{""temp"": 24.54805, ""step"": 6, ""status"": 1, ""pres"": 978.8644, ""meas_profile"": ""HP-8"", ""meas_id"": 8, ""hum"": 32.52528, ""gas_res"": 19583.84}, {""temp"": 24.53134, ""step"": 6, ""status"": 1, ""pres"": 979.0932, ""meas_profile"": ""HP-7"", ""meas_id"": 7, ""hum"": 32.4437, ""gas_res"": 22567.0}, {""temp"": 24.63266, ""step"": 6, ""status"": 1, ""pres"": 979.2664, ""meas_profile"": ""HP-6"", ""meas_id"": 6, ""hum"": 32.30295, ""gas_res"": 36209.34}, {""temp"": 24.52983, ""step"": 6, ""status"": 1, ""pres"": 978.9312, ""meas_profile"": ""HP-5"", ""meas_id"": 5, ""hum"": 32.48875, ""gas_res"": 110511.5}, {""temp"": 24.2795, ""step"": 6, ""status"": 1, ""pres"": 979.077, ""meas_profile"": ""HP-4"", ""meas_id"": 4, ""hum"": 32.17399, ""gas_res"": 100254.6}, {""temp"": 24.40859, ""step"": 6, ""status"": 1, ""pres"": 978.6501, ""meas_profile"": ""HP-3"", ""meas_id"": 3, ""hum"": 32.62957, ""gas_res"": 36147.98}, {""temp"": 24.31646, ""step"": 6, ""status"": 1, ""pres"": 978.7812, ""meas_profile"": ""HP-2"", ""meas_id"": 2, ""hum"": 32.94732, ""gas_res"": 86079.35}, {""temp"": 24.08615, ""step"": 6, ""status"": 1, ""pres"": 978.8002, ""meas_profile"": ""HP-1"", ""meas_id"": 1, ""hum"": 32.53493, ""gas_res"": 42146.86}]}",NULL,"2025-10-29 11:23:57.339022"
15033,"04a600b9b0b8","2025-10-29 11:22:09","zgQZdw5ElaEqYSckMFAh","{""bme688"": [{""temp"": 24.54805, ""step"": 5, ""status"": 1, ""pres"": 978.8644, ""meas_profile"": ""HP-8"", ""meas_id"": 8, ""hum"": 32.50829, ""gas_res"": 20176.54}, {""temp"": 24.53134, ""step"": 5, ""status"": 1, ""pres"": 979.0932, ""meas_profile"": ""HP-7"", ""meas_id"": 7, ""hum"": 32.4325, ""gas_res"": 23079.7}, {""temp"": 24.63297, ""step"": 5, ""status"": 1, ""pres"": 979.2668, ""meas_profile"": ""HP-6"", ""meas_id"": 6, ""hum"": 32.28026, ""gas_res"": 37026.32}, {""temp"": 24.52952, ""step"": 5, ""status"": 1, ""pres"": 978.9307, ""meas_profile"": ""HP-5"", ""meas_id"": 5, ""hum"": 32.45504, ""gas_res"": 112182.3}, {""temp"": 24.2795, ""step"": 5, ""status"": 1, ""pres"": 979.0753, ""meas_profile"": ""HP-4"", ""meas_id"": 4, ""hum"": 32.1228, ""gas_res"": 99378.88}, {""temp"": 24.4089, ""step"": 5, ""status"": 1, ""pres"": 978.6506, ""meas_profile"": ""HP-3"", ""meas_id"": 3, ""hum"": 32.57838, ""gas_res"": 35106.96}, {""temp"": 24.31677, ""step"": 5, ""status"": 1, ""pres"": 978.7817, ""meas_profile"": ""HP-2"", ""meas_id"": 2, ""hum"": 32.89668, ""gas_res"": 82821.09}, {""temp"": 24.08677, ""step"": 5, ""status"": 1, ""pres"": 978.801, ""meas_profile"": ""HP-1"", ""meas_id"": 1, ""hum"": 32.47096, ""gas_res"": 40276.9}]}",NULL,"2025-10-29 11:23:58.621338"
15034,"04a600b9b0b8","2025-10-29 11:22:09","zgQZdw5ElaEqYSckMFAh","{""bme688"": [{""temp"": 24.54774, ""step"": 4, ""status"": 1, ""pres"": 978.864, ""meas_profile"": ""HP-8"", ""meas_id"": 8, ""hum"": 32.45728, ""gas_res"": 21220.16}, {""temp"": 24.53165, ""step"": 4, ""status"": 1, ""pres"": 979.0955, ""meas_profile"": ""HP-7"", ""meas_id"": 7, ""hum"": 32.39332, ""gas_res"": 25000.0}, {""temp"": 24.63328, ""step"": 4, ""status"": 1, ""pres"": 979.2692, ""meas_profile"": ""HP-6"", ""meas_id"": 6, ""hum"": 32.2235, ""gas_res"": 39384.62}, {""temp"": 24.52952, ""step"": 4, ""status"": 1, ""pres"": 978.9324, ""meas_profile"": ""HP-5"", ""meas_id"": 5, ""hum"": 32.4382, ""gas_res"": 120498.9}, {""temp"": 24.27982, ""step"": 4, ""status"": 1, ""pres"": 979.0776, ""meas_profile"": ""HP-4"", ""meas_id"": 4, ""hum"": 32.08303, ""gas_res"": 103225.8}, {""temp"": 24.40921, ""step"": 4, ""status"": 1, ""pres"": 978.6512, ""meas_profile"": ""HP-3"", ""meas_id"": 3, ""hum"": 32.52721, ""gas_res"": 34678.95}, {""temp"": 24.31677, ""step"": 4, ""status"": 1, ""pres"": 978.7817, ""meas_profile"": ""HP-2"", ""meas_id"": 2, ""hum"": 32.85166, ""gas_res"": 82500.8}, {""temp"": 24.08708, ""step"": 4, ""status"": 1, ""pres"": 978.8016, ""meas_profile"": ""HP-1"", ""meas_id"": 1, ""hum"": 32.45935, ""gas_res"": 39024.39}]}",NULL,"2025-10-29 11:23:59.897227"
15035,"04a600b9b0b8","2025-10-29 11:22:09","zgQZdw5ElaEqYSckMFAh","{""bme688"": [{""temp"": 24.54774, ""step"": 3, ""status"": 1, ""pres"": 978.864, ""meas_profile"": ""HP-8"", ""meas_id"": 8, ""hum"": 32.4233, ""gas_res"": 66910.61}, {""temp"": 24.53134, ""step"": 3, ""status"": 1, ""pres"": 979.0949, ""meas_profile"": ""HP-7"", ""meas_id"": 7, ""hum"": 32.3429, ""gas_res"": 81632.66}, {""temp"": 24.63328, ""step"": 3, ""status"": 1, ""pres"": 979.2692, ""meas_profile"": ""HP-6"", ""meas_id"": 6, ""hum"": 32.19512, ""gas_res"": 240488.5}, {""temp"": 24.52921, ""step"": 3, ""status"": 1, ""pres"": 978.9319, ""meas_profile"": ""HP-5"", ""meas_id"": 5, ""hum"": 32.39327, ""gas_res"": 586819.5}, {""temp"": 24.27982, ""step"": 3, ""status"": 1, ""pres"": 979.0759, ""meas_profile"": ""HP-4"", ""meas_id"": 4, ""hum"": 32.03188, ""gas_res"": 581322.8}, {""temp"": 24.40921, ""step"": 3, ""status"": 1, ""pres"": 978.6512, ""meas_profile"": ""HP-3"", ""meas_id"": 3, ""hum"": 32.4931, ""gas_res"": 267852.5}, {""temp"": 24.31708, ""step"": 3, ""status"": 1, ""pres"": 978.7822, ""meas_profile"": ""HP-2"", ""meas_id"": 2, ""hum"": 32.79543, ""gas_res"": 471021.2}, {""temp"": 24.08739, ""step"": 3, ""status"": 1, ""pres"": 978.8002, ""meas_profile"": ""HP-1"", ""meas_id"": 1, ""hum"": 32.41283, ""gas_res"": 324050.6}]}",NULL,"2025-10-29 11:24:01.37108"
15036,"04a600b9b0b8","2025-10-29 11:22:09","zgQZdw5ElaEqYSckMFAh","{""bme688"": [{""temp"": 24.54774, ""step"": 2, ""status"": 1, ""pres"": 978.864, ""meas_profile"": ""HP-8"", ""meas_id"": 8, ""hum"": 32.37801, ""gas_res"": 62591.69}, {""temp"": 24.53134, ""step"": 2, ""status"": 1, ""pres"": 979.0966, ""meas_profile"": ""HP-7"", ""meas_id"": 7, ""hum"": 32.29252, ""gas_res"": 73924.34}, {""temp"": 24.63328, ""step"": 2, ""status"": 1, ""pres"": 979.2692, ""meas_profile"": ""HP-6"", ""meas_id"": 6, ""hum"": 32.16107, ""gas_res"": 220594.6}, {""temp"": 24.52921, ""step"": 2, ""status"": 1, ""pres"": 978.9319, ""meas_profile"": ""HP-5"", ""meas_id"": 5, ""hum"": 32.33717, ""gas_res"": 512384.3}, {""temp"": 24.27982, ""step"": 2, ""status"": 1, ""pres"": 979.0759, ""meas_profile"": ""HP-4"", ""meas_id"": 4, ""hum"": 31.98074, ""gas_res"": 496003.9}, {""temp"": 24.40921, ""step"": 2, ""status"": 1, ""pres"": 978.6512, ""meas_profile"": ""HP-3"", ""meas_id"": 3, ""hum"": 32.44194, ""gas_res"": 227353.5}, {""temp"": 24.31708, ""step"": 2, ""status"": 1, ""pres"": 978.7822, ""meas_profile"": ""HP-2"", ""meas_id"": 2, ""hum"": 32.75043, ""gas_res"": 385542.2}, {""temp"": 24.08739, ""step"": 2, ""status"": 1, ""pres"": 978.8002, ""meas_profile"": ""HP-1"", ""meas_id"": 1, ""hum"": 32.33141, ""gas_res"": 272340.4}]}",NULL,"2025-10-29 11:24:02.457656"
15037,"04a600b9b0b8","2025-10-29 11:22:09","zgQZdw5ElaEqYSckMFAh","{""bme688"": [{""temp"": 24.54774, ""step"": 1, ""status"": 1, ""pres"": 978.864, ""meas_profile"": ""HP-8"", ""meas_id"": 8, ""hum"": 32.33273, ""gas_res"": 16120.91}, {""temp"": 24.53134, ""step"": 1, ""status"": 1, ""pres"": 979.0966, ""meas_profile"": ""HP-7"", ""meas_id"": 7, ""hum"": 32.23656, ""gas_res"": 17213.56}, {""temp"": 24.63359, ""step"": 1, ""status"": 1, ""pres"": 979.2697, ""meas_profile"": ""HP-6"", ""meas_id"": 6, ""hum"": 32.09868, ""gas_res"": 25000.0}, {""temp"": 24.52921, ""step"": 1, ""status"": 1, ""pres"": 978.9319, ""meas_profile"": ""HP-5"", ""meas_id"": 5, ""hum"": 32.28109, ""gas_res"": 36456.85}, {""temp"": 24.28013, ""step"": 1, ""status"": 1, ""pres"": 979.0764, ""meas_profile"": ""HP-4"", ""meas_id"": 4, ""hum"": 31.9126, ""gas_res"": 30295.86}, {""temp"": 24.40952, ""step"": 1, ""status"": 1, ""pres"": 978.6516, ""meas_profile"": ""HP-3"", ""meas_id"": 3, ""hum"": 32.38513, ""gas_res"": 25000.0}, {""temp"": 24.3177, ""step"": 1, ""status"": 1, ""pres"": 978.7849, ""meas_profile"": ""HP-2"", ""meas_id"": 2, ""hum"": 32.69427, ""gas_res"": 23490.55}, {""temp"": 24.0877, ""step"": 1, ""status"": 1, ""pres"": 978.8008, ""meas_profile"": ""HP-1"", ""meas_id"": 1, ""hum"": 32.29074, ""gas_res"": 25000.0}]}",NULL,"2025-10-29 11:24:03.750063"
15038,"04a600b9b0b8","2025-10-29 11:22:09","zgQZdw5ElaEqYSckMFAh","{""bme688"": [{""temp"": 24.54743, ""step"": 0, ""status"": 1, ""pres"": 978.8635, ""meas_profile"": ""HP-8"", ""meas_id"": 8, ""hum"": 32.27047, ""gas_res"": 7043.804}, {""temp"": 24.53103, ""step"": 0, ""status"": 1, ""pres"": 979.0979, ""meas_profile"": ""HP-7"", ""meas_id"": 7, ""hum"": 32.1862, ""gas_res"": 7536.505}, {""temp"": 24.6339, ""step"": 0, ""status"": 1, ""pres"": 979.272, ""meas_profile"": ""HP-6"", ""meas_id"": 6, ""hum"": 32.02498, ""gas_res"": 8599.839}, {""temp"": 24.52921, ""step"": 0, ""status"": 1, ""pres"": 978.9319, ""meas_profile"": ""HP-5"", ""meas_id"": 5, ""hum"": 32.23063, ""gas_res"": 25000.0}, {""temp"": 24.28013, ""step"": 0, ""status"": 1, ""pres"": 979.0781, ""meas_profile"": ""HP-4"", ""meas_id"": 4, ""hum"": 31.85583, ""gas_res"": 17802.5}, {""temp"": 24.40952, ""step"": 0, ""status"": 1, ""pres"": 978.6532, ""meas_profile"": ""HP-3"", ""meas_id"": 3, ""hum"": 32.31129, ""gas_res"": 6073.259}, {""temp"": 24.31739, ""step"": 0, ""status"": 1, ""pres"": 978.7844, ""meas_profile"": ""HP-2"", ""meas_id"": 2, ""hum"": 32.63805, ""gas_res"": 7541.833}, {""temp"": 24.0877, ""step"": 0, ""status"": 1, ""pres"": 978.8008, ""meas_profile"": ""HP-1"", ""meas_id"": 1, ""hum"": 32.24425, ""gas_res"": 5967.922}]}",NULL,"2025-10-29 11:24:05.020519"
15061,"04a600b9b0b8","2025-10-29 11:24:39","zgQZdw5ElaEqYSckMFAh","{""zphs01b"": {""voc"": 0, ""temp"": 22.1, ""pm2_5"": 0, ""pm1_0"": 0, ""pm10"": 319, ""o3"": 0.04, ""no2"": 10.0, ""hum"": 0, ""fmhd"": 0, ""co2"": 5000, ""co"": 0.0}, ""smell_b"": {}, ""sfa30"": {""temp"": 24.51, ""hum"": 35.93, ""fmhd"": 0.8}, ""sen5x"": {""voc"": 99.0, ""temp"": 24.64, ""pm4_0"": 4592.0, ""pm2_5"": 4592.0, ""pm1_0"": 4378.8, ""pm10"": 4592.0, ""nox"": 1.0, ""mass_c"": 4538.7, ""hum"": 40.41}, ""scd41"": {""temp"": 23.7129, ""hum"": 43.87885, ""co2"": 655}, ""power_source"": 0, ""mics6814"": {""red_res"": 0, ""no2_res"": 0, ""no2"": 0.17, ""nh3_res"": 0, ""nh3"": 0.73, ""co_res"": 0, ""co"": 44.0}}",NULL,"2025-10-29 11:25:02.663892"
15062,"04a600b9b0b8","2025-10-29 11:24:39","zgQZdw5ElaEqYSckMFAh","{""bme688"": [{""temp"": 24.54928, ""step"": 9, ""status"": 1, ""pres"": 978.87, ""meas_profile"": ""HP-8"", ""meas_id"": 8, ""hum"": 33.38922, ""gas_res"": 5684.846}, {""temp"": 24.52979, ""step"": 9, ""status"": 1, ""pres"": 979.0838, ""meas_profile"": ""HP-7"", ""meas_id"": 7, ""hum"": 33.29196, ""gas_res"": 5879.111}, {""temp"": 24.62648, ""step"": 9, ""status"": 1, ""pres"": 979.2479, ""meas_profile"": ""HP-6"", ""meas_id"": 6, ""hum"": 33.1284, ""gas_res"": 7447.056}, {""temp"": 24.52545, ""step"": 9, ""status"": 1, ""pres"": 978.9239, ""meas_profile"": ""HP-5"", ""meas_id"": 5, ""hum"": 33.32174, ""gas_res"": 25000.0}, {""temp"": 24.2736, ""step"": 9, ""status"": 1, ""pres"": 979.0656, ""meas_profile"": ""HP-4"", ""meas_id"": 4, ""hum"": 32.91486, ""gas_res"": 20157.48}, {""temp"": 24.40519, ""step"": 9, ""status"": 1, ""pres"": 978.6378, ""meas_profile"": ""HP-3"", ""meas_id"": 3, ""hum"": 33.36525, ""gas_res"": 5944.641}, {""temp"": 24.31304, ""step"": 9, ""status"": 1, ""pres"": 978.7722, ""meas_profile"": ""HP-2"", ""meas_id"": 2, ""hum"": 33.61292, ""gas_res"": 7294.278}, {""temp"": 24.08335, ""step"": 9, ""status"": 1, ""pres"": 978.8065, ""meas_profile"": ""HP-1"", ""meas_id"": 1, ""hum"": 33.20578, ""gas_res"": 7934.54}]}",NULL,"2025-10-29 11:25:03.89668"
15063,"04a600b9b0b8","2025-10-29 11:24:39","zgQZdw5ElaEqYSckMFAh","{""bme688"": [{""temp"": 24.54897, ""step"": 8, ""status"": 1, ""pres"": 978.8696, ""meas_profile"": ""HP-8"", ""meas_id"": 8, ""hum"": 33.40059, ""gas_res"": 5684.846}, {""temp"": 24.52979, ""step"": 8, ""status"": 1, ""pres"": 979.0838, ""meas_profile"": ""HP-7"", ""meas_id"": 7, ""hum"": 33.29196, ""gas_res"": 5914.972}, {""temp"": 24.6268, ""step"": 8, ""status"": 1, ""pres"": 979.25, ""meas_profile"": ""HP-6"", ""meas_id"": 6, ""hum"": 33.12843, ""gas_res"": 7644.529}, {""temp"": 24.52577, ""step"": 8, ""status"": 1, ""pres"": 978.9244, ""meas_profile"": ""HP-5"", ""meas_id"": 5, ""hum"": 33.32177, ""gas_res"": 25000.0}, {""temp"": 24.27391, ""step"": 8, ""status"": 1, ""pres"": 979.0661, ""meas_profile"": ""HP-4"", ""meas_id"": 4, ""hum"": 32.92061, ""gas_res"": 19494.37}, {""temp"": 24.40519, ""step"": 8, ""status"": 1, ""pres"": 978.6378, ""meas_profile"": ""HP-3"", ""meas_id"": 3, ""hum"": 33.35381, ""gas_res"": 7462.687}, {""temp"": 24.31304, ""step"": 8, ""status"": 1, ""pres"": 978.7722, ""meas_profile"": ""HP-2"", ""meas_id"": 2, ""hum"": 33.61858, ""gas_res"": 7029.877}, {""temp"": 24.08303, ""step"": 8, ""status"": 1, ""pres"": 978.8061, ""meas_profile"": ""HP-1"", ""meas_id"": 1, ""hum"": 33.19991, ""gas_res"": 5882.353}]}",NULL,"2025-10-29 11:25:05.175124"
15064,"04a600b9b0b8","2025-10-29 11:24:39","zgQZdw5ElaEqYSckMFAh","{""bme688"": [{""temp"": 24.54866, ""step"": 7, ""status"": 1, ""pres"": 978.869, ""meas_profile"": ""HP-8"", ""meas_id"": 8, ""hum"": 33.40057, ""gas_res"": 5684.846}, {""temp"": 24.52979, ""step"": 7, ""status"": 1, ""pres"": 979.0838, ""meas_profile"": ""HP-7"", ""meas_id"": 7, ""hum"": 33.30323, ""gas_res"": 6052.582}, {""temp"": 24.6271, ""step"": 7, ""status"": 1, ""pres"": 979.2505, ""meas_profile"": ""HP-6"", ""meas_id"": 6, ""hum"": 33.11703, ""gas_res"": 7864.34}, {""temp"": 24.52608, ""step"": 7, ""status"": 1, ""pres"": 978.9268, ""meas_profile"": ""HP-5"", ""meas_id"": 5, ""hum"": 33.32745, ""gas_res"": 25000.0}, {""temp"": 24.27391, ""step"": 7, ""status"": 1, ""pres"": 979.0678, ""meas_profile"": ""HP-4"", ""meas_id"": 4, ""hum"": 32.90346, ""gas_res"": 18724.4}, {""temp"": 24.40519, ""step"": 7, ""status"": 1, ""pres"": 978.6394, ""meas_profile"": ""HP-3"", ""meas_id"": 3, ""hum"": 33.37097, ""gas_res"": 7220.217}, {""temp"": 24.31304, ""step"": 7, ""status"": 1, ""pres"": 978.7722, ""meas_profile"": ""HP-2"", ""meas_id"": 2, ""hum"": 33.60727, ""gas_res"": 6929.407}, {""temp"": 24.08272, ""step"": 7, ""status"": 1, ""pres"": 978.8038, ""meas_profile"": ""HP-1"", ""meas_id"": 1, ""hum"": 33.19403, ""gas_res"": 7952.286}]}",NULL,"2025-10-29 11:25:06.456627"
15065,"04a600b9b0b8","2025-10-29 11:24:39","zgQZdw5ElaEqYSckMFAh","{""bme688"": [{""temp"": 24.54866, ""step"": 6, ""status"": 1, ""pres"": 978.869, ""meas_profile"": ""HP-8"", ""meas_id"": 8, ""hum"": 33.37777, ""gas_res"": 16675.35}, {""temp"": 24.52979, ""step"": 6, ""status"": 1, ""pres"": 979.0838, ""meas_profile"": ""HP-7"", ""meas_id"": 7, ""hum"": 33.29196, ""gas_res"": 20908.2}, {""temp"": 24.62741, ""step"": 6, ""status"": 1, ""pres"": 979.2509, ""meas_profile"": ""HP-6"", ""meas_id"": 6, ""hum"": 33.11135, ""gas_res"": 37187.68}, {""temp"": 24.52608, ""step"": 6, ""status"": 1, ""pres"": 978.9268, ""meas_profile"": ""HP-5"", ""meas_id"": 5, ""hum"": 33.3218, ""gas_res"": 116948.4}, {""temp"": 24.27391, ""step"": 6, ""status"": 1, ""pres"": 979.0678, ""meas_profile"": ""HP-4"", ""meas_id"": 4, ""hum"": 32.89774, ""gas_res"": 109518.7}, {""temp"": 24.40519, ""step"": 6, ""status"": 1, ""pres"": 978.6394, ""meas_profile"": ""HP-3"", ""meas_id"": 3, ""hum"": 33.34238, ""gas_res"": 40699.52}, {""temp"": 24.31304, ""step"": 6, ""status"": 1, ""pres"": 978.7722, ""meas_profile"": ""HP-2"", ""meas_id"": 2, ""hum"": 33.60727, ""gas_res"": 100000.0}, {""temp"": 24.08272, ""step"": 6, ""status"": 1, ""pres"": 978.8038, ""meas_profile"": ""HP-1"", ""meas_id"": 1, ""hum"": 33.17648, ""gas_res"": 83306.22}]}",NULL,"2025-10-29 11:25:07.922489"
15066,"04a600b9b0b8","2025-10-29 11:24:39","zgQZdw5ElaEqYSckMFAh","{""bme688"": [{""temp"": 24.54866, ""step"": 5, ""status"": 1, ""pres"": 978.8672, ""meas_profile"": ""HP-8"", ""meas_id"": 8, ""hum"": 33.38916, ""gas_res"": 16636.34}, {""temp"": 24.5301, ""step"": 5, ""status"": 1, ""pres"": 979.0844, ""meas_profile"": ""HP-7"", ""meas_id"": 7, ""hum"": 33.29199, ""gas_res"": 20846.91}, {""temp"": 24.62772, ""step"": 5, ""status"": 1, ""pres"": 979.2515, ""meas_profile"": ""HP-6"", ""meas_id"": 6, ""hum"": 33.10567, ""gas_res"": 36930.18}, {""temp"": 24.52577, ""step"": 5, ""status"": 1, ""pres"": 978.9261, ""meas_profile"": ""HP-5"", ""meas_id"": 5, ""hum"": 33.32177, ""gas_res"": 115445.3}, {""temp"": 24.27391, ""step"": 5, ""status"": 1, ""pres"": 979.0678, ""meas_profile"": ""HP-4"", ""meas_id"": 4, ""hum"": 32.90346, ""gas_res"": 107180.2}, {""temp"": 24.4055, ""step"": 5, ""status"": 1, ""pres"": 978.6415, ""meas_profile"": ""HP-3"", ""meas_id"": 3, ""hum"": 33.36528, ""gas_res"": 38531.0}, {""temp"": 24.31304, ""step"": 5, ""status"": 1, ""pres"": 978.7738, ""meas_profile"": ""HP-2"", ""meas_id"": 2, ""hum"": 33.61292, ""gas_res"": 100000.0}, {""temp"": 24.08272, ""step"": 5, ""status"": 1, ""pres"": 978.8038, ""meas_profile"": ""HP-1"", ""meas_id"": 1, ""hum"": 33.18818, ""gas_res"": 46613.25}]}",NULL,"2025-10-29 11:25:09.054672"
15067,"04a600b9b0b8","2025-10-29 11:24:39","zgQZdw5ElaEqYSckMFAh","{""bme688"": [{""temp"": 24.54866, ""step"": 4, ""status"": 1, ""pres"": 978.8672, ""meas_profile"": ""HP-8"", ""meas_id"": 8, ""hum"": 33.38346, ""gas_res"": 16859.85}, {""temp"": 24.5301, ""step"": 4, ""status"": 1, ""pres"": 979.0861, ""meas_profile"": ""HP-7"", ""meas_id"": 7, ""hum"": 33.28635, ""gas_res"": 21241.29}, {""temp"": 24.62803, ""step"": 4, ""status"": 1, ""pres"": 979.2519, ""meas_profile"": ""HP-6"", ""meas_id"": 6, ""hum"": 33.12283, ""gas_res"": 37746.98}, {""temp"": 24.52608, ""step"": 4, ""status"": 1, ""pres"": 978.9268, ""meas_profile"": ""HP-5"", ""meas_id"": 5, ""hum"": 33.30486, ""gas_res"": 117836.6}, {""temp"": 24.27391, ""step"": 4, ""status"": 1, ""pres"": 979.0678, ""meas_profile"": ""HP-4"", ""meas_id"": 4, ""hum"": 32.89202, ""gas_res"": 107857.6}, {""temp"": 24.4055, ""step"": 4, ""status"": 1, ""pres"": 978.6415, ""meas_profile"": ""HP-3"", ""meas_id"": 3, ""hum"": 33.36528, ""gas_res"": 37220.12}, {""temp"": 24.31304, ""step"": 4, ""status"": 1, ""pres"": 978.7738, ""meas_profile"": ""HP-2"", ""meas_id"": 2, ""hum"": 33.61292, ""gas_res"": 93635.7}, {""temp"": 24.08272, ""step"": 4, ""status"": 1, ""pres"": 978.8038, ""meas_profile"": ""HP-1"", ""meas_id"": 1, ""hum"": 33.18233, ""gas_res"": 44568.25}]}",NULL,"2025-10-29 11:25:10.297024"
15068,"04a600b9b0b8","2025-10-29 11:24:39","zgQZdw5ElaEqYSckMFAh","{""bme688"": [{""temp"": 24.54866, ""step"": 3, ""status"": 1, ""pres"": 978.8672, ""meas_profile"": ""HP-8"", ""meas_id"": 8, ""hum"": 33.40057, ""gas_res"": 24362.39}, {""temp"": 24.5301, ""step"": 3, ""status"": 1, ""pres"": 979.0861, ""meas_profile"": ""HP-7"", ""meas_id"": 7, ""hum"": 33.30326, ""gas_res"": 31113.27}, {""temp"": 24.62803, ""step"": 3, ""status"": 1, ""pres"": 979.2537, ""meas_profile"": ""HP-6"", ""meas_id"": 6, ""hum"": 33.12283, ""gas_res"": 75095.34}, {""temp"": 24.52577, ""step"": 3, ""status"": 1, ""pres"": 978.9261, ""meas_profile"": ""HP-5"", ""meas_id"": 5, ""hum"": 33.31048, ""gas_res"": 153293.4}, {""temp"": 24.2736, ""step"": 3, ""status"": 1, ""pres"": 979.0673, ""meas_profile"": ""HP-4"", ""meas_id"": 4, ""hum"": 32.90915, ""gas_res"": 175342.5}, {""temp"": 24.4055, ""step"": 3, ""status"": 1, ""pres"": 978.6415, ""meas_profile"": ""HP-3"", ""meas_id"": 3, ""hum"": 33.38244, ""gas_res"": 87223.17}, {""temp"": 24.31304, ""step"": 3, ""status"": 1, ""pres"": 978.7738, ""meas_profile"": ""HP-2"", ""meas_id"": 2, ""hum"": 33.60727, ""gas_res"": 150058.6}, {""temp"": 24.08272, ""step"": 3, ""status"": 1, ""pres"": 978.8038, ""meas_profile"": ""HP-1"", ""meas_id"": 1, ""hum"": 33.19988, ""gas_res"": 113299.4}]}",NULL,"2025-10-29 11:25:11.577089"
15069,"04a600b9b0b8","2025-10-29 11:24:39","zgQZdw5ElaEqYSckMFAh","{""bme688"": [{""temp"": 24.54866, ""step"": 2, ""status"": 1, ""pres"": 978.8672, ""meas_profile"": ""HP-8"", ""meas_id"": 8, ""hum"": 33.38346, ""gas_res"": 40622.02}, {""temp"": 24.53041, ""step"": 2, ""status"": 1, ""pres"": 979.0867, ""meas_profile"": ""HP-7"", ""meas_id"": 7, ""hum"": 33.29202, ""gas_res"": 58115.78}, {""temp"": 24.62803, ""step"": 2, ""status"": 1, ""pres"": 979.2537, ""meas_profile"": ""HP-6"", ""meas_id"": 6, ""hum"": 33.11712, ""gas_res"": 176066.0}, {""temp"": 24.52608, ""step"": 2, ""status"": 1, ""pres"": 978.9268, ""meas_profile"": ""HP-5"", ""meas_id"": 5, ""hum"": 33.3105, ""gas_res"": 410667.8}, {""temp"": 24.2736, ""step"": 2, ""status"": 1, ""pres"": 979.0689, ""meas_profile"": ""HP-4"", ""meas_id"": 4, ""hum"": 32.90915, ""gas_res"": 421572.7}, {""temp"": 24.40519, ""step"": 2, ""status"": 1, ""pres"": 978.6428, ""meas_profile"": ""HP-3"", ""meas_id"": 3, ""hum"": 33.37097, ""gas_res"": 199804.9}, {""temp"": 24.31273, ""step"": 2, ""status"": 1, ""pres"": 978.775, ""meas_profile"": ""HP-2"", ""meas_id"": 2, ""hum"": 33.61289, ""gas_res"": 352132.1}, {""temp"": 24.08241, ""step"": 2, ""status"": 1, ""pres"": 978.8035, ""meas_profile"": ""HP-1"", ""meas_id"": 1, ""hum"": 33.19985, ""gas_res"": 255234.3}]}",NULL,"2025-10-29 11:25:13.042259"
15070,"04a600b9b0b8","2025-10-29 11:24:39","zgQZdw5ElaEqYSckMFAh","{""bme688"": [{""temp"": 24.54928, ""step"": 1, ""status"": 1, ""pres"": 978.8683, ""meas_profile"": ""HP-8"", ""meas_id"": 8, ""hum"": 33.38922, ""gas_res"": 9702.851}, {""temp"": 24.53072, ""step"": 1, ""status"": 1, ""pres"": 979.0871, ""meas_profile"": ""HP-7"", ""meas_id"": 7, ""hum"": 33.29768, ""gas_res"": 11502.52}, {""temp"": 24.62834, ""step"": 1, ""status"": 1, ""pres"": 979.2543, ""meas_profile"": ""HP-6"", ""meas_id"": 6, ""hum"": 33.11143, ""gas_res"": 25000.0}, {""temp"": 24.52639, ""step"": 1, ""status"": 1, ""pres"": 978.9272, ""meas_profile"": ""HP-5"", ""meas_id"": 5, ""hum"": 33.29924, ""gas_res"": 34934.5}, {""temp"": 24.27391, ""step"": 1, ""status"": 1, ""pres"": 979.0695, ""meas_profile"": ""HP-4"", ""meas_id"": 4, ""hum"": 32.89774, ""gas_res"": 29277.22}, {""temp"": 24.4055, ""step"": 1, ""status"": 1, ""pres"": 978.6432, ""meas_profile"": ""HP-3"", ""meas_id"": 3, ""hum"": 33.36528, ""gas_res"": 25000.0}, {""temp"": 24.31273, ""step"": 1, ""status"": 1, ""pres"": 978.775, ""meas_profile"": ""HP-2"", ""meas_id"": 2, ""hum"": 33.61855, ""gas_res"": 24643.82}, {""temp"": 24.08241, ""step"": 1, ""status"": 1, ""pres"": 978.8035, ""meas_profile"": ""HP-1"", ""meas_id"": 1, ""hum"": 33.19985, ""gas_res"": 25000.0}]}",NULL,"2025-10-29 11:25:14.141063"
15071,"04a600b9b0b8","2025-10-29 11:24:39","zgQZdw5ElaEqYSckMFAh","{""bme688"": [{""temp"": 24.54928, ""step"": 0, ""status"": 1, ""pres"": 978.8665, ""meas_profile"": ""HP-8"", ""meas_id"": 8, ""hum"": 33.37782, ""gas_res"": 6196.747}, {""temp"": 24.53103, ""step"": 0, ""status"": 1, ""pres"": 979.0876, ""meas_profile"": ""HP-7"", ""meas_id"": 7, ""hum"": 33.28644, ""gas_res"": 7171.672}, {""temp"": 24.62896, ""step"": 0, ""status"": 1, ""pres"": 979.2551, ""meas_profile"": ""HP-6"", ""meas_id"": 6, ""hum"": 33.10007, ""gas_res"": 8613.729}, {""temp"": 24.5267, ""step"": 0, ""status"": 1, ""pres"": 978.9277, ""meas_profile"": ""HP-5"", ""meas_id"": 5, ""hum"": 33.29927, ""gas_res"": 25000.0}, {""temp"": 24.27391, ""step"": 0, ""status"": 1, ""pres"": 979.0695, ""meas_profile"": ""HP-4"", ""meas_id"": 4, ""hum"": 32.90918, ""gas_res"": 18401.38}, {""temp"": 24.4055, ""step"": 0, ""status"": 1, ""pres"": 978.6432, ""meas_profile"": ""HP-3"", ""meas_id"": 3, ""hum"": 33.38244, ""gas_res"": 6836.146}, {""temp"": 24.31273, ""step"": 0, ""status"": 1, ""pres"": 978.775, ""meas_profile"": ""HP-2"", ""meas_id"": 2, ""hum"": 33.61855, ""gas_res"": 6475.111}, {""temp"": 24.08241, ""step"": 0, ""status"": 1, ""pres"": 978.8035, ""meas_profile"": ""HP-1"", ""meas_id"": 1, ""hum"": 33.19985, ""gas_res"": 7716.421}]}",NULL,"2025-10-29 11:25:15.417638"
15072,"04a600b9b0b8","2025-10-29 11:25:48","zgQZdw5ElaEqYSckMFAh","{""zphs01b"": {""voc"": 0, ""temp"": 22.0, ""pm2_5"": 0, ""pm1_0"": 0, ""pm10"": 310, ""o3"": 0.03, ""no2"": 8.84, ""hum"": 0, ""fmhd"": 0, ""co2"": 5000, ""co"": 0.0}, ""smell_b"": {}, ""sfa30"": {""temp"": 24.515, ""hum"": 35.9, ""fmhd"": 1.0}, ""sen5x"": {""voc"": 94.0, ""temp"": 24.495, ""pm4_0"": 4408.2, ""pm2_5"": 4408.2, ""pm1_0"": 4203.5, ""pm10"": 4408.2, ""nox"": 1.0, ""mass_c"": 4357.025, ""hum"": 40.81}, ""scd41"": {""temp"": 23.85176, ""hum"": 43.92462, ""co2"": 667}, ""power_source"": 0, ""mics6814"": {""red_res"": 0, ""no2_res"": 0, ""no2"": 0.17, ""nh3_res"": 0, ""nh3"": 0.73, ""co_res"": 0, ""co"": 44.0}}",NULL,"2025-10-29 11:26:18.726788"
15073,"04a600b9b0b8","2025-10-29 11:25:48","zgQZdw5ElaEqYSckMFAh","{""bme688"": [{""temp"": 24.55144, ""step"": 9, ""status"": 1, ""pres"": 978.8734, ""meas_profile"": ""HP-8"", ""meas_id"": 8, ""hum"": 33.36092, ""gas_res"": 5684.846}, {""temp"": 24.53041, ""step"": 9, ""status"": 1, ""pres"": 979.0748, ""meas_profile"": ""HP-7"", ""meas_id"": 7, ""hum"": 33.29765, ""gas_res"": 6370.695}, {""temp"": 24.62247, ""step"": 9, ""status"": 1, ""pres"": 979.2343, ""meas_profile"": ""HP-6"", ""meas_id"": 6, ""hum"": 33.1109, ""gas_res"": 8812.999}, {""temp"": 24.52358, ""step"": 9, ""status"": 1, ""pres"": 978.9191, ""meas_profile"": ""HP-5"", ""meas_id"": 5, ""hum"": 33.31592, ""gas_res"": 25000.0}, {""temp"": 24.26987, ""step"": 9, ""status"": 1, ""pres"": 979.0544, ""meas_profile"": ""HP-4"", ""meas_id"": 4, ""hum"": 32.92024, ""gas_res"": 25000.0}, {""temp"": 24.40303, ""step"": 9, ""status"": 1, ""pres"": 978.6258, ""meas_profile"": ""HP-3"", ""meas_id"": 3, ""hum"": 33.33074, ""gas_res"": 7473.144}, {""temp"": 24.31118, ""step"": 9, ""status"": 1, ""pres"": 978.7604, ""meas_profile"": ""HP-2"", ""meas_id"": 2, ""hum"": 33.658, ""gas_res"": 9694.032}, {""temp"": 24.08148, ""step"": 9, ""status"": 1, ""pres"": 978.8056, ""meas_profile"": ""HP-1"", ""meas_id"": 1, ""hum"": 33.17637, ""gas_res"": 7171.672}]}",NULL,"2025-10-29 11:26:20.150616"
15074,"04a600b9b0b8","2025-10-29 11:25:48","zgQZdw5ElaEqYSckMFAh","{""bme688"": [{""temp"": 24.55113, ""step"": 8, ""status"": 1, ""pres"": 978.8729, ""meas_profile"": ""HP-8"", ""meas_id"": 8, ""hum"": 33.36659, ""gas_res"": 5684.846}, {""temp"": 24.53041, ""step"": 8, ""status"": 1, ""pres"": 979.0748, ""meas_profile"": ""HP-7"", ""meas_id"": 7, ""hum"": 33.27512, ""gas_res"": 6397.441}, {""temp"": 24.62278, ""step"": 8, ""status"": 1, ""pres"": 979.2349, ""meas_profile"": ""HP-6"", ""meas_id"": 6, ""hum"": 33.10521, ""gas_res"": 9083.168}, {""temp"": 24.52389, ""step"": 8, ""status"": 1, ""pres"": 978.9197, ""meas_profile"": ""HP-5"", ""meas_id"": 5, ""hum"": 33.31595, ""gas_res"": 25000.0}, {""temp"": 24.27019, ""step"": 8, ""status"": 1, ""pres"": 979.0549, ""meas_profile"": ""HP-4"", ""meas_id"": 4, ""hum"": 32.91455, ""gas_res"": 25000.0}, {""temp"": 24.40334, ""step"": 8, ""status"": 1, ""pres"": 978.6262, ""meas_profile"": ""HP-3"", ""meas_id"": 3, ""hum"": 33.34221, ""gas_res"": 7104.796}, {""temp"": 24.31149, ""step"": 8, ""status"": 1, ""pres"": 978.7611, ""meas_profile"": ""HP-2"", ""meas_id"": 2, ""hum"": 33.66369, ""gas_res"": 9782.941}, {""temp"": 24.08179, ""step"": 8, ""status"": 1, ""pres"": 978.806, ""meas_profile"": ""HP-1"", ""meas_id"": 1, ""hum"": 33.1881, ""gas_res"": 7494.145}]}",NULL,"2025-10-29 11:26:21.336916"
15075,"04a600b9b0b8","2025-10-29 11:25:48","zgQZdw5ElaEqYSckMFAh","{""bme688"": [{""temp"": 24.55082, ""step"": 7, ""status"": 1, ""pres"": 978.8723, ""meas_profile"": ""HP-8"", ""meas_id"": 8, ""hum"": 33.35517, ""gas_res"": 5684.846}, {""temp"": 24.5301, ""step"": 7, ""status"": 1, ""pres"": 979.0743, ""meas_profile"": ""HP-7"", ""meas_id"": 7, ""hum"": 33.29199, ""gas_res"": 6397.441}, {""temp"": 24.62309, ""step"": 7, ""status"": 1, ""pres"": 979.2354, ""meas_profile"": ""HP-6"", ""meas_id"": 6, ""hum"": 33.10524, ""gas_res"": 9184.845}, {""temp"": 24.52389, ""step"": 7, ""status"": 1, ""pres"": 978.9197, ""meas_profile"": ""HP-5"", ""meas_id"": 5, ""hum"": 33.3103, ""gas_res"": 25000.0}, {""temp"": 24.2705, ""step"": 7, ""status"": 1, ""pres"": 979.0571, ""meas_profile"": ""HP-4"", ""meas_id"": 4, ""hum"": 32.90886, ""gas_res"": 25000.0}, {""temp"": 24.40364, ""step"": 7, ""status"": 1, ""pres"": 978.6267, ""meas_profile"": ""HP-3"", ""meas_id"": 3, ""hum"": 33.35367, ""gas_res"": 7067.138}, {""temp"": 24.3118, ""step"": 7, ""status"": 1, ""pres"": 978.7615, ""meas_profile"": ""HP-2"", ""meas_id"": 2, ""hum"": 33.64674, ""gas_res"": 9747.183}, {""temp"": 24.0821, ""step"": 7, ""status"": 1, ""pres"": 978.8066, ""meas_profile"": ""HP-1"", ""meas_id"": 1, ""hum"": 33.19398, ""gas_res"": 7595.538}]}",NULL,"2025-10-29 11:26:22.618754"
15076,"04a600b9b0b8","2025-10-29 11:25:48","zgQZdw5ElaEqYSckMFAh","{""bme688"": [{""temp"": 24.55082, ""step"": 6, ""status"": 1, ""pres"": 978.8723, ""meas_profile"": ""HP-8"", ""meas_id"": 8, ""hum"": 33.36657, ""gas_res"": 16268.43}, {""temp"": 24.5301, ""step"": 6, ""status"": 1, ""pres"": 979.0759, ""meas_profile"": ""HP-7"", ""meas_id"": 7, ""hum"": 33.30326, ""gas_res"": 21805.79}, {""temp"": 24.6234, ""step"": 6, ""status"": 1, ""pres"": 979.236, ""meas_profile"": ""HP-6"", ""meas_id"": 6, ""hum"": 33.10527, ""gas_res"": 45616.54}, {""temp"": 24.5242, ""step"": 6, ""status"": 1, ""pres"": 978.9202, ""meas_profile"": ""HP-5"", ""meas_id"": 5, ""hum"": 33.32163, ""gas_res"": 159303.0}, {""temp"": 24.27081, ""step"": 6, ""status"": 1, ""pres"": 979.0577, ""meas_profile"": ""HP-4"", ""meas_id"": 4, ""hum"": 32.9432, ""gas_res"": 157684.0}, {""temp"": 24.40396, ""step"": 6, ""status"": 1, ""pres"": 978.6272, ""meas_profile"": ""HP-3"", ""meas_id"": 3, ""hum"": 33.35941, ""gas_res"": 100000.0}, {""temp"": 24.31211, ""step"": 6, ""status"": 1, ""pres"": 978.7623, ""meas_profile"": ""HP-2"", ""meas_id"": 2, ""hum"": 33.66941, ""gas_res"": 131349.4}, {""temp"": 24.0821, ""step"": 6, ""status"": 1, ""pres"": 978.8066, ""meas_profile"": ""HP-1"", ""meas_id"": 1, ""hum"": 33.19398, ""gas_res"": 104425.9}]}",NULL,"2025-10-29 11:26:23.894625"
15077,"04a600b9b0b8","2025-10-29 11:25:48","zgQZdw5ElaEqYSckMFAh","{""bme688"": [{""temp"": 24.55082, ""step"": 5, ""status"": 1, ""pres"": 978.8723, ""meas_profile"": ""HP-8"", ""meas_id"": 8, ""hum"": 33.37796, ""gas_res"": 16169.78}, {""temp"": 24.5301, ""step"": 5, ""status"": 1, ""pres"": 979.0759, ""meas_profile"": ""HP-7"", ""meas_id"": 7, ""hum"": 33.29199, ""gas_res"": 21607.02}, {""temp"": 24.62371, ""step"": 5, ""status"": 1, ""pres"": 979.238, ""meas_profile"": ""HP-6"", ""meas_id"": 6, ""hum"": 33.13386, ""gas_res"": 45665.36}, {""temp"": 24.52452, ""step"": 5, ""status"": 1, ""pres"": 978.9207, ""meas_profile"": ""HP-5"", ""meas_id"": 5, ""hum"": 33.33295, ""gas_res"": 159750.4}, {""temp"": 24.27143, ""step"": 5, ""status"": 1, ""pres"": 979.0586, ""meas_profile"": ""HP-4"", ""meas_id"": 4, ""hum"": 32.94326, ""gas_res"": 157829.8}, {""temp"": 24.40426, ""step"": 5, ""status"": 1, ""pres"": 978.6277, ""meas_profile"": ""HP-3"", ""meas_id"": 3, ""hum"": 33.38232, ""gas_res"": 100000.0}, {""temp"": 24.31211, ""step"": 5, ""status"": 1, ""pres"": 978.7639, ""meas_profile"": ""HP-2"", ""meas_id"": 2, ""hum"": 33.65809, ""gas_res"": 128675.5}, {""temp"": 24.0821, ""step"": 5, ""status"": 1, ""pres"": 978.8066, ""meas_profile"": ""HP-1"", ""meas_id"": 1, ""hum"": 33.19982, ""gas_res"": 101265.8}]}",NULL,"2025-10-29 11:26:25.269054"
15078,"04a600b9b0b8","2025-10-29 11:25:48","zgQZdw5ElaEqYSckMFAh","{""bme688"": [{""temp"": 24.55082, ""step"": 4, ""status"": 1, ""pres"": 978.8723, ""meas_profile"": ""HP-8"", ""meas_id"": 8, ""hum"": 33.38937, ""gas_res"": 15940.22}, {""temp"": 24.5301, ""step"": 4, ""status"": 1, ""pres"": 979.0759, ""meas_profile"": ""HP-7"", ""meas_id"": 7, ""hum"": 33.31453, ""gas_res"": 21390.38}, {""temp"": 24.62402, ""step"": 4, ""status"": 1, ""pres"": 979.2385, ""meas_profile"": ""HP-6"", ""meas_id"": 6, ""hum"": 33.14532, ""gas_res"": 45960.5}, {""temp"": 24.52483, ""step"": 4, ""status"": 1, ""pres"": 978.9211, ""meas_profile"": ""HP-5"", ""meas_id"": 5, ""hum"": 33.35557, ""gas_res"": 161871.6}, {""temp"": 24.27174, ""step"": 4, ""status"": 1, ""pres"": 979.0592, ""meas_profile"": ""HP-4"", ""meas_id"": 4, ""hum"": 32.94328, ""gas_res"": 158415.8}, {""temp"": 24.40457, ""step"": 4, ""status"": 1, ""pres"": 978.63, ""meas_profile"": ""HP-3"", ""meas_id"": 3, ""hum"": 33.38807, ""gas_res"": 100000.0}, {""temp"": 24.31211, ""step"": 4, ""status"": 1, ""pres"": 978.7639, ""meas_profile"": ""HP-2"", ""meas_id"": 2, ""hum"": 33.66375, ""gas_res"": 127047.1}, {""temp"": 24.08241, ""step"": 4, ""status"": 1, ""pres"": 978.807, ""meas_profile"": ""HP-1"", ""meas_id"": 1, ""hum"": 33.194, ""gas_res"": 97784.57}]}",NULL,"2025-10-29 11:26:26.462755"
15079,"04a600b9b0b8","2025-10-29 11:25:48","zgQZdw5ElaEqYSckMFAh","{""bme688"": [{""temp"": 24.55052, ""step"": 3, ""status"": 1, ""pres"": 978.8719, ""meas_profile"": ""HP-8"", ""meas_id"": 8, ""hum"": 33.41214, ""gas_res"": 9083.168}, {""temp"": 24.52979, ""step"": 3, ""status"": 1, ""pres"": 979.0771, ""meas_profile"": ""HP-7"", ""meas_id"": 7, ""hum"": 33.34268, ""gas_res"": 11379.8}, {""temp"": 24.62371, ""step"": 3, ""status"": 1, ""pres"": 979.238, ""meas_profile"": ""HP-6"", ""meas_id"": 6, ""hum"": 33.16243, ""gas_res"": 28175.21}, {""temp"": 24.52483, ""step"": 3, ""status"": 0, ""pres"": 978.9211, ""meas_profile"": ""HP-5"", ""meas_id"": 5, ""hum"": 33.36122, ""gas_res"": 56350.43}, {""temp"": 24.27174, ""step"": 3, ""status"": 1, ""pres"": 979.0592, ""meas_profile"": ""HP-4"", ""meas_id"": 4, ""hum"": 32.96044, ""gas_res"": 54794.52}, {""temp"": 24.40457, ""step"": 3, ""status"": 1, ""pres"": 978.63, ""meas_profile"": ""HP-3"", ""meas_id"": 3, ""hum"": 33.42812, ""gas_res"": 37982.2}, {""temp"": 24.31211, ""step"": 3, ""status"": 1, ""pres"": 978.7639, ""meas_profile"": ""HP-2"", ""meas_id"": 2, ""hum"": 33.6977, ""gas_res"": 58756.02}, {""temp"": 24.08241, ""step"": 3, ""status"": 0, ""pres"": 978.807, ""meas_profile"": ""HP-1"", ""meas_id"": 1, ""hum"": 33.22325, ""gas_res"": 38740.92}]}",NULL,"2025-10-29 11:26:27.73821"
15080,"04a600b9b0b8","2025-10-29 11:25:48","zgQZdw5ElaEqYSckMFAh","{""bme688"": [{""temp"": 24.55052, ""step"": 2, ""status"": 1, ""pres"": 978.8719, ""meas_profile"": ""HP-8"", ""meas_id"": 8, ""hum"": 33.41214, ""gas_res"": 32862.64}, {""temp"": 24.52979, ""step"": 2, ""status"": 1, ""pres"": 979.0771, ""meas_profile"": ""HP-7"", ""meas_id"": 7, ""hum"": 33.33141, ""gas_res"": 50186.24}, {""temp"": 24.62371, ""step"": 2, ""status"": 1, ""pres"": 979.238, ""meas_profile"": ""HP-6"", ""meas_id"": 6, ""hum"": 33.16243, ""gas_res"": 195233.6}, {""temp"": 24.52452, ""step"": 2, ""status"": 1, ""pres"": 978.9224, ""meas_profile"": ""HP-5"", ""meas_id"": 5, ""hum"": 33.37814, ""gas_res"": 486460.8}, {""temp"": 24.27174, ""step"": 2, ""status"": 1, ""pres"": 979.0609, ""meas_profile"": ""HP-4"", ""meas_id"": 4, ""hum"": 32.96616, ""gas_res"": 559410.0}, {""temp"": 24.40457, ""step"": 2, ""status"": 1, ""pres"": 978.63, ""meas_profile"": ""HP-3"", ""meas_id"": 3, ""hum"": 33.41096, ""gas_res"": 281318.7}, {""temp"": 24.31211, ""step"": 2, ""status"": 1, ""pres"": 978.7639, ""meas_profile"": ""HP-2"", ""meas_id"": 2, ""hum"": 33.70902, ""gas_res"": 517041.2}, {""temp"": 24.08241, ""step"": 2, ""status"": 1, ""pres"": 978.807, ""meas_profile"": ""HP-1"", ""meas_id"": 1, ""hum"": 33.22325, ""gas_res"": 389946.7}]}",NULL,"2025-10-29 11:26:29.027737"
15081,"04a600b9b0b8","2025-10-29 11:25:48","zgQZdw5ElaEqYSckMFAh","{""bme688"": [{""temp"": 24.55082, ""step"": 1, ""status"": 1, ""pres"": 978.8723, ""meas_profile"": ""HP-8"", ""meas_id"": 8, ""hum"": 33.40646, ""gas_res"": 8938.548}, {""temp"": 24.5301, ""step"": 1, ""status"": 1, ""pres"": 979.0776, ""meas_profile"": ""HP-7"", ""meas_id"": 7, ""hum"": 33.35398, ""gas_res"": 11177.09}, {""temp"": 24.62402, ""step"": 1, ""status"": 1, ""pres"": 979.2402, ""meas_profile"": ""HP-6"", ""meas_id"": 6, ""hum"": 33.16246, ""gas_res"": 25000.0}, {""temp"": 24.52483, ""step"": 1, ""status"": 1, ""pres"": 978.9228, ""meas_profile"": ""HP-5"", ""meas_id"": 5, ""hum"": 33.37816, ""gas_res"": 44943.82}, {""temp"": 24.27236, ""step"": 1, ""status"": 1, ""pres"": 979.062, ""meas_profile"": ""HP-4"", ""meas_id"": 4, ""hum"": 32.97194, ""gas_res"": 39603.96}, {""temp"": 24.40488, ""step"": 1, ""status"": 1, ""pres"": 978.6305, ""meas_profile"": ""HP-3"", ""meas_id"": 3, ""hum"": 33.42243, ""gas_res"": 24376.31}, {""temp"": 24.31242, ""step"": 1, ""status"": 1, ""pres"": 978.7645, ""meas_profile"": ""HP-2"", ""meas_id"": 2, ""hum"": 33.73735, ""gas_res"": 37285.17}, {""temp"": 24.08272, ""step"": 1, ""status"": 1, ""pres"": 978.8075, ""meas_profile"": ""HP-1"", ""meas_id"": 1, ""hum"": 33.23497, ""gas_res"": 26778.24}]}",NULL,"2025-10-29 11:26:30.40436"
15082,"04a600b9b0b8","2025-10-29 11:25:48","zgQZdw5ElaEqYSckMFAh","{""bme688"": [{""temp"": 24.55052, ""step"": 0, ""status"": 1, ""pres"": 978.8719, ""meas_profile"": ""HP-8"", ""meas_id"": 8, ""hum"": 33.42354, ""gas_res"": 5684.846}, {""temp"": 24.5301, ""step"": 0, ""status"": 1, ""pres"": 979.0793, ""meas_profile"": ""HP-7"", ""meas_id"": 7, ""hum"": 33.34835, ""gas_res"": 6686.168}, {""temp"": 24.62432, ""step"": 0, ""status"": 1, ""pres"": 979.2408, ""meas_profile"": ""HP-6"", ""meas_id"": 6, ""hum"": 33.17962, ""gas_res"": 9403.468}, {""temp"": 24.52514, ""step"": 0, ""status"": 1, ""pres"": 978.9216, ""meas_profile"": ""HP-5"", ""meas_id"": 5, ""hum"": 33.38949, ""gas_res"": 25000.0}, {""temp"": 24.27267, ""step"": 0, ""status"": 1, ""pres"": 979.0623, ""meas_profile"": ""HP-4"", ""meas_id"": 4, ""hum"": 32.96625, ""gas_res"": 25000.0}, {""temp"": 24.40519, ""step"": 0, ""status"": 1, ""pres"": 978.631, ""meas_profile"": ""HP-3"", ""meas_id"": 3, ""hum"": 33.42246, ""gas_res"": 6889.128}, {""temp"": 24.31273, ""step"": 0, ""status"": 1, ""pres"": 978.7665, ""meas_profile"": ""HP-2"", ""meas_id"": 2, ""hum"": 33.71473, ""gas_res"": 9445.101}, {""temp"": 24.08335, ""step"": 0, ""status"": 1, ""pres"": 978.8083, ""meas_profile"": ""HP-1"", ""meas_id"": 1, ""hum"": 33.23503, ""gas_res"": 7210.455}]}",NULL,"2025-10-29 11:26:31.576073"
15083,"04a600b9b0b8","2025-10-29 11:25:21","zgQZdw5ElaEqYSckMFAh","{""zphs01b"": {""voc"": 0, ""temp"": 22.0, ""pm2_5"": 0, ""pm1_0"": 0, ""pm10"": 309, ""o3"": 0.03, ""no2"": 10.0, ""hum"": 0, ""fmhd"": 0, ""co2"": 5000, ""co"": 0.0}, ""smell_b"": {}, ""sfa30"": {""temp"": 24.515, ""hum"": 35.99, ""fmhd"": 1.0}, ""sen5x"": {""voc"": 94.0, ""temp"": 24.555, ""pm4_0"": 4435.8, ""pm2_5"": 4435.8, ""pm1_0"": 4229.8, ""pm10"": 4435.8, ""nox"": 1.0, ""mass_c"": 4384.3, ""hum"": 40.72}, ""scd41"": {""temp"": 23.79568, ""hum"": 43.9826, ""co2"": 662}, ""power_source"": 0, ""mics6814"": {""red_res"": 0, ""no2_res"": 0, ""no2"": 0.17, ""nh3_res"": 0, ""nh3"": 0.73, ""co_res"": 0, ""co"": 44.0}}",NULL,"2025-10-29 11:26:32.749572"
15084,"04a600b9b0b8","2025-10-29 11:25:21","zgQZdw5ElaEqYSckMFAh","{""bme688"": [{""temp"": 24.55021, ""step"": 9, ""status"": 1, ""pres"": 978.8714, ""meas_profile"": ""HP-8"", ""meas_id"": 8, ""hum"": 33.39501, ""gas_res"": 5684.846}, {""temp"": 24.5301, ""step"": 9, ""status"": 1, ""pres"": 979.0793, ""meas_profile"": ""HP-7"", ""meas_id"": 7, ""hum"": 33.31453, ""gas_res"": 5994.754}, {""temp"": 24.62432, ""step"": 9, ""status"": 1, ""pres"": 979.2408, ""meas_profile"": ""HP-6"", ""meas_id"": 6, ""hum"": 33.15105, ""gas_res"": 8012.018}, {""temp"": 24.52545, ""step"": 9, ""status"": 1, ""pres"": 978.9239, ""meas_profile"": ""HP-5"", ""meas_id"": 5, ""hum"": 33.34433, ""gas_res"": 25000.0}, {""temp"": 24.27298, ""step"": 9, ""status"": 1, ""pres"": 979.0628, ""meas_profile"": ""HP-4"", ""meas_id"": 4, ""hum"": 32.92053, ""gas_res"": 22638.84}, {""temp"": 24.4055, ""step"": 9, ""status"": 1, ""pres"": 978.6314, ""meas_profile"": ""HP-3"", ""meas_id"": 3, ""hum"": 33.36528, ""gas_res"": 6628.003}, {""temp"": 24.31304, ""step"": 9, ""status"": 1, ""pres"": 978.7671, ""meas_profile"": ""HP-2"", ""meas_id"": 2, ""hum"": 33.6412, ""gas_res"": 8483.563}, {""temp"": 24.08335, ""step"": 9, ""status"": 1, ""pres"": 978.8065, ""meas_profile"": ""HP-1"", ""meas_id"": 1, ""hum"": 33.14731, ""gas_res"": 6321.612}]}",NULL,"2025-10-29 11:26:34.136325"
15085,"04a600b9b0b8","2025-10-29 11:25:21","zgQZdw5ElaEqYSckMFAh","{""bme688"": [{""temp"": 24.5499, ""step"": 8, ""status"": 1, ""pres"": 978.871, ""meas_profile"": ""HP-8"", ""meas_id"": 8, ""hum"": 33.40068, ""gas_res"": 5684.846}, {""temp"": 24.52979, ""step"": 8, ""status"": 1, ""pres"": 979.0789, ""meas_profile"": ""HP-7"", ""meas_id"": 7, ""hum"": 33.30887, ""gas_res"": 6090.598}, {""temp"": 24.62463, ""step"": 8, ""status"": 1, ""pres"": 979.2411, ""meas_profile"": ""HP-6"", ""meas_id"": 6, ""hum"": 33.13966, ""gas_res"": 8331.164}, {""temp"": 24.52545, ""step"": 8, ""status"": 1, ""pres"": 978.9239, ""meas_profile"": ""HP-5"", ""meas_id"": 5, ""hum"": 33.32174, ""gas_res"": 25000.0}, {""temp"": 24.27298, ""step"": 8, ""status"": 1, ""pres"": 979.0628, ""meas_profile"": ""HP-4"", ""meas_id"": 4, ""hum"": 32.92625, ""gas_res"": 22881.66}, {""temp"": 24.40519, ""step"": 8, ""status"": 1, ""pres"": 978.6326, ""meas_profile"": ""HP-3"", ""meas_id"": 3, ""hum"": 33.37097, ""gas_res"": 6288.072}, {""temp"": 24.31304, ""step"": 8, ""status"": 1, ""pres"": 978.7671, ""meas_profile"": ""HP-2"", ""meas_id"": 2, ""hum"": 33.63555, ""gas_res"": 8613.729}, {""temp"": 24.08335, ""step"": 8, ""status"": 1, ""pres"": 978.8065, ""meas_profile"": ""HP-1"", ""meas_id"": 1, ""hum"": 33.13562, ""gas_res"": 6603.384}]}",NULL,"2025-10-29 11:26:35.512457"
15086,"04a600b9b0b8","2025-10-29 11:25:21","zgQZdw5ElaEqYSckMFAh","{""bme688"": [{""temp"": 24.54959, ""step"": 7, ""status"": 1, ""pres"": 978.8705, ""meas_profile"": ""HP-8"", ""meas_id"": 8, ""hum"": 33.40635, ""gas_res"": 5684.846}, {""temp"": 24.52979, ""step"": 7, ""status"": 1, ""pres"": 979.0789, ""meas_profile"": ""HP-7"", ""meas_id"": 7, ""hum"": 33.32578, ""gas_res"": 6108.036}, {""temp"": 24.62494, ""step"": 7, ""status"": 1, ""pres"": 979.2436, ""meas_profile"": ""HP-6"", ""meas_id"": 6, ""hum"": 33.1454, ""gas_res"": 8396.746}, {""temp"": 24.52545, ""step"": 7, ""status"": 1, ""pres"": 978.9239, ""meas_profile"": ""HP-5"", ""meas_id"": 5, ""hum"": 33.35563, ""gas_res"": 25000.0}, {""temp"": 24.27329, ""step"": 7, ""status"": 1, ""pres"": 979.0634, ""meas_profile"": ""HP-4"", ""meas_id"": 4, ""hum"": 32.94343, ""gas_res"": 21962.94}, {""temp"": 24.40519, ""step"": 7, ""status"": 1, ""pres"": 978.6326, ""meas_profile"": ""HP-3"", ""meas_id"": 3, ""hum"": 33.37669, ""gas_res"": 6122.059}, {""temp"": 24.31335, ""step"": 7, ""status"": 1, ""pres"": 978.7676, ""meas_profile"": ""HP-2"", ""meas_id"": 2, ""hum"": 33.65255, ""gas_res"": 8196.722}, {""temp"": 24.08303, ""step"": 7, ""status"": 1, ""pres"": 978.8061, ""meas_profile"": ""HP-1"", ""meas_id"": 1, ""hum"": 33.15312, ""gas_res"": 6665.278}]}",NULL,"2025-10-29 11:26:36.695615"
15087,"04a600b9b0b8","2025-10-29 11:25:21","zgQZdw5ElaEqYSckMFAh","{""bme688"": [{""temp"": 24.54959, ""step"": 6, ""status"": 1, ""pres"": 978.8705, ""meas_profile"": ""HP-8"", ""meas_id"": 8, ""hum"": 33.40065, ""gas_res"": 15740.29}, {""temp"": 24.52979, ""step"": 6, ""status"": 1, ""pres"": 979.0804, ""meas_profile"": ""HP-7"", ""meas_id"": 7, ""hum"": 33.33141, ""gas_res"": 20349.76}, {""temp"": 24.62494, ""step"": 6, ""status"": 1, ""pres"": 979.2436, ""meas_profile"": ""HP-6"", ""meas_id"": 6, ""hum"": 33.16254, ""gas_res"": 39714.55}, {""temp"": 24.52545, ""step"": 6, ""status"": 1, ""pres"": 978.9239, ""meas_profile"": ""HP-5"", ""meas_id"": 5, ""hum"": 33.37257, ""gas_res"": 131248.4}, {""temp"": 24.27329, ""step"": 6, ""status"": 1, ""pres"": 979.0634, ""meas_profile"": ""HP-4"", ""meas_id"": 4, ""hum"": 32.93771, ""gas_res"": 128192.3}, {""temp"": 24.40519, ""step"": 6, ""status"": 1, ""pres"": 978.6344, ""meas_profile"": ""HP-3"", ""meas_id"": 3, ""hum"": 33.38241, ""gas_res"": 78769.23}, {""temp"": 24.31335, ""step"": 6, ""status"": 1, ""pres"": 978.7676, ""meas_profile"": ""HP-2"", ""meas_id"": 2, ""hum"": 33.66386, ""gas_res"": 101992.0}, {""temp"": 24.08335, ""step"": 6, ""status"": 1, ""pres"": 978.8065, ""meas_profile"": ""HP-1"", ""meas_id"": 1, ""hum"": 33.16485, ""gas_res"": 100000.0}]}",NULL,"2025-10-29 11:26:37.978425"
15088,"04a600b9b0b8","2025-10-29 11:25:21","zgQZdw5ElaEqYSckMFAh","{""bme688"": [{""temp"": 24.54928, ""step"": 5, ""status"": 1, ""pres"": 978.87, ""meas_profile"": ""HP-8"", ""meas_id"": 8, ""hum"": 33.41772, ""gas_res"": 15717.09}, {""temp"": 24.52979, ""step"": 5, ""status"": 1, ""pres"": 979.0804, ""meas_profile"": ""HP-7"", ""meas_id"": 7, ""hum"": 33.33705, ""gas_res"": 20233.96}, {""temp"": 24.62525, ""step"": 5, ""status"": 1, ""pres"": 979.244, ""meas_profile"": ""HP-6"", ""meas_id"": 6, ""hum"": 33.14542, ""gas_res"": 39457.46}, {""temp"": 24.52545, ""step"": 5, ""status"": 1, ""pres"": 978.9239, ""meas_profile"": ""HP-5"", ""meas_id"": 5, ""hum"": 33.34998, ""gas_res"": 130048.3}, {""temp"": 24.27329, ""step"": 5, ""status"": 1, ""pres"": 979.0634, ""meas_profile"": ""HP-4"", ""meas_id"": 4, ""hum"": 32.94915, ""gas_res"": 126388.5}, {""temp"": 24.4055, ""step"": 5, ""status"": 1, ""pres"": 978.6348, ""meas_profile"": ""HP-3"", ""meas_id"": 3, ""hum"": 33.38816, ""gas_res"": 45911.05}, {""temp"": 24.31304, ""step"": 5, ""status"": 1, ""pres"": 978.7687, ""meas_profile"": ""HP-2"", ""meas_id"": 2, ""hum"": 33.66383, ""gas_res"": 98121.88}, {""temp"": 24.08335, ""step"": 5, ""status"": 1, ""pres"": 978.8065, ""meas_profile"": ""HP-1"", ""meas_id"": 1, ""hum"": 33.16485, ""gas_res"": 100000.0}]}",NULL,"2025-10-29 11:26:39.257828"
15089,"04a600b9b0b8","2025-10-29 11:25:21","zgQZdw5ElaEqYSckMFAh","{""bme688"": [{""temp"": 24.54928, ""step"": 4, ""status"": 1, ""pres"": 978.87, ""meas_profile"": ""HP-8"", ""meas_id"": 8, ""hum"": 33.44053, ""gas_res"": 15602.15}, {""temp"": 24.52948, ""step"": 4, ""status"": 1, ""pres"": 979.0798, ""meas_profile"": ""HP-7"", ""meas_id"": 7, ""hum"": 33.35957, ""gas_res"": 20138.45}, {""temp"": 24.62556, ""step"": 4, ""status"": 1, ""pres"": 979.2446, ""meas_profile"": ""HP-6"", ""meas_id"": 6, ""hum"": 33.1626, ""gas_res"": 39862.97}, {""temp"": 24.52514, ""step"": 4, ""status"": 1, ""pres"": 978.9233, ""meas_profile"": ""HP-5"", ""meas_id"": 5, ""hum"": 33.36689, ""gas_res"": 132163.1}, {""temp"": 24.27298, ""step"": 4, ""status"": 1, ""pres"": 979.0628, ""meas_profile"": ""HP-4"", ""meas_id"": 4, ""hum"": 32.94912, ""gas_res"": 127047.1}, {""temp"": 24.4055, ""step"": 4, ""status"": 1, ""pres"": 978.6348, ""meas_profile"": ""HP-3"", ""meas_id"": 3, ""hum"": 33.38816, ""gas_res"": 44429.02}, {""temp"": 24.31304, ""step"": 4, ""status"": 1, ""pres"": 978.7687, ""meas_profile"": ""HP-2"", ""meas_id"": 2, ""hum"": 33.68081, ""gas_res"": 93910.49}, {""temp"": 24.08366, ""step"": 4, ""status"": 1, ""pres"": 978.807, ""meas_profile"": ""HP-1"", ""meas_id"": 1, ""hum"": 33.17657, ""gas_res"": 91038.41}]}",NULL,"2025-10-29 11:26:40.632024"
15090,"04a600b9b0b8","2025-10-29 11:25:21","zgQZdw5ElaEqYSckMFAh","{""bme688"": [{""temp"": 24.54897, ""step"": 3, ""status"": 1, ""pres"": 978.8696, ""meas_profile"": ""HP-8"", ""meas_id"": 8, ""hum"": 33.4462, ""gas_res"": 12779.55}, {""temp"": 24.52948, ""step"": 3, ""status"": 1, ""pres"": 979.0815, ""meas_profile"": ""HP-7"", ""meas_id"": 7, ""hum"": 33.3652, ""gas_res"": 15613.56}, {""temp"": 24.62556, ""step"": 3, ""status"": 1, ""pres"": 979.2464, ""meas_profile"": ""HP-6"", ""meas_id"": 6, ""hum"": 33.17974, ""gas_res"": 35427.62}, {""temp"": 24.52483, ""step"": 3, ""status"": 1, ""pres"": 978.9228, ""meas_profile"": ""HP-5"", ""meas_id"": 5, ""hum"": 33.38946, ""gas_res"": 63856.32}, {""temp"": 24.27298, ""step"": 3, ""status"": 1, ""pres"": 979.0628, ""meas_profile"": ""HP-4"", ""meas_id"": 4, ""hum"": 32.972, ""gas_res"": 80706.18}, {""temp"": 24.4055, ""step"": 3, ""status"": 1, ""pres"": 978.6348, ""meas_profile"": ""HP-3"", ""meas_id"": 3, ""hum"": 33.41677, ""gas_res"": 44244.73}, {""temp"": 24.31273, ""step"": 3, ""status"": 1, ""pres"": 978.7682, ""meas_profile"": ""HP-2"", ""meas_id"": 2, ""hum"": 33.69775, ""gas_res"": 72234.77}, {""temp"": 24.08335, ""step"": 3, ""status"": 1, ""pres"": 978.8065, ""meas_profile"": ""HP-1"", ""meas_id"": 1, ""hum"": 33.19994, ""gas_res"": 54724.24}]}",NULL,"2025-10-29 11:26:41.816942"
15091,"04a600b9b0b8","2025-10-29 11:25:21","zgQZdw5ElaEqYSckMFAh","{""bme688"": [{""temp"": 24.54897, ""step"": 2, ""status"": 1, ""pres"": 978.8696, ""meas_profile"": ""HP-8"", ""meas_id"": 8, ""hum"": 33.4519, ""gas_res"": 34820.46}, {""temp"": 24.52948, ""step"": 2, ""status"": 1, ""pres"": 979.0815, ""meas_profile"": ""HP-7"", ""meas_id"": 7, ""hum"": 33.37084, ""gas_res"": 50753.37}, {""temp"": 24.62556, ""step"": 2, ""status"": 1, ""pres"": 979.2464, ""meas_profile"": ""HP-6"", ""meas_id"": 6, ""hum"": 33.19117, ""gas_res"": 172158.7}, {""temp"": 24.52483, ""step"": 2, ""status"": 1, ""pres"": 978.9228, ""meas_profile"": ""HP-5"", ""meas_id"": 5, ""hum"": 33.38381, ""gas_res"": 421833.2}, {""temp"": 24.27298, ""step"": 2, ""status"": 1, ""pres"": 979.0628, ""meas_profile"": ""HP-4"", ""meas_id"": 4, ""hum"": 32.972, ""gas_res"": 458678.6}, {""temp"": 24.40519, ""step"": 2, ""status"": 1, ""pres"": 978.636, ""meas_profile"": ""HP-3"", ""meas_id"": 3, ""hum"": 33.42818, ""gas_res"": 223045.1}, {""temp"": 24.31273, ""step"": 2, ""status"": 1, ""pres"": 978.77, ""meas_profile"": ""HP-2"", ""meas_id"": 2, ""hum"": 33.6921, ""gas_res"": 391587.0}, {""temp"": 24.08303, ""step"": 2, ""status"": 1, ""pres"": 978.8061, ""meas_profile"": ""HP-1"", ""meas_id"": 1, ""hum"": 33.21161, ""gas_res"": 293409.8}]}",NULL,"2025-10-29 11:26:43.096107"
15092,"04a600b9b0b8","2025-10-29 11:25:21","zgQZdw5ElaEqYSckMFAh","{""bme688"": [{""temp"": 24.54928, ""step"": 1, ""status"": 1, ""pres"": 978.87, ""meas_profile"": ""HP-8"", ""meas_id"": 8, ""hum"": 33.45193, ""gas_res"": 8961.075}, {""temp"": 24.52979, ""step"": 1, ""status"": 1, ""pres"": 979.0822, ""meas_profile"": ""HP-7"", ""meas_id"": 7, ""hum"": 33.37651, ""gas_res"": 10803.51}, {""temp"": 24.62587, ""step"": 1, ""status"": 1, ""pres"": 979.2468, ""meas_profile"": ""HP-6"", ""meas_id"": 6, ""hum"": 33.18548, ""gas_res"": 25000.0}, {""temp"": 24.52514, ""step"": 1, ""status"": 1, ""pres"": 978.9233, ""meas_profile"": ""HP-5"", ""meas_id"": 5, ""hum"": 33.38949, ""gas_res"": 37881.03}, {""temp"": 24.27298, ""step"": 1, ""status"": 1, ""pres"": 979.0646, ""meas_profile"": ""HP-4"", ""meas_id"": 4, ""hum"": 32.96628, ""gas_res"": 32536.86}, {""temp"": 24.4055, ""step"": 1, ""status"": 1, ""pres"": 978.6364, ""meas_profile"": ""HP-3"", ""meas_id"": 3, ""hum"": 33.42821, ""gas_res"": 25000.0}, {""temp"": 24.31273, ""step"": 1, ""status"": 1, ""pres"": 978.77, ""meas_profile"": ""HP-2"", ""meas_id"": 2, ""hum"": 33.69775, ""gas_res"": 29217.07}, {""temp"": 24.08335, ""step"": 1, ""status"": 1, ""pres"": 978.8065, ""meas_profile"": ""HP-1"", ""meas_id"": 1, ""hum"": 33.22918, ""gas_res"": 25000.0}]}",NULL,"2025-10-29 11:26:44.376497"
15093,"04a600b9b0b8","2025-10-29 11:25:21","zgQZdw5ElaEqYSckMFAh","{""bme688"": [{""temp"": 24.54928, ""step"": 0, ""status"": 1, ""pres"": 978.87, ""meas_profile"": ""HP-8"", ""meas_id"": 8, ""hum"": 33.46334, ""gas_res"": 5684.846}, {""temp"": 24.52979, ""step"": 0, ""status"": 1, ""pres"": 979.0838, ""meas_profile"": ""HP-7"", ""meas_id"": 7, ""hum"": 33.37651, ""gas_res"": 6719.866}, {""temp"": 24.62618, ""step"": 0, ""status"": 1, ""pres"": 979.2473, ""meas_profile"": ""HP-6"", ""meas_id"": 6, ""hum"": 33.19123, ""gas_res"": 8755.13}, {""temp"": 24.52514, ""step"": 0, ""status"": 1, ""pres"": 978.9233, ""meas_profile"": ""HP-5"", ""meas_id"": 5, ""hum"": 33.39514, ""gas_res"": 25000.0}, {""temp"": 24.27329, ""step"": 0, ""status"": 1, ""pres"": 979.065, ""meas_profile"": ""HP-4"", ""meas_id"": 4, ""hum"": 32.98347, ""gas_res"": 21390.38}, {""temp"": 24.40519, ""step"": 0, ""status"": 1, ""pres"": 978.6378, ""meas_profile"": ""HP-3"", ""meas_id"": 3, ""hum"": 33.42818, ""gas_res"": 8084.892}, {""temp"": 24.31304, ""step"": 0, ""status"": 1, ""pres"": 978.7704, ""meas_profile"": ""HP-2"", ""meas_id"": 2, ""hum"": 33.70911, ""gas_res"": 7644.529}, {""temp"": 24.08335, ""step"": 0, ""status"": 1, ""pres"": 978.8065, ""meas_profile"": ""HP-1"", ""meas_id"": 1, ""hum"": 33.22918, ""gas_res"": 6397.441}]}",NULL,"2025-10-29 11:26:45.7532"
15094,"04a600b9b0b8","2025-10-29 11:27:18","zgQZdw5ElaEqYSckMFAh","{""zphs01b"": {""voc"": 0, ""temp"": 22.2, ""pm2_5"": 0, ""pm1_0"": 0, ""pm10"": 316, ""o3"": 0.03, ""no2"": 10.0, ""hum"": 0, ""fmhd"": 0, ""co2"": 5000, ""co"": 0.0}, ""smell_b"": {}, ""sfa30"": {""temp"": 24.53, ""hum"": 36.08, ""fmhd"": 1.6}, ""sen5x"": {""voc"": 93.0, ""temp"": 24.375, ""pm4_0"": 4511.7, ""pm2_5"": 4511.7, ""pm1_0"": 4302.1, ""pm10"": 4511.7, ""nox"": 1.0, ""mass_c"": 4459.3, ""hum"": 41.43}, ""scd41"": {""temp"": 24.028, ""hum"": 43.96887, ""co2"": 675}, ""power_source"": 0, ""mics6814"": {""red_res"": 0, ""no2_res"": 0, ""no2"": 0.17, ""nh3_res"": 0, ""nh3"": 0.73, ""co_res"": 0, ""co"": 44.0}}",NULL,"2025-10-29 11:27:48.949281"
15095,"04a600b9b0b8","2025-10-29 11:27:18","zgQZdw5ElaEqYSckMFAh","{""bme688"": [{""temp"": 24.55268, ""step"": 9, ""status"": 1, ""pres"": 978.8702, ""meas_profile"": ""HP-8"", ""meas_id"": 8, ""hum"": 33.56063, ""gas_res"": 5684.846}, {""temp"": 24.53103, ""step"": 9, ""status"": 1, ""pres"": 979.0571, ""meas_profile"": ""HP-7"", ""meas_id"": 7, ""hum"": 33.47813, ""gas_res"": 6566.797}, {""temp"": 24.61908, ""step"": 9, ""status"": 1, ""pres"": 979.215, ""meas_profile"": ""HP-6"", ""meas_id"": 6, ""hum"": 33.3278, ""gas_res"": 9060.022}, {""temp"": 24.52139, ""step"": 9, ""status"": 1, ""pres"": 978.9053, ""meas_profile"": ""HP-5"", ""meas_id"": 5, ""hum"": 33.5248, ""gas_res"": 25000.0}, {""temp"": 24.2649, ""step"": 9, ""status"": 1, ""pres"": 979.0379, ""meas_profile"": ""HP-4"", ""meas_id"": 4, ""hum"": 33.13722, ""gas_res"": 25000.0}, {""temp"": 24.3987, ""step"": 9, ""status"": 1, ""pres"": 978.6066, ""meas_profile"": ""HP-3"", ""meas_id"": 3, ""hum"": 33.58215, ""gas_res"": 7928.642}, {""temp"": 24.30745, ""step"": 9, ""status"": 1, ""pres"": 978.7408, ""meas_profile"": ""HP-2"", ""meas_id"": 2, ""hum"": 33.87281, ""gas_res"": 10223.64}, {""temp"": 24.07681, ""step"": 9, ""status"": 1, ""pres"": 978.7985, ""meas_profile"": ""HP-1"", ""meas_id"": 1, ""hum"": 33.42176, ""gas_res"": 7579.346}]}",NULL,"2025-10-29 11:27:50.297176"
15096,"04a600b9b0b8","2025-10-29 11:27:18","zgQZdw5ElaEqYSckMFAh","{""bme688"": [{""temp"": 24.55237, ""step"": 8, ""status"": 1, ""pres"": 978.8696, ""meas_profile"": ""HP-8"", ""meas_id"": 8, ""hum"": 33.55489, ""gas_res"": 5684.846}, {""temp"": 24.53072, ""step"": 8, ""status"": 1, ""pres"": 979.0583, ""meas_profile"": ""HP-7"", ""meas_id"": 7, ""hum"": 33.46683, ""gas_res"": 6558.721}, {""temp"": 24.61938, ""step"": 8, ""status"": 1, ""pres"": 979.2156, ""meas_profile"": ""HP-6"", ""meas_id"": 6, ""hum"": 33.31638, ""gas_res"": 9445.101}, {""temp"": 24.52139, ""step"": 8, ""status"": 1, ""pres"": 978.907, ""meas_profile"": ""HP-5"", ""meas_id"": 5, ""hum"": 33.51914, ""gas_res"": 25000.0}, {""temp"": 24.26522, ""step"": 8, ""status"": 1, ""pres"": 979.04, ""meas_profile"": ""HP-4"", ""meas_id"": 4, ""hum"": 33.13153, ""gas_res"": 25000.0}, {""temp"": 24.39931, ""step"": 8, ""status"": 1, ""pres"": 978.6094, ""meas_profile"": ""HP-3"", ""meas_id"": 3, ""hum"": 33.58221, ""gas_res"": 7628.129}, {""temp"": 24.30776, ""step"": 8, ""status"": 1, ""pres"": 978.7413, ""meas_profile"": ""HP-2"", ""meas_id"": 2, ""hum"": 33.8955, ""gas_res"": 10526.32}, {""temp"": 24.07712, ""step"": 8, ""status"": 1, ""pres"": 978.799, ""meas_profile"": ""HP-1"", ""meas_id"": 1, ""hum"": 33.4335, ""gas_res"": 7958.219}]}",NULL,"2025-10-29 11:27:51.761552"
15097,"04a600b9b0b8","2025-10-29 11:27:18","zgQZdw5ElaEqYSckMFAh","{""bme688"": [{""temp"": 24.55206, ""step"": 7, ""status"": 1, ""pres"": 978.8692, ""meas_profile"": ""HP-8"", ""meas_id"": 8, ""hum"": 33.5834, ""gas_res"": 5684.846}, {""temp"": 24.53072, ""step"": 7, ""status"": 1, ""pres"": 979.0583, ""meas_profile"": ""HP-7"", ""meas_id"": 7, ""hum"": 33.47247, ""gas_res"": 6554.691}, {""temp"": 24.61938, ""step"": 7, ""status"": 1, ""pres"": 979.2173, ""meas_profile"": ""HP-6"", ""meas_id"": 6, ""hum"": 33.30495, ""gas_res"": 9520.976}, {""temp"": 24.5217, ""step"": 7, ""status"": 1, ""pres"": 978.9076, ""meas_profile"": ""HP-5"", ""meas_id"": 5, ""hum"": 33.51917, ""gas_res"": 25000.0}, {""temp"": 24.26584, ""step"": 7, ""status"": 1, ""pres"": 979.0411, ""meas_profile"": ""HP-4"", ""meas_id"": 4, ""hum"": 33.13158, ""gas_res"": 25000.0}, {""temp"": 24.39962, ""step"": 7, ""status"": 1, ""pres"": 978.61, ""meas_profile"": ""HP-3"", ""meas_id"": 3, ""hum"": 33.58797, ""gas_res"": 7573.964}, {""temp"": 24.30807, ""step"": 7, ""status"": 1, ""pres"": 978.7433, ""meas_profile"": ""HP-2"", ""meas_id"": 2, ""hum"": 33.88986, ""gas_res"": 10292.7}, {""temp"": 24.07743, ""step"": 7, ""status"": 1, ""pres"": 978.7994, ""meas_profile"": ""HP-1"", ""meas_id"": 1, ""hum"": 33.43353, ""gas_res"": 8109.478}]}",NULL,"2025-10-29 11:27:52.893529"
15098,"04a600b9b0b8","2025-10-29 11:27:18","zgQZdw5ElaEqYSckMFAh","{""bme688"": [{""temp"": 24.55206, ""step"": 6, ""status"": 1, ""pres"": 978.8709, ""meas_profile"": ""HP-8"", ""meas_id"": 8, ""hum"": 33.54345, ""gas_res"": 16380.85}, {""temp"": 24.53041, ""step"": 6, ""status"": 1, ""pres"": 979.0596, ""meas_profile"": ""HP-7"", ""meas_id"": 7, ""hum"": 33.4668, ""gas_res"": 21783.53}, {""temp"": 24.61969, ""step"": 6, ""status"": 1, ""pres"": 979.2178, ""meas_profile"": ""HP-6"", ""meas_id"": 6, ""hum"": 33.29926, ""gas_res"": 45470.69}, {""temp"": 24.52201, ""step"": 6, ""status"": 1, ""pres"": 978.908, ""meas_profile"": ""HP-5"", ""meas_id"": 5, ""hum"": 33.50789, ""gas_res"": 159750.4}, {""temp"": 24.26615, ""step"": 6, ""status"": 1, ""pres"": 979.0416, ""meas_profile"": ""HP-4"", ""meas_id"": 4, ""hum"": 33.12588, ""gas_res"": 156958.9}, {""temp"": 24.39993, ""step"": 6, ""status"": 1, ""pres"": 978.6105, ""meas_profile"": ""HP-3"", ""meas_id"": 3, ""hum"": 33.588, ""gas_res"": 100000.0}, {""temp"": 24.30838, ""step"": 6, ""status"": 1, ""pres"": 978.7441, ""meas_profile"": ""HP-2"", ""meas_id"": 2, ""hum"": 33.90123, ""gas_res"": 134559.8}, {""temp"": 24.07775, ""step"": 6, ""status"": 1, ""pres"": 978.7979, ""meas_profile"": ""HP-1"", ""meas_id"": 1, ""hum"": 33.43356, ""gas_res"": 106777.9}]}",NULL,"2025-10-29 11:27:54.147551"
15099,"04a600b9b0b8","2025-10-29 11:27:18","zgQZdw5ElaEqYSckMFAh","{""bme688"": [{""temp"": 24.55175, ""step"": 5, ""status"": 1, ""pres"": 978.8705, ""meas_profile"": ""HP-8"", ""meas_id"": 8, ""hum"": 33.54342, ""gas_res"": 16268.43}, {""temp"": 24.53041, ""step"": 5, ""status"": 1, ""pres"": 979.0596, ""meas_profile"": ""HP-7"", ""meas_id"": 7, ""hum"": 33.44424, ""gas_res"": 21783.53}, {""temp"": 24.62, ""step"": 5, ""status"": 1, ""pres"": 979.2184, ""meas_profile"": ""HP-6"", ""meas_id"": 6, ""hum"": 33.29928, ""gas_res"": 45911.05}, {""temp"": 24.52201, ""step"": 5, ""status"": 1, ""pres"": 978.9097, ""meas_profile"": ""HP-5"", ""meas_id"": 5, ""hum"": 33.49658, ""gas_res"": 159154.5}, {""temp"": 24.26646, ""step"": 5, ""status"": 1, ""pres"": 979.0419, ""meas_profile"": ""HP-4"", ""meas_id"": 4, ""hum"": 33.12019, ""gas_res"": 157248.2}, {""temp"": 24.40024, ""step"": 5, ""status"": 1, ""pres"": 978.611, ""meas_profile"": ""HP-3"", ""meas_id"": 3, ""hum"": 33.5823, ""gas_res"": 100000.0}, {""temp"": 24.30869, ""step"": 5, ""status"": 1, ""pres"": 978.7463, ""meas_profile"": ""HP-2"", ""meas_id"": 2, ""hum"": 33.88425, ""gas_res"": 132987.0}, {""temp"": 24.07775, ""step"": 5, ""status"": 1, ""pres"": 978.7999, ""meas_profile"": ""HP-1"", ""meas_id"": 1, ""hum"": 33.43356, ""gas_res"": 104489.8}]}",NULL,"2025-10-29 11:27:55.417373"
15100,"04a600b9b0b8","2025-10-29 11:27:18","zgQZdw5ElaEqYSckMFAh","{""bme688"": [{""temp"": 24.55175, ""step"": 4, ""status"": 1, ""pres"": 978.8705, ""meas_profile"": ""HP-8"", ""meas_id"": 8, ""hum"": 33.53201, ""gas_res"": 16145.31}, {""temp"": 24.53041, ""step"": 4, ""status"": 1, ""pres"": 979.0613, ""meas_profile"": ""HP-7"", ""meas_id"": 7, ""hum"": 33.45552, ""gas_res"": 21717.0}, {""temp"": 24.62031, ""step"": 4, ""status"": 1, ""pres"": 979.2205, ""meas_profile"": ""HP-6"", ""meas_id"": 6, ""hum"": 33.28788, ""gas_res"": 46511.63}, {""temp"": 24.52233, ""step"": 4, ""status"": 1, ""pres"": 978.9102, ""meas_profile"": ""HP-5"", ""meas_id"": 5, ""hum"": 33.50226, ""gas_res"": 164050.0}, {""temp"": 24.26677, ""step"": 4, ""status"": 1, ""pres"": 979.0443, ""meas_profile"": ""HP-4"", ""meas_id"": 4, ""hum"": 33.12594, ""gas_res"": 160050.0}, {""temp"": 24.40055, ""step"": 4, ""status"": 1, ""pres"": 978.6133, ""meas_profile"": ""HP-3"", ""meas_id"": 3, ""hum"": 33.5766, ""gas_res"": 100000.0}, {""temp"": 24.30869, ""step"": 4, ""status"": 1, ""pres"": 978.7463, ""meas_profile"": ""HP-2"", ""meas_id"": 2, ""hum"": 33.88992, ""gas_res"": 131147.5}, {""temp"": 24.07775, ""step"": 4, ""status"": 1, ""pres"": 978.7999, ""meas_profile"": ""HP-1"", ""meas_id"": 1, ""hum"": 33.43941, ""gas_res"": 102359.1}]}",NULL,"2025-10-29 11:27:56.887829"
15101,"04a600b9b0b8","2025-10-29 11:27:18","zgQZdw5ElaEqYSckMFAh","{""bme688"": [{""temp"": 24.55175, ""step"": 3, ""status"": 0, ""pres"": 978.8705, ""meas_profile"": ""HP-8"", ""meas_id"": 8, ""hum"": 33.56054, ""gas_res"": 8705.114}, {""temp"": 24.53041, ""step"": 3, ""status"": 0, ""pres"": 979.0629, ""meas_profile"": ""HP-7"", ""meas_id"": 7, ""hum"": 33.47244, ""gas_res"": 10770.78}, {""temp"": 24.62, ""step"": 3, ""status"": 0, ""pres"": 979.22, ""meas_profile"": ""HP-6"", ""meas_id"": 6, ""hum"": 33.305, ""gas_res"": 25513.26}, {""temp"": 24.52233, ""step"": 3, ""status"": 0, ""pres"": 978.9102, ""meas_profile"": ""HP-5"", ""meas_id"": 5, ""hum"": 33.4966, ""gas_res"": 52405.32}, {""temp"": 24.26677, ""step"": 3, ""status"": 0, ""pres"": 979.0443, ""meas_profile"": ""HP-4"", ""meas_id"": 4, ""hum"": 33.13166, ""gas_res"": 50996.02}, {""temp"": 24.40055, ""step"": 3, ""status"": 0, ""pres"": 978.6133, ""meas_profile"": ""HP-3"", ""meas_id"": 3, ""hum"": 33.60524, ""gas_res"": 33402.92}, {""temp"": 24.30869, ""step"": 3, ""status"": 0, ""pres"": 978.7463, ""meas_profile"": ""HP-2"", ""meas_id"": 2, ""hum"": 33.88992, ""gas_res"": 54479.68}, {""temp"": 24.07775, ""step"": 3, ""status"": 0, ""pres"": 978.7999, ""meas_profile"": ""HP-1"", ""meas_id"": 1, ""hum"": 33.41598, ""gas_res"": 35457.06}]}",NULL,"2025-10-29 11:27:57.976659"
15102,"04a600b9b0b8","2025-10-29 11:27:18","zgQZdw5ElaEqYSckMFAh","{""bme688"": [{""temp"": 24.55175, ""step"": 2, ""status"": 1, ""pres"": 978.8705, ""meas_profile"": ""HP-8"", ""meas_id"": 8, ""hum"": 33.56054, ""gas_res"": 28764.04}, {""temp"": 24.5301, ""step"": 2, ""status"": 1, ""pres"": 979.0623, ""meas_profile"": ""HP-7"", ""meas_id"": 7, ""hum"": 33.45549, ""gas_res"": 40855.41}, {""temp"": 24.62, ""step"": 2, ""status"": 1, ""pres"": 979.2218, ""meas_profile"": ""HP-6"", ""meas_id"": 6, ""hum"": 33.305, ""gas_res"": 148233.9}, {""temp"": 24.52201, ""step"": 2, ""status"": 1, ""pres"": 978.9115, ""meas_profile"": ""HP-5"", ""meas_id"": 5, ""hum"": 33.49658, ""gas_res"": 373313.9}, {""temp"": 24.26646, ""step"": 2, ""status"": 1, ""pres"": 979.0436, ""meas_profile"": ""HP-4"", ""meas_id"": 4, ""hum"": 33.13164, ""gas_res"": 429260.1}, {""temp"": 24.40055, ""step"": 2, ""status"": 1, ""pres"": 978.6133, ""meas_profile"": ""HP-3"", ""meas_id"": 3, ""hum"": 33.58806, ""gas_res"": 225104.4}, {""temp"": 24.309, ""step"": 2, ""status"": 1, ""pres"": 978.7468, ""meas_profile"": ""HP-2"", ""meas_id"": 2, ""hum"": 33.86728, ""gas_res"": 409190.8}, {""temp"": 24.07806, ""step"": 2, ""status"": 1, ""pres"": 978.8004, ""meas_profile"": ""HP-1"", ""meas_id"": 1, ""hum"": 33.42187, ""gas_res"": 304128.3}]}",NULL,"2025-10-29 11:27:59.260364"
15103,"04a600b9b0b8","2025-10-29 11:27:18","zgQZdw5ElaEqYSckMFAh","{""bme688"": [{""temp"": 24.55206, ""step"": 1, ""status"": 1, ""pres"": 978.8709, ""meas_profile"": ""HP-8"", ""meas_id"": 8, ""hum"": 33.53204, ""gas_res"": 9176.943}, {""temp"": 24.53041, ""step"": 1, ""status"": 1, ""pres"": 979.0646, ""meas_profile"": ""HP-7"", ""meas_id"": 7, ""hum"": 33.4668, ""gas_res"": 11527.38}, {""temp"": 24.62031, ""step"": 1, ""status"": 1, ""pres"": 979.2222, ""meas_profile"": ""HP-6"", ""meas_id"": 6, ""hum"": 33.31075, ""gas_res"": 25000.0}, {""temp"": 24.52233, ""step"": 1, ""status"": 1, ""pres"": 978.9119, ""meas_profile"": ""HP-5"", ""meas_id"": 5, ""hum"": 33.50792, ""gas_res"": 100000.0}, {""temp"": 24.26708, ""step"": 1, ""status"": 1, ""pres"": 979.0447, ""meas_profile"": ""HP-4"", ""meas_id"": 4, ""hum"": 33.12025, ""gas_res"": 41410.55}, {""temp"": 24.40117, ""step"": 1, ""status"": 1, ""pres"": 978.616, ""meas_profile"": ""HP-3"", ""meas_id"": 3, ""hum"": 33.61103, ""gas_res"": 25916.18}, {""temp"": 24.30931, ""step"": 1, ""status"": 1, ""pres"": 978.7491, ""meas_profile"": ""HP-2"", ""meas_id"": 2, ""hum"": 33.87865, ""gas_res"": 39677.62}, {""temp"": 24.07837, ""step"": 1, ""status"": 1, ""pres"": 978.8008, ""meas_profile"": ""HP-1"", ""meas_id"": 1, ""hum"": 33.43362, ""gas_res"": 28533.21}]}",NULL,"2025-10-29 11:28:00.538473"
15104,"04a600b9b0b8","2025-10-29 11:27:18","zgQZdw5ElaEqYSckMFAh","{""bme688"": [{""temp"": 24.55206, ""step"": 0, ""status"": 1, ""pres"": 978.8727, ""meas_profile"": ""HP-8"", ""meas_id"": 8, ""hum"": 33.53204, ""gas_res"": 5684.846}, {""temp"": 24.53041, ""step"": 0, ""status"": 1, ""pres"": 979.0663, ""meas_profile"": ""HP-7"", ""meas_id"": 7, ""hum"": 33.44424, ""gas_res"": 6884.682}, {""temp"": 24.62062, ""step"": 0, ""status"": 1, ""pres"": 979.2227, ""meas_profile"": ""HP-6"", ""meas_id"": 6, ""hum"": 33.29362, ""gas_res"": 9791.922}, {""temp"": 24.52264, ""step"": 0, ""status"": 1, ""pres"": 978.9124, ""meas_profile"": ""HP-5"", ""meas_id"": 5, ""hum"": 33.50795, ""gas_res"": 25000.0}, {""temp"": 24.26739, ""step"": 0, ""status"": 1, ""pres"": 979.0468, ""meas_profile"": ""HP-4"", ""meas_id"": 4, ""hum"": 33.12027, ""gas_res"": 25000.0}, {""temp"": 24.40148, ""step"": 0, ""status"": 1, ""pres"": 978.6164, ""meas_profile"": ""HP-3"", ""meas_id"": 3, ""hum"": 33.60532, ""gas_res"": 7395.424}, {""temp"": 24.30962, ""step"": 0, ""status"": 1, ""pres"": 978.7495, ""meas_profile"": ""HP-2"", ""meas_id"": 2, ""hum"": 33.88434, ""gas_res"": 10126.58}, {""temp"": 24.07868, ""step"": 0, ""status"": 1, ""pres"": 978.8013, ""meas_profile"": ""HP-1"", ""meas_id"": 1, ""hum"": 33.43364, ""gas_res"": 7806.782}]}",NULL,"2025-10-29 11:28:02.001667"
15105,"04a600b9b0b8","2025-10-29 11:26:51","zgQZdw5ElaEqYSckMFAh","{""zphs01b"": {""voc"": 0, ""temp"": 22.1, ""pm2_5"": 0, ""pm1_0"": 0, ""pm10"": 314, ""o3"": 0.03, ""no2"": 10.0, ""hum"": 0, ""fmhd"": 0, ""co2"": 5000, ""co"": 0.0}, ""smell_b"": {}, ""sfa30"": {""temp"": 24.525, ""hum"": 35.95, ""fmhd"": 1.2}, ""sen5x"": {""voc"": 97.0, ""temp"": 24.415, ""pm4_0"": 4375.4, ""pm2_5"": 4375.4, ""pm1_0"": 4172.2, ""pm10"": 4375.4, ""nox"": 1.0, ""mass_c"": 4324.6, ""hum"": 41.24}, ""scd41"": {""temp"": 23.97192, ""hum"": 44.01007, ""co2"": 672}, ""power_source"": 0, ""mics6814"": {""red_res"": 0, ""no2_res"": 0, ""no2"": 0.17, ""nh3_res"": 0, ""nh3"": 0.73, ""co_res"": 0, ""co"": 44.0}}",NULL,"2025-10-29 11:28:02.987753"
15106,"04a600b9b0b8","2025-10-29 11:26:51","zgQZdw5ElaEqYSckMFAh","{""bme688"": [{""temp"": 24.55175, ""step"": 9, ""status"": 1, ""pres"": 978.8723, ""meas_profile"": ""HP-8"", ""meas_id"": 8, ""hum"": 33.48067, ""gas_res"": 5684.846}, {""temp"": 24.53041, ""step"": 9, ""status"": 1, ""pres"": 979.0663, ""meas_profile"": ""HP-7"", ""meas_id"": 7, ""hum"": 33.4104, ""gas_res"": 6284.368}, {""temp"": 24.62062, ""step"": 9, ""status"": 1, ""pres"": 979.2244, ""meas_profile"": ""HP-6"", ""meas_id"": 6, ""hum"": 33.24788, ""gas_res"": 8524.241}, {""temp"": 24.52264, ""step"": 9, ""status"": 1, ""pres"": 978.9141, ""meas_profile"": ""HP-5"", ""meas_id"": 5, ""hum"": 33.45142, ""gas_res"": 25000.0}, {""temp"": 24.2677, ""step"": 9, ""status"": 1, ""pres"": 979.0475, ""meas_profile"": ""HP-4"", ""meas_id"": 4, ""hum"": 33.04589, ""gas_res"": 25000.0}, {""temp"": 24.40179, ""step"": 9, ""status"": 1, ""pres"": 978.6169, ""meas_profile"": ""HP-3"", ""meas_id"": 3, ""hum"": 33.51372, ""gas_res"": 7259.528}, {""temp"": 24.30962, ""step"": 9, ""status"": 1, ""pres"": 978.7495, ""meas_profile"": ""HP-2"", ""meas_id"": 2, ""hum"": 33.79937, ""gas_res"": 9184.845}, {""temp"": 24.07899, ""step"": 9, ""status"": 1, ""pres"": 978.8017, ""meas_profile"": ""HP-1"", ""meas_id"": 1, ""hum"": 33.36925, ""gas_res"": 7006.788}]}",NULL,"2025-10-29 11:28:04.37659"
15107,"04a600b9b0b8","2025-10-29 11:26:51","zgQZdw5ElaEqYSckMFAh","{""bme688"": [{""temp"": 24.55144, ""step"": 8, ""status"": 1, ""pres"": 978.8716, ""meas_profile"": ""HP-8"", ""meas_id"": 8, ""hum"": 33.48064, ""gas_res"": 5684.846}, {""temp"": 24.53041, ""step"": 8, ""status"": 1, ""pres"": 979.0681, ""meas_profile"": ""HP-7"", ""meas_id"": 7, ""hum"": 33.40475, ""gas_res"": 6359.3}, {""temp"": 24.62093, ""step"": 8, ""status"": 1, ""pres"": 979.2249, ""meas_profile"": ""HP-6"", ""meas_id"": 6, ""hum"": 33.24218, ""gas_res"": 8783.97}, {""temp"": 24.52295, ""step"": 8, ""status"": 1, ""pres"": 978.9147, ""meas_profile"": ""HP-5"", ""meas_id"": 5, ""hum"": 33.44014, ""gas_res"": 25000.0}, {""temp"": 24.26801, ""step"": 8, ""status"": 1, ""pres"": 979.048, ""meas_profile"": ""HP-4"", ""meas_id"": 4, ""hum"": 33.06308, ""gas_res"": 25000.0}, {""temp"": 24.40179, ""step"": 8, ""status"": 1, ""pres"": 978.6186, ""meas_profile"": ""HP-3"", ""meas_id"": 3, ""hum"": 33.49655, ""gas_res"": 6698.765}, {""temp"": 24.30993, ""step"": 8, ""status"": 1, ""pres"": 978.75, ""meas_profile"": ""HP-2"", ""meas_id"": 2, ""hum"": 33.82206, ""gas_res"": 9075.439}, {""temp"": 24.0793, ""step"": 8, ""status"": 1, ""pres"": 978.8022, ""meas_profile"": ""HP-1"", ""meas_id"": 1, ""hum"": 33.35757, ""gas_res"": 7076.515}]}",NULL,"2025-10-29 11:28:05.657524"
15108,"04a600b9b0b8","2025-10-29 11:26:51","zgQZdw5ElaEqYSckMFAh","{""bme688"": [{""temp"": 24.55113, ""step"": 7, ""status"": 1, ""pres"": 978.8712, ""meas_profile"": ""HP-8"", ""meas_id"": 8, ""hum"": 33.47491, ""gas_res"": 5684.846}, {""temp"": 24.5301, ""step"": 7, ""status"": 1, ""pres"": 979.0674, ""meas_profile"": ""HP-7"", ""meas_id"": 7, ""hum"": 33.39345, ""gas_res"": 6459.427}, {""temp"": 24.62124, ""step"": 7, ""status"": 1, ""pres"": 979.2252, ""meas_profile"": ""HP-6"", ""meas_id"": 6, ""hum"": 33.2365, ""gas_res"": 8991.29}, {""temp"": 24.52295, ""step"": 7, ""status"": 1, ""pres"": 978.9147, ""meas_profile"": ""HP-5"", ""meas_id"": 5, ""hum"": 33.4571, ""gas_res"": 25000.0}, {""temp"": 24.26832, ""step"": 7, ""status"": 1, ""pres"": 979.0486, ""meas_profile"": ""HP-4"", ""meas_id"": 4, ""hum"": 33.04594, ""gas_res"": 25000.0}, {""temp"": 24.4021, ""step"": 7, ""status"": 1, ""pres"": 978.6191, ""meas_profile"": ""HP-3"", ""meas_id"": 3, ""hum"": 33.49657, ""gas_res"": 6818.666}, {""temp"": 24.31024, ""step"": 7, ""status"": 1, ""pres"": 978.7523, ""meas_profile"": ""HP-2"", ""meas_id"": 2, ""hum"": 33.79943, ""gas_res"": 9240.543}, {""temp"": 24.07961, ""step"": 7, ""status"": 1, ""pres"": 978.8045, ""meas_profile"": ""HP-1"", ""meas_id"": 1, ""hum"": 33.35759, ""gas_res"": 7441.86}]}",NULL,"2025-10-29 11:28:07.123572"
15109,"04a600b9b0b8","2025-10-29 11:26:51","zgQZdw5ElaEqYSckMFAh","{""bme688"": [{""temp"": 24.55113, ""step"": 6, ""status"": 1, ""pres"": 978.8729, ""meas_profile"": ""HP-8"", ""meas_id"": 8, ""hum"": 33.46921, ""gas_res"": 16546.02}, {""temp"": 24.5301, ""step"": 6, ""status"": 1, ""pres"": 979.0692, ""meas_profile"": ""HP-7"", ""meas_id"": 7, ""hum"": 33.40473, ""gas_res"": 21283.67}, {""temp"": 24.62155, ""step"": 6, ""status"": 1, ""pres"": 979.2278, ""meas_profile"": ""HP-6"", ""meas_id"": 6, ""hum"": 33.20794, ""gas_res"": 41571.94}, {""temp"": 24.52295, ""step"": 6, ""status"": 1, ""pres"": 978.9147, ""meas_profile"": ""HP-5"", ""meas_id"": 5, ""hum"": 33.4458, ""gas_res"": 139395.6}, {""temp"": 24.26832, ""step"": 6, ""status"": 1, ""pres"": 979.0502, ""meas_profile"": ""HP-4"", ""meas_id"": 4, ""hum"": 33.05167, ""gas_res"": 133194.6}, {""temp"": 24.4021, ""step"": 6, ""status"": 1, ""pres"": 978.6191, ""meas_profile"": ""HP-3"", ""meas_id"": 3, ""hum"": 33.49657, ""gas_res"": 86079.35}, {""temp"": 24.31024, ""step"": 6, ""status"": 1, ""pres"": 978.754, ""meas_profile"": ""HP-2"", ""meas_id"": 2, ""hum"": 33.79943, ""gas_res"": 110154.9}, {""temp"": 24.07992, ""step"": 6, ""status"": 1, ""pres"": 978.8031, ""meas_profile"": ""HP-1"", ""meas_id"": 1, ""hum"": 33.35762, ""gas_res"": 100000.0}]}",NULL,"2025-10-29 11:28:08.219142"
15110,"04a600b9b0b8","2025-10-29 11:26:51","zgQZdw5ElaEqYSckMFAh","{""bme688"": [{""temp"": 24.55113, ""step"": 5, ""status"": 1, ""pres"": 978.8729, ""meas_profile"": ""HP-8"", ""meas_id"": 8, ""hum"": 33.49773, ""gas_res"": 16494.85}, {""temp"": 24.5301, ""step"": 5, ""status"": 1, ""pres"": 979.0708, ""meas_profile"": ""HP-7"", ""meas_id"": 7, ""hum"": 33.41037, ""gas_res"": 21262.46}, {""temp"": 24.62155, ""step"": 5, ""status"": 1, ""pres"": 979.2278, ""meas_profile"": ""HP-6"", ""meas_id"": 6, ""hum"": 33.25367, ""gas_res"": 41370.39}, {""temp"": 24.52295, ""step"": 5, ""status"": 1, ""pres"": 978.9147, ""meas_profile"": ""HP-5"", ""meas_id"": 5, ""hum"": 33.43449, ""gas_res"": 139509.5}, {""temp"": 24.26863, ""step"": 5, ""status"": 1, ""pres"": 979.0508, ""meas_profile"": ""HP-4"", ""meas_id"": 4, ""hum"": 33.04025, ""gas_res"": 133298.6}, {""temp"": 24.40241, ""step"": 5, ""status"": 1, ""pres"": 978.6213, ""meas_profile"": ""HP-3"", ""meas_id"": 3, ""hum"": 33.49088, ""gas_res"": 83143.88}, {""temp"": 24.31024, ""step"": 5, ""status"": 1, ""pres"": 978.754, ""meas_profile"": ""HP-2"", ""meas_id"": 2, ""hum"": 33.80509, ""gas_res"": 107517.9}, {""temp"": 24.08023, ""step"": 5, ""status"": 1, ""pres"": 978.8054, ""meas_profile"": ""HP-1"", ""meas_id"": 1, ""hum"": 33.3518, ""gas_res"": 100000.0}]}",NULL,"2025-10-29 11:28:09.498601"
15111,"04a600b9b0b8","2025-10-29 11:26:51","zgQZdw5ElaEqYSckMFAh","{""bme688"": [{""temp"": 24.55113, ""step"": 4, ""status"": 1, ""pres"": 978.8729, ""meas_profile"": ""HP-8"", ""meas_id"": 8, ""hum"": 33.49202, ""gas_res"": 16469.38}, {""temp"": 24.5301, ""step"": 4, ""status"": 1, ""pres"": 979.0708, ""meas_profile"": ""HP-7"", ""meas_id"": 7, ""hum"": 33.41037, ""gas_res"": 21390.38}, {""temp"": 24.62185, ""step"": 4, ""status"": 1, ""pres"": 979.23, ""meas_profile"": ""HP-6"", ""meas_id"": 6, ""hum"": 33.21369, ""gas_res"": 42188.53}, {""temp"": 24.52327, ""step"": 4, ""status"": 1, ""pres"": 978.9169, ""meas_profile"": ""HP-5"", ""meas_id"": 5, ""hum"": 33.43452, ""gas_res"": 142539.0}, {""temp"": 24.26863, ""step"": 4, ""status"": 1, ""pres"": 979.0508, ""meas_profile"": ""HP-4"", ""meas_id"": 4, ""hum"": 33.03453, ""gas_res"": 134031.4}, {""temp"": 24.40241, ""step"": 4, ""status"": 1, ""pres"": 978.6213, ""meas_profile"": ""HP-3"", ""meas_id"": 3, ""hum"": 33.47943, ""gas_res"": 81399.05}, {""temp"": 24.31024, ""step"": 4, ""status"": 1, ""pres"": 978.7557, ""meas_profile"": ""HP-2"", ""meas_id"": 2, ""hum"": 33.79377, ""gas_res"": 105588.8}, {""temp"": 24.08055, ""step"": 4, ""status"": 1, ""pres"": 978.8059, ""meas_profile"": ""HP-1"", ""meas_id"": 1, ""hum"": 33.35183, ""gas_res"": 100000.0}]}",NULL,"2025-10-29 11:28:10.777384"
15112,"04a600b9b0b8","2025-10-29 11:26:51","zgQZdw5ElaEqYSckMFAh","{""bme688"": [{""temp"": 24.55082, ""step"": 3, ""status"": 0, ""pres"": 978.8723, ""meas_profile"": ""HP-8"", ""meas_id"": 8, ""hum"": 33.5034, ""gas_res"": 9014.085}, {""temp"": 24.52979, ""step"": 3, ""status"": 0, ""pres"": 979.072, ""meas_profile"": ""HP-7"", ""meas_id"": 7, ""hum"": 33.4047, ""gas_res"": 10781.67}, {""temp"": 24.62185, ""step"": 3, ""status"": 0, ""pres"": 979.23, ""meas_profile"": ""HP-6"", ""meas_id"": 6, ""hum"": 33.24799, ""gas_res"": 23979.02}, {""temp"": 24.52295, ""step"": 3, ""status"": 0, ""pres"": 978.9163, ""meas_profile"": ""HP-5"", ""meas_id"": 5, ""hum"": 33.44014, ""gas_res"": 46209.39}, {""temp"": 24.26863, ""step"": 3, ""status"": 0, ""pres"": 979.0525, ""meas_profile"": ""HP-4"", ""meas_id"": 4, ""hum"": 33.0517, ""gas_res"": 43434.0}, {""temp"": 24.4021, ""step"": 3, ""status"": 0, ""pres"": 978.6207, ""meas_profile"": ""HP-3"", ""meas_id"": 3, ""hum"": 33.50803, ""gas_res"": 28802.88}, {""temp"": 24.30993, ""step"": 3, ""status"": 0, ""pres"": 978.7567, ""meas_profile"": ""HP-2"", ""meas_id"": 2, ""hum"": 33.81073, ""gas_res"": 44107.51}, {""temp"": 24.08055, ""step"": 3, ""status"": 0, ""pres"": 978.8059, ""meas_profile"": ""HP-1"", ""meas_id"": 1, ""hum"": 33.36939, ""gas_res"": 29643.35}]}",NULL,"2025-10-29 11:28:12.242475"
15113,"04a600b9b0b8","2025-10-29 11:26:51","zgQZdw5ElaEqYSckMFAh","{""bme688"": [{""temp"": 24.55113, ""step"": 2, ""status"": 1, ""pres"": 978.8729, ""meas_profile"": ""HP-8"", ""meas_id"": 8, ""hum"": 33.48632, ""gas_res"": 32812.1}, {""temp"": 24.52979, ""step"": 2, ""status"": 1, ""pres"": 979.072, ""meas_profile"": ""HP-7"", ""meas_id"": 7, ""hum"": 33.42162, ""gas_res"": 44802.24}, {""temp"": 24.62185, ""step"": 2, ""status"": 1, ""pres"": 979.23, ""meas_profile"": ""HP-6"", ""meas_id"": 6, ""hum"": 33.25371, ""gas_res"": 149926.8}, {""temp"": 24.52295, ""step"": 2, ""status"": 1, ""pres"": 978.9163, ""meas_profile"": ""HP-5"", ""meas_id"": 5, ""hum"": 33.45145, ""gas_res"": 367288.4}, {""temp"": 24.26863, ""step"": 2, ""status"": 1, ""pres"": 979.0525, ""meas_profile"": ""HP-4"", ""meas_id"": 4, ""hum"": 33.06314, ""gas_res"": 393392.3}, {""temp"": 24.40241, ""step"": 2, ""status"": 1, ""pres"": 978.623, ""meas_profile"": ""HP-3"", ""meas_id"": 3, ""hum"": 33.5195, ""gas_res"": 200509.1}, {""temp"": 24.31024, ""step"": 2, ""status"": 1, ""pres"": 978.7573, ""meas_profile"": ""HP-2"", ""meas_id"": 2, ""hum"": 33.79377, ""gas_res"": 361837.5}, {""temp"": 24.08055, ""step"": 2, ""status"": 1, ""pres"": 978.8059, ""meas_profile"": ""HP-1"", ""meas_id"": 1, ""hum"": 33.34597, ""gas_res"": 259109.3}]}",NULL,"2025-10-29 11:28:13.374352"
15114,"04a600b9b0b8","2025-10-29 11:26:51","zgQZdw5ElaEqYSckMFAh","{""bme688"": [{""temp"": 24.55144, ""step"": 1, ""status"": 1, ""pres"": 978.8734, ""meas_profile"": ""HP-8"", ""meas_id"": 8, ""hum"": 33.50346, ""gas_res"": 9615.385}, {""temp"": 24.5301, ""step"": 1, ""status"": 1, ""pres"": 979.0725, ""meas_profile"": ""HP-7"", ""meas_id"": 7, ""hum"": 33.42165, ""gas_res"": 11666.06}, {""temp"": 24.62217, ""step"": 1, ""status"": 1, ""pres"": 979.2322, ""meas_profile"": ""HP-6"", ""meas_id"": 6, ""hum"": 33.23087, ""gas_res"": 25000.0}, {""temp"": 24.52327, ""step"": 1, ""status"": 1, ""pres"": 978.9169, ""meas_profile"": ""HP-5"", ""meas_id"": 5, ""hum"": 33.45147, ""gas_res"": 41170.79}, {""temp"": 24.26925, ""step"": 1, ""status"": 1, ""pres"": 979.0533, ""meas_profile"": ""HP-4"", ""meas_id"": 4, ""hum"": 33.05175, ""gas_res"": 34848.9}, {""temp"": 24.40272, ""step"": 1, ""status"": 1, ""pres"": 978.6235, ""meas_profile"": ""HP-3"", ""meas_id"": 3, ""hum"": 33.51381, ""gas_res"": 25000.0}, {""temp"": 24.31055, ""step"": 1, ""status"": 1, ""pres"": 978.7578, ""meas_profile"": ""HP-2"", ""meas_id"": 2, ""hum"": 33.80512, ""gas_res"": 31597.14}, {""temp"": 24.08086, ""step"": 1, ""status"": 1, ""pres"": 978.8065, ""meas_profile"": ""HP-1"", ""meas_id"": 1, ""hum"": 33.35185, ""gas_res"": 25000.0}]}",NULL,"2025-10-29 11:28:14.61723"
15115,"04a600b9b0b8","2025-10-29 11:26:51","zgQZdw5ElaEqYSckMFAh","{""bme688"": [{""temp"": 24.55144, ""step"": 0, ""status"": 1, ""pres"": 978.8734, ""meas_profile"": ""HP-8"", ""meas_id"": 8, ""hum"": 33.49776, ""gas_res"": 6032.045}, {""temp"": 24.53041, ""step"": 0, ""status"": 1, ""pres"": 979.0748, ""meas_profile"": ""HP-7"", ""meas_id"": 7, ""hum"": 33.41603, ""gas_res"": 7225.107}, {""temp"": 24.62247, ""step"": 0, ""status"": 1, ""pres"": 979.2327, ""meas_profile"": ""HP-6"", ""meas_id"": 6, ""hum"": 33.23661, ""gas_res"": 9555.091}, {""temp"": 24.52358, ""step"": 0, ""status"": 1, ""pres"": 978.9175, ""meas_profile"": ""HP-5"", ""meas_id"": 5, ""hum"": 33.4515, ""gas_res"": 25000.0}, {""temp"": 24.26957, ""step"": 0, ""status"": 1, ""pres"": 979.0538, ""meas_profile"": ""HP-4"", ""meas_id"": 4, ""hum"": 33.04606, ""gas_res"": 23205.22}, {""temp"": 24.40272, ""step"": 0, ""status"": 1, ""pres"": 978.6252, ""meas_profile"": ""HP-3"", ""meas_id"": 3, ""hum"": 33.51954, ""gas_res"": 6439.928}, {""temp"": 24.31087, ""step"": 0, ""status"": 1, ""pres"": 978.76, ""meas_profile"": ""HP-2"", ""meas_id"": 2, ""hum"": 33.7825, ""gas_res"": 8641.642}, {""temp"": 24.08117, ""step"": 0, ""status"": 1, ""pres"": 978.8069, ""meas_profile"": ""HP-1"", ""meas_id"": 1, ""hum"": 33.36359, ""gas_res"": 6965.607}]}",NULL,"2025-10-29 11:28:15.897025"
15116,"04a600b9b0b8","2025-10-29 11:28:48","zgQZdw5ElaEqYSckMFAh","{""zphs01b"": {""voc"": 0, ""temp"": 22.2, ""pm2_5"": 0, ""pm1_0"": 0, ""pm10"": 306, ""o3"": 0.03, ""no2"": 8.92, ""hum"": 0, ""fmhd"": 0, ""co2"": 5000, ""co"": 0.0}, ""smell_b"": {}, ""sfa30"": {""temp"": 24.545, ""hum"": 36.03, ""fmhd"": 2.6}, ""sen5x"": {""voc"": 104.0, ""temp"": 24.28, ""pm4_0"": 4487.2, ""pm2_5"": 4487.2, ""pm1_0"": 4278.8, ""pm10"": 4487.2, ""nox"": 1.0, ""mass_c"": 4435.1, ""hum"": 41.72}, ""scd41"": {""temp"": 24.14549, ""hum"": 43.87426, ""co2"": 683}, ""power_source"": 0, ""mics6814"": {""red_res"": 0, ""no2_res"": 0, ""no2"": 0.17, ""nh3_res"": 0, ""nh3"": 0.73, ""co_res"": 0, ""co"": 44.0}}",NULL,"2025-10-29 11:29:18.708268"
15117,"04a600b9b0b8","2025-10-29 11:28:48","zgQZdw5ElaEqYSckMFAh","{""bme688"": [{""temp"": 24.55422, ""step"": 9, ""status"": 1, ""pres"": 978.8582, ""meas_profile"": ""HP-8"", ""meas_id"": 8, ""hum"": 33.57218, ""gas_res"": 5684.846}, {""temp"": 24.53196, ""step"": 9, ""status"": 1, ""pres"": 979.0399, ""meas_profile"": ""HP-7"", ""meas_id"": 7, ""hum"": 33.48386, ""gas_res"": 6636.25}, {""temp"": 24.6163, ""step"": 9, ""status"": 1, ""pres"": 979.1933, ""meas_profile"": ""HP-6"", ""meas_id"": 6, ""hum"": 33.3447, ""gas_res"": 9176.943}, {""temp"": 24.52014, ""step"": 9, ""status"": 1, ""pres"": 978.8898, ""meas_profile"": ""HP-5"", ""meas_id"": 5, ""hum"": 33.53033, ""gas_res"": 25000.0}, {""temp"": 24.26211, ""step"": 9, ""status"": 1, ""pres"": 979.0199, ""meas_profile"": ""HP-4"", ""meas_id"": 4, ""hum"": 33.11406, ""gas_res"": 25000.0}, {""temp"": 24.39715, ""step"": 9, ""status"": 1, ""pres"": 978.5873, ""meas_profile"": ""HP-3"", ""meas_id"": 3, ""hum"": 33.57056, ""gas_res"": 8103.317}, {""temp"": 24.30621, ""step"": 9, ""status"": 1, ""pres"": 978.7252, ""meas_profile"": ""HP-2"", ""meas_id"": 2, ""hum"": 33.87269, ""gas_res"": 10443.86}, {""temp"": 24.07557, ""step"": 9, ""status"": 1, ""pres"": 978.7856, ""meas_profile"": ""HP-1"", ""meas_id"": 1, ""hum"": 33.34551, ""gas_res"": 7846.984}]}",NULL,"2025-10-29 11:29:19.895824"
15118,"04a600b9b0b8","2025-10-29 11:28:48","zgQZdw5ElaEqYSckMFAh","{""bme688"": [{""temp"": 24.55391, ""step"": 8, ""status"": 1, ""pres"": 978.8596, ""meas_profile"": ""HP-8"", ""meas_id"": 8, ""hum"": 33.57215, ""gas_res"": 5684.846}, {""temp"": 24.53196, ""step"": 8, ""status"": 1, ""pres"": 979.0416, ""meas_profile"": ""HP-7"", ""meas_id"": 7, ""hum"": 33.50079, ""gas_res"": 6574.892}, {""temp"": 24.61661, ""step"": 8, ""status"": 1, ""pres"": 979.1938, ""meas_profile"": ""HP-6"", ""meas_id"": 6, ""hum"": 33.32756, ""gas_res"": 9546.539}, {""temp"": 24.52045, ""step"": 8, ""status"": 1, ""pres"": 978.892, ""meas_profile"": ""HP-5"", ""meas_id"": 5, ""hum"": 33.53036, ""gas_res"": 25000.0}, {""temp"": 24.26211, ""step"": 8, ""status"": 1, ""pres"": 979.0215, ""meas_profile"": ""HP-4"", ""meas_id"": 4, ""hum"": 33.13124, ""gas_res"": 25000.0}, {""temp"": 24.39715, ""step"": 8, ""status"": 1, ""pres"": 978.589, ""meas_profile"": ""HP-3"", ""meas_id"": 3, ""hum"": 33.58774, ""gas_res"": 7650.012}, {""temp"": 24.30652, ""step"": 8, ""status"": 1, ""pres"": 978.7257, ""meas_profile"": ""HP-2"", ""meas_id"": 2, ""hum"": 33.85572, ""gas_res"": 10652.46}, {""temp"": 24.07557, ""step"": 8, ""status"": 1, ""pres"": 978.7856, ""meas_profile"": ""HP-1"", ""meas_id"": 1, ""hum"": 33.32209, ""gas_res"": 8247.423}]}",NULL,"2025-10-29 11:29:21.177185"
15119,"04a600b9b0b8","2025-10-29 11:28:48","zgQZdw5ElaEqYSckMFAh","{""bme688"": [{""temp"": 24.5536, ""step"": 7, ""status"": 1, ""pres"": 978.8591, ""meas_profile"": ""HP-8"", ""meas_id"": 8, ""hum"": 33.58925, ""gas_res"": 5684.846}, {""temp"": 24.53165, ""step"": 7, ""status"": 1, ""pres"": 979.0429, ""meas_profile"": ""HP-7"", ""meas_id"": 7, ""hum"": 33.50076, ""gas_res"": 6681.979}, {""temp"": 24.61692, ""step"": 7, ""status"": 1, ""pres"": 979.1942, ""meas_profile"": ""HP-6"", ""meas_id"": 6, ""hum"": 33.35048, ""gas_res"": 9773.977}, {""temp"": 24.52045, ""step"": 7, ""status"": 1, ""pres"": 978.892, ""meas_profile"": ""HP-5"", ""meas_id"": 5, ""hum"": 33.53601, ""gas_res"": 25000.0}, {""temp"": 24.26242, ""step"": 7, ""status"": 1, ""pres"": 979.0221, ""meas_profile"": ""HP-4"", ""meas_id"": 4, ""hum"": 33.13699, ""gas_res"": 25000.0}, {""temp"": 24.39746, ""step"": 7, ""status"": 1, ""pres"": 978.5895, ""meas_profile"": ""HP-3"", ""meas_id"": 3, ""hum"": 33.58777, ""gas_res"": 7823.961}, {""temp"": 24.30683, ""step"": 7, ""status"": 1, ""pres"": 978.728, ""meas_profile"": ""HP-2"", ""meas_id"": 2, ""hum"": 33.87841, ""gas_res"": 10759.92}, {""temp"": 24.07588, ""step"": 7, ""status"": 1, ""pres"": 978.786, ""meas_profile"": ""HP-1"", ""meas_id"": 1, ""hum"": 33.34554, ""gas_res"": 8318.17}]}",NULL,"2025-10-29 11:29:22.456811"
15120,"04a600b9b0b8","2025-10-29 11:28:48","zgQZdw5ElaEqYSckMFAh","{""bme688"": [{""temp"": 24.5536, ""step"": 6, ""status"": 1, ""pres"": 978.8591, ""meas_profile"": ""HP-8"", ""meas_id"": 8, ""hum"": 33.56642, ""gas_res"": 16368.29}, {""temp"": 24.53165, ""step"": 6, ""status"": 1, ""pres"": 979.0429, ""meas_profile"": ""HP-7"", ""meas_id"": 7, ""hum"": 33.5064, ""gas_res"": 21717.0}, {""temp"": 24.61692, ""step"": 6, ""status"": 1, ""pres"": 979.196, ""meas_profile"": ""HP-6"", ""meas_id"": 6, ""hum"": 33.33904, ""gas_res"": 45277.68}, {""temp"": 24.52045, ""step"": 6, ""status"": 1, ""pres"": 978.8936, ""meas_profile"": ""HP-5"", ""meas_id"": 5, ""hum"": 33.53036, ""gas_res"": 156958.9}, {""temp"": 24.26273, ""step"": 6, ""status"": 1, ""pres"": 979.0226, ""meas_profile"": ""HP-4"", ""meas_id"": 4, ""hum"": 33.13702, ""gas_res"": 153707.6}, {""temp"": 24.39746, ""step"": 6, ""status"": 1, ""pres"": 978.5912, ""meas_profile"": ""HP-3"", ""meas_id"": 3, ""hum"": 33.58777, ""gas_res"": 100000.0}, {""temp"": 24.30683, ""step"": 6, ""status"": 1, ""pres"": 978.728, ""meas_profile"": ""HP-2"", ""meas_id"": 2, ""hum"": 33.88408, ""gas_res"": 135521.4}, {""temp"": 24.07588, ""step"": 6, ""status"": 1, ""pres"": 978.7879, ""meas_profile"": ""HP-1"", ""meas_id"": 1, ""hum"": 33.35725, ""gas_res"": 107113.0}]}",NULL,"2025-10-29 11:29:23.927153"
15121,"04a600b9b0b8","2025-10-29 11:28:48","zgQZdw5ElaEqYSckMFAh","{""bme688"": [{""temp"": 24.5533, ""step"": 5, ""status"": 1, ""pres"": 978.8603, ""meas_profile"": ""HP-8"", ""meas_id"": 8, ""hum"": 33.57209, ""gas_res"": 16256.03}, {""temp"": 24.53165, ""step"": 5, ""status"": 1, ""pres"": 979.0446, ""meas_profile"": ""HP-7"", ""meas_id"": 7, ""hum"": 33.50076, ""gas_res"": 21694.92}, {""temp"": 24.61723, ""step"": 5, ""status"": 1, ""pres"": 979.1965, ""meas_profile"": ""HP-6"", ""meas_id"": 6, ""hum"": 33.33906, ""gas_res"": 45470.69}, {""temp"": 24.52076, ""step"": 5, ""status"": 1, ""pres"": 978.8942, ""meas_profile"": ""HP-5"", ""meas_id"": 5, ""hum"": 33.55867, ""gas_res"": 158268.9}, {""temp"": 24.26304, ""step"": 5, ""status"": 1, ""pres"": 979.0248, ""meas_profile"": ""HP-4"", ""meas_id"": 4, ""hum"": 33.14277, ""gas_res"": 154542.7}, {""temp"": 24.39777, ""step"": 5, ""status"": 1, ""pres"": 978.5934, ""meas_profile"": ""HP-3"", ""meas_id"": 3, ""hum"": 33.57634, ""gas_res"": 100000.0}, {""temp"": 24.30683, ""step"": 5, ""status"": 1, ""pres"": 978.728, ""meas_profile"": ""HP-2"", ""meas_id"": 2, ""hum"": 33.87841, ""gas_res"": 133402.8}, {""temp"": 24.07557, ""step"": 5, ""status"": 1, ""pres"": 978.7874, ""meas_profile"": ""HP-1"", ""meas_id"": 1, ""hum"": 33.35722, ""gas_res"": 104553.8}]}",NULL,"2025-10-29 11:29:25.017993"
15122,"04a600b9b0b8","2025-10-29 11:28:48","zgQZdw5ElaEqYSckMFAh","{""bme688"": [{""temp"": 24.5533, ""step"": 4, ""status"": 1, ""pres"": 978.8603, ""meas_profile"": ""HP-8"", ""meas_id"": 8, ""hum"": 33.5778, ""gas_res"": 16120.91}, {""temp"": 24.53134, ""step"": 4, ""status"": 1, ""pres"": 979.0439, ""meas_profile"": ""HP-7"", ""meas_id"": 7, ""hum"": 33.47817, ""gas_res"": 21585.16}, {""temp"": 24.61753, ""step"": 4, ""status"": 1, ""pres"": 979.1986, ""meas_profile"": ""HP-6"", ""meas_id"": 6, ""hum"": 33.32766, ""gas_res"": 45812.46}, {""temp"": 24.52076, ""step"": 4, ""status"": 1, ""pres"": 978.8942, ""meas_profile"": ""HP-5"", ""meas_id"": 5, ""hum"": 33.56432, ""gas_res"": 162333.5}, {""temp"": 24.26335, ""step"": 4, ""status"": 1, ""pres"": 979.0252, ""meas_profile"": ""HP-4"", ""meas_id"": 4, ""hum"": 33.13708, ""gas_res"": 158415.8}, {""temp"": 24.39808, ""step"": 4, ""status"": 1, ""pres"": 978.5939, ""meas_profile"": ""HP-3"", ""meas_id"": 3, ""hum"": 33.5821, ""gas_res"": 100000.0}, {""temp"": 24.30683, ""step"": 4, ""status"": 1, ""pres"": 978.7296, ""meas_profile"": ""HP-2"", ""meas_id"": 2, ""hum"": 33.87274, ""gas_res"": 132368.2}, {""temp"": 24.07557, ""step"": 4, ""status"": 1, ""pres"": 978.7892, ""meas_profile"": ""HP-1"", ""meas_id"": 1, ""hum"": 33.36308, ""gas_res"": 102605.2}]}",NULL,"2025-10-29 11:29:26.295084"
15123,"04a600b9b0b8","2025-10-29 11:28:48","zgQZdw5ElaEqYSckMFAh","{""bme688"": [{""temp"": 24.5533, ""step"": 3, ""status"": 0, ""pres"": 978.8621, ""meas_profile"": ""HP-8"", ""meas_id"": 8, ""hum"": 33.60063, ""gas_res"": 8383.547}, {""temp"": 24.53134, ""step"": 3, ""status"": 0, ""pres"": 979.0457, ""meas_profile"": ""HP-7"", ""meas_id"": 7, ""hum"": 33.50638, ""gas_res"": 10322.58}, {""temp"": 24.61723, ""step"": 3, ""status"": 0, ""pres"": 979.1982, ""meas_profile"": ""HP-6"", ""meas_id"": 6, ""hum"": 33.34478, ""gas_res"": 24006.0}, {""temp"": 24.52076, ""step"": 3, ""status"": 0, ""pres"": 978.8959, ""meas_profile"": ""HP-5"", ""meas_id"": 5, ""hum"": 33.55867, ""gas_res"": 49401.77}, {""temp"": 24.26304, ""step"": 3, ""status"": 0, ""pres"": 979.0264, ""meas_profile"": ""HP-4"", ""meas_id"": 4, ""hum"": 33.15423, ""gas_res"": 46511.63}, {""temp"": 24.39777, ""step"": 3, ""status"": 0, ""pres"": 978.5952, ""meas_profile"": ""HP-3"", ""meas_id"": 3, ""hum"": 33.60498, ""gas_res"": 31691.01}, {""temp"": 24.30683, ""step"": 3, ""status"": 0, ""pres"": 978.7296, ""meas_profile"": ""HP-2"", ""meas_id"": 2, ""hum"": 33.87841, ""gas_res"": 51550.54}, {""temp"": 24.07526, ""step"": 3, ""status"": 0, ""pres"": 978.7888, ""meas_profile"": ""HP-1"", ""meas_id"": 1, ""hum"": 33.37476, ""gas_res"": 33455.3}]}",NULL,"2025-10-29 11:29:27.578643"
15124,"04a600b9b0b8","2025-10-29 11:28:48","zgQZdw5ElaEqYSckMFAh","{""bme688"": [{""temp"": 24.55299, ""step"": 2, ""status"": 1, ""pres"": 978.8635, ""meas_profile"": ""HP-8"", ""meas_id"": 8, ""hum"": 33.58919, ""gas_res"": 23673.02}, {""temp"": 24.53103, ""step"": 2, ""status"": 1, ""pres"": 979.0469, ""meas_profile"": ""HP-7"", ""meas_id"": 7, ""hum"": 33.51199, ""gas_res"": 32661.39}, {""temp"": 24.61723, ""step"": 2, ""status"": 1, ""pres"": 979.2, ""meas_profile"": ""HP-6"", ""meas_id"": 6, ""hum"": 33.35622, ""gas_res"": 105393.2}, {""temp"": 24.52045, ""step"": 2, ""status"": 1, ""pres"": 978.8953, ""meas_profile"": ""HP-5"", ""meas_id"": 5, ""hum"": 33.55863, ""gas_res"": 251844.6}, {""temp"": 24.26304, ""step"": 2, ""status"": 1, ""pres"": 979.0264, ""meas_profile"": ""HP-4"", ""meas_id"": 4, ""hum"": 33.13705, ""gas_res"": 299590.4}, {""temp"": 24.39777, ""step"": 2, ""status"": 1, ""pres"": 978.5969, ""meas_profile"": ""HP-3"", ""meas_id"": 3, ""hum"": 33.60498, ""gas_res"": 156383.6}, {""temp"": 24.30652, ""step"": 2, ""status"": 1, ""pres"": 978.7308, ""meas_profile"": ""HP-2"", ""meas_id"": 2, ""hum"": 33.88405, ""gas_res"": 291654.8}, {""temp"": 24.07526, ""step"": 2, ""status"": 1, ""pres"": 978.7905, ""meas_profile"": ""HP-1"", ""meas_id"": 1, ""hum"": 33.38062, ""gas_res"": 210656.3}]}",NULL,"2025-10-29 11:29:29.044237"
15125,"04a600b9b0b8","2025-10-29 11:28:48","zgQZdw5ElaEqYSckMFAh","{""bme688"": [{""temp"": 24.5533, ""step"": 1, ""status"": 1, ""pres"": 978.8639, ""meas_profile"": ""HP-8"", ""meas_id"": 8, ""hum"": 33.59492, ""gas_res"": 9411.765}, {""temp"": 24.53103, ""step"": 1, ""status"": 1, ""pres"": 979.0469, ""meas_profile"": ""HP-7"", ""meas_id"": 7, ""hum"": 33.51199, ""gas_res"": 15500.12}, {""temp"": 24.61753, ""step"": 1, ""status"": 1, ""pres"": 979.2021, ""meas_profile"": ""HP-6"", ""meas_id"": 6, ""hum"": 33.35054, ""gas_res"": 25000.0}, {""temp"": 24.52076, ""step"": 1, ""status"": 1, ""pres"": 978.8976, ""meas_profile"": ""HP-5"", ""meas_id"": 5, ""hum"": 33.55301, ""gas_res"": 100000.0}, {""temp"": 24.26335, ""step"": 1, ""status"": 1, ""pres"": 979.0284, ""meas_profile"": ""HP-4"", ""meas_id"": 4, ""hum"": 33.16571, ""gas_res"": 41980.98}, {""temp"": 24.39808, ""step"": 1, ""status"": 1, ""pres"": 978.5974, ""meas_profile"": ""HP-3"", ""meas_id"": 3, ""hum"": 33.60501, ""gas_res"": 27032.73}, {""temp"": 24.30683, ""step"": 1, ""status"": 1, ""pres"": 978.7313, ""meas_profile"": ""HP-2"", ""meas_id"": 2, ""hum"": 33.90674, ""gas_res"": 40933.8}, {""temp"": 24.07526, ""step"": 1, ""status"": 1, ""pres"": 978.7905, ""meas_profile"": ""HP-1"", ""meas_id"": 1, ""hum"": 33.37476, ""gas_res"": 29418.53}]}",NULL,"2025-10-29 11:29:30.138556"
15126,"04a600b9b0b8","2025-10-29 11:28:48","zgQZdw5ElaEqYSckMFAh","{""bme688"": [{""temp"": 24.5533, ""step"": 0, ""status"": 1, ""pres"": 978.8656, ""meas_profile"": ""HP-8"", ""meas_id"": 8, ""hum"": 33.60634, ""gas_res"": 5724.508}, {""temp"": 24.53103, ""step"": 0, ""status"": 1, ""pres"": 979.0486, ""meas_profile"": ""HP-7"", ""meas_id"": 7, ""hum"": 33.51764, ""gas_res"": 7006.788}, {""temp"": 24.61753, ""step"": 0, ""status"": 1, ""pres"": 979.2021, ""meas_profile"": ""HP-6"", ""meas_id"": 6, ""hum"": 33.37342, ""gas_res"": 9956.44}, {""temp"": 24.52108, ""step"": 0, ""status"": 1, ""pres"": 978.8979, ""meas_profile"": ""HP-5"", ""meas_id"": 5, ""hum"": 33.55304, ""gas_res"": 25000.0}, {""temp"": 24.26366, ""step"": 0, ""status"": 1, ""pres"": 979.029, ""meas_profile"": ""HP-4"", ""meas_id"": 4, ""hum"": 33.16574, ""gas_res"": 25000.0}, {""temp"": 24.39839, ""step"": 0, ""status"": 1, ""pres"": 978.5995, ""meas_profile"": ""HP-3"", ""meas_id"": 3, ""hum"": 33.6165, ""gas_res"": 7650.012}, {""temp"": 24.30683, ""step"": 0, ""status"": 1, ""pres"": 978.733, ""meas_profile"": ""HP-2"", ""meas_id"": 2, ""hum"": 33.90107, ""gas_res"": 10413.28}, {""temp"": 24.07557, ""step"": 0, ""status"": 1, ""pres"": 978.791, ""meas_profile"": ""HP-1"", ""meas_id"": 1, ""hum"": 33.36308, ""gas_res"": 8084.892}]}",NULL,"2025-10-29 11:29:31.416157"
15127,"04a600b9b0b8","2025-10-29 11:28:21","zgQZdw5ElaEqYSckMFAh","{""zphs01b"": {""voc"": 0, ""temp"": 22.2, ""pm2_5"": 0, ""pm1_0"": 0, ""pm10"": 310, ""o3"": 0.03, ""no2"": 10.0, ""hum"": 0, ""fmhd"": 0, ""co2"": 5000, ""co"": 0.0}, ""smell_b"": {}, ""sfa30"": {""temp"": 24.535, ""hum"": 36.08, ""fmhd"": 2.0}, ""sen5x"": {""voc"": 90.0, ""temp"": 24.31, ""pm4_0"": 4408.6, ""pm2_5"": 4408.6, ""pm1_0"": 4203.8, ""pm10"": 4408.6, ""nox"": 1.0, ""mass_c"": 4357.4, ""hum"": 41.63}, ""scd41"": {""temp"": 24.10544, ""hum"": 43.88647, ""co2"": 682}, ""power_source"": 0, ""mics6814"": {""red_res"": 0, ""no2_res"": 0, ""no2"": 0.17, ""nh3_res"": 0, ""nh3"": 0.73, ""co_res"": 0, ""co"": 44.0}}",NULL,"2025-10-29 11:29:32.587969"
15128,"04a600b9b0b8","2025-10-29 11:28:21","zgQZdw5ElaEqYSckMFAh","{""bme688"": [{""temp"": 24.55299, ""step"": 9, ""status"": 1, ""pres"": 978.8652, ""meas_profile"": ""HP-8"", ""meas_id"": 8, ""hum"": 33.58919, ""gas_res"": 5684.846}, {""temp"": 24.53103, ""step"": 9, ""status"": 1, ""pres"": 979.0486, ""meas_profile"": ""HP-7"", ""meas_id"": 7, ""hum"": 33.51199, ""gas_res"": 6393.606}, {""temp"": 24.61784, ""step"": 9, ""status"": 1, ""pres"": 979.2045, ""meas_profile"": ""HP-6"", ""meas_id"": 6, ""hum"": 33.3334, ""gas_res"": 8683.854}, {""temp"": 24.52108, ""step"": 9, ""status"": 1, ""pres"": 978.8997, ""meas_profile"": ""HP-5"", ""meas_id"": 5, ""hum"": 33.52477, ""gas_res"": 25000.0}, {""temp"": 24.26397, ""step"": 9, ""status"": 1, ""pres"": 979.0296, ""meas_profile"": ""HP-4"", ""meas_id"": 4, ""hum"": 33.13141, ""gas_res"": 25000.0}, {""temp"": 24.39839, ""step"": 9, ""status"": 1, ""pres"": 978.5995, ""meas_profile"": ""HP-3"", ""meas_id"": 3, ""hum"": 33.6165, ""gas_res"": 7536.505}, {""temp"": 24.30714, ""step"": 9, ""status"": 1, ""pres"": 978.7335, ""meas_profile"": ""HP-2"", ""meas_id"": 2, ""hum"": 33.87844, ""gas_res"": 9667.674}, {""temp"": 24.07588, ""step"": 9, ""status"": 1, ""pres"": 978.7933, ""meas_profile"": ""HP-1"", ""meas_id"": 1, ""hum"": 33.3514, ""gas_res"": 7269.423}]}",NULL,"2025-10-29 11:29:34.163019"
15129,"04a600b9b0b8","2025-10-29 11:28:21","zgQZdw5ElaEqYSckMFAh","{""bme688"": [{""temp"": 24.55268, ""step"": 8, ""status"": 1, ""pres"": 978.8647, ""meas_profile"": ""HP-8"", ""meas_id"": 8, ""hum"": 33.58916, ""gas_res"": 5684.846}, {""temp"": 24.53103, ""step"": 8, ""status"": 1, ""pres"": 979.0502, ""meas_profile"": ""HP-7"", ""meas_id"": 7, ""hum"": 33.51199, ""gas_res"": 6482.982}, {""temp"": 24.61815, ""step"": 8, ""status"": 1, ""pres"": 979.2067, ""meas_profile"": ""HP-6"", ""meas_id"": 6, ""hum"": 33.35059, ""gas_res"": 9067.725}, {""temp"": 24.52139, ""step"": 8, ""status"": 1, ""pres"": 978.9002, ""meas_profile"": ""HP-5"", ""meas_id"": 5, ""hum"": 33.53611, ""gas_res"": 25000.0}, {""temp"": 24.26428, ""step"": 8, ""status"": 1, ""pres"": 979.0318, ""meas_profile"": ""HP-4"", ""meas_id"": 4, ""hum"": 33.14289, ""gas_res"": 25000.0}, {""temp"": 24.3987, ""step"": 8, ""status"": 1, ""pres"": 978.6016, ""meas_profile"": ""HP-3"", ""meas_id"": 3, ""hum"": 33.59934, ""gas_res"": 7176.497}, {""temp"": 24.30745, ""step"": 8, ""status"": 1, ""pres"": 978.7358, ""meas_profile"": ""HP-2"", ""meas_id"": 2, ""hum"": 33.88414, ""gas_res"": 9846.154}, {""temp"": 24.07588, ""step"": 8, ""status"": 1, ""pres"": 978.7933, ""meas_profile"": ""HP-1"", ""meas_id"": 1, ""hum"": 33.36311, ""gas_res"": 7579.346}]}",NULL,"2025-10-29 11:29:35.293699"
15130,"04a600b9b0b8","2025-10-29 11:28:21","zgQZdw5ElaEqYSckMFAh","{""bme688"": [{""temp"": 24.55237, ""step"": 7, ""status"": 1, ""pres"": 978.866, ""meas_profile"": ""HP-8"", ""meas_id"": 8, ""hum"": 33.60626, ""gas_res"": 5684.846}, {""temp"": 24.53103, ""step"": 7, ""status"": 1, ""pres"": 979.0519, ""meas_profile"": ""HP-7"", ""meas_id"": 7, ""hum"": 33.50635, ""gas_res"": 6542.629}, {""temp"": 24.61815, ""step"": 7, ""status"": 1, ""pres"": 979.2067, ""meas_profile"": ""HP-6"", ""meas_id"": 6, ""hum"": 33.33915, ""gas_res"": 9122.007}, {""temp"": 24.52139, ""step"": 7, ""status"": 1, ""pres"": 978.902, ""meas_profile"": ""HP-5"", ""meas_id"": 5, ""hum"": 33.54176, ""gas_res"": 25000.0}, {""temp"": 24.2646, ""step"": 7, ""status"": 1, ""pres"": 979.0323, ""meas_profile"": ""HP-4"", ""meas_id"": 4, ""hum"": 33.14865, ""gas_res"": 25000.0}, {""temp"": 24.39901, ""step"": 7, ""status"": 1, ""pres"": 978.6022, ""meas_profile"": ""HP-3"", ""meas_id"": 3, ""hum"": 33.59937, ""gas_res"": 7043.804}, {""temp"": 24.30745, ""step"": 7, ""status"": 1, ""pres"": 978.7358, ""meas_profile"": ""HP-2"", ""meas_id"": 2, ""hum"": 33.87847, ""gas_res"": 9606.725}, {""temp"": 24.07619, ""step"": 7, ""status"": 1, ""pres"": 978.7938, ""meas_profile"": ""HP-1"", ""meas_id"": 1, ""hum"": 33.35142, ""gas_res"": 7611.798}]}",NULL,"2025-10-29 11:29:36.535573"
15131,"04a600b9b0b8","2025-10-29 11:28:21","zgQZdw5ElaEqYSckMFAh","{""bme688"": [{""temp"": 24.55237, ""step"": 6, ""status"": 1, ""pres"": 978.866, ""meas_profile"": ""HP-8"", ""meas_id"": 8, ""hum"": 33.59484, ""gas_res"": 16482.1}, {""temp"": 24.53072, ""step"": 6, ""status"": 1, ""pres"": 979.0514, ""meas_profile"": ""HP-7"", ""meas_id"": 7, ""hum"": 33.50632, ""gas_res"": 21199.07}, {""temp"": 24.61846, ""step"": 6, ""status"": 1, ""pres"": 979.2072, ""meas_profile"": ""HP-6"", ""meas_id"": 6, ""hum"": 33.33346, ""gas_res"": 41051.96}, {""temp"": 24.52108, ""step"": 6, ""status"": 1, ""pres"": 978.9014, ""meas_profile"": ""HP-5"", ""meas_id"": 5, ""hum"": 33.55304, ""gas_res"": 137708.5}, {""temp"": 24.2646, ""step"": 6, ""status"": 1, ""pres"": 979.0341, ""meas_profile"": ""HP-4"", ""meas_id"": 4, ""hum"": 33.16582, ""gas_res"": 130745.7}, {""temp"": 24.39901, ""step"": 6, ""status"": 1, ""pres"": 978.6022, ""meas_profile"": ""HP-3"", ""meas_id"": 3, ""hum"": 33.61082, ""gas_res"": 86956.52}, {""temp"": 24.30745, ""step"": 6, ""status"": 1, ""pres"": 978.7374, ""meas_profile"": ""HP-2"", ""meas_id"": 2, ""hum"": 33.91814, ""gas_res"": 112035.0}, {""temp"": 24.0765, ""step"": 6, ""status"": 1, ""pres"": 978.7941, ""meas_profile"": ""HP-1"", ""meas_id"": 1, ""hum"": 33.37487, ""gas_res"": 100000.0}]}",NULL,"2025-10-29 11:29:37.818856"
15132,"04a600b9b0b8","2025-10-29 11:28:21","zgQZdw5ElaEqYSckMFAh","{""bme688"": [{""temp"": 24.55237, ""step"": 5, ""status"": 1, ""pres"": 978.8678, ""meas_profile"": ""HP-8"", ""meas_id"": 8, ""hum"": 33.60626, ""gas_res"": 16443.99}, {""temp"": 24.53072, ""step"": 5, ""status"": 1, ""pres"": 979.0514, ""meas_profile"": ""HP-7"", ""meas_id"": 7, ""hum"": 33.49503, ""gas_res"": 21178.03}, {""temp"": 24.61846, ""step"": 5, ""status"": 1, ""pres"": 979.209, ""meas_profile"": ""HP-6"", ""meas_id"": 6, ""hum"": 33.33346, ""gas_res"": 41250.4}, {""temp"": 24.52108, ""step"": 5, ""status"": 1, ""pres"": 978.9014, ""meas_profile"": ""HP-5"", ""meas_id"": 5, ""hum"": 33.54739, ""gas_res"": 137375.9}, {""temp"": 24.2646, ""step"": 5, ""status"": 1, ""pres"": 979.0341, ""meas_profile"": ""HP-4"", ""meas_id"": 4, ""hum"": 33.14865, ""gas_res"": 130147.4}, {""temp"": 24.39901, ""step"": 5, ""status"": 1, ""pres"": 978.6039, ""meas_profile"": ""HP-3"", ""meas_id"": 3, ""hum"": 33.61082, ""gas_res"": 85049.84}, {""temp"": 24.30745, ""step"": 5, ""status"": 1, ""pres"": 978.7374, ""meas_profile"": ""HP-2"", ""meas_id"": 2, ""hum"": 33.8898, ""gas_res"": 108889.8}, {""temp"": 24.0765, ""step"": 5, ""status"": 1, ""pres"": 978.7941, ""meas_profile"": ""HP-1"", ""meas_id"": 1, ""hum"": 33.35145, ""gas_res"": 100000.0}]}",NULL,"2025-10-29 11:29:39.285381"
15133,"04a600b9b0b8","2025-10-29 11:28:21","zgQZdw5ElaEqYSckMFAh","{""bme688"": [{""temp"": 24.55206, ""step"": 4, ""status"": 1, ""pres"": 978.8674, ""meas_profile"": ""HP-8"", ""meas_id"": 8, ""hum"": 33.62906, ""gas_res"": 16431.32}, {""temp"": 24.53072, ""step"": 4, ""status"": 1, ""pres"": 979.0531, ""meas_profile"": ""HP-7"", ""meas_id"": 7, ""hum"": 33.5289, ""gas_res"": 21304.93}, {""temp"": 24.61877, ""step"": 4, ""status"": 1, ""pres"": 979.2095, ""meas_profile"": ""HP-6"", ""meas_id"": 6, ""hum"": 33.35637, ""gas_res"": 41571.94}, {""temp"": 24.52108, ""step"": 4, ""status"": 1, ""pres"": 978.9031, ""meas_profile"": ""HP-5"", ""meas_id"": 5, ""hum"": 33.56435, ""gas_res"": 141475.5}, {""temp"": 24.2646, ""step"": 4, ""status"": 1, ""pres"": 979.0341, ""meas_profile"": ""HP-4"", ""meas_id"": 4, ""hum"": 33.1601, ""gas_res"": 131755.0}, {""temp"": 24.3987, ""step"": 4, ""status"": 1, ""pres"": 978.6033, ""meas_profile"": ""HP-3"", ""meas_id"": 3, ""hum"": 33.61652, ""gas_res"": 82421.12}, {""temp"": 24.30745, ""step"": 4, ""status"": 1, ""pres"": 978.7391, ""meas_profile"": ""HP-2"", ""meas_id"": 2, ""hum"": 33.91247, ""gas_res"": 107113.0}, {""temp"": 24.07681, ""step"": 4, ""status"": 1, ""pres"": 978.7949, ""meas_profile"": ""HP-1"", ""meas_id"": 1, ""hum"": 33.36905, ""gas_res"": 100000.0}]}",NULL,"2025-10-29 11:29:40.376351"
15134,"04a600b9b0b8","2025-10-29 11:28:21","zgQZdw5ElaEqYSckMFAh","{""bme688"": [{""temp"": 24.55206, ""step"": 3, ""status"": 0, ""pres"": 978.8674, ""meas_profile"": ""HP-8"", ""meas_id"": 8, ""hum"": 33.61194, ""gas_res"": 8755.13}, {""temp"": 24.53041, ""step"": 3, ""status"": 0, ""pres"": 979.0527, ""meas_profile"": ""HP-7"", ""meas_id"": 7, ""hum"": 33.5458, ""gas_res"": 10443.86}, {""temp"": 24.61846, ""step"": 3, ""status"": 0, ""pres"": 979.2107, ""meas_profile"": ""HP-6"", ""meas_id"": 6, ""hum"": 33.3449, ""gas_res"": 22214.51}, {""temp"": 24.52076, ""step"": 3, ""status"": 0, ""pres"": 978.9027, ""meas_profile"": ""HP-5"", ""meas_id"": 5, ""hum"": 33.56998, ""gas_res"": 43880.7}, {""temp"": 24.26428, ""step"": 3, ""status"": 0, ""pres"": 979.0352, ""meas_profile"": ""HP-4"", ""meas_id"": 4, ""hum"": 33.16579, ""gas_res"": 40855.41}, {""temp"": 24.3987, ""step"": 3, ""status"": 0, ""pres"": 978.6049, ""meas_profile"": ""HP-3"", ""meas_id"": 3, ""hum"": 33.62226, ""gas_res"": 27450.14}, {""temp"": 24.30714, ""step"": 3, ""status"": 0, ""pres"": 978.7386, ""meas_profile"": ""HP-2"", ""meas_id"": 2, ""hum"": 33.88977, ""gas_res"": 42440.32}, {""temp"": 24.0765, ""step"": 3, ""status"": 0, ""pres"": 978.7941, ""meas_profile"": ""HP-1"", ""meas_id"": 1, ""hum"": 33.38073, ""gas_res"": 28400.27}]}",NULL,"2025-10-29 11:29:41.658452"
15135,"04a600b9b0b8","2025-10-29 11:28:21","zgQZdw5ElaEqYSckMFAh","{""bme688"": [{""temp"": 24.55206, ""step"": 2, ""status"": 1, ""pres"": 978.8692, ""meas_profile"": ""HP-8"", ""meas_id"": 8, ""hum"": 33.63477, ""gas_res"": 27610.01}, {""temp"": 24.53072, ""step"": 2, ""status"": 1, ""pres"": 979.0547, ""meas_profile"": ""HP-7"", ""meas_id"": 7, ""hum"": 33.52325, ""gas_res"": 36834.53}, {""temp"": 24.61846, ""step"": 2, ""status"": 1, ""pres"": 979.2107, ""meas_profile"": ""HP-6"", ""meas_id"": 6, ""hum"": 33.35634, ""gas_res"": 111231.8}, {""temp"": 24.52076, ""step"": 2, ""status"": 1, ""pres"": 978.9044, ""meas_profile"": ""HP-5"", ""meas_id"": 5, ""hum"": 33.55867, ""gas_res"": 260096.5}, {""temp"": 24.26428, ""step"": 2, ""status"": 1, ""pres"": 979.0352, ""meas_profile"": ""HP-4"", ""meas_id"": 4, ""hum"": 33.17152, ""gas_res"": 287478.9}, {""temp"": 24.3987, ""step"": 2, ""status"": 1, ""pres"": 978.6049, ""meas_profile"": ""HP-3"", ""meas_id"": 3, ""hum"": 33.62226, ""gas_res"": 145702.9}, {""temp"": 24.30714, ""step"": 2, ""status"": 1, ""pres"": 978.7386, ""meas_profile"": ""HP-2"", ""meas_id"": 2, ""hum"": 33.92944, ""gas_res"": 265147.6}, {""temp"": 24.0765, ""step"": 2, ""status"": 1, ""pres"": 978.796, ""meas_profile"": ""HP-1"", ""meas_id"": 1, ""hum"": 33.40416, ""gas_res"": 184637.6}]}",NULL,"2025-10-29 11:29:42.935613"
15136,"04a600b9b0b8","2025-10-29 11:28:21","zgQZdw5ElaEqYSckMFAh","{""bme688"": [{""temp"": 24.55237, ""step"": 1, ""status"": 1, ""pres"": 978.8696, ""meas_profile"": ""HP-8"", ""meas_id"": 8, ""hum"": 33.61768, ""gas_res"": 9837.073}, {""temp"": 24.53072, ""step"": 1, ""status"": 1, ""pres"": 979.0566, ""meas_profile"": ""HP-7"", ""meas_id"": 7, ""hum"": 33.55147, ""gas_res"": 15952.14}, {""temp"": 24.61877, ""step"": 1, ""status"": 1, ""pres"": 979.2129, ""meas_profile"": ""HP-6"", ""meas_id"": 6, ""hum"": 33.36209, ""gas_res"": 25000.0}, {""temp"": 24.52108, ""step"": 1, ""status"": 1, ""pres"": 978.9048, ""meas_profile"": ""HP-5"", ""meas_id"": 5, ""hum"": 33.54173, ""gas_res"": 42440.32}, {""temp"": 24.2646, ""step"": 1, ""status"": 1, ""pres"": 979.0357, ""meas_profile"": ""HP-4"", ""meas_id"": 4, ""hum"": 33.14865, ""gas_res"": 35222.89}, {""temp"": 24.3987, ""step"": 1, ""status"": 1, ""pres"": 978.6066, ""meas_profile"": ""HP-3"", ""meas_id"": 3, ""hum"": 33.64518, ""gas_res"": 25000.0}, {""temp"": 24.30714, ""step"": 1, ""status"": 1, ""pres"": 978.7402, ""meas_profile"": ""HP-2"", ""meas_id"": 2, ""hum"": 33.88977, ""gas_res"": 32812.1}, {""temp"": 24.0765, ""step"": 1, ""status"": 1, ""pres"": 978.796, ""meas_profile"": ""HP-1"", ""meas_id"": 1, ""hum"": 33.41001, ""gas_res"": 23925.23}]}",NULL,"2025-10-29 11:29:44.404496"
15137,"04a600b9b0b8","2025-10-29 11:28:21","zgQZdw5ElaEqYSckMFAh","{""bme688"": [{""temp"": 24.55268, ""step"": 0, ""status"": 1, ""pres"": 978.8702, ""meas_profile"": ""HP-8"", ""meas_id"": 8, ""hum"": 33.6177, ""gas_res"": 6132.618}, {""temp"": 24.53072, ""step"": 0, ""status"": 1, ""pres"": 979.0566, ""meas_profile"": ""HP-7"", ""meas_id"": 7, ""hum"": 33.54018, ""gas_res"": 7234.908}, {""temp"": 24.61908, ""step"": 0, ""status"": 1, ""pres"": 979.2134, ""meas_profile"": ""HP-6"", ""meas_id"": 6, ""hum"": 33.35068, ""gas_res"": 9711.685}, {""temp"": 24.52139, ""step"": 0, ""status"": 1, ""pres"": 978.9053, ""meas_profile"": ""HP-5"", ""meas_id"": 5, ""hum"": 33.57004, ""gas_res"": 25000.0}, {""temp"": 24.2649, ""step"": 0, ""status"": 1, ""pres"": 979.0379, ""meas_profile"": ""HP-4"", ""meas_id"": 4, ""hum"": 33.16586, ""gas_res"": 25000.0}, {""temp"": 24.3987, ""step"": 0, ""status"": 1, ""pres"": 978.6066, ""meas_profile"": ""HP-3"", ""meas_id"": 3, ""hum"": 33.64518, ""gas_res"": 6656.958}, {""temp"": 24.30745, ""step"": 0, ""status"": 1, ""pres"": 978.7408, ""meas_profile"": ""HP-2"", ""meas_id"": 2, ""hum"": 33.93514, ""gas_res"": 8864.266}, {""temp"": 24.07681, ""step"": 0, ""status"": 1, ""pres"": 978.7966, ""meas_profile"": ""HP-1"", ""meas_id"": 1, ""hum"": 33.41004, ""gas_res"": 7254.591}]}",NULL,"2025-10-29 11:29:45.498057"
15138,"04a600b9b0b8","2025-10-29 11:30:18","zgQZdw5ElaEqYSckMFAh","{""zphs01b"": {""voc"": 0, ""temp"": 22.2, ""pm2_5"": 0, ""pm1_0"": 0, ""pm10"": 316, ""o3"": 0.03, ""no2"": 9.01, ""hum"": 0, ""fmhd"": 0, ""co2"": 5000, ""co"": 0.0}, ""smell_b"": {}, ""sfa30"": {""temp"": 24.555, ""hum"": 36.07, ""fmhd"": 6.4}, ""sen5x"": {""voc"": 101.0, ""temp"": 24.22, ""pm4_0"": 4328.2, ""pm2_5"": 4328.2, ""pm1_0"": 4127.2, ""pm10"": 4328.2, ""nox"": 1.0, ""mass_c"": 4277.95, ""hum"": 42.01}, ""scd41"": {""temp"": 24.2256, ""hum"": 43.74914, ""co2"": 691}, ""power_source"": 0, ""mics6814"": {""red_res"": 0, ""no2_res"": 0, ""no2"": 0.17, ""nh3_res"": 0, ""nh3"": 0.73, ""co_res"": 0, ""co"": 44.0}}",NULL,"2025-10-29 11:30:48.804218"
15139,"04a600b9b0b8","2025-10-29 11:30:18","zgQZdw5ElaEqYSckMFAh","{""bme688"": [{""temp"": 24.55762, ""step"": 9, ""status"": 1, ""pres"": 978.8495, ""meas_profile"": ""HP-8"", ""meas_id"": 8, ""hum"": 33.61246, ""gas_res"": 5684.846}, {""temp"": 24.536, ""step"": 9, ""status"": 1, ""pres"": 979.0262, ""meas_profile"": ""HP-7"", ""meas_id"": 7, ""hum"": 33.54631, ""gas_res"": 6623.887}, {""temp"": 24.6163, ""step"": 9, ""status"": 1, ""pres"": 979.1743, ""meas_profile"": ""HP-6"", ""meas_id"": 6, ""hum"": 33.40764, ""gas_res"": 9232.545}, {""temp"": 24.5217, ""step"": 9, ""status"": 1, ""pres"": 978.877, ""meas_profile"": ""HP-5"", ""meas_id"": 5, ""hum"": 33.59835, ""gas_res"": 25000.0}, {""temp"": 24.259, ""step"": 9, ""status"": 1, ""pres"": 979.0031, ""meas_profile"": ""HP-4"", ""meas_id"": 4, ""hum"": 33.2226, ""gas_res"": 25000.0}, {""temp"": 24.39375, ""step"": 9, ""status"": 1, ""pres"": 978.5717, ""meas_profile"": ""HP-3"", ""meas_id"": 3, ""hum"": 33.69057, ""gas_res"": 8091.024}, {""temp"": 24.30341, ""step"": 9, ""status"": 1, ""pres"": 978.7104, ""meas_profile"": ""HP-2"", ""meas_id"": 2, ""hum"": 33.98012, ""gas_res"": 10568.03}, {""temp"": 24.07183, ""step"": 9, ""status"": 1, ""pres"": 978.7762, ""meas_profile"": ""HP-1"", ""meas_id"": 1, ""hum"": 33.44473, ""gas_res"": 7806.782}]}",NULL,"2025-10-29 11:30:50.136872"
15140,"04a600b9b0b8","2025-10-29 11:30:18","zgQZdw5ElaEqYSckMFAh","{""bme688"": [{""temp"": 24.55731, ""step"": 8, ""status"": 1, ""pres"": 978.8508, ""meas_profile"": ""HP-8"", ""meas_id"": 8, ""hum"": 33.61813, ""gas_res"": 5684.846}, {""temp"": 24.53569, ""step"": 8, ""status"": 1, ""pres"": 979.0275, ""meas_profile"": ""HP-7"", ""meas_id"": 7, ""hum"": 33.54064, ""gas_res"": 6749.631}, {""temp"": 24.6163, ""step"": 8, ""status"": 1, ""pres"": 979.1743, ""meas_profile"": ""HP-6"", ""meas_id"": 6, ""hum"": 33.40192, ""gas_res"": 9756.098}, {""temp"": 24.5217, ""step"": 8, ""status"": 1, ""pres"": 978.877, ""meas_profile"": ""HP-5"", ""meas_id"": 5, ""hum"": 33.58704, ""gas_res"": 25000.0}, {""temp"": 24.25931, ""step"": 8, ""status"": 1, ""pres"": 979.0035, ""meas_profile"": ""HP-4"", ""meas_id"": 4, ""hum"": 33.22263, ""gas_res"": 25000.0}, {""temp"": 24.39406, ""step"": 8, ""status"": 1, ""pres"": 978.5721, ""meas_profile"": ""HP-3"", ""meas_id"": 3, ""hum"": 33.69633, ""gas_res"": 7976.072}, {""temp"": 24.30372, ""step"": 8, ""status"": 1, ""pres"": 978.7126, ""meas_profile"": ""HP-2"", ""meas_id"": 2, ""hum"": 33.98015, ""gas_res"": 11004.13}, {""temp"": 24.07183, ""step"": 8, ""status"": 1, ""pres"": 978.7762, ""meas_profile"": ""HP-1"", ""meas_id"": 1, ""hum"": 33.45059, ""gas_res"": 8443.271}]}",NULL,"2025-10-29 11:30:51.510861"
15141,"04a600b9b0b8","2025-10-29 11:30:18","zgQZdw5ElaEqYSckMFAh","{""bme688"": [{""temp"": 24.557, ""step"": 7, ""status"": 1, ""pres"": 978.8521, ""meas_profile"": ""HP-8"", ""meas_id"": 8, ""hum"": 33.6181, ""gas_res"": 5684.846}, {""temp"": 24.53538, ""step"": 7, ""status"": 1, ""pres"": 979.0287, ""meas_profile"": ""HP-7"", ""meas_id"": 7, ""hum"": 33.52933, ""gas_res"": 6749.631}, {""temp"": 24.6163, ""step"": 7, ""status"": 1, ""pres"": 979.176, ""meas_profile"": ""HP-6"", ""meas_id"": 6, ""hum"": 33.3962, ""gas_res"": 9864.365}, {""temp"": 24.5217, ""step"": 7, ""status"": 1, ""pres"": 978.8787, ""meas_profile"": ""HP-5"", ""meas_id"": 5, ""hum"": 33.57006, ""gas_res"": 25000.0}, {""temp"": 24.25962, ""step"": 7, ""status"": 1, ""pres"": 979.0057, ""meas_profile"": ""HP-4"", ""meas_id"": 4, ""hum"": 33.22266, ""gas_res"": 25000.0}, {""temp"": 24.39437, ""step"": 7, ""status"": 1, ""pres"": 978.5744, ""meas_profile"": ""HP-3"", ""meas_id"": 3, ""hum"": 33.67916, ""gas_res"": 8024.072}, {""temp"": 24.30403, ""step"": 7, ""status"": 1, ""pres"": 978.7131, ""meas_profile"": ""HP-2"", ""meas_id"": 2, ""hum"": 33.99152, ""gas_res"": 10925.23}, {""temp"": 24.07214, ""step"": 7, ""status"": 1, ""pres"": 978.7767, ""meas_profile"": ""HP-1"", ""meas_id"": 1, ""hum"": 33.45647, ""gas_res"": 8565.311}]}",NULL,"2025-10-29 11:30:52.695582"
15142,"04a600b9b0b8","2025-10-29 11:30:18","zgQZdw5ElaEqYSckMFAh","{""bme688"": [{""temp"": 24.55669, ""step"": 6, ""status"": 1, ""pres"": 978.8516, ""meas_profile"": ""HP-8"", ""meas_id"": 8, ""hum"": 33.60666, ""gas_res"": 16182.05}, {""temp"": 24.53507, ""step"": 6, ""status"": 1, ""pres"": 979.0282, ""meas_profile"": ""HP-7"", ""meas_id"": 7, ""hum"": 33.53494, ""gas_res"": 21411.84}, {""temp"": 24.61661, ""step"": 6, ""status"": 1, ""pres"": 979.1783, ""meas_profile"": ""HP-6"", ""meas_id"": 6, ""hum"": 33.37334, ""gas_res"": 44244.73}, {""temp"": 24.5217, ""step"": 6, ""status"": 1, ""pres"": 978.8787, ""meas_profile"": ""HP-5"", ""meas_id"": 5, ""hum"": 33.57572, ""gas_res"": 151121.6}, {""temp"": 24.25962, ""step"": 6, ""status"": 1, ""pres"": 979.0057, ""meas_profile"": ""HP-4"", ""meas_id"": 4, ""hum"": 33.2112, ""gas_res"": 149140.7}, {""temp"": 24.39468, ""step"": 6, ""status"": 1, ""pres"": 978.5748, ""meas_profile"": ""HP-3"", ""meas_id"": 3, ""hum"": 33.68492, ""gas_res"": 100000.0}, {""temp"": 24.30403, ""step"": 6, ""status"": 1, ""pres"": 978.7131, ""meas_profile"": ""HP-2"", ""meas_id"": 2, ""hum"": 33.9575, ""gas_res"": 132883.5}, {""temp"": 24.07214, ""step"": 6, ""status"": 1, ""pres"": 978.7767, ""meas_profile"": ""HP-1"", ""meas_id"": 1, ""hum"": 33.43304, ""gas_res"": 104875.1}]}",NULL,"2025-10-29 11:30:53.973795"
15143,"04a600b9b0b8","2025-10-29 11:30:18","zgQZdw5ElaEqYSckMFAh","{""bme688"": [{""temp"": 24.55669, ""step"": 5, ""status"": 1, ""pres"": 978.8516, ""meas_profile"": ""HP-8"", ""meas_id"": 8, ""hum"": 33.61807, ""gas_res"": 16048.14}, {""temp"": 24.53507, ""step"": 5, ""status"": 1, ""pres"": 979.0298, ""meas_profile"": ""HP-7"", ""meas_id"": 7, ""hum"": 33.52365, ""gas_res"": 21283.67}, {""temp"": 24.61661, ""step"": 5, ""status"": 1, ""pres"": 979.1783, ""meas_profile"": ""HP-6"", ""meas_id"": 6, ""hum"": 33.36189, ""gas_res"": 44475.33}, {""temp"": 24.5217, ""step"": 5, ""status"": 1, ""pres"": 978.8804, ""meas_profile"": ""HP-5"", ""meas_id"": 5, ""hum"": 33.57572, ""gas_res"": 152064.2}, {""temp"": 24.25994, ""step"": 5, ""status"": 1, ""pres"": 979.0079, ""meas_profile"": ""HP-4"", ""meas_id"": 4, ""hum"": 33.21695, ""gas_res"": 150190.7}, {""temp"": 24.39499, ""step"": 5, ""status"": 1, ""pres"": 978.577, ""meas_profile"": ""HP-3"", ""meas_id"": 3, ""hum"": 33.67348, ""gas_res"": 100000.0}, {""temp"": 24.30403, ""step"": 5, ""status"": 1, ""pres"": 978.7148, ""meas_profile"": ""HP-2"", ""meas_id"": 2, ""hum"": 33.96317, ""gas_res"": 132060.9}, {""temp"": 24.07214, ""step"": 5, ""status"": 1, ""pres"": 978.7767, ""meas_profile"": ""HP-1"", ""meas_id"": 1, ""hum"": 33.4389, ""gas_res"": 102236.4}]}",NULL,"2025-10-29 11:30:55.256382"
15144,"04a600b9b0b8","2025-10-29 11:30:18","zgQZdw5ElaEqYSckMFAh","{""bme688"": [{""temp"": 24.55638, ""step"": 4, ""status"": 1, ""pres"": 978.853, ""meas_profile"": ""HP-8"", ""meas_id"": 8, ""hum"": 33.61805, ""gas_res"": 15952.14}, {""temp"": 24.53476, ""step"": 4, ""status"": 1, ""pres"": 979.031, ""meas_profile"": ""HP-7"", ""meas_id"": 7, ""hum"": 33.52927, ""gas_res"": 21241.29}, {""temp"": 24.61661, ""step"": 4, ""status"": 1, ""pres"": 979.18, ""meas_profile"": ""HP-6"", ""meas_id"": 6, ""hum"": 33.36761, ""gas_res"": 44991.21}, {""temp"": 24.5217, ""step"": 4, ""status"": 1, ""pres"": 978.8804, ""meas_profile"": ""HP-5"", ""meas_id"": 5, ""hum"": 33.57006, ""gas_res"": 156383.6}, {""temp"": 24.26024, ""step"": 4, ""status"": 1, ""pres"": 979.0084, ""meas_profile"": ""HP-4"", ""meas_id"": 4, ""hum"": 33.21125, ""gas_res"": 151255.5}, {""temp"": 24.39499, ""step"": 4, ""status"": 1, ""pres"": 978.577, ""meas_profile"": ""HP-3"", ""meas_id"": 3, ""hum"": 33.66202, ""gas_res"": 100000.0}, {""temp"": 24.30403, ""step"": 4, ""status"": 1, ""pres"": 978.7148, ""meas_profile"": ""HP-2"", ""meas_id"": 2, ""hum"": 33.98585, ""gas_res"": 130048.3}, {""temp"": 24.07214, ""step"": 4, ""status"": 1, ""pres"": 978.7785, ""meas_profile"": ""HP-1"", ""meas_id"": 1, ""hum"": 33.42719, ""gas_res"": 100195.7}]}",NULL,"2025-10-29 11:30:56.647574"
15145,"04a600b9b0b8","2025-10-29 11:30:18","zgQZdw5ElaEqYSckMFAh","{""bme688"": [{""temp"": 24.55638, ""step"": 3, ""status"": 0, ""pres"": 978.853, ""meas_profile"": ""HP-8"", ""meas_id"": 8, ""hum"": 33.62376, ""gas_res"": 8260.196}, {""temp"": 24.53445, ""step"": 3, ""status"": 0, ""pres"": 979.0305, ""meas_profile"": ""HP-7"", ""meas_id"": 7, ""hum"": 33.51231, ""gas_res"": 10204.08}, {""temp"": 24.6163, ""step"": 3, ""status"": 0, ""pres"": 979.1794, ""meas_profile"": ""HP-6"", ""meas_id"": 6, ""hum"": 33.36759, ""gas_res"": 23594.47}, {""temp"": 24.52139, ""step"": 3, ""status"": 0, ""pres"": 978.8816, ""meas_profile"": ""HP-5"", ""meas_id"": 5, ""hum"": 33.58701, ""gas_res"": 50068.45}, {""temp"": 24.26024, ""step"": 3, ""status"": 0, ""pres"": 979.0084, ""meas_profile"": ""HP-4"", ""meas_id"": 4, ""hum"": 33.20552, ""gas_res"": 45812.46}, {""temp"": 24.39499, ""step"": 3, ""status"": 0, ""pres"": 978.5787, ""meas_profile"": ""HP-3"", ""meas_id"": 3, ""hum"": 33.65629, ""gas_res"": 31832.88}, {""temp"": 24.30403, ""step"": 3, ""status"": 0, ""pres"": 978.7148, ""meas_profile"": ""HP-2"", ""meas_id"": 2, ""hum"": 33.96884, ""gas_res"": 50039.09}, {""temp"": 24.07183, ""step"": 3, ""status"": 0, ""pres"": 978.7781, ""meas_profile"": ""HP-1"", ""meas_id"": 1, ""hum"": 33.42716, ""gas_res"": 33773.09}]}",NULL,"2025-10-29 11:30:57.819468"
15146,"04a600b9b0b8","2025-10-29 11:30:18","zgQZdw5ElaEqYSckMFAh","{""bme688"": [{""temp"": 24.55638, ""step"": 2, ""status"": 1, ""pres"": 978.8547, ""meas_profile"": ""HP-8"", ""meas_id"": 8, ""hum"": 33.61234, ""gas_res"": 18433.18}, {""temp"": 24.53414, ""step"": 2, ""status"": 1, ""pres"": 979.0316, ""meas_profile"": ""HP-7"", ""meas_id"": 7, ""hum"": 33.54615, ""gas_res"": 24700.89}, {""temp"": 24.6163, ""step"": 2, ""status"": 1, ""pres"": 979.1794, ""meas_profile"": ""HP-6"", ""meas_id"": 6, ""hum"": 33.35614, ""gas_res"": 69021.3}, {""temp"": 24.52108, ""step"": 2, ""status"": 1, ""pres"": 978.8828, ""meas_profile"": ""HP-5"", ""meas_id"": 5, ""hum"": 33.58132, ""gas_res"": 148750.7}, {""temp"": 24.25994, ""step"": 2, ""status"": 1, ""pres"": 979.0079, ""meas_profile"": ""HP-4"", ""meas_id"": 4, ""hum"": 33.21122, ""gas_res"": 185440.1}, {""temp"": 24.39499, ""step"": 2, ""status"": 1, ""pres"": 978.5787, ""meas_profile"": ""HP-3"", ""meas_id"": 3, ""hum"": 33.66202, ""gas_res"": 102666.9}, {""temp"": 24.30372, ""step"": 2, ""status"": 1, ""pres"": 978.716, ""meas_profile"": ""HP-2"", ""meas_id"": 2, ""hum"": 33.95747, ""gas_res"": 182271.3}, {""temp"": 24.07183, ""step"": 2, ""status"": 1, ""pres"": 978.7781, ""meas_profile"": ""HP-1"", ""meas_id"": 1, ""hum"": 33.42716, ""gas_res"": 134136.8}]}",NULL,"2025-10-29 11:30:59.101362"
15147,"04a600b9b0b8","2025-10-29 11:30:18","zgQZdw5ElaEqYSckMFAh","{""bme688"": [{""temp"": 24.55638, ""step"": 1, ""status"": 1, ""pres"": 978.8547, ""meas_profile"": ""HP-8"", ""meas_id"": 8, ""hum"": 33.59521, ""gas_res"": 9428.403}, {""temp"": 24.53414, ""step"": 1, ""status"": 1, ""pres"": 979.0316, ""meas_profile"": ""HP-7"", ""meas_id"": 7, ""hum"": 33.54615, ""gas_res"": 15670.91}, {""temp"": 24.6163, ""step"": 1, ""status"": 1, ""pres"": 979.1813, ""meas_profile"": ""HP-6"", ""meas_id"": 6, ""hum"": 33.37903, ""gas_res"": 25000.0}, {""temp"": 24.52139, ""step"": 1, ""status"": 1, ""pres"": 978.8833, ""meas_profile"": ""HP-5"", ""meas_id"": 5, ""hum"": 33.59267, ""gas_res"": 100000.0}, {""temp"": 24.26056, ""step"": 1, ""status"": 1, ""pres"": 979.0105, ""meas_profile"": ""HP-4"", ""meas_id"": 4, ""hum"": 33.21128, ""gas_res"": 42146.86}, {""temp"": 24.39529, ""step"": 1, ""status"": 1, ""pres"": 978.5792, ""meas_profile"": ""HP-3"", ""meas_id"": 3, ""hum"": 33.66779, ""gas_res"": 27771.75}, {""temp"": 24.30403, ""step"": 1, ""status"": 1, ""pres"": 978.7165, ""meas_profile"": ""HP-2"", ""meas_id"": 2, ""hum"": 33.98585, ""gas_res"": 41734.59}, {""temp"": 24.07214, ""step"": 1, ""status"": 1, ""pres"": 978.7785, ""meas_profile"": ""HP-1"", ""meas_id"": 1, ""hum"": 33.40376, ""gas_res"": 29809.04}]}",NULL,"2025-10-29 11:31:00.378594"
15170,"04a600b9b0b8","2025-10-29 11:30:18","zgQZdw5ElaEqYSckMFAh","{""zphs01b"": {""voc"": 0, ""temp"": 22.2, ""pm2_5"": 0, ""pm1_0"": 0, ""pm10"": 316, ""o3"": 0.03, ""no2"": 9.01, ""hum"": 0, ""fmhd"": 0, ""co2"": 5000, ""co"": 0.0}, ""smell_b"": {}, ""sfa30"": {""temp"": 24.555, ""hum"": 36.07, ""fmhd"": 6.4}, ""sen5x"": {""voc"": 101.0, ""temp"": 24.22, ""pm4_0"": 4328.2, ""pm2_5"": 4328.2, ""pm1_0"": 4127.2, ""pm10"": 4328.2, ""nox"": 1.0, ""mass_c"": 4277.95, ""hum"": 42.01}, ""scd41"": {""temp"": 24.2256, ""hum"": 43.74914, ""co2"": 691}, ""power_source"": 0, ""mics6814"": {""red_res"": 0, ""no2_res"": 0, ""no2"": 0.17, ""nh3_res"": 0, ""nh3"": 0.73, ""co_res"": 0, ""co"": 44.0}}",NULL,"2025-10-29 11:36:53.550093"
15171,"04a600b9b0b8","2025-10-29 11:30:18","zgQZdw5ElaEqYSckMFAh","{""bme688"": [{""temp"": 24.55762, ""step"": 9, ""status"": 1, ""pres"": 978.8495, ""meas_profile"": ""HP-8"", ""meas_id"": 8, ""hum"": 33.61246, ""gas_res"": 5684.846}, {""temp"": 24.536, ""step"": 9, ""status"": 1, ""pres"": 979.0262, ""meas_profile"": ""HP-7"", ""meas_id"": 7, ""hum"": 33.54631, ""gas_res"": 6623.887}, {""temp"": 24.6163, ""step"": 9, ""status"": 1, ""pres"": 979.1743, ""meas_profile"": ""HP-6"", ""meas_id"": 6, ""hum"": 33.40764, ""gas_res"": 9232.545}, {""temp"": 24.5217, ""step"": 9, ""status"": 1, ""pres"": 978.877, ""meas_profile"": ""HP-5"", ""meas_id"": 5, ""hum"": 33.59835, ""gas_res"": 25000.0}, {""temp"": 24.259, ""step"": 9, ""status"": 1, ""pres"": 979.0031, ""meas_profile"": ""HP-4"", ""meas_id"": 4, ""hum"": 33.2226, ""gas_res"": 25000.0}, {""temp"": 24.39375, ""step"": 9, ""status"": 1, ""pres"": 978.5717, ""meas_profile"": ""HP-3"", ""meas_id"": 3, ""hum"": 33.69057, ""gas_res"": 8091.024}, {""temp"": 24.30341, ""step"": 9, ""status"": 1, ""pres"": 978.7104, ""meas_profile"": ""HP-2"", ""meas_id"": 2, ""hum"": 33.98012, ""gas_res"": 10568.03}, {""temp"": 24.07183, ""step"": 9, ""status"": 1, ""pres"": 978.7762, ""meas_profile"": ""HP-1"", ""meas_id"": 1, ""hum"": 33.44473, ""gas_res"": 7806.782}]}",NULL,"2025-10-29 11:36:55.029576"
15172,"04a600b9b0b8","2025-10-29 11:30:18","zgQZdw5ElaEqYSckMFAh","{""bme688"": [{""temp"": 24.55731, ""step"": 8, ""status"": 1, ""pres"": 978.8508, ""meas_profile"": ""HP-8"", ""meas_id"": 8, ""hum"": 33.61813, ""gas_res"": 5684.846}, {""temp"": 24.53569, ""step"": 8, ""status"": 1, ""pres"": 979.0275, ""meas_profile"": ""HP-7"", ""meas_id"": 7, ""hum"": 33.54064, ""gas_res"": 6749.631}, {""temp"": 24.6163, ""step"": 8, ""status"": 1, ""pres"": 979.1743, ""meas_profile"": ""HP-6"", ""meas_id"": 6, ""hum"": 33.40192, ""gas_res"": 9756.098}, {""temp"": 24.5217, ""step"": 8, ""status"": 1, ""pres"": 978.877, ""meas_profile"": ""HP-5"", ""meas_id"": 5, ""hum"": 33.58704, ""gas_res"": 25000.0}, {""temp"": 24.25931, ""step"": 8, ""status"": 1, ""pres"": 979.0035, ""meas_profile"": ""HP-4"", ""meas_id"": 4, ""hum"": 33.22263, ""gas_res"": 25000.0}, {""temp"": 24.39406, ""step"": 8, ""status"": 1, ""pres"": 978.5721, ""meas_profile"": ""HP-3"", ""meas_id"": 3, ""hum"": 33.69633, ""gas_res"": 7976.072}, {""temp"": 24.30372, ""step"": 8, ""status"": 1, ""pres"": 978.7126, ""meas_profile"": ""HP-2"", ""meas_id"": 2, ""hum"": 33.98015, ""gas_res"": 11004.13}, {""temp"": 24.07183, ""step"": 8, ""status"": 1, ""pres"": 978.7762, ""meas_profile"": ""HP-1"", ""meas_id"": 1, ""hum"": 33.45059, ""gas_res"": 8443.271}]}",NULL,"2025-10-29 11:36:56.221216"
15173,"04a600b9b0b8","2025-10-29 11:30:18","zgQZdw5ElaEqYSckMFAh","{""bme688"": [{""temp"": 24.557, ""step"": 7, ""status"": 1, ""pres"": 978.8521, ""meas_profile"": ""HP-8"", ""meas_id"": 8, ""hum"": 33.6181, ""gas_res"": 5684.846}, {""temp"": 24.53538, ""step"": 7, ""status"": 1, ""pres"": 979.0287, ""meas_profile"": ""HP-7"", ""meas_id"": 7, ""hum"": 33.52933, ""gas_res"": 6749.631}, {""temp"": 24.6163, ""step"": 7, ""status"": 1, ""pres"": 979.176, ""meas_profile"": ""HP-6"", ""meas_id"": 6, ""hum"": 33.3962, ""gas_res"": 9864.365}, {""temp"": 24.5217, ""step"": 7, ""status"": 1, ""pres"": 978.8787, ""meas_profile"": ""HP-5"", ""meas_id"": 5, ""hum"": 33.57006, ""gas_res"": 25000.0}, {""temp"": 24.25962, ""step"": 7, ""status"": 1, ""pres"": 979.0057, ""meas_profile"": ""HP-4"", ""meas_id"": 4, ""hum"": 33.22266, ""gas_res"": 25000.0}, {""temp"": 24.39437, ""step"": 7, ""status"": 1, ""pres"": 978.5744, ""meas_profile"": ""HP-3"", ""meas_id"": 3, ""hum"": 33.67916, ""gas_res"": 8024.072}, {""temp"": 24.30403, ""step"": 7, ""status"": 1, ""pres"": 978.7131, ""meas_profile"": ""HP-2"", ""meas_id"": 2, ""hum"": 33.99152, ""gas_res"": 10925.23}, {""temp"": 24.07214, ""step"": 7, ""status"": 1, ""pres"": 978.7767, ""meas_profile"": ""HP-1"", ""meas_id"": 1, ""hum"": 33.45647, ""gas_res"": 8565.311}]}",NULL,"2025-10-29 11:36:57.497167"
15174,"04a600b9b0b8","2025-10-29 11:30:18","zgQZdw5ElaEqYSckMFAh","{""bme688"": [{""temp"": 24.55669, ""step"": 6, ""status"": 1, ""pres"": 978.8516, ""meas_profile"": ""HP-8"", ""meas_id"": 8, ""hum"": 33.60666, ""gas_res"": 16182.05}, {""temp"": 24.53507, ""step"": 6, ""status"": 1, ""pres"": 979.0282, ""meas_profile"": ""HP-7"", ""meas_id"": 7, ""hum"": 33.53494, ""gas_res"": 21411.84}, {""temp"": 24.61661, ""step"": 6, ""status"": 1, ""pres"": 979.1783, ""meas_profile"": ""HP-6"", ""meas_id"": 6, ""hum"": 33.37334, ""gas_res"": 44244.73}, {""temp"": 24.5217, ""step"": 6, ""status"": 1, ""pres"": 978.8787, ""meas_profile"": ""HP-5"", ""meas_id"": 5, ""hum"": 33.57572, ""gas_res"": 151121.6}, {""temp"": 24.25962, ""step"": 6, ""status"": 1, ""pres"": 979.0057, ""meas_profile"": ""HP-4"", ""meas_id"": 4, ""hum"": 33.2112, ""gas_res"": 149140.7}, {""temp"": 24.39468, ""step"": 6, ""status"": 1, ""pres"": 978.5748, ""meas_profile"": ""HP-3"", ""meas_id"": 3, ""hum"": 33.68492, ""gas_res"": 100000.0}, {""temp"": 24.30403, ""step"": 6, ""status"": 1, ""pres"": 978.7131, ""meas_profile"": ""HP-2"", ""meas_id"": 2, ""hum"": 33.9575, ""gas_res"": 132883.5}, {""temp"": 24.07214, ""step"": 6, ""status"": 1, ""pres"": 978.7767, ""meas_profile"": ""HP-1"", ""meas_id"": 1, ""hum"": 33.43304, ""gas_res"": 104875.1}]}",NULL,"2025-10-29 11:36:58.779203"
15175,"04a600b9b0b8","2025-10-29 11:30:18","zgQZdw5ElaEqYSckMFAh","{""bme688"": [{""temp"": 24.55669, ""step"": 5, ""status"": 1, ""pres"": 978.8516, ""meas_profile"": ""HP-8"", ""meas_id"": 8, ""hum"": 33.61807, ""gas_res"": 16048.14}, {""temp"": 24.53507, ""step"": 5, ""status"": 1, ""pres"": 979.0298, ""meas_profile"": ""HP-7"", ""meas_id"": 7, ""hum"": 33.52365, ""gas_res"": 21283.67}, {""temp"": 24.61661, ""step"": 5, ""status"": 1, ""pres"": 979.1783, ""meas_profile"": ""HP-6"", ""meas_id"": 6, ""hum"": 33.36189, ""gas_res"": 44475.33}, {""temp"": 24.5217, ""step"": 5, ""status"": 1, ""pres"": 978.8804, ""meas_profile"": ""HP-5"", ""meas_id"": 5, ""hum"": 33.57572, ""gas_res"": 152064.2}, {""temp"": 24.25994, ""step"": 5, ""status"": 1, ""pres"": 979.0079, ""meas_profile"": ""HP-4"", ""meas_id"": 4, ""hum"": 33.21695, ""gas_res"": 150190.7}, {""temp"": 24.39499, ""step"": 5, ""status"": 1, ""pres"": 978.577, ""meas_profile"": ""HP-3"", ""meas_id"": 3, ""hum"": 33.67348, ""gas_res"": 100000.0}, {""temp"": 24.30403, ""step"": 5, ""status"": 1, ""pres"": 978.7148, ""meas_profile"": ""HP-2"", ""meas_id"": 2, ""hum"": 33.96317, ""gas_res"": 132060.9}, {""temp"": 24.07214, ""step"": 5, ""status"": 1, ""pres"": 978.7767, ""meas_profile"": ""HP-1"", ""meas_id"": 1, ""hum"": 33.4389, ""gas_res"": 102236.4}]}",NULL,"2025-10-29 11:37:00.152284"
15176,"04a600b9b0b8","2025-10-29 11:30:18","zgQZdw5ElaEqYSckMFAh","{""bme688"": [{""temp"": 24.55638, ""step"": 4, ""status"": 1, ""pres"": 978.853, ""meas_profile"": ""HP-8"", ""meas_id"": 8, ""hum"": 33.61805, ""gas_res"": 15952.14}, {""temp"": 24.53476, ""step"": 4, ""status"": 1, ""pres"": 979.031, ""meas_profile"": ""HP-7"", ""meas_id"": 7, ""hum"": 33.52927, ""gas_res"": 21241.29}, {""temp"": 24.61661, ""step"": 4, ""status"": 1, ""pres"": 979.18, ""meas_profile"": ""HP-6"", ""meas_id"": 6, ""hum"": 33.36761, ""gas_res"": 44991.21}, {""temp"": 24.5217, ""step"": 4, ""status"": 1, ""pres"": 978.8804, ""meas_profile"": ""HP-5"", ""meas_id"": 5, ""hum"": 33.57006, ""gas_res"": 156383.6}, {""temp"": 24.26024, ""step"": 4, ""status"": 1, ""pres"": 979.0084, ""meas_profile"": ""HP-4"", ""meas_id"": 4, ""hum"": 33.21125, ""gas_res"": 151255.5}, {""temp"": 24.39499, ""step"": 4, ""status"": 1, ""pres"": 978.577, ""meas_profile"": ""HP-3"", ""meas_id"": 3, ""hum"": 33.66202, ""gas_res"": 100000.0}, {""temp"": 24.30403, ""step"": 4, ""status"": 1, ""pres"": 978.7148, ""meas_profile"": ""HP-2"", ""meas_id"": 2, ""hum"": 33.98585, ""gas_res"": 130048.3}, {""temp"": 24.07214, ""step"": 4, ""status"": 1, ""pres"": 978.7785, ""meas_profile"": ""HP-1"", ""meas_id"": 1, ""hum"": 33.42719, ""gas_res"": 100195.7}]}",NULL,"2025-10-29 11:37:01.336795"
15177,"04a600b9b0b8","2025-10-29 11:30:18","zgQZdw5ElaEqYSckMFAh","{""bme688"": [{""temp"": 24.55638, ""step"": 3, ""status"": 0, ""pres"": 978.853, ""meas_profile"": ""HP-8"", ""meas_id"": 8, ""hum"": 33.62376, ""gas_res"": 8260.196}, {""temp"": 24.53445, ""step"": 3, ""status"": 0, ""pres"": 979.0305, ""meas_profile"": ""HP-7"", ""meas_id"": 7, ""hum"": 33.51231, ""gas_res"": 10204.08}, {""temp"": 24.6163, ""step"": 3, ""status"": 0, ""pres"": 979.1794, ""meas_profile"": ""HP-6"", ""meas_id"": 6, ""hum"": 33.36759, ""gas_res"": 23594.47}, {""temp"": 24.52139, ""step"": 3, ""status"": 0, ""pres"": 978.8816, ""meas_profile"": ""HP-5"", ""meas_id"": 5, ""hum"": 33.58701, ""gas_res"": 50068.45}, {""temp"": 24.26024, ""step"": 3, ""status"": 0, ""pres"": 979.0084, ""meas_profile"": ""HP-4"", ""meas_id"": 4, ""hum"": 33.20552, ""gas_res"": 45812.46}, {""temp"": 24.39499, ""step"": 3, ""status"": 0, ""pres"": 978.5787, ""meas_profile"": ""HP-3"", ""meas_id"": 3, ""hum"": 33.65629, ""gas_res"": 31832.88}, {""temp"": 24.30403, ""step"": 3, ""status"": 0, ""pres"": 978.7148, ""meas_profile"": ""HP-2"", ""meas_id"": 2, ""hum"": 33.96884, ""gas_res"": 50039.09}, {""temp"": 24.07183, ""step"": 3, ""status"": 0, ""pres"": 978.7781, ""meas_profile"": ""HP-1"", ""meas_id"": 1, ""hum"": 33.42716, ""gas_res"": 33773.09}]}",NULL,"2025-10-29 11:37:02.617769"
15178,"04a600b9b0b8","2025-10-29 11:30:18","zgQZdw5ElaEqYSckMFAh","{""bme688"": [{""temp"": 24.55638, ""step"": 2, ""status"": 1, ""pres"": 978.8547, ""meas_profile"": ""HP-8"", ""meas_id"": 8, ""hum"": 33.61234, ""gas_res"": 18433.18}, {""temp"": 24.53414, ""step"": 2, ""status"": 1, ""pres"": 979.0316, ""meas_profile"": ""HP-7"", ""meas_id"": 7, ""hum"": 33.54615, ""gas_res"": 24700.89}, {""temp"": 24.6163, ""step"": 2, ""status"": 1, ""pres"": 979.1794, ""meas_profile"": ""HP-6"", ""meas_id"": 6, ""hum"": 33.35614, ""gas_res"": 69021.3}, {""temp"": 24.52108, ""step"": 2, ""status"": 1, ""pres"": 978.8828, ""meas_profile"": ""HP-5"", ""meas_id"": 5, ""hum"": 33.58132, ""gas_res"": 148750.7}, {""temp"": 24.25994, ""step"": 2, ""status"": 1, ""pres"": 979.0079, ""meas_profile"": ""HP-4"", ""meas_id"": 4, ""hum"": 33.21122, ""gas_res"": 185440.1}, {""temp"": 24.39499, ""step"": 2, ""status"": 1, ""pres"": 978.5787, ""meas_profile"": ""HP-3"", ""meas_id"": 3, ""hum"": 33.66202, ""gas_res"": 102666.9}, {""temp"": 24.30372, ""step"": 2, ""status"": 1, ""pres"": 978.716, ""meas_profile"": ""HP-2"", ""meas_id"": 2, ""hum"": 33.95747, ""gas_res"": 182271.3}, {""temp"": 24.07183, ""step"": 2, ""status"": 1, ""pres"": 978.7781, ""meas_profile"": ""HP-1"", ""meas_id"": 1, ""hum"": 33.42716, ""gas_res"": 134136.8}]}",NULL,"2025-10-29 11:37:03.89724"
15179,"04a600b9b0b8","2025-10-29 11:30:18","zgQZdw5ElaEqYSckMFAh","{""bme688"": [{""temp"": 24.55638, ""step"": 1, ""status"": 1, ""pres"": 978.8547, ""meas_profile"": ""HP-8"", ""meas_id"": 8, ""hum"": 33.59521, ""gas_res"": 9428.403}, {""temp"": 24.53414, ""step"": 1, ""status"": 1, ""pres"": 979.0316, ""meas_profile"": ""HP-7"", ""meas_id"": 7, ""hum"": 33.54615, ""gas_res"": 15670.91}, {""temp"": 24.6163, ""step"": 1, ""status"": 1, ""pres"": 979.1813, ""meas_profile"": ""HP-6"", ""meas_id"": 6, ""hum"": 33.37903, ""gas_res"": 25000.0}, {""temp"": 24.52139, ""step"": 1, ""status"": 1, ""pres"": 978.8833, ""meas_profile"": ""HP-5"", ""meas_id"": 5, ""hum"": 33.59267, ""gas_res"": 100000.0}, {""temp"": 24.26056, ""step"": 1, ""status"": 1, ""pres"": 979.0105, ""meas_profile"": ""HP-4"", ""meas_id"": 4, ""hum"": 33.21128, ""gas_res"": 42146.86}, {""temp"": 24.39529, ""step"": 1, ""status"": 1, ""pres"": 978.5792, ""meas_profile"": ""HP-3"", ""meas_id"": 3, ""hum"": 33.66779, ""gas_res"": 27771.75}, {""temp"": 24.30403, ""step"": 1, ""status"": 1, ""pres"": 978.7165, ""meas_profile"": ""HP-2"", ""meas_id"": 2, ""hum"": 33.98585, ""gas_res"": 41734.59}, {""temp"": 24.07214, ""step"": 1, ""status"": 1, ""pres"": 978.7785, ""meas_profile"": ""HP-1"", ""meas_id"": 1, ""hum"": 33.40376, ""gas_res"": 29809.04}]}",NULL,"2025-10-29 11:37:05.285846"
15180,"04a600b9b0b8","2025-10-29 11:30:18","zgQZdw5ElaEqYSckMFAh","{""bme688"": [{""temp"": 24.55638, ""step"": 0, ""status"": 1, ""pres"": 978.8547, ""meas_profile"": ""HP-8"", ""meas_id"": 8, ""hum"": 33.61805, ""gas_res"": 5715.306}, {""temp"": 24.53383, ""step"": 0, ""status"": 1, ""pres"": 979.033, ""meas_profile"": ""HP-7"", ""meas_id"": 7, ""hum"": 33.52353, ""gas_res"": 7053.119}, {""temp"": 24.61661, ""step"": 0, ""status"": 1, ""pres"": 979.1834, ""meas_profile"": ""HP-6"", ""meas_id"": 6, ""hum"": 33.38478, ""gas_res"": 9965.743}, {""temp"": 24.52139, ""step"": 0, ""status"": 1, ""pres"": 978.8833, ""meas_profile"": ""HP-5"", ""meas_id"": 5, ""hum"": 33.59267, ""gas_res"": 25000.0}, {""temp"": 24.26087, ""step"": 0, ""status"": 1, ""pres"": 979.0112, ""meas_profile"": ""HP-4"", ""meas_id"": 4, ""hum"": 33.21704, ""gas_res"": 25000.0}, {""temp"": 24.3956, ""step"": 0, ""status"": 1, ""pres"": 978.5797, ""meas_profile"": ""HP-3"", ""meas_id"": 3, ""hum"": 33.67354, ""gas_res"": 7750.061}, {""temp"": 24.30434, ""step"": 0, ""status"": 1, ""pres"": 978.717, ""meas_profile"": ""HP-2"", ""meas_id"": 2, ""hum"": 33.98587, ""gas_res"": 10610.08}, {""temp"": 24.07245, ""step"": 0, ""status"": 1, ""pres"": 978.779, ""meas_profile"": ""HP-1"", ""meas_id"": 1, ""hum"": 33.40964, ""gas_res"": 8190.427}]}",NULL,"2025-10-29 11:37:06.464004"
15181,"04a600b9b0b8","2025-10-29 11:29:51","zgQZdw5ElaEqYSckMFAh","{""zphs01b"": {""voc"": 0, ""temp"": 22.2, ""pm2_5"": 0, ""pm1_0"": 0, ""pm10"": 316, ""o3"": 0.03, ""no2"": 10.0, ""hum"": 0, ""fmhd"": 0, ""co2"": 5000, ""co"": 0.0}, ""smell_b"": {}, ""sfa30"": {""temp"": 24.55, ""hum"": 35.99, ""fmhd"": 4.2}, ""sen5x"": {""voc"": 102.0, ""temp"": 24.245, ""pm4_0"": 4495.7, ""pm2_5"": 4495.7, ""pm1_0"": 4286.9, ""pm10"": 4495.7, ""nox"": 1.0, ""mass_c"": 4443.5, ""hum"": 41.89}, ""scd41"": {""temp"": 24.22293, ""hum"": 43.81933, ""co2"": 684}, ""power_source"": 0, ""mics6814"": {""red_res"": 0, ""no2_res"": 0, ""no2"": 0.17, ""nh3_res"": 0, ""nh3"": 0.73, ""co_res"": 0, ""co"": 44.0}}",NULL,"2025-10-29 11:37:07.629071"
15182,"04a600b9b0b8","2025-10-29 11:29:51","zgQZdw5ElaEqYSckMFAh","{""bme688"": [{""temp"": 24.55607, ""step"": 9, ""status"": 1, ""pres"": 978.856, ""meas_profile"": ""HP-8"", ""meas_id"": 8, ""hum"": 33.56094, ""gas_res"": 5684.846}, {""temp"": 24.53383, ""step"": 9, ""status"": 1, ""pres"": 979.033, ""meas_profile"": ""HP-7"", ""meas_id"": 7, ""hum"": 33.48968, ""gas_res"": 6490.872}, {""temp"": 24.61661, ""step"": 9, ""status"": 1, ""pres"": 979.1834, ""meas_profile"": ""HP-6"", ""meas_id"": 6, ""hum"": 33.339, ""gas_res"": 8791.209}, {""temp"": 24.52139, ""step"": 9, ""status"": 1, ""pres"": 978.8849, ""meas_profile"": ""HP-5"", ""meas_id"": 5, ""hum"": 33.54742, ""gas_res"": 25000.0}, {""temp"": 24.26118, ""step"": 9, ""status"": 1, ""pres"": 979.0117, ""meas_profile"": ""HP-4"", ""meas_id"": 4, ""hum"": 33.15406, ""gas_res"": 25000.0}, {""temp"": 24.39591, ""step"": 9, ""status"": 1, ""pres"": 978.5818, ""meas_profile"": ""HP-3"", ""meas_id"": 3, ""hum"": 33.64492, ""gas_res"": 7661.0}, {""temp"": 24.30465, ""step"": 9, ""status"": 1, ""pres"": 978.7192, ""meas_profile"": ""HP-2"", ""meas_id"": 2, ""hum"": 33.95189, ""gas_res"": 9882.644}, {""temp"": 24.07245, ""step"": 9, ""status"": 1, ""pres"": 978.7808, ""meas_profile"": ""HP-1"", ""meas_id"": 1, ""hum"": 33.39792, ""gas_res"": 7452.259}]}",NULL,"2025-10-29 11:37:09.015462"
15183,"04a600b9b0b8","2025-10-29 11:29:51","zgQZdw5ElaEqYSckMFAh","{""bme688"": [{""temp"": 24.55577, ""step"": 8, ""status"": 1, ""pres"": 978.8555, ""meas_profile"": ""HP-8"", ""meas_id"": 8, ""hum"": 33.56662, ""gas_res"": 5684.846}, {""temp"": 24.53352, ""step"": 8, ""status"": 1, ""pres"": 979.0341, ""meas_profile"": ""HP-7"", ""meas_id"": 7, ""hum"": 33.47837, ""gas_res"": 6574.892}, {""temp"": 24.61661, ""step"": 8, ""status"": 1, ""pres"": 979.1852, ""meas_profile"": ""HP-6"", ""meas_id"": 6, ""hum"": 33.31613, ""gas_res"": 9169.055}, {""temp"": 24.52139, ""step"": 8, ""status"": 1, ""pres"": 978.8849, ""meas_profile"": ""HP-5"", ""meas_id"": 5, ""hum"": 33.51349, ""gas_res"": 25000.0}, {""temp"": 24.26149, ""step"": 8, ""status"": 1, ""pres"": 979.0139, ""meas_profile"": ""HP-4"", ""meas_id"": 4, ""hum"": 33.15982, ""gas_res"": 25000.0}, {""temp"": 24.39622, ""step"": 8, ""status"": 1, ""pres"": 978.5823, ""meas_profile"": ""HP-3"", ""meas_id"": 3, ""hum"": 33.65641, ""gas_res"": 7334.403}, {""temp"": 24.30497, ""step"": 8, ""status"": 1, ""pres"": 978.7197, ""meas_profile"": ""HP-2"", ""meas_id"": 2, ""hum"": 33.96325, ""gas_res"": 10116.98}, {""temp"": 24.07277, ""step"": 8, ""status"": 1, ""pres"": 978.7813, ""meas_profile"": ""HP-1"", ""meas_id"": 1, ""hum"": 33.38039, ""gas_res"": 7801.073}]}",NULL,"2025-10-29 11:37:10.395423"
15184,"04a600b9b0b8","2025-10-29 11:29:51","zgQZdw5ElaEqYSckMFAh","{""bme688"": [{""temp"": 24.55515, ""step"": 7, ""status"": 1, ""pres"": 978.8562, ""meas_profile"": ""HP-8"", ""meas_id"": 8, ""hum"": 33.55515, ""gas_res"": 5684.846}, {""temp"": 24.53321, ""step"": 7, ""status"": 1, ""pres"": 979.0351, ""meas_profile"": ""HP-7"", ""meas_id"": 7, ""hum"": 33.49527, ""gas_res"": 6574.892}, {""temp"": 24.61661, ""step"": 7, ""status"": 1, ""pres"": 979.1852, ""meas_profile"": ""HP-6"", ""meas_id"": 6, ""hum"": 33.33329, ""gas_res"": 9075.439}, {""temp"": 24.5217, ""step"": 7, ""status"": 1, ""pres"": 978.8872, ""meas_profile"": ""HP-5"", ""meas_id"": 5, ""hum"": 33.53048, ""gas_res"": 25000.0}, {""temp"": 24.26149, ""step"": 7, ""status"": 1, ""pres"": 979.0139, ""meas_profile"": ""HP-4"", ""meas_id"": 4, ""hum"": 33.14837, ""gas_res"": 25000.0}, {""temp"": 24.39653, ""step"": 7, ""status"": 1, ""pres"": 978.5831, ""meas_profile"": ""HP-3"", ""meas_id"": 3, ""hum"": 33.62779, ""gas_res"": 7181.329}, {""temp"": 24.30528, ""step"": 7, ""status"": 1, ""pres"": 978.7202, ""meas_profile"": ""HP-2"", ""meas_id"": 2, ""hum"": 33.95761, ""gas_res"": 9563.658}, {""temp"": 24.07308, ""step"": 7, ""status"": 1, ""pres"": 978.7817, ""meas_profile"": ""HP-1"", ""meas_id"": 1, ""hum"": 33.38627, ""gas_res"": 7716.421}]}",NULL,"2025-10-29 11:37:11.578759"
15185,"04a600b9b0b8","2025-10-29 11:29:51","zgQZdw5ElaEqYSckMFAh","{""bme688"": [{""temp"": 24.55515, ""step"": 6, ""status"": 1, ""pres"": 978.8562, ""meas_profile"": ""HP-8"", ""meas_id"": 8, ""hum"": 33.54945, ""gas_res"": 16305.73}, {""temp"": 24.53321, ""step"": 6, ""status"": 1, ""pres"": 979.0351, ""meas_profile"": ""HP-7"", ""meas_id"": 7, ""hum"": 33.4727, ""gas_res"": 20826.55}, {""temp"": 24.61692, ""step"": 6, ""status"": 1, ""pres"": 979.1873, ""meas_profile"": ""HP-6"", ""meas_id"": 6, ""hum"": 33.31044, ""gas_res"": 40429.56}, {""temp"": 24.52139, ""step"": 6, ""status"": 1, ""pres"": 978.8867, ""meas_profile"": ""HP-5"", ""meas_id"": 5, ""hum"": 33.49652, ""gas_res"": 134242.3}, {""temp"": 24.26149, ""step"": 6, ""status"": 1, ""pres"": 979.0154, ""meas_profile"": ""HP-4"", ""meas_id"": 4, ""hum"": 33.14264, ""gas_res"": 127047.1}, {""temp"": 24.39653, ""step"": 6, ""status"": 1, ""pres"": 978.5831, ""meas_profile"": ""HP-3"", ""meas_id"": 3, ""hum"": 33.62779, ""gas_res"": 86253.37}, {""temp"": 24.30528, ""step"": 6, ""status"": 1, ""pres"": 978.7202, ""meas_profile"": ""HP-2"", ""meas_id"": 2, ""hum"": 33.94628, ""gas_res"": 110798.5}, {""temp"": 24.07339, ""step"": 6, ""status"": 1, ""pres"": 978.7823, ""meas_profile"": ""HP-1"", ""meas_id"": 1, ""hum"": 33.36288, ""gas_res"": 100000.0}]}",NULL,"2025-10-29 11:37:12.857212"
15186,"04a600b9b0b8","2025-10-29 11:29:51","zgQZdw5ElaEqYSckMFAh","{""bme688"": [{""temp"": 24.55484, ""step"": 5, ""status"": 1, ""pres"": 978.8557, ""meas_profile"": ""HP-8"", ""meas_id"": 8, ""hum"": 33.54942, ""gas_res"": 16256.03}, {""temp"": 24.53289, ""step"": 5, ""status"": 1, ""pres"": 979.0363, ""meas_profile"": ""HP-7"", ""meas_id"": 7, ""hum"": 33.47267, ""gas_res"": 20846.91}, {""temp"": 24.61692, ""step"": 5, ""status"": 1, ""pres"": 979.1891, ""meas_profile"": ""HP-6"", ""meas_id"": 6, ""hum"": 33.299, ""gas_res"": 40622.02}, {""temp"": 24.52108, ""step"": 5, ""status"": 1, ""pres"": 978.8879, ""meas_profile"": ""HP-5"", ""meas_id"": 5, ""hum"": 33.51345, ""gas_res"": 133926.2}, {""temp"": 24.26149, ""step"": 5, ""status"": 1, ""pres"": 979.0154, ""meas_profile"": ""HP-4"", ""meas_id"": 4, ""hum"": 33.11401, ""gas_res"": 126201.6}, {""temp"": 24.39653, ""step"": 5, ""status"": 1, ""pres"": 978.5848, ""meas_profile"": ""HP-3"", ""meas_id"": 3, ""hum"": 33.60487, ""gas_res"": 84044.65}, {""temp"": 24.30559, ""step"": 5, ""status"": 1, ""pres"": 978.7225, ""meas_profile"": ""HP-2"", ""meas_id"": 2, ""hum"": 33.92364, ""gas_res"": 108199.5}, {""temp"": 24.07401, ""step"": 5, ""status"": 1, ""pres"": 978.7833, ""meas_profile"": ""HP-1"", ""meas_id"": 1, ""hum"": 33.35122, ""gas_res"": 100000.0}]}",NULL,"2025-10-29 11:37:14.137639"
15187,"04a600b9b0b8","2025-10-29 11:29:51","zgQZdw5ElaEqYSckMFAh","{""bme688"": [{""temp"": 24.55453, ""step"": 4, ""status"": 1, ""pres"": 978.8571, ""meas_profile"": ""HP-8"", ""meas_id"": 8, ""hum"": 33.54939, ""gas_res"": 16293.28}, {""temp"": 24.53259, ""step"": 4, ""status"": 1, ""pres"": 979.0357, ""meas_profile"": ""HP-7"", ""meas_id"": 7, ""hum"": 33.467, ""gas_res"": 20990.49}, {""temp"": 24.61692, ""step"": 4, ""status"": 1, ""pres"": 979.1891, ""meas_profile"": ""HP-6"", ""meas_id"": 6, ""hum"": 33.29328, ""gas_res"": 40973.11}, {""temp"": 24.52076, ""step"": 4, ""status"": 1, ""pres"": 978.8875, ""meas_profile"": ""HP-5"", ""meas_id"": 5, ""hum"": 33.50212, ""gas_res"": 137375.9}, {""temp"": 24.26149, ""step"": 4, ""status"": 1, ""pres"": 979.0154, ""meas_profile"": ""HP-4"", ""meas_id"": 4, ""hum"": 33.12546, ""gas_res"": 128192.3}, {""temp"": 24.39653, ""step"": 4, ""status"": 1, ""pres"": 978.5848, ""meas_profile"": ""HP-3"", ""meas_id"": 3, ""hum"": 33.62206, ""gas_res"": 82024.99}, {""temp"": 24.30559, ""step"": 4, ""status"": 1, ""pres"": 978.7225, ""meas_profile"": ""HP-2"", ""meas_id"": 2, ""hum"": 33.92364, ""gas_res"": 105654.1}, {""temp"": 24.07432, ""step"": 4, ""status"": 1, ""pres"": 978.7838, ""meas_profile"": ""HP-1"", ""meas_id"": 1, ""hum"": 33.33955, ""gas_res"": 100000.0}]}",NULL,"2025-10-29 11:37:15.512201"
15188,"04a600b9b0b8","2025-10-29 11:29:51","zgQZdw5ElaEqYSckMFAh","{""bme688"": [{""temp"": 24.55422, ""step"": 3, ""status"": 0, ""pres"": 978.8565, ""meas_profile"": ""HP-8"", ""meas_id"": 8, ""hum"": 33.57218, ""gas_res"": 8383.547}, {""temp"": 24.53227, ""step"": 3, ""status"": 0, ""pres"": 979.0369, ""meas_profile"": ""HP-7"", ""meas_id"": 7, ""hum"": 33.46697, ""gas_res"": 10012.52}, {""temp"": 24.61661, ""step"": 3, ""status"": 0, ""pres"": 979.1904, ""meas_profile"": ""HP-6"", ""meas_id"": 6, ""hum"": 33.31041, ""gas_res"": 21220.16}, {""temp"": 24.52045, ""step"": 3, ""status"": 0, ""pres"": 978.8885, ""meas_profile"": ""HP-5"", ""meas_id"": 5, ""hum"": 33.50209, ""gas_res"": 42996.3}, {""temp"": 24.26149, ""step"": 3, ""status"": 0, ""pres"": 979.0171, ""meas_profile"": ""HP-4"", ""meas_id"": 4, ""hum"": 33.14837, ""gas_res"": 38705.78}, {""temp"": 24.39622, ""step"": 3, ""status"": 0, ""pres"": 978.5857, ""meas_profile"": ""HP-3"", ""meas_id"": 3, ""hum"": 33.61629, ""gas_res"": 26828.76}, {""temp"": 24.30528, ""step"": 3, ""status"": 0, ""pres"": 978.722, ""meas_profile"": ""HP-2"", ""meas_id"": 2, ""hum"": 33.92361, ""gas_res"": 40087.69}, {""temp"": 24.07432, ""step"": 3, ""status"": 0, ""pres"": 978.7838, ""meas_profile"": ""HP-1"", ""meas_id"": 1, ""hum"": 33.33955, ""gas_res"": 27717.63}]}",NULL,"2025-10-29 11:37:16.696485"
15189,"04a600b9b0b8","2025-10-29 11:29:51","zgQZdw5ElaEqYSckMFAh","{""bme688"": [{""temp"": 24.55422, ""step"": 2, ""status"": 1, ""pres"": 978.8582, ""meas_profile"": ""HP-8"", ""meas_id"": 8, ""hum"": 33.56077, ""gas_res"": 21872.86}, {""temp"": 24.53227, ""step"": 2, ""status"": 1, ""pres"": 979.0369, ""meas_profile"": ""HP-7"", ""meas_id"": 7, ""hum"": 33.4839, ""gas_res"": 28419.18}, {""temp"": 24.6163, ""step"": 2, ""status"": 1, ""pres"": 979.1899, ""meas_profile"": ""HP-6"", ""meas_id"": 6, ""hum"": 33.29894, ""gas_res"": 76032.08}, {""temp"": 24.52014, ""step"": 2, ""status"": 1, ""pres"": 978.8881, ""meas_profile"": ""HP-5"", ""meas_id"": 5, ""hum"": 33.51337, ""gas_res"": 162798.1}, {""temp"": 24.26149, ""step"": 2, ""status"": 1, ""pres"": 979.0171, ""meas_profile"": ""HP-4"", ""meas_id"": 4, ""hum"": 33.13691, ""gas_res"": 185440.1}, {""temp"": 24.39622, ""step"": 2, ""status"": 1, ""pres"": 978.5857, ""meas_profile"": ""HP-3"", ""meas_id"": 3, ""hum"": 33.61057, ""gas_res"": 101386.1}, {""temp"": 24.30559, ""step"": 2, ""status"": 1, ""pres"": 978.7225, ""meas_profile"": ""HP-2"", ""meas_id"": 2, ""hum"": 33.88964, ""gas_res"": 176612.6}, {""temp"": 24.07432, ""step"": 2, ""status"": 1, ""pres"": 978.7838, ""meas_profile"": ""HP-1"", ""meas_id"": 1, ""hum"": 33.31613, ""gas_res"": 126295.0}]}",NULL,"2025-10-29 11:37:17.991463"
15190,"04a600b9b0b8","2025-10-29 11:29:51","zgQZdw5ElaEqYSckMFAh","{""bme688"": [{""temp"": 24.55453, ""step"": 1, ""status"": 1, ""pres"": 978.8588, ""meas_profile"": ""HP-8"", ""meas_id"": 8, ""hum"": 33.55509, ""gas_res"": 9846.154}, {""temp"": 24.53196, ""step"": 1, ""status"": 1, ""pres"": 979.038, ""meas_profile"": ""HP-7"", ""meas_id"": 7, ""hum"": 33.49515, ""gas_res"": 15786.88}, {""temp"": 24.61661, ""step"": 1, ""status"": 1, ""pres"": 979.1921, ""meas_profile"": ""HP-6"", ""meas_id"": 6, ""hum"": 33.31613, ""gas_res"": 25000.0}, {""temp"": 24.52014, ""step"": 1, ""status"": 1, ""pres"": 978.8898, ""meas_profile"": ""HP-5"", ""meas_id"": 5, ""hum"": 33.50206, ""gas_res"": 42609.86}, {""temp"": 24.2618, ""step"": 1, ""status"": 1, ""pres"": 979.0192, ""meas_profile"": ""HP-4"", ""meas_id"": 4, ""hum"": 33.14267, ""gas_res"": 35605.01}, {""temp"": 24.39653, ""step"": 1, ""status"": 1, ""pres"": 978.5864, ""meas_profile"": ""HP-3"", ""meas_id"": 3, ""hum"": 33.60487, ""gas_res"": 25000.0}, {""temp"": 24.3059, ""step"": 1, ""status"": 1, ""pres"": 978.7248, ""meas_profile"": ""HP-2"", ""meas_id"": 2, ""hum"": 33.92933, ""gas_res"": 33746.38}, {""temp"": 24.07463, ""step"": 1, ""status"": 1, ""pres"": 978.7841, ""meas_profile"": ""HP-1"", ""meas_id"": 1, ""hum"": 33.32787, ""gas_res"": 24293.04}]}",NULL,"2025-10-29 11:37:19.25877"
15191,"04a600b9b0b8","2025-10-29 11:29:51","zgQZdw5ElaEqYSckMFAh","{""bme688"": [{""temp"": 24.55422, ""step"": 0, ""status"": 1, ""pres"": 978.8582, ""meas_profile"": ""HP-8"", ""meas_id"": 8, ""hum"": 33.55507, ""gas_res"": 6160.955}, {""temp"": 24.53196, ""step"": 0, ""status"": 1, ""pres"": 979.0399, ""meas_profile"": ""HP-7"", ""meas_id"": 7, ""hum"": 33.46694, ""gas_res"": 7441.86}, {""temp"": 24.61661, ""step"": 0, ""status"": 1, ""pres"": 979.1921, ""meas_profile"": ""HP-6"", ""meas_id"": 6, ""hum"": 33.30469, ""gas_res"": 9993.754}, {""temp"": 24.52014, ""step"": 0, ""status"": 1, ""pres"": 978.8898, ""meas_profile"": ""HP-5"", ""meas_id"": 5, ""hum"": 33.51337, ""gas_res"": 25000.0}, {""temp"": 24.26211, ""step"": 0, ""status"": 1, ""pres"": 979.0199, ""meas_profile"": ""HP-4"", ""meas_id"": 4, ""hum"": 33.12551, ""gas_res"": 25000.0}, {""temp"": 24.39684, ""step"": 0, ""status"": 1, ""pres"": 978.5869, ""meas_profile"": ""HP-3"", ""meas_id"": 3, ""hum"": 33.59344, ""gas_res"": 6951.988}, {""temp"": 24.30621, ""step"": 0, ""status"": 1, ""pres"": 978.7252, ""meas_profile"": ""HP-2"", ""meas_id"": 2, ""hum"": 33.92369, ""gas_res"": 9589.451}, {""temp"": 24.07526, ""step"": 0, ""status"": 1, ""pres"": 978.7852, ""meas_profile"": ""HP-1"", ""meas_id"": 1, ""hum"": 33.32207, ""gas_res"": 7515.266}]}",NULL,"2025-10-29 11:37:20.632783"
