"id","box_id","ts","measurement_id","measurement_data","description","created_at"
14017,"04a600b9b0b8","2025-10-29 09:08:43","zjUUDJyicI9mjz0y4erR","{""zphs01b"": {""voc"": 0, ""temp"": 20.0, ""pm2_5"": 0, ""pm1_0"": 0, ""pm10"": 34, ""o3"": 0.02, ""no2"": 10.0, ""hum"": 0, ""fmhd"": 0, ""co2"": 5000, ""co"": 0.0}, ""smell_b"": {}, ""sfa30"": {""temp"": 23.355, ""hum"": 37.91, ""fmhd"": 24.4}, ""sen5x"": {""voc"": 98.0, ""temp"": 23.135, ""pm4_0"": 3994.9, ""pm2_5"": 3994.9, ""pm1_0"": 3809.4, ""pm10"": 3994.9, ""nox"": 1.0, ""mass_c"": 3948.525, ""hum"": 42.92}, ""scd41"": {""temp"": 22.41779, ""hum"": 47.73938, ""co2"": 606}, ""power_source"": 0, ""mics6814"": {""red_res"": 0, ""no2_res"": 0, ""no2"": 0.17, ""nh3_res"": 0, ""nh3"": 0.73, ""co_res"": 0, ""co"": 44.0}}",NULL,"2025-10-29 09:10:09.323273"
14018,"04a600b9b0b8","2025-10-29 09:08:43","zjUUDJyicI9mjz0y4erR","{""bme688"": [{""temp"": 23.15632, ""step"": 9, ""status"": 1, ""pres"": 980.4892, ""meas_profile"": ""HP-8"", ""meas_id"": 8, ""hum"": 36.1297, ""gas_res"": 5684.846}, {""temp"": 23.13614, ""step"": 9, ""status"": 1, ""pres"": 980.6119, ""meas_profile"": ""HP-7"", ""meas_id"": 7, ""hum"": 36.03406, ""gas_res"": 5684.846}, {""temp"": 23.22002, ""step"": 9, ""status"": 1, ""pres"": 980.7383, ""meas_profile"": ""HP-6"", ""meas_id"": 6, ""hum"": 35.8691, ""gas_res"": 7410.838}, {""temp"": 23.12196, ""step"": 9, ""status"": 1, ""pres"": 980.4724, ""meas_profile"": ""HP-5"", ""meas_id"": 5, ""hum"": 36.08054, ""gas_res"": 25000.0}, {""temp"": 22.987, ""step"": 9, ""status"": 1, ""pres"": 980.5709, ""meas_profile"": ""HP-4"", ""meas_id"": 4, ""hum"": 35.35148, ""gas_res"": 25000.0}, {""temp"": 23.1472, ""step"": 9, ""status"": 1, ""pres"": 980.2266, ""meas_profile"": ""HP-3"", ""meas_id"": 3, ""hum"": 35.87946, ""gas_res"": 7899.284}, {""temp"": 23.1085, ""step"": 9, ""status"": 1, ""pres"": 980.3094, ""meas_profile"": ""HP-2"", ""meas_id"": 2, ""hum"": 36.05627, ""gas_res"": 8234.688}, {""temp"": 22.87208, ""step"": 9, ""status"": 1, ""pres"": 980.4227, ""meas_profile"": ""HP-1"", ""meas_id"": 1, ""hum"": 35.72599, ""gas_res"": 5928.122}]}",NULL,"2025-10-29 09:10:10.455406"
14019,"04a600b9b0b8","2025-10-29 09:08:43","zjUUDJyicI9mjz0y4erR","{""bme688"": [{""temp"": 23.15601, ""step"": 8, ""status"": 1, ""pres"": 980.4905, ""meas_profile"": ""HP-8"", ""meas_id"": 8, ""hum"": 36.12387, ""gas_res"": 5684.846}, {""temp"": 23.13583, ""step"": 8, ""status"": 1, ""pres"": 980.6113, ""meas_profile"": ""HP-7"", ""meas_id"": 7, ""hum"": 36.01113, ""gas_res"": 5684.846}, {""temp"": 23.22033, ""step"": 8, ""status"": 1, ""pres"": 980.7388, ""meas_profile"": ""HP-6"", ""meas_id"": 6, ""hum"": 35.85172, ""gas_res"": 7772.65}, {""temp"": 23.12227, ""step"": 8, ""status"": 1, ""pres"": 980.4729, ""meas_profile"": ""HP-5"", ""meas_id"": 5, ""hum"": 36.04613, ""gas_res"": 25000.0}, {""temp"": 22.98731, ""step"": 8, ""status"": 1, ""pres"": 980.5715, ""meas_profile"": ""HP-4"", ""meas_id"": 4, ""hum"": 35.35152, ""gas_res"": 25000.0}, {""temp"": 23.1472, ""step"": 8, ""status"": 1, ""pres"": 980.2266, ""meas_profile"": ""HP-3"", ""meas_id"": 3, ""hum"": 35.87946, ""gas_res"": 7274.38}, {""temp"": 23.1085, ""step"": 8, ""status"": 1, ""pres"": 980.3094, ""meas_profile"": ""HP-2"", ""meas_id"": 2, ""hum"": 36.05627, ""gas_res"": 7881.773}, {""temp"": 22.87208, ""step"": 8, ""status"": 1, ""pres"": 980.4227, ""meas_profile"": ""HP-1"", ""meas_id"": 1, ""hum"": 35.74973, ""gas_res"": 7639.055}]}",NULL,"2025-10-29 09:10:11.739455"
14020,"04a600b9b0b8","2025-10-29 09:08:43","zjUUDJyicI9mjz0y4erR","{""bme688"": [{""temp"": 23.15539, ""step"": 7, ""status"": 1, ""pres"": 980.4894, ""meas_profile"": ""HP-8"", ""meas_id"": 8, ""hum"": 36.12961, ""gas_res"": 5684.846}, {""temp"": 23.13552, ""step"": 7, ""status"": 1, ""pres"": 980.6108, ""meas_profile"": ""HP-7"", ""meas_id"": 7, ""hum"": 36.02254, ""gas_res"": 5684.846}, {""temp"": 23.22033, ""step"": 7, ""status"": 1, ""pres"": 980.7405, ""meas_profile"": ""HP-6"", ""meas_id"": 6, ""hum"": 35.88655, ""gas_res"": 7946.362}, {""temp"": 23.12227, ""step"": 7, ""status"": 1, ""pres"": 980.4729, ""meas_profile"": ""HP-5"", ""meas_id"": 5, ""hum"": 36.06334, ""gas_res"": 25000.0}, {""temp"": 22.98731, ""step"": 7, ""status"": 1, ""pres"": 980.5715, ""meas_profile"": ""HP-4"", ""meas_id"": 4, ""hum"": 35.35152, ""gas_res"": 25000.0}, {""temp"": 23.1472, ""step"": 7, ""status"": 1, ""pres"": 980.2283, ""meas_profile"": ""HP-3"", ""meas_id"": 3, ""hum"": 35.86785, ""gas_res"": 6849.315}, {""temp"": 23.1085, ""step"": 7, ""status"": 1, ""pres"": 980.3094, ""meas_profile"": ""HP-2"", ""meas_id"": 2, ""hum"": 36.062, ""gas_res"": 7380.074}, {""temp"": 22.87208, ""step"": 7, ""status"": 1, ""pres"": 980.4227, ""meas_profile"": ""HP-1"", ""meas_id"": 1, ""hum"": 35.73192, ""gas_res"": 7085.917}]}",NULL,"2025-10-29 09:10:13.201961"
14021,"04a600b9b0b8","2025-10-29 09:08:43","zjUUDJyicI9mjz0y4erR","{""bme688"": [{""temp"": 23.15539, ""step"": 6, ""status"": 1, ""pres"": 980.4894, ""meas_profile"": ""HP-8"", ""meas_id"": 8, ""hum"": 36.11803, ""gas_res"": 17524.64}, {""temp"": 23.13552, ""step"": 6, ""status"": 1, ""pres"": 980.6125, ""meas_profile"": ""HP-7"", ""meas_id"": 7, ""hum"": 36.01682, ""gas_res"": 20545.75}, {""temp"": 23.22033, ""step"": 6, ""status"": 1, ""pres"": 980.7405, ""meas_profile"": ""HP-6"", ""meas_id"": 6, ""hum"": 35.86913, ""gas_res"": 39825.76}, {""temp"": 23.12227, ""step"": 6, ""status"": 1, ""pres"": 980.4746, ""meas_profile"": ""HP-5"", ""meas_id"": 5, ""hum"": 36.04613, ""gas_res"": 147084.2}, {""temp"": 22.98762, ""step"": 6, ""status"": 1, ""pres"": 980.5719, ""meas_profile"": ""HP-4"", ""meas_id"": 4, ""hum"": 35.33995, ""gas_res"": 153985.0}, {""temp"": 23.14751, ""step"": 6, ""status"": 1, ""pres"": 980.2271, ""meas_profile"": ""HP-3"", ""meas_id"": 3, ""hum"": 35.84467, ""gas_res"": 43434.0}, {""temp"": 23.1085, ""step"": 6, ""status"": 1, ""pres"": 980.3094, ""meas_profile"": ""HP-2"", ""meas_id"": 2, ""hum"": 36.05053, ""gas_res"": 100000.0}, {""temp"": 22.87239, ""step"": 6, ""status"": 1, ""pres"": 980.4233, ""meas_profile"": ""HP-1"", ""meas_id"": 1, ""hum"": 35.72008, ""gas_res"": 44849.34}]}",NULL,"2025-10-29 09:10:14.308445"
14022,"04a600b9b0b8","2025-10-29 09:08:43","zjUUDJyicI9mjz0y4erR","{""bme688"": [{""temp"": 23.15509, ""step"": 5, ""status"": 1, ""pres"": 980.489, ""meas_profile"": ""HP-8"", ""meas_id"": 8, ""hum"": 36.11799, ""gas_res"": 17325.39}, {""temp"": 23.13521, ""step"": 5, ""status"": 1, ""pres"": 980.6119, ""meas_profile"": ""HP-7"", ""meas_id"": 7, ""hum"": 36.02251, ""gas_res"": 20081.58}, {""temp"": 23.22064, ""step"": 5, ""status"": 1, ""pres"": 980.741, ""meas_profile"": ""HP-6"", ""meas_id"": 6, ""hum"": 35.86337, ""gas_res"": 39677.62}, {""temp"": 23.12259, ""step"": 5, ""status"": 1, ""pres"": 980.4752, ""meas_profile"": ""HP-5"", ""meas_id"": 5, ""hum"": 36.04616, ""gas_res"": 146957.5}, {""temp"": 22.98762, ""step"": 5, ""status"": 1, ""pres"": 980.5736, ""meas_profile"": ""HP-4"", ""meas_id"": 4, ""hum"": 35.34575, ""gas_res"": 154263.3}, {""temp"": 23.14751, ""step"": 5, ""status"": 1, ""pres"": 980.2287, ""meas_profile"": ""HP-3"", ""meas_id"": 3, ""hum"": 35.87368, ""gas_res"": 41734.59}, {""temp"": 23.10881, ""step"": 5, ""status"": 1, ""pres"": 980.31, ""meas_profile"": ""HP-2"", ""meas_id"": 2, ""hum"": 36.0563, ""gas_res"": 88581.31}, {""temp"": 22.87239, ""step"": 5, ""status"": 1, ""pres"": 980.4233, ""meas_profile"": ""HP-1"", ""meas_id"": 1, ""hum"": 35.72601, ""gas_res"": 41857.42}]}",NULL,"2025-10-29 09:10:15.577478"
14023,"04a600b9b0b8","2025-10-29 09:08:43","zjUUDJyicI9mjz0y4erR","{""bme688"": [{""temp"": 23.15509, ""step"": 4, ""status"": 1, ""pres"": 980.4908, ""meas_profile"": ""HP-8"", ""meas_id"": 8, ""hum"": 36.12957, ""gas_res"": 16994.16}, {""temp"": 23.13521, ""step"": 4, ""status"": 1, ""pres"": 980.6119, ""meas_profile"": ""HP-7"", ""meas_id"": 7, ""hum"": 36.02251, ""gas_res"": 19728.73}, {""temp"": 23.22064, ""step"": 4, ""status"": 1, ""pres"": 980.741, ""meas_profile"": ""HP-6"", ""meas_id"": 6, ""hum"": 35.86917, ""gas_res"": 39567.23}, {""temp"": 23.1229, ""step"": 4, ""status"": 1, ""pres"": 980.4756, ""meas_profile"": ""HP-5"", ""meas_id"": 5, ""hum"": 36.06341, ""gas_res"": 150323.0}, {""temp"": 22.98793, ""step"": 4, ""status"": 1, ""pres"": 980.5742, ""meas_profile"": ""HP-4"", ""meas_id"": 4, ""hum"": 35.36317, ""gas_res"": 155670.4}, {""temp"": 23.14782, ""step"": 4, ""status"": 1, ""pres"": 980.2294, ""meas_profile"": ""HP-3"", ""meas_id"": 3, ""hum"": 35.87371, ""gas_res"": 39640.75}, {""temp"": 23.10881, ""step"": 4, ""status"": 1, ""pres"": 980.31, ""meas_profile"": ""HP-2"", ""meas_id"": 2, ""hum"": 36.04482, ""gas_res"": 82901.55}, {""temp"": 22.87271, ""step"": 4, ""status"": 1, ""pres"": 980.4238, ""meas_profile"": ""HP-1"", ""meas_id"": 1, ""hum"": 35.74979, ""gas_res"": 38496.24}]}",NULL,"2025-10-29 09:10:16.858542"
14024,"04a600b9b0b8","2025-10-29 09:08:43","zjUUDJyicI9mjz0y4erR","{""bme688"": [{""temp"": 23.15509, ""step"": 3, ""status"": 1, ""pres"": 980.4925, ""meas_profile"": ""HP-8"", ""meas_id"": 8, ""hum"": 36.11799, ""gas_res"": 38531.0}, {""temp"": 23.1349, ""step"": 3, ""status"": 1, ""pres"": 980.6113, ""meas_profile"": ""HP-7"", ""meas_id"": 7, ""hum"": 36.00531, ""gas_res"": 47716.68}, {""temp"": 23.22033, ""step"": 3, ""status"": 1, ""pres"": 980.7405, ""meas_profile"": ""HP-6"", ""meas_id"": 6, ""hum"": 35.88074, ""gas_res"": 176247.8}, {""temp"": 23.12259, ""step"": 3, ""status"": 1, ""pres"": 980.4752, ""meas_profile"": ""HP-5"", ""meas_id"": 5, ""hum"": 36.0519, ""gas_res"": 512769.2}, {""temp"": 22.98762, ""step"": 3, ""status"": 1, ""pres"": 980.5719, ""meas_profile"": ""HP-4"", ""meas_id"": 4, ""hum"": 35.35735, ""gas_res"": 694944.0}, {""temp"": 23.14782, ""step"": 3, ""status"": 1, ""pres"": 980.2294, ""meas_profile"": ""HP-3"", ""meas_id"": 3, ""hum"": 35.87371, ""gas_res"": 282016.0}, {""temp"": 23.10881, ""step"": 3, ""status"": 1, ""pres"": 980.31, ""meas_profile"": ""HP-2"", ""meas_id"": 2, ""hum"": 36.06203, ""gas_res"": 454706.9}, {""temp"": 22.87239, ""step"": 3, ""status"": 1, ""pres"": 980.4233, ""meas_profile"": ""HP-1"", ""meas_id"": 1, ""hum"": 35.74976, ""gas_res"": 330642.6}]}",NULL,"2025-10-29 09:10:18.326806"
14025,"04a600b9b0b8","2025-10-29 09:08:43","zjUUDJyicI9mjz0y4erR","{""bme688"": [{""temp"": 23.15478, ""step"": 2, ""status"": 1, ""pres"": 980.492, ""meas_profile"": ""HP-8"", ""meas_id"": 8, ""hum"": 36.12376, ""gas_res"": 39603.96}, {""temp"": 23.1349, ""step"": 2, ""status"": 1, ""pres"": 980.6113, ""meas_profile"": ""HP-7"", ""meas_id"": 7, ""hum"": 36.00531, ""gas_res"": 52276.9}, {""temp"": 23.22033, ""step"": 2, ""status"": 1, ""pres"": 980.7405, ""meas_profile"": ""HP-6"", ""meas_id"": 6, ""hum"": 35.86333, ""gas_res"": 213957.4}, {""temp"": 23.12259, ""step"": 2, ""status"": 1, ""pres"": 980.4752, ""meas_profile"": ""HP-5"", ""meas_id"": 5, ""hum"": 36.05764, ""gas_res"": 655569.8}, {""temp"": 22.98762, ""step"": 2, ""status"": 1, ""pres"": 980.5719, ""meas_profile"": ""HP-4"", ""meas_id"": 4, ""hum"": 35.35155, ""gas_res"": 926696.8}, {""temp"": 23.14782, ""step"": 2, ""status"": 1, ""pres"": 980.2294, ""meas_profile"": ""HP-3"", ""meas_id"": 3, ""hum"": 35.88532, ""gas_res"": 336510.0}, {""temp"": 23.10881, ""step"": 2, ""status"": 1, ""pres"": 980.31, ""meas_profile"": ""HP-2"", ""meas_id"": 2, ""hum"": 36.0563, ""gas_res"": 476944.6}, {""temp"": 22.87239, ""step"": 2, ""status"": 1, ""pres"": 980.4233, ""meas_profile"": ""HP-1"", ""meas_id"": 1, ""hum"": 35.74382, ""gas_res"": 394909.4}]}",NULL,"2025-10-29 09:10:19.453754"
14026,"04a600b9b0b8","2025-10-29 09:08:43","zjUUDJyicI9mjz0y4erR","{""bme688"": [{""temp"": 23.15478, ""step"": 1, ""status"": 1, ""pres"": 980.4938, ""meas_profile"": ""HP-8"", ""meas_id"": 8, ""hum"": 36.12955, ""gas_res"": 8537.887}, {""temp"": 23.13521, ""step"": 1, ""status"": 1, ""pres"": 980.6119, ""meas_profile"": ""HP-7"", ""meas_id"": 7, ""hum"": 36.01106, ""gas_res"": 9411.765}, {""temp"": 23.22033, ""step"": 1, ""status"": 1, ""pres"": 980.7405, ""meas_profile"": ""HP-6"", ""meas_id"": 6, ""hum"": 35.86333, ""gas_res"": 25000.0}, {""temp"": 23.12259, ""step"": 1, ""status"": 1, ""pres"": 980.4752, ""meas_profile"": ""HP-5"", ""meas_id"": 5, ""hum"": 36.0519, ""gas_res"": 42063.75}, {""temp"": 22.98762, ""step"": 1, ""status"": 1, ""pres"": 980.5719, ""meas_profile"": ""HP-4"", ""meas_id"": 4, ""hum"": 35.33415, ""gas_res"": 40622.02}, {""temp"": 23.14782, ""step"": 1, ""status"": 1, ""pres"": 980.2294, ""meas_profile"": ""HP-3"", ""meas_id"": 3, ""hum"": 35.87952, ""gas_res"": 25000.0}, {""temp"": 23.10912, ""step"": 1, ""status"": 1, ""pres"": 980.3104, ""meas_profile"": ""HP-2"", ""meas_id"": 2, ""hum"": 36.0678, ""gas_res"": 27397.26}, {""temp"": 22.87271, ""step"": 1, ""status"": 1, ""pres"": 980.4238, ""meas_profile"": ""HP-1"", ""meas_id"": 1, ""hum"": 35.74386, ""gas_res"": 25000.0}]}",NULL,"2025-10-29 09:10:20.696224"
14027,"04a600b9b0b8","2025-10-29 09:08:43","zjUUDJyicI9mjz0y4erR","{""bme688"": [{""temp"": 23.15447, ""step"": 0, ""status"": 1, ""pres"": 980.4933, ""meas_profile"": ""HP-8"", ""meas_id"": 8, ""hum"": 36.15268, ""gas_res"": 5684.846}, {""temp"": 23.1349, ""step"": 0, ""status"": 1, ""pres"": 980.6113, ""meas_profile"": ""HP-7"", ""meas_id"": 7, ""hum"": 35.99959, ""gas_res"": 5789.759}, {""temp"": 23.22064, ""step"": 0, ""status"": 1, ""pres"": 980.741, ""meas_profile"": ""HP-6"", ""meas_id"": 6, ""hum"": 35.88659, ""gas_res"": 8260.196}, {""temp"": 23.1229, ""step"": 0, ""status"": 1, ""pres"": 980.4756, ""meas_profile"": ""HP-5"", ""meas_id"": 5, ""hum"": 36.06915, ""gas_res"": 25000.0}, {""temp"": 22.98793, ""step"": 0, ""status"": 1, ""pres"": 980.5725, ""meas_profile"": ""HP-4"", ""meas_id"": 4, ""hum"": 35.35737, ""gas_res"": 25000.0}, {""temp"": 23.14782, ""step"": 0, ""status"": 1, ""pres"": 980.2294, ""meas_profile"": ""HP-3"", ""meas_id"": 3, ""hum"": 35.89113, ""gas_res"": 7020.623}, {""temp"": 23.10912, ""step"": 0, ""status"": 1, ""pres"": 980.3104, ""meas_profile"": ""HP-2"", ""meas_id"": 2, ""hum"": 36.0678, ""gas_res"": 7447.056}, {""temp"": 22.87239, ""step"": 0, ""status"": 1, ""pres"": 980.4233, ""meas_profile"": ""HP-1"", ""meas_id"": 1, ""hum"": 35.73789, ""gas_res"": 6947.46}]}",NULL,"2025-10-29 09:10:21.978988"
14028,"04a600b9b0b8","2025-10-29 09:08:09","zjUUDJyicI9mjz0y4erR","{""zphs01b"": {""voc"": 0, ""temp"": 20.0, ""pm2_5"": 0, ""pm1_0"": 0, ""pm10"": 302, ""o3"": 0.02, ""no2"": 10.0, ""hum"": 0, ""fmhd"": 0, ""co2"": 5000, ""co"": 0.0}, ""smell_b"": {}, ""sfa30"": {""temp"": 23.325, ""hum"": 37.89, ""fmhd"": 27.2}, ""sen5x"": {""voc"": 88.0, ""temp"": 23.215, ""pm4_0"": 3868.2, ""pm2_5"": 3868.2, ""pm1_0"": 3688.5, ""pm10"": 3868.2, ""nox"": 1.0, ""mass_c"": 3823.275, ""hum"": 42.5}, ""scd41"": {""temp"": 22.55665, ""hum"": 46.65446, ""co2"": 604}, ""power_source"": 0, ""mics6814"": {""red_res"": 0, ""no2_res"": 0, ""no2"": 0.17, ""nh3_res"": 0, ""nh3"": 0.73, ""co_res"": 0, ""co"": 44.0}}",NULL,"2025-10-29 09:10:23.256156"
14029,"04a600b9b0b8","2025-10-29 09:08:09","zjUUDJyicI9mjz0y4erR","{""bme688"": [{""temp"": 23.15416, ""step"": 9, ""status"": 1, ""pres"": 980.4945, ""meas_profile"": ""HP-8"", ""meas_id"": 8, ""hum"": 36.08895, ""gas_res"": 5684.846}, {""temp"": 23.13459, ""step"": 9, ""status"": 1, ""pres"": 980.6125, ""meas_profile"": ""HP-7"", ""meas_id"": 7, ""hum"": 35.97094, ""gas_res"": 5684.846}, {""temp"": 23.22064, ""step"": 9, ""status"": 1, ""pres"": 980.7428, ""meas_profile"": ""HP-6"", ""meas_id"": 6, ""hum"": 35.84595, ""gas_res"": 7494.145}, {""temp"": 23.1229, ""step"": 9, ""status"": 1, ""pres"": 980.4756, ""meas_profile"": ""HP-5"", ""meas_id"": 5, ""hum"": 36.03472, ""gas_res"": 25000.0}, {""temp"": 22.98793, ""step"": 9, ""status"": 1, ""pres"": 980.5725, ""meas_profile"": ""HP-4"", ""meas_id"": 4, ""hum"": 35.30518, ""gas_res"": 25000.0}, {""temp"": 23.14782, ""step"": 9, ""status"": 1, ""pres"": 980.2294, ""meas_profile"": ""HP-3"", ""meas_id"": 3, ""hum"": 35.86211, ""gas_res"": 7478.383}, {""temp"": 23.10912, ""step"": 9, ""status"": 1, ""pres"": 980.3104, ""meas_profile"": ""HP-2"", ""meas_id"": 2, ""hum"": 36.02191, ""gas_res"": 7309.273}, {""temp"": 22.87239, ""step"": 9, ""status"": 1, ""pres"": 980.4233, ""meas_profile"": ""HP-1"", ""meas_id"": 1, ""hum"": 35.68446, ""gas_res"": 6796.941}]}",NULL,"2025-10-29 09:10:24.538731"
14030,"04a600b9b0b8","2025-10-29 09:08:09","zjUUDJyicI9mjz0y4erR","{""bme688"": [{""temp"": 23.15385, ""step"": 8, ""status"": 1, ""pres"": 980.494, ""meas_profile"": ""HP-8"", ""meas_id"": 8, ""hum"": 36.10629, ""gas_res"": 5684.846}, {""temp"": 23.13459, ""step"": 8, ""status"": 1, ""pres"": 980.6125, ""meas_profile"": ""HP-7"", ""meas_id"": 7, ""hum"": 35.97666, ""gas_res"": 5684.846}, {""temp"": 23.22095, ""step"": 8, ""status"": 1, ""pres"": 980.7433, ""meas_profile"": ""HP-6"", ""meas_id"": 6, ""hum"": 35.86339, ""gas_res"": 8409.987}, {""temp"": 23.12321, ""step"": 8, ""status"": 1, ""pres"": 980.4762, ""meas_profile"": ""HP-5"", ""meas_id"": 5, ""hum"": 36.01754, ""gas_res"": 25000.0}, {""temp"": 22.98824, ""step"": 8, ""status"": 1, ""pres"": 980.5731, ""meas_profile"": ""HP-4"", ""meas_id"": 4, ""hum"": 35.3342, ""gas_res"": 25000.0}, {""temp"": 23.14782, ""step"": 8, ""status"": 1, ""pres"": 980.2294, ""meas_profile"": ""HP-3"", ""meas_id"": 3, ""hum"": 35.83309, ""gas_res"": 7536.505}, {""temp"": 23.10912, ""step"": 8, ""status"": 1, ""pres"": 980.3104, ""meas_profile"": ""HP-2"", ""meas_id"": 2, ""hum"": 36.02191, ""gas_res"": 7633.588}, {""temp"": 22.87239, ""step"": 8, ""status"": 1, ""pres"": 980.4233, ""meas_profile"": ""HP-1"", ""meas_id"": 1, ""hum"": 35.7082, ""gas_res"": 6942.938}]}",NULL,"2025-10-29 09:10:25.815382"
14031,"04a600b9b0b8","2025-10-29 09:08:09","zjUUDJyicI9mjz0y4erR","{""bme688"": [{""temp"": 23.15354, ""step"": 7, ""status"": 1, ""pres"": 980.4953, ""meas_profile"": ""HP-8"", ""meas_id"": 8, ""hum"": 36.10047, ""gas_res"": 6104.54}, {""temp"": 23.13427, ""step"": 7, ""status"": 1, ""pres"": 980.6136, ""meas_profile"": ""HP-7"", ""meas_id"": 7, ""hum"": 35.97091, ""gas_res"": 6200.349}, {""temp"": 23.22095, ""step"": 7, ""status"": 1, ""pres"": 980.7433, ""meas_profile"": ""HP-6"", ""meas_id"": 6, ""hum"": 35.875, ""gas_res"": 9495.549}, {""temp"": 23.12321, ""step"": 7, ""status"": 1, ""pres"": 980.4762, ""meas_profile"": ""HP-5"", ""meas_id"": 5, ""hum"": 36.02327, ""gas_res"": 25000.0}, {""temp"": 22.98824, ""step"": 7, ""status"": 1, ""pres"": 980.5731, ""meas_profile"": ""HP-4"", ""meas_id"": 4, ""hum"": 35.30521, ""gas_res"": 25000.0}, {""temp"": 23.14782, ""step"": 7, ""status"": 1, ""pres"": 980.2294, ""meas_profile"": ""HP-3"", ""meas_id"": 3, ""hum"": 35.8447, ""gas_res"": 7893.438}, {""temp"": 23.10912, ""step"": 7, ""status"": 1, ""pres"": 980.3104, ""meas_profile"": ""HP-2"", ""meas_id"": 2, ""hum"": 36.01043, ""gas_res"": 7633.588}, {""temp"": 22.87239, ""step"": 7, ""status"": 1, ""pres"": 980.4233, ""meas_profile"": ""HP-1"", ""meas_id"": 1, ""hum"": 35.7082, ""gas_res"": 6783.973}]}",NULL,"2025-10-29 09:10:27.096667"
14032,"04a600b9b0b8","2025-10-29 09:08:09","zjUUDJyicI9mjz0y4erR","{""bme688"": [{""temp"": 23.15385, ""step"": 6, ""status"": 1, ""pres"": 980.4958, ""meas_profile"": ""HP-8"", ""meas_id"": 8, ""hum"": 36.1005, ""gas_res"": 25000.0}, {""temp"": 23.13459, ""step"": 6, ""status"": 1, ""pres"": 980.6142, ""meas_profile"": ""HP-7"", ""meas_id"": 7, ""hum"": 35.98811, ""gas_res"": 25000.0}, {""temp"": 23.22095, ""step"": 6, ""status"": 1, ""pres"": 980.7433, ""meas_profile"": ""HP-6"", ""meas_id"": 6, ""hum"": 35.83437, ""gas_res"": 81089.64}, {""temp"": 23.12321, ""step"": 6, ""status"": 1, ""pres"": 980.4778, ""meas_profile"": ""HP-5"", ""meas_id"": 5, ""hum"": 36.02901, ""gas_res"": 253152.0}, {""temp"": 22.98824, ""step"": 6, ""status"": 1, ""pres"": 980.5731, ""meas_profile"": ""HP-4"", ""meas_id"": 4, ""hum"": 35.3284, ""gas_res"": 262901.2}, {""temp"": 23.14782, ""step"": 6, ""status"": 1, ""pres"": 980.2294, ""meas_profile"": ""HP-3"", ""meas_id"": 3, ""hum"": 35.82729, ""gas_res"": 82580.65}, {""temp"": 23.10943, ""step"": 6, ""status"": 1, ""pres"": 980.3109, ""meas_profile"": ""HP-2"", ""meas_id"": 2, ""hum"": 36.02767, ""gas_res"": 91822.09}, {""temp"": 22.87239, ""step"": 6, ""status"": 1, ""pres"": 980.4233, ""meas_profile"": ""HP-1"", ""meas_id"": 1, ""hum"": 35.7082, ""gas_res"": 41370.39}]}",NULL,"2025-10-29 09:10:28.5652"
14033,"04a600b9b0b8","2025-10-29 09:08:09","zjUUDJyicI9mjz0y4erR","{""bme688"": [{""temp"": 23.15385, ""step"": 5, ""status"": 1, ""pres"": 980.4975, ""meas_profile"": ""HP-8"", ""meas_id"": 8, ""hum"": 36.11787, ""gas_res"": 25000.0}, {""temp"": 23.1349, ""step"": 5, ""status"": 1, ""pres"": 980.6147, ""meas_profile"": ""HP-7"", ""meas_id"": 7, ""hum"": 35.98814, ""gas_res"": 25000.0}, {""temp"": 23.22095, ""step"": 5, ""status"": 1, ""pres"": 980.7433, ""meas_profile"": ""HP-6"", ""meas_id"": 6, ""hum"": 35.85759, ""gas_res"": 83550.91}, {""temp"": 23.12321, ""step"": 5, ""status"": 1, ""pres"": 980.4762, ""meas_profile"": ""HP-5"", ""meas_id"": 5, ""hum"": 36.02327, ""gas_res"": 265766.9}, {""temp"": 22.98793, ""step"": 5, ""status"": 1, ""pres"": 980.5725, ""meas_profile"": ""HP-4"", ""meas_id"": 4, ""hum"": 35.32258, ""gas_res"": 266805.6}, {""temp"": 23.14782, ""step"": 5, ""status"": 1, ""pres"": 980.231, ""meas_profile"": ""HP-3"", ""meas_id"": 3, ""hum"": 35.83309, ""gas_res"": 79950.03}, {""temp"": 23.10943, ""step"": 5, ""status"": 1, ""pres"": 980.3109, ""meas_profile"": ""HP-2"", ""meas_id"": 2, ""hum"": 36.02767, ""gas_res"": 86691.5}, {""temp"": 22.87271, ""step"": 5, ""status"": 1, ""pres"": 980.4238, ""meas_profile"": ""HP-1"", ""meas_id"": 1, ""hum"": 35.70824, ""gas_res"": 38565.83}]}",NULL,"2025-10-29 09:10:29.655985"
14034,"04a600b9b0b8","2025-10-29 09:08:09","zjUUDJyicI9mjz0y4erR","{""bme688"": [{""temp"": 23.15416, ""step"": 4, ""status"": 1, ""pres"": 980.498, ""meas_profile"": ""HP-8"", ""meas_id"": 8, ""hum"": 36.1179, ""gas_res"": 25000.0}, {""temp"": 23.1349, ""step"": 4, ""status"": 1, ""pres"": 980.6147, ""meas_profile"": ""HP-7"", ""meas_id"": 7, ""hum"": 36.01104, ""gas_res"": 25000.0}, {""temp"": 23.22095, ""step"": 4, ""status"": 1, ""pres"": 980.7433, ""meas_profile"": ""HP-6"", ""meas_id"": 6, ""hum"": 35.86339, ""gas_res"": 90555.36}, {""temp"": 23.12321, ""step"": 4, ""status"": 1, ""pres"": 980.4762, ""meas_profile"": ""HP-5"", ""meas_id"": 5, ""hum"": 36.02901, ""gas_res"": 289920.7}, {""temp"": 22.98793, ""step"": 4, ""status"": 1, ""pres"": 980.5725, ""meas_profile"": ""HP-4"", ""meas_id"": 4, ""hum"": 35.33997, ""gas_res"": 281783.2}, {""temp"": 23.14751, ""step"": 4, ""status"": 1, ""pres"": 980.2304, ""meas_profile"": ""HP-3"", ""meas_id"": 3, ""hum"": 35.84467, ""gas_res"": 81089.64}, {""temp"": 23.10974, ""step"": 4, ""status"": 1, ""pres"": 980.3113, ""meas_profile"": ""HP-2"", ""meas_id"": 2, ""hum"": 36.01623, ""gas_res"": 85390.26}, {""temp"": 22.87302, ""step"": 4, ""status"": 1, ""pres"": 980.4242, ""meas_profile"": ""HP-1"", ""meas_id"": 1, ""hum"": 35.69639, ""gas_res"": 36739.38}]}",NULL,"2025-10-29 09:10:30.935283"
14035,"04a600b9b0b8","2025-10-29 09:08:09","zjUUDJyicI9mjz0y4erR","{""bme688"": [{""temp"": 23.15416, ""step"": 3, ""status"": 1, ""pres"": 980.498, ""meas_profile"": ""HP-8"", ""meas_id"": 8, ""hum"": 36.1179, ""gas_res"": 89229.7}, {""temp"": 23.1349, ""step"": 3, ""status"": 1, ""pres"": 980.6147, ""meas_profile"": ""HP-7"", ""meas_id"": 7, ""hum"": 35.99959, ""gas_res"": 100727.9}, {""temp"": 23.22095, ""step"": 3, ""status"": 1, ""pres"": 980.7433, ""meas_profile"": ""HP-6"", ""meas_id"": 6, ""hum"": 35.88081, ""gas_res"": 442046.2}, {""temp"": 23.1229, ""step"": 3, ""status"": 1, ""pres"": 980.4756, ""meas_profile"": ""HP-5"", ""meas_id"": 5, ""hum"": 36.04046, ""gas_res"": 1426184.0}, {""temp"": 22.98793, ""step"": 3, ""status"": 1, ""pres"": 980.5725, ""meas_profile"": ""HP-4"", ""meas_id"": 4, ""hum"": 35.32838, ""gas_res"": 1805598.0}, {""temp"": 23.14751, ""step"": 3, ""status"": 1, ""pres"": 980.2304, ""meas_profile"": ""HP-3"", ""meas_id"": 3, ""hum"": 35.84467, ""gas_res"": 581322.8}, {""temp"": 23.10974, ""step"": 3, ""status"": 1, ""pres"": 980.3113, ""meas_profile"": ""HP-2"", ""meas_id"": 2, ""hum"": 36.02197, ""gas_res"": 741760.3}, {""temp"": 22.87271, ""step"": 3, ""status"": 1, ""pres"": 980.4238, ""meas_profile"": ""HP-1"", ""meas_id"": 1, ""hum"": 35.7023, ""gas_res"": 542516.6}]}",NULL,"2025-10-29 09:10:32.234975"
14036,"04a600b9b0b8","2025-10-29 09:08:09","zjUUDJyicI9mjz0y4erR","{""bme688"": [{""temp"": 23.15416, ""step"": 2, ""status"": 1, ""pres"": 980.4998, ""meas_profile"": ""HP-8"", ""meas_id"": 8, ""hum"": 36.13527, ""gas_res"": 78335.38}, {""temp"": 23.1349, ""step"": 2, ""status"": 1, ""pres"": 980.6147, ""meas_profile"": ""HP-7"", ""meas_id"": 7, ""hum"": 36.01677, ""gas_res"": 83797.05}, {""temp"": 23.22095, ""step"": 2, ""status"": 1, ""pres"": 980.7433, ""meas_profile"": ""HP-6"", ""meas_id"": 6, ""hum"": 35.8692, ""gas_res"": 364542.5}, {""temp"": 23.1229, ""step"": 2, ""status"": 1, ""pres"": 980.4756, ""meas_profile"": ""HP-5"", ""meas_id"": 5, ""hum"": 36.05767, ""gas_res"": 1343391.0}, {""temp"": 22.98762, ""step"": 2, ""status"": 1, ""pres"": 980.5719, ""meas_profile"": ""HP-4"", ""meas_id"": 4, ""hum"": 35.33415, ""gas_res"": 1582689.0}, {""temp"": 23.14751, ""step"": 2, ""status"": 1, ""pres"": 980.2287, ""meas_profile"": ""HP-3"", ""meas_id"": 3, ""hum"": 35.83886, ""gas_res"": 412903.2}, {""temp"": 23.10974, ""step"": 2, ""status"": 1, ""pres"": 980.3113, ""meas_profile"": ""HP-2"", ""meas_id"": 2, ""hum"": 36.01623, ""gas_res"": 493137.5}, {""temp"": 22.87271, ""step"": 2, ""status"": 1, ""pres"": 980.4238, ""meas_profile"": ""HP-1"", ""meas_id"": 1, ""hum"": 35.69637, ""gas_res"": 397669.9}]}",NULL,"2025-10-29 09:10:33.68517"
14037,"04a600b9b0b8","2025-10-29 09:08:09","zjUUDJyicI9mjz0y4erR","{""bme688"": [{""temp"": 23.15385, ""step"": 1, ""status"": 1, ""pres"": 980.4993, ""meas_profile"": ""HP-8"", ""meas_id"": 8, ""hum"": 36.14104, ""gas_res"": 18740.85}, {""temp"": 23.1349, ""step"": 1, ""status"": 1, ""pres"": 980.6147, ""meas_profile"": ""HP-7"", ""meas_id"": 7, ""hum"": 36.02821, ""gas_res"": 17847.18}, {""temp"": 23.22126, ""step"": 1, ""status"": 1, ""pres"": 980.7439, ""meas_profile"": ""HP-6"", ""meas_id"": 6, ""hum"": 35.88084, ""gas_res"": 24946.4}, {""temp"": 23.12321, ""step"": 1, ""status"": 1, ""pres"": 980.4778, ""meas_profile"": ""HP-5"", ""meas_id"": 5, ""hum"": 36.04622, ""gas_res"": 111377.0}, {""temp"": 22.98793, ""step"": 1, ""status"": 1, ""pres"": 980.5709, ""meas_profile"": ""HP-4"", ""meas_id"": 4, ""hum"": 35.34577, ""gas_res"": 98746.38}, {""temp"": 23.14782, ""step"": 1, ""status"": 1, ""pres"": 980.2294, ""meas_profile"": ""HP-3"", ""meas_id"": 3, ""hum"": 35.83889, ""gas_res"": 26332.03}, {""temp"": 23.10974, ""step"": 1, ""status"": 1, ""pres"": 980.3113, ""meas_profile"": ""HP-2"", ""meas_id"": 2, ""hum"": 36.0277, ""gas_res"": 27753.69}, {""temp"": 22.87302, ""step"": 1, ""status"": 1, ""pres"": 980.4242, ""meas_profile"": ""HP-1"", ""meas_id"": 1, ""hum"": 35.70826, ""gas_res"": 25000.0}]}",NULL,"2025-10-29 09:10:34.779966"
14038,"04a600b9b0b8","2025-10-29 09:08:09","zjUUDJyicI9mjz0y4erR","{""bme688"": [{""temp"": 23.15385, ""step"": 0, ""status"": 1, ""pres"": 980.501, ""meas_profile"": ""HP-8"", ""meas_id"": 8, ""hum"": 36.13525, ""gas_res"": 6236.601}, {""temp"": 23.1349, ""step"": 0, ""status"": 1, ""pres"": 980.6164, ""meas_profile"": ""HP-7"", ""meas_id"": 7, ""hum"": 36.01677, ""gas_res"": 7364.787}, {""temp"": 23.22126, ""step"": 0, ""status"": 1, ""pres"": 980.7455, ""meas_profile"": ""HP-6"", ""meas_id"": 6, ""hum"": 35.86922, ""gas_res"": 25000.0}, {""temp"": 23.12321, ""step"": 0, ""status"": 1, ""pres"": 980.4778, ""meas_profile"": ""HP-5"", ""meas_id"": 5, ""hum"": 36.07491, ""gas_res"": 30039.9}, {""temp"": 22.98793, ""step"": 0, ""status"": 1, ""pres"": 980.5725, ""meas_profile"": ""HP-4"", ""meas_id"": 4, ""hum"": 35.32258, ""gas_res"": 25000.0}, {""temp"": 23.14782, ""step"": 0, ""status"": 1, ""pres"": 980.231, ""meas_profile"": ""HP-3"", ""meas_id"": 3, ""hum"": 35.86211, ""gas_res"": 8140.422}, {""temp"": 23.11005, ""step"": 0, ""status"": 1, ""pres"": 980.312, ""meas_profile"": ""HP-2"", ""meas_id"": 2, ""hum"": 36.03347, ""gas_res"": 7119.021}, {""temp"": 22.87271, ""step"": 0, ""status"": 1, ""pres"": 980.4238, ""meas_profile"": ""HP-1"", ""meas_id"": 1, ""hum"": 35.67856, ""gas_res"": 6574.892}]}",NULL,"2025-10-29 09:10:36.060494"
14049,"04a600b9b0b8","2025-10-29 09:10:07","zjUUDJyicI9mjz0y4erR","{""zphs01b"": {""voc"": 0, ""temp"": 20.2, ""pm2_5"": 0, ""pm1_0"": 0, ""pm10"": 300, ""o3"": 0.02, ""no2"": 6.87, ""hum"": 0, ""fmhd"": 0, ""co2"": 5000, ""co"": 0.0}, ""smell_b"": {}, ""sfa30"": {""temp"": 23.385, ""hum"": 37.95, ""fmhd"": 22.2}, ""sen5x"": {""voc"": 104.0, ""temp"": 22.995, ""pm4_0"": 3796.8, ""pm2_5"": 3796.8, ""pm1_0"": 3620.5, ""pm10"": 3796.8, ""nox"": 1.0, ""mass_c"": 3752.725, ""hum"": 43.62}, ""scd41"": {""temp"": 22.47387, ""hum"": 48.31464, ""co2"": 607}, ""power_source"": 0, ""mics6814"": {""red_res"": 0, ""no2_res"": 0, ""no2"": 0.17, ""nh3_res"": 0, ""nh3"": 0.73, ""co_res"": 0, ""co"": 44.0}}",NULL,"2025-10-29 09:11:17.606014"
14050,"04a600b9b0b8","2025-10-29 09:10:07","zjUUDJyicI9mjz0y4erR","{""bme688"": [{""temp"": 23.16003, ""step"": 9, ""status"": 1, ""pres"": 980.4827, ""meas_profile"": ""HP-8"", ""meas_id"": 8, ""hum"": 36.19957, ""gas_res"": 5684.846}, {""temp"": 23.13893, ""step"": 9, ""status"": 1, ""pres"": 980.608, ""meas_profile"": ""HP-7"", ""meas_id"": 7, ""hum"": 36.0916, ""gas_res"": 5684.846}, {""temp"": 23.22219, ""step"": 9, ""status"": 1, ""pres"": 980.7351, ""meas_profile"": ""HP-6"", ""meas_id"": 6, ""hum"": 35.92157, ""gas_res"": 6938.421}, {""temp"": 23.12415, ""step"": 9, ""status"": 1, ""pres"": 980.471, ""meas_profile"": ""HP-5"", ""meas_id"": 5, ""hum"": 36.10944, ""gas_res"": 25000.0}, {""temp"": 22.98886, ""step"": 9, ""status"": 1, ""pres"": 980.5707, ""meas_profile"": ""HP-4"", ""meas_id"": 4, ""hum"": 35.42707, ""gas_res"": 25000.0}, {""temp"": 23.14905, ""step"": 9, ""status"": 1, ""pres"": 980.2263, ""meas_profile"": ""HP-3"", ""meas_id"": 3, ""hum"": 35.96673, ""gas_res"": 8048.29}, {""temp"": 23.10943, ""step"": 9, ""status"": 1, ""pres"": 980.3076, ""meas_profile"": ""HP-2"", ""meas_id"": 2, ""hum"": 36.11374, ""gas_res"": 5941.33}, {""temp"": 22.87364, ""step"": 9, ""status"": 1, ""pres"": 980.4235, ""meas_profile"": ""HP-1"", ""meas_id"": 1, ""hum"": 35.79146, ""gas_res"": 6122.059}]}",NULL,"2025-10-29 09:11:18.936428"
14051,"04a600b9b0b8","2025-10-29 09:10:07","zjUUDJyicI9mjz0y4erR","{""bme688"": [{""temp"": 23.1591, ""step"": 8, ""status"": 1, ""pres"": 980.4832, ""meas_profile"": ""HP-8"", ""meas_id"": 8, ""hum"": 36.21107, ""gas_res"": 5684.846}, {""temp"": 23.13831, ""step"": 8, ""status"": 1, ""pres"": 980.6086, ""meas_profile"": ""HP-7"", ""meas_id"": 7, ""hum"": 36.08581, ""gas_res"": 5684.846}, {""temp"": 23.22187, ""step"": 8, ""status"": 1, ""pres"": 980.7361, ""meas_profile"": ""HP-6"", ""meas_id"": 6, ""hum"": 35.92735, ""gas_res"": 7269.423}, {""temp"": 23.12415, ""step"": 8, ""status"": 1, ""pres"": 980.471, ""meas_profile"": ""HP-5"", ""meas_id"": 5, ""hum"": 36.12666, ""gas_res"": 25000.0}, {""temp"": 22.98886, ""step"": 8, ""status"": 1, ""pres"": 980.5707, ""meas_profile"": ""HP-4"", ""meas_id"": 4, ""hum"": 35.42127, ""gas_res"": 25000.0}, {""temp"": 23.14874, ""step"": 8, ""status"": 1, ""pres"": 980.226, ""meas_profile"": ""HP-3"", ""meas_id"": 3, ""hum"": 35.95508, ""gas_res"": 7225.107}, {""temp"": 23.10943, ""step"": 8, ""status"": 1, ""pres"": 980.3092, ""meas_profile"": ""HP-2"", ""meas_id"": 2, ""hum"": 36.11948, ""gas_res"": 8072.654}, {""temp"": 22.87333, ""step"": 8, ""status"": 1, ""pres"": 980.4229, ""meas_profile"": ""HP-1"", ""meas_id"": 1, ""hum"": 35.8033, ""gas_res"": 6178.799}]}",NULL,"2025-10-29 09:11:20.343814"
14052,"04a600b9b0b8","2025-10-29 09:10:07","zjUUDJyicI9mjz0y4erR","{""bme688"": [{""temp"": 23.15848, ""step"": 7, ""status"": 1, ""pres"": 980.4838, ""meas_profile"": ""HP-8"", ""meas_id"": 8, ""hum"": 36.2168, ""gas_res"": 5684.846}, {""temp"": 23.138, ""step"": 7, ""status"": 1, ""pres"": 980.6082, ""meas_profile"": ""HP-7"", ""meas_id"": 7, ""hum"": 36.09151, ""gas_res"": 5684.846}, {""temp"": 23.22187, ""step"": 7, ""status"": 1, ""pres"": 980.7361, ""meas_profile"": ""HP-6"", ""meas_id"": 6, ""hum"": 35.92735, ""gas_res"": 7395.424}, {""temp"": 23.12415, ""step"": 7, ""status"": 1, ""pres"": 980.4727, ""meas_profile"": ""HP-5"", ""meas_id"": 5, ""hum"": 36.10944, ""gas_res"": 25000.0}, {""temp"": 22.98886, ""step"": 7, ""status"": 1, ""pres"": 980.5707, ""meas_profile"": ""HP-4"", ""meas_id"": 4, ""hum"": 35.42127, ""gas_res"": 21585.16}, {""temp"": 23.14843, ""step"": 7, ""status"": 1, ""pres"": 980.2253, ""meas_profile"": ""HP-3"", ""meas_id"": 3, ""hum"": 35.95506, ""gas_res"": 6506.71}, {""temp"": 23.10912, ""step"": 7, ""status"": 1, ""pres"": 980.3088, ""meas_profile"": ""HP-2"", ""meas_id"": 2, ""hum"": 36.11945, ""gas_res"": 7309.273}, {""temp"": 22.87333, ""step"": 7, ""status"": 1, ""pres"": 980.4229, ""meas_profile"": ""HP-1"", ""meas_id"": 1, ""hum"": 35.80925, ""gas_res"": 7304.269}]}",NULL,"2025-10-29 09:11:21.498698"
14053,"04a600b9b0b8","2025-10-29 09:10:07","zjUUDJyicI9mjz0y4erR","{""bme688"": [{""temp"": 23.15817, ""step"": 6, ""status"": 1, ""pres"": 980.4833, ""meas_profile"": ""HP-8"", ""meas_id"": 8, ""hum"": 36.1936, ""gas_res"": 15976.04}, {""temp"": 23.13769, ""step"": 6, ""status"": 1, ""pres"": 980.6093, ""meas_profile"": ""HP-7"", ""meas_id"": 7, ""hum"": 36.10293, ""gas_res"": 18043.42}, {""temp"": 23.22157, ""step"": 6, ""status"": 1, ""pres"": 980.7374, ""meas_profile"": ""HP-6"", ""meas_id"": 6, ""hum"": 35.93893, ""gas_res"": 31952.07}, {""temp"": 23.12384, ""step"": 6, ""status"": 1, ""pres"": 980.472, ""meas_profile"": ""HP-5"", ""meas_id"": 5, ""hum"": 36.12089, ""gas_res"": 115367.3}, {""temp"": 22.98855, ""step"": 6, ""status"": 1, ""pres"": 980.5719, ""meas_profile"": ""HP-4"", ""meas_id"": 4, ""hum"": 35.41544, ""gas_res"": 116231.6}, {""temp"": 23.14843, ""step"": 6, ""status"": 1, ""pres"": 980.2271, ""meas_profile"": ""HP-3"", ""meas_id"": 3, ""hum"": 35.94344, ""gas_res"": 34820.46}, {""temp"": 23.10912, ""step"": 6, ""status"": 1, ""pres"": 980.3088, ""meas_profile"": ""HP-2"", ""meas_id"": 2, ""hum"": 36.13667, ""gas_res"": 46010.07}, {""temp"": 22.87333, ""step"": 6, ""status"": 1, ""pres"": 980.4229, ""meas_profile"": ""HP-1"", ""meas_id"": 1, ""hum"": 35.79736, ""gas_res"": 37813.89}]}",NULL,"2025-10-29 09:11:22.777084"
14054,"04a600b9b0b8","2025-10-29 09:10:07","zjUUDJyicI9mjz0y4erR","{""bme688"": [{""temp"": 23.15817, ""step"": 5, ""status"": 1, ""pres"": 980.4851, ""meas_profile"": ""HP-8"", ""meas_id"": 8, ""hum"": 36.19939, ""gas_res"": 15880.89}, {""temp"": 23.13738, ""step"": 5, ""status"": 1, ""pres"": 980.6088, ""meas_profile"": ""HP-7"", ""meas_id"": 7, ""hum"": 36.09145, ""gas_res"": 17952.31}, {""temp"": 23.22157, ""step"": 5, ""status"": 1, ""pres"": 980.7374, ""meas_profile"": ""HP-6"", ""meas_id"": 6, ""hum"": 35.92731, ""gas_res"": 31597.14}, {""temp"": 23.12352, ""step"": 5, ""status"": 1, ""pres"": 980.4716, ""meas_profile"": ""HP-5"", ""meas_id"": 5, ""hum"": 36.12086, ""gas_res"": 114515.8}, {""temp"": 22.98824, ""step"": 5, ""status"": 1, ""pres"": 980.5715, ""meas_profile"": ""HP-4"", ""meas_id"": 4, ""hum"": 35.41541, ""gas_res"": 114592.7}, {""temp"": 23.14843, ""step"": 5, ""status"": 1, ""pres"": 980.2271, ""meas_profile"": ""HP-3"", ""meas_id"": 3, ""hum"": 35.93763, ""gas_res"": 33015.22}, {""temp"": 23.10912, ""step"": 5, ""status"": 1, ""pres"": 980.3088, ""meas_profile"": ""HP-2"", ""meas_id"": 2, ""hum"": 36.11372, ""gas_res"": 43170.32}, {""temp"": 22.87333, ""step"": 5, ""status"": 1, ""pres"": 980.4229, ""meas_profile"": ""HP-1"", ""meas_id"": 1, ""hum"": 35.79142, ""gas_res"": 34820.46}]}",NULL,"2025-10-29 09:11:24.057206"
14055,"04a600b9b0b8","2025-10-29 09:10:07","zjUUDJyicI9mjz0y4erR","{""bme688"": [{""temp"": 23.15756, ""step"": 4, ""status"": 1, ""pres"": 980.4858, ""meas_profile"": ""HP-8"", ""meas_id"": 8, ""hum"": 36.21672, ""gas_res"": 15880.89}, {""temp"": 23.13707, ""step"": 4, ""status"": 1, ""pres"": 980.61, ""meas_profile"": ""HP-7"", ""meas_id"": 7, ""hum"": 36.09714, ""gas_res"": 17787.66}, {""temp"": 23.22126, ""step"": 4, ""status"": 1, ""pres"": 980.7386, ""meas_profile"": ""HP-6"", ""meas_id"": 6, ""hum"": 35.94471, ""gas_res"": 31480.57}, {""temp"": 23.1229, ""step"": 4, ""status"": 1, ""pres"": 980.4705, ""meas_profile"": ""HP-5"", ""meas_id"": 5, ""hum"": 36.12654, ""gas_res"": 114362.3}, {""temp"": 22.98793, ""step"": 4, ""status"": 1, ""pres"": 980.5709, ""meas_profile"": ""HP-4"", ""meas_id"": 4, ""hum"": 35.43279, ""gas_res"": 113676.7}, {""temp"": 23.14843, ""step"": 4, ""status"": 1, ""pres"": 980.2271, ""meas_profile"": ""HP-3"", ""meas_id"": 3, ""hum"": 35.95506, ""gas_res"": 31045.36}, {""temp"": 23.10912, ""step"": 4, ""status"": 1, ""pres"": 980.3088, ""meas_profile"": ""HP-2"", ""meas_id"": 2, ""hum"": 36.13667, ""gas_res"": 39640.75}, {""temp"": 22.87333, ""step"": 4, ""status"": 1, ""pres"": 980.4247, ""meas_profile"": ""HP-1"", ""meas_id"": 1, ""hum"": 35.82113, ""gas_res"": 31620.55}]}",NULL,"2025-10-29 09:11:25.428813"
14056,"04a600b9b0b8","2025-10-29 09:10:07","zjUUDJyicI9mjz0y4erR","{""bme688"": [{""temp"": 23.15725, ""step"": 3, ""status"": 1, ""pres"": 980.4854, ""meas_profile"": ""HP-8"", ""meas_id"": 8, ""hum"": 36.22827, ""gas_res"": 23555.39}, {""temp"": 23.13676, ""step"": 3, ""status"": 1, ""pres"": 980.6094, ""meas_profile"": ""HP-7"", ""meas_id"": 7, ""hum"": 36.10857, ""gas_res"": 26170.52}, {""temp"": 23.22095, ""step"": 3, ""status"": 1, ""pres"": 980.7381, ""meas_profile"": ""HP-6"", ""meas_id"": 6, ""hum"": 35.94468, ""gas_res"": 63334.98}, {""temp"": 23.12259, ""step"": 3, ""status"": 1, ""pres"": 980.4717, ""meas_profile"": ""HP-5"", ""meas_id"": 5, ""hum"": 36.13799, ""gas_res"": 157684.0}, {""temp"": 22.98731, ""step"": 3, ""status"": 1, ""pres"": 980.5698, ""meas_profile"": ""HP-4"", ""meas_id"": 4, ""hum"": 35.43274, ""gas_res"": 203862.2}, {""temp"": 23.14812, ""step"": 3, ""status"": 1, ""pres"": 980.2266, ""meas_profile"": ""HP-3"", ""meas_id"": 3, ""hum"": 35.96664, ""gas_res"": 87491.45}, {""temp"": 23.10881, ""step"": 3, ""status"": 1, ""pres"": 980.3083, ""meas_profile"": ""HP-2"", ""meas_id"": 2, ""hum"": 36.12516, ""gas_res"": 131147.5}, {""temp"": 22.87302, ""step"": 3, ""status"": 1, ""pres"": 980.4242, ""meas_profile"": ""HP-1"", ""meas_id"": 1, ""hum"": 35.83297, ""gas_res"": 103225.8}]}",NULL,"2025-10-29 09:11:26.617793"
14057,"04a600b9b0b8","2025-10-29 09:10:07","zjUUDJyicI9mjz0y4erR","{""bme688"": [{""temp"": 23.15694, ""step"": 2, ""status"": 1, ""pres"": 980.4866, ""meas_profile"": ""HP-8"", ""meas_id"": 8, ""hum"": 36.22245, ""gas_res"": 36994.22}, {""temp"": 23.13645, ""step"": 2, ""status"": 1, ""pres"": 980.6106, ""meas_profile"": ""HP-7"", ""meas_id"": 7, ""hum"": 36.10854, ""gas_res"": 43170.32}, {""temp"": 23.22064, ""step"": 2, ""status"": 1, ""pres"": 980.7393, ""meas_profile"": ""HP-6"", ""meas_id"": 6, ""hum"": 35.94465, ""gas_res"": 139623.7}, {""temp"": 23.12227, ""step"": 2, ""status"": 1, ""pres"": 980.4711, ""meas_profile"": ""HP-5"", ""meas_id"": 5, ""hum"": 36.1437, ""gas_res"": 423140.5}, {""temp"": 22.98731, ""step"": 2, ""status"": 1, ""pres"": 980.5698, ""meas_profile"": ""HP-4"", ""meas_id"": 4, ""hum"": 35.43274, ""gas_res"": 486807.7}, {""temp"": 23.14782, ""step"": 2, ""status"": 1, ""pres"": 980.2276, ""meas_profile"": ""HP-3"", ""meas_id"": 3, ""hum"": 35.98403, ""gas_res"": 184238.9}, {""temp"": 23.10881, ""step"": 2, ""status"": 1, ""pres"": 980.31, ""meas_profile"": ""HP-2"", ""meas_id"": 2, ""hum"": 36.13665, ""gas_res"": 284365.5}, {""temp"": 22.87271, ""step"": 2, ""status"": 1, ""pres"": 980.4238, ""meas_profile"": ""HP-1"", ""meas_id"": 1, ""hum"": 35.81512, ""gas_res"": 215715.2}]}",NULL,"2025-10-29 09:11:27.899301"
14058,"04a600b9b0b8","2025-10-29 09:10:07","zjUUDJyicI9mjz0y4erR","{""bme688"": [{""temp"": 23.15694, ""step"": 1, ""status"": 1, ""pres"": 980.4885, ""meas_profile"": ""HP-8"", ""meas_id"": 8, ""hum"": 36.19348, ""gas_res"": 8698.016}, {""temp"": 23.13676, ""step"": 1, ""status"": 1, ""pres"": 980.6111, ""meas_profile"": ""HP-7"", ""meas_id"": 7, ""hum"": 36.10857, ""gas_res"": 9370.425}, {""temp"": 23.22033, ""step"": 1, ""status"": 1, ""pres"": 980.7388, ""meas_profile"": ""HP-6"", ""meas_id"": 6, ""hum"": 35.94461, ""gas_res"": 25000.0}, {""temp"": 23.12227, ""step"": 1, ""status"": 1, ""pres"": 980.4711, ""meas_profile"": ""HP-5"", ""meas_id"": 5, ""hum"": 36.13795, ""gas_res"": 34233.75}, {""temp"": 22.98731, ""step"": 1, ""status"": 1, ""pres"": 980.5715, ""meas_profile"": ""HP-4"", ""meas_id"": 4, ""hum"": 35.43274, ""gas_res"": 30710.17}, {""temp"": 23.14782, ""step"": 1, ""status"": 1, ""pres"": 980.2276, ""meas_profile"": ""HP-3"", ""meas_id"": 3, ""hum"": 35.97823, ""gas_res"": 25000.0}, {""temp"": 23.10881, ""step"": 1, ""status"": 1, ""pres"": 980.31, ""meas_profile"": ""HP-2"", ""meas_id"": 2, ""hum"": 36.13091, ""gas_res"": 25000.0}, {""temp"": 22.87271, ""step"": 1, ""status"": 1, ""pres"": 980.4238, ""meas_profile"": ""HP-1"", ""meas_id"": 1, ""hum"": 35.82107, ""gas_res"": 25000.0}]}",NULL,"2025-10-29 09:11:29.187574"
14059,"04a600b9b0b8","2025-10-29 09:10:07","zjUUDJyicI9mjz0y4erR","{""bme688"": [{""temp"": 23.15663, ""step"": 0, ""status"": 1, ""pres"": 980.4879, ""meas_profile"": ""HP-8"", ""meas_id"": 8, ""hum"": 36.22242, ""gas_res"": 5911.694}, {""temp"": 23.13645, ""step"": 0, ""status"": 1, ""pres"": 980.6106, ""meas_profile"": ""HP-7"", ""meas_id"": 7, ""hum"": 36.12, ""gas_res"": 6225.681}, {""temp"": 23.22033, ""step"": 0, ""status"": 1, ""pres"": 980.7388, ""meas_profile"": ""HP-6"", ""meas_id"": 6, ""hum"": 35.95042, ""gas_res"": 7761.339}, {""temp"": 23.12227, ""step"": 0, ""status"": 1, ""pres"": 980.4729, ""meas_profile"": ""HP-5"", ""meas_id"": 5, ""hum"": 36.1437, ""gas_res"": 25000.0}, {""temp"": 22.98731, ""step"": 0, ""status"": 1, ""pres"": 980.5715, ""meas_profile"": ""HP-4"", ""meas_id"": 4, ""hum"": 35.43274, ""gas_res"": 20867.3}, {""temp"": 23.14751, ""step"": 0, ""status"": 1, ""pres"": 980.2271, ""meas_profile"": ""HP-3"", ""meas_id"": 3, ""hum"": 35.96077, ""gas_res"": 6080.183}, {""temp"": 23.1085, ""step"": 0, ""status"": 1, ""pres"": 980.3094, ""meas_profile"": ""HP-2"", ""meas_id"": 2, ""hum"": 36.13087, ""gas_res"": 6636.25}, {""temp"": 22.87239, ""step"": 0, ""status"": 1, ""pres"": 980.4233, ""meas_profile"": ""HP-1"", ""meas_id"": 1, ""hum"": 35.82697, ""gas_res"": 6686.168}]}",NULL,"2025-10-29 09:11:30.549903"
14060,"04a600b9b0b8","2025-10-29 09:11:15","zjUUDJyicI9mjz0y4erR","{""zphs01b"": {""voc"": 0, ""temp"": 20.3, ""pm2_5"": 0, ""pm1_0"": 0, ""pm10"": 314, ""o3"": 0.02, ""no2"": 10.0, ""hum"": 0, ""fmhd"": 0, ""co2"": 5000, ""co"": 0.0}, ""smell_b"": {}, ""sfa30"": {""temp"": 23.435, ""hum"": 37.98, ""fmhd"": 21.2}, ""sen5x"": {""voc"": 103.0, ""temp"": 22.935, ""pm4_0"": 4540.7, ""pm2_5"": 4540.7, ""pm1_0"": 4329.8, ""pm10"": 4540.7, ""nox"": 1.0, ""mass_c"": 4487.975, ""hum"": 44.11}, ""scd41"": {""temp"": 22.64477, ""hum"": 48.2414, ""co2"": 593}, ""power_source"": 0, ""mics6814"": {""red_res"": 0, ""no2_res"": 0, ""no2"": 0.17, ""nh3_res"": 0, ""nh3"": 0.73, ""co_res"": 0, ""co"": 44.0}}",NULL,"2025-10-29 09:12:33.775751"
14061,"04a600b9b0b8","2025-10-29 09:11:15","zjUUDJyicI9mjz0y4erR","{""bme688"": [{""temp"": 23.17238, ""step"": 9, ""status"": 1, ""pres"": 980.4741, ""meas_profile"": ""HP-8"", ""meas_id"": 8, ""hum"": 36.21237, ""gas_res"": 5684.846}, {""temp"": 23.14825, ""step"": 9, ""status"": 1, ""pres"": 980.605, ""meas_profile"": ""HP-7"", ""meas_id"": 7, ""hum"": 36.11542, ""gas_res"": 5840.482}, {""temp"": 23.22898, ""step"": 9, ""status"": 1, ""pres"": 980.7253, ""meas_profile"": ""HP-6"", ""meas_id"": 6, ""hum"": 35.96289, ""gas_res"": 7778.318}, {""temp"": 23.13165, ""step"": 9, ""status"": 1, ""pres"": 980.4648, ""meas_profile"": ""HP-5"", ""meas_id"": 5, ""hum"": 36.16758, ""gas_res"": 25000.0}, {""temp"": 22.99383, ""step"": 9, ""status"": 1, ""pres"": 980.5673, ""meas_profile"": ""HP-4"", ""meas_id"": 4, ""hum"": 35.46238, ""gas_res"": 25000.0}, {""temp"": 23.15431, ""step"": 9, ""status"": 1, ""pres"": 980.2198, ""meas_profile"": ""HP-3"", ""meas_id"": 3, ""hum"": 35.99047, ""gas_res"": 7639.055}, {""temp"": 23.11316, ""step"": 9, ""status"": 1, ""pres"": 980.3035, ""meas_profile"": ""HP-2"", ""meas_id"": 2, ""hum"": 36.16578, ""gas_res"": 7922.753}, {""temp"": 22.87955, ""step"": 9, ""status"": 1, ""pres"": 980.4218, ""meas_profile"": ""HP-1"", ""meas_id"": 1, ""hum"": 35.83361, ""gas_res"": 6196.747}]}",NULL,"2025-10-29 09:12:35.105704"
14062,"04a600b9b0b8","2025-10-29 09:11:15","zjUUDJyicI9mjz0y4erR","{""bme688"": [{""temp"": 23.17145, ""step"": 8, ""status"": 1, ""pres"": 980.4744, ""meas_profile"": ""HP-8"", ""meas_id"": 8, ""hum"": 36.21228, ""gas_res"": 5684.846}, {""temp"": 23.14763, ""step"": 8, ""status"": 1, ""pres"": 980.6057, ""meas_profile"": ""HP-7"", ""meas_id"": 7, ""hum"": 36.09817, ""gas_res"": 5862.954}, {""temp"": 23.22867, ""step"": 8, ""status"": 1, ""pres"": 980.7266, ""meas_profile"": ""HP-6"", ""meas_id"": 6, ""hum"": 35.97447, ""gas_res"": 7994.004}, {""temp"": 23.13134, ""step"": 8, ""status"": 1, ""pres"": 980.4643, ""meas_profile"": ""HP-5"", ""meas_id"": 5, ""hum"": 36.14458, ""gas_res"": 25000.0}, {""temp"": 22.99352, ""step"": 8, ""status"": 1, ""pres"": 980.5684, ""meas_profile"": ""HP-4"", ""meas_id"": 4, ""hum"": 35.46235, ""gas_res"": 25000.0}, {""temp"": 23.154, ""step"": 8, ""status"": 1, ""pres"": 980.2194, ""meas_profile"": ""HP-3"", ""meas_id"": 3, ""hum"": 36.00206, ""gas_res"": 6827.395}, {""temp"": 23.11285, ""step"": 8, ""status"": 1, ""pres"": 980.303, ""meas_profile"": ""HP-2"", ""meas_id"": 2, ""hum"": 36.16574, ""gas_res"": 7710.843}, {""temp"": 22.87924, ""step"": 8, ""status"": 1, ""pres"": 980.4213, ""meas_profile"": ""HP-1"", ""meas_id"": 1, ""hum"": 35.84547, ""gas_res"": 6175.222}]}",NULL,"2025-10-29 09:12:36.565139"
14063,"04a600b9b0b8","2025-10-29 09:11:15","zjUUDJyicI9mjz0y4erR","{""bme688"": [{""temp"": 23.17053, ""step"": 7, ""status"": 1, ""pres"": 980.4746, ""meas_profile"": ""HP-8"", ""meas_id"": 8, ""hum"": 36.23537, ""gas_res"": 5684.846}, {""temp"": 23.14701, ""step"": 7, ""status"": 1, ""pres"": 980.6047, ""meas_profile"": ""HP-7"", ""meas_id"": 7, ""hum"": 36.12102, ""gas_res"": 5764.727}, {""temp"": 23.22836, ""step"": 7, ""status"": 1, ""pres"": 980.726, ""meas_profile"": ""HP-6"", ""meas_id"": 6, ""hum"": 35.95701, ""gas_res"": 7881.773}, {""temp"": 23.13103, ""step"": 7, ""status"": 1, ""pres"": 980.4654, ""meas_profile"": ""HP-5"", ""meas_id"": 5, ""hum"": 36.1503, ""gas_res"": 25000.0}, {""temp"": 22.99352, ""step"": 7, ""status"": 1, ""pres"": 980.5684, ""meas_profile"": ""HP-4"", ""meas_id"": 4, ""hum"": 35.45654, ""gas_res"": 25000.0}, {""temp"": 23.15369, ""step"": 7, ""status"": 1, ""pres"": 980.2205, ""meas_profile"": ""HP-3"", ""meas_id"": 3, ""hum"": 35.99041, ""gas_res"": 6157.398}, {""temp"": 23.11285, ""step"": 7, ""status"": 1, ""pres"": 980.303, ""meas_profile"": ""HP-2"", ""meas_id"": 2, ""hum"": 36.17723, ""gas_res"": 7133.304}, {""temp"": 22.87893, ""step"": 7, ""status"": 1, ""pres"": 980.4226, ""meas_profile"": ""HP-1"", ""meas_id"": 1, ""hum"": 35.83355, ""gas_res"": 7946.362}]}",NULL,"2025-10-29 09:12:37.657526"
14064,"04a600b9b0b8","2025-10-29 09:11:15","zjUUDJyicI9mjz0y4erR","{""bme688"": [{""temp"": 23.16991, ""step"": 6, ""status"": 1, ""pres"": 980.4737, ""meas_profile"": ""HP-8"", ""meas_id"": 8, ""hum"": 36.21792, ""gas_res"": 16330.7}, {""temp"": 23.14639, ""step"": 6, ""status"": 1, ""pres"": 980.6052, ""meas_profile"": ""HP-7"", ""meas_id"": 7, ""hum"": 36.10378, ""gas_res"": 19458.8}, {""temp"": 23.22805, ""step"": 6, ""status"": 1, ""pres"": 980.7273, ""meas_profile"": ""HP-6"", ""meas_id"": 6, ""hum"": 35.9686, ""gas_res"": 35844.3}, {""temp"": 23.1304, ""step"": 6, ""status"": 1, ""pres"": 980.4662, ""meas_profile"": ""HP-5"", ""meas_id"": 5, ""hum"": 36.16745, ""gas_res"": 133926.2}, {""temp"": 22.99321, ""step"": 6, ""status"": 1, ""pres"": 980.5679, ""meas_profile"": ""HP-4"", ""meas_id"": 4, ""hum"": 35.45652, ""gas_res"": 147848.7}, {""temp"": 23.15369, ""step"": 6, ""status"": 1, ""pres"": 980.2205, ""meas_profile"": ""HP-3"", ""meas_id"": 3, ""hum"": 35.98461, ""gas_res"": 45038.71}, {""temp"": 23.11285, ""step"": 6, ""status"": 1, ""pres"": 980.303, ""meas_profile"": ""HP-2"", ""meas_id"": 2, ""hum"": 36.17149, ""gas_res"": 100000.0}, {""temp"": 22.87862, ""step"": 6, ""status"": 1, ""pres"": 980.4221, ""meas_profile"": ""HP-1"", ""meas_id"": 1, ""hum"": 35.82163, ""gas_res"": 89136.49}]}",NULL,"2025-10-29 09:12:38.937571"
14065,"04a600b9b0b8","2025-10-29 09:11:15","zjUUDJyicI9mjz0y4erR","{""bme688"": [{""temp"": 23.16929, ""step"": 5, ""status"": 1, ""pres"": 980.4744, ""meas_profile"": ""HP-8"", ""meas_id"": 8, ""hum"": 36.21786, ""gas_res"": 16145.31}, {""temp"": 23.14607, ""step"": 5, ""status"": 1, ""pres"": 980.6064, ""meas_profile"": ""HP-7"", ""meas_id"": 7, ""hum"": 36.12667, ""gas_res"": 19213.45}, {""temp"": 23.22774, ""step"": 5, ""status"": 1, ""pres"": 980.7286, ""meas_profile"": ""HP-6"", ""meas_id"": 6, ""hum"": 35.96276, ""gas_res"": 35398.23}, {""temp"": 23.12978, ""step"": 5, ""status"": 1, ""pres"": 980.4651, ""meas_profile"": ""HP-5"", ""meas_id"": 5, ""hum"": 36.15017, ""gas_res"": 135199.4}, {""temp"": 22.99321, ""step"": 5, ""status"": 1, ""pres"": 980.5696, ""meas_profile"": ""HP-4"", ""meas_id"": 4, ""hum"": 35.45071, ""gas_res"": 148621.2}, {""temp"": 23.15338, ""step"": 5, ""status"": 1, ""pres"": 980.2216, ""meas_profile"": ""HP-3"", ""meas_id"": 3, ""hum"": 35.97877, ""gas_res"": 43880.7}, {""temp"": 23.11285, ""step"": 5, ""status"": 1, ""pres"": 980.3049, ""meas_profile"": ""HP-2"", ""meas_id"": 2, ""hum"": 36.16, ""gas_res"": 100000.0}, {""temp"": 22.87831, ""step"": 5, ""status"": 1, ""pres"": 980.4216, ""meas_profile"": ""HP-1"", ""meas_id"": 1, ""hum"": 35.83349, ""gas_res"": 84377.06}]}",NULL,"2025-10-29 09:12:40.216614"
14066,"04a600b9b0b8","2025-10-29 09:11:15","zjUUDJyicI9mjz0y4erR","{""bme688"": [{""temp"": 23.16867, ""step"": 4, ""status"": 1, ""pres"": 980.4752, ""meas_profile"": ""HP-8"", ""meas_id"": 8, ""hum"": 36.24098, ""gas_res"": 15952.14}, {""temp"": 23.14545, ""step"": 4, ""status"": 1, ""pres"": 980.6054, ""meas_profile"": ""HP-7"", ""meas_id"": 7, ""hum"": 36.11515, ""gas_res"": 19041.95}, {""temp"": 23.22743, ""step"": 4, ""status"": 1, ""pres"": 980.7296, ""meas_profile"": ""HP-6"", ""meas_id"": 6, ""hum"": 35.95692, ""gas_res"": 35965.16}, {""temp"": 23.12947, ""step"": 4, ""status"": 1, ""pres"": 980.4662, ""meas_profile"": ""HP-5"", ""meas_id"": 5, ""hum"": 36.15588, ""gas_res"": 138828.6}, {""temp"": 22.9929, ""step"": 4, ""status"": 1, ""pres"": 980.5707, ""meas_profile"": ""HP-4"", ""meas_id"": 4, ""hum"": 35.4855, ""gas_res"": 153431.2}, {""temp"": 23.15338, ""step"": 4, ""status"": 1, ""pres"": 980.2233, ""meas_profile"": ""HP-3"", ""meas_id"": 3, ""hum"": 35.98458, ""gas_res"": 43925.88}, {""temp"": 23.11285, ""step"": 4, ""status"": 1, ""pres"": 980.3049, ""meas_profile"": ""HP-2"", ""meas_id"": 2, ""hum"": 36.17149, ""gas_res"": 100000.0}, {""temp"": 22.87769, ""step"": 4, ""status"": 1, ""pres"": 980.4207, ""meas_profile"": ""HP-1"", ""meas_id"": 1, ""hum"": 35.82748, ""gas_res"": 81321.48}]}",NULL,"2025-10-29 09:12:41.685216"
14067,"04a600b9b0b8","2025-10-29 09:11:15","zjUUDJyicI9mjz0y4erR","{""bme688"": [{""temp"": 23.16806, ""step"": 3, ""status"": 1, ""pres"": 980.4761, ""meas_profile"": ""HP-8"", ""meas_id"": 8, ""hum"": 36.2583, ""gas_res"": 9083.168}, {""temp"": 23.14483, ""step"": 3, ""status"": 1, ""pres"": 980.606, ""meas_profile"": ""HP-7"", ""meas_id"": 7, ""hum"": 36.14946, ""gas_res"": 10262.99}, {""temp"": 23.22681, ""step"": 3, ""status"": 1, ""pres"": 980.7286, ""meas_profile"": ""HP-6"", ""meas_id"": 6, ""hum"": 35.97429, ""gas_res"": 21694.92}, {""temp"": 23.12884, ""step"": 3, ""status"": 0, ""pres"": 980.4669, ""meas_profile"": ""HP-5"", ""meas_id"": 5, ""hum"": 36.19027, ""gas_res"": 51026.51}, {""temp"": 22.99228, ""step"": 3, ""status"": 0, ""pres"": 980.5697, ""meas_profile"": ""HP-4"", ""meas_id"": 4, ""hum"": 35.49125, ""gas_res"": 55041.93}, {""temp"": 23.15276, ""step"": 3, ""status"": 1, ""pres"": 980.2224, ""meas_profile"": ""HP-3"", ""meas_id"": 3, ""hum"": 35.99614, ""gas_res"": 32736.57}, {""temp"": 23.11223, ""step"": 3, ""status"": 1, ""pres"": 980.3055, ""meas_profile"": ""HP-2"", ""meas_id"": 2, ""hum"": 36.18291, ""gas_res"": 45277.68}, {""temp"": 22.87738, ""step"": 3, ""status"": 1, ""pres"": 980.4221, ""meas_profile"": ""HP-1"", ""meas_id"": 1, ""hum"": 35.84528, ""gas_res"": 32072.16}]}",NULL,"2025-10-29 09:12:42.814042"
14068,"04a600b9b0b8","2025-10-29 09:11:15","zjUUDJyicI9mjz0y4erR","{""bme688"": [{""temp"": 23.16744, ""step"": 2, ""status"": 1, ""pres"": 980.4767, ""meas_profile"": ""HP-8"", ""meas_id"": 8, ""hum"": 36.27564, ""gas_res"": 32837.35}, {""temp"": 23.14421, ""step"": 2, ""status"": 1, ""pres"": 980.6068, ""meas_profile"": ""HP-7"", ""meas_id"": 7, ""hum"": 36.16087, ""gas_res"": 41410.55}, {""temp"": 23.2262, ""step"": 2, ""status"": 1, ""pres"": 980.7294, ""meas_profile"": ""HP-6"", ""meas_id"": 6, ""hum"": 35.96842, ""gas_res"": 143377.2}, {""temp"": 23.12822, ""step"": 2, ""status"": 1, ""pres"": 980.4658, ""meas_profile"": ""HP-5"", ""meas_id"": 5, ""hum"": 36.20744, ""gas_res"": 442332.6}, {""temp"": 22.99197, ""step"": 2, ""status"": 1, ""pres"": 980.5709, ""meas_profile"": ""HP-4"", ""meas_id"": 4, ""hum"": 35.49702, ""gas_res"": 596562.8}, {""temp"": 23.15245, ""step"": 2, ""status"": 1, ""pres"": 980.2217, ""meas_profile"": ""HP-3"", ""meas_id"": 3, ""hum"": 35.99611, ""gas_res"": 265560.2}, {""temp"": 23.11192, ""step"": 2, ""status"": 1, ""pres"": 980.305, ""meas_profile"": ""HP-2"", ""meas_id"": 2, ""hum"": 36.17714, ""gas_res"": 404343.5}, {""temp"": 22.87706, ""step"": 2, ""status"": 1, ""pres"": 980.4216, ""meas_profile"": ""HP-1"", ""meas_id"": 1, ""hum"": 35.8512, ""gas_res"": 330322.6}]}",NULL,"2025-10-29 09:12:44.064951"
14069,"04a600b9b0b8","2025-10-29 09:11:15","zjUUDJyicI9mjz0y4erR","{""bme688"": [{""temp"": 23.16713, ""step"": 1, ""status"": 1, ""pres"": 980.478, ""meas_profile"": ""HP-8"", ""meas_id"": 8, ""hum"": 36.25822, ""gas_res"": 8585.994}, {""temp"": 23.14421, ""step"": 1, ""status"": 1, ""pres"": 980.6068, ""meas_profile"": ""HP-7"", ""meas_id"": 7, ""hum"": 36.14367, ""gas_res"": 9882.644}, {""temp"": 23.22589, ""step"": 1, ""status"": 1, ""pres"": 980.7289, ""meas_profile"": ""HP-6"", ""meas_id"": 6, ""hum"": 36.00325, ""gas_res"": 25000.0}, {""temp"": 23.12822, ""step"": 1, ""status"": 1, ""pres"": 980.4675, ""meas_profile"": ""HP-5"", ""meas_id"": 5, ""hum"": 36.20744, ""gas_res"": 41491.09}, {""temp"": 22.99197, ""step"": 1, ""status"": 1, ""pres"": 980.5709, ""meas_profile"": ""HP-4"", ""meas_id"": 4, ""hum"": 35.49122, ""gas_res"": 42609.86}, {""temp"": 23.15245, ""step"": 1, ""status"": 1, ""pres"": 980.2234, ""meas_profile"": ""HP-3"", ""meas_id"": 3, ""hum"": 36.01934, ""gas_res"": 24320.73}, {""temp"": 23.11192, ""step"": 1, ""status"": 1, ""pres"": 980.3066, ""meas_profile"": ""HP-2"", ""meas_id"": 2, ""hum"": 36.18863, ""gas_res"": 31761.79}, {""temp"": 22.87675, ""step"": 1, ""status"": 1, ""pres"": 980.4211, ""meas_profile"": ""HP-1"", ""meas_id"": 1, ""hum"": 35.84521, ""gas_res"": 24155.5}]}",NULL,"2025-10-29 09:12:45.339131"
14070,"04a600b9b0b8","2025-10-29 09:11:15","zjUUDJyicI9mjz0y4erR","{""bme688"": [{""temp"": 23.1662, ""step"": 0, ""status"": 1, ""pres"": 980.4766, ""meas_profile"": ""HP-8"", ""meas_id"": 8, ""hum"": 36.27552, ""gas_res"": 5684.846}, {""temp"": 23.14359, ""step"": 0, ""status"": 1, ""pres"": 980.6074, ""meas_profile"": ""HP-7"", ""meas_id"": 7, ""hum"": 36.15507, ""gas_res"": 6025.23}, {""temp"": 23.22558, ""step"": 0, ""status"": 1, ""pres"": 980.7302, ""meas_profile"": ""HP-6"", ""meas_id"": 6, ""hum"": 35.98578, ""gas_res"": 8152.866}, {""temp"": 23.1279, ""step"": 0, ""status"": 1, ""pres"": 980.467, ""meas_profile"": ""HP-5"", ""meas_id"": 5, ""hum"": 36.20167, ""gas_res"": 25000.0}, {""temp"": 22.99166, ""step"": 0, ""status"": 1, ""pres"": 980.5703, ""meas_profile"": ""HP-4"", ""meas_id"": 4, ""hum"": 35.5028, ""gas_res"": 25000.0}, {""temp"": 23.15184, ""step"": 0, ""status"": 1, ""pres"": 980.2225, ""meas_profile"": ""HP-3"", ""meas_id"": 3, ""hum"": 36.00185, ""gas_res"": 6295.495}, {""temp"": 23.11192, ""step"": 0, ""status"": 1, ""pres"": 980.3066, ""meas_profile"": ""HP-2"", ""meas_id"": 2, ""hum"": 36.18863, ""gas_res"": 7114.273}, {""temp"": 22.87644, ""step"": 0, ""status"": 1, ""pres"": 980.4224, ""meas_profile"": ""HP-1"", ""meas_id"": 1, ""hum"": 35.83331, ""gas_res"": 7823.961}]}",NULL,"2025-10-29 09:12:46.804561"
14071,"04a600b9b0b8","2025-10-29 09:10:48","zjUUDJyicI9mjz0y4erR","{""zphs01b"": {""voc"": 0, ""temp"": 20.3, ""pm2_5"": 0, ""pm1_0"": 0, ""pm10"": 312, ""o3"": 0.02, ""no2"": 10.0, ""hum"": 0, ""fmhd"": 0, ""co2"": 5000, ""co"": 0.0}, ""smell_b"": {}, ""sfa30"": {""temp"": 23.415, ""hum"": 37.98, ""fmhd"": 21.6}, ""sen5x"": {""voc"": 104.0, ""temp"": 22.95, ""pm4_0"": 3780.1, ""pm2_5"": 3780.1, ""pm1_0"": 3604.6, ""pm10"": 3780.1, ""nox"": 1.0, ""mass_c"": 3736.225, ""hum"": 43.93}, ""scd41"": {""temp"": 22.56733, ""hum"": 48.34363, ""co2"": 602}, ""power_source"": 0, ""mics6814"": {""red_res"": 0, ""no2_res"": 0, ""no2"": 0.17, ""nh3_res"": 0, ""nh3"": 0.73, ""co_res"": 0, ""co"": 44.0}}",NULL,"2025-10-29 09:12:47.788727"
14072,"04a600b9b0b8","2025-10-29 09:10:48","zjUUDJyicI9mjz0y4erR","{""bme688"": [{""temp"": 23.16558, ""step"": 9, ""status"": 1, ""pres"": 980.4774, ""meas_profile"": ""HP-8"", ""meas_id"": 8, ""hum"": 36.24068, ""gas_res"": 5684.846}, {""temp"": 23.14297, ""step"": 9, ""status"": 1, ""pres"": 980.6063, ""meas_profile"": ""HP-7"", ""meas_id"": 7, ""hum"": 36.1149, ""gas_res"": 5684.846}, {""temp"": 23.22527, ""step"": 9, ""status"": 1, ""pres"": 980.7313, ""meas_profile"": ""HP-6"", ""meas_id"": 6, ""hum"": 35.96252, ""gas_res"": 7314.286}, {""temp"": 23.12759, ""step"": 9, ""status"": 1, ""pres"": 980.4681, ""meas_profile"": ""HP-5"", ""meas_id"": 5, ""hum"": 36.16145, ""gas_res"": 25000.0}, {""temp"": 22.99166, ""step"": 9, ""status"": 1, ""pres"": 980.5703, ""meas_profile"": ""HP-4"", ""meas_id"": 4, ""hum"": 35.46798, ""gas_res"": 25000.0}, {""temp"": 23.15153, ""step"": 9, ""status"": 1, ""pres"": 980.222, ""meas_profile"": ""HP-3"", ""meas_id"": 3, ""hum"": 35.96697, ""gas_res"": 6665.278}, {""temp"": 23.11161, ""step"": 9, ""status"": 1, ""pres"": 980.3061, ""meas_profile"": ""HP-2"", ""meas_id"": 2, ""hum"": 36.1484, ""gas_res"": 6893.581}, {""temp"": 22.87613, ""step"": 9, ""status"": 1, ""pres"": 980.4219, ""meas_profile"": ""HP-1"", ""meas_id"": 1, ""hum"": 35.81546, ""gas_res"": 7672.021}]}",NULL,"2025-10-29 09:12:49.181351"
14073,"04a600b9b0b8","2025-10-29 09:10:48","zjUUDJyicI9mjz0y4erR","{""bme688"": [{""temp"": 23.16497, ""step"": 8, ""status"": 1, ""pres"": 980.4781, ""meas_profile"": ""HP-8"", ""meas_id"": 8, ""hum"": 36.24642, ""gas_res"": 5684.846}, {""temp"": 23.14235, ""step"": 8, ""status"": 1, ""pres"": 980.6069, ""meas_profile"": ""HP-7"", ""meas_id"": 7, ""hum"": 36.12057, ""gas_res"": 5684.846}, {""temp"": 23.22527, ""step"": 8, ""status"": 1, ""pres"": 980.7313, ""meas_profile"": ""HP-6"", ""meas_id"": 6, ""hum"": 35.95671, ""gas_res"": 7421.15}, {""temp"": 23.12759, ""step"": 8, ""status"": 1, ""pres"": 980.4681, ""meas_profile"": ""HP-5"", ""meas_id"": 5, ""hum"": 36.14996, ""gas_res"": 25000.0}, {""temp"": 22.99135, ""step"": 8, ""status"": 1, ""pres"": 980.5699, ""meas_profile"": ""HP-4"", ""meas_id"": 4, ""hum"": 35.44473, ""gas_res"": 25000.0}, {""temp"": 23.15122, ""step"": 8, ""status"": 1, ""pres"": 980.2232, ""meas_profile"": ""HP-3"", ""meas_id"": 3, ""hum"": 35.97856, ""gas_res"": 5954.596}, {""temp"": 23.11161, ""step"": 8, ""status"": 1, ""pres"": 980.3061, ""meas_profile"": ""HP-2"", ""meas_id"": 2, ""hum"": 36.1484, ""gas_res"": 6522.625}, {""temp"": 22.87582, ""step"": 8, ""status"": 1, ""pres"": 980.4214, ""meas_profile"": ""HP-1"", ""meas_id"": 1, ""hum"": 35.82731, ""gas_res"": 7205.584}]}",NULL,"2025-10-29 09:12:50.457181"
14074,"04a600b9b0b8","2025-10-29 09:10:48","zjUUDJyicI9mjz0y4erR","{""bme688"": [{""temp"": 23.16404, ""step"": 7, ""status"": 1, ""pres"": 980.4785, ""meas_profile"": ""HP-8"", ""meas_id"": 8, ""hum"": 36.22315, ""gas_res"": 5684.846}, {""temp"": 23.14173, ""step"": 7, ""status"": 1, ""pres"": 980.6058, ""meas_profile"": ""HP-7"", ""meas_id"": 7, ""hum"": 36.11478, ""gas_res"": 5684.846}, {""temp"": 23.22496, ""step"": 7, ""status"": 1, ""pres"": 980.7327, ""meas_profile"": ""HP-6"", ""meas_id"": 6, ""hum"": 35.95668, ""gas_res"": 7552.514}, {""temp"": 23.12728, ""step"": 7, ""status"": 1, ""pres"": 980.4693, ""meas_profile"": ""HP-5"", ""meas_id"": 5, ""hum"": 36.14418, ""gas_res"": 25000.0}, {""temp"": 22.99135, ""step"": 7, ""status"": 1, ""pres"": 980.5717, ""meas_profile"": ""HP-4"", ""meas_id"": 4, ""hum"": 35.45053, ""gas_res"": 25000.0}, {""temp"": 23.15091, ""step"": 7, ""status"": 1, ""pres"": 980.2227, ""meas_profile"": ""HP-3"", ""meas_id"": 3, ""hum"": 35.97272, ""gas_res"": 7483.629}, {""temp"": 23.11098, ""step"": 7, ""status"": 1, ""pres"": 980.3069, ""meas_profile"": ""HP-2"", ""meas_id"": 2, ""hum"": 36.15982, ""gas_res"": 6146.754}, {""temp"": 22.87551, ""step"": 7, ""status"": 1, ""pres"": 980.421, ""meas_profile"": ""HP-1"", ""meas_id"": 1, ""hum"": 35.83321, ""gas_res"": 6522.625}]}",NULL,"2025-10-29 09:12:51.929784"
14075,"04a600b9b0b8","2025-10-29 09:10:48","zjUUDJyicI9mjz0y4erR","{""bme688"": [{""temp"": 23.16373, ""step"": 6, ""status"": 1, ""pres"": 980.4797, ""meas_profile"": ""HP-8"", ""meas_id"": 8, ""hum"": 36.2347, ""gas_res"": 15567.99}, {""temp"": 23.14142, ""step"": 6, ""status"": 1, ""pres"": 980.6071, ""meas_profile"": ""HP-7"", ""meas_id"": 7, ""hum"": 36.12048, ""gas_res"": 18073.99}, {""temp"": 23.22466, ""step"": 6, ""status"": 1, ""pres"": 980.7321, ""meas_profile"": ""HP-6"", ""meas_id"": 6, ""hum"": 35.95665, ""gas_res"": 32388.66}, {""temp"": 23.12696, ""step"": 6, ""status"": 1, ""pres"": 980.4689, ""meas_profile"": ""HP-5"", ""meas_id"": 5, ""hum"": 36.15564, ""gas_res"": 120244.3}, {""temp"": 22.99104, ""step"": 6, ""status"": 1, ""pres"": 980.5711, ""meas_profile"": ""HP-4"", ""meas_id"": 4, ""hum"": 35.4505, ""gas_res"": 126388.5}, {""temp"": 23.15091, ""step"": 6, ""status"": 1, ""pres"": 980.2244, ""meas_profile"": ""HP-3"", ""meas_id"": 3, ""hum"": 35.98434, ""gas_res"": 38600.72}, {""temp"": 23.11098, ""step"": 6, ""status"": 1, ""pres"": 980.3069, ""meas_profile"": ""HP-2"", ""meas_id"": 2, ""hum"": 36.14834, ""gas_res"": 88215.02}, {""temp"": 22.87551, ""step"": 6, ""status"": 1, ""pres"": 980.421, ""meas_profile"": ""HP-1"", ""meas_id"": 1, ""hum"": 35.83321, ""gas_res"": 43214.04}]}",NULL,"2025-10-29 09:12:53.017613"
14076,"04a600b9b0b8","2025-10-29 09:10:48","zjUUDJyicI9mjz0y4erR","{""bme688"": [{""temp"": 23.16311, ""step"": 5, ""status"": 1, ""pres"": 980.4805, ""meas_profile"": ""HP-8"", ""meas_id"": 8, ""hum"": 36.23464, ""gas_res"": 15344.04}, {""temp"": 23.14111, ""step"": 5, ""status"": 1, ""pres"": 980.6067, ""meas_profile"": ""HP-7"", ""meas_id"": 7, ""hum"": 36.11472, ""gas_res"": 17787.66}, {""temp"": 23.22435, ""step"": 5, ""status"": 1, ""pres"": 980.7333, ""meas_profile"": ""HP-6"", ""meas_id"": 6, ""hum"": 35.9392, ""gas_res"": 32168.89}, {""temp"": 23.12634, ""step"": 5, ""status"": 1, ""pres"": 980.4695, ""meas_profile"": ""HP-5"", ""meas_id"": 5, ""hum"": 36.15558, ""gas_res"": 119403.0}, {""temp"": 22.99042, ""step"": 5, ""status"": 1, ""pres"": 980.5699, ""meas_profile"": ""HP-4"", ""meas_id"": 4, ""hum"": 35.45624, ""gas_res"": 124001.0}, {""temp"": 23.1506, ""step"": 5, ""status"": 1, ""pres"": 980.2238, ""meas_profile"": ""HP-3"", ""meas_id"": 3, ""hum"": 35.9785, ""gas_res"": 36613.27}, {""temp"": 23.11067, ""step"": 5, ""status"": 1, ""pres"": 980.3063, ""meas_profile"": ""HP-2"", ""meas_id"": 2, ""hum"": 36.17128, ""gas_res"": 82262.21}, {""temp"": 22.8752, ""step"": 5, ""status"": 1, ""pres"": 980.4222, ""meas_profile"": ""HP-1"", ""meas_id"": 1, ""hum"": 35.83318, ""gas_res"": 39937.6}]}",NULL,"2025-10-29 09:12:54.298529"
14077,"04a600b9b0b8","2025-10-29 09:10:48","zjUUDJyicI9mjz0y4erR","{""bme688"": [{""temp"": 23.1625, ""step"": 4, ""status"": 1, ""pres"": 980.4796, ""meas_profile"": ""HP-8"", ""meas_id"": 8, ""hum"": 36.25777, ""gas_res"": 15223.6}, {""temp"": 23.14048, ""step"": 4, ""status"": 1, ""pres"": 980.6072, ""meas_profile"": ""HP-7"", ""meas_id"": 7, ""hum"": 36.12612, ""gas_res"": 17611.45}, {""temp"": 23.22404, ""step"": 4, ""status"": 1, ""pres"": 980.7346, ""meas_profile"": ""HP-6"", ""meas_id"": 6, ""hum"": 35.9624, ""gas_res"": 32048.07}, {""temp"": 23.12571, ""step"": 4, ""status"": 1, ""pres"": 980.4684, ""meas_profile"": ""HP-5"", ""meas_id"": 5, ""hum"": 36.14404, ""gas_res"": 120925.8}, {""temp"": 22.99011, ""step"": 4, ""status"": 1, ""pres"": 980.5712, ""meas_profile"": ""HP-4"", ""meas_id"": 4, ""hum"": 35.46782, ""gas_res"": 124271.8}, {""temp"": 23.1506, ""step"": 4, ""status"": 1, ""pres"": 980.2255, ""meas_profile"": ""HP-3"", ""meas_id"": 3, ""hum"": 35.99012, ""gas_res"": 34877.38}, {""temp"": 23.11067, ""step"": 4, ""status"": 1, ""pres"": 980.3079, ""meas_profile"": ""HP-2"", ""meas_id"": 2, ""hum"": 36.16553, ""gas_res"": 46460.98}, {""temp"": 22.8752, ""step"": 4, ""status"": 1, ""pres"": 980.4222, ""meas_profile"": ""HP-1"", ""meas_id"": 1, ""hum"": 35.8213, ""gas_res"": 36930.18}]}",NULL,"2025-10-29 09:12:55.578776"
14078,"04a600b9b0b8","2025-10-29 09:10:48","zjUUDJyicI9mjz0y4erR","{""bme688"": [{""temp"": 23.16188, ""step"": 3, ""status"": 1, ""pres"": 980.4803, ""meas_profile"": ""HP-8"", ""meas_id"": 8, ""hum"": 36.25771, ""gas_res"": 12989.65}, {""temp"": 23.14017, ""step"": 3, ""status"": 1, ""pres"": 980.6066, ""meas_profile"": ""HP-7"", ""meas_id"": 7, ""hum"": 36.12609, ""gas_res"": 14050.49}, {""temp"": 23.22342, ""step"": 3, ""status"": 1, ""pres"": 980.7352, ""meas_profile"": ""HP-6"", ""meas_id"": 6, ""hum"": 36.00301, ""gas_res"": 29520.29}, {""temp"": 23.12509, ""step"": 3, ""status"": 1, ""pres"": 980.4692, ""meas_profile"": ""HP-5"", ""meas_id"": 5, ""hum"": 36.17268, ""gas_res"": 61910.52}, {""temp"": 22.98948, ""step"": 3, ""status"": 1, ""pres"": 980.5701, ""meas_profile"": ""HP-4"", ""meas_id"": 4, ""hum"": 35.47357, ""gas_res"": 85819.65}, {""temp"": 23.14998, ""step"": 3, ""status"": 1, ""pres"": 980.2244, ""meas_profile"": ""HP-3"", ""meas_id"": 3, ""hum"": 36.01329, ""gas_res"": 41939.71}, {""temp"": 23.11036, ""step"": 3, ""status"": 1, ""pres"": 980.3074, ""meas_profile"": ""HP-2"", ""meas_id"": 2, ""hum"": 36.18847, ""gas_res"": 60122.13}, {""temp"": 22.87489, ""step"": 3, ""status"": 1, ""pres"": 980.4216, ""meas_profile"": ""HP-1"", ""meas_id"": 1, ""hum"": 35.84504, ""gas_res"": 47583.64}]}",NULL,"2025-10-29 09:12:57.050865"
14079,"04a600b9b0b8","2025-10-29 09:10:48","zjUUDJyicI9mjz0y4erR","{""bme688"": [{""temp"": 23.16157, ""step"": 2, ""status"": 1, ""pres"": 980.4816, ""meas_profile"": ""HP-8"", ""meas_id"": 8, ""hum"": 36.25188, ""gas_res"": 33455.3}, {""temp"": 23.13986, ""step"": 2, ""status"": 1, ""pres"": 980.6079, ""meas_profile"": ""HP-7"", ""meas_id"": 7, ""hum"": 36.14325, ""gas_res"": 40201.0}, {""temp"": 23.22311, ""step"": 2, ""status"": 1, ""pres"": 980.7347, ""meas_profile"": ""HP-6"", ""meas_id"": 6, ""hum"": 35.98555, ""gas_res"": 131349.4}, {""temp"": 23.12477, ""step"": 2, ""status"": 1, ""pres"": 980.4685, ""meas_profile"": ""HP-5"", ""meas_id"": 5, ""hum"": 36.19563, ""gas_res"": 406027.0}, {""temp"": 22.98918, ""step"": 2, ""status"": 1, ""pres"": 980.5696, ""meas_profile"": ""HP-4"", ""meas_id"": 4, ""hum"": 35.47354, ""gas_res"": 492426.1}, {""temp"": 23.14967, ""step"": 2, ""status"": 1, ""pres"": 980.2256, ""meas_profile"": ""HP-3"", ""meas_id"": 3, ""hum"": 35.99583, ""gas_res"": 203619.0}, {""temp"": 23.11005, ""step"": 2, ""status"": 1, ""pres"": 980.3069, ""meas_profile"": ""HP-2"", ""meas_id"": 2, ""hum"": 36.17122, ""gas_res"": 311625.1}, {""temp"": 22.87426, ""step"": 2, ""status"": 1, ""pres"": 980.4225, ""meas_profile"": ""HP-1"", ""meas_id"": 1, ""hum"": 35.84498, ""gas_res"": 239476.1}]}",NULL,"2025-10-29 09:12:58.155029"
14080,"04a600b9b0b8","2025-10-29 09:10:48","zjUUDJyicI9mjz0y4erR","{""bme688"": [{""temp"": 23.16126, ""step"": 1, ""status"": 1, ""pres"": 980.483, ""meas_profile"": ""HP-8"", ""meas_id"": 8, ""hum"": 36.24606, ""gas_res"": 8396.746}, {""temp"": 23.13986, ""step"": 1, ""status"": 1, ""pres"": 980.6096, ""meas_profile"": ""HP-7"", ""meas_id"": 7, ""hum"": 36.13179, ""gas_res"": 9256.581}, {""temp"": 23.2228, ""step"": 1, ""status"": 1, ""pres"": 980.7342, ""meas_profile"": ""HP-6"", ""meas_id"": 6, ""hum"": 35.98552, ""gas_res"": 25000.0}, {""temp"": 23.12446, ""step"": 1, ""status"": 1, ""pres"": 980.4698, ""meas_profile"": ""HP-5"", ""meas_id"": 5, ""hum"": 36.17262, ""gas_res"": 35694.37}, {""temp"": 22.98918, ""step"": 1, ""status"": 1, ""pres"": 980.5712, ""meas_profile"": ""HP-4"", ""meas_id"": 4, ""hum"": 35.49095, ""gas_res"": 33880.36}, {""temp"": 23.14967, ""step"": 1, ""status"": 1, ""pres"": 980.2256, ""meas_profile"": ""HP-3"", ""meas_id"": 3, ""hum"": 36.00164, ""gas_res"": 25000.0}, {""temp"": 23.11005, ""step"": 1, ""status"": 1, ""pres"": 980.3086, ""meas_profile"": ""HP-2"", ""meas_id"": 2, ""hum"": 36.1827, ""gas_res"": 25000.0}, {""temp"": 22.87426, ""step"": 1, ""status"": 1, ""pres"": 980.4225, ""meas_profile"": ""HP-1"", ""meas_id"": 1, ""hum"": 35.84498, ""gas_res"": 25000.0}]}",NULL,"2025-10-29 09:12:59.430443"
14081,"04a600b9b0b8","2025-10-29 09:10:48","zjUUDJyicI9mjz0y4erR","{""bme688"": [{""temp"": 23.16034, ""step"": 0, ""status"": 1, ""pres"": 980.4832, ""meas_profile"": ""HP-8"", ""meas_id"": 8, ""hum"": 36.25176, ""gas_res"": 5684.846}, {""temp"": 23.13955, ""step"": 0, ""status"": 1, ""pres"": 980.6091, ""meas_profile"": ""HP-7"", ""meas_id"": 7, ""hum"": 36.13749, ""gas_res"": 6004.879}, {""temp"": 23.22249, ""step"": 0, ""status"": 1, ""pres"": 980.7355, ""meas_profile"": ""HP-6"", ""meas_id"": 6, ""hum"": 35.98549, ""gas_res"": 7705.273}, {""temp"": 23.12446, ""step"": 0, ""status"": 1, ""pres"": 980.4698, ""meas_profile"": ""HP-5"", ""meas_id"": 5, ""hum"": 36.18985, ""gas_res"": 25000.0}, {""temp"": 22.98886, ""step"": 0, ""status"": 1, ""pres"": 980.5707, ""meas_profile"": ""HP-4"", ""meas_id"": 4, ""hum"": 35.50253, ""gas_res"": 23104.69}, {""temp"": 23.14936, ""step"": 0, ""status"": 1, ""pres"": 980.2269, ""meas_profile"": ""HP-3"", ""meas_id"": 3, ""hum"": 36.00742, ""gas_res"": 7025.247}, {""temp"": 23.10974, ""step"": 0, ""status"": 1, ""pres"": 980.308, ""meas_profile"": ""HP-2"", ""meas_id"": 2, ""hum"": 36.18267, ""gas_res"": 7795.372}, {""temp"": 22.87395, ""step"": 0, ""status"": 1, ""pres"": 980.4221, ""meas_profile"": ""HP-1"", ""meas_id"": 1, ""hum"": 35.85089, ""gas_res"": 6097.561}]}",NULL,"2025-10-29 09:13:00.736669"
14082,"04a600b9b0b8","2025-10-29 09:12:45","zjUUDJyicI9mjz0y4erR","{""zphs01b"": {""voc"": 0, ""temp"": 20.5, ""pm2_5"": 0, ""pm1_0"": 0, ""pm10"": 309, ""o3"": 0.02, ""no2"": 10.0, ""hum"": 0, ""fmhd"": 0, ""co2"": 5000, ""co"": 0.0}, ""smell_b"": {}, ""sfa30"": {""temp"": 23.49, ""hum"": 37.99, ""fmhd"": 21.4}, ""sen5x"": {""voc"": 105.0, ""temp"": 22.93, ""pm4_0"": 4630.3, ""pm2_5"": 4630.3, ""pm1_0"": 4415.2, ""pm10"": 4630.3, ""nox"": 1.0, ""mass_c"": 4576.525, ""hum"": 44.38}, ""scd41"": {""temp"": 22.85306, ""hum"": 48.02167, ""co2"": 589}, ""power_source"": 0, ""mics6814"": {""red_res"": 0, ""no2_res"": 0, ""no2"": 0.17, ""nh3_res"": 0, ""nh3"": 0.73, ""co_res"": 0, ""co"": 44.0}}",NULL,"2025-10-29 09:14:03.490858"
14083,"04a600b9b0b8","2025-10-29 09:12:45","zjUUDJyicI9mjz0y4erR","{""bme688"": [{""temp"": 23.18906, ""step"": 9, ""status"": 1, ""pres"": 980.4618, ""meas_profile"": ""HP-8"", ""meas_id"": 8, ""hum"": 36.25457, ""gas_res"": 5684.846}, {""temp"": 23.16253, ""step"": 9, ""status"": 1, ""pres"": 980.5951, ""meas_profile"": ""HP-7"", ""meas_id"": 7, ""hum"": 36.11681, ""gas_res"": 5931.418}, {""temp"": 23.24225, ""step"": 9, ""status"": 1, ""pres"": 980.7106, ""meas_profile"": ""HP-6"", ""meas_id"": 6, ""hum"": 35.95836, ""gas_res"": 7911.001}, {""temp"": 23.14541, ""step"": 9, ""status"": 1, ""pres"": 980.4537, ""meas_profile"": ""HP-5"", ""meas_id"": 5, ""hum"": 36.14022, ""gas_res"": 25000.0}, {""temp"": 23.0044, ""step"": 9, ""status"": 1, ""pres"": 980.5615, ""meas_profile"": ""HP-4"", ""meas_id"": 4, ""hum"": 35.49241, ""gas_res"": 25000.0}, {""temp"": 23.16359, ""step"": 9, ""status"": 1, ""pres"": 980.2081, ""meas_profile"": ""HP-3"", ""meas_id"": 3, ""hum"": 36.01461, ""gas_res"": 8470.09}, {""temp"": 23.12061, ""step"": 9, ""status"": 1, ""pres"": 980.294, ""meas_profile"": ""HP-2"", ""meas_id"": 2, ""hum"": 36.17225, ""gas_res"": 8798.46}, {""temp"": 22.88951, ""step"": 9, ""status"": 1, ""pres"": 980.4172, ""meas_profile"": ""HP-1"", ""meas_id"": 1, ""hum"": 35.85834, ""gas_res"": 6906.972}]}",NULL,"2025-10-29 09:14:04.733421"
14084,"04a600b9b0b8","2025-10-29 09:12:45","zjUUDJyicI9mjz0y4erR","{""bme688"": [{""temp"": 23.18813, ""step"": 8, ""status"": 1, ""pres"": 980.462, ""meas_profile"": ""HP-8"", ""meas_id"": 8, ""hum"": 36.22549, ""gas_res"": 5684.846}, {""temp"": 23.16191, ""step"": 8, ""status"": 1, ""pres"": 980.5974, ""meas_profile"": ""HP-7"", ""meas_id"": 7, ""hum"": 36.11675, ""gas_res"": 5918.254}, {""temp"": 23.24163, ""step"": 8, ""status"": 1, ""pres"": 980.7112, ""meas_profile"": ""HP-6"", ""meas_id"": 6, ""hum"": 35.9583, ""gas_res"": 8054.367}, {""temp"": 23.14479, ""step"": 8, ""status"": 1, ""pres"": 980.4545, ""meas_profile"": ""HP-5"", ""meas_id"": 5, ""hum"": 36.16312, ""gas_res"": 25000.0}, {""temp"": 23.00409, ""step"": 8, ""status"": 1, ""pres"": 980.5625, ""meas_profile"": ""HP-4"", ""meas_id"": 4, ""hum"": 35.46916, ""gas_res"": 25000.0}, {""temp"": 23.16297, ""step"": 8, ""status"": 1, ""pres"": 980.2087, ""meas_profile"": ""HP-3"", ""meas_id"": 3, ""hum"": 36.00294, ""gas_res"": 7563.224}, {""temp"": 23.1203, ""step"": 8, ""status"": 1, ""pres"": 980.2952, ""meas_profile"": ""HP-2"", ""meas_id"": 2, ""hum"": 36.19519, ""gas_res"": 8497.079}, {""temp"": 22.8892, ""step"": 8, ""status"": 1, ""pres"": 980.4186, ""meas_profile"": ""HP-1"", ""meas_id"": 1, ""hum"": 35.84048, ""gas_res"": 6814.31}]}",NULL,"2025-10-29 09:14:05.979303"
14085,"04a600b9b0b8","2025-10-29 09:12:45","zjUUDJyicI9mjz0y4erR","{""bme688"": [{""temp"": 23.1869, ""step"": 7, ""status"": 1, ""pres"": 980.4635, ""meas_profile"": ""HP-8"", ""meas_id"": 8, ""hum"": 36.24856, ""gas_res"": 5684.846}, {""temp"": 23.16098, ""step"": 7, ""status"": 1, ""pres"": 980.5975, ""meas_profile"": ""HP-7"", ""meas_id"": 7, ""hum"": 36.11666, ""gas_res"": 5938.022}, {""temp"": 23.24102, ""step"": 7, ""status"": 1, ""pres"": 980.712, ""meas_profile"": ""HP-6"", ""meas_id"": 6, ""hum"": 35.94663, ""gas_res"": 8000.0}, {""temp"": 23.14416, ""step"": 7, ""status"": 1, ""pres"": 980.455, ""meas_profile"": ""HP-5"", ""meas_id"": 5, ""hum"": 36.16306, ""gas_res"": 25000.0}, {""temp"": 23.00377, ""step"": 7, ""status"": 1, ""pres"": 980.5639, ""meas_profile"": ""HP-4"", ""meas_id"": 4, ""hum"": 35.47494, ""gas_res"": 25000.0}, {""temp"": 23.16266, ""step"": 7, ""status"": 1, ""pres"": 980.2098, ""meas_profile"": ""HP-3"", ""meas_id"": 3, ""hum"": 35.9971, ""gas_res"": 7025.247}, {""temp"": 23.11999, ""step"": 7, ""status"": 1, ""pres"": 980.2964, ""meas_profile"": ""HP-2"", ""meas_id"": 2, ""hum"": 36.20664, ""gas_res"": 7940.447}, {""temp"": 22.88858, ""step"": 7, ""status"": 1, ""pres"": 980.4177, ""meas_profile"": ""HP-1"", ""meas_id"": 1, ""hum"": 35.86419, ""gas_res"": 6439.928}]}",NULL,"2025-10-29 09:14:07.256072"
14086,"04a600b9b0b8","2025-10-29 09:12:45","zjUUDJyicI9mjz0y4erR","{""bme688"": [{""temp"": 23.18597, ""step"": 6, ""status"": 1, ""pres"": 980.4639, ""meas_profile"": ""HP-8"", ""meas_id"": 8, ""hum"": 36.21369, ""gas_res"": 16231.3}, {""temp"": 23.16036, ""step"": 6, ""status"": 1, ""pres"": 980.5981, ""meas_profile"": ""HP-7"", ""meas_id"": 7, ""hum"": 36.1166, ""gas_res"": 19317.84}, {""temp"": 23.2404, ""step"": 6, ""status"": 1, ""pres"": 980.7143, ""meas_profile"": ""HP-6"", ""meas_id"": 6, ""hum"": 35.95819, ""gas_res"": 35135.88}, {""temp"": 23.14354, ""step"": 6, ""status"": 1, ""pres"": 980.4557, ""meas_profile"": ""HP-5"", ""meas_id"": 5, ""hum"": 36.15726, ""gas_res"": 129162.5}, {""temp"": 23.00315, ""step"": 6, ""status"": 1, ""pres"": 980.5627, ""meas_profile"": ""HP-4"", ""meas_id"": 4, ""hum"": 35.46907, ""gas_res"": 146327.5}, {""temp"": 23.16235, ""step"": 6, ""status"": 1, ""pres"": 980.2094, ""meas_profile"": ""HP-3"", ""meas_id"": 3, ""hum"": 36.0145, ""gas_res"": 46664.23}, {""temp"": 23.11968, ""step"": 6, ""status"": 1, ""pres"": 980.2957, ""meas_profile"": ""HP-2"", ""meas_id"": 2, ""hum"": 36.17789, ""gas_res"": 100000.0}, {""temp"": 22.88796, ""step"": 6, ""status"": 1, ""pres"": 980.4183, ""meas_profile"": ""HP-1"", ""meas_id"": 1, ""hum"": 35.8463, ""gas_res"": 92518.98}]}",NULL,"2025-10-29 09:14:08.742234"
14087,"04a600b9b0b8","2025-10-29 09:12:45","zjUUDJyicI9mjz0y4erR","{""bme688"": [{""temp"": 23.18535, ""step"": 5, ""status"": 1, ""pres"": 980.4647, ""meas_profile"": ""HP-8"", ""meas_id"": 8, ""hum"": 36.22522, ""gas_res"": 16000.0}, {""temp"": 23.15943, ""step"": 5, ""status"": 1, ""pres"": 980.5983, ""meas_profile"": ""HP-7"", ""meas_id"": 7, ""hum"": 36.11077, ""gas_res"": 19110.18}, {""temp"": 23.23978, ""step"": 5, ""status"": 1, ""pres"": 980.7151, ""meas_profile"": ""HP-6"", ""meas_id"": 6, ""hum"": 35.94651, ""gas_res"": 35020.52}, {""temp"": 23.1426, ""step"": 5, ""status"": 1, ""pres"": 980.4557, ""meas_profile"": ""HP-5"", ""meas_id"": 5, ""hum"": 36.14568, ""gas_res"": 130645.6}, {""temp"": 23.00284, ""step"": 5, ""status"": 1, ""pres"": 980.5639, ""meas_profile"": ""HP-4"", ""meas_id"": 4, ""hum"": 35.46324, ""gas_res"": 148362.8}, {""temp"": 23.16204, ""step"": 5, ""status"": 1, ""pres"": 980.2106, ""meas_profile"": ""HP-3"", ""meas_id"": 3, ""hum"": 35.98542, ""gas_res"": 46109.51}, {""temp"": 23.11937, ""step"": 5, ""status"": 1, ""pres"": 980.2969, ""meas_profile"": ""HP-2"", ""meas_id"": 2, ""hum"": 36.19509, ""gas_res"": 100000.0}, {""temp"": 22.88765, ""step"": 5, ""status"": 1, ""pres"": 980.4197, ""meas_profile"": ""HP-1"", ""meas_id"": 1, ""hum"": 35.84627, ""gas_res"": 89887.64}]}",NULL,"2025-10-29 09:14:09.816978"
14088,"04a600b9b0b8","2025-10-29 09:12:45","zjUUDJyicI9mjz0y4erR","{""bme688"": [{""temp"": 23.18443, ""step"": 4, ""status"": 1, ""pres"": 980.4651, ""meas_profile"": ""HP-8"", ""meas_id"": 8, ""hum"": 36.23672, ""gas_res"": 15845.51}, {""temp"": 23.1585, ""step"": 4, ""status"": 1, ""pres"": 980.5985, ""meas_profile"": ""HP-7"", ""meas_id"": 7, ""hum"": 36.11642, ""gas_res"": 18957.35}, {""temp"": 23.23916, ""step"": 4, ""status"": 1, ""pres"": 980.7159, ""meas_profile"": ""HP-6"", ""meas_id"": 6, ""hum"": 35.96387, ""gas_res"": 35135.88}, {""temp"": 23.14166, ""step"": 4, ""status"": 1, ""pres"": 980.4559, ""meas_profile"": ""HP-5"", ""meas_id"": 5, ""hum"": 36.16282, ""gas_res"": 133926.2}, {""temp"": 23.00222, ""step"": 4, ""status"": 1, ""pres"": 980.5645, ""meas_profile"": ""HP-4"", ""meas_id"": 4, ""hum"": 35.49801, ""gas_res"": 153155.8}, {""temp"": 23.16173, ""step"": 4, ""status"": 1, ""pres"": 980.2119, ""meas_profile"": ""HP-3"", ""meas_id"": 3, ""hum"": 35.99701, ""gas_res"": 46059.73}, {""temp"": 23.11906, ""step"": 4, ""status"": 1, ""pres"": 980.2963, ""meas_profile"": ""HP-2"", ""meas_id"": 2, ""hum"": 36.18932, ""gas_res"": 100000.0}, {""temp"": 22.88702, ""step"": 4, ""status"": 1, ""pres"": 980.4188, ""meas_profile"": ""HP-1"", ""meas_id"": 1, ""hum"": 35.85216, ""gas_res"": 87581.25}]}",NULL,"2025-10-29 09:14:11.09695"
14089,"04a600b9b0b8","2025-10-29 09:12:45","zjUUDJyicI9mjz0y4erR","{""bme688"": [{""temp"": 23.1835, ""step"": 3, ""status"": 0, ""pres"": 980.4652, ""meas_profile"": ""HP-8"", ""meas_id"": 8, ""hum"": 36.24823, ""gas_res"": 8344.198}, {""temp"": 23.15756, ""step"": 3, ""status"": 0, ""pres"": 980.5985, ""meas_profile"": ""HP-7"", ""meas_id"": 7, ""hum"": 36.13351, ""gas_res"": 9615.385}, {""temp"": 23.23824, ""step"": 3, ""status"": 0, ""pres"": 980.7161, ""meas_profile"": ""HP-6"", ""meas_id"": 6, ""hum"": 35.95797, ""gas_res"": 19820.38}, {""temp"": 23.14072, ""step"": 3, ""status"": 0, ""pres"": 980.4561, ""meas_profile"": ""HP-5"", ""meas_id"": 5, ""hum"": 36.17421, ""gas_res"": 45665.36}, {""temp"": 23.00129, ""step"": 3, ""status"": 0, ""pres"": 980.5648, ""meas_profile"": ""HP-4"", ""meas_id"": 4, ""hum"": 35.51534, ""gas_res"": 49951.22}, {""temp"": 23.1608, ""step"": 3, ""status"": 0, ""pres"": 980.2118, ""meas_profile"": ""HP-3"", ""meas_id"": 3, ""hum"": 36.02016, ""gas_res"": 28552.31}, {""temp"": 23.11844, ""step"": 3, ""status"": 0, ""pres"": 980.2971, ""meas_profile"": ""HP-2"", ""meas_id"": 2, ""hum"": 36.18926, ""gas_res"": 40816.33}, {""temp"": 22.8864, ""step"": 3, ""status"": 0, ""pres"": 980.4197, ""meas_profile"": ""HP-1"", ""meas_id"": 1, ""hum"": 35.86398, ""gas_res"": 28138.05}]}",NULL,"2025-10-29 09:14:12.379544"
14090,"04a600b9b0b8","2025-10-29 09:12:45","zjUUDJyicI9mjz0y4erR","{""bme688"": [{""temp"": 23.18288, ""step"": 2, ""status"": 1, ""pres"": 980.4678, ""meas_profile"": ""HP-8"", ""meas_id"": 8, ""hum"": 36.22498, ""gas_res"": 28476.08}, {""temp"": 23.15694, ""step"": 2, ""status"": 1, ""pres"": 980.5992, ""meas_profile"": ""HP-7"", ""meas_id"": 7, ""hum"": 36.13346, ""gas_res"": 35457.06}, {""temp"": 23.23731, ""step"": 2, ""status"": 1, ""pres"": 980.7146, ""meas_profile"": ""HP-6"", ""meas_id"": 6, ""hum"": 35.97531, ""gas_res"": 110511.5}, {""temp"": 23.1401, ""step"": 2, ""status"": 1, ""pres"": 980.4567, ""meas_profile"": ""HP-5"", ""meas_id"": 5, ""hum"": 36.16266, ""gas_res"": 325907.1}, {""temp"": 23.00067, ""step"": 2, ""status"": 1, ""pres"": 980.5655, ""meas_profile"": ""HP-4"", ""meas_id"": 4, ""hum"": 35.48625, ""gas_res"": 456531.4}, {""temp"": 23.16019, ""step"": 2, ""status"": 1, ""pres"": 980.2126, ""meas_profile"": ""HP-3"", ""meas_id"": 3, ""hum"": 36.02009, ""gas_res"": 211832.8}, {""temp"": 23.11782, ""step"": 2, ""status"": 1, ""pres"": 980.2977, ""meas_profile"": ""HP-2"", ""meas_id"": 2, ""hum"": 36.20642, ""gas_res"": 334203.7}, {""temp"": 22.88578, ""step"": 2, ""status"": 1, ""pres"": 980.4205, ""meas_profile"": ""HP-1"", ""meas_id"": 1, ""hum"": 35.8758, ""gas_res"": 265147.6}]}",NULL,"2025-10-29 09:14:13.84676"
14091,"04a600b9b0b8","2025-10-29 09:12:45","zjUUDJyicI9mjz0y4erR","{""bme688"": [{""temp"": 23.18226, ""step"": 1, ""status"": 1, ""pres"": 980.4686, ""meas_profile"": ""HP-8"", ""meas_id"": 8, ""hum"": 36.2481, ""gas_res"": 8791.209}, {""temp"": 23.15632, ""step"": 1, ""status"": 1, ""pres"": 980.5998, ""meas_profile"": ""HP-7"", ""meas_id"": 7, ""hum"": 36.15631, ""gas_res"": 10107.39}, {""temp"": 23.23669, ""step"": 1, ""status"": 1, ""pres"": 980.717, ""meas_profile"": ""HP-6"", ""meas_id"": 6, ""hum"": 35.97525, ""gas_res"": 25000.0}, {""temp"": 23.13947, ""step"": 1, ""status"": 1, ""pres"": 980.4573, ""meas_profile"": ""HP-5"", ""meas_id"": 5, ""hum"": 36.17982, ""gas_res"": 41571.94}, {""temp"": 23.00036, ""step"": 1, ""status"": 1, ""pres"": 980.5663, ""meas_profile"": ""HP-4"", ""meas_id"": 4, ""hum"": 35.49783, ""gas_res"": 43745.73}, {""temp"": 23.15988, ""step"": 1, ""status"": 1, ""pres"": 980.2137, ""meas_profile"": ""HP-3"", ""meas_id"": 3, ""hum"": 36.00845, ""gas_res"": 25931.93}, {""temp"": 23.11751, ""step"": 1, ""status"": 1, ""pres"": 980.299, ""meas_profile"": ""HP-2"", ""meas_id"": 2, ""hum"": 36.20065, ""gas_res"": 33560.57}, {""temp"": 22.88547, ""step"": 1, ""status"": 1, ""pres"": 980.42, ""meas_profile"": ""HP-1"", ""meas_id"": 1, ""hum"": 35.87577, ""gas_res"": 26090.5}]}",NULL,"2025-10-29 09:14:14.953881"
14092,"04a600b9b0b8","2025-10-29 09:12:45","zjUUDJyicI9mjz0y4erR","{""bme688"": [{""temp"": 23.18134, ""step"": 0, ""status"": 1, ""pres"": 980.4688, ""meas_profile"": ""HP-8"", ""meas_id"": 8, ""hum"": 36.24802, ""gas_res"": 5684.846}, {""temp"": 23.1557, ""step"": 0, ""status"": 1, ""pres"": 980.6006, ""meas_profile"": ""HP-7"", ""meas_id"": 7, ""hum"": 36.13333, ""gas_res"": 6207.565}, {""temp"": 23.23608, ""step"": 0, ""status"": 1, ""pres"": 980.7177, ""meas_profile"": ""HP-6"", ""meas_id"": 6, ""hum"": 35.9868, ""gas_res"": 8298.755}, {""temp"": 23.13916, ""step"": 0, ""status"": 1, ""pres"": 980.4586, ""meas_profile"": ""HP-5"", ""meas_id"": 5, ""hum"": 36.18554, ""gas_res"": 25000.0}, {""temp"": 23.00005, ""step"": 0, ""status"": 1, ""pres"": 980.5658, ""meas_profile"": ""HP-4"", ""meas_id"": 4, ""hum"": 35.48618, ""gas_res"": 25000.0}, {""temp"": 23.15956, ""step"": 0, ""status"": 1, ""pres"": 980.2133, ""meas_profile"": ""HP-3"", ""meas_id"": 3, ""hum"": 36.03165, ""gas_res"": 7104.796}, {""temp"": 23.1172, ""step"": 0, ""status"": 1, ""pres"": 980.2983, ""meas_profile"": ""HP-2"", ""meas_id"": 2, ""hum"": 36.20637, ""gas_res"": 8018.041}, {""temp"": 22.88484, ""step"": 0, ""status"": 1, ""pres"": 980.419, ""meas_profile"": ""HP-1"", ""meas_id"": 1, ""hum"": 35.85789, ""gas_res"": 6314.128}]}",NULL,"2025-10-29 09:14:16.218642"
14093,"04a600b9b0b8","2025-10-29 09:12:18","zjUUDJyicI9mjz0y4erR","{""zphs01b"": {""voc"": 0, ""temp"": 20.5, ""pm2_5"": 0, ""pm1_0"": 0, ""pm10"": 306, ""o3"": 0.02, ""no2"": 10.0, ""hum"": 0, ""fmhd"": 0, ""co2"": 5000, ""co"": 0.0}, ""smell_b"": {}, ""sfa30"": {""temp"": 23.465, ""hum"": 37.98, ""fmhd"": 21.2}, ""sen5x"": {""voc"": 102.0, ""temp"": 22.93, ""pm4_0"": 4555.8, ""pm2_5"": 4555.8, ""pm1_0"": 4344.2, ""pm10"": 4555.8, ""nox"": 1.0, ""mass_c"": 4502.9, ""hum"": 44.26}, ""scd41"": {""temp"": 22.76761, ""hum"": 48.11627, ""co2"": 586}, ""power_source"": 0, ""mics6814"": {""red_res"": 0, ""no2_res"": 0, ""no2"": 0.17, ""nh3_res"": 0, ""nh3"": 0.73, ""co_res"": 0, ""co"": 44.0}}",NULL,"2025-10-29 09:14:19.400749"
14094,"04a600b9b0b8","2025-10-29 09:12:18","zjUUDJyicI9mjz0y4erR","{""bme688"": [{""temp"": 23.18041, ""step"": 9, ""status"": 1, ""pres"": 980.4691, ""meas_profile"": ""HP-8"", ""meas_id"": 8, ""hum"": 36.21895, ""gas_res"": 5684.846}, {""temp"": 23.15508, ""step"": 9, ""status"": 1, ""pres"": 980.5994, ""meas_profile"": ""HP-7"", ""meas_id"": 7, ""hum"": 36.11035, ""gas_res"": 5693.95}, {""temp"": 23.23546, ""step"": 9, ""status"": 1, ""pres"": 980.7185, ""meas_profile"": ""HP-6"", ""meas_id"": 6, ""hum"": 35.95771, ""gas_res"": 7478.383}, {""temp"": 23.13853, ""step"": 9, ""status"": 1, ""pres"": 980.4593, ""meas_profile"": ""HP-5"", ""meas_id"": 5, ""hum"": 36.16825, ""gas_res"": 25000.0}, {""temp"": 22.99943, ""step"": 9, ""status"": 1, ""pres"": 980.5666, ""meas_profile"": ""HP-4"", ""meas_id"": 4, ""hum"": 35.46872, ""gas_res"": 25000.0}, {""temp"": 23.15926, ""step"": 9, ""status"": 1, ""pres"": 980.2144, ""meas_profile"": ""HP-3"", ""meas_id"": 3, ""hum"": 35.97353, ""gas_res"": 7431.491}, {""temp"": 23.11688, ""step"": 9, ""status"": 1, ""pres"": 980.2994, ""meas_profile"": ""HP-2"", ""meas_id"": 2, ""hum"": 36.17188, ""gas_res"": 7881.773}, {""temp"": 22.88422, ""step"": 9, ""status"": 1, ""pres"": 980.4199, ""meas_profile"": ""HP-1"", ""meas_id"": 1, ""hum"": 35.84594, ""gas_res"": 6273.28}]}",NULL,"2025-10-29 09:14:20.096977"
14095,"04a600b9b0b8","2025-10-29 09:12:18","zjUUDJyicI9mjz0y4erR","{""bme688"": [{""temp"": 23.17918, ""step"": 8, ""status"": 1, ""pres"": 980.469, ""meas_profile"": ""HP-8"", ""meas_id"": 8, ""hum"": 36.24201, ""gas_res"": 5684.846}, {""temp"": 23.15446, ""step"": 8, ""status"": 1, ""pres"": 980.6001, ""meas_profile"": ""HP-7"", ""meas_id"": 7, ""hum"": 36.10456, ""gas_res"": 5767.844}, {""temp"": 23.23484, ""step"": 8, ""status"": 1, ""pres"": 980.7193, ""meas_profile"": ""HP-6"", ""meas_id"": 6, ""hum"": 35.95764, ""gas_res"": 7672.021}, {""temp"": 23.13791, ""step"": 8, ""status"": 1, ""pres"": 980.46, ""meas_profile"": ""HP-5"", ""meas_id"": 5, ""hum"": 36.1567, ""gas_res"": 25000.0}, {""temp"": 22.99911, ""step"": 8, ""status"": 1, ""pres"": 980.5677, ""meas_profile"": ""HP-4"", ""meas_id"": 4, ""hum"": 35.45708, ""gas_res"": 25000.0}, {""temp"": 23.15864, ""step"": 8, ""status"": 1, ""pres"": 980.2151, ""meas_profile"": ""HP-3"", ""meas_id"": 3, ""hum"": 35.9909, ""gas_res"": 6636.25}, {""temp"": 23.11657, ""step"": 8, ""status"": 1, ""pres"": 980.2991, ""meas_profile"": ""HP-2"", ""meas_id"": 2, ""hum"": 36.1776, ""gas_res"": 7339.45}, {""temp"": 22.88391, ""step"": 8, ""status"": 1, ""pres"": 980.4194, ""meas_profile"": ""HP-1"", ""meas_id"": 1, ""hum"": 35.86374, ""gas_res"": 6097.561}]}",NULL,"2025-10-29 09:14:20.793449"
14096,"04a600b9b0b8","2025-10-29 09:12:18","zjUUDJyicI9mjz0y4erR","{""bme688"": [{""temp"": 23.17825, ""step"": 7, ""status"": 1, ""pres"": 980.4693, ""meas_profile"": ""HP-8"", ""meas_id"": 8, ""hum"": 36.22453, ""gas_res"": 5684.846}, {""temp"": 23.15353, ""step"": 7, ""status"": 1, ""pres"": 980.6003, ""meas_profile"": ""HP-7"", ""meas_id"": 7, ""hum"": 36.11021, ""gas_res"": 5749.191}, {""temp"": 23.23453, ""step"": 7, ""status"": 1, ""pres"": 980.7205, ""meas_profile"": ""HP-6"", ""meas_id"": 6, ""hum"": 35.96923, ""gas_res"": 7644.529}, {""temp"": 23.13728, ""step"": 7, ""status"": 1, ""pres"": 980.4604, ""meas_profile"": ""HP-5"", ""meas_id"": 5, ""hum"": 36.16238, ""gas_res"": 25000.0}, {""temp"": 22.99881, ""step"": 7, ""status"": 1, ""pres"": 980.5673, ""meas_profile"": ""HP-4"", ""meas_id"": 4, ""hum"": 35.46865, ""gas_res"": 25000.0}, {""temp"": 23.15802, ""step"": 7, ""status"": 1, ""pres"": 980.214, ""meas_profile"": ""HP-3"", ""meas_id"": 3, ""hum"": 35.99084, ""gas_res"": 6025.23}, {""temp"": 23.11626, ""step"": 7, ""status"": 1, ""pres"": 980.3002, ""meas_profile"": ""HP-2"", ""meas_id"": 2, ""hum"": 36.17183, ""gas_res"": 6849.315}, {""temp"": 22.88329, ""step"": 7, ""status"": 1, ""pres"": 980.4203, ""meas_profile"": ""HP-1"", ""meas_id"": 1, ""hum"": 35.84585, ""gas_res"": 7783.994}]}",NULL,"2025-10-29 09:14:21.460384"
14097,"04a600b9b0b8","2025-10-29 09:12:18","zjUUDJyicI9mjz0y4erR","{""bme688"": [{""temp"": 23.17732, ""step"": 6, ""status"": 1, ""pres"": 980.4696, ""meas_profile"": ""HP-8"", ""meas_id"": 8, ""hum"": 36.21865, ""gas_res"": 15892.72}, {""temp"": 23.15291, ""step"": 6, ""status"": 1, ""pres"": 980.601, ""meas_profile"": ""HP-7"", ""meas_id"": 7, ""hum"": 36.10442, ""gas_res"": 18449.12}, {""temp"": 23.23391, ""step"": 6, ""status"": 1, ""pres"": 980.7212, ""meas_profile"": ""HP-6"", ""meas_id"": 6, ""hum"": 35.96336, ""gas_res"": 32000.0}, {""temp"": 23.13666, ""step"": 6, ""status"": 1, ""pres"": 980.4611, ""meas_profile"": ""HP-5"", ""meas_id"": 5, ""hum"": 36.16233, ""gas_res"": 115367.3}, {""temp"": 22.99787, ""step"": 6, ""status"": 1, ""pres"": 980.5673, ""meas_profile"": ""HP-4"", ""meas_id"": 4, ""hum"": 35.48018, ""gas_res"": 122488.0}, {""temp"": 23.15771, ""step"": 6, ""status"": 1, ""pres"": 980.2152, ""meas_profile"": ""HP-3"", ""meas_id"": 3, ""hum"": 35.99662, ""gas_res"": 39530.57}, {""temp"": 23.11595, ""step"": 6, ""status"": 1, ""pres"": 980.3014, ""meas_profile"": ""HP-2"", ""meas_id"": 2, ""hum"": 36.20051, ""gas_res"": 92921.96}, {""temp"": 22.88298, ""step"": 6, ""status"": 1, ""pres"": 980.4216, ""meas_profile"": ""HP-1"", ""meas_id"": 1, ""hum"": 35.8577, ""gas_res"": 45911.05}]}",NULL,"2025-10-29 09:14:22.120316"
14098,"04a600b9b0b8","2025-10-29 09:12:18","zjUUDJyicI9mjz0y4erR","{""bme688"": [{""temp"": 23.1767, ""step"": 5, ""status"": 1, ""pres"": 980.4686, ""meas_profile"": ""HP-8"", ""meas_id"": 8, ""hum"": 36.22438, ""gas_res"": 15869.08}, {""temp"": 23.15197, ""step"": 5, ""status"": 1, ""pres"": 980.601, ""meas_profile"": ""HP-7"", ""meas_id"": 7, ""hum"": 36.11578, ""gas_res"": 18385.52}, {""temp"": 23.2333, ""step"": 5, ""status"": 1, ""pres"": 980.7218, ""meas_profile"": ""HP-6"", ""meas_id"": 6, ""hum"": 35.96331, ""gas_res"": 31738.16}, {""temp"": 23.13572, ""step"": 5, ""status"": 1, ""pres"": 980.4615, ""meas_profile"": ""HP-5"", ""meas_id"": 5, ""hum"": 36.15649, ""gas_res"": 115680.1}, {""temp"": 22.99725, ""step"": 5, ""status"": 1, ""pres"": 980.5662, ""meas_profile"": ""HP-4"", ""meas_id"": 4, ""hum"": 35.47432, ""gas_res"": 123284.4}, {""temp"": 23.15709, ""step"": 5, ""status"": 1, ""pres"": 980.2158, ""meas_profile"": ""HP-3"", ""meas_id"": 3, ""hum"": 36.01398, ""gas_res"": 38635.68}, {""temp"": 23.11564, ""step"": 5, ""status"": 1, ""pres"": 980.3008, ""meas_profile"": ""HP-2"", ""meas_id"": 2, ""hum"": 36.19473, ""gas_res"": 88765.6}, {""temp"": 22.88267, ""step"": 5, ""status"": 1, ""pres"": 980.4211, ""meas_profile"": ""HP-1"", ""meas_id"": 1, ""hum"": 35.88145, ""gas_res"": 43745.73}]}",NULL,"2025-10-29 09:14:22.778401"
14099,"04a600b9b0b8","2025-10-29 09:12:18","zjUUDJyicI9mjz0y4erR","{""bme688"": [{""temp"": 23.17578, ""step"": 4, ""status"": 1, ""pres"": 980.4689, ""meas_profile"": ""HP-8"", ""meas_id"": 8, ""hum"": 36.24168, ""gas_res"": 15810.28}, {""temp"": 23.15135, ""step"": 4, ""status"": 1, ""pres"": 980.6016, ""meas_profile"": ""HP-7"", ""meas_id"": 7, ""hum"": 36.12145, ""gas_res"": 18353.89}, {""temp"": 23.23268, ""step"": 4, ""status"": 1, ""pres"": 980.7227, ""meas_profile"": ""HP-6"", ""meas_id"": 6, ""hum"": 35.96905, ""gas_res"": 32120.45}, {""temp"": 23.13509, ""step"": 4, ""status"": 1, ""pres"": 980.4622, ""meas_profile"": ""HP-5"", ""meas_id"": 5, ""hum"": 36.16217, ""gas_res"": 117431.2}, {""temp"": 22.99663, ""step"": 4, ""status"": 1, ""pres"": 980.5669, ""meas_profile"": ""HP-4"", ""meas_id"": 4, ""hum"": 35.49747, ""gas_res"": 125275.3}, {""temp"": 23.15678, ""step"": 4, ""status"": 1, ""pres"": 980.2171, ""meas_profile"": ""HP-3"", ""meas_id"": 3, ""hum"": 36.01976, ""gas_res"": 37914.69}, {""temp"": 23.11502, ""step"": 4, ""status"": 1, ""pres"": 980.3015, ""meas_profile"": ""HP-2"", ""meas_id"": 2, ""hum"": 36.19467, ""gas_res"": 86079.35}, {""temp"": 22.88204, ""step"": 4, ""status"": 1, ""pres"": 980.4221, ""meas_profile"": ""HP-1"", ""meas_id"": 1, ""hum"": 35.88733, ""gas_res"": 42146.86}]}",NULL,"2025-10-29 09:14:23.432332"
14100,"04a600b9b0b8","2025-10-29 09:12:18","zjUUDJyicI9mjz0y4erR","{""bme688"": [{""temp"": 23.17485, ""step"": 3, ""status"": 0, ""pres"": 980.4709, ""meas_profile"": ""HP-8"", ""meas_id"": 8, ""hum"": 36.25898, ""gas_res"": 8648.648}, {""temp"": 23.15042, ""step"": 3, ""status"": 0, ""pres"": 980.6035, ""meas_profile"": ""HP-7"", ""meas_id"": 7, ""hum"": 36.15574, ""gas_res"": 9461.856}, {""temp"": 23.23175, ""step"": 3, ""status"": 0, ""pres"": 980.7229, ""meas_profile"": ""HP-6"", ""meas_id"": 6, ""hum"": 35.99801, ""gas_res"": 18369.69}, {""temp"": 23.13416, ""step"": 3, ""status"": 0, ""pres"": 980.4621, ""meas_profile"": ""HP-5"", ""meas_id"": 5, ""hum"": 36.18505, ""gas_res"": 41131.11}, {""temp"": 22.9957, ""step"": 3, ""status"": 0, ""pres"": 980.5671, ""meas_profile"": ""HP-4"", ""meas_id"": 4, ""hum"": 35.49157, ""gas_res"": 41531.47}, {""temp"": 23.15617, ""step"": 3, ""status"": 0, ""pres"": 980.2162, ""meas_profile"": ""HP-3"", ""meas_id"": 3, ""hum"": 36.03132, ""gas_res"": 24390.24}, {""temp"": 23.1144, ""step"": 3, ""status"": 0, ""pres"": 980.3005, ""meas_profile"": ""HP-2"", ""meas_id"": 2, ""hum"": 36.21184, ""gas_res"": 33195.02}, {""temp"": 22.88142, ""step"": 3, ""status"": 0, ""pres"": 980.421, ""meas_profile"": ""HP-1"", ""meas_id"": 1, ""hum"": 35.88727, ""gas_res"": 23738.87}]}",NULL,"2025-10-29 09:14:24.365036"
14101,"04a600b9b0b8","2025-10-29 09:12:18","zjUUDJyicI9mjz0y4erR","{""bme688"": [{""temp"": 23.17423, ""step"": 2, ""status"": 1, ""pres"": 980.4699, ""meas_profile"": ""HP-8"", ""meas_id"": 8, ""hum"": 36.25312, ""gas_res"": 31250.0}, {""temp"": 23.1498, ""step"": 2, ""status"": 1, ""pres"": 980.6025, ""meas_profile"": ""HP-7"", ""meas_id"": 7, ""hum"": 36.13276, ""gas_res"": 37448.8}, {""temp"": 23.23083, ""step"": 2, ""status"": 1, ""pres"": 980.7232, ""meas_profile"": ""HP-6"", ""meas_id"": 6, ""hum"": 35.98048, ""gas_res"": 109378.3}, {""temp"": 23.13322, ""step"": 2, ""status"": 1, ""pres"": 980.4623, ""meas_profile"": ""HP-5"", ""meas_id"": 5, ""hum"": 36.18496, ""gas_res"": 320100.0}, {""temp"": 22.99508, ""step"": 2, ""status"": 1, ""pres"": 980.5661, ""meas_profile"": ""HP-4"", ""meas_id"": 4, ""hum"": 35.50894, ""gas_res"": 387585.2}, {""temp"": 23.15555, ""step"": 2, ""status"": 1, ""pres"": 980.2167, ""meas_profile"": ""HP-3"", ""meas_id"": 3, ""hum"": 36.04289, ""gas_res"": 168255.0}, {""temp"": 23.11409, ""step"": 2, ""status"": 1, ""pres"": 980.3017, ""meas_profile"": ""HP-2"", ""meas_id"": 2, ""hum"": 36.21755, ""gas_res"": 266805.6}, {""temp"": 22.8808, ""step"": 2, ""status"": 1, ""pres"": 980.4219, ""meas_profile"": ""HP-1"", ""meas_id"": 1, ""hum"": 35.89315, ""gas_res"": 205829.1}]}",NULL,"2025-10-29 09:14:25.056916"
14102,"04a600b9b0b8","2025-10-29 09:12:18","zjUUDJyicI9mjz0y4erR","{""bme688"": [{""temp"": 23.17362, ""step"": 1, ""status"": 1, ""pres"": 980.4725, ""meas_profile"": ""HP-8"", ""meas_id"": 8, ""hum"": 36.25886, ""gas_res"": 9006.474}, {""temp"": 23.14949, ""step"": 1, ""status"": 1, ""pres"": 980.6036, ""meas_profile"": ""HP-7"", ""meas_id"": 7, ""hum"": 36.13846, ""gas_res"": 10012.52}, {""temp"": 23.23021, ""step"": 1, ""status"": 1, ""pres"": 980.7238, ""meas_profile"": ""HP-6"", ""meas_id"": 6, ""hum"": 35.99205, ""gas_res"": 25000.0}, {""temp"": 23.1329, ""step"": 1, ""status"": 1, ""pres"": 980.4634, ""meas_profile"": ""HP-5"", ""meas_id"": 5, ""hum"": 36.17918, ""gas_res"": 36363.64}, {""temp"": 22.99446, ""step"": 1, ""status"": 1, ""pres"": 980.5667, ""meas_profile"": ""HP-4"", ""meas_id"": 4, ""hum"": 35.52048, ""gas_res"": 35049.29}, {""temp"": 23.15524, ""step"": 1, ""status"": 1, ""pres"": 980.2179, ""meas_profile"": ""HP-3"", ""meas_id"": 3, ""hum"": 36.01381, ""gas_res"": 25000.0}, {""temp"": 23.11378, ""step"": 1, ""status"": 1, ""pres"": 980.3011, ""meas_profile"": ""HP-2"", ""meas_id"": 2, ""hum"": 36.21752, ""gas_res"": 25853.36}, {""temp"": 22.8808, ""step"": 1, ""status"": 1, ""pres"": 980.4219, ""meas_profile"": ""HP-1"", ""meas_id"": 1, ""hum"": 35.88127, ""gas_res"": 25000.0}]}",NULL,"2025-10-29 09:14:25.76174"
14103,"04a600b9b0b8","2025-10-29 09:12:18","zjUUDJyicI9mjz0y4erR","{""bme688"": [{""temp"": 23.173, ""step"": 0, ""status"": 1, ""pres"": 980.4733, ""meas_profile"": ""HP-8"", ""meas_id"": 8, ""hum"": 36.2588, ""gas_res"": 5818.182}, {""temp"": 23.14887, ""step"": 0, ""status"": 1, ""pres"": 980.6043, ""meas_profile"": ""HP-7"", ""meas_id"": 7, ""hum"": 36.14986, ""gas_res"": 6378.314}, {""temp"": 23.2299, ""step"": 0, ""status"": 1, ""pres"": 980.7251, ""meas_profile"": ""HP-6"", ""meas_id"": 6, ""hum"": 35.99783, ""gas_res"": 7940.447}, {""temp"": 23.13228, ""step"": 0, ""status"": 1, ""pres"": 980.4642, ""meas_profile"": ""HP-5"", ""meas_id"": 5, ""hum"": 36.19635, ""gas_res"": 25000.0}, {""temp"": 22.99414, ""step"": 0, ""status"": 1, ""pres"": 980.5661, ""meas_profile"": ""HP-4"", ""meas_id"": 4, ""hum"": 35.51465, ""gas_res"": 25000.0}, {""temp"": 23.15462, ""step"": 0, ""status"": 1, ""pres"": 980.2186, ""meas_profile"": ""HP-3"", ""meas_id"": 3, ""hum"": 36.03698, ""gas_res"": 7812.5}, {""temp"": 23.11347, ""step"": 0, ""status"": 1, ""pres"": 980.3024, ""meas_profile"": ""HP-2"", ""meas_id"": 2, ""hum"": 36.206, ""gas_res"": 6229.317}, {""temp"": 22.88018, ""step"": 0, ""status"": 1, ""pres"": 980.4227, ""meas_profile"": ""HP-1"", ""meas_id"": 1, ""hum"": 35.90498, ""gas_res"": 6983.85}]}",NULL,"2025-10-29 09:14:26.469285"
14104,"04a600b9b0b8","2025-10-29 09:14:10","zjUUDJyicI9mjz0y4erR","{""zphs01b"": {""voc"": 0, ""temp"": 20.7, ""pm2_5"": 0, ""pm1_0"": 0, ""pm10"": 320, ""o3"": 0.02, ""no2"": 10.0, ""hum"": 0, ""fmhd"": 0, ""co2"": 5000, ""co"": 0.0}, ""smell_b"": {}, ""sfa30"": {""temp"": 23.53, ""hum"": 37.94, ""fmhd"": 22.6}, ""sen5x"": {""voc"": 101.0, ""temp"": 22.93, ""pm4_0"": 4556.2, ""pm2_5"": 4556.2, ""pm1_0"": 4344.6, ""pm10"": 4556.2, ""nox"": 1.0, ""mass_c"": 4503.3, ""hum"": 44.51}, ""scd41"": {""temp"": 23.01328, ""hum"": 47.71191, ""co2"": 586}, ""power_source"": 0, ""mics6814"": {""red_res"": 0, ""no2_res"": 0, ""no2"": 0.17, ""nh3_res"": 0, ""nh3"": 0.73, ""co_res"": 0, ""co"": 44.0}}",NULL,"2025-10-29 09:15:29.144791"
14105,"04a600b9b0b8","2025-10-29 09:14:10","zjUUDJyicI9mjz0y4erR","{""bme688"": [{""temp"": 23.21099, ""step"": 9, ""status"": 1, ""pres"": 980.4471, ""meas_profile"": ""HP-8"", ""meas_id"": 8, ""hum"": 36.11186, ""gas_res"": 5684.846}, {""temp"": 23.18334, ""step"": 9, ""status"": 1, ""pres"": 980.5823, ""meas_profile"": ""HP-7"", ""meas_id"": 7, ""hum"": 35.99857, ""gas_res"": 6062.903}, {""temp"": 23.26108, ""step"": 9, ""status"": 1, ""pres"": 980.6962, ""meas_profile"": ""HP-6"", ""meas_id"": 6, ""hum"": 35.87309, ""gas_res"": 8215.661}, {""temp"": 23.16543, ""step"": 9, ""status"": 1, ""pres"": 980.4448, ""meas_profile"": ""HP-5"", ""meas_id"": 5, ""hum"": 36.06181, ""gas_res"": 25000.0}, {""temp"": 23.01931, ""step"": 9, ""status"": 1, ""pres"": 980.5543, ""meas_profile"": ""HP-4"", ""meas_id"": 4, ""hum"": 35.39519, ""gas_res"": 25000.0}, {""temp"": 23.17781, ""step"": 9, ""status"": 1, ""pres"": 980.1959, ""meas_profile"": ""HP-3"", ""meas_id"": 3, ""hum"": 35.93468, ""gas_res"": 9395.185}, {""temp"": 23.13117, ""step"": 9, ""status"": 1, ""pres"": 980.2825, ""meas_profile"": ""HP-2"", ""meas_id"": 2, ""hum"": 36.13882, ""gas_res"": 9773.977}, {""temp"": 22.90103, ""step"": 9, ""status"": 1, ""pres"": 980.4061, ""meas_profile"": ""HP-1"", ""meas_id"": 1, ""hum"": 35.78816, ""gas_res"": 7940.447}]}",NULL,"2025-10-29 09:15:30.646616"
14106,"04a600b9b0b8","2025-10-29 09:14:10","zjUUDJyicI9mjz0y4erR","{""bme688"": [{""temp"": 23.20975, ""step"": 8, ""status"": 1, ""pres"": 980.4469, ""meas_profile"": ""HP-8"", ""meas_id"": 8, ""hum"": 36.13491, ""gas_res"": 5684.846}, {""temp"": 23.18241, ""step"": 8, ""status"": 1, ""pres"": 980.5843, ""meas_profile"": ""HP-7"", ""meas_id"": 7, ""hum"": 36.02139, ""gas_res"": 6083.65}, {""temp"": 23.26015, ""step"": 8, ""status"": 1, ""pres"": 980.6981, ""meas_profile"": ""HP-6"", ""meas_id"": 6, ""hum"": 35.86139, ""gas_res"": 8390.142}, {""temp"": 23.16449, ""step"": 8, ""status"": 1, ""pres"": 980.4448, ""meas_profile"": ""HP-5"", ""meas_id"": 5, ""hum"": 36.05598, ""gas_res"": 25000.0}, {""temp"": 23.01868, ""step"": 8, ""status"": 1, ""pres"": 980.5551, ""meas_profile"": ""HP-4"", ""meas_id"": 4, ""hum"": 35.42994, ""gas_res"": 25000.0}, {""temp"": 23.17719, ""step"": 8, ""status"": 1, ""pres"": 980.1967, ""meas_profile"": ""HP-3"", ""meas_id"": 3, ""hum"": 35.93462, ""gas_res"": 8331.164}, {""temp"": 23.13086, ""step"": 8, ""status"": 1, ""pres"": 980.2821, ""meas_profile"": ""HP-2"", ""meas_id"": 2, ""hum"": 36.15028, ""gas_res"": 9395.185}, {""temp"": 22.90041, ""step"": 8, ""status"": 1, ""pres"": 980.407, ""meas_profile"": ""HP-1"", ""meas_id"": 1, ""hum"": 35.8178, ""gas_res"": 7677.543}]}",NULL,"2025-10-29 09:15:32.381951"
14107,"04a600b9b0b8","2025-10-29 09:14:10","zjUUDJyicI9mjz0y4erR","{""bme688"": [{""temp"": 23.20852, ""step"": 7, ""status"": 1, ""pres"": 980.4467, ""meas_profile"": ""HP-8"", ""meas_id"": 8, ""hum"": 36.11741, ""gas_res"": 5684.846}, {""temp"": 23.18116, ""step"": 7, ""status"": 1, ""pres"": 980.5838, ""meas_profile"": ""HP-7"", ""meas_id"": 7, ""hum"": 36.03271, ""gas_res"": 6015.038}, {""temp"": 23.25923, ""step"": 7, ""status"": 1, ""pres"": 980.6983, ""meas_profile"": ""HP-6"", ""meas_id"": 6, ""hum"": 35.84969, ""gas_res"": 8324.662}, {""temp"": 23.16386, ""step"": 7, ""status"": 1, ""pres"": 980.4471, ""meas_profile"": ""HP-5"", ""meas_id"": 5, ""hum"": 36.06165, ""gas_res"": 25000.0}, {""temp"": 23.01806, ""step"": 7, ""status"": 1, ""pres"": 980.5557, ""meas_profile"": ""HP-4"", ""meas_id"": 4, ""hum"": 35.40667, ""gas_res"": 25000.0}, {""temp"": 23.17657, ""step"": 7, ""status"": 1, ""pres"": 980.1973, ""meas_profile"": ""HP-3"", ""meas_id"": 3, ""hum"": 35.94036, ""gas_res"": 7622.677}, {""temp"": 23.13055, ""step"": 7, ""status"": 1, ""pres"": 980.2832, ""meas_profile"": ""HP-2"", ""meas_id"": 2, ""hum"": 36.16174, ""gas_res"": 8726.479}, {""temp"": 22.90009, ""step"": 7, ""status"": 1, ""pres"": 980.4083, ""meas_profile"": ""HP-1"", ""meas_id"": 1, ""hum"": 35.80589, ""gas_res"": 7186.167}]}",NULL,"2025-10-29 09:15:33.655791"
14108,"04a600b9b0b8","2025-10-29 09:14:10","zjUUDJyicI9mjz0y4erR","{""bme688"": [{""temp"": 23.20759, ""step"": 6, ""status"": 1, ""pres"": 980.4486, ""meas_profile"": ""HP-8"", ""meas_id"": 8, ""hum"": 36.1347, ""gas_res"": 15988.01}, {""temp"": 23.17992, ""step"": 6, ""status"": 1, ""pres"": 980.5851, ""meas_profile"": ""HP-7"", ""meas_id"": 7, ""hum"": 36.02686, ""gas_res"": 19127.32}, {""temp"": 23.2583, ""step"": 6, ""status"": 1, ""pres"": 980.6985, ""meas_profile"": ""HP-6"", ""meas_id"": 6, ""hum"": 35.86121, ""gas_res"": 35049.29}, {""temp"": 23.16261, ""step"": 6, ""status"": 1, ""pres"": 980.4468, ""meas_profile"": ""HP-5"", ""meas_id"": 5, ""hum"": 36.06154, ""gas_res"": 126670.0}, {""temp"": 23.01713, ""step"": 6, ""status"": 1, ""pres"": 980.5558, ""meas_profile"": ""HP-4"", ""meas_id"": 4, ""hum"": 35.40078, ""gas_res"": 146704.9}, {""temp"": 23.17596, ""step"": 6, ""status"": 1, ""pres"": 980.198, ""meas_profile"": ""HP-3"", ""meas_id"": 3, ""hum"": 35.9345, ""gas_res"": 76509.27}, {""temp"": 23.12993, ""step"": 6, ""status"": 1, ""pres"": 980.2839, ""meas_profile"": ""HP-2"", ""meas_id"": 2, ""hum"": 36.15019, ""gas_res"": 100000.0}, {""temp"": 22.89947, ""step"": 6, ""status"": 1, ""pres"": 980.4091, ""meas_profile"": ""HP-1"", ""meas_id"": 1, ""hum"": 35.82365, ""gas_res"": 100000.0}]}",NULL,"2025-10-29 09:15:34.939393"
14109,"04a600b9b0b8","2025-10-29 09:14:10","zjUUDJyicI9mjz0y4erR","{""bme688"": [{""temp"": 23.20636, ""step"": 5, ""status"": 1, ""pres"": 980.4486, ""meas_profile"": ""HP-8"", ""meas_id"": 8, ""hum"": 36.12299, ""gas_res"": 15810.28}, {""temp"": 23.17899, ""step"": 5, ""status"": 1, ""pres"": 980.5853, ""meas_profile"": ""HP-7"", ""meas_id"": 7, ""hum"": 36.01532, ""gas_res"": 18890.2}, {""temp"": 23.25738, ""step"": 5, ""status"": 1, ""pres"": 980.6989, ""meas_profile"": ""HP-6"", ""meas_id"": 6, ""hum"": 35.86693, ""gas_res"": 35078.11}, {""temp"": 23.16136, ""step"": 5, ""status"": 1, ""pres"": 980.4464, ""meas_profile"": ""HP-5"", ""meas_id"": 5, ""hum"": 36.06141, ""gas_res"": 128000.0}, {""temp"": 23.01651, ""step"": 5, ""status"": 1, ""pres"": 980.5566, ""meas_profile"": ""HP-4"", ""meas_id"": 4, ""hum"": 35.41813, ""gas_res"": 150455.5}, {""temp"": 23.17503, ""step"": 5, ""status"": 1, ""pres"": 980.1998, ""meas_profile"": ""HP-3"", ""meas_id"": 3, ""hum"": 35.94022, ""gas_res"": 76509.27}, {""temp"": 23.12962, ""step"": 5, ""status"": 1, ""pres"": 980.2852, ""meas_profile"": ""HP-2"", ""meas_id"": 2, ""hum"": 36.1559, ""gas_res"": 100000.0}, {""temp"": 22.89916, ""step"": 5, ""status"": 1, ""pres"": 980.4086, ""meas_profile"": ""HP-1"", ""meas_id"": 1, ""hum"": 35.8058, ""gas_res"": 100000.0}]}",NULL,"2025-10-29 09:15:36.310322"
14110,"04a600b9b0b8","2025-10-29 09:14:10","zjUUDJyicI9mjz0y4erR","{""bme688"": [{""temp"": 23.20543, ""step"": 4, ""status"": 1, ""pres"": 980.4507, ""meas_profile"": ""HP-8"", ""meas_id"": 8, ""hum"": 36.1287, ""gas_res"": 15775.2}, {""temp"": 23.17775, ""step"": 4, ""status"": 1, ""pres"": 980.5849, ""meas_profile"": ""HP-7"", ""meas_id"": 7, ""hum"": 36.02093, ""gas_res"": 18823.53}, {""temp"": 23.25645, ""step"": 4, ""status"": 1, ""pres"": 980.7006, ""meas_profile"": ""HP-6"", ""meas_id"": 6, ""hum"": 35.87264, ""gas_res"": 35164.84}, {""temp"": 23.16011, ""step"": 4, ""status"": 1, ""pres"": 980.4478, ""meas_profile"": ""HP-5"", ""meas_id"": 5, ""hum"": 36.08425, ""gas_res"": 132163.1}, {""temp"": 23.01589, ""step"": 4, ""status"": 1, ""pres"": 980.5571, ""meas_profile"": ""HP-4"", ""meas_id"": 4, ""hum"": 35.41807, ""gas_res"": 156814.7}, {""temp"": 23.1741, ""step"": 4, ""status"": 1, ""pres"": 980.2, ""meas_profile"": ""HP-3"", ""meas_id"": 3, ""hum"": 35.92851, ""gas_res"": 77906.27}, {""temp"": 23.129, ""step"": 4, ""status"": 1, ""pres"": 980.2857, ""meas_profile"": ""HP-2"", ""meas_id"": 2, ""hum"": 36.16158, ""gas_res"": 100000.0}, {""temp"": 22.89885, ""step"": 4, ""status"": 1, ""pres"": 980.41, ""meas_profile"": ""HP-1"", ""meas_id"": 1, ""hum"": 35.81171, ""gas_res"": 93124.77}]}",NULL,"2025-10-29 09:15:37.497974"
14111,"04a600b9b0b8","2025-10-29 09:14:10","zjUUDJyicI9mjz0y4erR","{""bme688"": [{""temp"": 23.20419, ""step"": 3, ""status"": 0, ""pres"": 980.4504, ""meas_profile"": ""HP-8"", ""meas_id"": 8, ""hum"": 36.14595, ""gas_res"": 8030.113}, {""temp"": 23.17682, ""step"": 3, ""status"": 0, ""pres"": 980.5867, ""meas_profile"": ""HP-7"", ""meas_id"": 7, ""hum"": 36.05519, ""gas_res"": 9248.555}, {""temp"": 23.25521, ""step"": 3, ""status"": 0, ""pres"": 980.7004, ""meas_profile"": ""HP-6"", ""meas_id"": 6, ""hum"": 35.90155, ""gas_res"": 18974.21}, {""temp"": 23.15886, ""step"": 3, ""status"": 0, ""pres"": 980.4473, ""meas_profile"": ""HP-5"", ""meas_id"": 5, ""hum"": 36.10708, ""gas_res"": 42780.75}, {""temp"": 23.01496, ""step"": 3, ""status"": 0, ""pres"": 980.5573, ""meas_profile"": ""HP-4"", ""meas_id"": 4, ""hum"": 35.43538, ""gas_res"": 46817.85}, {""temp"": 23.17317, ""step"": 3, ""status"": 0, ""pres"": 980.2003, ""meas_profile"": ""HP-3"", ""meas_id"": 3, ""hum"": 35.96327, ""gas_res"": 27972.03}, {""temp"": 23.12806, ""step"": 3, ""status"": 0, ""pres"": 980.2859, ""meas_profile"": ""HP-2"", ""meas_id"": 2, ""hum"": 36.17297, ""gas_res"": 39603.96}, {""temp"": 22.89791, ""step"": 3, ""status"": 0, ""pres"": 980.4102, ""meas_profile"": ""HP-1"", ""meas_id"": 1, ""hum"": 35.82944, ""gas_res"": 27771.75}]}",NULL,"2025-10-29 09:15:38.781124"
14112,"04a600b9b0b8","2025-10-29 09:14:10","zjUUDJyicI9mjz0y4erR","{""bme688"": [{""temp"": 23.20296, ""step"": 2, ""status"": 1, ""pres"": 980.452, ""meas_profile"": ""HP-8"", ""meas_id"": 8, ""hum"": 36.14582, ""gas_res"": 23180.01}, {""temp"": 23.17558, ""step"": 2, ""status"": 1, ""pres"": 980.5881, ""meas_profile"": ""HP-7"", ""meas_id"": 7, ""hum"": 36.0379, ""gas_res"": 28495.1}, {""temp"": 23.25398, ""step"": 2, ""status"": 1, ""pres"": 980.7003, ""meas_profile"": ""HP-6"", ""meas_id"": 6, ""hum"": 35.89563, ""gas_res"": 79950.03}, {""temp"": 23.15761, ""step"": 2, ""status"": 1, ""pres"": 980.447, ""meas_profile"": ""HP-5"", ""meas_id"": 5, ""hum"": 36.09548, ""gas_res"": 221166.3}, {""temp"": 23.01403, ""step"": 2, ""status"": 1, ""pres"": 980.5574, ""meas_profile"": ""HP-4"", ""meas_id"": 4, ""hum"": 35.4469, ""gas_res"": 323743.3}, {""temp"": 23.17225, ""step"": 2, ""status"": 1, ""pres"": 980.2003, ""meas_profile"": ""HP-3"", ""meas_id"": 3, ""hum"": 35.96317, ""gas_res"": 153846.2}, {""temp"": 23.12744, ""step"": 2, ""status"": 1, ""pres"": 980.2866, ""meas_profile"": ""HP-2"", ""meas_id"": 2, ""hum"": 36.16717, ""gas_res"": 244100.1}, {""temp"": 22.89729, ""step"": 2, ""status"": 1, ""pres"": 980.4112, ""meas_profile"": ""HP-1"", ""meas_id"": 1, ""hum"": 35.82938, ""gas_res"": 195010.5}]}",NULL,"2025-10-29 09:15:40.056256"
14113,"04a600b9b0b8","2025-10-29 09:14:10","zjUUDJyicI9mjz0y4erR","{""bme688"": [{""temp"": 23.20234, ""step"": 1, ""status"": 1, ""pres"": 980.4528, ""meas_profile"": ""HP-8"", ""meas_id"": 8, ""hum"": 36.16315, ""gas_res"": 8968.61}, {""temp"": 23.17495, ""step"": 1, ""status"": 1, ""pres"": 980.5887, ""meas_profile"": ""HP-7"", ""meas_id"": 7, ""hum"": 36.06647, ""gas_res"": 10312.6}, {""temp"": 23.25306, ""step"": 1, ""status"": 1, ""pres"": 980.7022, ""meas_profile"": ""HP-6"", ""meas_id"": 6, ""hum"": 35.91295, ""gas_res"": 25000.0}, {""temp"": 23.15699, ""step"": 1, ""status"": 1, ""pres"": 980.4493, ""meas_profile"": ""HP-5"", ""meas_id"": 5, ""hum"": 36.08394, ""gas_res"": 42567.34}, {""temp"": 23.0134, ""step"": 1, ""status"": 1, ""pres"": 980.558, ""meas_profile"": ""HP-4"", ""meas_id"": 4, ""hum"": 35.44684, ""gas_res"": 46109.51}, {""temp"": 23.17163, ""step"": 1, ""status"": 1, ""pres"": 980.2009, ""meas_profile"": ""HP-3"", ""meas_id"": 3, ""hum"": 35.96893, ""gas_res"": 28324.85}, {""temp"": 23.12682, ""step"": 1, ""status"": 1, ""pres"": 980.2874, ""meas_profile"": ""HP-2"", ""meas_id"": 2, ""hum"": 36.18434, ""gas_res"": 36550.54}, {""temp"": 22.89698, ""step"": 1, ""status"": 1, ""pres"": 980.4125, ""meas_profile"": ""HP-1"", ""meas_id"": 1, ""hum"": 35.85905, ""gas_res"": 28400.27}]}",NULL,"2025-10-29 09:15:41.446687"
14114,"04a600b9b0b8","2025-10-29 09:14:10","zjUUDJyicI9mjz0y4erR","{""bme688"": [{""temp"": 23.20111, ""step"": 0, ""status"": 1, ""pres"": 980.4543, ""meas_profile"": ""HP-8"", ""meas_id"": 8, ""hum"": 36.16302, ""gas_res"": 5684.846}, {""temp"": 23.17371, ""step"": 0, ""status"": 1, ""pres"": 980.5884, ""meas_profile"": ""HP-7"", ""meas_id"": 7, ""hum"": 36.04916, ""gas_res"": 6317.868}, {""temp"": 23.25244, ""step"": 0, ""status"": 1, ""pres"": 980.7029, ""meas_profile"": ""HP-6"", ""meas_id"": 6, ""hum"": 35.91289, ""gas_res"": 8565.311}, {""temp"": 23.15605, ""step"": 0, ""status"": 1, ""pres"": 980.4493, ""meas_profile"": ""HP-5"", ""meas_id"": 5, ""hum"": 36.11255, ""gas_res"": 25000.0}, {""temp"": 23.01278, ""step"": 0, ""status"": 1, ""pres"": 980.5587, ""meas_profile"": ""HP-4"", ""meas_id"": 4, ""hum"": 35.45258, ""gas_res"": 25000.0}, {""temp"": 23.17101, ""step"": 0, ""status"": 1, ""pres"": 980.2017, ""meas_profile"": ""HP-3"", ""meas_id"": 3, ""hum"": 35.96305, ""gas_res"": 7722.008}, {""temp"": 23.12651, ""step"": 0, ""status"": 1, ""pres"": 980.2867, ""meas_profile"": ""HP-2"", ""meas_id"": 2, ""hum"": 36.18431, ""gas_res"": 8755.13}, {""temp"": 22.89636, ""step"": 0, ""status"": 1, ""pres"": 980.4116, ""meas_profile"": ""HP-1"", ""meas_id"": 1, ""hum"": 35.82929, ""gas_res"": 7029.877}]}",NULL,"2025-10-29 09:15:42.618433"
14115,"04a600b9b0b8","2025-10-29 09:13:43","zjUUDJyicI9mjz0y4erR","{""zphs01b"": {""voc"": 0, ""temp"": 20.6, ""pm2_5"": 0, ""pm1_0"": 0, ""pm10"": 317, ""o3"": 0.02, ""no2"": 9.179999, ""hum"": 0, ""fmhd"": 0, ""co2"": 5000, ""co"": 0.0}, ""smell_b"": {}, ""sfa30"": {""temp"": 23.51, ""hum"": 37.98, ""fmhd"": 21.8}, ""sen5x"": {""voc"": 107.0, ""temp"": 22.93, ""pm4_0"": 4555.2, ""pm2_5"": 4555.2, ""pm1_0"": 4343.7, ""pm10"": 4555.2, ""nox"": 1.0, ""mass_c"": 4502.325, ""hum"": 44.47}, ""scd41"": {""temp"": 22.93851, ""hum"": 47.81414, ""co2"": 589}, ""power_source"": 0, ""mics6814"": {""red_res"": 0, ""no2_res"": 0, ""no2"": 0.17, ""nh3_res"": 0, ""nh3"": 0.73, ""co_res"": 0, ""co"": 44.0}}",NULL,"2025-10-29 09:15:43.790727"
14116,"04a600b9b0b8","2025-10-29 09:13:43","zjUUDJyicI9mjz0y4erR","{""bme688"": [{""temp"": 23.19987, ""step"": 9, ""status"": 1, ""pres"": 980.4542, ""meas_profile"": ""HP-8"", ""meas_id"": 8, ""hum"": 36.15711, ""gas_res"": 5684.846}, {""temp"": 23.17278, ""step"": 9, ""status"": 1, ""pres"": 980.5902, ""meas_profile"": ""HP-7"", ""meas_id"": 7, ""hum"": 36.06625, ""gas_res"": 5818.182}, {""temp"": 23.25151, ""step"": 9, ""status"": 1, ""pres"": 980.7048, ""meas_profile"": ""HP-6"", ""meas_id"": 6, ""hum"": 35.9128, ""gas_res"": 7710.843}, {""temp"": 23.15511, ""step"": 9, ""status"": 1, ""pres"": 980.4512, ""meas_profile"": ""HP-5"", ""meas_id"": 5, ""hum"": 36.09524, ""gas_res"": 25000.0}, {""temp"": 23.01216, ""step"": 9, ""status"": 1, ""pres"": 980.5593, ""meas_profile"": ""HP-4"", ""meas_id"": 4, ""hum"": 35.45253, ""gas_res"": 25000.0}, {""temp"": 23.1707, ""step"": 9, ""status"": 1, ""pres"": 980.2045, ""meas_profile"": ""HP-3"", ""meas_id"": 3, ""hum"": 35.96303, ""gas_res"": 8305.217}, {""temp"": 23.12589, ""step"": 9, ""status"": 1, ""pres"": 980.2874, ""meas_profile"": ""HP-2"", ""meas_id"": 2, ""hum"": 36.16127, ""gas_res"": 8698.016}, {""temp"": 22.89605, ""step"": 9, ""status"": 1, ""pres"": 980.4129, ""meas_profile"": ""HP-1"", ""meas_id"": 1, ""hum"": 35.84114, ""gas_res"": 7166.854}]}",NULL,"2025-10-29 09:15:45.178009"
14117,"04a600b9b0b8","2025-10-29 09:13:43","zjUUDJyicI9mjz0y4erR","{""bme688"": [{""temp"": 23.19864, ""step"": 8, ""status"": 1, ""pres"": 980.4556, ""meas_profile"": ""HP-8"", ""meas_id"": 8, ""hum"": 36.15699, ""gas_res"": 5684.846}, {""temp"": 23.17154, ""step"": 8, ""status"": 1, ""pres"": 980.5899, ""meas_profile"": ""HP-7"", ""meas_id"": 7, ""hum"": 36.04895, ""gas_res"": 5888.848}, {""temp"": 23.25058, ""step"": 8, ""status"": 1, ""pres"": 980.7053, ""meas_profile"": ""HP-6"", ""meas_id"": 6, ""hum"": 35.91852, ""gas_res"": 7952.286}, {""temp"": 23.15448, ""step"": 8, ""status"": 1, ""pres"": 980.4519, ""meas_profile"": ""HP-5"", ""meas_id"": 5, ""hum"": 36.10666, ""gas_res"": 25000.0}, {""temp"": 23.01154, ""step"": 8, ""status"": 1, ""pres"": 980.5598, ""meas_profile"": ""HP-4"", ""meas_id"": 4, ""hum"": 35.44086, ""gas_res"": 25000.0}, {""temp"": 23.17008, ""step"": 8, ""status"": 1, ""pres"": 980.2053, ""meas_profile"": ""HP-3"", ""meas_id"": 3, ""hum"": 35.96877, ""gas_res"": 7436.672}, {""temp"": 23.12558, ""step"": 8, ""status"": 1, ""pres"": 980.2885, ""meas_profile"": ""HP-2"", ""meas_id"": 2, ""hum"": 36.18422, ""gas_res"": 8396.746}, {""temp"": 22.89543, ""step"": 8, ""status"": 1, ""pres"": 980.4138, ""meas_profile"": ""HP-1"", ""meas_id"": 1, ""hum"": 35.84703, ""gas_res"": 6792.613}]}",NULL,"2025-10-29 09:15:46.569512"
14118,"04a600b9b0b8","2025-10-29 09:13:43","zjUUDJyicI9mjz0y4erR","{""bme688"": [{""temp"": 23.1974, ""step"": 7, ""status"": 1, ""pres"": 980.4556, ""meas_profile"": ""HP-8"", ""meas_id"": 8, ""hum"": 36.18004, ""gas_res"": 5684.846}, {""temp"": 23.1706, ""step"": 7, ""status"": 1, ""pres"": 980.59, ""meas_profile"": ""HP-7"", ""meas_id"": 7, ""hum"": 36.06604, ""gas_res"": 5879.111}, {""temp"": 23.24966, ""step"": 7, ""status"": 1, ""pres"": 980.7053, ""meas_profile"": ""HP-6"", ""meas_id"": 6, ""hum"": 35.91262, ""gas_res"": 7899.284}, {""temp"": 23.15355, ""step"": 7, ""status"": 1, ""pres"": 980.452, ""meas_profile"": ""HP-5"", ""meas_id"": 5, ""hum"": 36.08935, ""gas_res"": 25000.0}, {""temp"": 23.01092, ""step"": 7, ""status"": 1, ""pres"": 980.5605, ""meas_profile"": ""HP-4"", ""meas_id"": 4, ""hum"": 35.43499, ""gas_res"": 25000.0}, {""temp"": 23.16915, ""step"": 7, ""status"": 1, ""pres"": 980.2053, ""meas_profile"": ""HP-3"", ""meas_id"": 3, ""hum"": 35.96869, ""gas_res"": 6640.382}, {""temp"": 23.12496, ""step"": 7, ""status"": 1, ""pres"": 980.2893, ""meas_profile"": ""HP-2"", ""meas_id"": 2, ""hum"": 36.17841, ""gas_res"": 7750.061}, {""temp"": 22.8948, ""step"": 7, ""status"": 1, ""pres"": 980.4128, ""meas_profile"": ""HP-1"", ""meas_id"": 1, ""hum"": 35.85291, ""gas_res"": 6295.495}]}",NULL,"2025-10-29 09:15:47.737651"
14119,"04a600b9b0b8","2025-10-29 09:13:43","zjUUDJyicI9mjz0y4erR","{""bme688"": [{""temp"": 23.19647, ""step"": 6, ""status"": 1, ""pres"": 980.4558, ""meas_profile"": ""HP-8"", ""meas_id"": 8, ""hum"": 36.16837, ""gas_res"": 15693.97}, {""temp"": 23.16936, ""step"": 6, ""status"": 1, ""pres"": 980.5912, ""meas_profile"": ""HP-7"", ""meas_id"": 7, ""hum"": 36.06592, ""gas_res"": 18306.64}, {""temp"": 23.24873, ""step"": 6, ""status"": 1, ""pres"": 980.7056, ""meas_profile"": ""HP-6"", ""meas_id"": 6, ""hum"": 35.90673, ""gas_res"": 31809.14}, {""temp"": 23.15261, ""step"": 6, ""status"": 1, ""pres"": 980.452, ""meas_profile"": ""HP-5"", ""meas_id"": 5, ""hum"": 36.08352, ""gas_res"": 113374.7}, {""temp"": 23.00999, ""step"": 6, ""status"": 1, ""pres"": 980.5608, ""meas_profile"": ""HP-4"", ""meas_id"": 4, ""hum"": 35.45232, ""gas_res"": 124634.9}, {""temp"": 23.16854, ""step"": 6, ""status"": 1, ""pres"": 980.2043, ""meas_profile"": ""HP-3"", ""meas_id"": 3, ""hum"": 35.95701, ""gas_res"": 41612.48}, {""temp"": 23.12465, ""step"": 6, ""status"": 1, ""pres"": 980.2904, ""meas_profile"": ""HP-2"", ""meas_id"": 2, ""hum"": 36.17264, ""gas_res"": 100000.0}, {""temp"": 22.89418, ""step"": 6, ""status"": 1, ""pres"": 980.4136, ""meas_profile"": ""HP-1"", ""meas_id"": 1, ""hum"": 35.84097, ""gas_res"": 80175.38}]}",NULL,"2025-10-29 09:15:49.018481"
14120,"04a600b9b0b8","2025-10-29 09:13:43","zjUUDJyicI9mjz0y4erR","{""bme688"": [{""temp"": 23.19524, ""step"": 5, ""status"": 1, ""pres"": 980.4573, ""meas_profile"": ""HP-8"", ""meas_id"": 8, ""hum"": 36.17404, ""gas_res"": 15613.56}, {""temp"": 23.16843, ""step"": 5, ""status"": 1, ""pres"": 980.5913, ""meas_profile"": ""HP-7"", ""meas_id"": 7, ""hum"": 36.06011, ""gas_res"": 18322.36}, {""temp"": 23.24812, ""step"": 5, ""status"": 1, ""pres"": 980.7081, ""meas_profile"": ""HP-6"", ""meas_id"": 6, ""hum"": 35.91828, ""gas_res"": 31880.45}, {""temp"": 23.15136, ""step"": 5, ""status"": 1, ""pres"": 980.4518, ""meas_profile"": ""HP-5"", ""meas_id"": 5, ""hum"": 36.11783, ""gas_res"": 113828.4}, {""temp"": 23.00906, ""step"": 5, ""status"": 1, ""pres"": 980.5609, ""meas_profile"": ""HP-4"", ""meas_id"": 4, ""hum"": 35.45223, ""gas_res"": 126201.6}, {""temp"": 23.16792, ""step"": 5, ""status"": 1, ""pres"": 980.205, ""meas_profile"": ""HP-3"", ""meas_id"": 3, ""hum"": 35.98018, ""gas_res"": 40816.33}, {""temp"": 23.12403, ""step"": 5, ""status"": 1, ""pres"": 980.2911, ""meas_profile"": ""HP-2"", ""meas_id"": 2, ""hum"": 36.18406, ""gas_res"": 100000.0}, {""temp"": 22.89325, ""step"": 5, ""status"": 1, ""pres"": 980.414, ""meas_profile"": ""HP-1"", ""meas_id"": 1, ""hum"": 35.83493, ""gas_res"": 77271.35}]}",NULL,"2025-10-29 09:15:50.311182"
14121,"04a600b9b0b8","2025-10-29 09:13:43","zjUUDJyicI9mjz0y4erR","{""bme688"": [{""temp"": 23.19431, ""step"": 4, ""status"": 1, ""pres"": 980.4575, ""meas_profile"": ""HP-8"", ""meas_id"": 8, ""hum"": 36.19133, ""gas_res"": 15659.41}, {""temp"": 23.16719, ""step"": 4, ""status"": 1, ""pres"": 980.591, ""meas_profile"": ""HP-7"", ""meas_id"": 7, ""hum"": 36.07716, ""gas_res"": 18322.36}, {""temp"": 23.24719, ""step"": 4, ""status"": 1, ""pres"": 980.7083, ""meas_profile"": ""HP-6"", ""meas_id"": 6, ""hum"": 35.9298, ""gas_res"": 32193.16}, {""temp"": 23.1501, ""step"": 4, ""status"": 1, ""pres"": 980.4514, ""meas_profile"": ""HP-5"", ""meas_id"": 5, ""hum"": 36.12919, ""gas_res"": 117028.6}, {""temp"": 23.00812, ""step"": 4, ""status"": 1, ""pres"": 980.561, ""meas_profile"": ""HP-4"", ""meas_id"": 4, ""hum"": 35.45214, ""gas_res"": 129064.8}, {""temp"": 23.1673, ""step"": 4, ""status"": 1, ""pres"": 980.2056, ""meas_profile"": ""HP-3"", ""meas_id"": 3, ""hum"": 35.98593, ""gas_res"": 40544.82}, {""temp"": 23.12341, ""step"": 4, ""status"": 1, ""pres"": 980.2901, ""meas_profile"": ""HP-2"", ""meas_id"": 2, ""hum"": 36.184, ""gas_res"": 92418.77}, {""temp"": 22.89294, ""step"": 4, ""status"": 1, ""pres"": 980.4154, ""meas_profile"": ""HP-1"", ""meas_id"": 1, ""hum"": 35.84678, ""gas_res"": 45616.54}]}",NULL,"2025-10-29 09:15:51.67505"
14122,"04a600b9b0b8","2025-10-29 09:13:43","zjUUDJyicI9mjz0y4erR","{""bme688"": [{""temp"": 23.19307, ""step"": 3, ""status"": 0, ""pres"": 980.4574, ""meas_profile"": ""HP-8"", ""meas_id"": 8, ""hum"": 36.197, ""gas_res"": 8146.64}, {""temp"": 23.16626, ""step"": 3, ""status"": 0, ""pres"": 980.5928, ""meas_profile"": ""HP-7"", ""meas_id"": 7, ""hum"": 36.09426, ""gas_res"": 9176.943}, {""temp"": 23.24595, ""step"": 3, ""status"": 0, ""pres"": 980.7079, ""meas_profile"": ""HP-6"", ""meas_id"": 6, ""hum"": 35.93549, ""gas_res"": 17758.05}, {""temp"": 23.14885, ""step"": 3, ""status"": 0, ""pres"": 980.4528, ""meas_profile"": ""HP-5"", ""meas_id"": 5, ""hum"": 36.11759, ""gas_res"": 38953.13}, {""temp"": 23.00719, ""step"": 3, ""status"": 0, ""pres"": 980.5611, ""meas_profile"": ""HP-4"", ""meas_id"": 4, ""hum"": 35.48687, ""gas_res"": 40276.9}, {""temp"": 23.16637, ""step"": 3, ""status"": 0, ""pres"": 980.2059, ""meas_profile"": ""HP-3"", ""meas_id"": 3, ""hum"": 36.00327, ""gas_res"": 23765.32}, {""temp"": 23.12278, ""step"": 3, ""status"": 0, ""pres"": 980.2924, ""meas_profile"": ""HP-2"", ""meas_id"": 2, ""hum"": 36.19542, ""gas_res"": 33143.45}, {""temp"": 22.892, ""step"": 3, ""status"": 0, ""pres"": 980.4158, ""meas_profile"": ""HP-1"", ""meas_id"": 1, ""hum"": 35.87047, ""gas_res"": 22686.99}]}",NULL,"2025-10-29 09:15:52.867851"
14123,"04a600b9b0b8","2025-10-29 09:13:43","zjUUDJyicI9mjz0y4erR","{""bme688"": [{""temp"": 23.19215, ""step"": 2, ""status"": 1, ""pres"": 980.4595, ""meas_profile"": ""HP-8"", ""meas_id"": 8, ""hum"": 36.2085, ""gas_res"": 26106.46}, {""temp"": 23.16533, ""step"": 2, ""status"": 1, ""pres"": 980.5946, ""meas_profile"": ""HP-7"", ""meas_id"": 7, ""hum"": 36.07698, ""gas_res"": 31090.6}, {""temp"": 23.24503, ""step"": 2, ""status"": 1, ""pres"": 980.7098, ""meas_profile"": ""HP-6"", ""meas_id"": 6, ""hum"": 35.9296, ""gas_res"": 83632.8}, {""temp"": 23.14791, ""step"": 2, ""status"": 1, ""pres"": 980.4528, ""meas_profile"": ""HP-5"", ""meas_id"": 5, ""hum"": 36.13472, ""gas_res"": 227656.7}, {""temp"": 23.00626, ""step"": 2, ""status"": 1, ""pres"": 980.5611, ""meas_profile"": ""HP-4"", ""meas_id"": 4, ""hum"": 35.47518, ""gas_res"": 303048.3}, {""temp"": 23.16544, ""step"": 2, ""status"": 1, ""pres"": 980.206, ""meas_profile"": ""HP-3"", ""meas_id"": 3, ""hum"": 36.00317, ""gas_res"": 136170.2}, {""temp"": 23.12185, ""step"": 2, ""status"": 1, ""pres"": 980.291, ""meas_profile"": ""HP-2"", ""meas_id"": 2, ""hum"": 36.19534, ""gas_res"": 213957.4}, {""temp"": 22.89107, ""step"": 2, ""status"": 1, ""pres"": 980.416, ""meas_profile"": ""HP-1"", ""meas_id"": 1, ""hum"": 35.8466, ""gas_res"": 163421.6}]}",NULL,"2025-10-29 09:15:54.138184"
14124,"04a600b9b0b8","2025-10-29 09:13:43","zjUUDJyicI9mjz0y4erR","{""bme688"": [{""temp"": 23.19122, ""step"": 1, ""status"": 1, ""pres"": 980.4598, ""meas_profile"": ""HP-8"", ""meas_id"": 8, ""hum"": 36.19103, ""gas_res"": 9029.346}, {""temp"": 23.16471, ""step"": 1, ""status"": 1, ""pres"": 980.5952, ""meas_profile"": ""HP-7"", ""meas_id"": 7, ""hum"": 36.09984, ""gas_res"": 10204.08}, {""temp"": 23.2441, ""step"": 1, ""status"": 1, ""pres"": 980.7101, ""meas_profile"": ""HP-6"", ""meas_id"": 6, ""hum"": 35.93531, ""gas_res"": 25000.0}, {""temp"": 23.14698, ""step"": 1, ""status"": 1, ""pres"": 980.4529, ""meas_profile"": ""HP-5"", ""meas_id"": 5, ""hum"": 36.12314, ""gas_res"": 36994.22}, {""temp"": 23.00564, ""step"": 1, ""status"": 1, ""pres"": 980.5617, ""meas_profile"": ""HP-4"", ""meas_id"": 4, ""hum"": 35.49253, ""gas_res"": 36707.77}, {""temp"": 23.16482, ""step"": 1, ""status"": 1, ""pres"": 980.2067, ""meas_profile"": ""HP-3"", ""meas_id"": 3, ""hum"": 36.01473, ""gas_res"": 25000.0}, {""temp"": 23.12154, ""step"": 1, ""status"": 1, ""pres"": 980.2921, ""meas_profile"": ""HP-2"", ""meas_id"": 2, ""hum"": 36.21254, ""gas_res"": 27880.64}, {""temp"": 22.89076, ""step"": 1, ""status"": 1, ""pres"": 980.4174, ""meas_profile"": ""HP-1"", ""meas_id"": 1, ""hum"": 35.85252, ""gas_res"": 25000.0}]}",NULL,"2025-10-29 09:15:55.419518"
14125,"04a600b9b0b8","2025-10-29 09:13:43","zjUUDJyicI9mjz0y4erR","{""bme688"": [{""temp"": 23.1903, ""step"": 0, ""status"": 1, ""pres"": 980.4619, ""meas_profile"": ""HP-8"", ""meas_id"": 8, ""hum"": 36.20253, ""gas_res"": 5882.353}, {""temp"": 23.16346, ""step"": 0, ""status"": 1, ""pres"": 980.5948, ""meas_profile"": ""HP-7"", ""meas_id"": 7, ""hum"": 36.09399, ""gas_res"": 6522.625}, {""temp"": 23.24318, ""step"": 0, ""status"": 1, ""pres"": 980.7102, ""meas_profile"": ""HP-6"", ""meas_id"": 6, ""hum"": 35.93522, ""gas_res"": 8247.423}, {""temp"": 23.14635, ""step"": 0, ""status"": 1, ""pres"": 980.4537, ""meas_profile"": ""HP-5"", ""meas_id"": 5, ""hum"": 36.15179, ""gas_res"": 25000.0}, {""temp"": 23.00502, ""step"": 0, ""status"": 1, ""pres"": 980.5609, ""meas_profile"": ""HP-4"", ""meas_id"": 4, ""hum"": 35.46345, ""gas_res"": 25000.0}, {""temp"": 23.16421, ""step"": 0, ""status"": 1, ""pres"": 980.209, ""meas_profile"": ""HP-3"", ""meas_id"": 3, ""hum"": 35.99725, ""gas_res"": 6366.892}, {""temp"": 23.12092, ""step"": 0, ""status"": 1, ""pres"": 980.2927, ""meas_profile"": ""HP-2"", ""meas_id"": 2, ""hum"": 36.20099, ""gas_res"": 7114.273}, {""temp"": 22.89013, ""step"": 0, ""status"": 1, ""pres"": 980.4164, ""meas_profile"": ""HP-1"", ""meas_id"": 1, ""hum"": 35.88217, ""gas_res"": 8221.994}]}",NULL,"2025-10-29 09:15:56.79211"
14126,"04a600b9b0b8","2025-10-29 09:15:41","zjUUDJyicI9mjz0y4erR","{""zphs01b"": {""voc"": 0, ""temp"": 20.8, ""pm2_5"": 0, ""pm1_0"": 0, ""pm10"": 311, ""o3"": 0.02, ""no2"": 10.0, ""hum"": 0, ""fmhd"": 0, ""co2"": 5000, ""co"": 0.0}, ""smell_b"": {}, ""sfa30"": {""temp"": 23.56, ""hum"": 37.93, ""fmhd"": 23.0}, ""sen5x"": {""voc"": 107.0, ""temp"": 22.925, ""pm4_0"": 4569.9, ""pm2_5"": 4569.9, ""pm1_0"": 4357.7, ""pm10"": 4569.9, ""nox"": 1.0, ""mass_c"": 4516.85, ""hum"": 44.7}, ""scd41"": {""temp"": 23.13878, ""hum"": 47.37621, ""co2"": 584}, ""power_source"": 0, ""mics6814"": {""red_res"": 0, ""no2_res"": 0, ""no2"": 0.17, ""nh3_res"": 0, ""nh3"": 0.73, ""co_res"": 0, ""co"": 44.0}}",NULL,"2025-10-29 09:17:00.004843"
14127,"04a600b9b0b8","2025-10-29 09:15:41","zjUUDJyicI9mjz0y4erR","{""bme688"": [{""temp"": 23.23786, ""step"": 9, ""status"": 1, ""pres"": 980.4314, ""meas_profile"": ""HP-8"", ""meas_id"": 8, ""hum"": 36.07973, ""gas_res"": 5684.846}, {""temp"": 23.20942, ""step"": 9, ""status"": 1, ""pres"": 980.5685, ""meas_profile"": ""HP-7"", ""meas_id"": 7, ""hum"": 35.97821, ""gas_res"": 6115.039}, {""temp"": 23.28516, ""step"": 9, ""status"": 1, ""pres"": 980.6816, ""meas_profile"": ""HP-6"", ""meas_id"": 6, ""hum"": 35.82899, ""gas_res"": 8324.662}, {""temp"": 23.19076, ""step"": 9, ""status"": 1, ""pres"": 980.4377, ""meas_profile"": ""HP-5"", ""meas_id"": 5, ""hum"": 36.02985, ""gas_res"": 25000.0}, {""temp"": 23.03763, ""step"": 9, ""status"": 1, ""pres"": 980.5432, ""meas_profile"": ""HP-4"", ""meas_id"": 4, ""hum"": 35.40274, ""gas_res"": 25000.0}, {""temp"": 23.19575, ""step"": 9, ""status"": 1, ""pres"": 980.1833, ""meas_profile"": ""HP-3"", ""meas_id"": 3, ""hum"": 35.95385, ""gas_res"": 9658.919}, {""temp"": 23.14514, ""step"": 9, ""status"": 1, ""pres"": 980.2703, ""meas_profile"": ""HP-2"", ""meas_id"": 2, ""hum"": 36.15742, ""gas_res"": 10040.79}, {""temp"": 22.91628, ""step"": 9, ""status"": 1, ""pres"": 980.3972, ""meas_profile"": ""HP-1"", ""meas_id"": 1, ""hum"": 35.80151, ""gas_res"": 8324.662}]}",NULL,"2025-10-29 09:17:01.340129"
14128,"04a600b9b0b8","2025-10-29 09:15:41","zjUUDJyicI9mjz0y4erR","{""bme688"": [{""temp"": 23.23601, ""step"": 8, ""status"": 1, ""pres"": 980.4319, ""meas_profile"": ""HP-8"", ""meas_id"": 8, ""hum"": 36.06797, ""gas_res"": 5684.846}, {""temp"": 23.20787, ""step"": 8, ""status"": 1, ""pres"": 980.5694, ""meas_profile"": ""HP-7"", ""meas_id"": 7, ""hum"": 35.97806, ""gas_res"": 6062.903}, {""temp"": 23.28423, ""step"": 8, ""status"": 1, ""pres"": 980.6819, ""meas_profile"": ""HP-6"", ""meas_id"": 6, ""hum"": 35.8289, ""gas_res"": 8423.27}, {""temp"": 23.18982, ""step"": 8, ""status"": 1, ""pres"": 980.4378, ""meas_profile"": ""HP-5"", ""meas_id"": 5, ""hum"": 36.02402, ""gas_res"": 25000.0}, {""temp"": 23.03701, ""step"": 8, ""status"": 1, ""pres"": 980.5438, ""meas_profile"": ""HP-4"", ""meas_id"": 4, ""hum"": 35.39688, ""gas_res"": 25000.0}, {""temp"": 23.19513, ""step"": 8, ""status"": 1, ""pres"": 980.1839, ""meas_profile"": ""HP-3"", ""meas_id"": 3, ""hum"": 35.92475, ""gas_res"": 8572.194}, {""temp"": 23.14452, ""step"": 8, ""status"": 1, ""pres"": 980.271, ""meas_profile"": ""HP-2"", ""meas_id"": 2, ""hum"": 36.14587, ""gas_res"": 9658.919}, {""temp"": 22.91534, ""step"": 8, ""status"": 1, ""pres"": 980.3976, ""meas_profile"": ""HP-1"", ""meas_id"": 1, ""hum"": 35.78955, ""gas_res"": 7870.143}]}",NULL,"2025-10-29 09:17:02.803886"
14129,"04a600b9b0b8","2025-10-29 09:15:41","zjUUDJyicI9mjz0y4erR","{""bme688"": [{""temp"": 23.23446, ""step"": 7, ""status"": 1, ""pres"": 980.4313, ""meas_profile"": ""HP-8"", ""meas_id"": 8, ""hum"": 36.09677, ""gas_res"": 5684.846}, {""temp"": 23.20663, ""step"": 7, ""status"": 1, ""pres"": 980.5706, ""meas_profile"": ""HP-7"", ""meas_id"": 7, ""hum"": 35.99511, ""gas_res"": 5974.608}, {""temp"": 23.283, ""step"": 7, ""status"": 1, ""pres"": 980.6833, ""meas_profile"": ""HP-6"", ""meas_id"": 6, ""hum"": 35.84039, ""gas_res"": 8273.01}, {""temp"": 23.18857, ""step"": 7, ""status"": 1, ""pres"": 980.4389, ""meas_profile"": ""HP-5"", ""meas_id"": 5, ""hum"": 36.02391, ""gas_res"": 25000.0}, {""temp"": 23.03608, ""step"": 7, ""status"": 1, ""pres"": 980.5439, ""meas_profile"": ""HP-4"", ""meas_id"": 4, ""hum"": 35.40839, ""gas_res"": 25000.0}, {""temp"": 23.1942, ""step"": 7, ""status"": 1, ""pres"": 980.1839, ""meas_profile"": ""HP-3"", ""meas_id"": 3, ""hum"": 35.94208, ""gas_res"": 7722.008}, {""temp"": 23.1439, ""step"": 7, ""status"": 1, ""pres"": 980.2715, ""meas_profile"": ""HP-2"", ""meas_id"": 2, ""hum"": 36.15729, ""gas_res"": 8908.686}, {""temp"": 22.91472, ""step"": 7, ""status"": 1, ""pres"": 980.3967, ""meas_profile"": ""HP-1"", ""meas_id"": 1, ""hum"": 35.80136, ""gas_res"": 7473.144}]}",NULL,"2025-10-29 09:17:03.89831"
14130,"04a600b9b0b8","2025-10-29 09:15:41","zjUUDJyicI9mjz0y4erR","{""bme688"": [{""temp"": 23.23323, ""step"": 6, ""status"": 1, ""pres"": 980.4328, ""meas_profile"": ""HP-8"", ""meas_id"": 8, ""hum"": 36.10245, ""gas_res"": 15500.12}, {""temp"": 23.20539, ""step"": 6, ""status"": 1, ""pres"": 980.572, ""meas_profile"": ""HP-7"", ""meas_id"": 7, ""hum"": 35.97209, ""gas_res"": 18658.89}, {""temp"": 23.28176, ""step"": 6, ""status"": 1, ""pres"": 980.683, ""meas_profile"": ""HP-6"", ""meas_id"": 6, ""hum"": 35.83446, ""gas_res"": 34371.64}, {""temp"": 23.18732, ""step"": 6, ""status"": 1, ""pres"": 980.4387, ""meas_profile"": ""HP-5"", ""meas_id"": 5, ""hum"": 36.02378, ""gas_res"": 121442.1}, {""temp"": 23.03515, ""step"": 6, ""status"": 1, ""pres"": 980.5441, ""meas_profile"": ""HP-4"", ""meas_id"": 4, ""hum"": 35.41411, ""gas_res"": 141592.9}, {""temp"": 23.19327, ""step"": 6, ""status"": 1, ""pres"": 980.1859, ""meas_profile"": ""HP-3"", ""meas_id"": 3, ""hum"": 35.9536, ""gas_res"": 75227.74}, {""temp"": 23.14328, ""step"": 6, ""status"": 1, ""pres"": 980.2722, ""meas_profile"": ""HP-2"", ""meas_id"": 2, ""hum"": 36.15723, ""gas_res"": 100000.0}, {""temp"": 22.9141, ""step"": 6, ""status"": 1, ""pres"": 980.3975, ""meas_profile"": ""HP-1"", ""meas_id"": 1, ""hum"": 35.8013, ""gas_res"": 100000.0}]}",NULL,"2025-10-29 09:17:05.177954"
14131,"04a600b9b0b8","2025-10-29 09:15:41","zjUUDJyicI9mjz0y4erR","{""bme688"": [{""temp"": 23.23168, ""step"": 5, ""status"": 1, ""pres"": 980.4339, ""meas_profile"": ""HP-8"", ""meas_id"": 8, ""hum"": 36.09651, ""gas_res"": 15466.41}, {""temp"": 23.20383, ""step"": 5, ""status"": 1, ""pres"": 980.5728, ""meas_profile"": ""HP-7"", ""meas_id"": 7, ""hum"": 35.98339, ""gas_res"": 18465.09}, {""temp"": 23.28053, ""step"": 5, ""status"": 1, ""pres"": 980.6846, ""meas_profile"": ""HP-6"", ""meas_id"": 6, ""hum"": 35.82854, ""gas_res"": 34316.36}, {""temp"": 23.18575, ""step"": 5, ""status"": 1, ""pres"": 980.4395, ""meas_profile"": ""HP-5"", ""meas_id"": 5, ""hum"": 36.04084, ""gas_res"": 123106.5}, {""temp"": 23.03421, ""step"": 5, ""status"": 1, ""pres"": 980.5441, ""meas_profile"": ""HP-4"", ""meas_id"": 4, ""hum"": 35.40821, ""gas_res"": 144960.4}, {""temp"": 23.19204, ""step"": 5, ""status"": 1, ""pres"": 980.1856, ""meas_profile"": ""HP-3"", ""meas_id"": 3, ""hum"": 35.93025, ""gas_res"": 75694.85}, {""temp"": 23.14266, ""step"": 5, ""status"": 1, ""pres"": 980.2747, ""meas_profile"": ""HP-2"", ""meas_id"": 2, ""hum"": 36.16291, ""gas_res"": 100000.0}, {""temp"": 22.91348, ""step"": 5, ""status"": 1, ""pres"": 980.3983, ""meas_profile"": ""HP-1"", ""meas_id"": 1, ""hum"": 35.78936, ""gas_res"": 93023.26}]}",NULL,"2025-10-29 09:17:06.459634"
14132,"04a600b9b0b8","2025-10-29 09:15:41","zjUUDJyicI9mjz0y4erR","{""bme688"": [{""temp"": 23.23045, ""step"": 4, ""status"": 1, ""pres"": 980.4338, ""meas_profile"": ""HP-8"", ""meas_id"": 8, ""hum"": 36.10218, ""gas_res"": 15344.04}, {""temp"": 23.20259, ""step"": 4, ""status"": 1, ""pres"": 980.5723, ""meas_profile"": ""HP-7"", ""meas_id"": 7, ""hum"": 35.98899, ""gas_res"": 18385.52}, {""temp"": 23.27929, ""step"": 4, ""status"": 1, ""pres"": 980.6842, ""meas_profile"": ""HP-6"", ""meas_id"": 6, ""hum"": 35.83422, ""gas_res"": 34877.38}, {""temp"": 23.18419, ""step"": 4, ""status"": 1, ""pres"": 980.4386, ""meas_profile"": ""HP-5"", ""meas_id"": 5, ""hum"": 36.03495, ""gas_res"": 126576.0}, {""temp"": 23.03328, ""step"": 4, ""status"": 1, ""pres"": 980.546, ""meas_profile"": ""HP-4"", ""meas_id"": 4, ""hum"": 35.40232, ""gas_res"": 150190.7}, {""temp"": 23.19111, ""step"": 4, ""status"": 1, ""pres"": 980.1857, ""meas_profile"": ""HP-3"", ""meas_id"": 3, ""hum"": 35.94178, ""gas_res"": 76992.48}, {""temp"": 23.14173, ""step"": 4, ""status"": 1, ""pres"": 980.2747, ""meas_profile"": ""HP-2"", ""meas_id"": 2, ""hum"": 36.16282, ""gas_res"": 100000.0}, {""temp"": 22.91285, ""step"": 4, ""status"": 1, ""pres"": 980.3992, ""meas_profile"": ""HP-1"", ""meas_id"": 1, ""hum"": 35.80119, ""gas_res"": 92318.79}]}",NULL,"2025-10-29 09:17:07.936274"
14133,"04a600b9b0b8","2025-10-29 09:15:41","zjUUDJyicI9mjz0y4erR","{""bme688"": [{""temp"": 23.22921, ""step"": 3, ""status"": 0, ""pres"": 980.4354, ""meas_profile"": ""HP-8"", ""meas_id"": 8, ""hum"": 36.10205, ""gas_res"": 7976.072}, {""temp"": 23.20104, ""step"": 3, ""status"": 0, ""pres"": 980.5731, ""meas_profile"": ""HP-7"", ""meas_id"": 7, ""hum"": 36.01174, ""gas_res"": 9106.432}, {""temp"": 23.27775, ""step"": 3, ""status"": 0, ""pres"": 980.6853, ""meas_profile"": ""HP-6"", ""meas_id"": 6, ""hum"": 35.85149, ""gas_res"": 18856.81}, {""temp"": 23.18294, ""step"": 3, ""status"": 0, ""pres"": 980.4381, ""meas_profile"": ""HP-5"", ""meas_id"": 5, ""hum"": 36.04057, ""gas_res"": 41734.59}, {""temp"": 23.03235, ""step"": 3, ""status"": 0, ""pres"": 980.5461, ""meas_profile"": ""HP-4"", ""meas_id"": 4, ""hum"": 35.41964, ""gas_res"": 46511.63}, {""temp"": 23.18987, ""step"": 3, ""status"": 0, ""pres"": 980.1871, ""meas_profile"": ""HP-3"", ""meas_id"": 3, ""hum"": 35.94747, ""gas_res"": 28362.51}, {""temp"": 23.1408, ""step"": 3, ""status"": 0, ""pres"": 980.2749, ""meas_profile"": ""HP-2"", ""meas_id"": 2, ""hum"": 36.16273, ""gas_res"": 38917.61}, {""temp"": 22.91161, ""step"": 3, ""status"": 0, ""pres"": 980.399, ""meas_profile"": ""HP-1"", ""meas_id"": 1, ""hum"": 35.80701, ""gas_res"": 28457.09}]}",NULL,"2025-10-29 09:17:09.662748"
14134,"04a600b9b0b8","2025-10-29 09:15:41","zjUUDJyicI9mjz0y4erR","{""bme688"": [{""temp"": 23.22798, ""step"": 2, ""status"": 1, ""pres"": 980.4369, ""meas_profile"": ""HP-8"", ""meas_id"": 8, ""hum"": 36.11352, ""gas_res"": 17997.75}, {""temp"": 23.19949, ""step"": 2, ""status"": 1, ""pres"": 980.574, ""meas_profile"": ""HP-7"", ""meas_id"": 7, ""hum"": 36.01732, ""gas_res"": 21368.95}, {""temp"": 23.27652, ""step"": 2, ""status"": 1, ""pres"": 980.6867, ""meas_profile"": ""HP-6"", ""meas_id"": 6, ""hum"": 35.86298, ""gas_res"": 54099.75}, {""temp"": 23.18138, ""step"": 2, ""status"": 1, ""pres"": 980.4388, ""meas_profile"": ""HP-5"", ""meas_id"": 5, ""hum"": 36.06336, ""gas_res"": 131349.4}, {""temp"": 23.03111, ""step"": 2, ""status"": 1, ""pres"": 980.5457, ""meas_profile"": ""HP-4"", ""meas_id"": 4, ""hum"": 35.43694, ""gas_res"": 202291.6}, {""temp"": 23.18894, ""step"": 2, ""status"": 1, ""pres"": 980.1873, ""meas_profile"": ""HP-3"", ""meas_id"": 3, ""hum"": 35.95899, ""gas_res"": 101325.9}, {""temp"": 23.13986, ""step"": 2, ""status"": 1, ""pres"": 980.2749, ""meas_profile"": ""HP-2"", ""meas_id"": 2, ""hum"": 36.16264, ""gas_res"": 154823.1}, {""temp"": 22.91068, ""step"": 2, ""status"": 1, ""pres"": 980.3995, ""meas_profile"": ""HP-1"", ""meas_id"": 1, ""hum"": 35.81285, ""gas_res"": 125183.4}]}",NULL,"2025-10-29 09:17:10.939921"
14135,"04a600b9b0b8","2025-10-29 09:15:41","zjUUDJyicI9mjz0y4erR","{""bme688"": [{""temp"": 23.22705, ""step"": 1, ""status"": 1, ""pres"": 980.4372, ""meas_profile"": ""HP-8"", ""meas_id"": 8, ""hum"": 36.12501, ""gas_res"": 8879.023}, {""temp"": 23.19855, ""step"": 1, ""status"": 1, ""pres"": 980.5742, ""meas_profile"": ""HP-7"", ""meas_id"": 7, ""hum"": 36.00578, ""gas_res"": 10403.12}, {""temp"": 23.27528, ""step"": 1, ""status"": 1, ""pres"": 980.6863, ""meas_profile"": ""HP-6"", ""meas_id"": 6, ""hum"": 35.85705, ""gas_res"": 25000.0}, {""temp"": 23.18044, ""step"": 1, ""status"": 1, ""pres"": 980.4409, ""meas_profile"": ""HP-5"", ""meas_id"": 5, ""hum"": 36.07475, ""gas_res"": 42567.34}, {""temp"": 23.03049, ""step"": 1, ""status"": 1, ""pres"": 980.5479, ""meas_profile"": ""HP-4"", ""meas_id"": 4, ""hum"": 35.43107, ""gas_res"": 45861.7}, {""temp"": 23.18801, ""step"": 1, ""status"": 1, ""pres"": 980.1876, ""meas_profile"": ""HP-3"", ""meas_id"": 3, ""hum"": 35.9589, ""gas_res"": 28802.88}, {""temp"": 23.13924, ""step"": 1, ""status"": 1, ""pres"": 980.2758, ""meas_profile"": ""HP-2"", ""meas_id"": 2, ""hum"": 36.17406, ""gas_res"": 37383.18}, {""temp"": 22.91005, ""step"": 1, ""status"": 1, ""pres"": 980.4002, ""meas_profile"": ""HP-1"", ""meas_id"": 1, ""hum"": 35.82467, ""gas_res"": 29117.38}]}",NULL,"2025-10-29 09:17:12.21862"
14136,"04a600b9b0b8","2025-10-29 09:15:41","zjUUDJyicI9mjz0y4erR","{""bme688"": [{""temp"": 23.22551, ""step"": 0, ""status"": 1, ""pres"": 980.4383, ""meas_profile"": ""HP-8"", ""meas_id"": 8, ""hum"": 36.14803, ""gas_res"": 5684.846}, {""temp"": 23.19731, ""step"": 0, ""status"": 1, ""pres"": 980.5754, ""meas_profile"": ""HP-7"", ""meas_id"": 7, ""hum"": 36.01711, ""gas_res"": 6359.3}, {""temp"": 23.27435, ""step"": 0, ""status"": 1, ""pres"": 980.6884, ""meas_profile"": ""HP-6"", ""meas_id"": 6, ""hum"": 35.86277, ""gas_res"": 8613.729}, {""temp"": 23.17919, ""step"": 0, ""status"": 1, ""pres"": 980.4405, ""meas_profile"": ""HP-5"", ""meas_id"": 5, ""hum"": 36.06889, ""gas_res"": 25000.0}, {""temp"": 23.02956, ""step"": 0, ""status"": 1, ""pres"": 980.5481, ""meas_profile"": ""HP-4"", ""meas_id"": 4, ""hum"": 35.43678, ""gas_res"": 25000.0}, {""temp"": 23.1874, ""step"": 0, ""status"": 1, ""pres"": 980.1882, ""meas_profile"": ""HP-3"", ""meas_id"": 3, ""hum"": 35.96465, ""gas_res"": 8115.648}, {""temp"": 23.13862, ""step"": 0, ""status"": 1, ""pres"": 980.2764, ""meas_profile"": ""HP-2"", ""meas_id"": 2, ""hum"": 36.15103, ""gas_res"": 9200.69}, {""temp"": 22.90943, ""step"": 0, ""status"": 1, ""pres"": 980.4012, ""meas_profile"": ""HP-1"", ""meas_id"": 1, ""hum"": 35.81868, ""gas_res"": 7525.87}]}",NULL,"2025-10-29 09:17:13.5932"
14137,"04a600b9b0b8","2025-10-29 09:15:14","zjUUDJyicI9mjz0y4erR","{""zphs01b"": {""voc"": 0, ""temp"": 20.8, ""pm2_5"": 0, ""pm1_0"": 0, ""pm10"": 302, ""o3"": 0.02, ""no2"": 8.88, ""hum"": 0, ""fmhd"": 0, ""co2"": 5000, ""co"": 0.0}, ""smell_b"": {}, ""sfa30"": {""temp"": 23.54, ""hum"": 37.93, ""fmhd"": 23.2}, ""sen5x"": {""voc"": 109.0, ""temp"": 22.93, ""pm4_0"": 4521.2, ""pm2_5"": 4521.2, ""pm1_0"": 4311.2, ""pm10"": 4521.2, ""nox"": 1.0, ""mass_c"": 4468.7, ""hum"": 44.65}, ""scd41"": {""temp"": 23.09605, ""hum"": 47.46471, ""co2"": 580}, ""power_source"": 0, ""mics6814"": {""red_res"": 0, ""no2_res"": 0, ""no2"": 0.17, ""nh3_res"": 0, ""nh3"": 0.73, ""co_res"": 0, ""co"": 44.0}}",NULL,"2025-10-29 09:17:14.688939"
14138,"04a600b9b0b8","2025-10-29 09:15:14","zjUUDJyicI9mjz0y4erR","{""bme688"": [{""temp"": 23.22427, ""step"": 9, ""status"": 1, ""pres"": 980.4382, ""meas_profile"": ""HP-8"", ""meas_id"": 8, ""hum"": 36.07841, ""gas_res"": 5684.846}, {""temp"": 23.19607, ""step"": 9, ""status"": 1, ""pres"": 980.575, ""meas_profile"": ""HP-7"", ""meas_id"": 7, ""hum"": 35.98836, ""gas_res"": 5928.122}, {""temp"": 23.27312, ""step"": 9, ""status"": 1, ""pres"": 980.688, ""meas_profile"": ""HP-6"", ""meas_id"": 6, ""hum"": 35.83363, ""gas_res"": 7870.143}, {""temp"": 23.17825, ""step"": 9, ""status"": 1, ""pres"": 980.4405, ""meas_profile"": ""HP-5"", ""meas_id"": 5, ""hum"": 36.0229, ""gas_res"": 25000.0}, {""temp"": 23.02862, ""step"": 9, ""status"": 1, ""pres"": 980.548, ""meas_profile"": ""HP-4"", ""meas_id"": 4, ""hum"": 35.42509, ""gas_res"": 25000.0}, {""temp"": 23.18647, ""step"": 9, ""status"": 1, ""pres"": 980.1883, ""meas_profile"": ""HP-3"", ""meas_id"": 3, ""hum"": 35.92971, ""gas_res"": 8690.929}, {""temp"": 23.138, ""step"": 9, ""status"": 1, ""pres"": 980.2769, ""meas_profile"": ""HP-2"", ""meas_id"": 2, ""hum"": 36.15098, ""gas_res"": 9122.007}, {""temp"": 22.90881, ""step"": 9, ""status"": 1, ""pres"": 980.402, ""meas_profile"": ""HP-1"", ""meas_id"": 1, ""hum"": 35.80079, ""gas_res"": 7541.833}]}",NULL,"2025-10-29 09:17:16.059687"
14139,"04a600b9b0b8","2025-10-29 09:15:14","zjUUDJyicI9mjz0y4erR","{""bme688"": [{""temp"": 23.22272, ""step"": 8, ""status"": 1, ""pres"": 980.4392, ""meas_profile"": ""HP-8"", ""meas_id"": 8, ""hum"": 36.09563, ""gas_res"": 5684.846}, {""temp"": 23.19483, ""step"": 8, ""status"": 1, ""pres"": 980.5762, ""meas_profile"": ""HP-7"", ""meas_id"": 7, ""hum"": 35.98251, ""gas_res"": 5875.872}, {""temp"": 23.27188, ""step"": 8, ""status"": 1, ""pres"": 980.6895, ""meas_profile"": ""HP-6"", ""meas_id"": 6, ""hum"": 35.83931, ""gas_res"": 7940.447}, {""temp"": 23.177, ""step"": 8, ""status"": 1, ""pres"": 980.4419, ""meas_profile"": ""HP-5"", ""meas_id"": 5, ""hum"": 36.03999, ""gas_res"": 25000.0}, {""temp"": 23.028, ""step"": 8, ""status"": 1, ""pres"": 980.5489, ""meas_profile"": ""HP-4"", ""meas_id"": 4, ""hum"": 35.42503, ""gas_res"": 25000.0}, {""temp"": 23.18585, ""step"": 8, ""status"": 1, ""pres"": 980.1906, ""meas_profile"": ""HP-3"", ""meas_id"": 3, ""hum"": 35.94127, ""gas_res"": 7547.17}, {""temp"": 23.13738, ""step"": 8, ""status"": 1, ""pres"": 980.2776, ""meas_profile"": ""HP-2"", ""meas_id"": 2, ""hum"": 36.14517, ""gas_res"": 8662.696}, {""temp"": 22.90818, ""step"": 8, ""status"": 1, ""pres"": 980.4027, ""meas_profile"": ""HP-1"", ""meas_id"": 1, ""hum"": 35.80073, ""gas_res"": 7039.155}]}",NULL,"2025-10-29 09:17:17.336674"
14140,"04a600b9b0b8","2025-10-29 09:15:14","zjUUDJyicI9mjz0y4erR","{""bme688"": [{""temp"": 23.22087, ""step"": 7, ""status"": 1, ""pres"": 980.4397, ""meas_profile"": ""HP-8"", ""meas_id"": 8, ""hum"": 36.10124, ""gas_res"": 5684.846}, {""temp"": 23.19327, ""step"": 7, ""status"": 1, ""pres"": 980.5771, ""meas_profile"": ""HP-7"", ""meas_id"": 7, ""hum"": 35.99953, ""gas_res"": 5853.302}, {""temp"": 23.27065, ""step"": 7, ""status"": 1, ""pres"": 980.6911, ""meas_profile"": ""HP-6"", ""meas_id"": 6, ""hum"": 35.83919, ""gas_res"": 7766.99}, {""temp"": 23.17575, ""step"": 7, ""status"": 1, ""pres"": 980.4414, ""meas_profile"": ""HP-5"", ""meas_id"": 5, ""hum"": 36.05707, ""gas_res"": 25000.0}, {""temp"": 23.02707, ""step"": 7, ""status"": 1, ""pres"": 980.5507, ""meas_profile"": ""HP-4"", ""meas_id"": 4, ""hum"": 35.43655, ""gas_res"": 25000.0}, {""temp"": 23.18493, ""step"": 7, ""status"": 1, ""pres"": 980.1908, ""meas_profile"": ""HP-3"", ""meas_id"": 3, ""hum"": 35.94118, ""gas_res"": 6728.343}, {""temp"": 23.13676, ""step"": 7, ""status"": 1, ""pres"": 980.2784, ""meas_profile"": ""HP-2"", ""meas_id"": 2, ""hum"": 36.16233, ""gas_res"": 7801.073}, {""temp"": 22.90725, ""step"": 7, ""status"": 1, ""pres"": 980.4012, ""meas_profile"": ""HP-1"", ""meas_id"": 1, ""hum"": 35.81252, ""gas_res"": 6530.612}]}",NULL,"2025-10-29 09:17:18.714338"
14141,"04a600b9b0b8","2025-10-29 09:15:14","zjUUDJyicI9mjz0y4erR","{""bme688"": [{""temp"": 23.21994, ""step"": 6, ""status"": 1, ""pres"": 980.4401, ""meas_profile"": ""HP-8"", ""meas_id"": 8, ""hum"": 36.10695, ""gas_res"": 15466.41}, {""temp"": 23.19203, ""step"": 6, ""status"": 1, ""pres"": 980.5784, ""meas_profile"": ""HP-7"", ""meas_id"": 7, ""hum"": 35.99369, ""gas_res"": 18073.99}, {""temp"": 23.26973, ""step"": 6, ""status"": 1, ""pres"": 980.6912, ""meas_profile"": ""HP-6"", ""meas_id"": 6, ""hum"": 35.8391, ""gas_res"": 31387.94}, {""temp"": 23.1745, ""step"": 6, ""status"": 1, ""pres"": 980.4429, ""meas_profile"": ""HP-5"", ""meas_id"": 5, ""hum"": 36.06269, ""gas_res"": 108612.6}, {""temp"": 23.02583, ""step"": 6, ""status"": 1, ""pres"": 980.5504, ""meas_profile"": ""HP-4"", ""meas_id"": 4, ""hum"": 35.42482, ""gas_res"": 120413.9}, {""temp"": 23.184, ""step"": 6, ""status"": 1, ""pres"": 980.191, ""meas_profile"": ""HP-3"", ""meas_id"": 3, ""hum"": 35.95271, ""gas_res"": 40973.11}, {""temp"": 23.13614, ""step"": 6, ""status"": 1, ""pres"": 980.279, ""meas_profile"": ""HP-2"", ""meas_id"": 2, ""hum"": 36.15079, ""gas_res"": 100000.0}, {""temp"": 22.90663, ""step"": 6, ""status"": 1, ""pres"": 980.4021, ""meas_profile"": ""HP-1"", ""meas_id"": 1, ""hum"": 35.80058, ""gas_res"": 79207.92}]}",NULL,"2025-10-29 09:17:19.899596"
14142,"04a600b9b0b8","2025-10-29 09:15:14","zjUUDJyicI9mjz0y4erR","{""bme688"": [{""temp"": 23.2184, ""step"": 5, ""status"": 1, ""pres"": 980.4412, ""meas_profile"": ""HP-8"", ""meas_id"": 8, ""hum"": 36.12416, ""gas_res"": 15410.55}, {""temp"": 23.19079, ""step"": 5, ""status"": 1, ""pres"": 980.5781, ""meas_profile"": ""HP-7"", ""meas_id"": 7, ""hum"": 36.01648, ""gas_res"": 17937.22}, {""temp"": 23.26849, ""step"": 5, ""status"": 1, ""pres"": 980.6926, ""meas_profile"": ""HP-6"", ""meas_id"": 6, ""hum"": 35.8622, ""gas_res"": 31272.9}, {""temp"": 23.17324, ""step"": 5, ""status"": 1, ""pres"": 980.4441, ""meas_profile"": ""HP-5"", ""meas_id"": 5, ""hum"": 36.03962, ""gas_res"": 108889.8}, {""temp"": 23.0249, ""step"": 5, ""status"": 1, ""pres"": 980.5503, ""meas_profile"": ""HP-4"", ""meas_id"": 4, ""hum"": 35.41312, ""gas_res"": 121183.4}, {""temp"": 23.18338, ""step"": 5, ""status"": 1, ""pres"": 980.1933, ""meas_profile"": ""HP-3"", ""meas_id"": 3, ""hum"": 35.94684, ""gas_res"": 40429.56}, {""temp"": 23.13552, ""step"": 5, ""status"": 1, ""pres"": 980.2798, ""meas_profile"": ""HP-2"", ""meas_id"": 2, ""hum"": 36.15073, ""gas_res"": 92720.03}, {""temp"": 22.9057, ""step"": 5, ""status"": 1, ""pres"": 980.4025, ""meas_profile"": ""HP-1"", ""meas_id"": 1, ""hum"": 35.81237, ""gas_res"": 76853.8}]}",NULL,"2025-10-29 09:17:21.194539"
14143,"04a600b9b0b8","2025-10-29 09:15:14","zjUUDJyicI9mjz0y4erR","{""bme688"": [{""temp"": 23.21716, ""step"": 4, ""status"": 1, ""pres"": 980.4426, ""meas_profile"": ""HP-8"", ""meas_id"": 8, ""hum"": 36.13563, ""gas_res"": 15399.42}, {""temp"": 23.18955, ""step"": 4, ""status"": 1, ""pres"": 980.5792, ""meas_profile"": ""HP-7"", ""meas_id"": 7, ""hum"": 36.01635, ""gas_res"": 17922.15}, {""temp"": 23.26756, ""step"": 4, ""status"": 1, ""pres"": 980.6929, ""meas_profile"": ""HP-6"", ""meas_id"": 6, ""hum"": 35.86792, ""gas_res"": 31550.41}, {""temp"": 23.17168, ""step"": 4, ""status"": 1, ""pres"": 980.4434, ""meas_profile"": ""HP-5"", ""meas_id"": 5, ""hum"": 36.05095, ""gas_res"": 110798.5}, {""temp"": 23.02365, ""step"": 4, ""status"": 1, ""pres"": 980.55, ""meas_profile"": ""HP-4"", ""meas_id"": 4, ""hum"": 35.42461, ""gas_res"": 124725.9}, {""temp"": 23.18245, ""step"": 4, ""status"": 1, ""pres"": 980.1935, ""meas_profile"": ""HP-3"", ""meas_id"": 3, ""hum"": 35.96416, ""gas_res"": 40125.39}, {""temp"": 23.1349, ""step"": 4, ""status"": 1, ""pres"": 980.2803, ""meas_profile"": ""HP-2"", ""meas_id"": 2, ""hum"": 36.17364, ""gas_res"": 90651.55}, {""temp"": 22.90507, ""step"": 4, ""status"": 1, ""pres"": 980.4034, ""meas_profile"": ""HP-1"", ""meas_id"": 1, ""hum"": 35.81231, ""gas_res"": 45812.46}]}",NULL,"2025-10-29 09:17:22.457126"
14144,"04a600b9b0b8","2025-10-29 09:15:14","zjUUDJyicI9mjz0y4erR","{""bme688"": [{""temp"": 23.21562, ""step"": 3, ""status"": 0, ""pres"": 980.4421, ""meas_profile"": ""HP-8"", ""meas_id"": 8, ""hum"": 36.11231, ""gas_res"": 7994.004}, {""temp"": 23.188, ""step"": 3, ""status"": 0, ""pres"": 980.5801, ""meas_profile"": ""HP-7"", ""meas_id"": 7, ""hum"": 36.0391, ""gas_res"": 8849.558}, {""temp"": 23.26602, ""step"": 3, ""status"": 0, ""pres"": 980.6938, ""meas_profile"": ""HP-6"", ""meas_id"": 6, ""hum"": 35.87357, ""gas_res"": 17130.62}, {""temp"": 23.17012, ""step"": 3, ""status"": 0, ""pres"": 980.444, ""meas_profile"": ""HP-5"", ""meas_id"": 5, ""hum"": 36.08523, ""gas_res"": 36488.03}, {""temp"": 23.02241, ""step"": 3, ""status"": 0, ""pres"": 980.5511, ""meas_profile"": ""HP-4"", ""meas_id"": 4, ""hum"": 35.43029, ""gas_res"": 38254.63}, {""temp"": 23.18152, ""step"": 3, ""status"": 0, ""pres"": 980.1937, ""meas_profile"": ""HP-3"", ""meas_id"": 3, ""hum"": 35.96988, ""gas_res"": 23005.03}, {""temp"": 23.13396, ""step"": 3, ""status"": 0, ""pres"": 980.2805, ""meas_profile"": ""HP-2"", ""meas_id"": 2, ""hum"": 36.18503, ""gas_res"": 31272.9}, {""temp"": 22.90383, ""step"": 3, ""status"": 0, ""pres"": 980.4032, ""meas_profile"": ""HP-1"", ""meas_id"": 1, ""hum"": 35.84784, ""gas_res"": 22519.35}]}",NULL,"2025-10-29 09:17:23.83303"
14145,"04a600b9b0b8","2025-10-29 09:15:14","zjUUDJyicI9mjz0y4erR","{""bme688"": [{""temp"": 23.21439, ""step"": 2, ""status"": 1, ""pres"": 980.4436, ""meas_profile"": ""HP-8"", ""meas_id"": 8, ""hum"": 36.14115, ""gas_res"": 20665.16}, {""temp"": 23.18675, ""step"": 2, ""status"": 1, ""pres"": 980.5813, ""meas_profile"": ""HP-7"", ""meas_id"": 7, ""hum"": 36.02753, ""gas_res"": 24279.21}, {""temp"": 23.26448, ""step"": 2, ""status"": 1, ""pres"": 980.6931, ""meas_profile"": ""HP-6"", ""meas_id"": 6, ""hum"": 35.88503, ""gas_res"": 58036.73}, {""temp"": 23.16887, ""step"": 2, ""status"": 1, ""pres"": 980.4436, ""meas_profile"": ""HP-5"", ""meas_id"": 5, ""hum"": 36.0851, ""gas_res"": 140427.9}, {""temp"": 23.02148, ""step"": 2, ""status"": 1, ""pres"": 980.5514, ""meas_profile"": ""HP-4"", ""meas_id"": 4, ""hum"": 35.44761, ""gas_res"": 193244.0}, {""temp"": 23.1806, ""step"": 2, ""status"": 1, ""pres"": 980.1938, ""meas_profile"": ""HP-3"", ""meas_id"": 3, ""hum"": 35.9698, ""gas_res"": 91822.09}, {""temp"": 23.13303, ""step"": 2, ""status"": 1, ""pres"": 980.2807, ""meas_profile"": ""HP-2"", ""meas_id"": 2, ""hum"": 36.1792, ""gas_res"": 140082.1}, {""temp"": 22.90289, ""step"": 2, ""status"": 1, ""pres"": 980.4036, ""meas_profile"": ""HP-1"", ""meas_id"": 1, ""hum"": 35.84181, ""gas_res"": 108612.6}]}",NULL,"2025-10-29 09:17:25.019107"
14146,"04a600b9b0b8","2025-10-29 09:15:14","zjUUDJyicI9mjz0y4erR","{""bme688"": [{""temp"": 23.21346, ""step"": 1, ""status"": 1, ""pres"": 980.4456, ""meas_profile"": ""HP-8"", ""meas_id"": 8, ""hum"": 36.14106, ""gas_res"": 9232.545}, {""temp"": 23.18582, ""step"": 1, ""status"": 1, ""pres"": 980.5815, ""meas_profile"": ""HP-7"", ""meas_id"": 7, ""hum"": 36.03316, ""gas_res"": 10322.58}, {""temp"": 23.26324, ""step"": 1, ""status"": 1, ""pres"": 980.6945, ""meas_profile"": ""HP-6"", ""meas_id"": 6, ""hum"": 35.88491, ""gas_res"": 25000.0}, {""temp"": 23.16762, ""step"": 1, ""status"": 1, ""pres"": 980.4432, ""meas_profile"": ""HP-5"", ""meas_id"": 5, ""hum"": 36.06776, ""gas_res"": 37187.68}, {""temp"": 23.02086, ""step"": 1, ""status"": 1, ""pres"": 980.5519, ""meas_profile"": ""HP-4"", ""meas_id"": 4, ""hum"": 35.45337, ""gas_res"": 36834.53}, {""temp"": 23.17967, ""step"": 1, ""status"": 1, ""pres"": 980.1956, ""meas_profile"": ""HP-3"", ""meas_id"": 3, ""hum"": 35.96971, ""gas_res"": 25000.0}, {""temp"": 23.13241, ""step"": 1, ""status"": 1, ""pres"": 980.2813, ""meas_profile"": ""HP-2"", ""meas_id"": 2, ""hum"": 36.16765, ""gas_res"": 28082.49}, {""temp"": 22.90227, ""step"": 1, ""status"": 1, ""pres"": 980.4045, ""meas_profile"": ""HP-1"", ""meas_id"": 1, ""hum"": 35.82392, ""gas_res"": 25000.0}]}",NULL,"2025-10-29 09:17:26.298089"
14147,"04a600b9b0b8","2025-10-29 09:15:14","zjUUDJyicI9mjz0y4erR","{""bme688"": [{""temp"": 23.21253, ""step"": 0, ""status"": 1, ""pres"": 980.446, ""meas_profile"": ""HP-8"", ""meas_id"": 8, ""hum"": 36.13518, ""gas_res"": 5934.718}, {""temp"": 23.18458, ""step"": 0, ""status"": 1, ""pres"": 980.5828, ""meas_profile"": ""HP-7"", ""meas_id"": 7, ""hum"": 36.02159, ""gas_res"": 6566.797}, {""temp"": 23.26232, ""step"": 0, ""status"": 1, ""pres"": 980.6948, ""meas_profile"": ""HP-6"", ""meas_id"": 6, ""hum"": 35.87321, ""gas_res"": 8228.336}, {""temp"": 23.16668, ""step"": 0, ""status"": 1, ""pres"": 980.445, ""meas_profile"": ""HP-5"", ""meas_id"": 5, ""hum"": 36.07914, ""gas_res"": 25000.0}, {""temp"": 23.01993, ""step"": 0, ""status"": 1, ""pres"": 980.5522, ""meas_profile"": ""HP-4"", ""meas_id"": 4, ""hum"": 35.46488, ""gas_res"": 25000.0}, {""temp"": 23.17874, ""step"": 0, ""status"": 1, ""pres"": 980.1958, ""meas_profile"": ""HP-3"", ""meas_id"": 3, ""hum"": 35.96962, ""gas_res"": 6486.925}, {""temp"": 23.13179, ""step"": 0, ""status"": 1, ""pres"": 980.2819, ""meas_profile"": ""HP-2"", ""meas_id"": 2, ""hum"": 36.19056, ""gas_res"": 7249.66}, {""temp"": 22.90165, ""step"": 0, ""status"": 1, ""pres"": 980.4053, ""meas_profile"": ""HP-1"", ""meas_id"": 1, ""hum"": 35.8298, ""gas_res"": 6143.214}]}",NULL,"2025-10-29 09:17:27.579663"
