"id","box_id","ts","measurement_id","measurement_data","description","created_at"
14236,"04a600b9b0b8","2025-10-29 09:44:44","wBoEN1rrgggNQo8LANjn","{""zphs01b"": {""voc"": 0, ""temp"": 21.1, ""pm2_5"": 0, ""pm1_0"": 0, ""pm10"": 314, ""o3"": 0.03, ""no2"": 8.99, ""hum"": 0, ""fmhd"": 0, ""co2"": 5000, ""co"": 0.0}, ""smell_b"": {}, ""sfa30"": {""temp"": 23.8, ""hum"": 36.94, ""fmhd"": 0.4}, ""sen5x"": {""voc"": 80.0, ""temp"": 24.25, ""pm4_0"": 3642.1, ""pm2_5"": 3642.1, ""pm1_0"": 3473.0, ""pm10"": 3642.1, ""nox"": 1.0, ""mass_c"": 3599.825, ""hum"": 40.56}, ""scd41"": {""temp"": 22.91447, ""hum"": 45.0248, ""co2"": 587}, ""power_source"": 0, ""mics6814"": {""red_res"": 0, ""no2_res"": 0, ""no2"": 0.17, ""nh3_res"": 0, ""nh3"": 0.73, ""co_res"": 0, ""co"": 44.0}}",NULL,"2025-10-29 09:45:46.242851"
14237,"04a600b9b0b8","2025-10-29 09:44:44","wBoEN1rrgggNQo8LANjn","{""bme688"": [{""temp"": 23.82037, ""step"": 9, ""status"": 1, ""pres"": 980.03, ""meas_profile"": ""HP-8"", ""meas_id"": 8, ""hum"": 34.52189, ""gas_res"": 5684.846}, {""temp"": 23.80439, ""step"": 9, ""status"": 1, ""pres"": 980.1848, ""meas_profile"": ""HP-7"", ""meas_id"": 7, ""hum"": 34.43976, ""gas_res"": 5684.846}, {""temp"": 23.90226, ""step"": 9, ""status"": 1, ""pres"": 980.3289, ""meas_profile"": ""HP-6"", ""meas_id"": 6, ""hum"": 34.28764, ""gas_res"": 6574.892}, {""temp"": 23.81307, ""step"": 9, ""status"": 1, ""pres"": 980.1, ""meas_profile"": ""HP-5"", ""meas_id"": 5, ""hum"": 34.47336, ""gas_res"": 25000.0}, {""temp"": 23.58805, ""step"": 9, ""status"": 1, ""pres"": 980.2268, ""meas_profile"": ""HP-4"", ""meas_id"": 4, ""hum"": 33.97001, ""gas_res"": 19178.9}, {""temp"": 23.73661, ""step"": 9, ""status"": 1, ""pres"": 979.7887, ""meas_profile"": ""HP-3"", ""meas_id"": 3, ""hum"": 34.43312, ""gas_res"": 6686.168}, {""temp"": 23.65689, ""step"": 9, ""status"": 1, ""pres"": 979.9102, ""meas_profile"": ""HP-2"", ""meas_id"": 2, ""hum"": 34.70317, ""gas_res"": 8054.367}, {""temp"": 23.42761, ""step"": 9, ""status"": 1, ""pres"": 980.0854, ""meas_profile"": ""HP-1"", ""meas_id"": 1, ""hum"": 34.26561, ""gas_res"": 6269.592}]}",NULL,"2025-10-29 09:45:47.416867"
14238,"04a600b9b0b8","2025-10-29 09:44:44","wBoEN1rrgggNQo8LANjn","{""bme688"": [{""temp"": 23.82006, ""step"": 8, ""status"": 1, ""pres"": 980.0296, ""meas_profile"": ""HP-8"", ""meas_id"": 8, ""hum"": 34.52186, ""gas_res"": 5684.846}, {""temp"": 23.80377, ""step"": 8, ""status"": 1, ""pres"": 980.1838, ""meas_profile"": ""HP-7"", ""meas_id"": 7, ""hum"": 34.42836, ""gas_res"": 5684.846}, {""temp"": 23.90226, ""step"": 8, ""status"": 1, ""pres"": 980.3289, ""meas_profile"": ""HP-6"", ""meas_id"": 6, ""hum"": 34.27039, ""gas_res"": 6853.716}, {""temp"": 23.81338, ""step"": 8, ""status"": 1, ""pres"": 980.1006, ""meas_profile"": ""HP-5"", ""meas_id"": 5, ""hum"": 34.4677, ""gas_res"": 25000.0}, {""temp"": 23.58805, ""step"": 8, ""status"": 1, ""pres"": 980.2268, ""meas_profile"": ""HP-4"", ""meas_id"": 4, ""hum"": 33.97576, ""gas_res"": 19058.96}, {""temp"": 23.73661, ""step"": 8, ""status"": 1, ""pres"": 979.7904, ""meas_profile"": ""HP-3"", ""meas_id"": 3, ""hum"": 34.45614, ""gas_res"": 6351.727}, {""temp"": 23.65658, ""step"": 8, ""status"": 1, ""pres"": 979.9113, ""meas_profile"": ""HP-2"", ""meas_id"": 2, ""hum"": 34.72021, ""gas_res"": 5872.637}, {""temp"": 23.4273, ""step"": 8, ""status"": 1, ""pres"": 980.0867, ""meas_profile"": ""HP-1"", ""meas_id"": 1, ""hum"": 34.28912, ""gas_res"": 6366.892}]}",NULL,"2025-10-29 09:45:48.80519"
14239,"04a600b9b0b8","2025-10-29 09:44:44","wBoEN1rrgggNQo8LANjn","{""bme688"": [{""temp"": 23.81944, ""step"": 7, ""status"": 1, ""pres"": 980.0287, ""meas_profile"": ""HP-8"", ""meas_id"": 8, ""hum"": 34.53902, ""gas_res"": 5684.846}, {""temp"": 23.80315, ""step"": 7, ""status"": 1, ""pres"": 980.1844, ""meas_profile"": ""HP-7"", ""meas_id"": 7, ""hum"": 34.43397, ""gas_res"": 5684.846}, {""temp"": 23.90195, ""step"": 7, ""status"": 1, ""pres"": 980.33, ""meas_profile"": ""HP-6"", ""meas_id"": 6, ""hum"": 34.26461, ""gas_res"": 6889.128}, {""temp"": 23.81338, ""step"": 7, ""status"": 1, ""pres"": 980.1023, ""meas_profile"": ""HP-5"", ""meas_id"": 5, ""hum"": 34.47907, ""gas_res"": 25000.0}, {""temp"": 23.58805, ""step"": 7, ""status"": 1, ""pres"": 980.2268, ""meas_profile"": ""HP-4"", ""meas_id"": 4, ""hum"": 33.97576, ""gas_res"": 18353.89}, {""temp"": 23.7363, ""step"": 7, ""status"": 1, ""pres"": 979.79, ""meas_profile"": ""HP-3"", ""meas_id"": 3, ""hum"": 34.45036, ""gas_res"": 7699.711}, {""temp"": 23.65627, ""step"": 7, ""status"": 1, ""pres"": 979.9109, ""meas_profile"": ""HP-2"", ""meas_id"": 2, ""hum"": 34.72018, ""gas_res"": 7552.514}, {""temp"": 23.42698, ""step"": 7, ""status"": 1, ""pres"": 980.0863, ""meas_profile"": ""HP-1"", ""meas_id"": 1, ""hum"": 34.27732, ""gas_res"": 6122.059}]}",NULL,"2025-10-29 09:45:49.976474"
14240,"04a600b9b0b8","2025-10-29 09:44:44","wBoEN1rrgggNQo8LANjn","{""bme688"": [{""temp"": 23.81913, ""step"": 6, ""status"": 1, ""pres"": 980.0282, ""meas_profile"": ""HP-8"", ""meas_id"": 8, ""hum"": 34.52178, ""gas_res"": 15421.69}, {""temp"": 23.80284, ""step"": 6, ""status"": 1, ""pres"": 980.1839, ""meas_profile"": ""HP-7"", ""meas_id"": 7, ""hum"": 34.43961, ""gas_res"": 18806.94}, {""temp"": 23.90226, ""step"": 6, ""status"": 1, ""pres"": 980.3289, ""meas_profile"": ""HP-6"", ""meas_id"": 6, ""hum"": 34.25889, ""gas_res"": 36739.38}, {""temp"": 23.81338, ""step"": 6, ""status"": 1, ""pres"": 980.1023, ""meas_profile"": ""HP-5"", ""meas_id"": 5, ""hum"": 34.47907, ""gas_res"": 124091.1}, {""temp"": 23.58774, ""step"": 6, ""status"": 1, ""pres"": 980.2279, ""meas_profile"": ""HP-4"", ""meas_id"": 4, ""hum"": 33.97573, ""gas_res"": 131248.4}, {""temp"": 23.73661, ""step"": 6, ""status"": 1, ""pres"": 979.7904, ""meas_profile"": ""HP-3"", ""meas_id"": 3, ""hum"": 34.42736, ""gas_res"": 42063.75}, {""temp"": 23.65658, ""step"": 6, ""status"": 1, ""pres"": 979.9113, ""meas_profile"": ""HP-2"", ""meas_id"": 2, ""hum"": 34.70883, ""gas_res"": 100000.0}, {""temp"": 23.42698, ""step"": 6, ""status"": 1, ""pres"": 980.0863, ""meas_profile"": ""HP-1"", ""meas_id"": 1, ""hum"": 34.30087, ""gas_res"": 86779.66}]}",NULL,"2025-10-29 09:45:51.256753"
14241,"04a600b9b0b8","2025-10-29 09:44:44","wBoEN1rrgggNQo8LANjn","{""bme688"": [{""temp"": 23.81882, ""step"": 5, ""status"": 1, ""pres"": 980.0295, ""meas_profile"": ""HP-8"", ""meas_id"": 8, ""hum"": 34.53323, ""gas_res"": 15212.74}, {""temp"": 23.80284, ""step"": 5, ""status"": 1, ""pres"": 980.1856, ""meas_profile"": ""HP-7"", ""meas_id"": 7, ""hum"": 34.43394, ""gas_res"": 18465.09}, {""temp"": 23.90226, ""step"": 5, ""status"": 1, ""pres"": 980.3306, ""meas_profile"": ""HP-6"", ""meas_id"": 6, ""hum"": 34.23014, ""gas_res"": 36056.34}, {""temp"": 23.81307, ""step"": 5, ""status"": 1, ""pres"": 980.1017, ""meas_profile"": ""HP-5"", ""meas_id"": 5, ""hum"": 34.46199, ""gas_res"": 121097.4}, {""temp"": 23.58743, ""step"": 5, ""status"": 1, ""pres"": 980.2275, ""meas_profile"": ""HP-4"", ""meas_id"": 4, ""hum"": 33.94695, ""gas_res"": 128288.6}, {""temp"": 23.73692, ""step"": 5, ""status"": 1, ""pres"": 979.7926, ""meas_profile"": ""HP-3"", ""meas_id"": 3, ""hum"": 34.42165, ""gas_res"": 39825.76}, {""temp"": 23.65658, ""step"": 5, ""status"": 1, ""pres"": 979.913, ""meas_profile"": ""HP-2"", ""meas_id"": 2, ""hum"": 34.68037, ""gas_res"": 100000.0}, {""temp"": 23.42667, ""step"": 5, ""status"": 1, ""pres"": 980.0877, ""meas_profile"": ""HP-1"", ""meas_id"": 1, ""hum"": 34.30672, ""gas_res"": 80859.13}]}",NULL,"2025-10-29 09:45:52.537907"
14242,"04a600b9b0b8","2025-10-29 09:44:44","wBoEN1rrgggNQo8LANjn","{""bme688"": [{""temp"": 23.81851, ""step"": 4, ""status"": 1, ""pres"": 980.0289, ""meas_profile"": ""HP-8"", ""meas_id"": 8, ""hum"": 34.52172, ""gas_res"": 14894.11}, {""temp"": 23.80253, ""step"": 4, ""status"": 1, ""pres"": 980.1852, ""meas_profile"": ""HP-7"", ""meas_id"": 7, ""hum"": 34.42824, ""gas_res"": 18166.34}, {""temp"": 23.90257, ""step"": 4, ""status"": 1, ""pres"": 980.3293, ""meas_profile"": ""HP-6"", ""meas_id"": 6, ""hum"": 34.25891, ""gas_res"": 35904.63}, {""temp"": 23.81307, ""step"": 4, ""status"": 1, ""pres"": 980.1017, ""meas_profile"": ""HP-5"", ""meas_id"": 5, ""hum"": 34.45062, ""gas_res"": 120669.3}, {""temp"": 23.58743, ""step"": 4, ""status"": 1, ""pres"": 980.2291, ""meas_profile"": ""HP-4"", ""meas_id"": 4, ""hum"": 33.95845, ""gas_res"": 127808.3}, {""temp"": 23.73692, ""step"": 4, ""status"": 1, ""pres"": 979.7926, ""meas_profile"": ""HP-3"", ""meas_id"": 3, ""hum"": 34.42165, ""gas_res"": 37285.17}, {""temp"": 23.65658, ""step"": 4, ""status"": 1, ""pres"": 979.913, ""meas_profile"": ""HP-2"", ""meas_id"": 2, ""hum"": 34.70314, ""gas_res"": 91723.4}, {""temp"": 23.42667, ""step"": 4, ""status"": 1, ""pres"": 980.0877, ""meas_profile"": ""HP-1"", ""meas_id"": 1, ""hum"": 34.30083, ""gas_res"": 44755.25}]}",NULL,"2025-10-29 09:45:53.915541"
14243,"04a600b9b0b8","2025-10-29 09:44:44","wBoEN1rrgggNQo8LANjn","{""bme688"": [{""temp"": 23.81851, ""step"": 3, ""status"": 1, ""pres"": 980.0289, ""meas_profile"": ""HP-8"", ""meas_id"": 8, ""hum"": 34.52745, ""gas_res"": 32072.16}, {""temp"": 23.80222, ""step"": 3, ""status"": 1, ""pres"": 980.1846, ""meas_profile"": ""HP-7"", ""meas_id"": 7, ""hum"": 34.41687, ""gas_res"": 41857.42}, {""temp"": 23.90226, ""step"": 3, ""status"": 1, ""pres"": 980.3306, ""meas_profile"": ""HP-6"", ""meas_id"": 6, ""hum"": 34.25314, ""gas_res"": 146704.9}, {""temp"": 23.81276, ""step"": 3, ""status"": 1, ""pres"": 980.1013, ""meas_profile"": ""HP-5"", ""meas_id"": 5, ""hum"": 34.47333, ""gas_res"": 375229.0}, {""temp"": 23.58712, ""step"": 3, ""status"": 1, ""pres"": 980.2285, ""meas_profile"": ""HP-4"", ""meas_id"": 4, ""hum"": 33.94117, ""gas_res"": 481655.7}, {""temp"": 23.73692, ""step"": 3, ""status"": 1, ""pres"": 979.7926, ""meas_profile"": ""HP-3"", ""meas_id"": 3, ""hum"": 34.41589, ""gas_res"": 204228.2}, {""temp"": 23.65627, ""step"": 3, ""status"": 1, ""pres"": 979.9127, ""meas_profile"": ""HP-2"", ""meas_id"": 2, ""hum"": 34.68604, ""gas_res"": 353225.3}, {""temp"": 23.42636, ""step"": 3, ""status"": 1, ""pres"": 980.0891, ""meas_profile"": ""HP-1"", ""meas_id"": 1, ""hum"": 34.30669, ""gas_res"": 272775.7}]}",NULL,"2025-10-29 09:45:55.095307"
14244,"04a600b9b0b8","2025-10-29 09:44:44","wBoEN1rrgggNQo8LANjn","{""bme688"": [{""temp"": 23.8182, ""step"": 2, ""status"": 1, ""pres"": 980.0284, ""meas_profile"": ""HP-8"", ""meas_id"": 8, ""hum"": 34.51595, ""gas_res"": 34482.76}, {""temp"": 23.80222, ""step"": 2, ""status"": 1, ""pres"": 980.1846, ""meas_profile"": ""HP-7"", ""meas_id"": 7, ""hum"": 34.42821, ""gas_res"": 44943.82}, {""temp"": 23.90226, ""step"": 2, ""status"": 1, ""pres"": 980.3306, ""meas_profile"": ""HP-6"", ""meas_id"": 6, ""hum"": 34.24739, ""gas_res"": 175522.8}, {""temp"": 23.81276, ""step"": 2, ""status"": 1, ""pres"": 980.103, ""meas_profile"": ""HP-5"", ""meas_id"": 5, ""hum"": 34.45628, ""gas_res"": 474623.4}, {""temp"": 23.58712, ""step"": 2, ""status"": 1, ""pres"": 980.2285, ""meas_profile"": ""HP-4"", ""meas_id"": 4, ""hum"": 33.94691, ""gas_res"": 573991.1}, {""temp"": 23.73661, ""step"": 2, ""status"": 1, ""pres"": 979.7921, ""meas_profile"": ""HP-3"", ""meas_id"": 3, ""hum"": 34.42161, ""gas_res"": 242539.1}, {""temp"": 23.65627, ""step"": 2, ""status"": 1, ""pres"": 979.9143, ""meas_profile"": ""HP-2"", ""meas_id"": 2, ""hum"": 34.66896, ""gas_res"": 398676.3}, {""temp"": 23.42636, ""step"": 2, ""status"": 1, ""pres"": 980.0891, ""meas_profile"": ""HP-1"", ""meas_id"": 1, ""hum"": 34.31258, ""gas_res"": 324050.6}]}",NULL,"2025-10-29 09:45:56.376371"
14245,"04a600b9b0b8","2025-10-29 09:44:44","wBoEN1rrgggNQo8LANjn","{""bme688"": [{""temp"": 23.8179, ""step"": 1, ""status"": 1, ""pres"": 980.0279, ""meas_profile"": ""HP-8"", ""meas_id"": 8, ""hum"": 34.5274, ""gas_res"": 7911.001}, {""temp"": 23.80222, ""step"": 1, ""status"": 1, ""pres"": 980.1846, ""meas_profile"": ""HP-7"", ""meas_id"": 7, ""hum"": 34.4112, ""gas_res"": 9029.346}, {""temp"": 23.90226, ""step"": 1, ""status"": 1, ""pres"": 980.3306, ""meas_profile"": ""HP-6"", ""meas_id"": 6, ""hum"": 34.24739, ""gas_res"": 25000.0}, {""temp"": 23.81307, ""step"": 1, ""status"": 1, ""pres"": 980.1033, ""meas_profile"": ""HP-5"", ""meas_id"": 5, ""hum"": 34.44494, ""gas_res"": 33907.29}, {""temp"": 23.58712, ""step"": 1, ""status"": 1, ""pres"": 980.2285, ""meas_profile"": ""HP-4"", ""meas_id"": 4, ""hum"": 33.94117, ""gas_res"": 31644.01}, {""temp"": 23.73692, ""step"": 1, ""status"": 1, ""pres"": 979.7926, ""meas_profile"": ""HP-3"", ""meas_id"": 3, ""hum"": 34.41589, ""gas_res"": 25000.0}, {""temp"": 23.65627, ""step"": 1, ""status"": 1, ""pres"": 979.9143, ""meas_profile"": ""HP-2"", ""meas_id"": 2, ""hum"": 34.68604, ""gas_res"": 24815.82}, {""temp"": 23.42636, ""step"": 1, ""status"": 1, ""pres"": 980.0891, ""meas_profile"": ""HP-1"", ""meas_id"": 1, ""hum"": 34.33612, ""gas_res"": 25000.0}]}",NULL,"2025-10-29 09:45:57.657782"
14246,"04a600b9b0b8","2025-10-29 09:44:44","wBoEN1rrgggNQo8LANjn","{""bme688"": [{""temp"": 23.81759, ""step"": 0, ""status"": 1, ""pres"": 980.0274, ""meas_profile"": ""HP-8"", ""meas_id"": 8, ""hum"": 34.51016, ""gas_res"": 5684.846}, {""temp"": 23.80191, ""step"": 0, ""status"": 1, ""pres"": 980.1858, ""meas_profile"": ""HP-7"", ""meas_id"": 7, ""hum"": 34.4055, ""gas_res"": 5684.846}, {""temp"": 23.90226, ""step"": 0, ""status"": 1, ""pres"": 980.3306, ""meas_profile"": ""HP-6"", ""meas_id"": 6, ""hum"": 34.25314, ""gas_res"": 6749.631}, {""temp"": 23.81338, ""step"": 0, ""status"": 1, ""pres"": 980.104, ""meas_profile"": ""HP-5"", ""meas_id"": 5, ""hum"": 34.45065, ""gas_res"": 22260.87}, {""temp"": 23.58743, ""step"": 0, ""status"": 1, ""pres"": 980.2291, ""meas_profile"": ""HP-4"", ""meas_id"": 4, ""hum"": 33.9412, ""gas_res"": 11355.57}, {""temp"": 23.73692, ""step"": 0, ""status"": 1, ""pres"": 979.7926, ""meas_profile"": ""HP-3"", ""meas_id"": 3, ""hum"": 34.41589, ""gas_res"": 7081.213}, {""temp"": 23.65627, ""step"": 0, ""status"": 1, ""pres"": 979.9143, ""meas_profile"": ""HP-2"", ""meas_id"": 2, ""hum"": 34.67465, ""gas_res"": 6753.905}, {""temp"": 23.42605, ""step"": 0, ""status"": 1, ""pres"": 980.0884, ""meas_profile"": ""HP-1"", ""meas_id"": 1, ""hum"": 34.3361, ""gas_res"": 7354.631}]}",NULL,"2025-10-29 09:45:59.028299"
14247,"04a600b9b0b8","2025-10-29 09:44:09","wBoEN1rrgggNQo8LANjn","{""zphs01b"": {""voc"": 0, ""temp"": 21.1, ""pm2_5"": 0, ""pm1_0"": 0, ""pm10"": 302, ""o3"": 0.04, ""no2"": 10.0, ""hum"": 0, ""fmhd"": 0, ""co2"": 5000, ""co"": 0.0}, ""smell_b"": {}, ""sfa30"": {""temp"": 23.785, ""hum"": 36.62, ""fmhd"": 0.4}, ""sen5x"": {""voc"": 66.0, ""temp"": 24.445, ""pm4_0"": 3689.0, ""pm2_5"": 3689.0, ""pm1_0"": 3517.7, ""pm10"": 3689.0, ""nox"": 1.0, ""mass_c"": 3646.175, ""hum"": 39.89}, ""scd41"": {""temp"": 23.13878, ""hum"": 43.74304, ""co2"": 585}, ""power_source"": 0, ""mics6814"": {""red_res"": 0, ""no2_res"": 0, ""no2"": 0.17, ""nh3_res"": 0, ""nh3"": 0.73, ""co_res"": 0, ""co"": 44.0}}",NULL,"2025-10-29 09:46:00.106655"
14248,"04a600b9b0b8","2025-10-29 09:44:09","wBoEN1rrgggNQo8LANjn","{""bme688"": [{""temp"": 23.81728, ""step"": 9, ""status"": 1, ""pres"": 980.027, ""meas_profile"": ""HP-8"", ""meas_id"": 8, ""hum"": 34.41838, ""gas_res"": 5684.846}, {""temp"": 23.8016, ""step"": 9, ""status"": 1, ""pres"": 980.1854, ""meas_profile"": ""HP-7"", ""meas_id"": 7, ""hum"": 34.32611, ""gas_res"": 5684.846}, {""temp"": 23.90226, ""step"": 9, ""status"": 1, ""pres"": 980.3306, ""meas_profile"": ""HP-6"", ""meas_id"": 6, ""hum"": 34.14969, ""gas_res"": 7852.761}, {""temp"": 23.81338, ""step"": 9, ""status"": 1, ""pres"": 980.104, ""meas_profile"": ""HP-5"", ""meas_id"": 5, ""hum"": 34.34271, ""gas_res"": 20119.46}, {""temp"": 23.58774, ""step"": 9, ""status"": 1, ""pres"": 980.2296, ""meas_profile"": ""HP-4"", ""meas_id"": 4, ""hum"": 33.85499, ""gas_res"": 9891.809}, {""temp"": 23.73661, ""step"": 9, ""status"": 1, ""pres"": 979.7921, ""meas_profile"": ""HP-3"", ""meas_id"": 3, ""hum"": 34.35258, ""gas_res"": 6498.781}, {""temp"": 23.65627, ""step"": 9, ""status"": 1, ""pres"": 979.9143, ""meas_profile"": ""HP-2"", ""meas_id"": 2, ""hum"": 34.6007, ""gas_res"": 6035.458}, {""temp"": 23.42605, ""step"": 9, ""status"": 1, ""pres"": 980.0902, ""meas_profile"": ""HP-1"", ""meas_id"": 1, ""hum"": 34.27724, ""gas_res"": 6090.598}]}",NULL,"2025-10-29 09:46:01.492692"
14249,"04a600b9b0b8","2025-10-29 09:44:09","wBoEN1rrgggNQo8LANjn","{""bme688"": [{""temp"": 23.81666, ""step"": 8, ""status"": 1, ""pres"": 980.026, ""meas_profile"": ""HP-8"", ""meas_id"": 8, ""hum"": 34.3954, ""gas_res"": 5684.846}, {""temp"": 23.80129, ""step"": 8, ""status"": 1, ""pres"": 980.1848, ""meas_profile"": ""HP-7"", ""meas_id"": 7, ""hum"": 34.30908, ""gas_res"": 5684.846}, {""temp"": 23.90195, ""step"": 8, ""status"": 1, ""pres"": 980.33, ""meas_profile"": ""HP-6"", ""meas_id"": 6, ""hum"": 34.13817, ""gas_res"": 7789.679}, {""temp"": 23.81338, ""step"": 8, ""status"": 1, ""pres"": 980.104, ""meas_profile"": ""HP-5"", ""meas_id"": 5, ""hum"": 34.33703, ""gas_res"": 18773.83}, {""temp"": 23.58774, ""step"": 8, ""status"": 1, ""pres"": 980.2296, ""meas_profile"": ""HP-4"", ""meas_id"": 4, ""hum"": 33.83775, ""gas_res"": 9615.385}, {""temp"": 23.73661, ""step"": 8, ""status"": 1, ""pres"": 979.7921, ""meas_profile"": ""HP-3"", ""meas_id"": 3, ""hum"": 34.33533, ""gas_res"": 5792.904}, {""temp"": 23.65596, ""step"": 8, ""status"": 1, ""pres"": 979.9138, ""meas_profile"": ""HP-2"", ""meas_id"": 2, ""hum"": 34.57792, ""gas_res"": 7452.259}, {""temp"": 23.42574, ""step"": 8, ""status"": 1, ""pres"": 980.0898, ""meas_profile"": ""HP-1"", ""meas_id"": 1, ""hum"": 34.26543, ""gas_res"": 5796.051}]}",NULL,"2025-10-29 09:46:02.777612"
14250,"04a600b9b0b8","2025-10-29 09:44:09","wBoEN1rrgggNQo8LANjn","{""bme688"": [{""temp"": 23.81635, ""step"": 7, ""status"": 1, ""pres"": 980.0256, ""meas_profile"": ""HP-8"", ""meas_id"": 8, ""hum"": 34.36671, ""gas_res"": 5684.846}, {""temp"": 23.80098, ""step"": 7, ""status"": 1, ""pres"": 980.1843, ""meas_profile"": ""HP-7"", ""meas_id"": 7, ""hum"": 34.28072, ""gas_res"": 5684.846}, {""temp"": 23.90195, ""step"": 7, ""status"": 1, ""pres"": 980.33, ""meas_profile"": ""HP-6"", ""meas_id"": 6, ""hum"": 34.12668, ""gas_res"": 5991.387}, {""temp"": 23.81338, ""step"": 7, ""status"": 1, ""pres"": 980.104, ""meas_profile"": ""HP-5"", ""meas_id"": 5, ""hum"": 34.30296, ""gas_res"": 18465.09}, {""temp"": 23.58805, ""step"": 7, ""status"": 1, ""pres"": 980.2302, ""meas_profile"": ""HP-4"", ""meas_id"": 4, ""hum"": 33.81479, ""gas_res"": 9216.59}, {""temp"": 23.7363, ""step"": 7, ""status"": 1, ""pres"": 979.7933, ""meas_profile"": ""HP-3"", ""meas_id"": 3, ""hum"": 34.3008, ""gas_res"": 5684.846}, {""temp"": 23.65596, ""step"": 7, ""status"": 1, ""pres"": 979.9138, ""meas_profile"": ""HP-2"", ""meas_id"": 2, ""hum"": 34.58929, ""gas_res"": 6587.073}, {""temp"": 23.42543, ""step"": 7, ""status"": 1, ""pres"": 980.0894, ""meas_profile"": ""HP-1"", ""meas_id"": 1, ""hum"": 34.21834, ""gas_res"": 5684.846}]}",NULL,"2025-10-29 09:46:04.148966"
14251,"04a600b9b0b8","2025-10-29 09:44:09","wBoEN1rrgggNQo8LANjn","{""bme688"": [{""temp"": 23.81635, ""step"": 6, ""status"": 1, ""pres"": 980.0256, ""meas_profile"": ""HP-8"", ""meas_id"": 8, ""hum"": 34.33807, ""gas_res"": 18306.64}, {""temp"": 23.80066, ""step"": 6, ""status"": 1, ""pres"": 980.1838, ""meas_profile"": ""HP-7"", ""meas_id"": 7, ""hum"": 34.24103, ""gas_res"": 19765.29}, {""temp"": 23.90226, ""step"": 6, ""status"": 1, ""pres"": 980.3306, ""meas_profile"": ""HP-6"", ""meas_id"": 6, ""hum"": 34.09225, ""gas_res"": 31113.27}, {""temp"": 23.81338, ""step"": 6, ""status"": 1, ""pres"": 980.104, ""meas_profile"": ""HP-5"", ""meas_id"": 5, ""hum"": 34.27457, ""gas_res"": 96240.6}, {""temp"": 23.58837, ""step"": 6, ""status"": 1, ""pres"": 980.2307, ""meas_profile"": ""HP-4"", ""meas_id"": 4, ""hum"": 33.76311, ""gas_res"": 100000.0}, {""temp"": 23.73661, ""step"": 6, ""status"": 1, ""pres"": 979.7938, ""meas_profile"": ""HP-3"", ""meas_id"": 3, ""hum"": 34.27783, ""gas_res"": 28027.15}, {""temp"": 23.65627, ""step"": 6, ""status"": 1, ""pres"": 979.9143, ""meas_profile"": ""HP-2"", ""meas_id"": 2, ""hum"": 34.54383, ""gas_res"": 37746.98}, {""temp"": 23.42574, ""step"": 6, ""status"": 1, ""pres"": 980.0898, ""meas_profile"": ""HP-1"", ""meas_id"": 1, ""hum"": 34.19484, ""gas_res"": 31550.41}]}",NULL,"2025-10-29 09:46:05.350227"
14252,"04a600b9b0b8","2025-10-29 09:44:09","wBoEN1rrgggNQo8LANjn","{""bme688"": [{""temp"": 23.81635, ""step"": 5, ""status"": 1, ""pres"": 980.0256, ""meas_profile"": ""HP-8"", ""meas_id"": 8, ""hum"": 34.32661, ""gas_res"": 18757.33}, {""temp"": 23.80066, ""step"": 5, ""status"": 1, ""pres"": 980.1838, ""meas_profile"": ""HP-7"", ""meas_id"": 7, ""hum"": 34.21838, ""gas_res"": 20119.46}, {""temp"": 23.90257, ""step"": 5, ""status"": 1, ""pres"": 980.3293, ""meas_profile"": ""HP-6"", ""meas_id"": 6, ""hum"": 34.04634, ""gas_res"": 31573.75}, {""temp"": 23.81338, ""step"": 5, ""status"": 1, ""pres"": 980.104, ""meas_profile"": ""HP-5"", ""meas_id"": 5, ""hum"": 34.21782, ""gas_res"": 97784.57}, {""temp"": 23.58868, ""step"": 5, ""status"": 1, ""pres"": 980.2327, ""meas_profile"": ""HP-4"", ""meas_id"": 4, ""hum"": 33.74591, ""gas_res"": 100000.0}, {""temp"": 23.73661, ""step"": 5, ""status"": 1, ""pres"": 979.7938, ""meas_profile"": ""HP-3"", ""meas_id"": 3, ""hum"": 34.26058, ""gas_res"": 26495.55}, {""temp"": 23.65658, ""step"": 5, ""status"": 1, ""pres"": 979.9147, ""meas_profile"": ""HP-2"", ""meas_id"": 2, ""hum"": 34.50976, ""gas_res"": 35457.06}, {""temp"": 23.42574, ""step"": 5, ""status"": 1, ""pres"": 980.0916, ""meas_profile"": ""HP-1"", ""meas_id"": 1, ""hum"": 34.17719, ""gas_res"": 29217.07}]}",NULL,"2025-10-29 09:46:06.617903"
14253,"04a600b9b0b8","2025-10-29 09:44:09","wBoEN1rrgggNQo8LANjn","{""bme688"": [{""temp"": 23.81635, ""step"": 4, ""status"": 1, ""pres"": 980.0256, ""meas_profile"": ""HP-8"", ""meas_id"": 8, ""hum"": 34.26933, ""gas_res"": 19547.95}, {""temp"": 23.80066, ""step"": 4, ""status"": 1, ""pres"": 980.1838, ""meas_profile"": ""HP-7"", ""meas_id"": 7, ""hum"": 34.17308, ""gas_res"": 20826.55}, {""temp"": 23.90288, ""step"": 4, ""status"": 1, ""pres"": 980.3298, ""meas_profile"": ""HP-6"", ""meas_id"": 6, ""hum"": 34.01767, ""gas_res"": 33015.22}, {""temp"": 23.81338, ""step"": 4, ""status"": 1, ""pres"": 980.104, ""meas_profile"": ""HP-5"", ""meas_id"": 5, ""hum"": 34.20647, ""gas_res"": 102175.2}, {""temp"": 23.58899, ""step"": 4, ""status"": 1, ""pres"": 980.2316, ""meas_profile"": ""HP-4"", ""meas_id"": 4, ""hum"": 33.73445, ""gas_res"": 100000.0}, {""temp"": 23.73661, ""step"": 4, ""status"": 1, ""pres"": 979.7938, ""meas_profile"": ""HP-3"", ""meas_id"": 3, ""hum"": 34.23185, ""gas_res"": 25316.46}, {""temp"": 23.65689, ""step"": 4, ""status"": 1, ""pres"": 979.9152, ""meas_profile"": ""HP-2"", ""meas_id"": 2, ""hum"": 34.49842, ""gas_res"": 33988.32}, {""temp"": 23.42574, ""step"": 4, ""status"": 1, ""pres"": 980.0916, ""meas_profile"": ""HP-1"", ""meas_id"": 1, ""hum"": 34.15367, ""gas_res"": 27379.68}]}",NULL,"2025-10-29 09:46:07.897574"
14254,"04a600b9b0b8","2025-10-29 09:44:09","wBoEN1rrgggNQo8LANjn","{""bme688"": [{""temp"": 23.81604, ""step"": 3, ""status"": 1, ""pres"": 980.025, ""meas_profile"": ""HP-8"", ""meas_id"": 8, ""hum"": 34.25212, ""gas_res"": 60634.77}, {""temp"": 23.80066, ""step"": 3, ""status"": 1, ""pres"": 980.1838, ""meas_profile"": ""HP-7"", ""meas_id"": 7, ""hum"": 34.14478, ""gas_res"": 68139.48}, {""temp"": 23.90257, ""step"": 3, ""status"": 1, ""pres"": 980.3293, ""meas_profile"": ""HP-6"", ""meas_id"": 6, ""hum"": 34.00615, ""gas_res"": 193792.6}, {""temp"": 23.81338, ""step"": 3, ""status"": 1, ""pres"": 980.104, ""meas_profile"": ""HP-5"", ""meas_id"": 5, ""hum"": 34.18378, ""gas_res"": 489249.9}, {""temp"": 23.58899, ""step"": 3, ""status"": 1, ""pres"": 980.2316, ""meas_profile"": ""HP-4"", ""meas_id"": 4, ""hum"": 33.70574, ""gas_res"": 489952.2}, {""temp"": 23.73661, ""step"": 3, ""status"": 1, ""pres"": 979.7938, ""meas_profile"": ""HP-3"", ""meas_id"": 3, ""hum"": 34.21461, ""gas_res"": 182857.1}, {""temp"": 23.65658, ""step"": 3, ""status"": 1, ""pres"": 979.9147, ""meas_profile"": ""HP-2"", ""meas_id"": 2, ""hum"": 34.46429, ""gas_res"": 296725.6}, {""temp"": 23.42574, ""step"": 3, ""status"": 1, ""pres"": 980.0916, ""meas_profile"": ""HP-1"", ""meas_id"": 1, ""hum"": 34.11839, ""gas_res"": 217918.7}]}",NULL,"2025-10-29 09:46:09.28978"
14255,"04a600b9b0b8","2025-10-29 09:44:09","wBoEN1rrgggNQo8LANjn","{""bme688"": [{""temp"": 23.81604, ""step"": 2, ""status"": 1, ""pres"": 980.025, ""meas_profile"": ""HP-8"", ""meas_id"": 8, ""hum"": 34.21205, ""gas_res"": 56387.66}, {""temp"": 23.80066, ""step"": 2, ""status"": 1, ""pres"": 980.1838, ""meas_profile"": ""HP-7"", ""meas_id"": 7, ""hum"": 34.12779, ""gas_res"": 61553.26}, {""temp"": 23.90257, ""step"": 2, ""status"": 1, ""pres"": 980.3293, ""meas_profile"": ""HP-6"", ""meas_id"": 6, ""hum"": 33.95451, ""gas_res"": 168921.1}, {""temp"": 23.81338, ""step"": 2, ""status"": 1, ""pres"": 980.104, ""meas_profile"": ""HP-5"", ""meas_id"": 5, ""hum"": 34.14407, ""gas_res"": 420275.0}, {""temp"": 23.58899, ""step"": 2, ""status"": 1, ""pres"": 980.2332, ""meas_profile"": ""HP-4"", ""meas_id"": 4, ""hum"": 33.67129, ""gas_res"": 408945.7}, {""temp"": 23.73661, ""step"": 2, ""status"": 1, ""pres"": 979.7938, ""meas_profile"": ""HP-3"", ""meas_id"": 3, ""hum"": 34.19162, ""gas_res"": 146957.5}, {""temp"": 23.65658, ""step"": 2, ""status"": 1, ""pres"": 979.9147, ""meas_profile"": ""HP-2"", ""meas_id"": 2, ""hum"": 34.46429, ""gas_res"": 239812.6}, {""temp"": 23.42574, ""step"": 2, ""status"": 1, ""pres"": 980.0916, ""meas_profile"": ""HP-1"", ""meas_id"": 1, ""hum"": 34.11251, ""gas_res"": 170439.4}]}",NULL,"2025-10-29 09:46:10.454806"
14256,"04a600b9b0b8","2025-10-29 09:44:09","wBoEN1rrgggNQo8LANjn","{""bme688"": [{""temp"": 23.81635, ""step"": 1, ""status"": 1, ""pres"": 980.0256, ""meas_profile"": ""HP-8"", ""meas_id"": 8, ""hum"": 34.18918, ""gas_res"": 11319.42}, {""temp"": 23.80098, ""step"": 1, ""status"": 1, ""pres"": 980.1843, ""meas_profile"": ""HP-7"", ""meas_id"": 7, ""hum"": 34.10519, ""gas_res"": 11072.66}, {""temp"": 23.90288, ""step"": 1, ""status"": 1, ""pres"": 980.3298, ""meas_profile"": ""HP-6"", ""meas_id"": 6, ""hum"": 33.9488, ""gas_res"": 25000.0}, {""temp"": 23.8137, ""step"": 1, ""status"": 1, ""pres"": 980.1061, ""meas_profile"": ""HP-5"", ""meas_id"": 5, ""hum"": 34.09874, ""gas_res"": 31573.75}, {""temp"": 23.5893, ""step"": 1, ""status"": 1, ""pres"": 980.2338, ""meas_profile"": ""HP-4"", ""meas_id"": 4, ""hum"": 33.6541, ""gas_res"": 26058.63}, {""temp"": 23.73692, ""step"": 1, ""status"": 1, ""pres"": 979.7943, ""meas_profile"": ""HP-3"", ""meas_id"": 3, ""hum"": 34.16294, ""gas_res"": 22237.67}, {""temp"": 23.65689, ""step"": 1, ""status"": 1, ""pres"": 979.9152, ""meas_profile"": ""HP-2"", ""meas_id"": 2, ""hum"": 34.44159, ""gas_res"": 25000.0}, {""temp"": 23.42574, ""step"": 1, ""status"": 1, ""pres"": 980.0916, ""meas_profile"": ""HP-1"", ""meas_id"": 1, ""hum"": 34.07725, ""gas_res"": 22783.91}]}",NULL,"2025-10-29 09:46:11.734541"
14257,"04a600b9b0b8","2025-10-29 09:44:09","wBoEN1rrgggNQo8LANjn","{""bme688"": [{""temp"": 23.81604, ""step"": 0, ""status"": 1, ""pres"": 980.025, ""meas_profile"": ""HP-8"", ""meas_id"": 8, ""hum"": 34.1777, ""gas_res"": 6866.953}, {""temp"": 23.80066, ""step"": 0, ""status"": 1, ""pres"": 980.1855, ""meas_profile"": ""HP-7"", ""meas_id"": 7, ""hum"": 34.07687, ""gas_res"": 6942.938}, {""temp"": 23.90288, ""step"": 0, ""status"": 1, ""pres"": 980.3298, ""meas_profile"": ""HP-6"", ""meas_id"": 6, ""hum"": 33.93159, ""gas_res"": 7744.434}, {""temp"": 23.8137, ""step"": 0, ""status"": 1, ""pres"": 980.1061, ""meas_profile"": ""HP-5"", ""meas_id"": 5, ""hum"": 34.09307, ""gas_res"": 25000.0}, {""temp"": 23.5893, ""step"": 0, ""status"": 1, ""pres"": 980.2338, ""meas_profile"": ""HP-4"", ""meas_id"": 4, ""hum"": 33.63688, ""gas_res"": 10536.71}, {""temp"": 23.73661, ""step"": 0, ""status"": 1, ""pres"": 979.7938, ""meas_profile"": ""HP-3"", ""meas_id"": 3, ""hum"": 34.13993, ""gas_res"": 5684.846}, {""temp"": 23.65658, ""step"": 0, ""status"": 1, ""pres"": 979.9164, ""meas_profile"": ""HP-2"", ""meas_id"": 2, ""hum"": 34.41884, ""gas_res"": 6823.028}, {""temp"": 23.42543, ""step"": 0, ""status"": 1, ""pres"": 980.0929, ""meas_profile"": ""HP-1"", ""meas_id"": 1, ""hum"": 34.05959, ""gas_res"": 5684.846}]}",NULL,"2025-10-29 09:46:13.016687"
14269,"04a600b9b0b8","2025-10-29 09:46:09","wBoEN1rrgggNQo8LANjn","{""zphs01b"": {""voc"": 0, ""temp"": 21.1, ""pm2_5"": 0, ""pm1_0"": 0, ""pm10"": 306, ""o3"": 0.03, ""no2"": 10.0, ""hum"": 0, ""fmhd"": 0, ""co2"": 5000, ""co"": 0.0}, ""smell_b"": {}, ""sfa30"": {""temp"": 23.825, ""hum"": 37.13, ""fmhd"": 0.6}, ""sen5x"": {""voc"": 88.0, ""temp"": 24.0, ""pm4_0"": 4424.4, ""pm2_5"": 4424.4, ""pm1_0"": 4218.9, ""pm10"": 4424.4, ""nox"": 1.0, ""mass_c"": 4373.025, ""hum"": 41.67}, ""scd41"": {""temp"": 22.94919, ""hum"": 45.82589, ""co2"": 600}, ""power_source"": 0, ""mics6814"": {""red_res"": 0, ""no2_res"": 0, ""no2"": 0.17, ""nh3_res"": 0, ""nh3"": 0.73, ""co_res"": 0, ""co"": 44.0}}",NULL,"2025-10-29 09:46:55.872477"
14270,"04a600b9b0b8","2025-10-29 09:46:09","wBoEN1rrgggNQo8LANjn","{""bme688"": [{""temp"": 23.82562, ""step"": 9, ""status"": 1, ""pres"": 980.0315, ""meas_profile"": ""HP-8"", ""meas_id"": 8, ""hum"": 34.84398, ""gas_res"": 5684.846}, {""temp"": 23.80812, ""step"": 9, ""status"": 1, ""pres"": 980.1826, ""meas_profile"": ""HP-7"", ""meas_id"": 7, ""hum"": 34.7467, ""gas_res"": 5684.846}, {""temp"": 23.90411, ""step"": 9, ""status"": 1, ""pres"": 980.3248, ""meas_profile"": ""HP-6"", ""meas_id"": 6, ""hum"": 34.57561, ""gas_res"": 6741.1}, {""temp"": 23.81464, ""step"": 9, ""status"": 1, ""pres"": 980.0975, ""meas_profile"": ""HP-5"", ""meas_id"": 5, ""hum"": 34.78646, ""gas_res"": 25000.0}, {""temp"": 23.5893, ""step"": 9, ""status"": 1, ""pres"": 980.2223, ""meas_profile"": ""HP-4"", ""meas_id"": 4, ""hum"": 34.28682, ""gas_res"": 20100.5}, {""temp"": 23.73785, ""step"": 9, ""status"": 1, ""pres"": 979.7838, ""meas_profile"": ""HP-3"", ""meas_id"": 3, ""hum"": 34.77314, ""gas_res"": 7085.917}, {""temp"": 23.65813, ""step"": 9, ""status"": 1, ""pres"": 979.9072, ""meas_profile"": ""HP-2"", ""meas_id"": 2, ""hum"": 35.03375, ""gas_res"": 6097.561}, {""temp"": 23.42885, ""step"": 9, ""status"": 1, ""pres"": 980.0782, ""meas_profile"": ""HP-1"", ""meas_id"": 1, ""hum"": 34.71363, ""gas_res"": 6788.29}]}",NULL,"2025-10-29 09:46:57.176813"
14271,"04a600b9b0b8","2025-10-29 09:46:09","wBoEN1rrgggNQo8LANjn","{""bme688"": [{""temp"": 23.82469, ""step"": 8, ""status"": 1, ""pres"": 980.0316, ""meas_profile"": ""HP-8"", ""meas_id"": 8, ""hum"": 34.84389, ""gas_res"": 5684.846}, {""temp"": 23.8075, ""step"": 8, ""status"": 1, ""pres"": 980.1833, ""meas_profile"": ""HP-7"", ""meas_id"": 7, ""hum"": 34.75232, ""gas_res"": 5684.846}, {""temp"": 23.9038, ""step"": 8, ""status"": 1, ""pres"": 980.326, ""meas_profile"": ""HP-6"", ""meas_id"": 6, ""hum"": 34.59287, ""gas_res"": 6983.85}, {""temp"": 23.81464, ""step"": 8, ""status"": 1, ""pres"": 980.0975, ""meas_profile"": ""HP-5"", ""meas_id"": 5, ""hum"": 34.78077, ""gas_res"": 25000.0}, {""temp"": 23.58961, ""step"": 8, ""status"": 1, ""pres"": 980.2227, ""meas_profile"": ""HP-4"", ""meas_id"": 4, ""hum"": 34.28109, ""gas_res"": 19783.62}, {""temp"": 23.73785, ""step"": 8, ""status"": 1, ""pres"": 979.7838, ""meas_profile"": ""HP-3"", ""meas_id"": 3, ""hum"": 34.77891, ""gas_res"": 6644.518}, {""temp"": 23.65813, ""step"": 8, ""status"": 1, ""pres"": 979.9072, ""meas_profile"": ""HP-2"", ""meas_id"": 2, ""hum"": 35.04516, ""gas_res"": 6251.221}, {""temp"": 23.42854, ""step"": 8, ""status"": 1, ""pres"": 980.0778, ""meas_profile"": ""HP-1"", ""meas_id"": 1, ""hum"": 34.7077, ""gas_res"": 6823.028}]}",NULL,"2025-10-29 09:46:58.454536"
14272,"04a600b9b0b8","2025-10-29 09:46:09","wBoEN1rrgggNQo8LANjn","{""bme688"": [{""temp"": 23.82407, ""step"": 7, ""status"": 1, ""pres"": 980.0305, ""meas_profile"": ""HP-8"", ""meas_id"": 8, ""hum"": 34.84383, ""gas_res"": 5684.846}, {""temp"": 23.80688, ""step"": 7, ""status"": 1, ""pres"": 980.1823, ""meas_profile"": ""HP-7"", ""meas_id"": 7, ""hum"": 34.75226, ""gas_res"": 5684.846}, {""temp"": 23.9035, ""step"": 7, ""status"": 1, ""pres"": 980.3254, ""meas_profile"": ""HP-6"", ""meas_id"": 6, ""hum"": 34.59284, ""gas_res"": 7071.823}, {""temp"": 23.81464, ""step"": 7, ""status"": 1, ""pres"": 980.0975, ""meas_profile"": ""HP-5"", ""meas_id"": 5, ""hum"": 34.79216, ""gas_res"": 25000.0}, {""temp"": 23.5893, ""step"": 7, ""status"": 1, ""pres"": 980.2223, ""meas_profile"": ""HP-4"", ""meas_id"": 4, ""hum"": 34.2753, ""gas_res"": 18465.09}, {""temp"": 23.73754, ""step"": 7, ""status"": 1, ""pres"": 979.7852, ""meas_profile"": ""HP-3"", ""meas_id"": 3, ""hum"": 34.77311, ""gas_res"": 6325.361}, {""temp"": 23.65782, ""step"": 7, ""status"": 1, ""pres"": 979.9083, ""meas_profile"": ""HP-2"", ""meas_id"": 2, ""hum"": 35.02802, ""gas_res"": 8066.549}, {""temp"": 23.42823, ""step"": 7, ""status"": 1, ""pres"": 980.0792, ""meas_profile"": ""HP-1"", ""meas_id"": 1, ""hum"": 34.72538, ""gas_res"": 6566.797}]}",NULL,"2025-10-29 09:46:59.922878"
14273,"04a600b9b0b8","2025-10-29 09:46:09","wBoEN1rrgggNQo8LANjn","{""bme688"": [{""temp"": 23.82346, ""step"": 6, ""status"": 1, ""pres"": 980.0296, ""meas_profile"": ""HP-8"", ""meas_id"": 8, ""hum"": 34.84377, ""gas_res"": 15234.47}, {""temp"": 23.80657, ""step"": 6, ""status"": 1, ""pres"": 980.1817, ""meas_profile"": ""HP-7"", ""meas_id"": 7, ""hum"": 34.74086, ""gas_res"": 18166.34}, {""temp"": 23.9035, ""step"": 6, ""status"": 1, ""pres"": 980.3273, ""meas_profile"": ""HP-6"", ""meas_id"": 6, ""hum"": 34.58132, ""gas_res"": 32913.34}, {""temp"": 23.81432, ""step"": 6, ""status"": 1, ""pres"": 980.097, ""meas_profile"": ""HP-5"", ""meas_id"": 5, ""hum"": 34.78643, ""gas_res"": 108959.4}, {""temp"": 23.58899, ""step"": 6, ""status"": 1, ""pres"": 980.2233, ""meas_profile"": ""HP-4"", ""meas_id"": 4, ""hum"": 34.28679, ""gas_res"": 112108.6}, {""temp"": 23.73754, ""step"": 6, ""status"": 1, ""pres"": 979.7852, ""meas_profile"": ""HP-3"", ""meas_id"": 3, ""hum"": 34.78465, ""gas_res"": 37090.7}, {""temp"": 23.65782, ""step"": 6, ""status"": 1, ""pres"": 979.9083, ""meas_profile"": ""HP-2"", ""meas_id"": 2, ""hum"": 35.04513, ""gas_res"": 90555.36}, {""temp"": 23.42823, ""step"": 6, ""status"": 1, ""pres"": 980.0792, ""meas_profile"": ""HP-1"", ""meas_id"": 1, ""hum"": 34.70767, ""gas_res"": 44521.74}]}",NULL,"2025-10-29 09:47:01.014396"
14274,"04a600b9b0b8","2025-10-29 09:46:09","wBoEN1rrgggNQo8LANjn","{""bme688"": [{""temp"": 23.82315, ""step"": 5, ""status"": 1, ""pres"": 980.0291, ""meas_profile"": ""HP-8"", ""meas_id"": 8, ""hum"": 34.83224, ""gas_res"": 15245.35}, {""temp"": 23.80594, ""step"": 5, ""status"": 1, ""pres"": 980.1824, ""meas_profile"": ""HP-7"", ""meas_id"": 7, ""hum"": 34.74649, ""gas_res"": 18120.04}, {""temp"": 23.9035, ""step"": 5, ""status"": 1, ""pres"": 980.3273, ""meas_profile"": ""HP-6"", ""meas_id"": 6, ""hum"": 34.5698, ""gas_res"": 32661.39}, {""temp"": 23.81401, ""step"": 5, ""status"": 1, ""pres"": 980.0983, ""meas_profile"": ""HP-5"", ""meas_id"": 5, ""hum"": 34.7864, ""gas_res"": 108062.5}, {""temp"": 23.58899, ""step"": 5, ""status"": 1, ""pres"": 980.2233, ""meas_profile"": ""HP-4"", ""meas_id"": 4, ""hum"": 34.29256, ""gas_res"": 109942.0}, {""temp"": 23.73754, ""step"": 5, ""status"": 1, ""pres"": 979.7869, ""meas_profile"": ""HP-3"", ""meas_id"": 3, ""hum"": 34.79042, ""gas_res"": 35252.0}, {""temp"": 23.65751, ""step"": 5, ""status"": 1, ""pres"": 979.9079, ""meas_profile"": ""HP-2"", ""meas_id"": 2, ""hum"": 35.0508, ""gas_res"": 84965.15}, {""temp"": 23.42823, ""step"": 5, ""status"": 1, ""pres"": 980.0792, ""meas_profile"": ""HP-1"", ""meas_id"": 1, ""hum"": 34.71357, ""gas_res"": 41410.55}]}",NULL,"2025-10-29 09:47:02.297401"
14275,"04a600b9b0b8","2025-10-29 09:46:09","wBoEN1rrgggNQo8LANjn","{""bme688"": [{""temp"": 23.82253, ""step"": 4, ""status"": 1, ""pres"": 980.03, ""meas_profile"": ""HP-8"", ""meas_id"": 8, ""hum"": 34.85518, ""gas_res"": 15169.47}, {""temp"": 23.80563, ""step"": 4, ""status"": 1, ""pres"": 980.1819, ""meas_profile"": ""HP-7"", ""meas_id"": 7, ""hum"": 34.75214, ""gas_res"": 18058.69}, {""temp"": 23.9035, ""step"": 4, ""status"": 1, ""pres"": 980.329, ""meas_profile"": ""HP-6"", ""meas_id"": 6, ""hum"": 34.59284, ""gas_res"": 32786.89}, {""temp"": 23.8137, ""step"": 4, ""status"": 1, ""pres"": 980.0977, ""meas_profile"": ""HP-5"", ""meas_id"": 5, ""hum"": 34.78068, ""gas_res"": 107653.5}, {""temp"": 23.58868, ""step"": 4, ""status"": 1, ""pres"": 980.2244, ""meas_profile"": ""HP-4"", ""meas_id"": 4, ""hum"": 34.29829, ""gas_res"": 108336.9}, {""temp"": 23.73754, ""step"": 4, ""status"": 1, ""pres"": 979.7869, ""meas_profile"": ""HP-3"", ""meas_id"": 3, ""hum"": 34.79042, ""gas_res"": 33169.21}, {""temp"": 23.65751, ""step"": 4, ""status"": 1, ""pres"": 979.9095, ""meas_profile"": ""HP-2"", ""meas_id"": 2, ""hum"": 35.05651, ""gas_res"": 79061.15}, {""temp"": 23.42823, ""step"": 4, ""status"": 1, ""pres"": 980.0809, ""meas_profile"": ""HP-1"", ""meas_id"": 1, ""hum"": 34.71947, ""gas_res"": 38426.9}]}",NULL,"2025-10-29 09:47:03.575173"
14276,"04a600b9b0b8","2025-10-29 09:46:09","wBoEN1rrgggNQo8LANjn","{""bme688"": [{""temp"": 23.82191, ""step"": 3, ""status"": 1, ""pres"": 980.029, ""meas_profile"": ""HP-8"", ""meas_id"": 8, ""hum"": 34.83787, ""gas_res"": 21368.95}, {""temp"": 23.80532, ""step"": 3, ""status"": 1, ""pres"": 980.1813, ""meas_profile"": ""HP-7"", ""meas_id"": 7, ""hum"": 34.74643, ""gas_res"": 26348.29}, {""temp"": 23.90288, ""step"": 3, ""status"": 1, ""pres"": 980.3282, ""meas_profile"": ""HP-6"", ""meas_id"": 6, ""hum"": 34.59855, ""gas_res"": 64728.19}, {""temp"": 23.81338, ""step"": 3, ""status"": 1, ""pres"": 980.0989, ""meas_profile"": ""HP-5"", ""meas_id"": 5, ""hum"": 34.77495, ""gas_res"": 142064.4}, {""temp"": 23.58837, ""step"": 3, ""status"": 1, ""pres"": 980.224, ""meas_profile"": ""HP-4"", ""meas_id"": 4, ""hum"": 34.2925, ""gas_res"": 180154.8}, {""temp"": 23.73723, ""step"": 3, ""status"": 1, ""pres"": 979.7863, ""meas_profile"": ""HP-3"", ""meas_id"": 3, ""hum"": 34.79039, ""gas_res"": 80782.58}, {""temp"": 23.6572, ""step"": 3, ""status"": 1, ""pres"": 979.909, ""meas_profile"": ""HP-2"", ""meas_id"": 2, ""hum"": 35.04507, ""gas_res"": 134136.8}, {""temp"": 23.42823, ""step"": 3, ""status"": 1, ""pres"": 980.0809, ""meas_profile"": ""HP-1"", ""meas_id"": 1, ""hum"": 34.70767, ""gas_res"": 103350.8}]}",NULL,"2025-10-29 09:47:05.046614"
14277,"04a600b9b0b8","2025-10-29 09:46:09","wBoEN1rrgggNQo8LANjn","{""bme688"": [{""temp"": 23.8216, ""step"": 2, ""status"": 1, ""pres"": 980.0302, ""meas_profile"": ""HP-8"", ""meas_id"": 8, ""hum"": 34.84934, ""gas_res"": 35934.87}, {""temp"": 23.80501, ""step"": 2, ""status"": 1, ""pres"": 980.1825, ""meas_profile"": ""HP-7"", ""meas_id"": 7, ""hum"": 34.75777, ""gas_res"": 44849.34}, {""temp"": 23.90257, ""step"": 2, ""status"": 1, ""pres"": 980.3275, ""meas_profile"": ""HP-6"", ""meas_id"": 6, ""hum"": 34.60427, ""gas_res"": 146957.5}, {""temp"": 23.81307, ""step"": 2, ""status"": 1, ""pres"": 980.0983, ""meas_profile"": ""HP-5"", ""meas_id"": 5, ""hum"": 34.79771, ""gas_res"": 376886.3}, {""temp"": 23.58805, ""step"": 2, ""status"": 1, ""pres"": 980.2252, ""meas_profile"": ""HP-4"", ""meas_id"": 4, ""hum"": 34.29824, ""gas_res"": 428451.9}, {""temp"": 23.73692, ""step"": 2, ""status"": 1, ""pres"": 979.7875, ""meas_profile"": ""HP-3"", ""meas_id"": 3, ""hum"": 34.8019, ""gas_res"": 172158.7}, {""temp"": 23.65689, ""step"": 2, ""status"": 1, ""pres"": 979.9084, ""meas_profile"": ""HP-2"", ""meas_id"": 2, ""hum"": 35.04504, ""gas_res"": 297242.4}, {""temp"": 23.42792, ""step"": 2, ""status"": 1, ""pres"": 980.0823, ""meas_profile"": ""HP-1"", ""meas_id"": 1, ""hum"": 34.71355, ""gas_res"": 222318.7}]}",NULL,"2025-10-29 09:47:06.135208"
14278,"04a600b9b0b8","2025-10-29 09:46:09","wBoEN1rrgggNQo8LANjn","{""bme688"": [{""temp"": 23.82129, ""step"": 1, ""status"": 1, ""pres"": 980.0297, ""meas_profile"": ""HP-8"", ""meas_id"": 8, ""hum"": 34.86081, ""gas_res"": 8648.648}, {""temp"": 23.80501, ""step"": 1, ""status"": 1, ""pres"": 980.1842, ""meas_profile"": ""HP-7"", ""meas_id"": 7, ""hum"": 34.77483, ""gas_res"": 9685.23}, {""temp"": 23.90257, ""step"": 1, ""status"": 1, ""pres"": 980.3293, ""meas_profile"": ""HP-6"", ""meas_id"": 6, ""hum"": 34.6158, ""gas_res"": 25000.0}, {""temp"": 23.81338, ""step"": 1, ""status"": 1, ""pres"": 980.0989, ""meas_profile"": ""HP-5"", ""meas_id"": 5, ""hum"": 34.79773, ""gas_res"": 31976.02}, {""temp"": 23.58837, ""step"": 1, ""status"": 1, ""pres"": 980.2256, ""meas_profile"": ""HP-4"", ""meas_id"": 4, ""hum"": 34.3098, ""gas_res"": 28609.75}, {""temp"": 23.73692, ""step"": 1, ""status"": 1, ""pres"": 979.7875, ""meas_profile"": ""HP-3"", ""meas_id"": 3, ""hum"": 34.79036, ""gas_res"": 25000.0}, {""temp"": 23.6572, ""step"": 1, ""status"": 1, ""pres"": 979.9106, ""meas_profile"": ""HP-2"", ""meas_id"": 2, ""hum"": 35.04507, ""gas_res"": 25000.0}, {""temp"": 23.42792, ""step"": 1, ""status"": 1, ""pres"": 980.0842, ""meas_profile"": ""HP-1"", ""meas_id"": 1, ""hum"": 34.71945, ""gas_res"": 25000.0}]}",NULL,"2025-10-29 09:47:07.416527"
14279,"04a600b9b0b8","2025-10-29 09:46:09","wBoEN1rrgggNQo8LANjn","{""bme688"": [{""temp"": 23.82099, ""step"": 0, ""status"": 1, ""pres"": 980.031, ""meas_profile"": ""HP-8"", ""meas_id"": 8, ""hum"": 34.84354, ""gas_res"": 5684.846}, {""temp"": 23.8047, ""step"": 0, ""status"": 1, ""pres"": 980.1838, ""meas_profile"": ""HP-7"", ""meas_id"": 7, ""hum"": 34.77479, ""gas_res"": 6203.955}, {""temp"": 23.90257, ""step"": 0, ""status"": 1, ""pres"": 980.3293, ""meas_profile"": ""HP-6"", ""meas_id"": 6, ""hum"": 34.59275, ""gas_res"": 7499.414}, {""temp"": 23.81338, ""step"": 0, ""status"": 1, ""pres"": 980.1006, ""meas_profile"": ""HP-5"", ""meas_id"": 5, ""hum"": 34.80343, ""gas_res"": 25000.0}, {""temp"": 23.58805, ""step"": 0, ""status"": 1, ""pres"": 980.2268, ""meas_profile"": ""HP-4"", ""meas_id"": 4, ""hum"": 34.30977, ""gas_res"": 18529.24}, {""temp"": 23.73692, ""step"": 0, ""status"": 1, ""pres"": 979.7891, ""meas_profile"": ""HP-3"", ""meas_id"": 3, ""hum"": 34.79613, ""gas_res"": 5961.252}, {""temp"": 23.65689, ""step"": 0, ""status"": 1, ""pres"": 979.9102, ""meas_profile"": ""HP-2"", ""meas_id"": 2, ""hum"": 35.05646, ""gas_res"": 7633.588}, {""temp"": 23.42761, ""step"": 0, ""status"": 1, ""pres"": 980.0837, ""meas_profile"": ""HP-1"", ""meas_id"": 1, ""hum"": 34.71941, ""gas_res"": 6295.495}]}",NULL,"2025-10-29 09:47:08.696499"
14280,"04a600b9b0b8","2025-10-29 09:47:17","wBoEN1rrgggNQo8LANjn","{""zphs01b"": {""voc"": 0, ""temp"": 21.2, ""pm2_5"": 0, ""pm1_0"": 0, ""pm10"": 313, ""o3"": 0.03, ""no2"": 10.0, ""hum"": 0, ""fmhd"": 0, ""co2"": 5000, ""co"": 0.0}, ""smell_b"": {}, ""sfa30"": {""temp"": 23.845, ""hum"": 37.22, ""fmhd"": 1.0}, ""sen5x"": {""voc"": 87.0, ""temp"": 23.885, ""pm4_0"": 4328.2, ""pm2_5"": 4328.2, ""pm1_0"": 4127.2, ""pm10"": 4328.2, ""nox"": 1.0, ""mass_c"": 4277.95, ""hum"": 42.12}, ""scd41"": {""temp"": 23.09605, ""hum"": 46.01968, ""co2"": 598}, ""power_source"": 0, ""mics6814"": {""red_res"": 0, ""no2_res"": 0, ""no2"": 0.17, ""nh3_res"": 0, ""nh3"": 0.73, ""co_res"": 0, ""co"": 44.0}}",NULL,"2025-10-29 09:48:11.489352"
14281,"04a600b9b0b8","2025-10-29 09:47:17","wBoEN1rrgggNQo8LANjn","{""bme688"": [{""temp"": 23.83705, ""step"": 9, ""status"": 1, ""pres"": 980.0334, ""meas_profile"": ""HP-8"", ""meas_id"": 8, ""hum"": 34.84506, ""gas_res"": 5684.846}, {""temp"": 23.8165, ""step"": 9, ""status"": 1, ""pres"": 980.1746, ""meas_profile"": ""HP-7"", ""meas_id"": 7, ""hum"": 34.76454, ""gas_res"": 5774.089}, {""temp"": 23.90782, ""step"": 9, ""status"": 1, ""pres"": 980.3154, ""meas_profile"": ""HP-6"", ""meas_id"": 6, ""hum"": 34.61053, ""gas_res"": 7911.001}, {""temp"": 23.81745, ""step"": 9, ""status"": 1, ""pres"": 980.087, ""meas_profile"": ""HP-5"", ""meas_id"": 5, ""hum"": 34.78673, ""gas_res"": 25000.0}, {""temp"": 23.59209, ""step"": 9, ""status"": 1, ""pres"": 980.2084, ""meas_profile"": ""HP-4"", ""meas_id"": 4, ""hum"": 34.31591, ""gas_res"": 25000.0}, {""temp"": 23.74249, ""step"": 9, ""status"": 1, ""pres"": 979.7748, ""meas_profile"": ""HP-3"", ""meas_id"": 3, ""hum"": 34.79089, ""gas_res"": 6510.682}, {""temp"": 23.66217, ""step"": 9, ""status"": 1, ""pres"": 979.8985, ""meas_profile"": ""HP-2"", ""meas_id"": 2, ""hum"": 35.05696, ""gas_res"": 8084.892}, {""temp"": 23.43414, ""step"": 9, ""status"": 1, ""pres"": 980.0648, ""meas_profile"": ""HP-1"", ""meas_id"": 1, ""hum"": 34.71413, ""gas_res"": 6049.149}]}",NULL,"2025-10-29 09:48:12.733317"
14282,"04a600b9b0b8","2025-10-29 09:47:17","wBoEN1rrgggNQo8LANjn","{""bme688"": [{""temp"": 23.83612, ""step"": 8, ""status"": 1, ""pres"": 980.032, ""meas_profile"": ""HP-8"", ""meas_id"": 8, ""hum"": 34.86222, ""gas_res"": 5684.846}, {""temp"": 23.81588, ""step"": 8, ""status"": 1, ""pres"": 980.1752, ""meas_profile"": ""HP-7"", ""meas_id"": 7, ""hum"": 34.76448, ""gas_res"": 5792.904}, {""temp"": 23.90751, ""step"": 8, ""status"": 1, ""pres"": 980.3166, ""meas_profile"": ""HP-6"", ""meas_id"": 6, ""hum"": 34.6105, ""gas_res"": 8084.892}, {""temp"": 23.81745, ""step"": 8, ""status"": 1, ""pres"": 980.087, ""meas_profile"": ""HP-5"", ""meas_id"": 5, ""hum"": 34.82091, ""gas_res"": 25000.0}, {""temp"": 23.59209, ""step"": 8, ""status"": 1, ""pres"": 980.2084, ""meas_profile"": ""HP-4"", ""meas_id"": 4, ""hum"": 34.31591, ""gas_res"": 25000.0}, {""temp"": 23.74218, ""step"": 8, ""status"": 1, ""pres"": 979.7759, ""meas_profile"": ""HP-3"", ""meas_id"": 3, ""hum"": 34.79663, ""gas_res"": 6052.582}, {""temp"": 23.66217, ""step"": 8, ""status"": 1, ""pres"": 979.8985, ""meas_profile"": ""HP-2"", ""meas_id"": 2, ""hum"": 35.03984, ""gas_res"": 8209.338}, {""temp"": 23.43383, ""step"": 8, ""status"": 1, ""pres"": 980.0643, ""meas_profile"": ""HP-1"", ""meas_id"": 1, ""hum"": 34.72591, ""gas_res"": 6306.662}]}",NULL,"2025-10-29 09:48:13.985038"
14283,"04a600b9b0b8","2025-10-29 09:47:17","wBoEN1rrgggNQo8LANjn","{""bme688"": [{""temp"": 23.83519, ""step"": 7, ""status"": 1, ""pres"": 980.0322, ""meas_profile"": ""HP-8"", ""meas_id"": 8, ""hum"": 34.85638, ""gas_res"": 5684.846}, {""temp"": 23.81526, ""step"": 7, ""status"": 1, ""pres"": 980.1758, ""meas_profile"": ""HP-7"", ""meas_id"": 7, ""hum"": 34.75874, ""gas_res"": 5879.111}, {""temp"": 23.90751, ""step"": 7, ""status"": 1, ""pres"": 980.3166, ""meas_profile"": ""HP-6"", ""meas_id"": 6, ""hum"": 34.64509, ""gas_res"": 8357.273}, {""temp"": 23.81714, ""step"": 7, ""status"": 1, ""pres"": 980.0864, ""meas_profile"": ""HP-5"", ""meas_id"": 5, ""hum"": 34.83228, ""gas_res"": 25000.0}, {""temp"": 23.59209, ""step"": 7, ""status"": 1, ""pres"": 980.2101, ""meas_profile"": ""HP-4"", ""meas_id"": 4, ""hum"": 34.31015, ""gas_res"": 25000.0}, {""temp"": 23.74187, ""step"": 7, ""status"": 1, ""pres"": 979.7754, ""meas_profile"": ""HP-3"", ""meas_id"": 3, ""hum"": 34.79083, ""gas_res"": 6207.565}, {""temp"": 23.66217, ""step"": 7, ""status"": 1, ""pres"": 979.9001, ""meas_profile"": ""HP-2"", ""meas_id"": 2, ""hum"": 35.06266, ""gas_res"": 8177.869}, {""temp"": 23.43352, ""step"": 7, ""status"": 1, ""pres"": 980.0656, ""meas_profile"": ""HP-1"", ""meas_id"": 1, ""hum"": 34.71408, ""gas_res"": 6439.928}]}",NULL,"2025-10-29 09:48:15.254245"
14284,"04a600b9b0b8","2025-10-29 09:47:17","wBoEN1rrgggNQo8LANjn","{""bme688"": [{""temp"": 23.83458, ""step"": 6, ""status"": 1, ""pres"": 980.0313, ""meas_profile"": ""HP-8"", ""meas_id"": 8, ""hum"": 34.86783, ""gas_res"": 15682.43}, {""temp"": 23.81495, ""step"": 6, ""status"": 1, ""pres"": 980.1755, ""meas_profile"": ""HP-7"", ""meas_id"": 7, ""hum"": 34.77576, ""gas_res"": 19547.95}, {""temp"": 23.9072, ""step"": 6, ""status"": 1, ""pres"": 980.3177, ""meas_profile"": ""HP-6"", ""meas_id"": 6, ""hum"": 34.61625, ""gas_res"": 39788.62}, {""temp"": 23.81714, ""step"": 6, ""status"": 1, ""pres"": 980.0881, ""meas_profile"": ""HP-5"", ""meas_id"": 5, ""hum"": 34.82658, ""gas_res"": 145207.0}, {""temp"": 23.59178, ""step"": 6, ""status"": 1, ""pres"": 980.2096, ""meas_profile"": ""HP-4"", ""meas_id"": 4, ""hum"": 34.32165, ""gas_res"": 157829.8}, {""temp"": 23.74187, ""step"": 6, ""status"": 1, ""pres"": 979.777, ""meas_profile"": ""HP-3"", ""meas_id"": 3, ""hum"": 34.80814, ""gas_res"": 88858.04}, {""temp"": 23.66186, ""step"": 6, ""status"": 1, ""pres"": 979.8997, ""meas_profile"": ""HP-2"", ""meas_id"": 2, ""hum"": 35.05693, ""gas_res"": 111741.6}, {""temp"": 23.43352, ""step"": 6, ""status"": 1, ""pres"": 980.0675, ""meas_profile"": ""HP-1"", ""meas_id"": 1, ""hum"": 34.71408, ""gas_res"": 100000.0}]}",NULL,"2025-10-29 09:48:16.721491"
14285,"04a600b9b0b8","2025-10-29 09:47:17","wBoEN1rrgggNQo8LANjn","{""bme688"": [{""temp"": 23.83426, ""step"": 5, ""status"": 1, ""pres"": 980.0326, ""meas_profile"": ""HP-8"", ""meas_id"": 8, ""hum"": 34.88504, ""gas_res"": 15511.39}, {""temp"": 23.81433, ""step"": 5, ""status"": 1, ""pres"": 980.1761, ""meas_profile"": ""HP-7"", ""meas_id"": 7, ""hum"": 34.79276, ""gas_res"": 19388.06}, {""temp"": 23.9072, ""step"": 5, ""status"": 1, ""pres"": 980.3177, ""meas_profile"": ""HP-6"", ""meas_id"": 6, ""hum"": 34.6393, ""gas_res"": 39714.55}, {""temp"": 23.81714, ""step"": 5, ""status"": 1, ""pres"": 980.0898, ""meas_profile"": ""HP-5"", ""meas_id"": 5, ""hum"": 34.83228, ""gas_res"": 145578.6}, {""temp"": 23.59178, ""step"": 5, ""status"": 1, ""pres"": 980.2112, ""meas_profile"": ""HP-4"", ""meas_id"": 4, ""hum"": 34.32742, ""gas_res"": 156814.7}, {""temp"": 23.74156, ""step"": 5, ""status"": 1, ""pres"": 979.7766, ""meas_profile"": ""HP-3"", ""meas_id"": 3, ""hum"": 34.80233, ""gas_res"": 86166.27}, {""temp"": 23.66155, ""step"": 5, ""status"": 1, ""pres"": 979.9009, ""meas_profile"": ""HP-2"", ""meas_id"": 2, ""hum"": 35.06831, ""gas_res"": 108612.6}, {""temp"": 23.43321, ""step"": 5, ""status"": 1, ""pres"": 980.067, ""meas_profile"": ""HP-1"", ""meas_id"": 1, ""hum"": 34.73175, ""gas_res"": 100000.0}]}",NULL,"2025-10-29 09:48:17.818449"
14286,"04a600b9b0b8","2025-10-29 09:47:17","wBoEN1rrgggNQo8LANjn","{""bme688"": [{""temp"": 23.83365, ""step"": 4, ""status"": 1, ""pres"": 980.0334, ""meas_profile"": ""HP-8"", ""meas_id"": 8, ""hum"": 34.90799, ""gas_res"": 15180.27}, {""temp"": 23.81371, ""step"": 4, ""status"": 1, ""pres"": 980.1768, ""meas_profile"": ""HP-7"", ""meas_id"": 7, ""hum"": 34.7927, ""gas_res"": 19041.95}, {""temp"": 23.90689, ""step"": 4, ""status"": 1, ""pres"": 980.3189, ""meas_profile"": ""HP-6"", ""meas_id"": 6, ""hum"": 34.63927, ""gas_res"": 39714.55}, {""temp"": 23.81714, ""step"": 4, ""status"": 1, ""pres"": 980.0898, ""meas_profile"": ""HP-5"", ""meas_id"": 5, ""hum"": 34.83797, ""gas_res"": 145083.6}, {""temp"": 23.59178, ""step"": 4, ""status"": 1, ""pres"": 980.2129, ""meas_profile"": ""HP-4"", ""meas_id"": 4, ""hum"": 34.33318, ""gas_res"": 158563.0}, {""temp"": 23.74125, ""step"": 4, ""status"": 1, ""pres"": 979.7776, ""meas_profile"": ""HP-3"", ""meas_id"": 3, ""hum"": 34.81384, ""gas_res"": 83062.95}, {""temp"": 23.66093, ""step"": 4, ""status"": 1, ""pres"": 979.8999, ""meas_profile"": ""HP-2"", ""meas_id"": 2, ""hum"": 35.06254, ""gas_res"": 103980.5}, {""temp"": 23.43321, ""step"": 4, ""status"": 1, ""pres"": 980.0688, ""meas_profile"": ""HP-1"", ""meas_id"": 1, ""hum"": 34.74946, ""gas_res"": 100000.0}]}",NULL,"2025-10-29 09:48:19.094204"
14287,"04a600b9b0b8","2025-10-29 09:47:17","wBoEN1rrgggNQo8LANjn","{""bme688"": [{""temp"": 23.83303, ""step"": 3, ""status"": 1, ""pres"": 980.0325, ""meas_profile"": ""HP-8"", ""meas_id"": 8, ""hum"": 34.91368, ""gas_res"": 8683.854}, {""temp"": 23.81309, ""step"": 3, ""status"": 1, ""pres"": 980.1775, ""meas_profile"": ""HP-7"", ""meas_id"": 7, ""hum"": 34.8097, ""gas_res"": 10262.99}, {""temp"": 23.90658, ""step"": 3, ""status"": 1, ""pres"": 980.3185, ""meas_profile"": ""HP-6"", ""meas_id"": 6, ""hum"": 34.66806, ""gas_res"": 24530.47}, {""temp"": 23.81651, ""step"": 3, ""status"": 0, ""pres"": 980.0887, ""meas_profile"": ""HP-5"", ""meas_id"": 5, ""hum"": 34.8607, ""gas_res"": 51706.73}, {""temp"": 23.59116, ""step"": 3, ""status"": 1, ""pres"": 980.2119, ""meas_profile"": ""HP-4"", ""meas_id"": 4, ""hum"": 34.35619, ""gas_res"": 55113.02}, {""temp"": 23.74094, ""step"": 3, ""status"": 1, ""pres"": 979.7773, ""meas_profile"": ""HP-3"", ""meas_id"": 3, ""hum"": 34.82535, ""gas_res"": 34678.95}, {""temp"": 23.66062, ""step"": 3, ""status"": 1, ""pres"": 979.8993, ""meas_profile"": ""HP-2"", ""meas_id"": 2, ""hum"": 35.08533, ""gas_res"": 51179.53}, {""temp"": 23.4329, ""step"": 3, ""status"": 0, ""pres"": 980.0683, ""meas_profile"": ""HP-1"", ""meas_id"": 1, ""hum"": 34.74353, ""gas_res"": 34820.46}]}",NULL,"2025-10-29 09:48:20.375458"
14288,"04a600b9b0b8","2025-10-29 09:47:17","wBoEN1rrgggNQo8LANjn","{""bme688"": [{""temp"": 23.83272, ""step"": 2, ""status"": 1, ""pres"": 980.0338, ""meas_profile"": ""HP-8"", ""meas_id"": 8, ""hum"": 34.90215, ""gas_res"": 31272.9}, {""temp"": 23.81278, ""step"": 2, ""status"": 1, ""pres"": 980.1769, ""meas_profile"": ""HP-7"", ""meas_id"": 7, ""hum"": 34.80398, ""gas_res"": 41290.32}, {""temp"": 23.90596, ""step"": 2, ""status"": 1, ""pres"": 980.3192, ""meas_profile"": ""HP-6"", ""meas_id"": 6, ""hum"": 34.67953, ""gas_res"": 157393.2}, {""temp"": 23.8162, ""step"": 2, ""status"": 1, ""pres"": 980.09, ""meas_profile"": ""HP-5"", ""meas_id"": 5, ""hum"": 34.86638, ""gas_res"": 442046.2}, {""temp"": 23.59085, ""step"": 2, ""status"": 1, ""pres"": 980.213, ""meas_profile"": ""HP-4"", ""meas_id"": 4, ""hum"": 34.36769, ""gas_res"": 560328.3}, {""temp"": 23.74063, ""step"": 2, ""status"": 1, ""pres"": 979.7784, ""meas_profile"": ""HP-3"", ""meas_id"": 3, ""hum"": 34.84263, ""gas_res"": 252030.5}, {""temp"": 23.66031, ""step"": 2, ""status"": 1, ""pres"": 979.9006, ""meas_profile"": ""HP-2"", ""meas_id"": 2, ""hum"": 35.10243, ""gas_res"": 429530.2}, {""temp"": 23.43228, ""step"": 2, ""status"": 1, ""pres"": 980.0692, ""meas_profile"": ""HP-1"", ""meas_id"": 1, ""hum"": 34.74347, ""gas_res"": 338512.4}]}",NULL,"2025-10-29 09:48:21.842176"
14289,"04a600b9b0b8","2025-10-29 09:47:17","wBoEN1rrgggNQo8LANjn","{""bme688"": [{""temp"": 23.8321, ""step"": 1, ""status"": 1, ""pres"": 980.0328, ""meas_profile"": ""HP-8"", ""meas_id"": 8, ""hum"": 34.9251, ""gas_res"": 8357.273}, {""temp"": 23.81278, ""step"": 1, ""status"": 1, ""pres"": 980.1786, ""meas_profile"": ""HP-7"", ""meas_id"": 7, ""hum"": 34.84379, ""gas_res"": 9855.251}, {""temp"": 23.90596, ""step"": 1, ""status"": 1, ""pres"": 980.3192, ""meas_profile"": ""HP-6"", ""meas_id"": 6, ""hum"": 34.67953, ""gas_res"": 25000.0}, {""temp"": 23.8162, ""step"": 1, ""status"": 1, ""pres"": 980.09, ""meas_profile"": ""HP-5"", ""meas_id"": 5, ""hum"": 34.86068, ""gas_res"": 40777.32}, {""temp"": 23.59085, ""step"": 1, ""status"": 1, ""pres"": 980.213, ""meas_profile"": ""HP-4"", ""meas_id"": 4, ""hum"": 34.36769, ""gas_res"": 39714.55}, {""temp"": 23.74063, ""step"": 1, ""status"": 1, ""pres"": 979.7784, ""meas_profile"": ""HP-3"", ""meas_id"": 3, ""hum"": 34.85417, ""gas_res"": 25000.0}, {""temp"": 23.66031, ""step"": 1, ""status"": 1, ""pres"": 979.9006, ""meas_profile"": ""HP-2"", ""meas_id"": 2, ""hum"": 35.10814, ""gas_res"": 32536.86}, {""temp"": 23.43228, ""step"": 1, ""status"": 1, ""pres"": 980.0709, ""meas_profile"": ""HP-1"", ""meas_id"": 1, ""hum"": 34.75528, ""gas_res"": 24196.6}]}",NULL,"2025-10-29 09:48:22.944062"
14290,"04a600b9b0b8","2025-10-29 09:47:17","wBoEN1rrgggNQo8LANjn","{""bme688"": [{""temp"": 23.83149, ""step"": 0, ""status"": 1, ""pres"": 980.0334, ""meas_profile"": ""HP-8"", ""meas_id"": 8, ""hum"": 34.92503, ""gas_res"": 5684.846}, {""temp"": 23.81216, ""step"": 0, ""status"": 1, ""pres"": 980.1793, ""meas_profile"": ""HP-7"", ""meas_id"": 7, ""hum"": 34.82667, ""gas_res"": 6025.23}, {""temp"": 23.90596, ""step"": 0, ""status"": 1, ""pres"": 980.3209, ""meas_profile"": ""HP-6"", ""meas_id"": 6, ""hum"": 34.668, ""gas_res"": 8337.676}, {""temp"": 23.8162, ""step"": 0, ""status"": 1, ""pres"": 980.0917, ""meas_profile"": ""HP-5"", ""meas_id"": 5, ""hum"": 34.86638, ""gas_res"": 25000.0}, {""temp"": 23.59085, ""step"": 0, ""status"": 1, ""pres"": 980.2146, ""meas_profile"": ""HP-4"", ""meas_id"": 4, ""hum"": 34.37923, ""gas_res"": 25000.0}, {""temp"": 23.74032, ""step"": 0, ""status"": 1, ""pres"": 979.7779, ""meas_profile"": ""HP-3"", ""meas_id"": 3, ""hum"": 34.83683, ""gas_res"": 6122.059}, {""temp"": 23.66031, ""step"": 0, ""status"": 1, ""pres"": 979.9023, ""meas_profile"": ""HP-2"", ""meas_id"": 2, ""hum"": 35.10243, ""gas_res"": 7766.99}, {""temp"": 23.43196, ""step"": 0, ""status"": 1, ""pres"": 980.0705, ""meas_profile"": ""HP-1"", ""meas_id"": 1, ""hum"": 34.74934, ""gas_res"": 6276.971}]}",NULL,"2025-10-29 09:48:24.216712"
14291,"04a600b9b0b8","2025-10-29 09:46:51","wBoEN1rrgggNQo8LANjn","{""zphs01b"": {""voc"": 0, ""temp"": 21.2, ""pm2_5"": 0, ""pm1_0"": 0, ""pm10"": 298, ""o3"": 0.03, ""no2"": 10.0, ""hum"": 0, ""fmhd"": 0, ""co2"": 5000, ""co"": 0.0}, ""smell_b"": {}, ""sfa30"": {""temp"": 23.835, ""hum"": 37.22, ""fmhd"": 0.8}, ""sen5x"": {""voc"": 93.0, ""temp"": 23.93, ""pm4_0"": 4508.6, ""pm2_5"": 4508.6, ""pm1_0"": 4299.2, ""pm10"": 4508.6, ""nox"": 1.0, ""mass_c"": 4456.25, ""hum"": 41.99}, ""scd41"": {""temp"": 23.01595, ""hum"": 45.99222, ""co2"": 603}, ""power_source"": 0, ""mics6814"": {""red_res"": 0, ""no2_res"": 0, ""no2"": 0.17, ""nh3_res"": 0, ""nh3"": 0.73, ""co_res"": 0, ""co"": 44.0}}",NULL,"2025-10-29 09:48:25.393187"
14292,"04a600b9b0b8","2025-10-29 09:46:51","wBoEN1rrgggNQo8LANjn","{""bme688"": [{""temp"": 23.83087, ""step"": 9, ""status"": 1, ""pres"": 980.0324, ""meas_profile"": ""HP-8"", ""meas_id"": 8, ""hum"": 34.90197, ""gas_res"": 5684.846}, {""temp"": 23.81153, ""step"": 9, ""status"": 1, ""pres"": 980.1799, ""meas_profile"": ""HP-7"", ""meas_id"": 7, ""hum"": 34.80386, ""gas_res"": 5684.846}, {""temp"": 23.90565, ""step"": 9, ""status"": 1, ""pres"": 980.3205, ""meas_profile"": ""HP-6"", ""meas_id"": 6, ""hum"": 34.65644, ""gas_res"": 7123.775}, {""temp"": 23.8162, ""step"": 9, ""status"": 1, ""pres"": 980.0917, ""meas_profile"": ""HP-5"", ""meas_id"": 5, ""hum"": 34.83789, ""gas_res"": 25000.0}, {""temp"": 23.59085, ""step"": 9, ""status"": 1, ""pres"": 980.2146, ""meas_profile"": ""HP-4"", ""meas_id"": 4, ""hum"": 34.33886, ""gas_res"": 22808.27}, {""temp"": 23.74001, ""step"": 9, ""status"": 1, ""pres"": 979.7791, ""meas_profile"": ""HP-3"", ""meas_id"": 3, ""hum"": 34.80796, ""gas_res"": 8196.722}, {""temp"": 23.66, ""step"": 9, ""status"": 1, ""pres"": 979.9018, ""meas_profile"": ""HP-2"", ""meas_id"": 2, ""hum"": 35.09098, ""gas_res"": 7034.513}, {""temp"": 23.43165, ""step"": 9, ""status"": 1, ""pres"": 980.0717, ""meas_profile"": ""HP-1"", ""meas_id"": 1, ""hum"": 34.73751, ""gas_res"": 7766.99}]}",NULL,"2025-10-29 09:48:26.962461"
14293,"04a600b9b0b8","2025-10-29 09:46:51","wBoEN1rrgggNQo8LANjn","{""bme688"": [{""temp"": 23.82994, ""step"": 8, ""status"": 1, ""pres"": 980.031, ""meas_profile"": ""HP-8"", ""meas_id"": 8, ""hum"": 34.88464, ""gas_res"": 5684.846}, {""temp"": 23.81122, ""step"": 8, ""status"": 1, ""pres"": 980.1794, ""meas_profile"": ""HP-7"", ""meas_id"": 7, ""hum"": 34.79247, ""gas_res"": 5684.846}, {""temp"": 23.90565, ""step"": 8, ""status"": 1, ""pres"": 980.3205, ""meas_profile"": ""HP-6"", ""meas_id"": 6, ""hum"": 34.65644, ""gas_res"": 7385.184}, {""temp"": 23.81589, ""step"": 8, ""status"": 1, ""pres"": 980.0912, ""meas_profile"": ""HP-5"", ""meas_id"": 5, ""hum"": 34.84925, ""gas_res"": 25000.0}, {""temp"": 23.59085, ""step"": 8, ""status"": 1, ""pres"": 980.2162, ""meas_profile"": ""HP-4"", ""meas_id"": 4, ""hum"": 34.3331, ""gas_res"": 22881.66}, {""temp"": 23.7397, ""step"": 8, ""status"": 1, ""pres"": 979.7786, ""meas_profile"": ""HP-3"", ""meas_id"": 3, ""hum"": 34.81947, ""gas_res"": 7716.421}, {""temp"": 23.66, ""step"": 8, ""status"": 1, ""pres"": 979.9018, ""meas_profile"": ""HP-2"", ""meas_id"": 2, ""hum"": 35.1081, ""gas_res"": 7053.119}, {""temp"": 23.43103, ""step"": 8, ""status"": 1, ""pres"": 980.0726, ""meas_profile"": ""HP-1"", ""meas_id"": 1, ""hum"": 34.73745, ""gas_res"": 7952.286}]}",NULL,"2025-10-29 09:48:28.056182"
14294,"04a600b9b0b8","2025-10-29 09:46:51","wBoEN1rrgggNQo8LANjn","{""bme688"": [{""temp"": 23.82932, ""step"": 7, ""status"": 1, ""pres"": 980.032, ""meas_profile"": ""HP-8"", ""meas_id"": 8, ""hum"": 34.88458, ""gas_res"": 5684.846}, {""temp"": 23.8106, ""step"": 7, ""status"": 1, ""pres"": 980.1801, ""meas_profile"": ""HP-7"", ""meas_id"": 7, ""hum"": 34.79808, ""gas_res"": 5684.846}, {""temp"": 23.90535, ""step"": 7, ""status"": 1, ""pres"": 980.3217, ""meas_profile"": ""HP-6"", ""meas_id"": 6, ""hum"": 34.63912, ""gas_res"": 7590.133}, {""temp"": 23.81589, ""step"": 7, ""status"": 1, ""pres"": 980.0928, ""meas_profile"": ""HP-5"", ""meas_id"": 5, ""hum"": 34.82646, ""gas_res"": 25000.0}, {""temp"": 23.59085, ""step"": 7, ""status"": 1, ""pres"": 980.2162, ""meas_profile"": ""HP-4"", ""meas_id"": 4, ""hum"": 34.32733, ""gas_res"": 21717.0}, {""temp"": 23.73939, ""step"": 7, ""status"": 1, ""pres"": 979.7797, ""meas_profile"": ""HP-3"", ""meas_id"": 3, ""hum"": 34.8079, ""gas_res"": 7395.424}, {""temp"": 23.66, ""step"": 7, ""status"": 1, ""pres"": 979.9035, ""meas_profile"": ""HP-2"", ""meas_id"": 2, ""hum"": 35.06245, ""gas_res"": 6974.717}, {""temp"": 23.43072, ""step"": 7, ""status"": 1, ""pres"": 980.074, ""meas_profile"": ""HP-1"", ""meas_id"": 1, ""hum"": 34.73152, ""gas_res"": 7818.226}]}",NULL,"2025-10-29 09:48:29.340556"
14295,"04a600b9b0b8","2025-10-29 09:46:51","wBoEN1rrgggNQo8LANjn","{""bme688"": [{""temp"": 23.82901, ""step"": 6, ""status"": 1, ""pres"": 980.0313, ""meas_profile"": ""HP-8"", ""meas_id"": 8, ""hum"": 34.8903, ""gas_res"": 14967.26}, {""temp"": 23.81029, ""step"": 6, ""status"": 1, ""pres"": 980.1795, ""meas_profile"": ""HP-7"", ""meas_id"": 7, ""hum"": 34.78101, ""gas_res"": 18166.34}, {""temp"": 23.90535, ""step"": 6, ""status"": 1, ""pres"": 980.3234, ""meas_profile"": ""HP-6"", ""meas_id"": 6, ""hum"": 34.65065, ""gas_res"": 34963.13}, {""temp"": 23.81589, ""step"": 6, ""status"": 1, ""pres"": 980.0928, ""meas_profile"": ""HP-5"", ""meas_id"": 5, ""hum"": 34.83216, ""gas_res"": 121701.9}, {""temp"": 23.59054, ""step"": 6, ""status"": 1, ""pres"": 980.2176, ""meas_profile"": ""HP-4"", ""meas_id"": 4, ""hum"": 34.3273, ""gas_res"": 128578.6}, {""temp"": 23.73939, ""step"": 6, ""status"": 1, ""pres"": 979.7797, ""meas_profile"": ""HP-3"", ""meas_id"": 3, ""hum"": 34.81944, ""gas_res"": 43126.68}, {""temp"": 23.65969, ""step"": 6, ""status"": 1, ""pres"": 979.9031, ""meas_profile"": ""HP-2"", ""meas_id"": 2, ""hum"": 35.09095, ""gas_res"": 100000.0}, {""temp"": 23.43072, ""step"": 6, ""status"": 1, ""pres"": 980.074, ""meas_profile"": ""HP-1"", ""meas_id"": 1, ""hum"": 34.73742, ""gas_res"": 87134.1}]}",NULL,"2025-10-29 09:48:30.615173"
14296,"04a600b9b0b8","2025-10-29 09:46:51","wBoEN1rrgggNQo8LANjn","{""bme688"": [{""temp"": 23.8284, ""step"": 5, ""status"": 1, ""pres"": 980.0321, ""meas_profile"": ""HP-8"", ""meas_id"": 8, ""hum"": 34.87874, ""gas_res"": 14852.63}, {""temp"": 23.80998, ""step"": 5, ""status"": 1, ""pres"": 980.1808, ""meas_profile"": ""HP-7"", ""meas_id"": 7, ""hum"": 34.79802, ""gas_res"": 18028.17}, {""temp"": 23.90535, ""step"": 5, ""status"": 1, ""pres"": 980.3234, ""meas_profile"": ""HP-6"", ""meas_id"": 6, ""hum"": 34.65065, ""gas_res"": 34707.16}, {""temp"": 23.81557, ""step"": 5, ""status"": 1, ""pres"": 980.094, ""meas_profile"": ""HP-5"", ""meas_id"": 5, ""hum"": 34.82643, ""gas_res"": 120754.7}, {""temp"": 23.59023, ""step"": 5, ""status"": 1, ""pres"": 980.2187, ""meas_profile"": ""HP-4"", ""meas_id"": 4, ""hum"": 34.34457, ""gas_res"": 126576.0}, {""temp"": 23.73908, ""step"": 5, ""status"": 1, ""pres"": 979.7809, ""meas_profile"": ""HP-3"", ""meas_id"": 3, ""hum"": 34.80787, ""gas_res"": 40855.41}, {""temp"": 23.65969, ""step"": 5, ""status"": 1, ""pres"": 979.9047, ""meas_profile"": ""HP-2"", ""meas_id"": 2, ""hum"": 35.09095, ""gas_res"": 100000.0}, {""temp"": 23.4301, ""step"": 5, ""status"": 1, ""pres"": 980.0748, ""meas_profile"": ""HP-1"", ""meas_id"": 1, ""hum"": 34.74326, ""gas_res"": 81399.05}]}",NULL,"2025-10-29 09:48:32.082393"
14297,"04a600b9b0b8","2025-10-29 09:46:51","wBoEN1rrgggNQo8LANjn","{""bme688"": [{""temp"": 23.82809, ""step"": 4, ""status"": 1, ""pres"": 980.0316, ""meas_profile"": ""HP-8"", ""meas_id"": 8, ""hum"": 34.88445, ""gas_res"": 14729.57}, {""temp"": 23.80967, ""step"": 4, ""status"": 1, ""pres"": 980.1819, ""meas_profile"": ""HP-7"", ""meas_id"": 7, ""hum"": 34.78663, ""gas_res"": 17802.5}, {""temp"": 23.90504, ""step"": 4, ""status"": 1, ""pres"": 980.323, ""meas_profile"": ""HP-6"", ""meas_id"": 6, ""hum"": 34.65639, ""gas_res"": 34650.79}, {""temp"": 23.81526, ""step"": 4, ""status"": 1, ""pres"": 980.0953, ""meas_profile"": ""HP-5"", ""meas_id"": 5, ""hum"": 34.8435, ""gas_res"": 120925.8}, {""temp"": 23.58992, ""step"": 4, ""status"": 1, ""pres"": 980.2183, ""meas_profile"": ""HP-4"", ""meas_id"": 4, ""hum"": 34.333, ""gas_res"": 126295.0}, {""temp"": 23.73908, ""step"": 4, ""status"": 1, ""pres"": 979.7827, ""meas_profile"": ""HP-3"", ""meas_id"": 3, ""hum"": 34.8194, ""gas_res"": 38635.68}, {""temp"": 23.65938, ""step"": 4, ""status"": 1, ""pres"": 979.9059, ""meas_profile"": ""HP-2"", ""meas_id"": 2, ""hum"": 35.10234, ""gas_res"": 100000.0}, {""temp"": 23.4301, ""step"": 4, ""status"": 1, ""pres"": 980.0748, ""meas_profile"": ""HP-1"", ""meas_id"": 1, ""hum"": 34.74917, ""gas_res"": 45567.82}]}",NULL,"2025-10-29 09:48:33.212453"
14298,"04a600b9b0b8","2025-10-29 09:46:51","wBoEN1rrgggNQo8LANjn","{""bme688"": [{""temp"": 23.82747, ""step"": 3, ""status"": 1, ""pres"": 980.0325, ""meas_profile"": ""HP-8"", ""meas_id"": 8, ""hum"": 34.8959, ""gas_res"": 12209.08}, {""temp"": 23.80905, ""step"": 3, ""status"": 1, ""pres"": 980.1808, ""meas_profile"": ""HP-7"", ""meas_id"": 7, ""hum"": 34.80931, ""gas_res"": 14041.25}, {""temp"": 23.90473, ""step"": 3, ""status"": 1, ""pres"": 980.324, ""meas_profile"": ""HP-6"", ""meas_id"": 6, ""hum"": 34.64483, ""gas_res"": 31295.84}, {""temp"": 23.81464, ""step"": 3, ""status"": 1, ""pres"": 980.0941, ""meas_profile"": ""HP-5"", ""meas_id"": 5, ""hum"": 34.83773, ""gas_res"": 59911.07}, {""temp"": 23.58961, ""step"": 3, ""status"": 1, ""pres"": 980.2193, ""meas_profile"": ""HP-4"", ""meas_id"": 4, ""hum"": 34.34451, ""gas_res"": 81867.6}, {""temp"": 23.73877, ""step"": 3, ""status"": 1, ""pres"": 979.7821, ""meas_profile"": ""HP-3"", ""meas_id"": 3, ""hum"": 34.83092, ""gas_res"": 41012.5}, {""temp"": 23.65907, ""step"": 3, ""status"": 1, ""pres"": 979.9055, ""meas_profile"": ""HP-2"", ""meas_id"": 2, ""hum"": 35.10801, ""gas_res"": 64000.0}, {""temp"": 23.42978, ""step"": 3, ""status"": 1, ""pres"": 980.0762, ""meas_profile"": ""HP-1"", ""meas_id"": 1, ""hum"": 34.74914, ""gas_res"": 50393.7}]}",NULL,"2025-10-29 09:48:34.461584"
14299,"04a600b9b0b8","2025-10-29 09:46:51","wBoEN1rrgggNQo8LANjn","{""bme688"": [{""temp"": 23.82716, ""step"": 2, ""status"": 1, ""pres"": 980.032, ""meas_profile"": ""HP-8"", ""meas_id"": 8, ""hum"": 34.90162, ""gas_res"": 32661.39}, {""temp"": 23.80874, ""step"": 2, ""status"": 1, ""pres"": 980.1802, ""meas_profile"": ""HP-7"", ""meas_id"": 7, ""hum"": 34.8036, ""gas_res"": 41330.32}, {""temp"": 23.90442, ""step"": 2, ""status"": 1, ""pres"": 980.3236, ""meas_profile"": ""HP-6"", ""meas_id"": 6, ""hum"": 34.66209, ""gas_res"": 144837.3}, {""temp"": 23.81432, ""step"": 2, ""status"": 1, ""pres"": 980.0935, ""meas_profile"": ""HP-5"", ""meas_id"": 5, ""hum"": 34.8548, ""gas_res"": 390243.9}, {""temp"": 23.5893, ""step"": 2, ""status"": 1, ""pres"": 980.2188, ""meas_profile"": ""HP-4"", ""meas_id"": 4, ""hum"": 34.34447, ""gas_res"": 463034.1}, {""temp"": 23.73846, ""step"": 2, ""status"": 1, ""pres"": 979.7832, ""meas_profile"": ""HP-3"", ""meas_id"": 3, ""hum"": 34.81934, ""gas_res"": 196923.1}, {""temp"": 23.65875, ""step"": 2, ""status"": 1, ""pres"": 979.9064, ""meas_profile"": ""HP-2"", ""meas_id"": 2, ""hum"": 35.09087, ""gas_res"": 336178.6}, {""temp"": 23.42916, ""step"": 2, ""status"": 1, ""pres"": 980.0751, ""meas_profile"": ""HP-1"", ""meas_id"": 1, ""hum"": 34.75499, ""gas_res"": 251473.5}]}",NULL,"2025-10-29 09:48:35.735554"
14300,"04a600b9b0b8","2025-10-29 09:46:51","wBoEN1rrgggNQo8LANjn","{""bme688"": [{""temp"": 23.82654, ""step"": 1, ""status"": 1, ""pres"": 980.0311, ""meas_profile"": ""HP-8"", ""meas_id"": 8, ""hum"": 34.90732, ""gas_res"": 8337.676}, {""temp"": 23.80874, ""step"": 1, ""status"": 1, ""pres"": 980.1819, ""meas_profile"": ""HP-7"", ""meas_id"": 7, ""hum"": 34.8036, ""gas_res"": 9461.856}, {""temp"": 23.90442, ""step"": 1, ""status"": 1, ""pres"": 980.3236, ""meas_profile"": ""HP-6"", ""meas_id"": 6, ""hum"": 34.65633, ""gas_res"": 25000.0}, {""temp"": 23.81464, ""step"": 1, ""status"": 1, ""pres"": 980.0958, ""meas_profile"": ""HP-5"", ""meas_id"": 5, ""hum"": 34.83204, ""gas_res"": 34510.65}, {""temp"": 23.5893, ""step"": 1, ""status"": 1, ""pres"": 980.2205, ""meas_profile"": ""HP-4"", ""meas_id"": 4, ""hum"": 34.35601, ""gas_res"": 31928.16}, {""temp"": 23.73846, ""step"": 1, ""status"": 1, ""pres"": 979.7832, ""meas_profile"": ""HP-3"", ""meas_id"": 3, ""hum"": 34.82512, ""gas_res"": 25000.0}, {""temp"": 23.65875, ""step"": 1, ""status"": 1, ""pres"": 979.9081, ""meas_profile"": ""HP-2"", ""meas_id"": 2, ""hum"": 35.10799, ""gas_res"": 25019.55}, {""temp"": 23.42916, ""step"": 1, ""status"": 1, ""pres"": 980.077, ""meas_profile"": ""HP-1"", ""meas_id"": 1, ""hum"": 34.76089, ""gas_res"": 25000.0}]}",NULL,"2025-10-29 09:48:37.202651"
14301,"04a600b9b0b8","2025-10-29 09:46:51","wBoEN1rrgggNQo8LANjn","{""bme688"": [{""temp"": 23.82593, ""step"": 0, ""status"": 1, ""pres"": 980.0319, ""meas_profile"": ""HP-8"", ""meas_id"": 8, ""hum"": 34.9015, ""gas_res"": 5684.846}, {""temp"": 23.80843, ""step"": 0, ""status"": 1, ""pres"": 980.1831, ""meas_profile"": ""HP-7"", ""meas_id"": 7, ""hum"": 34.80357, ""gas_res"": 6021.829}, {""temp"": 23.90442, ""step"": 0, ""status"": 1, ""pres"": 980.3253, ""meas_profile"": ""HP-6"", ""meas_id"": 6, ""hum"": 34.65633, ""gas_res"": 7750.061}, {""temp"": 23.81464, ""step"": 0, ""status"": 1, ""pres"": 980.0958, ""meas_profile"": ""HP-5"", ""meas_id"": 5, ""hum"": 34.84913, ""gas_res"": 25000.0}, {""temp"": 23.58961, ""step"": 0, ""status"": 1, ""pres"": 980.2209, ""meas_profile"": ""HP-4"", ""meas_id"": 4, ""hum"": 34.33297, ""gas_res"": 21094.27}, {""temp"": 23.73816, ""step"": 0, ""status"": 1, ""pres"": 979.7844, ""meas_profile"": ""HP-3"", ""meas_id"": 3, ""hum"": 34.83086, ""gas_res"": 7053.119}, {""temp"": 23.65844, ""step"": 0, ""status"": 1, ""pres"": 979.9076, ""meas_profile"": ""HP-2"", ""meas_id"": 2, ""hum"": 35.09655, ""gas_res"": 6317.868}, {""temp"": 23.42885, ""step"": 0, ""status"": 1, ""pres"": 980.0782, ""meas_profile"": ""HP-1"", ""meas_id"": 1, ""hum"": 34.76086, ""gas_res"": 7259.528}]}",NULL,"2025-10-29 09:48:38.297835"
14302,"04a600b9b0b8","2025-10-29 09:48:47","wBoEN1rrgggNQo8LANjn","{""zphs01b"": {""voc"": 0, ""temp"": 21.5, ""pm2_5"": 0, ""pm1_0"": 0, ""pm10"": 307, ""o3"": 0.03, ""no2"": 10.0, ""hum"": 0, ""fmhd"": 0, ""co2"": 5000, ""co"": 0.0}, ""smell_b"": {}, ""sfa30"": {""temp"": 23.875, ""hum"": 37.17, ""fmhd"": 3.2}, ""sen5x"": {""voc"": 105.0, ""temp"": 23.795, ""pm4_0"": 4437.4, ""pm2_5"": 4437.4, ""pm1_0"": 4231.3, ""pm10"": 4437.4, ""nox"": 1.0, ""mass_c"": 4385.875, ""hum"": 42.53}, ""scd41"": {""temp"": 23.26696, ""hum"": 45.97543, ""co2"": 605}, ""power_source"": 0, ""mics6814"": {""red_res"": 0, ""no2_res"": 0, ""no2"": 0.17, ""nh3_res"": 0, ""nh3"": 0.73, ""co_res"": 0, ""co"": 44.0}}",NULL,"2025-10-29 09:49:40.962074"
14303,"04a600b9b0b8","2025-10-29 09:48:47","wBoEN1rrgggNQo8LANjn","{""bme688"": [{""temp"": 23.85218, ""step"": 9, ""status"": 1, ""pres"": 980.0311, ""meas_profile"": ""HP-8"", ""meas_id"": 8, ""hum"": 34.85225, ""gas_res"": 5684.846}, {""temp"": 23.82955, ""step"": 9, ""status"": 1, ""pres"": 980.166, ""meas_profile"": ""HP-7"", ""meas_id"": 7, ""hum"": 34.7601, ""gas_res"": 5944.641}, {""temp"": 23.91584, ""step"": 9, ""status"": 1, ""pres"": 980.3058, ""meas_profile"": ""HP-6"", ""meas_id"": 6, ""hum"": 34.59977, ""gas_res"": 8146.64}, {""temp"": 23.82589, ""step"": 9, ""status"": 1, ""pres"": 980.0687, ""meas_profile"": ""HP-5"", ""meas_id"": 5, ""hum"": 34.81033, ""gas_res"": 25000.0}, {""temp"": 23.598, ""step"": 9, ""status"": 1, ""pres"": 980.1948, ""meas_profile"": ""HP-4"", ""meas_id"": 4, ""hum"": 34.32223, ""gas_res"": 25000.0}, {""temp"": 23.74929, ""step"": 9, ""status"": 1, ""pres"": 979.7639, ""meas_profile"": ""HP-3"", ""meas_id"": 3, ""hum"": 34.81461, ""gas_res"": 6924.908}, {""temp"": 23.66962, ""step"": 9, ""status"": 1, ""pres"": 979.8872, ""meas_profile"": ""HP-2"", ""meas_id"": 2, ""hum"": 35.05767, ""gas_res"": 8634.646}, {""temp"": 23.44223, ""step"": 9, ""status"": 1, ""pres"": 980.0483, ""meas_profile"": ""HP-1"", ""meas_id"": 1, ""hum"": 34.67358, ""gas_res"": 6455.518}]}",NULL,"2025-10-29 09:49:42.296186"
14304,"04a600b9b0b8","2025-10-29 09:48:47","wBoEN1rrgggNQo8LANjn","{""bme688"": [{""temp"": 23.85125, ""step"": 8, ""status"": 1, ""pres"": 980.0295, ""meas_profile"": ""HP-8"", ""meas_id"": 8, ""hum"": 34.83492, ""gas_res"": 5684.846}, {""temp"": 23.82892, ""step"": 8, ""status"": 1, ""pres"": 980.1666, ""meas_profile"": ""HP-7"", ""meas_id"": 7, ""hum"": 34.74298, ""gas_res"": 5941.33}, {""temp"": 23.91553, ""step"": 8, ""status"": 1, ""pres"": 980.307, ""meas_profile"": ""HP-6"", ""meas_id"": 6, ""hum"": 34.60551, ""gas_res"": 8409.987}, {""temp"": 23.82558, ""step"": 8, ""status"": 1, ""pres"": 980.0699, ""meas_profile"": ""HP-5"", ""meas_id"": 5, ""hum"": 34.80459, ""gas_res"": 25000.0}, {""temp"": 23.598, ""step"": 8, ""status"": 1, ""pres"": 980.1948, ""meas_profile"": ""HP-4"", ""meas_id"": 4, ""hum"": 34.3107, ""gas_res"": 25000.0}, {""temp"": 23.74898, ""step"": 8, ""status"": 1, ""pres"": 979.7633, ""meas_profile"": ""HP-3"", ""meas_id"": 3, ""hum"": 34.79727, ""gas_res"": 6550.666}, {""temp"": 23.669, ""step"": 8, ""status"": 1, ""pres"": 979.8879, ""meas_profile"": ""HP-2"", ""meas_id"": 2, ""hum"": 35.0462, ""gas_res"": 8740.781}, {""temp"": 23.44193, ""step"": 8, ""status"": 1, ""pres"": 980.0497, ""meas_profile"": ""HP-1"", ""meas_id"": 1, ""hum"": 34.67356, ""gas_res"": 6775.354}]}",NULL,"2025-10-29 09:49:43.763459"
14305,"04a600b9b0b8","2025-10-29 09:48:47","wBoEN1rrgggNQo8LANjn","{""bme688"": [{""temp"": 23.85033, ""step"": 7, ""status"": 1, ""pres"": 980.0299, ""meas_profile"": ""HP-8"", ""meas_id"": 8, ""hum"": 34.80034, ""gas_res"": 5684.846}, {""temp"": 23.8283, ""step"": 7, ""status"": 1, ""pres"": 980.1671, ""meas_profile"": ""HP-7"", ""meas_id"": 7, ""hum"": 34.73156, ""gas_res"": 6045.721}, {""temp"": 23.91523, ""step"": 7, ""status"": 1, ""pres"": 980.3066, ""meas_profile"": ""HP-6"", ""meas_id"": 6, ""hum"": 34.57091, ""gas_res"": 8733.624}, {""temp"": 23.82527, ""step"": 7, ""status"": 1, ""pres"": 980.0695, ""meas_profile"": ""HP-5"", ""meas_id"": 5, ""hum"": 34.78178, ""gas_res"": 25000.0}, {""temp"": 23.59768, ""step"": 7, ""status"": 1, ""pres"": 980.1959, ""meas_profile"": ""HP-4"", ""meas_id"": 4, ""hum"": 34.30491, ""gas_res"": 25000.0}, {""temp"": 23.74836, ""step"": 7, ""status"": 1, ""pres"": 979.7642, ""meas_profile"": ""HP-3"", ""meas_id"": 3, ""hum"": 34.80875, ""gas_res"": 6702.975}, {""temp"": 23.66869, ""step"": 7, ""status"": 1, ""pres"": 979.8873, ""meas_profile"": ""HP-2"", ""meas_id"": 2, ""hum"": 35.05187, ""gas_res"": 8953.554}, {""temp"": 23.44161, ""step"": 7, ""status"": 1, ""pres"": 980.0511, ""meas_profile"": ""HP-1"", ""meas_id"": 1, ""hum"": 34.67353, ""gas_res"": 6974.717}]}",NULL,"2025-10-29 09:49:44.857332"
14306,"04a600b9b0b8","2025-10-29 09:48:47","wBoEN1rrgggNQo8LANjn","{""bme688"": [{""temp"": 23.84971, ""step"": 6, ""status"": 1, ""pres"": 980.0305, ""meas_profile"": ""HP-8"", ""meas_id"": 8, ""hum"": 34.80603, ""gas_res"": 15857.28}, {""temp"": 23.82768, ""step"": 6, ""status"": 1, ""pres"": 980.1663, ""meas_profile"": ""HP-7"", ""meas_id"": 7, ""hum"": 34.72013, ""gas_res"": 19912.88}, {""temp"": 23.91492, ""step"": 6, ""status"": 1, ""pres"": 980.308, ""meas_profile"": ""HP-6"", ""meas_id"": 6, ""hum"": 34.55936, ""gas_res"": 40544.82}, {""temp"": 23.82495, ""step"": 6, ""status"": 1, ""pres"": 980.0707, ""meas_profile"": ""HP-5"", ""meas_id"": 5, ""hum"": 34.78745, ""gas_res"": 147720.7}, {""temp"": 23.59737, ""step"": 6, ""status"": 1, ""pres"": 980.1971, ""meas_profile"": ""HP-4"", ""meas_id"": 4, ""hum"": 34.29335, ""gas_res"": 158268.9}, {""temp"": 23.74836, ""step"": 6, ""status"": 1, ""pres"": 979.7658, ""meas_profile"": ""HP-3"", ""meas_id"": 3, ""hum"": 34.79145, ""gas_res"": 100000.0}, {""temp"": 23.66807, ""step"": 6, ""status"": 1, ""pres"": 979.8879, ""meas_profile"": ""HP-2"", ""meas_id"": 2, ""hum"": 35.0347, ""gas_res"": 118655.9}, {""temp"": 23.44099, ""step"": 6, ""status"": 1, ""pres"": 980.05, ""meas_profile"": ""HP-1"", ""meas_id"": 1, ""hum"": 34.67937, ""gas_res"": 95326.76}]}",NULL,"2025-10-29 09:49:46.137966"
14307,"04a600b9b0b8","2025-10-29 09:48:47","wBoEN1rrgggNQo8LANjn","{""bme688"": [{""temp"": 23.84909, ""step"": 5, ""status"": 1, ""pres"": 980.0295, ""meas_profile"": ""HP-8"", ""meas_id"": 8, ""hum"": 34.80022, ""gas_res"": 15693.97}, {""temp"": 23.82706, ""step"": 5, ""status"": 1, ""pres"": 980.1669, ""meas_profile"": ""HP-7"", ""meas_id"": 7, ""hum"": 34.7144, ""gas_res"": 19601.84}, {""temp"": 23.91461, ""step"": 5, ""status"": 1, ""pres"": 980.3091, ""meas_profile"": ""HP-6"", ""meas_id"": 6, ""hum"": 34.57085, ""gas_res"": 40087.69}, {""temp"": 23.82464, ""step"": 5, ""status"": 1, ""pres"": 980.0717, ""meas_profile"": ""HP-5"", ""meas_id"": 5, ""hum"": 34.74755, ""gas_res"": 147593.0}, {""temp"": 23.59706, ""step"": 5, ""status"": 1, ""pres"": 980.1983, ""meas_profile"": ""HP-4"", ""meas_id"": 4, ""hum"": 34.31061, ""gas_res"": 159900.1}, {""temp"": 23.74805, ""step"": 5, ""status"": 1, ""pres"": 979.7653, ""meas_profile"": ""HP-3"", ""meas_id"": 3, ""hum"": 34.77411, ""gas_res"": 90459.37}, {""temp"": 23.66745, ""step"": 5, ""status"": 1, ""pres"": 979.8889, ""meas_profile"": ""HP-2"", ""meas_id"": 2, ""hum"": 35.02894, ""gas_res"": 115133.8}, {""temp"": 23.44068, ""step"": 5, ""status"": 1, ""pres"": 980.0515, ""meas_profile"": ""HP-1"", ""meas_id"": 1, ""hum"": 34.66753, ""gas_res"": 100000.0}]}",NULL,"2025-10-29 09:49:47.415698"
14308,"04a600b9b0b8","2025-10-29 09:48:47","wBoEN1rrgggNQo8LANjn","{""bme688"": [{""temp"": 23.84816, ""step"": 4, ""status"": 1, ""pres"": 980.0316, ""meas_profile"": ""HP-8"", ""meas_id"": 8, ""hum"": 34.80014, ""gas_res"": 15488.87}, {""temp"": 23.82613, ""step"": 4, ""status"": 1, ""pres"": 980.1671, ""meas_profile"": ""HP-7"", ""meas_id"": 7, ""hum"": 34.70295, ""gas_res"": 19405.7}, {""temp"": 23.9143, ""step"": 4, ""status"": 1, ""pres"": 980.3085, ""meas_profile"": ""HP-6"", ""meas_id"": 6, ""hum"": 34.57658, ""gas_res"": 40163.16}, {""temp"": 23.82433, ""step"": 4, ""status"": 1, ""pres"": 980.0731, ""meas_profile"": ""HP-5"", ""meas_id"": 5, ""hum"": 34.7703, ""gas_res"": 149663.8}, {""temp"": 23.59706, ""step"": 4, ""status"": 1, ""pres"": 980.1983, ""meas_profile"": ""HP-4"", ""meas_id"": 4, ""hum"": 34.31061, ""gas_res"": 161565.2}, {""temp"": 23.74774, ""step"": 4, ""status"": 1, ""pres"": 979.7664, ""meas_profile"": ""HP-3"", ""meas_id"": 3, ""hum"": 34.79139, ""gas_res"": 88033.02}, {""temp"": 23.66714, ""step"": 4, ""status"": 1, ""pres"": 979.8898, ""meas_profile"": ""HP-2"", ""meas_id"": 2, ""hum"": 35.03461, ""gas_res"": 111449.7}, {""temp"": 23.44006, ""step"": 4, ""status"": 1, ""pres"": 980.0524, ""meas_profile"": ""HP-1"", ""meas_id"": 1, ""hum"": 34.66748, ""gas_res"": 100000.0}]}",NULL,"2025-10-29 09:49:48.882171"
14309,"04a600b9b0b8","2025-10-29 09:48:47","wBoEN1rrgggNQo8LANjn","{""bme688"": [{""temp"": 23.84755, ""step"": 3, ""status"": 0, ""pres"": 980.0307, ""meas_profile"": ""HP-8"", ""meas_id"": 8, ""hum"": 34.82882, ""gas_res"": 8298.755}, {""temp"": 23.8252, ""step"": 3, ""status"": 0, ""pres"": 980.1671, ""meas_profile"": ""HP-7"", ""meas_id"": 7, ""hum"": 34.73695, ""gas_res"": 9873.496}, {""temp"": 23.91337, ""step"": 3, ""status"": 0, ""pres"": 980.3088, ""meas_profile"": ""HP-6"", ""meas_id"": 6, ""hum"": 34.59377, ""gas_res"": 21761.31}, {""temp"": 23.8237, ""step"": 3, ""status"": 0, ""pres"": 980.0751, ""meas_profile"": ""HP-5"", ""meas_id"": 5, ""hum"": 34.78733, ""gas_res"": 49004.59}, {""temp"": 23.59644, ""step"": 3, ""status"": 0, ""pres"": 980.1989, ""meas_profile"": ""HP-4"", ""meas_id"": 4, ""hum"": 34.31055, ""gas_res"": 50097.85}, {""temp"": 23.74712, ""step"": 3, ""status"": 0, ""pres"": 979.7671, ""meas_profile"": ""HP-3"", ""meas_id"": 3, ""hum"": 34.80287, ""gas_res"": 31387.94}, {""temp"": 23.66621, ""step"": 3, ""status"": 0, ""pres"": 979.8884, ""meas_profile"": ""HP-2"", ""meas_id"": 2, ""hum"": 35.05734, ""gas_res"": 46410.44}, {""temp"": 23.43943, ""step"": 3, ""status"": 0, ""pres"": 980.0531, ""meas_profile"": ""HP-1"", ""meas_id"": 1, ""hum"": 34.69103, ""gas_res"": 31434.19}]}",NULL,"2025-10-29 09:49:49.977556"
14310,"04a600b9b0b8","2025-10-29 09:48:47","wBoEN1rrgggNQo8LANjn","{""bme688"": [{""temp"": 23.84662, ""step"": 2, ""status"": 1, ""pres"": 980.0309, ""meas_profile"": ""HP-8"", ""meas_id"": 8, ""hum"": 34.80574, ""gas_res"": 27735.64}, {""temp"": 23.82458, ""step"": 2, ""status"": 1, ""pres"": 980.1678, ""meas_profile"": ""HP-7"", ""meas_id"": 7, ""hum"": 34.71416, ""gas_res"": 35995.5}, {""temp"": 23.91275, ""step"": 2, ""status"": 1, ""pres"": 980.3095, ""meas_profile"": ""HP-6"", ""meas_id"": 6, ""hum"": 34.59372, ""gas_res"": 125736.7}, {""temp"": 23.82308, ""step"": 2, ""status"": 1, ""pres"": 980.0759, ""meas_profile"": ""HP-5"", ""meas_id"": 5, ""hum"": 34.78157, ""gas_res"": 346766.0}, {""temp"": 23.59582, ""step"": 2, ""status"": 1, ""pres"": 980.1996, ""meas_profile"": ""HP-4"", ""meas_id"": 4, ""hum"": 34.3105, ""gas_res"": 440904.2}, {""temp"": 23.74681, ""step"": 2, ""status"": 1, ""pres"": 979.7665, ""meas_profile"": ""HP-3"", ""meas_id"": 3, ""hum"": 34.82014, ""gas_res"": 205210.4}, {""temp"": 23.66559, ""step"": 2, ""status"": 1, ""pres"": 979.8892, ""meas_profile"": ""HP-2"", ""meas_id"": 2, ""hum"": 35.05158, ""gas_res"": 358794.7}, {""temp"": 23.43881, ""step"": 2, ""status"": 1, ""pres"": 980.054, ""meas_profile"": ""HP-1"", ""meas_id"": 1, ""hum"": 34.69687, ""gas_res"": 272775.7}]}",NULL,"2025-10-29 09:49:51.259984"
14311,"04a600b9b0b8","2025-10-29 09:48:47","wBoEN1rrgggNQo8LANjn","{""bme688"": [{""temp"": 23.846, ""step"": 1, ""status"": 1, ""pres"": 980.0318, ""meas_profile"": ""HP-8"", ""meas_id"": 8, ""hum"": 34.79993, ""gas_res"": 8690.929}, {""temp"": 23.82427, ""step"": 1, ""status"": 1, ""pres"": 980.1688, ""meas_profile"": ""HP-7"", ""meas_id"": 7, ""hum"": 34.74254, ""gas_res"": 10272.87}, {""temp"": 23.91245, ""step"": 1, ""status"": 1, ""pres"": 980.309, ""meas_profile"": ""HP-6"", ""meas_id"": 6, ""hum"": 34.59945, ""gas_res"": 25000.0}, {""temp"": 23.82277, ""step"": 1, ""status"": 1, ""pres"": 980.0754, ""meas_profile"": ""HP-5"", ""meas_id"": 5, ""hum"": 34.77584, ""gas_res"": 43345.75}, {""temp"": 23.59551, ""step"": 1, ""status"": 1, ""pres"": 980.2006, ""meas_profile"": ""HP-4"", ""meas_id"": 4, ""hum"": 34.322, ""gas_res"": 41370.39}, {""temp"": 23.7465, ""step"": 1, ""status"": 1, ""pres"": 979.7678, ""meas_profile"": ""HP-3"", ""meas_id"": 3, ""hum"": 34.79703, ""gas_res"": 24114.54}, {""temp"": 23.66528, ""step"": 1, ""status"": 1, ""pres"": 979.8901, ""meas_profile"": ""HP-2"", ""meas_id"": 2, ""hum"": 35.05725, ""gas_res"": 35368.89}, {""temp"": 23.4385, ""step"": 1, ""status"": 1, ""pres"": 980.0552, ""meas_profile"": ""HP-1"", ""meas_id"": 1, ""hum"": 34.70274, ""gas_res"": 25995.13}]}",NULL,"2025-10-29 09:49:52.546874"
14312,"04a600b9b0b8","2025-10-29 09:48:47","wBoEN1rrgggNQo8LANjn","{""bme688"": [{""temp"": 23.84508, ""step"": 0, ""status"": 1, ""pres"": 980.032, ""meas_profile"": ""HP-8"", ""meas_id"": 8, ""hum"": 34.81134, ""gas_res"": 5684.846}, {""temp"": 23.82333, ""step"": 0, ""status"": 1, ""pres"": 980.1691, ""meas_profile"": ""HP-7"", ""meas_id"": 7, ""hum"": 34.71973, ""gas_res"": 6299.212}, {""temp"": 23.91214, ""step"": 0, ""status"": 1, ""pres"": 980.3102, ""meas_profile"": ""HP-6"", ""meas_id"": 6, ""hum"": 34.58213, ""gas_res"": 8776.741}, {""temp"": 23.82245, ""step"": 0, ""status"": 1, ""pres"": 980.0783, ""meas_profile"": ""HP-5"", ""meas_id"": 5, ""hum"": 34.7929, ""gas_res"": 25000.0}, {""temp"": 23.59551, ""step"": 0, ""status"": 1, ""pres"": 980.2006, ""meas_profile"": ""HP-4"", ""meas_id"": 4, ""hum"": 34.31623, ""gas_res"": 25000.0}, {""temp"": 23.74619, ""step"": 0, ""status"": 1, ""pres"": 979.7689, ""meas_profile"": ""HP-3"", ""meas_id"": 3, ""hum"": 34.80854, ""gas_res"": 6424.413}, {""temp"": 23.66497, ""step"": 0, ""status"": 1, ""pres"": 979.8895, ""meas_profile"": ""HP-2"", ""meas_id"": 2, ""hum"": 35.06293, ""gas_res"": 8537.887}, {""temp"": 23.43788, ""step"": 0, ""status"": 1, ""pres"": 980.0561, ""meas_profile"": ""HP-1"", ""meas_id"": 1, ""hum"": 34.69088, ""gas_res"": 6510.682}]}",NULL,"2025-10-29 09:49:54.000368"
14313,"04a600b9b0b8","2025-10-29 09:48:20","wBoEN1rrgggNQo8LANjn","{""zphs01b"": {""voc"": 0, ""temp"": 21.3, ""pm2_5"": 0, ""pm1_0"": 0, ""pm10"": 322, ""o3"": 0.02, ""no2"": 9.03, ""hum"": 0, ""fmhd"": 0, ""co2"": 5000, ""co"": 0.0}, ""smell_b"": {}, ""sfa30"": {""temp"": 23.855, ""hum"": 37.12, ""fmhd"": 1.6}, ""sen5x"": {""voc"": 80.0, ""temp"": 23.82, ""pm4_0"": 4412.0, ""pm2_5"": 4412.0, ""pm1_0"": 4207.1, ""pm10"": 4412.0, ""nox"": 1.0, ""mass_c"": 4360.775, ""hum"": 42.38}, ""scd41"": {""temp"": 23.20821, ""hum"": 46.05325, ""co2"": 602}, ""power_source"": 0, ""mics6814"": {""red_res"": 0, ""no2_res"": 0, ""no2"": 0.17, ""nh3_res"": 0, ""nh3"": 0.73, ""co_res"": 0, ""co"": 44.0}}",NULL,"2025-10-29 09:49:54.994313"
14314,"04a600b9b0b8","2025-10-29 09:48:20","wBoEN1rrgggNQo8LANjn","{""bme688"": [{""temp"": 23.84415, ""step"": 9, ""status"": 1, ""pres"": 980.0306, ""meas_profile"": ""HP-8"", ""meas_id"": 8, ""hum"": 34.8055, ""gas_res"": 5684.846}, {""temp"": 23.82271, ""step"": 9, ""status"": 1, ""pres"": 980.1699, ""meas_profile"": ""HP-7"", ""meas_id"": 7, ""hum"": 34.71966, ""gas_res"": 5746.094}, {""temp"": 23.91183, ""step"": 9, ""status"": 1, ""pres"": 980.3115, ""meas_profile"": ""HP-6"", ""meas_id"": 6, ""hum"": 34.58211, ""gas_res"": 7705.273}, {""temp"": 23.82214, ""step"": 9, ""status"": 1, ""pres"": 980.0778, ""meas_profile"": ""HP-5"", ""meas_id"": 5, ""hum"": 34.77009, ""gas_res"": 25000.0}, {""temp"": 23.5952, ""step"": 9, ""status"": 1, ""pres"": 980.2001, ""meas_profile"": ""HP-4"", ""meas_id"": 4, ""hum"": 34.3162, ""gas_res"": 25000.0}, {""temp"": 23.74558, ""step"": 9, ""status"": 1, ""pres"": 979.7679, ""meas_profile"": ""HP-3"", ""meas_id"": 3, ""hum"": 34.81425, ""gas_res"": 6351.727}, {""temp"": 23.66465, ""step"": 9, ""status"": 1, ""pres"": 979.8907, ""meas_profile"": ""HP-2"", ""meas_id"": 2, ""hum"": 35.06861, ""gas_res"": 7905.138}, {""temp"": 23.43757, ""step"": 9, ""status"": 1, ""pres"": 980.0574, ""meas_profile"": ""HP-1"", ""meas_id"": 1, ""hum"": 34.70265, ""gas_res"": 5941.33}]}",NULL,"2025-10-29 09:49:56.37682"
14315,"04a600b9b0b8","2025-10-29 09:48:20","wBoEN1rrgggNQo8LANjn","{""bme688"": [{""temp"": 23.84322, ""step"": 8, ""status"": 1, ""pres"": 980.031, ""meas_profile"": ""HP-8"", ""meas_id"": 8, ""hum"": 34.83416, ""gas_res"": 5684.846}, {""temp"": 23.82209, ""step"": 8, ""status"": 1, ""pres"": 980.1704, ""meas_profile"": ""HP-7"", ""meas_id"": 7, ""hum"": 34.73666, ""gas_res"": 5846.885}, {""temp"": 23.91152, ""step"": 8, ""status"": 1, ""pres"": 980.3111, ""meas_profile"": ""HP-6"", ""meas_id"": 6, ""hum"": 34.60513, ""gas_res"": 8000.0}, {""temp"": 23.82183, ""step"": 8, ""status"": 1, ""pres"": 980.0789, ""meas_profile"": ""HP-5"", ""meas_id"": 5, ""hum"": 34.77575, ""gas_res"": 25000.0}, {""temp"": 23.5952, ""step"": 8, ""status"": 1, ""pres"": 980.2018, ""meas_profile"": ""HP-4"", ""meas_id"": 4, ""hum"": 34.3335, ""gas_res"": 25000.0}, {""temp"": 23.74527, ""step"": 8, ""status"": 1, ""pres"": 979.769, ""meas_profile"": ""HP-3"", ""meas_id"": 3, ""hum"": 34.80846, ""gas_res"": 5934.718}, {""temp"": 23.66465, ""step"": 8, ""status"": 1, ""pres"": 979.8925, ""meas_profile"": ""HP-2"", ""meas_id"": 2, ""hum"": 35.08002, ""gas_res"": 7806.782}, {""temp"": 23.43694, ""step"": 8, ""status"": 1, ""pres"": 980.0565, ""meas_profile"": ""HP-1"", ""meas_id"": 1, ""hum"": 34.70259, ""gas_res"": 6129.094}]}",NULL,"2025-10-29 09:49:57.656592"
14316,"04a600b9b0b8","2025-10-29 09:48:20","wBoEN1rrgggNQo8LANjn","{""bme688"": [{""temp"": 23.8423, ""step"": 7, ""status"": 1, ""pres"": 980.0294, ""meas_profile"": ""HP-8"", ""meas_id"": 8, ""hum"": 34.80533, ""gas_res"": 5684.846}, {""temp"": 23.82147, ""step"": 7, ""status"": 1, ""pres"": 980.1711, ""meas_profile"": ""HP-7"", ""meas_id"": 7, ""hum"": 34.71955, ""gas_res"": 5892.101}, {""temp"": 23.91121, ""step"": 7, ""status"": 1, ""pres"": 980.3123, ""meas_profile"": ""HP-6"", ""meas_id"": 6, ""hum"": 34.60509, ""gas_res"": 8177.869}, {""temp"": 23.82151, ""step"": 7, ""status"": 1, ""pres"": 980.0803, ""meas_profile"": ""HP-5"", ""meas_id"": 5, ""hum"": 34.79851, ""gas_res"": 25000.0}, {""temp"": 23.59489, ""step"": 7, ""status"": 1, ""pres"": 980.2031, ""meas_profile"": ""HP-4"", ""meas_id"": 4, ""hum"": 34.32194, ""gas_res"": 25000.0}, {""temp"": 23.74496, ""step"": 7, ""status"": 1, ""pres"": 979.7704, ""meas_profile"": ""HP-3"", ""meas_id"": 3, ""hum"": 34.8142, ""gas_res"": 5931.418}, {""temp"": 23.66434, ""step"": 7, ""status"": 1, ""pres"": 979.8936, ""meas_profile"": ""HP-2"", ""meas_id"": 2, ""hum"": 35.07998, ""gas_res"": 7727.602}, {""temp"": 23.43663, ""step"": 7, ""status"": 1, ""pres"": 980.0578, ""meas_profile"": ""HP-1"", ""meas_id"": 1, ""hum"": 34.71437, ""gas_res"": 6243.902}]}",NULL,"2025-10-29 09:49:59.123846"
14317,"04a600b9b0b8","2025-10-29 09:48:20","wBoEN1rrgggNQo8LANjn","{""bme688"": [{""temp"": 23.84137, ""step"": 6, ""status"": 1, ""pres"": 980.0297, ""meas_profile"": ""HP-8"", ""meas_id"": 8, ""hum"": 34.82823, ""gas_res"": 15763.55}, {""temp"": 23.82085, ""step"": 6, ""status"": 1, ""pres"": 980.1716, ""meas_profile"": ""HP-7"", ""meas_id"": 7, ""hum"": 34.72517, ""gas_res"": 19127.32}, {""temp"": 23.9109, ""step"": 6, ""status"": 1, ""pres"": 980.3134, ""meas_profile"": ""HP-6"", ""meas_id"": 6, ""hum"": 34.5993, ""gas_res"": 36519.26}, {""temp"": 23.82089, ""step"": 6, ""status"": 1, ""pres"": 980.0809, ""meas_profile"": ""HP-5"", ""meas_id"": 5, ""hum"": 34.78136, ""gas_res"": 128481.8}, {""temp"": 23.59458, ""step"": 6, ""status"": 1, ""pres"": 980.2042, ""meas_profile"": ""HP-4"", ""meas_id"": 4, ""hum"": 34.30462, ""gas_res"": 133402.8}, {""temp"": 23.74465, ""step"": 6, ""status"": 1, ""pres"": 979.7715, ""meas_profile"": ""HP-3"", ""meas_id"": 3, ""hum"": 34.81993, ""gas_res"": 77341.39}, {""temp"": 23.66403, ""step"": 6, ""status"": 1, ""pres"": 979.8948, ""meas_profile"": ""HP-2"", ""meas_id"": 2, ""hum"": 35.08566, ""gas_res"": 95647.3}, {""temp"": 23.43632, ""step"": 6, ""status"": 1, ""pres"": 980.0592, ""meas_profile"": ""HP-1"", ""meas_id"": 1, ""hum"": 34.73795, ""gas_res"": 100000.0}]}",NULL,"2025-10-29 09:50:00.216426"
14318,"04a600b9b0b8","2025-10-29 09:48:20","wBoEN1rrgggNQo8LANjn","{""bme688"": [{""temp"": 23.84075, ""step"": 5, ""status"": 1, ""pres"": 980.0305, ""meas_profile"": ""HP-8"", ""meas_id"": 8, ""hum"": 34.83392, ""gas_res"": 15717.09}, {""temp"": 23.82023, ""step"": 5, ""status"": 1, ""pres"": 980.1724, ""meas_profile"": ""HP-7"", ""meas_id"": 7, ""hum"": 34.73648, ""gas_res"": 18991.1}, {""temp"": 23.91029, ""step"": 5, ""status"": 1, ""pres"": 980.3123, ""meas_profile"": ""HP-6"", ""meas_id"": 6, ""hum"": 34.60501, ""gas_res"": 36581.88}, {""temp"": 23.82026, ""step"": 5, ""status"": 1, ""pres"": 980.0815, ""meas_profile"": ""HP-5"", ""meas_id"": 5, ""hum"": 34.7927, ""gas_res"": 129162.5}, {""temp"": 23.59396, ""step"": 5, ""status"": 1, ""pres"": 980.2031, ""meas_profile"": ""HP-4"", ""meas_id"": 4, ""hum"": 34.32185, ""gas_res"": 132573.8}, {""temp"": 23.74434, ""step"": 5, ""status"": 1, ""pres"": 979.771, ""meas_profile"": ""HP-3"", ""meas_id"": 3, ""hum"": 34.8026, ""gas_res"": 45665.36}, {""temp"": 23.66372, ""step"": 5, ""status"": 1, ""pres"": 979.8943, ""meas_profile"": ""HP-2"", ""meas_id"": 2, ""hum"": 35.08562, ""gas_res"": 100000.0}, {""temp"": 23.43632, ""step"": 5, ""status"": 1, ""pres"": 980.0609, ""meas_profile"": ""HP-1"", ""meas_id"": 1, ""hum"": 34.71434, ""gas_res"": 91038.41}]}",NULL,"2025-10-29 09:50:01.495232"
14319,"04a600b9b0b8","2025-10-29 09:48:20","wBoEN1rrgggNQo8LANjn","{""bme688"": [{""temp"": 23.84013, ""step"": 4, ""status"": 1, ""pres"": 980.0313, ""meas_profile"": ""HP-8"", ""meas_id"": 8, ""hum"": 34.82811, ""gas_res"": 15533.98}, {""temp"": 23.8193, ""step"": 4, ""status"": 1, ""pres"": 980.1725, ""meas_profile"": ""HP-7"", ""meas_id"": 7, ""hum"": 34.74776, ""gas_res"": 18974.21}, {""temp"": 23.90998, ""step"": 4, ""status"": 1, ""pres"": 980.3137, ""meas_profile"": ""HP-6"", ""meas_id"": 6, ""hum"": 34.62227, ""gas_res"": 36363.64}, {""temp"": 23.81995, ""step"": 4, ""status"": 1, ""pres"": 980.0826, ""meas_profile"": ""HP-5"", ""meas_id"": 5, ""hum"": 34.79267, ""gas_res"": 129456.4}, {""temp"": 23.59365, ""step"": 4, ""status"": 1, ""pres"": 980.2043, ""meas_profile"": ""HP-4"", ""meas_id"": 4, ""hum"": 34.33913, ""gas_res"": 132987.0}, {""temp"": 23.74434, ""step"": 4, ""status"": 1, ""pres"": 979.7726, ""meas_profile"": ""HP-3"", ""meas_id"": 3, ""hum"": 34.82568, ""gas_res"": 43925.88}, {""temp"": 23.66372, ""step"": 4, ""status"": 1, ""pres"": 979.8961, ""meas_profile"": ""HP-2"", ""meas_id"": 2, ""hum"": 35.08562, ""gas_res"": 100000.0}, {""temp"": 23.43601, ""step"": 4, ""status"": 1, ""pres"": 980.0604, ""meas_profile"": ""HP-1"", ""meas_id"": 1, ""hum"": 34.72611, ""gas_res"": 86166.27}]}",NULL,"2025-10-29 09:50:02.775912"
14320,"04a600b9b0b8","2025-10-29 09:48:20","wBoEN1rrgggNQo8LANjn","{""bme688"": [{""temp"": 23.83921, ""step"": 3, ""status"": 0, ""pres"": 980.0316, ""meas_profile"": ""HP-8"", ""meas_id"": 8, ""hum"": 34.85676, ""gas_res"": 8483.563}, {""temp"": 23.81868, ""step"": 3, ""status"": 0, ""pres"": 980.1731, ""meas_profile"": ""HP-7"", ""meas_id"": 7, ""hum"": 34.75338, ""gas_res"": 9809.933}, {""temp"": 23.90936, ""step"": 3, ""status"": 0, ""pres"": 980.3127, ""meas_profile"": ""HP-6"", ""meas_id"": 6, ""hum"": 34.62798, ""gas_res"": 20625.2}, {""temp"": 23.81901, ""step"": 3, ""status"": 0, ""pres"": 980.0828, ""meas_profile"": ""HP-5"", ""meas_id"": 5, ""hum"": 34.82676, ""gas_res"": 43301.76}, {""temp"": 23.59303, ""step"": 3, ""status"": 0, ""pres"": 980.205, ""meas_profile"": ""HP-4"", ""meas_id"": 4, ""hum"": 34.35636, ""gas_res"": 43257.86}, {""temp"": 23.74372, ""step"": 3, ""status"": 0, ""pres"": 979.7734, ""meas_profile"": ""HP-3"", ""meas_id"": 3, ""hum"": 34.84869, ""gas_res"": 26267.19}, {""temp"": 23.6631, ""step"": 3, ""status"": 0, ""pres"": 979.895, ""meas_profile"": ""HP-2"", ""meas_id"": 2, ""hum"": 35.11411, ""gas_res"": 39203.68}, {""temp"": 23.43539, ""step"": 3, ""status"": 0, ""pres"": 980.0613, ""meas_profile"": ""HP-1"", ""meas_id"": 1, ""hum"": 34.73786, ""gas_res"": 26727.92}]}",NULL,"2025-10-29 09:50:04.247245"
14321,"04a600b9b0b8","2025-10-29 09:48:20","wBoEN1rrgggNQo8LANjn","{""bme688"": [{""temp"": 23.83859, ""step"": 2, ""status"": 1, ""pres"": 980.0305, ""meas_profile"": ""HP-8"", ""meas_id"": 8, ""hum"": 34.83946, ""gas_res"": 31067.96}, {""temp"": 23.81806, ""step"": 2, ""status"": 1, ""pres"": 980.1739, ""meas_profile"": ""HP-7"", ""meas_id"": 7, ""hum"": 34.76469, ""gas_res"": 38776.13}, {""temp"": 23.90874, ""step"": 2, ""status"": 1, ""pres"": 980.3134, ""meas_profile"": ""HP-6"", ""meas_id"": 6, ""hum"": 34.63944, ""gas_res"": 126108.4}, {""temp"": 23.81839, ""step"": 2, ""status"": 1, ""pres"": 980.0834, ""meas_profile"": ""HP-5"", ""meas_id"": 5, ""hum"": 34.83809, ""gas_res"": 340199.3}, {""temp"": 23.59271, ""step"": 2, ""status"": 1, ""pres"": 980.2061, ""meas_profile"": ""HP-4"", ""meas_id"": 4, ""hum"": 34.35057, ""gas_res"": 390690.6}, {""temp"": 23.74341, ""step"": 2, ""status"": 1, ""pres"": 979.7729, ""meas_profile"": ""HP-3"", ""meas_id"": 3, ""hum"": 34.8429, ""gas_res"": 171123.0}, {""temp"": 23.66279, ""step"": 2, ""status"": 1, ""pres"": 979.8963, ""meas_profile"": ""HP-2"", ""meas_id"": 2, ""hum"": 35.11978, ""gas_res"": 299590.4}, {""temp"": 23.43508, ""step"": 2, ""status"": 1, ""pres"": 980.0626, ""meas_profile"": ""HP-1"", ""meas_id"": 1, ""hum"": 34.73193, ""gas_res"": 222754.0}]}",NULL,"2025-10-29 09:50:05.986051"
14322,"04a600b9b0b8","2025-10-29 09:48:20","wBoEN1rrgggNQo8LANjn","{""bme688"": [{""temp"": 23.83828, ""step"": 1, ""status"": 1, ""pres"": 980.0319, ""meas_profile"": ""HP-8"", ""meas_id"": 8, ""hum"": 34.85093, ""gas_res"": 9029.346}, {""temp"": 23.81743, ""step"": 1, ""status"": 1, ""pres"": 980.1746, ""meas_profile"": ""HP-7"", ""meas_id"": 7, ""hum"": 34.75895, ""gas_res"": 10292.7}, {""temp"": 23.90844, ""step"": 1, ""status"": 1, ""pres"": 980.3147, ""meas_profile"": ""HP-6"", ""meas_id"": 6, ""hum"": 34.64518, ""gas_res"": 25000.0}, {""temp"": 23.81839, ""step"": 1, ""status"": 1, ""pres"": 980.0851, ""meas_profile"": ""HP-5"", ""meas_id"": 5, ""hum"": 34.821, ""gas_res"": 38254.63}, {""temp"": 23.5924, ""step"": 1, ""status"": 1, ""pres"": 980.2054, ""meas_profile"": ""HP-4"", ""meas_id"": 4, ""hum"": 34.34477, ""gas_res"": 34538.59}, {""temp"": 23.7431, ""step"": 1, ""status"": 1, ""pres"": 979.774, ""meas_profile"": ""HP-3"", ""meas_id"": 3, ""hum"": 34.85441, ""gas_res"": 25000.0}, {""temp"": 23.66248, ""step"": 1, ""status"": 1, ""pres"": 979.8956, ""meas_profile"": ""HP-2"", ""meas_id"": 2, ""hum"": 35.13117, ""gas_res"": 27917.12}, {""temp"": 23.43476, ""step"": 1, ""status"": 1, ""pres"": 980.0621, ""meas_profile"": ""HP-1"", ""meas_id"": 1, ""hum"": 34.74371, ""gas_res"": 25000.0}]}",NULL,"2025-10-29 09:50:07.254582"
14323,"04a600b9b0b8","2025-10-29 09:48:20","wBoEN1rrgggNQo8LANjn","{""bme688"": [{""temp"": 23.83766, ""step"": 0, ""status"": 1, ""pres"": 980.0327, ""meas_profile"": ""HP-8"", ""meas_id"": 8, ""hum"": 34.85087, ""gas_res"": 5684.846}, {""temp"": 23.81681, ""step"": 0, ""status"": 1, ""pres"": 980.1752, ""meas_profile"": ""HP-7"", ""meas_id"": 7, ""hum"": 34.7532, ""gas_res"": 6510.682}, {""temp"": 23.90812, ""step"": 0, ""status"": 1, ""pres"": 980.3159, ""meas_profile"": ""HP-6"", ""meas_id"": 6, ""hum"": 34.66244, ""gas_res"": 8537.887}, {""temp"": 23.81807, ""step"": 0, ""status"": 1, ""pres"": 980.0864, ""meas_profile"": ""HP-5"", ""meas_id"": 5, ""hum"": 34.82666, ""gas_res"": 25000.0}, {""temp"": 23.5924, ""step"": 0, ""status"": 1, ""pres"": 980.2071, ""meas_profile"": ""HP-4"", ""meas_id"": 4, ""hum"": 34.3563, ""gas_res"": 22955.52}, {""temp"": 23.74279, ""step"": 0, ""status"": 1, ""pres"": 979.7751, ""meas_profile"": ""HP-3"", ""meas_id"": 3, ""hum"": 34.84861, ""gas_res"": 7846.984}, {""temp"": 23.66248, ""step"": 0, ""status"": 1, ""pres"": 979.8974, ""meas_profile"": ""HP-2"", ""meas_id"": 2, ""hum"": 35.10263, ""gas_res"": 7138.077}, {""temp"": 23.43445, ""step"": 0, ""status"": 1, ""pres"": 980.0634, ""meas_profile"": ""HP-1"", ""meas_id"": 1, ""hum"": 34.76139, ""gas_res"": 7988.018}]}",NULL,"2025-10-29 09:50:08.538179"
14324,"04a600b9b0b8","2025-10-29 09:50:17","wBoEN1rrgggNQo8LANjn","{""zphs01b"": {""voc"": 0, ""temp"": 21.6, ""pm2_5"": 0, ""pm1_0"": 0, ""pm10"": 316, ""o3"": 0.03, ""no2"": 10.0, ""hum"": 0, ""fmhd"": 0, ""co2"": 5000, ""co"": 0.0}, ""smell_b"": {}, ""sfa30"": {""temp"": 23.915, ""hum"": 37.26, ""fmhd"": 8.2}, ""sen5x"": {""voc"": 99.0, ""temp"": 23.745, ""pm4_0"": 4499.7, ""pm2_5"": 4499.7, ""pm1_0"": 4290.8, ""pm10"": 4499.7, ""nox"": 1.0, ""mass_c"": 4447.475, ""hum"": 42.87}, ""scd41"": {""temp"": 23.44854, ""hum"": 45.84573, ""co2"": 611}, ""power_source"": 0, ""mics6814"": {""red_res"": 0, ""no2_res"": 0, ""no2"": 0.17, ""nh3_res"": 0, ""nh3"": 0.73, ""co_res"": 0, ""co"": 44.0}}",NULL,"2025-10-29 09:51:11.847021"
14325,"04a600b9b0b8","2025-10-29 09:50:17","wBoEN1rrgggNQo8LANjn","{""bme688"": [{""temp"": 23.86824, ""step"": 9, ""status"": 1, ""pres"": 980.0281, ""meas_profile"": ""HP-8"", ""meas_id"": 8, ""hum"": 34.92854, ""gas_res"": 5684.846}, {""temp"": 23.84445, ""step"": 9, ""status"": 1, ""pres"": 980.1588, ""meas_profile"": ""HP-7"", ""meas_id"": 7, ""hum"": 34.85817, ""gas_res"": 6035.458}, {""temp"": 23.92665, ""step"": 9, ""status"": 1, ""pres"": 980.2991, ""meas_profile"": ""HP-6"", ""meas_id"": 6, ""hum"": 34.6988, ""gas_res"": 8318.17}, {""temp"": 23.83684, ""step"": 9, ""status"": 1, ""pres"": 980.0549, ""meas_profile"": ""HP-5"", ""meas_id"": 5, ""hum"": 34.89684, ""gas_res"": 25000.0}, {""temp"": 23.60887, ""step"": 9, ""status"": 1, ""pres"": 980.1811, ""meas_profile"": ""HP-4"", ""meas_id"": 4, ""hum"": 34.39246, ""gas_res"": 25000.0}, {""temp"": 23.76104, ""step"": 9, ""status"": 1, ""pres"": 979.7545, ""meas_profile"": ""HP-3"", ""meas_id"": 3, ""hum"": 34.85035, ""gas_res"": 7076.515}, {""temp"": 23.68142, ""step"": 9, ""status"": 1, ""pres"": 979.8761, ""meas_profile"": ""HP-2"", ""meas_id"": 2, ""hum"": 35.11586, ""gas_res"": 8879.023}, {""temp"": 23.45562, ""step"": 9, ""status"": 1, ""pres"": 980.0312, ""meas_profile"": ""HP-1"", ""meas_id"": 1, ""hum"": 34.75158, ""gas_res"": 6628.003}]}",NULL,"2025-10-29 09:51:13.175103"
14326,"04a600b9b0b8","2025-10-29 09:50:17","wBoEN1rrgggNQo8LANjn","{""bme688"": [{""temp"": 23.86731, ""step"": 8, ""status"": 1, ""pres"": 980.0284, ""meas_profile"": ""HP-8"", ""meas_id"": 8, ""hum"": 34.93996, ""gas_res"": 5684.846}, {""temp"": 23.84352, ""step"": 8, ""status"": 1, ""pres"": 980.1588, ""meas_profile"": ""HP-7"", ""meas_id"": 7, ""hum"": 34.84102, ""gas_res"": 6115.039}, {""temp"": 23.92603, ""step"": 8, ""status"": 1, ""pres"": 980.2981, ""meas_profile"": ""HP-6"", ""meas_id"": 6, ""hum"": 34.69297, ""gas_res"": 8726.479}, {""temp"": 23.83621, ""step"": 8, ""status"": 1, ""pres"": 980.0554, ""meas_profile"": ""HP-5"", ""meas_id"": 5, ""hum"": 34.89678, ""gas_res"": 25000.0}, {""temp"": 23.60824, ""step"": 8, ""status"": 1, ""pres"": 980.1817, ""meas_profile"": ""HP-4"", ""meas_id"": 4, ""hum"": 34.3924, ""gas_res"": 25000.0}, {""temp"": 23.76042, ""step"": 8, ""status"": 1, ""pres"": 979.7569, ""meas_profile"": ""HP-3"", ""meas_id"": 3, ""hum"": 34.8676, ""gas_res"": 6823.028}, {""temp"": 23.6808, ""step"": 8, ""status"": 1, ""pres"": 979.8769, ""meas_profile"": ""HP-2"", ""meas_id"": 2, ""hum"": 35.1158, ""gas_res"": 9137.636}, {""temp"": 23.455, ""step"": 8, ""status"": 1, ""pres"": 980.032, ""meas_profile"": ""HP-1"", ""meas_id"": 1, ""hum"": 34.74562, ""gas_res"": 6983.85}]}",NULL,"2025-10-29 09:51:14.453264"
14327,"04a600b9b0b8","2025-10-29 09:50:17","wBoEN1rrgggNQo8LANjn","{""bme688"": [{""temp"": 23.86639, ""step"": 7, ""status"": 1, ""pres"": 980.0287, ""meas_profile"": ""HP-8"", ""meas_id"": 8, ""hum"": 34.91687, ""gas_res"": 5684.846}, {""temp"": 23.8429, ""step"": 7, ""status"": 1, ""pres"": 980.1594, ""meas_profile"": ""HP-7"", ""meas_id"": 7, ""hum"": 34.83527, ""gas_res"": 6125.574}, {""temp"": 23.92572, ""step"": 7, ""status"": 1, ""pres"": 980.2994, ""meas_profile"": ""HP-6"", ""meas_id"": 6, ""hum"": 34.69871, ""gas_res"": 8871.639}, {""temp"": 23.8359, ""step"": 7, ""status"": 1, ""pres"": 980.0566, ""meas_profile"": ""HP-5"", ""meas_id"": 5, ""hum"": 34.89675, ""gas_res"": 25000.0}, {""temp"": 23.60793, ""step"": 7, ""status"": 1, ""pres"": 980.1828, ""meas_profile"": ""HP-4"", ""meas_id"": 4, ""hum"": 34.38084, ""gas_res"": 25000.0}, {""temp"": 23.7598, ""step"": 7, ""status"": 1, ""pres"": 979.7559, ""meas_profile"": ""HP-3"", ""meas_id"": 3, ""hum"": 34.86755, ""gas_res"": 6677.796}, {""temp"": 23.68018, ""step"": 7, ""status"": 1, ""pres"": 979.8759, ""meas_profile"": ""HP-2"", ""meas_id"": 2, ""hum"": 35.13857, ""gas_res"": 8923.592}, {""temp"": 23.45437, ""step"": 7, ""status"": 1, ""pres"": 980.0328, ""meas_profile"": ""HP-1"", ""meas_id"": 1, ""hum"": 34.73966, ""gas_res"": 7090.627}]}",NULL,"2025-10-29 09:51:15.923092"
14328,"04a600b9b0b8","2025-10-29 09:50:17","wBoEN1rrgggNQo8LANjn","{""bme688"": [{""temp"": 23.86546, ""step"": 6, ""status"": 1, ""pres"": 980.0273, ""meas_profile"": ""HP-8"", ""meas_id"": 8, ""hum"": 34.93403, ""gas_res"": 15636.45}, {""temp"": 23.84197, ""step"": 6, ""status"": 1, ""pres"": 980.1597, ""meas_profile"": ""HP-7"", ""meas_id"": 7, ""hum"": 34.84087, ""gas_res"": 19565.88}, {""temp"": 23.92511, ""step"": 6, ""status"": 1, ""pres"": 980.2985, ""meas_profile"": ""HP-6"", ""meas_id"": 6, ""hum"": 34.70441, ""gas_res"": 39348.29}, {""temp"": 23.83527, ""step"": 6, ""status"": 1, ""pres"": 980.0572, ""meas_profile"": ""HP-5"", ""meas_id"": 5, ""hum"": 34.88529, ""gas_res"": 141124.6}, {""temp"": 23.60731, ""step"": 6, ""status"": 1, ""pres"": 980.1836, ""meas_profile"": ""HP-4"", ""meas_id"": 4, ""hum"": 34.40385, ""gas_res"": 149926.8}, {""temp"": 23.75949, ""step"": 6, ""status"": 1, ""pres"": 979.757, ""meas_profile"": ""HP-3"", ""meas_id"": 3, ""hum"": 34.87329, ""gas_res"": 90172.59}, {""temp"": 23.67956, ""step"": 6, ""status"": 1, ""pres"": 979.8765, ""meas_profile"": ""HP-2"", ""meas_id"": 2, ""hum"": 35.11568, ""gas_res"": 112700.9}, {""temp"": 23.45375, ""step"": 6, ""status"": 1, ""pres"": 980.0338, ""meas_profile"": ""HP-1"", ""meas_id"": 1, ""hum"": 34.76322, ""gas_res"": 100000.0}]}",NULL,"2025-10-29 09:51:17.052719"
14329,"04a600b9b0b8","2025-10-29 09:50:17","wBoEN1rrgggNQo8LANjn","{""bme688"": [{""temp"": 23.86484, ""step"": 5, ""status"": 1, ""pres"": 980.0281, ""meas_profile"": ""HP-8"", ""meas_id"": 8, ""hum"": 34.93973, ""gas_res"": 15421.69}, {""temp"": 23.84134, ""step"": 5, ""status"": 1, ""pres"": 980.1586, ""meas_profile"": ""HP-7"", ""meas_id"": 7, ""hum"": 34.85788, ""gas_res"": 19230.77}, {""temp"": 23.92449, ""step"": 5, ""status"": 1, ""pres"": 980.299, ""meas_profile"": ""HP-6"", ""meas_id"": 6, ""hum"": 34.68706, ""gas_res"": 39024.39}, {""temp"": 23.83496, ""step"": 5, ""status"": 1, ""pres"": 980.0566, ""meas_profile"": ""HP-5"", ""meas_id"": 5, ""hum"": 34.89667, ""gas_res"": 140775.4}, {""temp"": 23.607, ""step"": 5, ""status"": 1, ""pres"": 980.1847, ""meas_profile"": ""HP-4"", ""meas_id"": 4, ""hum"": 34.39228, ""gas_res"": 150721.2}, {""temp"": 23.75887, ""step"": 5, ""status"": 1, ""pres"": 979.756, ""meas_profile"": ""HP-3"", ""meas_id"": 3, ""hum"": 34.86168, ""gas_res"": 86956.52}, {""temp"": 23.67863, ""step"": 5, ""status"": 1, ""pres"": 979.8767, ""meas_profile"": ""HP-2"", ""meas_id"": 2, ""hum"": 35.127, ""gas_res"": 109730.0}, {""temp"": 23.45344, ""step"": 5, ""status"": 1, ""pres"": 980.0349, ""meas_profile"": ""HP-1"", ""meas_id"": 1, ""hum"": 34.75138, ""gas_res"": 100000.0}]}",NULL,"2025-10-29 09:51:18.293336"
14330,"04a600b9b0b8","2025-10-29 09:50:17","wBoEN1rrgggNQo8LANjn","{""bme688"": [{""temp"": 23.86392, ""step"": 4, ""status"": 1, ""pres"": 980.0283, ""meas_profile"": ""HP-8"", ""meas_id"": 8, ""hum"": 34.92238, ""gas_res"": 15311.0}, {""temp"": 23.84041, ""step"": 4, ""status"": 1, ""pres"": 980.1603, ""meas_profile"": ""HP-7"", ""meas_id"": 7, ""hum"": 34.83504, ""gas_res"": 19161.68}, {""temp"": 23.92418, ""step"": 4, ""status"": 1, ""pres"": 980.3003, ""meas_profile"": ""HP-6"", ""meas_id"": 6, ""hum"": 34.69856, ""gas_res"": 39640.75}, {""temp"": 23.83434, ""step"": 4, ""status"": 1, ""pres"": 980.0574, ""meas_profile"": ""HP-5"", ""meas_id"": 5, ""hum"": 34.89661, ""gas_res"": 143497.8}, {""temp"": 23.60638, ""step"": 4, ""status"": 1, ""pres"": 980.1853, ""meas_profile"": ""HP-4"", ""meas_id"": 4, ""hum"": 34.39799, ""gas_res"": 154124.0}, {""temp"": 23.75826, ""step"": 4, ""status"": 1, ""pres"": 979.7567, ""meas_profile"": ""HP-3"", ""meas_id"": 3, ""hum"": 34.89048, ""gas_res"": 85390.26}, {""temp"": 23.67801, ""step"": 4, ""status"": 1, ""pres"": 979.8773, ""meas_profile"": ""HP-2"", ""meas_id"": 2, ""hum"": 35.13266, ""gas_res"": 108474.6}, {""temp"": 23.45282, ""step"": 4, ""status"": 1, ""pres"": 980.0357, ""meas_profile"": ""HP-1"", ""meas_id"": 1, ""hum"": 34.75723, ""gas_res"": 100000.0}]}",NULL,"2025-10-29 09:51:19.598338"
14331,"04a600b9b0b8","2025-10-29 09:50:17","wBoEN1rrgggNQo8LANjn","{""bme688"": [{""temp"": 23.86299, ""step"": 3, ""status"": 0, ""pres"": 980.0287, ""meas_profile"": ""HP-8"", ""meas_id"": 8, ""hum"": 34.96256, ""gas_res"": 7934.54}, {""temp"": 23.83948, ""step"": 3, ""status"": 0, ""pres"": 980.1605, ""meas_profile"": ""HP-7"", ""meas_id"": 7, ""hum"": 34.86908, ""gas_res"": 9453.472}, {""temp"": 23.92325, ""step"": 3, ""status"": 0, ""pres"": 980.3006, ""meas_profile"": ""HP-6"", ""meas_id"": 6, ""hum"": 34.71577, ""gas_res"": 20369.19}, {""temp"": 23.8334, ""step"": 3, ""status"": 0, ""pres"": 980.0592, ""meas_profile"": ""HP-5"", ""meas_id"": 5, ""hum"": 34.91932, ""gas_res"": 44568.25}, {""temp"": 23.60576, ""step"": 3, ""status"": 0, ""pres"": 980.1859, ""meas_profile"": ""HP-4"", ""meas_id"": 4, ""hum"": 34.3864, ""gas_res"": 44943.82}, {""temp"": 23.75733, ""step"": 3, ""status"": 0, ""pres"": 979.7569, ""meas_profile"": ""HP-3"", ""meas_id"": 3, ""hum"": 34.89617, ""gas_res"": 28959.28}, {""temp"": 23.67707, ""step"": 3, ""status"": 0, ""pres"": 979.8775, ""meas_profile"": ""HP-2"", ""meas_id"": 2, ""hum"": 35.13257, ""gas_res"": 42695.13}, {""temp"": 23.45188, ""step"": 3, ""status"": 0, ""pres"": 980.0361, ""meas_profile"": ""HP-1"", ""meas_id"": 1, ""hum"": 34.78666, ""gas_res"": 29357.8}]}",NULL,"2025-10-29 09:51:21.04431"
14332,"04a600b9b0b8","2025-10-29 09:50:17","wBoEN1rrgggNQo8LANjn","{""bme688"": [{""temp"": 23.86237, ""step"": 2, ""status"": 1, ""pres"": 980.0295, ""meas_profile"": ""HP-8"", ""meas_id"": 8, ""hum"": 34.96251, ""gas_res"": 22711.14}, {""temp"": 23.83855, ""step"": 2, ""status"": 1, ""pres"": 980.1591, ""meas_profile"": ""HP-7"", ""meas_id"": 7, ""hum"": 34.86899, ""gas_res"": 28764.04}, {""temp"": 23.92233, ""step"": 2, ""status"": 1, ""pres"": 980.2991, ""meas_profile"": ""HP-6"", ""meas_id"": 6, ""hum"": 34.72721, ""gas_res"": 88306.31}, {""temp"": 23.83277, ""step"": 2, ""status"": 1, ""pres"": 980.0581, ""meas_profile"": ""HP-5"", ""meas_id"": 5, ""hum"": 34.91926, ""gas_res"": 231517.1}, {""temp"": 23.60483, ""step"": 2, ""status"": 1, ""pres"": 980.186, ""meas_profile"": ""HP-4"", ""meas_id"": 4, ""hum"": 34.42092, ""gas_res"": 298803.6}, {""temp"": 23.75671, ""step"": 2, ""status"": 1, ""pres"": 979.7576, ""meas_profile"": ""HP-3"", ""meas_id"": 3, ""hum"": 34.89034, ""gas_res"": 141124.6}, {""temp"": 23.67646, ""step"": 2, ""status"": 1, ""pres"": 979.8782, ""meas_profile"": ""HP-2"", ""meas_id"": 2, ""hum"": 35.14392, ""gas_res"": 246747.0}, {""temp"": 23.45126, ""step"": 2, ""status"": 1, ""pres"": 980.037, ""meas_profile"": ""HP-1"", ""meas_id"": 1, ""hum"": 34.78069, ""gas_res"": 184438.0}]}",NULL,"2025-10-29 09:51:22.134811"
14333,"04a600b9b0b8","2025-10-29 09:50:17","wBoEN1rrgggNQo8LANjn","{""bme688"": [{""temp"": 23.86175, ""step"": 1, ""status"": 1, ""pres"": 980.0302, ""meas_profile"": ""HP-8"", ""meas_id"": 8, ""hum"": 34.98546, ""gas_res"": 8798.46}, {""temp"": 23.83793, ""step"": 1, ""status"": 1, ""pres"": 980.1613, ""meas_profile"": ""HP-7"", ""meas_id"": 7, ""hum"": 34.86893, ""gas_res"": 10413.28}, {""temp"": 23.92202, ""step"": 1, ""status"": 1, ""pres"": 980.3003, ""meas_profile"": ""HP-6"", ""meas_id"": 6, ""hum"": 34.73296, ""gas_res"": 25000.0}, {""temp"": 23.83246, ""step"": 1, ""status"": 1, ""pres"": 980.0609, ""meas_profile"": ""HP-5"", ""meas_id"": 5, ""hum"": 34.91923, ""gas_res"": 43522.61}, {""temp"": 23.60452, ""step"": 1, ""status"": 1, ""pres"": 980.1873, ""meas_profile"": ""HP-4"", ""meas_id"": 4, ""hum"": 34.42089, ""gas_res"": 41531.47}, {""temp"": 23.7564, ""step"": 1, ""status"": 1, ""pres"": 979.7587, ""meas_profile"": ""HP-3"", ""meas_id"": 3, ""hum"": 34.90185, ""gas_res"": 24715.2}, {""temp"": 23.67583, ""step"": 1, ""status"": 1, ""pres"": 979.8788, ""meas_profile"": ""HP-2"", ""meas_id"": 2, ""hum"": 35.16098, ""gas_res"": 36147.98}, {""temp"": 23.45064, ""step"": 1, ""status"": 1, ""pres"": 980.0396, ""meas_profile"": ""HP-1"", ""meas_id"": 1, ""hum"": 34.78064, ""gas_res"": 26594.64}]}",NULL,"2025-10-29 09:51:23.415731"
14334,"04a600b9b0b8","2025-10-29 09:50:17","wBoEN1rrgggNQo8LANjn","{""bme688"": [{""temp"": 23.86052, ""step"": 0, ""status"": 1, ""pres"": 980.0283, ""meas_profile"": ""HP-8"", ""meas_id"": 8, ""hum"": 34.97383, ""gas_res"": 5684.846}, {""temp"": 23.83731, ""step"": 0, ""status"": 1, ""pres"": 980.1619, ""meas_profile"": ""HP-7"", ""meas_id"": 7, ""hum"": 34.89163, ""gas_res"": 6385.951}, {""temp"": 23.9214, ""step"": 0, ""status"": 1, ""pres"": 980.3008, ""meas_profile"": ""HP-6"", ""meas_id"": 6, ""hum"": 34.7329, ""gas_res"": 8755.13}, {""temp"": 23.83184, ""step"": 0, ""status"": 1, ""pres"": 980.0599, ""meas_profile"": ""HP-5"", ""meas_id"": 5, ""hum"": 34.93057, ""gas_res"": 25000.0}, {""temp"": 23.60421, ""step"": 0, ""status"": 1, ""pres"": 980.1867, ""meas_profile"": ""HP-4"", ""meas_id"": 4, ""hum"": 34.42086, ""gas_res"": 25000.0}, {""temp"": 23.75578, ""step"": 0, ""status"": 1, ""pres"": 979.7594, ""meas_profile"": ""HP-3"", ""meas_id"": 3, ""hum"": 34.89602, ""gas_res"": 6562.756}, {""temp"": 23.67552, ""step"": 0, ""status"": 1, ""pres"": 979.88, ""meas_profile"": ""HP-2"", ""meas_id"": 2, ""hum"": 35.16096, ""gas_res"": 8524.241}, {""temp"": 23.4497, ""step"": 0, ""status"": 1, ""pres"": 980.04, ""meas_profile"": ""HP-1"", ""meas_id"": 1, ""hum"": 34.78645, ""gas_res"": 6583.008}]}",NULL,"2025-10-29 09:51:24.696593"
14335,"04a600b9b0b8","2025-10-29 09:49:50","wBoEN1rrgggNQo8LANjn","{""zphs01b"": {""voc"": 0, ""temp"": 21.5, ""pm2_5"": 0, ""pm1_0"": 0, ""pm10"": 314, ""o3"": 0.03, ""no2"": 10.0, ""hum"": 0, ""fmhd"": 0, ""co2"": 5000, ""co"": 0.0}, ""smell_b"": {}, ""sfa30"": {""temp"": 23.895, ""hum"": 37.27, ""fmhd"": 6.0}, ""sen5x"": {""voc"": 110.0, ""temp"": 23.76, ""pm4_0"": 4661.6, ""pm2_5"": 4661.6, ""pm1_0"": 4445.1, ""pm10"": 4661.6, ""nox"": 1.0, ""mass_c"": 4607.475, ""hum"": 42.83}, ""scd41"": {""temp"": 23.39246, ""hum"": 45.87778, ""co2"": 609}, ""power_source"": 0, ""mics6814"": {""red_res"": 0, ""no2_res"": 0, ""no2"": 0.17, ""nh3_res"": 0, ""nh3"": 0.73, ""co_res"": 0, ""co"": 44.0}}",NULL,"2025-10-29 09:51:25.956805"
14336,"04a600b9b0b8","2025-10-29 09:49:50","wBoEN1rrgggNQo8LANjn","{""bme688"": [{""temp"": 23.85959, ""step"": 9, ""status"": 1, ""pres"": 980.0287, ""meas_profile"": ""HP-8"", ""meas_id"": 8, ""hum"": 34.97375, ""gas_res"": 5684.846}, {""temp"": 23.83638, ""step"": 9, ""status"": 1, ""pres"": 980.162, ""meas_profile"": ""HP-7"", ""meas_id"": 7, ""hum"": 34.89722, ""gas_res"": 5843.682}, {""temp"": 23.92078, ""step"": 9, ""status"": 1, ""pres"": 980.3017, ""meas_profile"": ""HP-6"", ""meas_id"": 6, ""hum"": 34.75592, ""gas_res"": 7899.284}, {""temp"": 23.83152, ""step"": 9, ""status"": 1, ""pres"": 980.0612, ""meas_profile"": ""HP-5"", ""meas_id"": 5, ""hum"": 34.92484, ""gas_res"": 25000.0}, {""temp"": 23.60359, ""step"": 9, ""status"": 1, ""pres"": 980.1874, ""meas_profile"": ""HP-4"", ""meas_id"": 4, ""hum"": 34.42658, ""gas_res"": 25000.0}, {""temp"": 23.75516, ""step"": 9, ""status"": 1, ""pres"": 979.7601, ""meas_profile"": ""HP-3"", ""meas_id"": 3, ""hum"": 34.89596, ""gas_res"": 6514.658}, {""temp"": 23.6749, ""step"": 9, ""status"": 1, ""pres"": 979.8807, ""meas_profile"": ""HP-2"", ""meas_id"": 2, ""hum"": 35.17232, ""gas_res"": 8103.317}, {""temp"": 23.44908, ""step"": 9, ""status"": 1, ""pres"": 980.0408, ""meas_profile"": ""HP-1"", ""meas_id"": 1, ""hum"": 34.78049, ""gas_res"": 6118.547}]}",NULL,"2025-10-29 09:51:27.266391"
14337,"04a600b9b0b8","2025-10-29 09:49:50","wBoEN1rrgggNQo8LANjn","{""bme688"": [{""temp"": 23.85867, ""step"": 8, ""status"": 1, ""pres"": 980.0288, ""meas_profile"": ""HP-8"", ""meas_id"": 8, ""hum"": 34.96215, ""gas_res"": 5684.846}, {""temp"": 23.83576, ""step"": 8, ""status"": 1, ""pres"": 980.161, ""meas_profile"": ""HP-7"", ""meas_id"": 7, ""hum"": 34.88579, ""gas_res"": 5882.353}, {""temp"": 23.92048, ""step"": 8, ""status"": 1, ""pres"": 980.303, ""meas_profile"": ""HP-6"", ""meas_id"": 6, ""hum"": 34.74435, ""gas_res"": 8109.478}, {""temp"": 23.83121, ""step"": 8, ""status"": 1, ""pres"": 980.0623, ""meas_profile"": ""HP-5"", ""meas_id"": 5, ""hum"": 34.93051, ""gas_res"": 25000.0}, {""temp"": 23.60328, ""step"": 8, ""status"": 1, ""pres"": 980.1885, ""meas_profile"": ""HP-4"", ""meas_id"": 4, ""hum"": 34.43231, ""gas_res"": 25000.0}, {""temp"": 23.75455, ""step"": 8, ""status"": 1, ""pres"": 979.759, ""meas_profile"": ""HP-3"", ""meas_id"": 3, ""hum"": 34.91899, ""gas_res"": 6129.094}, {""temp"": 23.67459, ""step"": 8, ""status"": 1, ""pres"": 979.8819, ""meas_profile"": ""HP-2"", ""meas_id"": 2, ""hum"": 35.17229, ""gas_res"": 8091.024}, {""temp"": 23.44846, ""step"": 8, ""status"": 1, ""pres"": 980.0399, ""meas_profile"": ""HP-1"", ""meas_id"": 1, ""hum"": 34.78633, ""gas_res"": 6329.114}]}",NULL,"2025-10-29 09:51:28.538795"
14338,"04a600b9b0b8","2025-10-29 09:49:50","wBoEN1rrgggNQo8LANjn","{""bme688"": [{""temp"": 23.85774, ""step"": 7, ""status"": 1, ""pres"": 980.0274, ""meas_profile"": ""HP-8"", ""meas_id"": 8, ""hum"": 35.00234, ""gas_res"": 5684.846}, {""temp"": 23.83483, ""step"": 7, ""status"": 1, ""pres"": 980.1613, ""meas_profile"": ""HP-7"", ""meas_id"": 7, ""hum"": 34.89139, ""gas_res"": 5928.122}, {""temp"": 23.91986, ""step"": 7, ""status"": 1, ""pres"": 980.302, ""meas_profile"": ""HP-6"", ""meas_id"": 6, ""hum"": 34.73853, ""gas_res"": 8159.103}, {""temp"": 23.83058, ""step"": 7, ""status"": 1, ""pres"": 980.063, ""meas_profile"": ""HP-5"", ""meas_id"": 5, ""hum"": 34.94186, ""gas_res"": 25000.0}, {""temp"": 23.60296, ""step"": 7, ""status"": 1, ""pres"": 980.1897, ""meas_profile"": ""HP-4"", ""meas_id"": 4, ""hum"": 34.43806, ""gas_res"": 25000.0}, {""temp"": 23.75393, ""step"": 7, ""status"": 1, ""pres"": 979.7598, ""meas_profile"": ""HP-3"", ""meas_id"": 3, ""hum"": 34.93626, ""gas_res"": 6045.721}, {""temp"": 23.67397, ""step"": 7, ""status"": 1, ""pres"": 979.8808, ""meas_profile"": ""HP-2"", ""meas_id"": 2, ""hum"": 35.18364, ""gas_res"": 7841.215}, {""temp"": 23.44784, ""step"": 7, ""status"": 1, ""pres"": 980.0407, ""meas_profile"": ""HP-1"", ""meas_id"": 1, ""hum"": 34.78627, ""gas_res"": 6405.124}]}",NULL,"2025-10-29 09:51:29.815393"
14339,"04a600b9b0b8","2025-10-29 09:49:50","wBoEN1rrgggNQo8LANjn","{""bme688"": [{""temp"": 23.85712, ""step"": 6, ""status"": 1, ""pres"": 980.0282, ""meas_profile"": ""HP-8"", ""meas_id"": 8, ""hum"": 34.99077, ""gas_res"": 15693.97}, {""temp"": 23.8342, ""step"": 6, ""status"": 1, ""pres"": 980.1619, ""meas_profile"": ""HP-7"", ""meas_id"": 7, ""hum"": 34.9084, ""gas_res"": 19041.95}, {""temp"": 23.91955, ""step"": 6, ""status"": 1, ""pres"": 980.3031, ""meas_profile"": ""HP-6"", ""meas_id"": 6, ""hum"": 34.76157, ""gas_res"": 36178.63}, {""temp"": 23.82996, ""step"": 6, ""status"": 1, ""pres"": 980.0637, ""meas_profile"": ""HP-5"", ""meas_id"": 5, ""hum"": 34.9418, ""gas_res"": 125736.7}, {""temp"": 23.60234, ""step"": 6, ""status"": 1, ""pres"": 980.1902, ""meas_profile"": ""HP-4"", ""meas_id"": 4, ""hum"": 34.45531, ""gas_res"": 128385.2}, {""temp"": 23.75331, ""step"": 6, ""status"": 1, ""pres"": 979.7605, ""meas_profile"": ""HP-3"", ""meas_id"": 3, ""hum"": 34.92465, ""gas_res"": 76372.31}, {""temp"": 23.67335, ""step"": 6, ""status"": 1, ""pres"": 979.8816, ""meas_profile"": ""HP-2"", ""meas_id"": 2, ""hum"": 35.18929, ""gas_res"": 94744.63}, {""temp"": 23.44721, ""step"": 6, ""status"": 1, ""pres"": 980.0416, ""meas_profile"": ""HP-1"", ""meas_id"": 1, ""hum"": 34.80984, ""gas_res"": 100000.0}]}",NULL,"2025-10-29 09:51:31.282705"
14340,"04a600b9b0b8","2025-10-29 09:49:50","wBoEN1rrgggNQo8LANjn","{""bme688"": [{""temp"": 23.8562, ""step"": 5, ""status"": 1, ""pres"": 980.0285, ""meas_profile"": ""HP-8"", ""meas_id"": 8, ""hum"": 34.98493, ""gas_res"": 15602.15}, {""temp"": 23.83358, ""step"": 5, ""status"": 1, ""pres"": 980.1625, ""meas_profile"": ""HP-7"", ""meas_id"": 7, ""hum"": 34.90265, ""gas_res"": 18923.71}, {""temp"": 23.91924, ""step"": 5, ""status"": 1, ""pres"": 980.3044, ""meas_profile"": ""HP-6"", ""meas_id"": 6, ""hum"": 34.73846, ""gas_res"": 36117.38}, {""temp"": 23.82933, ""step"": 5, ""status"": 1, ""pres"": 980.0659, ""meas_profile"": ""HP-5"", ""meas_id"": 5, ""hum"": 34.95884, ""gas_res"": 125275.3}, {""temp"": 23.60141, ""step"": 5, ""status"": 1, ""pres"": 980.1905, ""meas_profile"": ""HP-4"", ""meas_id"": 4, ""hum"": 34.46676, ""gas_res"": 128481.8}, {""temp"": 23.75269, ""step"": 5, ""status"": 1, ""pres"": 979.7594, ""meas_profile"": ""HP-3"", ""meas_id"": 3, ""hum"": 34.93036, ""gas_res"": 45277.68}, {""temp"": 23.67304, ""step"": 5, ""status"": 1, ""pres"": 979.8828, ""meas_profile"": ""HP-2"", ""meas_id"": 2, ""hum"": 35.18927, ""gas_res"": 100000.0}, {""temp"": 23.4469, ""step"": 5, ""status"": 1, ""pres"": 980.0447, ""meas_profile"": ""HP-1"", ""meas_id"": 1, ""hum"": 34.80981, ""gas_res"": 89043.48}]}",NULL,"2025-10-29 09:51:32.377567"
14341,"04a600b9b0b8","2025-10-29 09:49:50","wBoEN1rrgggNQo8LANjn","{""bme688"": [{""temp"": 23.85558, ""step"": 4, ""status"": 1, ""pres"": 980.0292, ""meas_profile"": ""HP-8"", ""meas_id"": 8, ""hum"": 34.99637, ""gas_res"": 15602.15}, {""temp"": 23.83265, ""step"": 4, ""status"": 1, ""pres"": 980.1627, ""meas_profile"": ""HP-7"", ""meas_id"": 7, ""hum"": 34.90825, ""gas_res"": 18991.1}, {""temp"": 23.91862, ""step"": 4, ""status"": 1, ""pres"": 980.3035, ""meas_profile"": ""HP-6"", ""meas_id"": 6, ""hum"": 34.76147, ""gas_res"": 36363.64}, {""temp"": 23.82871, ""step"": 4, ""status"": 1, ""pres"": 980.065, ""meas_profile"": ""HP-5"", ""meas_id"": 5, ""hum"": 34.95878, ""gas_res"": 127236.6}, {""temp"": 23.60079, ""step"": 4, ""status"": 1, ""pres"": 980.191, ""meas_profile"": ""HP-4"", ""meas_id"": 4, ""hum"": 34.45517, ""gas_res"": 128481.8}, {""temp"": 23.75238, ""step"": 4, ""status"": 1, ""pres"": 979.7606, ""meas_profile"": ""HP-3"", ""meas_id"": 3, ""hum"": 34.9592, ""gas_res"": 44016.51}, {""temp"": 23.67242, ""step"": 4, ""status"": 1, ""pres"": 979.8834, ""meas_profile"": ""HP-2"", ""meas_id"": 2, ""hum"": 35.19492, ""gas_res"": 100000.0}, {""temp"": 23.44597, ""step"": 4, ""status"": 1, ""pres"": 980.0451, ""meas_profile"": ""HP-1"", ""meas_id"": 1, ""hum"": 34.80972, ""gas_res"": 85475.8}]}",NULL,"2025-10-29 09:51:33.656194"
14342,"04a600b9b0b8","2025-10-29 09:49:50","wBoEN1rrgggNQo8LANjn","{""bme688"": [{""temp"": 23.85465, ""step"": 3, ""status"": 0, ""pres"": 980.0296, ""meas_profile"": ""HP-8"", ""meas_id"": 8, ""hum"": 35.01355, ""gas_res"": 8241.051}, {""temp"": 23.83203, ""step"": 3, ""status"": 0, ""pres"": 980.1633, ""meas_profile"": ""HP-7"", ""meas_id"": 7, ""hum"": 34.91956, ""gas_res"": 9572.24}, {""temp"": 23.91769, ""step"": 3, ""status"": 0, ""pres"": 980.3036, ""meas_profile"": ""HP-6"", ""meas_id"": 6, ""hum"": 34.77869, ""gas_res"": 19370.46}, {""temp"": 23.82777, ""step"": 3, ""status"": 0, ""pres"": 980.0652, ""meas_profile"": ""HP-5"", ""meas_id"": 5, ""hum"": 34.9701, ""gas_res"": 40933.8}, {""temp"": 23.59986, ""step"": 3, ""status"": 0, ""pres"": 980.1912, ""meas_profile"": ""HP-4"", ""meas_id"": 4, ""hum"": 34.45508, ""gas_res"": 39348.29}, {""temp"": 23.75145, ""step"": 3, ""status"": 0, ""pres"": 979.7606, ""meas_profile"": ""HP-3"", ""meas_id"": 3, ""hum"": 34.94757, ""gas_res"": 25241.57}, {""temp"": 23.67149, ""step"": 3, ""status"": 0, ""pres"": 979.8834, ""meas_profile"": ""HP-2"", ""meas_id"": 2, ""hum"": 35.19483, ""gas_res"": 36025.89}, {""temp"": 23.44504, ""step"": 3, ""status"": 0, ""pres"": 980.0454, ""meas_profile"": ""HP-1"", ""meas_id"": 1, ""hum"": 34.82735, ""gas_res"": 24502.3}]}",NULL,"2025-10-29 09:51:34.945256"
14343,"04a600b9b0b8","2025-10-29 09:49:50","wBoEN1rrgggNQo8LANjn","{""bme688"": [{""temp"": 23.85403, ""step"": 2, ""status"": 1, ""pres"": 980.0287, ""meas_profile"": ""HP-8"", ""meas_id"": 8, ""hum"": 35.00774, ""gas_res"": 26512.01}, {""temp"": 23.8311, ""step"": 2, ""status"": 1, ""pres"": 980.1635, ""meas_profile"": ""HP-7"", ""meas_id"": 7, ""hum"": 34.91379, ""gas_res"": 32388.66}, {""temp"": 23.91708, ""step"": 2, ""status"": 1, ""pres"": 980.3044, ""meas_profile"": ""HP-6"", ""meas_id"": 6, ""hum"": 34.79018, ""gas_res"": 95862.2}, {""temp"": 23.82714, ""step"": 2, ""status"": 1, ""pres"": 980.0658, ""meas_profile"": ""HP-5"", ""meas_id"": 5, ""hum"": 34.97004, ""gas_res"": 241680.4}, {""temp"": 23.59924, ""step"": 2, ""status"": 1, ""pres"": 980.1919, ""meas_profile"": ""HP-4"", ""meas_id"": 4, ""hum"": 34.47233, ""gas_res"": 288939.1}, {""temp"": 23.75084, ""step"": 2, ""status"": 1, ""pres"": 979.7614, ""meas_profile"": ""HP-3"", ""meas_id"": 3, ""hum"": 34.95328, ""gas_res"": 131046.8}, {""temp"": 23.67086, ""step"": 2, ""status"": 1, ""pres"": 979.884, ""meas_profile"": ""HP-2"", ""meas_id"": 2, ""hum"": 35.21762, ""gas_res"": 222608.7}, {""temp"": 23.44441, ""step"": 2, ""status"": 1, ""pres"": 980.0464, ""meas_profile"": ""HP-1"", ""meas_id"": 1, ""hum"": 34.83911, ""gas_res"": 163109.3}]}",NULL,"2025-10-29 09:51:36.4181"
14344,"04a600b9b0b8","2025-10-29 09:49:50","wBoEN1rrgggNQo8LANjn","{""bme688"": [{""temp"": 23.85341, ""step"": 1, ""status"": 1, ""pres"": 980.0294, ""meas_profile"": ""HP-8"", ""meas_id"": 8, ""hum"": 35.05373, ""gas_res"": 9248.555}, {""temp"": 23.83079, ""step"": 1, ""status"": 1, ""pres"": 980.1646, ""meas_profile"": ""HP-7"", ""meas_id"": 7, ""hum"": 34.91376, ""gas_res"": 10557.57}, {""temp"": 23.91677, ""step"": 1, ""status"": 1, ""pres"": 980.3055, ""meas_profile"": ""HP-6"", ""meas_id"": 6, ""hum"": 34.77861, ""gas_res"": 25000.0}, {""temp"": 23.82683, ""step"": 1, ""status"": 1, ""pres"": 980.0671, ""meas_profile"": ""HP-5"", ""meas_id"": 5, ""hum"": 34.98141, ""gas_res"": 39312.04}, {""temp"": 23.59893, ""step"": 1, ""status"": 1, ""pres"": 980.193, ""meas_profile"": ""HP-4"", ""meas_id"": 4, ""hum"": 34.48384, ""gas_res"": 35135.88}, {""temp"": 23.75052, ""step"": 1, ""status"": 1, ""pres"": 979.7626, ""meas_profile"": ""HP-3"", ""meas_id"": 3, ""hum"": 34.97635, ""gas_res"": 25000.0}, {""temp"": 23.67024, ""step"": 1, ""status"": 1, ""pres"": 979.8848, ""meas_profile"": ""HP-2"", ""meas_id"": 2, ""hum"": 35.22897, ""gas_res"": 28900.43}, {""temp"": 23.44379, ""step"": 1, ""status"": 1, ""pres"": 980.0472, ""meas_profile"": ""HP-1"", ""meas_id"": 1, ""hum"": 34.84496, ""gas_res"": 25000.0}]}",NULL,"2025-10-29 09:51:38.133256"
14345,"04a600b9b0b8","2025-10-29 09:49:50","wBoEN1rrgggNQo8LANjn","{""bme688"": [{""temp"": 23.8528, ""step"": 0, ""status"": 1, ""pres"": 980.0302, ""meas_profile"": ""HP-8"", ""meas_id"": 8, ""hum"": 35.02489, ""gas_res"": 5846.885}, {""temp"": 23.83017, ""step"": 0, ""status"": 1, ""pres"": 980.1652, ""meas_profile"": ""HP-7"", ""meas_id"": 7, ""hum"": 34.93077, ""gas_res"": 6686.168}, {""temp"": 23.91615, ""step"": 0, ""status"": 1, ""pres"": 980.3063, ""meas_profile"": ""HP-6"", ""meas_id"": 6, ""hum"": 34.79586, ""gas_res"": 8871.639}, {""temp"": 23.82621, ""step"": 0, ""status"": 1, ""pres"": 980.0676, ""meas_profile"": ""HP-5"", ""meas_id"": 5, ""hum"": 34.95854, ""gas_res"": 25000.0}, {""temp"": 23.59862, ""step"": 0, ""status"": 1, ""pres"": 980.1942, ""meas_profile"": ""HP-4"", ""meas_id"": 4, ""hum"": 34.48959, ""gas_res"": 25000.0}, {""temp"": 23.74991, ""step"": 0, ""status"": 1, ""pres"": 979.7633, ""meas_profile"": ""HP-3"", ""meas_id"": 3, ""hum"": 34.95897, ""gas_res"": 5895.357}, {""temp"": 23.66993, ""step"": 0, ""status"": 1, ""pres"": 979.886, ""meas_profile"": ""HP-2"", ""meas_id"": 2, ""hum"": 35.22894, ""gas_res"": 7509.974}, {""temp"": 23.44317, ""step"": 0, ""status"": 1, ""pres"": 980.048, ""meas_profile"": ""HP-1"", ""meas_id"": 1, ""hum"": 34.85672, ""gas_res"": 6090.598}]}",NULL,"2025-10-29 09:51:39.416585"
14346,"04a600b9b0b8","2025-10-29 09:51:48","wBoEN1rrgggNQo8LANjn","{""zphs01b"": {""voc"": 0, ""temp"": 21.5, ""pm2_5"": 0, ""pm1_0"": 0, ""pm10"": 281, ""o3"": 0.03, ""no2"": 10.0, ""hum"": 0, ""fmhd"": 0, ""co2"": 5000, ""co"": 0.0}, ""smell_b"": {}, ""sfa30"": {""temp"": 23.95, ""hum"": 37.24, ""fmhd"": 10.6}, ""sen5x"": {""voc"": 97.0, ""temp"": 23.7, ""pm4_0"": 4559.1, ""pm2_5"": 4559.1, ""pm1_0"": 4347.3, ""pm10"": 4559.1, ""nox"": 1.0, ""mass_c"": 4506.15, ""hum"": 43.12}, ""scd41"": {""temp"": 23.57671, ""hum"": 45.68399, ""co2"": 619}, ""power_source"": 0, ""mics6814"": {""red_res"": 0, ""no2_res"": 0, ""no2"": 0.17, ""nh3_res"": 0, ""nh3"": 0.73, ""co_res"": 0, ""co"": 44.0}}",NULL,"2025-10-29 09:52:42.847435"
14347,"04a600b9b0b8","2025-10-29 09:51:48","wBoEN1rrgggNQo8LANjn","{""bme688"": [{""temp"": 23.88616, ""step"": 9, ""status"": 1, ""pres"": 980.0246, ""meas_profile"": ""HP-8"", ""meas_id"": 8, ""hum"": 34.91875, ""gas_res"": 5684.846}, {""temp"": 23.86153, ""step"": 9, ""status"": 1, ""pres"": 980.1515, ""meas_profile"": ""HP-7"", ""meas_id"": 7, ""hum"": 34.83705, ""gas_res"": 6111.536}, {""temp"": 23.94054, ""step"": 9, ""status"": 1, ""pres"": 980.2922, ""meas_profile"": ""HP-6"", ""meas_id"": 6, ""hum"": 34.69435, ""gas_res"": 8497.079}, {""temp"": 23.85185, ""step"": 9, ""status"": 1, ""pres"": 980.0424, ""meas_profile"": ""HP-5"", ""meas_id"": 5, ""hum"": 34.88118, ""gas_res"": 25000.0}, {""temp"": 23.62253, ""step"": 9, ""status"": 1, ""pres"": 980.1686, ""meas_profile"": ""HP-4"", ""meas_id"": 4, ""hum"": 34.39951, ""gas_res"": 25000.0}, {""temp"": 23.77464, ""step"": 9, ""status"": 1, ""pres"": 979.7464, ""meas_profile"": ""HP-3"", ""meas_id"": 3, ""hum"": 34.87472, ""gas_res"": 7349.563}, {""temp"": 23.69509, ""step"": 9, ""status"": 1, ""pres"": 979.8666, ""meas_profile"": ""HP-2"", ""meas_id"": 2, ""hum"": 35.14571, ""gas_res"": 9176.943}, {""temp"": 23.469, ""step"": 9, ""status"": 1, ""pres"": 980.0137, ""meas_profile"": ""HP-1"", ""meas_id"": 1, ""hum"": 34.78238, ""gas_res"": 6924.908}]}",NULL,"2025-10-29 09:52:44.054731"
14348,"04a600b9b0b8","2025-10-29 09:51:48","wBoEN1rrgggNQo8LANjn","{""bme688"": [{""temp"": 23.88523, ""step"": 8, ""status"": 1, ""pres"": 980.0249, ""meas_profile"": ""HP-8"", ""meas_id"": 8, ""hum"": 34.93017, ""gas_res"": 5684.846}, {""temp"": 23.8606, ""step"": 8, ""status"": 1, ""pres"": 980.1518, ""meas_profile"": ""HP-7"", ""meas_id"": 7, ""hum"": 34.83127, ""gas_res"": 6200.349}, {""temp"": 23.93992, ""step"": 8, ""status"": 1, ""pres"": 980.293, ""meas_profile"": ""HP-6"", ""meas_id"": 6, ""hum"": 34.68852, ""gas_res"": 8842.222}, {""temp"": 23.85122, ""step"": 8, ""status"": 1, ""pres"": 980.043, ""meas_profile"": ""HP-5"", ""meas_id"": 5, ""hum"": 34.88111, ""gas_res"": 25000.0}, {""temp"": 23.62222, ""step"": 8, ""status"": 1, ""pres"": 980.1699, ""meas_profile"": ""HP-4"", ""meas_id"": 4, ""hum"": 34.38218, ""gas_res"": 25000.0}, {""temp"": 23.77434, ""step"": 8, ""status"": 1, ""pres"": 979.7458, ""meas_profile"": ""HP-3"", ""meas_id"": 3, ""hum"": 34.86892, ""gas_res"": 7048.458}, {""temp"": 23.69447, ""step"": 8, ""status"": 1, ""pres"": 979.8672, ""meas_profile"": ""HP-2"", ""meas_id"": 2, ""hum"": 35.14564, ""gas_res"": 9495.549}, {""temp"": 23.46838, ""step"": 8, ""status"": 1, ""pres"": 980.0145, ""meas_profile"": ""HP-1"", ""meas_id"": 1, ""hum"": 34.79413, ""gas_res"": 7249.66}]}",NULL,"2025-10-29 09:52:45.334172"
14349,"04a600b9b0b8","2025-10-29 09:51:48","wBoEN1rrgggNQo8LANjn","{""bme688"": [{""temp"": 23.88399, ""step"": 7, ""status"": 1, ""pres"": 980.0248, ""meas_profile"": ""HP-8"", ""meas_id"": 8, ""hum"": 34.93005, ""gas_res"": 5684.846}, {""temp"": 23.85936, ""step"": 7, ""status"": 1, ""pres"": 980.1531, ""meas_profile"": ""HP-7"", ""meas_id"": 7, ""hum"": 34.82547, ""gas_res"": 6139.678}, {""temp"": 23.9393, ""step"": 7, ""status"": 1, ""pres"": 980.2936, ""meas_profile"": ""HP-6"", ""meas_id"": 6, ""hum"": 34.68847, ""gas_res"": 8961.075}, {""temp"": 23.8506, ""step"": 7, ""status"": 1, ""pres"": 980.0437, ""meas_profile"": ""HP-5"", ""meas_id"": 5, ""hum"": 34.88675, ""gas_res"": 25000.0}, {""temp"": 23.6216, ""step"": 7, ""status"": 1, ""pres"": 980.1704, ""meas_profile"": ""HP-4"", ""meas_id"": 4, ""hum"": 34.37058, ""gas_res"": 25000.0}, {""temp"": 23.77403, ""step"": 7, ""status"": 1, ""pres"": 979.7471, ""meas_profile"": ""HP-3"", ""meas_id"": 3, ""hum"": 34.8689, ""gas_res"": 7034.513}, {""temp"": 23.69415, ""step"": 7, ""status"": 1, ""pres"": 979.8667, ""meas_profile"": ""HP-2"", ""meas_id"": 2, ""hum"": 35.1399, ""gas_res"": 9321.293}, {""temp"": 23.46807, ""step"": 7, ""status"": 1, ""pres"": 980.0159, ""meas_profile"": ""HP-1"", ""meas_id"": 1, ""hum"": 34.7941, ""gas_res"": 7339.45}]}",NULL,"2025-10-29 09:52:46.612897"
14350,"04a600b9b0b8","2025-10-29 09:51:48","wBoEN1rrgggNQo8LANjn","{""bme688"": [{""temp"": 23.88307, ""step"": 6, ""status"": 1, ""pres"": 980.0251, ""meas_profile"": ""HP-8"", ""meas_id"": 8, ""hum"": 34.92421, ""gas_res"": 15488.87}, {""temp"": 23.85843, ""step"": 6, ""status"": 1, ""pres"": 980.1515, ""meas_profile"": ""HP-7"", ""meas_id"": 7, ""hum"": 34.82538, ""gas_res"": 19282.92}, {""temp"": 23.93869, ""step"": 6, ""status"": 1, ""pres"": 980.2927, ""meas_profile"": ""HP-6"", ""meas_id"": 6, ""hum"": 34.67687, ""gas_res"": 39060.12}, {""temp"": 23.84997, ""step"": 6, ""status"": 1, ""pres"": 980.0443, ""meas_profile"": ""HP-5"", ""meas_id"": 5, ""hum"": 34.87529, ""gas_res"": 138828.6}, {""temp"": 23.62129, ""step"": 6, ""status"": 1, ""pres"": 980.1716, ""meas_profile"": ""HP-4"", ""meas_id"": 4, ""hum"": 34.36478, ""gas_res"": 148750.7}, {""temp"": 23.77372, ""step"": 6, ""status"": 1, ""pres"": 979.7482, ""meas_profile"": ""HP-3"", ""meas_id"": 3, ""hum"": 34.84, ""gas_res"": 90651.55}, {""temp"": 23.69353, ""step"": 6, ""status"": 1, ""pres"": 979.8674, ""meas_profile"": ""HP-2"", ""meas_id"": 2, ""hum"": 35.12843, ""gas_res"": 114439.0}, {""temp"": 23.46775, ""step"": 6, ""status"": 1, ""pres"": 980.0173, ""meas_profile"": ""HP-1"", ""meas_id"": 1, ""hum"": 34.78816, ""gas_res"": 100000.0}]}",NULL,"2025-10-29 09:52:48.082154"
14351,"04a600b9b0b8","2025-10-29 09:51:48","wBoEN1rrgggNQo8LANjn","{""bme688"": [{""temp"": 23.88214, ""step"": 5, ""status"": 1, ""pres"": 980.0253, ""meas_profile"": ""HP-8"", ""meas_id"": 8, ""hum"": 34.91837, ""gas_res"": 15311.0}, {""temp"": 23.85749, ""step"": 5, ""status"": 1, ""pres"": 980.1534, ""meas_profile"": ""HP-7"", ""meas_id"": 7, ""hum"": 34.81961, ""gas_res"": 19178.9}, {""temp"": 23.93807, ""step"": 5, ""status"": 1, ""pres"": 980.2935, ""meas_profile"": ""HP-6"", ""meas_id"": 6, ""hum"": 34.68258, ""gas_res"": 38811.4}, {""temp"": 23.84904, ""step"": 5, ""status"": 1, ""pres"": 980.0444, ""meas_profile"": ""HP-5"", ""meas_id"": 5, ""hum"": 34.88091, ""gas_res"": 138042.6}, {""temp"": 23.62067, ""step"": 5, ""status"": 1, ""pres"": 980.1722, ""meas_profile"": ""HP-4"", ""meas_id"": 4, ""hum"": 34.38203, ""gas_res"": 148105.3}, {""temp"": 23.7731, ""step"": 5, ""status"": 1, ""pres"": 979.7489, ""meas_profile"": ""HP-3"", ""meas_id"": 3, ""hum"": 34.85727, ""gas_res"": 88033.02}, {""temp"": 23.69291, ""step"": 5, ""status"": 1, ""pres"": 979.868, ""meas_profile"": ""HP-2"", ""meas_id"": 2, ""hum"": 35.12838, ""gas_res"": 111741.6}, {""temp"": 23.46713, ""step"": 5, ""status"": 1, ""pres"": 980.0182, ""meas_profile"": ""HP-1"", ""meas_id"": 1, ""hum"": 34.79992, ""gas_res"": 100000.0}]}",NULL,"2025-10-29 09:52:49.173882"
14352,"04a600b9b0b8","2025-10-29 09:51:48","wBoEN1rrgggNQo8LANjn","{""bme688"": [{""temp"": 23.88152, ""step"": 4, ""status"": 1, ""pres"": 980.0261, ""meas_profile"": ""HP-8"", ""meas_id"": 8, ""hum"": 34.9183, ""gas_res"": 15158.69}, {""temp"": 23.85656, ""step"": 4, ""status"": 1, ""pres"": 980.1534, ""meas_profile"": ""HP-7"", ""meas_id"": 7, ""hum"": 34.83089, ""gas_res"": 18923.71}, {""temp"": 23.93745, ""step"": 4, ""status"": 1, ""pres"": 980.2942, ""meas_profile"": ""HP-6"", ""meas_id"": 6, ""hum"": 34.68252, ""gas_res"": 39275.85}, {""temp"": 23.84809, ""step"": 4, ""status"": 1, ""pres"": 980.0447, ""meas_profile"": ""HP-5"", ""meas_id"": 5, ""hum"": 34.86942, ""gas_res"": 140891.6}, {""temp"": 23.62036, ""step"": 4, ""status"": 1, ""pres"": 980.1735, ""meas_profile"": ""HP-4"", ""meas_id"": 4, ""hum"": 34.38777, ""gas_res"": 150058.6}, {""temp"": 23.77248, ""step"": 4, ""status"": 1, ""pres"": 979.7496, ""meas_profile"": ""HP-3"", ""meas_id"": 3, ""hum"": 34.87452, ""gas_res"": 85819.65}, {""temp"": 23.69198, ""step"": 4, ""status"": 1, ""pres"": 979.8683, ""meas_profile"": ""HP-2"", ""meas_id"": 2, ""hum"": 35.1397, ""gas_res"": 110583.2}, {""temp"": 23.46682, ""step"": 4, ""status"": 1, ""pres"": 980.0193, ""meas_profile"": ""HP-1"", ""meas_id"": 1, ""hum"": 34.76446, ""gas_res"": 100000.0}]}",NULL,"2025-10-29 09:52:50.45536"
14353,"04a600b9b0b8","2025-10-29 09:51:48","wBoEN1rrgggNQo8LANjn","{""bme688"": [{""temp"": 23.8806, ""step"": 3, ""status"": 0, ""pres"": 980.0264, ""meas_profile"": ""HP-8"", ""meas_id"": 8, ""hum"": 34.94123, ""gas_res"": 7916.873}, {""temp"": 23.85563, ""step"": 3, ""status"": 0, ""pres"": 980.1535, ""meas_profile"": ""HP-7"", ""meas_id"": 7, ""hum"": 34.8308, ""gas_res"": 9240.543}, {""temp"": 23.93653, ""step"": 3, ""status"": 0, ""pres"": 980.2946, ""meas_profile"": ""HP-6"", ""meas_id"": 6, ""hum"": 34.71127, ""gas_res"": 20725.39}, {""temp"": 23.84716, ""step"": 3, ""status"": 0, ""pres"": 980.0446, ""meas_profile"": ""HP-5"", ""meas_id"": 5, ""hum"": 34.89212, ""gas_res"": 45325.78}, {""temp"": 23.61943, ""step"": 3, ""status"": 0, ""pres"": 980.1736, ""meas_profile"": ""HP-4"", ""meas_id"": 4, ""hum"": 34.38191, ""gas_res"": 45763.32}, {""temp"": 23.77155, ""step"": 3, ""status"": 0, ""pres"": 979.7482, ""meas_profile"": ""HP-3"", ""meas_id"": 3, ""hum"": 34.86866, ""gas_res"": 29237.09}, {""temp"": 23.69136, ""step"": 3, ""status"": 0, ""pres"": 979.8689, ""meas_profile"": ""HP-2"", ""meas_id"": 2, ""hum"": 35.14535, ""gas_res"": 43567.05}, {""temp"": 23.4662, ""step"": 3, ""status"": 0, ""pres"": 980.0203, ""meas_profile"": ""HP-1"", ""meas_id"": 1, ""hum"": 34.79983, ""gas_res"": 30360.53}]}",NULL,"2025-10-29 09:52:51.735748"
14354,"04a600b9b0b8","2025-10-29 09:51:48","wBoEN1rrgggNQo8LANjn","{""bme688"": [{""temp"": 23.87967, ""step"": 2, ""status"": 1, ""pres"": 980.025, ""meas_profile"": ""HP-8"", ""meas_id"": 8, ""hum"": 34.93539, ""gas_res"": 17862.13}, {""temp"": 23.85501, ""step"": 2, ""status"": 1, ""pres"": 980.1542, ""meas_profile"": ""HP-7"", ""meas_id"": 7, ""hum"": 34.83643, ""gas_res"": 21717.0}, {""temp"": 23.9356, ""step"": 2, ""status"": 1, ""pres"": 980.2946, ""meas_profile"": ""HP-6"", ""meas_id"": 6, ""hum"": 34.71118, ""gas_res"": 59911.07}, {""temp"": 23.84622, ""step"": 2, ""status"": 1, ""pres"": 980.0465, ""meas_profile"": ""HP-5"", ""meas_id"": 5, ""hum"": 34.89774, ""gas_res"": 140775.4}, {""temp"": 23.61881, ""step"": 2, ""status"": 1, ""pres"": 980.1741, ""meas_profile"": ""HP-4"", ""meas_id"": 4, ""hum"": 34.37608, ""gas_res"": 190866.7}, {""temp"": 23.77094, ""step"": 2, ""status"": 1, ""pres"": 979.7487, ""meas_profile"": ""HP-3"", ""meas_id"": 3, ""hum"": 34.88591, ""gas_res"": 94797.26}, {""temp"": 23.69074, ""step"": 2, ""status"": 1, ""pres"": 979.8696, ""meas_profile"": ""HP-2"", ""meas_id"": 2, ""hum"": 35.12817, ""gas_res"": 158710.5}, {""temp"": 23.46558, ""step"": 2, ""status"": 1, ""pres"": 980.0212, ""meas_profile"": ""HP-1"", ""meas_id"": 1, ""hum"": 34.78796, ""gas_res"": 121528.6}]}",NULL,"2025-10-29 09:52:53.207097"
14355,"04a600b9b0b8","2025-10-29 09:51:48","wBoEN1rrgggNQo8LANjn","{""bme688"": [{""temp"": 23.87905, ""step"": 1, ""status"": 1, ""pres"": 980.0259, ""meas_profile"": ""HP-8"", ""meas_id"": 8, ""hum"": 34.94108, ""gas_res"": 8908.686}, {""temp"": 23.85439, ""step"": 1, ""status"": 1, ""pres"": 980.1548, ""meas_profile"": ""HP-7"", ""meas_id"": 7, ""hum"": 34.87049, ""gas_res"": 10610.08}, {""temp"": 23.93498, ""step"": 1, ""status"": 1, ""pres"": 980.2936, ""meas_profile"": ""HP-6"", ""meas_id"": 6, ""hum"": 34.71112, ""gas_res"": 25000.0}, {""temp"": 23.84559, ""step"": 1, ""status"": 1, ""pres"": 980.0474, ""meas_profile"": ""HP-5"", ""meas_id"": 5, ""hum"": 34.90907, ""gas_res"": 44849.34}, {""temp"": 23.61819, ""step"": 1, ""status"": 1, ""pres"": 980.1732, ""meas_profile"": ""HP-4"", ""meas_id"": 4, ""hum"": 34.39333, ""gas_res"": 42146.86}, {""temp"": 23.77032, ""step"": 1, ""status"": 1, ""pres"": 979.7495, ""meas_profile"": ""HP-3"", ""meas_id"": 3, ""hum"": 34.89163, ""gas_res"": 25406.91}, {""temp"": 23.69043, ""step"": 1, ""status"": 1, ""pres"": 979.8708, ""meas_profile"": ""HP-2"", ""meas_id"": 2, ""hum"": 35.13955, ""gas_res"": 37252.62}, {""temp"": 23.46527, ""step"": 1, ""status"": 1, ""pres"": 980.0207, ""meas_profile"": ""HP-1"", ""meas_id"": 1, ""hum"": 34.79974, ""gas_res"": 27450.14}]}",NULL,"2025-10-29 09:52:54.295972"
14356,"04a600b9b0b8","2025-10-29 09:51:48","wBoEN1rrgggNQo8LANjn","{""bme688"": [{""temp"": 23.87812, ""step"": 0, ""status"": 1, ""pres"": 980.0261, ""meas_profile"": ""HP-8"", ""meas_id"": 8, ""hum"": 34.94675, ""gas_res"": 5684.846}, {""temp"": 23.85346, ""step"": 0, ""status"": 1, ""pres"": 980.1551, ""meas_profile"": ""HP-7"", ""meas_id"": 7, ""hum"": 34.85904, ""gas_res"": 6451.613}, {""temp"": 23.93436, ""step"": 0, ""status"": 1, ""pres"": 980.2943, ""meas_profile"": ""HP-6"", ""meas_id"": 6, ""hum"": 34.71683, ""gas_res"": 9036.995}, {""temp"": 23.84497, ""step"": 0, ""status"": 1, ""pres"": 980.048, ""meas_profile"": ""HP-5"", ""meas_id"": 5, ""hum"": 34.91472, ""gas_res"": 25000.0}, {""temp"": 23.61787, ""step"": 0, ""status"": 1, ""pres"": 980.1758, ""meas_profile"": ""HP-4"", ""meas_id"": 4, ""hum"": 34.39907, ""gas_res"": 25000.0}, {""temp"": 23.7697, ""step"": 0, ""status"": 1, ""pres"": 979.7501, ""meas_profile"": ""HP-3"", ""meas_id"": 3, ""hum"": 34.86848, ""gas_res"": 6779.661}, {""temp"": 23.68981, ""step"": 0, ""status"": 1, ""pres"": 979.8714, ""meas_profile"": ""HP-2"", ""meas_id"": 2, ""hum"": 35.13949, ""gas_res"": 8976.157}, {""temp"": 23.46464, ""step"": 0, ""status"": 1, ""pres"": 980.0217, ""meas_profile"": ""HP-1"", ""meas_id"": 1, ""hum"": 34.78196, ""gas_res"": 6929.407}]}",NULL,"2025-10-29 09:52:55.577041"
14357,"04a600b9b0b8","2025-10-29 09:51:21","wBoEN1rrgggNQo8LANjn","{""zphs01b"": {""voc"": 0, ""temp"": 21.6, ""pm2_5"": 0, ""pm1_0"": 0, ""pm10"": 280, ""o3"": 0.03, ""no2"": 10.0, ""hum"": 0, ""fmhd"": 0, ""co2"": 5000, ""co"": 0.0}, ""smell_b"": {}, ""sfa30"": {""temp"": 23.935, ""hum"": 37.24, ""fmhd"": 9.8}, ""sen5x"": {""voc"": 97.0, ""temp"": 23.71, ""pm4_0"": 4821.7, ""pm2_5"": 4821.7, ""pm1_0"": 4597.8, ""pm10"": 4821.7, ""nox"": 1.0, ""mass_c"": 4765.725, ""hum"": 43.06}, ""scd41"": {""temp"": 23.53132, ""hum"": 45.79385, ""co2"": 615}, ""power_source"": 0, ""mics6814"": {""red_res"": 0, ""no2_res"": 0, ""no2"": 0.17, ""nh3_res"": 0, ""nh3"": 0.73, ""co_res"": 0, ""co"": 44.0}}",NULL,"2025-10-29 09:52:56.745349"
14358,"04a600b9b0b8","2025-10-29 09:51:21","wBoEN1rrgggNQo8LANjn","{""bme688"": [{""temp"": 23.87689, ""step"": 9, ""status"": 1, ""pres"": 980.0277, ""meas_profile"": ""HP-8"", ""meas_id"": 8, ""hum"": 34.94088, ""gas_res"": 5684.846}, {""temp"": 23.85252, ""step"": 9, ""status"": 1, ""pres"": 980.1552, ""meas_profile"": ""HP-7"", ""meas_id"": 7, ""hum"": 34.85326, ""gas_res"": 5872.637}, {""temp"": 23.93375, ""step"": 9, ""status"": 1, ""pres"": 980.2952, ""meas_profile"": ""HP-6"", ""meas_id"": 6, ""hum"": 34.69371, ""gas_res"": 7899.284}, {""temp"": 23.84434, ""step"": 9, ""status"": 1, ""pres"": 980.0486, ""meas_profile"": ""HP-5"", ""meas_id"": 5, ""hum"": 34.89186, ""gas_res"": 25000.0}, {""temp"": 23.61725, ""step"": 9, ""status"": 1, ""pres"": 980.1766, ""meas_profile"": ""HP-4"", ""meas_id"": 4, ""hum"": 34.37017, ""gas_res"": 25000.0}, {""temp"": 23.76939, ""step"": 9, ""status"": 1, ""pres"": 979.7512, ""meas_profile"": ""HP-3"", ""meas_id"": 3, ""hum"": 34.85691, ""gas_res"": 6753.905}, {""temp"": 23.6895, ""step"": 9, ""status"": 1, ""pres"": 979.871, ""meas_profile"": ""HP-2"", ""meas_id"": 2, ""hum"": 35.11092, ""gas_res"": 8483.563}, {""temp"": 23.46402, ""step"": 9, ""status"": 1, ""pres"": 980.0225, ""meas_profile"": ""HP-1"", ""meas_id"": 1, ""hum"": 34.74648, ""gas_res"": 6299.212}]}",NULL,"2025-10-29 09:52:58.327367"
14359,"04a600b9b0b8","2025-10-29 09:51:21","wBoEN1rrgggNQo8LANjn","{""bme688"": [{""temp"": 23.87565, ""step"": 8, ""status"": 1, ""pres"": 980.0274, ""meas_profile"": ""HP-8"", ""meas_id"": 8, ""hum"": 34.95802, ""gas_res"": 5684.846}, {""temp"": 23.85159, ""step"": 8, ""status"": 1, ""pres"": 980.1552, ""meas_profile"": ""HP-7"", ""meas_id"": 7, ""hum"": 34.87023, ""gas_res"": 5981.309}, {""temp"": 23.93313, ""step"": 8, ""status"": 1, ""pres"": 980.296, ""meas_profile"": ""HP-6"", ""meas_id"": 6, ""hum"": 34.69941, ""gas_res"": 8370.39}, {""temp"": 23.84372, ""step"": 8, ""status"": 1, ""pres"": 980.0491, ""meas_profile"": ""HP-5"", ""meas_id"": 5, ""hum"": 34.9032, ""gas_res"": 25000.0}, {""temp"": 23.61663, ""step"": 8, ""status"": 1, ""pres"": 980.1774, ""meas_profile"": ""HP-4"", ""meas_id"": 4, ""hum"": 34.36435, ""gas_res"": 25000.0}, {""temp"": 23.76846, ""step"": 8, ""status"": 1, ""pres"": 979.7514, ""meas_profile"": ""HP-3"", ""meas_id"": 3, ""hum"": 34.86259, ""gas_res"": 6420.546}, {""temp"": 23.68888, ""step"": 8, ""status"": 1, ""pres"": 979.8716, ""meas_profile"": ""HP-2"", ""meas_id"": 2, ""hum"": 35.09374, ""gas_res"": 8551.577}, {""temp"": 23.46309, ""step"": 8, ""status"": 1, ""pres"": 980.0226, ""meas_profile"": ""HP-1"", ""meas_id"": 1, ""hum"": 34.7582, ""gas_res"": 6644.518}]}",NULL,"2025-10-29 09:52:59.45199"
14360,"04a600b9b0b8","2025-10-29 09:51:21","wBoEN1rrgggNQo8LANjn","{""bme688"": [{""temp"": 23.87473, ""step"": 7, ""status"": 1, ""pres"": 980.0259, ""meas_profile"": ""HP-8"", ""meas_id"": 8, ""hum"": 34.95217, ""gas_res"": 5684.846}, {""temp"": 23.85097, ""step"": 7, ""status"": 1, ""pres"": 980.156, ""meas_profile"": ""HP-7"", ""meas_id"": 7, ""hum"": 34.87585, ""gas_res"": 6015.038}, {""temp"": 23.93251, ""step"": 7, ""status"": 1, ""pres"": 980.2966, ""meas_profile"": ""HP-6"", ""meas_id"": 6, ""hum"": 34.69935, ""gas_res"": 8409.987}, {""temp"": 23.84309, ""step"": 7, ""status"": 1, ""pres"": 980.0499, ""meas_profile"": ""HP-5"", ""meas_id"": 5, ""hum"": 34.89744, ""gas_res"": 25000.0}, {""temp"": 23.6157, ""step"": 7, ""status"": 1, ""pres"": 980.1772, ""meas_profile"": ""HP-4"", ""meas_id"": 4, ""hum"": 34.37579, ""gas_res"": 25000.0}, {""temp"": 23.76753, ""step"": 7, ""status"": 1, ""pres"": 979.7517, ""meas_profile"": ""HP-3"", ""meas_id"": 3, ""hum"": 34.85673, ""gas_res"": 6344.171}, {""temp"": 23.68826, ""step"": 7, ""status"": 1, ""pres"": 979.8724, ""meas_profile"": ""HP-2"", ""meas_id"": 2, ""hum"": 35.1108, ""gas_res"": 8279.431}, {""temp"": 23.46215, ""step"": 7, ""status"": 1, ""pres"": 980.0231, ""meas_profile"": ""HP-1"", ""meas_id"": 1, ""hum"": 34.76402, ""gas_res"": 6611.57}]}",NULL,"2025-10-29 09:53:00.695642"
14361,"04a600b9b0b8","2025-10-29 09:51:21","wBoEN1rrgggNQo8LANjn","{""bme688"": [{""temp"": 23.8738, ""step"": 6, ""status"": 1, ""pres"": 980.0263, ""meas_profile"": ""HP-8"", ""meas_id"": 8, ""hum"": 34.95783, ""gas_res"": 15511.39}, {""temp"": 23.85004, ""step"": 6, ""status"": 1, ""pres"": 980.1559, ""meas_profile"": ""HP-7"", ""meas_id"": 7, ""hum"": 34.87577, ""gas_res"": 18840.15}, {""temp"": 23.9319, ""step"": 6, ""status"": 1, ""pres"": 980.2955, ""meas_profile"": ""HP-6"", ""meas_id"": 6, ""hum"": 34.70506, ""gas_res"": 35457.06}, {""temp"": 23.84215, ""step"": 6, ""status"": 1, ""pres"": 980.05, ""meas_profile"": ""HP-5"", ""meas_id"": 5, ""hum"": 34.90305, ""gas_res"": 121788.8}, {""temp"": 23.61477, ""step"": 6, ""status"": 1, ""pres"": 980.1774, ""meas_profile"": ""HP-4"", ""meas_id"": 4, ""hum"": 34.36994, ""gas_res"": 126108.4}, {""temp"": 23.76661, ""step"": 6, ""status"": 1, ""pres"": 979.7518, ""meas_profile"": ""HP-3"", ""meas_id"": 3, ""hum"": 34.85088, ""gas_res"": 76577.92}, {""temp"": 23.68701, ""step"": 6, ""status"": 1, ""pres"": 979.8719, ""meas_profile"": ""HP-2"", ""meas_id"": 2, ""hum"": 35.10498, ""gas_res"": 93962.2}, {""temp"": 23.46153, ""step"": 6, ""status"": 1, ""pres"": 980.0258, ""meas_profile"": ""HP-1"", ""meas_id"": 1, ""hum"": 34.76986, ""gas_res"": 100000.0}]}",NULL,"2025-10-29 09:53:01.976783"
14362,"04a600b9b0b8","2025-10-29 09:51:21","wBoEN1rrgggNQo8LANjn","{""bme688"": [{""temp"": 23.87287, ""step"": 5, ""status"": 1, ""pres"": 980.0266, ""meas_profile"": ""HP-8"", ""meas_id"": 8, ""hum"": 34.98077, ""gas_res"": 15590.74}, {""temp"": 23.84911, ""step"": 5, ""status"": 1, ""pres"": 980.1563, ""meas_profile"": ""HP-7"", ""meas_id"": 7, ""hum"": 34.88706, ""gas_res"": 18740.85}, {""temp"": 23.93128, ""step"": 5, ""status"": 1, ""pres"": 980.2961, ""meas_profile"": ""HP-6"", ""meas_id"": 6, ""hum"": 34.72231, ""gas_res"": 35575.32}, {""temp"": 23.84122, ""step"": 5, ""status"": 1, ""pres"": 980.05, ""meas_profile"": ""HP-5"", ""meas_id"": 5, ""hum"": 34.91436, ""gas_res"": 122312.5}, {""temp"": 23.61383, ""step"": 5, ""status"": 1, ""pres"": 980.1777, ""meas_profile"": ""HP-4"", ""meas_id"": 4, ""hum"": 34.38716, ""gas_res"": 126201.6}, {""temp"": 23.76568, ""step"": 5, ""status"": 1, ""pres"": 979.752, ""meas_profile"": ""HP-3"", ""meas_id"": 3, ""hum"": 34.86233, ""gas_res"": 46209.39}, {""temp"": 23.68639, ""step"": 5, ""status"": 1, ""pres"": 979.8727, ""meas_profile"": ""HP-2"", ""meas_id"": 2, ""hum"": 35.0878, ""gas_res"": 100000.0}, {""temp"": 23.46091, ""step"": 5, ""status"": 1, ""pres"": 980.0267, ""meas_profile"": ""HP-1"", ""meas_id"": 1, ""hum"": 34.7698, ""gas_res"": 90651.55}]}",NULL,"2025-10-29 09:53:03.441052"
14363,"04a600b9b0b8","2025-10-29 09:51:21","wBoEN1rrgggNQo8LANjn","{""bme688"": [{""temp"": 23.87195, ""step"": 4, ""status"": 1, ""pres"": 980.027, ""meas_profile"": ""HP-8"", ""meas_id"": 8, ""hum"": 34.98643, ""gas_res"": 15466.41}, {""temp"": 23.84818, ""step"": 4, ""status"": 1, ""pres"": 980.1563, ""meas_profile"": ""HP-7"", ""meas_id"": 7, ""hum"": 34.89266, ""gas_res"": 18707.98}, {""temp"": 23.93066, ""step"": 4, ""status"": 1, ""pres"": 980.2969, ""meas_profile"": ""HP-6"", ""meas_id"": 6, ""hum"": 34.72224, ""gas_res"": 35874.44}, {""temp"": 23.84028, ""step"": 4, ""status"": 1, ""pres"": 980.0503, ""meas_profile"": ""HP-5"", ""meas_id"": 5, ""hum"": 34.93138, ""gas_res"": 124453.1}, {""temp"": 23.6129, ""step"": 4, ""status"": 1, ""pres"": 980.1778, ""meas_profile"": ""HP-4"", ""meas_id"": 4, ""hum"": 34.39861, ""gas_res"": 126388.5}, {""temp"": 23.76506, ""step"": 4, ""status"": 1, ""pres"": 979.7527, ""meas_profile"": ""HP-3"", ""meas_id"": 3, ""hum"": 34.86227, ""gas_res"": 45133.99}, {""temp"": 23.68546, ""step"": 4, ""status"": 1, ""pres"": 979.8728, ""meas_profile"": ""HP-2"", ""meas_id"": 2, ""hum"": 35.12766, ""gas_res"": 100000.0}, {""temp"": 23.45997, ""step"": 4, ""status"": 1, ""pres"": 980.027, ""meas_profile"": ""HP-1"", ""meas_id"": 1, ""hum"": 34.76971, ""gas_res"": 86956.52}]}",NULL,"2025-10-29 09:53:04.539973"
14364,"04a600b9b0b8","2025-10-29 09:51:21","wBoEN1rrgggNQo8LANjn","{""bme688"": [{""temp"": 23.87102, ""step"": 3, ""status"": 0, ""pres"": 980.0272, ""meas_profile"": ""HP-8"", ""meas_id"": 8, ""hum"": 34.99785, ""gas_res"": 8012.018}, {""temp"": 23.84725, ""step"": 3, ""status"": 0, ""pres"": 980.1566, ""meas_profile"": ""HP-7"", ""meas_id"": 7, ""hum"": 34.91533, ""gas_res"": 9240.543}, {""temp"": 23.92942, ""step"": 3, ""status"": 0, ""pres"": 980.2967, ""meas_profile"": ""HP-6"", ""meas_id"": 6, ""hum"": 34.73943, ""gas_res"": 18957.35}, {""temp"": 23.83934, ""step"": 3, ""status"": 0, ""pres"": 980.0505, ""meas_profile"": ""HP-5"", ""meas_id"": 5, ""hum"": 34.92558, ""gas_res"": 39788.62}, {""temp"": 23.61197, ""step"": 3, ""status"": 0, ""pres"": 980.1795, ""meas_profile"": ""HP-4"", ""meas_id"": 4, ""hum"": 34.41005, ""gas_res"": 38565.83}, {""temp"": 23.76413, ""step"": 3, ""status"": 0, ""pres"": 979.7527, ""meas_profile"": ""HP-3"", ""meas_id"": 3, ""hum"": 34.90259, ""gas_res"": 24488.23}, {""temp"": 23.68453, ""step"": 3, ""status"": 0, ""pres"": 979.8746, ""meas_profile"": ""HP-2"", ""meas_id"": 2, ""hum"": 35.1447, ""gas_res"": 35106.96}, {""temp"": 23.45873, ""step"": 3, ""status"": 0, ""pres"": 980.0269, ""meas_profile"": ""HP-1"", ""meas_id"": 1, ""hum"": 34.76959, ""gas_res"": 25063.64}]}",NULL,"2025-10-29 09:53:05.817294"
14365,"04a600b9b0b8","2025-10-29 09:51:21","wBoEN1rrgggNQo8LANjn","{""bme688"": [{""temp"": 23.87009, ""step"": 2, ""status"": 1, ""pres"": 980.0276, ""meas_profile"": ""HP-8"", ""meas_id"": 8, ""hum"": 35.00352, ""gas_res"": 21241.29}, {""temp"": 23.84631, ""step"": 2, ""status"": 1, ""pres"": 980.1567, ""meas_profile"": ""HP-7"", ""meas_id"": 7, ""hum"": 34.92093, ""gas_res"": 25422.04}, {""temp"": 23.9285, ""step"": 2, ""status"": 1, ""pres"": 980.2969, ""meas_profile"": ""HP-6"", ""meas_id"": 6, ""hum"": 34.74511, ""gas_res"": 66235.45}, {""temp"": 23.8384, ""step"": 2, ""status"": 1, ""pres"": 980.0522, ""meas_profile"": ""HP-5"", ""meas_id"": 5, ""hum"": 34.94831, ""gas_res"": 153431.2}, {""temp"": 23.61073, ""step"": 2, ""status"": 1, ""pres"": 980.1793, ""meas_profile"": ""HP-4"", ""meas_id"": 4, ""hum"": 34.3984, ""gas_res"": 187271.4}, {""temp"": 23.7632, ""step"": 2, ""status"": 1, ""pres"": 979.7547, ""meas_profile"": ""HP-3"", ""meas_id"": 3, ""hum"": 34.88517, ""gas_res"": 91526.63}, {""temp"": 23.6836, ""step"": 2, ""status"": 1, ""pres"": 979.8748, ""meas_profile"": ""HP-2"", ""meas_id"": 2, ""hum"": 35.1446, ""gas_res"": 149401.8}, {""temp"": 23.4578, ""step"": 2, ""status"": 1, ""pres"": 980.0273, ""meas_profile"": ""HP-1"", ""meas_id"": 1, ""hum"": 34.76951, ""gas_res"": 112849.9}]}",NULL,"2025-10-29 09:53:07.096737"
14366,"04a600b9b0b8","2025-10-29 09:51:21","wBoEN1rrgggNQo8LANjn","{""bme688"": [{""temp"": 23.86979, ""step"": 1, ""status"": 1, ""pres"": 980.0271, ""meas_profile"": ""HP-8"", ""meas_id"": 8, ""hum"": 35.015, ""gas_res"": 9329.446}, {""temp"": 23.84569, ""step"": 1, ""status"": 1, ""pres"": 980.1573, ""meas_profile"": ""HP-7"", ""meas_id"": 7, ""hum"": 34.91519, ""gas_res"": 10663.11}, {""temp"": 23.92788, ""step"": 1, ""status"": 1, ""pres"": 980.2976, ""meas_profile"": ""HP-6"", ""meas_id"": 6, ""hum"": 34.73928, ""gas_res"": 25000.0}, {""temp"": 23.83809, ""step"": 1, ""status"": 1, ""pres"": 980.0533, ""meas_profile"": ""HP-5"", ""meas_id"": 5, ""hum"": 34.95398, ""gas_res"": 39312.04}, {""temp"": 23.61011, ""step"": 1, ""status"": 1, ""pres"": 980.1799, ""meas_profile"": ""HP-4"", ""meas_id"": 4, ""hum"": 34.42142, ""gas_res"": 35222.89}, {""temp"": 23.76258, ""step"": 1, ""status"": 1, ""pres"": 979.7538, ""meas_profile"": ""HP-3"", ""meas_id"": 3, ""hum"": 34.87935, ""gas_res"": 25000.0}, {""temp"": 23.68267, ""step"": 1, ""status"": 1, ""pres"": 979.875, ""meas_profile"": ""HP-2"", ""meas_id"": 2, ""hum"": 35.14452, ""gas_res"": 29684.6}, {""temp"": 23.45717, ""step"": 1, ""status"": 1, ""pres"": 980.03, ""meas_profile"": ""HP-1"", ""meas_id"": 1, ""hum"": 34.78716, ""gas_res"": 25000.0}]}",NULL,"2025-10-29 09:53:08.560988"
14367,"04a600b9b0b8","2025-10-29 09:51:21","wBoEN1rrgggNQo8LANjn","{""bme688"": [{""temp"": 23.86917, ""step"": 0, ""status"": 1, ""pres"": 980.0278, ""meas_profile"": ""HP-8"", ""meas_id"": 8, ""hum"": 35.01495, ""gas_res"": 5977.956}, {""temp"": 23.84507, ""step"": 0, ""status"": 1, ""pres"": 980.158, ""meas_profile"": ""HP-7"", ""meas_id"": 7, ""hum"": 34.92081, ""gas_res"": 6783.973}, {""temp"": 23.92727, ""step"": 0, ""status"": 1, ""pres"": 980.2983, ""meas_profile"": ""HP-6"", ""meas_id"": 6, ""hum"": 34.73922, ""gas_res"": 9021.708}, {""temp"": 23.83747, ""step"": 0, ""status"": 1, ""pres"": 980.0541, ""meas_profile"": ""HP-5"", ""meas_id"": 5, ""hum"": 34.94251, ""gas_res"": 25000.0}, {""temp"": 23.60949, ""step"": 0, ""status"": 1, ""pres"": 980.1805, ""meas_profile"": ""HP-4"", ""meas_id"": 4, ""hum"": 34.41559, ""gas_res"": 25000.0}, {""temp"": 23.76166, ""step"": 0, ""status"": 1, ""pres"": 979.7539, ""meas_profile"": ""HP-3"", ""meas_id"": 3, ""hum"": 34.90813, ""gas_res"": 6018.432}, {""temp"": 23.68204, ""step"": 0, ""status"": 1, ""pres"": 979.8755, ""meas_profile"": ""HP-2"", ""meas_id"": 2, ""hum"": 35.15587, ""gas_res"": 7772.65}, {""temp"": 23.45624, ""step"": 0, ""status"": 1, ""pres"": 980.0302, ""meas_profile"": ""HP-1"", ""meas_id"": 1, ""hum"": 34.77526, ""gas_res"": 6280.667}]}",NULL,"2025-10-29 09:53:09.656004"
14390,"04a600b9b0b8","2025-10-29 09:52:51","wBoEN1rrgggNQo8LANjn","{""bme688"": [{""temp"": 23.89357, ""step"": 8, ""status"": 1, ""pres"": 980.0223, ""meas_profile"": ""HP-8"", ""meas_id"": 8, ""hum"": 34.91946, ""gas_res"": 5684.846}, {""temp"": 23.86836, ""step"": 8, ""status"": 1, ""pres"": 980.1495, ""meas_profile"": ""HP-7"", ""meas_id"": 7, ""hum"": 34.82064, ""gas_res"": 6052.582}, {""temp"": 23.94733, ""step"": 8, ""status"": 1, ""pres"": 980.2896, ""meas_profile"": ""HP-6"", ""meas_id"": 6, ""hum"": 34.66616, ""gas_res"": 8241.051}, {""temp"": 23.85904, ""step"": 8, ""status"": 1, ""pres"": 980.0373, ""meas_profile"": ""HP-5"", ""meas_id"": 5, ""hum"": 34.85906, ""gas_res"": 25000.0}, {""temp"": 23.62937, ""step"": 8, ""status"": 1, ""pres"": 980.1649, ""meas_profile"": ""HP-4"", ""meas_id"": 4, ""hum"": 34.37132, ""gas_res"": 25000.0}, {""temp"": 23.78114, ""step"": 8, ""status"": 1, ""pres"": 979.7434, ""meas_profile"": ""HP-3"", ""meas_id"": 3, ""hum"": 34.8638, ""gas_res"": 6498.781}, {""temp"": 23.70005, ""step"": 8, ""status"": 1, ""pres"": 979.8613, ""meas_profile"": ""HP-2"", ""meas_id"": 2, ""hum"": 35.09481, ""gas_res"": 8524.241}, {""temp"": 23.47491, ""step"": 8, ""status"": 1, ""pres"": 980.0085, ""meas_profile"": ""HP-1"", ""meas_id"": 1, ""hum"": 34.75932, ""gas_res"": 6677.796}]}",NULL,"2025-10-29 09:59:03.576557"
14391,"04a600b9b0b8","2025-10-29 09:52:51","wBoEN1rrgggNQo8LANjn","{""bme688"": [{""temp"": 23.89233, ""step"": 7, ""status"": 1, ""pres"": 980.022, ""meas_profile"": ""HP-8"", ""meas_id"": 8, ""hum"": 34.91359, ""gas_res"": 5684.846}, {""temp"": 23.86743, ""step"": 7, ""status"": 1, ""pres"": 980.1496, ""meas_profile"": ""HP-7"", ""meas_id"": 7, ""hum"": 34.82056, ""gas_res"": 6059.458}, {""temp"": 23.94671, ""step"": 7, ""status"": 1, ""pres"": 980.2902, ""meas_profile"": ""HP-6"", ""meas_id"": 6, ""hum"": 34.6834, ""gas_res"": 8423.27}, {""temp"": 23.85842, ""step"": 7, ""status"": 1, ""pres"": 980.0379, ""meas_profile"": ""HP-5"", ""meas_id"": 5, ""hum"": 34.8647, ""gas_res"": 25000.0}, {""temp"": 23.62875, ""step"": 7, ""status"": 1, ""pres"": 980.1655, ""meas_profile"": ""HP-4"", ""meas_id"": 4, ""hum"": 34.38279, ""gas_res"": 25000.0}, {""temp"": 23.78021, ""step"": 7, ""status"": 1, ""pres"": 979.7438, ""meas_profile"": ""HP-3"", ""meas_id"": 3, ""hum"": 34.85794, ""gas_res"": 6463.341}, {""temp"": 23.69974, ""step"": 7, ""status"": 1, ""pres"": 979.8625, ""meas_profile"": ""HP-2"", ""meas_id"": 2, ""hum"": 35.12902, ""gas_res"": 8383.547}, {""temp"": 23.47398, ""step"": 7, ""status"": 1, ""pres"": 980.009, ""meas_profile"": ""HP-1"", ""meas_id"": 1, ""hum"": 34.74741, ""gas_res"": 6749.631}]}",NULL,"2025-10-29 09:59:04.856335"
14392,"04a600b9b0b8","2025-10-29 09:52:51","wBoEN1rrgggNQo8LANjn","{""bme688"": [{""temp"": 23.89171, ""step"": 6, ""status"": 1, ""pres"": 980.0228, ""meas_profile"": ""HP-8"", ""meas_id"": 8, ""hum"": 34.91928, ""gas_res"": 15223.6}, {""temp"": 23.86681, ""step"": 6, ""status"": 1, ""pres"": 980.1503, ""meas_profile"": ""HP-7"", ""meas_id"": 7, ""hum"": 34.82049, ""gas_res"": 18385.52}, {""temp"": 23.94609, ""step"": 6, ""status"": 1, ""pres"": 980.2891, ""meas_profile"": ""HP-6"", ""meas_id"": 6, ""hum"": 34.67757, ""gas_res"": 34905.92}, {""temp"": 23.85748, ""step"": 6, ""status"": 1, ""pres"": 980.0381, ""meas_profile"": ""HP-5"", ""meas_id"": 5, ""hum"": 34.88171, ""gas_res"": 117674.1}, {""temp"": 23.62812, ""step"": 6, ""status"": 1, ""pres"": 980.1663, ""meas_profile"": ""HP-4"", ""meas_id"": 4, ""hum"": 34.36543, ""gas_res"": 121962.8}, {""temp"": 23.77959, ""step"": 6, ""status"": 1, ""pres"": 979.7445, ""meas_profile"": ""HP-3"", ""meas_id"": 3, ""hum"": 34.85788, ""gas_res"": 75227.74}, {""temp"": 23.69912, ""step"": 6, ""status"": 1, ""pres"": 979.8632, ""meas_profile"": ""HP-2"", ""meas_id"": 2, ""hum"": 35.12326, ""gas_res"": 100000.0}, {""temp"": 23.47367, ""step"": 6, ""status"": 1, ""pres"": 980.0101, ""meas_profile"": ""HP-1"", ""meas_id"": 1, ""hum"": 34.74739, ""gas_res"": 91822.09}]}",NULL,"2025-10-29 09:59:06.134622"
14393,"04a600b9b0b8","2025-10-29 09:52:51","wBoEN1rrgggNQo8LANjn","{""bme688"": [{""temp"": 23.89079, ""step"": 5, ""status"": 1, ""pres"": 980.0233, ""meas_profile"": ""HP-8"", ""meas_id"": 8, ""hum"": 34.95371, ""gas_res"": 15105.03}, {""temp"": 23.86588, ""step"": 5, ""status"": 1, ""pres"": 980.1506, ""meas_profile"": ""HP-7"", ""meas_id"": 7, ""hum"": 34.84315, ""gas_res"": 18369.69}, {""temp"": 23.94517, ""step"": 5, ""status"": 1, ""pres"": 980.2894, ""meas_profile"": ""HP-6"", ""meas_id"": 6, ""hum"": 34.67749, ""gas_res"": 34820.46}, {""temp"": 23.85654, ""step"": 5, ""status"": 1, ""pres"": 980.0383, ""meas_profile"": ""HP-5"", ""meas_id"": 5, ""hum"": 34.88162, ""gas_res"": 118326.8}, {""temp"": 23.62719, ""step"": 5, ""status"": 1, ""pres"": 980.1663, ""meas_profile"": ""HP-4"", ""meas_id"": 4, ""hum"": 34.38842, ""gas_res"": 120584.1}, {""temp"": 23.77897, ""step"": 5, ""status"": 1, ""pres"": 979.7436, ""meas_profile"": ""HP-3"", ""meas_id"": 3, ""hum"": 34.88091, ""gas_res"": 45616.54}, {""temp"": 23.69881, ""step"": 5, ""status"": 1, ""pres"": 979.8643, ""meas_profile"": ""HP-2"", ""meas_id"": 2, ""hum"": 35.14606, ""gas_res"": 100000.0}, {""temp"": 23.47305, ""step"": 5, ""status"": 1, ""pres"": 980.011, ""meas_profile"": ""HP-1"", ""meas_id"": 1, ""hum"": 34.74142, ""gas_res"": 88306.31}]}",NULL,"2025-10-29 09:59:07.522756"
14394,"04a600b9b0b8","2025-10-29 09:52:51","wBoEN1rrgggNQo8LANjn","{""bme688"": [{""temp"": 23.88986, ""step"": 4, ""status"": 1, ""pres"": 980.0234, ""meas_profile"": ""HP-8"", ""meas_id"": 8, ""hum"": 34.94211, ""gas_res"": 15169.47}, {""temp"": 23.86495, ""step"": 4, ""status"": 1, ""pres"": 980.1506, ""meas_profile"": ""HP-7"", ""meas_id"": 7, ""hum"": 34.84306, ""gas_res"": 18433.18}, {""temp"": 23.94455, ""step"": 4, ""status"": 1, ""pres"": 980.2918, ""meas_profile"": ""HP-6"", ""meas_id"": 6, ""hum"": 34.69473, ""gas_res"": 35486.55}, {""temp"": 23.8556, ""step"": 4, ""status"": 1, ""pres"": 980.0401, ""meas_profile"": ""HP-5"", ""meas_id"": 5, ""hum"": 34.89293, ""gas_res"": 120244.3}, {""temp"": 23.62626, ""step"": 4, ""status"": 1, ""pres"": 980.1682, ""meas_profile"": ""HP-4"", ""meas_id"": 4, ""hum"": 34.38832, ""gas_res"": 122576.0}, {""temp"": 23.77836, ""step"": 4, ""status"": 1, ""pres"": 979.744, ""meas_profile"": ""HP-3"", ""meas_id"": 3, ""hum"": 34.88085, ""gas_res"": 44475.33}, {""temp"": 23.69819, ""step"": 4, ""status"": 1, ""pres"": 979.865, ""meas_profile"": ""HP-2"", ""meas_id"": 2, ""hum"": 35.17455, ""gas_res"": 100000.0}, {""temp"": 23.47211, ""step"": 4, ""status"": 1, ""pres"": 980.0112, ""meas_profile"": ""HP-1"", ""meas_id"": 1, ""hum"": 34.76495, ""gas_res"": 84712.11}]}",NULL,"2025-10-29 09:59:08.703761"
14395,"04a600b9b0b8","2025-10-29 09:52:51","wBoEN1rrgggNQo8LANjn","{""bme688"": [{""temp"": 23.88894, ""step"": 3, ""status"": 0, ""pres"": 980.0238, ""meas_profile"": ""HP-8"", ""meas_id"": 8, ""hum"": 34.94202, ""gas_res"": 8024.072}, {""temp"": 23.86401, ""step"": 3, ""status"": 0, ""pres"": 980.1507, ""meas_profile"": ""HP-7"", ""meas_id"": 7, ""hum"": 34.87142, ""gas_res"": 9192.761}, {""temp"": 23.94363, ""step"": 3, ""status"": 0, ""pres"": 980.2922, ""meas_profile"": ""HP-6"", ""meas_id"": 6, ""hum"": 34.70618, ""gas_res"": 19058.96}, {""temp"": 23.85466, ""step"": 3, ""status"": 0, ""pres"": 980.0402, ""meas_profile"": ""HP-5"", ""meas_id"": 5, ""hum"": 34.90424, ""gas_res"": 40087.69}, {""temp"": 23.62533, ""step"": 3, ""status"": 0, ""pres"": 980.1683, ""meas_profile"": ""HP-4"", ""meas_id"": 4, ""hum"": 34.40554, ""gas_res"": 38811.4}, {""temp"": 23.77743, ""step"": 3, ""status"": 0, ""pres"": 979.7443, ""meas_profile"": ""HP-3"", ""meas_id"": 3, ""hum"": 34.89808, ""gas_res"": 25004.88}, {""temp"": 23.69726, ""step"": 3, ""status"": 0, ""pres"": 979.8651, ""meas_profile"": ""HP-2"", ""meas_id"": 2, ""hum"": 35.16304, ""gas_res"": 35694.37}, {""temp"": 23.47149, ""step"": 3, ""status"": 0, ""pres"": 980.0104, ""meas_profile"": ""HP-1"", ""meas_id"": 1, ""hum"": 34.77671, ""gas_res"": 25391.79}]}",NULL,"2025-10-29 09:59:12.629508"
14396,"04a600b9b0b8","2025-10-29 09:52:51","wBoEN1rrgggNQo8LANjn","{""bme688"": [{""temp"": 23.88801, ""step"": 2, ""status"": 1, ""pres"": 980.0242, ""meas_profile"": ""HP-8"", ""meas_id"": 8, ""hum"": 34.96495, ""gas_res"": 15988.01}, {""temp"": 23.86339, ""step"": 2, ""status"": 1, ""pres"": 980.1513, ""meas_profile"": ""HP-7"", ""meas_id"": 7, ""hum"": 34.85998, ""gas_res"": 18401.38}, {""temp"": 23.9427, ""step"": 2, ""status"": 1, ""pres"": 980.2905, ""meas_profile"": ""HP-6"", ""meas_id"": 6, ""hum"": 34.68302, ""gas_res"": 42440.32}, {""temp"": 23.85373, ""step"": 2, ""status"": 1, ""pres"": 980.0404, ""meas_profile"": ""HP-5"", ""meas_id"": 5, ""hum"": 34.89845, ""gas_res"": 90459.37}, {""temp"": 23.6244, ""step"": 2, ""status"": 1, ""pres"": 980.1685, ""meas_profile"": ""HP-4"", ""meas_id"": 4, ""hum"": 34.41123, ""gas_res"": 115133.8}, {""temp"": 23.7765, ""step"": 2, ""status"": 1, ""pres"": 979.7444, ""meas_profile"": ""HP-3"", ""meas_id"": 3, ""hum"": 34.90377, ""gas_res"": 58155.38}, {""temp"": 23.69664, ""step"": 2, ""status"": 1, ""pres"": 979.8658, ""meas_profile"": ""HP-2"", ""meas_id"": 2, ""hum"": 35.16869, ""gas_res"": 94482.38}, {""temp"": 23.47056, ""step"": 2, ""status"": 1, ""pres"": 980.0108, ""meas_profile"": ""HP-1"", ""meas_id"": 1, ""hum"": 34.76481, ""gas_res"": 71329.06}]}",NULL,"2025-10-29 09:59:13.310063"
14397,"04a600b9b0b8","2025-10-29 09:52:51","wBoEN1rrgggNQo8LANjn","{""bme688"": [{""temp"": 23.8877, ""step"": 1, ""status"": 1, ""pres"": 980.0236, ""meas_profile"": ""HP-8"", ""meas_id"": 8, ""hum"": 34.95917, ""gas_res"": 9248.555}, {""temp"": 23.86277, ""step"": 1, ""status"": 1, ""pres"": 980.152, ""meas_profile"": ""HP-7"", ""meas_id"": 7, ""hum"": 34.85992, ""gas_res"": 10738.25}, {""temp"": 23.94208, ""step"": 1, ""status"": 1, ""pres"": 980.2913, ""meas_profile"": ""HP-6"", ""meas_id"": 6, ""hum"": 34.70603, ""gas_res"": 25000.0}, {""temp"": 23.8531, ""step"": 1, ""status"": 1, ""pres"": 980.041, ""meas_profile"": ""HP-5"", ""meas_id"": 5, ""hum"": 34.92119, ""gas_res"": 39825.76}, {""temp"": 23.62378, ""step"": 1, ""status"": 1, ""pres"": 980.1674, ""meas_profile"": ""HP-4"", ""meas_id"": 4, ""hum"": 34.39963, ""gas_res"": 35486.55}, {""temp"": 23.77619, ""step"": 1, ""status"": 1, ""pres"": 979.7456, ""meas_profile"": ""HP-3"", ""meas_id"": 3, ""hum"": 34.90951, ""gas_res"": 25000.0}, {""temp"": 23.69602, ""step"": 1, ""status"": 1, ""pres"": 979.8649, ""meas_profile"": ""HP-2"", ""meas_id"": 2, ""hum"": 35.1515, ""gas_res"": 30252.89}, {""temp"": 23.47024, ""step"": 1, ""status"": 1, ""pres"": 980.0139, ""meas_profile"": ""HP-1"", ""meas_id"": 1, ""hum"": 34.77659, ""gas_res"": 25000.0}]}",NULL,"2025-10-29 09:59:13.98086"
14398,"04a600b9b0b8","2025-10-29 09:52:51","wBoEN1rrgggNQo8LANjn","{""bme688"": [{""temp"": 23.88708, ""step"": 0, ""status"": 1, ""pres"": 980.0245, ""meas_profile"": ""HP-8"", ""meas_id"": 8, ""hum"": 34.97062, ""gas_res"": 5908.419}, {""temp"": 23.86215, ""step"": 0, ""status"": 1, ""pres"": 980.1525, ""meas_profile"": ""HP-7"", ""meas_id"": 7, ""hum"": 34.87123, ""gas_res"": 6809.959}, {""temp"": 23.94147, ""step"": 0, ""status"": 1, ""pres"": 980.2921, ""meas_profile"": ""HP-6"", ""meas_id"": 6, ""hum"": 34.69443, ""gas_res"": 9098.664}, {""temp"": 23.85247, ""step"": 0, ""status"": 1, ""pres"": 980.0416, ""meas_profile"": ""HP-5"", ""meas_id"": 5, ""hum"": 34.90403, ""gas_res"": 25000.0}, {""temp"": 23.62316, ""step"": 0, ""status"": 1, ""pres"": 980.1682, ""meas_profile"": ""HP-4"", ""meas_id"": 4, ""hum"": 34.40534, ""gas_res"": 25000.0}, {""temp"": 23.77526, ""step"": 0, ""status"": 1, ""pres"": 979.7458, ""meas_profile"": ""HP-3"", ""meas_id"": 3, ""hum"": 34.89787, ""gas_res"": 6164.516}, {""temp"": 23.6954, ""step"": 0, ""status"": 1, ""pres"": 979.8655, ""meas_profile"": ""HP-2"", ""meas_id"": 2, ""hum"": 35.16286, ""gas_res"": 7964.161}, {""temp"": 23.46962, ""step"": 0, ""status"": 1, ""pres"": 980.0129, ""meas_profile"": ""HP-1"", ""meas_id"": 1, ""hum"": 34.80015, ""gas_res"": 6451.613}]}",NULL,"2025-10-29 09:59:14.628416"
