"id","box_id","ts","measurement_id","measurement_data","description","created_at"
15568,"04a600b9b0b8","2025-10-29 12:23:11","5JFh5wE2VqhS7laVp1zj","{""zphs01b"": {""voc"": 0, ""temp"": 22.2, ""pm2_5"": 0, ""pm1_0"": 0, ""pm10"": 282, ""o3"": 0.03, ""no2"": 9.03, ""hum"": 0, ""fmhd"": 0, ""co2"": 5000, ""co"": 0.0}, ""smell_b"": {}, ""sfa30"": {""temp"": 24.585, ""hum"": 34.08, ""fmhd"": 0.6}, ""sen5x"": {""voc"": 73.0, ""temp"": 24.98, ""pm4_0"": 4497.2, ""pm2_5"": 4497.2, ""pm1_0"": 4288.3, ""pm10"": 4497.2, ""nox"": 1.0, ""mass_c"": 4444.975, ""hum"": 37.78}, ""scd41"": {""temp"": 23.84375, ""hum"": 42.49027, ""co2"": 645}, ""power_source"": 0, ""mics6814"": {""red_res"": 0, ""no2_res"": 0, ""no2"": 0.17, ""nh3_res"": 0, ""nh3"": 0.73, ""co_res"": 0, ""co"": 44.0}}",NULL,"2025-10-29 12:24:14.748361"
15569,"04a600b9b0b8","2025-10-29 12:23:11","5JFh5wE2VqhS7laVp1zj","{""bme688"": [{""temp"": 24.61507, ""step"": 9, ""status"": 1, ""pres"": 978.3853, ""meas_profile"": ""HP-8"", ""meas_id"": 8, ""hum"": 31.39667, ""gas_res"": 5684.846}, {""temp"": 24.59748, ""step"": 9, ""status"": 1, ""pres"": 978.5322, ""meas_profile"": ""HP-7"", ""meas_id"": 7, ""hum"": 31.32221, ""gas_res"": 6983.85}, {""temp"": 24.67588, ""step"": 9, ""status"": 1, ""pres"": 978.7053, ""meas_profile"": ""HP-6"", ""meas_id"": 6, ""hum"": 31.16939, ""gas_res"": 9305.03}, {""temp"": 24.60113, ""step"": 9, ""status"": 1, ""pres"": 978.408, ""meas_profile"": ""HP-5"", ""meas_id"": 5, ""hum"": 31.36516, ""gas_res"": 25000.0}, {""temp"": 24.29566, ""step"": 9, ""status"": 1, ""pres"": 978.4534, ""meas_profile"": ""HP-4"", ""meas_id"": 4, ""hum"": 30.99696, ""gas_res"": 25000.0}, {""temp"": 24.4457, ""step"": 9, ""status"": 1, ""pres"": 978.0715, ""meas_profile"": ""HP-3"", ""meas_id"": 3, ""hum"": 31.3974, ""gas_res"": 7611.798}, {""temp"": 24.35093, ""step"": 9, ""status"": 1, ""pres"": 978.1946, ""meas_profile"": ""HP-2"", ""meas_id"": 2, ""hum"": 31.6666, ""gas_res"": 10031.35}, {""temp"": 24.13159, ""step"": 9, ""status"": 1, ""pres"": 978.3311, ""meas_profile"": ""HP-1"", ""meas_id"": 1, ""hum"": 31.10207, ""gas_res"": 7557.865}]}",NULL,"2025-10-29 12:24:16.0849"
15570,"04a600b9b0b8","2025-10-29 12:23:11","5JFh5wE2VqhS7laVp1zj","{""bme688"": [{""temp"": 24.61476, ""step"": 8, ""status"": 1, ""pres"": 978.3848, ""meas_profile"": ""HP-8"", ""meas_id"": 8, ""hum"": 31.39102, ""gas_res"": 5718.37}, {""temp"": 24.59717, ""step"": 8, ""status"": 1, ""pres"": 978.5317, ""meas_profile"": ""HP-7"", ""meas_id"": 7, ""hum"": 31.32775, ""gas_res"": 6965.607}, {""temp"": 24.67588, ""step"": 8, ""status"": 1, ""pres"": 978.7053, ""meas_profile"": ""HP-6"", ""meas_id"": 6, ""hum"": 31.17503, ""gas_res"": 9676.444}, {""temp"": 24.60113, ""step"": 8, ""status"": 1, ""pres"": 978.408, ""meas_profile"": ""HP-5"", ""meas_id"": 5, ""hum"": 31.35959, ""gas_res"": 25000.0}, {""temp"": 24.29503, ""step"": 8, ""status"": 1, ""pres"": 978.4524, ""meas_profile"": ""HP-4"", ""meas_id"": 4, ""hum"": 30.9969, ""gas_res"": 25000.0}, {""temp"": 24.44539, ""step"": 8, ""status"": 1, ""pres"": 978.0726, ""meas_profile"": ""HP-3"", ""meas_id"": 3, ""hum"": 31.39173, ""gas_res"": 7200.72}, {""temp"": 24.35061, ""step"": 8, ""status"": 1, ""pres"": 978.1959, ""meas_profile"": ""HP-2"", ""meas_id"": 2, ""hum"": 31.67773, ""gas_res"": 10059.73}, {""temp"": 24.13096, ""step"": 8, ""status"": 1, ""pres"": 978.3301, ""meas_profile"": ""HP-1"", ""meas_id"": 1, ""hum"": 31.11355, ""gas_res"": 7887.602}]}",NULL,"2025-10-29 12:24:17.17581"
15571,"04a600b9b0b8","2025-10-29 12:23:11","5JFh5wE2VqhS7laVp1zj","{""bme688"": [{""temp"": 24.61445, ""step"": 7, ""status"": 1, ""pres"": 978.3862, ""meas_profile"": ""HP-8"", ""meas_id"": 8, ""hum"": 31.39099, ""gas_res"": 5818.182}, {""temp"": 24.59655, ""step"": 7, ""status"": 1, ""pres"": 978.5323, ""meas_profile"": ""HP-7"", ""meas_id"": 7, ""hum"": 31.29989, ""gas_res"": 7053.119}, {""temp"": 24.67588, ""step"": 7, ""status"": 1, ""pres"": 978.707, ""meas_profile"": ""HP-6"", ""meas_id"": 6, ""hum"": 31.16376, ""gas_res"": 9947.155}, {""temp"": 24.60082, ""step"": 7, ""status"": 1, ""pres"": 978.4092, ""meas_profile"": ""HP-5"", ""meas_id"": 5, ""hum"": 31.3707, ""gas_res"": 25000.0}, {""temp"": 24.29473, ""step"": 7, ""status"": 1, ""pres"": 978.4535, ""meas_profile"": ""HP-4"", ""meas_id"": 4, ""hum"": 30.99687, ""gas_res"": 25000.0}, {""temp"": 24.44508, ""step"": 7, ""status"": 1, ""pres"": 978.0737, ""meas_profile"": ""HP-3"", ""meas_id"": 3, ""hum"": 31.3917, ""gas_res"": 7210.455}, {""temp"": 24.34999, ""step"": 7, ""status"": 1, ""pres"": 978.1947, ""meas_profile"": ""HP-2"", ""meas_id"": 2, ""hum"": 31.66652, ""gas_res"": 10165.18}, {""temp"": 24.13065, ""step"": 7, ""status"": 1, ""pres"": 978.3315, ""meas_profile"": ""HP-1"", ""meas_id"": 1, ""hum"": 31.09623, ""gas_res"": 8078.768}]}",NULL,"2025-10-29 12:24:18.457331"
15572,"04a600b9b0b8","2025-10-29 12:23:11","5JFh5wE2VqhS7laVp1zj","{""bme688"": [{""temp"": 24.61414, ""step"": 6, ""status"": 1, ""pres"": 978.3873, ""meas_profile"": ""HP-8"", ""meas_id"": 8, ""hum"": 31.39097, ""gas_res"": 19196.16}, {""temp"": 24.59655, ""step"": 6, ""status"": 1, ""pres"": 978.5341, ""meas_profile"": ""HP-7"", ""meas_id"": 7, ""hum"": 31.29989, ""gas_res"": 25000.0}, {""temp"": 24.67557, ""step"": 6, ""status"": 1, ""pres"": 978.7065, ""meas_profile"": ""HP-6"", ""meas_id"": 6, ""hum"": 31.175, ""gas_res"": 87671.23}, {""temp"": 24.60051, ""step"": 6, ""status"": 1, ""pres"": 978.4087, ""meas_profile"": ""HP-5"", ""meas_id"": 5, ""hum"": 31.37068, ""gas_res"": 246568.8}, {""temp"": 24.29473, ""step"": 6, ""status"": 1, ""pres"": 978.4535, ""meas_profile"": ""HP-4"", ""meas_id"": 4, ""hum"": 30.99123, ""gas_res"": 178833.4}, {""temp"": 24.44477, ""step"": 6, ""status"": 1, ""pres"": 978.0734, ""meas_profile"": ""HP-3"", ""meas_id"": 3, ""hum"": 31.38604, ""gas_res"": 100000.0}, {""temp"": 24.34968, ""step"": 6, ""status"": 1, ""pres"": 978.1959, ""meas_profile"": ""HP-2"", ""meas_id"": 2, ""hum"": 31.67765, ""gas_res"": 154963.7}, {""temp"": 24.13003, ""step"": 6, ""status"": 1, ""pres"": 978.3324, ""meas_profile"": ""HP-1"", ""meas_id"": 1, ""hum"": 31.1077, ""gas_res"": 123017.8}]}",NULL,"2025-10-29 12:24:19.737753"
15573,"04a600b9b0b8","2025-10-29 12:23:11","5JFh5wE2VqhS7laVp1zj","{""bme688"": [{""temp"": 24.61383, ""step"": 5, ""status"": 1, ""pres"": 978.3869, ""meas_profile"": ""HP-8"", ""meas_id"": 8, ""hum"": 31.40219, ""gas_res"": 18890.2}, {""temp"": 24.59624, ""step"": 5, ""status"": 1, ""pres"": 978.5334, ""meas_profile"": ""HP-7"", ""meas_id"": 7, ""hum"": 31.30543, ""gas_res"": 25000.0}, {""temp"": 24.67557, ""step"": 5, ""status"": 1, ""pres"": 978.7083, ""meas_profile"": ""HP-6"", ""meas_id"": 6, ""hum"": 31.18064, ""gas_res"": 88123.92}, {""temp"": 24.60019, ""step"": 5, ""status"": 1, ""pres"": 978.4099, ""meas_profile"": ""HP-5"", ""meas_id"": 5, ""hum"": 31.35394, ""gas_res"": 245858.3}, {""temp"": 24.29441, ""step"": 5, ""status"": 1, ""pres"": 978.4547, ""meas_profile"": ""HP-4"", ""meas_id"": 4, ""hum"": 31.00249, ""gas_res"": 179775.3}, {""temp"": 24.44446, ""step"": 5, ""status"": 1, ""pres"": 978.0745, ""meas_profile"": ""HP-3"", ""meas_id"": 3, ""hum"": 31.38036, ""gas_res"": 100000.0}, {""temp"": 24.34937, ""step"": 5, ""status"": 1, ""pres"": 978.1971, ""meas_profile"": ""HP-2"", ""meas_id"": 2, ""hum"": 31.64413, ""gas_res"": 152471.7}, {""temp"": 24.12941, ""step"": 5, ""status"": 1, ""pres"": 978.3314, ""meas_profile"": ""HP-1"", ""meas_id"": 1, ""hum"": 31.10188, ""gas_res"": 118738.4}]}",NULL,"2025-10-29 12:24:21.203337"
15574,"04a600b9b0b8","2025-10-29 12:23:11","5JFh5wE2VqhS7laVp1zj","{""bme688"": [{""temp"": 24.61352, ""step"": 4, ""status"": 1, ""pres"": 978.3882, ""meas_profile"": ""HP-8"", ""meas_id"": 8, ""hum"": 31.39091, ""gas_res"": 18724.4}, {""temp"": 24.59624, ""step"": 4, ""status"": 1, ""pres"": 978.5352, ""meas_profile"": ""HP-7"", ""meas_id"": 7, ""hum"": 31.32767, ""gas_res"": 25000.0}, {""temp"": 24.67526, ""step"": 4, ""status"": 1, ""pres"": 978.7093, ""meas_profile"": ""HP-6"", ""meas_id"": 6, ""hum"": 31.16934, ""gas_res"": 90651.55}, {""temp"": 24.59988, ""step"": 4, ""status"": 1, ""pres"": 978.4112, ""meas_profile"": ""HP-5"", ""meas_id"": 5, ""hum"": 31.36505, ""gas_res"": 254473.2}, {""temp"": 24.2941, ""step"": 4, ""status"": 1, ""pres"": 978.454, ""meas_profile"": ""HP-4"", ""meas_id"": 4, ""hum"": 31.00811, ""gas_res"": 186046.5}, {""temp"": 24.44416, ""step"": 4, ""status"": 1, ""pres"": 978.0757, ""meas_profile"": ""HP-3"", ""meas_id"": 3, ""hum"": 31.39162, ""gas_res"": 100000.0}, {""temp"": 24.34906, ""step"": 4, ""status"": 1, ""pres"": 978.1984, ""meas_profile"": ""HP-2"", ""meas_id"": 2, ""hum"": 31.66085, ""gas_res"": 150721.2}, {""temp"": 24.12879, ""step"": 4, ""status"": 1, ""pres"": 978.3323, ""meas_profile"": ""HP-1"", ""meas_id"": 1, ""hum"": 31.11336, ""gas_res"": 116231.6}]}",NULL,"2025-10-29 12:24:22.296145"
15575,"04a600b9b0b8","2025-10-29 12:23:11","5JFh5wE2VqhS7laVp1zj","{""bme688"": [{""temp"": 24.61322, ""step"": 3, ""status"": 1, ""pres"": 978.3895, ""meas_profile"": ""HP-8"", ""meas_id"": 8, ""hum"": 31.40213, ""gas_res"": 26578.07}, {""temp"": 24.59562, ""step"": 3, ""status"": 1, ""pres"": 978.5341, ""meas_profile"": ""HP-7"", ""meas_id"": 7, ""hum"": 31.33317, ""gas_res"": 38635.68}, {""temp"": 24.67495, ""step"": 3, ""status"": 1, ""pres"": 978.7106, ""meas_profile"": ""HP-6"", ""meas_id"": 6, ""hum"": 31.18059, ""gas_res"": 122050.1}, {""temp"": 24.59957, ""step"": 3, ""status"": 1, ""pres"": 978.4105, ""meas_profile"": ""HP-5"", ""meas_id"": 5, ""hum"": 31.36503, ""gas_res"": 268273.5}, {""temp"": 24.29348, ""step"": 3, ""status"": 1, ""pres"": 978.4531, ""meas_profile"": ""HP-4"", ""meas_id"": 4, ""hum"": 31.00241, ""gas_res"": 319202.0}, {""temp"": 24.44385, ""step"": 3, ""status"": 1, ""pres"": 978.0751, ""meas_profile"": ""HP-3"", ""meas_id"": 3, ""hum"": 31.40288, ""gas_res"": 168921.1}, {""temp"": 24.34844, ""step"": 3, ""status"": 1, ""pres"": 978.199, ""meas_profile"": ""HP-2"", ""meas_id"": 2, ""hum"": 31.67754, ""gas_res"": 321911.3}, {""temp"": 24.12816, ""step"": 3, ""status"": 1, ""pres"": 978.3312, ""meas_profile"": ""HP-1"", ""meas_id"": 1, ""hum"": 31.11907, ""gas_res"": 237146.8}]}",NULL,"2025-10-29 12:24:23.580003"
15576,"04a600b9b0b8","2025-10-29 12:23:11","5JFh5wE2VqhS7laVp1zj","{""bme688"": [{""temp"": 24.61291, ""step"": 2, ""status"": 1, ""pres"": 978.389, ""meas_profile"": ""HP-8"", ""meas_id"": 8, ""hum"": 31.41335, ""gas_res"": 42780.75}, {""temp"": 24.59531, ""step"": 2, ""status"": 1, ""pres"": 978.5355, ""meas_profile"": ""HP-7"", ""meas_id"": 7, ""hum"": 31.33315, ""gas_res"": 70679.18}, {""temp"": 24.67434, ""step"": 2, ""status"": 1, ""pres"": 978.7112, ""meas_profile"": ""HP-6"", ""meas_id"": 6, ""hum"": 31.18054, ""gas_res"": 298281.4}, {""temp"": 24.59925, ""step"": 2, ""status"": 1, ""pres"": 978.4099, ""meas_profile"": ""HP-5"", ""meas_id"": 5, ""hum"": 31.37614, ""gas_res"": 827809.2}, {""temp"": 24.29286, ""step"": 2, ""status"": 1, ""pres"": 978.4537, ""meas_profile"": ""HP-4"", ""meas_id"": 4, ""hum"": 31.00236, ""gas_res"": 877839.7}, {""temp"": 24.44323, ""step"": 2, ""status"": 1, ""pres"": 978.0759, ""meas_profile"": ""HP-3"", ""meas_id"": 3, ""hum"": 31.3859, ""gas_res"": 387805.3}, {""temp"": 24.34782, ""step"": 2, ""status"": 1, ""pres"": 978.198, ""meas_profile"": ""HP-2"", ""meas_id"": 2, ""hum"": 31.68866, ""gas_res"": 863406.4}, {""temp"": 24.12754, ""step"": 2, ""status"": 1, ""pres"": 978.3322, ""meas_profile"": ""HP-1"", ""meas_id"": 1, ""hum"": 31.13632, ""gas_res"": 559868.8}]}",NULL,"2025-10-29 12:24:24.858786"
15577,"04a600b9b0b8","2025-10-29 12:23:11","5JFh5wE2VqhS7laVp1zj","{""bme688"": [{""temp"": 24.6126, ""step"": 1, ""status"": 1, ""pres"": 978.3886, ""meas_profile"": ""HP-8"", ""meas_id"": 8, ""hum"": 31.39083, ""gas_res"": 9882.644}, {""temp"": 24.59469, ""step"": 1, ""status"": 1, ""pres"": 978.5361, ""meas_profile"": ""HP-7"", ""meas_id"": 7, ""hum"": 31.33309, ""gas_res"": 17034.87}, {""temp"": 24.67434, ""step"": 1, ""status"": 1, ""pres"": 978.7112, ""meas_profile"": ""HP-6"", ""meas_id"": 6, ""hum"": 31.18617, ""gas_res"": 23686.16}, {""temp"": 24.59894, ""step"": 1, ""status"": 1, ""pres"": 978.411, ""meas_profile"": ""HP-5"", ""meas_id"": 5, ""hum"": 31.38169, ""gas_res"": 100000.0}, {""temp"": 24.29255, ""step"": 1, ""status"": 1, ""pres"": 978.4532, ""meas_profile"": ""HP-4"", ""meas_id"": 4, ""hum"": 31.01361, ""gas_res"": 43700.92}, {""temp"": 24.44292, ""step"": 1, ""status"": 1, ""pres"": 978.0754, ""meas_profile"": ""HP-3"", ""meas_id"": 3, ""hum"": 31.4028, ""gas_res"": 26862.54}, {""temp"": 24.34782, ""step"": 1, ""status"": 1, ""pres"": 978.1997, ""meas_profile"": ""HP-2"", ""meas_id"": 2, ""hum"": 31.68308, ""gas_res"": 42780.75}, {""temp"": 24.12723, ""step"": 1, ""status"": 1, ""pres"": 978.3317, ""meas_profile"": ""HP-1"", ""meas_id"": 1, ""hum"": 31.12476, ""gas_res"": 30295.86}]}",NULL,"2025-10-29 12:24:26.340695"
15578,"04a600b9b0b8","2025-10-29 12:23:11","5JFh5wE2VqhS7laVp1zj","{""bme688"": [{""temp"": 24.61229, ""step"": 0, ""status"": 1, ""pres"": 978.3897, ""meas_profile"": ""HP-8"", ""meas_id"": 8, ""hum"": 31.39642, ""gas_res"": 5879.111}, {""temp"": 24.59438, ""step"": 0, ""status"": 1, ""pres"": 978.5355, ""meas_profile"": ""HP-7"", ""meas_id"": 7, ""hum"": 31.3275, ""gas_res"": 7344.503}, {""temp"": 24.67434, ""step"": 0, ""status"": 1, ""pres"": 978.7131, ""meas_profile"": ""HP-6"", ""meas_id"": 6, ""hum"": 31.18054, ""gas_res"": 10050.25}, {""temp"": 24.59894, ""step"": 0, ""status"": 1, ""pres"": 978.411, ""meas_profile"": ""HP-5"", ""meas_id"": 5, ""hum"": 31.38169, ""gas_res"": 25000.0}, {""temp"": 24.29224, ""step"": 0, ""status"": 1, ""pres"": 978.4528, ""meas_profile"": ""HP-4"", ""meas_id"": 4, ""hum"": 31.01359, ""gas_res"": 25000.0}, {""temp"": 24.44292, ""step"": 0, ""status"": 1, ""pres"": 978.0772, ""meas_profile"": ""HP-3"", ""meas_id"": 3, ""hum"": 31.4028, ""gas_res"": 7011.394}, {""temp"": 24.34751, ""step"": 0, ""status"": 1, ""pres"": 978.2008, ""meas_profile"": ""HP-2"", ""meas_id"": 2, ""hum"": 31.67747, ""gas_res"": 9773.977}, {""temp"": 24.12692, ""step"": 0, ""status"": 1, ""pres"": 978.3329, ""meas_profile"": ""HP-1"", ""meas_id"": 1, ""hum"": 31.12473, ""gas_res"": 7483.629}]}",NULL,"2025-10-29 12:24:28.055254"
15579,"04a600b9b0b8","2025-10-29 12:22:36","5JFh5wE2VqhS7laVp1zj","{""zphs01b"": {""voc"": 0, ""temp"": 22.2, ""pm2_5"": 0, ""pm1_0"": 0, ""pm10"": 344, ""o3"": 0.02, ""no2"": 8.95, ""hum"": 0, ""fmhd"": 0, ""co2"": 5000, ""co"": 0.0}, ""smell_b"": {}, ""sfa30"": {""temp"": 24.585, ""hum"": 34.05, ""fmhd"": 0.6}, ""sen5x"": {""voc"": 59.0, ""temp"": 25.14, ""pm4_0"": 3944.1, ""pm2_5"": 3944.1, ""pm1_0"": 3761.0, ""pm10"": 3944.1, ""nox"": 1.0, ""mass_c"": 3898.325, ""hum"": 37.25}, ""scd41"": {""temp"": 23.94255, ""hum"": 41.85092, ""co2"": 653}, ""power_source"": 0, ""mics6814"": {""red_res"": 0, ""no2_res"": 0, ""no2"": 0.17, ""nh3_res"": 0, ""nh3"": 0.73, ""co_res"": 0, ""co"": 44.0}}",NULL,"2025-10-29 12:24:29.230738"
15580,"04a600b9b0b8","2025-10-29 12:22:36","5JFh5wE2VqhS7laVp1zj","{""bme688"": [{""temp"": 24.61167, ""step"": 9, ""status"": 1, ""pres"": 978.3889, ""meas_profile"": ""HP-8"", ""meas_id"": 8, ""hum"": 31.39075, ""gas_res"": 5684.846}, {""temp"": 24.59407, ""step"": 9, ""status"": 1, ""pres"": 978.5368, ""meas_profile"": ""HP-7"", ""meas_id"": 7, ""hum"": 31.32747, ""gas_res"": 6317.868}, {""temp"": 24.67403, ""step"": 9, ""status"": 1, ""pres"": 978.7143, ""meas_profile"": ""HP-6"", ""meas_id"": 6, ""hum"": 31.18615, ""gas_res"": 8260.196}, {""temp"": 24.59894, ""step"": 9, ""status"": 1, ""pres"": 978.4127, ""meas_profile"": ""HP-5"", ""meas_id"": 5, ""hum"": 31.39284, ""gas_res"": 25000.0}, {""temp"": 24.29224, ""step"": 9, ""status"": 1, ""pres"": 978.4543, ""meas_profile"": ""HP-4"", ""meas_id"": 4, ""hum"": 31.01923, ""gas_res"": 22401.12}, {""temp"": 24.4423, ""step"": 9, ""status"": 1, ""pres"": 978.076, ""meas_profile"": ""HP-3"", ""meas_id"": 3, ""hum"": 31.40839, ""gas_res"": 6479.044}, {""temp"": 24.34689, ""step"": 9, ""status"": 1, ""pres"": 978.1998, ""meas_profile"": ""HP-2"", ""meas_id"": 2, ""hum"": 31.68299, ""gas_res"": 8409.987}, {""temp"": 24.1263, ""step"": 9, ""status"": 1, ""pres"": 978.3321, ""meas_profile"": ""HP-1"", ""meas_id"": 1, ""hum"": 31.13621, ""gas_res"": 6243.902}]}",NULL,"2025-10-29 12:24:30.618647"
15581,"04a600b9b0b8","2025-10-29 12:22:36","5JFh5wE2VqhS7laVp1zj","{""bme688"": [{""temp"": 24.61136, ""step"": 8, ""status"": 1, ""pres"": 978.3883, ""meas_profile"": ""HP-8"", ""meas_id"": 8, ""hum"": 31.40197, ""gas_res"": 5684.846}, {""temp"": 24.59376, ""step"": 8, ""status"": 1, ""pres"": 978.5363, ""meas_profile"": ""HP-7"", ""meas_id"": 7, ""hum"": 31.34969, ""gas_res"": 6420.546}, {""temp"": 24.67403, ""step"": 8, ""status"": 1, ""pres"": 978.7143, ""meas_profile"": ""HP-6"", ""meas_id"": 6, ""hum"": 31.18051, ""gas_res"": 8572.194}, {""temp"": 24.59894, ""step"": 8, ""status"": 1, ""pres"": 978.4127, ""meas_profile"": ""HP-5"", ""meas_id"": 5, ""hum"": 31.38169, ""gas_res"": 25000.0}, {""temp"": 24.29193, ""step"": 8, ""status"": 1, ""pres"": 978.4539, ""meas_profile"": ""HP-4"", ""meas_id"": 4, ""hum"": 31.0192, ""gas_res"": 22832.68}, {""temp"": 24.44199, ""step"": 8, ""status"": 1, ""pres"": 978.0756, ""meas_profile"": ""HP-3"", ""meas_id"": 3, ""hum"": 31.41401, ""gas_res"": 6157.398}, {""temp"": 24.34689, ""step"": 8, ""status"": 1, ""pres"": 978.2015, ""meas_profile"": ""HP-2"", ""meas_id"": 2, ""hum"": 31.69974, ""gas_res"": 8544.727}, {""temp"": 24.12598, ""step"": 8, ""status"": 1, ""pres"": 978.3317, ""meas_profile"": ""HP-1"", ""meas_id"": 1, ""hum"": 31.14772, ""gas_res"": 6599.299}]}",NULL,"2025-10-29 12:24:32.00411"
15582,"04a600b9b0b8","2025-10-29 12:22:36","5JFh5wE2VqhS7laVp1zj","{""bme688"": [{""temp"": 24.61043, ""step"": 7, ""status"": 1, ""pres"": 978.3886, ""meas_profile"": ""HP-8"", ""meas_id"": 8, ""hum"": 31.42438, ""gas_res"": 5684.846}, {""temp"": 24.59345, ""step"": 7, ""status"": 1, ""pres"": 978.5356, ""meas_profile"": ""HP-7"", ""meas_id"": 7, ""hum"": 31.33854, ""gas_res"": 6382.13}, {""temp"": 24.67403, ""step"": 7, ""status"": 1, ""pres"": 978.716, ""meas_profile"": ""HP-6"", ""meas_id"": 6, ""hum"": 31.16924, ""gas_res"": 8531.059}, {""temp"": 24.59894, ""step"": 7, ""status"": 1, ""pres"": 978.4144, ""meas_profile"": ""HP-5"", ""meas_id"": 5, ""hum"": 31.37054, ""gas_res"": 25000.0}, {""temp"": 24.29193, ""step"": 7, ""status"": 1, ""pres"": 978.4556, ""meas_profile"": ""HP-4"", ""meas_id"": 4, ""hum"": 31.04742, ""gas_res"": 21940.35}, {""temp"": 24.44137, ""step"": 7, ""status"": 1, ""pres"": 978.0762, ""meas_profile"": ""HP-3"", ""meas_id"": 3, ""hum"": 31.41396, ""gas_res"": 6004.879}, {""temp"": 24.34658, ""step"": 7, ""status"": 1, ""pres"": 978.2009, ""meas_profile"": ""HP-2"", ""meas_id"": 2, ""hum"": 31.71646, ""gas_res"": 8134.214}, {""temp"": 24.12536, ""step"": 7, ""status"": 1, ""pres"": 978.3306, ""meas_profile"": ""HP-1"", ""meas_id"": 1, ""hum"": 31.1765, ""gas_res"": 6467.259}]}",NULL,"2025-10-29 12:24:33.176192"
15583,"04a600b9b0b8","2025-10-29 12:22:36","5JFh5wE2VqhS7laVp1zj","{""bme688"": [{""temp"": 24.61043, ""step"": 6, ""status"": 1, ""pres"": 978.3886, ""meas_profile"": ""HP-8"", ""meas_id"": 8, ""hum"": 31.39626, ""gas_res"": 17424.45}, {""temp"": 24.59345, ""step"": 6, ""status"": 1, ""pres"": 978.5374, ""meas_profile"": ""HP-7"", ""meas_id"": 7, ""hum"": 31.35522, ""gas_res"": 23180.01}, {""temp"": 24.67403, ""step"": 6, ""status"": 1, ""pres"": 978.716, ""meas_profile"": ""HP-6"", ""meas_id"": 6, ""hum"": 31.18051, ""gas_res"": 46109.51}, {""temp"": 24.59894, ""step"": 6, ""status"": 1, ""pres"": 978.4144, ""meas_profile"": ""HP-5"", ""meas_id"": 5, ""hum"": 31.39284, ""gas_res"": 154682.8}, {""temp"": 24.29193, ""step"": 6, ""status"": 1, ""pres"": 978.4556, ""meas_profile"": ""HP-4"", ""meas_id"": 4, ""hum"": 31.04178, ""gas_res"": 147465.4}, {""temp"": 24.44137, ""step"": 6, ""status"": 1, ""pres"": 978.0762, ""meas_profile"": ""HP-3"", ""meas_id"": 3, ""hum"": 31.4196, ""gas_res"": 88950.66}, {""temp"": 24.34627, ""step"": 6, ""status"": 1, ""pres"": 978.2004, ""meas_profile"": ""HP-2"", ""meas_id"": 2, ""hum"": 31.6941, ""gas_res"": 119403.0}, {""temp"": 24.12536, ""step"": 6, ""status"": 1, ""pres"": 978.3324, ""meas_profile"": ""HP-1"", ""meas_id"": 1, ""hum"": 31.15343, ""gas_res"": 100000.0}]}",NULL,"2025-10-29 12:24:34.458758"
15584,"04a600b9b0b8","2025-10-29 12:22:36","5JFh5wE2VqhS7laVp1zj","{""bme688"": [{""temp"": 24.61013, ""step"": 5, ""status"": 1, ""pres"": 978.3898, ""meas_profile"": ""HP-8"", ""meas_id"": 8, ""hum"": 31.41873, ""gas_res"": 17158.18}, {""temp"": 24.59314, ""step"": 5, ""status"": 1, ""pres"": 978.5369, ""meas_profile"": ""HP-7"", ""meas_id"": 7, ""hum"": 31.35519, ""gas_res"": 22857.14}, {""temp"": 24.67403, ""step"": 5, ""status"": 1, ""pres"": 978.7177, ""meas_profile"": ""HP-6"", ""meas_id"": 6, ""hum"": 31.18615, ""gas_res"": 45861.7}, {""temp"": 24.59925, ""step"": 5, ""status"": 1, ""pres"": 978.4166, ""meas_profile"": ""HP-5"", ""meas_id"": 5, ""hum"": 31.38172, ""gas_res"": 153431.2}, {""temp"": 24.29162, ""step"": 5, ""status"": 1, ""pres"": 978.4551, ""meas_profile"": ""HP-4"", ""meas_id"": 4, ""hum"": 31.03046, ""gas_res"": 144225.4}, {""temp"": 24.44106, ""step"": 5, ""status"": 1, ""pres"": 978.0774, ""meas_profile"": ""HP-3"", ""meas_id"": 3, ""hum"": 31.43086, ""gas_res"": 84965.15}, {""temp"": 24.34565, ""step"": 5, ""status"": 1, ""pres"": 978.2011, ""meas_profile"": ""HP-2"", ""meas_id"": 2, ""hum"": 31.70521, ""gas_res"": 114439.0}, {""temp"": 24.12505, ""step"": 5, ""status"": 1, ""pres"": 978.332, ""meas_profile"": ""HP-1"", ""meas_id"": 1, ""hum"": 31.1707, ""gas_res"": 100000.0}]}",NULL,"2025-10-29 12:24:35.741297"
15585,"04a600b9b0b8","2025-10-29 12:22:36","5JFh5wE2VqhS7laVp1zj","{""bme688"": [{""temp"": 24.60982, ""step"": 4, ""status"": 1, ""pres"": 978.3895, ""meas_profile"": ""HP-8"", ""meas_id"": 8, ""hum"": 31.40745, ""gas_res"": 16953.64}, {""temp"": 24.59283, ""step"": 4, ""status"": 1, ""pres"": 978.538, ""meas_profile"": ""HP-7"", ""meas_id"": 7, ""hum"": 31.36629, ""gas_res"": 22638.84}, {""temp"": 24.67403, ""step"": 4, ""status"": 1, ""pres"": 978.7177, ""meas_profile"": ""HP-6"", ""meas_id"": 6, ""hum"": 31.18051, ""gas_res"": 46159.39}, {""temp"": 24.59925, ""step"": 4, ""status"": 1, ""pres"": 978.4166, ""meas_profile"": ""HP-5"", ""meas_id"": 5, ""hum"": 31.41516, ""gas_res"": 154402.9}, {""temp"": 24.29162, ""step"": 4, ""status"": 1, ""pres"": 978.4551, ""meas_profile"": ""HP-4"", ""meas_id"": 4, ""hum"": 31.03046, ""gas_res"": 145454.5}, {""temp"": 24.44075, ""step"": 4, ""status"": 1, ""pres"": 978.0769, ""meas_profile"": ""HP-3"", ""meas_id"": 3, ""hum"": 31.41954, ""gas_res"": 80629.92}, {""temp"": 24.34534, ""step"": 4, ""status"": 1, ""pres"": 978.2007, ""meas_profile"": ""HP-2"", ""meas_id"": 2, ""hum"": 31.71076, ""gas_res"": 108199.5}, {""temp"": 24.12474, ""step"": 4, ""status"": 1, ""pres"": 978.3314, ""meas_profile"": ""HP-1"", ""meas_id"": 1, ""hum"": 31.16491, ""gas_res"": 100000.0}]}",NULL,"2025-10-29 12:24:37.108809"
15586,"04a600b9b0b8","2025-10-29 12:22:36","5JFh5wE2VqhS7laVp1zj","{""bme688"": [{""temp"": 24.60951, ""step"": 3, ""status"": 1, ""pres"": 978.3889, ""meas_profile"": ""HP-8"", ""meas_id"": 8, ""hum"": 31.42992, ""gas_res"": 36425.73}, {""temp"": 24.59252, ""step"": 3, ""status"": 1, ""pres"": 978.5376, ""meas_profile"": ""HP-7"", ""meas_id"": 7, ""hum"": 31.34959, ""gas_res"": 53255.67}, {""temp"": 24.67341, ""step"": 3, ""status"": 1, ""pres"": 978.7187, ""meas_profile"": ""HP-6"", ""meas_id"": 6, ""hum"": 31.21428, ""gas_res"": 192156.1}, {""temp"": 24.59894, ""step"": 3, ""status"": 1, ""pres"": 978.4162, ""meas_profile"": ""HP-5"", ""meas_id"": 5, ""hum"": 31.38169, ""gas_res"": 467153.3}, {""temp"": 24.29131, ""step"": 3, ""status"": 1, ""pres"": 978.4546, ""meas_profile"": ""HP-4"", ""meas_id"": 4, ""hum"": 31.05301, ""gas_res"": 517041.2}, {""temp"": 24.44014, ""step"": 3, ""status"": 1, ""pres"": 978.0759, ""meas_profile"": ""HP-3"", ""meas_id"": 3, ""hum"": 31.43077, ""gas_res"": 241851.7}, {""temp"": 24.34472, ""step"": 3, ""status"": 1, ""pres"": 978.1996, ""meas_profile"": ""HP-2"", ""meas_id"": 2, ""hum"": 31.72188, ""gas_res"": 491362.8}, {""temp"": 24.12443, ""step"": 3, ""status"": 1, ""pres"": 978.3328, ""meas_profile"": ""HP-1"", ""meas_id"": 1, ""hum"": 31.18219, ""gas_res"": 332251.8}]}",NULL,"2025-10-29 12:24:38.298533"
15587,"04a600b9b0b8","2025-10-29 12:22:36","5JFh5wE2VqhS7laVp1zj","{""bme688"": [{""temp"": 24.6092, ""step"": 2, ""status"": 1, ""pres"": 978.3901, ""meas_profile"": ""HP-8"", ""meas_id"": 8, ""hum"": 31.41302, ""gas_res"": 40125.39}, {""temp"": 24.59221, ""step"": 2, ""status"": 1, ""pres"": 978.5387, ""meas_profile"": ""HP-7"", ""meas_id"": 7, ""hum"": 31.34955, ""gas_res"": 62045.57}, {""temp"": 24.67341, ""step"": 2, ""status"": 1, ""pres"": 978.7187, ""meas_profile"": ""HP-6"", ""meas_id"": 6, ""hum"": 31.203, ""gas_res"": 244800.4}, {""temp"": 24.59863, ""step"": 2, ""status"": 1, ""pres"": 978.4172, ""meas_profile"": ""HP-5"", ""meas_id"": 5, ""hum"": 31.39838, ""gas_res"": 605022.2}, {""temp"": 24.29069, ""step"": 2, ""status"": 1, ""pres"": 978.4536, ""meas_profile"": ""HP-4"", ""meas_id"": 4, ""hum"": 31.04732, ""gas_res"": 626683.0}, {""temp"": 24.43983, ""step"": 2, ""status"": 1, ""pres"": 978.0771, ""meas_profile"": ""HP-3"", ""meas_id"": 3, ""hum"": 31.4364, ""gas_res"": 298542.3}, {""temp"": 24.3444, ""step"": 2, ""status"": 1, ""pres"": 978.199, ""meas_profile"": ""HP-2"", ""meas_id"": 2, ""hum"": 31.72744, ""gas_res"": 549503.6}, {""temp"": 24.12412, ""step"": 2, ""status"": 1, ""pres"": 978.3323, ""meas_profile"": ""HP-1"", ""meas_id"": 1, ""hum"": 31.18216, ""gas_res"": 389798.3}]}",NULL,"2025-10-29 12:24:39.578874"
15588,"04a600b9b0b8","2025-10-29 12:22:36","5JFh5wE2VqhS7laVp1zj","{""bme688"": [{""temp"": 24.6092, ""step"": 1, ""status"": 1, ""pres"": 978.3901, ""meas_profile"": ""HP-8"", ""meas_id"": 8, ""hum"": 31.42427, ""gas_res"": 9169.055}, {""temp"": 24.59252, ""step"": 1, ""status"": 1, ""pres"": 978.5393, ""meas_profile"": ""HP-7"", ""meas_id"": 7, ""hum"": 31.36071, ""gas_res"": 11212.33}, {""temp"": 24.67341, ""step"": 1, ""status"": 1, ""pres"": 978.7187, ""meas_profile"": ""HP-6"", ""meas_id"": 6, ""hum"": 31.203, ""gas_res"": 25000.0}, {""temp"": 24.59894, ""step"": 1, ""status"": 1, ""pres"": 978.4178, ""meas_profile"": ""HP-5"", ""meas_id"": 5, ""hum"": 31.42071, ""gas_res"": 40738.38}, {""temp"": 24.29069, ""step"": 1, ""status"": 1, ""pres"": 978.4536, ""meas_profile"": ""HP-4"", ""meas_id"": 4, ""hum"": 31.05296, ""gas_res"": 34343.98}, {""temp"": 24.43983, ""step"": 1, ""status"": 1, ""pres"": 978.0771, ""meas_profile"": ""HP-3"", ""meas_id"": 3, ""hum"": 31.44769, ""gas_res"": 25000.0}, {""temp"": 24.3444, ""step"": 1, ""status"": 1, ""pres"": 978.2009, ""meas_profile"": ""HP-2"", ""meas_id"": 2, ""hum"": 31.73302, ""gas_res"": 31667.49}, {""temp"": 24.12381, ""step"": 1, ""status"": 1, ""pres"": 978.3318, ""meas_profile"": ""HP-1"", ""meas_id"": 1, ""hum"": 31.18213, ""gas_res"": 25000.0}]}",NULL,"2025-10-29 12:24:40.860363"
15589,"04a600b9b0b8","2025-10-29 12:22:36","5JFh5wE2VqhS7laVp1zj","{""bme688"": [{""temp"": 24.60889, ""step"": 0, ""status"": 1, ""pres"": 978.3897, ""meas_profile"": ""HP-8"", ""meas_id"": 8, ""hum"": 31.42425, ""gas_res"": 5684.846}, {""temp"": 24.59189, ""step"": 0, ""status"": 1, ""pres"": 978.5399, ""meas_profile"": ""HP-7"", ""meas_id"": 7, ""hum"": 31.36621, ""gas_res"": 6554.691}, {""temp"": 24.67341, ""step"": 0, ""status"": 1, ""pres"": 978.7203, ""meas_profile"": ""HP-6"", ""meas_id"": 6, ""hum"": 31.21992, ""gas_res"": 8443.271}, {""temp"": 24.59894, ""step"": 0, ""status"": 1, ""pres"": 978.4178, ""meas_profile"": ""HP-5"", ""meas_id"": 5, ""hum"": 31.40956, ""gas_res"": 25000.0}, {""temp"": 24.29069, ""step"": 0, ""status"": 1, ""pres"": 978.4553, ""meas_profile"": ""HP-4"", ""meas_id"": 4, ""hum"": 31.05861, ""gas_res"": 20447.29}, {""temp"": 24.43952, ""step"": 0, ""status"": 1, ""pres"": 978.0767, ""meas_profile"": ""HP-3"", ""meas_id"": 3, ""hum"": 31.44201, ""gas_res"": 7722.008}, {""temp"": 24.34409, ""step"": 0, ""status"": 1, ""pres"": 978.2004, ""meas_profile"": ""HP-2"", ""meas_id"": 2, ""hum"": 31.733, ""gas_res"": 7334.403}, {""temp"": 24.12349, ""step"": 0, ""status"": 1, ""pres"": 978.3314, ""meas_profile"": ""HP-1"", ""meas_id"": 1, ""hum"": 31.18788, ""gas_res"": 5961.252}]}",NULL,"2025-10-29 12:24:42.230461"
15590,"04a600b9b0b8","2025-10-29 12:22:09","5JFh5wE2VqhS7laVp1zj","{""zphs01b"": {""voc"": 0, ""temp"": 22.1, ""pm2_5"": 0, ""pm1_0"": 0, ""pm10"": 306, ""o3"": 0.02, ""no2"": 10.0, ""hum"": 0, ""fmhd"": 0, ""co2"": 5000, ""co"": 0.0}, ""smell_b"": {}, ""sfa30"": {""temp"": 24.58, ""hum"": 34.05, ""fmhd"": 0.4}, ""sen5x"": {""voc"": 55.0, ""temp"": 25.295, ""pm4_0"": 4020.8, ""pm2_5"": 4020.7, ""pm1_0"": 3834.0, ""pm10"": 4020.8, ""nox"": 1.0, ""mass_c"": 3974.075, ""hum"": 36.76}, ""scd41"": {""temp"": 24.14282, ""hum"": 41.00252, ""co2"": 656}, ""power_source"": 0, ""mics6814"": {""red_res"": 0, ""no2_res"": 0, ""no2"": 0.17, ""nh3_res"": 0, ""nh3"": 0.73, ""co_res"": 0, ""co"": 44.0}}",NULL,"2025-10-29 12:24:43.308158"
15591,"04a600b9b0b8","2025-10-29 12:22:09","5JFh5wE2VqhS7laVp1zj","{""bme688"": [{""temp"": 24.60858, ""step"": 9, ""status"": 1, ""pres"": 978.3909, ""meas_profile"": ""HP-8"", ""meas_id"": 8, ""hum"": 31.40735, ""gas_res"": 5684.846}, {""temp"": 24.59189, ""step"": 9, ""status"": 1, ""pres"": 978.5399, ""meas_profile"": ""HP-7"", ""meas_id"": 7, ""hum"": 31.34953, ""gas_res"": 5730.659}, {""temp"": 24.6731, ""step"": 9, ""status"": 1, ""pres"": 978.7197, ""meas_profile"": ""HP-6"", ""meas_id"": 6, ""hum"": 31.20298, ""gas_res"": 6849.315}, {""temp"": 24.59894, ""step"": 9, ""status"": 1, ""pres"": 978.4194, ""meas_profile"": ""HP-5"", ""meas_id"": 5, ""hum"": 31.42071, ""gas_res"": 25000.0}, {""temp"": 24.29069, ""step"": 9, ""status"": 1, ""pres"": 978.4553, ""meas_profile"": ""HP-4"", ""meas_id"": 4, ""hum"": 31.04167, ""gas_res"": 11235.96}, {""temp"": 24.43921, ""step"": 9, ""status"": 1, ""pres"": 978.0778, ""meas_profile"": ""HP-3"", ""meas_id"": 3, ""hum"": 31.42505, ""gas_res"": 6933.911}, {""temp"": 24.34378, ""step"": 9, ""status"": 1, ""pres"": 978.1998, ""meas_profile"": ""HP-2"", ""meas_id"": 2, ""hum"": 31.74414, ""gas_res"": 6136.146}, {""temp"": 24.12318, ""step"": 9, ""status"": 1, ""pres"": 978.3328, ""meas_profile"": ""HP-1"", ""meas_id"": 1, ""hum"": 31.19938, ""gas_res"": 6652.807}]}",NULL,"2025-10-29 12:24:44.697615"
15592,"04a600b9b0b8","2025-10-29 12:22:09","5JFh5wE2VqhS7laVp1zj","{""bme688"": [{""temp"": 24.60796, ""step"": 8, ""status"": 1, ""pres"": 978.39, ""meas_profile"": ""HP-8"", ""meas_id"": 8, ""hum"": 31.43541, ""gas_res"": 5684.846}, {""temp"": 24.59159, ""step"": 8, ""status"": 1, ""pres"": 978.5411, ""meas_profile"": ""HP-7"", ""meas_id"": 7, ""hum"": 31.35506, ""gas_res"": 5818.182}, {""temp"": 24.6731, ""step"": 8, ""status"": 1, ""pres"": 978.7214, ""meas_profile"": ""HP-6"", ""meas_id"": 6, ""hum"": 31.18606, ""gas_res"": 7016.005}, {""temp"": 24.59894, ""step"": 8, ""status"": 1, ""pres"": 978.4194, ""meas_profile"": ""HP-5"", ""meas_id"": 5, ""hum"": 31.39284, ""gas_res"": 22307.42}, {""temp"": 24.29069, ""step"": 8, ""status"": 1, ""pres"": 978.4553, ""meas_profile"": ""HP-4"", ""meas_id"": 4, ""hum"": 31.06425, ""gas_res"": 11212.33}, {""temp"": 24.43921, ""step"": 8, ""status"": 1, ""pres"": 978.0778, ""meas_profile"": ""HP-3"", ""meas_id"": 3, ""hum"": 31.45892, ""gas_res"": 6299.212}, {""temp"": 24.34347, ""step"": 8, ""status"": 1, ""pres"": 978.1994, ""meas_profile"": ""HP-2"", ""meas_id"": 2, ""hum"": 31.74411, ""gas_res"": 6035.458}, {""temp"": 24.12287, ""step"": 8, ""status"": 1, ""pres"": 978.3323, ""meas_profile"": ""HP-1"", ""meas_id"": 1, ""hum"": 31.19359, ""gas_res"": 6636.25}]}",NULL,"2025-10-29 12:24:45.980379"
15593,"04a600b9b0b8","2025-10-29 12:22:09","5JFh5wE2VqhS7laVp1zj","{""bme688"": [{""temp"": 24.60765, ""step"": 7, ""status"": 1, ""pres"": 978.3895, ""meas_profile"": ""HP-8"", ""meas_id"": 8, ""hum"": 31.44101, ""gas_res"": 5684.846}, {""temp"": 24.59127, ""step"": 7, ""status"": 1, ""pres"": 978.5406, ""meas_profile"": ""HP-7"", ""meas_id"": 7, ""hum"": 31.37728, ""gas_res"": 5862.954}, {""temp"": 24.67279, ""step"": 7, ""status"": 1, ""pres"": 978.721, ""meas_profile"": ""HP-6"", ""meas_id"": 6, ""hum"": 31.20295, ""gas_res"": 6889.128}, {""temp"": 24.59925, ""step"": 7, ""status"": 1, ""pres"": 978.42, ""meas_profile"": ""HP-5"", ""meas_id"": 5, ""hum"": 31.39844, ""gas_res"": 21476.51}, {""temp"": 24.291, ""step"": 7, ""status"": 1, ""pres"": 978.4556, ""meas_profile"": ""HP-4"", ""meas_id"": 4, ""hum"": 31.05863, ""gas_res"": 10547.13}, {""temp"": 24.4389, ""step"": 7, ""status"": 1, ""pres"": 978.0773, ""meas_profile"": ""HP-3"", ""meas_id"": 3, ""hum"": 31.44196, ""gas_res"": 5862.954}, {""temp"": 24.34347, ""step"": 7, ""status"": 1, ""pres"": 978.1994, ""meas_profile"": ""HP-2"", ""meas_id"": 2, ""hum"": 31.73294, ""gas_res"": 7590.133}, {""temp"": 24.12287, ""step"": 7, ""status"": 1, ""pres"": 978.3323, ""meas_profile"": ""HP-1"", ""meas_id"": 1, ""hum"": 31.19936, ""gas_res"": 6258.557}]}",NULL,"2025-10-29 12:24:47.352802"
15594,"04a600b9b0b8","2025-10-29 12:22:09","5JFh5wE2VqhS7laVp1zj","{""bme688"": [{""temp"": 24.60735, ""step"": 6, ""status"": 1, ""pres"": 978.3908, ""meas_profile"": ""HP-8"", ""meas_id"": 8, ""hum"": 31.42411, ""gas_res"": 19370.46}, {""temp"": 24.59127, ""step"": 6, ""status"": 1, ""pres"": 978.5422, ""meas_profile"": ""HP-7"", ""meas_id"": 7, ""hum"": 31.36059, ""gas_res"": 22237.67}, {""temp"": 24.6731, ""step"": 6, ""status"": 1, ""pres"": 978.7214, ""meas_profile"": ""HP-6"", ""meas_id"": 6, ""hum"": 31.19734, ""gas_res"": 34934.5}, {""temp"": 24.59925, ""step"": 6, ""status"": 1, ""pres"": 978.42, ""meas_profile"": ""HP-5"", ""meas_id"": 5, ""hum"": 31.41516, ""gas_res"": 108062.5}, {""temp"": 24.29069, ""step"": 6, ""status"": 1, ""pres"": 978.4536, ""meas_profile"": ""HP-4"", ""meas_id"": 4, ""hum"": 31.05861, ""gas_res"": 95061.27}, {""temp"": 24.43921, ""step"": 6, ""status"": 1, ""pres"": 978.0778, ""meas_profile"": ""HP-3"", ""meas_id"": 3, ""hum"": 31.45892, ""gas_res"": 34206.31}, {""temp"": 24.34316, ""step"": 6, ""status"": 1, ""pres"": 978.2003, ""meas_profile"": ""HP-2"", ""meas_id"": 2, ""hum"": 31.73291, ""gas_res"": 84880.63}, {""temp"": 24.12287, ""step"": 6, ""status"": 1, ""pres"": 978.3323, ""meas_profile"": ""HP-1"", ""meas_id"": 1, ""hum"": 31.21667, ""gas_res"": 40894.57}]}",NULL,"2025-10-29 12:24:48.535589"
15595,"04a600b9b0b8","2025-10-29 12:22:09","5JFh5wE2VqhS7laVp1zj","{""bme688"": [{""temp"": 24.60735, ""step"": 5, ""status"": 1, ""pres"": 978.3908, ""meas_profile"": ""HP-8"", ""meas_id"": 8, ""hum"": 31.42973, ""gas_res"": 19692.31}, {""temp"": 24.59127, ""step"": 5, ""status"": 1, ""pres"": 978.5422, ""meas_profile"": ""HP-7"", ""meas_id"": 7, ""hum"": 31.35503, ""gas_res"": 22614.84}, {""temp"": 24.6731, ""step"": 5, ""status"": 1, ""pres"": 978.7231, ""meas_profile"": ""HP-6"", ""meas_id"": 6, ""hum"": 31.20298, ""gas_res"": 35368.89}, {""temp"": 24.59925, ""step"": 5, ""status"": 1, ""pres"": 978.4218, ""meas_profile"": ""HP-5"", ""meas_id"": 5, ""hum"": 31.39844, ""gas_res"": 108405.7}, {""temp"": 24.29038, ""step"": 5, ""status"": 1, ""pres"": 978.4529, ""meas_profile"": ""HP-4"", ""meas_id"": 4, ""hum"": 31.07552, ""gas_res"": 93962.2}, {""temp"": 24.43921, ""step"": 5, ""status"": 1, ""pres"": 978.0778, ""meas_profile"": ""HP-3"", ""meas_id"": 3, ""hum"": 31.45892, ""gas_res"": 33246.75}, {""temp"": 24.34285, ""step"": 5, ""status"": 1, ""pres"": 978.2, ""meas_profile"": ""HP-2"", ""meas_id"": 2, ""hum"": 31.75522, ""gas_res"": 81632.66}, {""temp"": 24.12287, ""step"": 5, ""status"": 1, ""pres"": 978.3323, ""meas_profile"": ""HP-1"", ""meas_id"": 1, ""hum"": 31.2109, ""gas_res"": 38953.13}]}",NULL,"2025-10-29 12:24:49.833429"
15596,"04a600b9b0b8","2025-10-29 12:22:09","5JFh5wE2VqhS7laVp1zj","{""bme688"": [{""temp"": 24.60735, ""step"": 4, ""status"": 1, ""pres"": 978.3908, ""meas_profile"": ""HP-8"", ""meas_id"": 8, ""hum"": 31.44661, ""gas_res"": 20408.16}, {""temp"": 24.59127, ""step"": 4, ""status"": 1, ""pres"": 978.5422, ""meas_profile"": ""HP-7"", ""meas_id"": 7, ""hum"": 31.36616, ""gas_res"": 25000.0}, {""temp"": 24.67341, ""step"": 4, ""status"": 1, ""pres"": 978.7238, ""meas_profile"": ""HP-6"", ""meas_id"": 6, ""hum"": 31.19736, ""gas_res"": 36962.17}, {""temp"": 24.59894, ""step"": 4, ""status"": 1, ""pres"": 978.4213, ""meas_profile"": ""HP-5"", ""meas_id"": 5, ""hum"": 31.41513, ""gas_res"": 112626.5}, {""temp"": 24.29038, ""step"": 4, ""status"": 1, ""pres"": 978.4529, ""meas_profile"": ""HP-4"", ""meas_id"": 4, ""hum"": 31.08116, ""gas_res"": 95808.38}, {""temp"": 24.43952, ""step"": 4, ""status"": 1, ""pres"": 978.0784, ""meas_profile"": ""HP-3"", ""meas_id"": 3, ""hum"": 31.47024, ""gas_res"": 32561.69}, {""temp"": 24.34254, ""step"": 4, ""status"": 1, ""pres"": 978.1994, ""meas_profile"": ""HP-2"", ""meas_id"": 2, ""hum"": 31.76636, ""gas_res"": 79725.95}, {""temp"": 24.12318, ""step"": 4, ""status"": 1, ""pres"": 978.3328, ""meas_profile"": ""HP-1"", ""meas_id"": 1, ""hum"": 31.20516, ""gas_res"": 37547.67}]}",NULL,"2025-10-29 12:24:51.098071"
15597,"04a600b9b0b8","2025-10-29 12:22:09","5JFh5wE2VqhS7laVp1zj","{""bme688"": [{""temp"": 24.60704, ""step"": 3, ""status"": 1, ""pres"": 978.3904, ""meas_profile"": ""HP-8"", ""meas_id"": 8, ""hum"": 31.42408, ""gas_res"": 63241.11}, {""temp"": 24.59127, ""step"": 3, ""status"": 1, ""pres"": 978.5422, ""meas_profile"": ""HP-7"", ""meas_id"": 7, ""hum"": 31.36616, ""gas_res"": 77977.46}, {""temp"": 24.67341, ""step"": 3, ""status"": 1, ""pres"": 978.7255, ""meas_profile"": ""HP-6"", ""meas_id"": 6, ""hum"": 31.20864, ""gas_res"": 215035.7}, {""temp"": 24.59894, ""step"": 3, ""status"": 1, ""pres"": 978.4213, ""meas_profile"": ""HP-5"", ""meas_id"": 5, ""hum"": 31.39841, ""gas_res"": 520987.0}, {""temp"": 24.29038, ""step"": 3, ""status"": 1, ""pres"": 978.4529, ""meas_profile"": ""HP-4"", ""meas_id"": 4, ""hum"": 31.08681, ""gas_res"": 492781.5}, {""temp"": 24.43921, ""step"": 3, ""status"": 1, ""pres"": 978.0778, ""meas_profile"": ""HP-3"", ""meas_id"": 3, ""hum"": 31.45892, ""gas_res"": 224807.9}, {""temp"": 24.34254, ""step"": 3, ""status"": 1, ""pres"": 978.1994, ""meas_profile"": ""HP-2"", ""meas_id"": 2, ""hum"": 31.76636, ""gas_res"": 412653.6}, {""temp"": 24.12287, ""step"": 3, ""status"": 1, ""pres"": 978.3323, ""meas_profile"": ""HP-1"", ""meas_id"": 1, ""hum"": 31.22244, ""gas_res"": 273212.4}]}",NULL,"2025-10-29 12:24:52.484257"
15598,"04a600b9b0b8","2025-10-29 12:22:09","5JFh5wE2VqhS7laVp1zj","{""bme688"": [{""temp"": 24.60704, ""step"": 2, ""status"": 1, ""pres"": 978.3904, ""meas_profile"": ""HP-8"", ""meas_id"": 8, ""hum"": 31.42408, ""gas_res"": 59869.04}, {""temp"": 24.59096, ""step"": 2, ""status"": 1, ""pres"": 978.5435, ""meas_profile"": ""HP-7"", ""meas_id"": 7, ""hum"": 31.37725, ""gas_res"": 71809.26}, {""temp"": 24.6731, ""step"": 2, ""status"": 1, ""pres"": 978.7249, ""meas_profile"": ""HP-6"", ""meas_id"": 6, ""hum"": 31.1917, ""gas_res"": 199454.6}, {""temp"": 24.59894, ""step"": 2, ""status"": 1, ""pres"": 978.4213, ""meas_profile"": ""HP-5"", ""meas_id"": 5, ""hum"": 31.42071, ""gas_res"": 458678.6}, {""temp"": 24.29007, ""step"": 2, ""status"": 1, ""pres"": 978.4525, ""meas_profile"": ""HP-4"", ""meas_id"": 4, ""hum"": 31.08113, ""gas_res"": 424192.2}, {""temp"": 24.43921, ""step"": 2, ""status"": 1, ""pres"": 978.0795, ""meas_profile"": ""HP-3"", ""meas_id"": 3, ""hum"": 31.47586, ""gas_res"": 186861.3}, {""temp"": 24.34223, ""step"": 2, ""status"": 1, ""pres"": 978.1989, ""meas_profile"": ""HP-2"", ""meas_id"": 2, ""hum"": 31.76634, ""gas_res"": 333876.8}, {""temp"": 24.12256, ""step"": 2, ""status"": 1, ""pres"": 978.3317, ""meas_profile"": ""HP-1"", ""meas_id"": 1, ""hum"": 31.21664, ""gas_res"": 232146.9}]}",NULL,"2025-10-29 12:24:53.658082"
15599,"04a600b9b0b8","2025-10-29 12:22:09","5JFh5wE2VqhS7laVp1zj","{""bme688"": [{""temp"": 24.60704, ""step"": 1, ""status"": 1, ""pres"": 978.3904, ""meas_profile"": ""HP-8"", ""meas_id"": 8, ""hum"": 31.42971, ""gas_res"": 15763.55}, {""temp"": 24.59096, ""step"": 1, ""status"": 1, ""pres"": 978.5435, ""meas_profile"": ""HP-7"", ""meas_id"": 7, ""hum"": 31.36057, ""gas_res"": 17103.15}, {""temp"": 24.67341, ""step"": 1, ""status"": 1, ""pres"": 978.7255, ""meas_profile"": ""HP-6"", ""meas_id"": 6, ""hum"": 31.20864, ""gas_res"": 25000.0}, {""temp"": 24.59925, ""step"": 1, ""status"": 1, ""pres"": 978.4218, ""meas_profile"": ""HP-5"", ""meas_id"": 5, ""hum"": 31.40959, ""gas_res"": 34934.5}, {""temp"": 24.29038, ""step"": 1, ""status"": 1, ""pres"": 978.4529, ""meas_profile"": ""HP-4"", ""meas_id"": 4, ""hum"": 31.06987, ""gas_res"": 28231.14}, {""temp"": 24.43921, ""step"": 1, ""status"": 1, ""pres"": 978.0795, ""meas_profile"": ""HP-3"", ""meas_id"": 3, ""hum"": 31.47586, ""gas_res"": 25000.0}, {""temp"": 24.34254, ""step"": 1, ""status"": 1, ""pres"": 978.1994, ""meas_profile"": ""HP-2"", ""meas_id"": 2, ""hum"": 31.78312, ""gas_res"": 25000.0}, {""temp"": 24.12287, ""step"": 1, ""status"": 1, ""pres"": 978.3323, ""meas_profile"": ""HP-1"", ""meas_id"": 1, ""hum"": 31.22821, ""gas_res"": 25000.0}]}",NULL,"2025-10-29 12:24:54.939268"
15600,"04a600b9b0b8","2025-10-29 12:22:09","5JFh5wE2VqhS7laVp1zj","{""bme688"": [{""temp"": 24.60673, ""step"": 0, ""status"": 1, ""pres"": 978.3917, ""meas_profile"": ""HP-8"", ""meas_id"": 8, ""hum"": 31.43531, ""gas_res"": 6947.46}, {""temp"": 24.59065, ""step"": 0, ""status"": 1, ""pres"": 978.5447, ""meas_profile"": ""HP-7"", ""meas_id"": 7, ""hum"": 31.36054, ""gas_res"": 7552.514}, {""temp"": 24.67341, ""step"": 0, ""status"": 1, ""pres"": 978.7273, ""meas_profile"": ""HP-6"", ""meas_id"": 6, ""hum"": 31.21428, ""gas_res"": 8613.729}, {""temp"": 24.59925, ""step"": 0, ""status"": 1, ""pres"": 978.4235, ""meas_profile"": ""HP-5"", ""meas_id"": 5, ""hum"": 31.42073, ""gas_res"": 25000.0}, {""temp"": 24.29007, ""step"": 0, ""status"": 1, ""pres"": 978.4525, ""meas_profile"": ""HP-4"", ""meas_id"": 4, ""hum"": 31.09242, ""gas_res"": 18724.4}, {""temp"": 24.43921, ""step"": 0, ""status"": 1, ""pres"": 978.0795, ""meas_profile"": ""HP-3"", ""meas_id"": 3, ""hum"": 31.4815, ""gas_res"": 6599.299}, {""temp"": 24.34223, ""step"": 0, ""status"": 1, ""pres"": 978.2006, ""meas_profile"": ""HP-2"", ""meas_id"": 2, ""hum"": 31.77751, ""gas_res"": 6118.547}, {""temp"": 24.12256, ""step"": 0, ""status"": 1, ""pres"": 978.3336, ""meas_profile"": ""HP-1"", ""meas_id"": 1, ""hum"": 31.21087, ""gas_res"": 6902.502}]}",NULL,"2025-10-29 12:24:56.234039"
15601,"04a600b9b0b8","2025-10-29 12:24:36","5JFh5wE2VqhS7laVp1zj","{""zphs01b"": {""voc"": 0, ""temp"": 22.3, ""pm2_5"": 0, ""pm1_0"": 0, ""pm10"": 305, ""o3"": 0.03, ""no2"": 10.0, ""hum"": 0, ""fmhd"": 0, ""co2"": 5000, ""co"": 0.0}, ""smell_b"": {}, ""sfa30"": {""temp"": 24.595, ""hum"": 34.15, ""fmhd"": 0.6}, ""sen5x"": {""voc"": 83.0, ""temp"": 24.805, ""pm4_0"": 4550.2, ""pm2_5"": 4550.2, ""pm1_0"": 4338.8, ""pm10"": 4550.2, ""nox"": 1.0, ""mass_c"": 4497.35, ""hum"": 38.39}, ""scd41"": {""temp"": 23.90517, ""hum"": 42.87633, ""co2"": 640}, ""power_source"": 0, ""mics6814"": {""red_res"": 0, ""no2_res"": 0, ""no2"": 0.17, ""nh3_res"": 0, ""nh3"": 0.73, ""co_res"": 0, ""co"": 44.0}}",NULL,"2025-10-29 12:25:24.964032"
15602,"04a600b9b0b8","2025-10-29 12:24:36","5JFh5wE2VqhS7laVp1zj","{""bme688"": [{""temp"": 24.62001, ""step"": 9, ""status"": 1, ""pres"": 978.3791, ""meas_profile"": ""HP-8"", ""meas_id"": 8, ""hum"": 31.44209, ""gas_res"": 5684.846}, {""temp"": 24.60245, ""step"": 9, ""status"": 1, ""pres"": 978.5252, ""meas_profile"": ""HP-7"", ""meas_id"": 7, ""hum"": 31.3727, ""gas_res"": 6924.908}, {""temp"": 24.68113, ""step"": 9, ""status"": 1, ""pres"": 978.6964, ""meas_profile"": ""HP-6"", ""meas_id"": 6, ""hum"": 31.1924, ""gas_res"": 9052.334}, {""temp"": 24.60489, ""step"": 9, ""status"": 1, ""pres"": 978.3989, ""meas_profile"": ""HP-5"", ""meas_id"": 5, ""hum"": 31.41566, ""gas_res"": 25000.0}, {""temp"": 24.3028, ""step"": 9, ""status"": 1, ""pres"": 978.4485, ""meas_profile"": ""HP-4"", ""meas_id"": 4, ""hum"": 31.02015, ""gas_res"": 25000.0}, {""temp"": 24.45374, ""step"": 9, ""status"": 1, ""pres"": 978.0677, ""meas_profile"": ""HP-3"", ""meas_id"": 3, ""hum"": 31.40375, ""gas_res"": 7400.555}, {""temp"": 24.35931, ""step"": 9, ""status"": 1, ""pres"": 978.1916, ""meas_profile"": ""HP-2"", ""meas_id"": 2, ""hum"": 31.69525, ""gas_res"": 9747.183}, {""temp"": 24.13999, ""step"": 9, ""status"": 1, ""pres"": 978.3261, ""meas_profile"": ""HP-1"", ""meas_id"": 1, ""hum"": 31.10857, ""gas_res"": 7299.27}]}",NULL,"2025-10-29 12:25:26.297164"
15603,"04a600b9b0b8","2025-10-29 12:24:36","5JFh5wE2VqhS7laVp1zj","{""bme688"": [{""temp"": 24.61939, ""step"": 8, ""status"": 1, ""pres"": 978.3799, ""meas_profile"": ""HP-8"", ""meas_id"": 8, ""hum"": 31.44766, ""gas_res"": 5840.482}, {""temp"": 24.60183, ""step"": 8, ""status"": 1, ""pres"": 978.5259, ""meas_profile"": ""HP-7"", ""meas_id"": 7, ""hum"": 31.36708, ""gas_res"": 7025.247}, {""temp"": 24.68082, ""step"": 8, ""status"": 1, ""pres"": 978.6976, ""meas_profile"": ""HP-6"", ""meas_id"": 6, ""hum"": 31.21493, ""gas_res"": 9296.92}, {""temp"": 24.60457, ""step"": 8, ""status"": 1, ""pres"": 978.3984, ""meas_profile"": ""HP-5"", ""meas_id"": 5, ""hum"": 31.41005, ""gas_res"": 25000.0}, {""temp"": 24.30218, ""step"": 8, ""status"": 1, ""pres"": 978.4492, ""meas_profile"": ""HP-4"", ""meas_id"": 4, ""hum"": 31.02009, ""gas_res"": 25000.0}, {""temp"": 24.45312, ""step"": 8, ""status"": 1, ""pres"": 978.0684, ""meas_profile"": ""HP-3"", ""meas_id"": 3, ""hum"": 31.40934, ""gas_res"": 7002.188}, {""temp"": 24.35869, ""step"": 8, ""status"": 1, ""pres"": 978.1922, ""meas_profile"": ""HP-2"", ""meas_id"": 2, ""hum"": 31.68403, ""gas_res"": 9667.674}, {""temp"": 24.13937, ""step"": 8, ""status"": 1, ""pres"": 978.327, ""meas_profile"": ""HP-1"", ""meas_id"": 1, ""hum"": 31.10275, ""gas_res"": 7499.414}]}",NULL,"2025-10-29 12:25:27.76556"
15604,"04a600b9b0b8","2025-10-29 12:24:36","5JFh5wE2VqhS7laVp1zj","{""bme688"": [{""temp"": 24.61908, ""step"": 7, ""status"": 1, ""pres"": 978.3811, ""meas_profile"": ""HP-8"", ""meas_id"": 8, ""hum"": 31.43639, ""gas_res"": 6008.261}, {""temp"": 24.60121, ""step"": 7, ""status"": 1, ""pres"": 978.5266, ""meas_profile"": ""HP-7"", ""meas_id"": 7, ""hum"": 31.37815, ""gas_res"": 7128.537}, {""temp"": 24.68051, ""step"": 7, ""status"": 1, ""pres"": 978.6989, ""meas_profile"": ""HP-6"", ""meas_id"": 6, ""hum"": 31.20926, ""gas_res"": 9685.23}, {""temp"": 24.60426, ""step"": 7, ""status"": 1, ""pres"": 978.3995, ""meas_profile"": ""HP-5"", ""meas_id"": 5, ""hum"": 31.41002, ""gas_res"": 25000.0}, {""temp"": 24.30125, ""step"": 7, ""status"": 1, ""pres"": 978.4493, ""meas_profile"": ""HP-4"", ""meas_id"": 4, ""hum"": 31.02001, ""gas_res"": 25000.0}, {""temp"": 24.45251, ""step"": 7, ""status"": 1, ""pres"": 978.0692, ""meas_profile"": ""HP-3"", ""meas_id"": 3, ""hum"": 31.40929, ""gas_res"": 6933.911}, {""temp"": 24.35807, ""step"": 7, ""status"": 1, ""pres"": 978.1929, ""meas_profile"": ""HP-2"", ""meas_id"": 2, ""hum"": 31.67839, ""gas_res"": 9720.534}, {""temp"": 24.13843, ""step"": 7, ""status"": 1, ""pres"": 978.3273, ""meas_profile"": ""HP-1"", ""meas_id"": 1, ""hum"": 31.1142, ""gas_res"": 7801.073}]}",NULL,"2025-10-29 12:25:28.858967"
15605,"04a600b9b0b8","2025-10-29 12:24:36","5JFh5wE2VqhS7laVp1zj","{""bme688"": [{""temp"": 24.61847, ""step"": 6, ""status"": 1, ""pres"": 978.3801, ""meas_profile"": ""HP-8"", ""meas_id"": 8, ""hum"": 31.44758, ""gas_res"": 19728.73}, {""temp"": 24.6009, ""step"": 6, ""status"": 1, ""pres"": 978.5262, ""meas_profile"": ""HP-7"", ""meas_id"": 7, ""hum"": 31.35588, ""gas_res"": 25000.0}, {""temp"": 24.67989, ""step"": 6, ""status"": 1, ""pres"": 978.6996, ""meas_profile"": ""HP-6"", ""meas_id"": 6, ""hum"": 31.21485, ""gas_res"": 75161.48}, {""temp"": 24.60395, ""step"": 6, ""status"": 1, ""pres"": 978.4007, ""meas_profile"": ""HP-5"", ""meas_id"": 5, ""hum"": 31.41, ""gas_res"": 159900.1}, {""temp"": 24.30063, ""step"": 6, ""status"": 1, ""pres"": 978.45, ""meas_profile"": ""HP-4"", ""meas_id"": 4, ""hum"": 31.01995, ""gas_res"": 144714.5}, {""temp"": 24.45189, ""step"": 6, ""status"": 1, ""pres"": 978.0698, ""meas_profile"": ""HP-3"", ""meas_id"": 3, ""hum"": 31.40359, ""gas_res"": 92020.13}, {""temp"": 24.35714, ""step"": 6, ""status"": 1, ""pres"": 978.1929, ""meas_profile"": ""HP-2"", ""meas_id"": 2, ""hum"": 31.68948, ""gas_res"": 123731.3}, {""temp"": 24.1375, ""step"": 6, ""status"": 1, ""pres"": 978.3259, ""meas_profile"": ""HP-1"", ""meas_id"": 1, ""hum"": 31.10259, ""gas_res"": 96132.18}]}",NULL,"2025-10-29 12:25:30.136791"
15606,"04a600b9b0b8","2025-10-29 12:24:36","5JFh5wE2VqhS7laVp1zj","{""bme688"": [{""temp"": 24.61785, ""step"": 5, ""status"": 1, ""pres"": 978.3808, ""meas_profile"": ""HP-8"", ""meas_id"": 8, ""hum"": 31.43628, ""gas_res"": 19656.02}, {""temp"": 24.60059, ""step"": 5, ""status"": 1, ""pres"": 978.5272, ""meas_profile"": ""HP-7"", ""meas_id"": 7, ""hum"": 31.36141, ""gas_res"": 25000.0}, {""temp"": 24.67897, ""step"": 5, ""status"": 1, ""pres"": 978.6997, ""meas_profile"": ""HP-6"", ""meas_id"": 6, ""hum"": 31.21477, ""gas_res"": 75360.61}, {""temp"": 24.60363, ""step"": 5, ""status"": 1, ""pres"": 978.402, ""meas_profile"": ""HP-5"", ""meas_id"": 5, ""hum"": 31.41554, ""gas_res"": 158563.0}, {""temp"": 24.3, ""step"": 5, ""status"": 1, ""pres"": 978.4506, ""meas_profile"": ""HP-4"", ""meas_id"": 4, ""hum"": 31.03119, ""gas_res"": 141710.5}, {""temp"": 24.45096, ""step"": 5, ""status"": 1, ""pres"": 978.07, ""meas_profile"": ""HP-3"", ""meas_id"": 3, ""hum"": 31.39786, ""gas_res"": 87761.4}, {""temp"": 24.35589, ""step"": 5, ""status"": 1, ""pres"": 978.1926, ""meas_profile"": ""HP-2"", ""meas_id"": 2, ""hum"": 31.69495, ""gas_res"": 118738.4}, {""temp"": 24.13688, ""step"": 5, ""status"": 1, ""pres"": 978.3267, ""meas_profile"": ""HP-1"", ""meas_id"": 1, ""hum"": 31.11983, ""gas_res"": 100000.0}]}",NULL,"2025-10-29 12:25:31.418903"
15607,"04a600b9b0b8","2025-10-29 12:24:36","5JFh5wE2VqhS7laVp1zj","{""bme688"": [{""temp"": 24.61723, ""step"": 4, ""status"": 1, ""pres"": 978.3817, ""meas_profile"": ""HP-8"", ""meas_id"": 8, ""hum"": 31.4531, ""gas_res"": 19931.49}, {""temp"": 24.60028, ""step"": 4, ""status"": 1, ""pres"": 978.5284, ""meas_profile"": ""HP-7"", ""meas_id"": 7, ""hum"": 31.38919, ""gas_res"": 25000.0}, {""temp"": 24.67835, ""step"": 4, ""status"": 1, ""pres"": 978.7004, ""meas_profile"": ""HP-6"", ""meas_id"": 6, ""hum"": 31.20907, ""gas_res"": 77693.48}, {""temp"": 24.60332, ""step"": 4, ""status"": 1, ""pres"": 978.4031, ""meas_profile"": ""HP-5"", ""meas_id"": 5, ""hum"": 31.42109, ""gas_res"": 164366.0}, {""temp"": 24.29938, ""step"": 4, ""status"": 1, ""pres"": 978.4512, ""meas_profile"": ""HP-4"", ""meas_id"": 4, ""hum"": 31.01985, ""gas_res"": 146077.0}, {""temp"": 24.45003, ""step"": 4, ""status"": 1, ""pres"": 978.0701, ""meas_profile"": ""HP-3"", ""meas_id"": 3, ""hum"": 31.41471, ""gas_res"": 85733.42}, {""temp"": 24.35496, ""step"": 4, ""status"": 1, ""pres"": 978.1928, ""meas_profile"": ""HP-2"", ""meas_id"": 2, ""hum"": 31.70603, ""gas_res"": 115915.8}, {""temp"": 24.13594, ""step"": 4, ""status"": 1, ""pres"": 978.327, ""meas_profile"": ""HP-1"", ""meas_id"": 1, ""hum"": 31.13128, ""gas_res"": 100000.0}]}",NULL,"2025-10-29 12:25:32.893343"
15608,"04a600b9b0b8","2025-10-29 12:24:36","5JFh5wE2VqhS7laVp1zj","{""bme688"": [{""temp"": 24.61661, ""step"": 3, ""status"": 1, ""pres"": 978.3825, ""meas_profile"": ""HP-8"", ""meas_id"": 8, ""hum"": 31.4643, ""gas_res"": 16169.78}, {""temp"": 24.59966, ""step"": 3, ""status"": 1, ""pres"": 978.529, ""meas_profile"": ""HP-7"", ""meas_id"": 7, ""hum"": 31.40583, ""gas_res"": 19857.28}, {""temp"": 24.67773, ""step"": 3, ""status"": 1, ""pres"": 978.7014, ""meas_profile"": ""HP-6"", ""meas_id"": 6, ""hum"": 31.23157, ""gas_res"": 43126.68}, {""temp"": 24.6027, ""step"": 3, ""status"": 1, ""pres"": 978.4038, ""meas_profile"": ""HP-5"", ""meas_id"": 5, ""hum"": 31.44333, ""gas_res"": 77764.27}, {""temp"": 24.29845, ""step"": 3, ""status"": 1, ""pres"": 978.4514, ""meas_profile"": ""HP-4"", ""meas_id"": 4, ""hum"": 31.05363, ""gas_res"": 94744.63}, {""temp"": 24.4491, ""step"": 3, ""status"": 1, ""pres"": 978.0704, ""meas_profile"": ""HP-3"", ""meas_id"": 3, ""hum"": 31.43721, ""gas_res"": 49660.52}, {""temp"": 24.35403, ""step"": 3, ""status"": 1, ""pres"": 978.193, ""meas_profile"": ""HP-2"", ""meas_id"": 2, ""hum"": 31.70037, ""gas_res"": 86253.37}, {""temp"": 24.13501, ""step"": 3, ""status"": 1, ""pres"": 978.3273, ""meas_profile"": ""HP-1"", ""meas_id"": 1, ""hum"": 31.1312, ""gas_res"": 64875.82}]}",NULL,"2025-10-29 12:25:34.616954"
15609,"04a600b9b0b8","2025-10-29 12:24:36","5JFh5wE2VqhS7laVp1zj","{""bme688"": [{""temp"": 24.6163, ""step"": 2, ""status"": 1, ""pres"": 978.3821, ""meas_profile"": ""HP-8"", ""meas_id"": 8, ""hum"": 31.46427, ""gas_res"": 49287.64}, {""temp"": 24.59904, ""step"": 2, ""status"": 1, ""pres"": 978.5297, ""meas_profile"": ""HP-7"", ""meas_id"": 7, ""hum"": 31.39465, ""gas_res"": 69527.43}, {""temp"": 24.67711, ""step"": 2, ""status"": 1, ""pres"": 978.702, ""meas_profile"": ""HP-6"", ""meas_id"": 6, ""hum"": 31.20333, ""gas_res"": 230578.7}, {""temp"": 24.60207, ""step"": 2, ""status"": 1, ""pres"": 978.4044, ""meas_profile"": ""HP-5"", ""meas_id"": 5, ""hum"": 31.4377, ""gas_res"": 553962.7}, {""temp"": 24.29752, ""step"": 2, ""status"": 1, ""pres"": 978.4515, ""meas_profile"": ""HP-4"", ""meas_id"": 4, ""hum"": 31.05355, ""gas_res"": 544680.9}, {""temp"": 24.44818, ""step"": 2, ""status"": 1, ""pres"": 978.0704, ""meas_profile"": ""HP-3"", ""meas_id"": 3, ""hum"": 31.43149, ""gas_res"": 268273.5}, {""temp"": 24.3531, ""step"": 2, ""status"": 1, ""pres"": 978.1931, ""meas_profile"": ""HP-2"", ""meas_id"": 2, ""hum"": 31.71145, ""gas_res"": 497087.4}, {""temp"": 24.13376, ""step"": 2, ""status"": 1, ""pres"": 978.3292, ""meas_profile"": ""HP-1"", ""meas_id"": 1, ""hum"": 31.13686, ""gas_res"": 361837.5}]}",NULL,"2025-10-29 12:25:35.895036"
15610,"04a600b9b0b8","2025-10-29 12:24:36","5JFh5wE2VqhS7laVp1zj","{""bme688"": [{""temp"": 24.61599, ""step"": 1, ""status"": 1, ""pres"": 978.3832, ""meas_profile"": ""HP-8"", ""meas_id"": 8, ""hum"": 31.45862, ""gas_res"": 11477.76}, {""temp"": 24.59873, ""step"": 1, ""status"": 1, ""pres"": 978.5309, ""meas_profile"": ""HP-7"", ""meas_id"": 7, ""hum"": 31.39462, ""gas_res"": 18529.24}, {""temp"": 24.67681, ""step"": 1, ""status"": 1, ""pres"": 978.7033, ""meas_profile"": ""HP-6"", ""meas_id"": 6, ""hum"": 31.22022, ""gas_res"": 25000.0}, {""temp"": 24.60176, ""step"": 1, ""status"": 1, ""pres"": 978.4057, ""meas_profile"": ""HP-5"", ""meas_id"": 5, ""hum"": 31.43767, ""gas_res"": 46259.49}, {""temp"": 24.2969, ""step"": 1, ""status"": 1, ""pres"": 978.4521, ""meas_profile"": ""HP-4"", ""meas_id"": 4, ""hum"": 31.0535, ""gas_res"": 37317.79}, {""temp"": 24.44756, ""step"": 1, ""status"": 1, ""pres"": 978.0728, ""meas_profile"": ""HP-3"", ""meas_id"": 3, ""hum"": 31.43708, ""gas_res"": 25000.0}, {""temp"": 24.35217, ""step"": 1, ""status"": 1, ""pres"": 978.1933, ""meas_profile"": ""HP-2"", ""meas_id"": 2, ""hum"": 31.73371, ""gas_res"": 34454.91}, {""temp"": 24.13314, ""step"": 1, ""status"": 1, ""pres"": 978.3299, ""meas_profile"": ""HP-1"", ""meas_id"": 1, ""hum"": 31.1368, ""gas_res"": 24815.82}]}",NULL,"2025-10-29 12:25:37.178964"
15611,"04a600b9b0b8","2025-10-29 12:24:36","5JFh5wE2VqhS7laVp1zj","{""bme688"": [{""temp"": 24.61568, ""step"": 0, ""status"": 1, ""pres"": 978.3845, ""meas_profile"": ""HP-8"", ""meas_id"": 8, ""hum"": 31.47546, ""gas_res"": 7133.304}, {""temp"": 24.59811, ""step"": 0, ""status"": 1, ""pres"": 978.5316, ""meas_profile"": ""HP-7"", ""meas_id"": 7, ""hum"": 31.39456, ""gas_res"": 6522.625}, {""temp"": 24.6765, ""step"": 0, ""status"": 1, ""pres"": 978.7045, ""meas_profile"": ""HP-6"", ""meas_id"": 6, ""hum"": 31.24274, ""gas_res"": 10749.08}, {""temp"": 24.60144, ""step"": 0, ""status"": 1, ""pres"": 978.4068, ""meas_profile"": ""HP-5"", ""meas_id"": 5, ""hum"": 31.44322, ""gas_res"": 25000.0}, {""temp"": 24.29628, ""step"": 0, ""status"": 1, ""pres"": 978.4528, ""meas_profile"": ""HP-4"", ""meas_id"": 4, ""hum"": 31.03651, ""gas_res"": 25000.0}, {""temp"": 24.44663, ""step"": 0, ""status"": 1, ""pres"": 978.073, ""meas_profile"": ""HP-3"", ""meas_id"": 3, ""hum"": 31.44828, ""gas_res"": 6724.102}, {""temp"": 24.35155, ""step"": 0, ""status"": 1, ""pres"": 978.1939, ""meas_profile"": ""HP-2"", ""meas_id"": 2, ""hum"": 31.73366, ""gas_res"": 9461.856}, {""temp"": 24.13221, ""step"": 0, ""status"": 1, ""pres"": 978.3303, ""meas_profile"": ""HP-1"", ""meas_id"": 1, ""hum"": 31.13672, ""gas_res"": 7716.421}]}",NULL,"2025-10-29 12:25:38.564291"
15612,"04a600b9b0b8","2025-10-29 12:25:46","5JFh5wE2VqhS7laVp1zj","{""zphs01b"": {""voc"": 0, ""temp"": 22.3, ""pm2_5"": 0, ""pm1_0"": 0, ""pm10"": 279, ""o3"": 0.03, ""no2"": 9.309999, ""hum"": 0, ""fmhd"": 0, ""co2"": 5000, ""co"": 0.0}, ""smell_b"": {}, ""sfa30"": {""temp"": 24.605, ""hum"": 34.24, ""fmhd"": 0.8}, ""sen5x"": {""voc"": 87.0, ""temp"": 24.695, ""pm4_0"": 4363.0, ""pm2_5"": 4363.0, ""pm1_0"": 4160.4, ""pm10"": 4363.0, ""nox"": 1.0, ""mass_c"": 4312.35, ""hum"": 38.88}, ""scd41"": {""temp"": 24.04936, ""hum"": 42.78325, ""co2"": 641}, ""power_source"": 0, ""mics6814"": {""red_res"": 0, ""no2_res"": 0, ""no2"": 0.17, ""nh3_res"": 0, ""nh3"": 0.73, ""co_res"": 0, ""co"": 44.0}}",NULL,"2025-10-29 12:26:41.769238"
15613,"04a600b9b0b8","2025-10-29 12:25:46","5JFh5wE2VqhS7laVp1zj","{""bme688"": [{""temp"": 24.63144, ""step"": 9, ""status"": 1, ""pres"": 978.3687, ""meas_profile"": ""HP-8"", ""meas_id"": 8, ""hum"": 31.49936, ""gas_res"": 5693.95}, {""temp"": 24.61332, ""step"": 9, ""status"": 1, ""pres"": 978.5128, ""meas_profile"": ""HP-7"", ""meas_id"": 7, ""hum"": 31.45154, ""gas_res"": 7473.144}, {""temp"": 24.69162, ""step"": 9, ""status"": 1, ""pres"": 978.677, ""meas_profile"": ""HP-6"", ""meas_id"": 6, ""hum"": 31.28355, ""gas_res"": 10362.69}, {""temp"": 24.61364, ""step"": 9, ""status"": 1, ""pres"": 978.3829, ""meas_profile"": ""HP-5"", ""meas_id"": 5, ""hum"": 31.49449, ""gas_res"": 25000.0}, {""temp"": 24.31895, ""step"": 9, ""status"": 1, ""pres"": 978.4434, ""meas_profile"": ""HP-4"", ""meas_id"": 4, ""hum"": 31.08364, ""gas_res"": 25000.0}, {""temp"": 24.47013, ""step"": 9, ""status"": 1, ""pres"": 978.0522, ""meas_profile"": ""HP-3"", ""meas_id"": 3, ""hum"": 31.45035, ""gas_res"": 8968.61}, {""temp"": 24.3767, ""step"": 9, ""status"": 1, ""pres"": 978.1829, ""meas_profile"": ""HP-2"", ""meas_id"": 2, ""hum"": 31.7303, ""gas_res"": 18974.21}, {""temp"": 24.15866, ""step"": 9, ""status"": 1, ""pres"": 978.3169, ""meas_profile"": ""HP-1"", ""meas_id"": 1, ""hum"": 31.13903, ""gas_res"": 8791.209}]}",NULL,"2025-10-29 12:26:43.097594"
15614,"04a600b9b0b8","2025-10-29 12:25:46","5JFh5wE2VqhS7laVp1zj","{""bme688"": [{""temp"": 24.63082, ""step"": 8, ""status"": 1, ""pres"": 978.3696, ""meas_profile"": ""HP-8"", ""meas_id"": 8, ""hum"": 31.51619, ""gas_res"": 5994.754}, {""temp"": 24.6127, ""step"": 8, ""status"": 1, ""pres"": 978.5134, ""meas_profile"": ""HP-7"", ""meas_id"": 7, ""hum"": 31.43479, ""gas_res"": 7499.414}, {""temp"": 24.69101, ""step"": 8, ""status"": 1, ""pres"": 978.6777, ""meas_profile"": ""HP-6"", ""meas_id"": 6, ""hum"": 31.2553, ""gas_res"": 10858.5}, {""temp"": 24.61333, ""step"": 8, ""status"": 1, ""pres"": 978.3839, ""meas_profile"": ""HP-5"", ""meas_id"": 5, ""hum"": 31.48889, ""gas_res"": 25000.0}, {""temp"": 24.31802, ""step"": 8, ""status"": 1, ""pres"": 978.4435, ""meas_profile"": ""HP-4"", ""meas_id"": 4, ""hum"": 31.06098, ""gas_res"": 25000.0}, {""temp"": 24.46951, ""step"": 8, ""status"": 1, ""pres"": 978.0547, ""meas_profile"": ""HP-3"", ""meas_id"": 3, ""hum"": 31.46724, ""gas_res"": 8791.209}, {""temp"": 24.37577, ""step"": 8, ""status"": 1, ""pres"": 978.1831, ""meas_profile"": ""HP-2"", ""meas_id"": 2, ""hum"": 31.72463, ""gas_res"": 19370.46}, {""temp"": 24.15773, ""step"": 8, ""status"": 1, ""pres"": 978.3172, ""meas_profile"": ""HP-1"", ""meas_id"": 1, ""hum"": 31.11011, ""gas_res"": 9161.18}]}",NULL,"2025-10-29 12:26:44.560976"
15615,"04a600b9b0b8","2025-10-29 12:25:46","5JFh5wE2VqhS7laVp1zj","{""bme688"": [{""temp"": 24.6302, ""step"": 7, ""status"": 1, ""pres"": 978.3703, ""meas_profile"": ""HP-8"", ""meas_id"": 8, ""hum"": 31.52739, ""gas_res"": 6066.351}, {""temp"": 24.61177, ""step"": 7, ""status"": 1, ""pres"": 978.5136, ""meas_profile"": ""HP-7"", ""meas_id"": 7, ""hum"": 31.44027, ""gas_res"": 7467.911}, {""temp"": 24.6907, ""step"": 7, ""status"": 1, ""pres"": 978.6807, ""meas_profile"": ""HP-6"", ""meas_id"": 6, ""hum"": 31.27219, ""gas_res"": 10970.17}, {""temp"": 24.61302, ""step"": 7, ""status"": 1, ""pres"": 978.3853, ""meas_profile"": ""HP-5"", ""meas_id"": 5, ""hum"": 31.4777, ""gas_res"": 25000.0}, {""temp"": 24.3174, ""step"": 7, ""status"": 1, ""pres"": 978.4442, ""meas_profile"": ""HP-4"", ""meas_id"": 4, ""hum"": 31.06093, ""gas_res"": 25000.0}, {""temp"": 24.4689, ""step"": 7, ""status"": 1, ""pres"": 978.0554, ""meas_profile"": ""HP-3"", ""meas_id"": 3, ""hum"": 31.45588, ""gas_res"": 8871.639}, {""temp"": 24.37514, ""step"": 7, ""status"": 1, ""pres"": 978.1838, ""meas_profile"": ""HP-2"", ""meas_id"": 2, ""hum"": 31.72457, ""gas_res"": 19352.89}, {""temp"": 24.15711, ""step"": 7, ""status"": 1, ""pres"": 978.3181, ""meas_profile"": ""HP-1"", ""meas_id"": 1, ""hum"": 31.11006, ""gas_res"": 9487.104}]}",NULL,"2025-10-29 12:26:45.660439"
15616,"04a600b9b0b8","2025-10-29 12:25:46","5JFh5wE2VqhS7laVp1zj","{""bme688"": [{""temp"": 24.62959, ""step"": 6, ""status"": 1, ""pres"": 978.3692, ""meas_profile"": ""HP-8"", ""meas_id"": 8, ""hum"": 31.51046, ""gas_res"": 19248.12}, {""temp"": 24.61146, ""step"": 6, ""status"": 1, ""pres"": 978.5148, ""meas_profile"": ""HP-7"", ""meas_id"": 7, ""hum"": 31.43468, ""gas_res"": 25000.0}, {""temp"": 24.69039, ""step"": 6, ""status"": 1, ""pres"": 978.6819, ""meas_profile"": ""HP-6"", ""meas_id"": 6, ""hum"": 31.28909, ""gas_res"": 88581.31}, {""temp"": 24.61239, ""step"": 6, ""status"": 1, ""pres"": 978.386, ""meas_profile"": ""HP-5"", ""meas_id"": 5, ""hum"": 31.4888, ""gas_res"": 258129.6}, {""temp"": 24.31647, ""step"": 6, ""status"": 1, ""pres"": 978.4443, ""meas_profile"": ""HP-4"", ""meas_id"": 4, ""hum"": 31.06084, ""gas_res"": 246213.0}, {""temp"": 24.46797, ""step"": 6, ""status"": 1, ""pres"": 978.0574, ""meas_profile"": ""HP-3"", ""meas_id"": 3, ""hum"": 31.4558, ""gas_res"": 100787.4}, {""temp"": 24.37421, ""step"": 6, ""status"": 1, ""pres"": 978.1838, ""meas_profile"": ""HP-2"", ""meas_id"": 2, ""hum"": 31.72449, ""gas_res"": 174268.2}, {""temp"": 24.15617, ""step"": 6, ""status"": 1, ""pres"": 978.3201, ""meas_profile"": ""HP-1"", ""meas_id"": 1, ""hum"": 31.10997, ""gas_res"": 134031.4}]}",NULL,"2025-10-29 12:26:46.937057"
15617,"04a600b9b0b8","2025-10-29 12:25:46","5JFh5wE2VqhS7laVp1zj","{""bme688"": [{""temp"": 24.62928, ""step"": 5, ""status"": 1, ""pres"": 978.3705, ""meas_profile"": ""HP-8"", ""meas_id"": 8, ""hum"": 31.49917, ""gas_res"": 19093.08}, {""temp"": 24.61115, ""step"": 5, ""status"": 1, ""pres"": 978.5159, ""meas_profile"": ""HP-7"", ""meas_id"": 7, ""hum"": 31.42352, ""gas_res"": 25000.0}, {""temp"": 24.68977, ""step"": 5, ""status"": 1, ""pres"": 978.6827, ""meas_profile"": ""HP-6"", ""meas_id"": 6, ""hum"": 31.27775, ""gas_res"": 88489.46}, {""temp"": 24.61177, ""step"": 5, ""status"": 1, ""pres"": 978.3865, ""meas_profile"": ""HP-5"", ""meas_id"": 5, ""hum"": 31.47201, ""gas_res"": 259306.2}, {""temp"": 24.31554, ""step"": 5, ""status"": 1, ""pres"": 978.4445, ""meas_profile"": ""HP-4"", ""meas_id"": 4, ""hum"": 31.07205, ""gas_res"": 247821.9}, {""temp"": 24.46673, ""step"": 5, ""status"": 1, ""pres"": 978.0569, ""meas_profile"": ""HP-3"", ""meas_id"": 3, ""hum"": 31.45004, ""gas_res"": 99032.88}, {""temp"": 24.37328, ""step"": 5, ""status"": 1, ""pres"": 978.1857, ""meas_profile"": ""HP-2"", ""meas_id"": 2, ""hum"": 31.71323, ""gas_res"": 170780.5}, {""temp"": 24.15524, ""step"": 5, ""status"": 1, ""pres"": 978.3206, ""meas_profile"": ""HP-1"", ""meas_id"": 1, ""hum"": 31.10413, ""gas_res"": 129358.3}]}",NULL,"2025-10-29 12:26:48.214883"
15618,"04a600b9b0b8","2025-10-29 12:25:46","5JFh5wE2VqhS7laVp1zj","{""bme688"": [{""temp"": 24.62866, ""step"": 4, ""status"": 1, ""pres"": 978.3713, ""meas_profile"": ""HP-8"", ""meas_id"": 8, ""hum"": 31.516, ""gas_res"": 18923.71}, {""temp"": 24.61084, ""step"": 4, ""status"": 1, ""pres"": 978.5154, ""meas_profile"": ""HP-7"", ""meas_id"": 7, ""hum"": 31.42907, ""gas_res"": 25000.0}, {""temp"": 24.68946, ""step"": 4, ""status"": 1, ""pres"": 978.6838, ""meas_profile"": ""HP-6"", ""meas_id"": 6, ""hum"": 31.28337, ""gas_res"": 89982.42}, {""temp"": 24.61114, ""step"": 4, ""status"": 1, ""pres"": 978.3872, ""meas_profile"": ""HP-5"", ""meas_id"": 5, ""hum"": 31.49426, ""gas_res"": 264531.1}, {""temp"": 24.31429, ""step"": 4, ""status"": 1, ""pres"": 978.4441, ""meas_profile"": ""HP-4"", ""meas_id"": 4, ""hum"": 31.05501, ""gas_res"": 252403.3}, {""temp"": 24.4658, ""step"": 4, ""status"": 1, ""pres"": 978.0571, ""meas_profile"": ""HP-3"", ""meas_id"": 3, ""hum"": 31.45561, ""gas_res"": 97672.64}, {""temp"": 24.37266, ""step"": 4, ""status"": 1, ""pres"": 978.1865, ""meas_profile"": ""HP-2"", ""meas_id"": 2, ""hum"": 31.72435, ""gas_res"": 169256.2}, {""temp"": 24.154, ""step"": 4, ""status"": 1, ""pres"": 978.3203, ""meas_profile"": ""HP-1"", ""meas_id"": 1, ""hum"": 31.12708, ""gas_res"": 127047.1}]}",NULL,"2025-10-29 12:26:49.701231"
15619,"04a600b9b0b8","2025-10-29 12:25:46","5JFh5wE2VqhS7laVp1zj","{""bme688"": [{""temp"": 24.62804, ""step"": 3, ""status"": 0, ""pres"": 978.3722, ""meas_profile"": ""HP-8"", ""meas_id"": 8, ""hum"": 31.52157, ""gas_res"": 10031.35}, {""temp"": 24.61022, ""step"": 3, ""status"": 0, ""pres"": 978.5178, ""meas_profile"": ""HP-7"", ""meas_id"": 7, ""hum"": 31.4457, ""gas_res"": 13005.49}, {""temp"": 24.68854, ""step"": 3, ""status"": 0, ""pres"": 978.6841, ""meas_profile"": ""HP-6"", ""meas_id"": 6, ""hum"": 31.28893, ""gas_res"": 30600.05}, {""temp"": 24.61051, ""step"": 3, ""status"": 0, ""pres"": 978.3879, ""meas_profile"": ""HP-5"", ""meas_id"": 5, ""hum"": 31.50536, ""gas_res"": 64630.14}, {""temp"": 24.31336, ""step"": 3, ""status"": 0, ""pres"": 978.4459, ""meas_profile"": ""HP-4"", ""meas_id"": 4, ""hum"": 31.07751, ""gas_res"": 60334.67}, {""temp"": 24.46488, ""step"": 3, ""status"": 0, ""pres"": 978.0573, ""meas_profile"": ""HP-3"", ""meas_id"": 3, ""hum"": 31.46118, ""gas_res"": 40125.39}, {""temp"": 24.37142, ""step"": 3, ""status"": 0, ""pres"": 978.1878, ""meas_profile"": ""HP-2"", ""meas_id"": 2, ""hum"": 31.73542, ""gas_res"": 67706.95}, {""temp"": 24.15306, ""step"": 3, ""status"": 0, ""pres"": 978.3209, ""meas_profile"": ""HP-1"", ""meas_id"": 1, ""hum"": 31.127, ""gas_res"": 43790.63}]}",NULL,"2025-10-29 12:26:50.77894"
15620,"04a600b9b0b8","2025-10-29 12:25:46","5JFh5wE2VqhS7laVp1zj","{""bme688"": [{""temp"": 24.62742, ""step"": 2, ""status"": 1, ""pres"": 978.373, ""meas_profile"": ""HP-8"", ""meas_id"": 8, ""hum"": 31.5159, ""gas_res"": 37122.97}, {""temp"": 24.6096, ""step"": 2, ""status"": 1, ""pres"": 978.5185, ""meas_profile"": ""HP-7"", ""meas_id"": 7, ""hum"": 31.44008, ""gas_res"": 58155.38}, {""temp"": 24.68792, ""step"": 2, ""status"": 1, ""pres"": 978.6866, ""meas_profile"": ""HP-6"", ""meas_id"": 6, ""hum"": 31.27759, ""gas_res"": 222754.0}, {""temp"": 24.60989, ""step"": 2, ""status"": 1, ""pres"": 978.3886, ""meas_profile"": ""HP-5"", ""meas_id"": 5, ""hum"": 31.48858, ""gas_res"": 565902.2}, {""temp"": 24.31243, ""step"": 2, ""status"": 1, ""pres"": 978.4461, ""meas_profile"": ""HP-4"", ""meas_id"": 4, ""hum"": 31.08872, ""gas_res"": 608799.1}, {""temp"": 24.46395, ""step"": 2, ""status"": 1, ""pres"": 978.0574, ""meas_profile"": ""HP-3"", ""meas_id"": 3, ""hum"": 31.4611, ""gas_res"": 316244.6}, {""temp"": 24.37049, ""step"": 2, ""status"": 1, ""pres"": 978.1879, ""meas_profile"": ""HP-2"", ""meas_id"": 2, ""hum"": 31.73533, ""gas_res"": 617053.3}, {""temp"": 24.15182, ""step"": 2, ""status"": 1, ""pres"": 978.3208, ""meas_profile"": ""HP-1"", ""meas_id"": 1, ""hum"": 31.12689, ""gas_res"": 428721.0}]}",NULL,"2025-10-29 12:26:52.05691"
15621,"04a600b9b0b8","2025-10-29 12:25:46","5JFh5wE2VqhS7laVp1zj","{""bme688"": [{""temp"": 24.62711, ""step"": 1, ""status"": 1, ""pres"": 978.3743, ""meas_profile"": ""HP-8"", ""meas_id"": 8, ""hum"": 31.51587, ""gas_res"": 10526.32}, {""temp"": 24.60897, ""step"": 1, ""status"": 1, ""pres"": 978.5174, ""meas_profile"": ""HP-7"", ""meas_id"": 7, ""hum"": 31.44003, ""gas_res"": 18073.99}, {""temp"": 24.68761, ""step"": 1, ""status"": 1, ""pres"": 978.6879, ""meas_profile"": ""HP-6"", ""meas_id"": 6, ""hum"": 31.2832, ""gas_res"": 24873.69}, {""temp"": 24.60958, ""step"": 1, ""status"": 1, ""pres"": 978.3898, ""meas_profile"": ""HP-5"", ""meas_id"": 5, ""hum"": 31.50529, ""gas_res"": 100000.0}, {""temp"": 24.31181, ""step"": 1, ""status"": 1, ""pres"": 978.4465, ""meas_profile"": ""HP-4"", ""meas_id"": 4, ""hum"": 31.08302, ""gas_res"": 46766.53}, {""temp"": 24.46333, ""step"": 1, ""status"": 1, ""pres"": 978.0598, ""meas_profile"": ""HP-3"", ""meas_id"": 3, ""hum"": 31.47799, ""gas_res"": 29357.8}, {""temp"": 24.36956, ""step"": 1, ""status"": 1, ""pres"": 978.188, ""meas_profile"": ""HP-2"", ""meas_id"": 2, ""hum"": 31.73525, ""gas_res"": 100000.0}, {""temp"": 24.15119, ""step"": 1, ""status"": 1, ""pres"": 978.3215, ""meas_profile"": ""HP-1"", ""meas_id"": 1, ""hum"": 31.12684, ""gas_res"": 32611.46}]}",NULL,"2025-10-29 12:26:53.338079"
15622,"04a600b9b0b8","2025-10-29 12:25:46","5JFh5wE2VqhS7laVp1zj","{""bme688"": [{""temp"": 24.6265, ""step"": 0, ""status"": 1, ""pres"": 978.3752, ""meas_profile"": ""HP-8"", ""meas_id"": 8, ""hum"": 31.53269, ""gas_res"": 6299.212}, {""temp"": 24.60835, ""step"": 0, ""status"": 1, ""pres"": 978.5181, ""meas_profile"": ""HP-7"", ""meas_id"": 7, ""hum"": 31.44553, ""gas_res"": 6062.903}, {""temp"": 24.6873, ""step"": 0, ""status"": 1, ""pres"": 978.6891, ""meas_profile"": ""HP-6"", ""meas_id"": 6, ""hum"": 31.27189, ""gas_res"": 11247.8}, {""temp"": 24.60926, ""step"": 0, ""status"": 1, ""pres"": 978.3911, ""meas_profile"": ""HP-5"", ""meas_id"": 5, ""hum"": 31.50526, ""gas_res"": 25000.0}, {""temp"": 24.31088, ""step"": 0, ""status"": 1, ""pres"": 978.4468, ""meas_profile"": ""HP-4"", ""meas_id"": 4, ""hum"": 31.0773, ""gas_res"": 25000.0}, {""temp"": 24.46271, ""step"": 0, ""status"": 1, ""pres"": 978.0604, ""meas_profile"": ""HP-3"", ""meas_id"": 3, ""hum"": 31.47228, ""gas_res"": 8490.315}, {""temp"": 24.36893, ""step"": 0, ""status"": 1, ""pres"": 978.1888, ""meas_profile"": ""HP-2"", ""meas_id"": 2, ""hum"": 31.7296, ""gas_res"": 18691.59}, {""temp"": 24.15026, ""step"": 0, ""status"": 1, ""pres"": 978.322, ""meas_profile"": ""HP-1"", ""meas_id"": 1, ""hum"": 31.12099, ""gas_res"": 9044.658}]}",NULL,"2025-10-29 12:26:54.804826"
15623,"04a600b9b0b8","2025-10-29 12:25:19","5JFh5wE2VqhS7laVp1zj","{""zphs01b"": {""voc"": 0, ""temp"": 22.3, ""pm2_5"": 0, ""pm1_0"": 0, ""pm10"": 290, ""o3"": 0.03, ""no2"": 10.0, ""hum"": 0, ""fmhd"": 0, ""co2"": 5000, ""co"": 0.0}, ""smell_b"": {}, ""sfa30"": {""temp"": 24.6, ""hum"": 34.2, ""fmhd"": 0.6}, ""sen5x"": {""voc"": 83.0, ""temp"": 24.735, ""pm4_0"": 4485.4, ""pm2_5"": 4485.4, ""pm1_0"": 4277.1, ""pm10"": 4485.4, ""nox"": 1.0, ""mass_c"": 4433.325, ""hum"": 38.68}, ""scd41"": {""temp"": 23.97726, ""hum"": 42.85801, ""co2"": 642}, ""power_source"": 0, ""mics6814"": {""red_res"": 0, ""no2_res"": 0, ""no2"": 0.17, ""nh3_res"": 0, ""nh3"": 0.73, ""co_res"": 0, ""co"": 44.0}}",NULL,"2025-10-29 12:26:55.796162"
15624,"04a600b9b0b8","2025-10-29 12:25:19","5JFh5wE2VqhS7laVp1zj","{""bme688"": [{""temp"": 24.62588, ""step"": 9, ""status"": 1, ""pres"": 978.3757, ""meas_profile"": ""HP-8"", ""meas_id"": 8, ""hum"": 31.45949, ""gas_res"": 5684.846}, {""temp"": 24.60773, ""step"": 9, ""status"": 1, ""pres"": 978.5187, ""meas_profile"": ""HP-7"", ""meas_id"": 7, ""hum"": 31.38984, ""gas_res"": 7071.823}, {""temp"": 24.68669, ""step"": 9, ""status"": 1, ""pres"": 978.6896, ""meas_profile"": ""HP-6"", ""meas_id"": 6, ""hum"": 31.24928, ""gas_res"": 9478.673}, {""temp"": 24.60895, ""step"": 9, ""status"": 1, ""pres"": 978.3922, ""meas_profile"": ""HP-5"", ""meas_id"": 5, ""hum"": 31.43273, ""gas_res"": 25000.0}, {""temp"": 24.31026, ""step"": 9, ""status"": 1, ""pres"": 978.4458, ""meas_profile"": ""HP-4"", ""meas_id"": 4, ""hum"": 31.04337, ""gas_res"": 25000.0}, {""temp"": 24.46178, ""step"": 9, ""status"": 1, ""pres"": 978.0608, ""meas_profile"": ""HP-3"", ""meas_id"": 3, ""hum"": 31.43268, ""gas_res"": 8103.317}, {""temp"": 24.368, ""step"": 9, ""status"": 1, ""pres"": 978.1891, ""meas_profile"": ""HP-2"", ""meas_id"": 2, ""hum"": 31.71836, ""gas_res"": 10749.08}, {""temp"": 24.14933, ""step"": 9, ""status"": 1, ""pres"": 978.3242, ""meas_profile"": ""HP-1"", ""meas_id"": 1, ""hum"": 31.10361, ""gas_res"": 7881.773}]}",NULL,"2025-10-29 12:26:57.176627"
15625,"04a600b9b0b8","2025-10-29 12:25:19","5JFh5wE2VqhS7laVp1zj","{""bme688"": [{""temp"": 24.62526, ""step"": 8, ""status"": 1, ""pres"": 978.3748, ""meas_profile"": ""HP-8"", ""meas_id"": 8, ""hum"": 31.49882, ""gas_res"": 5924.829}, {""temp"": 24.60711, ""step"": 8, ""status"": 1, ""pres"": 978.5193, ""meas_profile"": ""HP-7"", ""meas_id"": 7, ""hum"": 31.40649, ""gas_res"": 7123.775}, {""temp"": 24.68637, ""step"": 8, ""status"": 1, ""pres"": 978.6909, ""meas_profile"": ""HP-6"", ""meas_id"": 6, ""hum"": 31.23797, ""gas_res"": 9800.919}, {""temp"": 24.60864, ""step"": 8, ""status"": 1, ""pres"": 978.3915, ""meas_profile"": ""HP-5"", ""meas_id"": 5, ""hum"": 31.44386, ""gas_res"": 25000.0}, {""temp"": 24.30964, ""step"": 8, ""status"": 1, ""pres"": 978.4464, ""meas_profile"": ""HP-4"", ""meas_id"": 4, ""hum"": 31.0659, ""gas_res"": 25000.0}, {""temp"": 24.46116, ""step"": 8, ""status"": 1, ""pres"": 978.0613, ""meas_profile"": ""HP-3"", ""meas_id"": 3, ""hum"": 31.43262, ""gas_res"": 7688.611}, {""temp"": 24.36738, ""step"": 8, ""status"": 1, ""pres"": 978.1896, ""meas_profile"": ""HP-2"", ""meas_id"": 2, ""hum"": 31.7183, ""gas_res"": 10847.46}, {""temp"": 24.1487, ""step"": 8, ""status"": 1, ""pres"": 978.3231, ""meas_profile"": ""HP-1"", ""meas_id"": 1, ""hum"": 31.12663, ""gas_res"": 8390.142}]}",NULL,"2025-10-29 12:26:58.474865"
15626,"04a600b9b0b8","2025-10-29 12:25:19","5JFh5wE2VqhS7laVp1zj","{""bme688"": [{""temp"": 24.62464, ""step"": 7, ""status"": 1, ""pres"": 978.3756, ""meas_profile"": ""HP-8"", ""meas_id"": 8, ""hum"": 31.48189, ""gas_res"": 5984.664}, {""temp"": 24.60649, ""step"": 7, ""status"": 1, ""pres"": 978.5201, ""meas_profile"": ""HP-7"", ""meas_id"": 7, ""hum"": 31.38418, ""gas_res"": 7234.908}, {""temp"": 24.68607, ""step"": 7, ""status"": 1, ""pres"": 978.6923, ""meas_profile"": ""HP-6"", ""meas_id"": 6, ""hum"": 31.22103, ""gas_res"": 10097.82}, {""temp"": 24.60833, ""step"": 7, ""status"": 1, ""pres"": 978.3928, ""meas_profile"": ""HP-5"", ""meas_id"": 5, ""hum"": 31.44383, ""gas_res"": 25000.0}, {""temp"": 24.30901, ""step"": 7, ""status"": 1, ""pres"": 978.447, ""meas_profile"": ""HP-4"", ""meas_id"": 4, ""hum"": 31.03762, ""gas_res"": 25000.0}, {""temp"": 24.46024, ""step"": 7, ""status"": 1, ""pres"": 978.0615, ""meas_profile"": ""HP-3"", ""meas_id"": 3, ""hum"": 31.44948, ""gas_res"": 7755.696}, {""temp"": 24.36645, ""step"": 7, ""status"": 1, ""pres"": 978.1897, ""meas_profile"": ""HP-2"", ""meas_id"": 2, ""hum"": 31.71822, ""gas_res"": 10970.17}, {""temp"": 24.14808, ""step"": 7, ""status"": 1, ""pres"": 978.324, ""meas_profile"": ""HP-1"", ""meas_id"": 1, ""hum"": 31.11504, ""gas_res"": 8463.369}]}",NULL,"2025-10-29 12:26:59.924587"
15627,"04a600b9b0b8","2025-10-29 12:25:19","5JFh5wE2VqhS7laVp1zj","{""bme688"": [{""temp"": 24.62403, ""step"": 6, ""status"": 1, ""pres"": 978.3765, ""meas_profile"": ""HP-8"", ""meas_id"": 8, ""hum"": 31.46495, ""gas_res"": 18957.35}, {""temp"": 24.60618, ""step"": 6, ""status"": 1, ""pres"": 978.5213, ""meas_profile"": ""HP-7"", ""meas_id"": 7, ""hum"": 31.41196, ""gas_res"": 25000.0}, {""temp"": 24.68514, ""step"": 6, ""status"": 1, ""pres"": 978.6923, ""meas_profile"": ""HP-6"", ""meas_id"": 6, ""hum"": 31.23223, ""gas_res"": 78624.08}, {""temp"": 24.60801, ""step"": 6, ""status"": 1, ""pres"": 978.3939, ""meas_profile"": ""HP-5"", ""meas_id"": 5, ""hum"": 31.44381, ""gas_res"": 173559.3}, {""temp"": 24.30839, ""step"": 6, ""status"": 1, ""pres"": 978.4478, ""meas_profile"": ""HP-4"", ""meas_id"": 4, ""hum"": 31.0545, ""gas_res"": 160350.8}, {""temp"": 24.45962, ""step"": 6, ""status"": 1, ""pres"": 978.0622, ""meas_profile"": ""HP-3"", ""meas_id"": 3, ""hum"": 31.44378, ""gas_res"": 100000.0}, {""temp"": 24.36583, ""step"": 6, ""status"": 1, ""pres"": 978.1904, ""meas_profile"": ""HP-2"", ""meas_id"": 2, ""hum"": 31.72375, ""gas_res"": 140659.3}, {""temp"": 24.14684, ""step"": 6, ""status"": 1, ""pres"": 978.3239, ""meas_profile"": ""HP-1"", ""meas_id"": 1, ""hum"": 31.1034, ""gas_res"": 107925.8}]}",NULL,"2025-10-29 12:27:01.024834"
15628,"04a600b9b0b8","2025-10-29 12:25:19","5JFh5wE2VqhS7laVp1zj","{""bme688"": [{""temp"": 24.62341, ""step"": 5, ""status"": 1, ""pres"": 978.3755, ""meas_profile"": ""HP-8"", ""meas_id"": 8, ""hum"": 31.48177, ""gas_res"": 18923.71}, {""temp"": 24.60587, ""step"": 5, ""status"": 1, ""pres"": 978.5225, ""meas_profile"": ""HP-7"", ""meas_id"": 7, ""hum"": 31.38968, ""gas_res"": 25000.0}, {""temp"": 24.68452, ""step"": 5, ""status"": 1, ""pres"": 978.6932, ""meas_profile"": ""HP-6"", ""meas_id"": 6, ""hum"": 31.23781, ""gas_res"": 78842.01}, {""temp"": 24.6077, ""step"": 5, ""status"": 1, ""pres"": 978.3951, ""meas_profile"": ""HP-5"", ""meas_id"": 5, ""hum"": 31.4382, ""gas_res"": 171985.2}, {""temp"": 24.30746, ""step"": 5, ""status"": 1, ""pres"": 978.4478, ""meas_profile"": ""HP-4"", ""meas_id"": 4, ""hum"": 31.04877, ""gas_res"": 158710.5}, {""temp"": 24.459, ""step"": 5, ""status"": 1, ""pres"": 978.0645, ""meas_profile"": ""HP-3"", ""meas_id"": 3, ""hum"": 31.42115, ""gas_res"": 100000.0}, {""temp"": 24.3649, ""step"": 5, ""status"": 1, ""pres"": 978.1908, ""meas_profile"": ""HP-2"", ""meas_id"": 2, ""hum"": 31.73483, ""gas_res"": 135199.4}, {""temp"": 24.1459, ""step"": 5, ""status"": 1, ""pres"": 978.3242, ""meas_profile"": ""HP-1"", ""meas_id"": 1, ""hum"": 31.11485, ""gas_res"": 103476.1}]}",NULL,"2025-10-29 12:27:02.296538"
15629,"04a600b9b0b8","2025-10-29 12:25:19","5JFh5wE2VqhS7laVp1zj","{""bme688"": [{""temp"": 24.62279, ""step"": 4, ""status"": 1, ""pres"": 978.3762, ""meas_profile"": ""HP-8"", ""meas_id"": 8, ""hum"": 31.4986, ""gas_res"": 18923.71}, {""temp"": 24.60556, ""step"": 4, ""status"": 1, ""pres"": 978.522, ""meas_profile"": ""HP-7"", ""meas_id"": 7, ""hum"": 31.41747, ""gas_res"": 25000.0}, {""temp"": 24.6839, ""step"": 4, ""status"": 1, ""pres"": 978.6942, ""meas_profile"": ""HP-6"", ""meas_id"": 6, ""hum"": 31.24339, ""gas_res"": 79800.5}, {""temp"": 24.60707, ""step"": 4, ""status"": 1, ""pres"": 978.3959, ""meas_profile"": ""HP-5"", ""meas_id"": 5, ""hum"": 31.46602, ""gas_res"": 176066.0}, {""temp"": 24.30684, ""step"": 4, ""status"": 1, ""pres"": 978.4485, ""meas_profile"": ""HP-4"", ""meas_id"": 4, ""hum"": 31.06565, ""gas_res"": 161259.8}, {""temp"": 24.45807, ""step"": 4, ""status"": 1, ""pres"": 978.0647, ""meas_profile"": ""HP-3"", ""meas_id"": 3, ""hum"": 31.45494, ""gas_res"": 100000.0}, {""temp"": 24.36397, ""step"": 4, ""status"": 1, ""pres"": 978.1907, ""meas_profile"": ""HP-2"", ""meas_id"": 2, ""hum"": 31.72358, ""gas_res"": 132676.9}, {""temp"": 24.14466, ""step"": 4, ""status"": 1, ""pres"": 978.3242, ""meas_profile"": ""HP-1"", ""meas_id"": 1, ""hum"": 31.12627, ""gas_res"": 100313.5}]}",NULL,"2025-10-29 12:27:03.58211"
15630,"04a600b9b0b8","2025-10-29 12:25:19","5JFh5wE2VqhS7laVp1zj","{""bme688"": [{""temp"": 24.62217, ""step"": 3, ""status"": 1, ""pres"": 978.377, ""meas_profile"": ""HP-8"", ""meas_id"": 8, ""hum"": 31.51543, ""gas_res"": 10505.58}, {""temp"": 24.60494, ""step"": 3, ""status"": 1, ""pres"": 978.5244, ""meas_profile"": ""HP-7"", ""meas_id"": 7, ""hum"": 31.41185, ""gas_res"": 13264.25}, {""temp"": 24.68298, ""step"": 3, ""status"": 1, ""pres"": 978.6942, ""meas_profile"": ""HP-6"", ""meas_id"": 6, ""hum"": 31.25459, ""gas_res"": 29746.69}, {""temp"": 24.60645, ""step"": 3, ""status"": 0, ""pres"": 978.3965, ""meas_profile"": ""HP-5"", ""meas_id"": 5, ""hum"": 31.44924, ""gas_res"": 59701.49}, {""temp"": 24.3056, ""step"": 3, ""status"": 1, ""pres"": 978.4481, ""meas_profile"": ""HP-4"", ""meas_id"": 4, ""hum"": 31.06555, ""gas_res"": 53997.05}, {""temp"": 24.45714, ""step"": 3, ""status"": 1, ""pres"": 978.0649, ""meas_profile"": ""HP-3"", ""meas_id"": 3, ""hum"": 31.46614, ""gas_res"": 37058.48}, {""temp"": 24.36303, ""step"": 3, ""status"": 1, ""pres"": 978.1909, ""meas_profile"": ""HP-2"", ""meas_id"": 2, ""hum"": 31.72908, ""gas_res"": 59410.54}, {""temp"": 24.14341, ""step"": 3, ""status"": 1, ""pres"": 978.3242, ""meas_profile"": ""HP-1"", ""meas_id"": 1, ""hum"": 31.1377, ""gas_res"": 38254.63}]}",NULL,"2025-10-29 12:27:05.044951"
15631,"04a600b9b0b8","2025-10-29 12:25:19","5JFh5wE2VqhS7laVp1zj","{""bme688"": [{""temp"": 24.62155, ""step"": 2, ""status"": 1, ""pres"": 978.3778, ""meas_profile"": ""HP-8"", ""meas_id"": 8, ""hum"": 31.50974, ""gas_res"": 40894.57}, {""temp"": 24.60432, ""step"": 2, ""status"": 1, ""pres"": 978.5234, ""meas_profile"": ""HP-7"", ""meas_id"": 7, ""hum"": 31.41736, ""gas_res"": 61332.05}, {""temp"": 24.68236, ""step"": 2, ""status"": 1, ""pres"": 978.6949, ""meas_profile"": ""HP-6"", ""meas_id"": 6, ""hum"": 31.25454, ""gas_res"": 214495.2}, {""temp"": 24.60582, ""step"": 2, ""status"": 1, ""pres"": 978.3971, ""meas_profile"": ""HP-5"", ""meas_id"": 5, ""hum"": 31.48264, ""gas_res"": 530295.2}, {""temp"": 24.30466, ""step"": 2, ""status"": 1, ""pres"": 978.4484, ""meas_profile"": ""HP-4"", ""meas_id"": 4, ""hum"": 31.07111, ""gas_res"": 537391.8}, {""temp"": 24.45591, ""step"": 2, ""status"": 1, ""pres"": 978.0646, ""meas_profile"": ""HP-3"", ""meas_id"": 3, ""hum"": 31.46604, ""gas_res"": 269757.6}, {""temp"": 24.36179, ""step"": 2, ""status"": 1, ""pres"": 978.1906, ""meas_profile"": ""HP-2"", ""meas_id"": 2, ""hum"": 31.73456, ""gas_res"": 506679.9}, {""temp"": 24.14248, ""step"": 2, ""status"": 1, ""pres"": 978.3245, ""meas_profile"": ""HP-1"", ""meas_id"": 1, ""hum"": 31.13185, ""gas_res"": 363765.5}]}",NULL,"2025-10-29 12:27:06.139194"
15632,"04a600b9b0b8","2025-10-29 12:25:19","5JFh5wE2VqhS7laVp1zj","{""bme688"": [{""temp"": 24.62124, ""step"": 1, ""status"": 1, ""pres"": 978.3792, ""meas_profile"": ""HP-8"", ""meas_id"": 8, ""hum"": 31.49284, ""gas_res"": 10880.65}, {""temp"": 24.6037, ""step"": 1, ""status"": 1, ""pres"": 978.5238, ""meas_profile"": ""HP-7"", ""meas_id"": 7, ""hum"": 31.42843, ""gas_res"": 17832.27}, {""temp"": 24.68205, ""step"": 1, ""status"": 1, ""pres"": 978.6962, ""meas_profile"": ""HP-6"", ""meas_id"": 6, ""hum"": 31.27143, ""gas_res"": 25000.0}, {""temp"": 24.60551, ""step"": 1, ""status"": 1, ""pres"": 978.3982, ""meas_profile"": ""HP-5"", ""meas_id"": 5, ""hum"": 31.46031, ""gas_res"": 100000.0}, {""temp"": 24.30404, ""step"": 1, ""status"": 1, ""pres"": 978.4489, ""meas_profile"": ""HP-4"", ""meas_id"": 4, ""hum"": 31.05976, ""gas_res"": 39714.55}, {""temp"": 24.45529, ""step"": 1, ""status"": 1, ""pres"": 978.0652, ""meas_profile"": ""HP-3"", ""meas_id"": 3, ""hum"": 31.46034, ""gas_res"": 24544.58}, {""temp"": 24.36117, ""step"": 1, ""status"": 1, ""pres"": 978.1912, ""meas_profile"": ""HP-2"", ""meas_id"": 2, ""hum"": 31.74009, ""gas_res"": 38117.93}, {""temp"": 24.14154, ""step"": 1, ""status"": 1, ""pres"": 978.3248, ""meas_profile"": ""HP-1"", ""meas_id"": 1, ""hum"": 31.13754, ""gas_res"": 26761.45}]}",NULL,"2025-10-29 12:27:07.418185"
15633,"04a600b9b0b8","2025-10-29 12:25:19","5JFh5wE2VqhS7laVp1zj","{""bme688"": [{""temp"": 24.62063, ""step"": 0, ""status"": 1, ""pres"": 978.3782, ""meas_profile"": ""HP-8"", ""meas_id"": 8, ""hum"": 31.50404, ""gas_res"": 6562.756}, {""temp"": 24.60308, ""step"": 0, ""status"": 1, ""pres"": 978.5245, ""meas_profile"": ""HP-7"", ""meas_id"": 7, ""hum"": 31.42282, ""gas_res"": 6214.799}, {""temp"": 24.68174, ""step"": 0, ""status"": 1, ""pres"": 978.6973, ""meas_profile"": ""HP-6"", ""meas_id"": 6, ""hum"": 31.26576, ""gas_res"": 10759.92}, {""temp"": 24.6052, ""step"": 0, ""status"": 1, ""pres"": 978.3978, ""meas_profile"": ""HP-5"", ""meas_id"": 5, ""hum"": 31.46587, ""gas_res"": 25000.0}, {""temp"": 24.30342, ""step"": 0, ""status"": 1, ""pres"": 978.4495, ""meas_profile"": ""HP-4"", ""meas_id"": 4, ""hum"": 31.06536, ""gas_res"": 25000.0}, {""temp"": 24.45467, ""step"": 0, ""status"": 1, ""pres"": 978.0675, ""meas_profile"": ""HP-3"", ""meas_id"": 3, ""hum"": 31.45464, ""gas_res"": 7364.787}, {""temp"": 24.36024, ""step"": 0, ""status"": 1, ""pres"": 978.1913, ""meas_profile"": ""HP-2"", ""meas_id"": 2, ""hum"": 31.72884, ""gas_res"": 10423.45}, {""temp"": 24.14092, ""step"": 0, ""status"": 1, ""pres"": 978.3257, ""meas_profile"": ""HP-1"", ""meas_id"": 1, ""hum"": 31.13748, ""gas_res"": 7964.161}]}",NULL,"2025-10-29 12:27:08.699529"
15634,"04a600b9b0b8","2025-10-29 12:27:16","5JFh5wE2VqhS7laVp1zj","{""zphs01b"": {""voc"": 0, ""temp"": 22.4, ""pm2_5"": 0, ""pm1_0"": 0, ""pm10"": 322, ""o3"": 0.03, ""no2"": 10.0, ""hum"": 0, ""fmhd"": 0, ""co2"": 5000, ""co"": 0.0}, ""smell_b"": {}, ""sfa30"": {""temp"": 24.62, ""hum"": 34.32, ""fmhd"": 0.8}, ""sen5x"": {""voc"": 94.0, ""temp"": 24.62, ""pm4_0"": 4301.1, ""pm2_5"": 4301.1, ""pm1_0"": 4101.3, ""pm10"": 4301.1, ""nox"": 1.0, ""mass_c"": 4251.15, ""hum"": 39.29}, ""scd41"": {""temp"": 24.16685, ""hum"": 42.69627, ""co2"": 637}, ""power_source"": 0, ""mics6814"": {""red_res"": 0, ""no2_res"": 0, ""no2"": 0.17, ""nh3_res"": 0, ""nh3"": 0.73, ""co_res"": 0, ""co"": 44.0}}",NULL,"2025-10-29 12:28:12.115399"
15635,"04a600b9b0b8","2025-10-29 12:27:16","5JFh5wE2VqhS7laVp1zj","{""bme688"": [{""temp"": 24.64379, ""step"": 9, ""status"": 1, ""pres"": 978.3601, ""meas_profile"": ""HP-8"", ""meas_id"": 8, ""hum"": 31.57926, ""gas_res"": 5830.904}, {""temp"": 24.62574, ""step"": 9, ""status"": 1, ""pres"": 978.4978, ""meas_profile"": ""HP-7"", ""meas_id"": 7, ""hum"": 31.5083, ""gas_res"": 5866.178}, {""temp"": 24.70336, ""step"": 9, ""status"": 1, ""pres"": 978.6579, ""meas_profile"": ""HP-6"", ""meas_id"": 6, ""hum"": 31.34665, ""gas_res"": 10727.46}, {""temp"": 24.62427, ""step"": 9, ""status"": 1, ""pres"": 978.3665, ""meas_profile"": ""HP-5"", ""meas_id"": 5, ""hum"": 31.54563, ""gas_res"": 25000.0}, {""temp"": 24.33635, ""step"": 9, ""status"": 1, ""pres"": 978.4319, ""meas_profile"": ""HP-4"", ""meas_id"": 4, ""hum"": 31.13034, ""gas_res"": 25000.0}, {""temp"": 24.48807, ""step"": 9, ""status"": 1, ""pres"": 978.0412, ""meas_profile"": ""HP-3"", ""meas_id"": 3, ""hum"": 31.50275, ""gas_res"": 9453.472}, {""temp"": 24.39533, ""step"": 9, ""status"": 1, ""pres"": 978.1713, ""meas_profile"": ""HP-2"", ""meas_id"": 2, ""hum"": 31.7878, ""gas_res"": 19476.57}, {""temp"": 24.17827, ""step"": 9, ""status"": 1, ""pres"": 978.3053, ""meas_profile"": ""HP-1"", ""meas_id"": 1, ""hum"": 31.1638, ""gas_res"": 9060.022}]}",NULL,"2025-10-29 12:28:13.336194"
15636,"04a600b9b0b8","2025-10-29 12:27:16","5JFh5wE2VqhS7laVp1zj","{""bme688"": [{""temp"": 24.64317, ""step"": 8, ""status"": 1, ""pres"": 978.359, ""meas_profile"": ""HP-8"", ""meas_id"": 8, ""hum"": 31.5792, ""gas_res"": 6157.398}, {""temp"": 24.62481, ""step"": 8, ""status"": 1, ""pres"": 978.498, ""meas_profile"": ""HP-7"", ""meas_id"": 7, ""hum"": 31.52492, ""gas_res"": 7611.798}, {""temp"": 24.70304, ""step"": 8, ""status"": 1, ""pres"": 978.6592, ""meas_profile"": ""HP-6"", ""meas_id"": 6, ""hum"": 31.32969, ""gas_res"": 11095.7}, {""temp"": 24.62396, ""step"": 8, ""status"": 1, ""pres"": 978.3676, ""meas_profile"": ""HP-5"", ""meas_id"": 5, ""hum"": 31.5456, ""gas_res"": 25000.0}, {""temp"": 24.33573, ""step"": 8, ""status"": 1, ""pres"": 978.4326, ""meas_profile"": ""HP-4"", ""meas_id"": 4, ""hum"": 31.11898, ""gas_res"": 25000.0}, {""temp"": 24.48745, ""step"": 8, ""status"": 1, ""pres"": 978.0418, ""meas_profile"": ""HP-3"", ""meas_id"": 3, ""hum"": 31.4914, ""gas_res"": 9006.474}, {""temp"": 24.39471, ""step"": 8, ""status"": 1, ""pres"": 978.1719, ""meas_profile"": ""HP-2"", ""meas_id"": 2, ""hum"": 31.79892, ""gas_res"": 20176.54}, {""temp"": 24.17765, ""step"": 8, ""status"": 1, ""pres"": 978.3064, ""meas_profile"": ""HP-1"", ""meas_id"": 1, ""hum"": 31.18105, ""gas_res"": 9676.444}]}",NULL,"2025-10-29 12:28:14.616394"
15637,"04a600b9b0b8","2025-10-29 12:27:16","5JFh5wE2VqhS7laVp1zj","{""bme688"": [{""temp"": 24.64225, ""step"": 7, ""status"": 1, ""pres"": 978.3592, ""meas_profile"": ""HP-8"", ""meas_id"": 8, ""hum"": 31.60164, ""gas_res"": 6189.555}, {""temp"": 24.62419, ""step"": 7, ""status"": 1, ""pres"": 978.4988, ""meas_profile"": ""HP-7"", ""meas_id"": 7, ""hum"": 31.50816, ""gas_res"": 7666.507}, {""temp"": 24.70243, ""step"": 7, ""status"": 1, ""pres"": 978.6599, ""meas_profile"": ""HP-6"", ""meas_id"": 6, ""hum"": 31.33529, ""gas_res"": 11235.96}, {""temp"": 24.62334, ""step"": 7, ""status"": 1, ""pres"": 978.3683, ""meas_profile"": ""HP-5"", ""meas_id"": 5, ""hum"": 31.55671, ""gas_res"": 25000.0}, {""temp"": 24.33511, ""step"": 7, ""status"": 1, ""pres"": 978.4333, ""meas_profile"": ""HP-4"", ""meas_id"": 4, ""hum"": 31.14153, ""gas_res"": 25000.0}, {""temp"": 24.48683, ""step"": 7, ""status"": 1, ""pres"": 978.0425, ""meas_profile"": ""HP-3"", ""meas_id"": 3, ""hum"": 31.51959, ""gas_res"": 9200.69}, {""temp"": 24.39378, ""step"": 7, ""status"": 1, ""pres"": 978.1722, ""meas_profile"": ""HP-2"", ""meas_id"": 2, ""hum"": 31.78208, ""gas_res"": 20176.54}, {""temp"": 24.17671, ""step"": 7, ""status"": 1, ""pres"": 978.3066, ""meas_profile"": ""HP-1"", ""meas_id"": 1, ""hum"": 31.19251, ""gas_res"": 9882.644}]}",NULL,"2025-10-29 12:28:15.896504"
15638,"04a600b9b0b8","2025-10-29 12:27:16","5JFh5wE2VqhS7laVp1zj","{""bme688"": [{""temp"": 24.64163, ""step"": 6, ""status"": 1, ""pres"": 978.36, ""meas_profile"": ""HP-8"", ""meas_id"": 8, ""hum"": 31.57907, ""gas_res"": 19458.8}, {""temp"": 24.62388, ""step"": 6, ""status"": 1, ""pres"": 978.4998, ""meas_profile"": ""HP-7"", ""meas_id"": 7, ""hum"": 31.497, ""gas_res"": 25000.0}, {""temp"": 24.70181, ""step"": 6, ""status"": 1, ""pres"": 978.6605, ""meas_profile"": ""HP-6"", ""meas_id"": 6, ""hum"": 31.33523, ""gas_res"": 87581.25}, {""temp"": 24.62271, ""step"": 6, ""status"": 1, ""pres"": 978.3691, ""meas_profile"": ""HP-5"", ""meas_id"": 5, ""hum"": 31.55107, ""gas_res"": 255808.1}, {""temp"": 24.33417, ""step"": 6, ""status"": 1, ""pres"": 978.4352, ""meas_profile"": ""HP-4"", ""meas_id"": 4, ""hum"": 31.1132, ""gas_res"": 243577.5}, {""temp"": 24.48559, ""step"": 6, ""status"": 1, ""pres"": 978.0421, ""meas_profile"": ""HP-3"", ""meas_id"": 3, ""hum"": 31.50818, ""gas_res"": 103038.8}, {""temp"": 24.39315, ""step"": 6, ""status"": 1, ""pres"": 978.1746, ""meas_profile"": ""HP-2"", ""meas_id"": 2, ""hum"": 31.79319, ""gas_res"": 175342.5}, {""temp"": 24.17578, ""step"": 6, ""status"": 1, ""pres"": 978.3069, ""meas_profile"": ""HP-1"", ""meas_id"": 1, ""hum"": 31.18089, ""gas_res"": 134136.8}]}",NULL,"2025-10-29 12:28:17.286025"
15639,"04a600b9b0b8","2025-10-29 12:27:16","5JFh5wE2VqhS7laVp1zj","{""bme688"": [{""temp"": 24.64101, ""step"": 5, ""status"": 1, ""pres"": 978.3591, ""meas_profile"": ""HP-8"", ""meas_id"": 8, ""hum"": 31.58464, ""gas_res"": 19265.5}, {""temp"": 24.62357, ""step"": 5, ""status"": 1, ""pres"": 978.5009, ""meas_profile"": ""HP-7"", ""meas_id"": 7, ""hum"": 31.51367, ""gas_res"": 25000.0}, {""temp"": 24.7015, ""step"": 5, ""status"": 1, ""pres"": 978.6618, ""meas_profile"": ""HP-6"", ""meas_id"": 6, ""hum"": 31.33521, ""gas_res"": 88123.92}, {""temp"": 24.62209, ""step"": 5, ""status"": 1, ""pres"": 978.3697, ""meas_profile"": ""HP-5"", ""meas_id"": 5, ""hum"": 31.55102, ""gas_res"": 256384.6}, {""temp"": 24.33293, ""step"": 5, ""status"": 1, ""pres"": 978.4348, ""meas_profile"": ""HP-4"", ""meas_id"": 4, ""hum"": 31.13004, ""gas_res"": 244624.9}, {""temp"": 24.48467, ""step"": 5, ""status"": 1, ""pres"": 978.044, ""meas_profile"": ""HP-3"", ""meas_id"": 3, ""hum"": 31.47986, ""gas_res"": 100431.5}, {""temp"": 24.39222, ""step"": 5, ""status"": 1, ""pres"": 978.1746, ""meas_profile"": ""HP-2"", ""meas_id"": 2, ""hum"": 31.78752, ""gas_res"": 171639.3}, {""temp"": 24.17485, ""step"": 5, ""status"": 1, ""pres"": 978.3092, ""meas_profile"": ""HP-1"", ""meas_id"": 1, ""hum"": 31.18658, ""gas_res"": 130246.8}]}",NULL,"2025-10-29 12:28:18.47102"
15640,"04a600b9b0b8","2025-10-29 12:27:16","5JFh5wE2VqhS7laVp1zj","{""bme688"": [{""temp"": 24.64039, ""step"": 4, ""status"": 1, ""pres"": 978.3599, ""meas_profile"": ""HP-8"", ""meas_id"": 8, ""hum"": 31.57896, ""gas_res"": 19058.96}, {""temp"": 24.62295, ""step"": 4, ""status"": 1, ""pres"": 978.5017, ""meas_profile"": ""HP-7"", ""meas_id"": 7, ""hum"": 31.51361, ""gas_res"": 25000.0}, {""temp"": 24.70088, ""step"": 4, ""status"": 1, ""pres"": 978.6627, ""meas_profile"": ""HP-6"", ""meas_id"": 6, ""hum"": 31.34643, ""gas_res"": 89887.64}, {""temp"": 24.62146, ""step"": 4, ""status"": 1, ""pres"": 978.3703, ""meas_profile"": ""HP-5"", ""meas_id"": 5, ""hum"": 31.55096, ""gas_res"": 262295.1}, {""temp"": 24.332, ""step"": 4, ""status"": 1, ""pres"": 978.4348, ""meas_profile"": ""HP-4"", ""meas_id"": 4, ""hum"": 31.11866, ""gas_res"": 248543.7}, {""temp"": 24.48374, ""step"": 4, ""status"": 1, ""pres"": 978.0442, ""meas_profile"": ""HP-3"", ""meas_id"": 3, ""hum"": 31.50801, ""gas_res"": 99785.62}, {""temp"": 24.39129, ""step"": 4, ""status"": 1, ""pres"": 978.1747, ""meas_profile"": ""HP-2"", ""meas_id"": 2, ""hum"": 31.8042, ""gas_res"": 171466.8}, {""temp"": 24.1736, ""step"": 4, ""status"": 1, ""pres"": 978.3092, ""meas_profile"": ""HP-1"", ""meas_id"": 1, ""hum"": 31.16916, ""gas_res"": 129064.8}]}",NULL,"2025-10-29 12:28:19.734811"
15641,"04a600b9b0b8","2025-10-29 12:27:16","5JFh5wE2VqhS7laVp1zj","{""bme688"": [{""temp"": 24.63978, ""step"": 3, ""status"": 0, ""pres"": 978.3608, ""meas_profile"": ""HP-8"", ""meas_id"": 8, ""hum"": 31.60143, ""gas_res"": 9615.385}, {""temp"": 24.62233, ""step"": 3, ""status"": 0, ""pres"": 978.5024, ""meas_profile"": ""HP-7"", ""meas_id"": 7, ""hum"": 31.51912, ""gas_res"": 12650.72}, {""temp"": 24.69996, ""step"": 3, ""status"": 0, ""pres"": 978.6644, ""meas_profile"": ""HP-6"", ""meas_id"": 6, ""hum"": 31.36329, ""gas_res"": 29337.61}, {""temp"": 24.62052, ""step"": 3, ""status"": 0, ""pres"": 978.3705, ""meas_profile"": ""HP-5"", ""meas_id"": 5, ""hum"": 31.56762, ""gas_res"": 62045.57}, {""temp"": 24.33076, ""step"": 3, ""status"": 0, ""pres"": 978.4345, ""meas_profile"": ""HP-4"", ""meas_id"": 4, ""hum"": 31.14114, ""gas_res"": 55148.64}, {""temp"": 24.4825, ""step"": 3, ""status"": 0, ""pres"": 978.0438, ""meas_profile"": ""HP-3"", ""meas_id"": 3, ""hum"": 31.51356, ""gas_res"": 38186.16}, {""temp"": 24.39005, ""step"": 3, ""status"": 0, ""pres"": 978.1746, ""meas_profile"": ""HP-2"", ""meas_id"": 2, ""hum"": 31.79851, ""gas_res"": 64777.33}, {""temp"": 24.17267, ""step"": 3, ""status"": 0, ""pres"": 978.3094, ""meas_profile"": ""HP-1"", ""meas_id"": 1, ""hum"": 31.16908, ""gas_res"": 40894.57}]}",NULL,"2025-10-29 12:28:21.014453"
15642,"04a600b9b0b8","2025-10-29 12:27:16","5JFh5wE2VqhS7laVp1zj","{""bme688"": [{""temp"": 24.63916, ""step"": 2, ""status"": 1, ""pres"": 978.3616, ""meas_profile"": ""HP-8"", ""meas_id"": 8, ""hum"": 31.59011, ""gas_res"": 31387.94}, {""temp"": 24.62171, ""step"": 2, ""status"": 1, ""pres"": 978.5031, ""meas_profile"": ""HP-7"", ""meas_id"": 7, ""hum"": 31.51351, ""gas_res"": 45567.82}, {""temp"": 24.69934, ""step"": 2, ""status"": 1, ""pres"": 978.6653, ""meas_profile"": ""HP-6"", ""meas_id"": 6, ""hum"": 31.34065, ""gas_res"": 159750.4}, {""temp"": 24.6199, ""step"": 2, ""status"": 1, ""pres"": 978.3712, ""meas_profile"": ""HP-5"", ""meas_id"": 5, ""hum"": 31.56756, ""gas_res"": 406752.7}, {""temp"": 24.32983, ""step"": 2, ""status"": 1, ""pres"": 978.4346, ""meas_profile"": ""HP-4"", ""meas_id"": 4, ""hum"": 31.14106, ""gas_res"": 440051.6}, {""temp"": 24.48157, ""step"": 2, ""status"": 1, ""pres"": 978.044, ""meas_profile"": ""HP-3"", ""meas_id"": 3, ""hum"": 31.52477, ""gas_res"": 234378.6}, {""temp"": 24.38912, ""step"": 2, ""status"": 1, ""pres"": 978.1764, ""meas_profile"": ""HP-2"", ""meas_id"": 2, ""hum"": 31.79284, ""gas_res"": 451997.3}, {""temp"": 24.17142, ""step"": 2, ""status"": 1, ""pres"": 978.3093, ""meas_profile"": ""HP-1"", ""meas_id"": 1, ""hum"": 31.19205, ""gas_res"": 321911.3}]}",NULL,"2025-10-29 12:28:22.405465"
15643,"04a600b9b0b8","2025-10-29 12:27:16","5JFh5wE2VqhS7laVp1zj","{""bme688"": [{""temp"": 24.63885, ""step"": 1, ""status"": 1, ""pres"": 978.3627, ""meas_profile"": ""HP-8"", ""meas_id"": 8, ""hum"": 31.60134, ""gas_res"": 10836.44}, {""temp"": 24.62078, ""step"": 1, ""status"": 1, ""pres"": 978.5033, ""meas_profile"": ""HP-7"", ""meas_id"": 7, ""hum"": 31.50786, ""gas_res"": 18561.48}, {""temp"": 24.69872, ""step"": 1, ""status"": 1, ""pres"": 978.666, ""meas_profile"": ""HP-6"", ""meas_id"": 6, ""hum"": 31.35753, ""gas_res"": 25837.71}, {""temp"": 24.61927, ""step"": 1, ""status"": 1, ""pres"": 978.3718, ""meas_profile"": ""HP-5"", ""meas_id"": 5, ""hum"": 31.57309, ""gas_res"": 96567.34}, {""temp"": 24.32889, ""step"": 1, ""status"": 1, ""pres"": 978.4347, ""meas_profile"": ""HP-4"", ""meas_id"": 4, ""hum"": 31.15228, ""gas_res"": 100000.0}, {""temp"": 24.48065, ""step"": 1, ""status"": 1, ""pres"": 978.046, ""meas_profile"": ""HP-3"", ""meas_id"": 3, ""hum"": 31.53599, ""gas_res"": 31045.36}, {""temp"": 24.38819, ""step"": 1, ""status"": 1, ""pres"": 978.1763, ""meas_profile"": ""HP-2"", ""meas_id"": 2, ""hum"": 31.79834, ""gas_res"": 100000.0}, {""temp"": 24.1708, ""step"": 1, ""status"": 1, ""pres"": 978.3102, ""meas_profile"": ""HP-1"", ""meas_id"": 1, ""hum"": 31.19776, ""gas_res"": 34288.78}]}",NULL,"2025-10-29 12:28:23.579184"
15644,"04a600b9b0b8","2025-10-29 12:27:16","5JFh5wE2VqhS7laVp1zj","{""bme688"": [{""temp"": 24.63854, ""step"": 0, ""status"": 1, ""pres"": 978.3641, ""meas_profile"": ""HP-8"", ""meas_id"": 8, ""hum"": 31.59568, ""gas_res"": 6479.044}, {""temp"": 24.62016, ""step"": 0, ""status"": 1, ""pres"": 978.5038, ""meas_profile"": ""HP-7"", ""meas_id"": 7, ""hum"": 31.51337, ""gas_res"": 6240.25}, {""temp"": 24.69841, ""step"": 0, ""status"": 1, ""pres"": 978.6671, ""meas_profile"": ""HP-6"", ""meas_id"": 6, ""hum"": 31.34057, ""gas_res"": 11627.91}, {""temp"": 24.61896, ""step"": 0, ""status"": 1, ""pres"": 978.3731, ""meas_profile"": ""HP-5"", ""meas_id"": 5, ""hum"": 31.56191, ""gas_res"": 25000.0}, {""temp"": 24.32827, ""step"": 0, ""status"": 1, ""pres"": 978.4355, ""meas_profile"": ""HP-4"", ""meas_id"": 4, ""hum"": 31.15788, ""gas_res"": 25000.0}, {""temp"": 24.48003, ""step"": 0, ""status"": 1, ""pres"": 978.0466, ""meas_profile"": ""HP-3"", ""meas_id"": 3, ""hum"": 31.53593, ""gas_res"": 8901.252}, {""temp"": 24.38757, ""step"": 0, ""status"": 1, ""pres"": 978.177, ""meas_profile"": ""HP-2"", ""meas_id"": 2, ""hum"": 31.79829, ""gas_res"": 19674.15}, {""temp"": 24.16987, ""step"": 0, ""status"": 1, ""pres"": 978.3105, ""meas_profile"": ""HP-1"", ""meas_id"": 1, ""hum"": 31.19191, ""gas_res"": 9495.549}]}",NULL,"2025-10-29 12:28:24.858362"
15645,"04a600b9b0b8","2025-10-29 12:26:49","5JFh5wE2VqhS7laVp1zj","{""zphs01b"": {""voc"": 0, ""temp"": 22.4, ""pm2_5"": 0, ""pm1_0"": 0, ""pm10"": 330, ""o3"": 0.03, ""no2"": 10.0, ""hum"": 0, ""fmhd"": 0, ""co2"": 5000, ""co"": 0.0}, ""smell_b"": {}, ""sfa30"": {""temp"": 24.61, ""hum"": 34.28, ""fmhd"": 0.8}, ""sen5x"": {""voc"": 93.0, ""temp"": 24.645, ""pm4_0"": 4637.8, ""pm2_5"": 4637.8, ""pm1_0"": 4422.4, ""pm10"": 4637.8, ""nox"": 1.0, ""mass_c"": 4583.95, ""hum"": 39.15}, ""scd41"": {""temp"": 24.11345, ""hum"": 42.76341, ""co2"": 634}, ""power_source"": 0, ""mics6814"": {""red_res"": 0, ""no2_res"": 0, ""no2"": 0.17, ""nh3_res"": 0, ""nh3"": 0.73, ""co_res"": 0, ""co"": 44.0}}",NULL,"2025-10-29 12:28:26.045366"
15646,"04a600b9b0b8","2025-10-29 12:26:49","5JFh5wE2VqhS7laVp1zj","{""bme688"": [{""temp"": 24.63792, ""step"": 9, ""status"": 1, ""pres"": 978.3647, ""meas_profile"": ""HP-8"", ""meas_id"": 8, ""hum"": 31.55622, ""gas_res"": 5684.846}, {""temp"": 24.61953, ""step"": 9, ""status"": 1, ""pres"": 978.5046, ""meas_profile"": ""HP-7"", ""meas_id"": 7, ""hum"": 31.51331, ""gas_res"": 7324.331}, {""temp"": 24.6978, ""step"": 9, ""status"": 1, ""pres"": 978.6679, ""meas_profile"": ""HP-6"", ""meas_id"": 6, ""hum"": 31.31795, ""gas_res"": 9900.99}, {""temp"": 24.61833, ""step"": 9, ""status"": 1, ""pres"": 978.3737, ""meas_profile"": ""HP-5"", ""meas_id"": 5, ""hum"": 31.53953, ""gas_res"": 25000.0}, {""temp"": 24.32734, ""step"": 9, ""status"": 1, ""pres"": 978.4355, ""meas_profile"": ""HP-4"", ""meas_id"": 4, ""hum"": 31.11261, ""gas_res"": 25000.0}, {""temp"": 24.4791, ""step"": 9, ""status"": 1, ""pres"": 978.0468, ""meas_profile"": ""HP-3"", ""meas_id"": 3, ""hum"": 31.49066, ""gas_res"": 8558.438}, {""temp"": 24.38663, ""step"": 9, ""status"": 1, ""pres"": 978.1772, ""meas_profile"": ""HP-2"", ""meas_id"": 2, ""hum"": 31.77027, ""gas_res"": 11295.45}, {""temp"": 24.16924, ""step"": 9, ""status"": 1, ""pres"": 978.3113, ""meas_profile"": ""HP-1"", ""meas_id"": 1, ""hum"": 31.16301, ""gas_res"": 8260.196}]}",NULL,"2025-10-29 12:28:27.508241"
15647,"04a600b9b0b8","2025-10-29 12:26:49","5JFh5wE2VqhS7laVp1zj","{""bme688"": [{""temp"": 24.63731, ""step"": 8, ""status"": 1, ""pres"": 978.3639, ""meas_profile"": ""HP-8"", ""meas_id"": 8, ""hum"": 31.5618, ""gas_res"": 6153.846}, {""temp"": 24.61891, ""step"": 8, ""status"": 1, ""pres"": 978.5052, ""meas_profile"": ""HP-7"", ""meas_id"": 7, ""hum"": 31.48543, ""gas_res"": 7400.555}, {""temp"": 24.69749, ""step"": 8, ""status"": 1, ""pres"": 978.671, ""meas_profile"": ""HP-6"", ""meas_id"": 6, ""hum"": 31.30099, ""gas_res"": 10423.45}, {""temp"": 24.61802, ""step"": 8, ""status"": 1, ""pres"": 978.3748, ""meas_profile"": ""HP-5"", ""meas_id"": 5, ""hum"": 31.53951, ""gas_res"": 25000.0}, {""temp"": 24.32672, ""step"": 8, ""status"": 1, ""pres"": 978.4363, ""meas_profile"": ""HP-4"", ""meas_id"": 4, ""hum"": 31.09561, ""gas_res"": 25000.0}, {""temp"": 24.47848, ""step"": 8, ""status"": 1, ""pres"": 978.0474, ""meas_profile"": ""HP-3"", ""meas_id"": 3, ""hum"": 31.49061, ""gas_res"": 8318.17}, {""temp"": 24.38539, ""step"": 8, ""status"": 1, ""pres"": 978.1769, ""meas_profile"": ""HP-2"", ""meas_id"": 2, ""hum"": 31.78133, ""gas_res"": 18073.99}, {""temp"": 24.16831, ""step"": 8, ""status"": 1, ""pres"": 978.3118, ""meas_profile"": ""HP-1"", ""meas_id"": 1, ""hum"": 31.15717, ""gas_res"": 8783.97}]}",NULL,"2025-10-29 12:28:28.704839"
15648,"04a600b9b0b8","2025-10-29 12:26:49","5JFh5wE2VqhS7laVp1zj","{""bme688"": [{""temp"": 24.63669, ""step"": 7, ""status"": 1, ""pres"": 978.3647, ""meas_profile"": ""HP-8"", ""meas_id"": 8, ""hum"": 31.573, ""gas_res"": 6175.222}, {""temp"": 24.61798, ""step"": 7, ""status"": 1, ""pres"": 978.5054, ""meas_profile"": ""HP-7"", ""meas_id"": 7, ""hum"": 31.50204, ""gas_res"": 7478.383}, {""temp"": 24.69687, ""step"": 7, ""status"": 1, ""pres"": 978.6699, ""meas_profile"": ""HP-6"", ""meas_id"": 6, ""hum"": 31.32351, ""gas_res"": 10505.58}, {""temp"": 24.61771, ""step"": 7, ""status"": 1, ""pres"": 978.3762, ""meas_profile"": ""HP-5"", ""meas_id"": 5, ""hum"": 31.52274, ""gas_res"": 25000.0}, {""temp"": 24.32579, ""step"": 7, ""status"": 1, ""pres"": 978.4363, ""meas_profile"": ""HP-4"", ""meas_id"": 4, ""hum"": 31.09553, ""gas_res"": 25000.0}, {""temp"": 24.47755, ""step"": 7, ""status"": 1, ""pres"": 978.0476, ""meas_profile"": ""HP-3"", ""meas_id"": 3, ""hum"": 31.49053, ""gas_res"": 8152.866}, {""temp"": 24.38446, ""step"": 7, ""status"": 1, ""pres"": 978.1786, ""meas_profile"": ""HP-2"", ""meas_id"": 2, ""hum"": 31.74215, ""gas_res"": 11502.52}, {""temp"": 24.16738, ""step"": 7, ""status"": 1, ""pres"": 978.3121, ""meas_profile"": ""HP-1"", ""meas_id"": 1, ""hum"": 31.14555, ""gas_res"": 8834.897}]}",NULL,"2025-10-29 12:28:29.975956"
15649,"04a600b9b0b8","2025-10-29 12:26:49","5JFh5wE2VqhS7laVp1zj","{""bme688"": [{""temp"": 24.63607, ""step"": 6, ""status"": 1, ""pres"": 978.3654, ""meas_profile"": ""HP-8"", ""meas_id"": 8, ""hum"": 31.55042, ""gas_res"": 19476.57}, {""temp"": 24.61767, ""step"": 6, ""status"": 1, ""pres"": 978.5066, ""meas_profile"": ""HP-7"", ""meas_id"": 7, ""hum"": 31.49088, ""gas_res"": 25000.0}, {""temp"": 24.69625, ""step"": 6, ""status"": 1, ""pres"": 978.6707, ""meas_profile"": ""HP-6"", ""meas_id"": 6, ""hum"": 31.31782, ""gas_res"": 79061.15}, {""temp"": 24.6174, ""step"": 6, ""status"": 1, ""pres"": 978.3772, ""meas_profile"": ""HP-5"", ""meas_id"": 5, ""hum"": 31.51713, ""gas_res"": 174624.8}, {""temp"": 24.32517, ""step"": 6, ""status"": 1, ""pres"": 978.4387, ""meas_profile"": ""HP-4"", ""meas_id"": 4, ""hum"": 31.11807, ""gas_res"": 160050.0}, {""temp"": 24.47663, ""step"": 6, ""status"": 1, ""pres"": 978.0496, ""meas_profile"": ""HP-3"", ""meas_id"": 3, ""hum"": 31.49045, ""gas_res"": 100000.0}, {""temp"": 24.38353, ""step"": 6, ""status"": 1, ""pres"": 978.1789, ""meas_profile"": ""HP-2"", ""meas_id"": 2, ""hum"": 31.76441, ""gas_res"": 143982.0}, {""temp"": 24.16613, ""step"": 6, ""status"": 1, ""pres"": 978.312, ""meas_profile"": ""HP-1"", ""meas_id"": 1, ""hum"": 31.14544, ""gas_res"": 110726.6}]}",NULL,"2025-10-29 12:28:31.257103"
15650,"04a600b9b0b8","2025-10-29 12:26:49","5JFh5wE2VqhS7laVp1zj","{""bme688"": [{""temp"": 24.63514, ""step"": 5, ""status"": 1, ""pres"": 978.3658, ""meas_profile"": ""HP-8"", ""meas_id"": 8, ""hum"": 31.5616, ""gas_res"": 19441.07}, {""temp"": 24.61705, ""step"": 5, ""status"": 1, ""pres"": 978.507, ""meas_profile"": ""HP-7"", ""meas_id"": 7, ""hum"": 31.49083, ""gas_res"": 25000.0}, {""temp"": 24.69533, ""step"": 5, ""status"": 1, ""pres"": 978.671, ""meas_profile"": ""HP-6"", ""meas_id"": 6, ""hum"": 31.32902, ""gas_res"": 78914.92}, {""temp"": 24.61708, ""step"": 5, ""status"": 1, ""pres"": 978.3784, ""meas_profile"": ""HP-5"", ""meas_id"": 5, ""hum"": 31.55058, ""gas_res"": 175884.6}, {""temp"": 24.32424, ""step"": 5, ""status"": 1, ""pres"": 978.4387, ""meas_profile"": ""HP-4"", ""meas_id"": 4, ""hum"": 31.10104, ""gas_res"": 159451.9}, {""temp"": 24.47601, ""step"": 5, ""status"": 1, ""pres"": 978.05, ""meas_profile"": ""HP-3"", ""meas_id"": 3, ""hum"": 31.50169, ""gas_res"": 100000.0}, {""temp"": 24.38291, ""step"": 5, ""status"": 1, ""pres"": 978.1796, ""meas_profile"": ""HP-2"", ""meas_id"": 2, ""hum"": 31.76435, ""gas_res"": 140659.3}, {""temp"": 24.16489, ""step"": 5, ""status"": 1, ""pres"": 978.3119, ""meas_profile"": ""HP-1"", ""meas_id"": 1, ""hum"": 31.16264, ""gas_res"": 106644.4}]}",NULL,"2025-10-29 12:28:32.630231"
15651,"04a600b9b0b8","2025-10-29 12:26:49","5JFh5wE2VqhS7laVp1zj","{""bme688"": [{""temp"": 24.63453, ""step"": 4, ""status"": 1, ""pres"": 978.3649, ""meas_profile"": ""HP-8"", ""meas_id"": 8, ""hum"": 31.56155, ""gas_res"": 19512.2}, {""temp"": 24.61674, ""step"": 4, ""status"": 1, ""pres"": 978.5099, ""meas_profile"": ""HP-7"", ""meas_id"": 7, ""hum"": 31.49637, ""gas_res"": 25000.0}, {""temp"": 24.69471, ""step"": 4, ""status"": 1, ""pres"": 978.6715, ""meas_profile"": ""HP-6"", ""meas_id"": 6, ""hum"": 31.33461, ""gas_res"": 80859.13}, {""temp"": 24.61646, ""step"": 4, ""status"": 1, ""pres"": 978.3792, ""meas_profile"": ""HP-5"", ""meas_id"": 5, ""hum"": 31.55052, ""gas_res"": 179021.0}, {""temp"": 24.32361, ""step"": 4, ""status"": 1, ""pres"": 978.4395, ""meas_profile"": ""HP-4"", ""meas_id"": 4, ""hum"": 31.11793, ""gas_res"": 162333.5}, {""temp"": 24.47508, ""step"": 4, ""status"": 1, ""pres"": 978.0502, ""meas_profile"": ""HP-3"", ""meas_id"": 3, ""hum"": 31.50726, ""gas_res"": 100000.0}, {""temp"": 24.38167, ""step"": 4, ""status"": 1, ""pres"": 978.1808, ""meas_profile"": ""HP-2"", ""meas_id"": 2, ""hum"": 31.78101, ""gas_res"": 138154.3}, {""temp"": 24.16395, ""step"": 4, ""status"": 1, ""pres"": 978.3141, ""meas_profile"": ""HP-1"", ""meas_id"": 1, ""hum"": 31.16255, ""gas_res"": 104489.8}]}",NULL,"2025-10-29 12:28:33.816773"
15652,"04a600b9b0b8","2025-10-29 12:26:49","5JFh5wE2VqhS7laVp1zj","{""bme688"": [{""temp"": 24.63391, ""step"": 3, ""status"": 0, ""pres"": 978.3655, ""meas_profile"": ""HP-8"", ""meas_id"": 8, ""hum"": 31.58965, ""gas_res"": 10031.35}, {""temp"": 24.61581, ""step"": 3, ""status"": 0, ""pres"": 978.5103, ""meas_profile"": ""HP-7"", ""meas_id"": 7, ""hum"": 31.51298, ""gas_res"": 12787.21}, {""temp"": 24.69378, ""step"": 3, ""status"": 0, ""pres"": 978.6735, ""meas_profile"": ""HP-6"", ""meas_id"": 6, ""hum"": 31.32888, ""gas_res"": 27574.32}, {""temp"": 24.61583, ""step"": 3, ""status"": 0, ""pres"": 978.3798, ""meas_profile"": ""HP-5"", ""meas_id"": 5, ""hum"": 31.55046, ""gas_res"": 56313.24}, {""temp"": 24.32237, ""step"": 3, ""status"": 0, ""pres"": 978.4406, ""meas_profile"": ""HP-4"", ""meas_id"": 4, ""hum"": 31.14606, ""gas_res"": 48752.62}, {""temp"": 24.47384, ""step"": 3, ""status"": 0, ""pres"": 978.05, ""meas_profile"": ""HP-3"", ""meas_id"": 3, ""hum"": 31.51844, ""gas_res"": 33220.87}, {""temp"": 24.38042, ""step"": 3, ""status"": 0, ""pres"": 978.1805, ""meas_profile"": ""HP-2"", ""meas_id"": 2, ""hum"": 31.78089, ""gas_res"": 55113.02}, {""temp"": 24.16271, ""step"": 3, ""status"": 0, ""pres"": 978.3141, ""meas_profile"": ""HP-1"", ""meas_id"": 1, ""hum"": 31.16245, ""gas_res"": 35020.52}]}",NULL,"2025-10-29 12:28:35.098876"
15653,"04a600b9b0b8","2025-10-29 12:26:49","5JFh5wE2VqhS7laVp1zj","{""bme688"": [{""temp"": 24.63298, ""step"": 2, ""status"": 1, ""pres"": 978.3658, ""meas_profile"": ""HP-8"", ""meas_id"": 8, ""hum"": 31.60082, ""gas_res"": 36613.27}, {""temp"": 24.61518, ""step"": 2, ""status"": 1, ""pres"": 978.5109, ""meas_profile"": ""HP-7"", ""meas_id"": 7, ""hum"": 31.5018, ""gas_res"": 53156.14}, {""temp"": 24.69317, ""step"": 2, ""status"": 1, ""pres"": 978.6744, ""meas_profile"": ""HP-6"", ""meas_id"": 6, ""hum"": 31.34576, ""gas_res"": 165964.3}, {""temp"": 24.61489, ""step"": 2, ""status"": 1, ""pres"": 978.3798, ""meas_profile"": ""HP-5"", ""meas_id"": 5, ""hum"": 31.55596, ""gas_res"": 410174.3}, {""temp"": 24.32113, ""step"": 2, ""status"": 1, ""pres"": 978.4402, ""meas_profile"": ""HP-4"", ""meas_id"": 4, ""hum"": 31.11772, ""gas_res"": 418471.6}, {""temp"": 24.47291, ""step"": 2, ""status"": 1, ""pres"": 978.0502, ""meas_profile"": ""HP-3"", ""meas_id"": 3, ""hum"": 31.51836, ""gas_res"": 218897.0}, {""temp"": 24.37949, ""step"": 2, ""status"": 1, ""pres"": 978.1808, ""meas_profile"": ""HP-2"", ""meas_id"": 2, ""hum"": 31.79198, ""gas_res"": 407724.5}, {""temp"": 24.16146, ""step"": 2, ""status"": 1, ""pres"": 978.3139, ""meas_profile"": ""HP-1"", ""meas_id"": 1, ""hum"": 31.17387, ""gas_res"": 290414.1}]}",NULL,"2025-10-29 12:28:36.380668"
15654,"04a600b9b0b8","2025-10-29 12:26:49","5JFh5wE2VqhS7laVp1zj","{""bme688"": [{""temp"": 24.63267, ""step"": 1, ""status"": 1, ""pres"": 978.3672, ""meas_profile"": ""HP-8"", ""meas_id"": 8, ""hum"": 31.57264, ""gas_res"": 11428.57}, {""temp"": 24.61456, ""step"": 1, ""status"": 1, ""pres"": 978.5117, ""meas_profile"": ""HP-7"", ""meas_id"": 7, ""hum"": 31.50731, ""gas_res"": 18840.15}, {""temp"": 24.69255, ""step"": 1, ""status"": 1, ""pres"": 978.6752, ""meas_profile"": ""HP-6"", ""meas_id"": 6, ""hum"": 31.3457, ""gas_res"": 23871.69}, {""temp"": 24.61458, ""step"": 1, ""status"": 1, ""pres"": 978.3809, ""meas_profile"": ""HP-5"", ""meas_id"": 5, ""hum"": 31.5671, ""gas_res"": 100000.0}, {""temp"": 24.32051, ""step"": 1, ""status"": 1, ""pres"": 978.4409, ""meas_profile"": ""HP-4"", ""meas_id"": 4, ""hum"": 31.1346, ""gas_res"": 41531.47}, {""temp"": 24.47199, ""step"": 1, ""status"": 1, ""pres"": 978.052, ""meas_profile"": ""HP-3"", ""meas_id"": 3, ""hum"": 31.51263, ""gas_res"": 25931.93}, {""temp"": 24.37856, ""step"": 1, ""status"": 1, ""pres"": 978.1809, ""meas_profile"": ""HP-2"", ""meas_id"": 2, ""hum"": 31.78072, ""gas_res"": 40238.92}, {""temp"": 24.16053, ""step"": 1, ""status"": 1, ""pres"": 978.3143, ""meas_profile"": ""HP-1"", ""meas_id"": 1, ""hum"": 31.16802, ""gas_res"": 28045.57}]}",NULL,"2025-10-29 12:28:37.763683"
15655,"04a600b9b0b8","2025-10-29 12:26:49","5JFh5wE2VqhS7laVp1zj","{""bme688"": [{""temp"": 24.63205, ""step"": 0, ""status"": 1, ""pres"": 978.368, ""meas_profile"": ""HP-8"", ""meas_id"": 8, ""hum"": 31.58385, ""gas_res"": 7029.877}, {""temp"": 24.61394, ""step"": 0, ""status"": 1, ""pres"": 978.512, ""meas_profile"": ""HP-7"", ""meas_id"": 7, ""hum"": 31.50169, ""gas_res"": 6534.613}, {""temp"": 24.69224, ""step"": 0, ""status"": 1, ""pres"": 978.6763, ""meas_profile"": ""HP-6"", ""meas_id"": 6, ""hum"": 31.34568, ""gas_res"": 11404.13}, {""temp"": 24.61427, ""step"": 0, ""status"": 1, ""pres"": 978.3823, ""meas_profile"": ""HP-5"", ""meas_id"": 5, ""hum"": 31.55591, ""gas_res"": 25000.0}, {""temp"": 24.31958, ""step"": 0, ""status"": 1, ""pres"": 978.4411, ""meas_profile"": ""HP-4"", ""meas_id"": 4, ""hum"": 31.12323, ""gas_res"": 25000.0}, {""temp"": 24.47106, ""step"": 0, ""status"": 1, ""pres"": 978.0522, ""meas_profile"": ""HP-3"", ""meas_id"": 3, ""hum"": 31.51819, ""gas_res"": 8097.166}, {""temp"": 24.37763, ""step"": 0, ""status"": 1, ""pres"": 978.1827, ""meas_profile"": ""HP-2"", ""meas_id"": 2, ""hum"": 31.78065, ""gas_res"": 11142.06}, {""temp"": 24.1596, ""step"": 0, ""status"": 1, ""pres"": 978.3165, ""meas_profile"": ""HP-1"", ""meas_id"": 1, ""hum"": 31.16218, ""gas_res"": 8719.346}]}",NULL,"2025-10-29 12:28:38.938661"
15656,"04a600b9b0b8","2025-10-29 12:28:46","5JFh5wE2VqhS7laVp1zj","{""zphs01b"": {""voc"": 0, ""temp"": 22.5, ""pm2_5"": 0, ""pm1_0"": 0, ""pm10"": 305, ""o3"": 0.04, ""no2"": 10.0, ""hum"": 0, ""fmhd"": 0, ""co2"": 5000, ""co"": 0.0}, ""smell_b"": {}, ""sfa30"": {""temp"": 24.64, ""hum"": 34.4, ""fmhd"": 0.8}, ""sen5x"": {""voc"": 95.0, ""temp"": 24.57, ""pm4_0"": 4567.9, ""pm2_5"": 4567.9, ""pm1_0"": 4355.8, ""pm10"": 4567.9, ""nox"": 1.0, ""mass_c"": 4514.875, ""hum"": 39.6}, ""scd41"": {""temp"": 24.32174, ""hum"": 42.54826, ""co2"": 643}, ""power_source"": 0, ""mics6814"": {""red_res"": 0, ""no2_res"": 0, ""no2"": 0.17, ""nh3_res"": 0, ""nh3"": 0.73, ""co_res"": 0, ""co"": 44.0}}",NULL,"2025-10-29 12:29:42.22631"
15657,"04a600b9b0b8","2025-10-29 12:28:46","5JFh5wE2VqhS7laVp1zj","{""bme688"": [{""temp"": 24.65707, ""step"": 9, ""status"": 1, ""pres"": 978.3474, ""meas_profile"": ""HP-8"", ""meas_id"": 8, ""hum"": 31.65365, ""gas_res"": 5898.618}, {""temp"": 24.63941, ""step"": 9, ""status"": 1, ""pres"": 978.4852, ""meas_profile"": ""HP-7"", ""meas_id"": 7, ""hum"": 31.59304, ""gas_res"": 7600.95}, {""temp"": 24.71817, ""step"": 9, ""status"": 1, ""pres"": 978.6403, ""meas_profile"": ""HP-6"", ""meas_id"": 6, ""hum"": 31.42135, ""gas_res"": 10836.44}, {""temp"": 24.6371, ""step"": 9, ""status"": 1, ""pres"": 978.3521, ""meas_profile"": ""HP-5"", ""meas_id"": 5, ""hum"": 31.63607, ""gas_res"": 25000.0}, {""temp"": 24.35468, ""step"": 9, ""status"": 1, ""pres"": 978.4221, ""meas_profile"": ""HP-4"", ""meas_id"": 4, ""hum"": 31.19408, ""gas_res"": 25000.0}, {""temp"": 24.50693, ""step"": 9, ""status"": 1, ""pres"": 978.0281, ""meas_profile"": ""HP-3"", ""meas_id"": 3, ""hum"": 31.5722, ""gas_res"": 9563.658}, {""temp"": 24.4152, ""step"": 9, ""status"": 1, ""pres"": 978.16, ""meas_profile"": ""HP-2"", ""meas_id"": 2, ""hum"": 31.86221, ""gas_res"": 20081.58}, {""temp"": 24.19912, ""step"": 9, ""status"": 1, ""pres"": 978.294, ""meas_profile"": ""HP-1"", ""meas_id"": 1, ""hum"": 31.30413, ""gas_res"": 9232.545}]}",NULL,"2025-10-29 12:29:43.763482"
15658,"04a600b9b0b8","2025-10-29 12:28:46","5JFh5wE2VqhS7laVp1zj","{""bme688"": [{""temp"": 24.65646, ""step"": 8, ""status"": 1, ""pres"": 978.348, ""meas_profile"": ""HP-8"", ""meas_id"": 8, ""hum"": 31.65923, ""gas_res"": 6243.902}, {""temp"": 24.63879, ""step"": 8, ""status"": 1, ""pres"": 978.4858, ""meas_profile"": ""HP-7"", ""meas_id"": 7, ""hum"": 31.58741, ""gas_res"": 5882.353}, {""temp"": 24.71755, ""step"": 8, ""status"": 1, ""pres"": 978.6411, ""meas_profile"": ""HP-6"", ""meas_id"": 6, ""hum"": 31.41564, ""gas_res"": 11295.45}, {""temp"": 24.63647, ""step"": 8, ""status"": 1, ""pres"": 978.3528, ""meas_profile"": ""HP-5"", ""meas_id"": 5, ""hum"": 31.61368, ""gas_res"": 25000.0}, {""temp"": 24.35374, ""step"": 8, ""status"": 1, ""pres"": 978.4224, ""meas_profile"": ""HP-4"", ""meas_id"": 4, ""hum"": 31.19965, ""gas_res"": 25000.0}, {""temp"": 24.50631, ""step"": 8, ""status"": 1, ""pres"": 978.0288, ""meas_profile"": ""HP-3"", ""meas_id"": 3, ""hum"": 31.58345, ""gas_res"": 9256.581}, {""temp"": 24.41427, ""step"": 8, ""status"": 1, ""pres"": 978.1602, ""meas_profile"": ""HP-2"", ""meas_id"": 2, ""hum"": 31.8789, ""gas_res"": 20665.16}, {""temp"": 24.19819, ""step"": 8, ""status"": 1, ""pres"": 978.2944, ""meas_profile"": ""HP-1"", ""meas_id"": 1, ""hum"": 31.28672, ""gas_res"": 9828.01}]}",NULL,"2025-10-29 12:29:45.499927"
15659,"04a600b9b0b8","2025-10-29 12:28:46","5JFh5wE2VqhS7laVp1zj","{""bme688"": [{""temp"": 24.65553, ""step"": 7, ""status"": 1, ""pres"": 978.3484, ""meas_profile"": ""HP-8"", ""meas_id"": 8, ""hum"": 31.66478, ""gas_res"": 6218.422}, {""temp"": 24.63785, ""step"": 7, ""status"": 1, ""pres"": 978.486, ""meas_profile"": ""HP-7"", ""meas_id"": 7, ""hum"": 31.58176, ""gas_res"": 5888.848}, {""temp"": 24.71725, ""step"": 7, ""status"": 1, ""pres"": 978.644, ""meas_profile"": ""HP-6"", ""meas_id"": 6, ""hum"": 31.39868, ""gas_res"": 11477.76}, {""temp"": 24.63616, ""step"": 7, ""status"": 1, ""pres"": 978.3539, ""meas_profile"": ""HP-5"", ""meas_id"": 5, ""hum"": 31.62482, ""gas_res"": 25000.0}, {""temp"": 24.35281, ""step"": 7, ""status"": 1, ""pres"": 978.4224, ""meas_profile"": ""HP-4"", ""meas_id"": 4, ""hum"": 31.19392, ""gas_res"": 25000.0}, {""temp"": 24.50538, ""step"": 7, ""status"": 1, ""pres"": 978.0306, ""meas_profile"": ""HP-3"", ""meas_id"": 3, ""hum"": 31.58337, ""gas_res"": 9114.213}, {""temp"": 24.41365, ""step"": 7, ""status"": 1, ""pres"": 978.1626, ""meas_profile"": ""HP-2"", ""meas_id"": 2, ""hum"": 31.85648, ""gas_res"": 20157.48}, {""temp"": 24.19757, ""step"": 7, ""status"": 1, ""pres"": 978.2953, ""meas_profile"": ""HP-1"", ""meas_id"": 1, ""hum"": 31.28667, ""gas_res"": 10059.73}]}",NULL,"2025-10-29 12:29:46.77548"
15660,"04a600b9b0b8","2025-10-29 12:28:46","5JFh5wE2VqhS7laVp1zj","{""bme688"": [{""temp"": 24.65491, ""step"": 6, ""status"": 1, ""pres"": 978.3492, ""meas_profile"": ""HP-8"", ""meas_id"": 8, ""hum"": 31.64782, ""gas_res"": 19144.48}, {""temp"": 24.63723, ""step"": 6, ""status"": 1, ""pres"": 978.4865, ""meas_profile"": ""HP-7"", ""meas_id"": 7, ""hum"": 31.5817, ""gas_res"": 25000.0}, {""temp"": 24.71632, ""step"": 6, ""status"": 1, ""pres"": 978.6442, ""meas_profile"": ""HP-6"", ""meas_id"": 6, ""hum"": 31.42118, ""gas_res"": 84965.15}, {""temp"": 24.63522, ""step"": 6, ""status"": 1, ""pres"": 978.3541, ""meas_profile"": ""HP-5"", ""meas_id"": 5, ""hum"": 31.61915, ""gas_res"": 244624.9}, {""temp"": 24.35219, ""step"": 6, ""status"": 1, ""pres"": 978.4247, ""meas_profile"": ""HP-4"", ""meas_id"": 4, ""hum"": 31.19386, ""gas_res"": 181110.7}, {""temp"": 24.50446, ""step"": 6, ""status"": 1, ""pres"": 978.0306, ""meas_profile"": ""HP-3"", ""meas_id"": 3, ""hum"": 31.57199, ""gas_res"": 101145.8}, {""temp"": 24.41272, ""step"": 6, ""status"": 1, ""pres"": 978.1627, ""meas_profile"": ""HP-2"", ""meas_id"": 2, ""hum"": 31.88435, ""gas_res"": 170439.4}, {""temp"": 24.19632, ""step"": 6, ""status"": 1, ""pres"": 978.2952, ""meas_profile"": ""HP-1"", ""meas_id"": 1, ""hum"": 31.29811, ""gas_res"": 130545.6}]}",NULL,"2025-10-29 12:29:48.054842"
15661,"04a600b9b0b8","2025-10-29 12:28:46","5JFh5wE2VqhS7laVp1zj","{""bme688"": [{""temp"": 24.65429, ""step"": 5, ""status"": 1, ""pres"": 978.3499, ""meas_profile"": ""HP-8"", ""meas_id"": 8, ""hum"": 31.65903, ""gas_res"": 19024.97}, {""temp"": 24.63692, ""step"": 5, ""status"": 1, ""pres"": 978.4877, ""meas_profile"": ""HP-7"", ""meas_id"": 7, ""hum"": 31.5761, ""gas_res"": 25000.0}, {""temp"": 24.71539, ""step"": 5, ""status"": 1, ""pres"": 978.6445, ""meas_profile"": ""HP-6"", ""meas_id"": 6, ""hum"": 31.41545, ""gas_res"": 84880.63}, {""temp"": 24.63428, ""step"": 5, ""status"": 1, ""pres"": 978.3542, ""meas_profile"": ""HP-5"", ""meas_id"": 5, ""hum"": 31.60791, ""gas_res"": 245504.7}, {""temp"": 24.35126, ""step"": 5, ""status"": 1, ""pres"": 978.4249, ""meas_profile"": ""HP-4"", ""meas_id"": 4, ""hum"": 31.18813, ""gas_res"": 181495.9}, {""temp"": 24.50322, ""step"": 5, ""status"": 1, ""pres"": 978.0304, ""meas_profile"": ""HP-3"", ""meas_id"": 3, ""hum"": 31.57753, ""gas_res"": 99378.88}, {""temp"": 24.41179, ""step"": 5, ""status"": 1, ""pres"": 978.1646, ""meas_profile"": ""HP-2"", ""meas_id"": 2, ""hum"": 31.85073, ""gas_res"": 166449.9}, {""temp"": 24.19539, ""step"": 5, ""status"": 1, ""pres"": 978.2955, ""meas_profile"": ""HP-1"", ""meas_id"": 1, ""hum"": 31.29226, ""gas_res"": 126388.5}]}",NULL,"2025-10-29 12:29:49.429096"
15662,"04a600b9b0b8","2025-10-29 12:28:46","5JFh5wE2VqhS7laVp1zj","{""bme688"": [{""temp"": 24.65337, ""step"": 4, ""status"": 1, ""pres"": 978.3502, ""meas_profile"": ""HP-8"", ""meas_id"": 8, ""hum"": 31.65332, ""gas_res"": 18957.35}, {""temp"": 24.6363, ""step"": 4, ""status"": 1, ""pres"": 978.4901, ""meas_profile"": ""HP-7"", ""meas_id"": 7, ""hum"": 31.58162, ""gas_res"": 25000.0}, {""temp"": 24.71478, ""step"": 4, ""status"": 1, ""pres"": 978.647, ""meas_profile"": ""HP-6"", ""meas_id"": 6, ""hum"": 31.4154, ""gas_res"": 87045.23}, {""temp"": 24.63366, ""step"": 4, ""status"": 1, ""pres"": 978.3549, ""meas_profile"": ""HP-5"", ""meas_id"": 5, ""hum"": 31.60227, ""gas_res"": 252590.0}, {""temp"": 24.35064, ""step"": 4, ""status"": 1, ""pres"": 978.4255, ""meas_profile"": ""HP-4"", ""meas_id"": 4, ""hum"": 31.18808, ""gas_res"": 186453.0}, {""temp"": 24.50229, ""step"": 4, ""status"": 1, ""pres"": 978.0306, ""meas_profile"": ""HP-3"", ""meas_id"": 3, ""hum"": 31.5944, ""gas_res"": 98404.77}, {""temp"": 24.41086, ""step"": 4, ""status"": 1, ""pres"": 978.1647, ""meas_profile"": ""HP-2"", ""meas_id"": 2, ""hum"": 31.86182, ""gas_res"": 166449.9}, {""temp"": 24.19414, ""step"": 4, ""status"": 1, ""pres"": 978.2972, ""meas_profile"": ""HP-1"", ""meas_id"": 1, ""hum"": 31.29215, ""gas_res"": 124908.5}]}",NULL,"2025-10-29 12:29:50.618918"
15663,"04a600b9b0b8","2025-10-29 12:28:46","5JFh5wE2VqhS7laVp1zj","{""bme688"": [{""temp"": 24.65275, ""step"": 3, ""status"": 0, ""pres"": 978.351, ""meas_profile"": ""HP-8"", ""meas_id"": 8, ""hum"": 31.66453, ""gas_res"": 9403.468}, {""temp"": 24.63537, ""step"": 3, ""status"": 0, ""pres"": 978.4885, ""meas_profile"": ""HP-7"", ""meas_id"": 7, ""hum"": 31.58154, ""gas_res"": 12125.81}, {""temp"": 24.71385, ""step"": 3, ""status"": 0, ""pres"": 978.6471, ""meas_profile"": ""HP-6"", ""meas_id"": 6, ""hum"": 31.41532, ""gas_res"": 27898.87}, {""temp"": 24.63272, ""step"": 3, ""status"": 0, ""pres"": 978.355, ""meas_profile"": ""HP-5"", ""meas_id"": 5, ""hum"": 31.62452, ""gas_res"": 60206.96}, {""temp"": 24.34939, ""step"": 3, ""status"": 0, ""pres"": 978.4268, ""meas_profile"": ""HP-4"", ""meas_id"": 4, ""hum"": 31.19927, ""gas_res"": 53826.75}, {""temp"": 24.50106, ""step"": 3, ""status"": 0, ""pres"": 978.032, ""meas_profile"": ""HP-3"", ""meas_id"": 3, ""hum"": 31.58298, ""gas_res"": 37090.7}, {""temp"": 24.40961, ""step"": 3, ""status"": 0, ""pres"": 978.1643, ""meas_profile"": ""HP-2"", ""meas_id"": 2, ""hum"": 31.86731, ""gas_res"": 60462.92}, {""temp"": 24.1929, ""step"": 3, ""status"": 0, ""pres"": 978.2972, ""meas_profile"": ""HP-1"", ""meas_id"": 1, ""hum"": 31.29203, ""gas_res"": 39095.91}]}",NULL,"2025-10-29 12:29:51.895921"
15664,"04a600b9b0b8","2025-10-29 12:28:46","5JFh5wE2VqhS7laVp1zj","{""bme688"": [{""temp"": 24.65213, ""step"": 2, ""status"": 1, ""pres"": 978.3519, ""meas_profile"": ""HP-8"", ""meas_id"": 8, ""hum"": 31.65884, ""gas_res"": 25034.23}, {""temp"": 24.63475, ""step"": 2, ""status"": 1, ""pres"": 978.4891, ""meas_profile"": ""HP-7"", ""meas_id"": 7, ""hum"": 31.57591, ""gas_res"": 35020.52}, {""temp"": 24.71292, ""step"": 2, ""status"": 1, ""pres"": 978.6474, ""meas_profile"": ""HP-6"", ""meas_id"": 6, ""hum"": 31.4096, ""gas_res"": 109029.0}, {""temp"": 24.63178, ""step"": 2, ""status"": 1, ""pres"": 978.3552, ""meas_profile"": ""HP-5"", ""meas_id"": 5, ""hum"": 31.63001, ""gas_res"": 255425.3}, {""temp"": 24.34815, ""step"": 2, ""status"": 1, ""pres"": 978.4264, ""meas_profile"": ""HP-4"", ""meas_id"": 4, ""hum"": 31.22176, ""gas_res"": 285554.9}, {""temp"": 24.49982, ""step"": 2, ""status"": 1, ""pres"": 978.0316, ""meas_profile"": ""HP-3"", ""meas_id"": 3, ""hum"": 31.59418, ""gas_res"": 153569.3}, {""temp"": 24.40837, ""step"": 2, ""status"": 1, ""pres"": 978.1639, ""meas_profile"": ""HP-2"", ""meas_id"": 2, ""hum"": 31.87838, ""gas_res"": 299590.4}, {""temp"": 24.19165, ""step"": 2, ""status"": 1, ""pres"": 978.2971, ""meas_profile"": ""HP-1"", ""meas_id"": 1, ""hum"": 31.2977, ""gas_res"": 207455.4}]}",NULL,"2025-10-29 12:29:53.179884"
15665,"04a600b9b0b8","2025-10-29 12:28:46","5JFh5wE2VqhS7laVp1zj","{""bme688"": [{""temp"": 24.65182, ""step"": 1, ""status"": 1, ""pres"": 978.3531, ""meas_profile"": ""HP-8"", ""meas_id"": 8, ""hum"": 31.66445, ""gas_res"": 10958.9}, {""temp"": 24.63413, ""step"": 1, ""status"": 1, ""pres"": 978.4897, ""meas_profile"": ""HP-7"", ""meas_id"": 7, ""hum"": 31.59257, ""gas_res"": 18974.21}, {""temp"": 24.71231, ""step"": 1, ""status"": 1, ""pres"": 978.6482, ""meas_profile"": ""HP-6"", ""meas_id"": 6, ""hum"": 31.40389, ""gas_res"": 26218.76}, {""temp"": 24.63115, ""step"": 1, ""status"": 1, ""pres"": 978.3557, ""meas_profile"": ""HP-5"", ""meas_id"": 5, ""hum"": 31.63554, ""gas_res"": 97784.57}, {""temp"": 24.34753, ""step"": 1, ""status"": 1, ""pres"": 978.4271, ""meas_profile"": ""HP-4"", ""meas_id"": 4, ""hum"": 31.21041, ""gas_res"": 100000.0}, {""temp"": 24.4992, ""step"": 1, ""status"": 1, ""pres"": 978.0323, ""meas_profile"": ""HP-3"", ""meas_id"": 3, ""hum"": 31.59413, ""gas_res"": 31691.01}, {""temp"": 24.40775, ""step"": 1, ""status"": 1, ""pres"": 978.1663, ""meas_profile"": ""HP-2"", ""meas_id"": 2, ""hum"": 31.87832, ""gas_res"": 100000.0}, {""temp"": 24.19103, ""step"": 1, ""status"": 1, ""pres"": 978.2978, ""meas_profile"": ""HP-1"", ""meas_id"": 1, ""hum"": 31.2861, ""gas_res"": 34510.65}]}",NULL,"2025-10-29 12:29:56.380269"
15666,"04a600b9b0b8","2025-10-29 12:28:46","5JFh5wE2VqhS7laVp1zj","{""bme688"": [{""temp"": 24.6509, ""step"": 0, ""status"": 1, ""pres"": 978.3517, ""meas_profile"": ""HP-8"", ""meas_id"": 8, ""hum"": 31.66437, ""gas_res"": 6459.427}, {""temp"": 24.6332, ""step"": 0, ""status"": 1, ""pres"": 978.4899, ""meas_profile"": ""HP-7"", ""meas_id"": 7, ""hum"": 31.57577, ""gas_res"": 6265.91}, {""temp"": 24.71169, ""step"": 0, ""status"": 1, ""pres"": 978.6489, ""meas_profile"": ""HP-6"", ""meas_id"": 6, ""hum"": 31.42078, ""gas_res"": 17062.12}, {""temp"": 24.63053, ""step"": 0, ""status"": 1, ""pres"": 978.3564, ""meas_profile"": ""HP-5"", ""meas_id"": 5, ""hum"": 31.6299, ""gas_res"": 25000.0}, {""temp"": 24.3466, ""step"": 0, ""status"": 1, ""pres"": 978.4272, ""meas_profile"": ""HP-4"", ""meas_id"": 4, ""hum"": 31.19337, ""gas_res"": 25000.0}, {""temp"": 24.49827, ""step"": 0, ""status"": 1, ""pres"": 978.0324, ""meas_profile"": ""HP-3"", ""meas_id"": 3, ""hum"": 31.59404, ""gas_res"": 9114.213}, {""temp"": 24.40682, ""step"": 0, ""status"": 1, ""pres"": 978.1666, ""meas_profile"": ""HP-2"", ""meas_id"": 2, ""hum"": 31.87823, ""gas_res"": 20100.5}, {""temp"": 24.1901, ""step"": 0, ""status"": 1, ""pres"": 978.2982, ""meas_profile"": ""HP-1"", ""meas_id"": 1, ""hum"": 31.29179, ""gas_res"": 9411.765}]}",NULL,"2025-10-29 12:29:57.061835"
15667,"04a600b9b0b8","2025-10-29 12:28:19","5JFh5wE2VqhS7laVp1zj","{""zphs01b"": {""voc"": 0, ""temp"": 22.5, ""pm2_5"": 0, ""pm1_0"": 0, ""pm10"": 304, ""o3"": 0.03, ""no2"": 10.0, ""hum"": 0, ""fmhd"": 0, ""co2"": 5000, ""co"": 0.0}, ""smell_b"": {}, ""sfa30"": {""temp"": 24.63, ""hum"": 34.36, ""fmhd"": 0.8}, ""sen5x"": {""voc"": 93.0, ""temp"": 24.585, ""pm4_0"": 4442.9, ""pm2_5"": 4442.9, ""pm1_0"": 4236.6, ""pm10"": 4442.9, ""nox"": 1.0, ""mass_c"": 4391.325, ""hum"": 39.49}, ""scd41"": {""temp"": 24.28168, ""hum"": 42.57725, ""co2"": 641}, ""power_source"": 0, ""mics6814"": {""red_res"": 0, ""no2_res"": 0, ""no2"": 0.17, ""nh3_res"": 0, ""nh3"": 0.73, ""co_res"": 0, ""co"": 44.0}}",NULL,"2025-10-29 12:30:00.114122"
15668,"04a600b9b0b8","2025-10-29 12:28:19","5JFh5wE2VqhS7laVp1zj","{""bme688"": [{""temp"": 24.65028, ""step"": 9, ""status"": 1, ""pres"": 978.3526, ""meas_profile"": ""HP-8"", ""meas_id"": 8, ""hum"": 31.64741, ""gas_res"": 5739.91}, {""temp"": 24.63258, ""step"": 9, ""status"": 1, ""pres"": 978.4905, ""meas_profile"": ""HP-7"", ""meas_id"": 7, ""hum"": 31.54231, ""gas_res"": 7447.056}, {""temp"": 24.71107, ""step"": 9, ""status"": 1, ""pres"": 978.6496, ""meas_profile"": ""HP-6"", ""meas_id"": 6, ""hum"": 31.37555, ""gas_res"": 10145.85}, {""temp"": 24.63021, ""step"": 9, ""status"": 1, ""pres"": 978.3594, ""meas_profile"": ""HP-5"", ""meas_id"": 5, ""hum"": 31.5908, ""gas_res"": 25000.0}, {""temp"": 24.34598, ""step"": 9, ""status"": 1, ""pres"": 978.428, ""meas_profile"": ""HP-4"", ""meas_id"": 4, ""hum"": 31.18202, ""gas_res"": 25000.0}, {""temp"": 24.49735, ""step"": 9, ""status"": 1, ""pres"": 978.0343, ""meas_profile"": ""HP-3"", ""meas_id"": 3, ""hum"": 31.53746, ""gas_res"": 8783.97}, {""temp"": 24.40589, ""step"": 9, ""status"": 1, ""pres"": 978.1666, ""meas_profile"": ""HP-2"", ""meas_id"": 2, ""hum"": 31.82227, ""gas_res"": 11627.91}, {""temp"": 24.18916, ""step"": 9, ""status"": 1, ""pres"": 978.3004, ""meas_profile"": ""HP-1"", ""meas_id"": 1, ""hum"": 31.23398, ""gas_res"": 8429.926}]}",NULL,"2025-10-29 12:30:00.825731"
15669,"04a600b9b0b8","2025-10-29 12:28:19","5JFh5wE2VqhS7laVp1zj","{""bme688"": [{""temp"": 24.64966, ""step"": 8, ""status"": 1, ""pres"": 978.3531, ""meas_profile"": ""HP-8"", ""meas_id"": 8, ""hum"": 31.60793, ""gas_res"": 6175.222}, {""temp"": 24.63164, ""step"": 8, ""status"": 1, ""pres"": 978.4908, ""meas_profile"": ""HP-7"", ""meas_id"": 7, ""hum"": 31.55336, ""gas_res"": 7584.736}, {""temp"": 24.71045, ""step"": 8, ""status"": 1, ""pres"": 978.652, ""meas_profile"": ""HP-6"", ""meas_id"": 6, ""hum"": 31.36985, ""gas_res"": 10631.23}, {""temp"": 24.62959, ""step"": 8, ""status"": 1, ""pres"": 978.3602, ""meas_profile"": ""HP-5"", ""meas_id"": 5, ""hum"": 31.574, ""gas_res"": 25000.0}, {""temp"": 24.34505, ""step"": 8, ""status"": 1, ""pres"": 978.428, ""meas_profile"": ""HP-4"", ""meas_id"": 4, ""hum"": 31.15934, ""gas_res"": 25000.0}, {""temp"": 24.49673, ""step"": 8, ""status"": 1, ""pres"": 978.035, ""meas_profile"": ""HP-3"", ""meas_id"": 3, ""hum"": 31.5487, ""gas_res"": 8517.435}, {""temp"": 24.40464, ""step"": 8, ""status"": 1, ""pres"": 978.1664, ""meas_profile"": ""HP-2"", ""meas_id"": 2, ""hum"": 31.84451, ""gas_res"": 18449.12}, {""temp"": 24.18823, ""step"": 8, ""status"": 1, ""pres"": 978.3008, ""meas_profile"": ""HP-1"", ""meas_id"": 1, ""hum"": 31.23968, ""gas_res"": 9021.708}]}",NULL,"2025-10-29 12:30:01.539957"
15670,"04a600b9b0b8","2025-10-29 12:28:19","5JFh5wE2VqhS7laVp1zj","{""bme688"": [{""temp"": 24.64904, ""step"": 7, ""status"": 1, ""pres"": 978.3541, ""meas_profile"": ""HP-8"", ""meas_id"": 8, ""hum"": 31.63604, ""gas_res"": 6171.649}, {""temp"": 24.63102, ""step"": 7, ""status"": 1, ""pres"": 978.4914, ""meas_profile"": ""HP-7"", ""meas_id"": 7, ""hum"": 31.54217, ""gas_res"": 7547.17}, {""temp"": 24.70984, ""step"": 7, ""status"": 1, ""pres"": 978.6527, ""meas_profile"": ""HP-6"", ""meas_id"": 6, ""hum"": 31.38674, ""gas_res"": 10759.92}, {""temp"": 24.62897, ""step"": 7, ""status"": 1, ""pres"": 978.3608, ""meas_profile"": ""HP-5"", ""meas_id"": 5, ""hum"": 31.57953, ""gas_res"": 25000.0}, {""temp"": 24.34443, ""step"": 7, ""status"": 1, ""pres"": 978.4303, ""meas_profile"": ""HP-4"", ""meas_id"": 4, ""hum"": 31.15363, ""gas_res"": 25000.0}, {""temp"": 24.4958, ""step"": 7, ""status"": 1, ""pres"": 978.0352, ""meas_profile"": ""HP-3"", ""meas_id"": 3, ""hum"": 31.55427, ""gas_res"": 8537.887}, {""temp"": 24.4034, ""step"": 7, ""status"": 1, ""pres"": 978.1677, ""meas_profile"": ""HP-2"", ""meas_id"": 2, ""hum"": 31.82763, ""gas_res"": 18073.99}, {""temp"": 24.1873, ""step"": 7, ""status"": 1, ""pres"": 978.3011, ""meas_profile"": ""HP-1"", ""meas_id"": 1, ""hum"": 31.22805, ""gas_res"": 9090.909}]}",NULL,"2025-10-29 12:30:02.18214"
15671,"04a600b9b0b8","2025-10-29 12:28:19","5JFh5wE2VqhS7laVp1zj","{""bme688"": [{""temp"": 24.64843, ""step"": 6, ""status"": 1, ""pres"": 978.3549, ""meas_profile"": ""HP-8"", ""meas_id"": 8, ""hum"": 31.64162, ""gas_res"": 19300.36}, {""temp"": 24.6304, ""step"": 6, ""status"": 1, ""pres"": 978.4937, ""meas_profile"": ""HP-7"", ""meas_id"": 7, ""hum"": 31.55325, ""gas_res"": 25000.0}, {""temp"": 24.70922, ""step"": 6, ""status"": 1, ""pres"": 978.6534, ""meas_profile"": ""HP-6"", ""meas_id"": 6, ""hum"": 31.38103, ""gas_res"": 77481.84}, {""temp"": 24.62865, ""step"": 6, ""status"": 1, ""pres"": 978.3619, ""meas_profile"": ""HP-5"", ""meas_id"": 5, ""hum"": 31.60183, ""gas_res"": 171294.8}, {""temp"": 24.34349, ""step"": 6, ""status"": 1, ""pres"": 978.4305, ""meas_profile"": ""HP-4"", ""meas_id"": 4, ""hum"": 31.1592, ""gas_res"": 156383.6}, {""temp"": 24.49487, ""step"": 6, ""status"": 1, ""pres"": 978.0353, ""meas_profile"": ""HP-3"", ""meas_id"": 3, ""hum"": 31.54289, ""gas_res"": 100000.0}, {""temp"": 24.40247, ""step"": 6, ""status"": 1, ""pres"": 978.1677, ""meas_profile"": ""HP-2"", ""meas_id"": 2, ""hum"": 31.83313, ""gas_res"": 143256.9}, {""temp"": 24.18605, ""step"": 6, ""status"": 1, ""pres"": 978.301, ""meas_profile"": ""HP-1"", ""meas_id"": 1, ""hum"": 31.21063, ""gas_res"": 109448.5}]}",NULL,"2025-10-29 12:30:02.819506"
15672,"04a600b9b0b8","2025-10-29 12:28:19","5JFh5wE2VqhS7laVp1zj","{""bme688"": [{""temp"": 24.6475, ""step"": 5, ""status"": 1, ""pres"": 978.3553, ""meas_profile"": ""HP-8"", ""meas_id"": 8, ""hum"": 31.6359, ""gas_res"": 19317.84}, {""temp"": 24.63009, ""step"": 5, ""status"": 1, ""pres"": 978.4949, ""meas_profile"": ""HP-7"", ""meas_id"": 7, ""hum"": 31.54766, ""gas_res"": 25000.0}, {""temp"": 24.70829, ""step"": 5, ""status"": 1, ""pres"": 978.6537, ""meas_profile"": ""HP-6"", ""meas_id"": 6, ""hum"": 31.39224, ""gas_res"": 77906.27}, {""temp"": 24.62803, ""step"": 5, ""status"": 1, ""pres"": 978.3625, ""meas_profile"": ""HP-5"", ""meas_id"": 5, ""hum"": 31.59619, ""gas_res"": 172332.5}, {""temp"": 24.34256, ""step"": 5, ""status"": 1, ""pres"": 978.4306, ""meas_profile"": ""HP-4"", ""meas_id"": 4, ""hum"": 31.17607, ""gas_res"": 155245.6}, {""temp"": 24.49425, ""step"": 5, ""status"": 1, ""pres"": 978.0377, ""meas_profile"": ""HP-3"", ""meas_id"": 3, ""hum"": 31.54284, ""gas_res"": 100000.0}, {""temp"": 24.40154, ""step"": 5, ""status"": 1, ""pres"": 978.1679, ""meas_profile"": ""HP-2"", ""meas_id"": 2, ""hum"": 31.83305, ""gas_res"": 139738.0}, {""temp"": 24.1848, ""step"": 5, ""status"": 1, ""pres"": 978.301, ""meas_profile"": ""HP-1"", ""meas_id"": 1, ""hum"": 31.23361, ""gas_res"": 106312.3}]}",NULL,"2025-10-29 12:30:03.460691"
15673,"04a600b9b0b8","2025-10-29 12:28:19","5JFh5wE2VqhS7laVp1zj","{""bme688"": [{""temp"": 24.64688, ""step"": 4, ""status"": 1, ""pres"": 978.3561, ""meas_profile"": ""HP-8"", ""meas_id"": 8, ""hum"": 31.64711, ""gas_res"": 19388.06}, {""temp"": 24.62947, ""step"": 4, ""status"": 1, ""pres"": 978.4956, ""meas_profile"": ""HP-7"", ""meas_id"": 7, ""hum"": 31.55873, ""gas_res"": 25000.0}, {""temp"": 24.70737, ""step"": 4, ""status"": 1, ""pres"": 978.654, ""meas_profile"": ""HP-6"", ""meas_id"": 6, ""hum"": 31.38652, ""gas_res"": 79429.1}, {""temp"": 24.6274, ""step"": 4, ""status"": 1, ""pres"": 978.3632, ""meas_profile"": ""HP-5"", ""meas_id"": 5, ""hum"": 31.59055, ""gas_res"": 176795.6}, {""temp"": 24.34163, ""step"": 4, ""status"": 1, ""pres"": 978.4308, ""meas_profile"": ""HP-4"", ""meas_id"": 4, ""hum"": 31.19294, ""gas_res"": 159451.9}, {""temp"": 24.49333, ""step"": 4, ""status"": 1, ""pres"": 978.0379, ""meas_profile"": ""HP-3"", ""meas_id"": 3, ""hum"": 31.5597, ""gas_res"": 100000.0}, {""temp"": 24.40061, ""step"": 4, ""status"": 1, ""pres"": 978.1699, ""meas_profile"": ""HP-2"", ""meas_id"": 2, ""hum"": 31.83856, ""gas_res"": 137708.5}, {""temp"": 24.18356, ""step"": 4, ""status"": 1, ""pres"": 978.3027, ""meas_profile"": ""HP-1"", ""meas_id"": 1, ""hum"": 31.2335, ""gas_res"": 104107.4}]}",NULL,"2025-10-29 12:30:04.326512"
15674,"04a600b9b0b8","2025-10-29 12:28:19","5JFh5wE2VqhS7laVp1zj","{""bme688"": [{""temp"": 24.64595, ""step"": 3, ""status"": 0, ""pres"": 978.3563, ""meas_profile"": ""HP-8"", ""meas_id"": 8, ""hum"": 31.6414, ""gas_res"": 9676.444}, {""temp"": 24.62854, ""step"": 3, ""status"": 0, ""pres"": 978.4957, ""meas_profile"": ""HP-7"", ""meas_id"": 7, ""hum"": 31.57537, ""gas_res"": 12265.24}, {""temp"": 24.70644, ""step"": 3, ""status"": 0, ""pres"": 978.6541, ""meas_profile"": ""HP-6"", ""meas_id"": 6, ""hum"": 31.40337, ""gas_res"": 26364.57}, {""temp"": 24.62646, ""step"": 3, ""status"": 0, ""pres"": 978.3635, ""meas_profile"": ""HP-5"", ""meas_id"": 5, ""hum"": 31.63513, ""gas_res"": 53355.57}, {""temp"": 24.34039, ""step"": 3, ""status"": 0, ""pres"": 978.4304, ""meas_profile"": ""HP-4"", ""meas_id"": 4, ""hum"": 31.18718, ""gas_res"": 45519.2}, {""temp"": 24.49209, ""step"": 3, ""status"": 0, ""pres"": 978.0392, ""meas_profile"": ""HP-3"", ""meas_id"": 3, ""hum"": 31.5709, ""gas_res"": 31832.88}, {""temp"": 24.39937, ""step"": 3, ""status"": 0, ""pres"": 978.1694, ""meas_profile"": ""HP-2"", ""meas_id"": 2, ""hum"": 31.86639, ""gas_res"": 52341.04}, {""temp"": 24.18232, ""step"": 3, ""status"": 0, ""pres"": 978.3025, ""meas_profile"": ""HP-1"", ""meas_id"": 1, ""hum"": 31.2507, ""gas_res"": 33066.39}]}",NULL,"2025-10-29 12:30:04.759191"
15675,"04a600b9b0b8","2025-10-29 12:28:19","5JFh5wE2VqhS7laVp1zj","{""bme688"": [{""temp"": 24.64534, ""step"": 2, ""status"": 1, ""pres"": 978.3571, ""meas_profile"": ""HP-8"", ""meas_id"": 8, ""hum"": 31.65261, ""gas_res"": 29561.2}, {""temp"": 24.62792, ""step"": 2, ""status"": 1, ""pres"": 978.4966, ""meas_profile"": ""HP-7"", ""meas_id"": 7, ""hum"": 31.56417, ""gas_res"": 39975.02}, {""temp"": 24.70551, ""step"": 2, ""status"": 1, ""pres"": 978.6545, ""meas_profile"": ""HP-6"", ""meas_id"": 6, ""hum"": 31.40894, ""gas_res"": 116948.4}, {""temp"": 24.62584, ""step"": 2, ""status"": 1, ""pres"": 978.3641, ""meas_profile"": ""HP-5"", ""meas_id"": 5, ""hum"": 31.60158, ""gas_res"": 278336.5}, {""temp"": 24.33914, ""step"": 2, ""status"": 1, ""pres"": 978.4317, ""meas_profile"": ""HP-4"", ""meas_id"": 4, ""hum"": 31.18707, ""gas_res"": 287237.0}, {""temp"": 24.49085, ""step"": 2, ""status"": 1, ""pres"": 978.0389, ""meas_profile"": ""HP-3"", ""meas_id"": 3, ""hum"": 31.58209, ""gas_res"": 150058.6}, {""temp"": 24.39812, ""step"": 2, ""status"": 1, ""pres"": 978.1708, ""meas_profile"": ""HP-2"", ""meas_id"": 2, ""hum"": 31.86069, ""gas_res"": 286033.5}, {""temp"": 24.18107, ""step"": 2, ""status"": 1, ""pres"": 978.3043, ""meas_profile"": ""HP-1"", ""meas_id"": 1, ""hum"": 31.2506, ""gas_res"": 198065.8}]}",NULL,"2025-10-29 12:30:05.448926"
15676,"04a600b9b0b8","2025-10-29 12:28:19","5JFh5wE2VqhS7laVp1zj","{""bme688"": [{""temp"": 24.64441, ""step"": 0, ""status"": 1, ""pres"": 978.3591, ""meas_profile"": ""HP-8"", ""meas_id"": 8, ""hum"": 31.64126, ""gas_res"": 7100.066}, {""temp"": 24.62637, ""step"": 0, ""status"": 1, ""pres"": 978.4973, ""meas_profile"": ""HP-7"", ""meas_id"": 7, ""hum"": 31.5696, ""gas_res"": 6471.183}, {""temp"": 24.70397, ""step"": 0, ""status"": 1, ""pres"": 978.6572, ""meas_profile"": ""HP-6"", ""meas_id"": 6, ""hum"": 31.40881, ""gas_res"": 17034.87}, {""temp"": 24.6249, ""step"": 0, ""status"": 1, ""pres"": 978.366, ""meas_profile"": ""HP-5"", ""meas_id"": 5, ""hum"": 31.62383, ""gas_res"": 25000.0}, {""temp"": 24.33759, ""step"": 0, ""status"": 1, ""pres"": 978.4324, ""meas_profile"": ""HP-4"", ""meas_id"": 4, ""hum"": 31.19259, ""gas_res"": 25000.0}, {""temp"": 24.48899, ""step"": 0, ""status"": 1, ""pres"": 978.0391, ""meas_profile"": ""HP-3"", ""meas_id"": 3, ""hum"": 31.59323, ""gas_res"": 8318.17}, {""temp"": 24.39657, ""step"": 0, ""status"": 1, ""pres"": 978.1718, ""meas_profile"": ""HP-2"", ""meas_id"": 2, ""hum"": 31.83261, ""gas_res"": 11627.91}, {""temp"": 24.1792, ""step"": 0, ""status"": 1, ""pres"": 978.305, ""meas_profile"": ""HP-1"", ""meas_id"": 1, ""hum"": 31.25621, ""gas_res"": 9036.995}]}",NULL,"2025-10-29 12:30:06.119064"
15677,"04a600b9b0b8","2025-10-29 12:28:19","5JFh5wE2VqhS7laVp1zj","{""bme688"": [{""temp"": 24.64503, ""step"": 1, ""status"": 1, ""pres"": 978.3583, ""meas_profile"": ""HP-8"", ""meas_id"": 8, ""hum"": 31.64695, ""gas_res"": 11564.87}, {""temp"": 24.6273, ""step"": 1, ""status"": 1, ""pres"": 978.4971, ""meas_profile"": ""HP-7"", ""meas_id"": 7, ""hum"": 31.56969, ""gas_res"": 19161.68}, {""temp"": 24.7049, ""step"": 1, ""status"": 1, ""pres"": 978.6569, ""meas_profile"": ""HP-6"", ""meas_id"": 6, ""hum"": 31.41453, ""gas_res"": 24348.49}, {""temp"": 24.62521, ""step"": 1, ""status"": 1, ""pres"": 978.3649, ""meas_profile"": ""HP-5"", ""meas_id"": 5, ""hum"": 31.59594, ""gas_res"": 100000.0}, {""temp"": 24.33821, ""step"": 1, ""status"": 1, ""pres"": 978.4318, ""meas_profile"": ""HP-4"", ""meas_id"": 4, ""hum"": 31.18134, ""gas_res"": 42314.05}, {""temp"": 24.48992, ""step"": 1, ""status"": 1, ""pres"": 978.0391, ""meas_profile"": ""HP-3"", ""meas_id"": 3, ""hum"": 31.56505, ""gas_res"": 26947.37}, {""temp"": 24.39719, ""step"": 1, ""status"": 1, ""pres"": 978.1711, ""meas_profile"": ""HP-2"", ""meas_id"": 2, ""hum"": 31.84943, ""gas_res"": 41370.39}, {""temp"": 24.18014, ""step"": 1, ""status"": 1, ""pres"": 978.3046, ""meas_profile"": ""HP-1"", ""meas_id"": 1, ""hum"": 31.2332, ""gas_res"": 28959.28}]}",NULL,"2025-10-29 12:30:06.12903"
15678,"04a600b9b0b8","2025-10-29 12:30:12","5JFh5wE2VqhS7laVp1zj","{""zphs01b"": {""voc"": 0, ""temp"": 22.6, ""pm2_5"": 0, ""pm1_0"": 0, ""pm10"": 288, ""o3"": 0.03, ""no2"": 10.0, ""hum"": 0, ""fmhd"": 0, ""co2"": 5000, ""co"": 0.0}, ""smell_b"": {}, ""sfa30"": {""temp"": 24.67, ""hum"": 34.45, ""fmhd"": 0.8}, ""sen5x"": {""voc"": 96.0, ""temp"": 24.53, ""pm4_0"": 4582.2, ""pm2_5"": 4582.2, ""pm1_0"": 4369.4, ""pm10"": 4582.2, ""nox"": 1.0, ""mass_c"": 4529.0, ""hum"": 39.88}, ""scd41"": {""temp"": 24.39117, ""hum"": 42.37125, ""co2"": 642}, ""power_source"": 0, ""mics6814"": {""red_res"": 0, ""no2_res"": 0, ""no2"": 0.17, ""nh3_res"": 0, ""nh3"": 0.73, ""co_res"": 0, ""co"": 44.0}}",NULL,"2025-10-29 12:31:07.988192"
15679,"04a600b9b0b8","2025-10-29 12:30:12","5JFh5wE2VqhS7laVp1zj","{""bme688"": [{""temp"": 24.67313, ""step"": 9, ""status"": 1, ""pres"": 978.3318, ""meas_profile"": ""HP-8"", ""meas_id"": 8, ""hum"": 31.70578, ""gas_res"": 5827.718}, {""temp"": 24.65618, ""step"": 9, ""status"": 1, ""pres"": 978.4637, ""meas_profile"": ""HP-7"", ""meas_id"": 7, ""hum"": 31.62794, ""gas_res"": 7584.736}, {""temp"": 24.73515, ""step"": 9, ""status"": 1, ""pres"": 978.6227, ""meas_profile"": ""HP-6"", ""meas_id"": 6, ""hum"": 31.47367, ""gas_res"": 10981.47}, {""temp"": 24.65179, ""step"": 9, ""status"": 1, ""pres"": 978.334, ""meas_profile"": ""HP-5"", ""meas_id"": 5, ""hum"": 31.68204, ""gas_res"": 25000.0}, {""temp"": 24.37456, ""step"": 9, ""status"": 1, ""pres"": 978.41, ""meas_profile"": ""HP-4"", ""meas_id"": 4, ""hum"": 31.24668, ""gas_res"": 25000.0}, {""temp"": 24.52734, ""step"": 9, ""status"": 1, ""pres"": 978.0142, ""meas_profile"": ""HP-3"", ""meas_id"": 3, ""hum"": 31.62487, ""gas_res"": 9598.08}, {""temp"": 24.43725, ""step"": 9, ""status"": 1, ""pres"": 978.1473, ""meas_profile"": ""HP-2"", ""meas_id"": 2, ""hum"": 31.90331, ""gas_res"": 20291.69}, {""temp"": 24.22184, ""step"": 9, ""status"": 1, ""pres"": 978.2766, ""meas_profile"": ""HP-1"", ""meas_id"": 1, ""hum"": 31.30612, ""gas_res"": 9337.613}]}",NULL,"2025-10-29 12:31:09.335824"
15680,"04a600b9b0b8","2025-10-29 12:30:12","5JFh5wE2VqhS7laVp1zj","{""bme688"": [{""temp"": 24.67221, ""step"": 8, ""status"": 1, ""pres"": 978.3323, ""meas_profile"": ""HP-8"", ""meas_id"": 8, ""hum"": 31.73388, ""gas_res"": 6269.592}, {""temp"": 24.65524, ""step"": 8, ""status"": 1, ""pres"": 978.4639, ""meas_profile"": ""HP-7"", ""meas_id"": 7, ""hum"": 31.62786, ""gas_res"": 5888.848}, {""temp"": 24.73453, ""step"": 8, ""status"": 1, ""pres"": 978.6252, ""meas_profile"": ""HP-6"", ""meas_id"": 6, ""hum"": 31.46233, ""gas_res"": 11404.13}, {""temp"": 24.65117, ""step"": 8, ""status"": 1, ""pres"": 978.3362, ""meas_profile"": ""HP-5"", ""meas_id"": 5, ""hum"": 31.67082, ""gas_res"": 25000.0}, {""temp"": 24.37362, ""step"": 8, ""status"": 1, ""pres"": 978.4099, ""meas_profile"": ""HP-4"", ""meas_id"": 4, ""hum"": 31.2466, ""gas_res"": 25000.0}, {""temp"": 24.52641, ""step"": 8, ""status"": 1, ""pres"": 978.0143, ""meas_profile"": ""HP-3"", ""meas_id"": 3, ""hum"": 31.62479, ""gas_res"": 9495.549}, {""temp"": 24.43601, ""step"": 8, ""status"": 1, ""pres"": 978.1469, ""meas_profile"": ""HP-2"", ""meas_id"": 2, ""hum"": 31.88642, ""gas_res"": 21157.03}, {""temp"": 24.2206, ""step"": 8, ""status"": 1, ""pres"": 978.2765, ""meas_profile"": ""HP-1"", ""meas_id"": 1, ""hum"": 31.30601, ""gas_res"": 9928.638}]}",NULL,"2025-10-29 12:31:10.803125"
15681,"04a600b9b0b8","2025-10-29 12:30:12","5JFh5wE2VqhS7laVp1zj","{""bme688"": [{""temp"": 24.67128, ""step"": 7, ""status"": 1, ""pres"": 978.3326, ""meas_profile"": ""HP-8"", ""meas_id"": 8, ""hum"": 31.71689, ""gas_res"": 6243.902}, {""temp"": 24.65431, ""step"": 7, ""status"": 1, ""pres"": 978.464, ""meas_profile"": ""HP-7"", ""meas_id"": 7, ""hum"": 31.62221, ""gas_res"": 5967.922}, {""temp"": 24.73392, ""step"": 7, ""status"": 1, ""pres"": 978.6259, ""meas_profile"": ""HP-6"", ""meas_id"": 6, ""hum"": 31.46227, ""gas_res"": 11465.42}, {""temp"": 24.65054, ""step"": 7, ""status"": 1, ""pres"": 978.337, ""meas_profile"": ""HP-5"", ""meas_id"": 5, ""hum"": 31.67076, ""gas_res"": 25000.0}, {""temp"": 24.37238, ""step"": 7, ""status"": 1, ""pres"": 978.4113, ""meas_profile"": ""HP-4"", ""meas_id"": 4, ""hum"": 31.24649, ""gas_res"": 25000.0}, {""temp"": 24.52549, ""step"": 7, ""status"": 1, ""pres"": 978.0161, ""meas_profile"": ""HP-3"", ""meas_id"": 3, ""hum"": 31.62471, ""gas_res"": 9461.856}, {""temp"": 24.43508, ""step"": 7, ""status"": 1, ""pres"": 978.1487, ""meas_profile"": ""HP-2"", ""meas_id"": 2, ""hum"": 31.88634, ""gas_res"": 20887.73}, {""temp"": 24.21966, ""step"": 7, ""status"": 1, ""pres"": 978.2787, ""meas_profile"": ""HP-1"", ""meas_id"": 1, ""hum"": 31.30593, ""gas_res"": 10165.18}]}",NULL,"2025-10-29 12:31:11.89688"
15682,"04a600b9b0b8","2025-10-29 12:30:12","5JFh5wE2VqhS7laVp1zj","{""bme688"": [{""temp"": 24.67066, ""step"": 6, ""status"": 1, ""pres"": 978.3336, ""meas_profile"": ""HP-8"", ""meas_id"": 8, ""hum"": 31.69993, ""gas_res"": 18691.59}, {""temp"": 24.65369, ""step"": 6, ""status"": 1, ""pres"": 978.4663, ""meas_profile"": ""HP-7"", ""meas_id"": 7, ""hum"": 31.61658, ""gas_res"": 25000.0}, {""temp"": 24.73299, ""step"": 6, ""status"": 1, ""pres"": 978.6262, ""meas_profile"": ""HP-6"", ""meas_id"": 6, ""hum"": 31.45654, ""gas_res"": 81476.77}, {""temp"": 24.64992, ""step"": 6, ""status"": 1, ""pres"": 978.3376, ""meas_profile"": ""HP-5"", ""meas_id"": 5, ""hum"": 31.65954, ""gas_res"": 184438.0}, {""temp"": 24.37176, ""step"": 6, ""status"": 1, ""pres"": 978.4119, ""meas_profile"": ""HP-4"", ""meas_id"": 4, ""hum"": 31.24078, ""gas_res"": 173736.0}, {""temp"": 24.52425, ""step"": 6, ""status"": 1, ""pres"": 978.0159, ""meas_profile"": ""HP-3"", ""meas_id"": 3, ""hum"": 31.6133, ""gas_res"": 97896.75}, {""temp"": 24.43415, ""step"": 6, ""status"": 1, ""pres"": 978.1504, ""meas_profile"": ""HP-2"", ""meas_id"": 2, ""hum"": 31.89185, ""gas_res"": 165321.3}, {""temp"": 24.21842, ""step"": 6, ""status"": 1, ""pres"": 978.2787, ""meas_profile"": ""HP-1"", ""meas_id"": 1, ""hum"": 31.31159, ""gas_res"": 125829.4}]}",NULL,"2025-10-29 12:31:13.17452"
15683,"04a600b9b0b8","2025-10-29 12:30:12","5JFh5wE2VqhS7laVp1zj","{""bme688"": [{""temp"": 24.66973, ""step"": 5, ""status"": 1, ""pres"": 978.3337, ""meas_profile"": ""HP-8"", ""meas_id"": 8, ""hum"": 31.69421, ""gas_res"": 18593.84}, {""temp"": 24.65307, ""step"": 5, ""status"": 1, ""pres"": 978.467, ""meas_profile"": ""HP-7"", ""meas_id"": 7, ""hum"": 31.6221, ""gas_res"": 25000.0}, {""temp"": 24.73206, ""step"": 5, ""status"": 1, ""pres"": 978.6281, ""meas_profile"": ""HP-6"", ""meas_id"": 6, ""hum"": 31.43951, ""gas_res"": 82024.99}, {""temp"": 24.64929, ""step"": 5, ""status"": 1, ""pres"": 978.3399, ""meas_profile"": ""HP-5"", ""meas_id"": 5, ""hum"": 31.66507, ""gas_res"": 185843.9}, {""temp"": 24.37083, ""step"": 5, ""status"": 1, ""pres"": 978.4122, ""meas_profile"": ""HP-4"", ""meas_id"": 4, ""hum"": 31.25201, ""gas_res"": 174982.9}, {""temp"": 24.52301, ""step"": 5, ""status"": 1, ""pres"": 978.0154, ""meas_profile"": ""HP-3"", ""meas_id"": 3, ""hum"": 31.61319, ""gas_res"": 96512.73}, {""temp"": 24.4329, ""step"": 5, ""status"": 1, ""pres"": 978.1501, ""meas_profile"": ""HP-2"", ""meas_id"": 2, ""hum"": 31.88615, ""gas_res"": 163735.2}, {""temp"": 24.21686, ""step"": 5, ""status"": 1, ""pres"": 978.2798, ""meas_profile"": ""HP-1"", ""meas_id"": 1, ""hum"": 31.30568, ""gas_res"": 123017.8}]}",NULL,"2025-10-29 12:31:14.455973"
15684,"04a600b9b0b8","2025-10-29 12:30:12","5JFh5wE2VqhS7laVp1zj","{""bme688"": [{""temp"": 24.66881, ""step"": 4, ""status"": 1, ""pres"": 978.334, ""meas_profile"": ""HP-8"", ""meas_id"": 8, ""hum"": 31.71103, ""gas_res"": 18497.11}, {""temp"": 24.65245, ""step"": 4, ""status"": 1, ""pres"": 978.4695, ""meas_profile"": ""HP-7"", ""meas_id"": 7, ""hum"": 31.62761, ""gas_res"": 25000.0}, {""temp"": 24.73114, ""step"": 4, ""status"": 1, ""pres"": 978.6285, ""meas_profile"": ""HP-6"", ""meas_id"": 6, ""hum"": 31.46202, ""gas_res"": 83306.22}, {""temp"": 24.64835, ""step"": 4, ""status"": 1, ""pres"": 978.3402, ""meas_profile"": ""HP-5"", ""meas_id"": 5, ""hum"": 31.67057, ""gas_res"": 239308.3}, {""temp"": 24.3699, ""step"": 4, ""status"": 1, ""pres"": 978.4139, ""meas_profile"": ""HP-4"", ""meas_id"": 4, ""hum"": 31.25758, ""gas_res"": 177716.1}, {""temp"": 24.52178, ""step"": 4, ""status"": 1, ""pres"": 978.0168, ""meas_profile"": ""HP-3"", ""meas_id"": 3, ""hum"": 31.61873, ""gas_res"": 94955.49}, {""temp"": 24.43197, ""step"": 4, ""status"": 1, ""pres"": 978.1504, ""meas_profile"": ""HP-2"", ""meas_id"": 2, ""hum"": 31.89165, ""gas_res"": 162025.3}, {""temp"": 24.21562, ""step"": 4, ""status"": 1, ""pres"": 978.2798, ""meas_profile"": ""HP-1"", ""meas_id"": 1, ""hum"": 31.31712, ""gas_res"": 120584.1}]}",NULL,"2025-10-29 12:31:15.923325"
15685,"04a600b9b0b8","2025-10-29 12:30:12","5JFh5wE2VqhS7laVp1zj","{""bme688"": [{""temp"": 24.66788, ""step"": 3, ""status"": 0, ""pres"": 978.3344, ""meas_profile"": ""HP-8"", ""meas_id"": 8, ""hum"": 31.72223, ""gas_res"": 9445.101}, {""temp"": 24.65152, ""step"": 3, ""status"": 0, ""pres"": 978.4696, ""meas_profile"": ""HP-7"", ""meas_id"": 7, ""hum"": 31.64425, ""gas_res"": 12146.52}, {""temp"": 24.7299, ""step"": 3, ""status"": 0, ""pres"": 978.6281, ""meas_profile"": ""HP-6"", ""meas_id"": 6, ""hum"": 31.47321, ""gas_res"": 27935.4}, {""temp"": 24.64742, ""step"": 3, ""status"": 0, ""pres"": 978.3403, ""meas_profile"": ""HP-5"", ""meas_id"": 5, ""hum"": 31.67607, ""gas_res"": 61112.44}, {""temp"": 24.36834, ""step"": 3, ""status"": 0, ""pres"": 978.413, ""meas_profile"": ""HP-4"", ""meas_id"": 4, ""hum"": 31.2631, ""gas_res"": 54065.47}, {""temp"": 24.52054, ""step"": 3, ""status"": 0, ""pres"": 978.0183, ""meas_profile"": ""HP-3"", ""meas_id"": 3, ""hum"": 31.63558, ""gas_res"": 37613.87}, {""temp"": 24.43042, ""step"": 3, ""status"": 0, ""pres"": 978.151, ""meas_profile"": ""HP-2"", ""meas_id"": 2, ""hum"": 31.90829, ""gas_res"": 61597.69}, {""temp"": 24.21437, ""step"": 3, ""status"": 0, ""pres"": 978.2815, ""meas_profile"": ""HP-1"", ""meas_id"": 1, ""hum"": 31.32856, ""gas_res"": 39603.96}]}",NULL,"2025-10-29 12:31:17.01581"
15686,"04a600b9b0b8","2025-10-29 12:30:12","5JFh5wE2VqhS7laVp1zj","{""bme688"": [{""temp"": 24.66726, ""step"": 2, ""status"": 1, ""pres"": 978.337, ""meas_profile"": ""HP-8"", ""meas_id"": 8, ""hum"": 31.72217, ""gas_res"": 18610.06}, {""temp"": 24.65059, ""step"": 2, ""status"": 1, ""pres"": 978.4714, ""meas_profile"": ""HP-7"", ""meas_id"": 7, ""hum"": 31.6386, ""gas_res"": 25241.57}, {""temp"": 24.72898, ""step"": 2, ""status"": 1, ""pres"": 978.6284, ""meas_profile"": ""HP-6"", ""meas_id"": 6, ""hum"": 31.46184, ""gas_res"": 67173.97}, {""temp"": 24.64648, ""step"": 2, ""status"": 1, ""pres"": 978.3405, ""meas_profile"": ""HP-5"", ""meas_id"": 5, ""hum"": 31.68716, ""gas_res"": 145702.9}, {""temp"": 24.3671, ""step"": 2, ""status"": 1, ""pres"": 978.4143, ""meas_profile"": ""HP-4"", ""meas_id"": 4, ""hum"": 31.25168, ""gas_res"": 168754.1}, {""temp"": 24.5193, ""step"": 2, ""status"": 1, ""pres"": 978.0178, ""meas_profile"": ""HP-3"", ""meas_id"": 3, ""hum"": 31.64112, ""gas_res"": 94587.1}, {""temp"": 24.42918, ""step"": 2, ""status"": 1, ""pres"": 978.1508, ""meas_profile"": ""HP-2"", ""meas_id"": 2, ""hum"": 31.90818, ""gas_res"": 174446.3}, {""temp"": 24.21313, ""step"": 2, ""status"": 1, ""pres"": 978.2813, ""meas_profile"": ""HP-1"", ""meas_id"": 1, ""hum"": 31.32267, ""gas_res"": 124453.1}]}",NULL,"2025-10-29 12:31:18.294157"
15687,"04a600b9b0b8","2025-10-29 12:30:12","5JFh5wE2VqhS7laVp1zj","{""bme688"": [{""temp"": 24.66665, ""step"": 1, ""status"": 1, ""pres"": 978.3378, ""meas_profile"": ""HP-8"", ""meas_id"": 8, ""hum"": 31.72212, ""gas_res"": 10958.9}, {""temp"": 24.64965, ""step"": 1, ""status"": 1, ""pres"": 978.4716, ""meas_profile"": ""HP-7"", ""meas_id"": 7, ""hum"": 31.64408, ""gas_res"": 19076.01}, {""temp"": 24.72836, ""step"": 1, ""status"": 1, ""pres"": 978.6308, ""meas_profile"": ""HP-6"", ""meas_id"": 6, ""hum"": 31.46743, ""gas_res"": 26413.54}, {""temp"": 24.64554, ""step"": 1, ""status"": 1, ""pres"": 978.3423, ""meas_profile"": ""HP-5"", ""meas_id"": 5, ""hum"": 31.68149, ""gas_res"": 98918.09}, {""temp"": 24.36648, ""step"": 1, ""status"": 1, ""pres"": 978.4148, ""meas_profile"": ""HP-4"", ""meas_id"": 4, ""hum"": 31.26294, ""gas_res"": 100000.0}, {""temp"": 24.51868, ""step"": 1, ""status"": 1, ""pres"": 978.0186, ""meas_profile"": ""HP-3"", ""meas_id"": 3, ""hum"": 31.64107, ""gas_res"": 31714.57}, {""temp"": 24.42794, ""step"": 1, ""status"": 1, ""pres"": 978.1523, ""meas_profile"": ""HP-2"", ""meas_id"": 2, ""hum"": 31.92485, ""gas_res"": 100000.0}, {""temp"": 24.21188, ""step"": 1, ""status"": 1, ""pres"": 978.2813, ""meas_profile"": ""HP-1"", ""meas_id"": 1, ""hum"": 31.33412, ""gas_res"": 35049.29}]}",NULL,"2025-10-29 12:31:19.574861"
15688,"04a600b9b0b8","2025-10-29 12:30:12","5JFh5wE2VqhS7laVp1zj","{""bme688"": [{""temp"": 24.66603, ""step"": 0, ""status"": 1, ""pres"": 978.3367, ""meas_profile"": ""HP-8"", ""meas_id"": 8, ""hum"": 31.69952, ""gas_res"": 6574.892}, {""temp"": 24.64872, ""step"": 0, ""status"": 1, ""pres"": 978.4734, ""meas_profile"": ""HP-7"", ""meas_id"": 7, ""hum"": 31.63286, ""gas_res"": 6363.094}, {""temp"": 24.72743, ""step"": 0, ""status"": 1, ""pres"": 978.6311, ""meas_profile"": ""HP-6"", ""meas_id"": 6, ""hum"": 31.45605, ""gas_res"": 17283.28}, {""temp"": 24.64491, ""step"": 0, ""status"": 1, ""pres"": 978.343, ""meas_profile"": ""HP-5"", ""meas_id"": 5, ""hum"": 31.6926, ""gas_res"": 25000.0}, {""temp"": 24.36555, ""step"": 0, ""status"": 1, ""pres"": 978.415, ""meas_profile"": ""HP-4"", ""meas_id"": 4, ""hum"": 31.26286, ""gas_res"": 25000.0}, {""temp"": 24.51776, ""step"": 0, ""status"": 1, ""pres"": 978.0204, ""meas_profile"": ""HP-3"", ""meas_id"": 3, ""hum"": 31.63533, ""gas_res"": 9345.794}, {""temp"": 24.42701, ""step"": 0, ""status"": 1, ""pres"": 978.1523, ""meas_profile"": ""HP-2"", ""meas_id"": 2, ""hum"": 31.8968, ""gas_res"": 20466.9}, {""temp"": 24.21095, ""step"": 0, ""status"": 1, ""pres"": 978.2834, ""meas_profile"": ""HP-1"", ""meas_id"": 1, ""hum"": 31.33981, ""gas_res"": 9800.919}]}",NULL,"2025-10-29 12:31:21.044486"
15689,"04a600b9b0b8","2025-10-29 12:29:46","5JFh5wE2VqhS7laVp1zj","{""zphs01b"": {""voc"": 0, ""temp"": 22.5, ""pm2_5"": 0, ""pm1_0"": 0, ""pm10"": 302, ""o3"": 0.04, ""no2"": 9.25, ""hum"": 0, ""fmhd"": 0, ""co2"": 5000, ""co"": 0.0}, ""smell_b"": {}, ""sfa30"": {""temp"": 24.655, ""hum"": 34.43, ""fmhd"": 0.8}, ""sen5x"": {""voc"": 97.0, ""temp"": 24.545, ""pm4_0"": 4461.7, ""pm2_5"": 4461.7, ""pm1_0"": 4254.5, ""pm10"": 4461.7, ""nox"": 1.0, ""mass_c"": 4409.9, ""hum"": 39.76}, ""scd41"": {""temp"": 24.35378, ""hum"": 42.47501, ""co2"": 645}, ""power_source"": 0, ""mics6814"": {""red_res"": 0, ""no2_res"": 0, ""no2"": 0.17, ""nh3_res"": 0, ""nh3"": 0.73, ""co_res"": 0, ""co"": 44.0}}",NULL,"2025-10-29 12:31:22.032878"
15690,"04a600b9b0b8","2025-10-29 12:29:46","5JFh5wE2VqhS7laVp1zj","{""bme688"": [{""temp"": 24.6651, ""step"": 9, ""status"": 1, ""pres"": 978.337, ""meas_profile"": ""HP-8"", ""meas_id"": 8, ""hum"": 31.68816, ""gas_res"": 5774.089}, {""temp"": 24.6481, ""step"": 9, ""status"": 1, ""pres"": 978.4741, ""meas_profile"": ""HP-7"", ""meas_id"": 7, ""hum"": 31.61609, ""gas_res"": 7436.672}, {""temp"": 24.72682, ""step"": 9, ""status"": 1, ""pres"": 978.6317, ""meas_profile"": ""HP-6"", ""meas_id"": 6, ""hum"": 31.4334, ""gas_res"": 10382.87}, {""temp"": 24.64429, ""step"": 9, ""status"": 1, ""pres"": 978.3438, ""meas_profile"": ""HP-5"", ""meas_id"": 5, ""hum"": 31.65345, ""gas_res"": 25000.0}, {""temp"": 24.36462, ""step"": 9, ""status"": 1, ""pres"": 978.4152, ""meas_profile"": ""HP-4"", ""meas_id"": 4, ""hum"": 31.22321, ""gas_res"": 25000.0}, {""temp"": 24.51683, ""step"": 9, ""status"": 1, ""pres"": 978.0204, ""meas_profile"": ""HP-3"", ""meas_id"": 3, ""hum"": 31.60699, ""gas_res"": 9006.474}, {""temp"": 24.42576, ""step"": 9, ""status"": 1, ""pres"": 978.152, ""meas_profile"": ""HP-2"", ""meas_id"": 2, ""hum"": 31.89669, ""gas_res"": 18890.2}, {""temp"": 24.21001, ""step"": 9, ""status"": 1, ""pres"": 978.2837, ""meas_profile"": ""HP-1"", ""meas_id"": 1, ""hum"": 31.31663, ""gas_res"": 8719.346}]}",NULL,"2025-10-29 12:31:23.418968"
15691,"04a600b9b0b8","2025-10-29 12:29:46","5JFh5wE2VqhS7laVp1zj","{""bme688"": [{""temp"": 24.66449, ""step"": 8, ""status"": 1, ""pres"": 978.3378, ""meas_profile"": ""HP-8"", ""meas_id"": 8, ""hum"": 31.69938, ""gas_res"": 6203.955}, {""temp"": 24.64717, ""step"": 8, ""status"": 1, ""pres"": 978.4742, ""meas_profile"": ""HP-7"", ""meas_id"": 7, ""hum"": 31.61601, ""gas_res"": 7595.538}, {""temp"": 24.7262, ""step"": 8, ""status"": 1, ""pres"": 978.6326, ""meas_profile"": ""HP-6"", ""meas_id"": 6, ""hum"": 31.43335, ""gas_res"": 10781.67}, {""temp"": 24.64366, ""step"": 8, ""status"": 1, ""pres"": 978.3443, ""meas_profile"": ""HP-5"", ""meas_id"": 5, ""hum"": 31.65899, ""gas_res"": 25000.0}, {""temp"": 24.36368, ""step"": 8, ""status"": 1, ""pres"": 978.4171, ""meas_profile"": ""HP-4"", ""meas_id"": 4, ""hum"": 31.23442, ""gas_res"": 25000.0}, {""temp"": 24.5159, ""step"": 8, ""status"": 1, ""pres"": 978.0208, ""meas_profile"": ""HP-3"", ""meas_id"": 3, ""hum"": 31.61821, ""gas_res"": 8798.46}, {""temp"": 24.42514, ""step"": 8, ""status"": 1, ""pres"": 978.1544, ""meas_profile"": ""HP-2"", ""meas_id"": 2, ""hum"": 31.88546, ""gas_res"": 19041.95}, {""temp"": 24.20908, ""step"": 8, ""status"": 1, ""pres"": 978.2859, ""meas_profile"": ""HP-1"", ""meas_id"": 1, ""hum"": 31.32233, ""gas_res"": 9208.633}]}",NULL,"2025-10-29 12:31:24.710834"
15692,"04a600b9b0b8","2025-10-29 12:29:46","5JFh5wE2VqhS7laVp1zj","{""bme688"": [{""temp"": 24.66356, ""step"": 7, ""status"": 1, ""pres"": 978.3399, ""meas_profile"": ""HP-8"", ""meas_id"": 8, ""hum"": 31.67676, ""gas_res"": 6232.957}, {""temp"": 24.64624, ""step"": 7, ""status"": 1, ""pres"": 978.4761, ""meas_profile"": ""HP-7"", ""meas_id"": 7, ""hum"": 31.61035, ""gas_res"": 7568.59}, {""temp"": 24.72558, ""step"": 7, ""status"": 1, ""pres"": 978.635, ""meas_profile"": ""HP-6"", ""meas_id"": 6, ""hum"": 31.422, ""gas_res"": 10781.67}, {""temp"": 24.64304, ""step"": 7, ""status"": 1, ""pres"": 978.3451, ""meas_profile"": ""HP-5"", ""meas_id"": 5, ""hum"": 31.65893, ""gas_res"": 25000.0}, {""temp"": 24.36306, ""step"": 7, ""status"": 1, ""pres"": 978.4177, ""meas_profile"": ""HP-4"", ""meas_id"": 4, ""hum"": 31.22872, ""gas_res"": 25000.0}, {""temp"": 24.51497, ""step"": 7, ""status"": 1, ""pres"": 978.0226, ""meas_profile"": ""HP-3"", ""meas_id"": 3, ""hum"": 31.61247, ""gas_res"": 8733.624}, {""temp"": 24.42421, ""step"": 7, ""status"": 1, ""pres"": 978.1546, ""meas_profile"": ""HP-2"", ""meas_id"": 2, ""hum"": 31.89097, ""gas_res"": 18675.23}, {""temp"": 24.20815, ""step"": 7, ""status"": 1, ""pres"": 978.2863, ""meas_profile"": ""HP-1"", ""meas_id"": 1, ""hum"": 31.3107, ""gas_res"": 9305.03}]}",NULL,"2025-10-29 12:31:26.16542"
15693,"04a600b9b0b8","2025-10-29 12:29:46","5JFh5wE2VqhS7laVp1zj","{""bme688"": [{""temp"": 24.66263, ""step"": 6, ""status"": 1, ""pres"": 978.3402, ""meas_profile"": ""HP-8"", ""meas_id"": 8, ""hum"": 31.67668, ""gas_res"": 18790.37}, {""temp"": 24.64562, ""step"": 6, ""status"": 1, ""pres"": 978.4767, ""meas_profile"": ""HP-7"", ""meas_id"": 7, ""hum"": 31.60472, ""gas_res"": 25000.0}, {""temp"": 24.72466, ""step"": 6, ""status"": 1, ""pres"": 978.6351, ""meas_profile"": ""HP-6"", ""meas_id"": 6, ""hum"": 31.42756, ""gas_res"": 74700.91}, {""temp"": 24.64241, ""step"": 6, ""status"": 1, ""pres"": 978.3458, ""meas_profile"": ""HP-5"", ""meas_id"": 5, ""hum"": 31.63096, ""gas_res"": 164524.4}, {""temp"": 24.36213, ""step"": 6, ""status"": 1, ""pres"": 978.4177, ""meas_profile"": ""HP-4"", ""meas_id"": 4, ""hum"": 31.23994, ""gas_res"": 152064.2}, {""temp"": 24.51404, ""step"": 6, ""status"": 1, ""pres"": 978.0227, ""meas_profile"": ""HP-3"", ""meas_id"": 3, ""hum"": 31.62935, ""gas_res"": 100000.0}, {""temp"": 24.42297, ""step"": 6, ""status"": 1, ""pres"": 978.1559, ""meas_profile"": ""HP-2"", ""meas_id"": 2, ""hum"": 31.88526, ""gas_res"": 140659.3}, {""temp"": 24.2069, ""step"": 6, ""status"": 1, ""pres"": 978.288, ""meas_profile"": ""HP-1"", ""meas_id"": 1, ""hum"": 31.31636, ""gas_res"": 107247.6}]}",NULL,"2025-10-29 12:31:27.255937"
15694,"04a600b9b0b8","2025-10-29 12:29:46","5JFh5wE2VqhS7laVp1zj","{""bme688"": [{""temp"": 24.66171, ""step"": 5, ""status"": 1, ""pres"": 978.3405, ""meas_profile"": ""HP-8"", ""meas_id"": 8, ""hum"": 31.6935, ""gas_res"": 18873.49}, {""temp"": 24.64469, ""step"": 5, ""status"": 1, ""pres"": 978.4786, ""meas_profile"": ""HP-7"", ""meas_id"": 7, ""hum"": 31.61579, ""gas_res"": 25000.0}, {""temp"": 24.72373, ""step"": 5, ""status"": 1, ""pres"": 978.6355, ""meas_profile"": ""HP-6"", ""meas_id"": 6, ""hum"": 31.44443, ""gas_res"": 75095.34}, {""temp"": 24.64179, ""step"": 5, ""status"": 1, ""pres"": 978.3463, ""meas_profile"": ""HP-5"", ""meas_id"": 5, ""hum"": 31.66441, ""gas_res"": 165481.6}, {""temp"": 24.3612, ""step"": 5, ""status"": 1, ""pres"": 978.4196, ""meas_profile"": ""HP-4"", ""meas_id"": 4, ""hum"": 31.2116, ""gas_res"": 151121.6}, {""temp"": 24.51312, ""step"": 5, ""status"": 1, ""pres"": 978.0245, ""meas_profile"": ""HP-3"", ""meas_id"": 3, ""hum"": 31.59536, ""gas_res"": 100000.0}, {""temp"": 24.42204, ""step"": 5, ""status"": 1, ""pres"": 978.1561, ""meas_profile"": ""HP-2"", ""meas_id"": 2, ""hum"": 31.88518, ""gas_res"": 137045.0}, {""temp"": 24.20566, ""step"": 5, ""status"": 1, ""pres"": 978.2877, ""meas_profile"": ""HP-1"", ""meas_id"": 1, ""hum"": 31.31624, ""gas_res"": 104107.4}]}",NULL,"2025-10-29 12:31:28.536612"
15717,"04a600b9b0b8","2025-10-29 12:30:12","5JFh5wE2VqhS7laVp1zj","{""zphs01b"": {""voc"": 0, ""temp"": 22.6, ""pm2_5"": 0, ""pm1_0"": 0, ""pm10"": 288, ""o3"": 0.03, ""no2"": 10.0, ""hum"": 0, ""fmhd"": 0, ""co2"": 5000, ""co"": 0.0}, ""smell_b"": {}, ""sfa30"": {""temp"": 24.67, ""hum"": 34.45, ""fmhd"": 0.8}, ""sen5x"": {""voc"": 96.0, ""temp"": 24.53, ""pm4_0"": 4582.2, ""pm2_5"": 4582.2, ""pm1_0"": 4369.4, ""pm10"": 4582.2, ""nox"": 1.0, ""mass_c"": 4529.0, ""hum"": 39.88}, ""scd41"": {""temp"": 24.39117, ""hum"": 42.37125, ""co2"": 642}, ""power_source"": 0, ""mics6814"": {""red_res"": 0, ""no2_res"": 0, ""no2"": 0.17, ""nh3_res"": 0, ""nh3"": 0.73, ""co_res"": 0, ""co"": 44.0}}",NULL,"2025-10-29 12:37:11.665056"
15718,"04a600b9b0b8","2025-10-29 12:30:12","5JFh5wE2VqhS7laVp1zj","{""bme688"": [{""temp"": 24.67313, ""step"": 9, ""status"": 1, ""pres"": 978.3318, ""meas_profile"": ""HP-8"", ""meas_id"": 8, ""hum"": 31.70578, ""gas_res"": 5827.718}, {""temp"": 24.65618, ""step"": 9, ""status"": 1, ""pres"": 978.4637, ""meas_profile"": ""HP-7"", ""meas_id"": 7, ""hum"": 31.62794, ""gas_res"": 7584.736}, {""temp"": 24.73515, ""step"": 9, ""status"": 1, ""pres"": 978.6227, ""meas_profile"": ""HP-6"", ""meas_id"": 6, ""hum"": 31.47367, ""gas_res"": 10981.47}, {""temp"": 24.65179, ""step"": 9, ""status"": 1, ""pres"": 978.334, ""meas_profile"": ""HP-5"", ""meas_id"": 5, ""hum"": 31.68204, ""gas_res"": 25000.0}, {""temp"": 24.37456, ""step"": 9, ""status"": 1, ""pres"": 978.41, ""meas_profile"": ""HP-4"", ""meas_id"": 4, ""hum"": 31.24668, ""gas_res"": 25000.0}, {""temp"": 24.52734, ""step"": 9, ""status"": 1, ""pres"": 978.0142, ""meas_profile"": ""HP-3"", ""meas_id"": 3, ""hum"": 31.62487, ""gas_res"": 9598.08}, {""temp"": 24.43725, ""step"": 9, ""status"": 1, ""pres"": 978.1473, ""meas_profile"": ""HP-2"", ""meas_id"": 2, ""hum"": 31.90331, ""gas_res"": 20291.69}, {""temp"": 24.22184, ""step"": 9, ""status"": 1, ""pres"": 978.2766, ""meas_profile"": ""HP-1"", ""meas_id"": 1, ""hum"": 31.30612, ""gas_res"": 9337.613}]}",NULL,"2025-10-29 12:37:12.339108"
15719,"04a600b9b0b8","2025-10-29 12:30:12","5JFh5wE2VqhS7laVp1zj","{""bme688"": [{""temp"": 24.67221, ""step"": 8, ""status"": 1, ""pres"": 978.3323, ""meas_profile"": ""HP-8"", ""meas_id"": 8, ""hum"": 31.73388, ""gas_res"": 6269.592}, {""temp"": 24.65524, ""step"": 8, ""status"": 1, ""pres"": 978.4639, ""meas_profile"": ""HP-7"", ""meas_id"": 7, ""hum"": 31.62786, ""gas_res"": 5888.848}, {""temp"": 24.73453, ""step"": 8, ""status"": 1, ""pres"": 978.6252, ""meas_profile"": ""HP-6"", ""meas_id"": 6, ""hum"": 31.46233, ""gas_res"": 11404.13}, {""temp"": 24.65117, ""step"": 8, ""status"": 1, ""pres"": 978.3362, ""meas_profile"": ""HP-5"", ""meas_id"": 5, ""hum"": 31.67082, ""gas_res"": 25000.0}, {""temp"": 24.37362, ""step"": 8, ""status"": 1, ""pres"": 978.4099, ""meas_profile"": ""HP-4"", ""meas_id"": 4, ""hum"": 31.2466, ""gas_res"": 25000.0}, {""temp"": 24.52641, ""step"": 8, ""status"": 1, ""pres"": 978.0143, ""meas_profile"": ""HP-3"", ""meas_id"": 3, ""hum"": 31.62479, ""gas_res"": 9495.549}, {""temp"": 24.43601, ""step"": 8, ""status"": 1, ""pres"": 978.1469, ""meas_profile"": ""HP-2"", ""meas_id"": 2, ""hum"": 31.88642, ""gas_res"": 21157.03}, {""temp"": 24.2206, ""step"": 8, ""status"": 1, ""pres"": 978.2765, ""meas_profile"": ""HP-1"", ""meas_id"": 1, ""hum"": 31.30601, ""gas_res"": 9928.638}]}",NULL,"2025-10-29 12:37:12.997143"
15720,"04a600b9b0b8","2025-10-29 12:30:12","5JFh5wE2VqhS7laVp1zj","{""bme688"": [{""temp"": 24.67128, ""step"": 7, ""status"": 1, ""pres"": 978.3326, ""meas_profile"": ""HP-8"", ""meas_id"": 8, ""hum"": 31.71689, ""gas_res"": 6243.902}, {""temp"": 24.65431, ""step"": 7, ""status"": 1, ""pres"": 978.464, ""meas_profile"": ""HP-7"", ""meas_id"": 7, ""hum"": 31.62221, ""gas_res"": 5967.922}, {""temp"": 24.73392, ""step"": 7, ""status"": 1, ""pres"": 978.6259, ""meas_profile"": ""HP-6"", ""meas_id"": 6, ""hum"": 31.46227, ""gas_res"": 11465.42}, {""temp"": 24.65054, ""step"": 7, ""status"": 1, ""pres"": 978.337, ""meas_profile"": ""HP-5"", ""meas_id"": 5, ""hum"": 31.67076, ""gas_res"": 25000.0}, {""temp"": 24.37238, ""step"": 7, ""status"": 1, ""pres"": 978.4113, ""meas_profile"": ""HP-4"", ""meas_id"": 4, ""hum"": 31.24649, ""gas_res"": 25000.0}, {""temp"": 24.52549, ""step"": 7, ""status"": 1, ""pres"": 978.0161, ""meas_profile"": ""HP-3"", ""meas_id"": 3, ""hum"": 31.62471, ""gas_res"": 9461.856}, {""temp"": 24.43508, ""step"": 7, ""status"": 1, ""pres"": 978.1487, ""meas_profile"": ""HP-2"", ""meas_id"": 2, ""hum"": 31.88634, ""gas_res"": 20887.73}, {""temp"": 24.21966, ""step"": 7, ""status"": 1, ""pres"": 978.2787, ""meas_profile"": ""HP-1"", ""meas_id"": 1, ""hum"": 31.30593, ""gas_res"": 10165.18}]}",NULL,"2025-10-29 12:37:13.653368"
15721,"04a600b9b0b8","2025-10-29 12:30:12","5JFh5wE2VqhS7laVp1zj","{""bme688"": [{""temp"": 24.67066, ""step"": 6, ""status"": 1, ""pres"": 978.3336, ""meas_profile"": ""HP-8"", ""meas_id"": 8, ""hum"": 31.69993, ""gas_res"": 18691.59}, {""temp"": 24.65369, ""step"": 6, ""status"": 1, ""pres"": 978.4663, ""meas_profile"": ""HP-7"", ""meas_id"": 7, ""hum"": 31.61658, ""gas_res"": 25000.0}, {""temp"": 24.73299, ""step"": 6, ""status"": 1, ""pres"": 978.6262, ""meas_profile"": ""HP-6"", ""meas_id"": 6, ""hum"": 31.45654, ""gas_res"": 81476.77}, {""temp"": 24.64992, ""step"": 6, ""status"": 1, ""pres"": 978.3376, ""meas_profile"": ""HP-5"", ""meas_id"": 5, ""hum"": 31.65954, ""gas_res"": 184438.0}, {""temp"": 24.37176, ""step"": 6, ""status"": 1, ""pres"": 978.4119, ""meas_profile"": ""HP-4"", ""meas_id"": 4, ""hum"": 31.24078, ""gas_res"": 173736.0}, {""temp"": 24.52425, ""step"": 6, ""status"": 1, ""pres"": 978.0159, ""meas_profile"": ""HP-3"", ""meas_id"": 3, ""hum"": 31.6133, ""gas_res"": 97896.75}, {""temp"": 24.43415, ""step"": 6, ""status"": 1, ""pres"": 978.1504, ""meas_profile"": ""HP-2"", ""meas_id"": 2, ""hum"": 31.89185, ""gas_res"": 165321.3}, {""temp"": 24.21842, ""step"": 6, ""status"": 1, ""pres"": 978.2787, ""meas_profile"": ""HP-1"", ""meas_id"": 1, ""hum"": 31.31159, ""gas_res"": 125829.4}]}",NULL,"2025-10-29 12:37:14.621334"
15722,"04a600b9b0b8","2025-10-29 12:30:12","5JFh5wE2VqhS7laVp1zj","{""bme688"": [{""temp"": 24.66973, ""step"": 5, ""status"": 1, ""pres"": 978.3337, ""meas_profile"": ""HP-8"", ""meas_id"": 8, ""hum"": 31.69421, ""gas_res"": 18593.84}, {""temp"": 24.65307, ""step"": 5, ""status"": 1, ""pres"": 978.467, ""meas_profile"": ""HP-7"", ""meas_id"": 7, ""hum"": 31.6221, ""gas_res"": 25000.0}, {""temp"": 24.73206, ""step"": 5, ""status"": 1, ""pres"": 978.6281, ""meas_profile"": ""HP-6"", ""meas_id"": 6, ""hum"": 31.43951, ""gas_res"": 82024.99}, {""temp"": 24.64929, ""step"": 5, ""status"": 1, ""pres"": 978.3399, ""meas_profile"": ""HP-5"", ""meas_id"": 5, ""hum"": 31.66507, ""gas_res"": 185843.9}, {""temp"": 24.37083, ""step"": 5, ""status"": 1, ""pres"": 978.4122, ""meas_profile"": ""HP-4"", ""meas_id"": 4, ""hum"": 31.25201, ""gas_res"": 174982.9}, {""temp"": 24.52301, ""step"": 5, ""status"": 1, ""pres"": 978.0154, ""meas_profile"": ""HP-3"", ""meas_id"": 3, ""hum"": 31.61319, ""gas_res"": 96512.73}, {""temp"": 24.4329, ""step"": 5, ""status"": 1, ""pres"": 978.1501, ""meas_profile"": ""HP-2"", ""meas_id"": 2, ""hum"": 31.88615, ""gas_res"": 163735.2}, {""temp"": 24.21686, ""step"": 5, ""status"": 1, ""pres"": 978.2798, ""meas_profile"": ""HP-1"", ""meas_id"": 1, ""hum"": 31.30568, ""gas_res"": 123017.8}]}",NULL,"2025-10-29 12:37:15.326738"
15723,"04a600b9b0b8","2025-10-29 12:30:12","5JFh5wE2VqhS7laVp1zj","{""bme688"": [{""temp"": 24.66881, ""step"": 4, ""status"": 1, ""pres"": 978.334, ""meas_profile"": ""HP-8"", ""meas_id"": 8, ""hum"": 31.71103, ""gas_res"": 18497.11}, {""temp"": 24.65245, ""step"": 4, ""status"": 1, ""pres"": 978.4695, ""meas_profile"": ""HP-7"", ""meas_id"": 7, ""hum"": 31.62761, ""gas_res"": 25000.0}, {""temp"": 24.73114, ""step"": 4, ""status"": 1, ""pres"": 978.6285, ""meas_profile"": ""HP-6"", ""meas_id"": 6, ""hum"": 31.46202, ""gas_res"": 83306.22}, {""temp"": 24.64835, ""step"": 4, ""status"": 1, ""pres"": 978.3402, ""meas_profile"": ""HP-5"", ""meas_id"": 5, ""hum"": 31.67057, ""gas_res"": 239308.3}, {""temp"": 24.3699, ""step"": 4, ""status"": 1, ""pres"": 978.4139, ""meas_profile"": ""HP-4"", ""meas_id"": 4, ""hum"": 31.25758, ""gas_res"": 177716.1}, {""temp"": 24.52178, ""step"": 4, ""status"": 1, ""pres"": 978.0168, ""meas_profile"": ""HP-3"", ""meas_id"": 3, ""hum"": 31.61873, ""gas_res"": 94955.49}, {""temp"": 24.43197, ""step"": 4, ""status"": 1, ""pres"": 978.1504, ""meas_profile"": ""HP-2"", ""meas_id"": 2, ""hum"": 31.89165, ""gas_res"": 162025.3}, {""temp"": 24.21562, ""step"": 4, ""status"": 1, ""pres"": 978.2798, ""meas_profile"": ""HP-1"", ""meas_id"": 1, ""hum"": 31.31712, ""gas_res"": 120584.1}]}",NULL,"2025-10-29 12:37:16.021624"
15724,"04a600b9b0b8","2025-10-29 12:30:12","5JFh5wE2VqhS7laVp1zj","{""bme688"": [{""temp"": 24.66788, ""step"": 3, ""status"": 0, ""pres"": 978.3344, ""meas_profile"": ""HP-8"", ""meas_id"": 8, ""hum"": 31.72223, ""gas_res"": 9445.101}, {""temp"": 24.65152, ""step"": 3, ""status"": 0, ""pres"": 978.4696, ""meas_profile"": ""HP-7"", ""meas_id"": 7, ""hum"": 31.64425, ""gas_res"": 12146.52}, {""temp"": 24.7299, ""step"": 3, ""status"": 0, ""pres"": 978.6281, ""meas_profile"": ""HP-6"", ""meas_id"": 6, ""hum"": 31.47321, ""gas_res"": 27935.4}, {""temp"": 24.64742, ""step"": 3, ""status"": 0, ""pres"": 978.3403, ""meas_profile"": ""HP-5"", ""meas_id"": 5, ""hum"": 31.67607, ""gas_res"": 61112.44}, {""temp"": 24.36834, ""step"": 3, ""status"": 0, ""pres"": 978.413, ""meas_profile"": ""HP-4"", ""meas_id"": 4, ""hum"": 31.2631, ""gas_res"": 54065.47}, {""temp"": 24.52054, ""step"": 3, ""status"": 0, ""pres"": 978.0183, ""meas_profile"": ""HP-3"", ""meas_id"": 3, ""hum"": 31.63558, ""gas_res"": 37613.87}, {""temp"": 24.43042, ""step"": 3, ""status"": 0, ""pres"": 978.151, ""meas_profile"": ""HP-2"", ""meas_id"": 2, ""hum"": 31.90829, ""gas_res"": 61597.69}, {""temp"": 24.21437, ""step"": 3, ""status"": 0, ""pres"": 978.2815, ""meas_profile"": ""HP-1"", ""meas_id"": 1, ""hum"": 31.32856, ""gas_res"": 39603.96}]}",NULL,"2025-10-29 12:37:16.717385"
15725,"04a600b9b0b8","2025-10-29 12:30:12","5JFh5wE2VqhS7laVp1zj","{""bme688"": [{""temp"": 24.66726, ""step"": 2, ""status"": 1, ""pres"": 978.337, ""meas_profile"": ""HP-8"", ""meas_id"": 8, ""hum"": 31.72217, ""gas_res"": 18610.06}, {""temp"": 24.65059, ""step"": 2, ""status"": 1, ""pres"": 978.4714, ""meas_profile"": ""HP-7"", ""meas_id"": 7, ""hum"": 31.6386, ""gas_res"": 25241.57}, {""temp"": 24.72898, ""step"": 2, ""status"": 1, ""pres"": 978.6284, ""meas_profile"": ""HP-6"", ""meas_id"": 6, ""hum"": 31.46184, ""gas_res"": 67173.97}, {""temp"": 24.64648, ""step"": 2, ""status"": 1, ""pres"": 978.3405, ""meas_profile"": ""HP-5"", ""meas_id"": 5, ""hum"": 31.68716, ""gas_res"": 145702.9}, {""temp"": 24.3671, ""step"": 2, ""status"": 1, ""pres"": 978.4143, ""meas_profile"": ""HP-4"", ""meas_id"": 4, ""hum"": 31.25168, ""gas_res"": 168754.1}, {""temp"": 24.5193, ""step"": 2, ""status"": 1, ""pres"": 978.0178, ""meas_profile"": ""HP-3"", ""meas_id"": 3, ""hum"": 31.64112, ""gas_res"": 94587.1}, {""temp"": 24.42918, ""step"": 2, ""status"": 1, ""pres"": 978.1508, ""meas_profile"": ""HP-2"", ""meas_id"": 2, ""hum"": 31.90818, ""gas_res"": 174446.3}, {""temp"": 24.21313, ""step"": 2, ""status"": 1, ""pres"": 978.2813, ""meas_profile"": ""HP-1"", ""meas_id"": 1, ""hum"": 31.32267, ""gas_res"": 124453.1}]}",NULL,"2025-10-29 12:37:17.410264"
15726,"04a600b9b0b8","2025-10-29 12:30:12","5JFh5wE2VqhS7laVp1zj","{""bme688"": [{""temp"": 24.66665, ""step"": 1, ""status"": 1, ""pres"": 978.3378, ""meas_profile"": ""HP-8"", ""meas_id"": 8, ""hum"": 31.72212, ""gas_res"": 10958.9}, {""temp"": 24.64965, ""step"": 1, ""status"": 1, ""pres"": 978.4716, ""meas_profile"": ""HP-7"", ""meas_id"": 7, ""hum"": 31.64408, ""gas_res"": 19076.01}, {""temp"": 24.72836, ""step"": 1, ""status"": 1, ""pres"": 978.6308, ""meas_profile"": ""HP-6"", ""meas_id"": 6, ""hum"": 31.46743, ""gas_res"": 26413.54}, {""temp"": 24.64554, ""step"": 1, ""status"": 1, ""pres"": 978.3423, ""meas_profile"": ""HP-5"", ""meas_id"": 5, ""hum"": 31.68149, ""gas_res"": 98918.09}, {""temp"": 24.36648, ""step"": 1, ""status"": 1, ""pres"": 978.4148, ""meas_profile"": ""HP-4"", ""meas_id"": 4, ""hum"": 31.26294, ""gas_res"": 100000.0}, {""temp"": 24.51868, ""step"": 1, ""status"": 1, ""pres"": 978.0186, ""meas_profile"": ""HP-3"", ""meas_id"": 3, ""hum"": 31.64107, ""gas_res"": 31714.57}, {""temp"": 24.42794, ""step"": 1, ""status"": 1, ""pres"": 978.1523, ""meas_profile"": ""HP-2"", ""meas_id"": 2, ""hum"": 31.92485, ""gas_res"": 100000.0}, {""temp"": 24.21188, ""step"": 1, ""status"": 1, ""pres"": 978.2813, ""meas_profile"": ""HP-1"", ""meas_id"": 1, ""hum"": 31.33412, ""gas_res"": 35049.29}]}",NULL,"2025-10-29 12:37:18.085818"
15727,"04a600b9b0b8","2025-10-29 12:30:12","5JFh5wE2VqhS7laVp1zj","{""bme688"": [{""temp"": 24.66603, ""step"": 0, ""status"": 1, ""pres"": 978.3367, ""meas_profile"": ""HP-8"", ""meas_id"": 8, ""hum"": 31.69952, ""gas_res"": 6574.892}, {""temp"": 24.64872, ""step"": 0, ""status"": 1, ""pres"": 978.4734, ""meas_profile"": ""HP-7"", ""meas_id"": 7, ""hum"": 31.63286, ""gas_res"": 6363.094}, {""temp"": 24.72743, ""step"": 0, ""status"": 1, ""pres"": 978.6311, ""meas_profile"": ""HP-6"", ""meas_id"": 6, ""hum"": 31.45605, ""gas_res"": 17283.28}, {""temp"": 24.64491, ""step"": 0, ""status"": 1, ""pres"": 978.343, ""meas_profile"": ""HP-5"", ""meas_id"": 5, ""hum"": 31.6926, ""gas_res"": 25000.0}, {""temp"": 24.36555, ""step"": 0, ""status"": 1, ""pres"": 978.415, ""meas_profile"": ""HP-4"", ""meas_id"": 4, ""hum"": 31.26286, ""gas_res"": 25000.0}, {""temp"": 24.51776, ""step"": 0, ""status"": 1, ""pres"": 978.0204, ""meas_profile"": ""HP-3"", ""meas_id"": 3, ""hum"": 31.63533, ""gas_res"": 9345.794}, {""temp"": 24.42701, ""step"": 0, ""status"": 1, ""pres"": 978.1523, ""meas_profile"": ""HP-2"", ""meas_id"": 2, ""hum"": 31.8968, ""gas_res"": 20466.9}, {""temp"": 24.21095, ""step"": 0, ""status"": 1, ""pres"": 978.2834, ""meas_profile"": ""HP-1"", ""meas_id"": 1, ""hum"": 31.33981, ""gas_res"": 9800.919}]}",NULL,"2025-10-29 12:37:18.757047"
15728,"04a600b9b0b8","2025-10-29 12:29:46","5JFh5wE2VqhS7laVp1zj","{""zphs01b"": {""voc"": 0, ""temp"": 22.5, ""pm2_5"": 0, ""pm1_0"": 0, ""pm10"": 302, ""o3"": 0.04, ""no2"": 9.25, ""hum"": 0, ""fmhd"": 0, ""co2"": 5000, ""co"": 0.0}, ""smell_b"": {}, ""sfa30"": {""temp"": 24.655, ""hum"": 34.43, ""fmhd"": 0.8}, ""sen5x"": {""voc"": 97.0, ""temp"": 24.545, ""pm4_0"": 4461.7, ""pm2_5"": 4461.7, ""pm1_0"": 4254.5, ""pm10"": 4461.7, ""nox"": 1.0, ""mass_c"": 4409.9, ""hum"": 39.76}, ""scd41"": {""temp"": 24.35378, ""hum"": 42.47501, ""co2"": 645}, ""power_source"": 0, ""mics6814"": {""red_res"": 0, ""no2_res"": 0, ""no2"": 0.17, ""nh3_res"": 0, ""nh3"": 0.73, ""co_res"": 0, ""co"": 44.0}}",NULL,"2025-10-29 12:37:19.475882"
15729,"04a600b9b0b8","2025-10-29 12:29:46","5JFh5wE2VqhS7laVp1zj","{""bme688"": [{""temp"": 24.6651, ""step"": 9, ""status"": 1, ""pres"": 978.337, ""meas_profile"": ""HP-8"", ""meas_id"": 8, ""hum"": 31.68816, ""gas_res"": 5774.089}, {""temp"": 24.6481, ""step"": 9, ""status"": 1, ""pres"": 978.4741, ""meas_profile"": ""HP-7"", ""meas_id"": 7, ""hum"": 31.61609, ""gas_res"": 7436.672}, {""temp"": 24.72682, ""step"": 9, ""status"": 1, ""pres"": 978.6317, ""meas_profile"": ""HP-6"", ""meas_id"": 6, ""hum"": 31.4334, ""gas_res"": 10382.87}, {""temp"": 24.64429, ""step"": 9, ""status"": 1, ""pres"": 978.3438, ""meas_profile"": ""HP-5"", ""meas_id"": 5, ""hum"": 31.65345, ""gas_res"": 25000.0}, {""temp"": 24.36462, ""step"": 9, ""status"": 1, ""pres"": 978.4152, ""meas_profile"": ""HP-4"", ""meas_id"": 4, ""hum"": 31.22321, ""gas_res"": 25000.0}, {""temp"": 24.51683, ""step"": 9, ""status"": 1, ""pres"": 978.0204, ""meas_profile"": ""HP-3"", ""meas_id"": 3, ""hum"": 31.60699, ""gas_res"": 9006.474}, {""temp"": 24.42576, ""step"": 9, ""status"": 1, ""pres"": 978.152, ""meas_profile"": ""HP-2"", ""meas_id"": 2, ""hum"": 31.89669, ""gas_res"": 18890.2}, {""temp"": 24.21001, ""step"": 9, ""status"": 1, ""pres"": 978.2837, ""meas_profile"": ""HP-1"", ""meas_id"": 1, ""hum"": 31.31663, ""gas_res"": 8719.346}]}",NULL,"2025-10-29 12:37:20.133766"
15730,"04a600b9b0b8","2025-10-29 12:29:46","5JFh5wE2VqhS7laVp1zj","{""bme688"": [{""temp"": 24.66449, ""step"": 8, ""status"": 1, ""pres"": 978.3378, ""meas_profile"": ""HP-8"", ""meas_id"": 8, ""hum"": 31.69938, ""gas_res"": 6203.955}, {""temp"": 24.64717, ""step"": 8, ""status"": 1, ""pres"": 978.4742, ""meas_profile"": ""HP-7"", ""meas_id"": 7, ""hum"": 31.61601, ""gas_res"": 7595.538}, {""temp"": 24.7262, ""step"": 8, ""status"": 1, ""pres"": 978.6326, ""meas_profile"": ""HP-6"", ""meas_id"": 6, ""hum"": 31.43335, ""gas_res"": 10781.67}, {""temp"": 24.64366, ""step"": 8, ""status"": 1, ""pres"": 978.3443, ""meas_profile"": ""HP-5"", ""meas_id"": 5, ""hum"": 31.65899, ""gas_res"": 25000.0}, {""temp"": 24.36368, ""step"": 8, ""status"": 1, ""pres"": 978.4171, ""meas_profile"": ""HP-4"", ""meas_id"": 4, ""hum"": 31.23442, ""gas_res"": 25000.0}, {""temp"": 24.5159, ""step"": 8, ""status"": 1, ""pres"": 978.0208, ""meas_profile"": ""HP-3"", ""meas_id"": 3, ""hum"": 31.61821, ""gas_res"": 8798.46}, {""temp"": 24.42514, ""step"": 8, ""status"": 1, ""pres"": 978.1544, ""meas_profile"": ""HP-2"", ""meas_id"": 2, ""hum"": 31.88546, ""gas_res"": 19041.95}, {""temp"": 24.20908, ""step"": 8, ""status"": 1, ""pres"": 978.2859, ""meas_profile"": ""HP-1"", ""meas_id"": 1, ""hum"": 31.32233, ""gas_res"": 9208.633}]}",NULL,"2025-10-29 12:37:20.77434"
15731,"04a600b9b0b8","2025-10-29 12:29:46","5JFh5wE2VqhS7laVp1zj","{""bme688"": [{""temp"": 24.66356, ""step"": 7, ""status"": 1, ""pres"": 978.3399, ""meas_profile"": ""HP-8"", ""meas_id"": 8, ""hum"": 31.67676, ""gas_res"": 6232.957}, {""temp"": 24.64624, ""step"": 7, ""status"": 1, ""pres"": 978.4761, ""meas_profile"": ""HP-7"", ""meas_id"": 7, ""hum"": 31.61035, ""gas_res"": 7568.59}, {""temp"": 24.72558, ""step"": 7, ""status"": 1, ""pres"": 978.635, ""meas_profile"": ""HP-6"", ""meas_id"": 6, ""hum"": 31.422, ""gas_res"": 10781.67}, {""temp"": 24.64304, ""step"": 7, ""status"": 1, ""pres"": 978.3451, ""meas_profile"": ""HP-5"", ""meas_id"": 5, ""hum"": 31.65893, ""gas_res"": 25000.0}, {""temp"": 24.36306, ""step"": 7, ""status"": 1, ""pres"": 978.4177, ""meas_profile"": ""HP-4"", ""meas_id"": 4, ""hum"": 31.22872, ""gas_res"": 25000.0}, {""temp"": 24.51497, ""step"": 7, ""status"": 1, ""pres"": 978.0226, ""meas_profile"": ""HP-3"", ""meas_id"": 3, ""hum"": 31.61247, ""gas_res"": 8733.624}, {""temp"": 24.42421, ""step"": 7, ""status"": 1, ""pres"": 978.1546, ""meas_profile"": ""HP-2"", ""meas_id"": 2, ""hum"": 31.89097, ""gas_res"": 18675.23}, {""temp"": 24.20815, ""step"": 7, ""status"": 1, ""pres"": 978.2863, ""meas_profile"": ""HP-1"", ""meas_id"": 1, ""hum"": 31.3107, ""gas_res"": 9305.03}]}",NULL,"2025-10-29 12:37:21.414542"
15732,"04a600b9b0b8","2025-10-29 12:29:46","5JFh5wE2VqhS7laVp1zj","{""bme688"": [{""temp"": 24.66263, ""step"": 6, ""status"": 1, ""pres"": 978.3402, ""meas_profile"": ""HP-8"", ""meas_id"": 8, ""hum"": 31.67668, ""gas_res"": 18790.37}, {""temp"": 24.64562, ""step"": 6, ""status"": 1, ""pres"": 978.4767, ""meas_profile"": ""HP-7"", ""meas_id"": 7, ""hum"": 31.60472, ""gas_res"": 25000.0}, {""temp"": 24.72466, ""step"": 6, ""status"": 1, ""pres"": 978.6351, ""meas_profile"": ""HP-6"", ""meas_id"": 6, ""hum"": 31.42756, ""gas_res"": 74700.91}, {""temp"": 24.64241, ""step"": 6, ""status"": 1, ""pres"": 978.3458, ""meas_profile"": ""HP-5"", ""meas_id"": 5, ""hum"": 31.63096, ""gas_res"": 164524.4}, {""temp"": 24.36213, ""step"": 6, ""status"": 1, ""pres"": 978.4177, ""meas_profile"": ""HP-4"", ""meas_id"": 4, ""hum"": 31.23994, ""gas_res"": 152064.2}, {""temp"": 24.51404, ""step"": 6, ""status"": 1, ""pres"": 978.0227, ""meas_profile"": ""HP-3"", ""meas_id"": 3, ""hum"": 31.62935, ""gas_res"": 100000.0}, {""temp"": 24.42297, ""step"": 6, ""status"": 1, ""pres"": 978.1559, ""meas_profile"": ""HP-2"", ""meas_id"": 2, ""hum"": 31.88526, ""gas_res"": 140659.3}, {""temp"": 24.2069, ""step"": 6, ""status"": 1, ""pres"": 978.288, ""meas_profile"": ""HP-1"", ""meas_id"": 1, ""hum"": 31.31636, ""gas_res"": 107247.6}]}",NULL,"2025-10-29 12:37:22.054573"
15733,"04a600b9b0b8","2025-10-29 12:29:46","5JFh5wE2VqhS7laVp1zj","{""bme688"": [{""temp"": 24.66171, ""step"": 5, ""status"": 1, ""pres"": 978.3405, ""meas_profile"": ""HP-8"", ""meas_id"": 8, ""hum"": 31.6935, ""gas_res"": 18873.49}, {""temp"": 24.64469, ""step"": 5, ""status"": 1, ""pres"": 978.4786, ""meas_profile"": ""HP-7"", ""meas_id"": 7, ""hum"": 31.61579, ""gas_res"": 25000.0}, {""temp"": 24.72373, ""step"": 5, ""status"": 1, ""pres"": 978.6355, ""meas_profile"": ""HP-6"", ""meas_id"": 6, ""hum"": 31.44443, ""gas_res"": 75095.34}, {""temp"": 24.64179, ""step"": 5, ""status"": 1, ""pres"": 978.3463, ""meas_profile"": ""HP-5"", ""meas_id"": 5, ""hum"": 31.66441, ""gas_res"": 165481.6}, {""temp"": 24.3612, ""step"": 5, ""status"": 1, ""pres"": 978.4196, ""meas_profile"": ""HP-4"", ""meas_id"": 4, ""hum"": 31.2116, ""gas_res"": 151121.6}, {""temp"": 24.51312, ""step"": 5, ""status"": 1, ""pres"": 978.0245, ""meas_profile"": ""HP-3"", ""meas_id"": 3, ""hum"": 31.59536, ""gas_res"": 100000.0}, {""temp"": 24.42204, ""step"": 5, ""status"": 1, ""pres"": 978.1561, ""meas_profile"": ""HP-2"", ""meas_id"": 2, ""hum"": 31.88518, ""gas_res"": 137045.0}, {""temp"": 24.20566, ""step"": 5, ""status"": 1, ""pres"": 978.2877, ""meas_profile"": ""HP-1"", ""meas_id"": 1, ""hum"": 31.31624, ""gas_res"": 104107.4}]}",NULL,"2025-10-29 12:37:22.693456"
15734,"04a600b9b0b8","2025-10-29 12:29:46","5JFh5wE2VqhS7laVp1zj","{""bme688"": [{""temp"": 24.66109, ""step"": 4, ""status"": 1, ""pres"": 978.3412, ""meas_profile"": ""HP-8"", ""meas_id"": 8, ""hum"": 31.69908, ""gas_res"": 18890.2}, {""temp"": 24.64406, ""step"": 4, ""status"": 1, ""pres"": 978.4791, ""meas_profile"": ""HP-7"", ""meas_id"": 7, ""hum"": 31.61573, ""gas_res"": 25000.0}, {""temp"": 24.72249, ""step"": 4, ""status"": 1, ""pres"": 978.637, ""meas_profile"": ""HP-6"", ""meas_id"": 6, ""hum"": 31.44997, ""gas_res"": 76992.48}, {""temp"": 24.64116, ""step"": 4, ""status"": 1, ""pres"": 978.3488, ""meas_profile"": ""HP-5"", ""meas_id"": 5, ""hum"": 31.66435, ""gas_res"": 170439.4}, {""temp"": 24.36027, ""step"": 4, ""status"": 1, ""pres"": 978.4197, ""meas_profile"": ""HP-4"", ""meas_id"": 4, ""hum"": 31.24544, ""gas_res"": 154542.7}, {""temp"": 24.51219, ""step"": 4, ""status"": 1, ""pres"": 978.0248, ""meas_profile"": ""HP-3"", ""meas_id"": 3, ""hum"": 31.62919, ""gas_res"": 100000.0}, {""temp"": 24.4211, ""step"": 4, ""status"": 1, ""pres"": 978.1563, ""meas_profile"": ""HP-2"", ""meas_id"": 2, ""hum"": 31.89627, ""gas_res"": 136825.2}, {""temp"": 24.20441, ""step"": 4, ""status"": 1, ""pres"": 978.2896, ""meas_profile"": ""HP-1"", ""meas_id"": 1, ""hum"": 31.31614, ""gas_res"": 102114.1}]}",NULL,"2025-10-29 12:37:23.338349"
15735,"04a600b9b0b8","2025-10-29 12:29:46","5JFh5wE2VqhS7laVp1zj","{""bme688"": [{""temp"": 24.65985, ""step"": 3, ""status"": 0, ""pres"": 978.3429, ""meas_profile"": ""HP-8"", ""meas_id"": 8, ""hum"": 31.71024, ""gas_res"": 9538.003}, {""temp"": 24.64313, ""step"": 3, ""status"": 0, ""pres"": 978.481, ""meas_profile"": ""HP-7"", ""meas_id"": 7, ""hum"": 31.63237, ""gas_res"": 11653.31}, {""temp"": 24.72157, ""step"": 3, ""status"": 0, ""pres"": 978.6371, ""meas_profile"": ""HP-6"", ""meas_id"": 6, ""hum"": 31.46683, ""gas_res"": 25559.11}, {""temp"": 24.63991, ""step"": 3, ""status"": 0, ""pres"": 978.3499, ""meas_profile"": ""HP-5"", ""meas_id"": 5, ""hum"": 31.64748, ""gas_res"": 53860.72}, {""temp"": 24.35872, ""step"": 3, ""status"": 0, ""pres"": 978.4205, ""meas_profile"": ""HP-4"", ""meas_id"": 4, ""hum"": 31.2453, ""gas_res"": 45812.46}, {""temp"": 24.51095, ""step"": 3, ""status"": 0, ""pres"": 978.0262, ""meas_profile"": ""HP-3"", ""meas_id"": 3, ""hum"": 31.62908, ""gas_res"": 31928.16}, {""temp"": 24.41986, ""step"": 3, ""status"": 0, ""pres"": 978.1575, ""meas_profile"": ""HP-2"", ""meas_id"": 2, ""hum"": 31.91854, ""gas_res"": 51026.51}, {""temp"": 24.20317, ""step"": 3, ""status"": 0, ""pres"": 978.2896, ""meas_profile"": ""HP-1"", ""meas_id"": 1, ""hum"": 31.33336, ""gas_res"": 33350.7}]}",NULL,"2025-10-29 12:37:23.97752"
15736,"04a600b9b0b8","2025-10-29 12:29:46","5JFh5wE2VqhS7laVp1zj","{""bme688"": [{""temp"": 24.65924, ""step"": 2, ""status"": 1, ""pres"": 978.3436, ""meas_profile"": ""HP-8"", ""meas_id"": 8, ""hum"": 31.71019, ""gas_res"": 22330.78}, {""temp"": 24.64189, ""step"": 2, ""status"": 1, ""pres"": 978.4824, ""meas_profile"": ""HP-7"", ""meas_id"": 7, ""hum"": 31.62111, ""gas_res"": 29459.15}, {""temp"": 24.72064, ""step"": 2, ""status"": 1, ""pres"": 978.6392, ""meas_profile"": ""HP-6"", ""meas_id"": 6, ""hum"": 31.45545, ""gas_res"": 75896.83}, {""temp"": 24.63897, ""step"": 2, ""status"": 1, ""pres"": 978.3502, ""meas_profile"": ""HP-5"", ""meas_id"": 5, ""hum"": 31.65857, ""gas_res"": 165161.3}, {""temp"": 24.35747, ""step"": 2, ""status"": 1, ""pres"": 978.4202, ""meas_profile"": ""HP-4"", ""meas_id"": 4, ""hum"": 31.25084, ""gas_res"": 179964.8}, {""temp"": 24.50972, ""step"": 2, ""status"": 1, ""pres"": 978.0258, ""meas_profile"": ""HP-3"", ""meas_id"": 3, ""hum"": 31.62897, ""gas_res"": 99785.62}, {""temp"": 24.41831, ""step"": 2, ""status"": 1, ""pres"": 978.1584, ""meas_profile"": ""HP-2"", ""meas_id"": 2, ""hum"": 31.9184, ""gas_res"": 179775.3}, {""temp"": 24.20192, ""step"": 2, ""status"": 1, ""pres"": 978.2912, ""meas_profile"": ""HP-1"", ""meas_id"": 1, ""hum"": 31.33902, ""gas_res"": 126952.6}]}",NULL,"2025-10-29 12:37:24.918662"
15737,"04a600b9b0b8","2025-10-29 12:29:46","5JFh5wE2VqhS7laVp1zj","{""bme688"": [{""temp"": 24.65862, ""step"": 1, ""status"": 1, ""pres"": 978.3445, ""meas_profile"": ""HP-8"", ""meas_id"": 8, ""hum"": 31.71577, ""gas_res"": 11527.38}, {""temp"": 24.64127, ""step"": 1, ""status"": 1, ""pres"": 978.4832, ""meas_profile"": ""HP-7"", ""meas_id"": 7, ""hum"": 31.6322, ""gas_res"": 19110.18}, {""temp"": 24.72002, ""step"": 1, ""status"": 1, ""pres"": 978.6398, ""meas_profile"": ""HP-6"", ""meas_id"": 6, ""hum"": 31.44975, ""gas_res"": 24293.04}, {""temp"": 24.63835, ""step"": 1, ""status"": 1, ""pres"": 978.3508, ""meas_profile"": ""HP-5"", ""meas_id"": 5, ""hum"": 31.69202, ""gas_res"": 100000.0}, {""temp"": 24.35654, ""step"": 1, ""status"": 1, ""pres"": 978.4202, ""meas_profile"": ""HP-4"", ""meas_id"": 4, ""hum"": 31.25642, ""gas_res"": 42188.53}, {""temp"": 24.50879, ""step"": 1, ""status"": 1, ""pres"": 978.0277, ""meas_profile"": ""HP-3"", ""meas_id"": 3, ""hum"": 31.64019, ""gas_res"": 27485.51}, {""temp"": 24.41738, ""step"": 1, ""status"": 1, ""pres"": 978.1586, ""meas_profile"": ""HP-2"", ""meas_id"": 2, ""hum"": 31.9295, ""gas_res"": 42440.32}, {""temp"": 24.20099, ""step"": 1, ""status"": 1, ""pres"": 978.2916, ""meas_profile"": ""HP-1"", ""meas_id"": 1, ""hum"": 31.35049, ""gas_res"": 29398.25}]}",NULL,"2025-10-29 12:37:25.607499"
15738,"04a600b9b0b8","2025-10-29 12:29:46","5JFh5wE2VqhS7laVp1zj","{""bme688"": [{""temp"": 24.65769, ""step"": 0, ""status"": 1, ""pres"": 978.3465, ""meas_profile"": ""HP-8"", ""meas_id"": 8, ""hum"": 31.71005, ""gas_res"": 7109.531}, {""temp"": 24.64034, ""step"": 0, ""status"": 1, ""pres"": 978.483, ""meas_profile"": ""HP-7"", ""meas_id"": 7, ""hum"": 31.64326, ""gas_res"": 6611.57}, {""temp"": 24.71879, ""step"": 0, ""status"": 1, ""pres"": 978.6397, ""meas_profile"": ""HP-6"", ""meas_id"": 6, ""hum"": 31.48353, ""gas_res"": 17089.45}, {""temp"": 24.63772, ""step"": 0, ""status"": 1, ""pres"": 978.3516, ""meas_profile"": ""HP-5"", ""meas_id"": 5, ""hum"": 31.66963, ""gas_res"": 25000.0}, {""temp"": 24.35561, ""step"": 0, ""status"": 1, ""pres"": 978.4221, ""meas_profile"": ""HP-4"", ""meas_id"": 4, ""hum"": 31.26199, ""gas_res"": 25000.0}, {""temp"": 24.50786, ""step"": 0, ""status"": 1, ""pres"": 978.0279, ""meas_profile"": ""HP-3"", ""meas_id"": 3, ""hum"": 31.65708, ""gas_res"": 8503.854}, {""temp"": 24.41614, ""step"": 0, ""status"": 1, ""pres"": 978.1582, ""meas_profile"": ""HP-2"", ""meas_id"": 2, ""hum"": 31.9182, ""gas_res"": 17922.15}, {""temp"": 24.20005, ""step"": 0, ""status"": 1, ""pres"": 978.2919, ""meas_profile"": ""HP-1"", ""meas_id"": 1, ""hum"": 31.32731, ""gas_res"": 9169.055}]}",NULL,"2025-10-29 12:37:26.298633"
