"id","box_id","ts","measurement_id","measurement_data","description","created_at"
14749,"04a600b9b0b8","2025-10-29 10:51:51","LMUqnYNhFuRH58rA9opO","{""zphs01b"": {""voc"": 0, ""temp"": 21.6, ""pm2_5"": 0, ""pm1_0"": 0, ""pm10"": 313, ""o3"": 0.04, ""no2"": 10.0, ""hum"": 0, ""fmhd"": 0, ""co2"": 5000, ""co"": 0.0}, ""smell_b"": {}, ""sfa30"": {""temp"": 24.23, ""hum"": 36.11, ""fmhd"": 0.6}, ""sen5x"": {""voc"": 78.0, ""temp"": 24.605, ""pm4_0"": 4478.1, ""pm2_5"": 4478.1, ""pm1_0"": 4270.1, ""pm10"": 4478.1, ""nox"": 1.0, ""mass_c"": 4426.1, ""hum"": 39.85}, ""scd41"": {""temp"": 23.34707, ""hum"": 43.93683, ""co2"": 633}, ""power_source"": 0, ""mics6814"": {""red_res"": 0, ""no2_res"": 0, ""no2"": 0.17, ""nh3_res"": 0, ""nh3"": 0.73, ""co_res"": 0, ""co"": 44.0}}",NULL,"2025-10-29 10:52:44.820315"
14750,"04a600b9b0b8","2025-10-29 10:51:51","LMUqnYNhFuRH58rA9opO","{""bme688"": [{""temp"": 24.33091, ""step"": 9, ""status"": 1, ""pres"": 979.2867, ""meas_profile"": ""HP-8"", ""meas_id"": 8, ""hum"": 33.46024, ""gas_res"": 5684.846}, {""temp"": 24.31242, ""step"": 9, ""status"": 1, ""pres"": 979.4391, ""meas_profile"": ""HP-7"", ""meas_id"": 7, ""hum"": 33.37335, ""gas_res"": 5693.95}, {""temp"": 24.39403, ""step"": 9, ""status"": 1, ""pres"": 979.6295, ""meas_profile"": ""HP-6"", ""meas_id"": 6, ""hum"": 33.2213, ""gas_res"": 7421.15}, {""temp"": 24.31499, ""step"": 9, ""status"": 1, ""pres"": 979.4081, ""meas_profile"": ""HP-5"", ""meas_id"": 5, ""hum"": 33.41527, ""gas_res"": 25000.0}, {""temp"": 24.04063, ""step"": 9, ""status"": 1, ""pres"": 979.4774, ""meas_profile"": ""HP-4"", ""meas_id"": 4, ""hum"": 33.00799, ""gas_res"": 20138.45}, {""temp"": 24.18563, ""step"": 9, ""status"": 1, ""pres"": 979.0165, ""meas_profile"": ""HP-3"", ""meas_id"": 3, ""hum"": 33.45939, ""gas_res"": 7563.224}, {""temp"": 24.10281, ""step"": 9, ""status"": 1, ""pres"": 979.1813, ""meas_profile"": ""HP-2"", ""meas_id"": 2, ""hum"": 33.74616, ""gas_res"": 6628.003}, {""temp"": 23.87701, ""step"": 9, ""status"": 1, ""pres"": 979.2751, ""meas_profile"": ""HP-1"", ""meas_id"": 1, ""hum"": 33.34483, ""gas_res"": 7395.424}]}",NULL,"2025-10-29 10:52:45.979528"
14751,"04a600b9b0b8","2025-10-29 10:51:51","LMUqnYNhFuRH58rA9opO","{""bme688"": [{""temp"": 24.33061, ""step"": 8, ""status"": 1, ""pres"": 979.2863, ""meas_profile"": ""HP-8"", ""meas_id"": 8, ""hum"": 33.47731, ""gas_res"": 5684.846}, {""temp"": 24.31273, ""step"": 8, ""status"": 1, ""pres"": 979.4396, ""meas_profile"": ""HP-7"", ""meas_id"": 7, ""hum"": 33.37337, ""gas_res"": 5703.083}, {""temp"": 24.39434, ""step"": 8, ""status"": 1, ""pres"": 979.6299, ""meas_profile"": ""HP-6"", ""meas_id"": 6, ""hum"": 33.22133, ""gas_res"": 7617.234}, {""temp"": 24.3153, ""step"": 8, ""status"": 1, ""pres"": 979.4102, ""meas_profile"": ""HP-5"", ""meas_id"": 5, ""hum"": 33.43225, ""gas_res"": 25000.0}, {""temp"": 24.04063, ""step"": 8, ""status"": 1, ""pres"": 979.4774, ""meas_profile"": ""HP-4"", ""meas_id"": 4, ""hum"": 33.01943, ""gas_res"": 19912.88}, {""temp"": 24.18563, ""step"": 8, ""status"": 1, ""pres"": 979.0165, ""meas_profile"": ""HP-3"", ""meas_id"": 3, ""hum"": 33.45939, ""gas_res"": 6993.007}, {""temp"": 24.10281, ""step"": 8, ""status"": 1, ""pres"": 979.183, ""meas_profile"": ""HP-2"", ""meas_id"": 2, ""hum"": 33.7405, ""gas_res"": 6522.625}, {""temp"": 23.8767, ""step"": 8, ""status"": 1, ""pres"": 979.2746, ""meas_profile"": ""HP-1"", ""meas_id"": 1, ""hum"": 33.33309, ""gas_res"": 7426.317}]}",NULL,"2025-10-29 10:52:47.44457"
14752,"04a600b9b0b8","2025-10-29 10:51:51","LMUqnYNhFuRH58rA9opO","{""bme688"": [{""temp"": 24.33061, ""step"": 7, ""status"": 1, ""pres"": 979.2863, ""meas_profile"": ""HP-8"", ""meas_id"": 8, ""hum"": 33.46021, ""gas_res"": 5684.846}, {""temp"": 24.31273, ""step"": 7, ""status"": 1, ""pres"": 979.4396, ""meas_profile"": ""HP-7"", ""meas_id"": 7, ""hum"": 33.37337, ""gas_res"": 5727.582}, {""temp"": 24.39434, ""step"": 7, ""status"": 1, ""pres"": 979.6299, ""meas_profile"": ""HP-6"", ""meas_id"": 6, ""hum"": 33.22133, ""gas_res"": 7677.543}, {""temp"": 24.31593, ""step"": 7, ""status"": 1, ""pres"": 979.4113, ""meas_profile"": ""HP-5"", ""meas_id"": 5, ""hum"": 33.39841, ""gas_res"": 25000.0}, {""temp"": 24.04094, ""step"": 7, ""status"": 1, ""pres"": 979.478, ""meas_profile"": ""HP-4"", ""meas_id"": 4, ""hum"": 33.01374, ""gas_res"": 19317.84}, {""temp"": 24.18563, ""step"": 7, ""status"": 1, ""pres"": 979.0165, ""meas_profile"": ""HP-3"", ""meas_id"": 3, ""hum"": 33.45367, ""gas_res"": 6719.866}, {""temp"": 24.10281, ""step"": 7, ""status"": 1, ""pres"": 979.183, ""meas_profile"": ""HP-2"", ""meas_id"": 2, ""hum"": 33.72352, ""gas_res"": 6302.935}, {""temp"": 23.8767, ""step"": 7, ""status"": 1, ""pres"": 979.2765, ""meas_profile"": ""HP-1"", ""meas_id"": 1, ""hum"": 33.33309, ""gas_res"": 7109.531}]}",NULL,"2025-10-29 10:52:49.179405"
14753,"04a600b9b0b8","2025-10-29 10:51:51","LMUqnYNhFuRH58rA9opO","{""bme688"": [{""temp"": 24.33061, ""step"": 6, ""status"": 1, ""pres"": 979.2863, ""meas_profile"": ""HP-8"", ""meas_id"": 8, ""hum"": 33.44881, ""gas_res"": 16368.29}, {""temp"": 24.31273, ""step"": 6, ""status"": 1, ""pres"": 979.4396, ""meas_profile"": ""HP-7"", ""meas_id"": 7, ""hum"": 33.36211, ""gas_res"": 21241.29}, {""temp"": 24.39465, ""step"": 6, ""status"": 1, ""pres"": 979.6305, ""meas_profile"": ""HP-6"", ""meas_id"": 6, ""hum"": 33.20422, ""gas_res"": 42524.92}, {""temp"": 24.31624, ""step"": 6, ""status"": 1, ""pres"": 979.4119, ""meas_profile"": ""HP-5"", ""meas_id"": 5, ""hum"": 33.39844, ""gas_res"": 139395.6}, {""temp"": 24.04126, ""step"": 6, ""status"": 1, ""pres"": 979.4802, ""meas_profile"": ""HP-4"", ""meas_id"": 4, ""hum"": 33.01949, ""gas_res"": 139623.7}, {""temp"": 24.18563, ""step"": 6, ""status"": 1, ""pres"": 979.0165, ""meas_profile"": ""HP-3"", ""meas_id"": 3, ""hum"": 33.45367, ""gas_res"": 78624.08}, {""temp"": 24.1025, ""step"": 6, ""status"": 1, ""pres"": 979.1826, ""meas_profile"": ""HP-2"", ""meas_id"": 2, ""hum"": 33.72915, ""gas_res"": 99147.95}, {""temp"": 23.8767, ""step"": 6, ""status"": 1, ""pres"": 979.2765, ""meas_profile"": ""HP-1"", ""meas_id"": 1, ""hum"": 33.33894, ""gas_res"": 100000.0}]}",NULL,"2025-10-29 10:52:50.457296"
14754,"04a600b9b0b8","2025-10-29 10:51:51","LMUqnYNhFuRH58rA9opO","{""bme688"": [{""temp"": 24.33091, ""step"": 5, ""status"": 1, ""pres"": 979.2867, ""meas_profile"": ""HP-8"", ""meas_id"": 8, ""hum"": 33.42034, ""gas_res"": 16145.31}, {""temp"": 24.31273, ""step"": 5, ""status"": 1, ""pres"": 979.4396, ""meas_profile"": ""HP-7"", ""meas_id"": 7, ""hum"": 33.3452, ""gas_res"": 21031.88}, {""temp"": 24.39495, ""step"": 5, ""status"": 1, ""pres"": 979.631, ""meas_profile"": ""HP-6"", ""meas_id"": 6, ""hum"": 33.20996, ""gas_res"": 42524.92}, {""temp"": 24.31656, ""step"": 5, ""status"": 1, ""pres"": 979.4141, ""meas_profile"": ""HP-5"", ""meas_id"": 5, ""hum"": 33.38717, ""gas_res"": 139168.3}, {""temp"": 24.04126, ""step"": 5, ""status"": 1, ""pres"": 979.4802, ""meas_profile"": ""HP-4"", ""meas_id"": 4, ""hum"": 32.99661, ""gas_res"": 137931.0}, {""temp"": 24.18563, ""step"": 5, ""status"": 1, ""pres"": 979.0165, ""meas_profile"": ""HP-3"", ""meas_id"": 3, ""hum"": 33.43651, ""gas_res"": 45861.7}, {""temp"": 24.1025, ""step"": 5, ""status"": 1, ""pres"": 979.1843, ""meas_profile"": ""HP-2"", ""meas_id"": 2, ""hum"": 33.72915, ""gas_res"": 95061.27}, {""temp"": 23.87701, ""step"": 5, ""status"": 1, ""pres"": 979.2787, ""meas_profile"": ""HP-1"", ""meas_id"": 1, ""hum"": 33.34483, ""gas_res"": 100000.0}]}",NULL,"2025-10-29 10:52:51.736807"
14755,"04a600b9b0b8","2025-10-29 10:51:51","LMUqnYNhFuRH58rA9opO","{""bme688"": [{""temp"": 24.33091, ""step"": 4, ""status"": 1, ""pres"": 979.2867, ""meas_profile"": ""HP-8"", ""meas_id"": 8, ""hum"": 33.42604, ""gas_res"": 15976.04}, {""temp"": 24.31273, ""step"": 4, ""status"": 1, ""pres"": 979.4396, ""meas_profile"": ""HP-7"", ""meas_id"": 7, ""hum"": 33.33957, ""gas_res"": 20705.27}, {""temp"": 24.39526, ""step"": 4, ""status"": 1, ""pres"": 979.6316, ""meas_profile"": ""HP-6"", ""meas_id"": 6, ""hum"": 33.19285, ""gas_res"": 42953.02}, {""temp"": 24.31687, ""step"": 4, ""status"": 1, ""pres"": 979.4147, ""meas_profile"": ""HP-5"", ""meas_id"": 5, ""hum"": 33.38721, ""gas_res"": 141475.5}, {""temp"": 24.04157, ""step"": 4, ""status"": 1, ""pres"": 979.4808, ""meas_profile"": ""HP-4"", ""meas_id"": 4, ""hum"": 32.97948, ""gas_res"": 140312.4}, {""temp"": 24.18594, ""step"": 4, ""status"": 1, ""pres"": 979.0171, ""meas_profile"": ""HP-3"", ""meas_id"": 3, ""hum"": 33.4251, ""gas_res"": 44290.66}, {""temp"": 24.10281, ""step"": 4, ""status"": 1, ""pres"": 979.1848, ""meas_profile"": ""HP-2"", ""meas_id"": 2, ""hum"": 33.71221, ""gas_res"": 100000.0}, {""temp"": 23.87732, ""step"": 4, ""status"": 1, ""pres"": 979.2792, ""meas_profile"": ""HP-1"", ""meas_id"": 1, ""hum"": 33.30974, ""gas_res"": 91233.07}]}",NULL,"2025-10-29 10:52:53.109317"
14756,"04a600b9b0b8","2025-10-29 10:51:51","LMUqnYNhFuRH58rA9opO","{""bme688"": [{""temp"": 24.33091, ""step"": 3, ""status"": 1, ""pres"": 979.2867, ""meas_profile"": ""HP-8"", ""meas_id"": 8, ""hum"": 33.42604, ""gas_res"": 34427.11}, {""temp"": 24.31304, ""step"": 3, ""status"": 1, ""pres"": 979.4402, ""meas_profile"": ""HP-7"", ""meas_id"": 7, ""hum"": 33.32833, ""gas_res"": 48836.32}, {""temp"": 24.39526, ""step"": 3, ""status"": 1, ""pres"": 979.6316, ""meas_profile"": ""HP-6"", ""meas_id"": 6, ""hum"": 33.17571, ""gas_res"": 181110.7}, {""temp"": 24.31687, ""step"": 3, ""status"": 1, ""pres"": 979.4147, ""meas_profile"": ""HP-5"", ""meas_id"": 5, ""hum"": 33.37027, ""gas_res"": 444059.0}, {""temp"": 24.04157, ""step"": 3, ""status"": 1, ""pres"": 979.4808, ""meas_profile"": ""HP-4"", ""meas_id"": 4, ""hum"": 32.97377, ""gas_res"": 536969.1}, {""temp"": 24.18594, ""step"": 3, ""status"": 1, ""pres"": 979.0171, ""meas_profile"": ""HP-3"", ""meas_id"": 3, ""hum"": 33.4251, ""gas_res"": 237146.8}, {""temp"": 24.10281, ""step"": 3, ""status"": 1, ""pres"": 979.1848, ""meas_profile"": ""HP-2"", ""meas_id"": 2, ""hum"": 33.71221, ""gas_res"": 452596.7}, {""temp"": 23.87732, ""step"": 3, ""status"": 1, ""pres"": 979.281, ""meas_profile"": ""HP-1"", ""meas_id"": 1, ""hum"": 33.29803, ""gas_res"": 322519.7}]}",NULL,"2025-10-29 10:52:54.296671"
14757,"04a600b9b0b8","2025-10-29 10:51:51","LMUqnYNhFuRH58rA9opO","{""bme688"": [{""temp"": 24.33122, ""step"": 2, ""status"": 1, ""pres"": 979.2872, ""meas_profile"": ""HP-8"", ""meas_id"": 8, ""hum"": 33.40327, ""gas_res"": 36930.18}, {""temp"": 24.31304, ""step"": 2, ""status"": 1, ""pres"": 979.4402, ""meas_profile"": ""HP-7"", ""meas_id"": 7, ""hum"": 33.33396, ""gas_res"": 55507.37}, {""temp"": 24.39526, ""step"": 2, ""status"": 1, ""pres"": 979.6316, ""meas_profile"": ""HP-6"", ""meas_id"": 6, ""hum"": 33.16429, ""gas_res"": 228571.4}, {""temp"": 24.31718, ""step"": 2, ""status"": 1, ""pres"": 979.4152, ""meas_profile"": ""HP-5"", ""meas_id"": 5, ""hum"": 33.37029, ""gas_res"": 568257.5}, {""temp"": 24.04126, ""step"": 2, ""status"": 1, ""pres"": 979.4818, ""meas_profile"": ""HP-4"", ""meas_id"": 4, ""hum"": 32.97374, ""gas_res"": 650571.8}, {""temp"": 24.18594, ""step"": 2, ""status"": 1, ""pres"": 979.0171, ""meas_profile"": ""HP-3"", ""meas_id"": 3, ""hum"": 33.41366, ""gas_res"": 289429.1}, {""temp"": 24.10281, ""step"": 2, ""status"": 1, ""pres"": 979.1865, ""meas_profile"": ""HP-2"", ""meas_id"": 2, ""hum"": 33.71221, ""gas_res"": 499634.1}, {""temp"": 23.87763, ""step"": 2, ""status"": 1, ""pres"": 979.2814, ""meas_profile"": ""HP-1"", ""meas_id"": 1, ""hum"": 33.29807, ""gas_res"": 400000.0}]}",NULL,"2025-10-29 10:52:55.576703"
14758,"04a600b9b0b8","2025-10-29 10:51:51","LMUqnYNhFuRH58rA9opO","{""bme688"": [{""temp"": 24.33122, ""step"": 1, ""status"": 1, ""pres"": 979.2872, ""meas_profile"": ""HP-8"", ""meas_id"": 8, ""hum"": 33.39188, ""gas_res"": 8443.271}, {""temp"": 24.31335, ""step"": 1, ""status"": 1, ""pres"": 979.4406, ""meas_profile"": ""HP-7"", ""meas_id"": 7, ""hum"": 33.32272, ""gas_res"": 10059.73}, {""temp"": 24.39557, ""step"": 1, ""status"": 1, ""pres"": 979.632, ""meas_profile"": ""HP-6"", ""meas_id"": 6, ""hum"": 33.14718, ""gas_res"": 25000.0}, {""temp"": 24.31749, ""step"": 1, ""status"": 1, ""pres"": 979.4174, ""meas_profile"": ""HP-5"", ""meas_id"": 5, ""hum"": 33.34209, ""gas_res"": 38049.94}, {""temp"": 24.04157, ""step"": 1, ""status"": 1, ""pres"": 979.4826, ""meas_profile"": ""HP-4"", ""meas_id"": 4, ""hum"": 32.97377, ""gas_res"": 35106.96}, {""temp"": 24.18625, ""step"": 1, ""status"": 1, ""pres"": 979.0176, ""meas_profile"": ""HP-3"", ""meas_id"": 3, ""hum"": 33.40797, ""gas_res"": 25000.0}, {""temp"": 24.10343, ""step"": 1, ""status"": 1, ""pres"": 979.1875, ""meas_profile"": ""HP-2"", ""meas_id"": 2, ""hum"": 33.7066, ""gas_res"": 29157.18}, {""temp"": 23.87794, ""step"": 1, ""status"": 1, ""pres"": 979.282, ""meas_profile"": ""HP-1"", ""meas_id"": 1, ""hum"": 33.2864, ""gas_res"": 25000.0}]}",NULL,"2025-10-29 10:52:56.857009"
14759,"04a600b9b0b8","2025-10-29 10:51:51","LMUqnYNhFuRH58rA9opO","{""bme688"": [{""temp"": 24.33091, ""step"": 0, ""status"": 1, ""pres"": 979.2867, ""meas_profile"": ""HP-8"", ""meas_id"": 8, ""hum"": 33.38046, ""gas_res"": 5684.846}, {""temp"": 24.31335, ""step"": 0, ""status"": 1, ""pres"": 979.4406, ""meas_profile"": ""HP-7"", ""meas_id"": 7, ""hum"": 33.30019, ""gas_res"": 5730.659}, {""temp"": 24.39588, ""step"": 0, ""status"": 1, ""pres"": 979.634, ""meas_profile"": ""HP-6"", ""meas_id"": 6, ""hum"": 33.13578, ""gas_res"": 7405.693}, {""temp"": 24.31781, ""step"": 0, ""status"": 1, ""pres"": 979.4179, ""meas_profile"": ""HP-5"", ""meas_id"": 5, ""hum"": 33.33647, ""gas_res"": 25000.0}, {""temp"": 24.04157, ""step"": 0, ""status"": 1, ""pres"": 979.4826, ""meas_profile"": ""HP-4"", ""meas_id"": 4, ""hum"": 32.9509, ""gas_res"": 18089.32}, {""temp"": 24.18625, ""step"": 0, ""status"": 1, ""pres"": 979.0176, ""meas_profile"": ""HP-3"", ""meas_id"": 3, ""hum"": 33.40797, ""gas_res"": 6359.3}, {""temp"": 24.10343, ""step"": 0, ""status"": 1, ""pres"": 979.1875, ""meas_profile"": ""HP-2"", ""meas_id"": 2, ""hum"": 33.68964, ""gas_res"": 8159.103}, {""temp"": 23.87794, ""step"": 0, ""status"": 1, ""pres"": 979.282, ""meas_profile"": ""HP-1"", ""meas_id"": 1, ""hum"": 33.25715, ""gas_res"": 6615.671}]}",NULL,"2025-10-29 10:52:58.232726"
14760,"04a600b9b0b8","2025-10-29 10:51:09","LMUqnYNhFuRH58rA9opO","{""zphs01b"": {""voc"": 0, ""temp"": 21.5, ""pm2_5"": 0, ""pm1_0"": 0, ""pm10"": 315, ""o3"": 0.06, ""no2"": 10.0, ""hum"": 0, ""fmhd"": 0, ""co2"": 5000, ""co"": 0.0}, ""smell_b"": {}, ""sfa30"": {""temp"": 24.215, ""hum"": 35.31, ""fmhd"": 0.4}, ""sen5x"": {""voc"": 81.0, ""temp"": 24.8, ""pm4_0"": 3831.6, ""pm2_5"": 3831.6, ""pm1_0"": 3653.6, ""pm10"": 3831.6, ""nox"": 1.0, ""mass_c"": 3787.1, ""hum"": 39.05}, ""scd41"": {""temp"": 23.53132, ""hum"": 42.71611, ""co2"": 631}, ""power_source"": 0, ""mics6814"": {""red_res"": 0, ""no2_res"": 0, ""no2"": 0.17, ""nh3_res"": 0, ""nh3"": 0.73, ""co_res"": 0, ""co"": 44.0}}",NULL,"2025-10-29 10:52:59.307595"
14761,"04a600b9b0b8","2025-10-29 10:51:09","LMUqnYNhFuRH58rA9opO","{""bme688"": [{""temp"": 24.33091, ""step"": 9, ""status"": 1, ""pres"": 979.2867, ""meas_profile"": ""HP-8"", ""meas_id"": 8, ""hum"": 32.98218, ""gas_res"": 5684.846}, {""temp"": 24.31335, ""step"": 9, ""status"": 1, ""pres"": 979.4406, ""meas_profile"": ""HP-7"", ""meas_id"": 7, ""hum"": 32.88955, ""gas_res"": 5684.846}, {""temp"": 24.39588, ""step"": 9, ""status"": 1, ""pres"": 979.634, ""meas_profile"": ""HP-6"", ""meas_id"": 6, ""hum"": 32.75936, ""gas_res"": 6288.072}, {""temp"": 24.31812, ""step"": 9, ""status"": 1, ""pres"": 979.4183, ""meas_profile"": ""HP-5"", ""meas_id"": 5, ""hum"": 32.93058, ""gas_res"": 22168.34}, {""temp"": 24.04157, ""step"": 9, ""status"": 1, ""pres"": 979.4826, ""meas_profile"": ""HP-4"", ""meas_id"": 4, ""hum"": 32.54557, ""gas_res"": 10568.03}, {""temp"": 24.18625, ""step"": 9, ""status"": 1, ""pres"": 979.0176, ""meas_profile"": ""HP-3"", ""meas_id"": 3, ""hum"": 33.04239, ""gas_res"": 7661.0}, {""temp"": 24.10343, ""step"": 9, ""status"": 1, ""pres"": 979.1875, ""meas_profile"": ""HP-2"", ""meas_id"": 2, ""hum"": 33.32803, ""gas_res"": 6974.717}, {""temp"": 23.87794, ""step"": 9, ""status"": 1, ""pres"": 979.282, ""meas_profile"": ""HP-1"", ""meas_id"": 1, ""hum"": 32.90662, ""gas_res"": 7324.331}]}",NULL,"2025-10-29 10:53:00.69896"
14762,"04a600b9b0b8","2025-10-29 10:51:09","LMUqnYNhFuRH58rA9opO","{""bme688"": [{""temp"": 24.33061, ""step"": 8, ""status"": 1, ""pres"": 979.2845, ""meas_profile"": ""HP-8"", ""meas_id"": 8, ""hum"": 32.86856, ""gas_res"": 5684.846}, {""temp"": 24.31304, ""step"": 8, ""status"": 1, ""pres"": 979.4402, ""meas_profile"": ""HP-7"", ""meas_id"": 7, ""hum"": 32.77722, ""gas_res"": 5684.846}, {""temp"": 24.39588, ""step"": 8, ""status"": 1, ""pres"": 979.634, ""meas_profile"": ""HP-6"", ""meas_id"": 6, ""hum"": 32.66256, ""gas_res"": 6416.684}, {""temp"": 24.31843, ""step"": 8, ""status"": 1, ""pres"": 979.4207, ""meas_profile"": ""HP-5"", ""meas_id"": 5, ""hum"": 32.81243, ""gas_res"": 20369.19}, {""temp"": 24.04188, ""step"": 8, ""status"": 1, ""pres"": 979.483, ""meas_profile"": ""HP-4"", ""meas_id"": 4, ""hum"": 32.44302, ""gas_res"": 10484.93}, {""temp"": 24.18625, ""step"": 8, ""status"": 1, ""pres"": 979.0176, ""meas_profile"": ""HP-3"", ""meas_id"": 3, ""hum"": 32.92834, ""gas_res"": 6898.039}, {""temp"": 24.10343, ""step"": 8, ""status"": 1, ""pres"": 979.1875, ""meas_profile"": ""HP-2"", ""meas_id"": 2, ""hum"": 33.22084, ""gas_res"": 6619.776}, {""temp"": 23.87794, ""step"": 8, ""status"": 1, ""pres"": 979.2838, ""meas_profile"": ""HP-1"", ""meas_id"": 1, ""hum"": 32.81329, ""gas_res"": 7114.273}]}",NULL,"2025-10-29 10:53:01.977813"
14763,"04a600b9b0b8","2025-10-29 10:51:09","LMUqnYNhFuRH58rA9opO","{""bme688"": [{""temp"": 24.3303, ""step"": 7, ""status"": 1, ""pres"": 979.2839, ""meas_profile"": ""HP-8"", ""meas_id"": 8, ""hum"": 32.7607, ""gas_res"": 5684.846}, {""temp"": 24.31273, ""step"": 7, ""status"": 1, ""pres"": 979.4396, ""meas_profile"": ""HP-7"", ""meas_id"": 7, ""hum"": 32.65936, ""gas_res"": 5684.846}, {""temp"": 24.39588, ""step"": 7, ""status"": 1, ""pres"": 979.6324, ""meas_profile"": ""HP-6"", ""meas_id"": 6, ""hum"": 32.5772, ""gas_res"": 6486.925}, {""temp"": 24.31874, ""step"": 7, ""status"": 1, ""pres"": 979.4211, ""meas_profile"": ""HP-5"", ""meas_id"": 5, ""hum"": 32.72247, ""gas_res"": 20025.03}, {""temp"": 24.04188, ""step"": 7, ""status"": 1, ""pres"": 979.483, ""meas_profile"": ""HP-4"", ""meas_id"": 4, ""hum"": 32.32343, ""gas_res"": 9928.638}, {""temp"": 24.18625, ""step"": 7, ""status"": 1, ""pres"": 979.0176, ""meas_profile"": ""HP-3"", ""meas_id"": 3, ""hum"": 32.83146, ""gas_res"": 6363.094}, {""temp"": 24.10343, ""step"": 7, ""status"": 1, ""pres"": 979.1875, ""meas_profile"": ""HP-2"", ""meas_id"": 2, ""hum"": 33.08557, ""gas_res"": 6136.146}, {""temp"": 23.87794, ""step"": 7, ""status"": 1, ""pres"": 979.2838, ""meas_profile"": ""HP-1"", ""meas_id"": 1, ""hum"": 32.69088, ""gas_res"": 6439.928}]}",NULL,"2025-10-29 10:53:03.371877"
14764,"04a600b9b0b8","2025-10-29 10:51:09","LMUqnYNhFuRH58rA9opO","{""bme688"": [{""temp"": 24.3303, ""step"": 6, ""status"": 1, ""pres"": 979.2839, ""meas_profile"": ""HP-8"", ""meas_id"": 8, ""hum"": 32.67562, ""gas_res"": 19248.12}, {""temp"": 24.31273, ""step"": 6, ""status"": 1, ""pres"": 979.4396, ""meas_profile"": ""HP-7"", ""meas_id"": 7, ""hum"": 32.59208, ""gas_res"": 21962.94}, {""temp"": 24.39619, ""step"": 6, ""status"": 1, ""pres"": 979.6329, ""meas_profile"": ""HP-6"", ""meas_id"": 6, ""hum"": 32.48623, ""gas_res"": 35874.44}, {""temp"": 24.31874, ""step"": 6, ""status"": 1, ""pres"": 979.4211, ""meas_profile"": ""HP-5"", ""meas_id"": 5, ""hum"": 32.63255, ""gas_res"": 111304.4}, {""temp"": 24.04188, ""step"": 6, ""status"": 1, ""pres"": 979.483, ""meas_profile"": ""HP-4"", ""meas_id"": 4, ""hum"": 32.23238, ""gas_res"": 103288.3}, {""temp"": 24.18656, ""step"": 6, ""status"": 1, ""pres"": 979.0165, ""meas_profile"": ""HP-3"", ""meas_id"": 3, ""hum"": 32.75175, ""gas_res"": 34178.91}, {""temp"": 24.10343, ""step"": 6, ""status"": 1, ""pres"": 979.1875, ""meas_profile"": ""HP-2"", ""meas_id"": 2, ""hum"": 32.97856, ""gas_res"": 81166.77}, {""temp"": 23.87825, ""step"": 6, ""status"": 1, ""pres"": 979.2843, ""meas_profile"": ""HP-1"", ""meas_id"": 1, ""hum"": 32.58607, ""gas_res"": 39677.62}]}",NULL,"2025-10-29 10:53:04.537387"
14765,"04a600b9b0b8","2025-10-29 10:51:09","LMUqnYNhFuRH58rA9opO","{""bme688"": [{""temp"": 24.3303, ""step"": 5, ""status"": 1, ""pres"": 979.2839, ""meas_profile"": ""HP-8"", ""meas_id"": 8, ""hum"": 32.57926, ""gas_res"": 19746.99}, {""temp"": 24.31273, ""step"": 5, ""status"": 1, ""pres"": 979.4396, ""meas_profile"": ""HP-7"", ""meas_id"": 7, ""hum"": 32.4968, ""gas_res"": 22543.15}, {""temp"": 24.39619, ""step"": 5, ""status"": 1, ""pres"": 979.6329, ""meas_profile"": ""HP-6"", ""meas_id"": 6, ""hum"": 32.40097, ""gas_res"": 36488.03}, {""temp"": 24.31874, ""step"": 5, ""status"": 1, ""pres"": 979.4227, ""meas_profile"": ""HP-5"", ""meas_id"": 5, ""hum"": 32.54268, ""gas_res"": 113374.7}, {""temp"": 24.04188, ""step"": 5, ""status"": 1, ""pres"": 979.4847, ""meas_profile"": ""HP-4"", ""meas_id"": 4, ""hum"": 32.16413, ""gas_res"": 103538.9}, {""temp"": 24.18656, ""step"": 5, ""status"": 1, ""pres"": 979.0165, ""meas_profile"": ""HP-3"", ""meas_id"": 3, ""hum"": 32.68344, ""gas_res"": 33015.22}, {""temp"": 24.10374, ""step"": 5, ""status"": 1, ""pres"": 979.188, ""meas_profile"": ""HP-2"", ""meas_id"": 2, ""hum"": 32.89417, ""gas_res"": 45911.05}, {""temp"": 23.87856, ""step"": 5, ""status"": 1, ""pres"": 979.2847, ""meas_profile"": ""HP-1"", ""meas_id"": 1, ""hum"": 32.51043, ""gas_res"": 37514.65}]}",NULL,"2025-10-29 10:53:05.816312"
14766,"04a600b9b0b8","2025-10-29 10:51:09","LMUqnYNhFuRH58rA9opO","{""bme688"": [{""temp"": 24.3303, ""step"": 4, ""status"": 1, ""pres"": 979.2839, ""meas_profile"": ""HP-8"", ""meas_id"": 8, ""hum"": 32.51128, ""gas_res"": 20867.3}, {""temp"": 24.31304, ""step"": 4, ""status"": 1, ""pres"": 979.4402, ""meas_profile"": ""HP-7"", ""meas_id"": 7, ""hum"": 32.40163, ""gas_res"": 25000.0}, {""temp"": 24.3965, ""step"": 4, ""status"": 1, ""pres"": 979.6334, ""meas_profile"": ""HP-6"", ""meas_id"": 6, ""hum"": 32.30444, ""gas_res"": 38635.68}, {""temp"": 24.31874, ""step"": 4, ""status"": 1, ""pres"": 979.4227, ""meas_profile"": ""HP-5"", ""meas_id"": 5, ""hum"": 32.45848, ""gas_res"": 120584.1}, {""temp"": 24.04157, ""step"": 4, ""status"": 1, ""pres"": 979.4842, ""meas_profile"": ""HP-4"", ""meas_id"": 4, ""hum"": 32.08453, ""gas_res"": 107789.5}, {""temp"": 24.18686, ""step"": 4, ""status"": 1, ""pres"": 979.0168, ""meas_profile"": ""HP-3"", ""meas_id"": 3, ""hum"": 32.59813, ""gas_res"": 32437.91}, {""temp"": 24.10374, ""step"": 4, ""status"": 1, ""pres"": 979.1896, ""meas_profile"": ""HP-2"", ""meas_id"": 2, ""hum"": 32.82104, ""gas_res"": 45086.3}, {""temp"": 23.87856, ""step"": 4, ""status"": 1, ""pres"": 979.2865, ""meas_profile"": ""HP-1"", ""meas_id"": 1, ""hum"": 32.43479, ""gas_res"": 36147.98}]}",NULL,"2025-10-29 10:53:07.098039"
14767,"04a600b9b0b8","2025-10-29 10:51:09","LMUqnYNhFuRH58rA9opO","{""bme688"": [{""temp"": 24.3303, ""step"": 3, ""status"": 1, ""pres"": 979.2858, ""meas_profile"": ""HP-8"", ""meas_id"": 8, ""hum"": 32.43201, ""gas_res"": 65272.82}, {""temp"": 24.31273, ""step"": 3, ""status"": 1, ""pres"": 979.4396, ""meas_profile"": ""HP-7"", ""meas_id"": 7, ""hum"": 32.32324, ""gas_res"": 78624.08}, {""temp"": 24.3965, ""step"": 3, ""status"": 1, ""pres"": 979.6334, ""meas_profile"": ""HP-6"", ""meas_id"": 6, ""hum"": 32.23064, ""gas_res"": 237807.7}, {""temp"": 24.31874, ""step"": 3, ""status"": 1, ""pres"": 979.4227, ""meas_profile"": ""HP-5"", ""meas_id"": 5, ""hum"": 32.39115, ""gas_res"": 596562.8}, {""temp"": 24.04157, ""step"": 3, ""status"": 1, ""pres"": 979.4842, ""meas_profile"": ""HP-4"", ""meas_id"": 4, ""hum"": 32.03339, ""gas_res"": 614830.4}, {""temp"": 24.18686, ""step"": 3, ""status"": 1, ""pres"": 979.0185, ""meas_profile"": ""HP-3"", ""meas_id"": 3, ""hum"": 32.50715, ""gas_res"": 250000.0}, {""temp"": 24.10374, ""step"": 3, ""status"": 1, ""pres"": 979.1896, ""meas_profile"": ""HP-2"", ""meas_id"": 2, ""hum"": 32.77043, ""gas_res"": 441189.2}, {""temp"": 23.87856, ""step"": 3, ""status"": 1, ""pres"": 979.2865, ""meas_profile"": ""HP-1"", ""meas_id"": 1, ""hum"": 32.38827, ""gas_res"": 304128.3}]}",NULL,"2025-10-29 10:53:08.470922"
14768,"04a600b9b0b8","2025-10-29 10:51:09","LMUqnYNhFuRH58rA9opO","{""bme688"": [{""temp"": 24.3303, ""step"": 2, ""status"": 1, ""pres"": 979.2858, ""meas_profile"": ""HP-8"", ""meas_id"": 8, ""hum"": 32.36975, ""gas_res"": 60721.06}, {""temp"": 24.31273, ""step"": 2, ""status"": 1, ""pres"": 979.4396, ""meas_profile"": ""HP-7"", ""meas_id"": 7, ""hum"": 32.2561, ""gas_res"": 70737.77}, {""temp"": 24.3965, ""step"": 2, ""status"": 1, ""pres"": 979.6334, ""meas_profile"": ""HP-6"", ""meas_id"": 6, ""hum"": 32.16822, ""gas_res"": 217225.3}, {""temp"": 24.31874, ""step"": 2, ""status"": 1, ""pres"": 979.4227, ""meas_profile"": ""HP-5"", ""meas_id"": 5, ""hum"": 32.32385, ""gas_res"": 514314.4}, {""temp"": 24.04157, ""step"": 2, ""status"": 1, ""pres"": 979.4842, ""meas_profile"": ""HP-4"", ""meas_id"": 4, ""hum"": 31.98227, ""gas_res"": 520589.7}, {""temp"": 24.18686, ""step"": 2, ""status"": 1, ""pres"": 979.0185, ""meas_profile"": ""HP-3"", ""meas_id"": 3, ""hum"": 32.46737, ""gas_res"": 209879.1}, {""temp"": 24.10374, ""step"": 2, ""status"": 1, ""pres"": 979.1896, ""meas_profile"": ""HP-2"", ""meas_id"": 2, ""hum"": 32.71423, ""gas_res"": 349249.7}, {""temp"": 23.87856, ""step"": 2, ""status"": 1, ""pres"": 979.2865, ""meas_profile"": ""HP-1"", ""meas_id"": 1, ""hum"": 32.33595, ""gas_res"": 250550.5}]}",NULL,"2025-10-29 10:53:09.656333"
14769,"04a600b9b0b8","2025-10-29 10:51:09","LMUqnYNhFuRH58rA9opO","{""bme688"": [{""temp"": 24.32999, ""step"": 1, ""status"": 1, ""pres"": 979.2834, ""meas_profile"": ""HP-8"", ""meas_id"": 8, ""hum"": 32.31881, ""gas_res"": 15810.28}, {""temp"": 24.31273, ""step"": 1, ""status"": 1, ""pres"": 979.4396, ""meas_profile"": ""HP-7"", ""meas_id"": 7, ""hum"": 32.21137, ""gas_res"": 16368.29}, {""temp"": 24.3965, ""step"": 1, ""status"": 1, ""pres"": 979.6334, ""meas_profile"": ""HP-6"", ""meas_id"": 6, ""hum"": 32.1115, ""gas_res"": 25000.0}, {""temp"": 24.31874, ""step"": 1, ""status"": 1, ""pres"": 979.4227, ""meas_profile"": ""HP-5"", ""meas_id"": 5, ""hum"": 32.2734, ""gas_res"": 35874.44}, {""temp"": 24.04188, ""step"": 1, ""status"": 1, ""pres"": 979.4847, ""meas_profile"": ""HP-4"", ""meas_id"": 4, ""hum"": 31.93687, ""gas_res"": 30082.26}, {""temp"": 24.18686, ""step"": 1, ""status"": 1, ""pres"": 979.0168, ""meas_profile"": ""HP-3"", ""meas_id"": 3, ""hum"": 32.41055, ""gas_res"": 25000.0}, {""temp"": 24.10405, ""step"": 1, ""status"": 1, ""pres"": 979.192, ""meas_profile"": ""HP-2"", ""meas_id"": 2, ""hum"": 32.68616, ""gas_res"": 25000.0}, {""temp"": 23.87888, ""step"": 1, ""status"": 1, ""pres"": 979.2869, ""meas_profile"": ""HP-1"", ""meas_id"": 1, ""hum"": 32.28948, ""gas_res"": 25000.0}]}",NULL,"2025-10-29 10:53:10.936779"
14770,"04a600b9b0b8","2025-10-29 10:51:09","LMUqnYNhFuRH58rA9opO","{""bme688"": [{""temp"": 24.32999, ""step"": 0, ""status"": 1, ""pres"": 979.2834, ""meas_profile"": ""HP-8"", ""meas_id"": 8, ""hum"": 32.27357, ""gas_res"": 6961.062}, {""temp"": 24.31242, ""step"": 0, ""status"": 1, ""pres"": 979.4391, ""meas_profile"": ""HP-7"", ""meas_id"": 7, ""hum"": 32.17221, ""gas_res"": 7324.331}, {""temp"": 24.39681, ""step"": 0, ""status"": 1, ""pres"": 979.6356, ""meas_profile"": ""HP-6"", ""meas_id"": 6, ""hum"": 32.08318, ""gas_res"": 8470.09}, {""temp"": 24.31906, ""step"": 0, ""status"": 1, ""pres"": 979.425, ""meas_profile"": ""HP-5"", ""meas_id"": 5, ""hum"": 32.23981, ""gas_res"": 25000.0}, {""temp"": 24.04157, ""step"": 0, ""status"": 1, ""pres"": 979.4858, ""meas_profile"": ""HP-4"", ""meas_id"": 4, ""hum"": 31.91414, ""gas_res"": 17758.05}, {""temp"": 24.18686, ""step"": 0, ""status"": 1, ""pres"": 979.0185, ""meas_profile"": ""HP-3"", ""meas_id"": 3, ""hum"": 32.37647, ""gas_res"": 7249.66}, {""temp"": 24.10374, ""step"": 0, ""status"": 1, ""pres"": 979.1912, ""meas_profile"": ""HP-2"", ""meas_id"": 2, ""hum"": 32.66365, ""gas_res"": 6715.635}, {""temp"": 23.87856, ""step"": 0, ""status"": 1, ""pres"": 979.2883, ""meas_profile"": ""HP-1"", ""meas_id"": 1, ""hum"": 32.29527, ""gas_res"": 7090.627}]}",NULL,"2025-10-29 10:53:12.221193"
14793,"04a600b9b0b8","2025-10-29 10:53:40","LMUqnYNhFuRH58rA9opO","{""zphs01b"": {""voc"": 0, ""temp"": 21.7, ""pm2_5"": 0, ""pm1_0"": 0, ""pm10"": 312, ""o3"": 0.04, ""no2"": 8.71, ""hum"": 0, ""fmhd"": 0, ""co2"": 5000, ""co"": 0.0}, ""smell_b"": {}, ""sfa30"": {""temp"": 24.25, ""hum"": 36.29, ""fmhd"": 0.8}, ""sen5x"": {""voc"": 100.0, ""temp"": 24.37, ""pm4_0"": 4544.8, ""pm2_5"": 4544.8, ""pm1_0"": 4333.7, ""pm10"": 4544.8, ""nox"": 1.0, ""mass_c"": 4492.025, ""hum"": 41.04}, ""scd41"": {""temp"": 23.44053, ""hum"": 44.62654, ""co2"": 633}, ""power_source"": 0, ""mics6814"": {""red_res"": 0, ""no2_res"": 0, ""no2"": 0.17, ""nh3_res"": 0, ""nh3"": 0.73, ""co_res"": 0, ""co"": 44.0}}",NULL,"2025-10-29 10:54:09.878706"
14794,"04a600b9b0b8","2025-10-29 10:53:40","LMUqnYNhFuRH58rA9opO","{""bme688"": [{""temp"": 24.33153, ""step"": 9, ""status"": 1, ""pres"": 979.2842, ""meas_profile"": ""HP-8"", ""meas_id"": 8, ""hum"": 33.837, ""gas_res"": 5684.846}, {""temp"": 24.31211, ""step"": 9, ""status"": 1, ""pres"": 979.4369, ""meas_profile"": ""HP-7"", ""meas_id"": 7, ""hum"": 33.75141, ""gas_res"": 5684.846}, {""temp"": 24.39218, ""step"": 9, ""status"": 1, ""pres"": 979.6212, ""meas_profile"": ""HP-6"", ""meas_id"": 6, ""hum"": 33.61592, ""gas_res"": 7152.437}, {""temp"": 24.31343, ""step"": 9, ""status"": 1, ""pres"": 979.3971, ""meas_profile"": ""HP-5"", ""meas_id"": 5, ""hum"": 33.82238, ""gas_res"": 25000.0}, {""temp"": 24.04188, ""step"": 9, ""status"": 1, ""pres"": 979.4697, ""meas_profile"": ""HP-4"", ""meas_id"": 4, ""hum"": 33.40898, ""gas_res"": 20100.5}, {""temp"": 24.18656, ""step"": 9, ""status"": 1, ""pres"": 979.0114, ""meas_profile"": ""HP-3"", ""meas_id"": 3, ""hum"": 33.8433, ""gas_res"": 7744.434}, {""temp"": 24.10436, ""step"": 9, ""status"": 1, ""pres"": 979.1736, ""meas_profile"": ""HP-2"", ""meas_id"": 2, ""hum"": 34.1146, ""gas_res"": 6732.59}, {""temp"": 23.87856, ""step"": 9, ""status"": 1, ""pres"": 979.2667, ""meas_profile"": ""HP-1"", ""meas_id"": 1, ""hum"": 33.71414, ""gas_res"": 7504.69}]}",NULL,"2025-10-29 10:54:11.097644"
14795,"04a600b9b0b8","2025-10-29 10:53:40","LMUqnYNhFuRH58rA9opO","{""bme688"": [{""temp"": 24.33122, ""step"": 8, ""status"": 1, ""pres"": 979.2836, ""meas_profile"": ""HP-8"", ""meas_id"": 8, ""hum"": 33.83697, ""gas_res"": 5684.846}, {""temp"": 24.31211, ""step"": 8, ""status"": 1, ""pres"": 979.4369, ""meas_profile"": ""HP-7"", ""meas_id"": 7, ""hum"": 33.74576, ""gas_res"": 5684.846}, {""temp"": 24.39248, ""step"": 8, ""status"": 1, ""pres"": 979.6217, ""meas_profile"": ""HP-6"", ""meas_id"": 6, ""hum"": 33.61022, ""gas_res"": 7395.424}, {""temp"": 24.31374, ""step"": 8, ""status"": 1, ""pres"": 979.3976, ""meas_profile"": ""HP-5"", ""meas_id"": 5, ""hum"": 33.81108, ""gas_res"": 25000.0}, {""temp"": 24.04219, ""step"": 8, ""status"": 1, ""pres"": 979.4718, ""meas_profile"": ""HP-4"", ""meas_id"": 4, ""hum"": 33.38033, ""gas_res"": 19637.93}, {""temp"": 24.18625, ""step"": 8, ""status"": 1, ""pres"": 979.0125, ""meas_profile"": ""HP-3"", ""meas_id"": 3, ""hum"": 33.83754, ""gas_res"": 7157.235}, {""temp"": 24.10405, ""step"": 8, ""status"": 1, ""pres"": 979.1749, ""meas_profile"": ""HP-2"", ""meas_id"": 2, ""hum"": 34.09756, ""gas_res"": 6546.645}, {""temp"": 23.87825, ""step"": 8, ""status"": 1, ""pres"": 979.2662, ""meas_profile"": ""HP-1"", ""meas_id"": 1, ""hum"": 33.69064, ""gas_res"": 7515.266}]}",NULL,"2025-10-29 10:54:12.377423"
14796,"04a600b9b0b8","2025-10-29 10:53:40","LMUqnYNhFuRH58rA9opO","{""bme688"": [{""temp"": 24.33061, ""step"": 7, ""status"": 1, ""pres"": 979.2827, ""meas_profile"": ""HP-8"", ""meas_id"": 8, ""hum"": 33.81406, ""gas_res"": 5684.846}, {""temp"": 24.31211, ""step"": 7, ""status"": 1, ""pres"": 979.4369, ""meas_profile"": ""HP-7"", ""meas_id"": 7, ""hum"": 33.76271, ""gas_res"": 5774.089}, {""temp"": 24.39279, ""step"": 7, ""status"": 1, ""pres"": 979.6239, ""meas_profile"": ""HP-6"", ""meas_id"": 6, ""hum"": 33.59879, ""gas_res"": 7568.59}, {""temp"": 24.31405, ""step"": 7, ""status"": 1, ""pres"": 979.3998, ""meas_profile"": ""HP-5"", ""meas_id"": 5, ""hum"": 33.78846, ""gas_res"": 25000.0}, {""temp"": 24.04188, ""step"": 7, ""status"": 1, ""pres"": 979.4713, ""meas_profile"": ""HP-4"", ""meas_id"": 4, ""hum"": 33.38031, ""gas_res"": 18626.31}, {""temp"": 24.18625, ""step"": 7, ""status"": 1, ""pres"": 979.0125, ""meas_profile"": ""HP-3"", ""meas_id"": 3, ""hum"": 33.82033, ""gas_res"": 6805.615}, {""temp"": 24.10405, ""step"": 7, ""status"": 1, ""pres"": 979.1749, ""meas_profile"": ""HP-2"", ""meas_id"": 2, ""hum"": 34.09188, ""gas_res"": 6412.826}, {""temp"": 23.87794, ""step"": 7, ""status"": 1, ""pres"": 979.2676, ""meas_profile"": ""HP-1"", ""meas_id"": 1, ""hum"": 33.67302, ""gas_res"": 7431.491}]}",NULL,"2025-10-29 10:54:13.656604"
14797,"04a600b9b0b8","2025-10-29 10:53:40","LMUqnYNhFuRH58rA9opO","{""bme688"": [{""temp"": 24.33061, ""step"": 6, ""status"": 1, ""pres"": 979.2827, ""meas_profile"": ""HP-8"", ""meas_id"": 8, ""hum"": 33.82549, ""gas_res"": 16048.14}, {""temp"": 24.31211, ""step"": 6, ""status"": 1, ""pres"": 979.4369, ""meas_profile"": ""HP-7"", ""meas_id"": 7, ""hum"": 33.74011, ""gas_res"": 19857.28}, {""temp"": 24.39279, ""step"": 6, ""status"": 1, ""pres"": 979.6239, ""meas_profile"": ""HP-6"", ""meas_id"": 6, ""hum"": 33.59879, ""gas_res"": 35904.63}, {""temp"": 24.31405, ""step"": 6, ""status"": 1, ""pres"": 979.3998, ""meas_profile"": ""HP-5"", ""meas_id"": 5, ""hum"": 33.79412, ""gas_res"": 113074.2}, {""temp"": 24.04157, ""step"": 6, ""status"": 1, ""pres"": 979.4709, ""meas_profile"": ""HP-4"", ""meas_id"": 4, ""hum"": 33.34589, ""gas_res"": 110297.3}, {""temp"": 24.18625, ""step"": 6, ""status"": 1, ""pres"": 979.0125, ""meas_profile"": ""HP-3"", ""meas_id"": 3, ""hum"": 33.82033, ""gas_res"": 38811.4}, {""temp"": 24.10405, ""step"": 6, ""status"": 1, ""pres"": 979.1766, ""meas_profile"": ""HP-2"", ""meas_id"": 2, ""hum"": 34.07487, ""gas_res"": 100000.0}, {""temp"": 23.87794, ""step"": 6, ""status"": 1, ""pres"": 979.2693, ""meas_profile"": ""HP-1"", ""meas_id"": 1, ""hum"": 33.69062, ""gas_res"": 79061.15}]}",NULL,"2025-10-29 10:54:15.03236"
14798,"04a600b9b0b8","2025-10-29 10:53:40","LMUqnYNhFuRH58rA9opO","{""bme688"": [{""temp"": 24.33061, ""step"": 5, ""status"": 1, ""pres"": 979.2845, ""meas_profile"": ""HP-8"", ""meas_id"": 8, ""hum"": 33.81977, ""gas_res"": 16072.33}, {""temp"": 24.31211, ""step"": 5, ""status"": 1, ""pres"": 979.4369, ""meas_profile"": ""HP-7"", ""meas_id"": 7, ""hum"": 33.74011, ""gas_res"": 19783.62}, {""temp"": 24.3931, ""step"": 5, ""status"": 1, ""pres"": 979.6243, ""meas_profile"": ""HP-6"", ""meas_id"": 6, ""hum"": 33.59882, ""gas_res"": 35575.32}, {""temp"": 24.31405, ""step"": 5, ""status"": 1, ""pres"": 979.4015, ""meas_profile"": ""HP-5"", ""meas_id"": 5, ""hum"": 33.81111, ""gas_res"": 111888.1}, {""temp"": 24.04157, ""step"": 5, ""status"": 1, ""pres"": 979.4725, ""meas_profile"": ""HP-4"", ""meas_id"": 4, ""hum"": 33.35735, ""gas_res"": 107721.4}, {""temp"": 24.18625, ""step"": 5, ""status"": 1, ""pres"": 979.0142, ""meas_profile"": ""HP-3"", ""meas_id"": 3, ""hum"": 33.80312, ""gas_res"": 36866.36}, {""temp"": 24.10374, ""step"": 5, ""status"": 1, ""pres"": 979.1777, ""meas_profile"": ""HP-2"", ""meas_id"": 2, ""hum"": 34.08618, ""gas_res"": 91135.63}, {""temp"": 23.87794, ""step"": 5, ""status"": 1, ""pres"": 979.2693, ""meas_profile"": ""HP-1"", ""meas_id"": 1, ""hum"": 33.68475, ""gas_res"": 44061.96}]}",NULL,"2025-10-29 10:54:16.219217"
14799,"04a600b9b0b8","2025-10-29 10:53:40","LMUqnYNhFuRH58rA9opO","{""bme688"": [{""temp"": 24.33061, ""step"": 4, ""status"": 1, ""pres"": 979.2845, ""meas_profile"": ""HP-8"", ""meas_id"": 8, ""hum"": 33.8312, ""gas_res"": 16169.78}, {""temp"": 24.31211, ""step"": 4, ""status"": 1, ""pres"": 979.4369, ""meas_profile"": ""HP-7"", ""meas_id"": 7, ""hum"": 33.74576, ""gas_res"": 20006.25}, {""temp"": 24.39341, ""step"": 4, ""status"": 1, ""pres"": 979.6248, ""meas_profile"": ""HP-6"", ""meas_id"": 6, ""hum"": 33.59312, ""gas_res"": 36270.9}, {""temp"": 24.31405, ""step"": 4, ""status"": 1, ""pres"": 979.4031, ""meas_profile"": ""HP-5"", ""meas_id"": 5, ""hum"": 33.80545, ""gas_res"": 114362.3}, {""temp"": 24.04126, ""step"": 4, ""status"": 1, ""pres"": 979.4734, ""meas_profile"": ""HP-4"", ""meas_id"": 4, ""hum"": 33.36879, ""gas_res"": 107789.5}, {""temp"": 24.18656, ""step"": 4, ""status"": 1, ""pres"": 979.0147, ""meas_profile"": ""HP-3"", ""meas_id"": 3, ""hum"": 33.80315, ""gas_res"": 35222.89}, {""temp"": 24.10374, ""step"": 4, ""status"": 1, ""pres"": 979.1777, ""meas_profile"": ""HP-2"", ""meas_id"": 2, ""hum"": 34.08618, ""gas_res"": 86603.52}, {""temp"": 23.87794, ""step"": 4, ""status"": 1, ""pres"": 979.2712, ""meas_profile"": ""HP-1"", ""meas_id"": 1, ""hum"": 33.66129, ""gas_res"": 41939.71}]}",NULL,"2025-10-29 10:54:17.498984"
14800,"04a600b9b0b8","2025-10-29 10:53:40","LMUqnYNhFuRH58rA9opO","{""bme688"": [{""temp"": 24.3303, ""step"": 3, ""status"": 1, ""pres"": 979.2839, ""meas_profile"": ""HP-8"", ""meas_id"": 8, ""hum"": 33.83688, ""gas_res"": 23477.62}, {""temp"": 24.3118, ""step"": 3, ""status"": 1, ""pres"": 979.438, ""meas_profile"": ""HP-7"", ""meas_id"": 7, ""hum"": 33.76268, ""gas_res"": 29398.25}, {""temp"": 24.3931, ""step"": 3, ""status"": 1, ""pres"": 979.626, ""meas_profile"": ""HP-6"", ""meas_id"": 6, ""hum"": 33.59882, ""gas_res"": 72234.77}, {""temp"": 24.31405, ""step"": 3, ""status"": 1, ""pres"": 979.4031, ""meas_profile"": ""HP-5"", ""meas_id"": 5, ""hum"": 33.79979, ""gas_res"": 149401.8}, {""temp"": 24.04094, ""step"": 3, ""status"": 1, ""pres"": 979.473, ""meas_profile"": ""HP-4"", ""meas_id"": 4, ""hum"": 33.35729, ""gas_res"": 177531.2}, {""temp"": 24.18625, ""step"": 3, ""status"": 1, ""pres"": 979.0142, ""meas_profile"": ""HP-3"", ""meas_id"": 3, ""hum"": 33.8318, ""gas_res"": 83387.63}, {""temp"": 24.10343, ""step"": 3, ""status"": 1, ""pres"": 979.179, ""meas_profile"": ""HP-2"", ""meas_id"": 2, ""hum"": 34.10317, ""gas_res"": 141124.6}, {""temp"": 23.87763, ""step"": 3, ""status"": 1, ""pres"": 979.2706, ""meas_profile"": ""HP-1"", ""meas_id"": 1, ""hum"": 33.67886, ""gas_res"": 107925.8}]}",NULL,"2025-10-29 10:54:18.77873"
14801,"04a600b9b0b8","2025-10-29 10:53:40","LMUqnYNhFuRH58rA9opO","{""bme688"": [{""temp"": 24.33061, ""step"": 2, ""status"": 1, ""pres"": 979.2863, ""meas_profile"": ""HP-8"", ""meas_id"": 8, ""hum"": 33.8312, ""gas_res"": 38988.73}, {""temp"": 24.3118, ""step"": 2, ""status"": 1, ""pres"": 979.438, ""meas_profile"": ""HP-7"", ""meas_id"": 7, ""hum"": 33.76268, ""gas_res"": 54340.9}, {""temp"": 24.3931, ""step"": 2, ""status"": 1, ""pres"": 979.626, ""meas_profile"": ""HP-6"", ""meas_id"": 6, ""hum"": 33.62174, ""gas_res"": 168089.3}, {""temp"": 24.31405, ""step"": 2, ""status"": 1, ""pres"": 979.4048, ""meas_profile"": ""HP-5"", ""meas_id"": 5, ""hum"": 33.80545, ""gas_res"": 403865.1}, {""temp"": 24.04063, ""step"": 2, ""status"": 1, ""pres"": 979.4741, ""meas_profile"": ""HP-4"", ""meas_id"": 4, ""hum"": 33.35726, ""gas_res"": 425514.2}, {""temp"": 24.18594, ""step"": 2, ""status"": 1, ""pres"": 979.0154, ""meas_profile"": ""HP-3"", ""meas_id"": 3, ""hum"": 33.81457, ""gas_res"": 181689.1}, {""temp"": 24.10312, ""step"": 2, ""status"": 1, ""pres"": 979.18, ""meas_profile"": ""HP-2"", ""meas_id"": 2, ""hum"": 34.08613, ""gas_res"": 323130.3}, {""temp"": 23.87732, ""step"": 2, ""status"": 1, ""pres"": 979.272, ""meas_profile"": ""HP-1"", ""meas_id"": 1, ""hum"": 33.68469, ""gas_res"": 238639.0}]}",NULL,"2025-10-29 10:54:20.149655"
14802,"04a600b9b0b8","2025-10-29 10:53:40","LMUqnYNhFuRH58rA9opO","{""bme688"": [{""temp"": 24.33091, ""step"": 1, ""status"": 1, ""pres"": 979.2867, ""meas_profile"": ""HP-8"", ""meas_id"": 8, ""hum"": 33.83694, ""gas_res"": 9436.744}, {""temp"": 24.31242, ""step"": 1, ""status"": 1, ""pres"": 979.4391, ""meas_profile"": ""HP-7"", ""meas_id"": 7, ""hum"": 33.76838, ""gas_res"": 10836.44}, {""temp"": 24.39341, ""step"": 1, ""status"": 1, ""pres"": 979.6266, ""meas_profile"": ""HP-6"", ""meas_id"": 6, ""hum"": 33.62749, ""gas_res"": 25000.0}, {""temp"": 24.31437, ""step"": 1, ""status"": 1, ""pres"": 979.4054, ""meas_profile"": ""HP-5"", ""meas_id"": 5, ""hum"": 33.82813, ""gas_res"": 33639.95}, {""temp"": 24.04063, ""step"": 1, ""status"": 1, ""pres"": 979.4741, ""meas_profile"": ""HP-4"", ""meas_id"": 4, ""hum"": 33.36872, ""gas_res"": 29237.09}, {""temp"": 24.18594, ""step"": 1, ""status"": 1, ""pres"": 979.0154, ""meas_profile"": ""HP-3"", ""meas_id"": 3, ""hum"": 33.82604, ""gas_res"": 25000.0}, {""temp"": 24.10343, ""step"": 1, ""status"": 1, ""pres"": 979.1807, ""meas_profile"": ""HP-2"", ""meas_id"": 2, ""hum"": 34.08615, ""gas_res"": 25000.0}, {""temp"": 23.87732, ""step"": 1, ""status"": 1, ""pres"": 979.2738, ""meas_profile"": ""HP-1"", ""meas_id"": 1, ""hum"": 33.68469, ""gas_res"": 25000.0}]}",NULL,"2025-10-29 10:54:21.33675"
14803,"04a600b9b0b8","2025-10-29 10:53:40","LMUqnYNhFuRH58rA9opO","{""bme688"": [{""temp"": 24.33091, ""step"": 0, ""status"": 1, ""pres"": 979.2867, ""meas_profile"": ""HP-8"", ""meas_id"": 8, ""hum"": 33.84266, ""gas_res"": 5971.263}, {""temp"": 24.31242, ""step"": 0, ""status"": 1, ""pres"": 979.4391, ""meas_profile"": ""HP-7"", ""meas_id"": 7, ""hum"": 33.76273, ""gas_res"": 6853.716}, {""temp"": 24.39372, ""step"": 0, ""status"": 1, ""pres"": 979.629, ""meas_profile"": ""HP-6"", ""meas_id"": 6, ""hum"": 33.6218, ""gas_res"": 8305.217}, {""temp"": 24.31499, ""step"": 0, ""status"": 1, ""pres"": 979.4081, ""meas_profile"": ""HP-5"", ""meas_id"": 5, ""hum"": 33.82253, ""gas_res"": 25000.0}, {""temp"": 24.04063, ""step"": 0, ""status"": 1, ""pres"": 979.4757, ""meas_profile"": ""HP-4"", ""meas_id"": 4, ""hum"": 33.38019, ""gas_res"": 18724.4}, {""temp"": 24.18594, ""step"": 0, ""status"": 1, ""pres"": 979.0171, ""meas_profile"": ""HP-3"", ""meas_id"": 3, ""hum"": 33.83751, ""gas_res"": 6632.125}, {""temp"": 24.10312, ""step"": 0, ""status"": 1, ""pres"": 979.1818, ""meas_profile"": ""HP-2"", ""meas_id"": 2, ""hum"": 34.0918, ""gas_res"": 6008.261}, {""temp"": 23.87701, ""step"": 0, ""status"": 1, ""pres"": 979.2751, ""meas_profile"": ""HP-1"", ""meas_id"": 1, ""hum"": 33.67293, ""gas_res"": 7239.819}]}",NULL,"2025-10-29 10:54:22.616754"
14804,"04a600b9b0b8","2025-10-29 10:54:48","LMUqnYNhFuRH58rA9opO","{""zphs01b"": {""voc"": 0, ""temp"": 21.7, ""pm2_5"": 0, ""pm1_0"": 0, ""pm10"": 315, ""o3"": 0.03, ""no2"": 9.179999, ""hum"": 0, ""fmhd"": 0, ""co2"": 5000, ""co"": 0.0}, ""smell_b"": {}, ""sfa30"": {""temp"": 24.275, ""hum"": 36.41, ""fmhd"": 1.0}, ""sen5x"": {""voc"": 86.0, ""temp"": 24.26, ""pm4_0"": 4461.9, ""pm2_5"": 4461.9, ""pm1_0"": 4254.7, ""pm10"": 4461.9, ""nox"": 1.0, ""mass_c"": 4410.1, ""hum"": 41.41}, ""scd41"": {""temp"": 23.61677, ""hum"": 44.77913, ""co2"": 638}, ""power_source"": 0, ""mics6814"": {""red_res"": 0, ""no2_res"": 0, ""no2"": 0.17, ""nh3_res"": 0, ""nh3"": 0.73, ""co_res"": 0, ""co"": 44.0}}",NULL,"2025-10-29 10:55:25.286856"
14805,"04a600b9b0b8","2025-10-29 10:54:48","LMUqnYNhFuRH58rA9opO","{""bme688"": [{""temp"": 24.33524, ""step"": 9, ""status"": 1, ""pres"": 979.2776, ""meas_profile"": ""HP-8"", ""meas_id"": 8, ""hum"": 33.88307, ""gas_res"": 5684.846}, {""temp"": 24.31366, ""step"": 9, ""status"": 1, ""pres"": 979.4309, ""meas_profile"": ""HP-7"", ""meas_id"": 7, ""hum"": 33.84198, ""gas_res"": 6136.146}, {""temp"": 24.39125, ""step"": 9, ""status"": 1, ""pres"": 979.6077, ""meas_profile"": ""HP-6"", ""meas_id"": 6, ""hum"": 33.6273, ""gas_res"": 8524.241}, {""temp"": 24.31124, ""step"": 9, ""status"": 1, ""pres"": 979.3748, ""meas_profile"": ""HP-5"", ""meas_id"": 5, ""hum"": 33.86183, ""gas_res"": 25000.0}, {""temp"": 24.04312, ""step"": 9, ""status"": 1, ""pres"": 979.4515, ""meas_profile"": ""HP-4"", ""meas_id"": 4, ""hum"": 33.40335, ""gas_res"": 25000.0}, {""temp"": 24.18748, ""step"": 9, ""status"": 1, ""pres"": 979.001, ""meas_profile"": ""HP-3"", ""meas_id"": 3, ""hum"": 33.85486, ""gas_res"": 7176.497}, {""temp"": 24.10592, ""step"": 9, ""status"": 1, ""pres"": 979.1594, ""meas_profile"": ""HP-2"", ""meas_id"": 2, ""hum"": 34.13177, ""gas_res"": 9192.761}, {""temp"": 23.88012, ""step"": 9, ""status"": 1, ""pres"": 979.251, ""meas_profile"": ""HP-1"", ""meas_id"": 1, ""hum"": 33.74363, ""gas_res"": 6809.959}]}",NULL,"2025-10-29 10:55:26.725691"
14806,"04a600b9b0b8","2025-10-29 10:54:48","LMUqnYNhFuRH58rA9opO","{""bme688"": [{""temp"": 24.33462, ""step"": 8, ""status"": 1, ""pres"": 979.2766, ""meas_profile"": ""HP-8"", ""meas_id"": 8, ""hum"": 33.91732, ""gas_res"": 5684.846}, {""temp"": 24.31366, ""step"": 8, ""status"": 1, ""pres"": 979.4309, ""meas_profile"": ""HP-7"", ""meas_id"": 7, ""hum"": 33.83633, ""gas_res"": 6111.536}, {""temp"": 24.39156, ""step"": 8, ""status"": 1, ""pres"": 979.6082, ""meas_profile"": ""HP-6"", ""meas_id"": 6, ""hum"": 33.65598, ""gas_res"": 8849.558}, {""temp"": 24.31124, ""step"": 8, ""status"": 1, ""pres"": 979.3765, ""meas_profile"": ""HP-5"", ""meas_id"": 5, ""hum"": 33.86183, ""gas_res"": 25000.0}, {""temp"": 24.04312, ""step"": 8, ""status"": 1, ""pres"": 979.4515, ""meas_profile"": ""HP-4"", ""meas_id"": 4, ""hum"": 33.42056, ""gas_res"": 25000.0}, {""temp"": 24.18779, ""step"": 8, ""status"": 1, ""pres"": 979.0015, ""meas_profile"": ""HP-3"", ""meas_id"": 3, ""hum"": 33.86636, ""gas_res"": 6809.959}, {""temp"": 24.10592, ""step"": 8, ""status"": 1, ""pres"": 979.1611, ""meas_profile"": ""HP-2"", ""meas_id"": 2, ""hum"": 34.15447, ""gas_res"": 9305.03}, {""temp"": 23.88043, ""step"": 8, ""status"": 1, ""pres"": 979.2514, ""meas_profile"": ""HP-1"", ""meas_id"": 1, ""hum"": 33.73778, ""gas_res"": 7039.155}]}",NULL,"2025-10-29 10:55:27.896986"
14807,"04a600b9b0b8","2025-10-29 10:54:48","LMUqnYNhFuRH58rA9opO","{""bme688"": [{""temp"": 24.33431, ""step"": 7, ""status"": 1, ""pres"": 979.278, ""meas_profile"": ""HP-8"", ""meas_id"": 8, ""hum"": 33.91157, ""gas_res"": 5684.846}, {""temp"": 24.31335, ""step"": 7, ""status"": 1, ""pres"": 979.4304, ""meas_profile"": ""HP-7"", ""meas_id"": 7, ""hum"": 33.8363, ""gas_res"": 6132.618}, {""temp"": 24.39156, ""step"": 7, ""status"": 1, ""pres"": 979.6082, ""meas_profile"": ""HP-6"", ""meas_id"": 6, ""hum"": 33.66744, ""gas_res"": 9014.085}, {""temp"": 24.31155, ""step"": 7, ""status"": 1, ""pres"": 979.3787, ""meas_profile"": ""HP-5"", ""meas_id"": 5, ""hum"": 33.87318, ""gas_res"": 25000.0}, {""temp"": 24.04312, ""step"": 7, ""status"": 1, ""pres"": 979.4532, ""meas_profile"": ""HP-4"", ""meas_id"": 4, ""hum"": 33.42056, ""gas_res"": 25000.0}, {""temp"": 24.18779, ""step"": 7, ""status"": 1, ""pres"": 979.0032, ""meas_profile"": ""HP-3"", ""meas_id"": 3, ""hum"": 33.8721, ""gas_res"": 6736.842}, {""temp"": 24.10623, ""step"": 7, ""status"": 1, ""pres"": 979.1615, ""meas_profile"": ""HP-2"", ""meas_id"": 2, ""hum"": 34.14315, ""gas_res"": 9153.318}, {""temp"": 23.88043, ""step"": 7, ""status"": 1, ""pres"": 979.2532, ""meas_profile"": ""HP-1"", ""meas_id"": 1, ""hum"": 33.75539, ""gas_res"": 7205.584}]}",NULL,"2025-10-29 10:55:29.178162"
14808,"04a600b9b0b8","2025-10-29 10:54:48","LMUqnYNhFuRH58rA9opO","{""bme688"": [{""temp"": 24.334, ""step"": 6, ""status"": 1, ""pres"": 979.2774, ""meas_profile"": ""HP-8"", ""meas_id"": 8, ""hum"": 33.91726, ""gas_res"": 15880.89}, {""temp"": 24.31304, ""step"": 6, ""status"": 1, ""pres"": 979.4316, ""meas_profile"": ""HP-7"", ""meas_id"": 7, ""hum"": 33.84192, ""gas_res"": 20785.97}, {""temp"": 24.39156, ""step"": 6, ""status"": 1, ""pres"": 979.6099, ""meas_profile"": ""HP-6"", ""meas_id"": 6, ""hum"": 33.66171, ""gas_res"": 44061.96}, {""temp"": 24.31186, ""step"": 6, ""status"": 1, ""pres"": 979.3792, ""meas_profile"": ""HP-5"", ""meas_id"": 5, ""hum"": 33.85622, ""gas_res"": 155528.5}, {""temp"": 24.04312, ""step"": 6, ""status"": 1, ""pres"": 979.4532, ""meas_profile"": ""HP-4"", ""meas_id"": 4, ""hum"": 33.4263, ""gas_res"": 158563.0}, {""temp"": 24.18779, ""step"": 6, ""status"": 1, ""pres"": 979.0032, ""meas_profile"": ""HP-3"", ""meas_id"": 3, ""hum"": 33.87784, ""gas_res"": 100000.0}, {""temp"": 24.10592, ""step"": 6, ""status"": 1, ""pres"": 979.1611, ""meas_profile"": ""HP-2"", ""meas_id"": 2, ""hum"": 34.13177, ""gas_res"": 124453.1}, {""temp"": 23.88012, ""step"": 6, ""status"": 1, ""pres"": 979.2527, ""meas_profile"": ""HP-1"", ""meas_id"": 1, ""hum"": 33.74363, ""gas_res"": 98689.28}]}",NULL,"2025-10-29 10:55:30.457156"
14809,"04a600b9b0b8","2025-10-29 10:54:48","LMUqnYNhFuRH58rA9opO","{""bme688"": [{""temp"": 24.334, ""step"": 5, ""status"": 1, ""pres"": 979.2791, ""meas_profile"": ""HP-8"", ""meas_id"": 8, ""hum"": 33.91726, ""gas_res"": 15636.45}, {""temp"": 24.31304, ""step"": 5, ""status"": 1, ""pres"": 979.4316, ""meas_profile"": ""HP-7"", ""meas_id"": 7, ""hum"": 33.84757, ""gas_res"": 20645.16}, {""temp"": 24.39156, ""step"": 5, ""status"": 1, ""pres"": 979.6099, ""meas_profile"": ""HP-6"", ""meas_id"": 6, ""hum"": 33.65598, ""gas_res"": 43971.14}, {""temp"": 24.31186, ""step"": 5, ""status"": 1, ""pres"": 979.3809, ""meas_profile"": ""HP-5"", ""meas_id"": 5, ""hum"": 33.87321, ""gas_res"": 154823.1}, {""temp"": 24.04343, ""step"": 5, ""status"": 1, ""pres"": 979.4554, ""meas_profile"": ""HP-4"", ""meas_id"": 4, ""hum"": 33.43206, ""gas_res"": 158268.9}, {""temp"": 24.18779, ""step"": 5, ""status"": 1, ""pres"": 979.0049, ""meas_profile"": ""HP-3"", ""meas_id"": 3, ""hum"": 33.8721, ""gas_res"": 93023.26}, {""temp"": 24.10592, ""step"": 5, ""status"": 1, ""pres"": 979.1627, ""meas_profile"": ""HP-2"", ""meas_id"": 2, ""hum"": 34.14312, ""gas_res"": 121269.5}, {""temp"": 23.88012, ""step"": 5, ""status"": 1, ""pres"": 979.2546, ""meas_profile"": ""HP-1"", ""meas_id"": 1, ""hum"": 33.74363, ""gas_res"": 95167.29}]}",NULL,"2025-10-29 10:55:31.831057"
14810,"04a600b9b0b8","2025-10-29 10:54:48","LMUqnYNhFuRH58rA9opO","{""bme688"": [{""temp"": 24.334, ""step"": 4, ""status"": 1, ""pres"": 979.2791, ""meas_profile"": ""HP-8"", ""meas_id"": 8, ""hum"": 33.91726, ""gas_res"": 15377.22}, {""temp"": 24.31273, ""step"": 4, ""status"": 1, ""pres"": 979.4311, ""meas_profile"": ""HP-7"", ""meas_id"": 7, ""hum"": 33.82493, ""gas_res"": 20388.66}, {""temp"": 24.39156, ""step"": 4, ""status"": 1, ""pres"": 979.6116, ""meas_profile"": ""HP-6"", ""meas_id"": 6, ""hum"": 33.6789, ""gas_res"": 44336.68}, {""temp"": 24.31218, ""step"": 4, ""status"": 1, ""pres"": 979.3831, ""meas_profile"": ""HP-5"", ""meas_id"": 5, ""hum"": 33.88457, ""gas_res"": 156958.9}, {""temp"": 24.04343, ""step"": 4, ""status"": 1, ""pres"": 979.4571, ""meas_profile"": ""HP-4"", ""meas_id"": 4, ""hum"": 33.43206, ""gas_res"": 160200.3}, {""temp"": 24.1881, ""step"": 4, ""status"": 1, ""pres"": 979.0054, ""meas_profile"": ""HP-3"", ""meas_id"": 3, ""hum"": 33.90081, ""gas_res"": 90077.41}, {""temp"": 24.10561, ""step"": 4, ""status"": 1, ""pres"": 979.1638, ""meas_profile"": ""HP-2"", ""meas_id"": 2, ""hum"": 34.14309, ""gas_res"": 118655.9}, {""temp"": 23.88043, ""step"": 4, ""status"": 1, ""pres"": 979.2551, ""meas_profile"": ""HP-1"", ""meas_id"": 1, ""hum"": 33.75539, ""gas_res"": 100000.0}]}",NULL,"2025-10-29 10:55:33.016412"
14811,"04a600b9b0b8","2025-10-29 10:54:48","LMUqnYNhFuRH58rA9opO","{""bme688"": [{""temp"": 24.33369, ""step"": 3, ""status"": 1, ""pres"": 979.2787, ""meas_profile"": ""HP-8"", ""meas_id"": 8, ""hum"": 33.94583, ""gas_res"": 8776.741}, {""temp"": 24.31273, ""step"": 3, ""status"": 1, ""pres"": 979.4311, ""meas_profile"": ""HP-7"", ""meas_id"": 7, ""hum"": 33.8645, ""gas_res"": 10936.43}, {""temp"": 24.39156, ""step"": 3, ""status"": 1, ""pres"": 979.6116, ""meas_profile"": ""HP-6"", ""meas_id"": 6, ""hum"": 33.6961, ""gas_res"": 26661.11}, {""temp"": 24.31186, ""step"": 3, ""status"": 0, ""pres"": 979.3826, ""meas_profile"": ""HP-5"", ""meas_id"": 5, ""hum"": 33.90155, ""gas_res"": 55184.31}, {""temp"": 24.04312, ""step"": 3, ""status"": 1, ""pres"": 979.4565, ""meas_profile"": ""HP-4"", ""meas_id"": 4, ""hum"": 33.44924, ""gas_res"": 55471.29}, {""temp"": 24.18779, ""step"": 3, ""status"": 1, ""pres"": 979.0066, ""meas_profile"": ""HP-3"", ""meas_id"": 3, ""hum"": 33.90652, ""gas_res"": 36739.38}, {""temp"": 24.1053, ""step"": 3, ""status"": 1, ""pres"": 979.1633, ""meas_profile"": ""HP-2"", ""meas_id"": 2, ""hum"": 34.16008, ""gas_res"": 56164.98}, {""temp"": 23.88012, ""step"": 3, ""status"": 1, ""pres"": 979.2564, ""meas_profile"": ""HP-1"", ""meas_id"": 1, ""hum"": 33.77884, ""gas_res"": 37187.68}]}",NULL,"2025-10-29 10:55:34.298541"
14812,"04a600b9b0b8","2025-10-29 10:54:48","LMUqnYNhFuRH58rA9opO","{""bme688"": [{""temp"": 24.33369, ""step"": 2, ""status"": 1, ""pres"": 979.2805, ""meas_profile"": ""HP-8"", ""meas_id"": 8, ""hum"": 33.94583, ""gas_res"": 32024.02}, {""temp"": 24.31242, ""step"": 2, ""status"": 1, ""pres"": 979.4323, ""meas_profile"": ""HP-7"", ""meas_id"": 7, ""hum"": 33.85317, ""gas_res"": 45038.71}, {""temp"": 24.39125, ""step"": 2, ""status"": 1, ""pres"": 979.6111, ""meas_profile"": ""HP-6"", ""meas_id"": 6, ""hum"": 33.69606, ""gas_res"": 181303.1}, {""temp"": 24.31186, ""step"": 2, ""status"": 1, ""pres"": 979.3843, ""meas_profile"": ""HP-5"", ""meas_id"": 5, ""hum"": 33.91855, ""gas_res"": 478952.3}, {""temp"": 24.04281, ""step"": 2, ""status"": 1, ""pres"": 979.4578, ""meas_profile"": ""HP-4"", ""meas_id"": 4, ""hum"": 33.45495, ""gas_res"": 566841.9}, {""temp"": 24.18779, ""step"": 2, ""status"": 1, ""pres"": 979.0066, ""meas_profile"": ""HP-3"", ""meas_id"": 3, ""hum"": 33.91227, ""gas_res"": 267432.8}, {""temp"": 24.10498, ""step"": 2, ""status"": 1, ""pres"": 979.1627, ""meas_profile"": ""HP-2"", ""meas_id"": 2, ""hum"": 34.17141, ""gas_res"": 484733.7}, {""temp"": 23.87981, ""step"": 2, ""status"": 1, ""pres"": 979.2559, ""meas_profile"": ""HP-1"", ""meas_id"": 1, ""hum"": 33.7788, ""gas_res"": 364153.6}]}",NULL,"2025-10-29 10:55:35.577979"
14813,"04a600b9b0b8","2025-10-29 10:54:48","LMUqnYNhFuRH58rA9opO","{""bme688"": [{""temp"": 24.33369, ""step"": 1, ""status"": 1, ""pres"": 979.2805, ""meas_profile"": ""HP-8"", ""meas_id"": 8, ""hum"": 33.94583, ""gas_res"": 8648.648}, {""temp"": 24.31273, ""step"": 1, ""status"": 1, ""pres"": 979.4328, ""meas_profile"": ""HP-7"", ""meas_id"": 7, ""hum"": 33.88147, ""gas_res"": 10536.71}, {""temp"": 24.39125, ""step"": 1, ""status"": 1, ""pres"": 979.6128, ""meas_profile"": ""HP-6"", ""meas_id"": 6, ""hum"": 33.719, ""gas_res"": 25000.0}, {""temp"": 24.31218, ""step"": 1, ""status"": 1, ""pres"": 979.3848, ""meas_profile"": ""HP-5"", ""meas_id"": 5, ""hum"": 33.92424, ""gas_res"": 43790.63}, {""temp"": 24.04312, ""step"": 1, ""status"": 1, ""pres"": 979.4599, ""meas_profile"": ""HP-4"", ""meas_id"": 4, ""hum"": 33.47218, ""gas_res"": 39714.55}, {""temp"": 24.18779, ""step"": 1, ""status"": 1, ""pres"": 979.0083, ""meas_profile"": ""HP-3"", ""meas_id"": 3, ""hum"": 33.91227, ""gas_res"": 23607.53}, {""temp"": 24.1053, ""step"": 1, ""status"": 1, ""pres"": 979.1652, ""meas_profile"": ""HP-2"", ""meas_id"": 2, ""hum"": 34.19414, ""gas_res"": 35724.25}, {""temp"": 23.88012, ""step"": 1, ""status"": 1, ""pres"": 979.2564, ""meas_profile"": ""HP-1"", ""meas_id"": 1, ""hum"": 33.77297, ""gas_res"": 25682.18}]}",NULL,"2025-10-29 10:55:36.948335"
14814,"04a600b9b0b8","2025-10-29 10:54:48","LMUqnYNhFuRH58rA9opO","{""bme688"": [{""temp"": 24.33308, ""step"": 0, ""status"": 1, ""pres"": 979.2795, ""meas_profile"": ""HP-8"", ""meas_id"": 8, ""hum"": 33.97437, ""gas_res"": 5684.846}, {""temp"": 24.31242, ""step"": 0, ""status"": 1, ""pres"": 979.4323, ""meas_profile"": ""HP-7"", ""meas_id"": 7, ""hum"": 33.89275, ""gas_res"": 6389.776}, {""temp"": 24.39156, ""step"": 0, ""status"": 1, ""pres"": 979.6133, ""meas_profile"": ""HP-6"", ""meas_id"": 6, ""hum"": 33.7305, ""gas_res"": 9098.664}, {""temp"": 24.31218, ""step"": 0, ""status"": 1, ""pres"": 979.3865, ""meas_profile"": ""HP-5"", ""meas_id"": 5, ""hum"": 33.95259, ""gas_res"": 25000.0}, {""temp"": 24.04312, ""step"": 0, ""status"": 1, ""pres"": 979.4599, ""meas_profile"": ""HP-4"", ""meas_id"": 4, ""hum"": 33.48366, ""gas_res"": 25000.0}, {""temp"": 24.18779, ""step"": 0, ""status"": 1, ""pres"": 979.0083, ""meas_profile"": ""HP-3"", ""meas_id"": 3, ""hum"": 33.918, ""gas_res"": 6498.781}, {""temp"": 24.1053, ""step"": 0, ""status"": 1, ""pres"": 979.1652, ""meas_profile"": ""HP-2"", ""meas_id"": 2, ""hum"": 34.18846, ""gas_res"": 8798.46}, {""temp"": 23.88012, ""step"": 0, ""status"": 1, ""pres"": 979.2583, ""meas_profile"": ""HP-1"", ""meas_id"": 1, ""hum"": 33.79645, ""gas_res"": 6762.468}]}",NULL,"2025-10-29 10:55:38.136584"
14815,"04a600b9b0b8","2025-10-29 10:54:21","LMUqnYNhFuRH58rA9opO","{""zphs01b"": {""voc"": 0, ""temp"": 21.7, ""pm2_5"": 0, ""pm1_0"": 0, ""pm10"": 315, ""o3"": 0.03, ""no2"": 10.0, ""hum"": 0, ""fmhd"": 0, ""co2"": 5000, ""co"": 0.0}, ""smell_b"": {}, ""sfa30"": {""temp"": 24.26, ""hum"": 36.47, ""fmhd"": 0.8}, ""sen5x"": {""voc"": 91.0, ""temp"": 24.3, ""pm4_0"": 4762.2, ""pm2_5"": 4762.2, ""pm1_0"": 4541.0, ""pm10"": 4762.2, ""nox"": 1.0, ""mass_c"": 4706.9, ""hum"": 41.33}, ""scd41"": {""temp"": 23.53399, ""hum"": 44.73335, ""co2"": 637}, ""power_source"": 0, ""mics6814"": {""red_res"": 0, ""no2_res"": 0, ""no2"": 0.17, ""nh3_res"": 0, ""nh3"": 0.73, ""co_res"": 0, ""co"": 44.0}}",NULL,"2025-10-29 10:55:39.314837"
14816,"04a600b9b0b8","2025-10-29 10:54:21","LMUqnYNhFuRH58rA9opO","{""bme688"": [{""temp"": 24.33308, ""step"": 9, ""status"": 1, ""pres"": 979.2812, ""meas_profile"": ""HP-8"", ""meas_id"": 8, ""hum"": 33.95149, ""gas_res"": 5684.846}, {""temp"": 24.31242, ""step"": 9, ""status"": 1, ""pres"": 979.434, ""meas_profile"": ""HP-7"", ""meas_id"": 7, ""hum"": 33.8871, ""gas_res"": 5761.613}, {""temp"": 24.39156, ""step"": 9, ""status"": 1, ""pres"": 979.6133, ""meas_profile"": ""HP-6"", ""meas_id"": 6, ""hum"": 33.7133, ""gas_res"": 7655.502}, {""temp"": 24.31249, ""step"": 9, ""status"": 1, ""pres"": 979.387, ""meas_profile"": ""HP-5"", ""meas_id"": 5, ""hum"": 33.92995, ""gas_res"": 25000.0}, {""temp"": 24.04312, ""step"": 9, ""status"": 1, ""pres"": 979.4615, ""meas_profile"": ""HP-4"", ""meas_id"": 4, ""hum"": 33.47792, ""gas_res"": 23180.01}, {""temp"": 24.18748, ""step"": 9, ""status"": 1, ""pres"": 979.0078, ""meas_profile"": ""HP-3"", ""meas_id"": 3, ""hum"": 33.92371, ""gas_res"": 6295.495}, {""temp"": 24.1053, ""step"": 9, ""status"": 1, ""pres"": 979.1668, ""meas_profile"": ""HP-2"", ""meas_id"": 2, ""hum"": 34.18846, ""gas_res"": 7852.761}, {""temp"": 23.88012, ""step"": 9, ""status"": 1, ""pres"": 979.2601, ""meas_profile"": ""HP-1"", ""meas_id"": 1, ""hum"": 33.76711, ""gas_res"": 5938.022}]}",NULL,"2025-10-29 10:55:40.698225"
14817,"04a600b9b0b8","2025-10-29 10:54:21","LMUqnYNhFuRH58rA9opO","{""bme688"": [{""temp"": 24.33246, ""step"": 8, ""status"": 1, ""pres"": 979.2802, ""meas_profile"": ""HP-8"", ""meas_id"": 8, ""hum"": 33.97431, ""gas_res"": 5684.846}, {""temp"": 24.31242, ""step"": 8, ""status"": 1, ""pres"": 979.434, ""meas_profile"": ""HP-7"", ""meas_id"": 7, ""hum"": 33.89275, ""gas_res"": 5827.718}, {""temp"": 24.39187, ""step"": 8, ""status"": 1, ""pres"": 979.6156, ""meas_profile"": ""HP-6"", ""meas_id"": 6, ""hum"": 33.71906, ""gas_res"": 8060.454}, {""temp"": 24.3128, ""step"": 8, ""status"": 1, ""pres"": 979.3875, ""meas_profile"": ""HP-5"", ""meas_id"": 5, ""hum"": 33.91864, ""gas_res"": 25000.0}, {""temp"": 24.04312, ""step"": 8, ""status"": 1, ""pres"": 979.4615, ""meas_profile"": ""HP-4"", ""meas_id"": 4, ""hum"": 33.47218, ""gas_res"": 22955.52}, {""temp"": 24.18748, ""step"": 8, ""status"": 1, ""pres"": 979.0094, ""meas_profile"": ""HP-3"", ""meas_id"": 3, ""hum"": 33.92945, ""gas_res"": 6066.351}, {""temp"": 24.1053, ""step"": 8, ""status"": 1, ""pres"": 979.1668, ""meas_profile"": ""HP-2"", ""meas_id"": 2, ""hum"": 34.19414, ""gas_res"": 8066.549}, {""temp"": 23.87981, ""step"": 8, ""status"": 1, ""pres"": 979.2595, ""meas_profile"": ""HP-1"", ""meas_id"": 1, ""hum"": 33.7788, ""gas_res"": 6243.902}]}",NULL,"2025-10-29 10:55:42.070561"
14818,"04a600b9b0b8","2025-10-29 10:54:21","LMUqnYNhFuRH58rA9opO","{""bme688"": [{""temp"": 24.33215, ""step"": 7, ""status"": 1, ""pres"": 979.2796, ""meas_profile"": ""HP-8"", ""meas_id"": 8, ""hum"": 33.99144, ""gas_res"": 5684.846}, {""temp"": 24.31242, ""step"": 7, ""status"": 1, ""pres"": 979.434, ""meas_profile"": ""HP-7"", ""meas_id"": 7, ""hum"": 33.90972, ""gas_res"": 5859.732}, {""temp"": 24.39187, ""step"": 7, ""status"": 1, ""pres"": 979.6156, ""meas_profile"": ""HP-6"", ""meas_id"": 6, ""hum"": 33.71906, ""gas_res"": 8247.423}, {""temp"": 24.3128, ""step"": 7, ""status"": 1, ""pres"": 979.3892, ""meas_profile"": ""HP-5"", ""meas_id"": 5, ""hum"": 33.93564, ""gas_res"": 25000.0}, {""temp"": 24.04312, ""step"": 7, ""status"": 1, ""pres"": 979.4633, ""meas_profile"": ""HP-4"", ""meas_id"": 4, ""hum"": 33.46645, ""gas_res"": 22145.33}, {""temp"": 24.18717, ""step"": 7, ""status"": 1, ""pres"": 979.009, ""meas_profile"": ""HP-3"", ""meas_id"": 3, ""hum"": 33.92942, ""gas_res"": 8134.214}, {""temp"": 24.10561, ""step"": 7, ""status"": 1, ""pres"": 979.1688, ""meas_profile"": ""HP-2"", ""meas_id"": 2, ""hum"": 34.19417, ""gas_res"": 7870.143}, {""temp"": 23.8795, ""step"": 7, ""status"": 1, ""pres"": 979.2609, ""meas_profile"": ""HP-1"", ""meas_id"": 1, ""hum"": 33.79052, ""gas_res"": 6306.662}]}",NULL,"2025-10-29 10:55:43.260576"
14819,"04a600b9b0b8","2025-10-29 10:54:21","LMUqnYNhFuRH58rA9opO","{""bme688"": [{""temp"": 24.33215, ""step"": 6, ""status"": 1, ""pres"": 979.2814, ""meas_profile"": ""HP-8"", ""meas_id"": 8, ""hum"": 33.96856, ""gas_res"": 15289.06}, {""temp"": 24.31242, ""step"": 6, ""status"": 1, ""pres"": 979.434, ""meas_profile"": ""HP-7"", ""meas_id"": 7, ""hum"": 33.89275, ""gas_res"": 19458.8}, {""temp"": 24.39187, ""step"": 6, ""status"": 1, ""pres"": 979.6156, ""meas_profile"": ""HP-6"", ""meas_id"": 6, ""hum"": 33.73626, ""gas_res"": 38496.24}, {""temp"": 24.3128, ""step"": 6, ""status"": 1, ""pres"": 979.3892, ""meas_profile"": ""HP-5"", ""meas_id"": 5, ""hum"": 33.95265, ""gas_res"": 129653.1}, {""temp"": 24.04312, ""step"": 6, ""status"": 1, ""pres"": 979.4649, ""meas_profile"": ""HP-4"", ""meas_id"": 4, ""hum"": 33.47218, ""gas_res"": 130545.6}, {""temp"": 24.18717, ""step"": 6, ""status"": 1, ""pres"": 979.009, ""meas_profile"": ""HP-3"", ""meas_id"": 3, ""hum"": 33.9409, ""gas_res"": 46010.07}, {""temp"": 24.1053, ""step"": 6, ""status"": 1, ""pres"": 979.1685, ""meas_profile"": ""HP-2"", ""meas_id"": 2, ""hum"": 34.19981, ""gas_res"": 96567.34}, {""temp"": 23.87981, ""step"": 6, ""status"": 1, ""pres"": 979.2614, ""meas_profile"": ""HP-1"", ""meas_id"": 1, ""hum"": 33.79055, ""gas_res"": 100000.0}]}",NULL,"2025-10-29 10:55:44.538534"
14820,"04a600b9b0b8","2025-10-29 10:54:21","LMUqnYNhFuRH58rA9opO","{""bme688"": [{""temp"": 24.33215, ""step"": 5, ""status"": 1, ""pres"": 979.2814, ""meas_profile"": ""HP-8"", ""meas_id"": 8, ""hum"": 33.98, ""gas_res"": 15180.27}, {""temp"": 24.31211, ""step"": 5, ""status"": 1, ""pres"": 979.4334, ""meas_profile"": ""HP-7"", ""meas_id"": 7, ""hum"": 33.91535, ""gas_res"": 19265.5}, {""temp"": 24.39218, ""step"": 5, ""status"": 1, ""pres"": 979.6177, ""meas_profile"": ""HP-6"", ""meas_id"": 6, ""hum"": 33.75349, ""gas_res"": 38357.8}, {""temp"": 24.3128, ""step"": 5, ""status"": 1, ""pres"": 979.3908, ""meas_profile"": ""HP-5"", ""meas_id"": 5, ""hum"": 33.93564, ""gas_res"": 128096.1}, {""temp"": 24.04281, ""step"": 5, ""status"": 1, ""pres"": 979.4645, ""meas_profile"": ""HP-4"", ""meas_id"": 4, ""hum"": 33.48937, ""gas_res"": 128000.0}, {""temp"": 24.18748, ""step"": 5, ""status"": 1, ""pres"": 979.0111, ""meas_profile"": ""HP-3"", ""meas_id"": 3, ""hum"": 33.92945, ""gas_res"": 44061.96}, {""temp"": 24.1053, ""step"": 5, ""status"": 1, ""pres"": 979.1702, ""meas_profile"": ""HP-2"", ""meas_id"": 2, ""hum"": 34.21117, ""gas_res"": 100000.0}, {""temp"": 23.87981, ""step"": 5, ""status"": 1, ""pres"": 979.2614, ""meas_profile"": ""HP-1"", ""meas_id"": 1, ""hum"": 33.80229, ""gas_res"": 90172.59}]}",NULL,"2025-10-29 10:55:45.815707"
14821,"04a600b9b0b8","2025-10-29 10:54:21","LMUqnYNhFuRH58rA9opO","{""bme688"": [{""temp"": 24.33184, ""step"": 4, ""status"": 1, ""pres"": 979.281, ""meas_profile"": ""HP-8"", ""meas_id"": 8, ""hum"": 33.97997, ""gas_res"": 15115.73}, {""temp"": 24.31211, ""step"": 4, ""status"": 1, ""pres"": 979.4352, ""meas_profile"": ""HP-7"", ""meas_id"": 7, ""hum"": 33.90404, ""gas_res"": 19248.12}, {""temp"": 24.39248, ""step"": 4, ""status"": 1, ""pres"": 979.6183, ""meas_profile"": ""HP-6"", ""meas_id"": 6, ""hum"": 33.73058, ""gas_res"": 38565.83}, {""temp"": 24.3128, ""step"": 4, ""status"": 1, ""pres"": 979.3908, ""meas_profile"": ""HP-5"", ""meas_id"": 5, ""hum"": 33.95265, ""gas_res"": 128675.5}, {""temp"": 24.0425, ""step"": 4, ""status"": 1, ""pres"": 979.4656, ""meas_profile"": ""HP-4"", ""meas_id"": 4, ""hum"": 33.48934, ""gas_res"": 127047.1}, {""temp"": 24.18748, ""step"": 4, ""status"": 1, ""pres"": 979.0111, ""meas_profile"": ""HP-3"", ""meas_id"": 3, ""hum"": 33.91797, ""gas_res"": 42146.86}, {""temp"": 24.10498, ""step"": 4, ""status"": 1, ""pres"": 979.1696, ""meas_profile"": ""HP-2"", ""meas_id"": 2, ""hum"": 34.19411, ""gas_res"": 100000.0}, {""temp"": 23.8795, ""step"": 4, ""status"": 1, ""pres"": 979.2626, ""meas_profile"": ""HP-1"", ""meas_id"": 1, ""hum"": 33.80814, ""gas_res"": 85049.84}]}",NULL,"2025-10-29 10:55:47.20708"
14822,"04a600b9b0b8","2025-10-29 10:54:21","LMUqnYNhFuRH58rA9opO","{""bme688"": [{""temp"": 24.33184, ""step"": 3, ""status"": 1, ""pres"": 979.2827, ""meas_profile"": ""HP-8"", ""meas_id"": 8, ""hum"": 33.99714, ""gas_res"": 12429.6}, {""temp"": 24.31211, ""step"": 3, ""status"": 1, ""pres"": 979.4352, ""meas_profile"": ""HP-7"", ""meas_id"": 7, ""hum"": 33.90969, ""gas_res"": 14998.83}, {""temp"": 24.39218, ""step"": 3, ""status"": 1, ""pres"": 979.6195, ""meas_profile"": ""HP-6"", ""meas_id"": 6, ""hum"": 33.74776, ""gas_res"": 34371.64}, {""temp"": 24.3128, ""step"": 3, ""status"": 1, ""pres"": 979.3924, ""meas_profile"": ""HP-5"", ""meas_id"": 5, ""hum"": 33.94698, ""gas_res"": 62961.14}, {""temp"": 24.04219, ""step"": 3, ""status"": 1, ""pres"": 979.4667, ""meas_profile"": ""HP-4"", ""meas_id"": 4, ""hum"": 33.50079, ""gas_res"": 81710.82}, {""temp"": 24.18717, ""step"": 3, ""status"": 1, ""pres"": 979.0107, ""meas_profile"": ""HP-3"", ""meas_id"": 3, ""hum"": 33.96386, ""gas_res"": 42567.34}, {""temp"": 24.10467, ""step"": 3, ""status"": 1, ""pres"": 979.1708, ""meas_profile"": ""HP-2"", ""meas_id"": 2, ""hum"": 34.21111, ""gas_res"": 68522.48}, {""temp"": 23.87919, ""step"": 3, ""status"": 1, ""pres"": 979.2621, ""meas_profile"": ""HP-1"", ""meas_id"": 1, ""hum"": 33.8081, ""gas_res"": 53189.28}]}",NULL,"2025-10-29 10:55:48.39345"
14823,"04a600b9b0b8","2025-10-29 10:54:21","LMUqnYNhFuRH58rA9opO","{""bme688"": [{""temp"": 24.33184, ""step"": 2, ""status"": 1, ""pres"": 979.2827, ""meas_profile"": ""HP-8"", ""meas_id"": 8, ""hum"": 33.99714, ""gas_res"": 33666.49}, {""temp"": 24.31211, ""step"": 2, ""status"": 1, ""pres"": 979.4352, ""meas_profile"": ""HP-7"", ""meas_id"": 7, ""hum"": 33.90969, ""gas_res"": 45422.29}, {""temp"": 24.39218, ""step"": 2, ""status"": 1, ""pres"": 979.6195, ""meas_profile"": ""HP-6"", ""meas_id"": 6, ""hum"": 33.73055, ""gas_res"": 165161.3}, {""temp"": 24.31249, ""step"": 2, ""status"": 1, ""pres"": 979.392, ""meas_profile"": ""HP-5"", ""meas_id"": 5, ""hum"": 33.96396, ""gas_res"": 419500.2}, {""temp"": 24.04188, ""step"": 2, ""status"": 1, ""pres"": 979.4663, ""meas_profile"": ""HP-4"", ""meas_id"": 4, ""hum"": 33.50076, ""gas_res"": 466196.2}, {""temp"": 24.18686, ""step"": 2, ""status"": 1, ""pres"": 979.0101, ""meas_profile"": ""HP-3"", ""meas_id"": 3, ""hum"": 33.95235, ""gas_res"": 211832.8}, {""temp"": 24.10436, ""step"": 2, ""status"": 1, ""pres"": 979.1719, ""meas_profile"": ""HP-2"", ""meas_id"": 2, ""hum"": 34.22243, ""gas_res"": 385978.1}, {""temp"": 23.87888, ""step"": 2, ""status"": 1, ""pres"": 979.2635, ""meas_profile"": ""HP-1"", ""meas_id"": 1, ""hum"": 33.81394, ""gas_res"": 275862.1}]}",NULL,"2025-10-29 10:55:49.659401"
14824,"04a600b9b0b8","2025-10-29 10:54:21","LMUqnYNhFuRH58rA9opO","{""bme688"": [{""temp"": 24.33184, ""step"": 1, ""status"": 1, ""pres"": 979.2827, ""meas_profile"": ""HP-8"", ""meas_id"": 8, ""hum"": 33.99714, ""gas_res"": 8634.646}, {""temp"": 24.31211, ""step"": 1, ""status"": 1, ""pres"": 979.4352, ""meas_profile"": ""HP-7"", ""meas_id"": 7, ""hum"": 33.92101, ""gas_res"": 10243.28}, {""temp"": 24.39218, ""step"": 1, ""status"": 1, ""pres"": 979.6195, ""meas_profile"": ""HP-6"", ""meas_id"": 6, ""hum"": 33.75922, ""gas_res"": 25000.0}, {""temp"": 24.3128, ""step"": 1, ""status"": 1, ""pres"": 979.3942, ""meas_profile"": ""HP-5"", ""meas_id"": 5, ""hum"": 33.93564, ""gas_res"": 36898.24}, {""temp"": 24.04188, ""step"": 1, ""status"": 1, ""pres"": 979.468, ""meas_profile"": ""HP-4"", ""meas_id"": 4, ""hum"": 33.49502, ""gas_res"": 32964.2}, {""temp"": 24.18686, ""step"": 1, ""status"": 1, ""pres"": 979.0117, ""meas_profile"": ""HP-3"", ""meas_id"": 3, ""hum"": 33.9581, ""gas_res"": 25000.0}, {""temp"": 24.10436, ""step"": 1, ""status"": 1, ""pres"": 979.1719, ""meas_profile"": ""HP-2"", ""meas_id"": 2, ""hum"": 34.21108, ""gas_res"": 27574.32}, {""temp"": 23.87888, ""step"": 1, ""status"": 1, ""pres"": 979.2635, ""meas_profile"": ""HP-1"", ""meas_id"": 1, ""hum"": 33.8022, ""gas_res"": 25000.0}]}",NULL,"2025-10-29 10:55:50.937427"
14825,"04a600b9b0b8","2025-10-29 10:54:21","LMUqnYNhFuRH58rA9opO","{""bme688"": [{""temp"": 24.33153, ""step"": 0, ""status"": 1, ""pres"": 979.2842, ""meas_profile"": ""HP-8"", ""meas_id"": 8, ""hum"": 33.9685, ""gas_res"": 5684.846}, {""temp"": 24.31211, ""step"": 0, ""status"": 1, ""pres"": 979.4369, ""meas_profile"": ""HP-7"", ""meas_id"": 7, ""hum"": 33.92667, ""gas_res"": 6405.124}, {""temp"": 24.39218, ""step"": 0, ""status"": 1, ""pres"": 979.6212, ""meas_profile"": ""HP-6"", ""meas_id"": 6, ""hum"": 33.75349, ""gas_res"": 8357.273}, {""temp"": 24.31311, ""step"": 0, ""status"": 1, ""pres"": 979.3948, ""meas_profile"": ""HP-5"", ""meas_id"": 5, ""hum"": 33.94701, ""gas_res"": 25000.0}, {""temp"": 24.04188, ""step"": 0, ""status"": 1, ""pres"": 979.468, ""meas_profile"": ""HP-4"", ""meas_id"": 4, ""hum"": 33.49502, ""gas_res"": 20928.71}, {""temp"": 24.18656, ""step"": 0, ""status"": 1, ""pres"": 979.0114, ""meas_profile"": ""HP-3"", ""meas_id"": 3, ""hum"": 33.94658, ""gas_res"": 7683.073}, {""temp"": 24.10436, ""step"": 0, ""status"": 1, ""pres"": 979.1736, ""meas_profile"": ""HP-2"", ""meas_id"": 2, ""hum"": 34.21108, ""gas_res"": 7076.515}, {""temp"": 23.87856, ""step"": 0, ""status"": 1, ""pres"": 979.2648, ""meas_profile"": ""HP-1"", ""meas_id"": 1, ""hum"": 33.80217, ""gas_res"": 5938.022}]}",NULL,"2025-10-29 10:55:52.31014"
14826,"04a600b9b0b8","2025-10-29 10:56:18","LMUqnYNhFuRH58rA9opO","{""zphs01b"": {""voc"": 0, ""temp"": 21.8, ""pm2_5"": 0, ""pm1_0"": 0, ""pm10"": 315, ""o3"": 0.03, ""no2"": 10.0, ""hum"": 0, ""fmhd"": 0, ""co2"": 5000, ""co"": 0.0}, ""smell_b"": {}, ""sfa30"": {""temp"": 24.3, ""hum"": 36.39, ""fmhd"": 1.6}, ""sen5x"": {""voc"": 102.0, ""temp"": 24.18, ""pm4_0"": 4473.2, ""pm2_5"": 4473.2, ""pm1_0"": 4265.4, ""pm10"": 4473.2, ""nox"": 1.0, ""mass_c"": 4421.25, ""hum"": 41.86}, ""scd41"": {""temp"": 23.78767, ""hum"": 44.67842, ""co2"": 657}, ""power_source"": 0, ""mics6814"": {""red_res"": 0, ""no2_res"": 0, ""no2"": 0.17, ""nh3_res"": 0, ""nh3"": 0.73, ""co_res"": 0, ""co"": 44.0}}",NULL,"2025-10-29 10:56:54.872752"
14827,"04a600b9b0b8","2025-10-29 10:56:18","LMUqnYNhFuRH58rA9opO","{""bme688"": [{""temp"": 24.33894, ""step"": 9, ""status"": 1, ""pres"": 979.2676, ""meas_profile"": ""HP-8"", ""meas_id"": 8, ""hum"": 33.97491, ""gas_res"": 5684.846}, {""temp"": 24.31646, ""step"": 9, ""status"": 1, ""pres"": 979.4202, ""meas_profile"": ""HP-7"", ""meas_id"": 7, ""hum"": 33.9101, ""gas_res"": 6370.695}, {""temp"": 24.39248, ""step"": 9, ""status"": 1, ""pres"": 979.5907, ""meas_profile"": ""HP-6"", ""meas_id"": 6, ""hum"": 33.72485, ""gas_res"": 8871.639}, {""temp"": 24.3103, ""step"": 9, ""status"": 1, ""pres"": 979.3496, ""meas_profile"": ""HP-5"", ""meas_id"": 5, ""hum"": 33.95242, ""gas_res"": 25000.0}, {""temp"": 24.04592, ""step"": 9, ""status"": 1, ""pres"": 979.4311, ""meas_profile"": ""HP-4"", ""meas_id"": 4, ""hum"": 33.48392, ""gas_res"": 25000.0}, {""temp"": 24.1915, ""step"": 9, ""status"": 1, ""pres"": 978.9839, ""meas_profile"": ""HP-3"", ""meas_id"": 3, ""hum"": 33.93557, ""gas_res"": 7661.0}, {""temp"": 24.11119, ""step"": 9, ""status"": 1, ""pres"": 979.1409, ""meas_profile"": ""HP-2"", ""meas_id"": 2, ""hum"": 34.18902, ""gas_res"": 9747.183}, {""temp"": 23.88479, ""step"": 9, ""status"": 1, ""pres"": 979.233, ""meas_profile"": ""HP-1"", ""meas_id"": 1, ""hum"": 33.78514, ""gas_res"": 7309.273}]}",NULL,"2025-10-29 10:56:56.218575"
14828,"04a600b9b0b8","2025-10-29 10:56:18","LMUqnYNhFuRH58rA9opO","{""bme688"": [{""temp"": 24.33833, ""step"": 8, ""status"": 1, ""pres"": 979.2665, ""meas_profile"": ""HP-8"", ""meas_id"": 8, ""hum"": 33.9863, ""gas_res"": 5684.846}, {""temp"": 24.31614, ""step"": 8, ""status"": 1, ""pres"": 979.4199, ""meas_profile"": ""HP-7"", ""meas_id"": 7, ""hum"": 33.91007, ""gas_res"": 6397.441}, {""temp"": 24.39248, ""step"": 8, ""status"": 1, ""pres"": 979.5907, ""meas_profile"": ""HP-6"", ""meas_id"": 6, ""hum"": 33.72485, ""gas_res"": 9280.742}, {""temp"": 24.3103, ""step"": 8, ""status"": 1, ""pres"": 979.3496, ""meas_profile"": ""HP-5"", ""meas_id"": 5, ""hum"": 33.95242, ""gas_res"": 25000.0}, {""temp"": 24.0456, ""step"": 8, ""status"": 1, ""pres"": 979.4324, ""meas_profile"": ""HP-4"", ""meas_id"": 4, ""hum"": 33.46668, ""gas_res"": 25000.0}, {""temp"": 24.1915, ""step"": 8, ""status"": 1, ""pres"": 978.9855, ""meas_profile"": ""HP-3"", ""meas_id"": 3, ""hum"": 33.94705, ""gas_res"": 7334.403}, {""temp"": 24.11088, ""step"": 8, ""status"": 1, ""pres"": 979.1403, ""meas_profile"": ""HP-2"", ""meas_id"": 2, ""hum"": 34.20034, ""gas_res"": 10107.39}, {""temp"": 23.88448, ""step"": 8, ""status"": 1, ""pres"": 979.2343, ""meas_profile"": ""HP-1"", ""meas_id"": 1, ""hum"": 33.78511, ""gas_res"": 7710.843}]}",NULL,"2025-10-29 10:56:57.49754"
14829,"04a600b9b0b8","2025-10-29 10:56:18","LMUqnYNhFuRH58rA9opO","{""bme688"": [{""temp"": 24.33802, ""step"": 7, ""status"": 1, ""pres"": 979.2679, ""meas_profile"": ""HP-8"", ""meas_id"": 8, ""hum"": 33.95767, ""gas_res"": 5684.846}, {""temp"": 24.31583, ""step"": 7, ""status"": 1, ""pres"": 979.421, ""meas_profile"": ""HP-7"", ""meas_id"": 7, ""hum"": 33.89874, ""gas_res"": 6385.951}, {""temp"": 24.39248, ""step"": 7, ""status"": 1, ""pres"": 979.5924, ""meas_profile"": ""HP-6"", ""meas_id"": 6, ""hum"": 33.70765, ""gas_res"": 9436.744}, {""temp"": 24.31061, ""step"": 7, ""status"": 1, ""pres"": 979.3516, ""meas_profile"": ""HP-5"", ""meas_id"": 5, ""hum"": 33.92977, ""gas_res"": 25000.0}, {""temp"": 24.0456, ""step"": 7, ""status"": 1, ""pres"": 979.4324, ""meas_profile"": ""HP-4"", ""meas_id"": 4, ""hum"": 33.45521, ""gas_res"": 25000.0}, {""temp"": 24.1915, ""step"": 7, ""status"": 1, ""pres"": 978.9855, ""meas_profile"": ""HP-3"", ""meas_id"": 3, ""hum"": 33.95279, ""gas_res"": 7436.672}, {""temp"": 24.11088, ""step"": 7, ""status"": 1, ""pres"": 979.142, ""meas_profile"": ""HP-2"", ""meas_id"": 2, ""hum"": 34.17197, ""gas_res"": 9928.638}, {""temp"": 23.88448, ""step"": 7, ""status"": 1, ""pres"": 979.2361, ""meas_profile"": ""HP-1"", ""meas_id"": 1, ""hum"": 33.77337, ""gas_res"": 7852.761}]}",NULL,"2025-10-29 10:56:59.419701"
14830,"04a600b9b0b8","2025-10-29 10:56:18","LMUqnYNhFuRH58rA9opO","{""bme688"": [{""temp"": 24.33771, ""step"": 6, ""status"": 1, ""pres"": 979.2674, ""meas_profile"": ""HP-8"", ""meas_id"": 8, ""hum"": 33.95192, ""gas_res"": 16169.78}, {""temp"": 24.31583, ""step"": 6, ""status"": 1, ""pres"": 979.421, ""meas_profile"": ""HP-7"", ""meas_id"": 7, ""hum"": 33.87611, ""gas_res"": 21347.56}, {""temp"": 24.39218, ""step"": 6, ""status"": 1, ""pres"": 979.5919, ""meas_profile"": ""HP-6"", ""meas_id"": 6, ""hum"": 33.69616, ""gas_res"": 44755.25}, {""temp"": 24.31061, ""step"": 6, ""status"": 1, ""pres"": 979.3535, ""meas_profile"": ""HP-5"", ""meas_id"": 5, ""hum"": 33.91277, ""gas_res"": 159601.0}, {""temp"": 24.04529, ""step"": 6, ""status"": 1, ""pres"": 979.4335, ""meas_profile"": ""HP-4"", ""meas_id"": 4, ""hum"": 33.45518, ""gas_res"": 160955.7}, {""temp"": 24.1915, ""step"": 6, ""status"": 1, ""pres"": 978.9872, ""meas_profile"": ""HP-3"", ""meas_id"": 3, ""hum"": 33.92409, ""gas_res"": 100000.0}, {""temp"": 24.11057, ""step"": 6, ""status"": 1, ""pres"": 979.1433, ""meas_profile"": ""HP-2"", ""meas_id"": 2, ""hum"": 34.15491, ""gas_res"": 131653.4}, {""temp"": 23.88417, ""step"": 6, ""status"": 1, ""pres"": 979.2356, ""meas_profile"": ""HP-1"", ""meas_id"": 1, ""hum"": 33.7616, ""gas_res"": 104362.0}]}",NULL,"2025-10-29 10:57:00.700485"
14831,"04a600b9b0b8","2025-10-29 10:56:18","LMUqnYNhFuRH58rA9opO","{""bme688"": [{""temp"": 24.33771, ""step"": 5, ""status"": 1, ""pres"": 979.2692, ""meas_profile"": ""HP-8"", ""meas_id"": 8, ""hum"": 33.91761, ""gas_res"": 16012.01}, {""temp"": 24.31552, ""step"": 5, ""status"": 1, ""pres"": 979.4222, ""meas_profile"": ""HP-7"", ""meas_id"": 7, ""hum"": 33.85912, ""gas_res"": 21220.16}, {""temp"": 24.39218, ""step"": 5, ""status"": 1, ""pres"": 979.5936, ""meas_profile"": ""HP-6"", ""meas_id"": 6, ""hum"": 33.67323, ""gas_res"": 44802.24}, {""temp"": 24.31061, ""step"": 5, ""status"": 1, ""pres"": 979.3551, ""meas_profile"": ""HP-5"", ""meas_id"": 5, ""hum"": 33.8901, ""gas_res"": 159601.0}, {""temp"": 24.04529, ""step"": 5, ""status"": 1, ""pres"": 979.4352, ""meas_profile"": ""HP-4"", ""meas_id"": 4, ""hum"": 33.43223, ""gas_res"": 161107.6}, {""temp"": 24.1915, ""step"": 5, ""status"": 1, ""pres"": 978.9872, ""meas_profile"": ""HP-3"", ""meas_id"": 3, ""hum"": 33.88966, ""gas_res"": 100000.0}, {""temp"": 24.11026, ""step"": 5, ""status"": 1, ""pres"": 979.1443, ""meas_profile"": ""HP-2"", ""meas_id"": 2, ""hum"": 34.15488, ""gas_res"": 129949.2}, {""temp"": 23.88385, ""step"": 5, ""status"": 1, ""pres"": 979.2369, ""meas_profile"": ""HP-1"", ""meas_id"": 1, ""hum"": 33.7381, ""gas_res"": 102053.0}]}",NULL,"2025-10-29 10:57:01.978145"
14832,"04a600b9b0b8","2025-10-29 10:56:18","LMUqnYNhFuRH58rA9opO","{""bme688"": [{""temp"": 24.3374, ""step"": 4, ""status"": 1, ""pres"": 979.2687, ""meas_profile"": ""HP-8"", ""meas_id"": 8, ""hum"": 33.90614, ""gas_res"": 15880.89}, {""temp"": 24.31521, ""step"": 4, ""status"": 1, ""pres"": 979.4216, ""meas_profile"": ""HP-7"", ""meas_id"": 7, ""hum"": 33.82516, ""gas_res"": 21011.16}, {""temp"": 24.39218, ""step"": 4, ""status"": 1, ""pres"": 979.5936, ""meas_profile"": ""HP-6"", ""meas_id"": 6, ""hum"": 33.67896, ""gas_res"": 45277.68}, {""temp"": 24.31061, ""step"": 4, ""status"": 1, ""pres"": 979.3567, ""meas_profile"": ""HP-5"", ""meas_id"": 5, ""hum"": 33.86744, ""gas_res"": 162333.5}, {""temp"": 24.04529, ""step"": 4, ""status"": 1, ""pres"": 979.4369, ""meas_profile"": ""HP-4"", ""meas_id"": 4, ""hum"": 33.42076, ""gas_res"": 163735.2}, {""temp"": 24.19119, ""step"": 4, ""status"": 1, ""pres"": 978.9885, ""meas_profile"": ""HP-3"", ""meas_id"": 3, ""hum"": 33.88388, ""gas_res"": 100000.0}, {""temp"": 24.10995, ""step"": 4, ""status"": 1, ""pres"": 979.1456, ""meas_profile"": ""HP-2"", ""meas_id"": 2, ""hum"": 34.1435, ""gas_res"": 126295.0}, {""temp"": 23.88323, ""step"": 4, ""status"": 1, ""pres"": 979.2377, ""meas_profile"": ""HP-1"", ""meas_id"": 1, ""hum"": 33.73804, ""gas_res"": 99378.88}]}",NULL,"2025-10-29 10:57:03.443284"
14833,"04a600b9b0b8","2025-10-29 10:56:18","LMUqnYNhFuRH58rA9opO","{""bme688"": [{""temp"": 24.33709, ""step"": 3, ""status"": 0, ""pres"": 979.27, ""meas_profile"": ""HP-8"", ""meas_id"": 8, ""hum"": 33.91755, ""gas_res"": 8403.361}, {""temp"": 24.31521, ""step"": 3, ""status"": 0, ""pres"": 979.4233, ""meas_profile"": ""HP-7"", ""meas_id"": 7, ""hum"": 33.83647, ""gas_res"": 10464.36}, {""temp"": 24.39187, ""step"": 3, ""status"": 0, ""pres"": 979.5949, ""meas_profile"": ""HP-6"", ""meas_id"": 6, ""hum"": 33.67893, ""gas_res"": 25034.23}, {""temp"": 24.3103, ""step"": 3, ""status"": 0, ""pres"": 979.358, ""meas_profile"": ""HP-5"", ""meas_id"": 5, ""hum"": 33.87307, ""gas_res"": 52117.27}, {""temp"": 24.04467, ""step"": 3, ""status"": 0, ""pres"": 979.4358, ""meas_profile"": ""HP-4"", ""meas_id"": 4, ""hum"": 33.41497, ""gas_res"": 52021.95}, {""temp"": 24.19089, ""step"": 3, ""status"": 0, ""pres"": 978.9896, ""meas_profile"": ""HP-3"", ""meas_id"": 3, ""hum"": 33.88386, ""gas_res"": 32711.47}, {""temp"": 24.10933, ""step"": 3, ""status"": 0, ""pres"": 979.1462, ""meas_profile"": ""HP-2"", ""meas_id"": 2, ""hum"": 34.13777, ""gas_res"": 52925.37}, {""temp"": 23.88292, ""step"": 3, ""status"": 0, ""pres"": 979.2372, ""meas_profile"": ""HP-1"", ""meas_id"": 1, ""hum"": 33.73801, ""gas_res"": 34538.59}]}",NULL,"2025-10-29 10:57:04.537461"
14834,"04a600b9b0b8","2025-10-29 10:56:18","LMUqnYNhFuRH58rA9opO","{""bme688"": [{""temp"": 24.33709, ""step"": 2, ""status"": 1, ""pres"": 979.27, ""meas_profile"": ""HP-8"", ""meas_id"": 8, ""hum"": 33.90612, ""gas_res"": 28533.21}, {""temp"": 24.3149, ""step"": 2, ""status"": 1, ""pres"": 979.4227, ""meas_profile"": ""HP-7"", ""meas_id"": 7, ""hum"": 33.81383, ""gas_res"": 39493.98}, {""temp"": 24.39156, ""step"": 2, ""status"": 1, ""pres"": 979.596, ""meas_profile"": ""HP-6"", ""meas_id"": 6, ""hum"": 33.67317, ""gas_res"": 144103.6}, {""temp"": 24.3103, ""step"": 2, ""status"": 1, ""pres"": 979.3597, ""meas_profile"": ""HP-5"", ""meas_id"": 5, ""hum"": 33.87307, ""gas_res"": 381662.3}, {""temp"": 24.04436, ""step"": 2, ""status"": 1, ""pres"": 979.4368, ""meas_profile"": ""HP-4"", ""meas_id"": 4, ""hum"": 33.42641, ""gas_res"": 447259.2}, {""temp"": 24.19058, ""step"": 2, ""status"": 1, ""pres"": 978.991, ""meas_profile"": ""HP-3"", ""meas_id"": 3, ""hum"": 33.89531, ""gas_res"": 219459.9}, {""temp"": 24.10902, ""step"": 2, ""status"": 1, ""pres"": 979.1457, ""meas_profile"": ""HP-2"", ""meas_id"": 2, ""hum"": 34.14909, ""gas_res"": 397053.1}, {""temp"": 23.88261, ""step"": 2, ""status"": 1, ""pres"": 979.2386, ""meas_profile"": ""HP-1"", ""meas_id"": 1, ""hum"": 33.74385, ""gas_res"": 296467.9}]}",NULL,"2025-10-29 10:57:05.817026"
14835,"04a600b9b0b8","2025-10-29 10:56:18","LMUqnYNhFuRH58rA9opO","{""bme688"": [{""temp"": 24.33709, ""step"": 1, ""status"": 1, ""pres"": 979.2718, ""meas_profile"": ""HP-8"", ""meas_id"": 8, ""hum"": 33.90612, ""gas_res"": 8983.717}, {""temp"": 24.3149, ""step"": 1, ""status"": 1, ""pres"": 979.4246, ""meas_profile"": ""HP-7"", ""meas_id"": 7, ""hum"": 33.81948, ""gas_res"": 11165.39}, {""temp"": 24.39156, ""step"": 1, ""status"": 1, ""pres"": 979.596, ""meas_profile"": ""HP-6"", ""meas_id"": 6, ""hum"": 33.6961, ""gas_res"": 25000.0}, {""temp"": 24.3103, ""step"": 1, ""status"": 1, ""pres"": 979.3597, ""meas_profile"": ""HP-5"", ""meas_id"": 5, ""hum"": 33.87874, ""gas_res"": 46664.23}, {""temp"": 24.04436, ""step"": 1, ""status"": 1, ""pres"": 979.4385, ""meas_profile"": ""HP-4"", ""meas_id"": 4, ""hum"": 33.42641, ""gas_res"": 42314.05}, {""temp"": 24.19058, ""step"": 1, ""status"": 1, ""pres"": 978.9926, ""meas_profile"": ""HP-3"", ""meas_id"": 3, ""hum"": 33.88383, ""gas_res"": 25467.57}, {""temp"": 24.10902, ""step"": 1, ""status"": 1, ""pres"": 979.1474, ""meas_profile"": ""HP-2"", ""meas_id"": 2, ""hum"": 34.13774, ""gas_res"": 38705.78}, {""temp"": 23.8823, ""step"": 1, ""status"": 1, ""pres"": 979.2382, ""meas_profile"": ""HP-1"", ""meas_id"": 1, ""hum"": 33.74382, ""gas_res"": 27972.03}]}",NULL,"2025-10-29 10:57:07.098725"
14836,"04a600b9b0b8","2025-10-29 10:56:18","LMUqnYNhFuRH58rA9opO","{""bme688"": [{""temp"": 24.33678, ""step"": 0, ""status"": 1, ""pres"": 979.2712, ""meas_profile"": ""HP-8"", ""meas_id"": 8, ""hum"": 33.88893, ""gas_res"": 5684.846}, {""temp"": 24.3149, ""step"": 0, ""status"": 1, ""pres"": 979.4246, ""meas_profile"": ""HP-7"", ""meas_id"": 7, ""hum"": 33.83078, ""gas_res"": 6669.446}, {""temp"": 24.39156, ""step"": 0, ""status"": 1, ""pres"": 979.5977, ""meas_profile"": ""HP-6"", ""meas_id"": 6, ""hum"": 33.6789, ""gas_res"": 9580.838}, {""temp"": 24.3103, ""step"": 0, ""status"": 1, ""pres"": 979.3614, ""meas_profile"": ""HP-5"", ""meas_id"": 5, ""hum"": 33.89008, ""gas_res"": 25000.0}, {""temp"": 24.04436, ""step"": 0, ""status"": 1, ""pres"": 979.4385, ""meas_profile"": ""HP-4"", ""meas_id"": 4, ""hum"": 33.42068, ""gas_res"": 25000.0}, {""temp"": 24.19058, ""step"": 0, ""status"": 1, ""pres"": 978.9926, ""meas_profile"": ""HP-3"", ""meas_id"": 3, ""hum"": 33.88957, ""gas_res"": 7020.623}, {""temp"": 24.10902, ""step"": 0, ""status"": 1, ""pres"": 979.1492, ""meas_profile"": ""HP-2"", ""meas_id"": 2, ""hum"": 34.13774, ""gas_res"": 9650.181}, {""temp"": 23.8823, ""step"": 0, ""status"": 1, ""pres"": 979.24, ""meas_profile"": ""HP-1"", ""meas_id"": 1, ""hum"": 33.72036, ""gas_res"": 7405.693}]}",NULL,"2025-10-29 10:57:08.56626"
14837,"04a600b9b0b8","2025-10-29 10:55:51","LMUqnYNhFuRH58rA9opO","{""zphs01b"": {""voc"": 0, ""temp"": 21.9, ""pm2_5"": 0, ""pm1_0"": 0, ""pm10"": 308, ""o3"": 0.03, ""no2"": 10.0, ""hum"": 0, ""fmhd"": 0, ""co2"": 5000, ""co"": 0.0}, ""smell_b"": {}, ""sfa30"": {""temp"": 24.285, ""hum"": 36.31, ""fmhd"": 1.2}, ""sen5x"": {""voc"": 87.0, ""temp"": 24.205, ""pm4_0"": 4785.5, ""pm2_5"": 4785.5, ""pm1_0"": 4563.3, ""pm10"": 4785.5, ""nox"": 1.0, ""mass_c"": 4729.95, ""hum"": 41.59}, ""scd41"": {""temp"": 23.71824, ""hum"": 44.70588, ""co2"": 652}, ""power_source"": 0, ""mics6814"": {""red_res"": 0, ""no2_res"": 0, ""no2"": 0.17, ""nh3_res"": 0, ""nh3"": 0.73, ""co_res"": 0, ""co"": 44.0}}",NULL,"2025-10-29 10:57:09.55236"
14838,"04a600b9b0b8","2025-10-29 10:55:51","LMUqnYNhFuRH58rA9opO","{""bme688"": [{""temp"": 24.33648, ""step"": 9, ""status"": 1, ""pres"": 979.2725, ""meas_profile"": ""HP-8"", ""meas_id"": 8, ""hum"": 33.87747, ""gas_res"": 5684.846}, {""temp"": 24.31459, ""step"": 9, ""status"": 1, ""pres"": 979.4257, ""meas_profile"": ""HP-7"", ""meas_id"": 7, ""hum"": 33.8025, ""gas_res"": 6115.039}, {""temp"": 24.39156, ""step"": 9, ""status"": 1, ""pres"": 979.5994, ""meas_profile"": ""HP-6"", ""meas_id"": 6, ""hum"": 33.64452, ""gas_res"": 8383.547}, {""temp"": 24.31061, ""step"": 9, ""status"": 1, ""pres"": 979.3635, ""meas_profile"": ""HP-5"", ""meas_id"": 5, ""hum"": 33.82212, ""gas_res"": 25000.0}, {""temp"": 24.04436, ""step"": 9, ""status"": 1, ""pres"": 979.4402, ""meas_profile"": ""HP-4"", ""meas_id"": 4, ""hum"": 33.37481, ""gas_res"": 25000.0}, {""temp"": 24.19027, ""step"": 9, ""status"": 1, ""pres"": 978.9937, ""meas_profile"": ""HP-3"", ""meas_id"": 3, ""hum"": 33.83217, ""gas_res"": 6988.425}, {""temp"": 24.10871, ""step"": 9, ""status"": 1, ""pres"": 979.1502, ""meas_profile"": ""HP-2"", ""meas_id"": 2, ""hum"": 34.10934, ""gas_res"": 8908.686}, {""temp"": 23.8823, ""step"": 9, ""status"": 1, ""pres"": 979.2418, ""meas_profile"": ""HP-1"", ""meas_id"": 1, ""hum"": 33.69102, ""gas_res"": 6741.1}]}",NULL,"2025-10-29 10:57:10.965406"
14839,"04a600b9b0b8","2025-10-29 10:55:51","LMUqnYNhFuRH58rA9opO","{""bme688"": [{""temp"": 24.33616, ""step"": 8, ""status"": 1, ""pres"": 979.272, ""meas_profile"": ""HP-8"", ""meas_id"": 8, ""hum"": 33.87744, ""gas_res"": 5684.846}, {""temp"": 24.31459, ""step"": 8, ""status"": 1, ""pres"": 979.4257, ""meas_profile"": ""HP-7"", ""meas_id"": 7, ""hum"": 33.8025, ""gas_res"": 6225.681}, {""temp"": 24.39156, ""step"": 8, ""status"": 1, ""pres"": 979.5994, ""meas_profile"": ""HP-6"", ""meas_id"": 6, ""hum"": 33.63306, ""gas_res"": 8733.624}, {""temp"": 24.31061, ""step"": 8, ""status"": 1, ""pres"": 979.3635, ""meas_profile"": ""HP-5"", ""meas_id"": 5, ""hum"": 33.8561, ""gas_res"": 25000.0}, {""temp"": 24.04436, ""step"": 8, ""status"": 1, ""pres"": 979.4418, ""meas_profile"": ""HP-4"", ""meas_id"": 4, ""hum"": 33.38054, ""gas_res"": 25000.0}, {""temp"": 24.18996, ""step"": 8, ""status"": 1, ""pres"": 978.995, ""meas_profile"": ""HP-3"", ""meas_id"": 3, ""hum"": 33.82641, ""gas_res"": 6558.721}, {""temp"": 24.1084, ""step"": 8, ""status"": 1, ""pres"": 979.1516, ""meas_profile"": ""HP-2"", ""meas_id"": 2, ""hum"": 34.09229, ""gas_res"": 8953.554}, {""temp"": 23.88199, ""step"": 8, ""status"": 1, ""pres"": 979.2413, ""meas_profile"": ""HP-1"", ""meas_id"": 1, ""hum"": 33.70272, ""gas_res"": 6956.522}]}",NULL,"2025-10-29 10:57:12.224846"
14840,"04a600b9b0b8","2025-10-29 10:55:51","LMUqnYNhFuRH58rA9opO","{""bme688"": [{""temp"": 24.33555, ""step"": 7, ""status"": 1, ""pres"": 979.2727, ""meas_profile"": ""HP-8"", ""meas_id"": 8, ""hum"": 33.88882, ""gas_res"": 5684.846}, {""temp"": 24.31428, ""step"": 7, ""status"": 1, ""pres"": 979.4252, ""meas_profile"": ""HP-7"", ""meas_id"": 7, ""hum"": 33.79116, ""gas_res"": 6276.971}, {""temp"": 24.39156, ""step"": 7, ""status"": 1, ""pres"": 979.5994, ""meas_profile"": ""HP-6"", ""meas_id"": 6, ""hum"": 33.63879, ""gas_res"": 8849.558}, {""temp"": 24.31092, ""step"": 7, ""status"": 1, ""pres"": 979.3658, ""meas_profile"": ""HP-5"", ""meas_id"": 5, ""hum"": 33.84481, ""gas_res"": 25000.0}, {""temp"": 24.04436, ""step"": 7, ""status"": 1, ""pres"": 979.4435, ""meas_profile"": ""HP-4"", ""meas_id"": 4, ""hum"": 33.392, ""gas_res"": 25000.0}, {""temp"": 24.18965, ""step"": 7, ""status"": 1, ""pres"": 978.9961, ""meas_profile"": ""HP-3"", ""meas_id"": 3, ""hum"": 33.85506, ""gas_res"": 6591.143}, {""temp"": 24.1084, ""step"": 7, ""status"": 1, ""pres"": 979.1532, ""meas_profile"": ""HP-2"", ""meas_id"": 2, ""hum"": 34.09797, ""gas_res"": 8776.741}, {""temp"": 23.88199, ""step"": 7, ""status"": 1, ""pres"": 979.2432, ""meas_profile"": ""HP-1"", ""meas_id"": 1, ""hum"": 33.69685, ""gas_res"": 7119.021}]}",NULL,"2025-10-29 10:57:13.688082"
14841,"04a600b9b0b8","2025-10-29 10:55:51","LMUqnYNhFuRH58rA9opO","{""bme688"": [{""temp"": 24.33555, ""step"": 6, ""status"": 1, ""pres"": 979.2727, ""meas_profile"": ""HP-8"", ""meas_id"": 8, ""hum"": 33.88882, ""gas_res"": 16280.84}, {""temp"": 24.31428, ""step"": 6, ""status"": 1, ""pres"": 979.4269, ""meas_profile"": ""HP-7"", ""meas_id"": 7, ""hum"": 33.80812, ""gas_res"": 20705.27}, {""temp"": 24.39156, ""step"": 6, ""status"": 1, ""pres"": 979.6012, ""meas_profile"": ""HP-6"", ""meas_id"": 6, ""hum"": 33.65025, ""gas_res"": 40777.32}, {""temp"": 24.31092, ""step"": 6, ""status"": 1, ""pres"": 979.3675, ""meas_profile"": ""HP-5"", ""meas_id"": 5, ""hum"": 33.84481, ""gas_res"": 138603.1}, {""temp"": 24.04436, ""step"": 6, ""status"": 1, ""pres"": 979.4435, ""meas_profile"": ""HP-4"", ""meas_id"": 4, ""hum"": 33.39774, ""gas_res"": 137155.1}, {""temp"": 24.18934, ""step"": 6, ""status"": 1, ""pres"": 978.9955, ""meas_profile"": ""HP-3"", ""meas_id"": 3, ""hum"": 33.84356, ""gas_res"": 84628.1}, {""temp"": 24.10809, ""step"": 6, ""status"": 1, ""pres"": 979.1526, ""meas_profile"": ""HP-2"", ""meas_id"": 2, ""hum"": 34.09793, ""gas_res"": 107113.0}, {""temp"": 23.88168, ""step"": 6, ""status"": 1, ""pres"": 979.2427, ""meas_profile"": ""HP-1"", ""meas_id"": 1, ""hum"": 33.69096, ""gas_res"": 100000.0}]}",NULL,"2025-10-29 10:57:14.778842"
14842,"04a600b9b0b8","2025-10-29 10:55:51","LMUqnYNhFuRH58rA9opO","{""bme688"": [{""temp"": 24.33524, ""step"": 5, ""status"": 1, ""pres"": 979.2742, ""meas_profile"": ""HP-8"", ""meas_id"": 8, ""hum"": 33.90594, ""gas_res"": 16256.03}, {""temp"": 24.31428, ""step"": 5, ""status"": 1, ""pres"": 979.4269, ""meas_profile"": ""HP-7"", ""meas_id"": 7, ""hum"": 33.77986, ""gas_res"": 20625.2}, {""temp"": 24.39156, ""step"": 5, ""status"": 1, ""pres"": 979.6012, ""meas_profile"": ""HP-6"", ""meas_id"": 6, ""hum"": 33.65598, ""gas_res"": 40738.38}, {""temp"": 24.31092, ""step"": 5, ""status"": 1, ""pres"": 979.3675, ""meas_profile"": ""HP-5"", ""meas_id"": 5, ""hum"": 33.85047, ""gas_res"": 139395.6}, {""temp"": 24.04405, ""step"": 5, ""status"": 1, ""pres"": 979.4447, ""meas_profile"": ""HP-4"", ""meas_id"": 4, ""hum"": 33.38624, ""gas_res"": 135521.4}, {""temp"": 24.18903, ""step"": 5, ""status"": 1, ""pres"": 978.9966, ""meas_profile"": ""HP-3"", ""meas_id"": 3, ""hum"": 33.83779, ""gas_res"": 81321.48}, {""temp"": 24.10778, ""step"": 5, ""status"": 1, ""pres"": 979.1539, ""meas_profile"": ""HP-2"", ""meas_id"": 2, ""hum"": 34.09224, ""gas_res"": 103038.8}, {""temp"": 23.88168, ""step"": 5, ""status"": 1, ""pres"": 979.2444, ""meas_profile"": ""HP-1"", ""meas_id"": 1, ""hum"": 33.69683, ""gas_res"": 100000.0}]}",NULL,"2025-10-29 10:57:16.059871"
14843,"04a600b9b0b8","2025-10-29 10:55:51","LMUqnYNhFuRH58rA9opO","{""bme688"": [{""temp"": 24.33524, ""step"": 4, ""status"": 1, ""pres"": 979.2742, ""meas_profile"": ""HP-8"", ""meas_id"": 8, ""hum"": 33.90594, ""gas_res"": 16268.43}, {""temp"": 24.31397, ""step"": 4, ""status"": 1, ""pres"": 979.428, ""meas_profile"": ""HP-7"", ""meas_id"": 7, ""hum"": 33.81374, ""gas_res"": 20765.74}, {""temp"": 24.39187, ""step"": 4, ""status"": 1, ""pres"": 979.6035, ""meas_profile"": ""HP-6"", ""meas_id"": 6, ""hum"": 33.66174, ""gas_res"": 41290.32}, {""temp"": 24.31092, ""step"": 4, ""status"": 1, ""pres"": 979.3691, ""meas_profile"": ""HP-5"", ""meas_id"": 5, ""hum"": 33.8788, ""gas_res"": 141358.4}, {""temp"": 24.04405, ""step"": 4, ""status"": 1, ""pres"": 979.4464, ""meas_profile"": ""HP-4"", ""meas_id"": 4, ""hum"": 33.40918, ""gas_res"": 137045.0}, {""temp"": 24.18872, ""step"": 4, ""status"": 1, ""pres"": 978.9963, ""meas_profile"": ""HP-3"", ""meas_id"": 3, ""hum"": 33.86071, ""gas_res"": 78842.01}, {""temp"": 24.10716, ""step"": 4, ""status"": 1, ""pres"": 979.1546, ""meas_profile"": ""HP-2"", ""meas_id"": 2, ""hum"": 34.09785, ""gas_res"": 100609.2}, {""temp"": 23.88136, ""step"": 4, ""status"": 1, ""pres"": 979.2457, ""meas_profile"": ""HP-1"", ""meas_id"": 1, ""hum"": 33.72027, ""gas_res"": 100000.0}]}",NULL,"2025-10-29 10:57:17.337118"
14844,"04a600b9b0b8","2025-10-29 10:55:51","LMUqnYNhFuRH58rA9opO","{""bme688"": [{""temp"": 24.33493, ""step"": 3, ""status"": 0, ""pres"": 979.2753, ""meas_profile"": ""HP-8"", ""meas_id"": 8, ""hum"": 33.91163, ""gas_res"": 8726.479}, {""temp"": 24.31366, ""step"": 3, ""status"": 0, ""pres"": 979.4276, ""meas_profile"": ""HP-7"", ""meas_id"": 7, ""hum"": 33.83633, ""gas_res"": 10547.13}, {""temp"": 24.39125, ""step"": 3, ""status"": 0, ""pres"": 979.6041, ""meas_profile"": ""HP-6"", ""meas_id"": 6, ""hum"": 33.6846, ""gas_res"": 23029.87}, {""temp"": 24.31092, ""step"": 3, ""status"": 0, ""pres"": 979.3708, ""meas_profile"": ""HP-5"", ""meas_id"": 5, ""hum"": 33.8788, ""gas_res"": 46410.44}, {""temp"": 24.04343, ""step"": 3, ""status"": 0, ""pres"": 979.447, ""meas_profile"": ""HP-4"", ""meas_id"": 4, ""hum"": 33.42633, ""gas_res"": 44614.85}, {""temp"": 24.18841, ""step"": 3, ""status"": 0, ""pres"": 978.9974, ""meas_profile"": ""HP-3"", ""meas_id"": 3, ""hum"": 33.88363, ""gas_res"": 28249.83}, {""temp"": 24.10654, ""step"": 3, ""status"": 0, ""pres"": 979.1552, ""meas_profile"": ""HP-2"", ""meas_id"": 2, ""hum"": 34.12616, ""gas_res"": 43039.68}, {""temp"": 23.88105, ""step"": 3, ""status"": 0, ""pres"": 979.2471, ""meas_profile"": ""HP-1"", ""meas_id"": 1, ""hum"": 33.72024, ""gas_res"": 29038.11}]}",NULL,"2025-10-29 10:57:18.805074"
14845,"04a600b9b0b8","2025-10-29 10:55:51","LMUqnYNhFuRH58rA9opO","{""bme688"": [{""temp"": 24.33493, ""step"": 2, ""status"": 1, ""pres"": 979.2753, ""meas_profile"": ""HP-8"", ""meas_id"": 8, ""hum"": 33.92307, ""gas_res"": 32661.39}, {""temp"": 24.31366, ""step"": 2, ""status"": 1, ""pres"": 979.4276, ""meas_profile"": ""HP-7"", ""meas_id"": 7, ""hum"": 33.81937, ""gas_res"": 43434.0}, {""temp"": 24.39125, ""step"": 2, ""status"": 1, ""pres"": 979.6041, ""meas_profile"": ""HP-6"", ""meas_id"": 6, ""hum"": 33.6846, ""gas_res"": 147465.4}, {""temp"": 24.31061, ""step"": 2, ""status"": 1, ""pres"": 979.372, ""meas_profile"": ""HP-5"", ""meas_id"": 5, ""hum"": 33.8901, ""gas_res"": 378278.5}, {""temp"": 24.04312, ""step"": 2, ""status"": 1, ""pres"": 979.4465, ""meas_profile"": ""HP-4"", ""meas_id"": 4, ""hum"": 33.43777, ""gas_res"": 408456.3}, {""temp"": 24.1881, ""step"": 2, ""status"": 1, ""pres"": 978.9986, ""meas_profile"": ""HP-3"", ""meas_id"": 3, ""hum"": 33.8836, ""gas_res"": 195233.6}, {""temp"": 24.10623, ""step"": 2, ""status"": 1, ""pres"": 979.1565, ""meas_profile"": ""HP-2"", ""meas_id"": 2, ""hum"": 34.12046, ""gas_res"": 348536.4}, {""temp"": 23.88074, ""step"": 2, ""status"": 1, ""pres"": 979.2484, ""meas_profile"": ""HP-1"", ""meas_id"": 1, ""hum"": 33.73194, ""gas_res"": 251473.5}]}",NULL,"2025-10-29 10:57:19.899347"
14846,"04a600b9b0b8","2025-10-29 10:55:51","LMUqnYNhFuRH58rA9opO","{""bme688"": [{""temp"": 24.33524, ""step"": 1, ""status"": 1, ""pres"": 979.2776, ""meas_profile"": ""HP-8"", ""meas_id"": 8, ""hum"": 33.93453, ""gas_res"": 9445.101}, {""temp"": 24.31366, ""step"": 1, ""status"": 1, ""pres"": 979.4293, ""meas_profile"": ""HP-7"", ""meas_id"": 7, ""hum"": 33.85329, ""gas_res"": 11343.5}, {""temp"": 24.39125, ""step"": 1, ""status"": 1, ""pres"": 979.6058, ""meas_profile"": ""HP-6"", ""meas_id"": 6, ""hum"": 33.67314, ""gas_res"": 25000.0}, {""temp"": 24.31092, ""step"": 1, ""status"": 1, ""pres"": 979.3725, ""meas_profile"": ""HP-5"", ""meas_id"": 5, ""hum"": 33.88446, ""gas_res"": 41410.55}, {""temp"": 24.04312, ""step"": 1, ""status"": 1, ""pres"": 979.4482, ""meas_profile"": ""HP-4"", ""meas_id"": 4, ""hum"": 33.43203, ""gas_res"": 35339.59}, {""temp"": 24.1881, ""step"": 1, ""status"": 1, ""pres"": 979.0003, ""meas_profile"": ""HP-3"", ""meas_id"": 3, ""hum"": 33.8836, ""gas_res"": 25000.0}, {""temp"": 24.10623, ""step"": 1, ""status"": 1, ""pres"": 979.1565, ""meas_profile"": ""HP-2"", ""meas_id"": 2, ""hum"": 34.13181, ""gas_res"": 30556.22}, {""temp"": 23.88043, ""step"": 1, ""status"": 1, ""pres"": 979.2478, ""meas_profile"": ""HP-1"", ""meas_id"": 1, ""hum"": 33.72605, ""gas_res"": 25000.0}]}",NULL,"2025-10-29 10:57:21.178144"
14847,"04a600b9b0b8","2025-10-29 10:55:51","LMUqnYNhFuRH58rA9opO","{""bme688"": [{""temp"": 24.33493, ""step"": 0, ""status"": 1, ""pres"": 979.277, ""meas_profile"": ""HP-8"", ""meas_id"": 8, ""hum"": 33.92307, ""gas_res"": 5974.608}, {""temp"": 24.31366, ""step"": 0, ""status"": 1, ""pres"": 979.4293, ""meas_profile"": ""HP-7"", ""meas_id"": 7, ""hum"": 33.85894, ""gas_res"": 7067.138}, {""temp"": 24.39156, ""step"": 0, ""status"": 1, ""pres"": 979.6063, ""meas_profile"": ""HP-6"", ""meas_id"": 6, ""hum"": 33.6789, ""gas_res"": 9580.838}, {""temp"": 24.31124, ""step"": 0, ""status"": 1, ""pres"": 979.3748, ""meas_profile"": ""HP-5"", ""meas_id"": 5, ""hum"": 33.89583, ""gas_res"": 25000.0}, {""temp"": 24.04312, ""step"": 0, ""status"": 1, ""pres"": 979.4498, ""meas_profile"": ""HP-4"", ""meas_id"": 4, ""hum"": 33.43203, ""gas_res"": 25000.0}, {""temp"": 24.18779, ""step"": 0, ""status"": 1, ""pres"": 979.0015, ""meas_profile"": ""HP-3"", ""meas_id"": 3, ""hum"": 33.86063, ""gas_res"": 6355.511}, {""temp"": 24.10592, ""step"": 0, ""status"": 1, ""pres"": 979.1594, ""meas_profile"": ""HP-2"", ""meas_id"": 2, ""hum"": 34.1261, ""gas_res"": 8292.304}, {""temp"": 23.88043, ""step"": 0, ""status"": 1, ""pres"": 979.2497, ""meas_profile"": ""HP-1"", ""meas_id"": 1, ""hum"": 33.74365, ""gas_res"": 6766.758}]}",NULL,"2025-10-29 10:57:22.458118"
14848,"04a600b9b0b8","2025-10-29 10:57:48","LMUqnYNhFuRH58rA9opO","{""zphs01b"": {""voc"": 0, ""temp"": 21.9, ""pm2_5"": 0, ""pm1_0"": 0, ""pm10"": 316, ""o3"": 0.03, ""no2"": 9.349999, ""hum"": 0, ""fmhd"": 0, ""co2"": 5000, ""co"": 0.0}, ""smell_b"": {}, ""sfa30"": {""temp"": 24.325, ""hum"": 36.51, ""fmhd"": 2.4}, ""sen5x"": {""voc"": 95.0, ""temp"": 24.105, ""pm4_0"": 4245.8, ""pm2_5"": 4245.8, ""pm1_0"": 4048.6, ""pm10"": 4245.8, ""nox"": 1.0, ""mass_c"": 4196.5, ""hum"": 42.08}, ""scd41"": {""temp"": 23.90517, ""hum"": 44.55482, ""co2"": 669}, ""power_source"": 0, ""mics6814"": {""red_res"": 0, ""no2_res"": 0, ""no2"": 0.17, ""nh3_res"": 0, ""nh3"": 0.73, ""co_res"": 0, ""co"": 44.0}}",NULL,"2025-10-29 10:58:25.881665"
14849,"04a600b9b0b8","2025-10-29 10:57:48","LMUqnYNhFuRH58rA9opO","{""bme688"": [{""temp"": 24.34358, ""step"": 9, ""status"": 1, ""pres"": 979.2572, ""meas_profile"": ""HP-8"", ""meas_id"": 8, ""hum"": 34.05546, ""gas_res"": 5684.846}, {""temp"": 24.32049, ""step"": 9, ""status"": 1, ""pres"": 979.4118, ""meas_profile"": ""HP-7"", ""meas_id"": 7, ""hum"": 33.97271, ""gas_res"": 6432.161}, {""temp"": 24.39588, ""step"": 9, ""status"": 1, ""pres"": 979.5754, ""meas_profile"": ""HP-6"", ""meas_id"": 6, ""hum"": 33.77677, ""gas_res"": 8931.063}, {""temp"": 24.3128, ""step"": 9, ""status"": 1, ""pres"": 979.3281, ""meas_profile"": ""HP-5"", ""meas_id"": 5, ""hum"": 33.97533, ""gas_res"": 25000.0}, {""temp"": 24.04964, ""step"": 9, ""status"": 1, ""pres"": 979.4105, ""meas_profile"": ""HP-4"", ""meas_id"": 4, ""hum"": 33.50721, ""gas_res"": 25000.0}, {""temp"": 24.19398, ""step"": 9, ""status"": 1, ""pres"": 978.9677, ""meas_profile"": ""HP-3"", ""meas_id"": 3, ""hum"": 33.97024, ""gas_res"": 7806.782}, {""temp"": 24.11244, ""step"": 9, ""status"": 1, ""pres"": 979.1241, ""meas_profile"": ""HP-2"", ""meas_id"": 2, ""hum"": 34.25726, ""gas_res"": 9919.405}, {""temp"": 23.88448, ""step"": 9, ""status"": 1, ""pres"": 979.2144, ""meas_profile"": ""HP-1"", ""meas_id"": 1, ""hum"": 33.83795, ""gas_res"": 7473.144}]}",NULL,"2025-10-29 10:58:27.098442"
14850,"04a600b9b0b8","2025-10-29 10:57:48","LMUqnYNhFuRH58rA9opO","{""bme688"": [{""temp"": 24.34296, ""step"": 8, ""status"": 1, ""pres"": 979.258, ""meas_profile"": ""HP-8"", ""meas_id"": 8, ""hum"": 34.03823, ""gas_res"": 5684.846}, {""temp"": 24.32018, ""step"": 8, ""status"": 1, ""pres"": 979.4113, ""meas_profile"": ""HP-7"", ""meas_id"": 7, ""hum"": 33.97268, ""gas_res"": 6424.413}, {""temp"": 24.39588, ""step"": 8, ""status"": 1, ""pres"": 979.5754, ""meas_profile"": ""HP-6"", ""meas_id"": 6, ""hum"": 33.78824, ""gas_res"": 9296.92}, {""temp"": 24.3128, ""step"": 8, ""status"": 1, ""pres"": 979.3298, ""meas_profile"": ""HP-5"", ""meas_id"": 5, ""hum"": 33.99801, ""gas_res"": 25000.0}, {""temp"": 24.04964, ""step"": 8, ""status"": 1, ""pres"": 979.4122, ""meas_profile"": ""HP-4"", ""meas_id"": 4, ""hum"": 33.50721, ""gas_res"": 25000.0}, {""temp"": 24.19398, ""step"": 8, ""status"": 1, ""pres"": 978.9677, ""meas_profile"": ""HP-3"", ""meas_id"": 3, ""hum"": 33.99321, ""gas_res"": 7426.317}, {""temp"": 24.11244, ""step"": 8, ""status"": 1, ""pres"": 979.1241, ""meas_profile"": ""HP-2"", ""meas_id"": 2, ""hum"": 34.26295, ""gas_res"": 10012.52}, {""temp"": 23.88479, ""step"": 8, ""status"": 1, ""pres"": 979.2167, ""meas_profile"": ""HP-1"", ""meas_id"": 1, ""hum"": 33.83211, ""gas_res"": 7823.961}]}",NULL,"2025-10-29 10:58:28.378509"
14851,"04a600b9b0b8","2025-10-29 10:57:48","LMUqnYNhFuRH58rA9opO","{""bme688"": [{""temp"": 24.34265, ""step"": 7, ""status"": 1, ""pres"": 979.2576, ""meas_profile"": ""HP-8"", ""meas_id"": 8, ""hum"": 34.06682, ""gas_res"": 5684.846}, {""temp"": 24.31987, ""step"": 7, ""status"": 1, ""pres"": 979.4124, ""meas_profile"": ""HP-7"", ""meas_id"": 7, ""hum"": 33.98963, ""gas_res"": 6494.824}, {""temp"": 24.39588, ""step"": 7, ""status"": 1, ""pres"": 979.577, ""meas_profile"": ""HP-6"", ""meas_id"": 6, ""hum"": 33.78824, ""gas_res"": 9598.08}, {""temp"": 24.3128, ""step"": 7, ""status"": 1, ""pres"": 979.3298, ""meas_profile"": ""HP-5"", ""meas_id"": 5, ""hum"": 33.96966, ""gas_res"": 25000.0}, {""temp"": 24.04964, ""step"": 7, ""status"": 1, ""pres"": 979.4122, ""meas_profile"": ""HP-4"", ""meas_id"": 4, ""hum"": 33.55313, ""gas_res"": 25000.0}, {""temp"": 24.19398, ""step"": 7, ""status"": 1, ""pres"": 978.9677, ""meas_profile"": ""HP-3"", ""meas_id"": 3, ""hum"": 34.00469, ""gas_res"": 7590.133}, {""temp"": 24.11275, ""step"": 7, ""status"": 1, ""pres"": 979.1248, ""meas_profile"": ""HP-2"", ""meas_id"": 2, ""hum"": 34.30273, ""gas_res"": 10362.69}, {""temp"": 23.88479, ""step"": 7, ""status"": 1, ""pres"": 979.2167, ""meas_profile"": ""HP-1"", ""meas_id"": 1, ""hum"": 33.84972, ""gas_res"": 8159.103}]}",NULL,"2025-10-29 10:58:29.661639"
14852,"04a600b9b0b8","2025-10-29 10:57:48","LMUqnYNhFuRH58rA9opO","{""bme688"": [{""temp"": 24.34234, ""step"": 6, ""status"": 1, ""pres"": 979.2587, ""meas_profile"": ""HP-8"", ""meas_id"": 8, ""hum"": 34.06679, ""gas_res"": 16096.58}, {""temp"": 24.31956, ""step"": 6, ""status"": 1, ""pres"": 979.412, ""meas_profile"": ""HP-7"", ""meas_id"": 7, ""hum"": 33.9896, ""gas_res"": 21178.03}, {""temp"": 24.39557, ""step"": 6, ""status"": 1, ""pres"": 979.5767, ""meas_profile"": ""HP-6"", ""meas_id"": 6, ""hum"": 33.79969, ""gas_res"": 44016.51}, {""temp"": 24.3128, ""step"": 6, ""status"": 1, ""pres"": 979.3314, ""meas_profile"": ""HP-5"", ""meas_id"": 5, ""hum"": 34.01502, ""gas_res"": 154682.8}, {""temp"": 24.04933, ""step"": 6, ""status"": 1, ""pres"": 979.4135, ""meas_profile"": ""HP-4"", ""meas_id"": 4, ""hum"": 33.5531, ""gas_res"": 156814.7}, {""temp"": 24.19429, ""step"": 6, ""status"": 1, ""pres"": 978.9698, ""meas_profile"": ""HP-3"", ""meas_id"": 3, ""hum"": 34.02769, ""gas_res"": 100000.0}, {""temp"": 24.11275, ""step"": 6, ""status"": 1, ""pres"": 979.1265, ""meas_profile"": ""HP-2"", ""meas_id"": 2, ""hum"": 34.31977, ""gas_res"": 132368.2}, {""temp"": 23.88479, ""step"": 6, ""status"": 1, ""pres"": 979.2167, ""meas_profile"": ""HP-1"", ""meas_id"": 1, ""hum"": 33.86147, ""gas_res"": 104617.9}]}",NULL,"2025-10-29 10:58:31.046505"
14853,"04a600b9b0b8","2025-10-29 10:57:48","LMUqnYNhFuRH58rA9opO","{""bme688"": [{""temp"": 24.34203, ""step"": 5, ""status"": 1, ""pres"": 979.2582, ""meas_profile"": ""HP-8"", ""meas_id"": 8, ""hum"": 34.08393, ""gas_res"": 15964.08}, {""temp"": 24.31925, ""step"": 5, ""status"": 1, ""pres"": 979.4131, ""meas_profile"": ""HP-7"", ""meas_id"": 7, ""hum"": 33.98957, ""gas_res"": 21011.16}, {""temp"": 24.39557, ""step"": 5, ""status"": 1, ""pres"": 979.5767, ""meas_profile"": ""HP-6"", ""meas_id"": 6, ""hum"": 33.80542, ""gas_res"": 44336.68}, {""temp"": 24.3128, ""step"": 5, ""status"": 1, ""pres"": 979.3314, ""meas_profile"": ""HP-5"", ""meas_id"": 5, ""hum"": 34.02636, ""gas_res"": 156527.1}, {""temp"": 24.04933, ""step"": 5, ""status"": 1, ""pres"": 979.4152, ""meas_profile"": ""HP-4"", ""meas_id"": 4, ""hum"": 33.57032, ""gas_res"": 156527.1}, {""temp"": 24.19429, ""step"": 5, ""status"": 1, ""pres"": 978.9698, ""meas_profile"": ""HP-3"", ""meas_id"": 3, ""hum"": 34.05066, ""gas_res"": 100000.0}, {""temp"": 24.11275, ""step"": 5, ""status"": 1, ""pres"": 979.1265, ""meas_profile"": ""HP-2"", ""meas_id"": 2, ""hum"": 34.33113, ""gas_res"": 129358.3}, {""temp"": 23.88479, ""step"": 5, ""status"": 1, ""pres"": 979.2185, ""meas_profile"": ""HP-1"", ""meas_id"": 1, ""hum"": 33.87909, ""gas_res"": 102605.2}]}",NULL,"2025-10-29 10:58:32.21773"
14854,"04a600b9b0b8","2025-10-29 10:57:48","LMUqnYNhFuRH58rA9opO","{""bme688"": [{""temp"": 24.34172, ""step"": 4, ""status"": 1, ""pres"": 979.2596, ""meas_profile"": ""HP-8"", ""meas_id"": 8, ""hum"": 34.07817, ""gas_res"": 15810.28}, {""temp"": 24.31894, ""step"": 4, ""status"": 1, ""pres"": 979.4127, ""meas_profile"": ""HP-7"", ""meas_id"": 7, ""hum"": 33.97822, ""gas_res"": 20867.3}, {""temp"": 24.39557, ""step"": 4, ""status"": 1, ""pres"": 979.5784, ""meas_profile"": ""HP-6"", ""meas_id"": 6, ""hum"": 33.82263, ""gas_res"": 44896.53}, {""temp"": 24.31249, ""step"": 4, ""status"": 1, ""pres"": 979.3328, ""meas_profile"": ""HP-5"", ""meas_id"": 5, ""hum"": 34.02066, ""gas_res"": 159451.9}, {""temp"": 24.04933, ""step"": 4, ""status"": 1, ""pres"": 979.4152, ""meas_profile"": ""HP-4"", ""meas_id"": 4, ""hum"": 33.57606, ""gas_res"": 159303.0}, {""temp"": 24.19429, ""step"": 4, ""status"": 1, ""pres"": 978.9715, ""meas_profile"": ""HP-3"", ""meas_id"": 3, ""hum"": 34.06215, ""gas_res"": 100000.0}, {""temp"": 24.11275, ""step"": 4, ""status"": 1, ""pres"": 979.1282, ""meas_profile"": ""HP-2"", ""meas_id"": 2, ""hum"": 34.33681, ""gas_res"": 126670.0}, {""temp"": 23.88448, ""step"": 4, ""status"": 1, ""pres"": 979.218, ""meas_profile"": ""HP-1"", ""meas_id"": 1, ""hum"": 33.89081, ""gas_res"": 98632.25}]}",NULL,"2025-10-29 10:58:33.498471"
14855,"04a600b9b0b8","2025-10-29 10:57:48","LMUqnYNhFuRH58rA9opO","{""bme688"": [{""temp"": 24.34172, ""step"": 3, ""status"": 0, ""pres"": 979.2596, ""meas_profile"": ""HP-8"", ""meas_id"": 8, ""hum"": 34.07817, ""gas_res"": 8091.024}, {""temp"": 24.31894, ""step"": 3, ""status"": 0, ""pres"": 979.4144, ""meas_profile"": ""HP-7"", ""meas_id"": 7, ""hum"": 34.01218, ""gas_res"": 10078.74}, {""temp"": 24.39495, ""step"": 3, ""status"": 0, ""pres"": 979.5774, ""meas_profile"": ""HP-6"", ""meas_id"": 6, ""hum"": 33.83405, ""gas_res"": 23490.55}, {""temp"": 24.31249, ""step"": 3, ""status"": 0, ""pres"": 979.3345, ""meas_profile"": ""HP-5"", ""meas_id"": 5, ""hum"": 34.02634, ""gas_res"": 48752.62}, {""temp"": 24.04902, ""step"": 3, ""status"": 0, ""pres"": 979.4163, ""meas_profile"": ""HP-4"", ""meas_id"": 4, ""hum"": 33.59325, ""gas_res"": 47931.1}, {""temp"": 24.19429, ""step"": 3, ""status"": 0, ""pres"": 978.9715, ""meas_profile"": ""HP-3"", ""meas_id"": 3, ""hum"": 34.09088, ""gas_res"": 31135.98}, {""temp"": 24.11244, ""step"": 3, ""status"": 0, ""pres"": 979.1276, ""meas_profile"": ""HP-2"", ""meas_id"": 2, ""hum"": 34.34247, ""gas_res"": 49747.38}, {""temp"": 23.88448, ""step"": 3, ""status"": 0, ""pres"": 979.2198, ""meas_profile"": ""HP-1"", ""meas_id"": 1, ""hum"": 33.89668, ""gas_res"": 32686.41}]}",NULL,"2025-10-29 10:58:34.778138"
14856,"04a600b9b0b8","2025-10-29 10:57:48","LMUqnYNhFuRH58rA9opO","{""bme688"": [{""temp"": 24.34172, ""step"": 2, ""status"": 1, ""pres"": 979.2614, ""meas_profile"": ""HP-8"", ""meas_id"": 8, ""hum"": 34.10107, ""gas_res"": 23464.71}, {""temp"": 24.31863, ""step"": 2, ""status"": 1, ""pres"": 979.4138, ""meas_profile"": ""HP-7"", ""meas_id"": 7, ""hum"": 33.98951, ""gas_res"": 31527.09}, {""temp"": 24.39465, ""step"": 2, ""status"": 1, ""pres"": 979.5787, ""meas_profile"": ""HP-6"", ""meas_id"": 6, ""hum"": 33.83402, ""gas_res"": 102236.4}, {""temp"": 24.31218, ""step"": 2, ""status"": 1, ""pres"": 979.3357, ""meas_profile"": ""HP-5"", ""meas_id"": 5, ""hum"": 34.02063, ""gas_res"": 256000.0}, {""temp"": 24.04871, ""step"": 2, ""status"": 1, ""pres"": 979.4174, ""meas_profile"": ""HP-4"", ""meas_id"": 4, ""hum"": 33.58749, ""gas_res"": 306311.7}, {""temp"": 24.19398, ""step"": 2, ""status"": 1, ""pres"": 978.9727, ""meas_profile"": ""HP-3"", ""meas_id"": 3, ""hum"": 34.06787, ""gas_res"": 152881.5}, {""temp"": 24.11213, ""step"": 2, ""status"": 1, ""pres"": 979.1287, ""meas_profile"": ""HP-2"", ""meas_id"": 2, ""hum"": 34.3538, ""gas_res"": 283421.0}, {""temp"": 23.88417, ""step"": 2, ""status"": 1, ""pres"": 979.2193, ""meas_profile"": ""HP-1"", ""meas_id"": 1, ""hum"": 33.92016, ""gas_res"": 207581.6}]}",NULL,"2025-10-29 10:58:36.151445"
14857,"04a600b9b0b8","2025-10-29 10:57:48","LMUqnYNhFuRH58rA9opO","{""bme688"": [{""temp"": 24.34172, ""step"": 1, ""status"": 1, ""pres"": 979.2614, ""meas_profile"": ""HP-8"", ""meas_id"": 8, ""hum"": 34.09535, ""gas_res"": 9161.18}, {""temp"": 24.31863, ""step"": 1, ""status"": 1, ""pres"": 979.4138, ""meas_profile"": ""HP-7"", ""meas_id"": 7, ""hum"": 34.00649, ""gas_res"": 11283.5}, {""temp"": 24.39465, ""step"": 1, ""status"": 1, ""pres"": 979.5787, ""meas_profile"": ""HP-6"", ""meas_id"": 6, ""hum"": 33.82255, ""gas_res"": 25000.0}, {""temp"": 24.31218, ""step"": 1, ""status"": 1, ""pres"": 979.3357, ""meas_profile"": ""HP-5"", ""meas_id"": 5, ""hum"": 34.0263, ""gas_res"": 100000.0}, {""temp"": 24.04871, ""step"": 1, ""status"": 1, ""pres"": 979.4174, ""meas_profile"": ""HP-4"", ""meas_id"": 4, ""hum"": 33.58749, ""gas_res"": 42314.05}, {""temp"": 24.19398, ""step"": 1, ""status"": 1, ""pres"": 978.9744, ""meas_profile"": ""HP-3"", ""meas_id"": 3, ""hum"": 34.07936, ""gas_res"": 26528.5}, {""temp"": 24.11244, ""step"": 1, ""status"": 1, ""pres"": 979.1293, ""meas_profile"": ""HP-2"", ""meas_id"": 2, ""hum"": 34.34815, ""gas_res"": 39530.57}, {""temp"": 23.88448, ""step"": 1, ""status"": 1, ""pres"": 979.2216, ""meas_profile"": ""HP-1"", ""meas_id"": 1, ""hum"": 33.91431, ""gas_res"": 28841.82}]}",NULL,"2025-10-29 10:58:37.336693"
14858,"04a600b9b0b8","2025-10-29 10:57:48","LMUqnYNhFuRH58rA9opO","{""bme688"": [{""temp"": 24.34172, ""step"": 0, ""status"": 1, ""pres"": 979.2632, ""meas_profile"": ""HP-8"", ""meas_id"": 8, ""hum"": 34.11253, ""gas_res"": 5684.846}, {""temp"": 24.31863, ""step"": 0, ""status"": 1, ""pres"": 979.4155, ""meas_profile"": ""HP-7"", ""meas_id"": 7, ""hum"": 34.00649, ""gas_res"": 6796.941}, {""temp"": 24.39465, ""step"": 0, ""status"": 1, ""pres"": 979.5787, ""meas_profile"": ""HP-6"", ""meas_id"": 6, ""hum"": 33.85124, ""gas_res"": 9809.933}, {""temp"": 24.31218, ""step"": 0, ""status"": 1, ""pres"": 979.3373, ""meas_profile"": ""HP-5"", ""meas_id"": 5, ""hum"": 34.04332, ""gas_res"": 25000.0}, {""temp"": 24.04871, ""step"": 0, ""status"": 1, ""pres"": 979.4191, ""meas_profile"": ""HP-4"", ""meas_id"": 4, ""hum"": 33.576, ""gas_res"": 25000.0}, {""temp"": 24.19398, ""step"": 0, ""status"": 1, ""pres"": 978.9744, ""meas_profile"": ""HP-3"", ""meas_id"": 3, ""hum"": 34.06787, ""gas_res"": 7354.631}, {""temp"": 24.11275, ""step"": 0, ""status"": 1, ""pres"": 979.1298, ""meas_profile"": ""HP-2"", ""meas_id"": 2, ""hum"": 34.33113, ""gas_res"": 9975.063}, {""temp"": 23.88448, ""step"": 0, ""status"": 1, ""pres"": 979.2216, ""meas_profile"": ""HP-1"", ""meas_id"": 1, ""hum"": 33.90844, ""gas_res"": 7812.5}]}",NULL,"2025-10-29 10:58:38.618202"
14859,"04a600b9b0b8","2025-10-29 10:57:21","LMUqnYNhFuRH58rA9opO","{""zphs01b"": {""voc"": 0, ""temp"": 21.9, ""pm2_5"": 0, ""pm1_0"": 0, ""pm10"": 318, ""o3"": 0.03, ""no2"": 10.0, ""hum"": 0, ""fmhd"": 0, ""co2"": 5000, ""co"": 0.0}, ""smell_b"": {}, ""sfa30"": {""temp"": 24.31, ""hum"": 36.5, ""fmhd"": 1.8}, ""sen5x"": {""voc"": 99.0, ""temp"": 24.135, ""pm4_0"": 4394.2, ""pm2_5"": 4394.2, ""pm1_0"": 4190.1, ""pm10"": 4394.2, ""nox"": 1.0, ""mass_c"": 4343.175, ""hum"": 42.04}, ""scd41"": {""temp"": 23.87579, ""hum"": 44.57923, ""co2"": 669}, ""power_source"": 0, ""mics6814"": {""red_res"": 0, ""no2_res"": 0, ""no2"": 0.17, ""nh3_res"": 0, ""nh3"": 0.73, ""co_res"": 0, ""co"": 44.0}}",NULL,"2025-10-29 10:58:39.790749"
14860,"04a600b9b0b8","2025-10-29 10:57:21","LMUqnYNhFuRH58rA9opO","{""bme688"": [{""temp"": 24.34142, ""step"": 9, ""status"": 1, ""pres"": 979.2626, ""meas_profile"": ""HP-8"", ""meas_id"": 8, ""hum"": 34.04381, ""gas_res"": 5684.846}, {""temp"": 24.31832, ""step"": 9, ""status"": 1, ""pres"": 979.415, ""meas_profile"": ""HP-7"", ""meas_id"": 7, ""hum"": 33.96685, ""gas_res"": 6265.91}, {""temp"": 24.39465, ""step"": 9, ""status"": 1, ""pres"": 979.5803, ""meas_profile"": ""HP-6"", ""meas_id"": 6, ""hum"": 33.79387, ""gas_res"": 8490.315}, {""temp"": 24.31218, ""step"": 9, ""status"": 1, ""pres"": 979.3391, ""meas_profile"": ""HP-5"", ""meas_id"": 5, ""hum"": 33.98094, ""gas_res"": 25000.0}, {""temp"": 24.0484, ""step"": 9, ""status"": 1, ""pres"": 979.4202, ""meas_profile"": ""HP-4"", ""meas_id"": 4, ""hum"": 33.51858, ""gas_res"": 25000.0}, {""temp"": 24.19429, ""step"": 9, ""status"": 1, ""pres"": 978.9766, ""meas_profile"": ""HP-3"", ""meas_id"": 3, ""hum"": 34.00471, ""gas_res"": 7259.528}, {""temp"": 24.11275, ""step"": 9, ""status"": 1, ""pres"": 979.1317, ""meas_profile"": ""HP-2"", ""meas_id"": 2, ""hum"": 34.27433, ""gas_res"": 9224.561}, {""temp"": 23.88479, ""step"": 9, ""status"": 1, ""pres"": 979.2239, ""meas_profile"": ""HP-1"", ""meas_id"": 1, ""hum"": 33.82624, ""gas_res"": 6956.522}]}",NULL,"2025-10-29 10:58:41.269983"
14861,"04a600b9b0b8","2025-10-29 10:57:21","LMUqnYNhFuRH58rA9opO","{""bme688"": [{""temp"": 24.3408, ""step"": 8, ""status"": 1, ""pres"": 979.2634, ""meas_profile"": ""HP-8"", ""meas_id"": 8, ""hum"": 34.04375, ""gas_res"": 5684.846}, {""temp"": 24.31832, ""step"": 8, ""status"": 1, ""pres"": 979.4166, ""meas_profile"": ""HP-7"", ""meas_id"": 7, ""hum"": 33.96119, ""gas_res"": 6329.114}, {""temp"": 24.39434, ""step"": 8, ""status"": 1, ""pres"": 979.5815, ""meas_profile"": ""HP-6"", ""meas_id"": 6, ""hum"": 33.78236, ""gas_res"": 8747.949}, {""temp"": 24.31218, ""step"": 8, ""status"": 1, ""pres"": 979.3391, ""meas_profile"": ""HP-5"", ""meas_id"": 5, ""hum"": 33.99795, ""gas_res"": 25000.0}, {""temp"": 24.0484, ""step"": 8, ""status"": 1, ""pres"": 979.4219, ""meas_profile"": ""HP-4"", ""meas_id"": 4, ""hum"": 33.52431, ""gas_res"": 25000.0}, {""temp"": 24.19429, ""step"": 8, ""status"": 1, ""pres"": 978.9782, ""meas_profile"": ""HP-3"", ""meas_id"": 3, ""hum"": 33.99323, ""gas_res"": 6862.535}, {""temp"": 24.11275, ""step"": 8, ""status"": 1, ""pres"": 979.1317, ""meas_profile"": ""HP-2"", ""meas_id"": 2, ""hum"": 34.24026, ""gas_res"": 9232.545}, {""temp"": 23.88479, ""step"": 8, ""status"": 1, ""pres"": 979.2239, ""meas_profile"": ""HP-1"", ""meas_id"": 1, ""hum"": 33.83211, ""gas_res"": 7191.011}]}",NULL,"2025-10-29 10:58:42.458506"
14862,"04a600b9b0b8","2025-10-29 10:57:21","LMUqnYNhFuRH58rA9opO","{""bme688"": [{""temp"": 24.34018, ""step"": 7, ""status"": 1, ""pres"": 979.2625, ""meas_profile"": ""HP-8"", ""meas_id"": 8, ""hum"": 34.04369, ""gas_res"": 5684.846}, {""temp"": 24.31801, ""step"": 7, ""status"": 1, ""pres"": 979.416, ""meas_profile"": ""HP-7"", ""meas_id"": 7, ""hum"": 33.94418, ""gas_res"": 6366.892}, {""temp"": 24.39434, ""step"": 7, ""status"": 1, ""pres"": 979.5833, ""meas_profile"": ""HP-6"", ""meas_id"": 6, ""hum"": 33.78236, ""gas_res"": 9014.085}, {""temp"": 24.31218, ""step"": 7, ""status"": 1, ""pres"": 979.3407, ""meas_profile"": ""HP-5"", ""meas_id"": 5, ""hum"": 33.99228, ""gas_res"": 25000.0}, {""temp"": 24.0484, ""step"": 7, ""status"": 1, ""pres"": 979.4235, ""meas_profile"": ""HP-4"", ""meas_id"": 4, ""hum"": 33.53579, ""gas_res"": 25000.0}, {""temp"": 24.19398, ""step"": 7, ""status"": 1, ""pres"": 978.9778, ""meas_profile"": ""HP-3"", ""meas_id"": 3, ""hum"": 33.97598, ""gas_res"": 6836.146}, {""temp"": 24.11275, ""step"": 7, ""status"": 1, ""pres"": 979.1334, ""meas_profile"": ""HP-2"", ""meas_id"": 2, ""hum"": 34.26865, ""gas_res"": 9106.432}, {""temp"": 23.88479, ""step"": 7, ""status"": 1, ""pres"": 979.2258, ""meas_profile"": ""HP-1"", ""meas_id"": 1, ""hum"": 33.79688, ""gas_res"": 7359.706}]}",NULL,"2025-10-29 10:58:43.737599"
14863,"04a600b9b0b8","2025-10-29 10:57:21","LMUqnYNhFuRH58rA9opO","{""bme688"": [{""temp"": 24.34018, ""step"": 6, ""status"": 1, ""pres"": 979.2625, ""meas_profile"": ""HP-8"", ""meas_id"": 8, ""hum"": 34.05514, ""gas_res"": 16206.63}, {""temp"": 24.3177, ""step"": 6, ""status"": 1, ""pres"": 979.4172, ""meas_profile"": ""HP-7"", ""meas_id"": 7, ""hum"": 33.96679, ""gas_res"": 20605.28}, {""temp"": 24.39434, ""step"": 6, ""status"": 1, ""pres"": 979.5833, ""meas_profile"": ""HP-6"", ""meas_id"": 6, ""hum"": 33.7881, ""gas_res"": 39937.6}, {""temp"": 24.31186, ""step"": 6, ""status"": 1, ""pres"": 979.3419, ""meas_profile"": ""HP-5"", ""meas_id"": 5, ""hum"": 33.99792, ""gas_res"": 136387.9}, {""temp"": 24.04809, ""step"": 6, ""status"": 1, ""pres"": 979.4246, ""meas_profile"": ""HP-4"", ""meas_id"": 4, ""hum"": 33.52429, ""gas_res"": 133194.6}, {""temp"": 24.19367, ""step"": 6, ""status"": 1, ""pres"": 978.979, ""meas_profile"": ""HP-3"", ""meas_id"": 3, ""hum"": 33.99318, ""gas_res"": 85390.26}, {""temp"": 24.11244, ""step"": 6, ""status"": 1, ""pres"": 979.1344, ""meas_profile"": ""HP-2"", ""meas_id"": 2, ""hum"": 34.25159, ""gas_res"": 108474.6}, {""temp"": 23.8851, ""step"": 6, ""status"": 1, ""pres"": 979.2263, ""meas_profile"": ""HP-1"", ""meas_id"": 1, ""hum"": 33.80865, ""gas_res"": 100000.0}]}",NULL,"2025-10-29 10:58:45.0196"
14864,"04a600b9b0b8","2025-10-29 10:57:21","LMUqnYNhFuRH58rA9opO","{""bme688"": [{""temp"": 24.33987, ""step"": 5, ""status"": 1, ""pres"": 979.2637, ""meas_profile"": ""HP-8"", ""meas_id"": 8, ""hum"": 34.05511, ""gas_res"": 16169.78}, {""temp"": 24.31739, ""step"": 5, ""status"": 1, ""pres"": 979.4167, ""meas_profile"": ""HP-7"", ""meas_id"": 7, ""hum"": 33.97808, ""gas_res"": 20545.75}, {""temp"": 24.39403, ""step"": 5, ""status"": 1, ""pres"": 979.5845, ""meas_profile"": ""HP-6"", ""meas_id"": 6, ""hum"": 33.7938, ""gas_res"": 40087.69}, {""temp"": 24.31155, ""step"": 5, ""status"": 1, ""pres"": 979.343, ""meas_profile"": ""HP-5"", ""meas_id"": 5, ""hum"": 34.00356, ""gas_res"": 136715.6}, {""temp"": 24.04747, ""step"": 5, ""status"": 1, ""pres"": 979.4253, ""meas_profile"": ""HP-4"", ""meas_id"": 4, ""hum"": 33.54719, ""gas_res"": 132573.8}, {""temp"": 24.19336, ""step"": 5, ""status"": 1, ""pres"": 978.9802, ""meas_profile"": ""HP-3"", ""meas_id"": 3, ""hum"": 33.99889, ""gas_res"": 82421.12}, {""temp"": 24.11213, ""step"": 5, ""status"": 1, ""pres"": 979.1356, ""meas_profile"": ""HP-2"", ""meas_id"": 2, ""hum"": 34.25723, ""gas_res"": 105004.1}, {""temp"": 23.8851, ""step"": 5, ""status"": 1, ""pres"": 979.2263, ""meas_profile"": ""HP-1"", ""meas_id"": 1, ""hum"": 33.83214, ""gas_res"": 100000.0}]}",NULL,"2025-10-29 10:58:46.390589"
14865,"04a600b9b0b8","2025-10-29 10:57:21","LMUqnYNhFuRH58rA9opO","{""bme688"": [{""temp"": 24.33956, ""step"": 4, ""status"": 1, ""pres"": 979.2631, ""meas_profile"": ""HP-8"", ""meas_id"": 8, ""hum"": 34.04363, ""gas_res"": 16096.58}, {""temp"": 24.31708, ""step"": 4, ""status"": 1, ""pres"": 979.4162, ""meas_profile"": ""HP-7"", ""meas_id"": 7, ""hum"": 33.97805, ""gas_res"": 20625.2}, {""temp"": 24.39403, ""step"": 4, ""status"": 1, ""pres"": 979.5862, ""meas_profile"": ""HP-6"", ""meas_id"": 6, ""hum"": 33.82249, ""gas_res"": 40816.33}, {""temp"": 24.31124, ""step"": 4, ""status"": 1, ""pres"": 979.3442, ""meas_profile"": ""HP-5"", ""meas_id"": 5, ""hum"": 34.01488, ""gas_res"": 139281.8}, {""temp"": 24.04716, ""step"": 4, ""status"": 1, ""pres"": 979.4266, ""meas_profile"": ""HP-4"", ""meas_id"": 4, ""hum"": 33.5529, ""gas_res"": 134347.9}, {""temp"": 24.19305, ""step"": 4, ""status"": 1, ""pres"": 978.9815, ""meas_profile"": ""HP-3"", ""meas_id"": 3, ""hum"": 34.01035, ""gas_res"": 80402.01}, {""temp"": 24.11182, ""step"": 4, ""status"": 1, ""pres"": 979.1369, ""meas_profile"": ""HP-2"", ""meas_id"": 2, ""hum"": 34.27992, ""gas_res"": 103101.1}, {""temp"": 23.8851, ""step"": 4, ""status"": 1, ""pres"": 979.228, ""meas_profile"": ""HP-1"", ""meas_id"": 1, ""hum"": 33.83214, ""gas_res"": 100000.0}]}",NULL,"2025-10-29 10:58:47.58279"
14866,"04a600b9b0b8","2025-10-29 10:57:21","LMUqnYNhFuRH58rA9opO","{""bme688"": [{""temp"": 24.33925, ""step"": 3, ""status"": 0, ""pres"": 979.2645, ""meas_profile"": ""HP-8"", ""meas_id"": 8, ""hum"": 34.07794, ""gas_res"": 8416.623}, {""temp"": 24.31677, ""step"": 3, ""status"": 0, ""pres"": 979.4174, ""meas_profile"": ""HP-7"", ""meas_id"": 7, ""hum"": 34.02329, ""gas_res"": 10174.88}, {""temp"": 24.39341, ""step"": 3, ""status"": 0, ""pres"": 979.5869, ""meas_profile"": ""HP-6"", ""meas_id"": 6, ""hum"": 33.8339, ""gas_res"": 21850.46}, {""temp"": 24.31061, ""step"": 3, ""status"": 0, ""pres"": 979.3449, ""meas_profile"": ""HP-5"", ""meas_id"": 5, ""hum"": 34.04318, ""gas_res"": 43790.63}, {""temp"": 24.04654, ""step"": 3, ""status"": 0, ""pres"": 979.4272, ""meas_profile"": ""HP-4"", ""meas_id"": 4, ""hum"": 33.56432, ""gas_res"": 41693.81}, {""temp"": 24.19243, ""step"": 3, ""status"": 0, ""pres"": 978.9804, ""meas_profile"": ""HP-3"", ""meas_id"": 3, ""hum"": 34.02752, ""gas_res"": 27101.42}, {""temp"": 24.11151, ""step"": 3, ""status"": 0, ""pres"": 979.1364, ""meas_profile"": ""HP-2"", ""meas_id"": 2, ""hum"": 34.31397, ""gas_res"": 41410.55}, {""temp"": 23.88479, ""step"": 3, ""status"": 0, ""pres"": 979.2294, ""meas_profile"": ""HP-1"", ""meas_id"": 1, ""hum"": 33.83798, ""gas_res"": 27990.38}]}",NULL,"2025-10-29 10:58:48.858209"
14867,"04a600b9b0b8","2025-10-29 10:57:21","LMUqnYNhFuRH58rA9opO","{""bme688"": [{""temp"": 24.33894, ""step"": 2, ""status"": 1, ""pres"": 979.264, ""meas_profile"": ""HP-8"", ""meas_id"": 8, ""hum"": 34.08363, ""gas_res"": 27309.58}, {""temp"": 24.31646, ""step"": 2, ""status"": 1, ""pres"": 979.4186, ""meas_profile"": ""HP-7"", ""meas_id"": 7, ""hum"": 33.9893, ""gas_res"": 35545.68}, {""temp"": 24.39279, ""step"": 2, ""status"": 1, ""pres"": 979.5876, ""meas_profile"": ""HP-6"", ""meas_id"": 6, ""hum"": 33.83385, ""gas_res"": 108268.1}, {""temp"": 24.3103, ""step"": 2, ""status"": 1, ""pres"": 979.3462, ""meas_profile"": ""HP-5"", ""meas_id"": 5, ""hum"": 34.04882, ""gas_res"": 264941.8}, {""temp"": 24.04622, ""step"": 2, ""status"": 1, ""pres"": 979.4266, ""meas_profile"": ""HP-4"", ""meas_id"": 4, ""hum"": 33.55281, ""gas_res"": 295185.9}, {""temp"": 24.19212, ""step"": 2, ""status"": 1, ""pres"": 978.9814, ""meas_profile"": ""HP-3"", ""meas_id"": 3, ""hum"": 34.04472, ""gas_res"": 142301.3}, {""temp"": 24.11119, ""step"": 2, ""status"": 1, ""pres"": 979.1375, ""meas_profile"": ""HP-2"", ""meas_id"": 2, ""hum"": 34.30259, ""gas_res"": 257157.2}, {""temp"": 23.88479, ""step"": 2, ""status"": 1, ""pres"": 979.2294, ""meas_profile"": ""HP-1"", ""meas_id"": 1, ""hum"": 33.84972, ""gas_res"": 181495.9}]}",NULL,"2025-10-29 10:58:50.136632"
14868,"04a600b9b0b8","2025-10-29 10:57:21","LMUqnYNhFuRH58rA9opO","{""bme688"": [{""temp"": 24.33925, ""step"": 1, ""status"": 1, ""pres"": 979.2662, ""meas_profile"": ""HP-8"", ""meas_id"": 8, ""hum"": 34.11229, ""gas_res"": 9632.751}, {""temp"": 24.31646, ""step"": 1, ""status"": 1, ""pres"": 979.4186, ""meas_profile"": ""HP-7"", ""meas_id"": 7, ""hum"": 34.01194, ""gas_res"": 11440.83}, {""temp"": 24.39279, ""step"": 1, ""status"": 1, ""pres"": 979.5894, ""meas_profile"": ""HP-6"", ""meas_id"": 6, ""hum"": 33.8568, ""gas_res"": 25000.0}, {""temp"": 24.3103, ""step"": 1, ""status"": 1, ""pres"": 979.3478, ""meas_profile"": ""HP-5"", ""meas_id"": 5, ""hum"": 34.04882, ""gas_res"": 41939.71}, {""temp"": 24.04622, ""step"": 1, ""status"": 1, ""pres"": 979.4283, ""meas_profile"": ""HP-4"", ""meas_id"": 4, ""hum"": 33.58151, ""gas_res"": 36056.34}, {""temp"": 24.19212, ""step"": 1, ""status"": 1, ""pres"": 978.9832, ""meas_profile"": ""HP-3"", ""meas_id"": 3, ""hum"": 34.04472, ""gas_res"": 25000.0}, {""temp"": 24.11119, ""step"": 1, ""status"": 1, ""pres"": 979.1392, ""meas_profile"": ""HP-2"", ""meas_id"": 2, ""hum"": 34.29123, ""gas_res"": 31809.14}, {""temp"": 23.88479, ""step"": 1, ""status"": 1, ""pres"": 979.2313, ""meas_profile"": ""HP-1"", ""meas_id"": 1, ""hum"": 33.8556, ""gas_res"": 25000.0}]}",NULL,"2025-10-29 10:58:51.530372"
14869,"04a600b9b0b8","2025-10-29 10:57:21","LMUqnYNhFuRH58rA9opO","{""bme688"": [{""temp"": 24.33894, ""step"": 0, ""status"": 1, ""pres"": 979.2659, ""meas_profile"": ""HP-8"", ""meas_id"": 8, ""hum"": 34.08936, ""gas_res"": 5961.252}, {""temp"": 24.31646, ""step"": 0, ""status"": 1, ""pres"": 979.4186, ""meas_profile"": ""HP-7"", ""meas_id"": 7, ""hum"": 34.00628, ""gas_res"": 7142.857}, {""temp"": 24.39279, ""step"": 0, ""status"": 1, ""pres"": 979.5894, ""meas_profile"": ""HP-6"", ""meas_id"": 6, ""hum"": 33.84533, ""gas_res"": 9738.283}, {""temp"": 24.31061, ""step"": 0, ""status"": 1, ""pres"": 979.3483, ""meas_profile"": ""HP-5"", ""meas_id"": 5, ""hum"": 34.03751, ""gas_res"": 25000.0}, {""temp"": 24.04592, ""step"": 0, ""status"": 1, ""pres"": 979.4294, ""meas_profile"": ""HP-4"", ""meas_id"": 4, ""hum"": 33.58149, ""gas_res"": 25000.0}, {""temp"": 24.19181, ""step"": 0, ""status"": 1, ""pres"": 978.9827, ""meas_profile"": ""HP-3"", ""meas_id"": 3, ""hum"": 34.0332, ""gas_res"": 6632.125}, {""temp"": 24.11119, ""step"": 0, ""status"": 1, ""pres"": 979.1392, ""meas_profile"": ""HP-2"", ""meas_id"": 2, ""hum"": 34.30827, ""gas_res"": 8776.741}, {""temp"": 23.88479, ""step"": 0, ""status"": 1, ""pres"": 979.233, ""meas_profile"": ""HP-1"", ""meas_id"": 1, ""hum"": 33.86147, ""gas_res"": 7029.877}]}",NULL,"2025-10-29 10:58:52.698488"
14870,"04a600b9b0b8","2025-10-29 10:59:18","LMUqnYNhFuRH58rA9opO","{""zphs01b"": {""voc"": 0, ""temp"": 22.0, ""pm2_5"": 0, ""pm1_0"": 0, ""pm10"": 305, ""o3"": 0.03, ""no2"": 9.099999, ""hum"": 0, ""fmhd"": 0, ""co2"": 5000, ""co"": 0.0}, ""smell_b"": {}, ""sfa30"": {""temp"": 24.355, ""hum"": 36.53, ""fmhd"": 5.4}, ""sen5x"": {""voc"": 100.0, ""temp"": 24.05, ""pm4_0"": 4409.4, ""pm2_5"": 4409.4, ""pm1_0"": 4204.6, ""pm10"": 4409.4, ""nox"": 1.0, ""mass_c"": 4358.2, ""hum"": 42.41}, ""scd41"": {""temp"": 24.0013, ""hum"": 44.41749, ""co2"": 669}, ""power_source"": 0, ""mics6814"": {""red_res"": 0, ""no2_res"": 0, ""no2"": 0.17, ""nh3_res"": 0, ""nh3"": 0.73, ""co_res"": 0, ""co"": 44.0}}",NULL,"2025-10-29 10:59:56.018206"
14871,"04a600b9b0b8","2025-10-29 10:59:18","LMUqnYNhFuRH58rA9opO","{""bme688"": [{""temp"": 24.35223, ""step"": 9, ""status"": 1, ""pres"": 979.2514, ""meas_profile"": ""HP-8"", ""meas_id"": 8, ""hum"": 34.08488, ""gas_res"": 5684.846}, {""temp"": 24.32857, ""step"": 9, ""status"": 1, ""pres"": 979.4016, ""meas_profile"": ""HP-7"", ""meas_id"": 7, ""hum"": 33.99044, ""gas_res"": 6482.982}, {""temp"": 24.40206, ""step"": 9, ""status"": 1, ""pres"": 979.563, ""meas_profile"": ""HP-6"", ""meas_id"": 6, ""hum"": 33.84619, ""gas_res"": 9029.346}, {""temp"": 24.31843, ""step"": 9, ""status"": 1, ""pres"": 979.3104, ""meas_profile"": ""HP-5"", ""meas_id"": 5, ""hum"": 34.06093, ""gas_res"": 25000.0}, {""temp"": 24.05399, ""step"": 9, ""status"": 1, ""pres"": 979.3977, ""meas_profile"": ""HP-4"", ""meas_id"": 4, ""hum"": 33.62817, ""gas_res"": 25000.0}, {""temp"": 24.19738, ""step"": 9, ""status"": 1, ""pres"": 978.9563, ""meas_profile"": ""HP-3"", ""meas_id"": 3, ""hum"": 34.11415, ""gas_res"": 7905.138}, {""temp"": 24.11616, ""step"": 9, ""status"": 1, ""pres"": 979.11, ""meas_profile"": ""HP-2"", ""meas_id"": 2, ""hum"": 34.37123, ""gas_res"": 10078.74}, {""temp"": 23.88634, ""step"": 9, ""status"": 1, ""pres"": 979.201, ""meas_profile"": ""HP-1"", ""meas_id"": 1, ""hum"": 33.91448, ""gas_res"": 7590.133}]}",NULL,"2025-10-29 10:59:57.536251"
14872,"04a600b9b0b8","2025-10-29 10:59:18","LMUqnYNhFuRH58rA9opO","{""bme688"": [{""temp"": 24.35161, ""step"": 8, ""status"": 1, ""pres"": 979.2504, ""meas_profile"": ""HP-8"", ""meas_id"": 8, ""hum"": 34.0791, ""gas_res"": 5684.846}, {""temp"": 24.32795, ""step"": 8, ""status"": 1, ""pres"": 979.402, ""meas_profile"": ""HP-7"", ""meas_id"": 7, ""hum"": 33.99604, ""gas_res"": 6570.842}, {""temp"": 24.40175, ""step"": 8, ""status"": 1, ""pres"": 979.5642, ""meas_profile"": ""HP-6"", ""meas_id"": 6, ""hum"": 33.84042, ""gas_res"": 9461.856}, {""temp"": 24.31843, ""step"": 8, ""status"": 1, ""pres"": 979.3121, ""meas_profile"": ""HP-5"", ""meas_id"": 5, ""hum"": 34.03824, ""gas_res"": 25000.0}, {""temp"": 24.05368, ""step"": 8, ""status"": 1, ""pres"": 979.3972, ""meas_profile"": ""HP-4"", ""meas_id"": 4, ""hum"": 33.59944, ""gas_res"": 25000.0}, {""temp"": 24.19707, ""step"": 8, ""status"": 1, ""pres"": 978.9576, ""meas_profile"": ""HP-3"", ""meas_id"": 3, ""hum"": 34.09689, ""gas_res"": 7683.073}, {""temp"": 24.11616, ""step"": 8, ""status"": 1, ""pres"": 979.1117, ""meas_profile"": ""HP-2"", ""meas_id"": 2, ""hum"": 34.36555, ""gas_res"": 10443.86}, {""temp"": 23.88634, ""step"": 8, ""status"": 1, ""pres"": 979.2028, ""meas_profile"": ""HP-1"", ""meas_id"": 1, ""hum"": 33.93211, ""gas_res"": 7970.112}]}",NULL,"2025-10-29 10:59:58.628177"
14873,"04a600b9b0b8","2025-10-29 10:59:18","LMUqnYNhFuRH58rA9opO","{""bme688"": [{""temp"": 24.35099, ""step"": 7, ""status"": 1, ""pres"": 979.2512, ""meas_profile"": ""HP-8"", ""meas_id"": 8, ""hum"": 34.07332, ""gas_res"": 5684.846}, {""temp"": 24.32763, ""step"": 7, ""status"": 1, ""pres"": 979.4016, ""meas_profile"": ""HP-7"", ""meas_id"": 7, ""hum"": 33.99035, ""gas_res"": 6550.666}, {""temp"": 24.40175, ""step"": 7, ""status"": 1, ""pres"": 979.5659, ""meas_profile"": ""HP-6"", ""meas_id"": 6, ""hum"": 33.84042, ""gas_res"": 9563.658}, {""temp"": 24.31812, ""step"": 7, ""status"": 1, ""pres"": 979.3115, ""meas_profile"": ""HP-5"", ""meas_id"": 5, ""hum"": 34.03253, ""gas_res"": 25000.0}, {""temp"": 24.05368, ""step"": 7, ""status"": 1, ""pres"": 979.3988, ""meas_profile"": ""HP-4"", ""meas_id"": 4, ""hum"": 33.62815, ""gas_res"": 25000.0}, {""temp"": 24.19707, ""step"": 7, ""status"": 1, ""pres"": 978.9576, ""meas_profile"": ""HP-3"", ""meas_id"": 3, ""hum"": 34.10838, ""gas_res"": 7655.502}, {""temp"": 24.11585, ""step"": 7, ""status"": 1, ""pres"": 979.1111, ""meas_profile"": ""HP-2"", ""meas_id"": 2, ""hum"": 34.37689, ""gas_res"": 10413.28}, {""temp"": 23.88634, ""step"": 7, ""status"": 1, ""pres"": 979.2028, ""meas_profile"": ""HP-1"", ""meas_id"": 1, ""hum"": 33.94973, ""gas_res"": 8234.688}]}",NULL,"2025-10-29 10:59:59.907915"
14874,"04a600b9b0b8","2025-10-29 10:59:18","LMUqnYNhFuRH58rA9opO","{""bme688"": [{""temp"": 24.35037, ""step"": 6, ""status"": 1, ""pres"": 979.252, ""meas_profile"": ""HP-8"", ""meas_id"": 8, ""hum"": 34.06182, ""gas_res"": 15880.89}, {""temp"": 24.32701, ""step"": 6, ""status"": 1, ""pres"": 979.4023, ""meas_profile"": ""HP-7"", ""meas_id"": 7, ""hum"": 34.00162, ""gas_res"": 20785.97}, {""temp"": 24.40144, ""step"": 6, ""status"": 1, ""pres"": 979.5653, ""meas_profile"": ""HP-6"", ""meas_id"": 6, ""hum"": 33.81744, ""gas_res"": 43126.68}, {""temp"": 24.31781, ""step"": 6, ""status"": 1, ""pres"": 979.3127, ""meas_profile"": ""HP-5"", ""meas_id"": 5, ""hum"": 34.01549, ""gas_res"": 149663.8}, {""temp"": 24.05368, ""step"": 6, ""status"": 1, ""pres"": 979.4005, ""meas_profile"": ""HP-4"", ""meas_id"": 4, ""hum"": 33.61666, ""gas_res"": 150987.9}, {""temp"": 24.19707, ""step"": 6, ""status"": 1, ""pres"": 978.9592, ""meas_profile"": ""HP-3"", ""meas_id"": 3, ""hum"": 34.11413, ""gas_res"": 100000.0}, {""temp"": 24.11554, ""step"": 6, ""status"": 1, ""pres"": 979.1124, ""meas_profile"": ""HP-2"", ""meas_id"": 2, ""hum"": 34.38254, ""gas_res"": 128772.6}, {""temp"": 23.88603, ""step"": 6, ""status"": 1, ""pres"": 979.2042, ""meas_profile"": ""HP-1"", ""meas_id"": 1, ""hum"": 33.94971, ""gas_res"": 102420.5}]}",NULL,"2025-10-29 11:00:01.179968"
14875,"04a600b9b0b8","2025-10-29 10:59:18","LMUqnYNhFuRH58rA9opO","{""bme688"": [{""temp"": 24.35006, ""step"": 5, ""status"": 1, ""pres"": 979.2516, ""meas_profile"": ""HP-8"", ""meas_id"": 8, ""hum"": 34.05034, ""gas_res"": 15728.68}, {""temp"": 24.3267, ""step"": 5, ""status"": 1, ""pres"": 979.4035, ""meas_profile"": ""HP-7"", ""meas_id"": 7, ""hum"": 33.95631, ""gas_res"": 20745.54}, {""temp"": 24.40113, ""step"": 5, ""status"": 1, ""pres"": 979.5648, ""meas_profile"": ""HP-6"", ""meas_id"": 6, ""hum"": 33.83463, ""gas_res"": 43214.04}, {""temp"": 24.31781, ""step"": 5, ""status"": 1, ""pres"": 979.3144, ""meas_profile"": ""HP-5"", ""meas_id"": 5, ""hum"": 34.01549, ""gas_res"": 150455.5}, {""temp"": 24.05337, ""step"": 5, ""status"": 1, ""pres"": 979.4017, ""meas_profile"": ""HP-4"", ""meas_id"": 4, ""hum"": 33.62237, ""gas_res"": 151793.7}, {""temp"": 24.19707, ""step"": 5, ""status"": 1, ""pres"": 978.9609, ""meas_profile"": ""HP-3"", ""meas_id"": 3, ""hum"": 34.09114, ""gas_res"": 100000.0}, {""temp"": 24.11523, ""step"": 5, ""status"": 1, ""pres"": 979.1119, ""meas_profile"": ""HP-2"", ""meas_id"": 2, ""hum"": 34.37114, ""gas_res"": 126670.0}, {""temp"": 23.88572, ""step"": 5, ""status"": 1, ""pres"": 979.2036, ""meas_profile"": ""HP-1"", ""meas_id"": 1, ""hum"": 33.94968, ""gas_res"": 99263.28}]}",NULL,"2025-10-29 11:00:03.190144"
14876,"04a600b9b0b8","2025-10-29 10:59:18","LMUqnYNhFuRH58rA9opO","{""bme688"": [{""temp"": 24.34975, ""step"": 4, ""status"": 1, ""pres"": 979.2529, ""meas_profile"": ""HP-8"", ""meas_id"": 8, ""hum"": 34.05603, ""gas_res"": 15613.56}, {""temp"": 24.32608, ""step"": 4, ""status"": 1, ""pres"": 979.4024, ""meas_profile"": ""HP-7"", ""meas_id"": 7, ""hum"": 33.96191, ""gas_res"": 20466.9}, {""temp"": 24.40082, ""step"": 4, ""status"": 1, ""pres"": 979.5659, ""meas_profile"": ""HP-6"", ""meas_id"": 6, ""hum"": 33.81165, ""gas_res"": 43880.7}, {""temp"": 24.31749, ""step"": 4, ""status"": 1, ""pres"": 979.3156, ""meas_profile"": ""HP-5"", ""meas_id"": 5, ""hum"": 34.00979, ""gas_res"": 153018.5}, {""temp"": 24.05337, ""step"": 4, ""status"": 1, ""pres"": 979.4017, ""meas_profile"": ""HP-4"", ""meas_id"": 4, ""hum"": 33.63386, ""gas_res"": 154263.3}, {""temp"": 24.19707, ""step"": 4, ""status"": 1, ""pres"": 978.9609, ""meas_profile"": ""HP-3"", ""meas_id"": 3, ""hum"": 34.11413, ""gas_res"": 100000.0}, {""temp"": 24.11492, ""step"": 4, ""status"": 1, ""pres"": 979.113, ""meas_profile"": ""HP-2"", ""meas_id"": 2, ""hum"": 34.3768, ""gas_res"": 124181.4}, {""temp"": 23.88541, ""step"": 4, ""status"": 1, ""pres"": 979.2032, ""meas_profile"": ""HP-1"", ""meas_id"": 1, ""hum"": 33.94965, ""gas_res"": 97282.92}]}",NULL,"2025-10-29 11:00:06.354581"
14877,"04a600b9b0b8","2025-10-29 10:59:18","LMUqnYNhFuRH58rA9opO","{""bme688"": [{""temp"": 24.34914, ""step"": 3, ""status"": 0, ""pres"": 979.2519, ""meas_profile"": ""HP-8"", ""meas_id"": 8, ""hum"": 34.06742, ""gas_res"": 8091.024}, {""temp"": 24.32546, ""step"": 3, ""status"": 0, ""pres"": 979.4031, ""meas_profile"": ""HP-7"", ""meas_id"": 7, ""hum"": 33.97883, ""gas_res"": 9864.365}, {""temp"": 24.4002, ""step"": 3, ""status"": 0, ""pres"": 979.5669, ""meas_profile"": ""HP-6"", ""meas_id"": 6, ""hum"": 33.85175, ""gas_res"": 22735.35}, {""temp"": 24.31718, ""step"": 3, ""status"": 0, ""pres"": 979.317, ""meas_profile"": ""HP-5"", ""meas_id"": 5, ""hum"": 34.03245, ""gas_res"": 49287.64}, {""temp"": 24.05275, ""step"": 3, ""status"": 0, ""pres"": 979.4023, ""meas_profile"": ""HP-4"", ""meas_id"": 4, ""hum"": 33.6338, ""gas_res"": 46309.7}, {""temp"": 24.19645, ""step"": 3, ""status"": 0, ""pres"": 978.9598, ""meas_profile"": ""HP-3"", ""meas_id"": 3, ""hum"": 34.12556, ""gas_res"": 31090.6}, {""temp"": 24.11461, ""step"": 3, ""status"": 0, ""pres"": 979.1143, ""meas_profile"": ""HP-2"", ""meas_id"": 2, ""hum"": 34.37677, ""gas_res"": 48808.39}, {""temp"": 23.8851, ""step"": 3, ""status"": 0, ""pres"": 979.2046, ""meas_profile"": ""HP-1"", ""meas_id"": 1, ""hum"": 33.9555, ""gas_res"": 32812.1}]}",NULL,"2025-10-29 11:00:07.061047"
14878,"04a600b9b0b8","2025-10-29 10:59:18","LMUqnYNhFuRH58rA9opO","{""bme688"": [{""temp"": 24.34883, ""step"": 2, ""status"": 1, ""pres"": 979.2531, ""meas_profile"": ""HP-8"", ""meas_id"": 8, ""hum"": 34.09602, ""gas_res"": 18306.64}, {""temp"": 24.32515, ""step"": 2, ""status"": 1, ""pres"": 979.4043, ""meas_profile"": ""HP-7"", ""meas_id"": 7, ""hum"": 33.99012, ""gas_res"": 23818.38}, {""temp"": 24.39959, ""step"": 2, ""status"": 1, ""pres"": 979.5676, ""meas_profile"": ""HP-6"", ""meas_id"": 6, ""hum"": 33.85169, ""gas_res"": 66805.84}, {""temp"": 24.31656, ""step"": 2, ""status"": 1, ""pres"": 979.3158, ""meas_profile"": ""HP-5"", ""meas_id"": 5, ""hum"": 34.03806, ""gas_res"": 151389.7}, {""temp"": 24.05244, ""step"": 2, ""status"": 1, ""pres"": 979.4035, ""meas_profile"": ""HP-4"", ""meas_id"": 4, ""hum"": 33.63951, ""gas_res"": 192589.8}, {""temp"": 24.19645, ""step"": 2, ""status"": 1, ""pres"": 978.9615, ""meas_profile"": ""HP-3"", ""meas_id"": 3, ""hum"": 34.12556, ""gas_res"": 100313.5}, {""temp"": 24.1143, ""step"": 2, ""status"": 1, ""pres"": 979.1136, ""meas_profile"": ""HP-2"", ""meas_id"": 2, ""hum"": 34.39947, ""gas_res"": 176978.9}, {""temp"": 23.88479, ""step"": 2, ""status"": 1, ""pres"": 979.2059, ""meas_profile"": ""HP-1"", ""meas_id"": 1, ""hum"": 33.9731, ""gas_res"": 131147.5}]}",NULL,"2025-10-29 11:00:08.053099"
14901,"04a600b9b0b8","2025-10-29 10:59:18","LMUqnYNhFuRH58rA9opO","{""zphs01b"": {""voc"": 0, ""temp"": 22.0, ""pm2_5"": 0, ""pm1_0"": 0, ""pm10"": 305, ""o3"": 0.03, ""no2"": 9.099999, ""hum"": 0, ""fmhd"": 0, ""co2"": 5000, ""co"": 0.0}, ""smell_b"": {}, ""sfa30"": {""temp"": 24.355, ""hum"": 36.53, ""fmhd"": 5.4}, ""sen5x"": {""voc"": 100.0, ""temp"": 24.05, ""pm4_0"": 4409.4, ""pm2_5"": 4409.4, ""pm1_0"": 4204.6, ""pm10"": 4409.4, ""nox"": 1.0, ""mass_c"": 4358.2, ""hum"": 42.41}, ""scd41"": {""temp"": 24.0013, ""hum"": 44.41749, ""co2"": 669}, ""power_source"": 0, ""mics6814"": {""red_res"": 0, ""no2_res"": 0, ""no2"": 0.17, ""nh3_res"": 0, ""nh3"": 0.73, ""co_res"": 0, ""co"": 44.0}}",NULL,"2025-10-29 11:06:47.563507"
14902,"04a600b9b0b8","2025-10-29 10:59:18","LMUqnYNhFuRH58rA9opO","{""bme688"": [{""temp"": 24.35223, ""step"": 9, ""status"": 1, ""pres"": 979.2514, ""meas_profile"": ""HP-8"", ""meas_id"": 8, ""hum"": 34.08488, ""gas_res"": 5684.846}, {""temp"": 24.32857, ""step"": 9, ""status"": 1, ""pres"": 979.4016, ""meas_profile"": ""HP-7"", ""meas_id"": 7, ""hum"": 33.99044, ""gas_res"": 6482.982}, {""temp"": 24.40206, ""step"": 9, ""status"": 1, ""pres"": 979.563, ""meas_profile"": ""HP-6"", ""meas_id"": 6, ""hum"": 33.84619, ""gas_res"": 9029.346}, {""temp"": 24.31843, ""step"": 9, ""status"": 1, ""pres"": 979.3104, ""meas_profile"": ""HP-5"", ""meas_id"": 5, ""hum"": 34.06093, ""gas_res"": 25000.0}, {""temp"": 24.05399, ""step"": 9, ""status"": 1, ""pres"": 979.3977, ""meas_profile"": ""HP-4"", ""meas_id"": 4, ""hum"": 33.62817, ""gas_res"": 25000.0}, {""temp"": 24.19738, ""step"": 9, ""status"": 1, ""pres"": 978.9563, ""meas_profile"": ""HP-3"", ""meas_id"": 3, ""hum"": 34.11415, ""gas_res"": 7905.138}, {""temp"": 24.11616, ""step"": 9, ""status"": 1, ""pres"": 979.11, ""meas_profile"": ""HP-2"", ""meas_id"": 2, ""hum"": 34.37123, ""gas_res"": 10078.74}, {""temp"": 23.88634, ""step"": 9, ""status"": 1, ""pres"": 979.201, ""meas_profile"": ""HP-1"", ""meas_id"": 1, ""hum"": 33.91448, ""gas_res"": 7590.133}]}",NULL,"2025-10-29 11:06:48.857473"
14903,"04a600b9b0b8","2025-10-29 10:59:18","LMUqnYNhFuRH58rA9opO","{""bme688"": [{""temp"": 24.35161, ""step"": 8, ""status"": 1, ""pres"": 979.2504, ""meas_profile"": ""HP-8"", ""meas_id"": 8, ""hum"": 34.0791, ""gas_res"": 5684.846}, {""temp"": 24.32795, ""step"": 8, ""status"": 1, ""pres"": 979.402, ""meas_profile"": ""HP-7"", ""meas_id"": 7, ""hum"": 33.99604, ""gas_res"": 6570.842}, {""temp"": 24.40175, ""step"": 8, ""status"": 1, ""pres"": 979.5642, ""meas_profile"": ""HP-6"", ""meas_id"": 6, ""hum"": 33.84042, ""gas_res"": 9461.856}, {""temp"": 24.31843, ""step"": 8, ""status"": 1, ""pres"": 979.3121, ""meas_profile"": ""HP-5"", ""meas_id"": 5, ""hum"": 34.03824, ""gas_res"": 25000.0}, {""temp"": 24.05368, ""step"": 8, ""status"": 1, ""pres"": 979.3972, ""meas_profile"": ""HP-4"", ""meas_id"": 4, ""hum"": 33.59944, ""gas_res"": 25000.0}, {""temp"": 24.19707, ""step"": 8, ""status"": 1, ""pres"": 978.9576, ""meas_profile"": ""HP-3"", ""meas_id"": 3, ""hum"": 34.09689, ""gas_res"": 7683.073}, {""temp"": 24.11616, ""step"": 8, ""status"": 1, ""pres"": 979.1117, ""meas_profile"": ""HP-2"", ""meas_id"": 2, ""hum"": 34.36555, ""gas_res"": 10443.86}, {""temp"": 23.88634, ""step"": 8, ""status"": 1, ""pres"": 979.2028, ""meas_profile"": ""HP-1"", ""meas_id"": 1, ""hum"": 33.93211, ""gas_res"": 7970.112}]}",NULL,"2025-10-29 11:06:50.136631"
14904,"04a600b9b0b8","2025-10-29 10:59:18","LMUqnYNhFuRH58rA9opO","{""bme688"": [{""temp"": 24.35099, ""step"": 7, ""status"": 1, ""pres"": 979.2512, ""meas_profile"": ""HP-8"", ""meas_id"": 8, ""hum"": 34.07332, ""gas_res"": 5684.846}, {""temp"": 24.32763, ""step"": 7, ""status"": 1, ""pres"": 979.4016, ""meas_profile"": ""HP-7"", ""meas_id"": 7, ""hum"": 33.99035, ""gas_res"": 6550.666}, {""temp"": 24.40175, ""step"": 7, ""status"": 1, ""pres"": 979.5659, ""meas_profile"": ""HP-6"", ""meas_id"": 6, ""hum"": 33.84042, ""gas_res"": 9563.658}, {""temp"": 24.31812, ""step"": 7, ""status"": 1, ""pres"": 979.3115, ""meas_profile"": ""HP-5"", ""meas_id"": 5, ""hum"": 34.03253, ""gas_res"": 25000.0}, {""temp"": 24.05368, ""step"": 7, ""status"": 1, ""pres"": 979.3988, ""meas_profile"": ""HP-4"", ""meas_id"": 4, ""hum"": 33.62815, ""gas_res"": 25000.0}, {""temp"": 24.19707, ""step"": 7, ""status"": 1, ""pres"": 978.9576, ""meas_profile"": ""HP-3"", ""meas_id"": 3, ""hum"": 34.10838, ""gas_res"": 7655.502}, {""temp"": 24.11585, ""step"": 7, ""status"": 1, ""pres"": 979.1111, ""meas_profile"": ""HP-2"", ""meas_id"": 2, ""hum"": 34.37689, ""gas_res"": 10413.28}, {""temp"": 23.88634, ""step"": 7, ""status"": 1, ""pres"": 979.2028, ""meas_profile"": ""HP-1"", ""meas_id"": 1, ""hum"": 33.94973, ""gas_res"": 8234.688}]}",NULL,"2025-10-29 11:06:51.420227"
14905,"04a600b9b0b8","2025-10-29 10:59:18","LMUqnYNhFuRH58rA9opO","{""bme688"": [{""temp"": 24.35037, ""step"": 6, ""status"": 1, ""pres"": 979.252, ""meas_profile"": ""HP-8"", ""meas_id"": 8, ""hum"": 34.06182, ""gas_res"": 15880.89}, {""temp"": 24.32701, ""step"": 6, ""status"": 1, ""pres"": 979.4023, ""meas_profile"": ""HP-7"", ""meas_id"": 7, ""hum"": 34.00162, ""gas_res"": 20785.97}, {""temp"": 24.40144, ""step"": 6, ""status"": 1, ""pres"": 979.5653, ""meas_profile"": ""HP-6"", ""meas_id"": 6, ""hum"": 33.81744, ""gas_res"": 43126.68}, {""temp"": 24.31781, ""step"": 6, ""status"": 1, ""pres"": 979.3127, ""meas_profile"": ""HP-5"", ""meas_id"": 5, ""hum"": 34.01549, ""gas_res"": 149663.8}, {""temp"": 24.05368, ""step"": 6, ""status"": 1, ""pres"": 979.4005, ""meas_profile"": ""HP-4"", ""meas_id"": 4, ""hum"": 33.61666, ""gas_res"": 150987.9}, {""temp"": 24.19707, ""step"": 6, ""status"": 1, ""pres"": 978.9592, ""meas_profile"": ""HP-3"", ""meas_id"": 3, ""hum"": 34.11413, ""gas_res"": 100000.0}, {""temp"": 24.11554, ""step"": 6, ""status"": 1, ""pres"": 979.1124, ""meas_profile"": ""HP-2"", ""meas_id"": 2, ""hum"": 34.38254, ""gas_res"": 128772.6}, {""temp"": 23.88603, ""step"": 6, ""status"": 1, ""pres"": 979.2042, ""meas_profile"": ""HP-1"", ""meas_id"": 1, ""hum"": 33.94971, ""gas_res"": 102420.5}]}",NULL,"2025-10-29 11:06:52.79344"
14906,"04a600b9b0b8","2025-10-29 10:59:18","LMUqnYNhFuRH58rA9opO","{""bme688"": [{""temp"": 24.35006, ""step"": 5, ""status"": 1, ""pres"": 979.2516, ""meas_profile"": ""HP-8"", ""meas_id"": 8, ""hum"": 34.05034, ""gas_res"": 15728.68}, {""temp"": 24.3267, ""step"": 5, ""status"": 1, ""pres"": 979.4035, ""meas_profile"": ""HP-7"", ""meas_id"": 7, ""hum"": 33.95631, ""gas_res"": 20745.54}, {""temp"": 24.40113, ""step"": 5, ""status"": 1, ""pres"": 979.5648, ""meas_profile"": ""HP-6"", ""meas_id"": 6, ""hum"": 33.83463, ""gas_res"": 43214.04}, {""temp"": 24.31781, ""step"": 5, ""status"": 1, ""pres"": 979.3144, ""meas_profile"": ""HP-5"", ""meas_id"": 5, ""hum"": 34.01549, ""gas_res"": 150455.5}, {""temp"": 24.05337, ""step"": 5, ""status"": 1, ""pres"": 979.4017, ""meas_profile"": ""HP-4"", ""meas_id"": 4, ""hum"": 33.62237, ""gas_res"": 151793.7}, {""temp"": 24.19707, ""step"": 5, ""status"": 1, ""pres"": 978.9609, ""meas_profile"": ""HP-3"", ""meas_id"": 3, ""hum"": 34.09114, ""gas_res"": 100000.0}, {""temp"": 24.11523, ""step"": 5, ""status"": 1, ""pres"": 979.1119, ""meas_profile"": ""HP-2"", ""meas_id"": 2, ""hum"": 34.37114, ""gas_res"": 126670.0}, {""temp"": 23.88572, ""step"": 5, ""status"": 1, ""pres"": 979.2036, ""meas_profile"": ""HP-1"", ""meas_id"": 1, ""hum"": 33.94968, ""gas_res"": 99263.28}]}",NULL,"2025-10-29 11:06:53.981218"
14907,"04a600b9b0b8","2025-10-29 10:59:18","LMUqnYNhFuRH58rA9opO","{""bme688"": [{""temp"": 24.34975, ""step"": 4, ""status"": 1, ""pres"": 979.2529, ""meas_profile"": ""HP-8"", ""meas_id"": 8, ""hum"": 34.05603, ""gas_res"": 15613.56}, {""temp"": 24.32608, ""step"": 4, ""status"": 1, ""pres"": 979.4024, ""meas_profile"": ""HP-7"", ""meas_id"": 7, ""hum"": 33.96191, ""gas_res"": 20466.9}, {""temp"": 24.40082, ""step"": 4, ""status"": 1, ""pres"": 979.5659, ""meas_profile"": ""HP-6"", ""meas_id"": 6, ""hum"": 33.81165, ""gas_res"": 43880.7}, {""temp"": 24.31749, ""step"": 4, ""status"": 1, ""pres"": 979.3156, ""meas_profile"": ""HP-5"", ""meas_id"": 5, ""hum"": 34.00979, ""gas_res"": 153018.5}, {""temp"": 24.05337, ""step"": 4, ""status"": 1, ""pres"": 979.4017, ""meas_profile"": ""HP-4"", ""meas_id"": 4, ""hum"": 33.63386, ""gas_res"": 154263.3}, {""temp"": 24.19707, ""step"": 4, ""status"": 1, ""pres"": 978.9609, ""meas_profile"": ""HP-3"", ""meas_id"": 3, ""hum"": 34.11413, ""gas_res"": 100000.0}, {""temp"": 24.11492, ""step"": 4, ""status"": 1, ""pres"": 979.113, ""meas_profile"": ""HP-2"", ""meas_id"": 2, ""hum"": 34.3768, ""gas_res"": 124181.4}, {""temp"": 23.88541, ""step"": 4, ""status"": 1, ""pres"": 979.2032, ""meas_profile"": ""HP-1"", ""meas_id"": 1, ""hum"": 33.94965, ""gas_res"": 97282.92}]}",NULL,"2025-10-29 11:06:55.269669"
14908,"04a600b9b0b8","2025-10-29 10:59:18","LMUqnYNhFuRH58rA9opO","{""bme688"": [{""temp"": 24.34914, ""step"": 3, ""status"": 0, ""pres"": 979.2519, ""meas_profile"": ""HP-8"", ""meas_id"": 8, ""hum"": 34.06742, ""gas_res"": 8091.024}, {""temp"": 24.32546, ""step"": 3, ""status"": 0, ""pres"": 979.4031, ""meas_profile"": ""HP-7"", ""meas_id"": 7, ""hum"": 33.97883, ""gas_res"": 9864.365}, {""temp"": 24.4002, ""step"": 3, ""status"": 0, ""pres"": 979.5669, ""meas_profile"": ""HP-6"", ""meas_id"": 6, ""hum"": 33.85175, ""gas_res"": 22735.35}, {""temp"": 24.31718, ""step"": 3, ""status"": 0, ""pres"": 979.317, ""meas_profile"": ""HP-5"", ""meas_id"": 5, ""hum"": 34.03245, ""gas_res"": 49287.64}, {""temp"": 24.05275, ""step"": 3, ""status"": 0, ""pres"": 979.4023, ""meas_profile"": ""HP-4"", ""meas_id"": 4, ""hum"": 33.6338, ""gas_res"": 46309.7}, {""temp"": 24.19645, ""step"": 3, ""status"": 0, ""pres"": 978.9598, ""meas_profile"": ""HP-3"", ""meas_id"": 3, ""hum"": 34.12556, ""gas_res"": 31090.6}, {""temp"": 24.11461, ""step"": 3, ""status"": 0, ""pres"": 979.1143, ""meas_profile"": ""HP-2"", ""meas_id"": 2, ""hum"": 34.37677, ""gas_res"": 48808.39}, {""temp"": 23.8851, ""step"": 3, ""status"": 0, ""pres"": 979.2046, ""meas_profile"": ""HP-1"", ""meas_id"": 1, ""hum"": 33.9555, ""gas_res"": 32812.1}]}",NULL,"2025-10-29 11:06:56.540316"
14909,"04a600b9b0b8","2025-10-29 10:59:18","LMUqnYNhFuRH58rA9opO","{""bme688"": [{""temp"": 24.34883, ""step"": 2, ""status"": 1, ""pres"": 979.2531, ""meas_profile"": ""HP-8"", ""meas_id"": 8, ""hum"": 34.09602, ""gas_res"": 18306.64}, {""temp"": 24.32515, ""step"": 2, ""status"": 1, ""pres"": 979.4043, ""meas_profile"": ""HP-7"", ""meas_id"": 7, ""hum"": 33.99012, ""gas_res"": 23818.38}, {""temp"": 24.39959, ""step"": 2, ""status"": 1, ""pres"": 979.5676, ""meas_profile"": ""HP-6"", ""meas_id"": 6, ""hum"": 33.85169, ""gas_res"": 66805.84}, {""temp"": 24.31656, ""step"": 2, ""status"": 1, ""pres"": 979.3158, ""meas_profile"": ""HP-5"", ""meas_id"": 5, ""hum"": 34.03806, ""gas_res"": 151389.7}, {""temp"": 24.05244, ""step"": 2, ""status"": 1, ""pres"": 979.4035, ""meas_profile"": ""HP-4"", ""meas_id"": 4, ""hum"": 33.63951, ""gas_res"": 192589.8}, {""temp"": 24.19645, ""step"": 2, ""status"": 1, ""pres"": 978.9615, ""meas_profile"": ""HP-3"", ""meas_id"": 3, ""hum"": 34.12556, ""gas_res"": 100313.5}, {""temp"": 24.1143, ""step"": 2, ""status"": 1, ""pres"": 979.1136, ""meas_profile"": ""HP-2"", ""meas_id"": 2, ""hum"": 34.39947, ""gas_res"": 176978.9}, {""temp"": 23.88479, ""step"": 2, ""status"": 1, ""pres"": 979.2059, ""meas_profile"": ""HP-1"", ""meas_id"": 1, ""hum"": 33.9731, ""gas_res"": 131147.5}]}",NULL,"2025-10-29 11:06:57.910532"
14910,"04a600b9b0b8","2025-10-29 10:59:18","LMUqnYNhFuRH58rA9opO","{""bme688"": [{""temp"": 24.34883, ""step"": 1, ""status"": 1, ""pres"": 979.2531, ""meas_profile"": ""HP-8"", ""meas_id"": 8, ""hum"": 34.09602, ""gas_res"": 9216.59}, {""temp"": 24.32515, ""step"": 1, ""status"": 1, ""pres"": 979.4043, ""meas_profile"": ""HP-7"", ""meas_id"": 7, ""hum"": 33.99578, ""gas_res"": 11440.83}, {""temp"": 24.39928, ""step"": 1, ""status"": 1, ""pres"": 979.567, ""meas_profile"": ""HP-6"", ""meas_id"": 6, ""hum"": 33.85741, ""gas_res"": 25000.0}, {""temp"": 24.31656, ""step"": 1, ""status"": 1, ""pres"": 979.3175, ""meas_profile"": ""HP-5"", ""meas_id"": 5, ""hum"": 34.03238, ""gas_res"": 100000.0}, {""temp"": 24.05213, ""step"": 1, ""status"": 1, ""pres"": 979.403, ""meas_profile"": ""HP-4"", ""meas_id"": 4, ""hum"": 33.63949, ""gas_res"": 42953.02}, {""temp"": 24.19645, ""step"": 1, ""status"": 1, ""pres"": 978.9615, ""meas_profile"": ""HP-3"", ""meas_id"": 3, ""hum"": 34.10831, ""gas_res"": 27015.62}, {""temp"": 24.1143, ""step"": 1, ""status"": 1, ""pres"": 979.1155, ""meas_profile"": ""HP-2"", ""meas_id"": 2, ""hum"": 34.38242, ""gas_res"": 40276.9}, {""temp"": 23.88479, ""step"": 1, ""status"": 1, ""pres"": 979.2059, ""meas_profile"": ""HP-1"", ""meas_id"": 1, ""hum"": 33.95547, ""gas_res"": 29038.11}]}",NULL,"2025-10-29 11:06:59.098438"
14911,"04a600b9b0b8","2025-10-29 10:59:18","LMUqnYNhFuRH58rA9opO","{""bme688"": [{""temp"": 24.34821, ""step"": 0, ""status"": 1, ""pres"": 979.2539, ""meas_profile"": ""HP-8"", ""meas_id"": 8, ""hum"": 34.07879, ""gas_res"": 5684.846}, {""temp"": 24.32453, ""step"": 0, ""status"": 1, ""pres"": 979.4049, ""meas_profile"": ""HP-7"", ""meas_id"": 7, ""hum"": 34.00704, ""gas_res"": 6814.31}, {""temp"": 24.39897, ""step"": 0, ""status"": 1, ""pres"": 979.5683, ""meas_profile"": ""HP-6"", ""meas_id"": 6, ""hum"": 33.86886, ""gas_res"": 9846.154}, {""temp"": 24.31624, ""step"": 0, ""status"": 1, ""pres"": 979.3187, ""meas_profile"": ""HP-5"", ""meas_id"": 5, ""hum"": 34.03803, ""gas_res"": 25000.0}, {""temp"": 24.05213, ""step"": 0, ""status"": 1, ""pres"": 979.4047, ""meas_profile"": ""HP-4"", ""meas_id"": 4, ""hum"": 33.63949, ""gas_res"": 25000.0}, {""temp"": 24.19614, ""step"": 0, ""status"": 1, ""pres"": 978.9611, ""meas_profile"": ""HP-3"", ""meas_id"": 3, ""hum"": 34.11978, ""gas_res"": 7488.884}, {""temp"": 24.11399, ""step"": 0, ""status"": 1, ""pres"": 979.115, ""meas_profile"": ""HP-2"", ""meas_id"": 2, ""hum"": 34.38239, ""gas_res"": 9928.638}, {""temp"": 23.88479, ""step"": 0, ""status"": 1, ""pres"": 979.2076, ""meas_profile"": ""HP-1"", ""meas_id"": 1, ""hum"": 33.97898, ""gas_res"": 7628.129}]}",NULL,"2025-10-29 11:07:00.378434"
14912,"04a600b9b0b8","2025-10-29 10:58:51","LMUqnYNhFuRH58rA9opO","{""zphs01b"": {""voc"": 0, ""temp"": 22.0, ""pm2_5"": 0, ""pm1_0"": 0, ""pm10"": 305, ""o3"": 0.03, ""no2"": 10.0, ""hum"": 0, ""fmhd"": 0, ""co2"": 5000, ""co"": 0.0}, ""smell_b"": {}, ""sfa30"": {""temp"": 24.34, ""hum"": 36.43, ""fmhd"": 3.6}, ""sen5x"": {""voc"": 97.0, ""temp"": 24.065, ""pm4_0"": 4262.0, ""pm2_5"": 4262.0, ""pm1_0"": 4064.1, ""pm10"": 4262.0, ""nox"": 1.0, ""mass_c"": 4212.525, ""hum"": 42.31}, ""scd41"": {""temp"": 23.98528, ""hum"": 44.50141, ""co2"": 671}, ""power_source"": 0, ""mics6814"": {""red_res"": 0, ""no2_res"": 0, ""no2"": 0.17, ""nh3_res"": 0, ""nh3"": 0.73, ""co_res"": 0, ""co"": 44.0}}",NULL,"2025-10-29 11:07:01.54685"
14913,"04a600b9b0b8","2025-10-29 10:58:51","LMUqnYNhFuRH58rA9opO","{""bme688"": [{""temp"": 24.34759, ""step"": 9, ""status"": 1, ""pres"": 979.2529, ""meas_profile"": ""HP-8"", ""meas_id"": 8, ""hum"": 34.04438, ""gas_res"": 5684.846}, {""temp"": 24.32422, ""step"": 9, ""status"": 1, ""pres"": 979.4044, ""meas_profile"": ""HP-7"", ""meas_id"": 7, ""hum"": 33.95042, ""gas_res"": 6299.212}, {""temp"": 24.39897, ""step"": 9, ""status"": 1, ""pres"": 979.5683, ""meas_profile"": ""HP-6"", ""meas_id"": 6, ""hum"": 33.82869, ""gas_res"": 8627.662}, {""temp"": 24.31593, ""step"": 9, ""status"": 1, ""pres"": 979.3197, ""meas_profile"": ""HP-5"", ""meas_id"": 5, ""hum"": 34.02099, ""gas_res"": 25000.0}, {""temp"": 24.05213, ""step"": 9, ""status"": 1, ""pres"": 979.4047, ""meas_profile"": ""HP-4"", ""meas_id"": 4, ""hum"": 33.59355, ""gas_res"": 25000.0}, {""temp"": 24.19614, ""step"": 9, ""status"": 1, ""pres"": 978.9628, ""meas_profile"": ""HP-3"", ""meas_id"": 3, ""hum"": 34.07382, ""gas_res"": 7473.144}, {""temp"": 24.11399, ""step"": 9, ""status"": 1, ""pres"": 979.1166, ""meas_profile"": ""HP-2"", ""meas_id"": 2, ""hum"": 34.3483, ""gas_res"": 9445.101}, {""temp"": 23.88479, ""step"": 9, ""status"": 1, ""pres"": 979.2076, ""meas_profile"": ""HP-1"", ""meas_id"": 1, ""hum"": 33.93197, ""gas_res"": 7210.455}]}",NULL,"2025-10-29 11:07:03.045624"
14914,"04a600b9b0b8","2025-10-29 10:58:51","LMUqnYNhFuRH58rA9opO","{""bme688"": [{""temp"": 24.34698, ""step"": 8, ""status"": 1, ""pres"": 979.2537, ""meas_profile"": ""HP-8"", ""meas_id"": 8, ""hum"": 34.04433, ""gas_res"": 5684.846}, {""temp"": 24.3236, ""step"": 8, ""status"": 1, ""pres"": 979.405, ""meas_profile"": ""HP-7"", ""meas_id"": 7, ""hum"": 33.96734, ""gas_res"": 6389.776}, {""temp"": 24.39866, ""step"": 8, ""status"": 1, ""pres"": 979.5695, ""meas_profile"": ""HP-6"", ""meas_id"": 6, ""hum"": 33.81718, ""gas_res"": 8976.157}, {""temp"": 24.31593, ""step"": 8, ""status"": 1, ""pres"": 979.3197, ""meas_profile"": ""HP-5"", ""meas_id"": 5, ""hum"": 34.01532, ""gas_res"": 25000.0}, {""temp"": 24.05182, ""step"": 8, ""status"": 1, ""pres"": 979.4056, ""meas_profile"": ""HP-4"", ""meas_id"": 4, ""hum"": 33.59926, ""gas_res"": 25000.0}, {""temp"": 24.19614, ""step"": 8, ""status"": 1, ""pres"": 978.9628, ""meas_profile"": ""HP-3"", ""meas_id"": 3, ""hum"": 34.06807, ""gas_res"": 7095.344}, {""temp"": 24.11399, ""step"": 8, ""status"": 1, ""pres"": 979.1166, ""meas_profile"": ""HP-2"", ""meas_id"": 2, ""hum"": 34.3483, ""gas_res"": 9598.08}, {""temp"": 23.88479, ""step"": 8, ""status"": 1, ""pres"": 979.2076, ""meas_profile"": ""HP-1"", ""meas_id"": 1, ""hum"": 33.91434, ""gas_res"": 7421.15}]}",NULL,"2025-10-29 11:07:04.220546"
14915,"04a600b9b0b8","2025-10-29 10:58:51","LMUqnYNhFuRH58rA9opO","{""bme688"": [{""temp"": 24.34636, ""step"": 7, ""status"": 1, ""pres"": 979.2545, ""meas_profile"": ""HP-8"", ""meas_id"": 8, ""hum"": 34.04427, ""gas_res"": 5684.846}, {""temp"": 24.32329, ""step"": 7, ""status"": 1, ""pres"": 979.4062, ""meas_profile"": ""HP-7"", ""meas_id"": 7, ""hum"": 33.97297, ""gas_res"": 6363.094}, {""temp"": 24.39835, ""step"": 7, ""status"": 1, ""pres"": 979.5709, ""meas_profile"": ""HP-6"", ""meas_id"": 6, ""hum"": 33.8229, ""gas_res"": 8798.46}, {""temp"": 24.31562, ""step"": 7, ""status"": 1, ""pres"": 979.321, ""meas_profile"": ""HP-5"", ""meas_id"": 5, ""hum"": 34.00395, ""gas_res"": 25000.0}, {""temp"": 24.05182, ""step"": 7, ""status"": 1, ""pres"": 979.4056, ""meas_profile"": ""HP-4"", ""meas_id"": 4, ""hum"": 33.58204, ""gas_res"": 25000.0}, {""temp"": 24.19614, ""step"": 7, ""status"": 1, ""pres"": 978.9645, ""meas_profile"": ""HP-3"", ""meas_id"": 3, ""hum"": 34.07382, ""gas_res"": 6898.039}, {""temp"": 24.11399, ""step"": 7, ""status"": 1, ""pres"": 979.1183, ""meas_profile"": ""HP-2"", ""meas_id"": 2, ""hum"": 34.35966, ""gas_res"": 9029.346}, {""temp"": 23.88479, ""step"": 7, ""status"": 1, ""pres"": 979.2095, ""meas_profile"": ""HP-1"", ""meas_id"": 1, ""hum"": 33.92022, ""gas_res"": 7299.27}]}",NULL,"2025-10-29 11:07:05.499261"
14916,"04a600b9b0b8","2025-10-29 10:58:51","LMUqnYNhFuRH58rA9opO","{""bme688"": [{""temp"": 24.34605, ""step"": 6, ""status"": 1, ""pres"": 979.2557, ""meas_profile"": ""HP-8"", ""meas_id"": 8, ""hum"": 34.03852, ""gas_res"": 15869.08}, {""temp"": 24.32298, ""step"": 6, ""status"": 1, ""pres"": 979.4074, ""meas_profile"": ""HP-7"", ""meas_id"": 7, ""hum"": 33.96162, ""gas_res"": 20176.54}, {""temp"": 24.39804, ""step"": 6, ""status"": 1, ""pres"": 979.572, ""meas_profile"": ""HP-6"", ""meas_id"": 6, ""hum"": 33.82286, ""gas_res"": 39239.73}, {""temp"": 24.3153, ""step"": 6, ""status"": 1, ""pres"": 979.3221, ""meas_profile"": ""HP-5"", ""meas_id"": 5, ""hum"": 34.00391, ""gas_res"": 131958.8}, {""temp"": 24.05151, ""step"": 6, ""status"": 1, ""pres"": 979.4069, ""meas_profile"": ""HP-4"", ""meas_id"": 4, ""hum"": 33.58775, ""gas_res"": 128578.6}, {""temp"": 24.19583, ""step"": 6, ""status"": 1, ""pres"": 978.964, ""meas_profile"": ""HP-3"", ""meas_id"": 3, ""hum"": 34.07953, ""gas_res"": 83961.95}, {""temp"": 24.11368, ""step"": 6, ""status"": 1, ""pres"": 979.1196, ""meas_profile"": ""HP-2"", ""meas_id"": 2, ""hum"": 34.35395, ""gas_res"": 106844.7}, {""temp"": 23.88479, ""step"": 6, ""status"": 1, ""pres"": 979.2095, ""meas_profile"": ""HP-1"", ""meas_id"": 1, ""hum"": 33.90846, ""gas_res"": 100000.0}]}",NULL,"2025-10-29 11:07:06.777902"
14917,"04a600b9b0b8","2025-10-29 10:58:51","LMUqnYNhFuRH58rA9opO","{""bme688"": [{""temp"": 24.34543, ""step"": 5, ""status"": 1, ""pres"": 979.2548, ""meas_profile"": ""HP-8"", ""meas_id"": 8, ""hum"": 34.04418, ""gas_res"": 15880.89}, {""temp"": 24.32236, ""step"": 5, ""status"": 1, ""pres"": 979.4064, ""meas_profile"": ""HP-7"", ""meas_id"": 7, ""hum"": 33.95025, ""gas_res"": 20195.64}, {""temp"": 24.39804, ""step"": 5, ""status"": 1, ""pres"": 979.572, ""meas_profile"": ""HP-6"", ""meas_id"": 6, ""hum"": 33.80565, ""gas_res"": 39348.29}, {""temp"": 24.31468, ""step"": 5, ""status"": 1, ""pres"": 979.3228, ""meas_profile"": ""HP-5"", ""meas_id"": 5, ""hum"": 33.99252, ""gas_res"": 132883.5}, {""temp"": 24.05088, ""step"": 5, ""status"": 1, ""pres"": 979.4076, ""meas_profile"": ""HP-4"", ""meas_id"": 4, ""hum"": 33.59343, ""gas_res"": 128000.0}, {""temp"": 24.19552, ""step"": 5, ""status"": 1, ""pres"": 978.9653, ""meas_profile"": ""HP-3"", ""meas_id"": 3, ""hum"": 34.07376, ""gas_res"": 81946.23}, {""temp"": 24.11337, ""step"": 5, ""status"": 1, ""pres"": 979.1191, ""meas_profile"": ""HP-2"", ""meas_id"": 2, ""hum"": 34.3596, ""gas_res"": 104234.5}, {""temp"": 23.88479, ""step"": 5, ""status"": 1, ""pres"": 979.2113, ""meas_profile"": ""HP-1"", ""meas_id"": 1, ""hum"": 33.93197, ""gas_res"": 100000.0}]}",NULL,"2025-10-29 11:07:08.153955"
14918,"04a600b9b0b8","2025-10-29 10:58:51","LMUqnYNhFuRH58rA9opO","{""bme688"": [{""temp"": 24.34512, ""step"": 4, ""status"": 1, ""pres"": 979.2561, ""meas_profile"": ""HP-8"", ""meas_id"": 8, ""hum"": 34.06705, ""gas_res"": 15857.28}, {""temp"": 24.32205, ""step"": 4, ""status"": 1, ""pres"": 979.4077, ""meas_profile"": ""HP-7"", ""meas_id"": 7, ""hum"": 33.95588, ""gas_res"": 20233.96}, {""temp"": 24.39773, ""step"": 4, ""status"": 1, ""pres"": 979.5732, ""meas_profile"": ""HP-6"", ""meas_id"": 6, ""hum"": 33.8171, ""gas_res"": 39900.25}, {""temp"": 24.31437, ""step"": 4, ""status"": 1, ""pres"": 979.324, ""meas_profile"": ""HP-5"", ""meas_id"": 5, ""hum"": 34.01517, ""gas_res"": 135306.5}, {""temp"": 24.05057, ""step"": 4, ""status"": 1, ""pres"": 979.407, ""meas_profile"": ""HP-4"", ""meas_id"": 4, ""hum"": 33.61063, ""gas_res"": 129554.7}, {""temp"": 24.19522, ""step"": 4, ""status"": 1, ""pres"": 978.9646, ""meas_profile"": ""HP-3"", ""meas_id"": 3, ""hum"": 34.09097, ""gas_res"": 79281.51}, {""temp"": 24.11306, ""step"": 4, ""status"": 1, ""pres"": 979.1203, ""meas_profile"": ""HP-2"", ""meas_id"": 2, ""hum"": 34.35957, ""gas_res"": 101205.8}, {""temp"": 23.88479, ""step"": 4, ""status"": 1, ""pres"": 979.2113, ""meas_profile"": ""HP-1"", ""meas_id"": 1, ""hum"": 33.93197, ""gas_res"": 100000.0}]}",NULL,"2025-10-29 11:07:09.337481"
14919,"04a600b9b0b8","2025-10-29 10:58:51","LMUqnYNhFuRH58rA9opO","{""bme688"": [{""temp"": 24.3445, ""step"": 3, ""status"": 0, ""pres"": 979.2551, ""meas_profile"": ""HP-8"", ""meas_id"": 8, ""hum"": 34.06699, ""gas_res"": 8184.143}, {""temp"": 24.32142, ""step"": 3, ""status"": 0, ""pres"": 979.4082, ""meas_profile"": ""HP-7"", ""meas_id"": 7, ""hum"": 33.9728, ""gas_res"": 9738.283}, {""temp"": 24.39712, ""step"": 3, ""status"": 0, ""pres"": 979.5739, ""meas_profile"": ""HP-6"", ""meas_id"": 6, ""hum"": 33.83999, ""gas_res"": 20705.27}, {""temp"": 24.31374, ""step"": 3, ""status"": 0, ""pres"": 979.3248, ""meas_profile"": ""HP-5"", ""meas_id"": 5, ""hum"": 34.02078, ""gas_res"": 42482.57}, {""temp"": 24.04995, ""step"": 3, ""status"": 0, ""pres"": 979.4077, ""meas_profile"": ""HP-4"", ""meas_id"": 4, ""hum"": 33.61057, ""gas_res"": 39060.12}, {""temp"": 24.1946, ""step"": 3, ""status"": 0, ""pres"": 978.9653, ""meas_profile"": ""HP-3"", ""meas_id"": 3, ""hum"": 34.1024, ""gas_res"": 26202.66}, {""temp"": 24.11244, ""step"": 3, ""status"": 0, ""pres"": 979.1208, ""meas_profile"": ""HP-2"", ""meas_id"": 2, ""hum"": 34.3652, ""gas_res"": 38953.13}, {""temp"": 23.88448, ""step"": 3, ""status"": 0, ""pres"": 979.2126, ""meas_profile"": ""HP-1"", ""meas_id"": 1, ""hum"": 33.94369, ""gas_res"": 27153.16}]}",NULL,"2025-10-29 11:07:10.616702"
14920,"04a600b9b0b8","2025-10-29 10:58:51","LMUqnYNhFuRH58rA9opO","{""bme688"": [{""temp"": 24.3442, ""step"": 2, ""status"": 1, ""pres"": 979.2563, ""meas_profile"": ""HP-8"", ""meas_id"": 8, ""hum"": 34.06123, ""gas_res"": 21650.88}, {""temp"": 24.32111, ""step"": 2, ""status"": 1, ""pres"": 979.4094, ""meas_profile"": ""HP-7"", ""meas_id"": 7, ""hum"": 33.95579, ""gas_res"": 27467.81}, {""temp"": 24.3965, ""step"": 2, ""status"": 1, ""pres"": 979.5728, ""meas_profile"": ""HP-6"", ""meas_id"": 6, ""hum"": 33.82846, ""gas_res"": 74181.4}, {""temp"": 24.31343, ""step"": 2, ""status"": 1, ""pres"": 979.3258, ""meas_profile"": ""HP-5"", ""meas_id"": 5, ""hum"": 34.02075, ""gas_res"": 166125.9}, {""temp"": 24.04964, ""step"": 2, ""status"": 1, ""pres"": 979.4072, ""meas_profile"": ""HP-4"", ""meas_id"": 4, ""hum"": 33.63351, ""gas_res"": 193463.1}, {""temp"": 24.19429, ""step"": 2, ""status"": 1, ""pres"": 978.9664, ""meas_profile"": ""HP-3"", ""meas_id"": 3, ""hum"": 34.10811, ""gas_res"": 99494.75}, {""temp"": 24.11213, ""step"": 2, ""status"": 1, ""pres"": 979.1203, ""meas_profile"": ""HP-2"", ""meas_id"": 2, ""hum"": 34.37653, ""gas_res"": 170951.6}, {""temp"": 23.88417, ""step"": 2, ""status"": 1, ""pres"": 979.2122, ""meas_profile"": ""HP-1"", ""meas_id"": 1, ""hum"": 33.94366, ""gas_res"": 123641.6}]}",NULL,"2025-10-29 11:07:11.904211"
14921,"04a600b9b0b8","2025-10-29 10:58:51","LMUqnYNhFuRH58rA9opO","{""bme688"": [{""temp"": 24.3442, ""step"": 1, ""status"": 1, ""pres"": 979.2581, ""meas_profile"": ""HP-8"", ""meas_id"": 8, ""hum"": 34.07268, ""gas_res"": 9615.385}, {""temp"": 24.3208, ""step"": 1, ""status"": 1, ""pres"": 979.4091, ""meas_profile"": ""HP-7"", ""meas_id"": 7, ""hum"": 33.98405, ""gas_res"": 11602.61}, {""temp"": 24.3965, ""step"": 1, ""status"": 1, ""pres"": 979.5745, ""meas_profile"": ""HP-6"", ""meas_id"": 6, ""hum"": 33.82846, ""gas_res"": 25000.0}, {""temp"": 24.31311, ""step"": 1, ""status"": 1, ""pres"": 979.3271, ""meas_profile"": ""HP-5"", ""meas_id"": 5, ""hum"": 34.03206, ""gas_res"": 42398.14}, {""temp"": 24.04964, ""step"": 1, ""status"": 1, ""pres"": 979.4088, ""meas_profile"": ""HP-4"", ""meas_id"": 4, ""hum"": 33.61054, ""gas_res"": 35995.5}, {""temp"": 24.19429, ""step"": 1, ""status"": 1, ""pres"": 978.9664, ""meas_profile"": ""HP-3"", ""meas_id"": 3, ""hum"": 34.09088, ""gas_res"": 25000.0}, {""temp"": 24.11244, ""step"": 1, ""status"": 1, ""pres"": 979.1225, ""meas_profile"": ""HP-2"", ""meas_id"": 2, ""hum"": 34.37657, ""gas_res"": 32611.46}, {""temp"": 23.88448, ""step"": 1, ""status"": 1, ""pres"": 979.2144, ""meas_profile"": ""HP-1"", ""meas_id"": 1, ""hum"": 33.94369, ""gas_res"": 23699.31}]}",NULL,"2025-10-29 11:07:13.276667"
14922,"04a600b9b0b8","2025-10-29 10:58:51","LMUqnYNhFuRH58rA9opO","{""bme688"": [{""temp"": 24.34389, ""step"": 0, ""status"": 1, ""pres"": 979.2576, ""meas_profile"": ""HP-8"", ""meas_id"": 8, ""hum"": 34.07838, ""gas_res"": 6028.636}, {""temp"": 24.32049, ""step"": 0, ""status"": 1, ""pres"": 979.4101, ""meas_profile"": ""HP-7"", ""meas_id"": 7, ""hum"": 34.001, ""gas_res"": 7195.862}, {""temp"": 24.39619, ""step"": 0, ""status"": 1, ""pres"": 979.5742, ""meas_profile"": ""HP-6"", ""meas_id"": 6, ""hum"": 33.83416, ""gas_res"": 9738.283}, {""temp"": 24.31311, ""step"": 0, ""status"": 1, ""pres"": 979.3271, ""meas_profile"": ""HP-5"", ""meas_id"": 5, ""hum"": 34.00371, ""gas_res"": 25000.0}, {""temp"": 24.04964, ""step"": 0, ""status"": 1, ""pres"": 979.4105, ""meas_profile"": ""HP-4"", ""meas_id"": 4, ""hum"": 33.62777, ""gas_res"": 25000.0}, {""temp"": 24.19398, ""step"": 0, ""status"": 1, ""pres"": 978.9659, ""meas_profile"": ""HP-3"", ""meas_id"": 3, ""hum"": 34.10234, ""gas_res"": 6749.631}, {""temp"": 24.11244, ""step"": 0, ""status"": 1, ""pres"": 979.1225, ""meas_profile"": ""HP-2"", ""meas_id"": 2, ""hum"": 34.3652, ""gas_res"": 8886.421}, {""temp"": 23.88448, ""step"": 0, ""status"": 1, ""pres"": 979.2144, ""meas_profile"": ""HP-1"", ""meas_id"": 1, ""hum"": 33.95544, ""gas_res"": 7181.329}]}",NULL,"2025-10-29 11:07:14.460831"
