"id","box_id","ts","measurement_id","measurement_data","description","created_at"
15695,"04a600b9b0b8","2025-10-29 12:35:52","BTrQaSSE1dP4Ad9c9qfg","{""zphs01b"": {""voc"": 0, ""temp"": 22.6, ""pm2_5"": 0, ""pm1_0"": 0, ""pm10"": 296, ""o3"": 0.02, ""no2"": 8.58, ""hum"": 0, ""fmhd"": 0, ""co2"": 5000, ""co"": 0.0}, ""smell_b"": {}, ""sfa30"": {""temp"": 24.695, ""hum"": 36.15, ""fmhd"": 1.0}, ""sen5x"": {""voc"": 148.0, ""temp"": 25.445, ""pm4_0"": 4719.0, ""pm2_5"": 4719.0, ""pm1_0"": 4499.9, ""pm10"": 4719.0, ""nox"": 1.0, ""mass_c"": 4664.225, ""hum"": 39.35}, ""scd41"": {""temp"": 24.27634, ""hum"": 42.45365, ""co2"": 682}, ""power_source"": 0, ""mics6814"": {""red_res"": 0, ""no2_res"": 0, ""no2"": 0.17, ""nh3_res"": 0, ""nh3"": 0.73, ""co_res"": 0, ""co"": 44.0}}",NULL,"2025-10-29 12:36:46.109973"
15696,"04a600b9b0b8","2025-10-29 12:35:52","BTrQaSSE1dP4Ad9c9qfg","{""bme688"": [{""temp"": 24.81274, ""step"": 9, ""status"": 1, ""pres"": 978.2076, ""meas_profile"": ""HP-8"", ""meas_id"": 8, ""hum"": 33.47065, ""gas_res"": 5684.846}, {""temp"": 24.80616, ""step"": 9, ""status"": 1, ""pres"": 978.356, ""meas_profile"": ""HP-7"", ""meas_id"": 7, ""hum"": 33.37387, ""gas_res"": 6542.629}, {""temp"": 24.89969, ""step"": 9, ""status"": 1, ""pres"": 978.5577, ""meas_profile"": ""HP-6"", ""meas_id"": 6, ""hum"": 33.18784, ""gas_res"": 8184.143}, {""temp"": 24.81816, ""step"": 9, ""status"": 1, ""pres"": 978.2885, ""meas_profile"": ""HP-5"", ""meas_id"": 5, ""hum"": 33.4053, ""gas_res"": 25000.0}, {""temp"": 24.59168, ""step"": 9, ""status"": 1, ""pres"": 978.3639, ""meas_profile"": ""HP-4"", ""meas_id"": 4, ""hum"": 32.92102, ""gas_res"": 20214.78}, {""temp"": 24.74443, ""step"": 9, ""status"": 1, ""pres"": 978.0179, ""meas_profile"": ""HP-3"", ""meas_id"": 3, ""hum"": 33.35083, ""gas_res"": 6347.947}, {""temp"": 24.67729, ""step"": 9, ""status"": 1, ""pres"": 978.1807, ""meas_profile"": ""HP-2"", ""meas_id"": 2, ""hum"": 33.61848, ""gas_res"": 8146.64}, {""temp"": 24.46366, ""step"": 9, ""status"": 1, ""pres"": 978.1984, ""meas_profile"": ""HP-1"", ""meas_id"": 1, ""hum"": 32.93077, ""gas_res"": 6273.28}]}",NULL,"2025-10-29 12:36:47.255443"
15697,"04a600b9b0b8","2025-10-29 12:35:52","BTrQaSSE1dP4Ad9c9qfg","{""bme688"": [{""temp"": 24.81212, ""step"": 8, ""status"": 1, ""pres"": 978.2065, ""meas_profile"": ""HP-8"", ""meas_id"": 8, ""hum"": 33.4706, ""gas_res"": 5684.846}, {""temp"": 24.80616, ""step"": 8, ""status"": 1, ""pres"": 978.356, ""meas_profile"": ""HP-7"", ""meas_id"": 7, ""hum"": 33.36823, ""gas_res"": 6502.743}, {""temp"": 24.89969, ""step"": 8, ""status"": 1, ""pres"": 978.5577, ""meas_profile"": ""HP-6"", ""meas_id"": 6, ""hum"": 33.17641, ""gas_res"": 8215.661}, {""temp"": 24.81848, ""step"": 8, ""status"": 1, ""pres"": 978.2906, ""meas_profile"": ""HP-5"", ""meas_id"": 5, ""hum"": 33.38837, ""gas_res"": 25000.0}, {""temp"": 24.59168, ""step"": 8, ""status"": 1, ""pres"": 978.3639, ""meas_profile"": ""HP-4"", ""meas_id"": 4, ""hum"": 32.93246, ""gas_res"": 19950.13}, {""temp"": 24.74443, ""step"": 8, ""status"": 1, ""pres"": 978.0179, ""meas_profile"": ""HP-3"", ""meas_id"": 3, ""hum"": 33.3451, ""gas_res"": 5938.022}, {""temp"": 24.6776, ""step"": 8, ""status"": 1, ""pres"": 978.1813, ""meas_profile"": ""HP-2"", ""meas_id"": 2, ""hum"": 33.61284, ""gas_res"": 7988.018}, {""temp"": 24.46366, ""step"": 8, ""status"": 1, ""pres"": 978.1965, ""meas_profile"": ""HP-1"", ""meas_id"": 1, ""hum"": 32.9483, ""gas_res"": 6321.612}]}",NULL,"2025-10-29 12:36:48.723724"
15698,"04a600b9b0b8","2025-10-29 12:35:52","BTrQaSSE1dP4Ad9c9qfg","{""bme688"": [{""temp"": 24.81182, ""step"": 7, ""status"": 1, ""pres"": 978.2059, ""meas_profile"": ""HP-8"", ""meas_id"": 8, ""hum"": 33.48198, ""gas_res"": 5684.846}, {""temp"": 24.80585, ""step"": 7, ""status"": 1, ""pres"": 978.3569, ""meas_profile"": ""HP-7"", ""meas_id"": 7, ""hum"": 33.39077, ""gas_res"": 6518.639}, {""temp"": 24.89969, ""step"": 7, ""status"": 1, ""pres"": 978.5577, ""meas_profile"": ""HP-6"", ""meas_id"": 6, ""hum"": 33.17641, ""gas_res"": 8416.623}, {""temp"": 24.81848, ""step"": 7, ""status"": 1, ""pres"": 978.2906, ""meas_profile"": ""HP-5"", ""meas_id"": 5, ""hum"": 33.39403, ""gas_res"": 25000.0}, {""temp"": 24.59199, ""step"": 7, ""status"": 1, ""pres"": 978.3645, ""meas_profile"": ""HP-4"", ""meas_id"": 4, ""hum"": 32.93249, ""gas_res"": 19282.92}, {""temp"": 24.74443, ""step"": 7, ""status"": 1, ""pres"": 978.0162, ""meas_profile"": ""HP-3"", ""meas_id"": 3, ""hum"": 33.35655, ""gas_res"": 5964.585}, {""temp"": 24.6776, ""step"": 7, ""status"": 1, ""pres"": 978.1813, ""meas_profile"": ""HP-2"", ""meas_id"": 2, ""hum"": 33.62416, ""gas_res"": 8103.317}, {""temp"": 24.46335, ""step"": 7, ""status"": 1, ""pres"": 978.1959, ""meas_profile"": ""HP-1"", ""meas_id"": 1, ""hum"": 32.94243, ""gas_res"": 6599.299}]}",NULL,"2025-10-29 12:36:49.853302"
15699,"04a600b9b0b8","2025-10-29 12:35:52","BTrQaSSE1dP4Ad9c9qfg","{""bme688"": [{""temp"": 24.8115, ""step"": 6, ""status"": 1, ""pres"": 978.2054, ""meas_profile"": ""HP-8"", ""meas_id"": 8, ""hum"": 33.46483, ""gas_res"": 17669.79}, {""temp"": 24.80585, ""step"": 6, ""status"": 1, ""pres"": 978.3569, ""meas_profile"": ""HP-7"", ""meas_id"": 7, ""hum"": 33.40205, ""gas_res"": 25000.0}, {""temp"": 24.89969, ""step"": 6, ""status"": 1, ""pres"": 978.5596, ""meas_profile"": ""HP-6"", ""meas_id"": 6, ""hum"": 33.18213, ""gas_res"": 44336.68}, {""temp"": 24.81848, ""step"": 6, ""status"": 1, ""pres"": 978.2906, ""meas_profile"": ""HP-5"", ""meas_id"": 5, ""hum"": 33.41664, ""gas_res"": 141710.5}, {""temp"": 24.59199, ""step"": 6, ""status"": 1, ""pres"": 978.3628, ""meas_profile"": ""HP-4"", ""meas_id"": 4, ""hum"": 32.93249, ""gas_res"": 124634.9}, {""temp"": 24.74474, ""step"": 6, ""status"": 1, ""pres"": 978.0168, ""meas_profile"": ""HP-3"", ""meas_id"": 3, ""hum"": 33.36802, ""gas_res"": 87312.41}, {""temp"": 24.6776, ""step"": 6, ""status"": 1, ""pres"": 978.1813, ""meas_profile"": ""HP-2"", ""meas_id"": 2, ""hum"": 33.62982, ""gas_res"": 114439.0}, {""temp"": 24.46397, ""step"": 6, ""status"": 1, ""pres"": 978.197, ""meas_profile"": ""HP-1"", ""meas_id"": 1, ""hum"": 32.96002, ""gas_res"": 100000.0}]}",NULL,"2025-10-29 12:36:51.099633"
15700,"04a600b9b0b8","2025-10-29 12:35:52","BTrQaSSE1dP4Ad9c9qfg","{""bme688"": [{""temp"": 24.8115, ""step"": 5, ""status"": 1, ""pres"": 978.2054, ""meas_profile"": ""HP-8"", ""meas_id"": 8, ""hum"": 33.47624, ""gas_res"": 17553.48}, {""temp"": 24.80616, ""step"": 5, ""status"": 1, ""pres"": 978.3576, ""meas_profile"": ""HP-7"", ""meas_id"": 7, ""hum"": 33.37951, ""gas_res"": 25000.0}, {""temp"": 24.9, ""step"": 5, ""status"": 1, ""pres"": 978.56, ""meas_profile"": ""HP-6"", ""meas_id"": 6, ""hum"": 33.18787, ""gas_res"": 44614.85}, {""temp"": 24.81879, ""step"": 5, ""status"": 1, ""pres"": 978.2912, ""meas_profile"": ""HP-5"", ""meas_id"": 5, ""hum"": 33.39406, ""gas_res"": 142539.0}, {""temp"": 24.59168, ""step"": 5, ""status"": 1, ""pres"": 978.3622, ""meas_profile"": ""HP-4"", ""meas_id"": 4, ""hum"": 32.93818, ""gas_res"": 124543.9}, {""temp"": 24.74474, ""step"": 5, ""status"": 1, ""pres"": 978.0151, ""meas_profile"": ""HP-3"", ""meas_id"": 3, ""hum"": 33.35085, ""gas_res"": 85134.69}, {""temp"": 24.67791, ""step"": 5, ""status"": 1, ""pres"": 978.1799, ""meas_profile"": ""HP-2"", ""meas_id"": 2, ""hum"": 33.61287, ""gas_res"": 112775.3}, {""temp"": 24.46428, ""step"": 5, ""status"": 1, ""pres"": 978.1974, ""meas_profile"": ""HP-1"", ""meas_id"": 1, ""hum"": 32.94836, ""gas_res"": 100000.0}]}",NULL,"2025-10-29 12:36:52.38241"
15701,"04a600b9b0b8","2025-10-29 12:35:52","BTrQaSSE1dP4Ad9c9qfg","{""bme688"": [{""temp"": 24.8115, ""step"": 4, ""status"": 1, ""pres"": 978.2054, ""meas_profile"": ""HP-8"", ""meas_id"": 8, ""hum"": 33.47624, ""gas_res"": 17524.64}, {""temp"": 24.80616, ""step"": 4, ""status"": 1, ""pres"": 978.3576, ""meas_profile"": ""HP-7"", ""meas_id"": 7, ""hum"": 33.36823, ""gas_res"": 25000.0}, {""temp"": 24.9, ""step"": 4, ""status"": 1, ""pres"": 978.56, ""meas_profile"": ""HP-6"", ""meas_id"": 6, ""hum"": 33.1936, ""gas_res"": 45665.36}, {""temp"": 24.81879, ""step"": 4, ""status"": 1, ""pres"": 978.2912, ""meas_profile"": ""HP-5"", ""meas_id"": 5, ""hum"": 33.39406, ""gas_res"": 146957.5}, {""temp"": 24.59168, ""step"": 4, ""status"": 1, ""pres"": 978.3622, ""meas_profile"": ""HP-4"", ""meas_id"": 4, ""hum"": 32.92102, ""gas_res"": 127047.1}, {""temp"": 24.74474, ""step"": 4, ""status"": 1, ""pres"": 978.0151, ""meas_profile"": ""HP-3"", ""meas_id"": 3, ""hum"": 33.35658, ""gas_res"": 82580.65}, {""temp"": 24.67791, ""step"": 4, ""status"": 1, ""pres"": 978.1799, ""meas_profile"": ""HP-2"", ""meas_id"": 2, ""hum"": 33.6525, ""gas_res"": 110083.9}, {""temp"": 24.46459, ""step"": 4, ""status"": 1, ""pres"": 978.1961, ""meas_profile"": ""HP-1"", ""meas_id"": 1, ""hum"": 32.96007, ""gas_res"": 100000.0}]}",NULL,"2025-10-29 12:36:53.844617"
15702,"04a600b9b0b8","2025-10-29 12:35:52","BTrQaSSE1dP4Ad9c9qfg","{""bme688"": [{""temp"": 24.8112, ""step"": 3, ""status"": 1, ""pres"": 978.2049, ""meas_profile"": ""HP-8"", ""meas_id"": 8, ""hum"": 33.47621, ""gas_res"": 38288.96}, {""temp"": 24.80585, ""step"": 3, ""status"": 1, ""pres"": 978.3569, ""meas_profile"": ""HP-7"", ""meas_id"": 7, ""hum"": 33.39077, ""gas_res"": 56687.33}, {""temp"": 24.89969, ""step"": 3, ""status"": 1, ""pres"": 978.5596, ""meas_profile"": ""HP-6"", ""meas_id"": 6, ""hum"": 33.19356, ""gas_res"": 194565.8}, {""temp"": 24.81879, ""step"": 3, ""status"": 1, ""pres"": 978.2912, ""meas_profile"": ""HP-5"", ""meas_id"": 5, ""hum"": 33.39971, ""gas_res"": 460224.7}, {""temp"": 24.59168, ""step"": 3, ""status"": 1, ""pres"": 978.3622, ""meas_profile"": ""HP-4"", ""meas_id"": 4, ""hum"": 32.9439, ""gas_res"": 461469.1}, {""temp"": 24.74474, ""step"": 3, ""status"": 1, ""pres"": 978.0134, ""meas_profile"": ""HP-3"", ""meas_id"": 3, ""hum"": 33.3623, ""gas_res"": 262698.8}, {""temp"": 24.67791, ""step"": 3, ""status"": 1, ""pres"": 978.1799, ""meas_profile"": ""HP-2"", ""meas_id"": 2, ""hum"": 33.6525, ""gas_res"": 534865.5}, {""temp"": 24.46459, ""step"": 3, ""status"": 1, ""pres"": 978.1961, ""meas_profile"": ""HP-1"", ""meas_id"": 1, ""hum"": 32.96007, ""gas_res"": 377720.4}]}",NULL,"2025-10-29 12:36:54.950207"
15703,"04a600b9b0b8","2025-10-29 12:35:52","BTrQaSSE1dP4Ad9c9qfg","{""bme688"": [{""temp"": 24.8112, ""step"": 2, ""status"": 1, ""pres"": 978.2049, ""meas_profile"": ""HP-8"", ""meas_id"": 8, ""hum"": 33.47051, ""gas_res"": 42105.26}, {""temp"": 24.80585, ""step"": 2, ""status"": 1, ""pres"": 978.3569, ""meas_profile"": ""HP-7"", ""meas_id"": 7, ""hum"": 33.37949, ""gas_res"": 66545.36}, {""temp"": 24.89969, ""step"": 2, ""status"": 1, ""pres"": 978.5613, ""meas_profile"": ""HP-6"", ""meas_id"": 6, ""hum"": 33.18213, ""gas_res"": 252777.1}, {""temp"": 24.81848, ""step"": 2, ""status"": 1, ""pres"": 978.2924, ""meas_profile"": ""HP-5"", ""meas_id"": 5, ""hum"": 33.39968, ""gas_res"": 612623.4}, {""temp"": 24.59137, ""step"": 2, ""status"": 1, ""pres"": 978.3616, ""meas_profile"": ""HP-4"", ""meas_id"": 4, ""hum"": 32.93815, ""gas_res"": 566841.9}, {""temp"": 24.74474, ""step"": 2, ""status"": 1, ""pres"": 978.0134, ""meas_profile"": ""HP-3"", ""meas_id"": 3, ""hum"": 33.37947, ""gas_res"": 330963.2}, {""temp"": 24.67791, ""step"": 2, ""status"": 1, ""pres"": 978.1799, ""meas_profile"": ""HP-2"", ""meas_id"": 2, ""hum"": 33.64117, ""gas_res"": 614277.1}, {""temp"": 24.46459, ""step"": 2, ""status"": 1, ""pres"": 978.1961, ""meas_profile"": ""HP-1"", ""meas_id"": 1, ""hum"": 32.94839, ""gas_res"": 435004.3}]}",NULL,"2025-10-29 12:36:56.218823"
15704,"04a600b9b0b8","2025-10-29 12:35:52","BTrQaSSE1dP4Ad9c9qfg","{""bme688"": [{""temp"": 24.8112, ""step"": 1, ""status"": 1, ""pres"": 978.2049, ""meas_profile"": ""HP-8"", ""meas_id"": 8, ""hum"": 33.48192, ""gas_res"": 9487.104}, {""temp"": 24.80554, ""step"": 1, ""status"": 1, ""pres"": 978.3565, ""meas_profile"": ""HP-7"", ""meas_id"": 7, ""hum"": 33.39074, ""gas_res"": 15763.55}, {""temp"": 24.89969, ""step"": 1, ""status"": 1, ""pres"": 978.5613, ""meas_profile"": ""HP-6"", ""meas_id"": 6, ""hum"": 33.19928, ""gas_res"": 25000.0}, {""temp"": 24.81879, ""step"": 1, ""status"": 1, ""pres"": 978.293, ""meas_profile"": ""HP-5"", ""meas_id"": 5, ""hum"": 33.41667, ""gas_res"": 41939.71}, {""temp"": 24.59168, ""step"": 1, ""status"": 1, ""pres"": 978.3622, ""meas_profile"": ""HP-4"", ""meas_id"": 4, ""hum"": 32.94962, ""gas_res"": 33272.68}, {""temp"": 24.74505, ""step"": 1, ""status"": 1, ""pres"": 978.014, ""meas_profile"": ""HP-3"", ""meas_id"": 3, ""hum"": 33.37377, ""gas_res"": 25000.0}, {""temp"": 24.67853, ""step"": 1, ""status"": 1, ""pres"": 978.1811, ""meas_profile"": ""HP-2"", ""meas_id"": 2, ""hum"": 33.63557, ""gas_res"": 35310.34}, {""temp"": 24.46522, ""step"": 1, ""status"": 1, ""pres"": 978.197, ""meas_profile"": ""HP-1"", ""meas_id"": 1, ""hum"": 32.96597, ""gas_res"": 25241.57}]}",NULL,"2025-10-29 12:36:57.496061"
15705,"04a600b9b0b8","2025-10-29 12:35:52","BTrQaSSE1dP4Ad9c9qfg","{""bme688"": [{""temp"": 24.8112, ""step"": 0, ""status"": 1, ""pres"": 978.2049, ""meas_profile"": ""HP-8"", ""meas_id"": 8, ""hum"": 33.48763, ""gas_res"": 5700.036}, {""temp"": 24.80523, ""step"": 0, ""status"": 1, ""pres"": 978.3558, ""meas_profile"": ""HP-7"", ""meas_id"": 7, ""hum"": 33.40199, ""gas_res"": 6814.31}, {""temp"": 24.9, ""step"": 0, ""status"": 1, ""pres"": 978.5617, ""meas_profile"": ""HP-6"", ""meas_id"": 6, ""hum"": 33.19931, ""gas_res"": 8585.994}, {""temp"": 24.8191, ""step"": 0, ""status"": 1, ""pres"": 978.2952, ""meas_profile"": ""HP-5"", ""meas_id"": 5, ""hum"": 33.42235, ""gas_res"": 25000.0}, {""temp"": 24.59168, ""step"": 0, ""status"": 1, ""pres"": 978.3622, ""meas_profile"": ""HP-4"", ""meas_id"": 4, ""hum"": 32.92673, ""gas_res"": 19041.95}, {""temp"": 24.74505, ""step"": 0, ""status"": 1, ""pres"": 978.014, ""meas_profile"": ""HP-3"", ""meas_id"": 3, ""hum"": 33.36233, ""gas_res"": 7982.041}, {""temp"": 24.67884, ""step"": 0, ""status"": 1, ""pres"": 978.1816, ""meas_profile"": ""HP-2"", ""meas_id"": 2, ""hum"": 33.62994, ""gas_res"": 7795.372}, {""temp"": 24.46522, ""step"": 0, ""status"": 1, ""pres"": 978.197, ""meas_profile"": ""HP-1"", ""meas_id"": 1, ""hum"": 32.95429, ""gas_res"": 6370.695}]}",NULL,"2025-10-29 12:36:58.961117"
15706,"04a600b9b0b8","2025-10-29 12:35:09","BTrQaSSE1dP4Ad9c9qfg","{""zphs01b"": {""voc"": 0, ""temp"": 22.6, ""pm2_5"": 0, ""pm1_0"": 0, ""pm10"": 302, ""o3"": 0.07, ""no2"": 10.0, ""hum"": 0, ""fmhd"": 0, ""co2"": 5000, ""co"": 0.0}, ""smell_b"": {}, ""sfa30"": {""temp"": 24.68, ""hum"": 36.18, ""fmhd"": 0.8}, ""sen5x"": {""voc"": 166.0, ""temp"": 25.81, ""pm4_0"": 4470.9, ""pm2_5"": 4470.9, ""pm1_0"": 4263.3, ""pm10"": 4470.9, ""nox"": 1.0, ""mass_c"": 4419.0, ""hum"": 38.45}, ""scd41"": {""temp"": 24.514, ""hum"": 41.42214, ""co2"": 676}, ""power_source"": 0, ""mics6814"": {""red_res"": 0, ""no2_res"": 0, ""no2"": 0.17, ""nh3_res"": 0, ""nh3"": 0.73, ""co_res"": 0, ""co"": 44.0}}",NULL,"2025-10-29 12:36:59.947227"
15707,"04a600b9b0b8","2025-10-29 12:35:09","BTrQaSSE1dP4Ad9c9qfg","{""bme688"": [{""temp"": 24.81089, ""step"": 9, ""status"": 1, ""pres"": 978.2045, ""meas_profile"": ""HP-8"", ""meas_id"": 8, ""hum"": 33.4876, ""gas_res"": 5684.846}, {""temp"": 24.80523, ""step"": 9, ""status"": 1, ""pres"": 978.3558, ""meas_profile"": ""HP-7"", ""meas_id"": 7, ""hum"": 33.37379, ""gas_res"": 6265.91}, {""temp"": 24.9, ""step"": 9, ""status"": 1, ""pres"": 978.5617, ""meas_profile"": ""HP-6"", ""meas_id"": 6, ""hum"": 33.1936, ""gas_res"": 7380.074}, {""temp"": 24.8191, ""step"": 9, ""status"": 1, ""pres"": 978.2952, ""meas_profile"": ""HP-5"", ""meas_id"": 5, ""hum"": 33.41105, ""gas_res"": 25000.0}, {""temp"": 24.59199, ""step"": 9, ""status"": 1, ""pres"": 978.3628, ""meas_profile"": ""HP-4"", ""meas_id"": 4, ""hum"": 32.91533, ""gas_res"": 11514.93}, {""temp"": 24.74505, ""step"": 9, ""status"": 1, ""pres"": 978.0123, ""meas_profile"": ""HP-3"", ""meas_id"": 3, ""hum"": 33.35661, ""gas_res"": 7552.514}, {""temp"": 24.67916, ""step"": 9, ""status"": 1, ""pres"": 978.1837, ""meas_profile"": ""HP-2"", ""meas_id"": 2, ""hum"": 33.62431, ""gas_res"": 6924.908}, {""temp"": 24.46522, ""step"": 9, ""status"": 1, ""pres"": 978.197, ""meas_profile"": ""HP-1"", ""meas_id"": 1, ""hum"": 32.93092, ""gas_res"": 7733.205}]}",NULL,"2025-10-29 12:37:01.347024"
15708,"04a600b9b0b8","2025-10-29 12:35:09","BTrQaSSE1dP4Ad9c9qfg","{""bme688"": [{""temp"": 24.81027, ""step"": 8, ""status"": 1, ""pres"": 978.2035, ""meas_profile"": ""HP-8"", ""meas_id"": 8, ""hum"": 33.50466, ""gas_res"": 5684.846}, {""temp"": 24.80492, ""step"": 8, ""status"": 1, ""pres"": 978.3553, ""meas_profile"": ""HP-7"", ""meas_id"": 7, ""hum"": 33.38503, ""gas_res"": 6168.08}, {""temp"": 24.9, ""step"": 8, ""status"": 1, ""pres"": 978.5634, ""meas_profile"": ""HP-6"", ""meas_id"": 6, ""hum"": 33.1936, ""gas_res"": 7314.286}, {""temp"": 24.8191, ""step"": 8, ""status"": 1, ""pres"": 978.2952, ""meas_profile"": ""HP-5"", ""meas_id"": 5, ""hum"": 33.41105, ""gas_res"": 25000.0}, {""temp"": 24.59199, ""step"": 8, ""status"": 1, ""pres"": 978.3628, ""meas_profile"": ""HP-4"", ""meas_id"": 4, ""hum"": 32.93821, ""gas_res"": 11165.39}, {""temp"": 24.74505, ""step"": 8, ""status"": 1, ""pres"": 978.0123, ""meas_profile"": ""HP-3"", ""meas_id"": 3, ""hum"": 33.34516, ""gas_res"": 6858.123}, {""temp"": 24.67916, ""step"": 8, ""status"": 1, ""pres"": 978.1837, ""meas_profile"": ""HP-2"", ""meas_id"": 2, ""hum"": 33.64695, ""gas_res"": 6661.116}, {""temp"": 24.46522, ""step"": 8, ""status"": 1, ""pres"": 978.1953, ""meas_profile"": ""HP-1"", ""meas_id"": 1, ""hum"": 32.93092, ""gas_res"": 7617.234}]}",NULL,"2025-10-29 12:37:05.176024"
15709,"04a600b9b0b8","2025-10-29 12:35:09","BTrQaSSE1dP4Ad9c9qfg","{""bme688"": [{""temp"": 24.80996, ""step"": 7, ""status"": 1, ""pres"": 978.2031, ""meas_profile"": ""HP-8"", ""meas_id"": 8, ""hum"": 33.4818, ""gas_res"": 5684.846}, {""temp"": 24.80492, ""step"": 7, ""status"": 1, ""pres"": 978.3569, ""meas_profile"": ""HP-7"", ""meas_id"": 7, ""hum"": 33.39068, ""gas_res"": 6193.149}, {""temp"": 24.9, ""step"": 7, ""status"": 1, ""pres"": 978.5634, ""meas_profile"": ""HP-6"", ""meas_id"": 6, ""hum"": 33.19931, ""gas_res"": 7166.854}, {""temp"": 24.81941, ""step"": 7, ""status"": 1, ""pres"": 978.2957, ""meas_profile"": ""HP-5"", ""meas_id"": 5, ""hum"": 33.39977, ""gas_res"": 22191.4}, {""temp"": 24.5923, ""step"": 7, ""status"": 1, ""pres"": 978.3617, ""meas_profile"": ""HP-4"", ""meas_id"": 4, ""hum"": 32.9268, ""gas_res"": 10547.13}, {""temp"": 24.74505, ""step"": 7, ""status"": 1, ""pres"": 978.0123, ""meas_profile"": ""HP-3"", ""meas_id"": 3, ""hum"": 33.35661, ""gas_res"": 6424.413}, {""temp"": 24.67916, ""step"": 7, ""status"": 1, ""pres"": 978.1837, ""meas_profile"": ""HP-2"", ""meas_id"": 2, ""hum"": 33.62997, ""gas_res"": 6351.727}, {""temp"": 24.46522, ""step"": 7, ""status"": 1, ""pres"": 978.1953, ""meas_profile"": ""HP-1"", ""meas_id"": 1, ""hum"": 32.92508, ""gas_res"": 7225.107}]}",NULL,"2025-10-29 12:37:05.859747"
15710,"04a600b9b0b8","2025-10-29 12:35:09","BTrQaSSE1dP4Ad9c9qfg","{""bme688"": [{""temp"": 24.80965, ""step"": 6, ""status"": 1, ""pres"": 978.2026, ""meas_profile"": ""HP-8"", ""meas_id"": 8, ""hum"": 33.49318, ""gas_res"": 18244.01}, {""temp"": 24.80461, ""step"": 6, ""status"": 1, ""pres"": 978.3566, ""meas_profile"": ""HP-7"", ""meas_id"": 7, ""hum"": 33.39629, ""gas_res"": 22543.15}, {""temp"": 24.9, ""step"": 6, ""status"": 1, ""pres"": 978.5634, ""meas_profile"": ""HP-6"", ""meas_id"": 6, ""hum"": 33.21075, ""gas_res"": 35575.32}, {""temp"": 24.81941, ""step"": 6, ""status"": 1, ""pres"": 978.2957, ""meas_profile"": ""HP-5"", ""meas_id"": 5, ""hum"": 33.43934, ""gas_res"": 107045.8}, {""temp"": 24.59262, ""step"": 6, ""status"": 1, ""pres"": 978.3622, ""meas_profile"": ""HP-4"", ""meas_id"": 4, ""hum"": 32.92682, ""gas_res"": 100000.0}, {""temp"": 24.74536, ""step"": 6, ""status"": 1, ""pres"": 978.0128, ""meas_profile"": ""HP-3"", ""meas_id"": 3, ""hum"": 33.33374, ""gas_res"": 38461.54}, {""temp"": 24.67947, ""step"": 6, ""status"": 1, ""pres"": 978.1844, ""meas_profile"": ""HP-2"", ""meas_id"": 2, ""hum"": 33.64132, ""gas_res"": 100000.0}, {""temp"": 24.46522, ""step"": 6, ""status"": 1, ""pres"": 978.1953, ""meas_profile"": ""HP-1"", ""meas_id"": 1, ""hum"": 32.9426, ""gas_res"": 78987.97}]}",NULL,"2025-10-29 12:37:06.550215"
15711,"04a600b9b0b8","2025-10-29 12:35:09","BTrQaSSE1dP4Ad9c9qfg","{""bme688"": [{""temp"": 24.80965, ""step"": 5, ""status"": 1, ""pres"": 978.2026, ""meas_profile"": ""HP-8"", ""meas_id"": 8, ""hum"": 33.47036, ""gas_res"": 18529.24}, {""temp"": 24.80461, ""step"": 5, ""status"": 1, ""pres"": 978.3566, ""meas_profile"": ""HP-7"", ""meas_id"": 7, ""hum"": 33.40193, ""gas_res"": 22808.27}, {""temp"": 24.90031, ""step"": 5, ""status"": 1, ""pres"": 978.5641, ""meas_profile"": ""HP-6"", ""meas_id"": 6, ""hum"": 33.19933, ""gas_res"": 35874.44}, {""temp"": 24.8191, ""step"": 5, ""status"": 1, ""pres"": 978.2952, ""meas_profile"": ""HP-5"", ""meas_id"": 5, ""hum"": 33.40539, ""gas_res"": 106978.7}, {""temp"": 24.59262, ""step"": 5, ""status"": 1, ""pres"": 978.3638, ""meas_profile"": ""HP-4"", ""meas_id"": 4, ""hum"": 32.93254, ""gas_res"": 100000.0}, {""temp"": 24.74567, ""step"": 5, ""status"": 1, ""pres"": 978.0132, ""meas_profile"": ""HP-3"", ""meas_id"": 3, ""hum"": 33.33377, ""gas_res"": 37058.48}, {""temp"": 24.67978, ""step"": 5, ""status"": 1, ""pres"": 978.1848, ""meas_profile"": ""HP-2"", ""meas_id"": 2, ""hum"": 33.63003, ""gas_res"": 100000.0}, {""temp"": 24.46553, ""step"": 5, ""status"": 1, ""pres"": 978.1958, ""meas_profile"": ""HP-1"", ""meas_id"": 1, ""hum"": 32.92511, ""gas_res"": 45133.99}]}",NULL,"2025-10-29 12:37:07.221801"
15712,"04a600b9b0b8","2025-10-29 12:35:09","BTrQaSSE1dP4Ad9c9qfg","{""bme688"": [{""temp"": 24.80965, ""step"": 4, ""status"": 1, ""pres"": 978.2026, ""meas_profile"": ""HP-8"", ""meas_id"": 8, ""hum"": 33.49318, ""gas_res"": 19423.37}, {""temp"": 24.80492, ""step"": 4, ""status"": 1, ""pres"": 978.3569, ""meas_profile"": ""HP-7"", ""meas_id"": 7, ""hum"": 33.39068, ""gas_res"": 25000.0}, {""temp"": 24.90031, ""step"": 4, ""status"": 1, ""pres"": 978.5659, ""meas_profile"": ""HP-6"", ""meas_id"": 6, ""hum"": 33.21077, ""gas_res"": 38016.04}, {""temp"": 24.8191, ""step"": 4, ""status"": 1, ""pres"": 978.2968, ""meas_profile"": ""HP-5"", ""meas_id"": 5, ""hum"": 33.39973, ""gas_res"": 114056.6}, {""temp"": 24.59293, ""step"": 4, ""status"": 1, ""pres"": 978.3642, ""meas_profile"": ""HP-4"", ""meas_id"": 4, ""hum"": 32.93258, ""gas_res"": 100000.0}, {""temp"": 24.74598, ""step"": 4, ""status"": 1, ""pres"": 978.0137, ""meas_profile"": ""HP-3"", ""meas_id"": 3, ""hum"": 33.3338, ""gas_res"": 37187.68}, {""temp"": 24.68009, ""step"": 4, ""status"": 1, ""pres"": 978.1853, ""meas_profile"": ""HP-2"", ""meas_id"": 2, ""hum"": 33.64138, ""gas_res"": 100000.0}, {""temp"": 24.46584, ""step"": 4, ""status"": 1, ""pres"": 978.1962, ""meas_profile"": ""HP-1"", ""meas_id"": 1, ""hum"": 32.93097, ""gas_res"": 44755.25}]}",NULL,"2025-10-29 12:37:08.053741"
15713,"04a600b9b0b8","2025-10-29 12:35:09","BTrQaSSE1dP4Ad9c9qfg","{""bme688"": [{""temp"": 24.80934, ""step"": 3, ""status"": 1, ""pres"": 978.2022, ""meas_profile"": ""HP-8"", ""meas_id"": 8, ""hum"": 33.49316, ""gas_res"": 58554.44}, {""temp"": 24.80461, ""step"": 3, ""status"": 1, ""pres"": 978.3566, ""meas_profile"": ""HP-7"", ""meas_id"": 7, ""hum"": 33.38501, ""gas_res"": 78914.92}, {""temp"": 24.90031, ""step"": 3, ""status"": 1, ""pres"": 978.5659, ""meas_profile"": ""HP-6"", ""meas_id"": 6, ""hum"": 33.20506, ""gas_res"": 227505.0}, {""temp"": 24.8191, ""step"": 3, ""status"": 1, ""pres"": 978.2968, ""meas_profile"": ""HP-5"", ""meas_id"": 5, ""hum"": 33.41669, ""gas_res"": 547300.9}, {""temp"": 24.59293, ""step"": 3, ""status"": 1, ""pres"": 978.3642, ""meas_profile"": ""HP-4"", ""meas_id"": 4, ""hum"": 32.93258, ""gas_res"": 491716.7}, {""temp"": 24.74567, ""step"": 3, ""status"": 1, ""pres"": 978.0132, ""meas_profile"": ""HP-3"", ""meas_id"": 3, ""hum"": 33.36238, ""gas_res"": 282016.0}, {""temp"": 24.68009, ""step"": 3, ""status"": 1, ""pres"": 978.187, ""meas_profile"": ""HP-2"", ""meas_id"": 2, ""hum"": 33.64138, ""gas_res"": 553513.5}, {""temp"": 24.46584, ""step"": 3, ""status"": 1, ""pres"": 978.1962, ""meas_profile"": ""HP-1"", ""meas_id"": 1, ""hum"": 32.93097, ""gas_res"": 378558.2}]}",NULL,"2025-10-29 12:37:08.696035"
15714,"04a600b9b0b8","2025-10-29 12:35:09","BTrQaSSE1dP4Ad9c9qfg","{""bme688"": [{""temp"": 24.80934, ""step"": 2, ""status"": 1, ""pres"": 978.2022, ""meas_profile"": ""HP-8"", ""meas_id"": 8, ""hum"": 33.51598, ""gas_res"": 54340.9}, {""temp"": 24.80461, ""step"": 2, ""status"": 1, ""pres"": 978.3566, ""meas_profile"": ""HP-7"", ""meas_id"": 7, ""hum"": 33.39629, ""gas_res"": 71869.73}, {""temp"": 24.90031, ""step"": 2, ""status"": 1, ""pres"": 978.5659, ""meas_profile"": ""HP-6"", ""meas_id"": 6, ""hum"": 33.21077, ""gas_res"": 210137.5}, {""temp"": 24.8191, ""step"": 2, ""status"": 1, ""pres"": 978.2968, ""meas_profile"": ""HP-5"", ""meas_id"": 5, ""hum"": 33.43366, ""gas_res"": 484046.3}, {""temp"": 24.59293, ""step"": 2, ""status"": 1, ""pres"": 978.3642, ""meas_profile"": ""HP-4"", ""meas_id"": 4, ""hum"": 32.95546, ""gas_res"": 425514.2}, {""temp"": 24.74598, ""step"": 2, ""status"": 1, ""pres"": 978.0137, ""meas_profile"": ""HP-3"", ""meas_id"": 3, ""hum"": 33.34524, ""gas_res"": 243925.7}, {""temp"": 24.68009, ""step"": 2, ""status"": 1, ""pres"": 978.187, ""meas_profile"": ""HP-2"", ""meas_id"": 2, ""hum"": 33.61874, ""gas_res"": 429260.1}, {""temp"": 24.46584, ""step"": 2, ""status"": 1, ""pres"": 978.1962, ""meas_profile"": ""HP-1"", ""meas_id"": 1, ""hum"": 32.94266, ""gas_res"": 315076.9}]}",NULL,"2025-10-29 12:37:09.639053"
15715,"04a600b9b0b8","2025-10-29 12:35:09","BTrQaSSE1dP4Ad9c9qfg","{""bme688"": [{""temp"": 24.80965, ""step"": 1, ""status"": 1, ""pres"": 978.2026, ""meas_profile"": ""HP-8"", ""meas_id"": 8, ""hum"": 33.5103, ""gas_res"": 11095.7}, {""temp"": 24.80461, ""step"": 1, ""status"": 1, ""pres"": 978.3583, ""meas_profile"": ""HP-7"", ""meas_id"": 7, ""hum"": 33.39629, ""gas_res"": 16780.28}, {""temp"": 24.90062, ""step"": 1, ""status"": 1, ""pres"": 978.5662, ""meas_profile"": ""HP-6"", ""meas_id"": 6, ""hum"": 33.21652, ""gas_res"": 25000.0}, {""temp"": 24.81941, ""step"": 1, ""status"": 1, ""pres"": 978.2974, ""meas_profile"": ""HP-5"", ""meas_id"": 5, ""hum"": 33.42804, ""gas_res"": 35664.53}, {""temp"": 24.59324, ""step"": 1, ""status"": 1, ""pres"": 978.3647, ""meas_profile"": ""HP-4"", ""meas_id"": 4, ""hum"": 32.94405, ""gas_res"": 28119.51}, {""temp"": 24.74598, ""step"": 1, ""status"": 1, ""pres"": 978.012, ""meas_profile"": ""HP-3"", ""meas_id"": 3, ""hum"": 33.36241, ""gas_res"": 25000.0}, {""temp"": 24.6804, ""step"": 1, ""status"": 1, ""pres"": 978.1877, ""meas_profile"": ""HP-2"", ""meas_id"": 2, ""hum"": 33.63008, ""gas_res"": 26998.52}, {""temp"": 24.46646, ""step"": 1, ""status"": 1, ""pres"": 978.1972, ""meas_profile"": ""HP-1"", ""meas_id"": 1, ""hum"": 32.94856, ""gas_res"": 25000.0}]}",NULL,"2025-10-29 12:37:10.403411"
15716,"04a600b9b0b8","2025-10-29 12:35:09","BTrQaSSE1dP4Ad9c9qfg","{""bme688"": [{""temp"": 24.80934, ""step"": 0, ""status"": 1, ""pres"": 978.2022, ""meas_profile"": ""HP-8"", ""meas_id"": 8, ""hum"": 33.51598, ""gas_res"": 6329.114}, {""temp"": 24.8043, ""step"": 0, ""status"": 1, ""pres"": 978.3577, ""meas_profile"": ""HP-7"", ""meas_id"": 7, ""hum"": 33.40191, ""gas_res"": 7284.316}, {""temp"": 24.90062, ""step"": 0, ""status"": 1, ""pres"": 978.5681, ""meas_profile"": ""HP-6"", ""meas_id"": 6, ""hum"": 33.22224, ""gas_res"": 7946.362}, {""temp"": 24.81941, ""step"": 0, ""status"": 1, ""pres"": 978.2991, ""meas_profile"": ""HP-5"", ""meas_id"": 5, ""hum"": 33.42804, ""gas_res"": 25000.0}, {""temp"": 24.59324, ""step"": 0, ""status"": 1, ""pres"": 978.3647, ""meas_profile"": ""HP-4"", ""meas_id"": 4, ""hum"": 32.96121, ""gas_res"": 10869.57}, {""temp"": 24.74598, ""step"": 0, ""status"": 1, ""pres"": 978.0137, ""meas_profile"": ""HP-3"", ""meas_id"": 3, ""hum"": 33.36813, ""gas_res"": 6459.427}, {""temp"": 24.68009, ""step"": 0, ""status"": 1, ""pres"": 978.1887, ""meas_profile"": ""HP-2"", ""meas_id"": 2, ""hum"": 33.64138, ""gas_res"": 6146.754}, {""temp"": 24.46615, ""step"": 0, ""status"": 1, ""pres"": 978.1968, ""meas_profile"": ""HP-1"", ""meas_id"": 1, ""hum"": 32.9719, ""gas_res"": 6898.039}]}",NULL,"2025-10-29 12:37:11.080719"
15739,"04a600b9b0b8","2025-10-29 12:37:23","BTrQaSSE1dP4Ad9c9qfg","{""zphs01b"": {""voc"": 0, ""temp"": 22.7, ""pm2_5"": 0, ""pm1_0"": 0, ""pm10"": 305, ""o3"": 0.07, ""no2"": 10.0, ""hum"": 0, ""fmhd"": 0, ""co2"": 5000, ""co"": 0.0}, ""smell_b"": {}, ""sfa30"": {""temp"": 24.71, ""hum"": 36.12, ""fmhd"": 1.2}, ""sen5x"": {""voc"": 149.0, ""temp"": 25.11, ""pm4_0"": 4590.1, ""pm2_5"": 4590.1, ""pm1_0"": 4376.9, ""pm10"": 4590.1, ""nox"": 1.0, ""mass_c"": 4536.8, ""hum"": 40.25}, ""scd41"": {""temp"": 24.22827, ""hum"": 43.06248, ""co2"": 690}, ""power_source"": 0, ""mics6814"": {""red_res"": 0, ""no2_res"": 0, ""no2"": 0.17, ""nh3_res"": 0, ""nh3"": 0.73, ""co_res"": 0, ""co"": 44.0}}",NULL,"2025-10-29 12:37:54.400591"
15740,"04a600b9b0b8","2025-10-29 12:37:23","BTrQaSSE1dP4Ad9c9qfg","{""bme688"": [{""temp"": 24.81552, ""step"": 9, ""status"": 1, ""pres"": 978.2101, ""meas_profile"": ""HP-8"", ""meas_id"": 8, ""hum"": 33.44809, ""gas_res"": 5684.846}, {""temp"": 24.80834, ""step"": 9, ""status"": 1, ""pres"": 978.3576, ""meas_profile"": ""HP-7"", ""meas_id"": 7, ""hum"": 33.35151, ""gas_res"": 6262.231}, {""temp"": 24.90031, ""step"": 9, ""status"": 1, ""pres"": 978.552, ""meas_profile"": ""HP-6"", ""meas_id"": 6, ""hum"": 33.17646, ""gas_res"": 7655.502}, {""temp"": 24.81941, ""step"": 9, ""status"": 1, ""pres"": 978.2872, ""meas_profile"": ""HP-5"", ""meas_id"": 5, ""hum"": 33.37716, ""gas_res"": 25000.0}, {""temp"": 24.59324, ""step"": 9, ""status"": 1, ""pres"": 978.3664, ""meas_profile"": ""HP-4"", ""meas_id"": 4, ""hum"": 32.88112, ""gas_res"": 19423.37}, {""temp"": 24.74505, ""step"": 9, ""status"": 1, ""pres"": 978.024, ""meas_profile"": ""HP-3"", ""meas_id"": 3, ""hum"": 33.30511, ""gas_res"": 6122.059}, {""temp"": 24.67636, ""step"": 9, ""status"": 1, ""pres"": 978.1808, ""meas_profile"": ""HP-2"", ""meas_id"": 2, ""hum"": 33.57877, ""gas_res"": 8018.041}, {""temp"": 24.46428, ""step"": 9, ""status"": 1, ""pres"": 978.2028, ""meas_profile"": ""HP-1"", ""meas_id"": 1, ""hum"": 32.87243, ""gas_res"": 6087.122}]}",NULL,"2025-10-29 12:37:55.827517"
15741,"04a600b9b0b8","2025-10-29 12:37:23","BTrQaSSE1dP4Ad9c9qfg","{""bme688"": [{""temp"": 24.81521, ""step"": 8, ""status"": 1, ""pres"": 978.2095, ""meas_profile"": ""HP-8"", ""meas_id"": 8, ""hum"": 33.43094, ""gas_res"": 5684.846}, {""temp"": 24.80834, ""step"": 8, ""status"": 1, ""pres"": 978.3576, ""meas_profile"": ""HP-7"", ""meas_id"": 7, ""hum"": 33.36279, ""gas_res"": 6291.781}, {""temp"": 24.90031, ""step"": 8, ""status"": 1, ""pres"": 978.5538, ""meas_profile"": ""HP-6"", ""meas_id"": 6, ""hum"": 33.15932, ""gas_res"": 8018.041}, {""temp"": 24.81941, ""step"": 8, ""status"": 1, ""pres"": 978.2872, ""meas_profile"": ""HP-5"", ""meas_id"": 5, ""hum"": 33.36021, ""gas_res"": 25000.0}, {""temp"": 24.59324, ""step"": 8, ""status"": 1, ""pres"": 978.3664, ""meas_profile"": ""HP-4"", ""meas_id"": 4, ""hum"": 32.88684, ""gas_res"": 18957.35}, {""temp"": 24.74505, ""step"": 8, ""status"": 1, ""pres"": 978.024, ""meas_profile"": ""HP-3"", ""meas_id"": 3, ""hum"": 33.29939, ""gas_res"": 5938.022}, {""temp"": 24.67636, ""step"": 8, ""status"": 1, ""pres"": 978.1808, ""meas_profile"": ""HP-2"", ""meas_id"": 2, ""hum"": 33.57877, ""gas_res"": 8091.024}, {""temp"": 24.46397, ""step"": 8, ""status"": 1, ""pres"": 978.2023, ""meas_profile"": ""HP-1"", ""meas_id"": 1, ""hum"": 32.8724, ""gas_res"": 6325.361}]}",NULL,"2025-10-29 12:37:57.018056"
15742,"04a600b9b0b8","2025-10-29 12:37:23","BTrQaSSE1dP4Ad9c9qfg","{""bme688"": [{""temp"": 24.81459, ""step"": 7, ""status"": 1, ""pres"": 978.2086, ""meas_profile"": ""HP-8"", ""meas_id"": 8, ""hum"": 33.45941, ""gas_res"": 5684.846}, {""temp"": 24.80803, ""step"": 7, ""status"": 1, ""pres"": 978.3572, ""meas_profile"": ""HP-7"", ""meas_id"": 7, ""hum"": 33.33456, ""gas_res"": 6412.826}, {""temp"": 24.90031, ""step"": 7, ""status"": 1, ""pres"": 978.5538, ""meas_profile"": ""HP-6"", ""meas_id"": 6, ""hum"": 33.1536, ""gas_res"": 8121.828}, {""temp"": 24.81941, ""step"": 7, ""status"": 1, ""pres"": 978.2872, ""meas_profile"": ""HP-5"", ""meas_id"": 5, ""hum"": 33.3489, ""gas_res"": 25000.0}, {""temp"": 24.59293, ""step"": 7, ""status"": 1, ""pres"": 978.3658, ""meas_profile"": ""HP-4"", ""meas_id"": 4, ""hum"": 32.88681, ""gas_res"": 18481.09}, {""temp"": 24.74474, ""step"": 7, ""status"": 1, ""pres"": 978.0236, ""meas_profile"": ""HP-3"", ""meas_id"": 3, ""hum"": 33.29936, ""gas_res"": 7976.072}, {""temp"": 24.67667, ""step"": 7, ""status"": 1, ""pres"": 978.1814, ""meas_profile"": ""HP-2"", ""meas_id"": 2, ""hum"": 33.59012, ""gas_res"": 7870.143}, {""temp"": 24.46397, ""step"": 7, ""status"": 1, ""pres"": 978.2023, ""meas_profile"": ""HP-1"", ""meas_id"": 1, ""hum"": 32.8724, ""gas_res"": 6378.314}]}",NULL,"2025-10-29 12:37:58.296175"
15743,"04a600b9b0b8","2025-10-29 12:37:23","BTrQaSSE1dP4Ad9c9qfg","{""bme688"": [{""temp"": 24.81428, ""step"": 6, ""status"": 1, ""pres"": 978.2081, ""meas_profile"": ""HP-8"", ""meas_id"": 8, ""hum"": 33.44798, ""gas_res"": 16994.16}, {""temp"": 24.80771, ""step"": 6, ""status"": 1, ""pres"": 978.3566, ""meas_profile"": ""HP-7"", ""meas_id"": 7, ""hum"": 33.34582, ""gas_res"": 21519.84}, {""temp"": 24.90031, ""step"": 6, ""status"": 1, ""pres"": 978.5555, ""meas_profile"": ""HP-6"", ""meas_id"": 6, ""hum"": 33.16503, ""gas_res"": 37481.7}, {""temp"": 24.8191, ""step"": 6, ""status"": 1, ""pres"": 978.2866, ""meas_profile"": ""HP-5"", ""meas_id"": 5, ""hum"": 33.36583, ""gas_res"": 115211.5}, {""temp"": 24.59262, ""step"": 6, ""status"": 1, ""pres"": 978.3672, ""meas_profile"": ""HP-4"", ""meas_id"": 4, ""hum"": 32.88106, ""gas_res"": 100668.5}, {""temp"": 24.74505, ""step"": 6, ""status"": 1, ""pres"": 978.0224, ""meas_profile"": ""HP-3"", ""meas_id"": 3, ""hum"": 33.29939, ""gas_res"": 41980.98}, {""temp"": 24.67667, ""step"": 6, ""status"": 1, ""pres"": 978.1814, ""meas_profile"": ""HP-2"", ""meas_id"": 2, ""hum"": 33.59012, ""gas_res"": 100000.0}, {""temp"": 24.46397, ""step"": 6, ""status"": 1, ""pres"": 978.2023, ""meas_profile"": ""HP-1"", ""meas_id"": 1, ""hum"": 32.88408, ""gas_res"": 87045.23}]}",NULL,"2025-10-29 12:37:59.574962"
15744,"04a600b9b0b8","2025-10-29 12:37:23","BTrQaSSE1dP4Ad9c9qfg","{""bme688"": [{""temp"": 24.81398, ""step"": 5, ""status"": 1, ""pres"": 978.2076, ""meas_profile"": ""HP-8"", ""meas_id"": 8, ""hum"": 33.45935, ""gas_res"": 16926.74}, {""temp"": 24.80741, ""step"": 5, ""status"": 1, ""pres"": 978.3562, ""meas_profile"": ""HP-7"", ""meas_id"": 7, ""hum"": 33.35143, ""gas_res"": 21498.15}, {""temp"": 24.90031, ""step"": 5, ""status"": 1, ""pres"": 978.5555, ""meas_profile"": ""HP-6"", ""meas_id"": 6, ""hum"": 33.16503, ""gas_res"": 37514.65}, {""temp"": 24.8191, ""step"": 5, ""status"": 1, ""pres"": 978.2883, ""meas_profile"": ""HP-5"", ""meas_id"": 5, ""hum"": 33.37713, ""gas_res"": 114669.7}, {""temp"": 24.59262, ""step"": 5, ""status"": 1, ""pres"": 978.3672, ""meas_profile"": ""HP-4"", ""meas_id"": 4, ""hum"": 32.8925, ""gas_res"": 98404.77}, {""temp"": 24.74505, ""step"": 5, ""status"": 1, ""pres"": 978.0224, ""meas_profile"": ""HP-3"", ""meas_id"": 3, ""hum"": 33.31083, ""gas_res"": 40429.56}, {""temp"": 24.67698, ""step"": 5, ""status"": 1, ""pres"": 978.1819, ""meas_profile"": ""HP-2"", ""meas_id"": 2, ""hum"": 33.59015, ""gas_res"": 100000.0}, {""temp"": 24.46397, ""step"": 5, ""status"": 1, ""pres"": 978.2006, ""meas_profile"": ""HP-1"", ""meas_id"": 1, ""hum"": 32.90744, ""gas_res"": 83224.97}]}",NULL,"2025-10-29 12:38:00.947785"
15745,"04a600b9b0b8","2025-10-29 12:37:23","BTrQaSSE1dP4Ad9c9qfg","{""bme688"": [{""temp"": 24.81367, ""step"": 4, ""status"": 1, ""pres"": 978.2072, ""meas_profile"": ""HP-8"", ""meas_id"": 8, ""hum"": 33.44792, ""gas_res"": 17130.62}, {""temp"": 24.80741, ""step"": 4, ""status"": 1, ""pres"": 978.3579, ""meas_profile"": ""HP-7"", ""meas_id"": 7, ""hum"": 33.36271, ""gas_res"": 21962.94}, {""temp"": 24.90031, ""step"": 4, ""status"": 1, ""pres"": 978.5555, ""meas_profile"": ""HP-6"", ""meas_id"": 6, ""hum"": 33.18218, ""gas_res"": 38357.8}, {""temp"": 24.81879, ""step"": 4, ""status"": 1, ""pres"": 978.2877, ""meas_profile"": ""HP-5"", ""meas_id"": 5, ""hum"": 33.38276, ""gas_res"": 116231.6}, {""temp"": 24.5923, ""step"": 4, ""status"": 1, ""pres"": 978.3666, ""meas_profile"": ""HP-4"", ""meas_id"": 4, ""hum"": 32.90963, ""gas_res"": 99205.58}, {""temp"": 24.74505, ""step"": 4, ""status"": 1, ""pres"": 978.0224, ""meas_profile"": ""HP-3"", ""meas_id"": 3, ""hum"": 33.33372, ""gas_res"": 39567.23}, {""temp"": 24.67698, ""step"": 4, ""status"": 1, ""pres"": 978.1819, ""meas_profile"": ""HP-2"", ""meas_id"": 2, ""hum"": 33.59015, ""gas_res"": 100000.0}, {""temp"": 24.46366, ""step"": 4, ""status"": 1, ""pres"": 978.2001, ""meas_profile"": ""HP-1"", ""meas_id"": 1, ""hum"": 32.89573, ""gas_res"": 79651.52}]}",NULL,"2025-10-29 12:38:02.137618"
15746,"04a600b9b0b8","2025-10-29 12:37:23","BTrQaSSE1dP4Ad9c9qfg","{""bme688"": [{""temp"": 24.81336, ""step"": 3, ""status"": 1, ""pres"": 978.2067, ""meas_profile"": ""HP-8"", ""meas_id"": 8, ""hum"": 33.4593, ""gas_res"": 24729.52}, {""temp"": 24.80709, ""step"": 3, ""status"": 1, ""pres"": 978.3572, ""meas_profile"": ""HP-7"", ""meas_id"": 7, ""hum"": 33.37395, ""gas_res"": 32072.16}, {""temp"": 24.9, ""step"": 3, ""status"": 1, ""pres"": 978.5565, ""meas_profile"": ""HP-6"", ""meas_id"": 6, ""hum"": 33.165, ""gas_res"": 76032.08}, {""temp"": 24.81848, ""step"": 3, ""status"": 1, ""pres"": 978.2873, ""meas_profile"": ""HP-5"", ""meas_id"": 5, ""hum"": 33.38272, ""gas_res"": 152335.6}, {""temp"": 24.59199, ""step"": 3, ""status"": 1, ""pres"": 978.3661, ""meas_profile"": ""HP-4"", ""meas_id"": 4, ""hum"": 32.91533, ""gas_res"": 159750.4}, {""temp"": 24.74474, ""step"": 3, ""status"": 1, ""pres"": 978.0201, ""meas_profile"": ""HP-3"", ""meas_id"": 3, ""hum"": 33.3108, ""gas_res"": 91330.72}, {""temp"": 24.67667, ""step"": 3, ""status"": 1, ""pres"": 978.1797, ""meas_profile"": ""HP-2"", ""meas_id"": 2, ""hum"": 33.61275, ""gas_res"": 163109.3}, {""temp"": 24.46366, ""step"": 3, ""status"": 1, ""pres"": 978.2001, ""meas_profile"": ""HP-1"", ""meas_id"": 1, ""hum"": 32.90741, ""gas_res"": 118491.1}]}",NULL,"2025-10-29 12:38:03.415757"
15747,"04a600b9b0b8","2025-10-29 12:37:23","BTrQaSSE1dP4Ad9c9qfg","{""bme688"": [{""temp"": 24.81305, ""step"": 2, ""status"": 1, ""pres"": 978.2062, ""meas_profile"": ""HP-8"", ""meas_id"": 8, ""hum"": 33.47068, ""gas_res"": 41531.47}, {""temp"": 24.80678, ""step"": 2, ""status"": 1, ""pres"": 978.3569, ""meas_profile"": ""HP-7"", ""meas_id"": 7, ""hum"": 33.37392, ""gas_res"": 60079.79}, {""temp"": 24.89969, ""step"": 2, ""status"": 1, ""pres"": 978.5561, ""meas_profile"": ""HP-6"", ""meas_id"": 6, ""hum"": 33.18213, ""gas_res"": 176247.8}, {""temp"": 24.81816, ""step"": 2, ""status"": 1, ""pres"": 978.2867, ""meas_profile"": ""HP-5"", ""meas_id"": 5, ""hum"": 33.41096, ""gas_res"": 408212.1}, {""temp"": 24.59168, ""step"": 2, ""status"": 1, ""pres"": 978.3655, ""meas_profile"": ""HP-4"", ""meas_id"": 4, ""hum"": 32.91529, ""gas_res"": 377511.5}, {""temp"": 24.74474, ""step"": 2, ""status"": 1, ""pres"": 978.0201, ""meas_profile"": ""HP-3"", ""meas_id"": 3, ""hum"": 33.34513, ""gas_res"": 210786.3}, {""temp"": 24.67667, ""step"": 2, ""status"": 1, ""pres"": 978.1797, ""meas_profile"": ""HP-2"", ""meas_id"": 2, ""hum"": 33.60709, ""gas_res"": 390839.7}, {""temp"": 24.46335, ""step"": 2, ""status"": 1, ""pres"": 978.1996, ""meas_profile"": ""HP-1"", ""meas_id"": 1, ""hum"": 32.90739, ""gas_res"": 270398.7}]}",NULL,"2025-10-29 12:38:04.703646"
15748,"04a600b9b0b8","2025-10-29 12:37:23","BTrQaSSE1dP4Ad9c9qfg","{""bme688"": [{""temp"": 24.81305, ""step"": 1, ""status"": 1, ""pres"": 978.2081, ""meas_profile"": ""HP-8"", ""meas_id"": 8, ""hum"": 33.47639, ""gas_res"": 9947.155}, {""temp"": 24.80678, ""step"": 1, ""status"": 1, ""pres"": 978.3569, ""meas_profile"": ""HP-7"", ""meas_id"": 7, ""hum"": 33.36829, ""gas_res"": 15705.52}, {""temp"": 24.89969, ""step"": 1, ""status"": 1, ""pres"": 978.5577, ""meas_profile"": ""HP-6"", ""meas_id"": 6, ""hum"": 33.18213, ""gas_res"": 25000.0}, {""temp"": 24.81816, ""step"": 1, ""status"": 1, ""pres"": 978.2885, ""meas_profile"": ""HP-5"", ""meas_id"": 5, ""hum"": 33.394, ""gas_res"": 34934.5}, {""temp"": 24.59199, ""step"": 1, ""status"": 1, ""pres"": 978.3661, ""meas_profile"": ""HP-4"", ""meas_id"": 4, ""hum"": 32.91533, ""gas_res"": 27753.69}, {""temp"": 24.74474, ""step"": 1, ""status"": 1, ""pres"": 978.0201, ""meas_profile"": ""HP-3"", ""meas_id"": 3, ""hum"": 33.35085, ""gas_res"": 25000.0}, {""temp"": 24.67698, ""step"": 1, ""status"": 1, ""pres"": 978.1802, ""meas_profile"": ""HP-2"", ""meas_id"": 2, ""hum"": 33.61279, ""gas_res"": 26981.45}, {""temp"": 24.46366, ""step"": 1, ""status"": 1, ""pres"": 978.1984, ""meas_profile"": ""HP-1"", ""meas_id"": 1, ""hum"": 32.91909, ""gas_res"": 25000.0}]}",NULL,"2025-10-29 12:38:06.067355"
15749,"04a600b9b0b8","2025-10-29 12:37:23","BTrQaSSE1dP4Ad9c9qfg","{""bme688"": [{""temp"": 24.81274, ""step"": 0, ""status"": 1, ""pres"": 978.2076, ""meas_profile"": ""HP-8"", ""meas_id"": 8, ""hum"": 33.47065, ""gas_res"": 6314.128}, {""temp"": 24.80647, ""step"": 0, ""status"": 1, ""pres"": 978.3563, ""meas_profile"": ""HP-7"", ""meas_id"": 7, ""hum"": 33.36826, ""gas_res"": 7400.555}, {""temp"": 24.89969, ""step"": 0, ""status"": 1, ""pres"": 978.5577, ""meas_profile"": ""HP-6"", ""meas_id"": 6, ""hum"": 33.19928, ""gas_res"": 8776.741}, {""temp"": 24.81848, ""step"": 0, ""status"": 1, ""pres"": 978.2889, ""meas_profile"": ""HP-5"", ""meas_id"": 5, ""hum"": 33.41664, ""gas_res"": 25000.0}, {""temp"": 24.59168, ""step"": 0, ""status"": 1, ""pres"": 978.3655, ""meas_profile"": ""HP-4"", ""meas_id"": 4, ""hum"": 32.89813, ""gas_res"": 18353.89}, {""temp"": 24.74474, ""step"": 0, ""status"": 1, ""pres"": 978.0201, ""meas_profile"": ""HP-3"", ""meas_id"": 3, ""hum"": 33.32796, ""gas_res"": 7722.008}, {""temp"": 24.67698, ""step"": 0, ""status"": 1, ""pres"": 978.1802, ""meas_profile"": ""HP-2"", ""meas_id"": 2, ""hum"": 33.60147, ""gas_res"": 7457.469}, {""temp"": 24.46366, ""step"": 0, ""status"": 1, ""pres"": 978.1984, ""meas_profile"": ""HP-1"", ""meas_id"": 1, ""hum"": 32.90741, ""gas_res"": 6185.966}]}",NULL,"2025-10-29 12:38:07.25787"
15750,"04a600b9b0b8","2025-10-29 12:38:32","BTrQaSSE1dP4Ad9c9qfg","{""zphs01b"": {""voc"": 0, ""temp"": 22.7, ""pm2_5"": 0, ""pm1_0"": 0, ""pm10"": 299, ""o3"": 0.07, ""no2"": 10.0, ""hum"": 0, ""fmhd"": 0, ""co2"": 5000, ""co"": 0.0}, ""smell_b"": {}, ""sfa30"": {""temp"": 24.725, ""hum"": 36.08, ""fmhd"": 1.4}, ""sen5x"": {""voc"": 126.0, ""temp"": 24.915, ""pm4_0"": 4339.1, ""pm2_5"": 4339.1, ""pm1_0"": 4137.6, ""pm10"": 4339.1, ""nox"": 1.0, ""mass_c"": 4288.725, ""hum"": 40.79}, ""scd41"": {""temp"": 24.31373, ""hum"": 43.20745, ""co2"": 698}, ""power_source"": 0, ""mics6814"": {""red_res"": 0, ""no2_res"": 0, ""no2"": 0.17, ""nh3_res"": 0, ""nh3"": 0.73, ""co_res"": 0, ""co"": 44.0}}",NULL,"2025-10-29 12:39:10.566023"
15751,"04a600b9b0b8","2025-10-29 12:38:32","BTrQaSSE1dP4Ad9c9qfg","{""bme688"": [{""temp"": 24.82077, ""step"": 9, ""status"": 1, ""pres"": 978.2202, ""meas_profile"": ""HP-8"", ""meas_id"": 8, ""hum"": 33.44857, ""gas_res"": 5684.846}, {""temp"": 24.81268, ""step"": 9, ""status"": 1, ""pres"": 978.3631, ""meas_profile"": ""HP-7"", ""meas_id"": 7, ""hum"": 33.32372, ""gas_res"": 6681.979}, {""temp"": 24.90185, ""step"": 9, ""status"": 1, ""pres"": 978.5476, ""meas_profile"": ""HP-6"", ""meas_id"": 6, ""hum"": 33.14803, ""gas_res"": 8856.905}, {""temp"": 24.82067, ""step"": 9, ""status"": 1, ""pres"": 978.2858, ""meas_profile"": ""HP-5"", ""meas_id"": 5, ""hum"": 33.36032, ""gas_res"": 25000.0}, {""temp"": 24.59479, ""step"": 9, ""status"": 1, ""pres"": 978.3723, ""meas_profile"": ""HP-4"", ""meas_id"": 4, ""hum"": 32.85839, ""gas_res"": 23357.66}, {""temp"": 24.74629, ""step"": 9, ""status"": 1, ""pres"": 978.0396, ""meas_profile"": ""HP-3"", ""meas_id"": 3, ""hum"": 33.2709, ""gas_res"": 7395.424}, {""temp"": 24.67729, ""step"": 9, ""status"": 1, ""pres"": 978.1909, ""meas_profile"": ""HP-2"", ""meas_id"": 2, ""hum"": 33.55058, ""gas_res"": 9910.188}, {""temp"": 24.46397, ""step"": 9, ""status"": 1, ""pres"": 978.2151, ""meas_profile"": ""HP-1"", ""meas_id"": 1, ""hum"": 32.79067, ""gas_res"": 7329.363}]}",NULL,"2025-10-29 12:39:12.084614"
15752,"04a600b9b0b8","2025-10-29 12:38:32","BTrQaSSE1dP4Ad9c9qfg","{""bme688"": [{""temp"": 24.82046, ""step"": 8, ""status"": 1, ""pres"": 978.2198, ""meas_profile"": ""HP-8"", ""meas_id"": 8, ""hum"": 33.43143, ""gas_res"": 5684.846}, {""temp"": 24.81237, ""step"": 8, ""status"": 1, ""pres"": 978.3627, ""meas_profile"": ""HP-7"", ""meas_id"": 7, ""hum"": 33.32933, ""gas_res"": 6732.59}, {""temp"": 24.90185, ""step"": 8, ""status"": 1, ""pres"": 978.5476, ""meas_profile"": ""HP-6"", ""meas_id"": 6, ""hum"": 33.14803, ""gas_res"": 9305.03}, {""temp"": 24.82067, ""step"": 8, ""status"": 1, ""pres"": 978.2858, ""meas_profile"": ""HP-5"", ""meas_id"": 5, ""hum"": 33.36597, ""gas_res"": 25000.0}, {""temp"": 24.59479, ""step"": 8, ""status"": 1, ""pres"": 978.3723, ""meas_profile"": ""HP-4"", ""meas_id"": 4, ""hum"": 32.85267, ""gas_res"": 25000.0}, {""temp"": 24.74629, ""step"": 8, ""status"": 1, ""pres"": 978.0396, ""meas_profile"": ""HP-3"", ""meas_id"": 3, ""hum"": 33.2709, ""gas_res"": 7191.011}, {""temp"": 24.67729, ""step"": 8, ""status"": 1, ""pres"": 978.1909, ""meas_profile"": ""HP-2"", ""meas_id"": 2, ""hum"": 33.53926, ""gas_res"": 10155.51}, {""temp"": 24.46428, ""step"": 8, ""status"": 1, ""pres"": 978.2137, ""meas_profile"": ""HP-1"", ""meas_id"": 1, ""hum"": 32.78486, ""gas_res"": 7772.65}]}",NULL,"2025-10-29 12:39:13.212439"
15753,"04a600b9b0b8","2025-10-29 12:38:32","BTrQaSSE1dP4Ad9c9qfg","{""bme688"": [{""temp"": 24.81984, ""step"": 7, ""status"": 1, ""pres"": 978.2188, ""meas_profile"": ""HP-8"", ""meas_id"": 8, ""hum"": 33.43137, ""gas_res"": 5684.846}, {""temp"": 24.81206, ""step"": 7, ""status"": 1, ""pres"": 978.3621, ""meas_profile"": ""HP-7"", ""meas_id"": 7, ""hum"": 33.33494, ""gas_res"": 6669.446}, {""temp"": 24.90185, ""step"": 7, ""status"": 1, ""pres"": 978.5476, ""meas_profile"": ""HP-6"", ""meas_id"": 6, ""hum"": 33.14231, ""gas_res"": 9345.794}, {""temp"": 24.82067, ""step"": 7, ""status"": 1, ""pres"": 978.2858, ""meas_profile"": ""HP-5"", ""meas_id"": 5, ""hum"": 33.37162, ""gas_res"": 25000.0}, {""temp"": 24.59479, ""step"": 7, ""status"": 1, ""pres"": 978.3706, ""meas_profile"": ""HP-4"", ""meas_id"": 4, ""hum"": 32.86411, ""gas_res"": 23383.27}, {""temp"": 24.74629, ""step"": 7, ""status"": 1, ""pres"": 978.0378, ""meas_profile"": ""HP-3"", ""meas_id"": 3, ""hum"": 33.28234, ""gas_res"": 7181.329}, {""temp"": 24.67729, ""step"": 7, ""status"": 1, ""pres"": 978.1892, ""meas_profile"": ""HP-2"", ""meas_id"": 2, ""hum"": 33.53926, ""gas_res"": 9965.743}, {""temp"": 24.46428, ""step"": 7, ""status"": 1, ""pres"": 978.2137, ""meas_profile"": ""HP-1"", ""meas_id"": 1, ""hum"": 32.80237, ""gas_res"": 7928.642}]}",NULL,"2025-10-29 12:39:14.46971"
15754,"04a600b9b0b8","2025-10-29 12:38:32","BTrQaSSE1dP4Ad9c9qfg","{""bme688"": [{""temp"": 24.81954, ""step"": 6, ""status"": 1, ""pres"": 978.2182, ""meas_profile"": ""HP-8"", ""meas_id"": 8, ""hum"": 33.41994, ""gas_res"": 16753.93}, {""temp"": 24.81206, ""step"": 6, ""status"": 1, ""pres"": 978.3621, ""meas_profile"": ""HP-7"", ""meas_id"": 7, ""hum"": 33.34058, ""gas_res"": 22519.35}, {""temp"": 24.90185, ""step"": 6, ""status"": 1, ""pres"": 978.5476, ""meas_profile"": ""HP-6"", ""meas_id"": 6, ""hum"": 33.15374, ""gas_res"": 45325.78}, {""temp"": 24.82067, ""step"": 6, ""status"": 1, ""pres"": 978.2858, ""meas_profile"": ""HP-5"", ""meas_id"": 5, ""hum"": 33.34336, ""gas_res"": 152471.7}, {""temp"": 24.59479, ""step"": 6, ""status"": 1, ""pres"": 978.3706, ""meas_profile"": ""HP-4"", ""meas_id"": 4, ""hum"": 32.85267, ""gas_res"": 138490.7}, {""temp"": 24.7466, ""step"": 6, ""status"": 1, ""pres"": 978.0385, ""meas_profile"": ""HP-3"", ""meas_id"": 3, ""hum"": 33.27665, ""gas_res"": 100000.0}, {""temp"": 24.67729, ""step"": 6, ""status"": 1, ""pres"": 978.1892, ""meas_profile"": ""HP-2"", ""meas_id"": 2, ""hum"": 33.54492, ""gas_res"": 127808.3}, {""temp"": 24.46428, ""step"": 6, ""status"": 1, ""pres"": 978.2137, ""meas_profile"": ""HP-1"", ""meas_id"": 1, ""hum"": 32.80237, ""gas_res"": 97006.45}]}",NULL,"2025-10-29 12:39:15.739487"
15755,"04a600b9b0b8","2025-10-29 12:38:32","BTrQaSSE1dP4Ad9c9qfg","{""bme688"": [{""temp"": 24.81954, ""step"": 5, ""status"": 1, ""pres"": 978.2182, ""meas_profile"": ""HP-8"", ""meas_id"": 8, ""hum"": 33.43705, ""gas_res"": 16584.61}, {""temp"": 24.81175, ""step"": 5, ""status"": 1, ""pres"": 978.3616, ""meas_profile"": ""HP-7"", ""meas_id"": 7, ""hum"": 33.33491, ""gas_res"": 22354.17}, {""temp"": 24.90185, ""step"": 5, ""status"": 1, ""pres"": 978.5493, ""meas_profile"": ""HP-6"", ""meas_id"": 6, ""hum"": 33.13659, ""gas_res"": 45422.29}, {""temp"": 24.82098, ""step"": 5, ""status"": 1, ""pres"": 978.2863, ""meas_profile"": ""HP-5"", ""meas_id"": 5, ""hum"": 33.3547, ""gas_res"": 153431.2}, {""temp"": 24.59479, ""step"": 5, ""status"": 1, ""pres"": 978.3706, ""meas_profile"": ""HP-4"", ""meas_id"": 4, ""hum"": 32.86411, ""gas_res"": 139281.8}, {""temp"": 24.7466, ""step"": 5, ""status"": 1, ""pres"": 978.0367, ""meas_profile"": ""HP-3"", ""meas_id"": 3, ""hum"": 33.27665, ""gas_res"": 93023.26}, {""temp"": 24.67698, ""step"": 5, ""status"": 1, ""pres"": 978.1887, ""meas_profile"": ""HP-2"", ""meas_id"": 2, ""hum"": 33.55055, ""gas_res"": 125459.4}, {""temp"": 24.46397, ""step"": 5, ""status"": 1, ""pres"": 978.2132, ""meas_profile"": ""HP-1"", ""meas_id"": 1, ""hum"": 32.79067, ""gas_res"": 94902.69}]}",NULL,"2025-10-29 12:39:17.202362"
15756,"04a600b9b0b8","2025-10-29 12:38:32","BTrQaSSE1dP4Ad9c9qfg","{""bme688"": [{""temp"": 24.81923, ""step"": 4, ""status"": 1, ""pres"": 978.2178, ""meas_profile"": ""HP-8"", ""meas_id"": 8, ""hum"": 33.42561, ""gas_res"": 16507.61}, {""temp"": 24.81144, ""step"": 4, ""status"": 1, ""pres"": 978.3611, ""meas_profile"": ""HP-7"", ""meas_id"": 7, ""hum"": 33.33488, ""gas_res"": 22401.12}, {""temp"": 24.90185, ""step"": 4, ""status"": 1, ""pres"": 978.5493, ""meas_profile"": ""HP-6"", ""meas_id"": 6, ""hum"": 33.14803, ""gas_res"": 46109.51}, {""temp"": 24.82098, ""step"": 4, ""status"": 1, ""pres"": 978.2863, ""meas_profile"": ""HP-5"", ""meas_id"": 5, ""hum"": 33.36035, ""gas_res"": 156670.8}, {""temp"": 24.5951, ""step"": 4, ""status"": 1, ""pres"": 978.3711, ""meas_profile"": ""HP-4"", ""meas_id"": 4, ""hum"": 32.86413, ""gas_res"": 141828.3}, {""temp"": 24.7466, ""step"": 4, ""status"": 1, ""pres"": 978.0367, ""meas_profile"": ""HP-3"", ""meas_id"": 3, ""hum"": 33.27665, ""gas_res"": 90941.38}, {""temp"": 24.67698, ""step"": 4, ""status"": 1, ""pres"": 978.1887, ""meas_profile"": ""HP-2"", ""meas_id"": 2, ""hum"": 33.55055, ""gas_res"": 124453.1}, {""temp"": 24.46397, ""step"": 4, ""status"": 1, ""pres"": 978.2114, ""meas_profile"": ""HP-1"", ""meas_id"": 1, ""hum"": 32.78484, ""gas_res"": 94065.77}]}",NULL,"2025-10-29 12:39:18.296488"
15757,"04a600b9b0b8","2025-10-29 12:38:32","BTrQaSSE1dP4Ad9c9qfg","{""bme688"": [{""temp"": 24.81892, ""step"": 3, ""status"": 1, ""pres"": 978.2172, ""meas_profile"": ""HP-8"", ""meas_id"": 8, ""hum"": 33.45411, ""gas_res"": 9386.917}, {""temp"": 24.81113, ""step"": 3, ""status"": 1, ""pres"": 978.3607, ""meas_profile"": ""HP-7"", ""meas_id"": 7, ""hum"": 33.34613, ""gas_res"": 12112.04}, {""temp"": 24.90155, ""step"": 3, ""status"": 1, ""pres"": 978.5486, ""meas_profile"": ""HP-6"", ""meas_id"": 6, ""hum"": 33.15943, ""gas_res"": 28438.13}, {""temp"": 24.82067, ""step"": 3, ""status"": 0, ""pres"": 978.2858, ""meas_profile"": ""HP-5"", ""meas_id"": 5, ""hum"": 33.36032, ""gas_res"": 55077.45}, {""temp"": 24.59479, ""step"": 3, ""status"": 0, ""pres"": 978.3706, ""meas_profile"": ""HP-4"", ""meas_id"": 4, ""hum"": 32.8927, ""gas_res"": 49287.64}, {""temp"": 24.7466, ""step"": 3, ""status"": 1, ""pres"": 978.0351, ""meas_profile"": ""HP-3"", ""meas_id"": 3, ""hum"": 33.29381, ""gas_res"": 36425.73}, {""temp"": 24.67667, ""step"": 3, ""status"": 1, ""pres"": 978.1865, ""meas_profile"": ""HP-2"", ""meas_id"": 2, ""hum"": 33.55617, ""gas_res"": 57605.76}, {""temp"": 24.46366, ""step"": 3, ""status"": 1, ""pres"": 978.2109, ""meas_profile"": ""HP-1"", ""meas_id"": 1, ""hum"": 32.79647, ""gas_res"": 37481.7}]}",NULL,"2025-10-29 12:39:19.576207"
15758,"04a600b9b0b8","2025-10-29 12:38:32","BTrQaSSE1dP4Ad9c9qfg","{""bme688"": [{""temp"": 24.81861, ""step"": 2, ""status"": 1, ""pres"": 978.2166, ""meas_profile"": ""HP-8"", ""meas_id"": 8, ""hum"": 33.45978, ""gas_res"": 34566.57}, {""temp"": 24.81113, ""step"": 2, ""status"": 1, ""pres"": 978.3607, ""meas_profile"": ""HP-7"", ""meas_id"": 7, ""hum"": 33.34613, ""gas_res"": 52729.14}, {""temp"": 24.90124, ""step"": 2, ""status"": 1, ""pres"": 978.5483, ""meas_profile"": ""HP-6"", ""meas_id"": 6, ""hum"": 33.16512, ""gas_res"": 195122.0}, {""temp"": 24.82035, ""step"": 2, ""status"": 1, ""pres"": 978.2853, ""meas_profile"": ""HP-5"", ""meas_id"": 5, ""hum"": 33.3942, ""gas_res"": 475947.0}, {""temp"": 24.59448, ""step"": 2, ""status"": 1, ""pres"": 978.3702, ""meas_profile"": ""HP-4"", ""meas_id"": 4, ""hum"": 32.88123, ""gas_res"": 475947.0}, {""temp"": 24.74629, ""step"": 2, ""status"": 1, ""pres"": 978.0344, ""meas_profile"": ""HP-3"", ""meas_id"": 3, ""hum"": 33.30522, ""gas_res"": 262093.7}, {""temp"": 24.67636, ""step"": 2, ""status"": 1, ""pres"": 978.1859, ""meas_profile"": ""HP-2"", ""meas_id"": 2, ""hum"": 33.5618, ""gas_res"": 491716.7}, {""temp"": 24.46366, ""step"": 2, ""status"": 1, ""pres"": 978.2092, ""meas_profile"": ""HP-1"", ""meas_id"": 1, ""hum"": 32.80815, ""gas_res"": 356918.8}]}",NULL,"2025-10-29 12:39:20.857764"
15759,"04a600b9b0b8","2025-10-29 12:38:32","BTrQaSSE1dP4Ad9c9qfg","{""bme688"": [{""temp"": 24.81892, ""step"": 1, ""status"": 1, ""pres"": 978.2172, ""meas_profile"": ""HP-8"", ""meas_id"": 8, ""hum"": 33.44841, ""gas_res"": 9362.2}, {""temp"": 24.81082, ""step"": 1, ""status"": 1, ""pres"": 978.3601, ""meas_profile"": ""HP-7"", ""meas_id"": 7, ""hum"": 33.35738, ""gas_res"": 15421.69}, {""temp"": 24.90124, ""step"": 1, ""status"": 1, ""pres"": 978.5483, ""meas_profile"": ""HP-6"", ""meas_id"": 6, ""hum"": 33.14796, ""gas_res"": 25000.0}, {""temp"": 24.82067, ""step"": 1, ""status"": 1, ""pres"": 978.2858, ""meas_profile"": ""HP-5"", ""meas_id"": 5, ""hum"": 33.37727, ""gas_res"": 44429.02}, {""temp"": 24.59448, ""step"": 1, ""status"": 1, ""pres"": 978.3702, ""meas_profile"": ""HP-4"", ""meas_id"": 4, ""hum"": 32.88695, ""gas_res"": 36086.83}, {""temp"": 24.74629, ""step"": 1, ""status"": 1, ""pres"": 978.0327, ""meas_profile"": ""HP-3"", ""meas_id"": 3, ""hum"": 33.29378, ""gas_res"": 23885.05}, {""temp"": 24.67667, ""step"": 1, ""status"": 1, ""pres"": 978.1865, ""meas_profile"": ""HP-2"", ""meas_id"": 2, ""hum"": 33.5788, ""gas_res"": 37448.8}, {""temp"": 24.46366, ""step"": 1, ""status"": 1, ""pres"": 978.2092, ""meas_profile"": ""HP-1"", ""meas_id"": 1, ""hum"": 32.81398, ""gas_res"": 26122.45}]}",NULL,"2025-10-29 12:39:22.348903"
15760,"04a600b9b0b8","2025-10-29 12:38:32","BTrQaSSE1dP4Ad9c9qfg","{""bme688"": [{""temp"": 24.81861, ""step"": 0, ""status"": 1, ""pres"": 978.2166, ""meas_profile"": ""HP-8"", ""meas_id"": 8, ""hum"": 33.43697, ""gas_res"": 5687.878}, {""temp"": 24.81082, ""step"": 0, ""status"": 1, ""pres"": 978.3601, ""meas_profile"": ""HP-7"", ""meas_id"": 7, ""hum"": 33.35174, ""gas_res"": 7048.458}, {""temp"": 24.90124, ""step"": 0, ""status"": 1, ""pres"": 978.5499, ""meas_profile"": ""HP-6"", ""meas_id"": 6, ""hum"": 33.1594, ""gas_res"": 9512.485}, {""temp"": 24.82067, ""step"": 0, ""status"": 1, ""pres"": 978.2858, ""meas_profile"": ""HP-5"", ""meas_id"": 5, ""hum"": 33.36597, ""gas_res"": 25000.0}, {""temp"": 24.59448, ""step"": 0, ""status"": 1, ""pres"": 978.3702, ""meas_profile"": ""HP-4"", ""meas_id"": 4, ""hum"": 32.88695, ""gas_res"": 25000.0}, {""temp"": 24.7466, ""step"": 0, ""status"": 1, ""pres"": 978.0334, ""meas_profile"": ""HP-3"", ""meas_id"": 3, ""hum"": 33.29953, ""gas_res"": 6979.28}, {""temp"": 24.67667, ""step"": 0, ""status"": 1, ""pres"": 978.1848, ""meas_profile"": ""HP-2"", ""meas_id"": 2, ""hum"": 33.57314, ""gas_res"": 9846.154}, {""temp"": 24.46397, ""step"": 0, ""status"": 1, ""pres"": 978.2096, ""meas_profile"": ""HP-1"", ""meas_id"": 1, ""hum"": 32.79067, ""gas_res"": 7590.133}]}",NULL,"2025-10-29 12:39:24.057439"
15761,"04a600b9b0b8","2025-10-29 12:38:05","BTrQaSSE1dP4Ad9c9qfg","{""zphs01b"": {""voc"": 0, ""temp"": 22.7, ""pm2_5"": 0, ""pm1_0"": 0, ""pm10"": 315, ""o3"": 0.03, ""no2"": 10.0, ""hum"": 0, ""fmhd"": 0, ""co2"": 5000, ""co"": 0.0}, ""smell_b"": {}, ""sfa30"": {""temp"": 24.72, ""hum"": 36.09, ""fmhd"": 1.4}, ""sen5x"": {""voc"": 135.0, ""temp"": 24.99, ""pm4_0"": 4378.1, ""pm2_5"": 4378.1, ""pm1_0"": 4174.8, ""pm10"": 4378.1, ""nox"": 1.0, ""mass_c"": 4327.275, ""hum"": 40.61}, ""scd41"": {""temp"": 24.26566, ""hum"": 43.15709, ""co2"": 695}, ""power_source"": 0, ""mics6814"": {""red_res"": 0, ""no2_res"": 0, ""no2"": 0.17, ""nh3_res"": 0, ""nh3"": 0.73, ""co_res"": 0, ""co"": 44.0}}",NULL,"2025-10-29 12:39:25.227486"
15762,"04a600b9b0b8","2025-10-29 12:38:05","BTrQaSSE1dP4Ad9c9qfg","{""bme688"": [{""temp"": 24.8183, ""step"": 9, ""status"": 1, ""pres"": 978.2162, ""meas_profile"": ""HP-8"", ""meas_id"": 8, ""hum"": 33.44835, ""gas_res"": 5684.846}, {""temp"": 24.81051, ""step"": 9, ""status"": 1, ""pres"": 978.3596, ""meas_profile"": ""HP-7"", ""meas_id"": 7, ""hum"": 33.33479, ""gas_res"": 6393.606}, {""temp"": 24.90124, ""step"": 9, ""status"": 1, ""pres"": 978.5499, ""meas_profile"": ""HP-6"", ""meas_id"": 6, ""hum"": 33.14225, ""gas_res"": 8177.869}, {""temp"": 24.82067, ""step"": 9, ""status"": 1, ""pres"": 978.2858, ""meas_profile"": ""HP-5"", ""meas_id"": 5, ""hum"": 33.37727, ""gas_res"": 25000.0}, {""temp"": 24.59448, ""step"": 9, ""status"": 1, ""pres"": 978.3702, ""meas_profile"": ""HP-4"", ""meas_id"": 4, ""hum"": 32.85836, ""gas_res"": 21519.84}, {""temp"": 24.7466, ""step"": 9, ""status"": 1, ""pres"": 978.0334, ""meas_profile"": ""HP-3"", ""meas_id"": 3, ""hum"": 33.27093, ""gas_res"": 6866.953}, {""temp"": 24.67698, ""step"": 9, ""status"": 1, ""pres"": 978.1853, ""meas_profile"": ""HP-2"", ""meas_id"": 2, ""hum"": 33.56752, ""gas_res"": 9060.022}, {""temp"": 24.46397, ""step"": 9, ""status"": 1, ""pres"": 978.2078, ""meas_profile"": ""HP-1"", ""meas_id"": 1, ""hum"": 32.77316, ""gas_res"": 6702.975}]}",NULL,"2025-10-29 12:39:26.617649"
15763,"04a600b9b0b8","2025-10-29 12:38:05","BTrQaSSE1dP4Ad9c9qfg","{""bme688"": [{""temp"": 24.81799, ""step"": 8, ""status"": 1, ""pres"": 978.2158, ""meas_profile"": ""HP-8"", ""meas_id"": 8, ""hum"": 33.44831, ""gas_res"": 5684.846}, {""temp"": 24.8102, ""step"": 8, ""status"": 1, ""pres"": 978.3591, ""meas_profile"": ""HP-7"", ""meas_id"": 7, ""hum"": 33.34604, ""gas_res"": 6385.951}, {""temp"": 24.90124, ""step"": 8, ""status"": 1, ""pres"": 978.5499, ""meas_profile"": ""HP-6"", ""meas_id"": 6, ""hum"": 33.15368, ""gas_res"": 8463.369}, {""temp"": 24.82067, ""step"": 8, ""status"": 1, ""pres"": 978.2858, ""meas_profile"": ""HP-5"", ""meas_id"": 5, ""hum"": 33.34902, ""gas_res"": 25000.0}, {""temp"": 24.59448, ""step"": 8, ""status"": 1, ""pres"": 978.3684, ""meas_profile"": ""HP-4"", ""meas_id"": 4, ""hum"": 32.84692, ""gas_res"": 21347.56}, {""temp"": 24.74629, ""step"": 8, ""status"": 1, ""pres"": 978.0311, ""meas_profile"": ""HP-3"", ""meas_id"": 3, ""hum"": 33.2709, ""gas_res"": 6420.546}, {""temp"": 24.67698, ""step"": 8, ""status"": 1, ""pres"": 978.1853, ""meas_profile"": ""HP-2"", ""meas_id"": 2, ""hum"": 33.56186, ""gas_res"": 9014.085}, {""temp"": 24.46428, ""step"": 8, ""status"": 1, ""pres"": 978.2083, ""meas_profile"": ""HP-1"", ""meas_id"": 1, ""hum"": 32.77319, ""gas_res"": 6924.908}]}",NULL,"2025-10-29 12:39:27.990448"
15764,"04a600b9b0b8","2025-10-29 12:38:05","BTrQaSSE1dP4Ad9c9qfg","{""bme688"": [{""temp"": 24.81737, ""step"": 7, ""status"": 1, ""pres"": 978.2131, ""meas_profile"": ""HP-8"", ""meas_id"": 8, ""hum"": 33.44826, ""gas_res"": 5684.846}, {""temp"": 24.80989, ""step"": 7, ""status"": 1, ""pres"": 978.3586, ""meas_profile"": ""HP-7"", ""meas_id"": 7, ""hum"": 33.34602, ""gas_res"": 6479.044}, {""temp"": 24.90124, ""step"": 7, ""status"": 1, ""pres"": 978.5499, ""meas_profile"": ""HP-6"", ""meas_id"": 6, ""hum"": 33.15368, ""gas_res"": 8627.662}, {""temp"": 24.82067, ""step"": 7, ""status"": 1, ""pres"": 978.2858, ""meas_profile"": ""HP-5"", ""meas_id"": 5, ""hum"": 33.37727, ""gas_res"": 25000.0}, {""temp"": 24.59448, ""step"": 7, ""status"": 1, ""pres"": 978.3684, ""meas_profile"": ""HP-4"", ""meas_id"": 4, ""hum"": 32.85264, ""gas_res"": 20585.4}, {""temp"": 24.74629, ""step"": 7, ""status"": 1, ""pres"": 978.0311, ""meas_profile"": ""HP-3"", ""meas_id"": 3, ""hum"": 33.28234, ""gas_res"": 6382.13}, {""temp"": 24.67698, ""step"": 7, ""status"": 1, ""pres"": 978.1853, ""meas_profile"": ""HP-2"", ""meas_id"": 2, ""hum"": 33.55055, ""gas_res"": 8938.548}, {""temp"": 24.46428, ""step"": 7, ""status"": 1, ""pres"": 978.2083, ""meas_profile"": ""HP-1"", ""meas_id"": 1, ""hum"": 32.76735, ""gas_res"": 7152.437}]}",NULL,"2025-10-29 12:39:29.176987"
15765,"04a600b9b0b8","2025-10-29 12:38:05","BTrQaSSE1dP4Ad9c9qfg","{""bme688"": [{""temp"": 24.81707, ""step"": 6, ""status"": 1, ""pres"": 978.2126, ""meas_profile"": ""HP-8"", ""meas_id"": 8, ""hum"": 33.44823, ""gas_res"": 16482.1}, {""temp"": 24.80989, ""step"": 6, ""status"": 1, ""pres"": 978.3603, ""meas_profile"": ""HP-7"", ""meas_id"": 7, ""hum"": 33.35165, ""gas_res"": 21262.46}, {""temp"": 24.90124, ""step"": 6, ""status"": 1, ""pres"": 978.5499, ""meas_profile"": ""HP-6"", ""meas_id"": 6, ""hum"": 33.15368, ""gas_res"": 39937.6}, {""temp"": 24.82035, ""step"": 6, ""status"": 1, ""pres"": 978.2853, ""meas_profile"": ""HP-5"", ""meas_id"": 5, ""hum"": 33.36029, ""gas_res"": 128096.1}, {""temp"": 24.59417, ""step"": 6, ""status"": 1, ""pres"": 978.368, ""meas_profile"": ""HP-4"", ""meas_id"": 4, ""hum"": 32.85833, ""gas_res"": 114824.0}, {""temp"": 24.74598, ""step"": 6, ""status"": 1, ""pres"": 978.0307, ""meas_profile"": ""HP-3"", ""meas_id"": 3, ""hum"": 33.26516, ""gas_res"": 77906.27}, {""temp"": 24.67698, ""step"": 6, ""status"": 1, ""pres"": 978.1836, ""meas_profile"": ""HP-2"", ""meas_id"": 2, ""hum"": 33.55055, ""gas_res"": 103790.8}, {""temp"": 24.46428, ""step"": 6, ""status"": 1, ""pres"": 978.2064, ""meas_profile"": ""HP-1"", ""meas_id"": 1, ""hum"": 32.77903, ""gas_res"": 100000.0}]}",NULL,"2025-10-29 12:39:30.476443"
15766,"04a600b9b0b8","2025-10-29 12:38:05","BTrQaSSE1dP4Ad9c9qfg","{""bme688"": [{""temp"": 24.81675, ""step"": 5, ""status"": 1, ""pres"": 978.212, ""meas_profile"": ""HP-8"", ""meas_id"": 8, ""hum"": 33.4482, ""gas_res"": 16343.21}, {""temp"": 24.80958, ""step"": 5, ""status"": 1, ""pres"": 978.3597, ""meas_profile"": ""HP-7"", ""meas_id"": 7, ""hum"": 33.34599, ""gas_res"": 21136.06}, {""temp"": 24.90124, ""step"": 5, ""status"": 1, ""pres"": 978.5517, ""meas_profile"": ""HP-6"", ""meas_id"": 6, ""hum"": 33.1594, ""gas_res"": 39530.57}, {""temp"": 24.82004, ""step"": 5, ""status"": 1, ""pres"": 978.2848, ""meas_profile"": ""HP-5"", ""meas_id"": 5, ""hum"": 33.36026, ""gas_res"": 126764.0}, {""temp"": 24.59417, ""step"": 5, ""status"": 1, ""pres"": 978.368, ""meas_profile"": ""HP-4"", ""meas_id"": 4, ""hum"": 32.86977, ""gas_res"": 113450.0}, {""temp"": 24.74629, ""step"": 5, ""status"": 1, ""pres"": 978.0311, ""meas_profile"": ""HP-3"", ""meas_id"": 3, ""hum"": 33.27662, ""gas_res"": 45567.82}, {""temp"": 24.67667, ""step"": 5, ""status"": 1, ""pres"": 978.183, ""meas_profile"": ""HP-2"", ""meas_id"": 2, ""hum"": 33.55051, ""gas_res"": 99669.07}, {""temp"": 24.46459, ""step"": 5, ""status"": 1, ""pres"": 978.2068, ""meas_profile"": ""HP-1"", ""meas_id"": 1, ""hum"": 32.76738, ""gas_res"": 100000.0}]}",NULL,"2025-10-29 12:39:31.736804"
15767,"04a600b9b0b8","2025-10-29 12:38:05","BTrQaSSE1dP4Ad9c9qfg","{""bme688"": [{""temp"": 24.81645, ""step"": 4, ""status"": 1, ""pres"": 978.2117, ""meas_profile"": ""HP-8"", ""meas_id"": 8, ""hum"": 33.47099, ""gas_res"": 16380.85}, {""temp"": 24.80927, ""step"": 4, ""status"": 1, ""pres"": 978.3593, ""meas_profile"": ""HP-7"", ""meas_id"": 7, ""hum"": 33.3516, ""gas_res"": 21368.95}, {""temp"": 24.90124, ""step"": 4, ""status"": 1, ""pres"": 978.5517, ""meas_profile"": ""HP-6"", ""meas_id"": 6, ""hum"": 33.14796, ""gas_res"": 40699.52}, {""temp"": 24.82004, ""step"": 4, ""status"": 1, ""pres"": 978.2848, ""meas_profile"": ""HP-5"", ""meas_id"": 5, ""hum"": 33.38852, ""gas_res"": 130346.2}, {""temp"": 24.59386, ""step"": 4, ""status"": 1, ""pres"": 978.3674, ""meas_profile"": ""HP-4"", ""meas_id"": 4, ""hum"": 32.89261, ""gas_res"": 114669.7}, {""temp"": 24.74629, ""step"": 4, ""status"": 1, ""pres"": 978.0294, ""meas_profile"": ""HP-3"", ""meas_id"": 3, ""hum"": 33.2995, ""gas_res"": 44290.66}, {""temp"": 24.67667, ""step"": 4, ""status"": 1, ""pres"": 978.183, ""meas_profile"": ""HP-2"", ""meas_id"": 2, ""hum"": 33.56183, ""gas_res"": 97282.92}, {""temp"": 24.46459, ""step"": 4, ""status"": 1, ""pres"": 978.2068, ""meas_profile"": ""HP-1"", ""meas_id"": 1, ""hum"": 32.78489, ""gas_res"": 91038.41}]}",NULL,"2025-10-29 12:39:33.124446"
15768,"04a600b9b0b8","2025-10-29 12:38:05","BTrQaSSE1dP4Ad9c9qfg","{""bme688"": [{""temp"": 24.81614, ""step"": 3, ""status"": 1, ""pres"": 978.2112, ""meas_profile"": ""HP-8"", ""meas_id"": 8, ""hum"": 33.45956, ""gas_res"": 13347.24}, {""temp"": 24.80896, ""step"": 3, ""status"": 1, ""pres"": 978.3588, ""meas_profile"": ""HP-7"", ""meas_id"": 7, ""hum"": 33.36849, ""gas_res"": 16456.67}, {""temp"": 24.90062, ""step"": 3, ""status"": 1, ""pres"": 978.5524, ""meas_profile"": ""HP-6"", ""meas_id"": 6, ""hum"": 33.18793, ""gas_res"": 35784.18}, {""temp"": 24.81941, ""step"": 3, ""status"": 1, ""pres"": 978.2855, ""meas_profile"": ""HP-5"", ""meas_id"": 5, ""hum"": 33.38846, ""gas_res"": 63007.63}, {""temp"": 24.59324, ""step"": 3, ""status"": 1, ""pres"": 978.3664, ""meas_profile"": ""HP-4"", ""meas_id"": 4, ""hum"": 32.89828, ""gas_res"": 72480.18}, {""temp"": 24.74567, ""step"": 3, ""status"": 1, ""pres"": 978.0284, ""meas_profile"": ""HP-3"", ""meas_id"": 3, ""hum"": 33.31089, ""gas_res"": 43301.76}, {""temp"": 24.67636, ""step"": 3, ""status"": 1, ""pres"": 978.1826, ""meas_profile"": ""HP-2"", ""meas_id"": 2, ""hum"": 33.59009, ""gas_res"": 72727.27}, {""temp"": 24.46428, ""step"": 3, ""status"": 1, ""pres"": 978.2046, ""meas_profile"": ""HP-1"", ""meas_id"": 1, ""hum"": 32.81404, ""gas_res"": 54202.84}]}",NULL,"2025-10-29 12:39:34.294984"
15769,"04a600b9b0b8","2025-10-29 12:38:05","BTrQaSSE1dP4Ad9c9qfg","{""bme688"": [{""temp"": 24.81614, ""step"": 2, ""status"": 1, ""pres"": 978.2112, ""meas_profile"": ""HP-8"", ""meas_id"": 8, ""hum"": 33.48238, ""gas_res"": 36994.22}, {""temp"": 24.80865, ""step"": 2, ""status"": 1, ""pres"": 978.3582, ""meas_profile"": ""HP-7"", ""meas_id"": 7, ""hum"": 33.38538, ""gas_res"": 54031.24}, {""temp"": 24.90031, ""step"": 2, ""status"": 1, ""pres"": 978.552, ""meas_profile"": ""HP-6"", ""meas_id"": 6, ""hum"": 33.18218, ""gas_res"": 173031.4}, {""temp"": 24.81941, ""step"": 2, ""status"": 1, ""pres"": 978.2855, ""meas_profile"": ""HP-5"", ""meas_id"": 5, ""hum"": 33.38846, ""gas_res"": 417703.4}, {""temp"": 24.59293, ""step"": 2, ""status"": 1, ""pres"": 978.3658, ""meas_profile"": ""HP-4"", ""meas_id"": 4, ""hum"": 32.91541, ""gas_res"": 400078.1}, {""temp"": 24.74567, ""step"": 2, ""status"": 1, ""pres"": 978.0284, ""meas_profile"": ""HP-3"", ""meas_id"": 3, ""hum"": 33.30516, ""gas_res"": 217225.3}, {""temp"": 24.67605, ""step"": 2, ""status"": 1, ""pres"": 978.182, ""meas_profile"": ""HP-2"", ""meas_id"": 2, ""hum"": 33.57309, ""gas_res"": 394757.1}, {""temp"": 24.46428, ""step"": 2, ""status"": 1, ""pres"": 978.2046, ""meas_profile"": ""HP-1"", ""meas_id"": 1, ""hum"": 32.81988, ""gas_res"": 285794.0}]}",NULL,"2025-10-29 12:39:35.575891"
15770,"04a600b9b0b8","2025-10-29 12:38:05","BTrQaSSE1dP4Ad9c9qfg","{""bme688"": [{""temp"": 24.81614, ""step"": 1, ""status"": 1, ""pres"": 978.2112, ""meas_profile"": ""HP-8"", ""meas_id"": 8, ""hum"": 33.47667, ""gas_res"": 9487.104}, {""temp"": 24.80865, ""step"": 1, ""status"": 1, ""pres"": 978.3582, ""meas_profile"": ""HP-7"", ""meas_id"": 7, ""hum"": 33.36846, ""gas_res"": 11428.57}, {""temp"": 24.90031, ""step"": 1, ""status"": 1, ""pres"": 978.552, ""meas_profile"": ""HP-6"", ""meas_id"": 6, ""hum"": 33.18218, ""gas_res"": 25000.0}, {""temp"": 24.81941, ""step"": 1, ""status"": 1, ""pres"": 978.2855, ""meas_profile"": ""HP-5"", ""meas_id"": 5, ""hum"": 33.39977, ""gas_res"": 37613.87}, {""temp"": 24.59324, ""step"": 1, ""status"": 1, ""pres"": 978.3664, ""meas_profile"": ""HP-4"", ""meas_id"": 4, ""hum"": 32.88112, ""gas_res"": 29997.66}, {""temp"": 24.74567, ""step"": 1, ""status"": 1, ""pres"": 978.0267, ""meas_profile"": ""HP-3"", ""meas_id"": 3, ""hum"": 33.29372, ""gas_res"": 25000.0}, {""temp"": 24.67636, ""step"": 1, ""status"": 1, ""pres"": 978.1808, ""meas_profile"": ""HP-2"", ""meas_id"": 2, ""hum"": 33.59575, ""gas_res"": 29892.57}, {""temp"": 24.46428, ""step"": 1, ""status"": 1, ""pres"": 978.2046, ""meas_profile"": ""HP-1"", ""meas_id"": 1, ""hum"": 32.86075, ""gas_res"": 25000.0}]}",NULL,"2025-10-29 12:39:36.861467"
15771,"04a600b9b0b8","2025-10-29 12:38:05","BTrQaSSE1dP4Ad9c9qfg","{""bme688"": [{""temp"": 24.81583, ""step"": 0, ""status"": 1, ""pres"": 978.2106, ""meas_profile"": ""HP-8"", ""meas_id"": 8, ""hum"": 33.48235, ""gas_res"": 5951.274}, {""temp"": 24.80865, ""step"": 0, ""status"": 1, ""pres"": 978.3582, ""meas_profile"": ""HP-7"", ""meas_id"": 7, ""hum"": 33.38538, ""gas_res"": 7119.021}, {""temp"": 24.90031, ""step"": 0, ""status"": 1, ""pres"": 978.552, ""meas_profile"": ""HP-6"", ""meas_id"": 6, ""hum"": 33.16503, ""gas_res"": 8991.29}, {""temp"": 24.81941, ""step"": 0, ""status"": 1, ""pres"": 978.2872, ""meas_profile"": ""HP-5"", ""meas_id"": 5, ""hum"": 33.39412, ""gas_res"": 25000.0}, {""temp"": 24.59324, ""step"": 0, ""status"": 1, ""pres"": 978.3664, ""meas_profile"": ""HP-4"", ""meas_id"": 4, ""hum"": 32.90972, ""gas_res"": 20233.96}, {""temp"": 24.74536, ""step"": 0, ""status"": 1, ""pres"": 978.0262, ""meas_profile"": ""HP-3"", ""meas_id"": 3, ""hum"": 33.29942, ""gas_res"": 6104.54}, {""temp"": 24.67636, ""step"": 0, ""status"": 1, ""pres"": 978.1808, ""meas_profile"": ""HP-2"", ""meas_id"": 2, ""hum"": 33.60141, ""gas_res"": 8429.926}, {""temp"": 24.46428, ""step"": 0, ""status"": 1, ""pres"": 978.2046, ""meas_profile"": ""HP-1"", ""meas_id"": 1, ""hum"": 32.84323, ""gas_res"": 6640.382}]}",NULL,"2025-10-29 12:39:38.231308"
15772,"04a600b9b0b8","2025-10-29 12:40:03","BTrQaSSE1dP4Ad9c9qfg","{""zphs01b"": {""voc"": 0, ""temp"": 22.7, ""pm2_5"": 0, ""pm1_0"": 0, ""pm10"": 311, ""o3"": 0.07, ""no2"": 10.0, ""hum"": 0, ""fmhd"": 0, ""co2"": 5000, ""co"": 0.0}, ""smell_b"": {}, ""sfa30"": {""temp"": 24.76, ""hum"": 36.04, ""fmhd"": 1.8}, ""sen5x"": {""voc"": 113.0, ""temp"": 24.785, ""pm4_0"": 4245.9, ""pm2_5"": 4245.9, ""pm1_0"": 4048.7, ""pm10"": 4245.9, ""nox"": 1.0, ""mass_c"": 4196.6, ""hum"": 41.18}, ""scd41"": {""temp"": 24.40452, ""hum"": 43.20287, ""co2"": 704}, ""power_source"": 0, ""mics6814"": {""red_res"": 0, ""no2_res"": 0, ""no2"": 0.17, ""nh3_res"": 0, ""nh3"": 0.73, ""co_res"": 0, ""co"": 44.0}}",NULL,"2025-10-29 12:40:41.444851"
15773,"04a600b9b0b8","2025-10-29 12:40:03","BTrQaSSE1dP4Ad9c9qfg","{""bme688"": [{""temp"": 24.82788, ""step"": 9, ""status"": 1, ""pres"": 978.233, ""meas_profile"": ""HP-8"", ""meas_id"": 8, ""hum"": 33.36939, ""gas_res"": 5684.846}, {""temp"": 24.82045, ""step"": 9, ""status"": 1, ""pres"": 978.3762, ""meas_profile"": ""HP-7"", ""meas_id"": 7, ""hum"": 33.26806, ""gas_res"": 6749.631}, {""temp"": 24.90618, ""step"": 9, ""status"": 1, ""pres"": 978.5475, ""meas_profile"": ""HP-6"", ""meas_id"": 6, ""hum"": 33.09127, ""gas_res"": 8953.554}, {""temp"": 24.82442, ""step"": 9, ""status"": 1, ""pres"": 978.2903, ""meas_profile"": ""HP-5"", ""meas_id"": 5, ""hum"": 33.29852, ""gas_res"": 25000.0}, {""temp"": 24.59821, ""step"": 9, ""status"": 1, ""pres"": 978.383, ""meas_profile"": ""HP-4"", ""meas_id"": 4, ""hum"": 32.81867, ""gas_res"": 25000.0}, {""temp"": 24.74907, ""step"": 9, ""status"": 1, ""pres"": 978.056, ""meas_profile"": ""HP-3"", ""meas_id"": 3, ""hum"": 33.23113, ""gas_res"": 7761.339}, {""temp"": 24.67978, ""step"": 9, ""status"": 1, ""pres"": 978.2053, ""meas_profile"": ""HP-2"", ""meas_id"": 2, ""hum"": 33.52253, ""gas_res"": 10194.33}, {""temp"": 24.46553, ""step"": 9, ""status"": 1, ""pres"": 978.2248, ""meas_profile"": ""HP-1"", ""meas_id"": 1, ""hum"": 32.80248, ""gas_res"": 7579.346}]}",NULL,"2025-10-29 12:40:42.773529"
15774,"04a600b9b0b8","2025-10-29 12:40:03","BTrQaSSE1dP4Ad9c9qfg","{""bme688"": [{""temp"": 24.82756, ""step"": 8, ""status"": 1, ""pres"": 978.2326, ""meas_profile"": ""HP-8"", ""meas_id"": 8, ""hum"": 33.36936, ""gas_res"": 5684.846}, {""temp"": 24.82014, ""step"": 8, ""status"": 1, ""pres"": 978.3757, ""meas_profile"": ""HP-7"", ""meas_id"": 7, ""hum"": 33.27367, ""gas_res"": 6801.275}, {""temp"": 24.90587, ""step"": 8, ""status"": 1, ""pres"": 978.5471, ""meas_profile"": ""HP-6"", ""meas_id"": 6, ""hum"": 33.09696, ""gas_res"": 9232.545}, {""temp"": 24.82442, ""step"": 8, ""status"": 1, ""pres"": 978.2903, ""meas_profile"": ""HP-5"", ""meas_id"": 5, ""hum"": 33.30981, ""gas_res"": 25000.0}, {""temp"": 24.59821, ""step"": 8, ""status"": 1, ""pres"": 978.383, ""meas_profile"": ""HP-4"", ""meas_id"": 4, ""hum"": 32.82439, ""gas_res"": 25000.0}, {""temp"": 24.74907, ""step"": 8, ""status"": 1, ""pres"": 978.056, ""meas_profile"": ""HP-3"", ""meas_id"": 3, ""hum"": 33.24829, ""gas_res"": 7436.672}, {""temp"": 24.67978, ""step"": 8, ""status"": 1, ""pres"": 978.2053, ""meas_profile"": ""HP-2"", ""meas_id"": 2, ""hum"": 33.52253, ""gas_res"": 10282.78}, {""temp"": 24.46553, ""step"": 8, ""status"": 1, ""pres"": 978.2248, ""meas_profile"": ""HP-1"", ""meas_id"": 1, ""hum"": 32.81416, ""gas_res"": 7958.219}]}",NULL,"2025-10-29 12:40:44.242139"
15775,"04a600b9b0b8","2025-10-29 12:40:03","BTrQaSSE1dP4Ad9c9qfg","{""bme688"": [{""temp"": 24.82695, ""step"": 7, ""status"": 1, ""pres"": 978.2316, ""meas_profile"": ""HP-8"", ""meas_id"": 8, ""hum"": 33.37501, ""gas_res"": 5684.846}, {""temp"": 24.81983, ""step"": 7, ""status"": 1, ""pres"": 978.3752, ""meas_profile"": ""HP-7"", ""meas_id"": 7, ""hum"": 33.27928, ""gas_res"": 6719.866}, {""temp"": 24.90556, ""step"": 7, ""status"": 1, ""pres"": 978.5466, ""meas_profile"": ""HP-6"", ""meas_id"": 6, ""hum"": 33.10836, ""gas_res"": 9470.258}, {""temp"": 24.82442, ""step"": 7, ""status"": 1, ""pres"": 978.2903, ""meas_profile"": ""HP-5"", ""meas_id"": 5, ""hum"": 33.30416, ""gas_res"": 25000.0}, {""temp"": 24.59821, ""step"": 7, ""status"": 1, ""pres"": 978.3813, ""meas_profile"": ""HP-4"", ""meas_id"": 4, ""hum"": 32.81867, ""gas_res"": 25000.0}, {""temp"": 24.74907, ""step"": 7, ""status"": 1, ""pres"": 978.0543, ""meas_profile"": ""HP-3"", ""meas_id"": 3, ""hum"": 33.23113, ""gas_res"": 7426.317}, {""temp"": 24.67978, ""step"": 7, ""status"": 1, ""pres"": 978.2053, ""meas_profile"": ""HP-2"", ""meas_id"": 2, ""hum"": 33.52253, ""gas_res"": 10454.1}, {""temp"": 24.46553, ""step"": 7, ""status"": 1, ""pres"": 978.2248, ""meas_profile"": ""HP-1"", ""meas_id"": 1, ""hum"": 32.81416, ""gas_res"": 8184.143}]}",NULL,"2025-10-29 12:40:45.336272"
15776,"04a600b9b0b8","2025-10-29 12:40:03","BTrQaSSE1dP4Ad9c9qfg","{""bme688"": [{""temp"": 24.82664, ""step"": 6, ""status"": 1, ""pres"": 978.2312, ""meas_profile"": ""HP-8"", ""meas_id"": 8, ""hum"": 33.37498, ""gas_res"": 16740.78}, {""temp"": 24.8192, ""step"": 6, ""status"": 1, ""pres"": 978.3741, ""meas_profile"": ""HP-7"", ""meas_id"": 7, ""hum"": 33.27922, ""gas_res"": 22448.26}, {""temp"": 24.90556, ""step"": 6, ""status"": 1, ""pres"": 978.5483, ""meas_profile"": ""HP-6"", ""meas_id"": 6, ""hum"": 33.11407, ""gas_res"": 45519.2}, {""temp"": 24.82411, ""step"": 6, ""status"": 1, ""pres"": 978.2899, ""meas_profile"": ""HP-5"", ""meas_id"": 5, ""hum"": 33.32108, ""gas_res"": 151121.6}, {""temp"": 24.5979, ""step"": 6, ""status"": 1, ""pres"": 978.3809, ""meas_profile"": ""HP-4"", ""meas_id"": 4, ""hum"": 32.82436, ""gas_res"": 136935.0}, {""temp"": 24.74907, ""step"": 6, ""status"": 1, ""pres"": 978.0543, ""meas_profile"": ""HP-3"", ""meas_id"": 3, ""hum"": 33.24829, ""gas_res"": 100000.0}, {""temp"": 24.67947, ""step"": 6, ""status"": 1, ""pres"": 978.2029, ""meas_profile"": ""HP-2"", ""meas_id"": 2, ""hum"": 33.52815, ""gas_res"": 128772.6}, {""temp"": 24.46522, ""step"": 6, ""status"": 1, ""pres"": 978.2224, ""meas_profile"": ""HP-1"", ""meas_id"": 1, ""hum"": 32.80245, ""gas_res"": 99494.75}]}",NULL,"2025-10-29 12:40:46.616804"
15777,"04a600b9b0b8","2025-10-29 12:40:03","BTrQaSSE1dP4Ad9c9qfg","{""bme688"": [{""temp"": 24.82602, ""step"": 5, ""status"": 1, ""pres"": 978.2302, ""meas_profile"": ""HP-8"", ""meas_id"": 8, ""hum"": 33.37492, ""gas_res"": 16597.51}, {""temp"": 24.8189, ""step"": 5, ""status"": 1, ""pres"": 978.3737, ""meas_profile"": ""HP-7"", ""meas_id"": 7, ""hum"": 33.26228, ""gas_res"": 22284.12}, {""temp"": 24.90556, ""step"": 5, ""status"": 1, ""pres"": 978.5483, ""meas_profile"": ""HP-6"", ""meas_id"": 6, ""hum"": 33.08551, ""gas_res"": 45470.69}, {""temp"": 24.82411, ""step"": 5, ""status"": 1, ""pres"": 978.2899, ""meas_profile"": ""HP-5"", ""meas_id"": 5, ""hum"": 33.31543, ""gas_res"": 151389.7}, {""temp"": 24.5979, ""step"": 5, ""status"": 1, ""pres"": 978.3809, ""meas_profile"": ""HP-4"", ""meas_id"": 4, ""hum"": 32.82436, ""gas_res"": 137597.4}, {""temp"": 24.74907, ""step"": 5, ""status"": 1, ""pres"": 978.0543, ""meas_profile"": ""HP-3"", ""meas_id"": 3, ""hum"": 33.23685, ""gas_res"": 100000.0}, {""temp"": 24.67916, ""step"": 5, ""status"": 1, ""pres"": 978.2024, ""meas_profile"": ""HP-2"", ""meas_id"": 2, ""hum"": 33.51681, ""gas_res"": 127712.6}, {""temp"": 24.4649, ""step"": 5, ""status"": 1, ""pres"": 978.2219, ""meas_profile"": ""HP-1"", ""meas_id"": 1, ""hum"": 32.81993, ""gas_res"": 97006.45}]}",NULL,"2025-10-29 12:40:47.894839"
15778,"04a600b9b0b8","2025-10-29 12:40:03","BTrQaSSE1dP4Ad9c9qfg","{""bme688"": [{""temp"": 24.82602, ""step"": 4, ""status"": 1, ""pres"": 978.2302, ""meas_profile"": ""HP-8"", ""meas_id"": 8, ""hum"": 33.38063, ""gas_res"": 16494.85}, {""temp"": 24.81827, ""step"": 4, ""status"": 1, ""pres"": 978.3709, ""meas_profile"": ""HP-7"", ""meas_id"": 7, ""hum"": 33.29041, ""gas_res"": 22307.42}, {""temp"": 24.90525, ""step"": 4, ""status"": 1, ""pres"": 978.5479, ""meas_profile"": ""HP-6"", ""meas_id"": 6, ""hum"": 33.12547, ""gas_res"": 46159.39}, {""temp"": 24.82411, ""step"": 4, ""status"": 1, ""pres"": 978.2899, ""meas_profile"": ""HP-5"", ""meas_id"": 5, ""hum"": 33.32673, ""gas_res"": 154542.7}, {""temp"": 24.59758, ""step"": 4, ""status"": 1, ""pres"": 978.3803, ""meas_profile"": ""HP-4"", ""meas_id"": 4, ""hum"": 32.83005, ""gas_res"": 140775.4}, {""temp"": 24.74907, ""step"": 4, ""status"": 1, ""pres"": 978.0526, ""meas_profile"": ""HP-3"", ""meas_id"": 3, ""hum"": 33.23685, ""gas_res"": 93533.06}, {""temp"": 24.67884, ""step"": 4, ""status"": 1, ""pres"": 978.202, ""meas_profile"": ""HP-2"", ""meas_id"": 2, ""hum"": 33.51678, ""gas_res"": 127426.6}, {""temp"": 24.46459, ""step"": 4, ""status"": 1, ""pres"": 978.2214, ""meas_profile"": ""HP-1"", ""meas_id"": 1, ""hum"": 32.81407, ""gas_res"": 96512.73}]}",NULL,"2025-10-29 12:40:49.359992"
15779,"04a600b9b0b8","2025-10-29 12:40:03","BTrQaSSE1dP4Ad9c9qfg","{""bme688"": [{""temp"": 24.8254, ""step"": 3, ""status"": 0, ""pres"": 978.2293, ""meas_profile"": ""HP-8"", ""meas_id"": 8, ""hum"": 33.39767, ""gas_res"": 8662.696}, {""temp"": 24.81796, ""step"": 3, ""status"": 0, ""pres"": 978.3721, ""meas_profile"": ""HP-7"", ""meas_id"": 7, ""hum"": 33.29601, ""gas_res"": 10970.17}, {""temp"": 24.90494, ""step"": 3, ""status"": 0, ""pres"": 978.5472, ""meas_profile"": ""HP-6"", ""meas_id"": 6, ""hum"": 33.11974, ""gas_res"": 25078.37}, {""temp"": 24.82348, ""step"": 3, ""status"": 0, ""pres"": 978.2888, ""meas_profile"": ""HP-5"", ""meas_id"": 5, ""hum"": 33.33233, ""gas_res"": 51581.7}, {""temp"": 24.59727, ""step"": 3, ""status"": 0, ""pres"": 978.3799, ""meas_profile"": ""HP-4"", ""meas_id"": 4, ""hum"": 32.83574, ""gas_res"": 44244.73}, {""temp"": 24.74876, ""step"": 3, ""status"": 0, ""pres"": 978.0521, ""meas_profile"": ""HP-3"", ""meas_id"": 3, ""hum"": 33.24825, ""gas_res"": 31090.6}, {""temp"": 24.67853, ""step"": 3, ""status"": 0, ""pres"": 978.2015, ""meas_profile"": ""HP-2"", ""meas_id"": 2, ""hum"": 33.52806, ""gas_res"": 51271.78}, {""temp"": 24.46428, ""step"": 3, ""status"": 0, ""pres"": 978.2227, ""meas_profile"": ""HP-1"", ""meas_id"": 1, ""hum"": 32.83155, ""gas_res"": 32862.64}]}",NULL,"2025-10-29 12:40:50.465942"
15780,"04a600b9b0b8","2025-10-29 12:40:03","BTrQaSSE1dP4Ad9c9qfg","{""bme688"": [{""temp"": 24.82509, ""step"": 2, ""status"": 1, ""pres"": 978.2288, ""meas_profile"": ""HP-8"", ""meas_id"": 8, ""hum"": 33.40335, ""gas_res"": 29788.22}, {""temp"": 24.81734, ""step"": 2, ""status"": 1, ""pres"": 978.3711, ""meas_profile"": ""HP-7"", ""meas_id"": 7, ""hum"": 33.3016, ""gas_res"": 42188.53}, {""temp"": 24.90432, ""step"": 2, ""status"": 1, ""pres"": 978.548, ""meas_profile"": ""HP-6"", ""meas_id"": 6, ""hum"": 33.11968, ""gas_res"": 145952.1}, {""temp"": 24.82317, ""step"": 2, ""status"": 1, ""pres"": 978.2883, ""meas_profile"": ""HP-5"", ""meas_id"": 5, ""hum"": 33.34925, ""gas_res"": 357292.4}, {""temp"": 24.59696, ""step"": 2, ""status"": 1, ""pres"": 978.3793, ""meas_profile"": ""HP-4"", ""meas_id"": 4, ""hum"": 32.85287, ""gas_res"": 366106.5}, {""temp"": 24.74845, ""step"": 2, ""status"": 1, ""pres"": 978.0516, ""meas_profile"": ""HP-3"", ""meas_id"": 3, ""hum"": 33.25966, ""gas_res"": 204841.0}, {""temp"": 24.67822, ""step"": 2, ""status"": 1, ""pres"": 978.1992, ""meas_profile"": ""HP-2"", ""meas_id"": 2, ""hum"": 33.52803, ""gas_res"": 376678.3}, {""temp"": 24.46397, ""step"": 2, ""status"": 1, ""pres"": 978.2205, ""meas_profile"": ""HP-1"", ""meas_id"": 1, ""hum"": 32.82569, ""gas_res"": 272340.4}]}",NULL,"2025-10-29 12:40:51.735941"
15781,"04a600b9b0b8","2025-10-29 12:40:03","BTrQaSSE1dP4Ad9c9qfg","{""bme688"": [{""temp"": 24.82509, ""step"": 1, ""status"": 1, ""pres"": 978.2288, ""meas_profile"": ""HP-8"", ""meas_id"": 8, ""hum"": 33.39194, ""gas_res"": 9512.485}, {""temp"": 24.81703, ""step"": 1, ""status"": 1, ""pres"": 978.3705, ""meas_profile"": ""HP-7"", ""meas_id"": 7, ""hum"": 33.31284, ""gas_res"": 15751.91}, {""temp"": 24.90432, ""step"": 1, ""status"": 1, ""pres"": 978.548, ""meas_profile"": ""HP-6"", ""meas_id"": 6, ""hum"": 33.11968, ""gas_res"": 25000.0}, {""temp"": 24.82317, ""step"": 1, ""status"": 1, ""pres"": 978.2883, ""meas_profile"": ""HP-5"", ""meas_id"": 5, ""hum"": 33.32664, ""gas_res"": 45181.79}, {""temp"": 24.59696, ""step"": 1, ""status"": 1, ""pres"": 978.3793, ""meas_profile"": ""HP-4"", ""meas_id"": 4, ""hum"": 32.84143, ""gas_res"": 36363.64}, {""temp"": 24.74845, ""step"": 1, ""status"": 1, ""pres"": 978.0499, ""meas_profile"": ""HP-3"", ""meas_id"": 3, ""hum"": 33.25966, ""gas_res"": 24672.32}, {""temp"": 24.67822, ""step"": 1, ""status"": 1, ""pres"": 978.1992, ""meas_profile"": ""HP-2"", ""meas_id"": 2, ""hum"": 33.55066, ""gas_res"": 38392.32}, {""temp"": 24.46397, ""step"": 1, ""status"": 1, ""pres"": 978.2205, ""meas_profile"": ""HP-1"", ""meas_id"": 1, ""hum"": 32.81985, ""gas_res"": 27032.73}]}",NULL,"2025-10-29 12:40:53.016268"
15782,"04a600b9b0b8","2025-10-29 12:40:03","BTrQaSSE1dP4Ad9c9qfg","{""bme688"": [{""temp"": 24.82479, ""step"": 0, ""status"": 1, ""pres"": 978.2283, ""meas_profile"": ""HP-8"", ""meas_id"": 8, ""hum"": 33.40332, ""gas_res"": 5736.823}, {""temp"": 24.81672, ""step"": 0, ""status"": 1, ""pres"": 978.37, ""meas_profile"": ""HP-7"", ""meas_id"": 7, ""hum"": 33.30154, ""gas_res"": 7076.515}, {""temp"": 24.90432, ""step"": 0, ""status"": 1, ""pres"": 978.548, ""meas_profile"": ""HP-6"", ""meas_id"": 6, ""hum"": 33.13683, ""gas_res"": 9572.24}, {""temp"": 24.82285, ""step"": 0, ""status"": 1, ""pres"": 978.2877, ""meas_profile"": ""HP-5"", ""meas_id"": 5, ""hum"": 33.33227, ""gas_res"": 25000.0}, {""temp"": 24.59696, ""step"": 0, ""status"": 1, ""pres"": 978.3793, ""meas_profile"": ""HP-4"", ""meas_id"": 4, ""hum"": 32.8643, ""gas_res"": 25000.0}, {""temp"": 24.74845, ""step"": 0, ""status"": 1, ""pres"": 978.0499, ""meas_profile"": ""HP-3"", ""meas_id"": 3, ""hum"": 33.26538, ""gas_res"": 7157.235}, {""temp"": 24.67853, ""step"": 0, ""status"": 1, ""pres"": 978.1998, ""meas_profile"": ""HP-2"", ""meas_id"": 2, ""hum"": 33.53938, ""gas_res"": 9882.644}, {""temp"": 24.46428, ""step"": 0, ""status"": 1, ""pres"": 978.2191, ""meas_profile"": ""HP-1"", ""meas_id"": 1, ""hum"": 32.83155, ""gas_res"": 7688.611}]}",NULL,"2025-10-29 12:40:54.484017"
15783,"04a600b9b0b8","2025-10-29 12:39:36","BTrQaSSE1dP4Ad9c9qfg","{""zphs01b"": {""voc"": 0, ""temp"": 22.7, ""pm2_5"": 0, ""pm1_0"": 0, ""pm10"": 299, ""o3"": 0.03, ""no2"": 8.47, ""hum"": 0, ""fmhd"": 0, ""co2"": 5000, ""co"": 0.0}, ""smell_b"": {}, ""sfa30"": {""temp"": 24.74, ""hum"": 36.06, ""fmhd"": 1.6}, ""sen5x"": {""voc"": 120.0, ""temp"": 24.83, ""pm4_0"": 4454.4, ""pm2_5"": 4454.4, ""pm1_0"": 4247.5, ""pm10"": 4454.4, ""nox"": 1.0, ""mass_c"": 4402.675, ""hum"": 41.04}, ""scd41"": {""temp"": 24.37247, ""hum"": 43.20592, ""co2"": 702}, ""power_source"": 0, ""mics6814"": {""red_res"": 0, ""no2_res"": 0, ""no2"": 0.17, ""nh3_res"": 0, ""nh3"": 0.73, ""co_res"": 0, ""co"": 44.0}}",NULL,"2025-10-29 12:40:55.473662"
15784,"04a600b9b0b8","2025-10-29 12:39:36","BTrQaSSE1dP4Ad9c9qfg","{""bme688"": [{""temp"": 24.82417, ""step"": 9, ""status"": 1, ""pres"": 978.2254, ""meas_profile"": ""HP-8"", ""meas_id"": 8, ""hum"": 33.40326, ""gas_res"": 5684.846}, {""temp"": 24.81641, ""step"": 9, ""status"": 1, ""pres"": 978.3696, ""meas_profile"": ""HP-7"", ""meas_id"": 7, ""hum"": 33.31843, ""gas_res"": 6506.71}, {""temp"": 24.90401, ""step"": 9, ""status"": 1, ""pres"": 978.5475, ""meas_profile"": ""HP-6"", ""meas_id"": 6, ""hum"": 33.13679, ""gas_res"": 8396.746}, {""temp"": 24.82285, ""step"": 9, ""status"": 1, ""pres"": 978.2877, ""meas_profile"": ""HP-5"", ""meas_id"": 5, ""hum"": 33.33792, ""gas_res"": 25000.0}, {""temp"": 24.59665, ""step"": 9, ""status"": 1, ""pres"": 978.3787, ""meas_profile"": ""HP-4"", ""meas_id"": 4, ""hum"": 32.83569, ""gas_res"": 22168.34}, {""temp"": 24.74814, ""step"": 9, ""status"": 1, ""pres"": 978.0494, ""meas_profile"": ""HP-3"", ""meas_id"": 3, ""hum"": 33.25963, ""gas_res"": 7071.823}, {""temp"": 24.67853, ""step"": 9, ""status"": 1, ""pres"": 978.1981, ""meas_profile"": ""HP-2"", ""meas_id"": 2, ""hum"": 33.50544, ""gas_res"": 9280.742}, {""temp"": 24.46397, ""step"": 9, ""status"": 1, ""pres"": 978.2187, ""meas_profile"": ""HP-1"", ""meas_id"": 1, ""hum"": 32.81985, ""gas_res"": 6920.415}]}",NULL,"2025-10-29 12:40:56.859403"
15785,"04a600b9b0b8","2025-10-29 12:39:36","BTrQaSSE1dP4Ad9c9qfg","{""bme688"": [{""temp"": 24.82355, ""step"": 8, ""status"": 1, ""pres"": 978.2245, ""meas_profile"": ""HP-8"", ""meas_id"": 8, ""hum"": 33.3861, ""gas_res"": 5684.846}, {""temp"": 24.81579, ""step"": 8, ""status"": 1, ""pres"": 978.3686, ""meas_profile"": ""HP-7"", ""meas_id"": 7, ""hum"": 33.31273, ""gas_res"": 6611.57}, {""temp"": 24.90371, ""step"": 8, ""status"": 1, ""pres"": 978.5471, ""meas_profile"": ""HP-6"", ""meas_id"": 6, ""hum"": 33.11962, ""gas_res"": 8805.724}, {""temp"": 24.82285, ""step"": 8, ""status"": 1, ""pres"": 978.2877, ""meas_profile"": ""HP-5"", ""meas_id"": 5, ""hum"": 33.32662, ""gas_res"": 25000.0}, {""temp"": 24.59665, ""step"": 8, ""status"": 1, ""pres"": 978.3787, ""meas_profile"": ""HP-4"", ""meas_id"": 4, ""hum"": 32.82425, ""gas_res"": 22191.4}, {""temp"": 24.74814, ""step"": 8, ""status"": 1, ""pres"": 978.0478, ""meas_profile"": ""HP-3"", ""meas_id"": 3, ""hum"": 33.25391, ""gas_res"": 6779.661}, {""temp"": 24.67853, ""step"": 8, ""status"": 1, ""pres"": 978.1981, ""meas_profile"": ""HP-2"", ""meas_id"": 2, ""hum"": 33.53372, ""gas_res"": 9487.104}, {""temp"": 24.46428, ""step"": 8, ""status"": 1, ""pres"": 978.2191, ""meas_profile"": ""HP-1"", ""meas_id"": 1, ""hum"": 32.81988, ""gas_res"": 7254.591}]}",NULL,"2025-10-29 12:40:58.141179"
15786,"04a600b9b0b8","2025-10-29 12:39:36","BTrQaSSE1dP4Ad9c9qfg","{""bme688"": [{""temp"": 24.82324, ""step"": 7, ""status"": 1, ""pres"": 978.224, ""meas_profile"": ""HP-8"", ""meas_id"": 8, ""hum"": 33.39177, ""gas_res"": 5684.846}, {""temp"": 24.81548, ""step"": 7, ""status"": 1, ""pres"": 978.3696, ""meas_profile"": ""HP-7"", ""meas_id"": 7, ""hum"": 33.32398, ""gas_res"": 6591.143}, {""temp"": 24.90371, ""step"": 7, ""status"": 1, ""pres"": 978.5486, ""meas_profile"": ""HP-6"", ""meas_id"": 6, ""hum"": 33.11962, ""gas_res"": 8864.266}, {""temp"": 24.82285, ""step"": 7, ""status"": 1, ""pres"": 978.2894, ""meas_profile"": ""HP-5"", ""meas_id"": 5, ""hum"": 33.33792, ""gas_res"": 25000.0}, {""temp"": 24.59665, ""step"": 7, ""status"": 1, ""pres"": 978.3787, ""meas_profile"": ""HP-4"", ""meas_id"": 4, ""hum"": 32.81853, ""gas_res"": 21304.93}, {""temp"": 24.74783, ""step"": 7, ""status"": 1, ""pres"": 978.0472, ""meas_profile"": ""HP-3"", ""meas_id"": 3, ""hum"": 33.25389, ""gas_res"": 6591.143}, {""temp"": 24.67853, ""step"": 7, ""status"": 1, ""pres"": 978.1981, ""meas_profile"": ""HP-2"", ""meas_id"": 2, ""hum"": 33.562, ""gas_res"": 9153.318}, {""temp"": 24.46428, ""step"": 7, ""status"": 1, ""pres"": 978.2191, ""meas_profile"": ""HP-1"", ""meas_id"": 1, ""hum"": 32.83155, ""gas_res"": 7304.269}]}",NULL,"2025-10-29 12:40:59.604102"
15787,"04a600b9b0b8","2025-10-29 12:39:36","BTrQaSSE1dP4Ad9c9qfg","{""bme688"": [{""temp"": 24.82293, ""step"": 6, ""status"": 1, ""pres"": 978.2236, ""meas_profile"": ""HP-8"", ""meas_id"": 8, ""hum"": 33.40314, ""gas_res"": 16806.72}, {""temp"": 24.81517, ""step"": 6, ""status"": 1, ""pres"": 978.369, ""meas_profile"": ""HP-7"", ""meas_id"": 7, ""hum"": 33.31267, ""gas_res"": 21672.88}, {""temp"": 24.90371, ""step"": 6, ""status"": 1, ""pres"": 978.5486, ""meas_profile"": ""HP-6"", ""meas_id"": 6, ""hum"": 33.10247, ""gas_res"": 40163.16}, {""temp"": 24.82254, ""step"": 6, ""status"": 1, ""pres"": 978.289, ""meas_profile"": ""HP-5"", ""meas_id"": 5, ""hum"": 33.33789, ""gas_res"": 128675.5}, {""temp"": 24.59634, ""step"": 6, ""status"": 1, ""pres"": 978.3767, ""meas_profile"": ""HP-4"", ""meas_id"": 4, ""hum"": 32.84138, ""gas_res"": 113224.2}, {""temp"": 24.74752, ""step"": 6, ""status"": 1, ""pres"": 978.0468, ""meas_profile"": ""HP-3"", ""meas_id"": 3, ""hum"": 33.25958, ""gas_res"": 78624.08}, {""temp"": 24.67822, ""step"": 6, ""status"": 1, ""pres"": 978.1958, ""meas_profile"": ""HP-2"", ""meas_id"": 2, ""hum"": 33.545, ""gas_res"": 103980.5}, {""temp"": 24.46428, ""step"": 6, ""status"": 1, ""pres"": 978.2191, ""meas_profile"": ""HP-1"", ""meas_id"": 1, ""hum"": 32.83155, ""gas_res"": 100000.0}]}",NULL,"2025-10-29 12:41:00.697884"
15788,"04a600b9b0b8","2025-10-29 12:39:36","BTrQaSSE1dP4Ad9c9qfg","{""bme688"": [{""temp"": 24.82262, ""step"": 5, ""status"": 1, ""pres"": 978.2231, ""meas_profile"": ""HP-8"", ""meas_id"": 8, ""hum"": 33.40312, ""gas_res"": 16740.78}, {""temp"": 24.81486, ""step"": 5, ""status"": 1, ""pres"": 978.3669, ""meas_profile"": ""HP-7"", ""meas_id"": 7, ""hum"": 33.31828, ""gas_res"": 21694.92}, {""temp"": 24.9034, ""step"": 5, ""status"": 1, ""pres"": 978.5481, ""meas_profile"": ""HP-6"", ""meas_id"": 6, ""hum"": 33.11388, ""gas_res"": 40276.9}, {""temp"": 24.82223, ""step"": 5, ""status"": 1, ""pres"": 978.2883, ""meas_profile"": ""HP-5"", ""meas_id"": 5, ""hum"": 33.32092, ""gas_res"": 129850.4}, {""temp"": 24.59603, ""step"": 5, ""status"": 1, ""pres"": 978.3762, ""meas_profile"": ""HP-4"", ""meas_id"": 4, ""hum"": 32.83562, ""gas_res"": 113752.5}, {""temp"": 24.74722, ""step"": 5, ""status"": 1, ""pres"": 978.0444, ""meas_profile"": ""HP-3"", ""meas_id"": 3, ""hum"": 33.26527, ""gas_res"": 76577.92}, {""temp"": 24.67791, ""step"": 5, ""status"": 1, ""pres"": 978.1953, ""meas_profile"": ""HP-2"", ""meas_id"": 2, ""hum"": 33.55063, ""gas_res"": 102053.0}, {""temp"": 24.46428, ""step"": 5, ""status"": 1, ""pres"": 978.2191, ""meas_profile"": ""HP-1"", ""meas_id"": 1, ""hum"": 32.82571, ""gas_res"": 100000.0}]}",NULL,"2025-10-29 12:41:01.974921"
15789,"04a600b9b0b8","2025-10-29 12:39:36","BTrQaSSE1dP4Ad9c9qfg","{""bme688"": [{""temp"": 24.82232, ""step"": 4, ""status"": 1, ""pres"": 978.2226, ""meas_profile"": ""HP-8"", ""meas_id"": 8, ""hum"": 33.40879, ""gas_res"": 16833.25}, {""temp"": 24.81455, ""step"": 4, ""status"": 1, ""pres"": 978.3663, ""meas_profile"": ""HP-7"", ""meas_id"": 7, ""hum"": 33.32953, ""gas_res"": 21962.94}, {""temp"": 24.9034, ""step"": 4, ""status"": 1, ""pres"": 978.5481, ""meas_profile"": ""HP-6"", ""meas_id"": 6, ""hum"": 33.11388, ""gas_res"": 40973.11}, {""temp"": 24.82192, ""step"": 4, ""status"": 1, ""pres"": 978.2879, ""meas_profile"": ""HP-5"", ""meas_id"": 5, ""hum"": 33.33783, ""gas_res"": 131653.4}, {""temp"": 24.59572, ""step"": 4, ""status"": 1, ""pres"": 978.3756, ""meas_profile"": ""HP-4"", ""meas_id"": 4, ""hum"": 32.85275, ""gas_res"": 114439.0}, {""temp"": 24.74722, ""step"": 4, ""status"": 1, ""pres"": 978.0444, ""meas_profile"": ""HP-3"", ""meas_id"": 3, ""hum"": 33.25955, ""gas_res"": 46109.51}, {""temp"": 24.6776, ""step"": 4, ""status"": 1, ""pres"": 978.1948, ""meas_profile"": ""HP-2"", ""meas_id"": 2, ""hum"": 33.54494, ""gas_res"": 100136.9}, {""temp"": 24.46428, ""step"": 4, ""status"": 1, ""pres"": 978.2191, ""meas_profile"": ""HP-1"", ""meas_id"": 1, ""hum"": 32.83739, ""gas_res"": 93124.77}]}",NULL,"2025-10-29 12:41:03.260394"
15790,"04a600b9b0b8","2025-10-29 12:39:36","BTrQaSSE1dP4Ad9c9qfg","{""bme688"": [{""temp"": 24.8217, ""step"": 3, ""status"": 0, ""pres"": 978.2216, ""meas_profile"": ""HP-8"", ""meas_id"": 8, ""hum"": 33.43155, ""gas_res"": 9161.18}, {""temp"": 24.81392, ""step"": 3, ""status"": 0, ""pres"": 978.3652, ""meas_profile"": ""HP-7"", ""meas_id"": 7, ""hum"": 33.34075, ""gas_res"": 11235.96}, {""temp"": 24.90278, ""step"": 3, ""status"": 0, ""pres"": 978.549, ""meas_profile"": ""HP-6"", ""meas_id"": 6, ""hum"": 33.12525, ""gas_res"": 23555.39}, {""temp"": 24.82129, ""step"": 3, ""status"": 0, ""pres"": 978.2869, ""meas_profile"": ""HP-5"", ""meas_id"": 5, ""hum"": 33.35473, ""gas_res"": 45373.98}, {""temp"": 24.5951, ""step"": 3, ""status"": 0, ""pres"": 978.3745, ""meas_profile"": ""HP-4"", ""meas_id"": 4, ""hum"": 32.86985, ""gas_res"": 37847.43}, {""temp"": 24.74691, ""step"": 3, ""status"": 0, ""pres"": 978.0439, ""meas_profile"": ""HP-3"", ""meas_id"": 3, ""hum"": 33.27668, ""gas_res"": 27118.64}, {""temp"": 24.67729, ""step"": 3, ""status"": 0, ""pres"": 978.1926, ""meas_profile"": ""HP-2"", ""meas_id"": 2, ""hum"": 33.56755, ""gas_res"": 42695.13}, {""temp"": 24.46397, ""step"": 3, ""status"": 0, ""pres"": 978.2187, ""meas_profile"": ""HP-1"", ""meas_id"": 1, ""hum"": 32.84321, ""gas_res"": 28045.57}]}",NULL,"2025-10-29 12:41:04.724468"
15791,"04a600b9b0b8","2025-10-29 12:39:36","BTrQaSSE1dP4Ad9c9qfg","{""bme688"": [{""temp"": 24.8217, ""step"": 2, ""status"": 1, ""pres"": 978.2216, ""meas_profile"": ""HP-8"", ""meas_id"": 8, ""hum"": 33.42585, ""gas_res"": 34069.74}, {""temp"": 24.81362, ""step"": 2, ""status"": 1, ""pres"": 978.3647, ""meas_profile"": ""HP-7"", ""meas_id"": 7, ""hum"": 33.33508, ""gas_res"": 46109.51}, {""temp"": 24.90247, ""step"": 2, ""status"": 1, ""pres"": 978.5485, ""meas_profile"": ""HP-6"", ""meas_id"": 6, ""hum"": 33.1538, ""gas_res"": 144103.6}, {""temp"": 24.82098, ""step"": 2, ""status"": 1, ""pres"": 978.2863, ""meas_profile"": ""HP-5"", ""meas_id"": 5, ""hum"": 33.3434, ""gas_res"": 343970.4}, {""temp"": 24.59479, ""step"": 2, ""status"": 1, ""pres"": 978.3741, ""meas_profile"": ""HP-4"", ""meas_id"": 4, ""hum"": 32.86982, ""gas_res"": 327470.4}, {""temp"": 24.7466, ""step"": 2, ""status"": 1, ""pres"": 978.0418, ""meas_profile"": ""HP-3"", ""meas_id"": 3, ""hum"": 33.29381, ""gas_res"": 175342.5}, {""temp"": 24.67698, ""step"": 2, ""status"": 1, ""pres"": 978.1921, ""meas_profile"": ""HP-2"", ""meas_id"": 2, ""hum"": 33.56752, ""gas_res"": 330322.6}, {""temp"": 24.46397, ""step"": 2, ""status"": 1, ""pres"": 978.217, ""meas_profile"": ""HP-1"", ""meas_id"": 1, ""hum"": 32.85489, ""gas_res"": 230423.0}]}",NULL,"2025-10-29 12:41:05.818111"
15792,"04a600b9b0b8","2025-10-29 12:39:36","BTrQaSSE1dP4Ad9c9qfg","{""bme688"": [{""temp"": 24.82139, ""step"": 1, ""status"": 1, ""pres"": 978.2211, ""meas_profile"": ""HP-8"", ""meas_id"": 8, ""hum"": 33.42582, ""gas_res"": 9975.063}, {""temp"": 24.8133, ""step"": 1, ""status"": 1, ""pres"": 978.3642, ""meas_profile"": ""HP-7"", ""meas_id"": 7, ""hum"": 33.33505, ""gas_res"": 15904.57}, {""temp"": 24.90216, ""step"": 1, ""status"": 1, ""pres"": 978.548, ""meas_profile"": ""HP-6"", ""meas_id"": 6, ""hum"": 33.14806, ""gas_res"": 25000.0}, {""temp"": 24.82098, ""step"": 1, ""status"": 1, ""pres"": 978.2863, ""meas_profile"": ""HP-5"", ""meas_id"": 5, ""hum"": 33.36035, ""gas_res"": 39131.77}, {""temp"": 24.59479, ""step"": 1, ""status"": 1, ""pres"": 978.3741, ""meas_profile"": ""HP-4"", ""meas_id"": 4, ""hum"": 32.85839, ""gas_res"": 30776.63}, {""temp"": 24.7466, ""step"": 1, ""status"": 1, ""pres"": 978.0418, ""meas_profile"": ""HP-3"", ""meas_id"": 3, ""hum"": 33.29381, ""gas_res"": 25000.0}, {""temp"": 24.67698, ""step"": 1, ""status"": 1, ""pres"": 978.1921, ""meas_profile"": ""HP-2"", ""meas_id"": 2, ""hum"": 33.57884, ""gas_res"": 30798.85}, {""temp"": 24.46397, ""step"": 1, ""status"": 1, ""pres"": 978.217, ""meas_profile"": ""HP-1"", ""meas_id"": 1, ""hum"": 32.85489, ""gas_res"": 25000.0}]}",NULL,"2025-10-29 12:41:07.099293"
15793,"04a600b9b0b8","2025-10-29 12:39:36","BTrQaSSE1dP4Ad9c9qfg","{""bme688"": [{""temp"": 24.82108, ""step"": 0, ""status"": 1, ""pres"": 978.2207, ""meas_profile"": ""HP-8"", ""meas_id"": 8, ""hum"": 33.4486, ""gas_res"": 6299.212}, {""temp"": 24.81299, ""step"": 0, ""status"": 1, ""pres"": 978.3638, ""meas_profile"": ""HP-7"", ""meas_id"": 7, ""hum"": 33.34631, ""gas_res"": 7410.838}, {""temp"": 24.90216, ""step"": 0, ""status"": 1, ""pres"": 978.548, ""meas_profile"": ""HP-6"", ""meas_id"": 6, ""hum"": 33.13662, ""gas_res"": 9461.856}, {""temp"": 24.82098, ""step"": 0, ""status"": 1, ""pres"": 978.2863, ""meas_profile"": ""HP-5"", ""meas_id"": 5, ""hum"": 33.366, ""gas_res"": 25000.0}, {""temp"": 24.59479, ""step"": 0, ""status"": 1, ""pres"": 978.3723, ""meas_profile"": ""HP-4"", ""meas_id"": 4, ""hum"": 32.86411, ""gas_res"": 21368.95}, {""temp"": 24.74629, ""step"": 0, ""status"": 1, ""pres"": 978.0412, ""meas_profile"": ""HP-3"", ""meas_id"": 3, ""hum"": 33.28806, ""gas_res"": 6370.695}, {""temp"": 24.67729, ""step"": 0, ""status"": 1, ""pres"": 978.1909, ""meas_profile"": ""HP-2"", ""meas_id"": 2, ""hum"": 33.56755, ""gas_res"": 8719.346}, {""temp"": 24.46397, ""step"": 0, ""status"": 1, ""pres"": 978.2151, ""meas_profile"": ""HP-1"", ""meas_id"": 1, ""hum"": 32.84321, ""gas_res"": 7114.273}]}",NULL,"2025-10-29 12:41:08.376504"
15794,"04a600b9b0b8","2025-10-29 12:41:33","BTrQaSSE1dP4Ad9c9qfg","{""zphs01b"": {""voc"": 0, ""temp"": 22.8, ""pm2_5"": 0, ""pm1_0"": 0, ""pm10"": 298, ""o3"": 0.02, ""no2"": 10.0, ""hum"": 0, ""fmhd"": 0, ""co2"": 5000, ""co"": 0.0}, ""smell_b"": {}, ""sfa30"": {""temp"": 24.78, ""hum"": 36.0, ""fmhd"": 2.2}, ""sen5x"": {""voc"": 119.0, ""temp"": 24.71, ""pm4_0"": 4566.5, ""pm2_5"": 4566.5, ""pm1_0"": 4354.4, ""pm10"": 4566.5, ""nox"": 1.0, ""mass_c"": 4513.475, ""hum"": 41.42}, ""scd41"": {""temp"": 24.50599, ""hum"": 43.19066, ""co2"": 713}, ""power_source"": 0, ""mics6814"": {""red_res"": 0, ""no2_res"": 0, ""no2"": 0.17, ""nh3_res"": 0, ""nh3"": 0.73, ""co_res"": 0, ""co"": 44.0}}",NULL,"2025-10-29 12:42:11.302973"
15795,"04a600b9b0b8","2025-10-29 12:41:33","BTrQaSSE1dP4Ad9c9qfg","{""bme688"": [{""temp"": 24.83807, ""step"": 9, ""status"": 1, ""pres"": 978.2509, ""meas_profile"": ""HP-8"", ""meas_id"": 8, ""hum"": 33.32473, ""gas_res"": 5684.846}, {""temp"": 24.83101, ""step"": 9, ""status"": 1, ""pres"": 978.3889, ""meas_profile"": ""HP-7"", ""meas_id"": 7, ""hum"": 33.22395, ""gas_res"": 6788.29}, {""temp"": 24.91328, ""step"": 9, ""status"": 1, ""pres"": 978.5503, ""meas_profile"": ""HP-6"", ""meas_id"": 6, ""hum"": 33.05193, ""gas_res"": 9044.658}, {""temp"": 24.83161, ""step"": 9, ""status"": 1, ""pres"": 978.2972, ""meas_profile"": ""HP-5"", ""meas_id"": 5, ""hum"": 33.254, ""gas_res"": 25000.0}, {""temp"": 24.60597, ""step"": 9, ""status"": 1, ""pres"": 978.3958, ""meas_profile"": ""HP-4"", ""meas_id"": 4, ""hum"": 32.78508, ""gas_res"": 25000.0}, {""temp"": 24.75556, ""step"": 9, ""status"": 1, ""pres"": 978.0717, ""meas_profile"": ""HP-3"", ""meas_id"": 3, ""hum"": 33.18599, ""gas_res"": 7806.782}, {""temp"": 24.68599, ""step"": 9, ""status"": 1, ""pres"": 978.2224, ""meas_profile"": ""HP-2"", ""meas_id"": 2, ""hum"": 33.45524, ""gas_res"": 10382.87}, {""temp"": 24.47051, ""step"": 9, ""status"": 1, ""pres"": 978.2377, ""meas_profile"": ""HP-1"", ""meas_id"": 1, ""hum"": 32.75625, ""gas_res"": 7617.234}]}",NULL,"2025-10-29 12:42:13.01594"
15796,"04a600b9b0b8","2025-10-29 12:41:33","BTrQaSSE1dP4Ad9c9qfg","{""bme688"": [{""temp"": 24.83776, ""step"": 8, ""status"": 1, ""pres"": 978.2505, ""meas_profile"": ""HP-8"", ""meas_id"": 8, ""hum"": 33.33039, ""gas_res"": 5684.846}, {""temp"": 24.83038, ""step"": 8, ""status"": 1, ""pres"": 978.3879, ""meas_profile"": ""HP-7"", ""meas_id"": 7, ""hum"": 33.21826, ""gas_res"": 6827.395}, {""temp"": 24.91297, ""step"": 8, ""status"": 1, ""pres"": 978.5499, ""meas_profile"": ""HP-6"", ""meas_id"": 6, ""hum"": 33.03477, ""gas_res"": 9411.765}, {""temp"": 24.8313, ""step"": 8, ""status"": 1, ""pres"": 978.2983, ""meas_profile"": ""HP-5"", ""meas_id"": 5, ""hum"": 33.24268, ""gas_res"": 25000.0}, {""temp"": 24.60566, ""step"": 8, ""status"": 1, ""pres"": 978.3954, ""meas_profile"": ""HP-4"", ""meas_id"": 4, ""hum"": 32.79077, ""gas_res"": 25000.0}, {""temp"": 24.75556, ""step"": 8, ""status"": 1, ""pres"": 978.0717, ""meas_profile"": ""HP-3"", ""meas_id"": 3, ""hum"": 33.20314, ""gas_res"": 7467.911}, {""temp"": 24.68599, ""step"": 8, ""status"": 1, ""pres"": 978.2224, ""meas_profile"": ""HP-2"", ""meas_id"": 2, ""hum"": 33.47786, ""gas_res"": 10663.11}, {""temp"": 24.47051, ""step"": 8, ""status"": 1, ""pres"": 978.2377, ""meas_profile"": ""HP-1"", ""meas_id"": 1, ""hum"": 32.77959, ""gas_res"": 8128.016}]}",NULL,"2025-10-29 12:42:14.297574"
15797,"04a600b9b0b8","2025-10-29 12:41:33","BTrQaSSE1dP4Ad9c9qfg","{""bme688"": [{""temp"": 24.83683, ""step"": 7, ""status"": 1, ""pres"": 978.2491, ""meas_profile"": ""HP-8"", ""meas_id"": 8, ""hum"": 33.32461, ""gas_res"": 5684.846}, {""temp"": 24.82976, ""step"": 7, ""status"": 1, ""pres"": 978.3885, ""meas_profile"": ""HP-7"", ""meas_id"": 7, ""hum"": 33.24074, ""gas_res"": 6762.468}, {""temp"": 24.91266, ""step"": 7, ""status"": 1, ""pres"": 978.5494, ""meas_profile"": ""HP-6"", ""meas_id"": 6, ""hum"": 33.05759, ""gas_res"": 9495.549}, {""temp"": 24.83098, ""step"": 7, ""status"": 1, ""pres"": 978.2961, ""meas_profile"": ""HP-5"", ""meas_id"": 5, ""hum"": 33.24829, ""gas_res"": 25000.0}, {""temp"": 24.60566, ""step"": 7, ""status"": 1, ""pres"": 978.3954, ""meas_profile"": ""HP-4"", ""meas_id"": 4, ""hum"": 32.77362, ""gas_res"": 25000.0}, {""temp"": 24.75525, ""step"": 7, ""status"": 1, ""pres"": 978.0712, ""meas_profile"": ""HP-3"", ""meas_id"": 3, ""hum"": 33.19168, ""gas_res"": 7405.693}, {""temp"": 24.68568, ""step"": 7, ""status"": 1, ""pres"": 978.22, ""meas_profile"": ""HP-2"", ""meas_id"": 2, ""hum"": 33.46652, ""gas_res"": 10599.54}, {""temp"": 24.4702, ""step"": 7, ""status"": 1, ""pres"": 978.2355, ""meas_profile"": ""HP-1"", ""meas_id"": 1, ""hum"": 32.78539, ""gas_res"": 8247.423}]}",NULL,"2025-10-29 12:42:15.593501"
15798,"04a600b9b0b8","2025-10-29 12:41:33","BTrQaSSE1dP4Ad9c9qfg","{""bme688"": [{""temp"": 24.83652, ""step"": 6, ""status"": 1, ""pres"": 978.2485, ""meas_profile"": ""HP-8"", ""meas_id"": 8, ""hum"": 33.32458, ""gas_res"": 16494.85}, {""temp"": 24.82945, ""step"": 6, ""status"": 1, ""pres"": 978.3879, ""meas_profile"": ""HP-7"", ""meas_id"": 7, ""hum"": 33.2238, ""gas_res"": 21985.57}, {""temp"": 24.91235, ""step"": 6, ""status"": 1, ""pres"": 978.5489, ""meas_profile"": ""HP-6"", ""meas_id"": 6, ""hum"": 33.04043, ""gas_res"": 44708.35}, {""temp"": 24.83098, ""step"": 6, ""status"": 1, ""pres"": 978.2978, ""meas_profile"": ""HP-5"", ""meas_id"": 5, ""hum"": 33.25959, ""gas_res"": 146453.1}, {""temp"": 24.60504, ""step"": 6, ""status"": 1, ""pres"": 978.3943, ""meas_profile"": ""HP-4"", ""meas_id"": 4, ""hum"": 32.76785, ""gas_res"": 133194.6}, {""temp"": 24.75495, ""step"": 6, ""status"": 1, ""pres"": 978.0708, ""meas_profile"": ""HP-3"", ""meas_id"": 3, ""hum"": 33.18022, ""gas_res"": 93124.77}, {""temp"": 24.68505, ""step"": 6, ""status"": 1, ""pres"": 978.219, ""meas_profile"": ""HP-2"", ""meas_id"": 2, ""hum"": 33.45516, ""gas_res"": 125367.3}, {""temp"": 24.46988, ""step"": 6, ""status"": 1, ""pres"": 978.235, ""meas_profile"": ""HP-1"", ""meas_id"": 1, ""hum"": 32.76786, ""gas_res"": 96186.36}]}",NULL,"2025-10-29 12:42:16.968042"
15799,"04a600b9b0b8","2025-10-29 12:41:33","BTrQaSSE1dP4Ad9c9qfg","{""bme688"": [{""temp"": 24.83591, ""step"": 5, ""status"": 1, ""pres"": 978.2476, ""meas_profile"": ""HP-8"", ""meas_id"": 8, ""hum"": 33.32453, ""gas_res"": 16318.21}, {""temp"": 24.82883, ""step"": 5, ""status"": 1, ""pres"": 978.3869, ""meas_profile"": ""HP-7"", ""meas_id"": 7, ""hum"": 33.21247, ""gas_res"": 21985.57}, {""temp"": 24.91204, ""step"": 5, ""status"": 1, ""pres"": 978.55, ""meas_profile"": ""HP-6"", ""meas_id"": 6, ""hum"": 33.04611, ""gas_res"": 44661.55}, {""temp"": 24.83067, ""step"": 5, ""status"": 1, ""pres"": 978.2972, ""meas_profile"": ""HP-5"", ""meas_id"": 5, ""hum"": 33.24827, ""gas_res"": 147084.2}, {""temp"": 24.60442, ""step"": 5, ""status"": 1, ""pres"": 978.3933, ""meas_profile"": ""HP-4"", ""meas_id"": 4, ""hum"": 32.77923, ""gas_res"": 133194.6}, {""temp"": 24.75464, ""step"": 5, ""status"": 1, ""pres"": 978.0701, ""meas_profile"": ""HP-3"", ""meas_id"": 3, ""hum"": 33.19734, ""gas_res"": 91822.09}, {""temp"": 24.68474, ""step"": 5, ""status"": 1, ""pres"": 978.2202, ""meas_profile"": ""HP-2"", ""meas_id"": 2, ""hum"": 33.44947, ""gas_res"": 123910.9}, {""temp"": 24.46926, ""step"": 5, ""status"": 1, ""pres"": 978.234, ""meas_profile"": ""HP-1"", ""meas_id"": 1, ""hum"": 32.77364, ""gas_res"": 94534.71}]}",NULL,"2025-10-29 12:42:18.136082"
15800,"04a600b9b0b8","2025-10-29 12:41:33","BTrQaSSE1dP4Ad9c9qfg","{""bme688"": [{""temp"": 24.83529, ""step"": 4, ""status"": 1, ""pres"": 978.2465, ""meas_profile"": ""HP-8"", ""meas_id"": 8, ""hum"": 33.32447, ""gas_res"": 16243.66}, {""temp"": 24.82821, ""step"": 4, ""status"": 1, ""pres"": 978.3859, ""meas_profile"": ""HP-7"", ""meas_id"": 7, ""hum"": 33.23496, ""gas_res"": 21962.94}, {""temp"": 24.91173, ""step"": 4, ""status"": 1, ""pres"": 978.5496, ""meas_profile"": ""HP-6"", ""meas_id"": 6, ""hum"": 33.06893, ""gas_res"": 45519.2}, {""temp"": 24.83036, ""step"": 4, ""status"": 1, ""pres"": 978.2969, ""meas_profile"": ""HP-5"", ""meas_id"": 5, ""hum"": 33.27082, ""gas_res"": 151121.6}, {""temp"": 24.6038, ""step"": 4, ""status"": 1, ""pres"": 978.394, ""meas_profile"": ""HP-4"", ""meas_id"": 4, ""hum"": 32.79061, ""gas_res"": 135521.4}, {""temp"": 24.75464, ""step"": 4, ""status"": 1, ""pres"": 978.0701, ""meas_profile"": ""HP-3"", ""meas_id"": 3, ""hum"": 33.18019, ""gas_res"": 90747.96}, {""temp"": 24.68412, ""step"": 4, ""status"": 1, ""pres"": 978.2174, ""meas_profile"": ""HP-2"", ""meas_id"": 2, ""hum"": 33.47203, ""gas_res"": 124817.2}, {""temp"": 24.46926, ""step"": 4, ""status"": 1, ""pres"": 978.234, ""meas_profile"": ""HP-1"", ""meas_id"": 1, ""hum"": 32.7678, ""gas_res"": 100000.0}]}",NULL,"2025-10-29 12:42:19.416769"
15801,"04a600b9b0b8","2025-10-29 12:41:33","BTrQaSSE1dP4Ad9c9qfg","{""bme688"": [{""temp"": 24.83467, ""step"": 3, ""status"": 0, ""pres"": 978.2456, ""meas_profile"": ""HP-8"", ""meas_id"": 8, ""hum"": 33.33582, ""gas_res"": 8234.688}, {""temp"": 24.82759, ""step"": 3, ""status"": 0, ""pres"": 978.3848, ""meas_profile"": ""HP-7"", ""meas_id"": 7, ""hum"": 33.25181, ""gas_res"": 10474.63}, {""temp"": 24.91111, ""step"": 3, ""status"": 0, ""pres"": 978.5485, ""meas_profile"": ""HP-6"", ""meas_id"": 6, ""hum"": 33.07459, ""gas_res"": 23791.82}, {""temp"": 24.82973, ""step"": 3, ""status"": 0, ""pres"": 978.2958, ""meas_profile"": ""HP-5"", ""meas_id"": 5, ""hum"": 33.28771, ""gas_res"": 47904.19}, {""temp"": 24.60318, ""step"": 3, ""status"": 0, ""pres"": 978.3929, ""meas_profile"": ""HP-4"", ""meas_id"": 4, ""hum"": 32.79626, ""gas_res"": 40699.52}, {""temp"": 24.75402, ""step"": 3, ""status"": 0, ""pres"": 978.0692, ""meas_profile"": ""HP-3"", ""meas_id"": 3, ""hum"": 33.22587, ""gas_res"": 29117.38}, {""temp"": 24.6835, ""step"": 3, ""status"": 0, ""pres"": 978.2182, ""meas_profile"": ""HP-2"", ""meas_id"": 2, ""hum"": 33.47197, ""gas_res"": 47958.04}, {""temp"": 24.46864, ""step"": 3, ""status"": 0, ""pres"": 978.233, ""meas_profile"": ""HP-1"", ""meas_id"": 1, ""hum"": 32.79109, ""gas_res"": 30556.22}]}",NULL,"2025-10-29 12:42:20.698887"
15802,"04a600b9b0b8","2025-10-29 12:41:33","BTrQaSSE1dP4Ad9c9qfg","{""bme688"": [{""temp"": 24.83436, ""step"": 2, ""status"": 1, ""pres"": 978.2452, ""meas_profile"": ""HP-8"", ""meas_id"": 8, ""hum"": 33.34148, ""gas_res"": 24182.88}, {""temp"": 24.82697, ""step"": 2, ""status"": 1, ""pres"": 978.3854, ""meas_profile"": ""HP-7"", ""meas_id"": 7, ""hum"": 33.24048, ""gas_res"": 33169.21}, {""temp"": 24.9105, ""step"": 2, ""status"": 1, ""pres"": 978.5494, ""meas_profile"": ""HP-6"", ""meas_id"": 6, ""hum"": 33.06882, ""gas_res"": 102914.6}, {""temp"": 24.82911, ""step"": 2, ""status"": 1, ""pres"": 978.2949, ""meas_profile"": ""HP-5"", ""meas_id"": 5, ""hum"": 33.28765, ""gas_res"": 238472.3}, {""temp"": 24.60256, ""step"": 2, ""status"": 1, ""pres"": 978.3918, ""meas_profile"": ""HP-4"", ""meas_id"": 4, ""hum"": 32.80192, ""gas_res"": 247642.1}, {""temp"": 24.7534, ""step"": 2, ""status"": 1, ""pres"": 978.0681, ""meas_profile"": ""HP-3"", ""meas_id"": 3, ""hum"": 33.21437, ""gas_res"": 137819.7}, {""temp"": 24.68319, ""step"": 2, ""status"": 1, ""pres"": 978.2159, ""meas_profile"": ""HP-2"", ""meas_id"": 2, ""hum"": 33.48891, ""gas_res"": 264121.8}, {""temp"": 24.46833, ""step"": 2, ""status"": 1, ""pres"": 978.2326, ""meas_profile"": ""HP-1"", ""meas_id"": 1, ""hum"": 32.81441, ""gas_res"": 181689.1}]}",NULL,"2025-10-29 12:42:22.070204"
15803,"04a600b9b0b8","2025-10-29 12:41:33","BTrQaSSE1dP4Ad9c9qfg","{""bme688"": [{""temp"": 24.83405, ""step"": 1, ""status"": 1, ""pres"": 978.2447, ""meas_profile"": ""HP-8"", ""meas_id"": 8, ""hum"": 33.34716, ""gas_res"": 9546.539}, {""temp"": 24.82666, ""step"": 1, ""status"": 1, ""pres"": 978.385, ""meas_profile"": ""HP-7"", ""meas_id"": 7, ""hum"": 33.24045, ""gas_res"": 15940.22}, {""temp"": 24.91019, ""step"": 1, ""status"": 1, ""pres"": 978.5488, ""meas_profile"": ""HP-6"", ""meas_id"": 6, ""hum"": 33.06308, ""gas_res"": 25000.0}, {""temp"": 24.82911, ""step"": 1, ""status"": 1, ""pres"": 978.2949, ""meas_profile"": ""HP-5"", ""meas_id"": 5, ""hum"": 33.2933, ""gas_res"": 45038.71}, {""temp"": 24.60256, ""step"": 1, ""status"": 1, ""pres"": 978.3918, ""meas_profile"": ""HP-4"", ""meas_id"": 4, ""hum"": 32.7962, ""gas_res"": 36613.27}, {""temp"": 24.7534, ""step"": 1, ""status"": 1, ""pres"": 978.0665, ""meas_profile"": ""HP-3"", ""meas_id"": 3, ""hum"": 33.22009, ""gas_res"": 24873.69}, {""temp"": 24.68288, ""step"": 1, ""status"": 1, ""pres"": 978.2155, ""meas_profile"": ""HP-2"", ""meas_id"": 2, ""hum"": 33.48322, ""gas_res"": 38988.73}, {""temp"": 24.46802, ""step"": 1, ""status"": 1, ""pres"": 978.2321, ""meas_profile"": ""HP-1"", ""meas_id"": 1, ""hum"": 32.79103, ""gas_res"": 26879.46}]}",NULL,"2025-10-29 12:42:23.256268"
15804,"04a600b9b0b8","2025-10-29 12:41:33","BTrQaSSE1dP4Ad9c9qfg","{""bme688"": [{""temp"": 24.83374, ""step"": 0, ""status"": 1, ""pres"": 978.2442, ""meas_profile"": ""HP-8"", ""meas_id"": 8, ""hum"": 33.34713, ""gas_res"": 5846.885}, {""temp"": 24.82604, ""step"": 0, ""status"": 1, ""pres"": 978.3839, ""meas_profile"": ""HP-7"", ""meas_id"": 7, ""hum"": 33.26294, ""gas_res"": 7128.537}, {""temp"": 24.90988, ""step"": 0, ""status"": 1, ""pres"": 978.5483, ""meas_profile"": ""HP-6"", ""meas_id"": 6, ""hum"": 33.06876, ""gas_res"": 9694.032}, {""temp"": 24.8288, ""step"": 0, ""status"": 1, ""pres"": 978.2958, ""meas_profile"": ""HP-5"", ""meas_id"": 5, ""hum"": 33.29892, ""gas_res"": 25000.0}, {""temp"": 24.60225, ""step"": 0, ""status"": 1, ""pres"": 978.3914, ""meas_profile"": ""HP-4"", ""meas_id"": 4, ""hum"": 32.80761, ""gas_res"": 25000.0}, {""temp"": 24.75309, ""step"": 0, ""status"": 1, ""pres"": 978.0659, ""meas_profile"": ""HP-3"", ""meas_id"": 3, ""hum"": 33.22006, ""gas_res"": 7220.217}, {""temp"": 24.68288, ""step"": 0, ""status"": 1, ""pres"": 978.2155, ""meas_profile"": ""HP-2"", ""meas_id"": 2, ""hum"": 33.48888, ""gas_res"": 10126.58}, {""temp"": 24.46771, ""step"": 0, ""status"": 1, ""pres"": 978.2317, ""meas_profile"": ""HP-1"", ""meas_id"": 1, ""hum"": 32.80268, ""gas_res"": 8012.018}]}",NULL,"2025-10-29 12:42:24.535158"
15805,"04a600b9b0b8","2025-10-29 12:41:06","BTrQaSSE1dP4Ad9c9qfg","{""zphs01b"": {""voc"": 0, ""temp"": 22.8, ""pm2_5"": 0, ""pm1_0"": 0, ""pm10"": 290, ""o3"": 0.03, ""no2"": 8.11, ""hum"": 0, ""fmhd"": 0, ""co2"": 5000, ""co"": 0.0}, ""smell_b"": {}, ""sfa30"": {""temp"": 24.77, ""hum"": 36.02, ""fmhd"": 1.8}, ""sen5x"": {""voc"": 120.0, ""temp"": 24.735, ""pm4_0"": 4495.6, ""pm2_5"": 4495.6, ""pm1_0"": 4286.8, ""pm10"": 4495.6, ""nox"": 1.0, ""mass_c"": 4443.4, ""hum"": 41.35}, ""scd41"": {""temp"": 24.46593, ""hum"": 43.11436, ""co2"": 712}, ""power_source"": 0, ""mics6814"": {""red_res"": 0, ""no2_res"": 0, ""no2"": 0.17, ""nh3_res"": 0, ""nh3"": 0.73, ""co_res"": 0, ""co"": 44.0}}",NULL,"2025-10-29 12:42:25.709118"
15806,"04a600b9b0b8","2025-10-29 12:41:06","BTrQaSSE1dP4Ad9c9qfg","{""bme688"": [{""temp"": 24.83313, ""step"": 9, ""status"": 1, ""pres"": 978.2433, ""meas_profile"": ""HP-8"", ""meas_id"": 8, ""hum"": 33.31857, ""gas_res"": 5684.846}, {""temp"": 24.82541, ""step"": 9, ""status"": 1, ""pres"": 978.3828, ""meas_profile"": ""HP-7"", ""meas_id"": 7, ""hum"": 33.2347, ""gas_res"": 6578.947}, {""temp"": 24.90957, ""step"": 9, ""status"": 1, ""pres"": 978.5496, ""meas_profile"": ""HP-6"", ""meas_id"": 6, ""hum"": 33.07445, ""gas_res"": 8490.315}, {""temp"": 24.82848, ""step"": 9, ""status"": 1, ""pres"": 978.2955, ""meas_profile"": ""HP-5"", ""meas_id"": 5, ""hum"": 33.265, ""gas_res"": 25000.0}, {""temp"": 24.60193, ""step"": 9, ""status"": 1, ""pres"": 978.3893, ""meas_profile"": ""HP-4"", ""meas_id"": 4, ""hum"": 32.80186, ""gas_res"": 22448.26}, {""temp"": 24.75278, ""step"": 9, ""status"": 1, ""pres"": 978.0656, ""meas_profile"": ""HP-3"", ""meas_id"": 3, ""hum"": 33.2086, ""gas_res"": 7138.077}, {""temp"": 24.68257, ""step"": 9, ""status"": 1, ""pres"": 978.215, ""meas_profile"": ""HP-2"", ""meas_id"": 2, ""hum"": 33.47189, ""gas_res"": 9461.856}, {""temp"": 24.46771, ""step"": 9, ""status"": 1, ""pres"": 978.2317, ""meas_profile"": ""HP-1"", ""meas_id"": 1, ""hum"": 32.79101, ""gas_res"": 7081.213}]}",NULL,"2025-10-29 12:42:27.188873"
15807,"04a600b9b0b8","2025-10-29 12:41:06","BTrQaSSE1dP4Ad9c9qfg","{""bme688"": [{""temp"": 24.83251, ""step"": 8, ""status"": 1, ""pres"": 978.242, ""meas_profile"": ""HP-8"", ""meas_id"": 8, ""hum"": 33.32991, ""gas_res"": 5684.846}, {""temp"": 24.82511, ""step"": 8, ""status"": 1, ""pres"": 978.3823, ""meas_profile"": ""HP-7"", ""meas_id"": 7, ""hum"": 33.25158, ""gas_res"": 6644.518}, {""temp"": 24.90957, ""step"": 8, ""status"": 1, ""pres"": 978.5496, ""meas_profile"": ""HP-6"", ""meas_id"": 6, ""hum"": 33.07445, ""gas_res"": 8864.266}, {""temp"": 24.82817, ""step"": 8, ""status"": 1, ""pres"": 978.2949, ""meas_profile"": ""HP-5"", ""meas_id"": 5, ""hum"": 33.27627, ""gas_res"": 25000.0}, {""temp"": 24.60162, ""step"": 8, ""status"": 1, ""pres"": 978.3889, ""meas_profile"": ""HP-4"", ""meas_id"": 4, ""hum"": 32.80183, ""gas_res"": 22260.87}, {""temp"": 24.75278, ""step"": 8, ""status"": 1, ""pres"": 978.0656, ""meas_profile"": ""HP-3"", ""meas_id"": 3, ""hum"": 33.22004, ""gas_res"": 6880.241}, {""temp"": 24.68257, ""step"": 8, ""status"": 1, ""pres"": 978.2132, ""meas_profile"": ""HP-2"", ""meas_id"": 2, ""hum"": 33.4945, ""gas_res"": 9658.919}, {""temp"": 24.4674, ""step"": 8, ""status"": 1, ""pres"": 978.2311, ""meas_profile"": ""HP-1"", ""meas_id"": 1, ""hum"": 32.80265, ""gas_res"": 7410.838}]}",NULL,"2025-10-29 12:42:28.376769"
15808,"04a600b9b0b8","2025-10-29 12:41:06","BTrQaSSE1dP4Ad9c9qfg","{""bme688"": [{""temp"": 24.83189, ""step"": 7, ""status"": 1, ""pres"": 978.2411, ""meas_profile"": ""HP-8"", ""meas_id"": 8, ""hum"": 33.33556, ""gas_res"": 5684.846}, {""temp"": 24.82448, ""step"": 7, ""status"": 1, ""pres"": 978.3813, ""meas_profile"": ""HP-7"", ""meas_id"": 7, ""hum"": 33.24025, ""gas_res"": 6628.003}, {""temp"": 24.90926, ""step"": 7, ""status"": 1, ""pres"": 978.549, ""meas_profile"": ""HP-6"", ""meas_id"": 6, ""hum"": 33.0687, ""gas_res"": 8783.97}, {""temp"": 24.82817, ""step"": 7, ""status"": 1, ""pres"": 978.2949, ""meas_profile"": ""HP-5"", ""meas_id"": 5, ""hum"": 33.25932, ""gas_res"": 25000.0}, {""temp"": 24.60162, ""step"": 7, ""status"": 1, ""pres"": 978.3889, ""meas_profile"": ""HP-4"", ""meas_id"": 4, ""hum"": 32.79612, ""gas_res"": 21411.84}, {""temp"": 24.75216, ""step"": 7, ""status"": 1, ""pres"": 978.0628, ""meas_profile"": ""HP-3"", ""meas_id"": 3, ""hum"": 33.21998, ""gas_res"": 6766.758}, {""temp"": 24.68257, ""step"": 7, ""status"": 1, ""pres"": 978.2132, ""meas_profile"": ""HP-2"", ""meas_id"": 2, ""hum"": 33.4945, ""gas_res"": 9200.69}, {""temp"": 24.4674, ""step"": 7, ""status"": 1, ""pres"": 978.2311, ""meas_profile"": ""HP-1"", ""meas_id"": 1, ""hum"": 32.80849, ""gas_res"": 7473.144}]}",NULL,"2025-10-29 12:42:29.655063"
15809,"04a600b9b0b8","2025-10-29 12:41:06","BTrQaSSE1dP4Ad9c9qfg","{""bme688"": [{""temp"": 24.83127, ""step"": 6, ""status"": 1, ""pres"": 978.2402, ""meas_profile"": ""HP-8"", ""meas_id"": 8, ""hum"": 33.3412, ""gas_res"": 16571.72}, {""temp"": 24.82417, ""step"": 6, ""status"": 1, ""pres"": 978.3806, ""meas_profile"": ""HP-7"", ""meas_id"": 7, ""hum"": 33.2515, ""gas_res"": 21433.36}, {""temp"": 24.90895, ""step"": 6, ""status"": 1, ""pres"": 978.5504, ""meas_profile"": ""HP-6"", ""meas_id"": 6, ""hum"": 33.07439, ""gas_res"": 39900.25}, {""temp"": 24.82755, ""step"": 6, ""status"": 1, ""pres"": 978.2938, ""meas_profile"": ""HP-5"", ""meas_id"": 5, ""hum"": 33.27621, ""gas_res"": 126858.3}, {""temp"": 24.601, ""step"": 6, ""status"": 1, ""pres"": 978.3878, ""meas_profile"": ""HP-4"", ""meas_id"": 4, ""hum"": 32.81321, ""gas_res"": 112924.6}, {""temp"": 24.75185, ""step"": 6, ""status"": 1, ""pres"": 978.0623, ""meas_profile"": ""HP-3"", ""meas_id"": 3, ""hum"": 33.23139, ""gas_res"": 78624.08}, {""temp"": 24.68195, ""step"": 6, ""status"": 1, ""pres"": 978.2121, ""meas_profile"": ""HP-2"", ""meas_id"": 2, ""hum"": 33.48879, ""gas_res"": 103538.9}, {""temp"": 24.46708, ""step"": 6, ""status"": 1, ""pres"": 978.2307, ""meas_profile"": ""HP-1"", ""meas_id"": 1, ""hum"": 32.79095, ""gas_res"": 100000.0}]}",NULL,"2025-10-29 12:42:30.937264"
15810,"04a600b9b0b8","2025-10-29 12:41:06","BTrQaSSE1dP4Ad9c9qfg","{""bme688"": [{""temp"": 24.83065, ""step"": 5, ""status"": 1, ""pres"": 978.2375, ""meas_profile"": ""HP-8"", ""meas_id"": 8, ""hum"": 33.32974, ""gas_res"": 16571.72}, {""temp"": 24.82355, ""step"": 5, ""status"": 1, ""pres"": 978.3796, ""meas_profile"": ""HP-7"", ""meas_id"": 7, ""hum"": 33.2458, ""gas_res"": 21454.91}, {""temp"": 24.90865, ""step"": 5, ""status"": 1, ""pres"": 978.5499, ""meas_profile"": ""HP-6"", ""meas_id"": 6, ""hum"": 33.07436, ""gas_res"": 40314.96}, {""temp"": 24.82692, ""step"": 5, ""status"": 1, ""pres"": 978.2929, ""meas_profile"": ""HP-5"", ""meas_id"": 5, ""hum"": 33.27051, ""gas_res"": 127712.6}, {""temp"": 24.60038, ""step"": 5, ""status"": 1, ""pres"": 978.3867, ""meas_profile"": ""HP-4"", ""meas_id"": 4, ""hum"": 32.81316, ""gas_res"": 113224.2}, {""temp"": 24.75124, ""step"": 5, ""status"": 1, ""pres"": 978.0613, ""meas_profile"": ""HP-3"", ""meas_id"": 3, ""hum"": 33.24277, ""gas_res"": 76784.64}, {""temp"": 24.68164, ""step"": 5, ""status"": 1, ""pres"": 978.2117, ""meas_profile"": ""HP-2"", ""meas_id"": 2, ""hum"": 33.50573, ""gas_res"": 102053.0}, {""temp"": 24.46708, ""step"": 5, ""status"": 1, ""pres"": 978.2288, ""meas_profile"": ""HP-1"", ""meas_id"": 1, ""hum"": 32.80262, ""gas_res"": 100000.0}]}",NULL,"2025-10-29 12:42:32.308477"
15811,"04a600b9b0b8","2025-10-29 12:41:06","BTrQaSSE1dP4Ad9c9qfg","{""bme688"": [{""temp"": 24.83004, ""step"": 4, ""status"": 1, ""pres"": 978.2366, ""meas_profile"": ""HP-8"", ""meas_id"": 8, ""hum"": 33.38099, ""gas_res"": 16649.32}, {""temp"": 24.82293, ""step"": 4, ""status"": 1, ""pres"": 978.3787, ""meas_profile"": ""HP-7"", ""meas_id"": 7, ""hum"": 33.27392, ""gas_res"": 21739.13}, {""temp"": 24.90834, ""step"": 4, ""status"": 1, ""pres"": 978.5494, ""meas_profile"": ""HP-6"", ""meas_id"": 6, ""hum"": 33.08004, ""gas_res"": 40699.52}, {""temp"": 24.8263, ""step"": 4, ""status"": 1, ""pres"": 978.2917, ""meas_profile"": ""HP-5"", ""meas_id"": 5, ""hum"": 33.29305, ""gas_res"": 129850.4}, {""temp"": 24.59976, ""step"": 4, ""status"": 1, ""pres"": 978.3856, ""meas_profile"": ""HP-4"", ""meas_id"": 4, ""hum"": 32.83596, ""gas_res"": 114978.7}, {""temp"": 24.75093, ""step"": 4, ""status"": 1, ""pres"": 978.0609, ""meas_profile"": ""HP-3"", ""meas_id"": 3, ""hum"": 33.25417, ""gas_res"": 75964.39}, {""temp"": 24.68102, ""step"": 4, ""status"": 1, ""pres"": 978.209, ""meas_profile"": ""HP-2"", ""meas_id"": 2, ""hum"": 33.50567, ""gas_res"": 101026.0}, {""temp"": 24.46677, ""step"": 4, ""status"": 1, ""pres"": 978.2283, ""meas_profile"": ""HP-1"", ""meas_id"": 1, ""hum"": 32.81427, ""gas_res"": 100000.0}]}",NULL,"2025-10-29 12:42:33.498411"
15812,"04a600b9b0b8","2025-10-29 12:41:06","BTrQaSSE1dP4Ad9c9qfg","{""bme688"": [{""temp"": 24.82942, ""step"": 3, ""status"": 0, ""pres"": 978.2356, ""meas_profile"": ""HP-8"", ""meas_id"": 8, ""hum"": 33.36383, ""gas_res"": 8662.696}, {""temp"": 24.82231, ""step"": 3, ""status"": 0, ""pres"": 978.3776, ""meas_profile"": ""HP-7"", ""meas_id"": 7, ""hum"": 33.27387, ""gas_res"": 10631.23}, {""temp"": 24.90741, ""step"": 3, ""status"": 0, ""pres"": 978.5478, ""meas_profile"": ""HP-6"", ""meas_id"": 6, ""hum"": 33.0971, ""gas_res"": 21850.46}, {""temp"": 24.82567, ""step"": 3, ""status"": 0, ""pres"": 978.2906, ""meas_profile"": ""HP-5"", ""meas_id"": 5, ""hum"": 33.30428, ""gas_res"": 42953.02}, {""temp"": 24.59914, ""step"": 3, ""status"": 0, ""pres"": 978.3845, ""meas_profile"": ""HP-4"", ""meas_id"": 4, ""hum"": 32.83019, ""gas_res"": 36550.54}, {""temp"": 24.75031, ""step"": 3, ""status"": 0, ""pres"": 978.0596, ""meas_profile"": ""HP-3"", ""meas_id"": 3, ""hum"": 33.24268, ""gas_res"": 25620.5}, {""temp"": 24.6804, ""step"": 3, ""status"": 0, ""pres"": 978.2081, ""meas_profile"": ""HP-2"", ""meas_id"": 2, ""hum"": 33.52258, ""gas_res"": 40238.92}, {""temp"": 24.46615, ""step"": 3, ""status"": 0, ""pres"": 978.2275, ""meas_profile"": ""HP-1"", ""meas_id"": 1, ""hum"": 32.82589, ""gas_res"": 26744.67}]}",NULL,"2025-10-29 12:42:34.791339"
15813,"04a600b9b0b8","2025-10-29 12:41:06","BTrQaSSE1dP4Ad9c9qfg","{""bme688"": [{""temp"": 24.82911, ""step"": 2, ""status"": 1, ""pres"": 978.2352, ""meas_profile"": ""HP-8"", ""meas_id"": 8, ""hum"": 33.37521, ""gas_res"": 28306.06}, {""temp"": 24.82169, ""step"": 2, ""status"": 1, ""pres"": 978.3766, ""meas_profile"": ""HP-7"", ""meas_id"": 7, ""hum"": 33.29073, ""gas_res"": 37580.74}, {""temp"": 24.90679, ""step"": 2, ""status"": 1, ""pres"": 978.5468, ""meas_profile"": ""HP-6"", ""meas_id"": 6, ""hum"": 33.09133, ""gas_res"": 107994.1}, {""temp"": 24.82536, ""step"": 2, ""status"": 1, ""pres"": 978.2901, ""meas_profile"": ""HP-5"", ""meas_id"": 5, ""hum"": 33.30425, ""gas_res"": 245152.0}, {""temp"": 24.59883, ""step"": 2, ""status"": 1, ""pres"": 978.384, ""meas_profile"": ""HP-4"", ""meas_id"": 4, ""hum"": 32.84731, ""gas_res"": 243577.5}, {""temp"": 24.75, ""step"": 2, ""status"": 1, ""pres"": 978.0576, ""meas_profile"": ""HP-3"", ""meas_id"": 3, ""hum"": 33.23122, ""gas_res"": 132265.6}, {""temp"": 24.68009, ""step"": 2, ""status"": 1, ""pres"": 978.2074, ""meas_profile"": ""HP-2"", ""meas_id"": 2, ""hum"": 33.52255, ""gas_res"": 242023.2}, {""temp"": 24.46584, ""step"": 2, ""status"": 1, ""pres"": 978.2269, ""meas_profile"": ""HP-1"", ""meas_id"": 1, ""hum"": 32.83753, ""gas_res"": 169592.6}]}",NULL,"2025-10-29 12:42:36.063237"
15814,"04a600b9b0b8","2025-10-29 12:41:06","BTrQaSSE1dP4Ad9c9qfg","{""bme688"": [{""temp"": 24.82911, ""step"": 1, ""status"": 1, ""pres"": 978.2352, ""meas_profile"": ""HP-8"", ""meas_id"": 8, ""hum"": 33.38091, ""gas_res"": 10059.73}, {""temp"": 24.82138, ""step"": 1, ""status"": 1, ""pres"": 978.3761, ""meas_profile"": ""HP-7"", ""meas_id"": 7, ""hum"": 33.26251, ""gas_res"": 16157.54}, {""temp"": 24.90679, ""step"": 1, ""status"": 1, ""pres"": 978.5468, ""meas_profile"": ""HP-6"", ""meas_id"": 6, ""hum"": 33.10847, ""gas_res"": 25000.0}, {""temp"": 24.82504, ""step"": 1, ""status"": 1, ""pres"": 978.2913, ""meas_profile"": ""HP-5"", ""meas_id"": 5, ""hum"": 33.30987, ""gas_res"": 39640.75}, {""temp"": 24.59883, ""step"": 1, ""status"": 1, ""pres"": 978.384, ""meas_profile"": ""HP-4"", ""meas_id"": 4, ""hum"": 32.83016, ""gas_res"": 31550.41}, {""temp"": 24.74969, ""step"": 1, ""status"": 1, ""pres"": 978.0569, ""meas_profile"": ""HP-3"", ""meas_id"": 3, ""hum"": 33.25978, ""gas_res"": 25000.0}, {""temp"": 24.68009, ""step"": 1, ""status"": 1, ""pres"": 978.2074, ""meas_profile"": ""HP-2"", ""meas_id"": 2, ""hum"": 33.52821, ""gas_res"": 31644.01}, {""temp"": 24.46584, ""step"": 1, ""status"": 1, ""pres"": 978.2269, ""meas_profile"": ""HP-1"", ""meas_id"": 1, ""hum"": 32.83753, ""gas_res"": 25000.0}]}",NULL,"2025-10-29 12:42:37.462022"
15815,"04a600b9b0b8","2025-10-29 12:41:06","BTrQaSSE1dP4Ad9c9qfg","{""bme688"": [{""temp"": 24.82849, ""step"": 0, ""status"": 1, ""pres"": 978.2341, ""meas_profile"": ""HP-8"", ""meas_id"": 8, ""hum"": 33.38085, ""gas_res"": 6295.495}, {""temp"": 24.82107, ""step"": 0, ""status"": 1, ""pres"": 978.3756, ""meas_profile"": ""HP-7"", ""meas_id"": 7, ""hum"": 33.27375, ""gas_res"": 7600.95}, {""temp"": 24.90648, ""step"": 0, ""status"": 1, ""pres"": 978.548, ""meas_profile"": ""HP-6"", ""meas_id"": 6, ""hum"": 33.09702, ""gas_res"": 9720.534}, {""temp"": 24.82473, ""step"": 0, ""status"": 1, ""pres"": 978.2908, ""meas_profile"": ""HP-5"", ""meas_id"": 5, ""hum"": 33.32115, ""gas_res"": 25000.0}, {""temp"": 24.59852, ""step"": 0, ""status"": 1, ""pres"": 978.3835, ""meas_profile"": ""HP-4"", ""meas_id"": 4, ""hum"": 32.83585, ""gas_res"": 21917.81}, {""temp"": 24.74938, ""step"": 0, ""status"": 1, ""pres"": 978.0565, ""meas_profile"": ""HP-3"", ""meas_id"": 3, ""hum"": 33.25403, ""gas_res"": 6707.189}, {""temp"": 24.67978, ""step"": 0, ""status"": 1, ""pres"": 978.207, ""meas_profile"": ""HP-2"", ""meas_id"": 2, ""hum"": 33.53949, ""gas_res"": 9137.636}, {""temp"": 24.46553, ""step"": 0, ""status"": 1, ""pres"": 978.2248, ""meas_profile"": ""HP-1"", ""meas_id"": 1, ""hum"": 32.84335, ""gas_res"": 7385.184}]}",NULL,"2025-10-29 12:42:38.625402"
15816,"04a600b9b0b8","2025-10-29 12:43:03","BTrQaSSE1dP4Ad9c9qfg","{""zphs01b"": {""voc"": 0, ""temp"": 22.9, ""pm2_5"": 0, ""pm1_0"": 0, ""pm10"": 303, ""o3"": 0.03, ""no2"": 10.0, ""hum"": 0, ""fmhd"": 0, ""co2"": 5000, ""co"": 0.0}, ""smell_b"": {}, ""sfa30"": {""temp"": 24.8, ""hum"": 35.96, ""fmhd"": 2.4}, ""sen5x"": {""voc"": 112.0, ""temp"": 24.66, ""pm4_0"": 4484.2, ""pm2_5"": 4484.2, ""pm1_0"": 4276.0, ""pm10"": 4484.2, ""nox"": 1.0, ""mass_c"": 4432.15, ""hum"": 41.59}, ""scd41"": {""temp"": 24.57275, ""hum"": 43.05333, ""co2"": 720}, ""power_source"": 0, ""mics6814"": {""red_res"": 0, ""no2_res"": 0, ""no2"": 0.17, ""nh3_res"": 0, ""nh3"": 0.73, ""co_res"": 0, ""co"": 44.0}}",NULL,"2025-10-29 12:43:41.905703"
15817,"04a600b9b0b8","2025-10-29 12:43:03","BTrQaSSE1dP4Ad9c9qfg","{""bme688"": [{""temp"": 24.84949, ""step"": 9, ""status"": 1, ""pres"": 978.2656, ""meas_profile"": ""HP-8"", ""meas_id"": 8, ""hum"": 33.28019, ""gas_res"": 5684.846}, {""temp"": 24.84312, ""step"": 9, ""status"": 1, ""pres"": 978.3987, ""meas_profile"": ""HP-7"", ""meas_id"": 7, ""hum"": 33.19126, ""gas_res"": 6715.635}, {""temp"": 24.92254, ""step"": 9, ""status"": 1, ""pres"": 978.5514, ""meas_profile"": ""HP-6"", ""meas_id"": 6, ""hum"": 33.00709, ""gas_res"": 8961.075}, {""temp"": 24.84162, ""step"": 9, ""status"": 1, ""pres"": 978.3035, ""meas_profile"": ""HP-5"", ""meas_id"": 5, ""hum"": 33.21539, ""gas_res"": 25000.0}, {""temp"": 24.61591, ""step"": 9, ""status"": 1, ""pres"": 978.4039, ""meas_profile"": ""HP-4"", ""meas_id"": 4, ""hum"": 32.7517, ""gas_res"": 25000.0}, {""temp"": 24.76391, ""step"": 9, ""status"": 1, ""pres"": 978.0787, ""meas_profile"": ""HP-3"", ""meas_id"": 3, ""hum"": 33.15818, ""gas_res"": 7677.543}, {""temp"": 24.69499, ""step"": 9, ""status"": 1, ""pres"": 978.2389, ""meas_profile"": ""HP-2"", ""meas_id"": 2, ""hum"": 33.41086, ""gas_res"": 10145.85}, {""temp"": 24.47798, ""step"": 9, ""status"": 1, ""pres"": 978.242, ""meas_profile"": ""HP-1"", ""meas_id"": 1, ""hum"": 32.71609, ""gas_res"": 7683.073}]}",NULL,"2025-10-29 12:43:43.442367"
15818,"04a600b9b0b8","2025-10-29 12:43:03","BTrQaSSE1dP4Ad9c9qfg","{""bme688"": [{""temp"": 24.84919, ""step"": 8, ""status"": 1, ""pres"": 978.265, ""meas_profile"": ""HP-8"", ""meas_id"": 8, ""hum"": 33.28016, ""gas_res"": 5684.846}, {""temp"": 24.84249, ""step"": 8, ""status"": 1, ""pres"": 978.3995, ""meas_profile"": ""HP-7"", ""meas_id"": 7, ""hum"": 33.18557, ""gas_res"": 6844.92}, {""temp"": 24.92223, ""step"": 8, ""status"": 1, ""pres"": 978.551, ""meas_profile"": ""HP-6"", ""meas_id"": 6, ""hum"": 33.00136, ""gas_res"": 9504.01}, {""temp"": 24.8413, ""step"": 8, ""status"": 1, ""pres"": 978.3046, ""meas_profile"": ""HP-5"", ""meas_id"": 5, ""hum"": 33.22102, ""gas_res"": 25000.0}, {""temp"": 24.6156, ""step"": 8, ""status"": 1, ""pres"": 978.4034, ""meas_profile"": ""HP-4"", ""meas_id"": 4, ""hum"": 32.74595, ""gas_res"": 25000.0}, {""temp"": 24.76361, ""step"": 8, ""status"": 1, ""pres"": 978.0798, ""meas_profile"": ""HP-3"", ""meas_id"": 3, ""hum"": 33.15815, ""gas_res"": 7552.514}, {""temp"": 24.69468, ""step"": 8, ""status"": 1, ""pres"": 978.2383, ""meas_profile"": ""HP-2"", ""meas_id"": 2, ""hum"": 33.42213, ""gas_res"": 10695.19}, {""temp"": 24.47766, ""step"": 8, ""status"": 1, ""pres"": 978.2433, ""meas_profile"": ""HP-1"", ""meas_id"": 1, ""hum"": 32.71606, ""gas_res"": 8140.422}]}",NULL,"2025-10-29 12:43:44.536152"
15819,"04a600b9b0b8","2025-10-29 12:43:03","BTrQaSSE1dP4Ad9c9qfg","{""bme688"": [{""temp"": 24.84826, ""step"": 7, ""status"": 1, ""pres"": 978.2634, ""meas_profile"": ""HP-8"", ""meas_id"": 8, ""hum"": 33.28008, ""gas_res"": 5684.846}, {""temp"": 24.84187, ""step"": 7, ""status"": 1, ""pres"": 978.3985, ""meas_profile"": ""HP-7"", ""meas_id"": 7, ""hum"": 33.19115, ""gas_res"": 6792.613}, {""temp"": 24.92192, ""step"": 7, ""status"": 1, ""pres"": 978.5505, ""meas_profile"": ""HP-6"", ""meas_id"": 6, ""hum"": 33.01846, ""gas_res"": 9445.101}, {""temp"": 24.84099, ""step"": 7, ""status"": 1, ""pres"": 978.3042, ""meas_profile"": ""HP-5"", ""meas_id"": 5, ""hum"": 33.22098, ""gas_res"": 25000.0}, {""temp"": 24.61529, ""step"": 7, ""status"": 1, ""pres"": 978.4046, ""meas_profile"": ""HP-4"", ""meas_id"": 4, ""hum"": 32.74593, ""gas_res"": 25000.0}, {""temp"": 24.7633, ""step"": 7, ""status"": 1, ""pres"": 978.0792, ""meas_profile"": ""HP-3"", ""meas_id"": 3, ""hum"": 33.15241, ""gas_res"": 7452.259}, {""temp"": 24.69437, ""step"": 7, ""status"": 1, ""pres"": 978.2361, ""meas_profile"": ""HP-2"", ""meas_id"": 2, ""hum"": 33.41645, ""gas_res"": 10352.64}, {""temp"": 24.47735, ""step"": 7, ""status"": 1, ""pres"": 978.2429, ""meas_profile"": ""HP-1"", ""meas_id"": 1, ""hum"": 32.72187, ""gas_res"": 8273.01}]}",NULL,"2025-10-29 12:43:45.815341"
15820,"04a600b9b0b8","2025-10-29 12:43:03","BTrQaSSE1dP4Ad9c9qfg","{""bme688"": [{""temp"": 24.84764, ""step"": 6, ""status"": 1, ""pres"": 978.2626, ""meas_profile"": ""HP-8"", ""meas_id"": 8, ""hum"": 33.29712, ""gas_res"": 16293.28}, {""temp"": 24.84125, ""step"": 6, ""status"": 1, ""pres"": 978.3975, ""meas_profile"": ""HP-7"", ""meas_id"": 7, ""hum"": 33.18545, ""gas_res"": 21519.84}, {""temp"": 24.92161, ""step"": 6, ""status"": 1, ""pres"": 978.5516, ""meas_profile"": ""HP-6"", ""meas_id"": 6, ""hum"": 33.0013, ""gas_res"": 43567.05}, {""temp"": 24.84037, ""step"": 6, ""status"": 1, ""pres"": 978.3032, ""meas_profile"": ""HP-5"", ""meas_id"": 5, ""hum"": 33.22657, ""gas_res"": 141710.5}, {""temp"": 24.61467, ""step"": 6, ""status"": 1, ""pres"": 978.4036, ""meas_profile"": ""HP-4"", ""meas_id"": 4, ""hum"": 32.73444, ""gas_res"": 129260.3}, {""temp"": 24.76299, ""step"": 6, ""status"": 1, ""pres"": 978.0789, ""meas_profile"": ""HP-3"", ""meas_id"": 3, ""hum"": 33.16381, ""gas_res"": 90651.55}, {""temp"": 24.69375, ""step"": 6, ""status"": 1, ""pres"": 978.2352, ""meas_profile"": ""HP-2"", ""meas_id"": 2, ""hum"": 33.42204, ""gas_res"": 121442.1}, {""temp"": 24.47673, ""step"": 6, ""status"": 1, ""pres"": 978.2418, ""meas_profile"": ""HP-1"", ""meas_id"": 1, ""hum"": 32.72181, ""gas_res"": 94221.57}]}",NULL,"2025-10-29 12:43:47.098996"
15821,"04a600b9b0b8","2025-10-29 12:43:03","BTrQaSSE1dP4Ad9c9qfg","{""bme688"": [{""temp"": 24.84702, ""step"": 5, ""status"": 1, ""pres"": 978.2617, ""meas_profile"": ""HP-8"", ""meas_id"": 8, ""hum"": 33.27996, ""gas_res"": 16048.14}, {""temp"": 24.84063, ""step"": 5, ""status"": 1, ""pres"": 978.3981, ""meas_profile"": ""HP-7"", ""meas_id"": 7, ""hum"": 33.19103, ""gas_res"": 21454.91}, {""temp"": 24.9213, ""step"": 5, ""status"": 1, ""pres"": 978.5511, ""meas_profile"": ""HP-6"", ""meas_id"": 6, ""hum"": 33.00127, ""gas_res"": 43790.63}, {""temp"": 24.84005, ""step"": 5, ""status"": 1, ""pres"": 978.3043, ""meas_profile"": ""HP-5"", ""meas_id"": 5, ""hum"": 33.20961, ""gas_res"": 142182.7}, {""temp"": 24.61405, ""step"": 5, ""status"": 1, ""pres"": 978.4041, ""meas_profile"": ""HP-4"", ""meas_id"": 4, ""hum"": 32.7401, ""gas_res"": 129554.7}, {""temp"": 24.76268, ""step"": 5, ""status"": 1, ""pres"": 978.0784, ""meas_profile"": ""HP-3"", ""meas_id"": 3, ""hum"": 33.15807, ""gas_res"": 89416.7}, {""temp"": 24.69313, ""step"": 5, ""status"": 1, ""pres"": 978.2341, ""meas_profile"": ""HP-2"", ""meas_id"": 2, ""hum"": 33.42199, ""gas_res"": 121097.4}, {""temp"": 24.47642, ""step"": 5, ""status"": 1, ""pres"": 978.2432, ""meas_profile"": ""HP-1"", ""meas_id"": 1, ""hum"": 32.72761, ""gas_res"": 100000.0}]}",NULL,"2025-10-29 12:43:48.563986"
15822,"04a600b9b0b8","2025-10-29 12:43:03","BTrQaSSE1dP4Ad9c9qfg","{""bme688"": [{""temp"": 24.84641, ""step"": 4, ""status"": 1, ""pres"": 978.2623, ""meas_profile"": ""HP-8"", ""meas_id"": 8, ""hum"": 33.2799, ""gas_res"": 15928.32}, {""temp"": 24.84001, ""step"": 4, ""status"": 1, ""pres"": 978.397, ""meas_profile"": ""HP-7"", ""meas_id"": 7, ""hum"": 33.1797, ""gas_res"": 21498.15}, {""temp"": 24.92068, ""step"": 4, ""status"": 1, ""pres"": 978.5519, ""meas_profile"": ""HP-6"", ""meas_id"": 6, ""hum"": 33.00693, ""gas_res"": 44290.66}, {""temp"": 24.83974, ""step"": 4, ""status"": 1, ""pres"": 978.3038, ""meas_profile"": ""HP-5"", ""meas_id"": 5, ""hum"": 33.22087, ""gas_res"": 145827.4}, {""temp"": 24.61343, ""step"": 4, ""status"": 1, ""pres"": 978.4033, ""meas_profile"": ""HP-4"", ""meas_id"": 4, ""hum"": 32.75718, ""gas_res"": 132780.1}, {""temp"": 24.76237, ""step"": 4, ""status"": 1, ""pres"": 978.0796, ""meas_profile"": ""HP-3"", ""meas_id"": 3, ""hum"": 33.14661, ""gas_res"": 87942.29}, {""temp"": 24.69251, ""step"": 4, ""status"": 1, ""pres"": 978.2347, ""meas_profile"": ""HP-2"", ""meas_id"": 2, ""hum"": 33.43323, ""gas_res"": 120413.9}, {""temp"": 24.47611, ""step"": 4, ""status"": 1, ""pres"": 978.2428, ""meas_profile"": ""HP-1"", ""meas_id"": 1, ""hum"": 32.72759, ""gas_res"": 100000.0}]}",NULL,"2025-10-29 12:43:49.656775"
15823,"04a600b9b0b8","2025-10-29 12:43:03","BTrQaSSE1dP4Ad9c9qfg","{""bme688"": [{""temp"": 24.84579, ""step"": 3, ""status"": 0, ""pres"": 978.2614, ""meas_profile"": ""HP-8"", ""meas_id"": 8, ""hum"": 33.31404, ""gas_res"": 8298.755}, {""temp"": 24.83939, ""step"": 3, ""status"": 0, ""pres"": 978.396, ""meas_profile"": ""HP-7"", ""meas_id"": 7, ""hum"": 33.20782, ""gas_res"": 10272.87}, {""temp"": 24.92007, ""step"": 3, ""status"": 0, ""pres"": 978.5508, ""meas_profile"": ""HP-6"", ""meas_id"": 6, ""hum"": 33.024, ""gas_res"": 23005.03}, {""temp"": 24.8388, ""step"": 3, ""status"": 0, ""pres"": 978.3022, ""meas_profile"": ""HP-5"", ""meas_id"": 5, ""hum"": 33.23772, ""gas_res"": 46562.39}, {""temp"": 24.6125, ""step"": 3, ""status"": 0, ""pres"": 978.4017, ""meas_profile"": ""HP-4"", ""meas_id"": 4, ""hum"": 32.75139, ""gas_res"": 40429.56}, {""temp"": 24.76175, ""step"": 3, ""status"": 0, ""pres"": 978.0784, ""meas_profile"": ""HP-3"", ""meas_id"": 3, ""hum"": 33.16942, ""gas_res"": 29057.89}, {""temp"": 24.69189, ""step"": 3, ""status"": 0, ""pres"": 978.2338, ""meas_profile"": ""HP-2"", ""meas_id"": 2, ""hum"": 33.44448, ""gas_res"": 45616.54}, {""temp"": 24.47548, ""step"": 3, ""status"": 0, ""pres"": 978.2418, ""meas_profile"": ""HP-1"", ""meas_id"": 1, ""hum"": 32.76837, ""gas_res"": 30776.63}]}",NULL,"2025-10-29 12:43:50.93767"
15824,"04a600b9b0b8","2025-10-29 12:43:03","BTrQaSSE1dP4Ad9c9qfg","{""bme688"": [{""temp"": 24.84548, ""step"": 2, ""status"": 1, ""pres"": 978.2609, ""meas_profile"": ""HP-8"", ""meas_id"": 8, ""hum"": 33.30832, ""gas_res"": 18806.94}, {""temp"": 24.83877, ""step"": 2, ""status"": 1, ""pres"": 978.395, ""meas_profile"": ""HP-7"", ""meas_id"": 7, ""hum"": 33.20213, ""gas_res"": 24917.27}, {""temp"": 24.91914, ""step"": 2, ""status"": 1, ""pres"": 978.5511, ""meas_profile"": ""HP-6"", ""meas_id"": 6, ""hum"": 33.04105, ""gas_res"": 67386.16}, {""temp"": 24.83818, ""step"": 2, ""status"": 1, ""pres"": 978.3028, ""meas_profile"": ""HP-5"", ""meas_id"": 5, ""hum"": 33.24331, ""gas_res"": 142301.3}, {""temp"": 24.61187, ""step"": 2, ""status"": 1, ""pres"": 978.4023, ""meas_profile"": ""HP-4"", ""meas_id"": 4, ""hum"": 32.76276, ""gas_res"": 156383.6}, {""temp"": 24.76113, ""step"": 2, ""status"": 1, ""pres"": 978.0774, ""meas_profile"": ""HP-3"", ""meas_id"": 3, ""hum"": 33.18079, ""gas_res"": 88489.46}, {""temp"": 24.69127, ""step"": 2, ""status"": 1, ""pres"": 978.2327, ""meas_profile"": ""HP-2"", ""meas_id"": 2, ""hum"": 33.45573, ""gas_res"": 159601.0}, {""temp"": 24.47486, ""step"": 2, ""status"": 1, ""pres"": 978.2427, ""meas_profile"": ""HP-1"", ""meas_id"": 1, ""hum"": 32.73914, ""gas_res"": 117755.3}]}",NULL,"2025-10-29 12:43:52.216223"
15825,"04a600b9b0b8","2025-10-29 12:43:03","BTrQaSSE1dP4Ad9c9qfg","{""bme688"": [{""temp"": 24.84517, ""step"": 1, ""status"": 1, ""pres"": 978.2604, ""meas_profile"": ""HP-8"", ""meas_id"": 8, ""hum"": 33.31399, ""gas_res"": 9615.385}, {""temp"": 24.83815, ""step"": 1, ""status"": 1, ""pres"": 978.3956, ""meas_profile"": ""HP-7"", ""meas_id"": 7, ""hum"": 33.21897, ""gas_res"": 15857.28}, {""temp"": 24.91883, ""step"": 1, ""status"": 1, ""pres"": 978.5506, ""meas_profile"": ""HP-6"", ""meas_id"": 6, ""hum"": 33.04102, ""gas_res"": 25000.0}, {""temp"": 24.83787, ""step"": 1, ""status"": 1, ""pres"": 978.3024, ""meas_profile"": ""HP-5"", ""meas_id"": 5, ""hum"": 33.25457, ""gas_res"": 45133.99}, {""temp"": 24.61156, ""step"": 1, ""status"": 1, ""pres"": 978.4018, ""meas_profile"": ""HP-4"", ""meas_id"": 4, ""hum"": 32.76845, ""gas_res"": 36866.36}, {""temp"": 24.76082, ""step"": 1, ""status"": 1, ""pres"": 978.077, ""meas_profile"": ""HP-3"", ""meas_id"": 3, ""hum"": 33.18076, ""gas_res"": 25019.55}, {""temp"": 24.69096, ""step"": 1, ""status"": 1, ""pres"": 978.2322, ""meas_profile"": ""HP-2"", ""meas_id"": 2, ""hum"": 33.4557, ""gas_res"": 38670.7}, {""temp"": 24.47455, ""step"": 1, ""status"": 1, ""pres"": 978.2422, ""meas_profile"": ""HP-1"", ""meas_id"": 1, ""hum"": 32.73328, ""gas_res"": 27239.84}]}",NULL,"2025-10-29 12:43:53.68397"
15826,"04a600b9b0b8","2025-10-29 12:43:03","BTrQaSSE1dP4Ad9c9qfg","{""bme688"": [{""temp"": 24.84455, ""step"": 0, ""status"": 1, ""pres"": 978.2593, ""meas_profile"": ""HP-8"", ""meas_id"": 8, ""hum"": 33.30253, ""gas_res"": 5774.089}, {""temp"": 24.83753, ""step"": 0, ""status"": 1, ""pres"": 978.3946, ""meas_profile"": ""HP-7"", ""meas_id"": 7, ""hum"": 33.21328, ""gas_res"": 7119.021}, {""temp"": 24.91852, ""step"": 0, ""status"": 1, ""pres"": 978.5519, ""meas_profile"": ""HP-6"", ""meas_id"": 6, ""hum"": 33.04099, ""gas_res"": 9711.685}, {""temp"": 24.83755, ""step"": 0, ""status"": 1, ""pres"": 978.3036, ""meas_profile"": ""HP-5"", ""meas_id"": 5, ""hum"": 33.25455, ""gas_res"": 25000.0}, {""temp"": 24.61125, ""step"": 0, ""status"": 1, ""pres"": 978.4013, ""meas_profile"": ""HP-4"", ""meas_id"": 4, ""hum"": 32.76842, ""gas_res"": 25000.0}, {""temp"": 24.76051, ""step"": 0, ""status"": 1, ""pres"": 978.0781, ""meas_profile"": ""HP-3"", ""meas_id"": 3, ""hum"": 33.19216, ""gas_res"": 7324.331}, {""temp"": 24.69065, ""step"": 0, ""status"": 1, ""pres"": 978.2318, ""meas_profile"": ""HP-2"", ""meas_id"": 2, ""hum"": 33.45567, ""gas_res"": 10165.18}, {""temp"": 24.47424, ""step"": 0, ""status"": 1, ""pres"": 978.2417, ""meas_profile"": ""HP-1"", ""meas_id"": 1, ""hum"": 32.75075, ""gas_res"": 7905.138}]}",NULL,"2025-10-29 12:43:54.773939"
15827,"04a600b9b0b8","2025-10-29 12:42:36","BTrQaSSE1dP4Ad9c9qfg","{""zphs01b"": {""voc"": 0, ""temp"": 22.9, ""pm2_5"": 0, ""pm1_0"": 0, ""pm10"": 311, ""o3"": 0.04, ""no2"": 10.0, ""hum"": 0, ""fmhd"": 0, ""co2"": 5000, ""co"": 0.0}, ""smell_b"": {}, ""sfa30"": {""temp"": 24.79, ""hum"": 35.98, ""fmhd"": 2.2}, ""sen5x"": {""voc"": 111.0, ""temp"": 24.675, ""pm4_0"": 4511.1, ""pm2_5"": 4511.1, ""pm1_0"": 4301.6, ""pm10"": 4511.1, ""nox"": 1.0, ""mass_c"": 4458.725, ""hum"": 41.55}, ""scd41"": {""temp"": 24.55672, ""hum"": 43.09911, ""co2"": 717}, ""power_source"": 0, ""mics6814"": {""red_res"": 0, ""no2_res"": 0, ""no2"": 0.17, ""nh3_res"": 0, ""nh3"": 0.73, ""co_res"": 0, ""co"": 44.0}}",NULL,"2025-10-29 12:43:55.950118"
15828,"04a600b9b0b8","2025-10-29 12:42:36","BTrQaSSE1dP4Ad9c9qfg","{""bme688"": [{""temp"": 24.84394, ""step"": 9, ""status"": 1, ""pres"": 978.2584, ""meas_profile"": ""HP-8"", ""meas_id"": 8, ""hum"": 33.29107, ""gas_res"": 5684.846}, {""temp"": 24.8369, ""step"": 9, ""status"": 1, ""pres"": 978.3935, ""meas_profile"": ""HP-7"", ""meas_id"": 7, ""hum"": 33.20758, ""gas_res"": 6578.947}, {""temp"": 24.91822, ""step"": 9, ""status"": 1, ""pres"": 978.5513, ""meas_profile"": ""HP-6"", ""meas_id"": 6, ""hum"": 33.02383, ""gas_res"": 8558.438}, {""temp"": 24.83724, ""step"": 9, ""status"": 1, ""pres"": 978.303, ""meas_profile"": ""HP-5"", ""meas_id"": 5, ""hum"": 33.22628, ""gas_res"": 25000.0}, {""temp"": 24.61094, ""step"": 9, ""status"": 1, ""pres"": 978.4009, ""meas_profile"": ""HP-4"", ""meas_id"": 4, ""hum"": 32.74553, ""gas_res"": 22260.87}, {""temp"": 24.7602, ""step"": 9, ""status"": 1, ""pres"": 978.0776, ""meas_profile"": ""HP-3"", ""meas_id"": 3, ""hum"": 33.17499, ""gas_res"": 7284.316}, {""temp"": 24.69033, ""step"": 9, ""status"": 1, ""pres"": 978.2312, ""meas_profile"": ""HP-2"", ""meas_id"": 2, ""hum"": 33.4613, ""gas_res"": 9606.725}, {""temp"": 24.47393, ""step"": 9, ""status"": 1, ""pres"": 978.2413, ""meas_profile"": ""HP-1"", ""meas_id"": 1, ""hum"": 32.75072, ""gas_res"": 7053.119}]}",NULL,"2025-10-29 12:43:57.336256"
15829,"04a600b9b0b8","2025-10-29 12:42:36","BTrQaSSE1dP4Ad9c9qfg","{""bme688"": [{""temp"": 24.84332, ""step"": 8, ""status"": 1, ""pres"": 978.2575, ""meas_profile"": ""HP-8"", ""meas_id"": 8, ""hum"": 33.28532, ""gas_res"": 5684.846}, {""temp"": 24.83628, ""step"": 8, ""status"": 1, ""pres"": 978.3942, ""meas_profile"": ""HP-7"", ""meas_id"": 7, ""hum"": 33.19063, ""gas_res"": 6652.807}, {""temp"": 24.9176, ""step"": 8, ""status"": 1, ""pres"": 978.5521, ""meas_profile"": ""HP-6"", ""meas_id"": 6, ""hum"": 33.00665, ""gas_res"": 8931.063}, {""temp"": 24.83661, ""step"": 8, ""status"": 1, ""pres"": 978.3019, ""meas_profile"": ""HP-5"", ""meas_id"": 5, ""hum"": 33.22623, ""gas_res"": 25000.0}, {""temp"": 24.61063, ""step"": 8, ""status"": 1, ""pres"": 978.4019, ""meas_profile"": ""HP-4"", ""meas_id"": 4, ""hum"": 32.76265, ""gas_res"": 22686.99}, {""temp"": 24.75989, ""step"": 8, ""status"": 1, ""pres"": 978.0772, ""meas_profile"": ""HP-3"", ""meas_id"": 3, ""hum"": 33.17496, ""gas_res"": 6911.447}, {""temp"": 24.69033, ""step"": 8, ""status"": 1, ""pres"": 978.2312, ""meas_profile"": ""HP-2"", ""meas_id"": 2, ""hum"": 33.44999, ""gas_res"": 9765.029}, {""temp"": 24.47362, ""step"": 8, ""status"": 1, ""pres"": 978.2427, ""meas_profile"": ""HP-1"", ""meas_id"": 1, ""hum"": 32.71569, ""gas_res"": 7525.87}]}",NULL,"2025-10-29 12:43:58.808229"
15830,"04a600b9b0b8","2025-10-29 12:42:36","BTrQaSSE1dP4Ad9c9qfg","{""bme688"": [{""temp"": 24.8427, ""step"": 7, ""status"": 1, ""pres"": 978.2582, ""meas_profile"": ""HP-8"", ""meas_id"": 8, ""hum"": 33.29096, ""gas_res"": 5684.846}, {""temp"": 24.83566, ""step"": 7, ""status"": 1, ""pres"": 978.3931, ""meas_profile"": ""HP-7"", ""meas_id"": 7, ""hum"": 33.19621, ""gas_res"": 6644.518}, {""temp"": 24.91729, ""step"": 7, ""status"": 1, ""pres"": 978.5517, ""meas_profile"": ""HP-6"", ""meas_id"": 6, ""hum"": 33.01803, ""gas_res"": 8976.157}, {""temp"": 24.8363, ""step"": 7, ""status"": 1, ""pres"": 978.3016, ""meas_profile"": ""HP-5"", ""meas_id"": 5, ""hum"": 33.2262, ""gas_res"": 25000.0}, {""temp"": 24.61032, ""step"": 7, ""status"": 1, ""pres"": 978.4015, ""meas_profile"": ""HP-4"", ""meas_id"": 4, ""hum"": 32.7569, ""gas_res"": 21694.92}, {""temp"": 24.75958, ""step"": 7, ""status"": 1, ""pres"": 978.0784, ""meas_profile"": ""HP-3"", ""meas_id"": 3, ""hum"": 33.16922, ""gas_res"": 6849.315}, {""temp"": 24.69002, ""step"": 7, ""status"": 1, ""pres"": 978.2308, ""meas_profile"": ""HP-2"", ""meas_id"": 2, ""hum"": 33.46127, ""gas_res"": 9658.919}, {""temp"": 24.47331, ""step"": 7, ""status"": 1, ""pres"": 978.2404, ""meas_profile"": ""HP-1"", ""meas_id"": 1, ""hum"": 32.72733, ""gas_res"": 7595.538}]}",NULL,"2025-10-29 12:43:59.932682"
15831,"04a600b9b0b8","2025-10-29 12:42:36","BTrQaSSE1dP4Ad9c9qfg","{""bme688"": [{""temp"": 24.84208, ""step"": 6, ""status"": 1, ""pres"": 978.2573, ""meas_profile"": ""HP-8"", ""meas_id"": 8, ""hum"": 33.31371, ""gas_res"": 16330.7}, {""temp"": 24.83504, ""step"": 6, ""status"": 1, ""pres"": 978.3937, ""meas_profile"": ""HP-7"", ""meas_id"": 7, ""hum"": 33.20179, ""gas_res"": 20949.26}, {""temp"": 24.91698, ""step"": 6, ""status"": 1, ""pres"": 978.5511, ""meas_profile"": ""HP-6"", ""meas_id"": 6, ""hum"": 33.02372, ""gas_res"": 39095.91}, {""temp"": 24.83568, ""step"": 6, ""status"": 1, ""pres"": 978.3022, ""meas_profile"": ""HP-5"", ""meas_id"": 5, ""hum"": 33.23743, ""gas_res"": 122137.4}, {""temp"": 24.6097, ""step"": 6, ""status"": 1, ""pres"": 978.4003, ""meas_profile"": ""HP-4"", ""meas_id"": 4, ""hum"": 32.75685, ""gas_res"": 108681.8}, {""temp"": 24.75897, ""step"": 6, ""status"": 1, ""pres"": 978.0774, ""meas_profile"": ""HP-3"", ""meas_id"": 3, ""hum"": 33.16916, ""gas_res"": 75427.23}, {""temp"": 24.6894, ""step"": 6, ""status"": 1, ""pres"": 978.2297, ""meas_profile"": ""HP-2"", ""meas_id"": 2, ""hum"": 33.44991, ""gas_res"": 102236.4}, {""temp"": 24.47331, ""step"": 6, ""status"": 1, ""pres"": 978.2404, ""meas_profile"": ""HP-1"", ""meas_id"": 1, ""hum"": 32.739, ""gas_res"": 100000.0}]}",NULL,"2025-10-29 12:44:01.178297"
15832,"04a600b9b0b8","2025-10-29 12:42:36","BTrQaSSE1dP4Ad9c9qfg","{""bme688"": [{""temp"": 24.84146, ""step"": 5, ""status"": 1, ""pres"": 978.2563, ""meas_profile"": ""HP-8"", ""meas_id"": 8, ""hum"": 33.31364, ""gas_res"": 16318.21}, {""temp"": 24.83442, ""step"": 5, ""status"": 1, ""pres"": 978.3928, ""meas_profile"": ""HP-7"", ""meas_id"": 7, ""hum"": 33.213, ""gas_res"": 21094.27}, {""temp"": 24.91667, ""step"": 5, ""status"": 1, ""pres"": 978.5524, ""meas_profile"": ""HP-6"", ""meas_id"": 6, ""hum"": 33.03511, ""gas_res"": 39384.62}, {""temp"": 24.83505, ""step"": 5, ""status"": 1, ""pres"": 978.3011, ""meas_profile"": ""HP-5"", ""meas_id"": 5, ""hum"": 33.24302, ""gas_res"": 123195.4}, {""temp"": 24.60908, ""step"": 5, ""status"": 1, ""pres"": 978.3992, ""meas_profile"": ""HP-4"", ""meas_id"": 4, ""hum"": 32.76822, ""gas_res"": 109098.7}, {""temp"": 24.75866, ""step"": 5, ""status"": 1, ""pres"": 978.0767, ""meas_profile"": ""HP-3"", ""meas_id"": 3, ""hum"": 33.18628, ""gas_res"": 46511.63}, {""temp"": 24.68878, ""step"": 5, ""status"": 1, ""pres"": 978.2287, ""meas_profile"": ""HP-2"", ""meas_id"": 2, ""hum"": 33.4555, ""gas_res"": 99843.99}, {""temp"": 24.473, ""step"": 5, ""status"": 1, ""pres"": 978.2399, ""meas_profile"": ""HP-1"", ""meas_id"": 1, ""hum"": 32.75064, ""gas_res"": 100000.0}]}",NULL,"2025-10-29 12:44:02.453212"
15833,"04a600b9b0b8","2025-10-29 12:42:36","BTrQaSSE1dP4Ad9c9qfg","{""bme688"": [{""temp"": 24.84085, ""step"": 4, ""status"": 1, ""pres"": 978.2554, ""meas_profile"": ""HP-8"", ""meas_id"": 8, ""hum"": 33.32499, ""gas_res"": 16368.29}, {""temp"": 24.8338, ""step"": 4, ""status"": 1, ""pres"": 978.3934, ""meas_profile"": ""HP-7"", ""meas_id"": 7, ""hum"": 33.21857, ""gas_res"": 21220.16}, {""temp"": 24.91605, ""step"": 4, ""status"": 1, ""pres"": 978.5513, ""meas_profile"": ""HP-6"", ""meas_id"": 6, ""hum"": 33.03506, ""gas_res"": 40012.5}, {""temp"": 24.83442, ""step"": 4, ""status"": 1, ""pres"": 978.3, ""meas_profile"": ""HP-5"", ""meas_id"": 5, ""hum"": 33.25426, ""gas_res"": 126015.3}, {""temp"": 24.60846, ""step"": 4, ""status"": 1, ""pres"": 978.3999, ""meas_profile"": ""HP-4"", ""meas_id"": 4, ""hum"": 32.77388, ""gas_res"": 110654.9}, {""temp"": 24.75835, ""step"": 4, ""status"": 1, ""pres"": 978.0762, ""meas_profile"": ""HP-3"", ""meas_id"": 3, ""hum"": 33.18625, ""gas_res"": 46059.73}, {""temp"": 24.68816, ""step"": 4, ""status"": 1, ""pres"": 978.2276, ""meas_profile"": ""HP-2"", ""meas_id"": 2, ""hum"": 33.4724, ""gas_res"": 98860.78}, {""temp"": 24.47268, ""step"": 4, ""status"": 1, ""pres"": 978.2411, ""meas_profile"": ""HP-1"", ""meas_id"": 1, ""hum"": 32.74478, ""gas_res"": 92418.77}]}",NULL,"2025-10-29 12:44:03.92525"
15834,"04a600b9b0b8","2025-10-29 12:42:36","BTrQaSSE1dP4Ad9c9qfg","{""bme688"": [{""temp"": 24.84023, ""step"": 3, ""status"": 0, ""pres"": 978.2544, ""meas_profile"": ""HP-8"", ""meas_id"": 8, ""hum"": 33.33063, ""gas_res"": 8436.594}, {""temp"": 24.83318, ""step"": 3, ""status"": 0, ""pres"": 978.3924, ""meas_profile"": ""HP-7"", ""meas_id"": 7, ""hum"": 33.20724, ""gas_res"": 10116.98}, {""temp"": 24.91513, ""step"": 3, ""status"": 0, ""pres"": 978.55, ""meas_profile"": ""HP-6"", ""meas_id"": 6, ""hum"": 33.04639, ""gas_res"": 20765.74}, {""temp"": 24.83349, ""step"": 3, ""status"": 0, ""pres"": 978.3002, ""meas_profile"": ""HP-5"", ""meas_id"": 5, ""hum"": 33.27111, ""gas_res"": 40276.9}, {""temp"": 24.60752, ""step"": 3, ""status"": 0, ""pres"": 978.3984, ""meas_profile"": ""HP-4"", ""meas_id"": 4, ""hum"": 32.77379, ""gas_res"": 34151.55}, {""temp"": 24.75742, ""step"": 3, ""status"": 0, ""pres"": 978.0748, ""meas_profile"": ""HP-3"", ""meas_id"": 3, ""hum"": 33.20332, ""gas_res"": 24502.3}, {""temp"": 24.68754, ""step"": 3, ""status"": 0, ""pres"": 978.2265, ""meas_profile"": ""HP-2"", ""meas_id"": 2, ""hum"": 33.48366, ""gas_res"": 37647.06}, {""temp"": 24.47175, ""step"": 3, ""status"": 0, ""pres"": 978.2396, ""meas_profile"": ""HP-1"", ""meas_id"": 1, ""hum"": 32.76803, ""gas_res"": 25790.85}]}",NULL,"2025-10-29 12:44:05.013896"
15835,"04a600b9b0b8","2025-10-29 12:42:36","BTrQaSSE1dP4Ad9c9qfg","{""bme688"": [{""temp"": 24.83961, ""step"": 2, ""status"": 1, ""pres"": 978.2534, ""meas_profile"": ""HP-8"", ""meas_id"": 8, ""hum"": 33.32487, ""gas_res"": 22424.67}, {""temp"": 24.83256, ""step"": 2, ""status"": 1, ""pres"": 978.3914, ""meas_profile"": ""HP-7"", ""meas_id"": 7, ""hum"": 33.23536, ""gas_res"": 28880.87}, {""temp"": 24.91451, ""step"": 2, ""status"": 1, ""pres"": 978.5505, ""meas_profile"": ""HP-6"", ""meas_id"": 6, ""hum"": 33.0749, ""gas_res"": 73669.06}, {""temp"": 24.83286, ""step"": 2, ""status"": 1, ""pres"": 978.2992, ""meas_profile"": ""HP-5"", ""meas_id"": 5, ""hum"": 33.28235, ""gas_res"": 153293.4}, {""temp"": 24.6069, ""step"": 2, ""status"": 1, ""pres"": 978.3973, ""meas_profile"": ""HP-4"", ""meas_id"": 4, ""hum"": 32.7966, ""gas_res"": 156958.9}, {""temp"": 24.7568, ""step"": 2, ""status"": 1, ""pres"": 978.0737, ""meas_profile"": ""HP-3"", ""meas_id"": 3, ""hum"": 33.19754, ""gas_res"": 88765.6}, {""temp"": 24.68692, ""step"": 2, ""status"": 1, ""pres"": 978.2255, ""meas_profile"": ""HP-2"", ""meas_id"": 2, ""hum"": 33.4836, ""gas_res"": 157393.2}, {""temp"": 24.47144, ""step"": 2, ""status"": 1, ""pres"": 978.2391, ""meas_profile"": ""HP-1"", ""meas_id"": 1, ""hum"": 32.76801, ""gas_res"": 112626.5}]}",NULL,"2025-10-29 12:44:06.299356"
15836,"04a600b9b0b8","2025-10-29 12:42:36","BTrQaSSE1dP4Ad9c9qfg","{""bme688"": [{""temp"": 24.8393, ""step"": 1, ""status"": 1, ""pres"": 978.2528, ""meas_profile"": ""HP-8"", ""meas_id"": 8, ""hum"": 33.32484, ""gas_res"": 10040.79}, {""temp"": 24.83194, ""step"": 1, ""status"": 1, ""pres"": 978.3903, ""meas_profile"": ""HP-7"", ""meas_id"": 7, ""hum"": 33.22967, ""gas_res"": 16182.05}, {""temp"": 24.9142, ""step"": 1, ""status"": 1, ""pres"": 978.55, ""meas_profile"": ""HP-6"", ""meas_id"": 6, ""hum"": 33.04631, ""gas_res"": 25000.0}, {""temp"": 24.83255, ""step"": 1, ""status"": 1, ""pres"": 978.2988, ""meas_profile"": ""HP-5"", ""meas_id"": 5, ""hum"": 33.27103, ""gas_res"": 39751.55}, {""temp"": 24.60659, ""step"": 1, ""status"": 1, ""pres"": 978.3968, ""meas_profile"": ""HP-4"", ""meas_id"": 4, ""hum"": 32.79086, ""gas_res"": 31411.04}, {""temp"": 24.7568, ""step"": 1, ""status"": 1, ""pres"": 978.0737, ""meas_profile"": ""HP-3"", ""meas_id"": 3, ""hum"": 33.21469, ""gas_res"": 25000.0}, {""temp"": 24.68661, ""step"": 1, ""status"": 1, ""pres"": 978.2234, ""meas_profile"": ""HP-2"", ""meas_id"": 2, ""hum"": 33.47226, ""gas_res"": 31880.45}, {""temp"": 24.47113, ""step"": 1, ""status"": 1, ""pres"": 978.2386, ""meas_profile"": ""HP-1"", ""meas_id"": 1, ""hum"": 32.76797, ""gas_res"": 25000.0}]}",NULL,"2025-10-29 12:44:07.592095"
15837,"04a600b9b0b8","2025-10-29 12:42:36","BTrQaSSE1dP4Ad9c9qfg","{""bme688"": [{""temp"": 24.83869, ""step"": 0, ""status"": 1, ""pres"": 978.2519, ""meas_profile"": ""HP-8"", ""meas_id"": 8, ""hum"": 33.34759, ""gas_res"": 6314.128}, {""temp"": 24.83162, ""step"": 0, ""status"": 1, ""pres"": 978.3898, ""meas_profile"": ""HP-7"", ""meas_id"": 7, ""hum"": 33.23528, ""gas_res"": 7579.346}, {""temp"": 24.91389, ""step"": 0, ""status"": 1, ""pres"": 978.5496, ""meas_profile"": ""HP-6"", ""meas_id"": 6, ""hum"": 33.0577, ""gas_res"": 9782.941}, {""temp"": 24.83224, ""step"": 0, ""status"": 1, ""pres"": 978.2983, ""meas_profile"": ""HP-5"", ""meas_id"": 5, ""hum"": 33.28229, ""gas_res"": 25000.0}, {""temp"": 24.60659, ""step"": 0, ""status"": 1, ""pres"": 978.3968, ""meas_profile"": ""HP-4"", ""meas_id"": 4, ""hum"": 32.79657, ""gas_res"": 22030.98}, {""temp"": 24.75618, ""step"": 0, ""status"": 1, ""pres"": 978.0726, ""meas_profile"": ""HP-3"", ""meas_id"": 3, ""hum"": 33.22035, ""gas_res"": 6783.973}, {""temp"": 24.6863, ""step"": 0, ""status"": 1, ""pres"": 978.2228, ""meas_profile"": ""HP-2"", ""meas_id"": 2, ""hum"": 33.49485, ""gas_res"": 9337.613}, {""temp"": 24.47082, ""step"": 0, ""status"": 1, ""pres"": 978.2382, ""meas_profile"": ""HP-1"", ""meas_id"": 1, ""hum"": 32.76211, ""gas_res"": 7400.555}]}",NULL,"2025-10-29 12:44:09.041639"
