"id","box_id","ts","measurement_id","measurement_data","description","created_at"
14629,"04a600b9b0b8","2025-10-29 10:33:19","vxme6reea4eB0b7ume5M","{""zphs01b"": {""voc"": 0, ""temp"": 21.9, ""pm2_5"": 0, ""pm1_0"": 0, ""pm10"": 341, ""o3"": 0.02, ""no2"": 10.0, ""hum"": 0, ""fmhd"": 0, ""co2"": 5000, ""co"": 0.0}, ""smell_b"": {}, ""sfa30"": {""temp"": 24.24, ""hum"": 37.74, ""fmhd"": 6.6}, ""sen5x"": {""voc"": 144.0, ""temp"": 24.775, ""pm4_0"": 4447.6, ""pm2_5"": 4447.6, ""pm1_0"": 4241.0, ""pm10"": 4447.6, ""nox"": 1.0, ""mass_c"": 4395.95, ""hum"": 41.47}, ""scd41"": {""temp"": 23.41917, ""hum"": 45.57717, ""co2"": 696}, ""power_source"": 0, ""mics6814"": {""red_res"": 0, ""no2_res"": 0, ""no2"": 0.17, ""nh3_res"": 0, ""nh3"": 0.73, ""co_res"": 0, ""co"": 44.0}}",NULL,"2025-10-29 10:33:57.163186"
14630,"04a600b9b0b8","2025-10-29 10:33:19","vxme6reea4eB0b7ume5M","{""bme688"": [{""temp"": 24.36458, ""step"": 9, ""status"": 1, ""pres"": 979.7391, ""meas_profile"": ""HP-8"", ""meas_id"": 8, ""hum"": 35.26424, ""gas_res"": 5684.846}, {""temp"": 24.35807, ""step"": 9, ""status"": 1, ""pres"": 979.8303, ""meas_profile"": ""HP-7"", ""meas_id"": 7, ""hum"": 35.16368, ""gas_res"": 5684.846}, {""temp"": 24.4462, ""step"": 9, ""status"": 1, ""pres"": 980.0056, ""meas_profile"": ""HP-6"", ""meas_id"": 6, ""hum"": 34.9678, ""gas_res"": 7020.623}, {""temp"": 24.35783, ""step"": 9, ""status"": 1, ""pres"": 979.7198, ""meas_profile"": ""HP-5"", ""meas_id"": 5, ""hum"": 35.19796, ""gas_res"": 25000.0}, {""temp"": 24.15557, ""step"": 9, ""status"": 1, ""pres"": 979.8298, ""meas_profile"": ""HP-4"", ""meas_id"": 4, ""hum"": 34.61158, ""gas_res"": 18957.35}, {""temp"": 24.30098, ""step"": 9, ""status"": 1, ""pres"": 979.4511, ""meas_profile"": ""HP-3"", ""meas_id"": 3, ""hum"": 35.12737, ""gas_res"": 7473.144}, {""temp"": 24.24286, ""step"": 9, ""status"": 1, ""pres"": 979.5814, ""meas_profile"": ""HP-2"", ""meas_id"": 2, ""hum"": 35.36415, ""gas_res"": 6583.008}, {""temp"": 24.02764, ""step"": 9, ""status"": 1, ""pres"": 979.7515, ""meas_profile"": ""HP-1"", ""meas_id"": 1, ""hum"": 34.81182, ""gas_res"": 7478.383}]}",NULL,"2025-10-29 10:33:58.308837"
14631,"04a600b9b0b8","2025-10-29 10:33:19","vxme6reea4eB0b7ume5M","{""bme688"": [{""temp"": 24.36427, ""step"": 8, ""status"": 1, ""pres"": 979.7405, ""meas_profile"": ""HP-8"", ""meas_id"": 8, ""hum"": 35.27575, ""gas_res"": 5684.846}, {""temp"": 24.35776, ""step"": 8, ""status"": 1, ""pres"": 979.8313, ""meas_profile"": ""HP-7"", ""meas_id"": 7, ""hum"": 35.15224, ""gas_res"": 5684.846}, {""temp"": 24.4462, ""step"": 8, ""status"": 1, ""pres"": 980.0074, ""meas_profile"": ""HP-6"", ""meas_id"": 6, ""hum"": 34.99671, ""gas_res"": 7284.316}, {""temp"": 24.35815, ""step"": 8, ""status"": 1, ""pres"": 979.7204, ""meas_profile"": ""HP-5"", ""meas_id"": 5, ""hum"": 35.18655, ""gas_res"": 25000.0}, {""temp"": 24.15557, ""step"": 8, ""status"": 1, ""pres"": 979.8298, ""meas_profile"": ""HP-4"", ""meas_id"": 4, ""hum"": 34.61737, ""gas_res"": 18691.59}, {""temp"": 24.30098, ""step"": 8, ""status"": 1, ""pres"": 979.4511, ""meas_profile"": ""HP-3"", ""meas_id"": 3, ""hum"": 35.11579, ""gas_res"": 7062.458}, {""temp"": 24.24255, ""step"": 8, ""status"": 1, ""pres"": 979.5809, ""meas_profile"": ""HP-2"", ""meas_id"": 2, ""hum"": 35.34695, ""gas_res"": 6749.631}, {""temp"": 24.02764, ""step"": 8, ""status"": 1, ""pres"": 979.7515, ""meas_profile"": ""HP-1"", ""meas_id"": 1, ""hum"": 34.82365, ""gas_res"": 7666.507}]}",NULL,"2025-10-29 10:33:59.589936"
14632,"04a600b9b0b8","2025-10-29 10:33:19","vxme6reea4eB0b7ume5M","{""bme688"": [{""temp"": 24.36365, ""step"": 7, ""status"": 1, ""pres"": 979.7394, ""meas_profile"": ""HP-8"", ""meas_id"": 8, ""hum"": 35.27569, ""gas_res"": 5684.846}, {""temp"": 24.35744, ""step"": 7, ""status"": 1, ""pres"": 979.8307, ""meas_profile"": ""HP-7"", ""meas_id"": 7, ""hum"": 35.16933, ""gas_res"": 5684.846}, {""temp"": 24.4462, ""step"": 7, ""status"": 1, ""pres"": 980.0074, ""meas_profile"": ""HP-6"", ""meas_id"": 6, ""hum"": 34.99092, ""gas_res"": 7395.424}, {""temp"": 24.35815, ""step"": 7, ""status"": 1, ""pres"": 979.722, ""meas_profile"": ""HP-5"", ""meas_id"": 5, ""hum"": 35.18655, ""gas_res"": 25000.0}, {""temp"": 24.15557, ""step"": 7, ""status"": 1, ""pres"": 979.8298, ""meas_profile"": ""HP-4"", ""meas_id"": 4, ""hum"": 34.63471, ""gas_res"": 18353.89}, {""temp"": 24.30098, ""step"": 7, ""status"": 1, ""pres"": 979.4511, ""meas_profile"": ""HP-3"", ""meas_id"": 3, ""hum"": 35.11, ""gas_res"": 6823.028}, {""temp"": 24.24255, ""step"": 7, ""status"": 1, ""pres"": 979.5809, ""meas_profile"": ""HP-2"", ""meas_id"": 2, ""hum"": 35.34695, ""gas_res"": 6686.168}, {""temp"": 24.02733, ""step"": 7, ""status"": 1, ""pres"": 979.7527, ""meas_profile"": ""HP-1"", ""meas_id"": 1, ""hum"": 34.86501, ""gas_res"": 7688.611}]}",NULL,"2025-10-29 10:34:01.071251"
14633,"04a600b9b0b8","2025-10-29 10:33:19","vxme6reea4eB0b7ume5M","{""bme688"": [{""temp"": 24.36365, ""step"": 6, ""status"": 1, ""pres"": 979.7411, ""meas_profile"": ""HP-8"", ""meas_id"": 8, ""hum"": 35.27569, ""gas_res"": 14578.59}, {""temp"": 24.35714, ""step"": 6, ""status"": 1, ""pres"": 979.8303, ""meas_profile"": ""HP-7"", ""meas_id"": 7, ""hum"": 35.15218, ""gas_res"": 18658.89}, {""temp"": 24.4462, ""step"": 6, ""status"": 1, ""pres"": 980.0092, ""meas_profile"": ""HP-6"", ""meas_id"": 6, ""hum"": 34.98515, ""gas_res"": 37122.97}, {""temp"": 24.35815, ""step"": 6, ""status"": 1, ""pres"": 979.722, ""meas_profile"": ""HP-5"", ""meas_id"": 5, ""hum"": 35.19227, ""gas_res"": 121355.8}, {""temp"": 24.15525, ""step"": 6, ""status"": 1, ""pres"": 979.8309, ""meas_profile"": ""HP-4"", ""meas_id"": 4, ""hum"": 34.62312, ""gas_res"": 119236.1}, {""temp"": 24.30098, ""step"": 6, ""status"": 1, ""pres"": 979.4511, ""meas_profile"": ""HP-3"", ""meas_id"": 3, ""hum"": 35.11, ""gas_res"": 44382.8}, {""temp"": 24.24286, ""step"": 6, ""status"": 1, ""pres"": 979.5814, ""meas_profile"": ""HP-2"", ""meas_id"": 2, ""hum"": 35.35271, ""gas_res"": 100000.0}, {""temp"": 24.02764, ""step"": 6, ""status"": 1, ""pres"": 979.7551, ""meas_profile"": ""HP-1"", ""meas_id"": 1, ""hum"": 34.88279, ""gas_res"": 100000.0}]}",NULL,"2025-10-29 10:34:02.150501"
14634,"04a600b9b0b8","2025-10-29 10:33:19","vxme6reea4eB0b7ume5M","{""bme688"": [{""temp"": 24.36335, ""step"": 5, ""status"": 1, ""pres"": 979.7406, ""meas_profile"": ""HP-8"", ""meas_id"": 8, ""hum"": 35.2872, ""gas_res"": 14352.99}, {""temp"": 24.35682, ""step"": 5, ""status"": 1, ""pres"": 979.8296, ""meas_profile"": ""HP-7"", ""meas_id"": 7, ""hum"": 35.15215, ""gas_res"": 18465.09}, {""temp"": 24.44651, ""step"": 5, ""status"": 1, ""pres"": 980.0096, ""meas_profile"": ""HP-6"", ""meas_id"": 6, ""hum"": 35.00253, ""gas_res"": 37383.18}, {""temp"": 24.35783, ""step"": 5, ""status"": 1, ""pres"": 979.7215, ""meas_profile"": ""HP-5"", ""meas_id"": 5, ""hum"": 35.17509, ""gas_res"": 121962.8}, {""temp"": 24.15494, ""step"": 5, ""status"": 1, ""pres"": 979.8304, ""meas_profile"": ""HP-4"", ""meas_id"": 4, ""hum"": 34.63466, ""gas_res"": 120159.6}, {""temp"": 24.30098, ""step"": 5, ""status"": 1, ""pres"": 979.4511, ""meas_profile"": ""HP-3"", ""meas_id"": 3, ""hum"": 35.11, ""gas_res"": 43567.05}, {""temp"": 24.24286, ""step"": 5, ""status"": 1, ""pres"": 979.5814, ""meas_profile"": ""HP-2"", ""meas_id"": 2, ""hum"": 35.36415, ""gas_res"": 100000.0}, {""temp"": 24.02795, ""step"": 5, ""status"": 1, ""pres"": 979.7556, ""meas_profile"": ""HP-1"", ""meas_id"": 1, ""hum"": 34.90056, ""gas_res"": 91526.63}]}",NULL,"2025-10-29 10:34:03.423693"
14635,"04a600b9b0b8","2025-10-29 10:33:19","vxme6reea4eB0b7ume5M","{""bme688"": [{""temp"": 24.36335, ""step"": 4, ""status"": 1, ""pres"": 979.7406, ""meas_profile"": ""HP-8"", ""meas_id"": 8, ""hum"": 35.27566, ""gas_res"": 14314.47}, {""temp"": 24.35682, ""step"": 4, ""status"": 1, ""pres"": 979.8296, ""meas_profile"": ""HP-7"", ""meas_id"": 7, ""hum"": 35.14074, ""gas_res"": 18306.64}, {""temp"": 24.44651, ""step"": 4, ""status"": 1, ""pres"": 980.0096, ""meas_profile"": ""HP-6"", ""meas_id"": 6, ""hum"": 34.99096, ""gas_res"": 37881.03}, {""temp"": 24.35783, ""step"": 4, ""status"": 1, ""pres"": 979.7215, ""meas_profile"": ""HP-5"", ""meas_id"": 5, ""hum"": 35.17509, ""gas_res"": 125367.3}, {""temp"": 24.15494, ""step"": 4, ""status"": 1, ""pres"": 979.8304, ""meas_profile"": ""HP-4"", ""meas_id"": 4, ""hum"": 34.61153, ""gas_res"": 125551.7}, {""temp"": 24.30128, ""step"": 4, ""status"": 1, ""pres"": 979.4515, ""meas_profile"": ""HP-3"", ""meas_id"": 3, ""hum"": 35.12161, ""gas_res"": 42909.82}, {""temp"": 24.24317, ""step"": 4, ""status"": 1, ""pres"": 979.5803, ""meas_profile"": ""HP-2"", ""meas_id"": 2, ""hum"": 35.35274, ""gas_res"": 100000.0}, {""temp"": 24.02795, ""step"": 4, ""status"": 1, ""pres"": 979.7573, ""meas_profile"": ""HP-1"", ""meas_id"": 1, ""hum"": 34.9183, ""gas_res"": 89510.49}]}",NULL,"2025-10-29 10:34:04.709274"
14636,"04a600b9b0b8","2025-10-29 10:33:19","vxme6reea4eB0b7ume5M","{""bme688"": [{""temp"": 24.36304, ""step"": 3, ""status"": 1, ""pres"": 979.742, ""meas_profile"": ""HP-8"", ""meas_id"": 8, ""hum"": 35.27562, ""gas_res"": 19838.81}, {""temp"": 24.35651, ""step"": 3, ""status"": 1, ""pres"": 979.8309, ""meas_profile"": ""HP-7"", ""meas_id"": 7, ""hum"": 35.16353, ""gas_res"": 26811.9}, {""temp"": 24.4462, ""step"": 3, ""status"": 1, ""pres"": 980.0092, ""meas_profile"": ""HP-6"", ""meas_id"": 6, ""hum"": 34.99092, ""gas_res"": 77693.48}, {""temp"": 24.35752, ""step"": 3, ""status"": 1, ""pres"": 979.721, ""meas_profile"": ""HP-5"", ""meas_id"": 5, ""hum"": 35.19792, ""gas_res"": 171985.2}, {""temp"": 24.15463, ""step"": 3, ""status"": 1, ""pres"": 979.8299, ""meas_profile"": ""HP-4"", ""meas_id"": 4, ""hum"": 34.64619, ""gas_res"": 220309.8}, {""temp"": 24.30098, ""step"": 3, ""status"": 1, ""pres"": 979.4494, ""meas_profile"": ""HP-3"", ""meas_id"": 3, ""hum"": 35.12737, ""gas_res"": 115680.1}, {""temp"": 24.24286, ""step"": 3, ""status"": 1, ""pres"": 979.5814, ""meas_profile"": ""HP-2"", ""meas_id"": 2, ""hum"": 35.38704, ""gas_res"": 202531.6}, {""temp"": 24.02795, ""step"": 3, ""status"": 1, ""pres"": 979.7573, ""meas_profile"": ""HP-1"", ""meas_id"": 1, ""hum"": 34.95381, ""gas_res"": 155104.5}]}",NULL,"2025-10-29 10:34:06.16231"
14637,"04a600b9b0b8","2025-10-29 10:33:19","vxme6reea4eB0b7ume5M","{""bme688"": [{""temp"": 24.36304, ""step"": 2, ""status"": 1, ""pres"": 979.742, ""meas_profile"": ""HP-8"", ""meas_id"": 8, ""hum"": 35.28139, ""gas_res"": 31928.16}, {""temp"": 24.35651, ""step"": 2, ""status"": 1, ""pres"": 979.8309, ""meas_profile"": ""HP-7"", ""meas_id"": 7, ""hum"": 35.16353, ""gas_res"": 44429.02}, {""temp"": 24.4462, ""step"": 2, ""status"": 1, ""pres"": 980.0109, ""meas_profile"": ""HP-6"", ""meas_id"": 6, ""hum"": 35.00249, ""gas_res"": 178273.0}, {""temp"": 24.35752, ""step"": 2, ""status"": 1, ""pres"": 979.7227, ""meas_profile"": ""HP-5"", ""meas_id"": 5, ""hum"": 35.19792, ""gas_res"": 468435.5}, {""temp"": 24.15463, ""step"": 2, ""status"": 1, ""pres"": 979.8299, ""meas_profile"": ""HP-4"", ""meas_id"": 4, ""hum"": 34.63462, ""gas_res"": 541655.6}, {""temp"": 24.30098, ""step"": 2, ""status"": 1, ""pres"": 979.4494, ""meas_profile"": ""HP-3"", ""meas_id"": 3, ""hum"": 35.12737, ""gas_res"": 264531.1}, {""temp"": 24.24286, ""step"": 2, ""status"": 1, ""pres"": 979.5797, ""meas_profile"": ""HP-2"", ""meas_id"": 2, ""hum"": 35.38132, ""gas_res"": 466196.2}, {""temp"": 24.02795, ""step"": 2, ""status"": 1, ""pres"": 979.7592, ""meas_profile"": ""HP-1"", ""meas_id"": 1, ""hum"": 34.94197, ""gas_res"": 365714.3}]}",NULL,"2025-10-29 10:34:07.255624"
14638,"04a600b9b0b8","2025-10-29 10:33:19","vxme6reea4eB0b7ume5M","{""bme688"": [{""temp"": 24.36273, ""step"": 1, ""status"": 1, ""pres"": 979.7431, ""meas_profile"": ""HP-8"", ""meas_id"": 8, ""hum"": 35.28714, ""gas_res"": 7864.34}, {""temp"": 24.35651, ""step"": 1, ""status"": 1, ""pres"": 979.8309, ""meas_profile"": ""HP-7"", ""meas_id"": 7, ""hum"": 35.18064, ""gas_res"": 9386.917}, {""temp"": 24.44651, ""step"": 1, ""status"": 1, ""pres"": 980.0114, ""meas_profile"": ""HP-6"", ""meas_id"": 6, ""hum"": 35.00253, ""gas_res"": 25000.0}, {""temp"": 24.35752, ""step"": 1, ""status"": 1, ""pres"": 979.7227, ""meas_profile"": ""HP-5"", ""meas_id"": 5, ""hum"": 35.20364, ""gas_res"": 36425.73}, {""temp"": 24.15494, ""step"": 1, ""status"": 1, ""pres"": 979.8321, ""meas_profile"": ""HP-4"", ""meas_id"": 4, ""hum"": 34.64044, ""gas_res"": 33481.56}, {""temp"": 24.30128, ""step"": 1, ""status"": 1, ""pres"": 979.45, ""meas_profile"": ""HP-3"", ""meas_id"": 3, ""hum"": 35.13318, ""gas_res"": 25000.0}, {""temp"": 24.24286, ""step"": 1, ""status"": 1, ""pres"": 979.5814, ""meas_profile"": ""HP-2"", ""meas_id"": 2, ""hum"": 35.3756, ""gas_res"": 29892.57}, {""temp"": 24.02826, ""step"": 1, ""status"": 1, ""pres"": 979.7596, ""meas_profile"": ""HP-1"", ""meas_id"": 1, ""hum"": 34.942, ""gas_res"": 25000.0}]}",NULL,"2025-10-29 10:34:08.537307"
14639,"04a600b9b0b8","2025-10-29 10:33:19","vxme6reea4eB0b7ume5M","{""bme688"": [{""temp"": 24.36242, ""step"": 0, ""status"": 1, ""pres"": 979.7444, ""meas_profile"": ""HP-8"", ""meas_id"": 8, ""hum"": 35.29288, ""gas_res"": 5684.846}, {""temp"": 24.35651, ""step"": 0, ""status"": 1, ""pres"": 979.8309, ""meas_profile"": ""HP-7"", ""meas_id"": 7, ""hum"": 35.16924, ""gas_res"": 5684.846}, {""temp"": 24.44651, ""step"": 0, ""status"": 1, ""pres"": 980.0131, ""meas_profile"": ""HP-6"", ""meas_id"": 6, ""hum"": 35.01987, ""gas_res"": 7431.491}, {""temp"": 24.35783, ""step"": 0, ""status"": 1, ""pres"": 979.7231, ""meas_profile"": ""HP-5"", ""meas_id"": 5, ""hum"": 35.21511, ""gas_res"": 25000.0}, {""temp"": 24.15494, ""step"": 0, ""status"": 1, ""pres"": 979.8321, ""meas_profile"": ""HP-4"", ""meas_id"": 4, ""hum"": 34.64622, ""gas_res"": 18923.71}, {""temp"": 24.30128, ""step"": 0, ""status"": 1, ""pres"": 979.45, ""meas_profile"": ""HP-3"", ""meas_id"": 3, ""hum"": 35.15054, ""gas_res"": 6858.123}, {""temp"": 24.24286, ""step"": 0, ""status"": 1, ""pres"": 979.5814, ""meas_profile"": ""HP-2"", ""meas_id"": 2, ""hum"": 35.3756, ""gas_res"": 6420.546}, {""temp"": 24.02795, ""step"": 0, ""status"": 1, ""pres"": 979.761, ""meas_profile"": ""HP-1"", ""meas_id"": 1, ""hum"": 34.94789, ""gas_res"": 7499.414}]}",NULL,"2025-10-29 10:34:09.817885"
14640,"04a600b9b0b8","2025-10-29 10:32:40","vxme6reea4eB0b7ume5M","{""zphs01b"": {""voc"": 0, ""temp"": 21.8, ""pm2_5"": 0, ""pm1_0"": 0, ""pm10"": 310, ""o3"": 0.03, ""no2"": 8.559999, ""hum"": 0, ""fmhd"": 0, ""co2"": 5000, ""co"": 0.0}, ""smell_b"": {}, ""sfa30"": {""temp"": 24.23, ""hum"": 37.78, ""fmhd"": 4.2}, ""sen5x"": {""voc"": 151.0, ""temp"": 24.91, ""pm4_0"": 4432.5, ""pm2_5"": 4432.5, ""pm1_0"": 4226.6, ""pm10"": 4432.5, ""nox"": 1.0, ""mass_c"": 4381.025, ""hum"": 41.05}, ""scd41"": {""temp"": 23.46723, ""hum"": 44.83711, ""co2"": 698}, ""power_source"": 0, ""mics6814"": {""red_res"": 0, ""no2_res"": 0, ""no2"": 0.17, ""nh3_res"": 0, ""nh3"": 0.73, ""co_res"": 0, ""co"": 44.0}}",NULL,"2025-10-29 10:34:11.081805"
14641,"04a600b9b0b8","2025-10-29 10:32:40","vxme6reea4eB0b7ume5M","{""bme688"": [{""temp"": 24.36211, ""step"": 9, ""status"": 1, ""pres"": 979.744, ""meas_profile"": ""HP-8"", ""meas_id"": 8, ""hum"": 35.28708, ""gas_res"": 5684.846}, {""temp"": 24.3562, ""step"": 9, ""status"": 1, ""pres"": 979.832, ""meas_profile"": ""HP-7"", ""meas_id"": 7, ""hum"": 35.17492, ""gas_res"": 5684.846}, {""temp"": 24.44651, ""step"": 9, ""status"": 1, ""pres"": 980.0131, ""meas_profile"": ""HP-6"", ""meas_id"": 6, ""hum"": 35.01409, ""gas_res"": 6378.314}, {""temp"": 24.35783, ""step"": 9, ""status"": 1, ""pres"": 979.7249, ""meas_profile"": ""HP-5"", ""meas_id"": 5, ""hum"": 35.19224, ""gas_res"": 25000.0}, {""temp"": 24.15494, ""step"": 9, ""status"": 1, ""pres"": 979.8321, ""meas_profile"": ""HP-4"", ""meas_id"": 4, ""hum"": 34.64044, ""gas_res"": 11331.44}, {""temp"": 24.30098, ""step"": 9, ""status"": 1, ""pres"": 979.4494, ""meas_profile"": ""HP-3"", ""meas_id"": 3, ""hum"": 35.10422, ""gas_res"": 6526.616}, {""temp"": 24.24286, ""step"": 9, ""status"": 1, ""pres"": 979.5814, ""meas_profile"": ""HP-2"", ""meas_id"": 2, ""hum"": 35.38704, ""gas_res"": 5888.848}, {""temp"": 24.02795, ""step"": 9, ""status"": 1, ""pres"": 979.761, ""meas_profile"": ""HP-1"", ""meas_id"": 1, ""hum"": 34.90648, ""gas_res"": 6482.982}]}",NULL,"2025-10-29 10:34:12.3773"
14642,"04a600b9b0b8","2025-10-29 10:32:40","vxme6reea4eB0b7ume5M","{""bme688"": [{""temp"": 24.36149, ""step"": 8, ""status"": 1, ""pres"": 979.7448, ""meas_profile"": ""HP-8"", ""meas_id"": 8, ""hum"": 35.28702, ""gas_res"": 5684.846}, {""temp"": 24.35558, ""step"": 8, ""status"": 1, ""pres"": 979.831, ""meas_profile"": ""HP-7"", ""meas_id"": 7, ""hum"": 35.17485, ""gas_res"": 5684.846}, {""temp"": 24.4462, ""step"": 8, ""status"": 1, ""pres"": 980.0126, ""meas_profile"": ""HP-6"", ""meas_id"": 6, ""hum"": 35.00828, ""gas_res"": 6636.25}, {""temp"": 24.35815, ""step"": 8, ""status"": 1, ""pres"": 979.7255, ""meas_profile"": ""HP-5"", ""meas_id"": 5, ""hum"": 35.22657, ""gas_res"": 22168.34}, {""temp"": 24.15525, ""step"": 8, ""status"": 1, ""pres"": 979.8326, ""meas_profile"": ""HP-4"", ""meas_id"": 4, ""hum"": 34.64046, ""gas_res"": 11502.52}, {""temp"": 24.30098, ""step"": 8, ""status"": 1, ""pres"": 979.4494, ""meas_profile"": ""HP-3"", ""meas_id"": 3, ""hum"": 35.12158, ""gas_res"": 6314.128}, {""temp"": 24.24255, ""step"": 8, ""status"": 1, ""pres"": 979.5809, ""meas_profile"": ""HP-2"", ""meas_id"": 2, ""hum"": 35.37556, ""gas_res"": 6139.678}, {""temp"": 24.02795, ""step"": 8, ""status"": 1, ""pres"": 979.7628, ""meas_profile"": ""HP-1"", ""meas_id"": 1, ""hum"": 34.94197, ""gas_res"": 6603.384}]}",NULL,"2025-10-29 10:34:13.657115"
14643,"04a600b9b0b8","2025-10-29 10:32:40","vxme6reea4eB0b7ume5M","{""bme688"": [{""temp"": 24.36118, ""step"": 7, ""status"": 1, ""pres"": 979.7462, ""meas_profile"": ""HP-8"", ""meas_id"": 8, ""hum"": 35.29853, ""gas_res"": 5684.846}, {""temp"": 24.35527, ""step"": 7, ""status"": 1, ""pres"": 979.8306, ""meas_profile"": ""HP-7"", ""meas_id"": 7, ""hum"": 35.18053, ""gas_res"": 5684.846}, {""temp"": 24.4462, ""step"": 7, ""status"": 1, ""pres"": 980.0126, ""meas_profile"": ""HP-6"", ""meas_id"": 6, ""hum"": 35.03719, ""gas_res"": 6534.613}, {""temp"": 24.35815, ""step"": 7, ""status"": 1, ""pres"": 979.7255, ""meas_profile"": ""HP-5"", ""meas_id"": 5, ""hum"": 35.21514, ""gas_res"": 21031.88}, {""temp"": 24.15525, ""step"": 7, ""status"": 1, ""pres"": 979.8326, ""meas_profile"": ""HP-4"", ""meas_id"": 4, ""hum"": 34.64625, ""gas_res"": 10663.11}, {""temp"": 24.30067, ""step"": 7, ""status"": 1, ""pres"": 979.4506, ""meas_profile"": ""HP-3"", ""meas_id"": 3, ""hum"": 35.12155, ""gas_res"": 7705.273}, {""temp"": 24.24255, ""step"": 7, ""status"": 1, ""pres"": 979.5809, ""meas_profile"": ""HP-2"", ""meas_id"": 2, ""hum"": 35.37556, ""gas_res"": 7922.753}, {""temp"": 24.02795, ""step"": 7, ""status"": 1, ""pres"": 979.7628, ""meas_profile"": ""HP-1"", ""meas_id"": 1, ""hum"": 34.94789, ""gas_res"": 6302.935}]}",NULL,"2025-10-29 10:34:14.93805"
14644,"04a600b9b0b8","2025-10-29 10:32:40","vxme6reea4eB0b7ume5M","{""bme688"": [{""temp"": 24.36149, ""step"": 6, ""status"": 1, ""pres"": 979.7466, ""meas_profile"": ""HP-8"", ""meas_id"": 8, ""hum"": 35.29279, ""gas_res"": 11416.34}, {""temp"": 24.35496, ""step"": 6, ""status"": 1, ""pres"": 979.83, ""meas_profile"": ""HP-7"", ""meas_id"": 7, ""hum"": 35.16908, ""gas_res"": 16899.92}, {""temp"": 24.44651, ""step"": 6, ""status"": 1, ""pres"": 980.0148, ""meas_profile"": ""HP-6"", ""meas_id"": 6, ""hum"": 35.02566, ""gas_res"": 32661.39}, {""temp"": 24.35815, ""step"": 6, ""status"": 1, ""pres"": 979.7272, ""meas_profile"": ""HP-5"", ""meas_id"": 5, ""hum"": 35.20942, ""gas_res"": 104617.9}, {""temp"": 24.15525, ""step"": 6, ""status"": 1, ""pres"": 979.8326, ""meas_profile"": ""HP-4"", ""meas_id"": 4, ""hum"": 34.6289, ""gas_res"": 104617.9}, {""temp"": 24.30098, ""step"": 6, ""status"": 1, ""pres"": 979.4511, ""meas_profile"": ""HP-3"", ""meas_id"": 3, ""hum"": 35.12158, ""gas_res"": 37680.3}, {""temp"": 24.24255, ""step"": 6, ""status"": 1, ""pres"": 979.5809, ""meas_profile"": ""HP-2"", ""meas_id"": 2, ""hum"": 35.37556, ""gas_res"": 100000.0}, {""temp"": 24.02795, ""step"": 6, ""status"": 1, ""pres"": 979.7646, ""meas_profile"": ""HP-1"", ""meas_id"": 1, ""hum"": 34.93606, ""gas_res"": 46562.39}]}",NULL,"2025-10-29 10:34:16.406443"
14645,"04a600b9b0b8","2025-10-29 10:32:40","vxme6reea4eB0b7ume5M","{""bme688"": [{""temp"": 24.36149, ""step"": 5, ""status"": 1, ""pres"": 979.7466, ""meas_profile"": ""HP-8"", ""meas_id"": 8, ""hum"": 35.28702, ""gas_res"": 11212.33}, {""temp"": 24.35496, ""step"": 5, ""status"": 1, ""pres"": 979.8317, ""meas_profile"": ""HP-7"", ""meas_id"": 7, ""hum"": 35.1805, ""gas_res"": 16623.38}, {""temp"": 24.44651, ""step"": 5, ""status"": 1, ""pres"": 980.0148, ""meas_profile"": ""HP-6"", ""meas_id"": 6, ""hum"": 35.02566, ""gas_res"": 32364.1}, {""temp"": 24.35783, ""step"": 5, ""status"": 1, ""pres"": 979.7265, ""meas_profile"": ""HP-5"", ""meas_id"": 5, ""hum"": 35.19796, ""gas_res"": 103854.0}, {""temp"": 24.15494, ""step"": 5, ""status"": 1, ""pres"": 979.8321, ""meas_profile"": ""HP-4"", ""meas_id"": 4, ""hum"": 34.67514, ""gas_res"": 103038.8}, {""temp"": 24.30098, ""step"": 5, ""status"": 1, ""pres"": 979.4511, ""meas_profile"": ""HP-3"", ""meas_id"": 3, ""hum"": 35.11579, ""gas_res"": 36270.9}, {""temp"": 24.24255, ""step"": 5, ""status"": 1, ""pres"": 979.5809, ""meas_profile"": ""HP-2"", ""meas_id"": 2, ""hum"": 35.38701, ""gas_res"": 92020.13}, {""temp"": 24.02826, ""step"": 5, ""status"": 1, ""pres"": 979.7668, ""meas_profile"": ""HP-1"", ""meas_id"": 1, ""hum"": 34.92425, ""gas_res"": 44290.66}]}",NULL,"2025-10-29 10:34:17.533297"
14646,"04a600b9b0b8","2025-10-29 10:32:40","vxme6reea4eB0b7ume5M","{""bme688"": [{""temp"": 24.3618, ""step"": 4, ""status"": 1, ""pres"": 979.7488, ""meas_profile"": ""HP-8"", ""meas_id"": 8, ""hum"": 35.31013, ""gas_res"": 11142.06}, {""temp"": 24.35465, ""step"": 4, ""status"": 1, ""pres"": 979.8312, ""meas_profile"": ""HP-7"", ""meas_id"": 7, ""hum"": 35.17476, ""gas_res"": 16482.1}, {""temp"": 24.44682, ""step"": 4, ""status"": 1, ""pres"": 980.0171, ""meas_profile"": ""HP-6"", ""meas_id"": 6, ""hum"": 35.04304, ""gas_res"": 32413.27}, {""temp"": 24.35783, ""step"": 4, ""status"": 1, ""pres"": 979.7282, ""meas_profile"": ""HP-5"", ""meas_id"": 5, ""hum"": 35.23226, ""gas_res"": 104489.8}, {""temp"": 24.15494, ""step"": 4, ""status"": 1, ""pres"": 979.8337, ""meas_profile"": ""HP-4"", ""meas_id"": 4, ""hum"": 34.65201, ""gas_res"": 105328.1}, {""temp"": 24.30128, ""step"": 4, ""status"": 1, ""pres"": 979.4515, ""meas_profile"": ""HP-3"", ""meas_id"": 3, ""hum"": 35.12161, ""gas_res"": 34934.5}, {""temp"": 24.24255, ""step"": 4, ""status"": 1, ""pres"": 979.5809, ""meas_profile"": ""HP-2"", ""meas_id"": 2, ""hum"": 35.38129, ""gas_res"": 87312.41}, {""temp"": 24.02826, ""step"": 4, ""status"": 1, ""pres"": 979.7668, ""meas_profile"": ""HP-1"", ""meas_id"": 1, ""hum"": 34.93608, ""gas_res"": 42440.32}]}",NULL,"2025-10-29 10:34:18.789559"
14647,"04a600b9b0b8","2025-10-29 10:32:40","vxme6reea4eB0b7ume5M","{""bme688"": [{""temp"": 24.36149, ""step"": 3, ""status"": 1, ""pres"": 979.7484, ""meas_profile"": ""HP-8"", ""meas_id"": 8, ""hum"": 35.29856, ""gas_res"": 27485.51}, {""temp"": 24.35465, ""step"": 3, ""status"": 1, ""pres"": 979.8312, ""meas_profile"": ""HP-7"", ""meas_id"": 7, ""hum"": 35.17476, ""gas_res"": 37058.48}, {""temp"": 24.44651, ""step"": 3, ""status"": 1, ""pres"": 980.0165, ""meas_profile"": ""HP-6"", ""meas_id"": 6, ""hum"": 35.03144, ""gas_res"": 126764.0}, {""temp"": 24.35783, ""step"": 3, ""status"": 1, ""pres"": 979.7282, ""meas_profile"": ""HP-5"", ""meas_id"": 5, ""hum"": 35.24369, ""gas_res"": 295185.9}, {""temp"": 24.15494, ""step"": 3, ""status"": 1, ""pres"": 979.8337, ""meas_profile"": ""HP-4"", ""meas_id"": 4, ""hum"": 34.65779, ""gas_res"": 379189.0}, {""temp"": 24.30128, ""step"": 3, ""status"": 1, ""pres"": 979.4515, ""meas_profile"": ""HP-3"", ""meas_id"": 3, ""hum"": 35.14476, ""gas_res"": 175522.8}, {""temp"": 24.24255, ""step"": 3, ""status"": 1, ""pres"": 979.5809, ""meas_profile"": ""HP-2"", ""meas_id"": 2, ""hum"": 35.40418, ""gas_res"": 312480.9}, {""temp"": 24.02826, ""step"": 3, ""status"": 1, ""pres"": 979.7686, ""meas_profile"": ""HP-1"", ""meas_id"": 1, ""hum"": 34.95383, ""gas_res"": 233257.4}]}",NULL,"2025-10-29 10:34:20.07078"
14648,"04a600b9b0b8","2025-10-29 10:32:40","vxme6reea4eB0b7ume5M","{""bme688"": [{""temp"": 24.36149, ""step"": 2, ""status"": 1, ""pres"": 979.7484, ""meas_profile"": ""HP-8"", ""meas_id"": 8, ""hum"": 35.3101, ""gas_res"": 29643.35}, {""temp"": 24.35465, ""step"": 2, ""status"": 1, ""pres"": 979.8329, ""meas_profile"": ""HP-7"", ""meas_id"": 7, ""hum"": 35.18617, ""gas_res"": 40163.16}, {""temp"": 24.44651, ""step"": 2, ""status"": 1, ""pres"": 980.0165, ""meas_profile"": ""HP-6"", ""meas_id"": 6, ""hum"": 35.04301, ""gas_res"": 152881.5}, {""temp"": 24.35752, ""step"": 2, ""status"": 1, ""pres"": 979.7277, ""meas_profile"": ""HP-5"", ""meas_id"": 5, ""hum"": 35.23223, ""gas_res"": 395443.1}, {""temp"": 24.15463, ""step"": 2, ""status"": 1, ""pres"": 979.8333, ""meas_profile"": ""HP-4"", ""meas_id"": 4, ""hum"": 34.66933, ""gas_res"": 456531.4}, {""temp"": 24.30128, ""step"": 2, ""status"": 1, ""pres"": 979.45, ""meas_profile"": ""HP-3"", ""meas_id"": 3, ""hum"": 35.1274, ""gas_res"": 211964.4}, {""temp"": 24.24255, ""step"": 2, ""status"": 1, ""pres"": 979.5809, ""meas_profile"": ""HP-2"", ""meas_id"": 2, ""hum"": 35.39273, ""gas_res"": 384240.2}, {""temp"": 24.02826, ""step"": 2, ""status"": 1, ""pres"": 979.7704, ""meas_profile"": ""HP-1"", ""meas_id"": 1, ""hum"": 34.942, ""gas_res"": 281318.7}]}",NULL,"2025-10-29 10:34:21.524602"
14649,"04a600b9b0b8","2025-10-29 10:32:40","vxme6reea4eB0b7ume5M","{""bme688"": [{""temp"": 24.36118, ""step"": 1, ""status"": 1, ""pres"": 979.7498, ""meas_profile"": ""HP-8"", ""meas_id"": 8, ""hum"": 35.29853, ""gas_res"": 7162.041}, {""temp"": 24.35434, ""step"": 1, ""status"": 1, ""pres"": 979.8323, ""meas_profile"": ""HP-7"", ""meas_id"": 7, ""hum"": 35.18614, ""gas_res"": 8416.623}, {""temp"": 24.44682, ""step"": 1, ""status"": 1, ""pres"": 980.0171, ""meas_profile"": ""HP-6"", ""meas_id"": 6, ""hum"": 35.03725, ""gas_res"": 25000.0}, {""temp"": 24.35783, ""step"": 1, ""status"": 1, ""pres"": 979.7282, ""meas_profile"": ""HP-5"", ""meas_id"": 5, ""hum"": 35.21511, ""gas_res"": 30512.52}, {""temp"": 24.15494, ""step"": 1, ""status"": 1, ""pres"": 979.8321, ""meas_profile"": ""HP-4"", ""meas_id"": 4, ""hum"": 34.68093, ""gas_res"": 28249.83}, {""temp"": 24.30128, ""step"": 1, ""status"": 1, ""pres"": 979.45, ""meas_profile"": ""HP-3"", ""meas_id"": 3, ""hum"": 35.14476, ""gas_res"": 25000.0}, {""temp"": 24.24255, ""step"": 1, ""status"": 1, ""pres"": 979.5809, ""meas_profile"": ""HP-2"", ""meas_id"": 2, ""hum"": 35.40418, ""gas_res"": 23738.87}, {""temp"": 24.02826, ""step"": 1, ""status"": 1, ""pres"": 979.7722, ""meas_profile"": ""HP-1"", ""meas_id"": 1, ""hum"": 34.95383, ""gas_res"": 25000.0}]}",NULL,"2025-10-29 10:34:23.257114"
14650,"04a600b9b0b8","2025-10-29 10:32:40","vxme6reea4eB0b7ume5M","{""bme688"": [{""temp"": 24.36087, ""step"": 0, ""status"": 1, ""pres"": 979.7492, ""meas_profile"": ""HP-8"", ""meas_id"": 8, ""hum"": 35.31004, ""gas_res"": 5684.846}, {""temp"": 24.35403, ""step"": 0, ""status"": 1, ""pres"": 979.8335, ""meas_profile"": ""HP-7"", ""meas_id"": 7, ""hum"": 35.18611, ""gas_res"": 5684.846}, {""temp"": 24.44682, ""step"": 0, ""status"": 1, ""pres"": 980.0171, ""meas_profile"": ""HP-6"", ""meas_id"": 6, ""hum"": 35.04304, ""gas_res"": 6542.629}, {""temp"": 24.35815, ""step"": 0, ""status"": 1, ""pres"": 979.7305, ""meas_profile"": ""HP-5"", ""meas_id"": 5, ""hum"": 35.23801, ""gas_res"": 20506.25}, {""temp"": 24.15494, ""step"": 0, ""status"": 1, ""pres"": 979.8337, ""meas_profile"": ""HP-4"", ""meas_id"": 4, ""hum"": 34.66936, ""gas_res"": 10495.24}, {""temp"": 24.30128, ""step"": 0, ""status"": 1, ""pres"": 979.45, ""meas_profile"": ""HP-3"", ""meas_id"": 3, ""hum"": 35.15633, ""gas_res"": 7457.469}, {""temp"": 24.24255, ""step"": 0, ""status"": 1, ""pres"": 979.5809, ""meas_profile"": ""HP-2"", ""meas_id"": 2, ""hum"": 35.40418, ""gas_res"": 7279.345}, {""temp"": 24.02826, ""step"": 0, ""status"": 1, ""pres"": 979.7722, ""meas_profile"": ""HP-1"", ""meas_id"": 1, ""hum"": 34.93608, ""gas_res"": 6062.903}]}",NULL,"2025-10-29 10:34:24.538971"
14651,"04a600b9b0b8","2025-10-29 10:32:09","vxme6reea4eB0b7ume5M","{""zphs01b"": {""voc"": 0, ""temp"": 21.8, ""pm2_5"": 0, ""pm1_0"": 0, ""pm10"": 305, ""o3"": 0.02, ""no2"": 10.0, ""hum"": 0, ""fmhd"": 0, ""co2"": 5000, ""co"": 0.0}, ""smell_b"": {}, ""sfa30"": {""temp"": 24.21, ""hum"": 37.82, ""fmhd"": 2.2}, ""sen5x"": {""voc"": 116.0, ""temp"": 25.035, ""pm4_0"": 3817.5, ""pm2_5"": 3817.5, ""pm1_0"": 3640.2, ""pm10"": 3817.5, ""nox"": 1.0, ""mass_c"": 3773.175, ""hum"": 40.67}, ""scd41"": {""temp"": 23.6675, ""hum"": 43.68658, ""co2"": 699}, ""power_source"": 0, ""mics6814"": {""red_res"": 0, ""no2_res"": 0, ""no2"": 0.17, ""nh3_res"": 0, ""nh3"": 0.73, ""co_res"": 0, ""co"": 44.0}}",NULL,"2025-10-29 10:34:25.712465"
14652,"04a600b9b0b8","2025-10-29 10:32:09","vxme6reea4eB0b7ume5M","{""bme688"": [{""temp"": 24.36057, ""step"": 9, ""status"": 1, ""pres"": 979.7505, ""meas_profile"": ""HP-8"", ""meas_id"": 8, ""hum"": 35.28693, ""gas_res"": 5684.846}, {""temp"": 24.35372, ""step"": 9, ""status"": 1, ""pres"": 979.8329, ""meas_profile"": ""HP-7"", ""meas_id"": 7, ""hum"": 35.18608, ""gas_res"": 5684.846}, {""temp"": 24.44651, ""step"": 9, ""status"": 1, ""pres"": 980.0165, ""meas_profile"": ""HP-6"", ""meas_id"": 6, ""hum"": 35.01987, ""gas_res"": 7289.294}, {""temp"": 24.35815, ""step"": 9, ""status"": 1, ""pres"": 979.7305, ""meas_profile"": ""HP-5"", ""meas_id"": 5, ""hum"": 35.21514, ""gas_res"": 18197.33}, {""temp"": 24.15525, ""step"": 9, ""status"": 1, ""pres"": 979.8343, ""meas_profile"": ""HP-4"", ""meas_id"": 4, ""hum"": 34.6636, ""gas_res"": 9067.725}, {""temp"": 24.30128, ""step"": 9, ""status"": 1, ""pres"": 979.45, ""meas_profile"": ""HP-3"", ""meas_id"": 3, ""hum"": 35.11003, ""gas_res"": 6698.765}, {""temp"": 24.24255, ""step"": 9, ""status"": 1, ""pres"": 979.5809, ""meas_profile"": ""HP-2"", ""meas_id"": 2, ""hum"": 35.38701, ""gas_res"": 6203.955}, {""temp"": 24.02826, ""step"": 9, ""status"": 1, ""pres"": 979.7722, ""meas_profile"": ""HP-1"", ""meas_id"": 1, ""hum"": 34.94792, ""gas_res"": 6636.25}]}",NULL,"2025-10-29 10:34:27.19182"
14653,"04a600b9b0b8","2025-10-29 10:32:09","vxme6reea4eB0b7ume5M","{""bme688"": [{""temp"": 24.35995, ""step"": 8, ""status"": 1, ""pres"": 979.7495, ""meas_profile"": ""HP-8"", ""meas_id"": 8, ""hum"": 35.30995, ""gas_res"": 5684.846}, {""temp"": 24.3531, ""step"": 8, ""status"": 1, ""pres"": 979.832, ""meas_profile"": ""HP-7"", ""meas_id"": 7, ""hum"": 35.18031, ""gas_res"": 5684.846}, {""temp"": 24.44651, ""step"": 8, ""status"": 1, ""pres"": 980.0182, ""meas_profile"": ""HP-6"", ""meas_id"": 6, ""hum"": 35.03144, ""gas_res"": 7249.66}, {""temp"": 24.35846, ""step"": 8, ""status"": 1, ""pres"": 979.731, ""meas_profile"": ""HP-5"", ""meas_id"": 5, ""hum"": 35.20945, ""gas_res"": 11640.6}, {""temp"": 24.15557, ""step"": 8, ""status"": 1, ""pres"": 979.8348, ""meas_profile"": ""HP-4"", ""meas_id"": 4, ""hum"": 34.66363, ""gas_res"": 8662.696}, {""temp"": 24.30128, ""step"": 8, ""status"": 1, ""pres"": 979.45, ""meas_profile"": ""HP-3"", ""meas_id"": 3, ""hum"": 35.13318, ""gas_res"": 6008.261}, {""temp"": 24.24255, ""step"": 8, ""status"": 1, ""pres"": 979.5809, ""meas_profile"": ""HP-2"", ""meas_id"": 2, ""hum"": 35.39845, ""gas_res"": 6032.045}, {""temp"": 24.02826, ""step"": 8, ""status"": 1, ""pres"": 979.7722, ""meas_profile"": ""HP-1"", ""meas_id"": 1, ""hum"": 34.94792, ""gas_res"": 6378.314}]}",NULL,"2025-10-29 10:34:28.376723"
14654,"04a600b9b0b8","2025-10-29 10:32:09","vxme6reea4eB0b7ume5M","{""bme688"": [{""temp"": 24.35964, ""step"": 7, ""status"": 1, ""pres"": 979.7506, ""meas_profile"": ""HP-8"", ""meas_id"": 8, ""hum"": 35.30993, ""gas_res"": 5684.846}, {""temp"": 24.35279, ""step"": 7, ""status"": 1, ""pres"": 979.8314, ""meas_profile"": ""HP-7"", ""meas_id"": 7, ""hum"": 35.18029, ""gas_res"": 5684.846}, {""temp"": 24.44651, ""step"": 7, ""status"": 1, ""pres"": 980.0182, ""meas_profile"": ""HP-6"", ""meas_id"": 6, ""hum"": 35.03723, ""gas_res"": 6880.241}, {""temp"": 24.35877, ""step"": 7, ""status"": 1, ""pres"": 979.7333, ""meas_profile"": ""HP-5"", ""meas_id"": 5, ""hum"": 35.22663, ""gas_res"": 10902.9}, {""temp"": 24.15587, ""step"": 7, ""status"": 1, ""pres"": 979.8353, ""meas_profile"": ""HP-4"", ""meas_id"": 4, ""hum"": 34.65788, ""gas_res"": 8000.0}, {""temp"": 24.30098, ""step"": 7, ""status"": 1, ""pres"": 979.4494, ""meas_profile"": ""HP-3"", ""meas_id"": 3, ""hum"": 35.12737, ""gas_res"": 5684.846}, {""temp"": 24.24224, ""step"": 7, ""status"": 1, ""pres"": 979.5804, ""meas_profile"": ""HP-2"", ""meas_id"": 2, ""hum"": 35.3927, ""gas_res"": 6983.85}, {""temp"": 24.02795, ""step"": 7, ""status"": 1, ""pres"": 979.7736, ""meas_profile"": ""HP-1"", ""meas_id"": 1, ""hum"": 34.94197, ""gas_res"": 5755.396}]}",NULL,"2025-10-29 10:34:29.659585"
14655,"04a600b9b0b8","2025-10-29 10:32:09","vxme6reea4eB0b7ume5M","{""bme688"": [{""temp"": 24.35964, ""step"": 6, ""status"": 1, ""pres"": 979.7506, ""meas_profile"": ""HP-8"", ""meas_id"": 8, ""hum"": 35.3157, ""gas_res"": 11118.83}, {""temp"": 24.35279, ""step"": 6, ""status"": 1, ""pres"": 979.8314, ""meas_profile"": ""HP-7"", ""meas_id"": 7, ""hum"": 35.18599, ""gas_res"": 15094.34}, {""temp"": 24.4462, ""step"": 6, ""status"": 1, ""pres"": 980.0178, ""meas_profile"": ""HP-6"", ""meas_id"": 6, ""hum"": 35.03719, ""gas_res"": 24114.54}, {""temp"": 24.35877, ""step"": 6, ""status"": 1, ""pres"": 979.7333, ""meas_profile"": ""HP-5"", ""meas_id"": 5, ""hum"": 35.24379, ""gas_res"": 84880.63}, {""temp"": 24.15557, ""step"": 6, ""status"": 1, ""pres"": 979.8348, ""meas_profile"": ""HP-4"", ""meas_id"": 4, ""hum"": 34.65206, ""gas_res"": 80175.38}, {""temp"": 24.30098, ""step"": 6, ""status"": 1, ""pres"": 979.4494, ""meas_profile"": ""HP-3"", ""meas_id"": 3, ""hum"": 35.13315, ""gas_res"": 24516.38}, {""temp"": 24.24255, ""step"": 6, ""status"": 1, ""pres"": 979.5809, ""meas_profile"": ""HP-2"", ""meas_id"": 2, ""hum"": 35.4099, ""gas_res"": 34316.36}, {""temp"": 24.02826, ""step"": 6, ""status"": 1, ""pres"": 979.7759, ""meas_profile"": ""HP-1"", ""meas_id"": 1, ""hum"": 34.94792, ""gas_res"": 28802.88}]}",NULL,"2025-10-29 10:34:30.939078"
14656,"04a600b9b0b8","2025-10-29 10:32:09","vxme6reea4eB0b7ume5M","{""bme688"": [{""temp"": 24.35995, ""step"": 5, ""status"": 1, ""pres"": 979.753, ""meas_profile"": ""HP-8"", ""meas_id"": 8, ""hum"": 35.31572, ""gas_res"": 11212.33}, {""temp"": 24.35279, ""step"": 5, ""status"": 1, ""pres"": 979.8314, ""meas_profile"": ""HP-7"", ""meas_id"": 7, ""hum"": 35.20311, ""gas_res"": 15147.93}, {""temp"": 24.4462, ""step"": 5, ""status"": 1, ""pres"": 980.0178, ""meas_profile"": ""HP-6"", ""meas_id"": 6, ""hum"": 35.04298, ""gas_res"": 24265.4}, {""temp"": 24.35846, ""step"": 5, ""status"": 1, ""pres"": 979.7327, ""meas_profile"": ""HP-5"", ""meas_id"": 5, ""hum"": 35.2266, ""gas_res"": 84544.25}, {""temp"": 24.15557, ""step"": 5, ""status"": 1, ""pres"": 979.8348, ""meas_profile"": ""HP-4"", ""meas_id"": 4, ""hum"": 34.6752, ""gas_res"": 78407.35}, {""temp"": 24.30098, ""step"": 5, ""status"": 1, ""pres"": 979.4494, ""meas_profile"": ""HP-3"", ""meas_id"": 3, ""hum"": 35.12158, ""gas_res"": 25000.0}, {""temp"": 24.24286, ""step"": 5, ""status"": 1, ""pres"": 979.5831, ""meas_profile"": ""HP-2"", ""meas_id"": 2, ""hum"": 35.39849, ""gas_res"": 32561.69}, {""temp"": 24.02826, ""step"": 5, ""status"": 1, ""pres"": 979.7759, ""meas_profile"": ""HP-1"", ""meas_id"": 1, ""hum"": 34.95975, ""gas_res"": 27084.21}]}",NULL,"2025-10-29 10:34:32.310038"
14657,"04a600b9b0b8","2025-10-29 10:32:09","vxme6reea4eB0b7ume5M","{""bme688"": [{""temp"": 24.36026, ""step"": 4, ""status"": 1, ""pres"": 979.7536, ""meas_profile"": ""HP-8"", ""meas_id"": 8, ""hum"": 35.34462, ""gas_res"": 11552.35}, {""temp"": 24.35279, ""step"": 4, ""status"": 1, ""pres"": 979.8331, ""meas_profile"": ""HP-7"", ""meas_id"": 7, ""hum"": 35.21452, ""gas_res"": 15488.87}, {""temp"": 24.4462, ""step"": 4, ""status"": 1, ""pres"": 980.0178, ""meas_profile"": ""HP-6"", ""meas_id"": 6, ""hum"": 35.04876, ""gas_res"": 25048.92}, {""temp"": 24.35846, ""step"": 4, ""status"": 1, ""pres"": 979.7327, ""meas_profile"": ""HP-5"", ""meas_id"": 5, ""hum"": 35.24948, ""gas_res"": 86779.66}, {""temp"": 24.15557, ""step"": 4, ""status"": 1, ""pres"": 979.8348, ""meas_profile"": ""HP-4"", ""meas_id"": 4, ""hum"": 34.6752, ""gas_res"": 78624.08}, {""temp"": 24.30128, ""step"": 4, ""status"": 1, ""pres"": 979.45, ""meas_profile"": ""HP-3"", ""meas_id"": 3, ""hum"": 35.15633, ""gas_res"": 25000.0}, {""temp"": 24.24286, ""step"": 4, ""status"": 1, ""pres"": 979.5831, ""meas_profile"": ""HP-2"", ""meas_id"": 2, ""hum"": 35.42139, ""gas_res"": 31573.75}, {""temp"": 24.02826, ""step"": 4, ""status"": 1, ""pres"": 979.7759, ""meas_profile"": ""HP-1"", ""meas_id"": 1, ""hum"": 34.95975, ""gas_res"": 25482.78}]}",NULL,"2025-10-29 10:34:33.49894"
14658,"04a600b9b0b8","2025-10-29 10:32:09","vxme6reea4eB0b7ume5M","{""bme688"": [{""temp"": 24.36026, ""step"": 3, ""status"": 1, ""pres"": 979.7536, ""meas_profile"": ""HP-8"", ""meas_id"": 8, ""hum"": 35.30998, ""gas_res"": 38117.93}, {""temp"": 24.35248, ""step"": 3, ""status"": 1, ""pres"": 979.8326, ""meas_profile"": ""HP-7"", ""meas_id"": 7, ""hum"": 35.20879, ""gas_res"": 46360.02}, {""temp"": 24.4462, ""step"": 3, ""status"": 1, ""pres"": 980.0178, ""meas_profile"": ""HP-6"", ""meas_id"": 6, ""hum"": 35.04876, ""gas_res"": 132163.1}, {""temp"": 24.35877, ""step"": 3, ""status"": 1, ""pres"": 979.7333, ""meas_profile"": ""HP-5"", ""meas_id"": 5, ""hum"": 35.22091, ""gas_res"": 307138.6}, {""temp"": 24.15557, ""step"": 3, ""status"": 1, ""pres"": 979.8348, ""meas_profile"": ""HP-4"", ""meas_id"": 4, ""hum"": 34.66363, ""gas_res"": 316537.9}, {""temp"": 24.30128, ""step"": 3, ""status"": 1, ""pres"": 979.45, ""meas_profile"": ""HP-3"", ""meas_id"": 3, ""hum"": 35.15054, ""gas_res"": 151793.7}, {""temp"": 24.24286, ""step"": 3, ""status"": 1, ""pres"": 979.5831, ""meas_profile"": ""HP-2"", ""meas_id"": 2, ""hum"": 35.39849, ""gas_res"": 255234.3}, {""temp"": 24.02795, ""step"": 3, ""status"": 1, ""pres"": 979.7773, ""meas_profile"": ""HP-1"", ""meas_id"": 1, ""hum"": 34.97156, ""gas_res"": 182466.1}]}",NULL,"2025-10-29 10:34:34.778285"
14659,"04a600b9b0b8","2025-10-29 10:32:09","vxme6reea4eB0b7ume5M","{""bme688"": [{""temp"": 24.35995, ""step"": 2, ""status"": 1, ""pres"": 979.753, ""meas_profile"": ""HP-8"", ""meas_id"": 8, ""hum"": 35.30995, ""gas_res"": 33773.09}, {""temp"": 24.35248, ""step"": 2, ""status"": 1, ""pres"": 979.8326, ""meas_profile"": ""HP-7"", ""meas_id"": 7, ""hum"": 35.21449, ""gas_res"": 39677.62}, {""temp"": 24.4462, ""step"": 2, ""status"": 1, ""pres"": 980.0178, ""meas_profile"": ""HP-6"", ""meas_id"": 6, ""hum"": 35.04298, ""gas_res"": 116231.6}, {""temp"": 24.35877, ""step"": 2, ""status"": 1, ""pres"": 979.7333, ""meas_profile"": ""HP-5"", ""meas_id"": 5, ""hum"": 35.24379, ""gas_res"": 288450.7}, {""temp"": 24.15557, ""step"": 2, ""status"": 1, ""pres"": 979.8348, ""meas_profile"": ""HP-4"", ""meas_id"": 4, ""hum"": 34.68677, ""gas_res"": 291654.8}, {""temp"": 24.30128, ""step"": 2, ""status"": 1, ""pres"": 979.45, ""meas_profile"": ""HP-3"", ""meas_id"": 3, ""hum"": 35.1679, ""gas_res"": 124453.1}, {""temp"": 24.24286, ""step"": 2, ""status"": 1, ""pres"": 979.5831, ""meas_profile"": ""HP-2"", ""meas_id"": 2, ""hum"": 35.39849, ""gas_res"": 211308.3}, {""temp"": 24.02826, ""step"": 2, ""status"": 1, ""pres"": 979.7777, ""meas_profile"": ""HP-1"", ""meas_id"": 1, ""hum"": 34.96567, ""gas_res"": 149010.5}]}",NULL,"2025-10-29 10:34:36.06002"
14660,"04a600b9b0b8","2025-10-29 10:32:09","vxme6reea4eB0b7ume5M","{""bme688"": [{""temp"": 24.36026, ""step"": 1, ""status"": 1, ""pres"": 979.7536, ""meas_profile"": ""HP-8"", ""meas_id"": 8, ""hum"": 35.33884, ""gas_res"": 7952.286}, {""temp"": 24.35248, ""step"": 1, ""status"": 1, ""pres"": 979.8326, ""meas_profile"": ""HP-7"", ""meas_id"": 7, ""hum"": 35.19737, ""gas_res"": 8324.662}, {""temp"": 24.44651, ""step"": 1, ""status"": 1, ""pres"": 980.0182, ""meas_profile"": ""HP-6"", ""meas_id"": 6, ""hum"": 35.04879, ""gas_res"": 21563.34}, {""temp"": 24.35908, ""step"": 1, ""status"": 1, ""pres"": 979.7336, ""meas_profile"": ""HP-5"", ""meas_id"": 5, ""hum"": 35.24953, ""gas_res"": 24210.33}, {""temp"": 24.15587, ""step"": 1, ""status"": 1, ""pres"": 979.8353, ""meas_profile"": ""HP-4"", ""meas_id"": 4, ""hum"": 34.66945, ""gas_res"": 25000.0}, {""temp"": 24.30128, ""step"": 1, ""status"": 1, ""pres"": 979.4481, ""meas_profile"": ""HP-3"", ""meas_id"": 3, ""hum"": 35.14476, ""gas_res"": 20233.96}, {""temp"": 24.24317, ""step"": 1, ""status"": 1, ""pres"": 979.5854, ""meas_profile"": ""HP-2"", ""meas_id"": 2, ""hum"": 35.40997, ""gas_res"": 25000.0}, {""temp"": 24.02826, ""step"": 1, ""status"": 1, ""pres"": 979.7777, ""meas_profile"": ""HP-1"", ""meas_id"": 1, ""hum"": 34.95975, ""gas_res"": 21717.0}]}",NULL,"2025-10-29 10:34:37.447985"
14661,"04a600b9b0b8","2025-10-29 10:32:09","vxme6reea4eB0b7ume5M","{""bme688"": [{""temp"": 24.35964, ""step"": 0, ""status"": 1, ""pres"": 979.7542, ""meas_profile"": ""HP-8"", ""meas_id"": 8, ""hum"": 35.35611, ""gas_res"": 5684.846}, {""temp"": 24.35217, ""step"": 0, ""status"": 1, ""pres"": 979.8322, ""meas_profile"": ""HP-7"", ""meas_id"": 7, ""hum"": 35.20875, ""gas_res"": 5684.846}, {""temp"": 24.4462, ""step"": 0, ""status"": 1, ""pres"": 980.0195, ""meas_profile"": ""HP-6"", ""meas_id"": 6, ""hum"": 35.05455, ""gas_res"": 7230.004}, {""temp"": 24.35908, ""step"": 0, ""status"": 1, ""pres"": 979.7354, ""meas_profile"": ""HP-5"", ""meas_id"": 5, ""hum"": 35.23809, ""gas_res"": 11165.39}, {""temp"": 24.15587, ""step"": 0, ""status"": 1, ""pres"": 979.8353, ""meas_profile"": ""HP-4"", ""meas_id"": 4, ""hum"": 34.67523, ""gas_res"": 7812.5}, {""temp"": 24.30067, ""step"": 0, ""status"": 1, ""pres"": 979.4489, ""meas_profile"": ""HP-3"", ""meas_id"": 3, ""hum"": 35.16785, ""gas_res"": 5684.846}, {""temp"": 24.24286, ""step"": 0, ""status"": 1, ""pres"": 979.5848, ""meas_profile"": ""HP-2"", ""meas_id"": 2, ""hum"": 35.42139, ""gas_res"": 6471.183}, {""temp"": 24.02795, ""step"": 0, ""status"": 1, ""pres"": 979.7791, ""meas_profile"": ""HP-1"", ""meas_id"": 1, ""hum"": 34.95972, ""gas_res"": 5684.846}]}",NULL,"2025-10-29 10:34:38.617803"
14668,"04a600b9b0b8","2025-10-29 10:34:57","vxme6reea4eB0b7ume5M","{""zphs01b"": {""voc"": 0, ""temp"": 22.0, ""pm2_5"": 0, ""pm1_0"": 0, ""pm10"": 280, ""o3"": 0.02, ""no2"": 8.5, ""hum"": 0, ""fmhd"": 0, ""co2"": 5000, ""co"": 0.0}, ""smell_b"": {}, ""sfa30"": {""temp"": 24.26, ""hum"": 37.69, ""fmhd"": 8.4}, ""sen5x"": {""voc"": 137.0, ""temp"": 24.6, ""pm4_0"": 4449.2, ""pm2_5"": 4449.2, ""pm1_0"": 4242.6, ""pm10"": 4449.2, ""nox"": 1.0, ""mass_c"": 4397.55, ""hum"": 42.0}, ""scd41"": {""temp"": 23.54467, ""hum"": 45.86557, ""co2"": 697}, ""power_source"": 0, ""mics6814"": {""red_res"": 0, ""no2_res"": 0, ""no2"": 0.17, ""nh3_res"": 0, ""nh3"": 0.73, ""co_res"": 0, ""co"": 44.0}}",NULL,"2025-10-29 10:35:15.03299"
14669,"04a600b9b0b8","2025-10-29 10:34:57","vxme6reea4eB0b7ume5M","{""bme688"": [{""temp"": 24.36674, ""step"": 9, ""status"": 1, ""pres"": 979.7338, ""meas_profile"": ""HP-8"", ""meas_id"": 8, ""hum"": 35.26444, ""gas_res"": 5684.846}, {""temp"": 24.35931, ""step"": 9, ""status"": 1, ""pres"": 979.8271, ""meas_profile"": ""HP-7"", ""meas_id"": 7, ""hum"": 35.15239, ""gas_res"": 5684.846}, {""temp"": 24.44651, ""step"": 9, ""status"": 1, ""pres"": 979.9993, ""meas_profile"": ""HP-6"", ""meas_id"": 6, ""hum"": 34.96783, ""gas_res"": 6506.71}, {""temp"": 24.35846, ""step"": 9, ""status"": 1, ""pres"": 979.7141, ""meas_profile"": ""HP-5"", ""meas_id"": 5, ""hum"": 35.17516, ""gas_res"": 25000.0}, {""temp"": 24.1565, ""step"": 9, ""status"": 1, ""pres"": 979.8314, ""meas_profile"": ""HP-4"", ""meas_id"": 4, ""hum"": 34.57121, ""gas_res"": 11552.35}, {""temp"": 24.30314, ""step"": 9, ""status"": 1, ""pres"": 979.4597, ""meas_profile"": ""HP-3"", ""meas_id"": 3, ""hum"": 35.0408, ""gas_res"": 6880.241}, {""temp"": 24.24534, ""step"": 9, ""status"": 1, ""pres"": 979.5872, ""meas_profile"": ""HP-2"", ""meas_id"": 2, ""hum"": 35.27287, ""gas_res"": 6069.803}, {""temp"": 24.02982, ""step"": 9, ""status"": 1, ""pres"": 979.7439, ""meas_profile"": ""HP-1"", ""meas_id"": 1, ""hum"": 34.71156, ""gas_res"": 6766.758}]}",NULL,"2025-10-29 10:35:16.388894"
14670,"04a600b9b0b8","2025-10-29 10:34:57","vxme6reea4eB0b7ume5M","{""bme688"": [{""temp"": 24.36643, ""step"": 8, ""status"": 1, ""pres"": 979.7349, ""meas_profile"": ""HP-8"", ""meas_id"": 8, ""hum"": 35.27596, ""gas_res"": 5684.846}, {""temp"": 24.359, ""step"": 8, ""status"": 1, ""pres"": 979.8283, ""meas_profile"": ""HP-7"", ""meas_id"": 7, ""hum"": 35.15236, ""gas_res"": 5684.846}, {""temp"": 24.4462, ""step"": 8, ""status"": 1, ""pres"": 980.0005, ""meas_profile"": ""HP-6"", ""meas_id"": 6, ""hum"": 34.95624, ""gas_res"": 6858.123}, {""temp"": 24.35877, ""step"": 8, ""status"": 1, ""pres"": 979.7163, ""meas_profile"": ""HP-5"", ""meas_id"": 5, ""hum"": 35.17518, ""gas_res"": 22735.35}, {""temp"": 24.15619, ""step"": 8, ""status"": 1, ""pres"": 979.8309, ""meas_profile"": ""HP-4"", ""meas_id"": 4, ""hum"": 34.58273, ""gas_res"": 17438.69}, {""temp"": 24.30283, ""step"": 8, ""status"": 1, ""pres"": 979.4592, ""meas_profile"": ""HP-3"", ""meas_id"": 3, ""hum"": 35.04656, ""gas_res"": 6530.612}, {""temp"": 24.24534, ""step"": 8, ""status"": 1, ""pres"": 979.5872, ""meas_profile"": ""HP-2"", ""meas_id"": 2, ""hum"": 35.29575, ""gas_res"": 6291.781}, {""temp"": 24.02951, ""step"": 8, ""status"": 1, ""pres"": 979.7453, ""meas_profile"": ""HP-1"", ""meas_id"": 1, ""hum"": 34.69972, ""gas_res"": 7104.796}]}",NULL,"2025-10-29 10:35:17.843261"
14671,"04a600b9b0b8","2025-10-29 10:34:57","vxme6reea4eB0b7ume5M","{""bme688"": [{""temp"": 24.36582, ""step"": 7, ""status"": 1, ""pres"": 979.734, ""meas_profile"": ""HP-8"", ""meas_id"": 8, ""hum"": 35.27589, ""gas_res"": 5684.846}, {""temp"": 24.35869, ""step"": 7, ""status"": 1, ""pres"": 979.8278, ""meas_profile"": ""HP-7"", ""meas_id"": 7, ""hum"": 35.16944, ""gas_res"": 5684.846}, {""temp"": 24.4462, ""step"": 7, ""status"": 1, ""pres"": 980.0005, ""meas_profile"": ""HP-6"", ""meas_id"": 6, ""hum"": 34.96202, ""gas_res"": 6938.421}, {""temp"": 24.35877, ""step"": 7, ""status"": 1, ""pres"": 979.7163, ""meas_profile"": ""HP-5"", ""meas_id"": 5, ""hum"": 35.17518, ""gas_res"": 21895.31}, {""temp"": 24.15619, ""step"": 7, ""status"": 1, ""pres"": 979.8309, ""meas_profile"": ""HP-4"", ""meas_id"": 4, ""hum"": 34.57695, ""gas_res"": 11142.06}, {""temp"": 24.30252, ""step"": 7, ""status"": 1, ""pres"": 979.457, ""meas_profile"": ""HP-3"", ""meas_id"": 3, ""hum"": 35.06388, ""gas_res"": 6276.971}, {""temp"": 24.24503, ""step"": 7, ""status"": 1, ""pres"": 979.5868, ""meas_profile"": ""HP-2"", ""meas_id"": 2, ""hum"": 35.28999, ""gas_res"": 6073.259}, {""temp"": 24.0292, ""step"": 7, ""status"": 1, ""pres"": 979.7449, ""meas_profile"": ""HP-1"", ""meas_id"": 1, ""hum"": 34.72332, ""gas_res"": 6983.85}]}",NULL,"2025-10-29 10:35:19.577784"
14672,"04a600b9b0b8","2025-10-29 10:34:57","vxme6reea4eB0b7ume5M","{""bme688"": [{""temp"": 24.36582, ""step"": 6, ""status"": 1, ""pres"": 979.7357, ""meas_profile"": ""HP-8"", ""meas_id"": 8, ""hum"": 35.26435, ""gas_res"": 14382.02}, {""temp"": 24.35869, ""step"": 6, ""status"": 1, ""pres"": 979.8278, ""meas_profile"": ""HP-7"", ""meas_id"": 7, ""hum"": 35.14663, ""gas_res"": 17495.9}, {""temp"": 24.4462, ""step"": 6, ""status"": 1, ""pres"": 980.0021, ""meas_profile"": ""HP-6"", ""meas_id"": 6, ""hum"": 34.99671, ""gas_res"": 30910.41}, {""temp"": 24.35877, ""step"": 6, ""status"": 1, ""pres"": 979.7163, ""meas_profile"": ""HP-5"", ""meas_id"": 5, ""hum"": 35.1809, ""gas_res"": 94902.69}, {""temp"": 24.15619, ""step"": 6, ""status"": 1, ""pres"": 979.8309, ""meas_profile"": ""HP-4"", ""meas_id"": 4, ""hum"": 34.58273, ""gas_res"": 100000.0}, {""temp"": 24.30252, ""step"": 6, ""status"": 1, ""pres"": 979.457, ""meas_profile"": ""HP-3"", ""meas_id"": 3, ""hum"": 35.04653, ""gas_res"": 33853.48}, {""temp"": 24.24472, ""step"": 6, ""status"": 1, ""pres"": 979.5862, ""meas_profile"": ""HP-2"", ""meas_id"": 2, ""hum"": 35.29568, ""gas_res"": 83714.84}, {""temp"": 24.0292, ""step"": 6, ""status"": 1, ""pres"": 979.7467, ""meas_profile"": ""HP-1"", ""meas_id"": 1, ""hum"": 34.71741, ""gas_res"": 40738.38}]}",NULL,"2025-10-29 10:35:20.855494"
14673,"04a600b9b0b8","2025-10-29 10:34:57","vxme6reea4eB0b7ume5M","{""bme688"": [{""temp"": 24.36582, ""step"": 5, ""status"": 1, ""pres"": 979.7357, ""meas_profile"": ""HP-8"", ""meas_id"": 8, ""hum"": 35.27589, ""gas_res"": 14372.33}, {""temp"": 24.35838, ""step"": 5, ""status"": 1, ""pres"": 979.8289, ""meas_profile"": ""HP-7"", ""meas_id"": 7, ""hum"": 35.15801, ""gas_res"": 17582.42}, {""temp"": 24.4462, ""step"": 5, ""status"": 1, ""pres"": 980.0021, ""meas_profile"": ""HP-6"", ""meas_id"": 6, ""hum"": 34.96202, ""gas_res"": 30977.73}, {""temp"": 24.35846, ""step"": 5, ""status"": 1, ""pres"": 979.7174, ""meas_profile"": ""HP-5"", ""meas_id"": 5, ""hum"": 35.18659, ""gas_res"": 94221.57}, {""temp"": 24.15619, ""step"": 5, ""status"": 1, ""pres"": 979.8309, ""meas_profile"": ""HP-4"", ""meas_id"": 4, ""hum"": 34.58851, ""gas_res"": 100000.0}, {""temp"": 24.30252, ""step"": 5, ""status"": 1, ""pres"": 979.457, ""meas_profile"": ""HP-3"", ""meas_id"": 3, ""hum"": 35.06966, ""gas_res"": 32193.16}, {""temp"": 24.2441, ""step"": 5, ""status"": 1, ""pres"": 979.5852, ""meas_profile"": ""HP-2"", ""meas_id"": 2, ""hum"": 35.30706, ""gas_res"": 80326.33}, {""temp"": 24.0292, ""step"": 5, ""status"": 1, ""pres"": 979.7485, ""meas_profile"": ""HP-1"", ""meas_id"": 1, ""hum"": 34.74104, ""gas_res"": 38811.4}]}",NULL,"2025-10-29 10:35:22.137688"
14674,"04a600b9b0b8","2025-10-29 10:34:57","vxme6reea4eB0b7ume5M","{""bme688"": [{""temp"": 24.36551, ""step"": 4, ""status"": 1, ""pres"": 979.7371, ""meas_profile"": ""HP-8"", ""meas_id"": 8, ""hum"": 35.27586, ""gas_res"": 14499.32}, {""temp"": 24.35838, ""step"": 4, ""status"": 1, ""pres"": 979.8289, ""meas_profile"": ""HP-7"", ""meas_id"": 7, ""hum"": 35.16942, ""gas_res"": 17817.37}, {""temp"": 24.44651, ""step"": 4, ""status"": 1, ""pres"": 980.0027, ""meas_profile"": ""HP-6"", ""meas_id"": 6, ""hum"": 34.97939, ""gas_res"": 31550.41}, {""temp"": 24.35846, ""step"": 4, ""status"": 1, ""pres"": 979.7174, ""meas_profile"": ""HP-5"", ""meas_id"": 5, ""hum"": 35.17516, ""gas_res"": 96186.36}, {""temp"": 24.15619, ""step"": 4, ""status"": 1, ""pres"": 979.8309, ""meas_profile"": ""HP-4"", ""meas_id"": 4, ""hum"": 34.61742, ""gas_res"": 100000.0}, {""temp"": 24.30252, ""step"": 4, ""status"": 1, ""pres"": 979.4553, ""meas_profile"": ""HP-3"", ""meas_id"": 3, ""hum"": 35.06966, ""gas_res"": 31318.82}, {""temp"": 24.2441, ""step"": 4, ""status"": 1, ""pres"": 979.5852, ""meas_profile"": ""HP-2"", ""meas_id"": 2, ""hum"": 35.30706, ""gas_res"": 46410.44}, {""temp"": 24.02888, ""step"": 4, ""status"": 1, ""pres"": 979.7478, ""meas_profile"": ""HP-1"", ""meas_id"": 1, ""hum"": 34.73511, ""gas_res"": 37383.18}]}",NULL,"2025-10-29 10:35:23.511914"
14675,"04a600b9b0b8","2025-10-29 10:34:57","vxme6reea4eB0b7ume5M","{""bme688"": [{""temp"": 24.3652, ""step"": 3, ""status"": 1, ""pres"": 979.7366, ""meas_profile"": ""HP-8"", ""meas_id"": 8, ""hum"": 35.29892, ""gas_res"": 12098.3}, {""temp"": 24.35807, ""step"": 3, ""status"": 1, ""pres"": 979.8303, ""meas_profile"": ""HP-7"", ""meas_id"": 7, ""hum"": 35.18079, ""gas_res"": 14096.92}, {""temp"": 24.4462, ""step"": 3, ""status"": 1, ""pres"": 980.0039, ""meas_profile"": ""HP-6"", ""meas_id"": 6, ""hum"": 34.99671, ""gas_res"": 28457.09}, {""temp"": 24.35783, ""step"": 3, ""status"": 1, ""pres"": 979.7164, ""meas_profile"": ""HP-5"", ""meas_id"": 5, ""hum"": 35.19224, ""gas_res"": 48808.39}, {""temp"": 24.15587, ""step"": 3, ""status"": 1, ""pres"": 979.8303, ""meas_profile"": ""HP-4"", ""meas_id"": 4, ""hum"": 34.61739, ""gas_res"": 60206.96}, {""temp"": 24.3019, ""step"": 3, ""status"": 1, ""pres"": 979.456, ""meas_profile"": ""HP-3"", ""meas_id"": 3, ""hum"": 35.08117, ""gas_res"": 32290.62}, {""temp"": 24.24379, ""step"": 3, ""status"": 1, ""pres"": 979.5848, ""meas_profile"": ""HP-2"", ""meas_id"": 2, ""hum"": 35.31847, ""gas_res"": 50965.56}, {""temp"": 24.02857, ""step"": 3, ""status"": 1, ""pres"": 979.7492, ""meas_profile"": ""HP-1"", ""meas_id"": 1, ""hum"": 34.73508, ""gas_res"": 40050.06}]}",NULL,"2025-10-29 10:35:24.696814"
14676,"04a600b9b0b8","2025-10-29 10:34:57","vxme6reea4eB0b7ume5M","{""bme688"": [{""temp"": 24.3652, ""step"": 2, ""status"": 1, ""pres"": 979.7383, ""meas_profile"": ""HP-8"", ""meas_id"": 8, ""hum"": 35.28738, ""gas_res"": 32913.34}, {""temp"": 24.35807, ""step"": 2, ""status"": 1, ""pres"": 979.8303, ""meas_profile"": ""HP-7"", ""meas_id"": 7, ""hum"": 35.18079, ""gas_res"": 42482.57}, {""temp"": 24.44589, ""step"": 2, ""status"": 1, ""pres"": 980.0034, ""meas_profile"": ""HP-6"", ""meas_id"": 6, ""hum"": 35.01402, ""gas_res"": 129751.6}, {""temp"": 24.35783, ""step"": 2, ""status"": 1, ""pres"": 979.718, ""meas_profile"": ""HP-5"", ""meas_id"": 5, ""hum"": 35.20939, ""gas_res"": 313629.4}, {""temp"": 24.15557, ""step"": 2, ""status"": 1, ""pres"": 979.8298, ""meas_profile"": ""HP-4"", ""meas_id"": 4, ""hum"": 34.61737, ""gas_res"": 327156.6}, {""temp"": 24.30159, ""step"": 2, ""status"": 1, ""pres"": 979.4539, ""meas_profile"": ""HP-3"", ""meas_id"": 3, ""hum"": 35.08114, ""gas_res"": 143497.8}, {""temp"": 24.24348, ""step"": 2, ""status"": 1, ""pres"": 979.5842, ""meas_profile"": ""HP-2"", ""meas_id"": 2, ""hum"": 35.307, ""gas_res"": 259700.7}, {""temp"": 24.02826, ""step"": 2, ""status"": 1, ""pres"": 979.7505, ""meas_profile"": ""HP-1"", ""meas_id"": 1, ""hum"": 34.74686, ""gas_res"": 179586.1}]}",NULL,"2025-10-29 10:35:25.97964"
14677,"04a600b9b0b8","2025-10-29 10:34:57","vxme6reea4eB0b7ume5M","{""bme688"": [{""temp"": 24.36489, ""step"": 1, ""status"": 1, ""pres"": 979.7379, ""meas_profile"": ""HP-8"", ""meas_id"": 8, ""hum"": 35.31043, ""gas_res"": 8497.079}, {""temp"": 24.35838, ""step"": 1, ""status"": 1, ""pres"": 979.8306, ""meas_profile"": ""HP-7"", ""meas_id"": 7, ""hum"": 35.18653, ""gas_res"": 9837.073}, {""temp"": 24.4462, ""step"": 1, ""status"": 1, ""pres"": 980.0056, ""meas_profile"": ""HP-6"", ""meas_id"": 6, ""hum"": 35.00249, ""gas_res"": 25000.0}, {""temp"": 24.35783, ""step"": 1, ""status"": 1, ""pres"": 979.718, ""meas_profile"": ""HP-5"", ""meas_id"": 5, ""hum"": 35.19224, ""gas_res"": 29809.04}, {""temp"": 24.15587, ""step"": 1, ""status"": 1, ""pres"": 979.8303, ""meas_profile"": ""HP-4"", ""meas_id"": 4, ""hum"": 34.61161, ""gas_res"": 25286.45}, {""temp"": 24.30159, ""step"": 1, ""status"": 1, ""pres"": 979.4539, ""meas_profile"": ""HP-3"", ""meas_id"": 3, ""hum"": 35.06958, ""gas_res"": 25000.0}, {""temp"": 24.24348, ""step"": 1, ""status"": 1, ""pres"": 979.5824, ""meas_profile"": ""HP-2"", ""meas_id"": 2, ""hum"": 35.31844, ""gas_res"": 25000.0}, {""temp"": 24.02826, ""step"": 1, ""status"": 1, ""pres"": 979.7505, ""meas_profile"": ""HP-1"", ""meas_id"": 1, ""hum"": 34.7705, ""gas_res"": 25000.0}]}",NULL,"2025-10-29 10:35:27.254703"
14678,"04a600b9b0b8","2025-10-29 10:34:57","vxme6reea4eB0b7ume5M","{""bme688"": [{""temp"": 24.36458, ""step"": 0, ""status"": 1, ""pres"": 979.7391, ""meas_profile"": ""HP-8"", ""meas_id"": 8, ""hum"": 35.30463, ""gas_res"": 5684.846}, {""temp"": 24.35838, ""step"": 0, ""status"": 1, ""pres"": 979.8306, ""meas_profile"": ""HP-7"", ""meas_id"": 7, ""hum"": 35.18653, ""gas_res"": 6359.3}, {""temp"": 24.4462, ""step"": 0, ""status"": 1, ""pres"": 980.0056, ""meas_profile"": ""HP-6"", ""meas_id"": 6, ""hum"": 34.98515, ""gas_res"": 7552.514}, {""temp"": 24.35815, ""step"": 0, ""status"": 1, ""pres"": 979.7187, ""meas_profile"": ""HP-5"", ""meas_id"": 5, ""hum"": 35.2037, ""gas_res"": 23306.63}, {""temp"": 24.15587, ""step"": 0, ""status"": 1, ""pres"": 979.8303, ""meas_profile"": ""HP-4"", ""meas_id"": 4, ""hum"": 34.61739, ""gas_res"": 11004.13}, {""temp"": 24.30128, ""step"": 0, ""status"": 1, ""pres"": 979.4532, ""meas_profile"": ""HP-3"", ""meas_id"": 3, ""hum"": 35.09268, ""gas_res"": 6243.902}, {""temp"": 24.24317, ""step"": 0, ""status"": 1, ""pres"": 979.582, ""meas_profile"": ""HP-2"", ""meas_id"": 2, ""hum"": 35.32413, ""gas_res"": 8024.072}, {""temp"": 24.02795, ""step"": 0, ""status"": 1, ""pres"": 979.752, ""meas_profile"": ""HP-1"", ""meas_id"": 1, ""hum"": 34.74684, ""gas_res"": 6929.407}]}",NULL,"2025-10-29 10:35:28.632307"
14679,"04a600b9b0b8","2025-10-29 10:36:06","vxme6reea4eB0b7ume5M","{""zphs01b"": {""voc"": 0, ""temp"": 22.1, ""pm2_5"": 0, ""pm1_0"": 0, ""pm10"": 311, ""o3"": 0.02, ""no2"": 8.28, ""hum"": 0, ""fmhd"": 0, ""co2"": 5000, ""co"": 0.0}, ""smell_b"": {}, ""sfa30"": {""temp"": 24.29, ""hum"": 37.63, ""fmhd"": 10.8}, ""sen5x"": {""voc"": 129.0, ""temp"": 24.5, ""pm4_0"": 4372.4, ""pm2_5"": 4372.4, ""pm1_0"": 4169.3, ""pm10"": 4372.4, ""nox"": 1.0, ""mass_c"": 4321.625, ""hum"": 42.36}, ""scd41"": {""temp"": 23.65682, ""hum"": 45.88998, ""co2"": 710}, ""power_source"": 0, ""mics6814"": {""red_res"": 0, ""no2_res"": 0, ""no2"": 0.17, ""nh3_res"": 0, ""nh3"": 0.73, ""co_res"": 0, ""co"": 44.0}}",NULL,"2025-10-29 10:36:31.842706"
14680,"04a600b9b0b8","2025-10-29 10:36:06","vxme6reea4eB0b7ume5M","{""bme688"": [{""temp"": 24.37477, ""step"": 9, ""status"": 1, ""pres"": 979.7269, ""meas_profile"": ""HP-8"", ""meas_id"": 8, ""hum"": 35.18446, ""gas_res"": 5684.846}, {""temp"": 24.36521, ""step"": 9, ""status"": 1, ""pres"": 979.8232, ""meas_profile"": ""HP-7"", ""meas_id"": 7, ""hum"": 35.07883, ""gas_res"": 5684.846}, {""temp"": 24.44991, ""step"": 9, ""status"": 1, ""pres"": 979.9908, ""meas_profile"": ""HP-6"", ""meas_id"": 6, ""hum"": 34.90457, ""gas_res"": 7563.224}, {""temp"": 24.36221, ""step"": 9, ""status"": 1, ""pres"": 979.7085, ""meas_profile"": ""HP-5"", ""meas_id"": 5, ""hum"": 35.11265, ""gas_res"": 25000.0}, {""temp"": 24.16333, ""step"": 9, ""status"": 1, ""pres"": 979.8377, ""meas_profile"": ""HP-4"", ""meas_id"": 4, ""hum"": 34.53139, ""gas_res"": 21476.51}, {""temp"": 24.31056, ""step"": 9, ""status"": 1, ""pres"": 979.4787, ""meas_profile"": ""HP-3"", ""meas_id"": 3, ""hum"": 34.99526, ""gas_res"": 6045.721}, {""temp"": 24.25218, ""step"": 9, ""status"": 1, ""pres"": 979.6002, ""meas_profile"": ""HP-2"", ""meas_id"": 2, ""hum"": 35.21635, ""gas_res"": 7722.008}, {""temp"": 24.03729, ""step"": 9, ""status"": 1, ""pres"": 979.7339, ""meas_profile"": ""HP-1"", ""meas_id"": 1, ""hum"": 34.76546, ""gas_res"": 8273.01}]}",NULL,"2025-10-29 10:36:33.176642"
14681,"04a600b9b0b8","2025-10-29 10:36:06","vxme6reea4eB0b7ume5M","{""bme688"": [{""temp"": 24.37416, ""step"": 8, ""status"": 1, ""pres"": 979.726, ""meas_profile"": ""HP-8"", ""meas_id"": 8, ""hum"": 35.19017, ""gas_res"": 5684.846}, {""temp"": 24.3649, ""step"": 8, ""status"": 1, ""pres"": 979.8228, ""meas_profile"": ""HP-7"", ""meas_id"": 7, ""hum"": 35.0788, ""gas_res"": 5684.846}, {""temp"": 24.4496, ""step"": 8, ""status"": 1, ""pres"": 979.9922, ""meas_profile"": ""HP-6"", ""meas_id"": 6, ""hum"": 34.89876, ""gas_res"": 7887.602}, {""temp"": 24.36221, ""step"": 8, ""status"": 1, ""pres"": 979.7085, ""meas_profile"": ""HP-5"", ""meas_id"": 5, ""hum"": 35.10123, ""gas_res"": 25000.0}, {""temp"": 24.16302, ""step"": 8, ""status"": 1, ""pres"": 979.8373, ""meas_profile"": ""HP-4"", ""meas_id"": 4, ""hum"": 34.5198, ""gas_res"": 21628.93}, {""temp"": 24.30994, ""step"": 8, ""status"": 1, ""pres"": 979.4776, ""meas_profile"": ""HP-3"", ""meas_id"": 3, ""hum"": 34.98364, ""gas_res"": 5924.829}, {""temp"": 24.25187, ""step"": 8, ""status"": 1, ""pres"": 979.598, ""meas_profile"": ""HP-2"", ""meas_id"": 2, ""hum"": 35.22204, ""gas_res"": 7958.219}, {""temp"": 24.03666, ""step"": 8, ""status"": 1, ""pres"": 979.7329, ""meas_profile"": ""HP-1"", ""meas_id"": 1, ""hum"": 34.77722, ""gas_res"": 6104.54}]}",NULL,"2025-10-29 10:36:34.645277"
14682,"04a600b9b0b8","2025-10-29 10:36:06","vxme6reea4eB0b7ume5M","{""bme688"": [{""temp"": 24.37354, ""step"": 7, ""status"": 1, ""pres"": 979.7268, ""meas_profile"": ""HP-8"", ""meas_id"": 8, ""hum"": 35.17857, ""gas_res"": 5684.846}, {""temp"": 24.36459, ""step"": 7, ""status"": 1, ""pres"": 979.8223, ""meas_profile"": ""HP-7"", ""meas_id"": 7, ""hum"": 35.07307, ""gas_res"": 5684.846}, {""temp"": 24.4496, ""step"": 7, ""status"": 1, ""pres"": 979.9922, ""meas_profile"": ""HP-6"", ""meas_id"": 6, ""hum"": 34.91032, ""gas_res"": 8078.768}, {""temp"": 24.36221, ""step"": 7, ""status"": 1, ""pres"": 979.7101, ""meas_profile"": ""HP-5"", ""meas_id"": 5, ""hum"": 35.12408, ""gas_res"": 25000.0}, {""temp"": 24.16302, ""step"": 7, ""status"": 1, ""pres"": 979.8389, ""meas_profile"": ""HP-4"", ""meas_id"": 4, ""hum"": 34.5198, ""gas_res"": 21262.46}, {""temp"": 24.30964, ""step"": 7, ""status"": 1, ""pres"": 979.4771, ""meas_profile"": ""HP-3"", ""meas_id"": 3, ""hum"": 34.98938, ""gas_res"": 8078.768}, {""temp"": 24.25155, ""step"": 7, ""status"": 1, ""pres"": 979.5976, ""meas_profile"": ""HP-2"", ""meas_id"": 2, ""hum"": 35.23916, ""gas_res"": 8000.0}, {""temp"": 24.03604, ""step"": 7, ""status"": 1, ""pres"": 979.7336, ""meas_profile"": ""HP-1"", ""meas_id"": 1, ""hum"": 34.77716, ""gas_res"": 6359.3}]}",NULL,"2025-10-29 10:36:35.736531"
14683,"04a600b9b0b8","2025-10-29 10:36:06","vxme6reea4eB0b7ume5M","{""bme688"": [{""temp"": 24.37323, ""step"": 6, ""status"": 1, ""pres"": 979.728, ""meas_profile"": ""HP-8"", ""meas_id"": 8, ""hum"": 35.19585, ""gas_res"": 14247.55}, {""temp"": 24.36428, ""step"": 6, ""status"": 1, ""pres"": 979.8235, ""meas_profile"": ""HP-7"", ""meas_id"": 7, ""hum"": 35.09015, ""gas_res"": 18306.64}, {""temp"": 24.44929, ""step"": 6, ""status"": 1, ""pres"": 979.9933, ""meas_profile"": ""HP-6"", ""meas_id"": 6, ""hum"": 34.91029, ""gas_res"": 37580.74}, {""temp"": 24.3619, ""step"": 6, ""status"": 1, ""pres"": 979.7095, ""meas_profile"": ""HP-5"", ""meas_id"": 5, ""hum"": 35.12405, ""gas_res"": 127904.1}, {""temp"": 24.1624, ""step"": 6, ""status"": 1, ""pres"": 979.8378, ""meas_profile"": ""HP-4"", ""meas_id"": 4, ""hum"": 34.5313, ""gas_res"": 124091.1}, {""temp"": 24.30933, ""step"": 6, ""status"": 1, ""pres"": 979.4749, ""meas_profile"": ""HP-3"", ""meas_id"": 3, ""hum"": 35.00092, ""gas_res"": 46010.07}, {""temp"": 24.25124, ""step"": 6, ""status"": 1, ""pres"": 979.5986, ""meas_profile"": ""HP-2"", ""meas_id"": 2, ""hum"": 35.2277, ""gas_res"": 99321.05}, {""temp"": 24.03604, ""step"": 6, ""status"": 1, ""pres"": 979.7355, ""meas_profile"": ""HP-1"", ""meas_id"": 1, ""hum"": 34.76534, ""gas_res"": 100000.0}]}",NULL,"2025-10-29 10:36:37.018446"
14684,"04a600b9b0b8","2025-10-29 10:36:06","vxme6reea4eB0b7ume5M","{""bme688"": [{""temp"": 24.37292, ""step"": 5, ""status"": 1, ""pres"": 979.7277, ""meas_profile"": ""HP-8"", ""meas_id"": 8, ""hum"": 35.19005, ""gas_res"": 14096.92}, {""temp"": 24.36397, ""step"": 5, ""status"": 1, ""pres"": 979.8229, ""meas_profile"": ""HP-7"", ""meas_id"": 7, ""hum"": 35.08441, ""gas_res"": 18135.45}, {""temp"": 24.44929, ""step"": 5, ""status"": 1, ""pres"": 979.9933, ""meas_profile"": ""HP-6"", ""meas_id"": 6, ""hum"": 34.90451, ""gas_res"": 37383.18}, {""temp"": 24.36127, ""step"": 5, ""status"": 1, ""pres"": 979.7085, ""meas_profile"": ""HP-5"", ""meas_id"": 5, ""hum"": 35.13542, ""gas_res"": 128096.1}, {""temp"": 24.16209, ""step"": 5, ""status"": 1, ""pres"": 979.8373, ""meas_profile"": ""HP-4"", ""meas_id"": 4, ""hum"": 34.53127, ""gas_res"": 125000.0}, {""temp"": 24.30902, ""step"": 5, ""status"": 1, ""pres"": 979.4744, ""meas_profile"": ""HP-3"", ""meas_id"": 3, ""hum"": 34.99511, ""gas_res"": 45086.3}, {""temp"": 24.25062, ""step"": 5, ""status"": 1, ""pres"": 979.5977, ""meas_profile"": ""HP-2"", ""meas_id"": 2, ""hum"": 35.2162, ""gas_res"": 96458.18}, {""temp"": 24.03573, ""step"": 5, ""status"": 1, ""pres"": 979.735, ""meas_profile"": ""HP-1"", ""meas_id"": 1, ""hum"": 34.77122, ""gas_res"": 100000.0}]}",NULL,"2025-10-29 10:36:38.30049"
14685,"04a600b9b0b8","2025-10-29 10:36:06","vxme6reea4eB0b7ume5M","{""bme688"": [{""temp"": 24.37261, ""step"": 4, ""status"": 1, ""pres"": 979.7288, ""meas_profile"": ""HP-8"", ""meas_id"": 8, ""hum"": 35.19579, ""gas_res"": 13949.43}, {""temp"": 24.36366, ""step"": 4, ""status"": 1, ""pres"": 979.8243, ""meas_profile"": ""HP-7"", ""meas_id"": 7, ""hum"": 35.09009, ""gas_res"": 17937.22}, {""temp"": 24.44929, ""step"": 4, ""status"": 1, ""pres"": 979.9933, ""meas_profile"": ""HP-6"", ""meas_id"": 6, ""hum"": 34.89873, ""gas_res"": 37514.65}, {""temp"": 24.36096, ""step"": 4, ""status"": 1, ""pres"": 979.7098, ""meas_profile"": ""HP-5"", ""meas_id"": 5, ""hum"": 35.11825, ""gas_res"": 128675.5}, {""temp"": 24.16147, ""step"": 4, ""status"": 1, ""pres"": 979.8362, ""meas_profile"": ""HP-4"", ""meas_id"": 4, ""hum"": 34.53122, ""gas_res"": 127521.8}, {""temp"": 24.30871, ""step"": 4, ""status"": 1, ""pres"": 979.474, ""meas_profile"": ""HP-3"", ""meas_id"": 3, ""hum"": 34.98352, ""gas_res"": 44107.51}, {""temp"": 24.25, ""step"": 4, ""status"": 1, ""pres"": 979.5967, ""meas_profile"": ""HP-2"", ""meas_id"": 2, ""hum"": 35.22758, ""gas_res"": 95593.73}, {""temp"": 24.03542, ""step"": 4, ""status"": 1, ""pres"": 979.7363, ""meas_profile"": ""HP-1"", ""meas_id"": 1, ""hum"": 34.77119, ""gas_res"": 91921.01}]}",NULL,"2025-10-29 10:36:39.763307"
14686,"04a600b9b0b8","2025-10-29 10:36:06","vxme6reea4eB0b7ume5M","{""bme688"": [{""temp"": 24.3723, ""step"": 3, ""status"": 0, ""pres"": 979.7283, ""meas_profile"": ""HP-8"", ""meas_id"": 8, ""hum"": 35.22459, ""gas_res"": 7772.65}, {""temp"": 24.36303, ""step"": 3, ""status"": 0, ""pres"": 979.8231, ""meas_profile"": ""HP-7"", ""meas_id"": 7, ""hum"": 35.10713, ""gas_res"": 9329.446}, {""temp"": 24.44867, ""step"": 3, ""status"": 0, ""pres"": 979.9941, ""meas_profile"": ""HP-6"", ""meas_id"": 6, ""hum"": 34.93913, ""gas_res"": 21304.93}, {""temp"": 24.36065, ""step"": 3, ""status"": 0, ""pres"": 979.7093, ""meas_profile"": ""HP-5"", ""meas_id"": 5, ""hum"": 35.13536, ""gas_res"": 43126.68}, {""temp"": 24.16085, ""step"": 3, ""status"": 0, ""pres"": 979.8352, ""meas_profile"": ""HP-4"", ""meas_id"": 4, ""hum"": 34.53693, ""gas_res"": 42272.13}, {""temp"": 24.3084, ""step"": 3, ""status"": 0, ""pres"": 979.4717, ""meas_profile"": ""HP-3"", ""meas_id"": 3, ""hum"": 35.04131, ""gas_res"": 26512.01}, {""temp"": 24.24938, ""step"": 3, ""status"": 0, ""pres"": 979.5955, ""meas_profile"": ""HP-2"", ""meas_id"": 2, ""hum"": 35.24467, ""gas_res"": 41939.71}, {""temp"": 24.03511, ""step"": 3, ""status"": 0, ""pres"": 979.7377, ""meas_profile"": ""HP-1"", ""meas_id"": 1, ""hum"": 34.78889, ""gas_res"": 28045.57}]}",NULL,"2025-10-29 10:36:40.896488"
14687,"04a600b9b0b8","2025-10-29 10:36:06","vxme6reea4eB0b7ume5M","{""bme688"": [{""temp"": 24.37199, ""step"": 2, ""status"": 1, ""pres"": 979.7297, ""meas_profile"": ""HP-8"", ""meas_id"": 8, ""hum"": 35.2188, ""gas_res"": 26644.46}, {""temp"": 24.36272, ""step"": 2, ""status"": 1, ""pres"": 979.8243, ""meas_profile"": ""HP-7"", ""meas_id"": 7, ""hum"": 35.1071, ""gas_res"": 35814.21}, {""temp"": 24.44836, ""step"": 2, ""status"": 1, ""pres"": 979.9936, ""meas_profile"": ""HP-6"", ""meas_id"": 6, ""hum"": 34.93332, ""gas_res"": 130745.7}, {""temp"": 24.36034, ""step"": 2, ""status"": 1, ""pres"": 979.7087, ""meas_profile"": ""HP-5"", ""meas_id"": 5, ""hum"": 35.14676, ""gas_res"": 342246.0}, {""temp"": 24.16053, ""step"": 2, ""status"": 1, ""pres"": 979.8347, ""meas_profile"": ""HP-4"", ""meas_id"": 4, ""hum"": 34.5658, ""gas_res"": 381733.5}, {""temp"": 24.30778, ""step"": 2, ""status"": 1, ""pres"": 979.4707, ""meas_profile"": ""HP-3"", ""meas_id"": 3, ""hum"": 35.01233, ""gas_res"": 175522.8}, {""temp"": 24.24907, ""step"": 2, ""status"": 1, ""pres"": 979.5934, ""meas_profile"": ""HP-2"", ""meas_id"": 2, ""hum"": 35.2618, ""gas_res"": 340878.8}, {""temp"": 24.03448, ""step"": 2, ""status"": 1, ""pres"": 979.7367, ""meas_profile"": ""HP-1"", ""meas_id"": 1, ""hum"": 34.79474, ""gas_res"": 244100.1}]}",NULL,"2025-10-29 10:36:42.137904"
14688,"04a600b9b0b8","2025-10-29 10:36:06","vxme6reea4eB0b7ume5M","{""bme688"": [{""temp"": 24.37169, ""step"": 1, ""status"": 1, ""pres"": 979.7291, ""meas_profile"": ""HP-8"", ""meas_id"": 8, ""hum"": 35.20724, ""gas_res"": 7970.112}, {""temp"": 24.36303, ""step"": 1, ""status"": 1, ""pres"": 979.8248, ""meas_profile"": ""HP-7"", ""meas_id"": 7, ""hum"": 35.11283, ""gas_res"": 9555.091}, {""temp"": 24.44836, ""step"": 1, ""status"": 1, ""pres"": 979.9953, ""meas_profile"": ""HP-6"", ""meas_id"": 6, ""hum"": 34.92754, ""gas_res"": 25000.0}, {""temp"": 24.36002, ""step"": 1, ""status"": 1, ""pres"": 979.7099, ""meas_profile"": ""HP-5"", ""meas_id"": 5, ""hum"": 35.1353, ""gas_res"": 37613.87}, {""temp"": 24.16022, ""step"": 1, ""status"": 1, ""pres"": 979.8343, ""meas_profile"": ""HP-4"", ""meas_id"": 4, ""hum"": 34.54844, ""gas_res"": 33586.98}, {""temp"": 24.30778, ""step"": 1, ""status"": 1, ""pres"": 979.4707, ""meas_profile"": ""HP-3"", ""meas_id"": 3, ""hum"": 35.03547, ""gas_res"": 25000.0}, {""temp"": 24.24876, ""step"": 1, ""status"": 1, ""pres"": 979.5928, ""meas_profile"": ""HP-2"", ""meas_id"": 2, ""hum"": 35.26176, ""gas_res"": 30167.33}, {""temp"": 24.03417, ""step"": 1, ""status"": 1, ""pres"": 979.738, ""meas_profile"": ""HP-1"", ""meas_id"": 1, ""hum"": 34.79471, ""gas_res"": 25000.0}]}",NULL,"2025-10-29 10:36:43.417007"
14689,"04a600b9b0b8","2025-10-29 10:36:06","vxme6reea4eB0b7ume5M","{""bme688"": [{""temp"": 24.37107, ""step"": 0, ""status"": 1, ""pres"": 979.7299, ""meas_profile"": ""HP-8"", ""meas_id"": 8, ""hum"": 35.23024, ""gas_res"": 5684.846}, {""temp"": 24.36272, ""step"": 0, ""status"": 1, ""pres"": 979.8259, ""meas_profile"": ""HP-7"", ""meas_id"": 7, ""hum"": 35.1128, ""gas_res"": 5882.353}, {""temp"": 24.44836, ""step"": 0, ""status"": 1, ""pres"": 979.9953, ""meas_profile"": ""HP-6"", ""meas_id"": 6, ""hum"": 34.9391, ""gas_res"": 8128.016}, {""temp"": 24.36002, ""step"": 0, ""status"": 1, ""pres"": 979.7099, ""meas_profile"": ""HP-5"", ""meas_id"": 5, ""hum"": 35.1353, ""gas_res"": 25000.0}, {""temp"": 24.16022, ""step"": 0, ""status"": 1, ""pres"": 979.8343, ""meas_profile"": ""HP-4"", ""meas_id"": 4, ""hum"": 34.55422, ""gas_res"": 21390.38}, {""temp"": 24.30747, ""step"": 0, ""status"": 1, ""pres"": 979.4703, ""meas_profile"": ""HP-3"", ""meas_id"": 3, ""hum"": 35.02965, ""gas_res"": 8060.454}, {""temp"": 24.24876, ""step"": 0, ""status"": 1, ""pres"": 979.5928, ""meas_profile"": ""HP-2"", ""meas_id"": 2, ""hum"": 35.26176, ""gas_res"": 7661.0}, {""temp"": 24.03386, ""step"": 0, ""status"": 1, ""pres"": 979.7394, ""meas_profile"": ""HP-1"", ""meas_id"": 1, ""hum"": 34.8065, ""gas_res"": 6269.592}]}",NULL,"2025-10-29 10:36:44.887802"
14690,"04a600b9b0b8","2025-10-29 10:35:39","vxme6reea4eB0b7ume5M","{""zphs01b"": {""voc"": 0, ""temp"": 22.1, ""pm2_5"": 0, ""pm1_0"": 0, ""pm10"": 322, ""o3"": 0.02, ""no2"": 10.0, ""hum"": 0, ""fmhd"": 0, ""co2"": 5000, ""co"": 0.0}, ""smell_b"": {}, ""sfa30"": {""temp"": 24.275, ""hum"": 37.65, ""fmhd"": 9.2}, ""sen5x"": {""voc"": 135.0, ""temp"": 24.535, ""pm4_0"": 4441.8, ""pm2_5"": 4441.8, ""pm1_0"": 4235.5, ""pm10"": 4441.8, ""nox"": 1.0, ""mass_c"": 4390.225, ""hum"": 42.21}, ""scd41"": {""temp"": 23.60876, ""hum"": 45.92355, ""co2"": 706}, ""power_source"": 0, ""mics6814"": {""red_res"": 0, ""no2_res"": 0, ""no2"": 0.17, ""nh3_res"": 0, ""nh3"": 0.73, ""co_res"": 0, ""co"": 44.0}}",NULL,"2025-10-29 10:36:45.870556"
14691,"04a600b9b0b8","2025-10-29 10:35:39","vxme6reea4eB0b7ume5M","{""bme688"": [{""temp"": 24.37076, ""step"": 9, ""status"": 1, ""pres"": 979.7312, ""meas_profile"": ""HP-8"", ""meas_id"": 8, ""hum"": 35.21867, ""gas_res"": 5684.846}, {""temp"": 24.3621, ""step"": 9, ""status"": 1, ""pres"": 979.825, ""meas_profile"": ""HP-7"", ""meas_id"": 7, ""hum"": 35.10134, ""gas_res"": 5684.846}, {""temp"": 24.44805, ""step"": 9, ""status"": 1, ""pres"": 979.9966, ""meas_profile"": ""HP-6"", ""meas_id"": 6, ""hum"": 34.92173, ""gas_res"": 6866.953}, {""temp"": 24.36002, ""step"": 9, ""status"": 1, ""pres"": 979.7099, ""meas_profile"": ""HP-5"", ""meas_id"": 5, ""hum"": 35.12959, ""gas_res"": 25000.0}, {""temp"": 24.15991, ""step"": 9, ""status"": 1, ""pres"": 979.8337, ""meas_profile"": ""HP-4"", ""meas_id"": 4, ""hum"": 34.53106, ""gas_res"": 18856.81}, {""temp"": 24.30685, ""step"": 9, ""status"": 1, ""pres"": 979.4691, ""meas_profile"": ""HP-3"", ""meas_id"": 3, ""hum"": 35.00647, ""gas_res"": 7744.434}, {""temp"": 24.24845, ""step"": 9, ""status"": 1, ""pres"": 979.5923, ""meas_profile"": ""HP-2"", ""meas_id"": 2, ""hum"": 35.24458, ""gas_res"": 6898.039}, {""temp"": 24.03324, ""step"": 9, ""status"": 1, ""pres"": 979.7385, ""meas_profile"": ""HP-1"", ""meas_id"": 1, ""hum"": 34.78871, ""gas_res"": 7595.538}]}",NULL,"2025-10-29 10:36:47.256242"
14692,"04a600b9b0b8","2025-10-29 10:35:39","vxme6reea4eB0b7ume5M","{""bme688"": [{""temp"": 24.37014, ""step"": 8, ""status"": 1, ""pres"": 979.7302, ""meas_profile"": ""HP-8"", ""meas_id"": 8, ""hum"": 35.21285, ""gas_res"": 5684.846}, {""temp"": 24.36148, ""step"": 8, ""status"": 1, ""pres"": 979.8256, ""meas_profile"": ""HP-7"", ""meas_id"": 7, ""hum"": 35.10698, ""gas_res"": 5684.846}, {""temp"": 24.44774, ""step"": 8, ""status"": 1, ""pres"": 979.9961, ""meas_profile"": ""HP-6"", ""meas_id"": 6, ""hum"": 34.9217, ""gas_res"": 7299.27}, {""temp"": 24.36002, ""step"": 8, ""status"": 1, ""pres"": 979.7115, ""meas_profile"": ""HP-5"", ""meas_id"": 5, ""hum"": 35.14101, ""gas_res"": 25000.0}, {""temp"": 24.15991, ""step"": 8, ""status"": 1, ""pres"": 979.8354, ""meas_profile"": ""HP-4"", ""meas_id"": 4, ""hum"": 34.5484, ""gas_res"": 19317.84}, {""temp"": 24.30623, ""step"": 8, ""status"": 1, ""pres"": 979.4681, ""meas_profile"": ""HP-3"", ""meas_id"": 3, ""hum"": 35.02954, ""gas_res"": 7359.706}, {""temp"": 24.24814, ""step"": 8, ""status"": 1, ""pres"": 979.5919, ""meas_profile"": ""HP-2"", ""meas_id"": 2, ""hum"": 35.25027, ""gas_res"": 7085.917}, {""temp"": 24.03293, ""step"": 8, ""status"": 1, ""pres"": 979.7397, ""meas_profile"": ""HP-1"", ""meas_id"": 1, ""hum"": 34.78277, ""gas_res"": 7899.284}]}",NULL,"2025-10-29 10:36:48.537907"
14693,"04a600b9b0b8","2025-10-29 10:35:39","vxme6reea4eB0b7ume5M","{""bme688"": [{""temp"": 24.36921, ""step"": 7, ""status"": 1, ""pres"": 979.7305, ""meas_profile"": ""HP-8"", ""meas_id"": 8, ""hum"": 35.21276, ""gas_res"": 5684.846}, {""temp"": 24.36117, ""step"": 7, ""status"": 1, ""pres"": 979.8251, ""meas_profile"": ""HP-7"", ""meas_id"": 7, ""hum"": 35.12406, ""gas_res"": 5684.846}, {""temp"": 24.44774, ""step"": 7, ""status"": 1, ""pres"": 979.9961, ""meas_profile"": ""HP-6"", ""meas_id"": 6, ""hum"": 34.9217, ""gas_res"": 7364.787}, {""temp"": 24.36002, ""step"": 7, ""status"": 1, ""pres"": 979.7115, ""meas_profile"": ""HP-5"", ""meas_id"": 5, ""hum"": 35.14101, ""gas_res"": 25000.0}, {""temp"": 24.15929, ""step"": 7, ""status"": 1, ""pres"": 979.8344, ""meas_profile"": ""HP-4"", ""meas_id"": 4, ""hum"": 34.53679, ""gas_res"": 18610.06}, {""temp"": 24.30592, ""step"": 7, ""status"": 1, ""pres"": 979.466, ""meas_profile"": ""HP-3"", ""meas_id"": 3, ""hum"": 35.03529, ""gas_res"": 7128.537}, {""temp"": 24.24814, ""step"": 7, ""status"": 1, ""pres"": 979.5919, ""meas_profile"": ""HP-2"", ""meas_id"": 2, ""hum"": 35.2617, ""gas_res"": 6938.421}, {""temp"": 24.03231, ""step"": 7, ""status"": 1, ""pres"": 979.7386, ""meas_profile"": ""HP-1"", ""meas_id"": 1, ""hum"": 34.79453, ""gas_res"": 7887.602}]}",NULL,"2025-10-29 10:36:50.005571"
14694,"04a600b9b0b8","2025-10-29 10:35:39","vxme6reea4eB0b7ume5M","{""bme688"": [{""temp"": 24.3689, ""step"": 6, ""status"": 1, ""pres"": 979.7318, ""meas_profile"": ""HP-8"", ""meas_id"": 8, ""hum"": 35.24158, ""gas_res"": 13858.81}, {""temp"": 24.36086, ""step"": 6, ""status"": 1, ""pres"": 979.8247, ""meas_profile"": ""HP-7"", ""meas_id"": 7, ""hum"": 35.11832, ""gas_res"": 17297.3}, {""temp"": 24.44774, ""step"": 6, ""status"": 1, ""pres"": 979.9978, ""meas_profile"": ""HP-6"", ""meas_id"": 6, ""hum"": 34.93326, ""gas_res"": 32736.57}, {""temp"": 24.35971, ""step"": 6, ""status"": 1, ""pres"": 979.7128, ""meas_profile"": ""HP-5"", ""meas_id"": 5, ""hum"": 35.14098, ""gas_res"": 106777.9}, {""temp"": 24.15898, ""step"": 6, ""status"": 1, ""pres"": 979.8338, ""meas_profile"": ""HP-4"", ""meas_id"": 4, ""hum"": 34.56566, ""gas_res"": 104362.0}, {""temp"": 24.30561, ""step"": 6, ""status"": 1, ""pres"": 979.4656, ""meas_profile"": ""HP-3"", ""meas_id"": 3, ""hum"": 35.01791, ""gas_res"": 38392.32}, {""temp"": 24.24783, ""step"": 6, ""status"": 1, ""pres"": 979.5913, ""meas_profile"": ""HP-2"", ""meas_id"": 2, ""hum"": 35.25024, ""gas_res"": 100000.0}, {""temp"": 24.03231, ""step"": 6, ""status"": 1, ""pres"": 979.7405, ""meas_profile"": ""HP-1"", ""meas_id"": 1, ""hum"": 34.80044, ""gas_res"": 46562.39}]}",NULL,"2025-10-29 10:36:51.096122"
14695,"04a600b9b0b8","2025-10-29 10:35:39","vxme6reea4eB0b7ume5M","{""bme688"": [{""temp"": 24.3686, ""step"": 5, ""status"": 1, ""pres"": 979.7314, ""meas_profile"": ""HP-8"", ""meas_id"": 8, ""hum"": 35.22424, ""gas_res"": 13796.08}, {""temp"": 24.36055, ""step"": 5, ""status"": 1, ""pres"": 979.8258, ""meas_profile"": ""HP-7"", ""meas_id"": 7, ""hum"": 35.11259, ""gas_res"": 17130.62}, {""temp"": 24.44744, ""step"": 5, ""status"": 1, ""pres"": 979.9973, ""meas_profile"": ""HP-6"", ""meas_id"": 6, ""hum"": 34.93901, ""gas_res"": 32812.1}, {""temp"": 24.3594, ""step"": 5, ""status"": 1, ""pres"": 979.7122, ""meas_profile"": ""HP-5"", ""meas_id"": 5, ""hum"": 35.14666, ""gas_res"": 105916.4}, {""temp"": 24.15836, ""step"": 5, ""status"": 1, ""pres"": 979.8328, ""meas_profile"": ""HP-4"", ""meas_id"": 4, ""hum"": 34.54826, ""gas_res"": 103601.8}, {""temp"": 24.30531, ""step"": 5, ""status"": 1, ""pres"": 979.4649, ""meas_profile"": ""HP-3"", ""meas_id"": 3, ""hum"": 35.01788, ""gas_res"": 37155.3}, {""temp"": 24.24783, ""step"": 5, ""status"": 1, ""pres"": 979.5913, ""meas_profile"": ""HP-2"", ""meas_id"": 2, ""hum"": 35.25595, ""gas_res"": 100000.0}, {""temp"": 24.032, ""step"": 5, ""status"": 1, ""pres"": 979.7401, ""meas_profile"": ""HP-1"", ""meas_id"": 1, ""hum"": 34.80633, ""gas_res"": 45133.99}]}",NULL,"2025-10-29 10:36:52.377127"
14696,"04a600b9b0b8","2025-10-29 10:35:39","vxme6reea4eB0b7ume5M","{""bme688"": [{""temp"": 24.3686, ""step"": 4, ""status"": 1, ""pres"": 979.7332, ""meas_profile"": ""HP-8"", ""meas_id"": 8, ""hum"": 35.24731, ""gas_res"": 11704.46}, {""temp"": 24.36024, ""step"": 4, ""status"": 1, ""pres"": 979.8253, ""meas_profile"": ""HP-7"", ""meas_id"": 7, ""hum"": 35.12397, ""gas_res"": 17103.15}, {""temp"": 24.44744, ""step"": 4, ""status"": 1, ""pres"": 979.9973, ""meas_profile"": ""HP-6"", ""meas_id"": 6, ""hum"": 34.95635, ""gas_res"": 33169.21}, {""temp"": 24.35908, ""step"": 4, ""status"": 1, ""pres"": 979.7117, ""meas_profile"": ""HP-5"", ""meas_id"": 5, ""hum"": 35.16377, ""gas_res"": 106911.7}, {""temp"": 24.15805, ""step"": 4, ""status"": 1, ""pres"": 979.8323, ""meas_profile"": ""HP-4"", ""meas_id"": 4, ""hum"": 34.54245, ""gas_res"": 104875.1}, {""temp"": 24.30531, ""step"": 4, ""status"": 1, ""pres"": 979.4649, ""meas_profile"": ""HP-3"", ""meas_id"": 3, ""hum"": 35.04101, ""gas_res"": 36025.89}, {""temp"": 24.24752, ""step"": 4, ""status"": 1, ""pres"": 979.5909, ""meas_profile"": ""HP-2"", ""meas_id"": 2, ""hum"": 35.2788, ""gas_res"": 91723.4}, {""temp"": 24.03168, ""step"": 4, ""status"": 1, ""pres"": 979.7414, ""meas_profile"": ""HP-1"", ""meas_id"": 1, ""hum"": 34.81221, ""gas_res"": 43389.83}]}",NULL,"2025-10-29 10:36:53.656326"
14697,"04a600b9b0b8","2025-10-29 10:35:39","vxme6reea4eB0b7ume5M","{""bme688"": [{""temp"": 24.36829, ""step"": 3, ""status"": 1, ""pres"": 979.7326, ""meas_profile"": ""HP-8"", ""meas_id"": 8, ""hum"": 35.25882, ""gas_res"": 8042.222}, {""temp"": 24.35993, ""step"": 3, ""status"": 1, ""pres"": 979.8265, ""meas_profile"": ""HP-7"", ""meas_id"": 7, ""hum"": 35.14105, ""gas_res"": 9386.917}, {""temp"": 24.44713, ""step"": 3, ""status"": 1, ""pres"": 979.9986, ""meas_profile"": ""HP-6"", ""meas_id"": 6, ""hum"": 34.96789, ""gas_res"": 20025.03}, {""temp"": 24.35877, ""step"": 3, ""status"": 0, ""pres"": 979.7129, ""meas_profile"": ""HP-5"", ""meas_id"": 5, ""hum"": 35.16375, ""gas_res"": 38811.4}, {""temp"": 24.15743, ""step"": 3, ""status"": 1, ""pres"": 979.8312, ""meas_profile"": ""HP-4"", ""meas_id"": 4, ""hum"": 34.56551, ""gas_res"": 38049.94}, {""temp"": 24.30469, ""step"": 3, ""status"": 1, ""pres"": 979.464, ""meas_profile"": ""HP-3"", ""meas_id"": 3, ""hum"": 35.05252, ""gas_res"": 24743.86}, {""temp"": 24.2469, ""step"": 3, ""status"": 1, ""pres"": 979.5899, ""meas_profile"": ""HP-2"", ""meas_id"": 2, ""hum"": 35.28445, ""gas_res"": 36613.27}, {""temp"": 24.03137, ""step"": 3, ""status"": 1, ""pres"": 979.7426, ""meas_profile"": ""HP-1"", ""meas_id"": 1, ""hum"": 34.81809, ""gas_res"": 24715.2}]}",NULL,"2025-10-29 10:36:55.127259"
14698,"04a600b9b0b8","2025-10-29 10:35:39","vxme6reea4eB0b7ume5M","{""bme688"": [{""temp"": 24.36798, ""step"": 2, ""status"": 1, ""pres"": 979.7339, ""meas_profile"": ""HP-8"", ""meas_id"": 8, ""hum"": 35.25302, ""gas_res"": 28764.04}, {""temp"": 24.35993, ""step"": 2, ""status"": 1, ""pres"": 979.8265, ""meas_profile"": ""HP-7"", ""meas_id"": 7, ""hum"": 35.12964, ""gas_res"": 37122.97}, {""temp"": 24.44682, ""step"": 2, ""status"": 1, ""pres"": 979.998, ""meas_profile"": ""HP-6"", ""meas_id"": 6, ""hum"": 34.97942, ""gas_res"": 123284.4}, {""temp"": 24.35846, ""step"": 2, ""status"": 1, ""pres"": 979.7123, ""meas_profile"": ""HP-5"", ""meas_id"": 5, ""hum"": 35.16373, ""gas_res"": 308526.7}, {""temp"": 24.15712, ""step"": 2, ""status"": 1, ""pres"": 979.8309, ""meas_profile"": ""HP-4"", ""meas_id"": 4, ""hum"": 34.58282, ""gas_res"": 341903.2}, {""temp"": 24.30407, ""step"": 2, ""status"": 1, ""pres"": 979.463, ""meas_profile"": ""HP-3"", ""meas_id"": 3, ""hum"": 35.04668, ""gas_res"": 149401.8}, {""temp"": 24.24627, ""step"": 2, ""status"": 1, ""pres"": 979.5888, ""meas_profile"": ""HP-2"", ""meas_id"": 2, ""hum"": 35.29012, ""gas_res"": 276532.5}, {""temp"": 24.03075, ""step"": 2, ""status"": 1, ""pres"": 979.7436, ""meas_profile"": ""HP-1"", ""meas_id"": 1, ""hum"": 34.82986, ""gas_res"": 194899.1}]}",NULL,"2025-10-29 10:36:56.217578"
14699,"04a600b9b0b8","2025-10-29 10:35:39","vxme6reea4eB0b7ume5M","{""bme688"": [{""temp"": 24.36767, ""step"": 1, ""status"": 1, ""pres"": 979.7333, ""meas_profile"": ""HP-8"", ""meas_id"": 8, ""hum"": 35.24146, ""gas_res"": 8036.163}, {""temp"": 24.35993, ""step"": 1, ""status"": 1, ""pres"": 979.8281, ""meas_profile"": ""HP-7"", ""meas_id"": 7, ""hum"": 35.14675, ""gas_res"": 9272.675}, {""temp"": 24.44682, ""step"": 1, ""status"": 1, ""pres"": 979.998, ""meas_profile"": ""HP-6"", ""meas_id"": 6, ""hum"": 34.96786, ""gas_res"": 25000.0}, {""temp"": 24.35846, ""step"": 1, ""status"": 1, ""pres"": 979.7141, ""meas_profile"": ""HP-5"", ""meas_id"": 5, ""hum"": 35.16373, ""gas_res"": 32144.65}, {""temp"": 24.15712, ""step"": 1, ""status"": 1, ""pres"": 979.8325, ""meas_profile"": ""HP-4"", ""meas_id"": 4, ""hum"": 34.5886, ""gas_res"": 28082.49}, {""temp"": 24.30407, ""step"": 1, ""status"": 1, ""pres"": 979.4612, ""meas_profile"": ""HP-3"", ""meas_id"": 3, ""hum"": 35.04089, ""gas_res"": 25000.0}, {""temp"": 24.24627, ""step"": 1, ""status"": 1, ""pres"": 979.5888, ""meas_profile"": ""HP-2"", ""meas_id"": 2, ""hum"": 35.26724, ""gas_res"": 23845.01}, {""temp"": 24.03075, ""step"": 1, ""status"": 1, ""pres"": 979.7436, ""meas_profile"": ""HP-1"", ""meas_id"": 1, ""hum"": 34.82986, ""gas_res"": 25000.0}]}",NULL,"2025-10-29 10:36:57.497684"
14700,"04a600b9b0b8","2025-10-29 10:35:39","vxme6reea4eB0b7ume5M","{""bme688"": [{""temp"": 24.36705, ""step"": 0, ""status"": 1, ""pres"": 979.7342, ""meas_profile"": ""HP-8"", ""meas_id"": 8, ""hum"": 35.26448, ""gas_res"": 5684.846}, {""temp"": 24.35993, ""step"": 0, ""status"": 1, ""pres"": 979.8281, ""meas_profile"": ""HP-7"", ""meas_id"": 7, ""hum"": 35.15246, ""gas_res"": 5914.972}, {""temp"": 24.44682, ""step"": 0, ""status"": 1, ""pres"": 979.9998, ""meas_profile"": ""HP-6"", ""meas_id"": 6, ""hum"": 34.97364, ""gas_res"": 7677.543}, {""temp"": 24.35846, ""step"": 0, ""status"": 1, ""pres"": 979.7141, ""meas_profile"": ""HP-5"", ""meas_id"": 5, ""hum"": 35.17516, ""gas_res"": 25000.0}, {""temp"": 24.15681, ""step"": 0, ""status"": 1, ""pres"": 979.832, ""meas_profile"": ""HP-4"", ""meas_id"": 4, ""hum"": 34.58857, ""gas_res"": 18513.16}, {""temp"": 24.30376, ""step"": 0, ""status"": 1, ""pres"": 979.4606, ""meas_profile"": ""HP-3"", ""meas_id"": 3, ""hum"": 35.04665, ""gas_res"": 6906.972}, {""temp"": 24.24597, ""step"": 0, ""status"": 1, ""pres"": 979.5882, ""meas_profile"": ""HP-2"", ""meas_id"": 2, ""hum"": 35.29008, ""gas_res"": 6482.982}, {""temp"": 24.03013, ""step"": 0, ""status"": 1, ""pres"": 979.7444, ""meas_profile"": ""HP-1"", ""meas_id"": 1, ""hum"": 34.84163, ""gas_res"": 7568.59}]}",NULL,"2025-10-29 10:36:58.780522"
14701,"04a600b9b0b8","2025-10-29 10:37:36","vxme6reea4eB0b7ume5M","{""zphs01b"": {""voc"": 0, ""temp"": 22.2, ""pm2_5"": 0, ""pm1_0"": 0, ""pm10"": 276, ""o3"": 0.02, ""no2"": 10.0, ""hum"": 0, ""fmhd"": 0, ""co2"": 5000, ""co"": 0.0}, ""smell_b"": {}, ""sfa30"": {""temp"": 24.32, ""hum"": 37.55, ""fmhd"": 12.4}, ""sen5x"": {""voc"": 122.0, ""temp"": 24.43, ""pm4_0"": 4417.5, ""pm2_5"": 4417.5, ""pm1_0"": 4212.3, ""pm10"": 4417.5, ""nox"": 1.0, ""mass_c"": 4366.2, ""hum"": 42.62}, ""scd41"": {""temp"": 23.85443, ""hum"": 45.74044, ""co2"": 711}, ""power_source"": 0, ""mics6814"": {""red_res"": 0, ""no2_res"": 0, ""no2"": 0.17, ""nh3_res"": 0, ""nh3"": 0.73, ""co_res"": 0, ""co"": 44.0}}",NULL,"2025-10-29 10:38:01.569184"
14702,"04a600b9b0b8","2025-10-29 10:37:36","vxme6reea4eB0b7ume5M","{""bme688"": [{""temp"": 24.3862, ""step"": 9, ""status"": 1, ""pres"": 979.7202, ""meas_profile"": ""HP-8"", ""meas_id"": 8, ""hum"": 35.11637, ""gas_res"": 5684.846}, {""temp"": 24.37359, ""step"": 9, ""status"": 1, ""pres"": 979.8187, ""meas_profile"": ""HP-7"", ""meas_id"": 7, ""hum"": 35.00555, ""gas_res"": 5799.203}, {""temp"": 24.4567, ""step"": 9, ""status"": 1, ""pres"": 979.9811, ""meas_profile"": ""HP-6"", ""meas_id"": 6, ""hum"": 34.84166, ""gas_res"": 7806.782}, {""temp"": 24.37003, ""step"": 9, ""status"": 1, ""pres"": 979.7028, ""meas_profile"": ""HP-5"", ""meas_id"": 5, ""hum"": 35.05057, ""gas_res"": 25000.0}, {""temp"": 24.1742, ""step"": 9, ""status"": 1, ""pres"": 979.8457, ""meas_profile"": ""HP-4"", ""meas_id"": 4, ""hum"": 34.43421, ""gas_res"": 22168.34}, {""temp"": 24.32262, ""step"": 9, ""status"": 1, ""pres"": 979.5036, ""meas_profile"": ""HP-3"", ""meas_id"": 3, ""hum"": 34.90393, ""gas_res"": 6265.91}, {""temp"": 24.26366, ""step"": 9, ""status"": 1, ""pres"": 979.6108, ""meas_profile"": ""HP-2"", ""meas_id"": 2, ""hum"": 35.13745, ""gas_res"": 8209.338}, {""temp"": 24.05036, ""step"": 9, ""status"": 1, ""pres"": 979.7267, ""meas_profile"": ""HP-1"", ""meas_id"": 1, ""hum"": 34.66626, ""gas_res"": 6139.678}]}",NULL,"2025-10-29 10:38:02.812284"
14703,"04a600b9b0b8","2025-10-29 10:37:36","vxme6reea4eB0b7ume5M","{""bme688"": [{""temp"": 24.38527, ""step"": 8, ""status"": 1, ""pres"": 979.7205, ""meas_profile"": ""HP-8"", ""meas_id"": 8, ""hum"": 35.11629, ""gas_res"": 5684.846}, {""temp"": 24.37297, ""step"": 8, ""status"": 1, ""pres"": 979.8193, ""meas_profile"": ""HP-7"", ""meas_id"": 7, ""hum"": 35.01118, ""gas_res"": 5780.347}, {""temp"": 24.45639, ""step"": 8, ""status"": 1, ""pres"": 979.9824, ""meas_profile"": ""HP-6"", ""meas_id"": 6, ""hum"": 34.83585, ""gas_res"": 8159.103}, {""temp"": 24.36972, ""step"": 8, ""status"": 1, ""pres"": 979.704, ""meas_profile"": ""HP-5"", ""meas_id"": 5, ""hum"": 35.03911, ""gas_res"": 25000.0}, {""temp"": 24.17358, ""step"": 8, ""status"": 1, ""pres"": 979.8463, ""meas_profile"": ""HP-4"", ""meas_id"": 4, ""hum"": 34.43992, ""gas_res"": 22567.0}, {""temp"": 24.322, ""step"": 8, ""status"": 1, ""pres"": 979.5025, ""meas_profile"": ""HP-3"", ""meas_id"": 3, ""hum"": 34.89232, ""gas_res"": 6004.879}, {""temp"": 24.26304, ""step"": 8, ""status"": 1, ""pres"": 979.6097, ""meas_profile"": ""HP-2"", ""meas_id"": 2, ""hum"": 35.11454, ""gas_res"": 8331.164}, {""temp"": 24.04973, ""step"": 8, ""status"": 1, ""pres"": 979.7277, ""meas_profile"": ""HP-1"", ""meas_id"": 1, ""hum"": 34.66029, ""gas_res"": 6467.259}]}",NULL,"2025-10-29 10:38:04.057893"
14704,"04a600b9b0b8","2025-10-29 10:37:36","vxme6reea4eB0b7ume5M","{""bme688"": [{""temp"": 24.38435, ""step"": 7, ""status"": 1, ""pres"": 979.7209, ""meas_profile"": ""HP-8"", ""meas_id"": 8, ""hum"": 35.12772, ""gas_res"": 5684.846}, {""temp"": 24.37266, ""step"": 7, ""status"": 1, ""pres"": 979.8188, ""meas_profile"": ""HP-7"", ""meas_id"": 7, ""hum"": 35.02254, ""gas_res"": 5834.093}, {""temp"": 24.45608, ""step"": 7, ""status"": 1, ""pres"": 979.9819, ""meas_profile"": ""HP-6"", ""meas_id"": 6, ""hum"": 34.84737, ""gas_res"": 8383.547}, {""temp"": 24.3694, ""step"": 7, ""status"": 1, ""pres"": 979.7051, ""meas_profile"": ""HP-5"", ""meas_id"": 5, ""hum"": 35.0448, ""gas_res"": 25000.0}, {""temp"": 24.17327, ""step"": 7, ""status"": 1, ""pres"": 979.8458, ""meas_profile"": ""HP-4"", ""meas_id"": 4, ""hum"": 34.42834, ""gas_res"": 22030.98}, {""temp"": 24.32139, ""step"": 7, ""status"": 1, ""pres"": 979.4999, ""meas_profile"": ""HP-3"", ""meas_id"": 3, ""hum"": 34.89227, ""gas_res"": 6115.039}, {""temp"": 24.26273, ""step"": 7, ""status"": 1, ""pres"": 979.611, ""meas_profile"": ""HP-2"", ""meas_id"": 2, ""hum"": 35.13736, ""gas_res"": 8376.963}, {""temp"": 24.0488, ""step"": 7, ""status"": 1, ""pres"": 979.728, ""meas_profile"": ""HP-1"", ""meas_id"": 1, ""hum"": 34.67201, ""gas_res"": 6686.168}]}",NULL,"2025-10-29 10:38:05.338665"
14705,"04a600b9b0b8","2025-10-29 10:37:36","vxme6reea4eB0b7ume5M","{""bme688"": [{""temp"": 24.38373, ""step"": 6, ""status"": 1, ""pres"": 979.7199, ""meas_profile"": ""HP-8"", ""meas_id"": 8, ""hum"": 35.13343, ""gas_res"": 14362.66}, {""temp"": 24.37204, ""step"": 6, ""status"": 1, ""pres"": 979.8195, ""meas_profile"": ""HP-7"", ""meas_id"": 7, ""hum"": 35.01678, ""gas_res"": 18449.12}, {""temp"": 24.45577, ""step"": 6, ""status"": 1, ""pres"": 979.9832, ""meas_profile"": ""HP-6"", ""meas_id"": 6, ""hum"": 34.8589, ""gas_res"": 38152.01}, {""temp"": 24.36909, ""step"": 6, ""status"": 1, ""pres"": 979.7047, ""meas_profile"": ""HP-5"", ""meas_id"": 5, ""hum"": 35.04477, ""gas_res"": 127904.1}, {""temp"": 24.17234, ""step"": 6, ""status"": 1, ""pres"": 979.8442, ""meas_profile"": ""HP-4"", ""meas_id"": 4, ""hum"": 34.45136, ""gas_res"": 127331.5}, {""temp"": 24.32046, ""step"": 6, ""status"": 1, ""pres"": 979.4984, ""meas_profile"": ""HP-3"", ""meas_id"": 3, ""hum"": 34.90951, ""gas_res"": 75829.38}, {""temp"": 24.2618, ""step"": 6, ""status"": 1, ""pres"": 979.6094, ""meas_profile"": ""HP-2"", ""meas_id"": 2, ""hum"": 35.12585, ""gas_res"": 102114.1}, {""temp"": 24.04849, ""step"": 6, ""status"": 1, ""pres"": 979.7275, ""meas_profile"": ""HP-1"", ""meas_id"": 1, ""hum"": 34.67789, ""gas_res"": 100000.0}]}",NULL,"2025-10-29 10:38:06.808024"
14706,"04a600b9b0b8","2025-10-29 10:37:36","vxme6reea4eB0b7ume5M","{""bme688"": [{""temp"": 24.38342, ""step"": 5, ""status"": 1, ""pres"": 979.7213, ""meas_profile"": ""HP-8"", ""meas_id"": 8, ""hum"": 35.1334, ""gas_res"": 14304.87}, {""temp"": 24.37142, ""step"": 5, ""status"": 1, ""pres"": 979.8185, ""meas_profile"": ""HP-7"", ""meas_id"": 7, ""hum"": 35.01674, ""gas_res"": 18322.36}, {""temp"": 24.45546, ""step"": 5, ""status"": 1, ""pres"": 979.9844, ""meas_profile"": ""HP-6"", ""meas_id"": 6, ""hum"": 34.84154, ""gas_res"": 38083.9}, {""temp"": 24.36847, ""step"": 5, ""status"": 1, ""pres"": 979.7051, ""meas_profile"": ""HP-5"", ""meas_id"": 5, ""hum"": 35.0447, ""gas_res"": 128385.2}, {""temp"": 24.17172, ""step"": 5, ""status"": 1, ""pres"": 979.8433, ""meas_profile"": ""HP-4"", ""meas_id"": 4, ""hum"": 34.44552, ""gas_res"": 128192.3}, {""temp"": 24.32015, ""step"": 5, ""status"": 1, ""pres"": 979.4979, ""meas_profile"": ""HP-3"", ""meas_id"": 3, ""hum"": 34.89792, ""gas_res"": 46159.39}, {""temp"": 24.26118, ""step"": 5, ""status"": 1, ""pres"": 979.6085, ""meas_profile"": ""HP-2"", ""meas_id"": 2, ""hum"": 35.14864, ""gas_res"": 100906.6}, {""temp"": 24.04787, ""step"": 5, ""status"": 1, ""pres"": 979.7283, ""meas_profile"": ""HP-1"", ""meas_id"": 1, ""hum"": 34.66602, ""gas_res"": 100000.0}]}",NULL,"2025-10-29 10:38:07.895825"
14707,"04a600b9b0b8","2025-10-29 10:37:36","vxme6reea4eB0b7ume5M","{""bme688"": [{""temp"": 24.38311, ""step"": 4, ""status"": 1, ""pres"": 979.7225, ""meas_profile"": ""HP-8"", ""meas_id"": 8, ""hum"": 35.12761, ""gas_res"": 14134.28}, {""temp"": 24.37111, ""step"": 4, ""status"": 1, ""pres"": 979.8196, ""meas_profile"": ""HP-7"", ""meas_id"": 7, ""hum"": 35.0338, ""gas_res"": 18197.33}, {""temp"": 24.45515, ""step"": 4, ""status"": 1, ""pres"": 979.9856, ""meas_profile"": ""HP-6"", ""meas_id"": 6, ""hum"": 34.84151, ""gas_res"": 38461.54}, {""temp"": 24.36784, ""step"": 4, ""status"": 1, ""pres"": 979.7042, ""meas_profile"": ""HP-5"", ""meas_id"": 5, ""hum"": 35.03323, ""gas_res"": 129064.8}, {""temp"": 24.1711, ""step"": 4, ""status"": 1, ""pres"": 979.8438, ""meas_profile"": ""HP-4"", ""meas_id"": 4, ""hum"": 34.43969, ""gas_res"": 130645.6}, {""temp"": 24.31953, ""step"": 4, ""status"": 1, ""pres"": 979.4967, ""meas_profile"": ""HP-3"", ""meas_id"": 3, ""hum"": 34.90364, ""gas_res"": 45133.99}, {""temp"": 24.26025, ""step"": 4, ""status"": 1, ""pres"": 979.6069, ""meas_profile"": ""HP-2"", ""meas_id"": 2, ""hum"": 35.14284, ""gas_res"": 98461.54}, {""temp"": 24.04756, ""step"": 4, ""status"": 1, ""pres"": 979.7297, ""meas_profile"": ""HP-1"", ""meas_id"": 1, ""hum"": 34.67781, ""gas_res"": 93635.7}]}",NULL,"2025-10-29 10:38:09.17504"
14708,"04a600b9b0b8","2025-10-29 10:37:36","vxme6reea4eB0b7ume5M","{""bme688"": [{""temp"": 24.38249, ""step"": 3, ""status"": 0, ""pres"": 979.7232, ""meas_profile"": ""HP-8"", ""meas_id"": 8, ""hum"": 35.15061, ""gas_res"": 7478.383}, {""temp"": 24.37049, ""step"": 3, ""status"": 0, ""pres"": 979.8203, ""meas_profile"": ""HP-7"", ""meas_id"": 7, ""hum"": 35.03944, ""gas_res"": 8901.252}, {""temp"": 24.45454, ""step"": 3, ""status"": 0, ""pres"": 979.9846, ""meas_profile"": ""HP-6"", ""meas_id"": 6, ""hum"": 34.87611, ""gas_res"": 20665.16}, {""temp"": 24.36721, ""step"": 3, ""status"": 0, ""pres"": 979.7048, ""meas_profile"": ""HP-5"", ""meas_id"": 5, ""hum"": 35.0503, ""gas_res"": 41370.39}, {""temp"": 24.17016, ""step"": 3, ""status"": 0, ""pres"": 979.8425, ""meas_profile"": ""HP-4"", ""meas_id"": 4, ""hum"": 34.46848, ""gas_res"": 40699.52}, {""temp"": 24.31891, ""step"": 3, ""status"": 0, ""pres"": 979.4958, ""meas_profile"": ""HP-3"", ""meas_id"": 3, ""hum"": 34.93248, ""gas_res"": 25271.47}, {""temp"": 24.25963, ""step"": 3, ""status"": 0, ""pres"": 979.6074, ""meas_profile"": ""HP-2"", ""meas_id"": 2, ""hum"": 35.15992, ""gas_res"": 40544.82}, {""temp"": 24.04662, ""step"": 3, ""status"": 0, ""pres"": 979.73, ""meas_profile"": ""HP-1"", ""meas_id"": 1, ""hum"": 34.6718, ""gas_res"": 26795.06}]}",NULL,"2025-10-29 10:38:10.457268"
14709,"04a600b9b0b8","2025-10-29 10:37:36","vxme6reea4eB0b7ume5M","{""bme688"": [{""temp"": 24.38188, ""step"": 2, ""status"": 1, ""pres"": 979.7222, ""meas_profile"": ""HP-8"", ""meas_id"": 8, ""hum"": 35.13902, ""gas_res"": 23029.87}, {""temp"": 24.37018, ""step"": 2, ""status"": 1, ""pres"": 979.8198, ""meas_profile"": ""HP-7"", ""meas_id"": 7, ""hum"": 35.03941, ""gas_res"": 30103.48}, {""temp"": 24.45392, ""step"": 2, ""status"": 1, ""pres"": 979.9854, ""meas_profile"": ""HP-6"", ""meas_id"": 6, ""hum"": 34.87606, ""gas_res"": 100254.6}, {""temp"": 24.36659, ""step"": 2, ""status"": 1, ""pres"": 979.7056, ""meas_profile"": ""HP-5"", ""meas_id"": 5, ""hum"": 35.07308, ""gas_res"": 248906.2}, {""temp"": 24.16954, ""step"": 2, ""status"": 1, ""pres"": 979.8429, ""meas_profile"": ""HP-4"", ""meas_id"": 4, ""hum"": 34.4742, ""gas_res"": 290414.1}, {""temp"": 24.31829, ""step"": 2, ""status"": 1, ""pres"": 979.4946, ""meas_profile"": ""HP-3"", ""meas_id"": 3, ""hum"": 34.9382, ""gas_res"": 132883.5}, {""temp"": 24.2587, ""step"": 2, ""status"": 1, ""pres"": 979.606, ""meas_profile"": ""HP-2"", ""meas_id"": 2, ""hum"": 35.15411, ""gas_res"": 257157.2}, {""temp"": 24.046, ""step"": 2, ""status"": 1, ""pres"": 979.731, ""meas_profile"": ""HP-1"", ""meas_id"": 1, ""hum"": 34.67766, ""gas_res"": 176612.6}]}",NULL,"2025-10-29 10:38:11.925814"
14710,"04a600b9b0b8","2025-10-29 10:37:36","vxme6reea4eB0b7ume5M","{""bme688"": [{""temp"": 24.38157, ""step"": 1, ""status"": 1, ""pres"": 979.7236, ""meas_profile"": ""HP-8"", ""meas_id"": 8, ""hum"": 35.16205, ""gas_res"": 8165.348}, {""temp"": 24.36987, ""step"": 1, ""status"": 1, ""pres"": 979.8209, ""meas_profile"": ""HP-7"", ""meas_id"": 7, ""hum"": 35.03938, ""gas_res"": 9855.251}, {""temp"": 24.45392, ""step"": 1, ""status"": 1, ""pres"": 979.9872, ""meas_profile"": ""HP-6"", ""meas_id"": 6, ""hum"": 34.8645, ""gas_res"": 25000.0}, {""temp"": 24.36628, ""step"": 1, ""status"": 1, ""pres"": 979.7051, ""meas_profile"": ""HP-5"", ""meas_id"": 5, ""hum"": 35.09019, ""gas_res"": 38846.74}, {""temp"": 24.16923, ""step"": 1, ""status"": 1, ""pres"": 979.8423, ""meas_profile"": ""HP-4"", ""meas_id"": 4, ""hum"": 34.47417, ""gas_res"": 34482.76}, {""temp"": 24.31768, ""step"": 1, ""status"": 1, ""pres"": 979.4938, ""meas_profile"": ""HP-3"", ""meas_id"": 3, ""hum"": 34.94969, ""gas_res"": 25000.0}, {""temp"": 24.25839, ""step"": 1, ""status"": 1, ""pres"": 979.6055, ""meas_profile"": ""HP-2"", ""meas_id"": 2, ""hum"": 35.15409, ""gas_res"": 31527.09}, {""temp"": 24.04538, ""step"": 1, ""status"": 1, ""pres"": 979.73, ""meas_profile"": ""HP-1"", ""meas_id"": 1, ""hum"": 34.69532, ""gas_res"": 25000.0}]}",NULL,"2025-10-29 10:38:13.020146"
14711,"04a600b9b0b8","2025-10-29 10:37:36","vxme6reea4eB0b7ume5M","{""bme688"": [{""temp"": 24.38095, ""step"": 0, ""status"": 1, ""pres"": 979.7244, ""meas_profile"": ""HP-8"", ""meas_id"": 8, ""hum"": 35.1447, ""gas_res"": 5684.846}, {""temp"": 24.36956, ""step"": 0, ""status"": 1, ""pres"": 979.8203, ""meas_profile"": ""HP-7"", ""meas_id"": 7, ""hum"": 35.04505, ""gas_res"": 6038.875}, {""temp"": 24.45361, ""step"": 0, ""status"": 1, ""pres"": 979.9881, ""meas_profile"": ""HP-6"", ""meas_id"": 6, ""hum"": 34.88181, ""gas_res"": 8490.315}, {""temp"": 24.36628, ""step"": 0, ""status"": 1, ""pres"": 979.7068, ""meas_profile"": ""HP-5"", ""meas_id"": 5, ""hum"": 35.0959, ""gas_res"": 25000.0}, {""temp"": 24.16892, ""step"": 0, ""status"": 1, ""pres"": 979.8419, ""meas_profile"": ""HP-4"", ""meas_id"": 4, ""hum"": 34.46836, ""gas_res"": 22471.91}, {""temp"": 24.31706, ""step"": 0, ""status"": 1, ""pres"": 979.4927, ""meas_profile"": ""HP-3"", ""meas_id"": 3, ""hum"": 34.9323, ""gas_res"": 5862.954}, {""temp"": 24.25776, ""step"": 0, ""status"": 1, ""pres"": 979.6061, ""meas_profile"": ""HP-2"", ""meas_id"": 2, ""hum"": 35.16545, ""gas_res"": 8159.103}, {""temp"": 24.04476, ""step"": 0, ""status"": 1, ""pres"": 979.7308, ""meas_profile"": ""HP-1"", ""meas_id"": 1, ""hum"": 34.69526, ""gas_res"": 6522.625}]}",NULL,"2025-10-29 10:38:14.299343"
14712,"04a600b9b0b8","2025-10-29 10:37:09","vxme6reea4eB0b7ume5M","{""zphs01b"": {""voc"": 0, ""temp"": 22.2, ""pm2_5"": 0, ""pm1_0"": 0, ""pm10"": 285, ""o3"": 0.02, ""no2"": 10.0, ""hum"": 0, ""fmhd"": 0, ""co2"": 5000, ""co"": 0.0}, ""smell_b"": {}, ""sfa30"": {""temp"": 24.305, ""hum"": 37.59, ""fmhd"": 11.4}, ""sen5x"": {""voc"": 119.0, ""temp"": 24.45, ""pm4_0"": 4400.5, ""pm2_5"": 4400.5, ""pm1_0"": 4196.1, ""pm10"": 4400.5, ""nox"": 1.0, ""mass_c"": 4349.4, ""hum"": 42.53}, ""scd41"": {""temp"": 23.79301, ""hum"": 45.76181, ""co2"": 711}, ""power_source"": 0, ""mics6814"": {""red_res"": 0, ""no2_res"": 0, ""no2"": 0.17, ""nh3_res"": 0, ""nh3"": 0.73, ""co_res"": 0, ""co"": 44.0}}",NULL,"2025-10-29 10:38:15.46914"
14713,"04a600b9b0b8","2025-10-29 10:37:09","vxme6reea4eB0b7ume5M","{""bme688"": [{""temp"": 24.38033, ""step"": 9, ""status"": 1, ""pres"": 979.7253, ""meas_profile"": ""HP-8"", ""meas_id"": 8, ""hum"": 35.13887, ""gas_res"": 5684.846}, {""temp"": 24.36893, ""step"": 9, ""status"": 1, ""pres"": 979.8212, ""meas_profile"": ""HP-7"", ""meas_id"": 7, ""hum"": 35.03928, ""gas_res"": 5684.846}, {""temp"": 24.4533, ""step"": 9, ""status"": 1, ""pres"": 979.9877, ""meas_profile"": ""HP-6"", ""meas_id"": 6, ""hum"": 34.87022, ""gas_res"": 7220.217}, {""temp"": 24.36596, ""step"": 9, ""status"": 1, ""pres"": 979.7062, ""meas_profile"": ""HP-5"", ""meas_id"": 5, ""hum"": 35.0616, ""gas_res"": 25000.0}, {""temp"": 24.1683, ""step"": 9, ""status"": 1, ""pres"": 979.8426, ""meas_profile"": ""HP-4"", ""meas_id"": 4, ""hum"": 34.47986, ""gas_res"": 20388.66}, {""temp"": 24.31644, ""step"": 9, ""status"": 1, ""pres"": 979.49, ""meas_profile"": ""HP-3"", ""meas_id"": 3, ""hum"": 34.93801, ""gas_res"": 5911.694}, {""temp"": 24.25745, ""step"": 9, ""status"": 1, ""pres"": 979.6057, ""meas_profile"": ""HP-2"", ""meas_id"": 2, ""hum"": 35.15971, ""gas_res"": 7457.469}, {""temp"": 24.04413, ""step"": 9, ""status"": 1, ""pres"": 979.7318, ""meas_profile"": ""HP-1"", ""meas_id"": 1, ""hum"": 34.68929, ""gas_res"": 8066.549}]}",NULL,"2025-10-29 10:38:17.04669"
14714,"04a600b9b0b8","2025-10-29 10:37:09","vxme6reea4eB0b7ume5M","{""bme688"": [{""temp"": 24.37941, ""step"": 8, ""status"": 1, ""pres"": 979.7238, ""meas_profile"": ""HP-8"", ""meas_id"": 8, ""hum"": 35.15608, ""gas_res"": 5684.846}, {""temp"": 24.36863, ""step"": 8, ""status"": 1, ""pres"": 979.8206, ""meas_profile"": ""HP-7"", ""meas_id"": 7, ""hum"": 35.03926, ""gas_res"": 5684.846}, {""temp"": 24.45299, ""step"": 8, ""status"": 1, ""pres"": 979.9872, ""meas_profile"": ""HP-6"", ""meas_id"": 6, ""hum"": 34.85286, ""gas_res"": 7699.711}, {""temp"": 24.36596, ""step"": 8, ""status"": 1, ""pres"": 979.7079, ""meas_profile"": ""HP-5"", ""meas_id"": 5, ""hum"": 35.05589, ""gas_res"": 25000.0}, {""temp"": 24.16799, ""step"": 8, ""status"": 1, ""pres"": 979.842, ""meas_profile"": ""HP-4"", ""meas_id"": 4, ""hum"": 34.46827, ""gas_res"": 20214.78}, {""temp"": 24.31582, ""step"": 8, ""status"": 1, ""pres"": 979.489, ""meas_profile"": ""HP-3"", ""meas_id"": 3, ""hum"": 34.93217, ""gas_res"": 7823.961}, {""temp"": 24.25683, ""step"": 8, ""status"": 1, ""pres"": 979.6047, ""meas_profile"": ""HP-2"", ""meas_id"": 2, ""hum"": 35.14822, ""gas_res"": 7584.736}, {""temp"": 24.0432, ""step"": 8, ""status"": 1, ""pres"": 979.7302, ""meas_profile"": ""HP-1"", ""meas_id"": 1, ""hum"": 34.70102, ""gas_res"": 5898.618}]}",NULL,"2025-10-29 10:38:18.139004"
14715,"04a600b9b0b8","2025-10-29 10:37:09","vxme6reea4eB0b7ume5M","{""bme688"": [{""temp"": 24.37848, ""step"": 7, ""status"": 1, ""pres"": 979.7241, ""meas_profile"": ""HP-8"", ""meas_id"": 8, ""hum"": 35.15023, ""gas_res"": 5684.846}, {""temp"": 24.368, ""step"": 7, ""status"": 1, ""pres"": 979.8195, ""meas_profile"": ""HP-7"", ""meas_id"": 7, ""hum"": 35.0506, ""gas_res"": 5749.191}, {""temp"": 24.45268, ""step"": 7, ""status"": 1, ""pres"": 979.9885, ""meas_profile"": ""HP-6"", ""meas_id"": 6, ""hum"": 34.87016, ""gas_res"": 7778.318}, {""temp"": 24.36565, ""step"": 7, ""status"": 1, ""pres"": 979.7073, ""meas_profile"": ""HP-5"", ""meas_id"": 5, ""hum"": 35.06157, ""gas_res"": 25000.0}, {""temp"": 24.16768, ""step"": 7, ""status"": 1, ""pres"": 979.8416, ""meas_profile"": ""HP-4"", ""meas_id"": 4, ""hum"": 34.46247, ""gas_res"": 19931.49}, {""temp"": 24.3152, ""step"": 7, ""status"": 1, ""pres"": 979.488, ""meas_profile"": ""HP-3"", ""meas_id"": 3, ""hum"": 34.9379, ""gas_res"": 7655.502}, {""temp"": 24.25652, ""step"": 7, ""status"": 1, ""pres"": 979.6041, ""meas_profile"": ""HP-2"", ""meas_id"": 2, ""hum"": 35.15962, ""gas_res"": 7494.145}, {""temp"": 24.04258, ""step"": 7, ""status"": 1, ""pres"": 979.7311, ""meas_profile"": ""HP-1"", ""meas_id"": 1, ""hum"": 34.69505, ""gas_res"": 6076.719}]}",NULL,"2025-10-29 10:38:19.415068"
14716,"04a600b9b0b8","2025-10-29 10:37:09","vxme6reea4eB0b7ume5M","{""bme688"": [{""temp"": 24.37817, ""step"": 6, ""status"": 1, ""pres"": 979.7234, ""meas_profile"": ""HP-8"", ""meas_id"": 8, ""hum"": 35.16172, ""gas_res"": 14440.43}, {""temp"": 24.36769, ""step"": 6, ""status"": 1, ""pres"": 979.8207, ""meas_profile"": ""HP-7"", ""meas_id"": 7, ""hum"": 35.03347, ""gas_res"": 17982.58}, {""temp"": 24.45237, ""step"": 6, ""status"": 1, ""pres"": 979.9899, ""meas_profile"": ""HP-6"", ""meas_id"": 6, ""hum"": 34.8528, ""gas_res"": 34399.36}, {""temp"": 24.36503, ""step"": 6, ""status"": 1, ""pres"": 979.7062, ""meas_profile"": ""HP-5"", ""meas_id"": 5, ""hum"": 35.07293, ""gas_res"": 109871.2}, {""temp"": 24.16706, ""step"": 6, ""status"": 1, ""pres"": 979.8406, ""meas_profile"": ""HP-4"", ""meas_id"": 4, ""hum"": 34.47974, ""gas_res"": 106844.7}, {""temp"": 24.31458, ""step"": 6, ""status"": 1, ""pres"": 979.4869, ""meas_profile"": ""HP-3"", ""meas_id"": 3, ""hum"": 34.93206, ""gas_res"": 39900.25}, {""temp"": 24.2559, ""step"": 6, ""status"": 1, ""pres"": 979.603, ""meas_profile"": ""HP-2"", ""meas_id"": 2, ""hum"": 35.17099, ""gas_res"": 100000.0}, {""temp"": 24.04196, ""step"": 6, ""status"": 1, ""pres"": 979.7319, ""meas_profile"": ""HP-1"", ""meas_id"": 1, ""hum"": 34.71272, ""gas_res"": 81632.66}]}",NULL,"2025-10-29 10:38:20.696581"
14717,"04a600b9b0b8","2025-10-29 10:37:09","vxme6reea4eB0b7ume5M","{""bme688"": [{""temp"": 24.37755, ""step"": 5, ""status"": 1, ""pres"": 979.7244, ""meas_profile"": ""HP-8"", ""meas_id"": 8, ""hum"": 35.17319, ""gas_res"": 14382.02}, {""temp"": 24.36738, ""step"": 5, ""status"": 1, ""pres"": 979.822, ""meas_profile"": ""HP-7"", ""meas_id"": 7, ""hum"": 35.05054, ""gas_res"": 17922.15}, {""temp"": 24.45207, ""step"": 5, ""status"": 1, ""pres"": 979.9893, ""meas_profile"": ""HP-6"", ""meas_id"": 6, ""hum"": 34.87589, ""gas_res"": 34261.24}, {""temp"": 24.36471, ""step"": 5, ""status"": 1, ""pres"": 979.7075, ""meas_profile"": ""HP-5"", ""meas_id"": 5, ""hum"": 35.07861, ""gas_res"": 109518.7}, {""temp"": 24.16644, ""step"": 5, ""status"": 1, ""pres"": 979.8411, ""meas_profile"": ""HP-4"", ""meas_id"": 4, ""hum"": 34.46813, ""gas_res"": 106444.9}, {""temp"": 24.31427, ""step"": 5, ""status"": 1, ""pres"": 979.4865, ""meas_profile"": ""HP-3"", ""meas_id"": 3, ""hum"": 34.94937, ""gas_res"": 38740.92}, {""temp"": 24.25559, ""step"": 5, ""status"": 1, ""pres"": 979.6025, ""meas_profile"": ""HP-2"", ""meas_id"": 2, ""hum"": 35.17667, ""gas_res"": 100000.0}, {""temp"": 24.04102, ""step"": 5, ""status"": 1, ""pres"": 979.7305, ""meas_profile"": ""HP-1"", ""meas_id"": 1, ""hum"": 34.70672, ""gas_res"": 77977.46}]}",NULL,"2025-10-29 10:38:22.163003"
14718,"04a600b9b0b8","2025-10-29 10:37:09","vxme6reea4eB0b7ume5M","{""bme688"": [{""temp"": 24.37724, ""step"": 4, ""status"": 1, ""pres"": 979.7256, ""meas_profile"": ""HP-8"", ""meas_id"": 8, ""hum"": 35.19047, ""gas_res"": 14450.21}, {""temp"": 24.36676, ""step"": 4, ""status"": 1, ""pres"": 979.8208, ""meas_profile"": ""HP-7"", ""meas_id"": 7, ""hum"": 35.05048, ""gas_res"": 18028.17}, {""temp"": 24.45176, ""step"": 4, ""status"": 1, ""pres"": 979.9905, ""meas_profile"": ""HP-6"", ""meas_id"": 6, ""hum"": 34.88163, ""gas_res"": 34650.79}, {""temp"": 24.36409, ""step"": 4, ""status"": 1, ""pres"": 979.7065, ""meas_profile"": ""HP-5"", ""meas_id"": 5, ""hum"": 35.09569, ""gas_res"": 112108.6}, {""temp"": 24.16582, ""step"": 4, ""status"": 1, ""pres"": 979.8401, ""meas_profile"": ""HP-4"", ""meas_id"": 4, ""hum"": 34.47385, ""gas_res"": 107925.8}, {""temp"": 24.31366, ""step"": 4, ""status"": 1, ""pres"": 979.4855, ""meas_profile"": ""HP-3"", ""meas_id"": 3, ""hum"": 34.96087, ""gas_res"": 37982.2}, {""temp"": 24.25497, ""step"": 4, ""status"": 1, ""pres"": 979.6031, ""meas_profile"": ""HP-2"", ""meas_id"": 2, ""hum"": 35.18804, ""gas_res"": 100000.0}, {""temp"": 24.04071, ""step"": 4, ""status"": 1, ""pres"": 979.7319, ""meas_profile"": ""HP-1"", ""meas_id"": 1, ""hum"": 34.72441, ""gas_res"": 46259.49}]}",NULL,"2025-10-29 10:38:23.902854"
14719,"04a600b9b0b8","2025-10-29 10:37:09","vxme6reea4eB0b7ume5M","{""bme688"": [{""temp"": 24.37663, ""step"": 3, ""status"": 0, ""pres"": 979.7248, ""meas_profile"": ""HP-8"", ""meas_id"": 8, ""hum"": 35.19041, ""gas_res"": 7801.073}, {""temp"": 24.36645, ""step"": 3, ""status"": 0, ""pres"": 979.822, ""meas_profile"": ""HP-7"", ""meas_id"": 7, ""hum"": 35.08465, ""gas_res"": 9208.633}, {""temp"": 24.45114, ""step"": 3, ""status"": 0, ""pres"": 979.9895, ""meas_profile"": ""HP-6"", ""meas_id"": 6, ""hum"": 34.8989, ""gas_res"": 19282.92}, {""temp"": 24.36346, ""step"": 3, ""status"": 0, ""pres"": 979.7072, ""meas_profile"": ""HP-5"", ""meas_id"": 5, ""hum"": 35.09564, ""gas_res"": 37090.7}, {""temp"": 24.16488, ""step"": 3, ""status"": 0, ""pres"": 979.8387, ""meas_profile"": ""HP-4"", ""meas_id"": 4, ""hum"": 34.51421, ""gas_res"": 35193.84}, {""temp"": 24.31304, ""step"": 3, ""status"": 0, ""pres"": 979.4844, ""meas_profile"": ""HP-3"", ""meas_id"": 3, ""hum"": 34.96659, ""gas_res"": 21563.34}, {""temp"": 24.25404, ""step"": 3, ""status"": 0, ""pres"": 979.6016, ""meas_profile"": ""HP-2"", ""meas_id"": 2, ""hum"": 35.2051, ""gas_res"": 33746.38}, {""temp"": 24.03978, ""step"": 3, ""status"": 0, ""pres"": 979.7321, ""meas_profile"": ""HP-1"", ""meas_id"": 1, ""hum"": 34.74205, ""gas_res"": 22614.84}]}",NULL,"2025-10-29 10:38:25.179612"
14720,"04a600b9b0b8","2025-10-29 10:37:09","vxme6reea4eB0b7ume5M","{""bme688"": [{""temp"": 24.37601, ""step"": 2, ""status"": 1, ""pres"": 979.7255, ""meas_profile"": ""HP-8"", ""meas_id"": 8, ""hum"": 35.18458, ""gas_res"": 26495.55}, {""temp"": 24.36583, ""step"": 2, ""status"": 1, ""pres"": 979.8209, ""meas_profile"": ""HP-7"", ""meas_id"": 7, ""hum"": 35.07319, ""gas_res"": 33746.38}, {""temp"": 24.45052, ""step"": 2, ""status"": 1, ""pres"": 979.9902, ""meas_profile"": ""HP-6"", ""meas_id"": 6, ""hum"": 34.9104, ""gas_res"": 103538.9}, {""temp"": 24.36315, ""step"": 2, ""status"": 1, ""pres"": 979.7083, ""meas_profile"": ""HP-5"", ""meas_id"": 5, ""hum"": 35.10703, ""gas_res"": 244800.4}, {""temp"": 24.16426, ""step"": 2, ""status"": 1, ""pres"": 979.8392, ""meas_profile"": ""HP-4"", ""meas_id"": 4, ""hum"": 34.50837, ""gas_res"": 268907.6}, {""temp"": 24.31211, ""step"": 2, ""status"": 1, ""pres"": 979.4813, ""meas_profile"": ""HP-3"", ""meas_id"": 3, ""hum"": 34.97228, ""gas_res"": 122137.4}, {""temp"": 24.25342, ""step"": 2, ""status"": 1, ""pres"": 979.6006, ""meas_profile"": ""HP-2"", ""meas_id"": 2, ""hum"": 35.19933, ""gas_res"": 225104.4}, {""temp"": 24.03884, ""step"": 2, ""status"": 1, ""pres"": 979.7326, ""meas_profile"": ""HP-1"", ""meas_id"": 1, ""hum"": 34.74197, ""gas_res"": 156527.1}]}",NULL,"2025-10-29 10:38:26.459095"
14721,"04a600b9b0b8","2025-10-29 10:37:09","vxme6reea4eB0b7ume5M","{""bme688"": [{""temp"": 24.3757, ""step"": 1, ""status"": 1, ""pres"": 979.7267, ""meas_profile"": ""HP-8"", ""meas_id"": 8, ""hum"": 35.19032, ""gas_res"": 8648.648}, {""temp"": 24.36583, ""step"": 1, ""status"": 1, ""pres"": 979.8226, ""meas_profile"": ""HP-7"", ""meas_id"": 7, ""hum"": 35.08459, ""gas_res"": 10145.85}, {""temp"": 24.45052, ""step"": 1, ""status"": 1, ""pres"": 979.992, ""meas_profile"": ""HP-6"", ""meas_id"": 6, ""hum"": 34.90462, ""gas_res"": 25000.0}, {""temp"": 24.36284, ""step"": 1, ""status"": 1, ""pres"": 979.7079, ""meas_profile"": ""HP-5"", ""meas_id"": 5, ""hum"": 35.107, ""gas_res"": 34096.96}, {""temp"": 24.16395, ""step"": 1, ""status"": 1, ""pres"": 979.8388, ""meas_profile"": ""HP-4"", ""meas_id"": 4, ""hum"": 34.51411, ""gas_res"": 29418.53}, {""temp"": 24.3118, ""step"": 1, ""status"": 1, ""pres"": 979.4807, ""meas_profile"": ""HP-3"", ""meas_id"": 3, ""hum"": 34.99538, ""gas_res"": 25000.0}, {""temp"": 24.25311, ""step"": 1, ""status"": 1, ""pres"": 979.6, ""meas_profile"": ""HP-2"", ""meas_id"": 2, ""hum"": 35.22216, ""gas_res"": 25361.6}, {""temp"": 24.03853, ""step"": 1, ""status"": 1, ""pres"": 979.7339, ""meas_profile"": ""HP-1"", ""meas_id"": 1, ""hum"": 34.74784, ""gas_res"": 25000.0}]}",NULL,"2025-10-29 10:38:27.830998"
14722,"04a600b9b0b8","2025-10-29 10:37:09","vxme6reea4eB0b7ume5M","{""bme688"": [{""temp"": 24.37508, ""step"": 0, ""status"": 1, ""pres"": 979.7257, ""meas_profile"": ""HP-8"", ""meas_id"": 8, ""hum"": 35.19603, ""gas_res"": 5684.846}, {""temp"": 24.36552, ""step"": 0, ""status"": 1, ""pres"": 979.8239, ""meas_profile"": ""HP-7"", ""meas_id"": 7, ""hum"": 35.09027, ""gas_res"": 6397.441}, {""temp"": 24.45021, ""step"": 0, ""status"": 1, ""pres"": 979.9915, ""meas_profile"": ""HP-6"", ""meas_id"": 6, ""hum"": 34.91615, ""gas_res"": 8423.27}, {""temp"": 24.36284, ""step"": 0, ""status"": 1, ""pres"": 979.7095, ""meas_profile"": ""HP-5"", ""meas_id"": 5, ""hum"": 35.10129, ""gas_res"": 25000.0}, {""temp"": 24.16364, ""step"": 0, ""status"": 1, ""pres"": 979.8382, ""meas_profile"": ""HP-4"", ""meas_id"": 4, ""hum"": 34.50253, ""gas_res"": 19875.78}, {""temp"": 24.31118, ""step"": 0, ""status"": 1, ""pres"": 979.4796, ""meas_profile"": ""HP-3"", ""meas_id"": 3, ""hum"": 34.97797, ""gas_res"": 7349.563}, {""temp"": 24.25249, ""step"": 0, ""status"": 1, ""pres"": 979.5989, ""meas_profile"": ""HP-2"", ""meas_id"": 2, ""hum"": 35.20495, ""gas_res"": 7085.917}, {""temp"": 24.03791, ""step"": 0, ""status"": 1, ""pres"": 979.733, ""meas_profile"": ""HP-1"", ""meas_id"": 1, ""hum"": 34.73596, ""gas_res"": 6045.721}]}",NULL,"2025-10-29 10:38:29.019528"
14723,"04a600b9b0b8","2025-10-29 10:39:07","vxme6reea4eB0b7ume5M","{""zphs01b"": {""voc"": 0, ""temp"": 22.3, ""pm2_5"": 0, ""pm1_0"": 0, ""pm10"": 282, ""o3"": 0.03, ""no2"": 10.0, ""hum"": 0, ""fmhd"": 0, ""co2"": 5000, ""co"": 0.0}, ""smell_b"": {}, ""sfa30"": {""temp"": 24.365, ""hum"": 37.48, ""fmhd"": 14.6}, ""sen5x"": {""voc"": 128.0, ""temp"": 24.39, ""pm4_0"": 4374.8, ""pm2_5"": 4374.8, ""pm1_0"": 4171.6, ""pm10"": 4374.8, ""nox"": 1.0, ""mass_c"": 4324.0, ""hum"": 42.79}, ""scd41"": {""temp"": 23.95857, ""hum"": 45.57717, ""co2"": 718}, ""power_source"": 0, ""mics6814"": {""red_res"": 0, ""no2_res"": 0, ""no2"": 0.17, ""nh3_res"": 0, ""nh3"": 0.73, ""co_res"": 0, ""co"": 44.0}}",NULL,"2025-10-29 10:39:32.332561"
14724,"04a600b9b0b8","2025-10-29 10:39:07","vxme6reea4eB0b7ume5M","{""bme688"": [{""temp"": 24.40195, ""step"": 9, ""status"": 1, ""pres"": 979.7151, ""meas_profile"": ""HP-8"", ""meas_id"": 8, ""hum"": 35.01992, ""gas_res"": 5684.846}, {""temp"": 24.38726, ""step"": 9, ""status"": 1, ""pres"": 979.8178, ""meas_profile"": ""HP-7"", ""meas_id"": 7, ""hum"": 34.92709, ""gas_res"": 5853.302}, {""temp"": 24.46904, ""step"": 9, ""status"": 1, ""pres"": 979.9718, ""meas_profile"": ""HP-6"", ""meas_id"": 6, ""hum"": 34.75621, ""gas_res"": 7922.753}, {""temp"": 24.38285, ""step"": 9, ""status"": 1, ""pres"": 979.6986, ""meas_profile"": ""HP-5"", ""meas_id"": 5, ""hum"": 34.95474, ""gas_res"": 25000.0}, {""temp"": 24.18849, ""step"": 9, ""status"": 1, ""pres"": 979.851, ""meas_profile"": ""HP-4"", ""meas_id"": 4, ""hum"": 34.37204, ""gas_res"": 22783.91}, {""temp"": 24.33778, ""step"": 9, ""status"": 1, ""pres"": 979.5266, ""meas_profile"": ""HP-3"", ""meas_id"": 3, ""hum"": 34.82451, ""gas_res"": 6393.606}, {""temp"": 24.27795, ""step"": 9, ""status"": 1, ""pres"": 979.6227, ""meas_profile"": ""HP-2"", ""meas_id"": 2, ""hum"": 35.05315, ""gas_res"": 8363.826}, {""temp"": 24.0653, ""step"": 9, ""status"": 1, ""pres"": 979.7227, ""meas_profile"": ""HP-1"", ""meas_id"": 1, ""hum"": 34.62634, ""gas_res"": 6351.727}]}",NULL,"2025-10-29 10:39:33.844266"
14725,"04a600b9b0b8","2025-10-29 10:39:07","vxme6reea4eB0b7ume5M","{""bme688"": [{""temp"": 24.40103, ""step"": 8, ""status"": 1, ""pres"": 979.7154, ""meas_profile"": ""HP-8"", ""meas_id"": 8, ""hum"": 35.0256, ""gas_res"": 5684.846}, {""temp"": 24.38632, ""step"": 8, ""status"": 1, ""pres"": 979.8179, ""meas_profile"": ""HP-7"", ""meas_id"": 7, ""hum"": 34.91562, ""gas_res"": 5911.694}, {""temp"": 24.46843, ""step"": 8, ""status"": 1, ""pres"": 979.9724, ""meas_profile"": ""HP-6"", ""meas_id"": 6, ""hum"": 34.73306, ""gas_res"": 8209.338}, {""temp"": 24.38223, ""step"": 8, ""status"": 1, ""pres"": 979.6993, ""meas_profile"": ""HP-5"", ""meas_id"": 5, ""hum"": 34.94326, ""gas_res"": 25000.0}, {""temp"": 24.18818, ""step"": 8, ""status"": 1, ""pres"": 979.8521, ""meas_profile"": ""HP-4"", ""meas_id"": 4, ""hum"": 34.38356, ""gas_res"": 22759.6}, {""temp"": 24.33716, ""step"": 8, ""status"": 1, ""pres"": 979.5256, ""meas_profile"": ""HP-3"", ""meas_id"": 3, ""hum"": 34.83023, ""gas_res"": 6218.422}, {""temp"": 24.27764, ""step"": 8, ""status"": 1, ""pres"": 979.6238, ""meas_profile"": ""HP-2"", ""meas_id"": 2, ""hum"": 35.05883, ""gas_res"": 8357.273}, {""temp"": 24.06436, ""step"": 8, ""status"": 1, ""pres"": 979.7231, ""meas_profile"": ""HP-1"", ""meas_id"": 1, ""hum"": 34.62625, ""gas_res"": 6578.947}]}",NULL,"2025-10-29 10:39:34.934346"
14726,"04a600b9b0b8","2025-10-29 10:39:07","vxme6reea4eB0b7ume5M","{""bme688"": [{""temp"": 24.39979, ""step"": 7, ""status"": 1, ""pres"": 979.7152, ""meas_profile"": ""HP-8"", ""meas_id"": 8, ""hum"": 35.01972, ""gas_res"": 5684.846}, {""temp"": 24.3857, ""step"": 7, ""status"": 1, ""pres"": 979.8168, ""meas_profile"": ""HP-7"", ""meas_id"": 7, ""hum"": 34.92126, ""gas_res"": 5908.419}, {""temp"": 24.46781, ""step"": 7, ""status"": 1, ""pres"": 979.9733, ""meas_profile"": ""HP-6"", ""meas_id"": 6, ""hum"": 34.75031, ""gas_res"": 8497.079}, {""temp"": 24.38191, ""step"": 7, ""status"": 1, ""pres"": 979.7004, ""meas_profile"": ""HP-5"", ""meas_id"": 5, ""hum"": 34.95465, ""gas_res"": 25000.0}, {""temp"": 24.18756, ""step"": 7, ""status"": 1, ""pres"": 979.851, ""meas_profile"": ""HP-4"", ""meas_id"": 4, ""hum"": 34.37195, ""gas_res"": 22638.84}, {""temp"": 24.33623, ""step"": 7, ""status"": 1, ""pres"": 979.5242, ""meas_profile"": ""HP-3"", ""meas_id"": 3, ""hum"": 34.84747, ""gas_res"": 6189.555}, {""temp"": 24.27702, ""step"": 7, ""status"": 1, ""pres"": 979.6227, ""meas_profile"": ""HP-2"", ""meas_id"": 2, ""hum"": 35.05306, ""gas_res"": 8537.887}, {""temp"": 24.06374, ""step"": 7, ""status"": 1, ""pres"": 979.724, ""meas_profile"": ""HP-1"", ""meas_id"": 1, ""hum"": 34.61438, ""gas_res"": 6871.376}]}",NULL,"2025-10-29 10:39:36.228531"
14727,"04a600b9b0b8","2025-10-29 10:39:07","vxme6reea4eB0b7ume5M","{""bme688"": [{""temp"": 24.39917, ""step"": 6, ""status"": 1, ""pres"": 979.716, ""meas_profile"": ""HP-8"", ""meas_id"": 8, ""hum"": 35.02542, ""gas_res"": 14343.34}, {""temp"": 24.38477, ""step"": 6, ""status"": 1, ""pres"": 979.817, ""meas_profile"": ""HP-7"", ""meas_id"": 7, ""hum"": 34.91547, ""gas_res"": 18401.38}, {""temp"": 24.46719, ""step"": 6, ""status"": 1, ""pres"": 979.974, ""meas_profile"": ""HP-6"", ""meas_id"": 6, ""hum"": 34.75026, ""gas_res"": 38186.16}, {""temp"": 24.38098, ""step"": 6, ""status"": 1, ""pres"": 979.7006, ""meas_profile"": ""HP-5"", ""meas_id"": 5, ""hum"": 34.94315, ""gas_res"": 126295.0}, {""temp"": 24.18663, ""step"": 6, ""status"": 1, ""pres"": 979.8512, ""meas_profile"": ""HP-4"", ""meas_id"": 4, ""hum"": 34.36609, ""gas_res"": 125091.6}, {""temp"": 24.3353, ""step"": 6, ""status"": 1, ""pres"": 979.5226, ""meas_profile"": ""HP-3"", ""meas_id"": 3, ""hum"": 34.82427, ""gas_res"": 75560.8}, {""temp"": 24.27608, ""step"": 6, ""status"": 1, ""pres"": 979.623, ""meas_profile"": ""HP-2"", ""meas_id"": 2, ""hum"": 35.0701, ""gas_res"": 101506.7}, {""temp"": 24.06312, ""step"": 6, ""status"": 1, ""pres"": 979.7249, ""meas_profile"": ""HP-1"", ""meas_id"": 1, ""hum"": 34.61432, ""gas_res"": 100000.0}]}",NULL,"2025-10-29 10:39:37.499521"
14728,"04a600b9b0b8","2025-10-29 10:39:07","vxme6reea4eB0b7ume5M","{""bme688"": [{""temp"": 24.39856, ""step"": 5, ""status"": 1, ""pres"": 979.7167, ""meas_profile"": ""HP-8"", ""meas_id"": 8, ""hum"": 35.0196, ""gas_res"": 14276.15}, {""temp"": 24.38415, ""step"": 5, ""status"": 1, ""pres"": 979.8176, ""meas_profile"": ""HP-7"", ""meas_id"": 7, ""hum"": 34.9268, ""gas_res"": 18290.94}, {""temp"": 24.46688, ""step"": 5, ""status"": 1, ""pres"": 979.9751, ""meas_profile"": ""HP-6"", ""meas_id"": 6, ""hum"": 34.756, ""gas_res"": 38186.16}, {""temp"": 24.38004, ""step"": 5, ""status"": 1, ""pres"": 979.7007, ""meas_profile"": ""HP-5"", ""meas_id"": 5, ""hum"": 34.94876, ""gas_res"": 127426.6}, {""temp"": 24.1857, ""step"": 5, ""status"": 1, ""pres"": 979.8513, ""meas_profile"": ""HP-4"", ""meas_id"": 4, ""hum"": 34.37177, ""gas_res"": 126670.0}, {""temp"": 24.33468, ""step"": 5, ""status"": 1, ""pres"": 979.5215, ""meas_profile"": ""HP-3"", ""meas_id"": 3, ""hum"": 34.83576, ""gas_res"": 46309.7}, {""temp"": 24.27515, ""step"": 5, ""status"": 1, ""pres"": 979.6213, ""meas_profile"": ""HP-2"", ""meas_id"": 2, ""hum"": 35.0643, ""gas_res"": 99205.58}, {""temp"": 24.0625, ""step"": 5, ""status"": 1, ""pres"": 979.7257, ""meas_profile"": ""HP-1"", ""meas_id"": 1, ""hum"": 34.63197, ""gas_res"": 100000.0}]}",NULL,"2025-10-29 10:39:38.970897"
14729,"04a600b9b0b8","2025-10-29 10:39:07","vxme6reea4eB0b7ume5M","{""bme688"": [{""temp"": 24.39763, ""step"": 4, ""status"": 1, ""pres"": 979.717, ""meas_profile"": ""HP-8"", ""meas_id"": 8, ""hum"": 35.03679, ""gas_res"": 14106.24}, {""temp"": 24.38322, ""step"": 4, ""status"": 1, ""pres"": 979.8177, ""meas_profile"": ""HP-7"", ""meas_id"": 7, ""hum"": 34.91532, ""gas_res"": 18181.82}, {""temp"": 24.46627, ""step"": 4, ""status"": 1, ""pres"": 979.9758, ""meas_profile"": ""HP-6"", ""meas_id"": 6, ""hum"": 34.75594, ""gas_res"": 38288.96}, {""temp"": 24.37941, ""step"": 4, ""status"": 1, ""pres"": 979.6996, ""meas_profile"": ""HP-5"", ""meas_id"": 5, ""hum"": 34.9487, ""gas_res"": 128481.8}, {""temp"": 24.18476, ""step"": 4, ""status"": 1, ""pres"": 979.8498, ""meas_profile"": ""HP-4"", ""meas_id"": 4, ""hum"": 34.36591, ""gas_res"": 126764.0}, {""temp"": 24.33406, ""step"": 4, ""status"": 1, ""pres"": 979.5206, ""meas_profile"": ""HP-3"", ""meas_id"": 3, ""hum"": 34.84726, ""gas_res"": 45470.69}, {""temp"": 24.27422, ""step"": 4, ""status"": 1, ""pres"": 979.6199, ""meas_profile"": ""HP-2"", ""meas_id"": 2, ""hum"": 35.08134, ""gas_res"": 98575.28}, {""temp"": 24.06218, ""step"": 4, ""status"": 1, ""pres"": 979.7252, ""meas_profile"": ""HP-1"", ""meas_id"": 1, ""hum"": 34.63195, ""gas_res"": 93124.77}]}",NULL,"2025-10-29 10:39:40.69658"
14730,"04a600b9b0b8","2025-10-29 10:39:07","vxme6reea4eB0b7ume5M","{""bme688"": [{""temp"": 24.39701, ""step"": 3, ""status"": 0, ""pres"": 979.718, ""meas_profile"": ""HP-8"", ""meas_id"": 8, ""hum"": 35.03674, ""gas_res"": 7421.15}, {""temp"": 24.3826, ""step"": 3, ""status"": 0, ""pres"": 979.8184, ""meas_profile"": ""HP-7"", ""meas_id"": 7, ""hum"": 34.96082, ""gas_res"": 8901.252}, {""temp"": 24.46534, ""step"": 3, ""status"": 0, ""pres"": 979.9763, ""meas_profile"": ""HP-6"", ""meas_id"": 6, ""hum"": 34.7905, ""gas_res"": 19968.8}, {""temp"": 24.37847, ""step"": 3, ""status"": 0, ""pres"": 979.7015, ""meas_profile"": ""HP-5"", ""meas_id"": 5, ""hum"": 34.97144, ""gas_res"": 41330.32}, {""temp"": 24.18383, ""step"": 3, ""status"": 0, ""pres"": 979.8499, ""meas_profile"": ""HP-4"", ""meas_id"": 4, ""hum"": 34.37737, ""gas_res"": 38565.83}, {""temp"": 24.33314, ""step"": 3, ""status"": 0, ""pres"": 979.519, ""meas_profile"": ""HP-3"", ""meas_id"": 3, ""hum"": 34.8645, ""gas_res"": 24544.58}, {""temp"": 24.27329, ""step"": 3, ""status"": 0, ""pres"": 979.6199, ""meas_profile"": ""HP-2"", ""meas_id"": 2, ""hum"": 35.09268, ""gas_res"": 38565.83}, {""temp"": 24.06125, ""step"": 3, ""status"": 0, ""pres"": 979.7255, ""meas_profile"": ""HP-1"", ""meas_id"": 1, ""hum"": 34.65548, ""gas_res"": 26611.23}]}",NULL,"2025-10-29 10:39:41.978651"
14731,"04a600b9b0b8","2025-10-29 10:39:07","vxme6reea4eB0b7ume5M","{""bme688"": [{""temp"": 24.39639, ""step"": 2, ""status"": 1, ""pres"": 979.7169, ""meas_profile"": ""HP-8"", ""meas_id"": 8, ""hum"": 35.06548, ""gas_res"": 18658.89}, {""temp"": 24.38198, ""step"": 2, ""status"": 1, ""pres"": 979.8174, ""meas_profile"": ""HP-7"", ""meas_id"": 7, ""hum"": 34.94368, ""gas_res"": 24006.0}, {""temp"": 24.46441, ""step"": 2, ""status"": 1, ""pres"": 979.9747, ""meas_profile"": ""HP-6"", ""meas_id"": 6, ""hum"": 34.79041, ""gas_res"": 70098.58}, {""temp"": 24.37785, ""step"": 2, ""status"": 1, ""pres"": 979.7004, ""meas_profile"": ""HP-5"", ""meas_id"": 5, ""hum"": 34.97138, ""gas_res"": 158710.5}, {""temp"": 24.1829, ""step"": 2, ""status"": 1, ""pres"": 979.8484, ""meas_profile"": ""HP-4"", ""meas_id"": 4, ""hum"": 34.3946, ""gas_res"": 185238.8}, {""temp"": 24.33252, ""step"": 2, ""status"": 1, ""pres"": 979.5181, ""meas_profile"": ""HP-3"", ""meas_id"": 3, ""hum"": 34.87022, ""gas_res"": 91233.07}, {""temp"": 24.27267, ""step"": 2, ""status"": 1, ""pres"": 979.619, ""meas_profile"": ""HP-2"", ""meas_id"": 2, ""hum"": 35.09262, ""gas_res"": 170780.5}, {""temp"": 24.06032, ""step"": 2, ""status"": 1, ""pres"": 979.726, ""meas_profile"": ""HP-1"", ""meas_id"": 1, ""hum"": 34.64358, ""gas_res"": 122050.1}]}",NULL,"2025-10-29 10:39:43.259"
14732,"04a600b9b0b8","2025-10-29 10:39:07","vxme6reea4eB0b7ume5M","{""bme688"": [{""temp"": 24.39547, ""step"": 1, ""status"": 1, ""pres"": 979.7173, ""meas_profile"": ""HP-8"", ""meas_id"": 8, ""hum"": 35.05964, ""gas_res"": 8337.676}, {""temp"": 24.38136, ""step"": 1, ""status"": 1, ""pres"": 979.8181, ""meas_profile"": ""HP-7"", ""meas_id"": 7, ""hum"": 34.9607, ""gas_res"": 10165.18}, {""temp"": 24.46411, ""step"": 1, ""status"": 1, ""pres"": 979.9758, ""meas_profile"": ""HP-6"", ""meas_id"": 6, ""hum"": 34.77306, ""gas_res"": 25000.0}, {""temp"": 24.37722, ""step"": 1, ""status"": 1, ""pres"": 979.701, ""meas_profile"": ""HP-5"", ""meas_id"": 5, ""hum"": 34.98845, ""gas_res"": 39825.76}, {""temp"": 24.18259, ""step"": 1, ""status"": 1, ""pres"": 979.8494, ""meas_profile"": ""HP-4"", ""meas_id"": 4, ""hum"": 34.37726, ""gas_res"": 34707.16}, {""temp"": 24.3319, ""step"": 1, ""status"": 1, ""pres"": 979.5171, ""meas_profile"": ""HP-3"", ""meas_id"": 3, ""hum"": 34.85861, ""gas_res"": 25000.0}, {""temp"": 24.27205, ""step"": 1, ""status"": 1, ""pres"": 979.6178, ""meas_profile"": ""HP-2"", ""meas_id"": 2, ""hum"": 35.09827, ""gas_res"": 32388.66}, {""temp"": 24.05969, ""step"": 1, ""status"": 1, ""pres"": 979.7268, ""meas_profile"": ""HP-1"", ""meas_id"": 1, ""hum"": 34.65533, ""gas_res"": 25000.0}]}",NULL,"2025-10-29 10:39:44.650129"
14733,"04a600b9b0b8","2025-10-29 10:39:07","vxme6reea4eB0b7ume5M","{""bme688"": [{""temp"": 24.39454, ""step"": 0, ""status"": 1, ""pres"": 979.7175, ""meas_profile"": ""HP-8"", ""meas_id"": 8, ""hum"": 35.05955, ""gas_res"": 5684.846}, {""temp"": 24.38073, ""step"": 0, ""status"": 1, ""pres"": 979.8187, ""meas_profile"": ""HP-7"", ""meas_id"": 7, ""hum"": 34.96635, ""gas_res"": 6178.799}, {""temp"": 24.46349, ""step"": 0, ""status"": 1, ""pres"": 979.9765, ""meas_profile"": ""HP-6"", ""meas_id"": 6, ""hum"": 34.79033, ""gas_res"": 8733.624}, {""temp"": 24.37691, ""step"": 0, ""status"": 1, ""pres"": 979.7023, ""meas_profile"": ""HP-5"", ""meas_id"": 5, ""hum"": 34.977, ""gas_res"": 25000.0}, {""temp"": 24.18197, ""step"": 0, ""status"": 1, ""pres"": 979.8484, ""meas_profile"": ""HP-4"", ""meas_id"": 4, ""hum"": 34.38874, ""gas_res"": 22881.66}, {""temp"": 24.33097, ""step"": 0, ""status"": 1, ""pres"": 979.5157, ""meas_profile"": ""HP-3"", ""meas_id"": 3, ""hum"": 34.87007, ""gas_res"": 6094.077}, {""temp"": 24.27143, ""step"": 0, ""status"": 1, ""pres"": 979.6168, ""meas_profile"": ""HP-2"", ""meas_id"": 2, ""hum"": 35.10392, ""gas_res"": 8390.142}, {""temp"": 24.05907, ""step"": 0, ""status"": 1, ""pres"": 979.7277, ""meas_profile"": ""HP-1"", ""meas_id"": 1, ""hum"": 34.64936, ""gas_res"": 6783.973}]}",NULL,"2025-10-29 10:39:45.815116"
14734,"04a600b9b0b8","2025-10-29 10:38:40","vxme6reea4eB0b7ume5M","{""zphs01b"": {""voc"": 0, ""temp"": 22.3, ""pm2_5"": 0, ""pm1_0"": 0, ""pm10"": 294, ""o3"": 0.03, ""no2"": 10.0, ""hum"": 0, ""fmhd"": 0, ""co2"": 5000, ""co"": 0.0}, ""smell_b"": {}, ""sfa30"": {""temp"": 24.34, ""hum"": 37.51, ""fmhd"": 13.8}, ""sen5x"": {""voc"": 100.0, ""temp"": 24.4, ""pm4_0"": 4390.7, ""pm2_5"": 4390.7, ""pm1_0"": 4186.8, ""pm10"": 4390.7, ""nox"": 1.0, ""mass_c"": 4339.725, ""hum"": 42.74}, ""scd41"": {""temp"": 23.94255, ""hum"": 45.65347, ""co2"": 716}, ""power_source"": 0, ""mics6814"": {""red_res"": 0, ""no2_res"": 0, ""no2"": 0.17, ""nh3_res"": 0, ""nh3"": 0.73, ""co_res"": 0, ""co"": 44.0}}",NULL,"2025-10-29 10:39:46.988719"
14735,"04a600b9b0b8","2025-10-29 10:38:40","vxme6reea4eB0b7ume5M","{""bme688"": [{""temp"": 24.39361, ""step"": 9, ""status"": 1, ""pres"": 979.7178, ""meas_profile"": ""HP-8"", ""meas_id"": 8, ""hum"": 35.0537, ""gas_res"": 5684.846}, {""temp"": 24.38011, ""step"": 9, ""status"": 1, ""pres"": 979.8176, ""meas_profile"": ""HP-7"", ""meas_id"": 7, ""hum"": 34.9492, ""gas_res"": 5684.846}, {""temp"": 24.46287, ""step"": 9, ""status"": 1, ""pres"": 979.9774, ""meas_profile"": ""HP-6"", ""meas_id"": 6, ""hum"": 34.76717, ""gas_res"": 7452.259}, {""temp"": 24.37629, ""step"": 9, ""status"": 1, ""pres"": 979.7012, ""meas_profile"": ""HP-5"", ""meas_id"": 5, ""hum"": 34.98265, ""gas_res"": 25000.0}, {""temp"": 24.18135, ""step"": 9, ""status"": 1, ""pres"": 979.8491, ""meas_profile"": ""HP-4"", ""meas_id"": 4, ""hum"": 34.39445, ""gas_res"": 21136.06}, {""temp"": 24.33004, ""step"": 9, ""status"": 1, ""pres"": 979.5158, ""meas_profile"": ""HP-3"", ""meas_id"": 3, ""hum"": 34.84688, ""gas_res"": 6097.561}, {""temp"": 24.27081, ""step"": 9, ""status"": 1, ""pres"": 979.6176, ""meas_profile"": ""HP-2"", ""meas_id"": 2, ""hum"": 35.08102, ""gas_res"": 7688.611}, {""temp"": 24.05845, ""step"": 9, ""status"": 1, ""pres"": 979.7266, ""meas_profile"": ""HP-1"", ""meas_id"": 1, ""hum"": 34.63159, ""gas_res"": 8260.196}]}",NULL,"2025-10-29 10:39:48.378566"
14736,"04a600b9b0b8","2025-10-29 10:38:40","vxme6reea4eB0b7ume5M","{""bme688"": [{""temp"": 24.39269, ""step"": 8, ""status"": 1, ""pres"": 979.7181, ""meas_profile"": ""HP-8"", ""meas_id"": 8, ""hum"": 35.05937, ""gas_res"": 5684.846}, {""temp"": 24.37918, ""step"": 8, ""status"": 1, ""pres"": 979.8178, ""meas_profile"": ""HP-7"", ""meas_id"": 7, ""hum"": 34.9491, ""gas_res"": 5805.515}, {""temp"": 24.46225, ""step"": 8, ""status"": 1, ""pres"": 979.9782, ""meas_profile"": ""HP-6"", ""meas_id"": 6, ""hum"": 34.77288, ""gas_res"": 7875.954}, {""temp"": 24.37597, ""step"": 8, ""status"": 1, ""pres"": 979.7025, ""meas_profile"": ""HP-5"", ""meas_id"": 5, ""hum"": 34.99404, ""gas_res"": 25000.0}, {""temp"": 24.18073, ""step"": 8, ""status"": 1, ""pres"": 979.848, ""meas_profile"": ""HP-4"", ""meas_id"": 4, ""hum"": 34.40018, ""gas_res"": 21157.03}, {""temp"": 24.32943, ""step"": 8, ""status"": 1, ""pres"": 979.5148, ""meas_profile"": ""HP-3"", ""meas_id"": 3, ""hum"": 34.86414, ""gas_res"": 8146.64}, {""temp"": 24.27019, ""step"": 8, ""status"": 1, ""pres"": 979.6164, ""meas_profile"": ""HP-2"", ""meas_id"": 2, ""hum"": 35.08096, ""gas_res"": 7905.138}, {""temp"": 24.05752, ""step"": 8, ""status"": 1, ""pres"": 979.7271, ""meas_profile"": ""HP-1"", ""meas_id"": 1, ""hum"": 34.64331, ""gas_res"": 6153.846}]}",NULL,"2025-10-29 10:39:49.751091"
14737,"04a600b9b0b8","2025-10-29 10:38:40","vxme6reea4eB0b7ume5M","{""bme688"": [{""temp"": 24.39176, ""step"": 7, ""status"": 1, ""pres"": 979.7185, ""meas_profile"": ""HP-8"", ""meas_id"": 8, ""hum"": 35.05352, ""gas_res"": 5684.846}, {""temp"": 24.37856, ""step"": 7, ""status"": 1, ""pres"": 979.8187, ""meas_profile"": ""HP-7"", ""meas_id"": 7, ""hum"": 34.96044, ""gas_res"": 5840.482}, {""temp"": 24.46164, ""step"": 7, ""status"": 1, ""pres"": 979.9771, ""meas_profile"": ""HP-6"", ""meas_id"": 6, ""hum"": 34.77859, ""gas_res"": 7988.018}, {""temp"": 24.37535, ""step"": 7, ""status"": 1, ""pres"": 979.7031, ""meas_profile"": ""HP-5"", ""meas_id"": 5, ""hum"": 34.99969, ""gas_res"": 25000.0}, {""temp"": 24.1801, ""step"": 7, ""status"": 1, ""pres"": 979.8487, ""meas_profile"": ""HP-4"", ""meas_id"": 4, ""hum"": 34.39434, ""gas_res"": 20233.96}, {""temp"": 24.3285, ""step"": 7, ""status"": 1, ""pres"": 979.5131, ""meas_profile"": ""HP-3"", ""meas_id"": 3, ""hum"": 34.88139, ""gas_res"": 7801.073}, {""temp"": 24.26957, ""step"": 7, ""status"": 1, ""pres"": 979.6154, ""meas_profile"": ""HP-2"", ""meas_id"": 2, ""hum"": 35.07518, ""gas_res"": 7617.234}, {""temp"": 24.05658, ""step"": 7, ""status"": 1, ""pres"": 979.7274, ""meas_profile"": ""HP-1"", ""meas_id"": 1, ""hum"": 34.61961, ""gas_res"": 6211.18}]}",NULL,"2025-10-29 10:39:50.935832"
14738,"04a600b9b0b8","2025-10-29 10:38:40","vxme6reea4eB0b7ume5M","{""bme688"": [{""temp"": 24.39114, ""step"": 6, ""status"": 1, ""pres"": 979.7192, ""meas_profile"": ""HP-8"", ""meas_id"": 8, ""hum"": 35.0477, ""gas_res"": 14519.06}, {""temp"": 24.37794, ""step"": 6, ""status"": 1, ""pres"": 979.8176, ""meas_profile"": ""HP-7"", ""meas_id"": 7, ""hum"": 34.97177, ""gas_res"": 17982.58}, {""temp"": 24.46133, ""step"": 6, ""status"": 1, ""pres"": 979.9783, ""meas_profile"": ""HP-6"", ""meas_id"": 6, ""hum"": 34.78434, ""gas_res"": 34151.55}, {""temp"": 24.37472, ""step"": 6, ""status"": 1, ""pres"": 979.702, ""meas_profile"": ""HP-5"", ""meas_id"": 5, ""hum"": 34.97679, ""gas_res"": 108959.4}, {""temp"": 24.17948, ""step"": 6, ""status"": 1, ""pres"": 979.8477, ""meas_profile"": ""HP-4"", ""meas_id"": 4, ""hum"": 34.40006, ""gas_res"": 105068.8}, {""temp"": 24.32788, ""step"": 6, ""status"": 1, ""pres"": 979.5104, ""meas_profile"": ""HP-3"", ""meas_id"": 3, ""hum"": 34.86399, ""gas_res"": 39825.76}, {""temp"": 24.26894, ""step"": 6, ""status"": 1, ""pres"": 979.6144, ""meas_profile"": ""HP-2"", ""meas_id"": 2, ""hum"": 35.08083, ""gas_res"": 100000.0}, {""temp"": 24.05565, ""step"": 6, ""status"": 1, ""pres"": 979.7277, ""meas_profile"": ""HP-1"", ""meas_id"": 1, ""hum"": 34.64314, ""gas_res"": 80782.58}]}",NULL,"2025-10-29 10:39:52.215511"
14739,"04a600b9b0b8","2025-10-29 10:38:40","vxme6reea4eB0b7ume5M","{""bme688"": [{""temp"": 24.39022, ""step"": 5, ""status"": 1, ""pres"": 979.7177, ""meas_profile"": ""HP-8"", ""meas_id"": 8, ""hum"": 35.05337, ""gas_res"": 14460.01}, {""temp"": 24.37732, ""step"": 5, ""status"": 1, ""pres"": 979.8182, ""meas_profile"": ""HP-7"", ""meas_id"": 7, ""hum"": 34.96032, ""gas_res"": 17967.43}, {""temp"": 24.46071, ""step"": 5, ""status"": 1, ""pres"": 979.9791, ""meas_profile"": ""HP-6"", ""meas_id"": 6, ""hum"": 34.80161, ""gas_res"": 34233.75}, {""temp"": 24.37378, ""step"": 5, ""status"": 1, ""pres"": 979.7021, ""meas_profile"": ""HP-5"", ""meas_id"": 5, ""hum"": 34.98241, ""gas_res"": 109800.6}, {""temp"": 24.17855, ""step"": 5, ""status"": 1, ""pres"": 979.8478, ""meas_profile"": ""HP-4"", ""meas_id"": 4, ""hum"": 34.39997, ""gas_res"": 104810.6}, {""temp"": 24.32726, ""step"": 5, ""status"": 1, ""pres"": 979.511, ""meas_profile"": ""HP-3"", ""meas_id"": 3, ""hum"": 34.88705, ""gas_res"": 39024.39}, {""temp"": 24.26832, ""step"": 5, ""status"": 1, ""pres"": 979.6151, ""meas_profile"": ""HP-2"", ""meas_id"": 2, ""hum"": 35.08649, ""gas_res"": 100000.0}, {""temp"": 24.05503, ""step"": 5, ""status"": 1, ""pres"": 979.7269, ""meas_profile"": ""HP-1"", ""meas_id"": 1, ""hum"": 34.64898, ""gas_res"": 78335.38}]}",NULL,"2025-10-29 10:39:53.499061"
14740,"04a600b9b0b8","2025-10-29 10:38:40","vxme6reea4eB0b7ume5M","{""bme688"": [{""temp"": 24.3896, ""step"": 4, ""status"": 1, ""pres"": 979.7185, ""meas_profile"": ""HP-8"", ""meas_id"": 8, ""hum"": 35.08212, ""gas_res"": 14450.21}, {""temp"": 24.3767, ""step"": 4, ""status"": 1, ""pres"": 979.8187, ""meas_profile"": ""HP-7"", ""meas_id"": 7, ""hum"": 34.98305, ""gas_res"": 18058.69}, {""temp"": 24.46009, ""step"": 4, ""status"": 1, ""pres"": 979.9797, ""meas_profile"": ""HP-6"", ""meas_id"": 6, ""hum"": 34.8131, ""gas_res"": 34707.16}, {""temp"": 24.37316, ""step"": 4, ""status"": 1, ""pres"": 979.7028, ""meas_profile"": ""HP-5"", ""meas_id"": 5, ""hum"": 34.99948, ""gas_res"": 110870.5}, {""temp"": 24.17762, ""step"": 4, ""status"": 1, ""pres"": 979.848, ""meas_profile"": ""HP-4"", ""meas_id"": 4, ""hum"": 34.42298, ""gas_res"": 106378.6}, {""temp"": 24.32664, ""step"": 4, ""status"": 1, ""pres"": 979.5101, ""meas_profile"": ""HP-3"", ""meas_id"": 3, ""hum"": 34.88121, ""gas_res"": 38392.32}, {""temp"": 24.26739, ""step"": 4, ""status"": 1, ""pres"": 979.6135, ""meas_profile"": ""HP-2"", ""meas_id"": 2, ""hum"": 35.11496, ""gas_res"": 100000.0}, {""temp"": 24.0544, ""step"": 4, ""status"": 1, ""pres"": 979.7276, ""meas_profile"": ""HP-1"", ""meas_id"": 1, ""hum"": 34.66664, ""gas_res"": 46511.63}]}",NULL,"2025-10-29 10:39:54.873232"
14741,"04a600b9b0b8","2025-10-29 10:38:40","vxme6reea4eB0b7ume5M","{""bme688"": [{""temp"": 24.38867, ""step"": 3, ""status"": 0, ""pres"": 979.7188, ""meas_profile"": ""HP-8"", ""meas_id"": 8, ""hum"": 35.07627, ""gas_res"": 7600.95}, {""temp"": 24.37577, ""step"": 3, ""status"": 0, ""pres"": 979.8189, ""meas_profile"": ""HP-7"", ""meas_id"": 7, ""hum"": 35.00575, ""gas_res"": 8827.586}, {""temp"": 24.45917, ""step"": 3, ""status"": 0, ""pres"": 979.9799, ""meas_profile"": ""HP-6"", ""meas_id"": 6, ""hum"": 34.81301, ""gas_res"": 18691.59}, {""temp"": 24.37222, ""step"": 3, ""status"": 0, ""pres"": 979.7012, ""meas_profile"": ""HP-5"", ""meas_id"": 5, ""hum"": 35.0051, ""gas_res"": 35784.18}, {""temp"": 24.17669, ""step"": 3, ""status"": 0, ""pres"": 979.8463, ""meas_profile"": ""HP-4"", ""meas_id"": 4, ""hum"": 34.41135, ""gas_res"": 33666.49}, {""temp"": 24.32572, ""step"": 3, ""status"": 0, ""pres"": 979.5087, ""meas_profile"": ""HP-3"", ""meas_id"": 3, ""hum"": 34.87534, ""gas_res"": 20785.97}, {""temp"": 24.26646, ""step"": 3, ""status"": 0, ""pres"": 979.6121, ""meas_profile"": ""HP-2"", ""meas_id"": 2, ""hum"": 35.11487, ""gas_res"": 32686.41}, {""temp"": 24.05316, ""step"": 3, ""status"": 0, ""pres"": 979.7275, ""meas_profile"": ""HP-1"", ""meas_id"": 1, ""hum"": 34.6488, ""gas_res"": 21739.13}]}",NULL,"2025-10-29 10:39:56.061091"
14742,"04a600b9b0b8","2025-10-29 10:38:40","vxme6reea4eB0b7ume5M","{""bme688"": [{""temp"": 24.38805, ""step"": 2, ""status"": 1, ""pres"": 979.7197, ""meas_profile"": ""HP-8"", ""meas_id"": 8, ""hum"": 35.09349, ""gas_res"": 21985.57}, {""temp"": 24.37514, ""step"": 2, ""status"": 1, ""pres"": 979.8179, ""meas_profile"": ""HP-7"", ""meas_id"": 7, ""hum"": 34.9943, ""gas_res"": 27397.26}, {""temp"": 24.45824, ""step"": 2, ""status"": 1, ""pres"": 979.9802, ""meas_profile"": ""HP-6"", ""meas_id"": 6, ""hum"": 34.82448, ""gas_res"": 74766.35}, {""temp"": 24.37159, ""step"": 2, ""status"": 1, ""pres"": 979.702, ""meas_profile"": ""HP-5"", ""meas_id"": 5, ""hum"": 35.01075, ""gas_res"": 166938.4}, {""temp"": 24.17575, ""step"": 2, ""status"": 1, ""pres"": 979.8465, ""meas_profile"": ""HP-4"", ""meas_id"": 4, ""hum"": 34.41125, ""gas_res"": 185238.8}, {""temp"": 24.32479, ""step"": 2, ""status"": 1, ""pres"": 979.5054, ""meas_profile"": ""HP-3"", ""meas_id"": 3, ""hum"": 34.89259, ""gas_res"": 88215.02}, {""temp"": 24.26553, ""step"": 2, ""status"": 1, ""pres"": 979.6121, ""meas_profile"": ""HP-2"", ""meas_id"": 2, ""hum"": 35.12621, ""gas_res"": 158122.3}, {""temp"": 24.05254, ""step"": 2, ""status"": 1, ""pres"": 979.7285, ""meas_profile"": ""HP-1"", ""meas_id"": 1, ""hum"": 34.67828, ""gas_res"": 113828.4}]}",NULL,"2025-10-29 10:39:57.339411"
14743,"04a600b9b0b8","2025-10-29 10:38:40","vxme6reea4eB0b7ume5M","{""bme688"": [{""temp"": 24.38744, ""step"": 1, ""status"": 1, ""pres"": 979.7205, ""meas_profile"": ""HP-8"", ""meas_id"": 8, ""hum"": 35.08191, ""gas_res"": 8719.346}, {""temp"": 24.37484, ""step"": 1, ""status"": 1, ""pres"": 979.8191, ""meas_profile"": ""HP-7"", ""meas_id"": 7, ""hum"": 34.99997, ""gas_res"": 10342.6}, {""temp"": 24.45793, ""step"": 1, ""status"": 1, ""pres"": 979.9816, ""meas_profile"": ""HP-6"", ""meas_id"": 6, ""hum"": 34.81867, ""gas_res"": 25000.0}, {""temp"": 24.37097, ""step"": 1, ""status"": 1, ""pres"": 979.7026, ""meas_profile"": ""HP-5"", ""meas_id"": 5, ""hum"": 35.01068, ""gas_res"": 35106.96}, {""temp"": 24.17513, ""step"": 1, ""status"": 1, ""pres"": 979.8455, ""meas_profile"": ""HP-4"", ""meas_id"": 4, ""hum"": 34.41697, ""gas_res"": 29913.53}, {""temp"": 24.32448, ""step"": 1, ""status"": 1, ""pres"": 979.5048, ""meas_profile"": ""HP-3"", ""meas_id"": 3, ""hum"": 34.89834, ""gas_res"": 25000.0}, {""temp"": 24.26491, ""step"": 1, ""status"": 1, ""pres"": 979.6111, ""meas_profile"": ""HP-2"", ""meas_id"": 2, ""hum"": 35.11472, ""gas_res"": 26462.68}, {""temp"": 24.05191, ""step"": 1, ""status"": 1, ""pres"": 979.7274, ""meas_profile"": ""HP-1"", ""meas_id"": 1, ""hum"": 34.67822, ""gas_res"": 25000.0}]}",NULL,"2025-10-29 10:39:58.636038"
14744,"04a600b9b0b8","2025-10-29 10:38:40","vxme6reea4eB0b7ume5M","{""bme688"": [{""temp"": 24.38682, ""step"": 0, ""status"": 1, ""pres"": 979.7212, ""meas_profile"": ""HP-8"", ""meas_id"": 8, ""hum"": 35.11643, ""gas_res"": 5684.846}, {""temp"": 24.37421, ""step"": 0, ""status"": 1, ""pres"": 979.818, ""meas_profile"": ""HP-7"", ""meas_id"": 7, ""hum"": 35.0056, ""gas_res"": 6558.721}, {""temp"": 24.45731, ""step"": 0, ""status"": 1, ""pres"": 979.9822, ""meas_profile"": ""HP-6"", ""meas_id"": 6, ""hum"": 34.82439, ""gas_res"": 8627.662}, {""temp"": 24.37066, ""step"": 0, ""status"": 1, ""pres"": 979.7037, ""meas_profile"": ""HP-5"", ""meas_id"": 5, ""hum"": 35.01637, ""gas_res"": 25000.0}, {""temp"": 24.17482, ""step"": 0, ""status"": 1, ""pres"": 979.8467, ""meas_profile"": ""HP-4"", ""meas_id"": 4, ""hum"": 34.42849, ""gas_res"": 20157.48}, {""temp"": 24.32355, ""step"": 0, ""status"": 1, ""pres"": 979.5035, ""meas_profile"": ""HP-3"", ""meas_id"": 3, ""hum"": 34.90403, ""gas_res"": 7584.736}, {""temp"": 24.26429, ""step"": 0, ""status"": 1, ""pres"": 979.6119, ""meas_profile"": ""HP-2"", ""meas_id"": 2, ""hum"": 35.12037, ""gas_res"": 7390.3}, {""temp"": 24.05098, ""step"": 0, ""status"": 1, ""pres"": 979.7277, ""meas_profile"": ""HP-1"", ""meas_id"": 1, ""hum"": 34.67813, ""gas_res"": 5977.956}]}",NULL,"2025-10-29 10:39:59.99052"
14745,"04a600b9b0b8","2025-10-29 10:40:38","vxme6reea4eB0b7ume5M","{""zphs01b"": {""voc"": 0, ""temp"": 22.4, ""pm2_5"": 0, ""pm1_0"": 0, ""pm10"": 307, ""o3"": 0.02, ""no2"": 10.0, ""hum"": 0, ""fmhd"": 0, ""co2"": 5000, ""co"": 0.0}, ""smell_b"": {}, ""sfa30"": {""temp"": 24.41, ""hum"": 37.41, ""fmhd"": 15.8}, ""sen5x"": {""voc"": 112.0, ""temp"": 24.35, ""pm4_0"": 4562.4, ""pm2_5"": 4562.4, ""pm1_0"": 4350.6, ""pm10"": 4562.4, ""nox"": 1.0, ""mass_c"": 4509.45, ""hum"": 42.95}, ""scd41"": {""temp"": 24.07072, ""hum"": 45.34981, ""co2"": 721}, ""power_source"": 0, ""mics6814"": {""red_res"": 0, ""no2_res"": 0, ""no2"": 0.17, ""nh3_res"": 0, ""nh3"": 0.73, ""co_res"": 0, ""co"": 44.0}}",NULL,"2025-10-29 10:41:03.212684"
14746,"04a600b9b0b8","2025-10-29 10:40:38","vxme6reea4eB0b7ume5M","{""bme688"": [{""temp"": 24.42141, ""step"": 9, ""status"": 1, ""pres"": 979.7087, ""meas_profile"": ""HP-8"", ""meas_id"": 8, ""hum"": 34.95844, ""gas_res"": 5684.846}, {""temp"": 24.40464, ""step"": 9, ""status"": 1, ""pres"": 979.8163, ""meas_profile"": ""HP-7"", ""meas_id"": 7, ""hum"": 34.84336, ""gas_res"": 5888.848}, {""temp"": 24.4854, ""step"": 9, ""status"": 1, ""pres"": 979.9636, ""meas_profile"": ""HP-6"", ""meas_id"": 6, ""hum"": 34.66542, ""gas_res"": 8012.018}, {""temp"": 24.39974, ""step"": 9, ""status"": 1, ""pres"": 979.6942, ""meas_profile"": ""HP-5"", ""meas_id"": 5, ""hum"": 34.85365, ""gas_res"": 25000.0}, {""temp"": 24.20651, ""step"": 9, ""status"": 1, ""pres"": 979.8557, ""meas_profile"": ""HP-4"", ""meas_id"": 4, ""hum"": 34.27562, ""gas_res"": 21940.35}, {""temp"": 24.35602, ""step"": 9, ""status"": 1, ""pres"": 979.5481, ""meas_profile"": ""HP-3"", ""meas_id"": 3, ""hum"": 34.73965, ""gas_res"": 6385.951}, {""temp"": 24.29565, ""step"": 9, ""status"": 1, ""pres"": 979.6332, ""meas_profile"": ""HP-2"", ""meas_id"": 2, ""hum"": 34.96922, ""gas_res"": 8298.755}, {""temp"": 24.08366, ""step"": 9, ""status"": 1, ""pres"": 979.7167, ""meas_profile"": ""HP-1"", ""meas_id"": 1, ""hum"": 34.46873, ""gas_res"": 6108.036}]}",NULL,"2025-10-29 10:41:04.536353"
14747,"04a600b9b0b8","2025-10-29 10:40:38","vxme6reea4eB0b7ume5M","{""bme688"": [{""temp"": 24.42018, ""step"": 8, ""status"": 1, ""pres"": 979.7086, ""meas_profile"": ""HP-8"", ""meas_id"": 8, ""hum"": 34.9468, ""gas_res"": 5684.846}, {""temp"": 24.40371, ""step"": 8, ""status"": 1, ""pres"": 979.8165, ""meas_profile"": ""HP-7"", ""meas_id"": 7, ""hum"": 34.83758, ""gas_res"": 5918.254}, {""temp"": 24.48448, ""step"": 8, ""status"": 1, ""pres"": 979.9639, ""meas_profile"": ""HP-6"", ""meas_id"": 6, ""hum"": 34.67109, ""gas_res"": 8383.547}, {""temp"": 24.39911, ""step"": 8, ""status"": 1, ""pres"": 979.6948, ""meas_profile"": ""HP-5"", ""meas_id"": 5, ""hum"": 34.8593, ""gas_res"": 25000.0}, {""temp"": 24.20558, ""step"": 8, ""status"": 1, ""pres"": 979.8541, ""meas_profile"": ""HP-4"", ""meas_id"": 4, ""hum"": 34.28131, ""gas_res"": 22662.89}, {""temp"": 24.35479, ""step"": 8, ""status"": 1, ""pres"": 979.5479, ""meas_profile"": ""HP-3"", ""meas_id"": 3, ""hum"": 34.75108, ""gas_res"": 6125.574}, {""temp"": 24.29503, ""step"": 8, ""status"": 1, ""pres"": 979.6323, ""meas_profile"": ""HP-2"", ""meas_id"": 2, ""hum"": 34.97486, ""gas_res"": 8517.435}, {""temp"": 24.08272, ""step"": 8, ""status"": 1, ""pres"": 979.717, ""meas_profile"": ""HP-1"", ""meas_id"": 1, ""hum"": 34.48043, ""gas_res"": 6558.721}]}",NULL,"2025-10-29 10:41:06.005371"
14748,"04a600b9b0b8","2025-10-29 10:40:38","vxme6reea4eB0b7ume5M","{""bme688"": [{""temp"": 24.41925, ""step"": 7, ""status"": 1, ""pres"": 979.7089, ""meas_profile"": ""HP-8"", ""meas_id"": 8, ""hum"": 34.95247, ""gas_res"": 5684.846}, {""temp"": 24.40278, ""step"": 7, ""status"": 1, ""pres"": 979.8149, ""meas_profile"": ""HP-7"", ""meas_id"": 7, ""hum"": 34.83748, ""gas_res"": 5944.641}, {""temp"": 24.48386, ""step"": 7, ""status"": 1, ""pres"": 979.9644, ""meas_profile"": ""HP-6"", ""meas_id"": 6, ""hum"": 34.65372, ""gas_res"": 8470.09}, {""temp"": 24.39817, ""step"": 7, ""status"": 1, ""pres"": 979.6951, ""meas_profile"": ""HP-5"", ""meas_id"": 5, ""hum"": 34.87632, ""gas_res"": 25000.0}, {""temp"": 24.20495, ""step"": 7, ""status"": 1, ""pres"": 979.8547, ""meas_profile"": ""HP-4"", ""meas_id"": 4, ""hum"": 34.27548, ""gas_res"": 22424.67}, {""temp"": 24.35386, ""step"": 7, ""status"": 1, ""pres"": 979.5465, ""meas_profile"": ""HP-3"", ""meas_id"": 3, ""hum"": 34.73944, ""gas_res"": 6143.214}, {""temp"": 24.2941, ""step"": 7, ""status"": 1, ""pres"": 979.6306, ""meas_profile"": ""HP-2"", ""meas_id"": 2, ""hum"": 34.98048, ""gas_res"": 8324.662}, {""temp"": 24.08179, ""step"": 7, ""status"": 1, ""pres"": 979.7173, ""meas_profile"": ""HP-1"", ""meas_id"": 1, ""hum"": 34.46264, ""gas_res"": 6583.008}]}",NULL,"2025-10-29 10:41:07.130654"
14771,"04a600b9b0b8","2025-10-29 10:40:38","vxme6reea4eB0b7ume5M","{""zphs01b"": {""voc"": 0, ""temp"": 22.4, ""pm2_5"": 0, ""pm1_0"": 0, ""pm10"": 307, ""o3"": 0.02, ""no2"": 10.0, ""hum"": 0, ""fmhd"": 0, ""co2"": 5000, ""co"": 0.0}, ""smell_b"": {}, ""sfa30"": {""temp"": 24.41, ""hum"": 37.41, ""fmhd"": 15.8}, ""sen5x"": {""voc"": 112.0, ""temp"": 24.35, ""pm4_0"": 4562.4, ""pm2_5"": 4562.4, ""pm1_0"": 4350.6, ""pm10"": 4562.4, ""nox"": 1.0, ""mass_c"": 4509.45, ""hum"": 42.95}, ""scd41"": {""temp"": 24.07072, ""hum"": 45.34981, ""co2"": 721}, ""power_source"": 0, ""mics6814"": {""red_res"": 0, ""no2_res"": 0, ""no2"": 0.17, ""nh3_res"": 0, ""nh3"": 0.73, ""co_res"": 0, ""co"": 44.0}}",NULL,"2025-10-29 10:53:13.481305"
14772,"04a600b9b0b8","2025-10-29 10:40:38","vxme6reea4eB0b7ume5M","{""bme688"": [{""temp"": 24.42141, ""step"": 9, ""status"": 1, ""pres"": 979.7087, ""meas_profile"": ""HP-8"", ""meas_id"": 8, ""hum"": 34.95844, ""gas_res"": 5684.846}, {""temp"": 24.40464, ""step"": 9, ""status"": 1, ""pres"": 979.8163, ""meas_profile"": ""HP-7"", ""meas_id"": 7, ""hum"": 34.84336, ""gas_res"": 5888.848}, {""temp"": 24.4854, ""step"": 9, ""status"": 1, ""pres"": 979.9636, ""meas_profile"": ""HP-6"", ""meas_id"": 6, ""hum"": 34.66542, ""gas_res"": 8012.018}, {""temp"": 24.39974, ""step"": 9, ""status"": 1, ""pres"": 979.6942, ""meas_profile"": ""HP-5"", ""meas_id"": 5, ""hum"": 34.85365, ""gas_res"": 25000.0}, {""temp"": 24.20651, ""step"": 9, ""status"": 1, ""pres"": 979.8557, ""meas_profile"": ""HP-4"", ""meas_id"": 4, ""hum"": 34.27562, ""gas_res"": 21940.35}, {""temp"": 24.35602, ""step"": 9, ""status"": 1, ""pres"": 979.5481, ""meas_profile"": ""HP-3"", ""meas_id"": 3, ""hum"": 34.73965, ""gas_res"": 6385.951}, {""temp"": 24.29565, ""step"": 9, ""status"": 1, ""pres"": 979.6332, ""meas_profile"": ""HP-2"", ""meas_id"": 2, ""hum"": 34.96922, ""gas_res"": 8298.755}, {""temp"": 24.08366, ""step"": 9, ""status"": 1, ""pres"": 979.7167, ""meas_profile"": ""HP-1"", ""meas_id"": 1, ""hum"": 34.46873, ""gas_res"": 6108.036}]}",NULL,"2025-10-29 10:53:14.778853"
14773,"04a600b9b0b8","2025-10-29 10:40:38","vxme6reea4eB0b7ume5M","{""bme688"": [{""temp"": 24.42018, ""step"": 8, ""status"": 1, ""pres"": 979.7086, ""meas_profile"": ""HP-8"", ""meas_id"": 8, ""hum"": 34.9468, ""gas_res"": 5684.846}, {""temp"": 24.40371, ""step"": 8, ""status"": 1, ""pres"": 979.8165, ""meas_profile"": ""HP-7"", ""meas_id"": 7, ""hum"": 34.83758, ""gas_res"": 5918.254}, {""temp"": 24.48448, ""step"": 8, ""status"": 1, ""pres"": 979.9639, ""meas_profile"": ""HP-6"", ""meas_id"": 6, ""hum"": 34.67109, ""gas_res"": 8383.547}, {""temp"": 24.39911, ""step"": 8, ""status"": 1, ""pres"": 979.6948, ""meas_profile"": ""HP-5"", ""meas_id"": 5, ""hum"": 34.8593, ""gas_res"": 25000.0}, {""temp"": 24.20558, ""step"": 8, ""status"": 1, ""pres"": 979.8541, ""meas_profile"": ""HP-4"", ""meas_id"": 4, ""hum"": 34.28131, ""gas_res"": 22662.89}, {""temp"": 24.35479, ""step"": 8, ""status"": 1, ""pres"": 979.5479, ""meas_profile"": ""HP-3"", ""meas_id"": 3, ""hum"": 34.75108, ""gas_res"": 6125.574}, {""temp"": 24.29503, ""step"": 8, ""status"": 1, ""pres"": 979.6323, ""meas_profile"": ""HP-2"", ""meas_id"": 2, ""hum"": 34.97486, ""gas_res"": 8517.435}, {""temp"": 24.08272, ""step"": 8, ""status"": 1, ""pres"": 979.717, ""meas_profile"": ""HP-1"", ""meas_id"": 1, ""hum"": 34.48043, ""gas_res"": 6558.721}]}",NULL,"2025-10-29 10:53:16.057605"
14774,"04a600b9b0b8","2025-10-29 10:40:38","vxme6reea4eB0b7ume5M","{""bme688"": [{""temp"": 24.41925, ""step"": 7, ""status"": 1, ""pres"": 979.7089, ""meas_profile"": ""HP-8"", ""meas_id"": 8, ""hum"": 34.95247, ""gas_res"": 5684.846}, {""temp"": 24.40278, ""step"": 7, ""status"": 1, ""pres"": 979.8149, ""meas_profile"": ""HP-7"", ""meas_id"": 7, ""hum"": 34.83748, ""gas_res"": 5944.641}, {""temp"": 24.48386, ""step"": 7, ""status"": 1, ""pres"": 979.9644, ""meas_profile"": ""HP-6"", ""meas_id"": 6, ""hum"": 34.65372, ""gas_res"": 8470.09}, {""temp"": 24.39817, ""step"": 7, ""status"": 1, ""pres"": 979.6951, ""meas_profile"": ""HP-5"", ""meas_id"": 5, ""hum"": 34.87632, ""gas_res"": 25000.0}, {""temp"": 24.20495, ""step"": 7, ""status"": 1, ""pres"": 979.8547, ""meas_profile"": ""HP-4"", ""meas_id"": 4, ""hum"": 34.27548, ""gas_res"": 22424.67}, {""temp"": 24.35386, ""step"": 7, ""status"": 1, ""pres"": 979.5465, ""meas_profile"": ""HP-3"", ""meas_id"": 3, ""hum"": 34.73944, ""gas_res"": 6143.214}, {""temp"": 24.2941, ""step"": 7, ""status"": 1, ""pres"": 979.6306, ""meas_profile"": ""HP-2"", ""meas_id"": 2, ""hum"": 34.98048, ""gas_res"": 8324.662}, {""temp"": 24.08179, ""step"": 7, ""status"": 1, ""pres"": 979.7173, ""meas_profile"": ""HP-1"", ""meas_id"": 1, ""hum"": 34.46264, ""gas_res"": 6583.008}]}",NULL,"2025-10-29 10:53:17.337153"
14775,"04a600b9b0b8","2025-10-29 10:40:38","vxme6reea4eB0b7ume5M","{""bme688"": [{""temp"": 24.41832, ""step"": 6, ""status"": 1, ""pres"": 979.7093, ""meas_profile"": ""HP-8"", ""meas_id"": 8, ""hum"": 34.94086, ""gas_res"": 14153.03}, {""temp"": 24.40185, ""step"": 6, ""status"": 1, ""pres"": 979.8167, ""meas_profile"": ""HP-7"", ""meas_id"": 7, ""hum"": 34.83739, ""gas_res"": 18120.04}, {""temp"": 24.48325, ""step"": 6, ""status"": 1, ""pres"": 979.9653, ""meas_profile"": ""HP-6"", ""meas_id"": 6, ""hum"": 34.65944, ""gas_res"": 37613.87}, {""temp"": 24.39724, ""step"": 6, ""status"": 1, ""pres"": 979.6969, ""meas_profile"": ""HP-5"", ""meas_id"": 5, ""hum"": 34.88764, ""gas_res"": 122137.4}, {""temp"": 24.20371, ""step"": 6, ""status"": 1, ""pres"": 979.8544, ""meas_profile"": ""HP-4"", ""meas_id"": 4, ""hum"": 34.27536, ""gas_res"": 118738.4}, {""temp"": 24.35324, ""step"": 6, ""status"": 1, ""pres"": 979.5455, ""meas_profile"": ""HP-3"", ""meas_id"": 3, ""hum"": 34.75093, ""gas_res"": 45325.78}, {""temp"": 24.29316, ""step"": 6, ""status"": 1, ""pres"": 979.6308, ""meas_profile"": ""HP-2"", ""meas_id"": 2, ""hum"": 34.9918, ""gas_res"": 97896.75}, {""temp"": 24.08086, ""step"": 6, ""status"": 1, ""pres"": 979.7179, ""meas_profile"": ""HP-1"", ""meas_id"": 1, ""hum"": 34.46846, ""gas_res"": 93635.7}]}",NULL,"2025-10-29 10:53:18.712828"
14776,"04a600b9b0b8","2025-10-29 10:40:38","vxme6reea4eB0b7ume5M","{""bme688"": [{""temp"": 24.4174, ""step"": 5, ""status"": 1, ""pres"": 979.7095, ""meas_profile"": ""HP-8"", ""meas_id"": 8, ""hum"": 34.94653, ""gas_res"": 14022.79}, {""temp"": 24.40092, ""step"": 5, ""status"": 1, ""pres"": 979.8152, ""meas_profile"": ""HP-7"", ""meas_id"": 7, ""hum"": 34.83731, ""gas_res"": 18043.42}, {""temp"": 24.48232, ""step"": 5, ""status"": 1, ""pres"": 979.9655, ""meas_profile"": ""HP-6"", ""meas_id"": 6, ""hum"": 34.67089, ""gas_res"": 37481.7}, {""temp"": 24.3963, ""step"": 5, ""status"": 1, ""pres"": 979.697, ""meas_profile"": ""HP-5"", ""meas_id"": 5, ""hum"": 34.86473, ""gas_res"": 122664.1}, {""temp"": 24.20278, ""step"": 5, ""status"": 1, ""pres"": 979.8546, ""meas_profile"": ""HP-4"", ""meas_id"": 4, ""hum"": 34.28104, ""gas_res"": 118244.8}, {""temp"": 24.35231, ""step"": 5, ""status"": 1, ""pres"": 979.5438, ""meas_profile"": ""HP-3"", ""meas_id"": 3, ""hum"": 34.7393, ""gas_res"": 44336.68}, {""temp"": 24.29192, ""step"": 5, ""status"": 1, ""pres"": 979.6304, ""meas_profile"": ""HP-2"", ""meas_id"": 2, ""hum"": 34.98027, ""gas_res"": 96676.73}, {""temp"": 24.08023, ""step"": 5, ""status"": 1, ""pres"": 979.7168, ""meas_profile"": ""HP-1"", ""meas_id"": 1, ""hum"": 34.4802, ""gas_res"": 91330.72}]}",NULL,"2025-10-29 10:53:19.896882"
14777,"04a600b9b0b8","2025-10-29 10:40:38","vxme6reea4eB0b7ume5M","{""bme688"": [{""temp"": 24.41647, ""step"": 4, ""status"": 1, ""pres"": 979.7098, ""meas_profile"": ""HP-8"", ""meas_id"": 8, ""hum"": 34.96947, ""gas_res"": 13903.98}, {""temp"": 24.39999, ""step"": 4, ""status"": 1, ""pres"": 979.8153, ""meas_profile"": ""HP-7"", ""meas_id"": 7, ""hum"": 34.84291, ""gas_res"": 17952.31}, {""temp"": 24.4817, ""step"": 4, ""status"": 1, ""pres"": 979.9662, ""meas_profile"": ""HP-6"", ""meas_id"": 6, ""hum"": 34.67083, ""gas_res"": 37780.4}, {""temp"": 24.39536, ""step"": 4, ""status"": 1, ""pres"": 979.6972, ""meas_profile"": ""HP-5"", ""meas_id"": 5, ""hum"": 34.88175, ""gas_res"": 124634.9}, {""temp"": 24.20154, ""step"": 4, ""status"": 1, ""pres"": 979.8541, ""meas_profile"": ""HP-4"", ""meas_id"": 4, ""hum"": 34.28092, ""gas_res"": 120840.2}, {""temp"": 24.35169, ""step"": 4, ""status"": 1, ""pres"": 979.5444, ""meas_profile"": ""HP-3"", ""meas_id"": 3, ""hum"": 34.75655, ""gas_res"": 43835.62}, {""temp"": 24.29099, ""step"": 4, ""status"": 1, ""pres"": 979.6306, ""meas_profile"": ""HP-2"", ""meas_id"": 2, ""hum"": 35.00872, ""gas_res"": 95380.03}, {""temp"": 24.0793, ""step"": 4, ""status"": 1, ""pres"": 979.7173, ""meas_profile"": ""HP-1"", ""meas_id"": 1, ""hum"": 34.48601, ""gas_res"": 89229.7}]}",NULL,"2025-10-29 10:53:21.180349"
14778,"04a600b9b0b8","2025-10-29 10:40:38","vxme6reea4eB0b7ume5M","{""bme688"": [{""temp"": 24.41554, ""step"": 3, ""status"": 0, ""pres"": 979.7101, ""meas_profile"": ""HP-8"", ""meas_id"": 8, ""hum"": 34.96939, ""gas_res"": 7441.86}, {""temp"": 24.39906, ""step"": 3, ""status"": 0, ""pres"": 979.8155, ""meas_profile"": ""HP-7"", ""meas_id"": 7, ""hum"": 34.85989, ""gas_res"": 8938.548}, {""temp"": 24.48047, ""step"": 3, ""status"": 0, ""pres"": 979.966, ""meas_profile"": ""HP-6"", ""meas_id"": 6, ""hum"": 34.68803, ""gas_res"": 20253.16}, {""temp"": 24.39442, ""step"": 3, ""status"": 0, ""pres"": 979.6956, ""meas_profile"": ""HP-5"", ""meas_id"": 5, ""hum"": 34.92161, ""gas_res"": 41531.47}, {""temp"": 24.20061, ""step"": 3, ""status"": 0, ""pres"": 979.8526, ""meas_profile"": ""HP-4"", ""meas_id"": 4, ""hum"": 34.30392, ""gas_res"": 38357.8}, {""temp"": 24.35045, ""step"": 3, ""status"": 0, ""pres"": 979.5425, ""meas_profile"": ""HP-3"", ""meas_id"": 3, ""hum"": 34.77375, ""gas_res"": 24672.32}, {""temp"": 24.28975, ""step"": 3, ""status"": 0, ""pres"": 979.6286, ""meas_profile"": ""HP-2"", ""meas_id"": 2, ""hum"": 35.01431, ""gas_res"": 38705.78}, {""temp"": 24.07837, ""step"": 3, ""status"": 0, ""pres"": 979.7177, ""meas_profile"": ""HP-1"", ""meas_id"": 1, ""hum"": 34.50362, ""gas_res"": 26512.01}]}",NULL,"2025-10-29 10:53:22.461391"
14779,"04a600b9b0b8","2025-10-29 10:40:38","vxme6reea4eB0b7ume5M","{""bme688"": [{""temp"": 24.41462, ""step"": 2, ""status"": 1, ""pres"": 979.7123, ""meas_profile"": ""HP-8"", ""meas_id"": 8, ""hum"": 34.97507, ""gas_res"": 14352.99}, {""temp"": 24.39812, ""step"": 2, ""status"": 1, ""pres"": 979.8156, ""meas_profile"": ""HP-7"", ""meas_id"": 7, ""hum"": 34.84842, ""gas_res"": 17553.48}, {""temp"": 24.47954, ""step"": 2, ""status"": 1, ""pres"": 979.968, ""meas_profile"": ""HP-6"", ""meas_id"": 6, ""hum"": 34.69949, ""gas_res"": 45373.98}, {""temp"": 24.39348, ""step"": 2, ""status"": 1, ""pres"": 979.6957, ""meas_profile"": ""HP-5"", ""meas_id"": 5, ""hum"": 34.89869, ""gas_res"": 96403.69}, {""temp"": 24.19936, ""step"": 2, ""status"": 1, ""pres"": 979.8523, ""meas_profile"": ""HP-4"", ""meas_id"": 4, ""hum"": 34.3038, ""gas_res"": 114669.7}, {""temp"": 24.34953, ""step"": 2, ""status"": 1, ""pres"": 979.5408, ""meas_profile"": ""HP-3"", ""meas_id"": 3, ""hum"": 34.79099, ""gas_res"": 57334.83}, {""temp"": 24.28882, ""step"": 2, ""status"": 1, ""pres"": 979.6287, ""meas_profile"": ""HP-2"", ""meas_id"": 2, ""hum"": 35.00851, ""gas_res"": 106511.3}, {""temp"": 24.07712, ""step"": 2, ""status"": 1, ""pres"": 979.7176, ""meas_profile"": ""HP-1"", ""meas_id"": 1, ""hum"": 34.5035, ""gas_res"": 75493.95}]}",NULL,"2025-10-29 10:53:23.846951"
14780,"04a600b9b0b8","2025-10-29 10:40:38","vxme6reea4eB0b7ume5M","{""bme688"": [{""temp"": 24.41369, ""step"": 1, ""status"": 1, ""pres"": 979.7123, ""meas_profile"": ""HP-8"", ""meas_id"": 8, ""hum"": 34.99801, ""gas_res"": 8456.659}, {""temp"": 24.3975, ""step"": 1, ""status"": 1, ""pres"": 979.8162, ""meas_profile"": ""HP-7"", ""meas_id"": 7, ""hum"": 34.86544, ""gas_res"": 10194.33}, {""temp"": 24.47892, ""step"": 1, ""status"": 1, ""pres"": 979.967, ""meas_profile"": ""HP-6"", ""meas_id"": 6, ""hum"": 34.69942, ""gas_res"": 25000.0}, {""temp"": 24.39255, ""step"": 1, ""status"": 1, ""pres"": 979.6959, ""meas_profile"": ""HP-5"", ""meas_id"": 5, ""hum"": 34.9043, ""gas_res"": 40544.82}, {""temp"": 24.19874, ""step"": 1, ""status"": 1, ""pres"": 979.8528, ""meas_profile"": ""HP-4"", ""meas_id"": 4, ""hum"": 34.32106, ""gas_res"": 34934.5}, {""temp"": 24.34891, ""step"": 1, ""status"": 1, ""pres"": 979.5416, ""meas_profile"": ""HP-3"", ""meas_id"": 3, ""hum"": 34.77361, ""gas_res"": 25000.0}, {""temp"": 24.28789, ""step"": 1, ""status"": 1, ""pres"": 979.6289, ""meas_profile"": ""HP-2"", ""meas_id"": 2, ""hum"": 35.02555, ""gas_res"": 32786.89}, {""temp"": 24.0765, ""step"": 1, ""status"": 1, ""pres"": 979.7182, ""meas_profile"": ""HP-1"", ""meas_id"": 1, ""hum"": 34.51524, ""gas_res"": 25000.0}]}",NULL,"2025-10-29 10:53:25.018407"
14781,"04a600b9b0b8","2025-10-29 10:40:38","vxme6reea4eB0b7ume5M","{""bme688"": [{""temp"": 24.41245, ""step"": 0, ""status"": 1, ""pres"": 979.7123, ""meas_profile"": ""HP-8"", ""meas_id"": 8, ""hum"": 34.96334, ""gas_res"": 5684.846}, {""temp"": 24.39657, ""step"": 0, ""status"": 1, ""pres"": 979.8163, ""meas_profile"": ""HP-7"", ""meas_id"": 7, ""hum"": 34.87674, ""gas_res"": 6258.557}, {""temp"": 24.478, ""step"": 0, ""status"": 1, ""pres"": 979.9672, ""meas_profile"": ""HP-6"", ""meas_id"": 6, ""hum"": 34.71665, ""gas_res"": 8798.46}, {""temp"": 24.39192, ""step"": 0, ""status"": 1, ""pres"": 979.6965, ""meas_profile"": ""HP-5"", ""meas_id"": 5, ""hum"": 34.89854, ""gas_res"": 25000.0}, {""temp"": 24.19781, ""step"": 0, ""status"": 1, ""pres"": 979.853, ""meas_profile"": ""HP-4"", ""meas_id"": 4, ""hum"": 34.32097, ""gas_res"": 23054.76}, {""temp"": 24.34798, ""step"": 0, ""status"": 1, ""pres"": 979.5401, ""meas_profile"": ""HP-3"", ""meas_id"": 3, ""hum"": 34.78507, ""gas_res"": 6056.018}, {""temp"": 24.28727, ""step"": 0, ""status"": 1, ""pres"": 979.6277, ""meas_profile"": ""HP-2"", ""meas_id"": 2, ""hum"": 35.02549, ""gas_res"": 8483.563}, {""temp"": 24.07557, ""step"": 0, ""status"": 1, ""pres"": 979.7188, ""meas_profile"": ""HP-1"", ""meas_id"": 1, ""hum"": 34.53876, ""gas_res"": 6603.384}]}",NULL,"2025-10-29 10:53:26.301646"
14782,"04a600b9b0b8","2025-10-29 10:40:11","vxme6reea4eB0b7ume5M","{""zphs01b"": {""voc"": 0, ""temp"": 22.3, ""pm2_5"": 0, ""pm1_0"": 0, ""pm10"": 280, ""o3"": 0.03, ""no2"": 10.0, ""hum"": 0, ""fmhd"": 0, ""co2"": 5000, ""co"": 0.0}, ""smell_b"": {}, ""sfa30"": {""temp"": 24.385, ""hum"": 37.45, ""fmhd"": 14.8}, ""sen5x"": {""voc"": 119.0, ""temp"": 24.365, ""pm4_0"": 4494.3, ""pm2_5"": 4494.3, ""pm1_0"": 4285.6, ""pm10"": 4494.3, ""nox"": 1.0, ""mass_c"": 4442.125, ""hum"": 42.9}, ""scd41"": {""temp"": 24.06538, ""hum"": 45.42611, ""co2"": 719}, ""power_source"": 0, ""mics6814"": {""red_res"": 0, ""no2_res"": 0, ""no2"": 0.17, ""nh3_res"": 0, ""nh3"": 0.73, ""co_res"": 0, ""co"": 44.0}}",NULL,"2025-10-29 10:53:27.467515"
14783,"04a600b9b0b8","2025-10-29 10:40:11","vxme6reea4eB0b7ume5M","{""bme688"": [{""temp"": 24.41153, ""step"": 9, ""status"": 1, ""pres"": 979.7126, ""meas_profile"": ""HP-8"", ""meas_id"": 8, ""hum"": 34.95749, ""gas_res"": 5684.846}, {""temp"": 24.39564, ""step"": 9, ""status"": 1, ""pres"": 979.8166, ""meas_profile"": ""HP-7"", ""meas_id"": 7, ""hum"": 34.86527, ""gas_res"": 5684.846}, {""temp"": 24.47738, ""step"": 9, ""status"": 1, ""pres"": 979.968, ""meas_profile"": ""HP-6"", ""meas_id"": 6, ""hum"": 34.68773, ""gas_res"": 7600.95}, {""temp"": 24.39129, ""step"": 9, ""status"": 1, ""pres"": 979.6973, ""meas_profile"": ""HP-5"", ""meas_id"": 5, ""hum"": 34.90419, ""gas_res"": 25000.0}, {""temp"": 24.19719, ""step"": 9, ""status"": 1, ""pres"": 979.8536, ""meas_profile"": ""HP-4"", ""meas_id"": 4, ""hum"": 34.3036, ""gas_res"": 21052.63}, {""temp"": 24.34674, ""step"": 9, ""status"": 1, ""pres"": 979.538, ""meas_profile"": ""HP-3"", ""meas_id"": 3, ""hum"": 34.78495, ""gas_res"": 5967.922}, {""temp"": 24.28633, ""step"": 9, ""status"": 1, ""pres"": 979.628, ""meas_profile"": ""HP-2"", ""meas_id"": 2, ""hum"": 34.98544, ""gas_res"": 7846.984}, {""temp"": 24.07463, ""step"": 9, ""status"": 1, ""pres"": 979.7209, ""meas_profile"": ""HP-1"", ""meas_id"": 1, ""hum"": 34.54457, ""gas_res"": 5911.694}]}",NULL,"2025-10-29 10:53:28.952603"
14784,"04a600b9b0b8","2025-10-29 10:40:11","vxme6reea4eB0b7ume5M","{""bme688"": [{""temp"": 24.41029, ""step"": 8, ""status"": 1, ""pres"": 979.7124, ""meas_profile"": ""HP-8"", ""meas_id"": 8, ""hum"": 34.97465, ""gas_res"": 5684.846}, {""temp"": 24.39502, ""step"": 8, ""status"": 1, ""pres"": 979.8173, ""meas_profile"": ""HP-7"", ""meas_id"": 7, ""hum"": 34.87659, ""gas_res"": 5827.718}, {""temp"": 24.47645, ""step"": 8, ""status"": 1, ""pres"": 979.9683, ""meas_profile"": ""HP-6"", ""meas_id"": 6, ""hum"": 34.71073, ""gas_res"": 7952.286}, {""temp"": 24.39067, ""step"": 8, ""status"": 1, ""pres"": 979.6978, ""meas_profile"": ""HP-5"", ""meas_id"": 5, ""hum"": 34.90413, ""gas_res"": 25000.0}, {""temp"": 24.19657, ""step"": 8, ""status"": 1, ""pres"": 979.8527, ""meas_profile"": ""HP-4"", ""meas_id"": 4, ""hum"": 34.29777, ""gas_res"": 21304.93}, {""temp"": 24.34582, ""step"": 8, ""status"": 1, ""pres"": 979.5383, ""meas_profile"": ""HP-3"", ""meas_id"": 3, ""hum"": 34.79641, ""gas_res"": 5954.596}, {""temp"": 24.2854, ""step"": 8, ""status"": 1, ""pres"": 979.6263, ""meas_profile"": ""HP-2"", ""meas_id"": 2, ""hum"": 35.0139, ""gas_res"": 7928.642}, {""temp"": 24.07339, ""step"": 8, ""status"": 1, ""pres"": 979.7208, ""meas_profile"": ""HP-1"", ""meas_id"": 1, ""hum"": 34.54445, ""gas_res"": 6193.149}]}",NULL,"2025-10-29 10:53:30.778708"
14785,"04a600b9b0b8","2025-10-29 10:40:11","vxme6reea4eB0b7ume5M","{""bme688"": [{""temp"": 24.40906, ""step"": 7, ""status"": 1, ""pres"": 979.7122, ""meas_profile"": ""HP-8"", ""meas_id"": 8, ""hum"": 34.96877, ""gas_res"": 5684.846}, {""temp"": 24.39409, ""step"": 7, ""status"": 1, ""pres"": 979.8173, ""meas_profile"": ""HP-7"", ""meas_id"": 7, ""hum"": 34.85373, ""gas_res"": 5824.536}, {""temp"": 24.47584, ""step"": 7, ""status"": 1, ""pres"": 979.9689, ""meas_profile"": ""HP-6"", ""meas_id"": 6, ""hum"": 34.71645, ""gas_res"": 8036.163}, {""temp"": 24.39004, ""step"": 7, ""status"": 1, ""pres"": 979.6986, ""meas_profile"": ""HP-5"", ""meas_id"": 5, ""hum"": 34.89837, ""gas_res"": 25000.0}, {""temp"": 24.19595, ""step"": 7, ""status"": 1, ""pres"": 979.8533, ""meas_profile"": ""HP-4"", ""meas_id"": 4, ""hum"": 34.32079, ""gas_res"": 20506.25}, {""temp"": 24.34489, ""step"": 7, ""status"": 1, ""pres"": 979.5367, ""meas_profile"": ""HP-3"", ""meas_id"": 3, ""hum"": 34.78477, ""gas_res"": 7916.873}, {""temp"": 24.28478, ""step"": 7, ""status"": 1, ""pres"": 979.6272, ""meas_profile"": ""HP-2"", ""meas_id"": 2, ""hum"": 35.01954, ""gas_res"": 7694.157}, {""temp"": 24.07245, ""step"": 7, ""status"": 1, ""pres"": 979.7211, ""meas_profile"": ""HP-1"", ""meas_id"": 1, ""hum"": 34.53846, ""gas_res"": 6321.612}]}",NULL,"2025-10-29 10:53:32.059592"
14786,"04a600b9b0b8","2025-10-29 10:40:11","vxme6reea4eB0b7ume5M","{""bme688"": [{""temp"": 24.40813, ""step"": 6, ""status"": 1, ""pres"": 979.7126, ""meas_profile"": ""HP-8"", ""meas_id"": 8, ""hum"": 34.97444, ""gas_res"": 14304.87}, {""temp"": 24.39315, ""step"": 6, ""status"": 1, ""pres"": 979.8174, ""meas_profile"": ""HP-7"", ""meas_id"": 7, ""hum"": 34.87072, ""gas_res"": 17787.66}, {""temp"": 24.47491, ""step"": 6, ""status"": 1, ""pres"": 979.9691, ""meas_profile"": ""HP-6"", ""meas_id"": 6, ""hum"": 34.70481, ""gas_res"": 34042.55}, {""temp"": 24.38911, ""step"": 6, ""status"": 1, ""pres"": 979.6987, ""meas_profile"": ""HP-5"", ""meas_id"": 5, ""hum"": 34.9211, ""gas_res"": 106577.9}, {""temp"": 24.1947, ""step"": 6, ""status"": 1, ""pres"": 979.8529, ""meas_profile"": ""HP-4"", ""meas_id"": 4, ""hum"": 34.32067, ""gas_res"": 102914.6}, {""temp"": 24.34396, ""step"": 6, ""status"": 1, ""pres"": 979.5352, ""meas_profile"": ""HP-3"", ""meas_id"": 3, ""hum"": 34.79046, ""gas_res"": 39457.46}, {""temp"": 24.28416, ""step"": 6, ""status"": 1, ""pres"": 979.6277, ""meas_profile"": ""HP-2"", ""meas_id"": 2, ""hum"": 35.01948, ""gas_res"": 100000.0}, {""temp"": 24.07152, ""step"": 6, ""status"": 1, ""pres"": 979.7198, ""meas_profile"": ""HP-1"", ""meas_id"": 1, ""hum"": 34.53248, ""gas_res"": 80100.13}]}",NULL,"2025-10-29 10:53:33.52337"
14787,"04a600b9b0b8","2025-10-29 10:40:11","vxme6reea4eB0b7ume5M","{""bme688"": [{""temp"": 24.4072, ""step"": 5, ""status"": 1, ""pres"": 979.7129, ""meas_profile"": ""HP-8"", ""meas_id"": 8, ""hum"": 34.96859, ""gas_res"": 14343.34}, {""temp"": 24.39222, ""step"": 5, ""status"": 1, ""pres"": 979.8159, ""meas_profile"": ""HP-7"", ""meas_id"": 7, ""hum"": 34.87063, ""gas_res"": 17758.05}, {""temp"": 24.47429, ""step"": 5, ""status"": 1, ""pres"": 979.9699, ""meas_profile"": ""HP-6"", ""meas_id"": 6, ""hum"": 34.70476, ""gas_res"": 34096.96}, {""temp"": 24.38817, ""step"": 5, ""status"": 1, ""pres"": 979.6989, ""meas_profile"": ""HP-5"", ""meas_id"": 5, ""hum"": 34.9153, ""gas_res"": 106777.9}, {""temp"": 24.19377, ""step"": 5, ""status"": 1, ""pres"": 979.8529, ""meas_profile"": ""HP-4"", ""meas_id"": 4, ""hum"": 34.32635, ""gas_res"": 103101.1}, {""temp"": 24.34334, ""step"": 5, ""status"": 1, ""pres"": 979.5342, ""meas_profile"": ""HP-3"", ""meas_id"": 3, ""hum"": 34.78463, ""gas_res"": 38917.61}, {""temp"": 24.28323, ""step"": 5, ""status"": 1, ""pres"": 979.6262, ""meas_profile"": ""HP-2"", ""meas_id"": 2, ""hum"": 35.03081, ""gas_res"": 100000.0}, {""temp"": 24.07059, ""step"": 5, ""status"": 1, ""pres"": 979.7202, ""meas_profile"": ""HP-1"", ""meas_id"": 1, ""hum"": 34.55009, ""gas_res"": 78191.81}]}",NULL,"2025-10-29 10:53:34.61883"
14788,"04a600b9b0b8","2025-10-29 10:40:11","vxme6reea4eB0b7ume5M","{""bme688"": [{""temp"": 24.40628, ""step"": 4, ""status"": 1, ""pres"": 979.7131, ""meas_profile"": ""HP-8"", ""meas_id"": 8, ""hum"": 34.98578, ""gas_res"": 14324.08}, {""temp"": 24.39129, ""step"": 4, ""status"": 1, ""pres"": 979.8162, ""meas_profile"": ""HP-7"", ""meas_id"": 7, ""hum"": 34.89331, ""gas_res"": 17817.37}, {""temp"": 24.47337, ""step"": 4, ""status"": 1, ""pres"": 979.9702, ""meas_profile"": ""HP-6"", ""meas_id"": 6, ""hum"": 34.71043, ""gas_res"": 34678.95}, {""temp"": 24.38692, ""step"": 4, ""status"": 1, ""pres"": 979.6986, ""meas_profile"": ""HP-5"", ""meas_id"": 5, ""hum"": 34.92089, ""gas_res"": 108751.1}, {""temp"": 24.19253, ""step"": 4, ""status"": 1, ""pres"": 979.851, ""meas_profile"": ""HP-4"", ""meas_id"": 4, ""hum"": 34.33779, ""gas_res"": 104617.9}, {""temp"": 24.34272, ""step"": 4, ""status"": 1, ""pres"": 979.5331, ""meas_profile"": ""HP-3"", ""meas_id"": 3, ""hum"": 34.81343, ""gas_res"": 38288.96}, {""temp"": 24.28261, ""step"": 4, ""status"": 1, ""pres"": 979.6269, ""meas_profile"": ""HP-2"", ""meas_id"": 2, ""hum"": 35.03075, ""gas_res"": 100000.0}, {""temp"": 24.06965, ""step"": 4, ""status"": 1, ""pres"": 979.7205, ""meas_profile"": ""HP-1"", ""meas_id"": 1, ""hum"": 34.5382, ""gas_res"": 46766.53}]}",NULL,"2025-10-29 10:53:35.898809"
14789,"04a600b9b0b8","2025-10-29 10:40:11","vxme6reea4eB0b7ume5M","{""bme688"": [{""temp"": 24.40535, ""step"": 3, ""status"": 0, ""pres"": 979.7134, ""meas_profile"": ""HP-8"", ""meas_id"": 8, ""hum"": 35.00873, ""gas_res"": 7622.677}, {""temp"": 24.39005, ""step"": 3, ""status"": 0, ""pres"": 979.8158, ""meas_profile"": ""HP-7"", ""meas_id"": 7, ""hum"": 34.90458, ""gas_res"": 8893.83}, {""temp"": 24.47244, ""step"": 3, ""status"": 0, ""pres"": 979.972, ""meas_profile"": ""HP-6"", ""meas_id"": 6, ""hum"": 34.75653, ""gas_res"": 18545.35}, {""temp"": 24.38598, ""step"": 3, ""status"": 0, ""pres"": 979.6987, ""meas_profile"": ""HP-5"", ""meas_id"": 5, ""hum"": 34.94362, ""gas_res"": 36178.63}, {""temp"": 24.1916, ""step"": 3, ""status"": 0, ""pres"": 979.8511, ""meas_profile"": ""HP-4"", ""meas_id"": 4, ""hum"": 34.34347, ""gas_res"": 33220.87}, {""temp"": 24.34149, ""step"": 3, ""status"": 0, ""pres"": 979.5313, ""meas_profile"": ""HP-3"", ""meas_id"": 3, ""hum"": 34.81909, ""gas_res"": 21094.27}, {""temp"": 24.28136, ""step"": 3, ""status"": 0, ""pres"": 979.6249, ""meas_profile"": ""HP-2"", ""meas_id"": 2, ""hum"": 35.05348, ""gas_res"": 31856.64}, {""temp"": 24.06872, ""step"": 3, ""status"": 0, ""pres"": 979.7209, ""meas_profile"": ""HP-1"", ""meas_id"": 1, ""hum"": 34.54992, ""gas_res"": 22145.33}]}",NULL,"2025-10-29 10:53:37.178349"
14790,"04a600b9b0b8","2025-10-29 10:40:11","vxme6reea4eB0b7ume5M","{""bme688"": [{""temp"": 24.40442, ""step"": 2, ""status"": 1, ""pres"": 979.7137, ""meas_profile"": ""HP-8"", ""meas_id"": 8, ""hum"": 35.0144, ""gas_res"": 17325.39}, {""temp"": 24.38912, ""step"": 2, ""status"": 1, ""pres"": 979.8158, ""meas_profile"": ""HP-7"", ""meas_id"": 7, ""hum"": 34.9045, ""gas_res"": 20745.54}, {""temp"": 24.47121, ""step"": 2, ""status"": 1, ""pres"": 979.9717, ""meas_profile"": ""HP-6"", ""meas_id"": 6, ""hum"": 34.74487, ""gas_res"": 51395.3}, {""temp"": 24.38504, ""step"": 2, ""status"": 1, ""pres"": 979.6989, ""meas_profile"": ""HP-5"", ""meas_id"": 5, ""hum"": 34.93212, ""gas_res"": 105719.6}, {""temp"": 24.19067, ""step"": 2, ""status"": 1, ""pres"": 979.8512, ""meas_profile"": ""HP-4"", ""meas_id"": 4, ""hum"": 34.36647, ""gas_res"": 122576.0}, {""temp"": 24.34056, ""step"": 2, ""status"": 1, ""pres"": 979.5313, ""meas_profile"": ""HP-3"", ""meas_id"": 3, ""hum"": 34.82478, ""gas_res"": 59827.06}, {""temp"": 24.28043, ""step"": 2, ""status"": 1, ""pres"": 979.6249, ""meas_profile"": ""HP-2"", ""meas_id"": 2, ""hum"": 35.0648, ""gas_res"": 105393.2}, {""temp"": 24.06779, ""step"": 2, ""status"": 1, ""pres"": 979.7212, ""meas_profile"": ""HP-1"", ""meas_id"": 1, ""hum"": 34.57934, ""gas_res"": 76235.85}]}",NULL,"2025-10-29 10:53:38.646478"
14791,"04a600b9b0b8","2025-10-29 10:40:11","vxme6reea4eB0b7ume5M","{""bme688"": [{""temp"": 24.4038, ""step"": 1, ""status"": 1, ""pres"": 979.7145, ""meas_profile"": ""HP-8"", ""meas_id"": 8, ""hum"": 35.0201, ""gas_res"": 9006.474}, {""temp"": 24.3885, ""step"": 1, ""status"": 1, ""pres"": 979.8165, ""meas_profile"": ""HP-7"", ""meas_id"": 7, ""hum"": 34.91582, ""gas_res"": 10484.93}, {""temp"": 24.47059, ""step"": 1, ""status"": 1, ""pres"": 979.9727, ""meas_profile"": ""HP-6"", ""meas_id"": 6, ""hum"": 34.74481, ""gas_res"": 25000.0}, {""temp"": 24.38441, ""step"": 1, ""status"": 1, ""pres"": 979.6994, ""meas_profile"": ""HP-5"", ""meas_id"": 5, ""hum"": 34.93206, ""gas_res"": 35874.44}, {""temp"": 24.19004, ""step"": 1, ""status"": 1, ""pres"": 979.8518, ""meas_profile"": ""HP-4"", ""meas_id"": 4, ""hum"": 34.35487, ""gas_res"": 30382.15}, {""temp"": 24.33963, ""step"": 1, ""status"": 1, ""pres"": 979.5298, ""meas_profile"": ""HP-3"", ""meas_id"": 3, ""hum"": 34.83046, ""gas_res"": 25000.0}, {""temp"": 24.2795, ""step"": 1, ""status"": 1, ""pres"": 979.6251, ""meas_profile"": ""HP-2"", ""meas_id"": 2, ""hum"": 35.0533, ""gas_res"": 26811.9}, {""temp"": 24.06685, ""step"": 1, ""status"": 1, ""pres"": 979.7215, ""meas_profile"": ""HP-1"", ""meas_id"": 1, ""hum"": 34.59696, ""gas_res"": 25000.0}]}",NULL,"2025-10-29 10:53:39.73612"
14792,"04a600b9b0b8","2025-10-29 10:40:11","vxme6reea4eB0b7ume5M","{""bme688"": [{""temp"": 24.40288, ""step"": 0, ""status"": 1, ""pres"": 979.7148, ""meas_profile"": ""HP-8"", ""meas_id"": 8, ""hum"": 35.00273, ""gas_res"": 5709.188}, {""temp"": 24.38788, ""step"": 0, ""status"": 1, ""pres"": 979.8172, ""meas_profile"": ""HP-7"", ""meas_id"": 7, ""hum"": 34.91007, ""gas_res"": 6648.66}, {""temp"": 24.46997, ""step"": 0, ""status"": 1, ""pres"": 979.9733, ""meas_profile"": ""HP-6"", ""meas_id"": 6, ""hum"": 34.73898, ""gas_res"": 8747.949}, {""temp"": 24.38379, ""step"": 0, ""status"": 1, ""pres"": 979.7001, ""meas_profile"": ""HP-5"", ""meas_id"": 5, ""hum"": 34.96054, ""gas_res"": 25000.0}, {""temp"": 24.18942, ""step"": 0, ""status"": 1, ""pres"": 979.8508, ""meas_profile"": ""HP-4"", ""meas_id"": 4, ""hum"": 34.37213, ""gas_res"": 20928.71}, {""temp"": 24.3387, ""step"": 0, ""status"": 1, ""pres"": 979.5283, ""meas_profile"": ""HP-3"", ""meas_id"": 3, ""hum"": 34.83038, ""gas_res"": 7761.339}, {""temp"": 24.27888, ""step"": 0, ""status"": 1, ""pres"": 979.6241, ""meas_profile"": ""HP-2"", ""meas_id"": 2, ""hum"": 35.05323, ""gas_res"": 7462.687}, {""temp"": 24.06592, ""step"": 0, ""status"": 1, ""pres"": 979.7238, ""meas_profile"": ""HP-1"", ""meas_id"": 1, ""hum"": 34.59097, ""gas_res"": 6222.049}]}",NULL,"2025-10-29 10:53:41.019852"
