"id","box_id","ts","measurement_id","measurement_data","description","created_at"
15962,"04a600b9b0b8","2025-10-29 13:04:52","Lj949Vz94CYUFktMQMnW","{""zphs01b"": {""voc"": 0, ""temp"": 22.5, ""pm2_5"": 0, ""pm1_0"": 0, ""pm10"": 319, ""o3"": 0.03, ""no2"": 10.0, ""hum"": 0, ""fmhd"": 0, ""co2"": 5000, ""co"": 0.0}, ""smell_b"": {}, ""sfa30"": {""temp"": 24.645, ""hum"": 35.91, ""fmhd"": 1.0}, ""sen5x"": {""voc"": 158.0, ""temp"": 25.385, ""pm4_0"": 4487.1, ""pm2_5"": 4487.1, ""pm1_0"": 4278.7, ""pm10"": 4487.1, ""nox"": 1.0, ""mass_c"": 4435.0, ""hum"": 39.1}, ""scd41"": {""temp"": 24.13748, ""hum"": 42.21714, ""co2"": 683}, ""power_source"": 0, ""mics6814"": {""red_res"": 0, ""no2_res"": 0, ""no2"": 0.17, ""nh3_res"": 0, ""nh3"": 0.73, ""co_res"": 0, ""co"": 44.0}}",NULL,"2025-10-29 13:06:22.740511"
15963,"04a600b9b0b8","2025-10-29 13:04:52","Lj949Vz94CYUFktMQMnW","{""bme688"": [{""temp"": 24.77691, ""step"": 9, ""status"": 1, ""pres"": 977.8399, ""meas_profile"": ""HP-8"", ""meas_id"": 8, ""hum"": 33.20513, ""gas_res"": 5684.846}, {""temp"": 24.7748, ""step"": 9, ""status"": 1, ""pres"": 977.9802, ""meas_profile"": ""HP-7"", ""meas_id"": 7, ""hum"": 33.10612, ""gas_res"": 6558.721}, {""temp"": 24.86419, ""step"": 9, ""status"": 1, ""pres"": 978.1479, ""meas_profile"": ""HP-6"", ""meas_id"": 6, ""hum"": 32.92753, ""gas_res"": 8109.478}, {""temp"": 24.78314, ""step"": 9, ""status"": 1, ""pres"": 977.8572, ""meas_profile"": ""HP-5"", ""meas_id"": 5, ""hum"": 33.131, ""gas_res"": 25000.0}, {""temp"": 24.54757, ""step"": 9, ""status"": 1, ""pres"": 978.0452, ""meas_profile"": ""HP-4"", ""meas_id"": 4, ""hum"": 32.68264, ""gas_res"": 19565.88}, {""temp"": 24.69155, ""step"": 9, ""status"": 1, ""pres"": 977.6572, ""meas_profile"": ""HP-3"", ""meas_id"": 3, ""hum"": 33.07726, ""gas_res"": 6299.212}, {""temp"": 24.61984, ""step"": 9, ""status"": 1, ""pres"": 977.717, ""meas_profile"": ""HP-2"", ""meas_id"": 2, ""hum"": 33.36435, ""gas_res"": 8042.222}, {""temp"": 24.40017, ""step"": 9, ""status"": 1, ""pres"": 977.9143, ""meas_profile"": ""HP-1"", ""meas_id"": 1, ""hum"": 32.60991, ""gas_res"": 6132.618}]}",NULL,"2025-10-29 13:06:23.8988"
15964,"04a600b9b0b8","2025-10-29 13:04:52","Lj949Vz94CYUFktMQMnW","{""bme688"": [{""temp"": 24.7766, ""step"": 8, ""status"": 1, ""pres"": 977.8395, ""meas_profile"": ""HP-8"", ""meas_id"": 8, ""hum"": 33.19941, ""gas_res"": 5684.846}, {""temp"": 24.7748, ""step"": 8, ""status"": 1, ""pres"": 977.9802, ""meas_profile"": ""HP-7"", ""meas_id"": 7, ""hum"": 33.10049, ""gas_res"": 6447.713}, {""temp"": 24.86419, ""step"": 8, ""status"": 1, ""pres"": 978.1479, ""meas_profile"": ""HP-6"", ""meas_id"": 6, ""hum"": 32.91611, ""gas_res"": 8159.103}, {""temp"": 24.78314, ""step"": 8, ""status"": 1, ""pres"": 977.8572, ""meas_profile"": ""HP-5"", ""meas_id"": 5, ""hum"": 33.15356, ""gas_res"": 25000.0}, {""temp"": 24.54757, ""step"": 8, ""status"": 1, ""pres"": 978.0435, ""meas_profile"": ""HP-4"", ""meas_id"": 4, ""hum"": 32.64267, ""gas_res"": 19008.02}, {""temp"": 24.69124, ""step"": 8, ""status"": 1, ""pres"": 977.6567, ""meas_profile"": ""HP-3"", ""meas_id"": 3, ""hum"": 33.09436, ""gas_res"": 8140.422}, {""temp"": 24.61984, ""step"": 8, ""status"": 1, ""pres"": 977.7154, ""meas_profile"": ""HP-2"", ""meas_id"": 2, ""hum"": 33.35305, ""gas_res"": 7934.54}, {""temp"": 24.40017, ""step"": 8, ""status"": 1, ""pres"": 977.9143, ""meas_profile"": ""HP-1"", ""meas_id"": 1, ""hum"": 32.60991, ""gas_res"": 6269.592}]}",NULL,"2025-10-29 13:06:25.363073"
15965,"04a600b9b0b8","2025-10-29 13:04:52","Lj949Vz94CYUFktMQMnW","{""bme688"": [{""temp"": 24.77629, ""step"": 7, ""status"": 1, ""pres"": 977.8388, ""meas_profile"": ""HP-8"", ""meas_id"": 8, ""hum"": 33.19938, ""gas_res"": 5684.846}, {""temp"": 24.7748, ""step"": 7, ""status"": 1, ""pres"": 977.9802, ""meas_profile"": ""HP-7"", ""meas_id"": 7, ""hum"": 33.09486, ""gas_res"": 6385.951}, {""temp"": 24.8645, ""step"": 7, ""status"": 1, ""pres"": 978.1484, ""meas_profile"": ""HP-6"", ""meas_id"": 6, ""hum"": 32.91614, ""gas_res"": 8159.103}, {""temp"": 24.78345, ""step"": 7, ""status"": 1, ""pres"": 977.858, ""meas_profile"": ""HP-5"", ""meas_id"": 5, ""hum"": 33.12538, ""gas_res"": 25000.0}, {""temp"": 24.54757, ""step"": 7, ""status"": 1, ""pres"": 978.0452, ""meas_profile"": ""HP-4"", ""meas_id"": 4, ""hum"": 32.67122, ""gas_res"": 18481.09}, {""temp"": 24.69124, ""step"": 7, ""status"": 1, ""pres"": 977.6567, ""meas_profile"": ""HP-3"", ""meas_id"": 3, ""hum"": 33.06581, ""gas_res"": 7778.318}, {""temp"": 24.62016, ""step"": 7, ""status"": 1, ""pres"": 977.7159, ""meas_profile"": ""HP-2"", ""meas_id"": 2, ""hum"": 33.36437, ""gas_res"": 7650.012}, {""temp"": 24.40017, ""step"": 7, ""status"": 1, ""pres"": 977.9143, ""meas_profile"": ""HP-1"", ""meas_id"": 1, ""hum"": 32.60991, ""gas_res"": 6273.28}]}",NULL,"2025-10-29 13:06:26.454127"
15966,"04a600b9b0b8","2025-10-29 13:04:52","Lj949Vz94CYUFktMQMnW","{""bme688"": [{""temp"": 24.77629, ""step"": 6, ""status"": 1, ""pres"": 977.8388, ""meas_profile"": ""HP-8"", ""meas_id"": 8, ""hum"": 33.21077, ""gas_res"": 17510.26}, {""temp"": 24.7748, ""step"": 6, ""status"": 1, ""pres"": 977.9802, ""meas_profile"": ""HP-7"", ""meas_id"": 7, ""hum"": 33.10612, ""gas_res"": 23255.81}, {""temp"": 24.8645, ""step"": 6, ""status"": 1, ""pres"": 978.1484, ""meas_profile"": ""HP-6"", ""meas_id"": 6, ""hum"": 32.93326, ""gas_res"": 43345.75}, {""temp"": 24.78345, ""step"": 6, ""status"": 1, ""pres"": 977.858, ""meas_profile"": ""HP-5"", ""meas_id"": 5, ""hum"": 33.13667, ""gas_res"": 136715.6}, {""temp"": 24.54726, ""step"": 6, ""status"": 1, ""pres"": 978.0447, ""meas_profile"": ""HP-4"", ""meas_id"": 4, ""hum"": 32.67119, ""gas_res"": 118738.4}, {""temp"": 24.69124, ""step"": 6, ""status"": 1, ""pres"": 977.655, ""meas_profile"": ""HP-3"", ""meas_id"": 3, ""hum"": 33.08294, ""gas_res"": 82421.12}, {""temp"": 24.62016, ""step"": 6, ""status"": 1, ""pres"": 977.7159, ""meas_profile"": ""HP-2"", ""meas_id"": 2, ""hum"": 33.35872, ""gas_res"": 107653.5}, {""temp"": 24.40017, ""step"": 6, ""status"": 1, ""pres"": 977.9143, ""meas_profile"": ""HP-1"", ""meas_id"": 1, ""hum"": 32.61573, ""gas_res"": 100000.0}]}",NULL,"2025-10-29 13:06:27.735541"
15967,"04a600b9b0b8","2025-10-29 13:04:52","Lj949Vz94CYUFktMQMnW","{""bme688"": [{""temp"": 24.77629, ""step"": 5, ""status"": 1, ""pres"": 977.8388, ""meas_profile"": ""HP-8"", ""meas_id"": 8, ""hum"": 33.19938, ""gas_res"": 17510.26}, {""temp"": 24.77511, ""step"": 5, ""status"": 1, ""pres"": 977.9807, ""meas_profile"": ""HP-7"", ""meas_id"": 7, ""hum"": 33.11741, ""gas_res"": 25000.0}, {""temp"": 24.86481, ""step"": 5, ""status"": 1, ""pres"": 978.1489, ""meas_profile"": ""HP-6"", ""meas_id"": 6, ""hum"": 32.91617, ""gas_res"": 44244.73}, {""temp"": 24.78345, ""step"": 5, ""status"": 1, ""pres"": 977.858, ""meas_profile"": ""HP-5"", ""meas_id"": 5, ""hum"": 33.14795, ""gas_res"": 136825.2}, {""temp"": 24.54726, ""step"": 5, ""status"": 1, ""pres"": 978.0447, ""meas_profile"": ""HP-4"", ""meas_id"": 4, ""hum"": 32.66548, ""gas_res"": 118408.9}, {""temp"": 24.69124, ""step"": 5, ""status"": 1, ""pres"": 977.655, ""meas_profile"": ""HP-3"", ""meas_id"": 3, ""hum"": 33.10008, ""gas_res"": 81012.66}, {""temp"": 24.62016, ""step"": 5, ""status"": 1, ""pres"": 977.7141, ""meas_profile"": ""HP-2"", ""meas_id"": 2, ""hum"": 33.37002, ""gas_res"": 106511.3}, {""temp"": 24.40048, ""step"": 5, ""status"": 1, ""pres"": 977.9165, ""meas_profile"": ""HP-1"", ""meas_id"": 1, ""hum"": 32.62159, ""gas_res"": 100000.0}]}",NULL,"2025-10-29 13:06:29.016841"
15968,"04a600b9b0b8","2025-10-29 13:04:52","Lj949Vz94CYUFktMQMnW","{""bme688"": [{""temp"": 24.77599, ""step"": 4, ""status"": 1, ""pres"": 977.8384, ""meas_profile"": ""HP-8"", ""meas_id"": 8, ""hum"": 33.21074, ""gas_res"": 17510.26}, {""temp"": 24.77542, ""step"": 4, ""status"": 1, ""pres"": 977.9811, ""meas_profile"": ""HP-7"", ""meas_id"": 7, ""hum"": 33.12307, ""gas_res"": 25000.0}, {""temp"": 24.86481, ""step"": 4, ""status"": 1, ""pres"": 978.1489, ""meas_profile"": ""HP-6"", ""meas_id"": 6, ""hum"": 32.91617, ""gas_res"": 45229.68}, {""temp"": 24.78345, ""step"": 4, ""status"": 1, ""pres"": 977.858, ""meas_profile"": ""HP-5"", ""meas_id"": 5, ""hum"": 33.14795, ""gas_res"": 141592.9}, {""temp"": 24.54726, ""step"": 4, ""status"": 1, ""pres"": 978.0432, ""meas_profile"": ""HP-4"", ""meas_id"": 4, ""hum"": 32.68832, ""gas_res"": 121442.1}, {""temp"": 24.69124, ""step"": 4, ""status"": 1, ""pres"": 977.655, ""meas_profile"": ""HP-3"", ""meas_id"": 3, ""hum"": 33.08294, ""gas_res"": 78696.59}, {""temp"": 24.61984, ""step"": 4, ""status"": 1, ""pres"": 977.7136, ""meas_profile"": ""HP-2"", ""meas_id"": 2, ""hum"": 33.38694, ""gas_res"": 106180.0}, {""temp"": 24.40079, ""step"": 4, ""status"": 1, ""pres"": 977.9171, ""meas_profile"": ""HP-1"", ""meas_id"": 1, ""hum"": 32.60996, ""gas_res"": 100000.0}]}",NULL,"2025-10-29 13:06:30.484226"
15969,"04a600b9b0b8","2025-10-29 13:04:52","Lj949Vz94CYUFktMQMnW","{""bme688"": [{""temp"": 24.77599, ""step"": 3, ""status"": 1, ""pres"": 977.8384, ""meas_profile"": ""HP-8"", ""meas_id"": 8, ""hum"": 33.19366, ""gas_res"": 38186.16}, {""temp"": 24.77542, ""step"": 3, ""status"": 1, ""pres"": 977.9811, ""meas_profile"": ""HP-7"", ""meas_id"": 7, ""hum"": 33.11181, ""gas_res"": 56838.37}, {""temp"": 24.86481, ""step"": 3, ""status"": 1, ""pres"": 978.1489, ""meas_profile"": ""HP-6"", ""meas_id"": 6, ""hum"": 32.93329, ""gas_res"": 191509.3}, {""temp"": 24.78345, ""step"": 3, ""status"": 1, ""pres"": 977.858, ""meas_profile"": ""HP-5"", ""meas_id"": 5, ""hum"": 33.13667, ""gas_res"": 442046.2}, {""temp"": 24.54695, ""step"": 3, ""status"": 1, ""pres"": 978.0426, ""meas_profile"": ""HP-4"", ""meas_id"": 4, ""hum"": 32.68259, ""gas_res"": 446381.9}, {""temp"": 24.69093, ""step"": 3, ""status"": 1, ""pres"": 977.6528, ""meas_profile"": ""HP-3"", ""meas_id"": 3, ""hum"": 33.08863, ""gas_res"": 247642.1}, {""temp"": 24.61984, ""step"": 3, ""status"": 1, ""pres"": 977.712, ""meas_profile"": ""HP-2"", ""meas_id"": 2, ""hum"": 33.37564, ""gas_res"": 501101.1}, {""temp"": 24.40079, ""step"": 3, ""status"": 1, ""pres"": 977.9171, ""meas_profile"": ""HP-1"", ""meas_id"": 1, ""hum"": 32.63911, ""gas_res"": 332575.5}]}",NULL,"2025-10-29 13:06:31.612308"
15970,"04a600b9b0b8","2025-10-29 13:04:52","Lj949Vz94CYUFktMQMnW","{""bme688"": [{""temp"": 24.77599, ""step"": 2, ""status"": 1, ""pres"": 977.8384, ""meas_profile"": ""HP-8"", ""meas_id"": 8, ""hum"": 33.21074, ""gas_res"": 41775.46}, {""temp"": 24.77511, ""step"": 2, ""status"": 1, ""pres"": 977.9807, ""meas_profile"": ""HP-7"", ""meas_id"": 7, ""hum"": 33.12304, ""gas_res"": 66649.31}, {""temp"": 24.86481, ""step"": 2, ""status"": 1, ""pres"": 978.1489, ""meas_profile"": ""HP-6"", ""meas_id"": 6, ""hum"": 32.93329, ""gas_res"": 248001.9}, {""temp"": 24.78345, ""step"": 2, ""status"": 1, ""pres"": 977.858, ""meas_profile"": ""HP-5"", ""meas_id"": 5, ""hum"": 33.15359, ""gas_res"": 586819.5}, {""temp"": 24.54695, ""step"": 2, ""status"": 1, ""pres"": 978.0426, ""meas_profile"": ""HP-4"", ""meas_id"": 4, ""hum"": 32.6883, ""gas_res"": 550833.8}, {""temp"": 24.69093, ""step"": 2, ""status"": 1, ""pres"": 977.6528, ""meas_profile"": ""HP-3"", ""meas_id"": 3, ""hum"": 33.08863, ""gas_res"": 310773.9}, {""temp"": 24.61984, ""step"": 2, ""status"": 1, ""pres"": 977.712, ""meas_profile"": ""HP-2"", ""meas_id"": 2, ""hum"": 33.37564, ""gas_res"": 577389.3}, {""temp"": 24.40079, ""step"": 2, ""status"": 1, ""pres"": 977.9171, ""meas_profile"": ""HP-1"", ""meas_id"": 1, ""hum"": 32.63328, ""gas_res"": 404583.2}]}",NULL,"2025-10-29 13:06:32.856001"
15971,"04a600b9b0b8","2025-10-29 13:04:52","Lj949Vz94CYUFktMQMnW","{""bme688"": [{""temp"": 24.77629, ""step"": 1, ""status"": 1, ""pres"": 977.8388, ""meas_profile"": ""HP-8"", ""meas_id"": 8, ""hum"": 33.22786, ""gas_res"": 9529.481}, {""temp"": 24.77511, ""step"": 1, ""status"": 1, ""pres"": 977.9807, ""meas_profile"": ""HP-7"", ""meas_id"": 7, ""hum"": 33.12867, ""gas_res"": 15705.52}, {""temp"": 24.86512, ""step"": 1, ""status"": 1, ""pres"": 978.1495, ""meas_profile"": ""HP-6"", ""meas_id"": 6, ""hum"": 32.93332, ""gas_res"": 25000.0}, {""temp"": 24.78376, ""step"": 1, ""status"": 1, ""pres"": 977.8583, ""meas_profile"": ""HP-5"", ""meas_id"": 5, ""hum"": 33.15362, ""gas_res"": 41170.79}, {""temp"": 24.54695, ""step"": 1, ""status"": 1, ""pres"": 978.0426, ""meas_profile"": ""HP-4"", ""meas_id"": 4, ""hum"": 32.67688, ""gas_res"": 32388.66}, {""temp"": 24.69124, ""step"": 1, ""status"": 1, ""pres"": 977.6533, ""meas_profile"": ""HP-3"", ""meas_id"": 3, ""hum"": 33.10008, ""gas_res"": 25000.0}, {""temp"": 24.62016, ""step"": 1, ""status"": 1, ""pres"": 977.7107, ""meas_profile"": ""HP-2"", ""meas_id"": 2, ""hum"": 33.37567, ""gas_res"": 33853.48}, {""temp"": 24.40079, ""step"": 1, ""status"": 1, ""pres"": 977.9171, ""meas_profile"": ""HP-1"", ""meas_id"": 1, ""hum"": 32.60996, ""gas_res"": 24210.33}]}",NULL,"2025-10-29 13:06:34.136331"
15972,"04a600b9b0b8","2025-10-29 13:04:52","Lj949Vz94CYUFktMQMnW","{""bme688"": [{""temp"": 24.77629, ""step"": 0, ""status"": 1, ""pres"": 977.8388, ""meas_profile"": ""HP-8"", ""meas_id"": 8, ""hum"": 33.23925, ""gas_res"": 5684.846}, {""temp"": 24.77511, ""step"": 0, ""status"": 1, ""pres"": 977.9807, ""meas_profile"": ""HP-7"", ""meas_id"": 7, ""hum"": 33.13431, ""gas_res"": 6702.975}, {""temp"": 24.86512, ""step"": 0, ""status"": 1, ""pres"": 978.1495, ""meas_profile"": ""HP-6"", ""meas_id"": 6, ""hum"": 32.94473, ""gas_res"": 8273.01}, {""temp"": 24.78408, ""step"": 0, ""status"": 1, ""pres"": 977.8589, ""meas_profile"": ""HP-5"", ""meas_id"": 5, ""hum"": 33.14801, ""gas_res"": 25000.0}, {""temp"": 24.54695, ""step"": 0, ""status"": 1, ""pres"": 978.0442, ""meas_profile"": ""HP-4"", ""meas_id"": 4, ""hum"": 32.6883, ""gas_res"": 17907.11}, {""temp"": 24.69093, ""step"": 0, ""status"": 1, ""pres"": 977.6528, ""meas_profile"": ""HP-3"", ""meas_id"": 3, ""hum"": 33.10577, ""gas_res"": 7467.911}, {""temp"": 24.62016, ""step"": 0, ""status"": 1, ""pres"": 977.7107, ""meas_profile"": ""HP-2"", ""meas_id"": 2, ""hum"": 33.38697, ""gas_res"": 7339.45}, {""temp"": 24.40079, ""step"": 0, ""status"": 1, ""pres"": 977.9171, ""meas_profile"": ""HP-1"", ""meas_id"": 1, ""hum"": 32.63911, ""gas_res"": 6056.018}]}",NULL,"2025-10-29 13:06:35.603325"
15973,"04a600b9b0b8","2025-10-29 13:04:09","Lj949Vz94CYUFktMQMnW","{""zphs01b"": {""voc"": 0, ""temp"": 22.5, ""pm2_5"": 0, ""pm1_0"": 0, ""pm10"": 309, ""o3"": 0.02, ""no2"": 10.0, ""hum"": 0, ""fmhd"": 0, ""co2"": 5000, ""co"": 0.0}, ""smell_b"": {}, ""sfa30"": {""temp"": 24.635, ""hum"": 35.93, ""fmhd"": 0.8}, ""sen5x"": {""voc"": 136.0, ""temp"": 25.73, ""pm4_0"": 3802.7, ""pm2_5"": 3802.7, ""pm1_0"": 3626.1, ""pm10"": 3802.7, ""nox"": 1.0, ""mass_c"": 3758.55, ""hum"": 38.21}, ""scd41"": {""temp"": 24.33776, ""hum"": 40.99794, ""co2"": 686}, ""power_source"": 0, ""mics6814"": {""red_res"": 0, ""no2_res"": 0, ""no2"": 0.17, ""nh3_res"": 0, ""nh3"": 0.73, ""co_res"": 0, ""co"": 44.0}}",NULL,"2025-10-29 13:06:36.589933"
15974,"04a600b9b0b8","2025-10-29 13:04:09","Lj949Vz94CYUFktMQMnW","{""bme688"": [{""temp"": 24.77599, ""step"": 9, ""status"": 1, ""pres"": 977.8384, ""meas_profile"": ""HP-8"", ""meas_id"": 8, ""hum"": 33.21074, ""gas_res"": 5684.846}, {""temp"": 24.77511, ""step"": 9, ""status"": 1, ""pres"": 977.9807, ""meas_profile"": ""HP-7"", ""meas_id"": 7, ""hum"": 33.11178, ""gas_res"": 6115.039}, {""temp"": 24.86512, ""step"": 9, ""status"": 1, ""pres"": 978.1495, ""meas_profile"": ""HP-6"", ""meas_id"": 6, ""hum"": 32.92761, ""gas_res"": 7053.119}, {""temp"": 24.78408, ""step"": 9, ""status"": 1, ""pres"": 977.8589, ""meas_profile"": ""HP-5"", ""meas_id"": 5, ""hum"": 33.13672, ""gas_res"": 25000.0}, {""temp"": 24.54695, ""step"": 9, ""status"": 1, ""pres"": 978.0442, ""meas_profile"": ""HP-4"", ""meas_id"": 4, ""hum"": 32.68259, ""gas_res"": 10716.68}, {""temp"": 24.69093, ""step"": 9, ""status"": 1, ""pres"": 977.6528, ""meas_profile"": ""HP-3"", ""meas_id"": 3, ""hum"": 33.09434, ""gas_res"": 7090.627}, {""temp"": 24.62016, ""step"": 9, ""status"": 1, ""pres"": 977.7107, ""meas_profile"": ""HP-2"", ""meas_id"": 2, ""hum"": 33.37002, ""gas_res"": 6459.427}, {""temp"": 24.40079, ""step"": 9, ""status"": 1, ""pres"": 977.9171, ""meas_profile"": ""HP-1"", ""meas_id"": 1, ""hum"": 32.60996, ""gas_res"": 7215.333}]}",NULL,"2025-10-29 13:06:37.974753"
15975,"04a600b9b0b8","2025-10-29 13:04:09","Lj949Vz94CYUFktMQMnW","{""bme688"": [{""temp"": 24.77537, ""step"": 8, ""status"": 1, ""pres"": 977.8374, ""meas_profile"": ""HP-8"", ""meas_id"": 8, ""hum"": 33.1936, ""gas_res"": 5684.846}, {""temp"": 24.77511, ""step"": 8, ""status"": 1, ""pres"": 977.9824, ""meas_profile"": ""HP-7"", ""meas_id"": 7, ""hum"": 33.11741, ""gas_res"": 6094.077}, {""temp"": 24.86512, ""step"": 8, ""status"": 1, ""pres"": 978.1495, ""meas_profile"": ""HP-6"", ""meas_id"": 6, ""hum"": 32.92761, ""gas_res"": 7016.005}, {""temp"": 24.78408, ""step"": 8, ""status"": 1, ""pres"": 977.8589, ""meas_profile"": ""HP-5"", ""meas_id"": 5, ""hum"": 33.14801, ""gas_res"": 21962.94}, {""temp"": 24.54726, ""step"": 8, ""status"": 1, ""pres"": 978.0447, ""meas_profile"": ""HP-4"", ""meas_id"": 4, ""hum"": 32.69404, ""gas_res"": 10495.24}, {""temp"": 24.69093, ""step"": 8, ""status"": 1, ""pres"": 977.6528, ""meas_profile"": ""HP-3"", ""meas_id"": 3, ""hum"": 33.11148, ""gas_res"": 6471.183}, {""temp"": 24.62016, ""step"": 8, ""status"": 1, ""pres"": 977.709, ""meas_profile"": ""HP-2"", ""meas_id"": 2, ""hum"": 33.38132, ""gas_res"": 6471.183}, {""temp"": 24.40079, ""step"": 8, ""status"": 1, ""pres"": 977.9171, ""meas_profile"": ""HP-1"", ""meas_id"": 1, ""hum"": 32.60996, ""gas_res"": 7057.786}]}",NULL,"2025-10-29 13:06:39.25908"
15976,"04a600b9b0b8","2025-10-29 13:04:09","Lj949Vz94CYUFktMQMnW","{""bme688"": [{""temp"": 24.77506, ""step"": 7, ""status"": 1, ""pres"": 977.837, ""meas_profile"": ""HP-8"", ""meas_id"": 8, ""hum"": 33.19357, ""gas_res"": 5684.846}, {""temp"": 24.7748, ""step"": 7, ""status"": 1, ""pres"": 977.9802, ""meas_profile"": ""HP-7"", ""meas_id"": 7, ""hum"": 33.12302, ""gas_res"": 5977.956}, {""temp"": 24.86512, ""step"": 7, ""status"": 1, ""pres"": 978.1495, ""meas_profile"": ""HP-6"", ""meas_id"": 6, ""hum"": 32.94473, ""gas_res"": 6836.146}, {""temp"": 24.78439, ""step"": 7, ""status"": 1, ""pres"": 977.8594, ""meas_profile"": ""HP-5"", ""meas_id"": 5, ""hum"": 33.13675, ""gas_res"": 20388.66}, {""temp"": 24.54757, ""step"": 7, ""status"": 1, ""pres"": 978.0452, ""meas_profile"": ""HP-4"", ""meas_id"": 4, ""hum"": 32.68264, ""gas_res"": 9606.725}, {""temp"": 24.69093, ""step"": 7, ""status"": 1, ""pres"": 977.6528, ""meas_profile"": ""HP-3"", ""meas_id"": 3, ""hum"": 33.0772, ""gas_res"": 5941.33}, {""temp"": 24.62016, ""step"": 7, ""status"": 1, ""pres"": 977.709, ""meas_profile"": ""HP-2"", ""meas_id"": 2, ""hum"": 33.37567, ""gas_res"": 8060.454}, {""temp"": 24.40079, ""step"": 7, ""status"": 1, ""pres"": 977.9171, ""meas_profile"": ""HP-1"", ""meas_id"": 1, ""hum"": 32.60996, ""gas_res"": 6562.756}]}",NULL,"2025-10-29 13:06:40.722443"
15977,"04a600b9b0b8","2025-10-29 13:04:09","Lj949Vz94CYUFktMQMnW","{""bme688"": [{""temp"": 24.77506, ""step"": 6, ""status"": 1, ""pres"": 977.8351, ""meas_profile"": ""HP-8"", ""meas_id"": 8, ""hum"": 33.19927, ""gas_res"": 17937.22}, {""temp"": 24.7748, ""step"": 6, ""status"": 1, ""pres"": 977.9818, ""meas_profile"": ""HP-7"", ""meas_id"": 7, ""hum"": 33.10612, ""gas_res"": 21805.79}, {""temp"": 24.86543, ""step"": 6, ""status"": 1, ""pres"": 978.1516, ""meas_profile"": ""HP-6"", ""meas_id"": 6, ""hum"": 32.95617, ""gas_res"": 33880.36}, {""temp"": 24.78439, ""step"": 6, ""status"": 1, ""pres"": 977.8594, ""meas_profile"": ""HP-5"", ""meas_id"": 5, ""hum"": 33.14239, ""gas_res"": 100136.9}, {""temp"": 24.54757, ""step"": 6, ""status"": 1, ""pres"": 978.0468, ""meas_profile"": ""HP-4"", ""meas_id"": 4, ""hum"": 32.68264, ""gas_res"": 100000.0}, {""temp"": 24.69124, ""step"": 6, ""status"": 1, ""pres"": 977.6516, ""meas_profile"": ""HP-3"", ""meas_id"": 3, ""hum"": 33.07152, ""gas_res"": 35049.29}, {""temp"": 24.62016, ""step"": 6, ""status"": 1, ""pres"": 977.709, ""meas_profile"": ""HP-2"", ""meas_id"": 2, ""hum"": 33.38132, ""gas_res"": 90363.57}, {""temp"": 24.4011, ""step"": 6, ""status"": 1, ""pres"": 977.9194, ""meas_profile"": ""HP-1"", ""meas_id"": 1, ""hum"": 32.62165, ""gas_res"": 42356.05}]}",NULL,"2025-10-29 13:06:41.815285"
15978,"04a600b9b0b8","2025-10-29 13:04:09","Lj949Vz94CYUFktMQMnW","{""bme688"": [{""temp"": 24.77506, ""step"": 5, ""status"": 1, ""pres"": 977.837, ""meas_profile"": ""HP-8"", ""meas_id"": 8, ""hum"": 33.21635, ""gas_res"": 18135.45}, {""temp"": 24.7748, ""step"": 5, ""status"": 1, ""pres"": 977.9818, ""meas_profile"": ""HP-7"", ""meas_id"": 7, ""hum"": 33.12864, ""gas_res"": 22145.33}, {""temp"": 24.86543, ""step"": 5, ""status"": 1, ""pres"": 978.1516, ""meas_profile"": ""HP-6"", ""meas_id"": 6, ""hum"": 32.94476, ""gas_res"": 34233.75}, {""temp"": 24.78408, ""step"": 5, ""status"": 1, ""pres"": 977.8607, ""meas_profile"": ""HP-5"", ""meas_id"": 5, ""hum"": 33.14236, ""gas_res"": 100136.9}, {""temp"": 24.54789, ""step"": 5, ""status"": 1, ""pres"": 978.0474, ""meas_profile"": ""HP-4"", ""meas_id"": 4, ""hum"": 32.68267, ""gas_res"": 100000.0}, {""temp"": 24.69124, ""step"": 5, ""status"": 1, ""pres"": 977.6516, ""meas_profile"": ""HP-3"", ""meas_id"": 3, ""hum"": 33.09436, ""gas_res"": 33853.48}, {""temp"": 24.62046, ""step"": 5, ""status"": 1, ""pres"": 977.7096, ""meas_profile"": ""HP-2"", ""meas_id"": 2, ""hum"": 33.38136, ""gas_res"": 86956.52}, {""temp"": 24.4011, ""step"": 5, ""status"": 1, ""pres"": 977.9194, ""meas_profile"": ""HP-1"", ""meas_id"": 1, ""hum"": 32.62165, ""gas_res"": 40622.02}]}",NULL,"2025-10-29 13:06:43.095487"
15979,"04a600b9b0b8","2025-10-29 13:04:09","Lj949Vz94CYUFktMQMnW","{""bme688"": [{""temp"": 24.77506, ""step"": 4, ""status"": 1, ""pres"": 977.837, ""meas_profile"": ""HP-8"", ""meas_id"": 8, ""hum"": 33.22775, ""gas_res"": 19058.96}, {""temp"": 24.77511, ""step"": 4, ""status"": 1, ""pres"": 977.9807, ""meas_profile"": ""HP-7"", ""meas_id"": 7, ""hum"": 33.11178, ""gas_res"": 23281.19}, {""temp"": 24.86573, ""step"": 4, ""status"": 1, ""pres"": 978.1522, ""meas_profile"": ""HP-6"", ""meas_id"": 6, ""hum"": 32.93908, ""gas_res"": 36147.98}, {""temp"": 24.78408, ""step"": 4, ""status"": 1, ""pres"": 977.8607, ""meas_profile"": ""HP-5"", ""meas_id"": 5, ""hum"": 33.15365, ""gas_res"": 105393.2}, {""temp"": 24.54819, ""step"": 4, ""status"": 1, ""pres"": 978.0479, ""meas_profile"": ""HP-4"", ""meas_id"": 4, ""hum"": 32.69983, ""gas_res"": 100000.0}, {""temp"": 24.69124, ""step"": 4, ""status"": 1, ""pres"": 977.6516, ""meas_profile"": ""HP-3"", ""meas_id"": 3, ""hum"": 33.08294, ""gas_res"": 34343.98}, {""temp"": 24.62046, ""step"": 4, ""status"": 1, ""pres"": 977.7096, ""meas_profile"": ""HP-2"", ""meas_id"": 2, ""hum"": 33.39831, ""gas_res"": 86603.52}, {""temp"": 24.40141, ""step"": 4, ""status"": 1, ""pres"": 977.9197, ""meas_profile"": ""HP-1"", ""meas_id"": 1, ""hum"": 32.61002, ""gas_res"": 40583.39}]}",NULL,"2025-10-29 13:06:44.376663"
15980,"04a600b9b0b8","2025-10-29 13:04:09","Lj949Vz94CYUFktMQMnW","{""bme688"": [{""temp"": 24.77475, ""step"": 3, ""status"": 1, ""pres"": 977.8348, ""meas_profile"": ""HP-8"", ""meas_id"": 8, ""hum"": 33.21632, ""gas_res"": 57450.63}, {""temp"": 24.7748, ""step"": 3, ""status"": 1, ""pres"": 977.9818, ""meas_profile"": ""HP-7"", ""meas_id"": 7, ""hum"": 33.11175, ""gas_res"": 76372.31}, {""temp"": 24.86573, ""step"": 3, ""status"": 1, ""pres"": 978.1522, ""meas_profile"": ""HP-6"", ""meas_id"": 6, ""hum"": 32.9505, ""gas_res"": 212228.0}, {""temp"": 24.78408, ""step"": 3, ""status"": 1, ""pres"": 977.8607, ""meas_profile"": ""HP-5"", ""meas_id"": 5, ""hum"": 33.17058, ""gas_res"": 506304.1}, {""temp"": 24.54819, ""step"": 3, ""status"": 1, ""pres"": 978.0479, ""meas_profile"": ""HP-4"", ""meas_id"": 4, ""hum"": 32.69412, ""gas_res"": 450803.4}, {""temp"": 24.69155, ""step"": 3, ""status"": 1, ""pres"": 977.6537, ""meas_profile"": ""HP-3"", ""meas_id"": 3, ""hum"": 33.10011, ""gas_res"": 256963.6}, {""temp"": 24.62046, ""step"": 3, ""status"": 1, ""pres"": 977.7096, ""meas_profile"": ""HP-2"", ""meas_id"": 2, ""hum"": 33.39265, ""gas_res"": 498539.4}, {""temp"": 24.40141, ""step"": 3, ""status"": 1, ""pres"": 977.9216, ""meas_profile"": ""HP-1"", ""meas_id"": 1, ""hum"": 32.62751, ""gas_res"": 329684.5}]}",NULL,"2025-10-29 13:06:45.841545"
15981,"04a600b9b0b8","2025-10-29 13:04:09","Lj949Vz94CYUFktMQMnW","{""bme688"": [{""temp"": 24.77475, ""step"": 2, ""status"": 1, ""pres"": 977.8365, ""meas_profile"": ""HP-8"", ""meas_id"": 8, ""hum"": 33.21632, ""gas_res"": 53222.45}, {""temp"": 24.7748, ""step"": 2, ""status"": 1, ""pres"": 977.9818, ""meas_profile"": ""HP-7"", ""meas_id"": 7, ""hum"": 33.11739, ""gas_res"": 69189.19}, {""temp"": 24.86573, ""step"": 2, ""status"": 1, ""pres"": 978.1522, ""meas_profile"": ""HP-6"", ""meas_id"": 6, ""hum"": 32.94479, ""gas_res"": 196356.7}, {""temp"": 24.78408, ""step"": 2, ""status"": 1, ""pres"": 977.8589, ""meas_profile"": ""HP-5"", ""meas_id"": 5, ""hum"": 33.15929, ""gas_res"": 446090.2}, {""temp"": 24.54819, ""step"": 2, ""status"": 1, ""pres"": 978.0496, ""meas_profile"": ""HP-4"", ""meas_id"": 4, ""hum"": 32.6827, ""gas_res"": 388910.0}, {""temp"": 24.69124, ""step"": 2, ""status"": 1, ""pres"": 977.6516, ""meas_profile"": ""HP-3"", ""meas_id"": 3, ""hum"": 33.10579, ""gas_res"": 221023.1}, {""temp"": 24.62046, ""step"": 2, ""status"": 1, ""pres"": 977.7096, ""meas_profile"": ""HP-2"", ""meas_id"": 2, ""hum"": 33.387, ""gas_res"": 386706.9}, {""temp"": 24.40141, ""step"": 2, ""status"": 1, ""pres"": 977.9216, ""meas_profile"": ""HP-1"", ""meas_id"": 1, ""hum"": 32.63917, ""gas_res"": 285077.9}]}",NULL,"2025-10-29 13:06:46.934492"
15982,"04a600b9b0b8","2025-10-29 13:04:09","Lj949Vz94CYUFktMQMnW","{""bme688"": [{""temp"": 24.77506, ""step"": 1, ""status"": 1, ""pres"": 977.837, ""meas_profile"": ""HP-8"", ""meas_id"": 8, ""hum"": 33.22205, ""gas_res"": 10936.43}, {""temp"": 24.7748, ""step"": 1, ""status"": 1, ""pres"": 977.9818, ""meas_profile"": ""HP-7"", ""meas_id"": 7, ""hum"": 33.12302, ""gas_res"": 16280.84}, {""temp"": 24.86604, ""step"": 1, ""status"": 1, ""pres"": 978.1526, ""meas_profile"": ""HP-6"", ""meas_id"": 6, ""hum"": 32.94482, ""gas_res"": 25000.0}, {""temp"": 24.78408, ""step"": 1, ""status"": 1, ""pres"": 977.8589, ""meas_profile"": ""HP-5"", ""meas_id"": 5, ""hum"": 33.15365, ""gas_res"": 33934.25}, {""temp"": 24.54819, ""step"": 1, ""status"": 1, ""pres"": 978.0479, ""meas_profile"": ""HP-4"", ""meas_id"": 4, ""hum"": 32.69983, ""gas_res"": 26234.88}, {""temp"": 24.69155, ""step"": 1, ""status"": 1, ""pres"": 977.6521, ""meas_profile"": ""HP-3"", ""meas_id"": 3, ""hum"": 33.11153, ""gas_res"": 25000.0}, {""temp"": 24.62078, ""step"": 1, ""status"": 1, ""pres"": 977.7101, ""meas_profile"": ""HP-2"", ""meas_id"": 2, ""hum"": 33.39268, ""gas_res"": 25301.44}, {""temp"": 24.40173, ""step"": 1, ""status"": 1, ""pres"": 977.9222, ""meas_profile"": ""HP-1"", ""meas_id"": 1, ""hum"": 32.64502, ""gas_res"": 25000.0}]}",NULL,"2025-10-29 13:06:48.217393"
15983,"04a600b9b0b8","2025-10-29 13:04:09","Lj949Vz94CYUFktMQMnW","{""bme688"": [{""temp"": 24.77475, ""step"": 0, ""status"": 1, ""pres"": 977.8365, ""meas_profile"": ""HP-8"", ""meas_id"": 8, ""hum"": 33.22771, ""gas_res"": 6146.754}, {""temp"": 24.77449, ""step"": 0, ""status"": 1, ""pres"": 977.9813, ""meas_profile"": ""HP-7"", ""meas_id"": 7, ""hum"": 33.13425, ""gas_res"": 6836.146}, {""temp"": 24.86604, ""step"": 0, ""status"": 1, ""pres"": 978.1526, ""meas_profile"": ""HP-6"", ""meas_id"": 6, ""hum"": 32.95624, ""gas_res"": 7329.363}, {""temp"": 24.78439, ""step"": 0, ""status"": 1, ""pres"": 977.8611, ""meas_profile"": ""HP-5"", ""meas_id"": 5, ""hum"": 33.15368, ""gas_res"": 21607.02}, {""temp"": 24.54851, ""step"": 0, ""status"": 1, ""pres"": 978.05, ""meas_profile"": ""HP-4"", ""meas_id"": 4, ""hum"": 32.71701, ""gas_res"": 10292.7}, {""temp"": 24.69155, ""step"": 0, ""status"": 1, ""pres"": 977.6537, ""meas_profile"": ""HP-3"", ""meas_id"": 3, ""hum"": 33.10582, ""gas_res"": 5938.022}, {""temp"": 24.62046, ""step"": 0, ""status"": 1, ""pres"": 977.7096, ""meas_profile"": ""HP-2"", ""meas_id"": 2, ""hum"": 33.41526, ""gas_res"": 7846.984}, {""temp"": 24.40141, ""step"": 0, ""status"": 1, ""pres"": 977.9233, ""meas_profile"": ""HP-1"", ""meas_id"": 1, ""hum"": 32.645, ""gas_res"": 6382.13}]}",NULL,"2025-10-29 13:06:49.497012"
16006,"04a600b9b0b8","2025-10-29 13:06:38","Lj949Vz94CYUFktMQMnW","{""zphs01b"": {""voc"": 0, ""temp"": 22.5, ""pm2_5"": 0, ""pm1_0"": 0, ""pm10"": 302, ""o3"": 0.09, ""no2"": 10.0, ""hum"": 0, ""fmhd"": 0, ""co2"": 5000, ""co"": 0.0}, ""smell_b"": {}, ""sfa30"": {""temp"": 24.665, ""hum"": 35.88, ""fmhd"": 1.2}, ""sen5x"": {""voc"": 141.0, ""temp"": 25.05, ""pm4_0"": 4795.8, ""pm2_5"": 4795.8, ""pm1_0"": 4573.1, ""pm10"": 4795.8, ""nox"": 1.0, ""mass_c"": 4740.125, ""hum"": 40.02}, ""scd41"": {""temp"": 24.13214, ""hum"": 42.8397, ""co2"": 689}, ""power_source"": 0, ""mics6814"": {""red_res"": 0, ""no2_res"": 0, ""no2"": 0.17, ""nh3_res"": 0, ""nh3"": 0.73, ""co_res"": 0, ""co"": 44.0}}",NULL,"2025-10-29 13:07:46.404184"
16007,"04a600b9b0b8","2025-10-29 13:06:38","Lj949Vz94CYUFktMQMnW","{""bme688"": [{""temp"": 24.77969, ""step"": 9, ""status"": 1, ""pres"": 977.8426, ""meas_profile"": ""HP-8"", ""meas_id"": 8, ""hum"": 33.18261, ""gas_res"": 5684.846}, {""temp"": 24.77697, ""step"": 9, ""status"": 1, ""pres"": 977.9802, ""meas_profile"": ""HP-7"", ""meas_id"": 7, ""hum"": 33.0838, ""gas_res"": 6251.221}, {""temp"": 24.8645, ""step"": 9, ""status"": 1, ""pres"": 978.145, ""meas_profile"": ""HP-6"", ""meas_id"": 6, ""hum"": 32.90473, ""gas_res"": 7541.833}, {""temp"": 24.78439, ""step"": 9, ""status"": 1, ""pres"": 977.8558, ""meas_profile"": ""HP-5"", ""meas_id"": 5, ""hum"": 33.11419, ""gas_res"": 25000.0}, {""temp"": 24.54757, ""step"": 9, ""status"": 1, ""pres"": 978.0418, ""meas_profile"": ""HP-4"", ""meas_id"": 4, ""hum"": 32.65409, ""gas_res"": 18626.31}, {""temp"": 24.69217, ""step"": 9, ""status"": 1, ""pres"": 977.6616, ""meas_profile"": ""HP-3"", ""meas_id"": 3, ""hum"": 33.07161, ""gas_res"": 6168.08}, {""temp"": 24.61922, ""step"": 9, ""status"": 1, ""pres"": 977.7211, ""meas_profile"": ""HP-2"", ""meas_id"": 2, ""hum"": 33.35864, ""gas_res"": 7806.782}, {""temp"": 24.40048, ""step"": 9, ""status"": 1, ""pres"": 977.9094, ""meas_profile"": ""HP-1"", ""meas_id"": 1, ""hum"": 32.59827, ""gas_res"": 5947.956}]}",NULL,"2025-10-29 13:07:47.842561"
16008,"04a600b9b0b8","2025-10-29 13:06:38","Lj949Vz94CYUFktMQMnW","{""bme688"": [{""temp"": 24.77907, ""step"": 8, ""status"": 1, ""pres"": 977.8415, ""meas_profile"": ""HP-8"", ""meas_id"": 8, ""hum"": 33.18825, ""gas_res"": 5684.846}, {""temp"": 24.77666, ""step"": 8, ""status"": 1, ""pres"": 977.9816, ""meas_profile"": ""HP-7"", ""meas_id"": 7, ""hum"": 33.08377, ""gas_res"": 6288.072}, {""temp"": 24.8645, ""step"": 8, ""status"": 1, ""pres"": 978.145, ""meas_profile"": ""HP-6"", ""meas_id"": 6, ""hum"": 32.89902, ""gas_res"": 7661.0}, {""temp"": 24.78439, ""step"": 8, ""status"": 1, ""pres"": 977.8558, ""meas_profile"": ""HP-5"", ""meas_id"": 5, ""hum"": 33.11982, ""gas_res"": 25000.0}, {""temp"": 24.54757, ""step"": 8, ""status"": 1, ""pres"": 978.0418, ""meas_profile"": ""HP-4"", ""meas_id"": 4, ""hum"": 32.65409, ""gas_res"": 18135.45}, {""temp"": 24.69217, ""step"": 8, ""status"": 1, ""pres"": 977.6616, ""meas_profile"": ""HP-3"", ""meas_id"": 3, ""hum"": 33.0659, ""gas_res"": 7852.761}, {""temp"": 24.61922, ""step"": 8, ""status"": 1, ""pres"": 977.7211, ""meas_profile"": ""HP-2"", ""meas_id"": 2, ""hum"": 33.36994, ""gas_res"": 7705.273}, {""temp"": 24.40048, ""step"": 8, ""status"": 1, ""pres"": 977.9111, ""meas_profile"": ""HP-1"", ""meas_id"": 1, ""hum"": 32.60993, ""gas_res"": 6049.149}]}",NULL,"2025-10-29 13:07:49.027551"
16009,"04a600b9b0b8","2025-10-29 13:06:38","Lj949Vz94CYUFktMQMnW","{""bme688"": [{""temp"": 24.77846, ""step"": 7, ""status"": 1, ""pres"": 977.8424, ""meas_profile"": ""HP-8"", ""meas_id"": 8, ""hum"": 33.1825, ""gas_res"": 5684.846}, {""temp"": 24.77666, ""step"": 7, ""status"": 1, ""pres"": 977.9816, ""meas_profile"": ""HP-7"", ""meas_id"": 7, ""hum"": 33.0894, ""gas_res"": 6359.3}, {""temp"": 24.8645, ""step"": 7, ""status"": 1, ""pres"": 978.145, ""meas_profile"": ""HP-6"", ""meas_id"": 6, ""hum"": 32.90473, ""gas_res"": 7783.994}, {""temp"": 24.78439, ""step"": 7, ""status"": 1, ""pres"": 977.8558, ""meas_profile"": ""HP-5"", ""meas_id"": 5, ""hum"": 33.11982, ""gas_res"": 25000.0}, {""temp"": 24.54757, ""step"": 7, ""status"": 1, ""pres"": 978.0418, ""meas_profile"": ""HP-4"", ""meas_id"": 4, ""hum"": 32.65409, ""gas_res"": 11602.61}, {""temp"": 24.69186, ""step"": 7, ""status"": 1, ""pres"": 977.661, ""meas_profile"": ""HP-3"", ""meas_id"": 3, ""hum"": 33.06586, ""gas_res"": 7415.991}, {""temp"": 24.61922, ""step"": 7, ""status"": 1, ""pres"": 977.7211, ""meas_profile"": ""HP-2"", ""meas_id"": 2, ""hum"": 33.38124, ""gas_res"": 7344.503}, {""temp"": 24.40017, ""step"": 7, ""status"": 1, ""pres"": 977.9107, ""meas_profile"": ""HP-1"", ""meas_id"": 1, ""hum"": 32.62157, ""gas_res"": 6056.018}]}",NULL,"2025-10-29 13:07:50.293086"
16010,"04a600b9b0b8","2025-10-29 13:06:38","Lj949Vz94CYUFktMQMnW","{""bme688"": [{""temp"": 24.77815, ""step"": 6, ""status"": 1, ""pres"": 977.8417, ""meas_profile"": ""HP-8"", ""meas_id"": 8, ""hum"": 33.20524, ""gas_res"": 17021.28}, {""temp"": 24.77635, ""step"": 6, ""status"": 1, ""pres"": 977.981, ""meas_profile"": ""HP-7"", ""meas_id"": 7, ""hum"": 33.09501, ""gas_res"": 21411.84}, {""temp"": 24.8645, ""step"": 6, ""status"": 1, ""pres"": 978.145, ""meas_profile"": ""HP-6"", ""meas_id"": 6, ""hum"": 32.91043, ""gas_res"": 35814.21}, {""temp"": 24.78408, ""step"": 6, ""status"": 1, ""pres"": 977.8555, ""meas_profile"": ""HP-5"", ""meas_id"": 5, ""hum"": 33.1198, ""gas_res"": 106444.9}, {""temp"": 24.54757, ""step"": 6, ""status"": 1, ""pres"": 978.0435, ""meas_profile"": ""HP-4"", ""meas_id"": 4, ""hum"": 32.66551, ""gas_res"": 100000.0}, {""temp"": 24.69186, ""step"": 6, ""status"": 1, ""pres"": 977.661, ""meas_profile"": ""HP-3"", ""meas_id"": 3, ""hum"": 33.08871, ""gas_res"": 39457.46}, {""temp"": 24.61953, ""step"": 6, ""status"": 1, ""pres"": 977.7198, ""meas_profile"": ""HP-2"", ""meas_id"": 2, ""hum"": 33.38126, ""gas_res"": 100000.0}, {""temp"": 24.40017, ""step"": 6, ""status"": 1, ""pres"": 977.9107, ""meas_profile"": ""HP-1"", ""meas_id"": 1, ""hum"": 32.60991, ""gas_res"": 80706.18}]}",NULL,"2025-10-29 13:07:51.577017"
16011,"04a600b9b0b8","2025-10-29 13:06:38","Lj949Vz94CYUFktMQMnW","{""bme688"": [{""temp"": 24.77784, ""step"": 5, ""status"": 1, ""pres"": 977.8413, ""meas_profile"": ""HP-8"", ""meas_id"": 8, ""hum"": 33.20522, ""gas_res"": 17048.48}, {""temp"": 24.77604, ""step"": 5, ""status"": 1, ""pres"": 977.9804, ""meas_profile"": ""HP-7"", ""meas_id"": 7, ""hum"": 33.09498, ""gas_res"": 21585.16}, {""temp"": 24.8645, ""step"": 5, ""status"": 1, ""pres"": 978.1467, ""meas_profile"": ""HP-6"", ""meas_id"": 6, ""hum"": 32.92185, ""gas_res"": 35754.19}, {""temp"": 24.78408, ""step"": 5, ""status"": 1, ""pres"": 977.8555, ""meas_profile"": ""HP-5"", ""meas_id"": 5, ""hum"": 33.13108, ""gas_res"": 105850.7}, {""temp"": 24.54789, ""step"": 5, ""status"": 1, ""pres"": 978.0441, ""meas_profile"": ""HP-4"", ""meas_id"": 4, ""hum"": 32.67125, ""gas_res"": 100000.0}, {""temp"": 24.69217, ""step"": 5, ""status"": 1, ""pres"": 977.6616, ""meas_profile"": ""HP-3"", ""meas_id"": 3, ""hum"": 33.08875, ""gas_res"": 37914.69}, {""temp"": 24.61953, ""step"": 5, ""status"": 1, ""pres"": 977.7198, ""meas_profile"": ""HP-2"", ""meas_id"": 2, ""hum"": 33.36432, ""gas_res"": 100000.0}, {""temp"": 24.40017, ""step"": 5, ""status"": 1, ""pres"": 977.9107, ""meas_profile"": ""HP-1"", ""meas_id"": 1, ""hum"": 32.60991, ""gas_res"": 46309.7}]}",NULL,"2025-10-29 13:07:52.961242"
16012,"04a600b9b0b8","2025-10-29 13:06:38","Lj949Vz94CYUFktMQMnW","{""bme688"": [{""temp"": 24.77784, ""step"": 4, ""status"": 1, ""pres"": 977.8413, ""meas_profile"": ""HP-8"", ""meas_id"": 8, ""hum"": 33.21661, ""gas_res"": 17255.32}, {""temp"": 24.77573, ""step"": 4, ""status"": 1, ""pres"": 977.9799, ""meas_profile"": ""HP-7"", ""meas_id"": 7, ""hum"": 33.10058, ""gas_res"": 21940.35}, {""temp"": 24.8645, ""step"": 4, ""status"": 1, ""pres"": 978.1467, ""meas_profile"": ""HP-6"", ""meas_id"": 6, ""hum"": 32.92185, ""gas_res"": 36930.18}, {""temp"": 24.78376, ""step"": 4, ""status"": 1, ""pres"": 977.8567, ""meas_profile"": ""HP-5"", ""meas_id"": 5, ""hum"": 33.14234, ""gas_res"": 108130.9}, {""temp"": 24.54789, ""step"": 4, ""status"": 1, ""pres"": 978.0441, ""meas_profile"": ""HP-4"", ""meas_id"": 4, ""hum"": 32.65983, ""gas_res"": 100000.0}, {""temp"": 24.69217, ""step"": 4, ""status"": 1, ""pres"": 977.6616, ""meas_profile"": ""HP-3"", ""meas_id"": 3, ""hum"": 33.08875, ""gas_res"": 36866.36}, {""temp"": 24.61984, ""step"": 4, ""status"": 1, ""pres"": 977.7187, ""meas_profile"": ""HP-2"", ""meas_id"": 2, ""hum"": 33.37564, ""gas_res"": 100000.0}, {""temp"": 24.40048, ""step"": 4, ""status"": 1, ""pres"": 977.9111, ""meas_profile"": ""HP-1"", ""meas_id"": 1, ""hum"": 32.60993, ""gas_res"": 44198.89}]}",NULL,"2025-10-29 13:07:54.135494"
16013,"04a600b9b0b8","2025-10-29 13:06:38","Lj949Vz94CYUFktMQMnW","{""bme688"": [{""temp"": 24.77753, ""step"": 3, ""status"": 1, ""pres"": 977.8409, ""meas_profile"": ""HP-8"", ""meas_id"": 8, ""hum"": 33.21658, ""gas_res"": 25019.55}, {""temp"": 24.77542, ""step"": 3, ""status"": 1, ""pres"": 977.9811, ""meas_profile"": ""HP-7"", ""meas_id"": 7, ""hum"": 33.10618, ""gas_res"": 32241.81}, {""temp"": 24.86419, ""step"": 3, ""status"": 1, ""pres"": 978.1462, ""meas_profile"": ""HP-6"", ""meas_id"": 6, ""hum"": 32.94465, ""gas_res"": 72541.8}, {""temp"": 24.78314, ""step"": 3, ""status"": 1, ""pres"": 977.8555, ""meas_profile"": ""HP-5"", ""meas_id"": 5, ""hum"": 33.131, ""gas_res"": 141946.2}, {""temp"": 24.54757, ""step"": 3, ""status"": 1, ""pres"": 978.0435, ""meas_profile"": ""HP-4"", ""meas_id"": 4, ""hum"": 32.67122, ""gas_res"": 147338.1}, {""temp"": 24.69186, ""step"": 3, ""status"": 1, ""pres"": 977.661, ""meas_profile"": ""HP-3"", ""meas_id"": 3, ""hum"": 33.10014, ""gas_res"": 83961.95}, {""temp"": 24.61953, ""step"": 3, ""status"": 1, ""pres"": 977.7182, ""meas_profile"": ""HP-2"", ""meas_id"": 2, ""hum"": 33.36996, ""gas_res"": 150190.7}, {""temp"": 24.40017, ""step"": 3, ""status"": 1, ""pres"": 977.9124, ""meas_profile"": ""HP-1"", ""meas_id"": 1, ""hum"": 32.62739, ""gas_res"": 109029.0}]}",NULL,"2025-10-29 13:07:55.417532"
16014,"04a600b9b0b8","2025-10-29 13:06:38","Lj949Vz94CYUFktMQMnW","{""bme688"": [{""temp"": 24.77722, ""step"": 2, ""status"": 1, ""pres"": 977.8403, ""meas_profile"": ""HP-8"", ""meas_id"": 8, ""hum"": 33.22225, ""gas_res"": 41939.71}, {""temp"": 24.77542, ""step"": 2, ""status"": 1, ""pres"": 977.9811, ""meas_profile"": ""HP-7"", ""meas_id"": 7, ""hum"": 33.10618, ""gas_res"": 60591.71}, {""temp"": 24.86419, ""step"": 2, ""status"": 1, ""pres"": 978.1479, ""meas_profile"": ""HP-6"", ""meas_id"": 6, ""hum"": 32.94465, ""gas_res"": 168089.3}, {""temp"": 24.78314, ""step"": 2, ""status"": 1, ""pres"": 977.8555, ""meas_profile"": ""HP-5"", ""meas_id"": 5, ""hum"": 33.15356, ""gas_res"": 377094.5}, {""temp"": 24.54726, ""step"": 2, ""status"": 1, ""pres"": 978.0432, ""meas_profile"": ""HP-4"", ""meas_id"": 4, ""hum"": 32.68832, ""gas_res"": 360309.7}, {""temp"": 24.69155, ""step"": 2, ""status"": 1, ""pres"": 977.6589, ""meas_profile"": ""HP-3"", ""meas_id"": 3, ""hum"": 33.11153, ""gas_res"": 186249.5}, {""temp"": 24.61953, ""step"": 2, ""status"": 1, ""pres"": 977.7182, ""meas_profile"": ""HP-2"", ""meas_id"": 2, ""hum"": 33.39256, ""gas_res"": 352132.1}, {""temp"": 24.40017, ""step"": 2, ""status"": 1, ""pres"": 977.9124, ""meas_profile"": ""HP-1"", ""meas_id"": 1, ""hum"": 32.63322, ""gas_res"": 246035.6}]}",NULL,"2025-10-29 13:07:56.697657"
16015,"04a600b9b0b8","2025-10-29 13:06:38","Lj949Vz94CYUFktMQMnW","{""bme688"": [{""temp"": 24.77722, ""step"": 1, ""status"": 1, ""pres"": 977.8403, ""meas_profile"": ""HP-8"", ""meas_id"": 8, ""hum"": 33.22225, ""gas_res"": 10107.39}, {""temp"": 24.77511, ""step"": 1, ""status"": 1, ""pres"": 977.9807, ""meas_profile"": ""HP-7"", ""meas_id"": 7, ""hum"": 33.12304, ""gas_res"": 15857.28}, {""temp"": 24.86419, ""step"": 1, ""status"": 1, ""pres"": 978.1479, ""meas_profile"": ""HP-6"", ""meas_id"": 6, ""hum"": 32.93895, ""gas_res"": 25000.0}, {""temp"": 24.78314, ""step"": 1, ""status"": 1, ""pres"": 977.8572, ""meas_profile"": ""HP-5"", ""meas_id"": 5, ""hum"": 33.15356, ""gas_res"": 32964.2}, {""temp"": 24.54757, ""step"": 1, ""status"": 1, ""pres"": 978.0435, ""meas_profile"": ""HP-4"", ""meas_id"": 4, ""hum"": 32.68835, ""gas_res"": 25884.73}, {""temp"": 24.69155, ""step"": 1, ""status"": 1, ""pres"": 977.6589, ""meas_profile"": ""HP-3"", ""meas_id"": 3, ""hum"": 33.08868, ""gas_res"": 25000.0}, {""temp"": 24.61953, ""step"": 1, ""status"": 1, ""pres"": 977.7165, ""meas_profile"": ""HP-2"", ""meas_id"": 2, ""hum"": 33.38691, ""gas_res"": 25286.45}, {""temp"": 24.40017, ""step"": 1, ""status"": 1, ""pres"": 977.9124, ""meas_profile"": ""HP-1"", ""meas_id"": 1, ""hum"": 32.62157, ""gas_res"": 25000.0}]}",NULL,"2025-10-29 13:07:58.067658"
16016,"04a600b9b0b8","2025-10-29 13:06:38","Lj949Vz94CYUFktMQMnW","{""bme688"": [{""temp"": 24.77722, ""step"": 0, ""status"": 1, ""pres"": 977.8403, ""meas_profile"": ""HP-8"", ""meas_id"": 8, ""hum"": 33.22225, ""gas_res"": 6258.557}, {""temp"": 24.77511, ""step"": 0, ""status"": 1, ""pres"": 977.9807, ""meas_profile"": ""HP-7"", ""meas_id"": 7, ""hum"": 33.12867, ""gas_res"": 7421.15}, {""temp"": 24.86419, ""step"": 0, ""status"": 1, ""pres"": 978.1479, ""meas_profile"": ""HP-6"", ""meas_id"": 6, ""hum"": 32.92182, ""gas_res"": 8370.39}, {""temp"": 24.78314, ""step"": 0, ""status"": 1, ""pres"": 977.8572, ""meas_profile"": ""HP-5"", ""meas_id"": 5, ""hum"": 33.14792, ""gas_res"": 25000.0}, {""temp"": 24.54757, ""step"": 0, ""status"": 1, ""pres"": 978.0435, ""meas_profile"": ""HP-4"", ""meas_id"": 4, ""hum"": 32.69978, ""gas_res"": 11453.11}, {""temp"": 24.69155, ""step"": 0, ""status"": 1, ""pres"": 977.6589, ""meas_profile"": ""HP-3"", ""meas_id"": 3, ""hum"": 33.10582, ""gas_res"": 7095.344}, {""temp"": 24.61984, ""step"": 0, ""status"": 1, ""pres"": 977.717, ""meas_profile"": ""HP-2"", ""meas_id"": 2, ""hum"": 33.38694, ""gas_res"": 6956.522}, {""temp"": 24.40017, ""step"": 0, ""status"": 1, ""pres"": 977.9143, ""meas_profile"": ""HP-1"", ""meas_id"": 1, ""hum"": 32.64488, ""gas_res"": 7952.286}]}",NULL,"2025-10-29 13:07:59.25751"
16017,"04a600b9b0b8","2025-10-29 13:07:47","Lj949Vz94CYUFktMQMnW","{""zphs01b"": {""voc"": 0, ""temp"": 22.6, ""pm2_5"": 0, ""pm1_0"": 0, ""pm10"": 310, ""o3"": 0.02, ""no2"": 8.73, ""hum"": 0, ""fmhd"": 0, ""co2"": 5000, ""co"": 0.0}, ""smell_b"": {}, ""sfa30"": {""temp"": 24.695, ""hum"": 35.85, ""fmhd"": 1.6}, ""sen5x"": {""voc"": 125.0, ""temp"": 24.895, ""pm4_0"": 4765.0, ""pm2_5"": 4765.0, ""pm1_0"": 4543.7, ""pm10"": 4765.0, ""nox"": 1.0, ""mass_c"": 4709.675, ""hum"": 40.5}, ""scd41"": {""temp"": 24.21492, ""hum"": 42.9221, ""co2"": 696}, ""power_source"": 0, ""mics6814"": {""red_res"": 0, ""no2_res"": 0, ""no2"": 0.17, ""nh3_res"": 0, ""nh3"": 0.73, ""co_res"": 0, ""co"": 44.0}}",NULL,"2025-10-29 13:09:02.577894"
16018,"04a600b9b0b8","2025-10-29 13:07:47","Lj949Vz94CYUFktMQMnW","{""bme688"": [{""temp"": 24.78618, ""step"": 9, ""status"": 1, ""pres"": 977.8439, ""meas_profile"": ""HP-8"", ""meas_id"": 8, ""hum"": 33.16613, ""gas_res"": 5684.846}, {""temp"": 24.78194, ""step"": 9, ""status"": 1, ""pres"": 977.9801, ""meas_profile"": ""HP-7"", ""meas_id"": 7, ""hum"": 33.073, ""gas_res"": 6652.807}, {""temp"": 24.86573, ""step"": 9, ""status"": 1, ""pres"": 978.1348, ""meas_profile"": ""HP-6"", ""meas_id"": 6, ""hum"": 32.89343, ""gas_res"": 8690.929}, {""temp"": 24.78658, ""step"": 9, ""status"": 1, ""pres"": 977.8512, ""meas_profile"": ""HP-5"", ""meas_id"": 5, ""hum"": 33.1031, ""gas_res"": 25000.0}, {""temp"": 24.55006, ""step"": 9, ""status"": 1, ""pres"": 978.0341, ""meas_profile"": ""HP-4"", ""meas_id"": 4, ""hum"": 32.62577, ""gas_res"": 22214.51}, {""temp"": 24.69464, ""step"": 9, ""status"": 1, ""pres"": 977.6638, ""meas_profile"": ""HP-3"", ""meas_id"": 3, ""hum"": 33.03757, ""gas_res"": 7215.333}, {""temp"": 24.62171, ""step"": 9, ""status"": 1, ""pres"": 977.7303, ""meas_profile"": ""HP-2"", ""meas_id"": 2, ""hum"": 33.31368, ""gas_res"": 9546.539}, {""temp"": 24.40235, ""step"": 9, ""status"": 1, ""pres"": 977.8995, ""meas_profile"": ""HP-1"", ""meas_id"": 1, ""hum"": 32.55183, ""gas_res"": 7071.823}]}",NULL,"2025-10-29 13:09:04.08237"
16019,"04a600b9b0b8","2025-10-29 13:07:47","Lj949Vz94CYUFktMQMnW","{""bme688"": [{""temp"": 24.78556, ""step"": 8, ""status"": 1, ""pres"": 977.8429, ""meas_profile"": ""HP-8"", ""meas_id"": 8, ""hum"": 33.16607, ""gas_res"": 5684.846}, {""temp"": 24.78163, ""step"": 8, ""status"": 1, ""pres"": 977.9797, ""meas_profile"": ""HP-7"", ""meas_id"": 7, ""hum"": 33.07298, ""gas_res"": 6648.66}, {""temp"": 24.86573, ""step"": 8, ""status"": 1, ""pres"": 978.1348, ""meas_profile"": ""HP-6"", ""meas_id"": 6, ""hum"": 32.89914, ""gas_res"": 9021.708}, {""temp"": 24.78627, ""step"": 8, ""status"": 1, ""pres"": 977.8506, ""meas_profile"": ""HP-5"", ""meas_id"": 5, ""hum"": 33.10871, ""gas_res"": 25000.0}, {""temp"": 24.55006, ""step"": 8, ""status"": 1, ""pres"": 978.0341, ""meas_profile"": ""HP-4"", ""meas_id"": 4, ""hum"": 32.64289, ""gas_res"": 22980.25}, {""temp"": 24.69464, ""step"": 8, ""status"": 1, ""pres"": 977.6638, ""meas_profile"": ""HP-3"", ""meas_id"": 3, ""hum"": 33.04899, ""gas_res"": 6961.062}, {""temp"": 24.62171, ""step"": 8, ""status"": 1, ""pres"": 977.7303, ""meas_profile"": ""HP-2"", ""meas_id"": 2, ""hum"": 33.31368, ""gas_res"": 9975.063}, {""temp"": 24.40204, ""step"": 8, ""status"": 1, ""pres"": 977.899, ""meas_profile"": ""HP-1"", ""meas_id"": 1, ""hum"": 32.55763, ""gas_res"": 7628.129}]}",NULL,"2025-10-29 13:09:05.177658"
16020,"04a600b9b0b8","2025-10-29 13:07:47","Lj949Vz94CYUFktMQMnW","{""bme688"": [{""temp"": 24.78525, ""step"": 7, ""status"": 1, ""pres"": 977.8443, ""meas_profile"": ""HP-8"", ""meas_id"": 8, ""hum"": 33.16034, ""gas_res"": 5684.846}, {""temp"": 24.78132, ""step"": 7, ""status"": 1, ""pres"": 977.9791, ""meas_profile"": ""HP-7"", ""meas_id"": 7, ""hum"": 33.06169, ""gas_res"": 6640.382}, {""temp"": 24.86573, ""step"": 7, ""status"": 1, ""pres"": 978.1348, ""meas_profile"": ""HP-6"", ""meas_id"": 6, ""hum"": 32.89343, ""gas_res"": 9256.581}, {""temp"": 24.78627, ""step"": 7, ""status"": 1, ""pres"": 977.8523, ""meas_profile"": ""HP-5"", ""meas_id"": 5, ""hum"": 33.09743, ""gas_res"": 25000.0}, {""temp"": 24.55006, ""step"": 7, ""status"": 1, ""pres"": 978.0341, ""meas_profile"": ""HP-4"", ""meas_id"": 4, ""hum"": 32.63148, ""gas_res"": 22614.84}, {""temp"": 24.69433, ""step"": 7, ""status"": 1, ""pres"": 977.6635, ""meas_profile"": ""HP-3"", ""meas_id"": 3, ""hum"": 33.03754, ""gas_res"": 6920.415}, {""temp"": 24.62171, ""step"": 7, ""status"": 1, ""pres"": 977.7287, ""meas_profile"": ""HP-2"", ""meas_id"": 2, ""hum"": 33.33063, ""gas_res"": 10021.92}, {""temp"": 24.40204, ""step"": 7, ""status"": 1, ""pres"": 977.9009, ""meas_profile"": ""HP-1"", ""meas_id"": 1, ""hum"": 32.55763, ""gas_res"": 7738.815}]}",NULL,"2025-10-29 13:09:06.470688"
16021,"04a600b9b0b8","2025-10-29 13:07:47","Lj949Vz94CYUFktMQMnW","{""bme688"": [{""temp"": 24.78494, ""step"": 6, ""status"": 1, ""pres"": 977.8437, ""meas_profile"": ""HP-8"", ""meas_id"": 8, ""hum"": 33.17171, ""gas_res"": 16806.72}, {""temp"": 24.78101, ""step"": 6, ""status"": 1, ""pres"": 977.9785, ""meas_profile"": ""HP-7"", ""meas_id"": 7, ""hum"": 33.06166, ""gas_res"": 22711.14}, {""temp"": 24.86573, ""step"": 6, ""status"": 1, ""pres"": 978.1365, ""meas_profile"": ""HP-6"", ""meas_id"": 6, ""hum"": 32.89914, ""gas_res"": 45181.79}, {""temp"": 24.78627, ""step"": 6, ""status"": 1, ""pres"": 977.8523, ""meas_profile"": ""HP-5"", ""meas_id"": 5, ""hum"": 33.10307, ""gas_res"": 149795.2}, {""temp"": 24.54975, ""step"": 6, ""status"": 1, ""pres"": 978.0354, ""meas_profile"": ""HP-4"", ""meas_id"": 4, ""hum"": 32.63145, ""gas_res"": 134031.4}, {""temp"": 24.69433, ""step"": 6, ""status"": 1, ""pres"": 977.6635, ""meas_profile"": ""HP-3"", ""meas_id"": 3, ""hum"": 33.03754, ""gas_res"": 91526.63}, {""temp"": 24.6214, ""step"": 6, ""status"": 1, ""pres"": 977.7299, ""meas_profile"": ""HP-2"", ""meas_id"": 2, ""hum"": 33.32495, ""gas_res"": 125829.4}, {""temp"": 24.40173, ""step"": 6, ""status"": 1, ""pres"": 977.9004, ""meas_profile"": ""HP-1"", ""meas_id"": 1, ""hum"": 32.55177, ""gas_res"": 95754.63}]}",NULL,"2025-10-29 13:09:07.73859"
16022,"04a600b9b0b8","2025-10-29 13:07:47","Lj949Vz94CYUFktMQMnW","{""bme688"": [{""temp"": 24.78463, ""step"": 5, ""status"": 1, ""pres"": 977.8432, ""meas_profile"": ""HP-8"", ""meas_id"": 8, ""hum"": 33.16598, ""gas_res"": 16740.78}, {""temp"": 24.7807, ""step"": 5, ""status"": 1, ""pres"": 977.9796, ""meas_profile"": ""HP-7"", ""meas_id"": 7, ""hum"": 33.06726, ""gas_res"": 22519.35}, {""temp"": 24.86573, ""step"": 5, ""status"": 1, ""pres"": 978.1365, ""meas_profile"": ""HP-6"", ""meas_id"": 6, ""hum"": 32.90484, ""gas_res"": 45567.82}, {""temp"": 24.78627, ""step"": 5, ""status"": 1, ""pres"": 977.8523, ""meas_profile"": ""HP-5"", ""meas_id"": 5, ""hum"": 33.09179, ""gas_res"": 149271.1}, {""temp"": 24.54944, ""step"": 5, ""status"": 1, ""pres"": 978.0349, ""meas_profile"": ""HP-4"", ""meas_id"": 4, ""hum"": 32.62571, ""gas_res"": 133507.2}, {""temp"": 24.69433, ""step"": 5, ""status"": 1, ""pres"": 977.6635, ""meas_profile"": ""HP-3"", ""meas_id"": 3, ""hum"": 33.02612, ""gas_res"": 89604.48}, {""temp"": 24.62109, ""step"": 5, ""status"": 1, ""pres"": 977.7293, ""meas_profile"": ""HP-2"", ""meas_id"": 2, ""hum"": 33.32492, ""gas_res"": 123373.5}, {""temp"": 24.40173, ""step"": 5, ""status"": 1, ""pres"": 977.9022, ""meas_profile"": ""HP-1"", ""meas_id"": 1, ""hum"": 32.54012, ""gas_res"": 100000.0}]}",NULL,"2025-10-29 13:09:09.204906"
16023,"04a600b9b0b8","2025-10-29 13:07:47","Lj949Vz94CYUFktMQMnW","{""bme688"": [{""temp"": 24.78432, ""step"": 4, ""status"": 1, ""pres"": 977.8445, ""meas_profile"": ""HP-8"", ""meas_id"": 8, ""hum"": 33.16595, ""gas_res"": 16546.02}, {""temp"": 24.7807, ""step"": 4, ""status"": 1, ""pres"": 977.9796, ""meas_profile"": ""HP-7"", ""meas_id"": 7, ""hum"": 33.06726, ""gas_res"": 22614.84}, {""temp"": 24.86573, ""step"": 4, ""status"": 1, ""pres"": 978.1365, ""meas_profile"": ""HP-6"", ""meas_id"": 6, ""hum"": 32.88773, ""gas_res"": 46259.49}, {""temp"": 24.78627, ""step"": 4, ""status"": 1, ""pres"": 977.854, ""meas_profile"": ""HP-5"", ""meas_id"": 5, ""hum"": 33.10307, ""gas_res"": 152199.8}, {""temp"": 24.54944, ""step"": 4, ""status"": 1, ""pres"": 978.0349, ""meas_profile"": ""HP-4"", ""meas_id"": 4, ""hum"": 32.63142, ""gas_res"": 135953.3}, {""temp"": 24.69433, ""step"": 4, ""status"": 1, ""pres"": 977.6652, ""meas_profile"": ""HP-3"", ""meas_id"": 3, ""hum"": 33.0718, ""gas_res"": 88215.02}, {""temp"": 24.62046, ""step"": 4, ""status"": 1, ""pres"": 977.7283, ""meas_profile"": ""HP-2"", ""meas_id"": 2, ""hum"": 33.32486, ""gas_res"": 123373.5}, {""temp"": 24.40173, ""step"": 4, ""status"": 1, ""pres"": 977.9022, ""meas_profile"": ""HP-1"", ""meas_id"": 1, ""hum"": 32.55177, ""gas_res"": 100000.0}]}",NULL,"2025-10-29 13:09:10.295539"
16024,"04a600b9b0b8","2025-10-29 13:07:47","Lj949Vz94CYUFktMQMnW","{""bme688"": [{""temp"": 24.78402, ""step"": 3, ""status"": 1, ""pres"": 977.8441, ""meas_profile"": ""HP-8"", ""meas_id"": 8, ""hum"": 33.18301, ""gas_res"": 9329.446}, {""temp"": 24.78039, ""step"": 3, ""status"": 1, ""pres"": 977.9792, ""meas_profile"": ""HP-7"", ""meas_id"": 7, ""hum"": 33.08411, ""gas_res"": 12084.59}, {""temp"": 24.86543, ""step"": 3, ""status"": 1, ""pres"": 978.1378, ""meas_profile"": ""HP-6"", ""meas_id"": 6, ""hum"": 32.8991, ""gas_res"": 27990.38}, {""temp"": 24.78595, ""step"": 3, ""status"": 0, ""pres"": 977.8535, ""meas_profile"": ""HP-5"", ""meas_id"": 5, ""hum"": 33.11996, ""gas_res"": 53691.27}, {""temp"": 24.54882, ""step"": 3, ""status"": 0, ""pres"": 978.0355, ""meas_profile"": ""HP-4"", ""meas_id"": 4, ""hum"": 32.66563, ""gas_res"": 47557.13}, {""temp"": 24.69403, ""step"": 3, ""status"": 1, ""pres"": 977.6646, ""meas_profile"": ""HP-3"", ""meas_id"": 3, ""hum"": 33.06606, ""gas_res"": 34934.5}, {""temp"": 24.62016, ""step"": 3, ""status"": 1, ""pres"": 977.7277, ""meas_profile"": ""HP-2"", ""meas_id"": 2, ""hum"": 33.33613, ""gas_res"": 57104.62}, {""temp"": 24.4011, ""step"": 3, ""status"": 1, ""pres"": 977.9031, ""meas_profile"": ""HP-1"", ""meas_id"": 1, ""hum"": 32.58085, ""gas_res"": 36394.66}]}",NULL,"2025-10-29 13:09:11.577726"
16025,"04a600b9b0b8","2025-10-29 13:07:47","Lj949Vz94CYUFktMQMnW","{""bme688"": [{""temp"": 24.78371, ""step"": 2, ""status"": 1, ""pres"": 977.8435, ""meas_profile"": ""HP-8"", ""meas_id"": 8, ""hum"": 33.17728, ""gas_res"": 34482.76}, {""temp"": 24.78008, ""step"": 2, ""status"": 1, ""pres"": 977.9786, ""meas_profile"": ""HP-7"", ""meas_id"": 7, ""hum"": 33.08972, ""gas_res"": 53255.67}, {""temp"": 24.86512, ""step"": 2, ""status"": 1, ""pres"": 978.1375, ""meas_profile"": ""HP-6"", ""meas_id"": 6, ""hum"": 32.91049, ""gas_res"": 194012.9}, {""temp"": 24.78564, ""step"": 2, ""status"": 1, ""pres"": 977.8529, ""meas_profile"": ""HP-5"", ""meas_id"": 5, ""hum"": 33.13122, ""gas_res"": 462093.9}, {""temp"": 24.54882, ""step"": 2, ""status"": 1, ""pres"": 978.0355, ""meas_profile"": ""HP-4"", ""meas_id"": 4, ""hum"": 32.65992, ""gas_res"": 450803.4}, {""temp"": 24.69372, ""step"": 2, ""status"": 1, ""pres"": 977.6642, ""meas_profile"": ""HP-3"", ""meas_id"": 3, ""hum"": 33.07175, ""gas_res"": 252964.4}, {""temp"": 24.61984, ""step"": 2, ""status"": 1, ""pres"": 977.7271, ""meas_profile"": ""HP-2"", ""meas_id"": 2, ""hum"": 33.3474, ""gas_res"": 475947.0}, {""temp"": 24.40079, ""step"": 2, ""status"": 1, ""pres"": 977.9026, ""meas_profile"": ""HP-1"", ""meas_id"": 1, ""hum"": 32.575, ""gas_res"": 341903.2}]}",NULL,"2025-10-29 13:09:12.854599"
16026,"04a600b9b0b8","2025-10-29 13:07:47","Lj949Vz94CYUFktMQMnW","{""bme688"": [{""temp"": 24.78371, ""step"": 1, ""status"": 1, ""pres"": 977.8435, ""meas_profile"": ""HP-8"", ""meas_id"": 8, ""hum"": 33.18867, ""gas_res"": 9329.446}, {""temp"": 24.77977, ""step"": 1, ""status"": 1, ""pres"": 977.9782, ""meas_profile"": ""HP-7"", ""meas_id"": 7, ""hum"": 33.09532, ""gas_res"": 15602.15}, {""temp"": 24.86512, ""step"": 1, ""status"": 1, ""pres"": 978.1375, ""meas_profile"": ""HP-6"", ""meas_id"": 6, ""hum"": 32.91619, ""gas_res"": 25000.0}, {""temp"": 24.78564, ""step"": 1, ""status"": 1, ""pres"": 977.8529, ""meas_profile"": ""HP-5"", ""meas_id"": 5, ""hum"": 33.11429, ""gas_res"": 43345.75}, {""temp"": 24.54882, ""step"": 1, ""status"": 1, ""pres"": 978.0373, ""meas_profile"": ""HP-4"", ""meas_id"": 4, ""hum"": 32.65421, ""gas_res"": 34735.41}, {""temp"": 24.69372, ""step"": 1, ""status"": 1, ""pres"": 977.6642, ""meas_profile"": ""HP-3"", ""meas_id"": 3, ""hum"": 33.0489, ""gas_res"": 25000.0}, {""temp"": 24.61984, ""step"": 1, ""status"": 1, ""pres"": 977.7271, ""meas_profile"": ""HP-2"", ""meas_id"": 2, ""hum"": 33.3474, ""gas_res"": 36550.54}, {""temp"": 24.40079, ""step"": 1, ""status"": 1, ""pres"": 977.9026, ""meas_profile"": ""HP-1"", ""meas_id"": 1, ""hum"": 32.58665, ""gas_res"": 25513.26}]}",NULL,"2025-10-29 13:09:14.324096"
16027,"04a600b9b0b8","2025-10-29 13:07:47","Lj949Vz94CYUFktMQMnW","{""bme688"": [{""temp"": 24.7834, ""step"": 0, ""status"": 1, ""pres"": 977.8448, ""meas_profile"": ""HP-8"", ""meas_id"": 8, ""hum"": 33.20004, ""gas_res"": 5739.91}, {""temp"": 24.77946, ""step"": 0, ""status"": 1, ""pres"": 977.9792, ""meas_profile"": ""HP-7"", ""meas_id"": 7, ""hum"": 33.08966, ""gas_res"": 7067.138}, {""temp"": 24.86512, ""step"": 0, ""status"": 1, ""pres"": 978.1392, ""meas_profile"": ""HP-6"", ""meas_id"": 6, ""hum"": 32.90479, ""gas_res"": 9478.673}, {""temp"": 24.78564, ""step"": 0, ""status"": 1, ""pres"": 977.8529, ""meas_profile"": ""HP-5"", ""meas_id"": 5, ""hum"": 33.12558, ""gas_res"": 25000.0}, {""temp"": 24.54882, ""step"": 0, ""status"": 1, ""pres"": 978.0373, ""meas_profile"": ""HP-4"", ""meas_id"": 4, ""hum"": 32.65992, ""gas_res"": 22980.25}, {""temp"": 24.69372, ""step"": 0, ""status"": 1, ""pres"": 977.6642, ""meas_profile"": ""HP-3"", ""meas_id"": 3, ""hum"": 33.06033, ""gas_res"": 6938.421}, {""temp"": 24.62016, ""step"": 0, ""status"": 1, ""pres"": 977.726, ""meas_profile"": ""HP-2"", ""meas_id"": 2, ""hum"": 33.34742, ""gas_res"": 9765.029}, {""temp"": 24.40079, ""step"": 0, ""status"": 1, ""pres"": 977.9044, ""meas_profile"": ""HP-1"", ""meas_id"": 1, ""hum"": 32.58665, ""gas_res"": 7483.629}]}",NULL,"2025-10-29 13:09:15.454851"
16028,"04a600b9b0b8","2025-10-29 13:07:20","Lj949Vz94CYUFktMQMnW","{""zphs01b"": {""voc"": 0, ""temp"": 22.6, ""pm2_5"": 0, ""pm1_0"": 0, ""pm10"": 312, ""o3"": 0.02, ""no2"": 10.0, ""hum"": 0, ""fmhd"": 0, ""co2"": 5000, ""co"": 0.0}, ""smell_b"": {}, ""sfa30"": {""temp"": 24.68, ""hum"": 35.86, ""fmhd"": 1.4}, ""sen5x"": {""voc"": 133.0, ""temp"": 24.95, ""pm4_0"": 4883.1, ""pm2_5"": 4883.1, ""pm1_0"": 4656.3, ""pm10"": 4883.1, ""nox"": 1.0, ""mass_c"": 4826.4, ""hum"": 40.3}, ""scd41"": {""temp"": 24.17487, ""hum"": 42.92363, ""co2"": 693}, ""power_source"": 0, ""mics6814"": {""red_res"": 0, ""no2_res"": 0, ""no2"": 0.17, ""nh3_res"": 0, ""nh3"": 0.73, ""co_res"": 0, ""co"": 44.0}}",NULL,"2025-10-29 13:09:16.590086"
16029,"04a600b9b0b8","2025-10-29 13:07:20","Lj949Vz94CYUFktMQMnW","{""bme688"": [{""temp"": 24.78309, ""step"": 9, ""status"": 1, ""pres"": 977.8443, ""meas_profile"": ""HP-8"", ""meas_id"": 8, ""hum"": 33.17153, ""gas_res"": 5684.846}, {""temp"": 24.77915, ""step"": 9, ""status"": 1, ""pres"": 977.9788, ""meas_profile"": ""HP-7"", ""meas_id"": 7, ""hum"": 33.08401, ""gas_res"": 6340.4}, {""temp"": 24.86512, ""step"": 9, ""status"": 1, ""pres"": 978.1392, ""meas_profile"": ""HP-6"", ""meas_id"": 6, ""hum"": 32.91049, ""gas_res"": 7958.219}, {""temp"": 24.78564, ""step"": 9, ""status"": 1, ""pres"": 977.8529, ""meas_profile"": ""HP-5"", ""meas_id"": 5, ""hum"": 33.11429, ""gas_res"": 25000.0}, {""temp"": 24.54851, ""step"": 9, ""status"": 1, ""pres"": 978.0383, ""meas_profile"": ""HP-4"", ""meas_id"": 4, ""hum"": 32.6656, ""gas_res"": 20990.49}, {""temp"": 24.69341, ""step"": 9, ""status"": 1, ""pres"": 977.6636, ""meas_profile"": ""HP-3"", ""meas_id"": 3, ""hum"": 33.05458, ""gas_res"": 6619.776}, {""temp"": 24.61984, ""step"": 9, ""status"": 1, ""pres"": 977.7255, ""meas_profile"": ""HP-2"", ""meas_id"": 2, ""hum"": 33.3474, ""gas_res"": 8634.646}, {""temp"": 24.40079, ""step"": 9, ""status"": 1, ""pres"": 977.9044, ""meas_profile"": ""HP-1"", ""meas_id"": 1, ""hum"": 32.59831, ""gas_res"": 6661.116}]}",NULL,"2025-10-29 13:09:17.97644"
16030,"04a600b9b0b8","2025-10-29 13:07:20","Lj949Vz94CYUFktMQMnW","{""bme688"": [{""temp"": 24.78247, ""step"": 8, ""status"": 1, ""pres"": 977.8434, ""meas_profile"": ""HP-8"", ""meas_id"": 8, ""hum"": 33.17148, ""gas_res"": 5684.846}, {""temp"": 24.77884, ""step"": 8, ""status"": 1, ""pres"": 977.9782, ""meas_profile"": ""HP-7"", ""meas_id"": 7, ""hum"": 33.07272, ""gas_res"": 6479.044}, {""temp"": 24.86481, ""step"": 8, ""status"": 1, ""pres"": 978.1386, ""meas_profile"": ""HP-6"", ""meas_id"": 6, ""hum"": 32.89905, ""gas_res"": 8357.273}, {""temp"": 24.78595, ""step"": 8, ""status"": 1, ""pres"": 977.8552, ""meas_profile"": ""HP-5"", ""meas_id"": 5, ""hum"": 33.11996, ""gas_res"": 25000.0}, {""temp"": 24.54882, ""step"": 8, ""status"": 1, ""pres"": 978.0389, ""meas_profile"": ""HP-4"", ""meas_id"": 4, ""hum"": 32.63137, ""gas_res"": 21011.16}, {""temp"": 24.69341, ""step"": 8, ""status"": 1, ""pres"": 977.6636, ""meas_profile"": ""HP-3"", ""meas_id"": 3, ""hum"": 33.0603, ""gas_res"": 6382.13}, {""temp"": 24.61984, ""step"": 8, ""status"": 1, ""pres"": 977.7255, ""meas_profile"": ""HP-2"", ""meas_id"": 2, ""hum"": 33.36435, ""gas_res"": 8968.61}, {""temp"": 24.40079, ""step"": 8, ""status"": 1, ""pres"": 977.9044, ""meas_profile"": ""HP-1"", ""meas_id"": 1, ""hum"": 32.58083, ""gas_res"": 6947.46}]}",NULL,"2025-10-29 13:09:19.443934"
16031,"04a600b9b0b8","2025-10-29 13:07:20","Lj949Vz94CYUFktMQMnW","{""bme688"": [{""temp"": 24.78185, ""step"": 7, ""status"": 1, ""pres"": 977.8424, ""meas_profile"": ""HP-8"", ""meas_id"": 8, ""hum"": 33.18281, ""gas_res"": 5684.846}, {""temp"": 24.77853, ""step"": 7, ""status"": 1, ""pres"": 977.9796, ""meas_profile"": ""HP-7"", ""meas_id"": 7, ""hum"": 33.06706, ""gas_res"": 6370.695}, {""temp"": 24.86481, ""step"": 7, ""status"": 1, ""pres"": 978.1386, ""meas_profile"": ""HP-6"", ""meas_id"": 6, ""hum"": 32.90475, ""gas_res"": 8383.547}, {""temp"": 24.78595, ""step"": 7, ""status"": 1, ""pres"": 977.8552, ""meas_profile"": ""HP-5"", ""meas_id"": 5, ""hum"": 33.11432, ""gas_res"": 25000.0}, {""temp"": 24.54882, ""step"": 7, ""status"": 1, ""pres"": 978.0389, ""meas_profile"": ""HP-4"", ""meas_id"": 4, ""hum"": 32.66563, ""gas_res"": 19765.29}, {""temp"": 24.6931, ""step"": 7, ""status"": 1, ""pres"": 977.663, ""meas_profile"": ""HP-3"", ""meas_id"": 3, ""hum"": 33.05456, ""gas_res"": 6189.555}, {""temp"": 24.62016, ""step"": 7, ""status"": 1, ""pres"": 977.726, ""meas_profile"": ""HP-2"", ""meas_id"": 2, ""hum"": 33.34742, ""gas_res"": 8579.089}, {""temp"": 24.4011, ""step"": 7, ""status"": 1, ""pres"": 977.9067, ""meas_profile"": ""HP-1"", ""meas_id"": 1, ""hum"": 32.58668, ""gas_res"": 6942.938}]}",NULL,"2025-10-29 13:09:20.539359"
16032,"04a600b9b0b8","2025-10-29 13:07:20","Lj949Vz94CYUFktMQMnW","{""bme688"": [{""temp"": 24.78154, ""step"": 6, ""status"": 1, ""pres"": 977.842, ""meas_profile"": ""HP-8"", ""meas_id"": 8, ""hum"": 33.17709, ""gas_res"": 16368.29}, {""temp"": 24.77822, ""step"": 6, ""status"": 1, ""pres"": 977.9791, ""meas_profile"": ""HP-7"", ""meas_id"": 7, ""hum"": 33.09518, ""gas_res"": 21178.03}, {""temp"": 24.86512, ""step"": 6, ""status"": 1, ""pres"": 978.1409, ""meas_profile"": ""HP-6"", ""meas_id"": 6, ""hum"": 32.89908, ""gas_res"": 39095.91}, {""temp"": 24.78564, ""step"": 6, ""status"": 1, ""pres"": 977.8546, ""meas_profile"": ""HP-5"", ""meas_id"": 5, ""hum"": 33.10865, ""gas_res"": 123195.4}, {""temp"": 24.54851, ""step"": 6, ""status"": 1, ""pres"": 978.0402, ""meas_profile"": ""HP-4"", ""meas_id"": 4, ""hum"": 32.65418, ""gas_res"": 110083.9}, {""temp"": 24.6931, ""step"": 6, ""status"": 1, ""pres"": 977.663, ""meas_profile"": ""HP-3"", ""meas_id"": 3, ""hum"": 33.06598, ""gas_res"": 46109.51}, {""temp"": 24.61984, ""step"": 6, ""status"": 1, ""pres"": 977.7238, ""meas_profile"": ""HP-2"", ""meas_id"": 2, ""hum"": 33.3474, ""gas_res"": 99669.07}, {""temp"": 24.4011, ""step"": 6, ""status"": 1, ""pres"": 977.9067, ""meas_profile"": ""HP-1"", ""meas_id"": 1, ""hum"": 32.57502, ""gas_res"": 100000.0}]}",NULL,"2025-10-29 13:09:21.815802"
16033,"04a600b9b0b8","2025-10-29 13:07:20","Lj949Vz94CYUFktMQMnW","{""bme688"": [{""temp"": 24.78124, ""step"": 5, ""status"": 1, ""pres"": 977.8432, ""meas_profile"": ""HP-8"", ""meas_id"": 8, ""hum"": 33.17137, ""gas_res"": 16318.21}, {""temp"": 24.7779, ""step"": 5, ""status"": 1, ""pres"": 977.9802, ""meas_profile"": ""HP-7"", ""meas_id"": 7, ""hum"": 33.08389, ""gas_res"": 21115.14}, {""temp"": 24.86512, ""step"": 5, ""status"": 1, ""pres"": 978.1409, ""meas_profile"": ""HP-6"", ""meas_id"": 6, ""hum"": 32.9219, ""gas_res"": 39131.77}, {""temp"": 24.78533, ""step"": 5, ""status"": 1, ""pres"": 977.8558, ""meas_profile"": ""HP-5"", ""meas_id"": 5, ""hum"": 33.12555, ""gas_res"": 122664.1}, {""temp"": 24.54819, ""step"": 5, ""status"": 1, ""pres"": 978.0396, ""meas_profile"": ""HP-4"", ""meas_id"": 4, ""hum"": 32.66557, ""gas_res"": 110012.9}, {""temp"": 24.6931, ""step"": 5, ""status"": 1, ""pres"": 977.663, ""meas_profile"": ""HP-3"", ""meas_id"": 3, ""hum"": 33.07169, ""gas_res"": 44896.53}, {""temp"": 24.61953, ""step"": 5, ""status"": 1, ""pres"": 977.7233, ""meas_profile"": ""HP-2"", ""meas_id"": 2, ""hum"": 33.34737, ""gas_res"": 96676.73}, {""temp"": 24.4011, ""step"": 5, ""status"": 1, ""pres"": 977.9067, ""meas_profile"": ""HP-1"", ""meas_id"": 1, ""hum"": 32.5925, ""gas_res"": 92219.02}]}",NULL,"2025-10-29 13:09:23.097166"
16034,"04a600b9b0b8","2025-10-29 13:07:20","Lj949Vz94CYUFktMQMnW","{""bme688"": [{""temp"": 24.78093, ""step"": 4, ""status"": 1, ""pres"": 977.8427, ""meas_profile"": ""HP-8"", ""meas_id"": 8, ""hum"": 33.19411, ""gas_res"": 16305.73}, {""temp"": 24.77759, ""step"": 4, ""status"": 1, ""pres"": 977.9796, ""meas_profile"": ""HP-7"", ""meas_id"": 7, ""hum"": 33.07823, ""gas_res"": 21241.29}, {""temp"": 24.86512, ""step"": 4, ""status"": 1, ""pres"": 978.1426, ""meas_profile"": ""HP-6"", ""meas_id"": 6, ""hum"": 32.90479, ""gas_res"": 39457.46}, {""temp"": 24.78502, ""step"": 4, ""status"": 1, ""pres"": 977.8552, ""meas_profile"": ""HP-5"", ""meas_id"": 5, ""hum"": 33.13116, ""gas_res"": 124091.1}, {""temp"": 24.54789, ""step"": 4, ""status"": 1, ""pres"": 978.0408, ""meas_profile"": ""HP-4"", ""meas_id"": 4, ""hum"": 32.67696, ""gas_res"": 109518.7}, {""temp"": 24.6931, ""step"": 4, ""status"": 1, ""pres"": 977.663, ""meas_profile"": ""HP-3"", ""meas_id"": 3, ""hum"": 33.06027, ""gas_res"": 43257.86}, {""temp"": 24.61953, ""step"": 4, ""status"": 1, ""pres"": 977.7233, ""meas_profile"": ""HP-2"", ""meas_id"": 2, ""hum"": 33.37561, ""gas_res"": 100000.0}, {""temp"": 24.4011, ""step"": 4, ""status"": 1, ""pres"": 977.9085, ""meas_profile"": ""HP-1"", ""meas_id"": 1, ""hum"": 32.60416, ""gas_res"": 88033.02}]}",NULL,"2025-10-29 13:09:24.562533"
16035,"04a600b9b0b8","2025-10-29 13:07:20","Lj949Vz94CYUFktMQMnW","{""bme688"": [{""temp"": 24.78062, ""step"": 3, ""status"": 1, ""pres"": 977.8422, ""meas_profile"": ""HP-8"", ""meas_id"": 8, ""hum"": 33.19408, ""gas_res"": 13338.89}, {""temp"": 24.77728, ""step"": 3, ""status"": 1, ""pres"": 977.9808, ""meas_profile"": ""HP-7"", ""meas_id"": 7, ""hum"": 33.08383, ""gas_res"": 16456.67}, {""temp"": 24.86481, ""step"": 3, ""status"": 1, ""pres"": 978.142, ""meas_profile"": ""HP-6"", ""meas_id"": 6, ""hum"": 32.92188, ""gas_res"": 35252.0}, {""temp"": 24.7847, ""step"": 3, ""status"": 1, ""pres"": 977.8549, ""meas_profile"": ""HP-5"", ""meas_id"": 5, ""hum"": 33.1255, ""gas_res"": 60981.42}, {""temp"": 24.54757, ""step"": 3, ""status"": 1, ""pres"": 978.0402, ""meas_profile"": ""HP-4"", ""meas_id"": 4, ""hum"": 32.66551, ""gas_res"": 69983.59}, {""temp"": 24.69279, ""step"": 3, ""status"": 1, ""pres"": 977.6625, ""meas_profile"": ""HP-3"", ""meas_id"": 3, ""hum"": 33.08879, ""gas_res"": 42398.14}, {""temp"": 24.61922, ""step"": 3, ""status"": 1, ""pres"": 977.7227, ""meas_profile"": ""HP-2"", ""meas_id"": 2, ""hum"": 33.37559, ""gas_res"": 70156.21}, {""temp"": 24.40079, ""step"": 3, ""status"": 1, ""pres"": 977.908, ""meas_profile"": ""HP-1"", ""meas_id"": 1, ""hum"": 32.60414, ""gas_res"": 52631.58}]}",NULL,"2025-10-29 13:09:25.656301"
16036,"04a600b9b0b8","2025-10-29 13:07:20","Lj949Vz94CYUFktMQMnW","{""bme688"": [{""temp"": 24.78031, ""step"": 2, ""status"": 1, ""pres"": 977.8435, ""meas_profile"": ""HP-8"", ""meas_id"": 8, ""hum"": 33.19405, ""gas_res"": 36676.22}, {""temp"": 24.77728, ""step"": 2, ""status"": 1, ""pres"": 977.9808, ""meas_profile"": ""HP-7"", ""meas_id"": 7, ""hum"": 33.10072, ""gas_res"": 53894.74}, {""temp"": 24.8645, ""step"": 2, ""status"": 1, ""pres"": 978.1432, ""meas_profile"": ""HP-6"", ""meas_id"": 6, ""hum"": 32.92185, ""gas_res"": 169256.2}, {""temp"": 24.78439, ""step"": 2, ""status"": 1, ""pres"": 977.8558, ""meas_profile"": ""HP-5"", ""meas_id"": 5, ""hum"": 33.13675, ""gas_res"": 398909.2}, {""temp"": 24.54757, ""step"": 2, ""status"": 1, ""pres"": 978.0402, ""meas_profile"": ""HP-4"", ""meas_id"": 4, ""hum"": 32.68835, ""gas_res"": 382589.2}, {""temp"": 24.69248, ""step"": 2, ""status"": 1, ""pres"": 977.662, ""meas_profile"": ""HP-3"", ""meas_id"": 3, ""hum"": 33.08306, ""gas_res"": 211832.8}, {""temp"": 24.61891, ""step"": 2, ""status"": 1, ""pres"": 977.7224, ""meas_profile"": ""HP-2"", ""meas_id"": 2, ""hum"": 33.36427, ""gas_res"": 375435.4}, {""temp"": 24.40079, ""step"": 2, ""status"": 1, ""pres"": 977.908, ""meas_profile"": ""HP-1"", ""meas_id"": 1, ""hum"": 32.60414, ""gas_res"": 275194.8}]}",NULL,"2025-10-29 13:09:26.937059"
16037,"04a600b9b0b8","2025-10-29 13:07:20","Lj949Vz94CYUFktMQMnW","{""bme688"": [{""temp"": 24.78031, ""step"": 1, ""status"": 1, ""pres"": 977.8435, ""meas_profile"": ""HP-8"", ""meas_id"": 8, ""hum"": 33.20544, ""gas_res"": 9461.856}, {""temp"": 24.77728, ""step"": 1, ""status"": 1, ""pres"": 977.9808, ""meas_profile"": ""HP-7"", ""meas_id"": 7, ""hum"": 33.11198, ""gas_res"": 11428.57}, {""temp"": 24.8645, ""step"": 1, ""status"": 1, ""pres"": 978.1432, ""meas_profile"": ""HP-6"", ""meas_id"": 6, ""hum"": 32.93326, ""gas_res"": 25000.0}, {""temp"": 24.78439, ""step"": 1, ""status"": 1, ""pres"": 977.8558, ""meas_profile"": ""HP-5"", ""meas_id"": 5, ""hum"": 33.13675, ""gas_res"": 36209.34}, {""temp"": 24.54757, ""step"": 1, ""status"": 1, ""pres"": 978.0418, ""meas_profile"": ""HP-4"", ""meas_id"": 4, ""hum"": 32.6598, ""gas_res"": 28978.95}, {""temp"": 24.69248, ""step"": 1, ""status"": 1, ""pres"": 977.662, ""meas_profile"": ""HP-3"", ""meas_id"": 3, ""hum"": 33.08877, ""gas_res"": 25000.0}, {""temp"": 24.61922, ""step"": 1, ""status"": 1, ""pres"": 977.7211, ""meas_profile"": ""HP-2"", ""meas_id"": 2, ""hum"": 33.38124, ""gas_res"": 28939.63}, {""temp"": 24.40079, ""step"": 1, ""status"": 1, ""pres"": 977.9099, ""meas_profile"": ""HP-1"", ""meas_id"": 1, ""hum"": 32.60996, ""gas_res"": 25000.0}]}",NULL,"2025-10-29 13:09:28.21959"
16038,"04a600b9b0b8","2025-10-29 13:07:20","Lj949Vz94CYUFktMQMnW","{""bme688"": [{""temp"": 24.78, ""step"": 0, ""status"": 1, ""pres"": 977.843, ""meas_profile"": ""HP-8"", ""meas_id"": 8, ""hum"": 33.21111, ""gas_res"": 5941.33}, {""temp"": 24.77697, ""step"": 0, ""status"": 1, ""pres"": 977.9802, ""meas_profile"": ""HP-7"", ""meas_id"": 7, ""hum"": 33.09506, ""gas_res"": 7039.155}, {""temp"": 24.8645, ""step"": 0, ""status"": 1, ""pres"": 978.1432, ""meas_profile"": ""HP-6"", ""meas_id"": 6, ""hum"": 32.93326, ""gas_res"": 8698.016}, {""temp"": 24.78439, ""step"": 0, ""status"": 1, ""pres"": 977.8558, ""meas_profile"": ""HP-5"", ""meas_id"": 5, ""hum"": 33.14239, ""gas_res"": 25000.0}, {""temp"": 24.54757, ""step"": 0, ""status"": 1, ""pres"": 978.0418, ""meas_profile"": ""HP-4"", ""meas_id"": 4, ""hum"": 32.67693, ""gas_res"": 19423.37}, {""temp"": 24.69248, ""step"": 0, ""status"": 1, ""pres"": 977.662, ""meas_profile"": ""HP-3"", ""meas_id"": 3, ""hum"": 33.09448, ""gas_res"": 5951.274}, {""temp"": 24.61922, ""step"": 0, ""status"": 1, ""pres"": 977.7211, ""meas_profile"": ""HP-2"", ""meas_id"": 2, ""hum"": 33.38689, ""gas_res"": 8103.317}, {""temp"": 24.40048, ""step"": 0, ""status"": 1, ""pres"": 977.9094, ""meas_profile"": ""HP-1"", ""meas_id"": 1, ""hum"": 32.60993, ""gas_res"": 6574.892}]}",NULL,"2025-10-29 13:09:29.684615"
16039,"04a600b9b0b8","2025-10-29 13:09:17","Lj949Vz94CYUFktMQMnW","{""zphs01b"": {""voc"": 0, ""temp"": 22.7, ""pm2_5"": 0, ""pm1_0"": 0, ""pm10"": 301, ""o3"": 0.03, ""no2"": 10.0, ""hum"": 0, ""fmhd"": 0, ""co2"": 5000, ""co"": 0.0}, ""smell_b"": {}, ""sfa30"": {""temp"": 24.73, ""hum"": 35.81, ""fmhd"": 1.8}, ""sen5x"": {""voc"": 118.0, ""temp"": 24.775, ""pm4_0"": 4507.9, ""pm2_5"": 4507.9, ""pm1_0"": 4298.5, ""pm10"": 4507.9, ""nox"": 1.0, ""mass_c"": 4455.55, ""hum"": 40.87}, ""scd41"": {""temp"": 24.35912, ""hum"": 42.89464, ""co2"": 704}, ""power_source"": 0, ""mics6814"": {""red_res"": 0, ""no2_res"": 0, ""no2"": 0.17, ""nh3_res"": 0, ""nh3"": 0.73, ""co_res"": 0, ""co"": 44.0}}",NULL,"2025-10-29 13:10:32.803171"
16040,"04a600b9b0b8","2025-10-29 13:09:17","Lj949Vz94CYUFktMQMnW","{""bme688"": [{""temp"": 24.79359, ""step"": 9, ""status"": 1, ""pres"": 977.8485, ""meas_profile"": ""HP-8"", ""meas_id"": 8, ""hum"": 33.16112, ""gas_res"": 5684.846}, {""temp"": 24.78908, ""step"": 9, ""status"": 1, ""pres"": 977.9836, ""meas_profile"": ""HP-7"", ""meas_id"": 7, ""hum"": 33.03426, ""gas_res"": 6771.054}, {""temp"": 24.86975, ""step"": 9, ""status"": 1, ""pres"": 978.1273, ""meas_profile"": ""HP-6"", ""meas_id"": 6, ""hum"": 32.87668, ""gas_res"": 8923.592}, {""temp"": 24.79064, ""step"": 9, ""status"": 1, ""pres"": 977.8478, ""meas_profile"": ""HP-5"", ""meas_id"": 5, ""hum"": 33.08091, ""gas_res"": 25000.0}, {""temp"": 24.55596, ""step"": 9, ""status"": 1, ""pres"": 978.0256, ""meas_profile"": ""HP-4"", ""meas_id"": 4, ""hum"": 32.59776, ""gas_res"": 25000.0}, {""temp"": 24.70052, ""step"": 9, ""status"": 1, ""pres"": 977.6666, ""meas_profile"": ""HP-3"", ""meas_id"": 3, ""hum"": 33.00956, ""gas_res"": 7644.529}, {""temp"": 24.62823, ""step"": 9, ""status"": 1, ""pres"": 977.7411, ""meas_profile"": ""HP-2"", ""meas_id"": 2, ""hum"": 33.2804, ""gas_res"": 10282.78}, {""temp"": 24.40795, ""step"": 9, ""status"": 1, ""pres"": 977.8901, ""meas_profile"": ""HP-1"", ""meas_id"": 1, ""hum"": 32.5873, ""gas_res"": 7499.414}]}",NULL,"2025-10-29 13:10:34.141601"
16041,"04a600b9b0b8","2025-10-29 13:09:17","Lj949Vz94CYUFktMQMnW","{""bme688"": [{""temp"": 24.79328, ""step"": 8, ""status"": 1, ""pres"": 977.848, ""meas_profile"": ""HP-8"", ""meas_id"": 8, ""hum"": 33.12693, ""gas_res"": 5684.846}, {""temp"": 24.78846, ""step"": 8, ""status"": 1, ""pres"": 977.9825, ""meas_profile"": ""HP-7"", ""meas_id"": 7, ""hum"": 33.03983, ""gas_res"": 6805.615}, {""temp"": 24.86975, ""step"": 8, ""status"": 1, ""pres"": 978.1292, ""meas_profile"": ""HP-6"", ""meas_id"": 6, ""hum"": 32.87098, ""gas_res"": 9280.742}, {""temp"": 24.79033, ""step"": 8, ""status"": 1, ""pres"": 977.8488, ""meas_profile"": ""HP-5"", ""meas_id"": 5, ""hum"": 33.07524, ""gas_res"": 25000.0}, {""temp"": 24.55565, ""step"": 8, ""status"": 1, ""pres"": 978.0268, ""meas_profile"": ""HP-4"", ""meas_id"": 4, ""hum"": 32.60344, ""gas_res"": 25000.0}, {""temp"": 24.70052, ""step"": 8, ""status"": 1, ""pres"": 977.6685, ""meas_profile"": ""HP-3"", ""meas_id"": 3, ""hum"": 33.00956, ""gas_res"": 7230.004}, {""temp"": 24.62792, ""step"": 8, ""status"": 1, ""pres"": 977.7406, ""meas_profile"": ""HP-2"", ""meas_id"": 2, ""hum"": 33.28602, ""gas_res"": 10312.6}, {""temp"": 24.40795, ""step"": 8, ""status"": 1, ""pres"": 977.8918, ""meas_profile"": ""HP-1"", ""meas_id"": 1, ""hum"": 32.58147, ""gas_res"": 7893.438}]}",NULL,"2025-10-29 13:10:35.415013"
16042,"04a600b9b0b8","2025-10-29 13:09:17","Lj949Vz94CYUFktMQMnW","{""bme688"": [{""temp"": 24.79266, ""step"": 7, ""status"": 1, ""pres"": 977.8488, ""meas_profile"": ""HP-8"", ""meas_id"": 8, ""hum"": 33.16103, ""gas_res"": 5684.846}, {""temp"": 24.78815, ""step"": 7, ""status"": 1, ""pres"": 977.9821, ""meas_profile"": ""HP-7"", ""meas_id"": 7, ""hum"": 33.05106, ""gas_res"": 6753.905}, {""temp"": 24.86944, ""step"": 7, ""status"": 1, ""pres"": 978.1287, ""meas_profile"": ""HP-6"", ""meas_id"": 6, ""hum"": 32.87094, ""gas_res"": 9470.258}, {""temp"": 24.79033, ""step"": 7, ""status"": 1, ""pres"": 977.8488, ""meas_profile"": ""HP-5"", ""meas_id"": 5, ""hum"": 33.07524, ""gas_res"": 25000.0}, {""temp"": 24.55534, ""step"": 7, ""status"": 1, ""pres"": 978.0262, ""meas_profile"": ""HP-4"", ""meas_id"": 4, ""hum"": 32.5977, ""gas_res"": 23332.12}, {""temp"": 24.70021, ""step"": 7, ""status"": 1, ""pres"": 977.668, ""meas_profile"": ""HP-3"", ""meas_id"": 3, ""hum"": 33.02666, ""gas_res"": 7334.403}, {""temp"": 24.62792, ""step"": 7, ""status"": 1, ""pres"": 977.7406, ""meas_profile"": ""HP-2"", ""meas_id"": 2, ""hum"": 33.28602, ""gas_res"": 10233.45}, {""temp"": 24.40764, ""step"": 7, ""status"": 1, ""pres"": 977.8914, ""meas_profile"": ""HP-1"", ""meas_id"": 1, ""hum"": 32.56979, ""gas_res"": 7988.018}]}",NULL,"2025-10-29 13:10:36.806647"
16043,"04a600b9b0b8","2025-10-29 13:09:17","Lj949Vz94CYUFktMQMnW","{""bme688"": [{""temp"": 24.79235, ""step"": 6, ""status"": 1, ""pres"": 977.8484, ""meas_profile"": ""HP-8"", ""meas_id"": 8, ""hum"": 33.14962, ""gas_res"": 16806.72}, {""temp"": 24.78784, ""step"": 6, ""status"": 1, ""pres"": 977.983, ""meas_profile"": ""HP-7"", ""meas_id"": 7, ""hum"": 33.05666, ""gas_res"": 22590.89}, {""temp"": 24.86944, ""step"": 6, ""status"": 1, ""pres"": 978.1304, ""meas_profile"": ""HP-6"", ""meas_id"": 6, ""hum"": 32.85954, ""gas_res"": 45038.71}, {""temp"": 24.79002, ""step"": 6, ""status"": 1, ""pres"": 977.8484, ""meas_profile"": ""HP-5"", ""meas_id"": 5, ""hum"": 33.08085, ""gas_res"": 148105.3}, {""temp"": 24.55503, ""step"": 6, ""status"": 1, ""pres"": 978.0274, ""meas_profile"": ""HP-4"", ""meas_id"": 4, ""hum"": 32.59768, ""gas_res"": 133507.2}, {""temp"": 24.6999, ""step"": 6, ""status"": 1, ""pres"": 977.6675, ""meas_profile"": ""HP-3"", ""meas_id"": 3, ""hum"": 33.01522, ""gas_res"": 93124.77}, {""temp"": 24.6273, ""step"": 6, ""status"": 1, ""pres"": 977.7394, ""meas_profile"": ""HP-2"", ""meas_id"": 2, ""hum"": 33.29726, ""gas_res"": 126108.4}, {""temp"": 24.40733, ""step"": 6, ""status"": 1, ""pres"": 977.8926, ""meas_profile"": ""HP-1"", ""meas_id"": 1, ""hum"": 32.54646, ""gas_res"": 96294.91}]}",NULL,"2025-10-29 13:10:37.975301"
16044,"04a600b9b0b8","2025-10-29 13:09:17","Lj949Vz94CYUFktMQMnW","{""bme688"": [{""temp"": 24.79174, ""step"": 5, ""status"": 1, ""pres"": 977.8473, ""meas_profile"": ""HP-8"", ""meas_id"": 8, ""hum"": 33.14387, ""gas_res"": 16688.4}, {""temp"": 24.78722, ""step"": 5, ""status"": 1, ""pres"": 977.9821, ""meas_profile"": ""HP-7"", ""meas_id"": 7, ""hum"": 33.05098, ""gas_res"": 22590.89}, {""temp"": 24.86944, ""step"": 5, ""status"": 1, ""pres"": 978.1304, ""meas_profile"": ""HP-6"", ""meas_id"": 6, ""hum"": 32.85954, ""gas_res"": 45277.68}, {""temp"": 24.79002, ""step"": 5, ""status"": 1, ""pres"": 977.8501, ""meas_profile"": ""HP-5"", ""meas_id"": 5, ""hum"": 33.08649, ""gas_res"": 150323.0}, {""temp"": 24.55441, ""step"": 5, ""status"": 1, ""pres"": 978.0282, ""meas_profile"": ""HP-4"", ""meas_id"": 4, ""hum"": 32.59762, ""gas_res"": 134136.8}, {""temp"": 24.6999, ""step"": 5, ""status"": 1, ""pres"": 977.6675, ""meas_profile"": ""HP-3"", ""meas_id"": 3, ""hum"": 33.02092, ""gas_res"": 91921.01}, {""temp"": 24.62699, ""step"": 5, ""status"": 1, ""pres"": 977.7407, ""meas_profile"": ""HP-2"", ""meas_id"": 2, ""hum"": 33.28593, ""gas_res"": 125922.3}, {""temp"": 24.40671, ""step"": 5, ""status"": 1, ""pres"": 977.8935, ""meas_profile"": ""HP-1"", ""meas_id"": 1, ""hum"": 32.56387, ""gas_res"": 95273.54}]}",NULL,"2025-10-29 13:10:39.257229"
16045,"04a600b9b0b8","2025-10-29 13:09:17","Lj949Vz94CYUFktMQMnW","{""bme688"": [{""temp"": 24.79143, ""step"": 4, ""status"": 1, ""pres"": 977.8468, ""meas_profile"": ""HP-8"", ""meas_id"": 8, ""hum"": 33.15522, ""gas_res"": 16623.38}, {""temp"": 24.78691, ""step"": 4, ""status"": 1, ""pres"": 977.9816, ""meas_profile"": ""HP-7"", ""meas_id"": 7, ""hum"": 33.05658, ""gas_res"": 22638.84}, {""temp"": 24.86913, ""step"": 4, ""status"": 1, ""pres"": 978.1316, ""meas_profile"": ""HP-6"", ""meas_id"": 6, ""hum"": 32.85951, ""gas_res"": 46159.39}, {""temp"": 24.79002, ""step"": 4, ""status"": 1, ""pres"": 977.8501, ""meas_profile"": ""HP-5"", ""meas_id"": 5, ""hum"": 33.08649, ""gas_res"": 152335.6}, {""temp"": 24.5541, ""step"": 4, ""status"": 1, ""pres"": 978.0292, ""meas_profile"": ""HP-4"", ""meas_id"": 4, ""hum"": 32.59759, ""gas_res"": 137155.1}, {""temp"": 24.69959, ""step"": 4, ""status"": 1, ""pres"": 977.6668, ""meas_profile"": ""HP-3"", ""meas_id"": 3, ""hum"": 33.03231, ""gas_res"": 91233.07}, {""temp"": 24.62637, ""step"": 4, ""status"": 1, ""pres"": 977.7397, ""meas_profile"": ""HP-2"", ""meas_id"": 2, ""hum"": 33.30281, ""gas_res"": 126764.0}, {""temp"": 24.40608, ""step"": 4, ""status"": 1, ""pres"": 977.8926, ""meas_profile"": ""HP-1"", ""meas_id"": 1, ""hum"": 32.56964, ""gas_res"": 94430.1}]}",NULL,"2025-10-29 13:10:40.539729"
16046,"04a600b9b0b8","2025-10-29 13:09:17","Lj949Vz94CYUFktMQMnW","{""bme688"": [{""temp"": 24.79112, ""step"": 3, ""status"": 0, ""pres"": 977.8463, ""meas_profile"": ""HP-8"", ""meas_id"": 8, ""hum"": 33.16089, ""gas_res"": 8923.592}, {""temp"": 24.7866, ""step"": 3, ""status"": 0, ""pres"": 977.9828, ""meas_profile"": ""HP-7"", ""meas_id"": 7, ""hum"": 33.06217, ""gas_res"": 11391.95}, {""temp"": 24.86882, ""step"": 3, ""status"": 0, ""pres"": 978.1312, ""meas_profile"": ""HP-6"", ""meas_id"": 6, ""hum"": 32.8823, ""gas_res"": 25316.46}, {""temp"": 24.78939, ""step"": 3, ""status"": 0, ""pres"": 977.8489, ""meas_profile"": ""HP-5"", ""meas_id"": 5, ""hum"": 33.10336, ""gas_res"": 51457.29}, {""temp"": 24.55379, ""step"": 3, ""status"": 0, ""pres"": 978.0286, ""meas_profile"": ""HP-4"", ""meas_id"": 4, ""hum"": 32.61469, ""gas_res"": 43522.61}, {""temp"": 24.69928, ""step"": 3, ""status"": 0, ""pres"": 977.6663, ""meas_profile"": ""HP-3"", ""meas_id"": 3, ""hum"": 33.03228, ""gas_res"": 30578.12}, {""temp"": 24.62605, ""step"": 3, ""status"": 0, ""pres"": 977.7392, ""meas_profile"": ""HP-2"", ""meas_id"": 2, ""hum"": 33.30844, ""gas_res"": 51395.3}, {""temp"": 24.40546, ""step"": 3, ""status"": 0, ""pres"": 977.8917, ""meas_profile"": ""HP-1"", ""meas_id"": 1, ""hum"": 32.58707, ""gas_res"": 32462.59}]}",NULL,"2025-10-29 13:10:41.909435"
16047,"04a600b9b0b8","2025-10-29 13:09:17","Lj949Vz94CYUFktMQMnW","{""bme688"": [{""temp"": 24.79081, ""step"": 2, ""status"": 1, ""pres"": 977.8476, ""meas_profile"": ""HP-8"", ""meas_id"": 8, ""hum"": 33.16655, ""gas_res"": 29871.64}, {""temp"": 24.78629, ""step"": 2, ""status"": 1, ""pres"": 977.9822, ""meas_profile"": ""HP-7"", ""meas_id"": 7, ""hum"": 33.09029, ""gas_res"": 42953.02}, {""temp"": 24.8682, ""step"": 2, ""status"": 1, ""pres"": 978.1301, ""meas_profile"": ""HP-6"", ""meas_id"": 6, ""hum"": 32.89365, ""gas_res"": 147338.1}, {""temp"": 24.78908, ""step"": 2, ""status"": 1, ""pres"": 977.8502, ""meas_profile"": ""HP-5"", ""meas_id"": 5, ""hum"": 33.10333, ""gas_res"": 355432.2}, {""temp"": 24.55317, ""step"": 2, ""status"": 1, ""pres"": 978.0293, ""meas_profile"": ""HP-4"", ""meas_id"": 4, ""hum"": 32.63176, ""gas_res"": 360309.7}, {""temp"": 24.69866, ""step"": 2, ""status"": 1, ""pres"": 977.6671, ""meas_profile"": ""HP-3"", ""meas_id"": 3, ""hum"": 33.03794, ""gas_res"": 198411.2}, {""temp"": 24.62543, ""step"": 2, ""status"": 1, ""pres"": 977.7383, ""meas_profile"": ""HP-2"", ""meas_id"": 2, ""hum"": 33.29144, ""gas_res"": 384673.2}, {""temp"": 24.40515, ""step"": 2, ""status"": 1, ""pres"": 977.8931, ""meas_profile"": ""HP-1"", ""meas_id"": 1, ""hum"": 32.56956, ""gas_res"": 267642.4}]}",NULL,"2025-10-29 13:10:43.09653"
16048,"04a600b9b0b8","2025-10-29 13:09:17","Lj949Vz94CYUFktMQMnW","{""bme688"": [{""temp"": 24.79081, ""step"": 1, ""status"": 1, ""pres"": 977.8476, ""meas_profile"": ""HP-8"", ""meas_id"": 8, ""hum"": 33.17225, ""gas_res"": 9520.976}, {""temp"": 24.78598, ""step"": 1, ""status"": 1, ""pres"": 977.9818, ""meas_profile"": ""HP-7"", ""meas_id"": 7, ""hum"": 33.06211, ""gas_res"": 15976.04}, {""temp"": 24.8682, ""step"": 1, ""status"": 1, ""pres"": 978.1301, ""meas_profile"": ""HP-6"", ""meas_id"": 6, ""hum"": 32.87654, ""gas_res"": 25000.0}, {""temp"": 24.78908, ""step"": 1, ""status"": 1, ""pres"": 977.8502, ""meas_profile"": ""HP-5"", ""meas_id"": 5, ""hum"": 33.10333, ""gas_res"": 44991.21}, {""temp"": 24.55317, ""step"": 1, ""status"": 1, ""pres"": 978.0293, ""meas_profile"": ""HP-4"", ""meas_id"": 4, ""hum"": 32.62605, ""gas_res"": 36056.34}, {""temp"": 24.69866, ""step"": 1, ""status"": 1, ""pres"": 977.6671, ""meas_profile"": ""HP-3"", ""meas_id"": 3, ""hum"": 33.03223, ""gas_res"": 24196.6}, {""temp"": 24.62543, ""step"": 1, ""status"": 1, ""pres"": 977.7366, ""meas_profile"": ""HP-2"", ""meas_id"": 2, ""hum"": 33.30273, ""gas_res"": 38254.63}, {""temp"": 24.40515, ""step"": 1, ""status"": 1, ""pres"": 977.8931, ""meas_profile"": ""HP-1"", ""meas_id"": 1, ""hum"": 32.56956, ""gas_res"": 26446.28}]}",NULL,"2025-10-29 13:10:44.376816"
16049,"04a600b9b0b8","2025-10-29 13:09:17","Lj949Vz94CYUFktMQMnW","{""bme688"": [{""temp"": 24.7905, ""step"": 0, ""status"": 1, ""pres"": 977.8472, ""meas_profile"": ""HP-8"", ""meas_id"": 8, ""hum"": 33.16084, ""gas_res"": 5840.482}, {""temp"": 24.78567, ""step"": 0, ""status"": 1, ""pres"": 977.9811, ""meas_profile"": ""HP-7"", ""meas_id"": 7, ""hum"": 33.07898, ""gas_res"": 7220.217}, {""temp"": 24.8682, ""step"": 0, ""status"": 1, ""pres"": 978.1319, ""meas_profile"": ""HP-6"", ""meas_id"": 6, ""hum"": 32.89365, ""gas_res"": 9711.685}, {""temp"": 24.78908, ""step"": 0, ""status"": 1, ""pres"": 977.8502, ""meas_profile"": ""HP-5"", ""meas_id"": 5, ""hum"": 33.10897, ""gas_res"": 25000.0}, {""temp"": 24.55317, ""step"": 0, ""status"": 1, ""pres"": 978.031, ""meas_profile"": ""HP-4"", ""meas_id"": 4, ""hum"": 32.62605, ""gas_res"": 25000.0}, {""temp"": 24.69866, ""step"": 0, ""status"": 1, ""pres"": 977.6671, ""meas_profile"": ""HP-3"", ""meas_id"": 3, ""hum"": 33.03794, ""gas_res"": 7210.455}, {""temp"": 24.62512, ""step"": 0, ""status"": 1, ""pres"": 977.7375, ""meas_profile"": ""HP-2"", ""meas_id"": 2, ""hum"": 33.30835, ""gas_res"": 10253.12}, {""temp"": 24.40484, ""step"": 0, ""status"": 1, ""pres"": 977.8943, ""meas_profile"": ""HP-1"", ""meas_id"": 1, ""hum"": 32.56953, ""gas_res"": 7783.994}]}",NULL,"2025-10-29 13:10:45.66176"
16050,"04a600b9b0b8","2025-10-29 13:08:50","Lj949Vz94CYUFktMQMnW","{""zphs01b"": {""voc"": 0, ""temp"": 22.7, ""pm2_5"": 0, ""pm1_0"": 0, ""pm10"": 291, ""o3"": 0.05, ""no2"": 10.0, ""hum"": 0, ""fmhd"": 0, ""co2"": 5000, ""co"": 0.0}, ""smell_b"": {}, ""sfa30"": {""temp"": 24.715, ""hum"": 35.83, ""fmhd"": 1.8}, ""sen5x"": {""voc"": 115.0, ""temp"": 24.81, ""pm4_0"": 4429.7, ""pm2_5"": 4429.7, ""pm1_0"": 4224.0, ""pm10"": 4429.7, ""nox"": 1.0, ""mass_c"": 4378.275, ""hum"": 40.75}, ""scd41"": {""temp"": 24.28703, ""hum"": 42.92668, ""co2"": 699}, ""power_source"": 0, ""mics6814"": {""red_res"": 0, ""no2_res"": 0, ""no2"": 0.17, ""nh3_res"": 0, ""nh3"": 0.73, ""co_res"": 0, ""co"": 44.0}}",NULL,"2025-10-29 13:10:46.922327"
16051,"04a600b9b0b8","2025-10-29 13:08:50","Lj949Vz94CYUFktMQMnW","{""bme688"": [{""temp"": 24.78988, ""step"": 9, ""status"": 1, ""pres"": 977.8462, ""meas_profile"": ""HP-8"", ""meas_id"": 8, ""hum"": 33.16078, ""gas_res"": 5684.846}, {""temp"": 24.78536, ""step"": 9, ""status"": 1, ""pres"": 977.9807, ""meas_profile"": ""HP-7"", ""meas_id"": 7, ""hum"": 33.06769, ""gas_res"": 6591.143}, {""temp"": 24.8679, ""step"": 9, ""status"": 1, ""pres"": 978.1313, ""meas_profile"": ""HP-6"", ""meas_id"": 6, ""hum"": 32.88792, ""gas_res"": 8357.273}, {""temp"": 24.78877, ""step"": 9, ""status"": 1, ""pres"": 977.8496, ""meas_profile"": ""HP-5"", ""meas_id"": 5, ""hum"": 33.0751, ""gas_res"": 25000.0}, {""temp"": 24.55285, ""step"": 9, ""status"": 1, ""pres"": 978.0305, ""meas_profile"": ""HP-4"", ""meas_id"": 4, ""hum"": 32.59748, ""gas_res"": 21962.94}, {""temp"": 24.69835, ""step"": 9, ""status"": 1, ""pres"": 977.6667, ""meas_profile"": ""HP-3"", ""meas_id"": 3, ""hum"": 33.01507, ""gas_res"": 7020.623}, {""temp"": 24.62512, ""step"": 9, ""status"": 1, ""pres"": 977.736, ""meas_profile"": ""HP-2"", ""meas_id"": 2, ""hum"": 33.3027, ""gas_res"": 9428.403}, {""temp"": 24.40484, ""step"": 9, ""status"": 1, ""pres"": 977.8943, ""meas_profile"": ""HP-1"", ""meas_id"": 1, ""hum"": 32.5404, ""gas_res"": 7002.188}]}",NULL,"2025-10-29 13:10:48.218435"
16052,"04a600b9b0b8","2025-10-29 13:08:50","Lj949Vz94CYUFktMQMnW","{""bme688"": [{""temp"": 24.78926, ""step"": 8, ""status"": 1, ""pres"": 977.8452, ""meas_profile"": ""HP-8"", ""meas_id"": 8, ""hum"": 33.14933, ""gas_res"": 5684.846}, {""temp"": 24.78505, ""step"": 8, ""status"": 1, ""pres"": 977.9819, ""meas_profile"": ""HP-7"", ""meas_id"": 7, ""hum"": 33.05077, ""gas_res"": 6661.116}, {""temp"": 24.8679, ""step"": 8, ""status"": 1, ""pres"": 978.1313, ""meas_profile"": ""HP-6"", ""meas_id"": 6, ""hum"": 32.8708, ""gas_res"": 8783.97}, {""temp"": 24.78877, ""step"": 8, ""status"": 1, ""pres"": 977.8496, ""meas_profile"": ""HP-5"", ""meas_id"": 5, ""hum"": 33.09766, ""gas_res"": 25000.0}, {""temp"": 24.55285, ""step"": 8, ""status"": 1, ""pres"": 978.0321, ""meas_profile"": ""HP-4"", ""meas_id"": 4, ""hum"": 32.62603, ""gas_res"": 21241.29}, {""temp"": 24.69805, ""step"": 8, ""status"": 1, ""pres"": 977.6677, ""meas_profile"": ""HP-3"", ""meas_id"": 3, ""hum"": 33.00934, ""gas_res"": 6538.619}, {""temp"": 24.62481, ""step"": 8, ""status"": 1, ""pres"": 977.7355, ""meas_profile"": ""HP-2"", ""meas_id"": 2, ""hum"": 33.30267, ""gas_res"": 9280.742}, {""temp"": 24.40453, ""step"": 8, ""status"": 1, ""pres"": 977.8957, ""meas_profile"": ""HP-1"", ""meas_id"": 1, ""hum"": 32.5462, ""gas_res"": 7057.786}]}",NULL,"2025-10-29 13:10:49.495959"
16053,"04a600b9b0b8","2025-10-29 13:08:50","Lj949Vz94CYUFktMQMnW","{""bme688"": [{""temp"": 24.78896, ""step"": 7, ""status"": 1, ""pres"": 977.8466, ""meas_profile"": ""HP-8"", ""meas_id"": 8, ""hum"": 33.14931, ""gas_res"": 5684.846}, {""temp"": 24.78474, ""step"": 7, ""status"": 1, ""pres"": 977.9815, ""meas_profile"": ""HP-7"", ""meas_id"": 7, ""hum"": 33.04511, ""gas_res"": 6636.25}, {""temp"": 24.86759, ""step"": 7, ""status"": 1, ""pres"": 978.1308, ""meas_profile"": ""HP-6"", ""meas_id"": 6, ""hum"": 32.87078, ""gas_res"": 8783.97}, {""temp"": 24.78877, ""step"": 7, ""status"": 1, ""pres"": 977.8496, ""meas_profile"": ""HP-5"", ""meas_id"": 5, ""hum"": 33.0751, ""gas_res"": 25000.0}, {""temp"": 24.55255, ""step"": 7, ""status"": 1, ""pres"": 978.0317, ""meas_profile"": ""HP-4"", ""meas_id"": 4, ""hum"": 32.60316, ""gas_res"": 21031.88}, {""temp"": 24.69743, ""step"": 7, ""status"": 1, ""pres"": 977.6668, ""meas_profile"": ""HP-3"", ""meas_id"": 3, ""hum"": 33.03783, ""gas_res"": 6578.947}, {""temp"": 24.6245, ""step"": 7, ""status"": 1, ""pres"": 977.735, ""meas_profile"": ""HP-2"", ""meas_id"": 2, ""hum"": 33.297, ""gas_res"": 9248.555}, {""temp"": 24.40422, ""step"": 7, ""status"": 1, ""pres"": 977.8953, ""meas_profile"": ""HP-1"", ""meas_id"": 1, ""hum"": 32.552, ""gas_res"": 7410.838}]}",NULL,"2025-10-29 13:10:50.773372"
16054,"04a600b9b0b8","2025-10-29 13:08:50","Lj949Vz94CYUFktMQMnW","{""bme688"": [{""temp"": 24.78865, ""step"": 6, ""status"": 1, ""pres"": 977.8461, ""meas_profile"": ""HP-8"", ""meas_id"": 8, ""hum"": 33.16636, ""gas_res"": 16806.72}, {""temp"": 24.78443, ""step"": 6, ""status"": 1, ""pres"": 977.9808, ""meas_profile"": ""HP-7"", ""meas_id"": 7, ""hum"": 33.05634, ""gas_res"": 21828.1}, {""temp"": 24.86759, ""step"": 6, ""status"": 1, ""pres"": 978.1325, ""meas_profile"": ""HP-6"", ""meas_id"": 6, ""hum"": 32.87078, ""gas_res"": 40314.96}, {""temp"": 24.78846, ""step"": 6, ""status"": 1, ""pres"": 977.8508, ""meas_profile"": ""HP-5"", ""meas_id"": 5, ""hum"": 33.11456, ""gas_res"": 127521.8}, {""temp"": 24.55223, ""step"": 6, ""status"": 1, ""pres"": 978.0327, ""meas_profile"": ""HP-4"", ""meas_id"": 4, ""hum"": 32.62026, ""gas_res"": 113074.2}, {""temp"": 24.69712, ""step"": 6, ""status"": 1, ""pres"": 977.6662, ""meas_profile"": ""HP-3"", ""meas_id"": 3, ""hum"": 33.00925, ""gas_res"": 78696.59}, {""temp"": 24.62419, ""step"": 6, ""status"": 1, ""pres"": 977.7346, ""meas_profile"": ""HP-2"", ""meas_id"": 2, ""hum"": 33.31956, ""gas_res"": 104746.3}, {""temp"": 24.40422, ""step"": 6, ""status"": 1, ""pres"": 977.897, ""meas_profile"": ""HP-1"", ""meas_id"": 1, ""hum"": 32.54618, ""gas_res"": 100000.0}]}",NULL,"2025-10-29 13:10:52.148396"
16055,"04a600b9b0b8","2025-10-29 13:08:50","Lj949Vz94CYUFktMQMnW","{""bme688"": [{""temp"": 24.78834, ""step"": 5, ""status"": 1, ""pres"": 977.8455, ""meas_profile"": ""HP-8"", ""meas_id"": 8, ""hum"": 33.16632, ""gas_res"": 16753.93}, {""temp"": 24.78411, ""step"": 5, ""status"": 1, ""pres"": 977.9803, ""meas_profile"": ""HP-7"", ""meas_id"": 7, ""hum"": 33.05631, ""gas_res"": 21895.31}, {""temp"": 24.86728, ""step"": 5, ""status"": 1, ""pres"": 978.1321, ""meas_profile"": ""HP-6"", ""meas_id"": 6, ""hum"": 32.89357, ""gas_res"": 40738.38}, {""temp"": 24.78814, ""step"": 5, ""status"": 1, ""pres"": 977.8503, ""meas_profile"": ""HP-5"", ""meas_id"": 5, ""hum"": 33.0976, ""gas_res"": 127426.6}, {""temp"": 24.55192, ""step"": 5, ""status"": 1, ""pres"": 978.0323, ""meas_profile"": ""HP-4"", ""meas_id"": 4, ""hum"": 32.60881, ""gas_res"": 112552.2}, {""temp"": 24.6965, ""step"": 5, ""status"": 1, ""pres"": 977.6652, ""meas_profile"": ""HP-3"", ""meas_id"": 3, ""hum"": 33.02632, ""gas_res"": 76715.61}, {""temp"": 24.62388, ""step"": 5, ""status"": 1, ""pres"": 977.7339, ""meas_profile"": ""HP-2"", ""meas_id"": 2, ""hum"": 33.29694, ""gas_res"": 102297.7}, {""temp"": 24.40391, ""step"": 5, ""status"": 1, ""pres"": 977.8965, ""meas_profile"": ""HP-1"", ""meas_id"": 1, ""hum"": 32.55197, ""gas_res"": 100000.0}]}",NULL,"2025-10-29 13:10:53.359479"
16056,"04a600b9b0b8","2025-10-29 13:08:50","Lj949Vz94CYUFktMQMnW","{""bme688"": [{""temp"": 24.78772, ""step"": 4, ""status"": 1, ""pres"": 977.8446, ""meas_profile"": ""HP-8"", ""meas_id"": 8, ""hum"": 33.16627, ""gas_res"": 16846.54}, {""temp"": 24.78349, ""step"": 4, ""status"": 1, ""pres"": 977.9792, ""meas_profile"": ""HP-7"", ""meas_id"": 7, ""hum"": 33.07877, ""gas_res"": 22030.98}, {""temp"": 24.86728, ""step"": 4, ""status"": 1, ""pres"": 978.1321, ""meas_profile"": ""HP-6"", ""meas_id"": 6, ""hum"": 32.88787, ""gas_res"": 41131.11}, {""temp"": 24.78752, ""step"": 4, ""status"": 1, ""pres"": 977.8493, ""meas_profile"": ""HP-5"", ""meas_id"": 5, ""hum"": 33.08626, ""gas_res"": 129751.6}, {""temp"": 24.5513, ""step"": 4, ""status"": 1, ""pres"": 978.0313, ""meas_profile"": ""HP-4"", ""meas_id"": 4, ""hum"": 32.62017, ""gas_res"": 114056.6}, {""temp"": 24.6965, ""step"": 4, ""status"": 1, ""pres"": 977.6652, ""meas_profile"": ""HP-3"", ""meas_id"": 3, ""hum"": 33.03774, ""gas_res"": 46159.39}, {""temp"": 24.62326, ""step"": 4, ""status"": 1, ""pres"": 977.7328, ""meas_profile"": ""HP-2"", ""meas_id"": 2, ""hum"": 33.30253, ""gas_res"": 101506.7}, {""temp"": 24.40391, ""step"": 4, ""status"": 1, ""pres"": 977.8984, ""meas_profile"": ""HP-1"", ""meas_id"": 1, ""hum"": 32.56362, ""gas_res"": 100000.0}]}",NULL,"2025-10-29 13:10:54.617534"
16057,"04a600b9b0b8","2025-10-29 13:08:50","Lj949Vz94CYUFktMQMnW","{""bme688"": [{""temp"": 24.78741, ""step"": 3, ""status"": 0, ""pres"": 977.844, ""meas_profile"": ""HP-8"", ""meas_id"": 8, ""hum"": 33.17193, ""gas_res"": 9184.845}, {""temp"": 24.78318, ""step"": 3, ""status"": 0, ""pres"": 977.9805, ""meas_profile"": ""HP-7"", ""meas_id"": 7, ""hum"": 33.07875, ""gas_res"": 11343.5}, {""temp"": 24.86666, ""step"": 3, ""status"": 0, ""pres"": 978.1329, ""meas_profile"": ""HP-6"", ""meas_id"": 6, ""hum"": 32.89922, ""gas_res"": 23490.55}, {""temp"": 24.7872, ""step"": 3, ""status"": 0, ""pres"": 977.8505, ""meas_profile"": ""HP-5"", ""meas_id"": 5, ""hum"": 33.12008, ""gas_res"": 44614.85}, {""temp"": 24.55068, ""step"": 3, ""status"": 0, ""pres"": 978.032, ""meas_profile"": ""HP-4"", ""meas_id"": 4, ""hum"": 32.63725, ""gas_res"": 37746.98}, {""temp"": 24.69588, ""step"": 3, ""status"": 0, ""pres"": 977.6658, ""meas_profile"": ""HP-3"", ""meas_id"": 3, ""hum"": 33.02627, ""gas_res"": 26811.9}, {""temp"": 24.62295, ""step"": 3, ""status"": 0, ""pres"": 977.7324, ""meas_profile"": ""HP-2"", ""meas_id"": 2, ""hum"": 33.30815, ""gas_res"": 42780.75}, {""temp"": 24.40328, ""step"": 3, ""status"": 0, ""pres"": 977.8973, ""meas_profile"": ""HP-1"", ""meas_id"": 1, ""hum"": 32.56357, ""gas_res"": 28419.18}]}",NULL,"2025-10-29 13:10:55.899459"
16058,"04a600b9b0b8","2025-10-29 13:08:50","Lj949Vz94CYUFktMQMnW","{""bme688"": [{""temp"": 24.78711, ""step"": 2, ""status"": 1, ""pres"": 977.8435, ""meas_profile"": ""HP-8"", ""meas_id"": 8, ""hum"": 33.18898, ""gas_res"": 33773.09}, {""temp"": 24.78287, ""step"": 2, ""status"": 1, ""pres"": 977.9799, ""meas_profile"": ""HP-7"", ""meas_id"": 7, ""hum"": 33.08998, ""gas_res"": 46613.25}, {""temp"": 24.86604, ""step"": 2, ""status"": 1, ""pres"": 978.1319, ""meas_profile"": ""HP-6"", ""meas_id"": 6, ""hum"": 32.89917, ""gas_res"": 144469.5}, {""temp"": 24.78689, ""step"": 2, ""status"": 1, ""pres"": 977.85, ""meas_profile"": ""HP-5"", ""meas_id"": 5, ""hum"": 33.13698, ""gas_res"": 338512.4}, {""temp"": 24.55037, ""step"": 2, ""status"": 1, ""pres"": 978.0331, ""meas_profile"": ""HP-4"", ""meas_id"": 4, ""hum"": 32.64293, ""gas_res"": 328731.9}, {""temp"": 24.69557, ""step"": 2, ""status"": 1, ""pres"": 977.6654, ""meas_profile"": ""HP-3"", ""meas_id"": 3, ""hum"": 33.03765, ""gas_res"": 173736.0}, {""temp"": 24.62233, ""step"": 2, ""status"": 1, ""pres"": 977.7313, ""meas_profile"": ""HP-2"", ""meas_id"": 2, ""hum"": 33.31939, ""gas_res"": 330963.2}, {""temp"": 24.40266, ""step"": 2, ""status"": 1, ""pres"": 977.8982, ""meas_profile"": ""HP-1"", ""meas_id"": 1, ""hum"": 32.56351, ""gas_res"": 231674.2}]}",NULL,"2025-10-29 13:10:57.282771"
16059,"04a600b9b0b8","2025-10-29 13:08:50","Lj949Vz94CYUFktMQMnW","{""bme688"": [{""temp"": 24.7868, ""step"": 1, ""status"": 1, ""pres"": 977.8448, ""meas_profile"": ""HP-8"", ""meas_id"": 8, ""hum"": 33.17188, ""gas_res"": 9965.743}, {""temp"": 24.78256, ""step"": 1, ""status"": 1, ""pres"": 977.9794, ""meas_profile"": ""HP-7"", ""meas_id"": 7, ""hum"": 33.08995, ""gas_res"": 16048.14}, {""temp"": 24.86604, ""step"": 1, ""status"": 1, ""pres"": 978.1335, ""meas_profile"": ""HP-6"", ""meas_id"": 6, ""hum"": 32.91628, ""gas_res"": 25000.0}, {""temp"": 24.78658, ""step"": 1, ""status"": 1, ""pres"": 977.8494, ""meas_profile"": ""HP-5"", ""meas_id"": 5, ""hum"": 33.12003, ""gas_res"": 38776.13}, {""temp"": 24.55037, ""step"": 1, ""status"": 1, ""pres"": 978.0331, ""meas_profile"": ""HP-4"", ""meas_id"": 4, ""hum"": 32.65434, ""gas_res"": 30644.0}, {""temp"": 24.69526, ""step"": 1, ""status"": 1, ""pres"": 977.6649, ""meas_profile"": ""HP-3"", ""meas_id"": 3, ""hum"": 33.06047, ""gas_res"": 25000.0}, {""temp"": 24.62233, ""step"": 1, ""status"": 1, ""pres"": 977.7313, ""meas_profile"": ""HP-2"", ""meas_id"": 2, ""hum"": 33.32504, ""gas_res"": 30955.26}, {""temp"": 24.40266, ""step"": 1, ""status"": 1, ""pres"": 977.8982, ""meas_profile"": ""HP-1"", ""meas_id"": 1, ""hum"": 32.57516, ""gas_res"": 25000.0}]}",NULL,"2025-10-29 13:10:58.472445"
16060,"04a600b9b0b8","2025-10-29 13:08:50","Lj949Vz94CYUFktMQMnW","{""bme688"": [{""temp"": 24.78649, ""step"": 0, ""status"": 1, ""pres"": 977.8443, ""meas_profile"": ""HP-8"", ""meas_id"": 8, ""hum"": 33.18893, ""gas_res"": 6196.747}, {""temp"": 24.78225, ""step"": 0, ""status"": 1, ""pres"": 977.9807, ""meas_profile"": ""HP-7"", ""meas_id"": 7, ""hum"": 33.08429, ""gas_res"": 7499.414}, {""temp"": 24.86604, ""step"": 0, ""status"": 1, ""pres"": 978.1335, ""meas_profile"": ""HP-6"", ""meas_id"": 6, ""hum"": 32.91628, ""gas_res"": 9370.425}, {""temp"": 24.78658, ""step"": 0, ""status"": 1, ""pres"": 977.8494, ""meas_profile"": ""HP-5"", ""meas_id"": 5, ""hum"": 33.11438, ""gas_res"": 25000.0}, {""temp"": 24.55006, ""step"": 0, ""status"": 1, ""pres"": 978.0325, ""meas_profile"": ""HP-4"", ""meas_id"": 4, ""hum"": 32.64861, ""gas_res"": 20887.73}, {""temp"": 24.69495, ""step"": 0, ""status"": 1, ""pres"": 977.6644, ""meas_profile"": ""HP-3"", ""meas_id"": 3, ""hum"": 33.06044, ""gas_res"": 6321.612}, {""temp"": 24.62202, ""step"": 0, ""status"": 1, ""pres"": 977.7308, ""meas_profile"": ""HP-2"", ""meas_id"": 2, ""hum"": 33.31936, ""gas_res"": 8776.741}, {""temp"": 24.40235, ""step"": 0, ""status"": 1, ""pres"": 977.8978, ""meas_profile"": ""HP-1"", ""meas_id"": 1, ""hum"": 32.58096, ""gas_res"": 7162.041}]}",NULL,"2025-10-29 13:10:59.737439"
16061,"04a600b9b0b8","2025-10-29 13:10:47","Lj949Vz94CYUFktMQMnW","{""zphs01b"": {""voc"": 0, ""temp"": 22.7, ""pm2_5"": 0, ""pm1_0"": 0, ""pm10"": 302, ""o3"": 0.02, ""no2"": 10.0, ""hum"": 0, ""fmhd"": 0, ""co2"": 5000, ""co"": 0.0}, ""smell_b"": {}, ""sfa30"": {""temp"": 24.79, ""hum"": 35.75, ""fmhd"": 2.6}, ""sen5x"": {""voc"": 114.0, ""temp"": 24.71, ""pm4_0"": 4416.4, ""pm2_5"": 4416.4, ""pm1_0"": 4211.3, ""pm10"": 4416.4, ""nox"": 1.0, ""mass_c"": 4365.125, ""hum"": 41.11}, ""scd41"": {""temp"": 24.45525, ""hum"": 42.87022, ""co2"": 711}, ""power_source"": 0, ""mics6814"": {""red_res"": 0, ""no2_res"": 0, ""no2"": 0.17, ""nh3_res"": 0, ""nh3"": 0.73, ""co_res"": 0, ""co"": 44.0}}",NULL,"2025-10-29 13:12:02.41594"
16062,"04a600b9b0b8","2025-10-29 13:10:47","Lj949Vz94CYUFktMQMnW","{""bme688"": [{""temp"": 24.8044, ""step"": 9, ""status"": 1, ""pres"": 977.855, ""meas_profile"": ""HP-8"", ""meas_id"": 8, ""hum"": 33.07104, ""gas_res"": 5684.846}, {""temp"": 24.80026, ""step"": 9, ""status"": 1, ""pres"": 977.9886, ""meas_profile"": ""HP-7"", ""meas_id"": 7, ""hum"": 33.00153, ""gas_res"": 6827.395}, {""temp"": 24.87777, ""step"": 9, ""status"": 1, ""pres"": 978.1283, ""meas_profile"": ""HP-6"", ""meas_id"": 6, ""hum"": 32.8489, ""gas_res"": 9067.725}, {""temp"": 24.79877, ""step"": 9, ""status"": 1, ""pres"": 977.8508, ""meas_profile"": ""HP-5"", ""meas_id"": 5, ""hum"": 33.03091, ""gas_res"": 25000.0}, {""temp"": 24.56404, ""step"": 9, ""status"": 1, ""pres"": 978.0222, ""meas_profile"": ""HP-4"", ""meas_id"": 4, ""hum"": 32.57566, ""gas_res"": 25000.0}, {""temp"": 24.70856, ""step"": 9, ""status"": 1, ""pres"": 977.6731, ""meas_profile"": ""HP-3"", ""meas_id"": 3, ""hum"": 32.98176, ""gas_res"": 7964.161}, {""temp"": 24.63599, ""step"": 9, ""status"": 1, ""pres"": 977.7556, ""meas_profile"": ""HP-2"", ""meas_id"": 2, ""hum"": 33.26418, ""gas_res"": 10515.94}, {""temp"": 24.41573, ""step"": 9, ""status"": 1, ""pres"": 977.8858, ""meas_profile"": ""HP-1"", ""meas_id"": 1, ""hum"": 32.64629, ""gas_res"": 7789.679}]}",NULL,"2025-10-29 13:12:03.82715"
16063,"04a600b9b0b8","2025-10-29 13:10:47","Lj949Vz94CYUFktMQMnW","{""bme688"": [{""temp"": 24.80378, ""step"": 8, ""status"": 1, ""pres"": 977.8557, ""meas_profile"": ""HP-8"", ""meas_id"": 8, ""hum"": 33.09944, ""gas_res"": 5684.846}, {""temp"": 24.79964, ""step"": 8, ""status"": 1, ""pres"": 977.9877, ""meas_profile"": ""HP-7"", ""meas_id"": 7, ""hum"": 32.99022, ""gas_res"": 6844.92}, {""temp"": 24.87747, ""step"": 8, ""status"": 1, ""pres"": 978.1278, ""meas_profile"": ""HP-6"", ""meas_id"": 6, ""hum"": 32.82035, ""gas_res"": 9504.01}, {""temp"": 24.79846, ""step"": 8, ""status"": 1, ""pres"": 977.8504, ""meas_profile"": ""HP-5"", ""meas_id"": 5, ""hum"": 33.04216, ""gas_res"": 25000.0}, {""temp"": 24.56404, ""step"": 8, ""status"": 1, ""pres"": 978.0222, ""meas_profile"": ""HP-4"", ""meas_id"": 4, ""hum"": 32.56996, ""gas_res"": 25000.0}, {""temp"": 24.70825, ""step"": 8, ""status"": 1, ""pres"": 977.6744, ""meas_profile"": ""HP-3"", ""meas_id"": 3, ""hum"": 32.98173, ""gas_res"": 7509.974}, {""temp"": 24.63568, ""step"": 8, ""status"": 1, ""pres"": 977.7552, ""meas_profile"": ""HP-2"", ""meas_id"": 2, ""hum"": 33.26415, ""gas_res"": 10958.9}, {""temp"": 24.41542, ""step"": 8, ""status"": 1, ""pres"": 977.8853, ""meas_profile"": ""HP-1"", ""meas_id"": 1, ""hum"": 32.6346, ""gas_res"": 8298.755}]}",NULL,"2025-10-29 13:12:05.013017"
16064,"04a600b9b0b8","2025-10-29 13:10:47","Lj949Vz94CYUFktMQMnW","{""bme688"": [{""temp"": 24.80317, ""step"": 7, ""status"": 1, ""pres"": 977.8547, ""meas_profile"": ""HP-8"", ""meas_id"": 8, ""hum"": 33.09938, ""gas_res"": 5684.846}, {""temp"": 24.79902, ""step"": 7, ""status"": 1, ""pres"": 977.9883, ""meas_profile"": ""HP-7"", ""meas_id"": 7, ""hum"": 32.99578, ""gas_res"": 6862.535}, {""temp"": 24.87716, ""step"": 7, ""status"": 1, ""pres"": 978.1291, ""meas_profile"": ""HP-6"", ""meas_id"": 6, ""hum"": 32.83173, ""gas_res"": 9641.458}, {""temp"": 24.79815, ""step"": 7, ""status"": 1, ""pres"": 977.8499, ""meas_profile"": ""HP-5"", ""meas_id"": 5, ""hum"": 33.02521, ""gas_res"": 25000.0}, {""temp"": 24.56373, ""step"": 7, ""status"": 1, ""pres"": 978.0234, ""meas_profile"": ""HP-4"", ""meas_id"": 4, ""hum"": 32.57563, ""gas_res"": 25000.0}, {""temp"": 24.70794, ""step"": 7, ""status"": 1, ""pres"": 977.6738, ""meas_profile"": ""HP-3"", ""meas_id"": 3, ""hum"": 32.97599, ""gas_res"": 7563.224}, {""temp"": 24.63537, ""step"": 7, ""status"": 1, ""pres"": 977.7546, ""meas_profile"": ""HP-2"", ""meas_id"": 2, ""hum"": 33.298, ""gas_res"": 10836.44}, {""temp"": 24.41511, ""step"": 7, ""status"": 1, ""pres"": 977.8865, ""meas_profile"": ""HP-1"", ""meas_id"": 1, ""hum"": 32.62292, ""gas_res"": 8383.547}]}",NULL,"2025-10-29 13:12:06.294572"
16065,"04a600b9b0b8","2025-10-29 13:10:47","Lj949Vz94CYUFktMQMnW","{""bme688"": [{""temp"": 24.80255, ""step"": 6, ""status"": 1, ""pres"": 977.8538, ""meas_profile"": ""HP-8"", ""meas_id"": 8, ""hum"": 33.08226, ""gas_res"": 16520.39}, {""temp"": 24.7984, ""step"": 6, ""status"": 1, ""pres"": 977.9888, ""meas_profile"": ""HP-7"", ""meas_id"": 7, ""hum"": 32.98448, ""gas_res"": 22237.67}, {""temp"": 24.87685, ""step"": 6, ""status"": 1, ""pres"": 978.1285, ""meas_profile"": ""HP-6"", ""meas_id"": 6, ""hum"": 32.826, ""gas_res"": 44802.24}, {""temp"": 24.79752, ""step"": 6, ""status"": 1, ""pres"": 977.8505, ""meas_profile"": ""HP-5"", ""meas_id"": 5, ""hum"": 33.03079, ""gas_res"": 146831.1}, {""temp"": 24.56311, ""step"": 6, ""status"": 1, ""pres"": 978.0223, ""meas_profile"": ""HP-4"", ""meas_id"": 4, ""hum"": 32.56987, ""gas_res"": 132368.2}, {""temp"": 24.70794, ""step"": 6, ""status"": 1, ""pres"": 977.6738, ""meas_profile"": ""HP-3"", ""meas_id"": 3, ""hum"": 32.98741, ""gas_res"": 100000.0}, {""temp"": 24.63506, ""step"": 6, ""status"": 1, ""pres"": 977.7542, ""meas_profile"": ""HP-2"", ""meas_id"": 2, ""hum"": 33.26974, ""gas_res"": 127236.6}, {""temp"": 24.4148, ""step"": 6, ""status"": 1, ""pres"": 977.8861, ""meas_profile"": ""HP-1"", ""meas_id"": 1, ""hum"": 32.64038, ""gas_res"": 97952.94}]}",NULL,"2025-10-29 13:12:07.573209"
16066,"04a600b9b0b8","2025-10-29 13:10:47","Lj949Vz94CYUFktMQMnW","{""bme688"": [{""temp"": 24.80193, ""step"": 5, ""status"": 1, ""pres"": 977.8546, ""meas_profile"": ""HP-8"", ""meas_id"": 8, ""hum"": 33.09927, ""gas_res"": 16533.2}, {""temp"": 24.79778, ""step"": 5, ""status"": 1, ""pres"": 977.9878, ""meas_profile"": ""HP-7"", ""meas_id"": 7, ""hum"": 33.0013, ""gas_res"": 22307.42}, {""temp"": 24.87654, ""step"": 5, ""status"": 1, ""pres"": 978.1281, ""meas_profile"": ""HP-6"", ""meas_id"": 6, ""hum"": 32.82026, ""gas_res"": 45181.79}, {""temp"": 24.79721, ""step"": 5, ""status"": 1, ""pres"": 977.8502, ""meas_profile"": ""HP-5"", ""meas_id"": 5, ""hum"": 33.03076, ""gas_res"": 147338.1}, {""temp"": 24.56248, ""step"": 5, ""status"": 1, ""pres"": 978.0229, ""meas_profile"": ""HP-4"", ""meas_id"": 4, ""hum"": 32.56411, ""gas_res"": 134136.8}, {""temp"": 24.70763, ""step"": 5, ""status"": 1, ""pres"": 977.6733, ""meas_profile"": ""HP-3"", ""meas_id"": 3, ""hum"": 32.99309, ""gas_res"": 93635.7}, {""temp"": 24.63444, ""step"": 5, ""status"": 1, ""pres"": 977.7531, ""meas_profile"": ""HP-2"", ""meas_id"": 2, ""hum"": 33.26968, ""gas_res"": 126388.5}, {""temp"": 24.41418, ""step"": 5, ""status"": 1, ""pres"": 977.8869, ""meas_profile"": ""HP-1"", ""meas_id"": 1, ""hum"": 32.63449, ""gas_res"": 96132.18}]}",NULL,"2025-10-29 13:12:08.956386"
16067,"04a600b9b0b8","2025-10-29 13:10:47","Lj949Vz94CYUFktMQMnW","{""bme688"": [{""temp"": 24.80162, ""step"": 4, ""status"": 1, ""pres"": 977.8541, ""meas_profile"": ""HP-8"", ""meas_id"": 8, ""hum"": 33.10493, ""gas_res"": 16520.39}, {""temp"": 24.79716, ""step"": 4, ""status"": 1, ""pres"": 977.9868, ""meas_profile"": ""HP-7"", ""meas_id"": 7, ""hum"": 32.99562, ""gas_res"": 22307.42}, {""temp"": 24.87592, ""step"": 4, ""status"": 1, ""pres"": 978.1287, ""meas_profile"": ""HP-6"", ""meas_id"": 6, ""hum"": 32.83161, ""gas_res"": 45616.54}, {""temp"": 24.7969, ""step"": 4, ""status"": 1, ""pres"": 977.8494, ""meas_profile"": ""HP-5"", ""meas_id"": 5, ""hum"": 33.04201, ""gas_res"": 149532.7}, {""temp"": 24.56218, ""step"": 4, ""status"": 1, ""pres"": 978.0225, ""meas_profile"": ""HP-4"", ""meas_id"": 4, ""hum"": 32.58691, ""gas_res"": 136387.9}, {""temp"": 24.70732, ""step"": 4, ""status"": 1, ""pres"": 977.6746, ""meas_profile"": ""HP-3"", ""meas_id"": 3, ""hum"": 32.98735, ""gas_res"": 91822.09}, {""temp"": 24.63382, ""step"": 4, ""status"": 1, ""pres"": 977.7521, ""meas_profile"": ""HP-2"", ""meas_id"": 2, ""hum"": 33.29221, ""gas_res"": 125922.3}, {""temp"": 24.41355, ""step"": 4, ""status"": 1, ""pres"": 977.886, ""meas_profile"": ""HP-1"", ""meas_id"": 1, ""hum"": 32.62277, ""gas_res"": 94797.26}]}",NULL,"2025-10-29 13:12:10.136143"
16068,"04a600b9b0b8","2025-10-29 13:10:47","Lj949Vz94CYUFktMQMnW","{""bme688"": [{""temp"": 24.801, ""step"": 3, ""status"": 0, ""pres"": 977.853, ""meas_profile"": ""HP-8"", ""meas_id"": 8, ""hum"": 33.10487, ""gas_res"": 8524.241}, {""temp"": 24.79654, ""step"": 3, ""status"": 0, ""pres"": 977.9875, ""meas_profile"": ""HP-7"", ""meas_id"": 7, ""hum"": 33.02369, ""gas_res"": 10858.5}, {""temp"": 24.87531, ""step"": 3, ""status"": 0, ""pres"": 978.1277, ""meas_profile"": ""HP-6"", ""meas_id"": 6, ""hum"": 32.84296, ""gas_res"": 23818.38}, {""temp"": 24.79627, ""step"": 3, ""status"": 0, ""pres"": 977.8501, ""meas_profile"": ""HP-5"", ""meas_id"": 5, ""hum"": 33.05887, ""gas_res"": 47690.02}, {""temp"": 24.56155, ""step"": 3, ""status"": 0, ""pres"": 978.0231, ""meas_profile"": ""HP-4"", ""meas_id"": 4, ""hum"": 32.58114, ""gas_res"": 40660.74}, {""temp"": 24.7067, ""step"": 3, ""status"": 0, ""pres"": 977.6735, ""meas_profile"": ""HP-3"", ""meas_id"": 3, ""hum"": 32.993, ""gas_res"": 29217.07}, {""temp"": 24.63351, ""step"": 3, ""status"": 0, ""pres"": 977.7515, ""meas_profile"": ""HP-2"", ""meas_id"": 2, ""hum"": 33.28089, ""gas_res"": 48283.67}, {""temp"": 24.41324, ""step"": 3, ""status"": 0, ""pres"": 977.8875, ""meas_profile"": ""HP-1"", ""meas_id"": 1, ""hum"": 32.64606, ""gas_res"": 30977.73}]}",NULL,"2025-10-29 13:12:11.417641"
16069,"04a600b9b0b8","2025-10-29 13:10:47","Lj949Vz94CYUFktMQMnW","{""bme688"": [{""temp"": 24.80038, ""step"": 2, ""status"": 1, ""pres"": 977.8522, ""meas_profile"": ""HP-8"", ""meas_id"": 8, ""hum"": 33.12758, ""gas_res"": 24251.61}, {""temp"": 24.79592, ""step"": 2, ""status"": 1, ""pres"": 977.9865, ""meas_profile"": ""HP-7"", ""meas_id"": 7, ""hum"": 33.00676, ""gas_res"": 33853.48}, {""temp"": 24.87469, ""step"": 2, ""status"": 1, ""pres"": 978.1284, ""meas_profile"": ""HP-6"", ""meas_id"": 6, ""hum"": 32.85431, ""gas_res"": 104362.0}, {""temp"": 24.79596, ""step"": 2, ""status"": 1, ""pres"": 977.8497, ""meas_profile"": ""HP-5"", ""meas_id"": 5, ""hum"": 33.0532, ""gas_res"": 238973.2}, {""temp"": 24.56093, ""step"": 2, ""status"": 1, ""pres"": 978.022, ""meas_profile"": ""HP-4"", ""meas_id"": 4, ""hum"": 32.5925, ""gas_res"": 248906.2}, {""temp"": 24.70609, ""step"": 2, ""status"": 1, ""pres"": 977.6725, ""meas_profile"": ""HP-3"", ""meas_id"": 3, ""hum"": 33.01578, ""gas_res"": 140082.1}, {""temp"": 24.63288, ""step"": 2, ""status"": 1, ""pres"": 977.7505, ""meas_profile"": ""HP-2"", ""meas_id"": 2, ""hum"": 33.28648, ""gas_res"": 268273.5}, {""temp"": 24.41262, ""step"": 2, ""status"": 1, ""pres"": 977.8864, ""meas_profile"": ""HP-1"", ""meas_id"": 1, ""hum"": 32.62269, ""gas_res"": 184438.0}]}",NULL,"2025-10-29 13:12:12.697133"
16070,"04a600b9b0b8","2025-10-29 13:10:47","Lj949Vz94CYUFktMQMnW","{""bme688"": [{""temp"": 24.80008, ""step"": 1, ""status"": 1, ""pres"": 977.8517, ""meas_profile"": ""HP-8"", ""meas_id"": 8, ""hum"": 33.12756, ""gas_res"": 9606.725}, {""temp"": 24.79529, ""step"": 1, ""status"": 1, ""pres"": 977.9871, ""meas_profile"": ""HP-7"", ""meas_id"": 7, ""hum"": 33.01795, ""gas_res"": 16108.73}, {""temp"": 24.87438, ""step"": 1, ""status"": 1, ""pres"": 978.128, ""meas_profile"": ""HP-6"", ""meas_id"": 6, ""hum"": 32.85429, ""gas_res"": 25000.0}, {""temp"": 24.79565, ""step"": 1, ""status"": 1, ""pres"": 977.8491, ""meas_profile"": ""HP-5"", ""meas_id"": 5, ""hum"": 33.08137, ""gas_res"": 44943.82}, {""temp"": 24.56093, ""step"": 1, ""status"": 1, ""pres"": 978.0237, ""meas_profile"": ""HP-4"", ""meas_id"": 4, ""hum"": 32.60963, ""gas_res"": 36394.66}, {""temp"": 24.70609, ""step"": 1, ""status"": 1, ""pres"": 977.6725, ""meas_profile"": ""HP-3"", ""meas_id"": 3, ""hum"": 32.99295, ""gas_res"": 25093.12}, {""temp"": 24.63288, ""step"": 1, ""status"": 1, ""pres"": 977.7505, ""meas_profile"": ""HP-2"", ""meas_id"": 2, ""hum"": 33.28084, ""gas_res"": 39312.04}, {""temp"": 24.41231, ""step"": 1, ""status"": 1, ""pres"": 977.8878, ""meas_profile"": ""HP-1"", ""meas_id"": 1, ""hum"": 32.66348, ""gas_res"": 27292.11}]}",NULL,"2025-10-29 13:12:14.074118"
16071,"04a600b9b0b8","2025-10-29 13:10:47","Lj949Vz94CYUFktMQMnW","{""bme688"": [{""temp"": 24.79946, ""step"": 0, ""status"": 1, ""pres"": 977.8524, ""meas_profile"": ""HP-8"", ""meas_id"": 8, ""hum"": 33.1275, ""gas_res"": 5901.881}, {""temp"": 24.79467, ""step"": 0, ""status"": 1, ""pres"": 977.986, ""meas_profile"": ""HP-7"", ""meas_id"": 7, ""hum"": 33.02352, ""gas_res"": 7254.591}, {""temp"": 24.87407, ""step"": 0, ""status"": 1, ""pres"": 978.1292, ""meas_profile"": ""HP-6"", ""meas_id"": 6, ""hum"": 32.85426, ""gas_res"": 9937.889}, {""temp"": 24.79534, ""step"": 0, ""status"": 1, ""pres"": 977.8504, ""meas_profile"": ""HP-5"", ""meas_id"": 5, ""hum"": 33.0757, ""gas_res"": 25000.0}, {""temp"": 24.56062, ""step"": 0, ""status"": 1, ""pres"": 978.0231, ""meas_profile"": ""HP-4"", ""meas_id"": 4, ""hum"": 32.57536, ""gas_res"": 25000.0}, {""temp"": 24.70578, ""step"": 0, ""status"": 1, ""pres"": 977.6738, ""meas_profile"": ""HP-3"", ""meas_id"": 3, ""hum"": 32.99292, ""gas_res"": 7457.469}, {""temp"": 24.63258, ""step"": 0, ""status"": 1, ""pres"": 977.7501, ""meas_profile"": ""HP-2"", ""meas_id"": 2, ""hum"": 33.28645, ""gas_res"": 10578.51}, {""temp"": 24.412, ""step"": 0, ""status"": 1, ""pres"": 977.8873, ""meas_profile"": ""HP-1"", ""meas_id"": 1, ""hum"": 32.62846, ""gas_res"": 8134.214}]}",NULL,"2025-10-29 13:12:15.254637"
16072,"04a600b9b0b8","2025-10-29 13:10:20","Lj949Vz94CYUFktMQMnW","{""zphs01b"": {""voc"": 0, ""temp"": 22.7, ""pm2_5"": 0, ""pm1_0"": 0, ""pm10"": 314, ""o3"": 0.12, ""no2"": 10.0, ""hum"": 0, ""fmhd"": 0, ""co2"": 5000, ""co"": 0.0}, ""smell_b"": {}, ""sfa30"": {""temp"": 24.755, ""hum"": 35.79, ""fmhd"": 2.2}, ""sen5x"": {""voc"": 114.0, ""temp"": 24.73, ""pm4_0"": 4462.0, ""pm2_5"": 4462.0, ""pm1_0"": 4254.8, ""pm10"": 4462.0, ""nox"": 1.0, ""mass_c"": 4410.2, ""hum"": 41.03}, ""scd41"": {""temp"": 24.41253, ""hum"": 42.84428, ""co2"": 712}, ""power_source"": 0, ""mics6814"": {""red_res"": 0, ""no2_res"": 0, ""no2"": 0.17, ""nh3_res"": 0, ""nh3"": 0.73, ""co_res"": 0, ""co"": 44.0}}",NULL,"2025-10-29 13:12:16.432069"
16073,"04a600b9b0b8","2025-10-29 13:10:20","Lj949Vz94CYUFktMQMnW","{""bme688"": [{""temp"": 24.79884, ""step"": 9, ""status"": 1, ""pres"": 977.8515, ""meas_profile"": ""HP-8"", ""meas_id"": 8, ""hum"": 33.11037, ""gas_res"": 5684.846}, {""temp"": 24.79436, ""step"": 9, ""status"": 1, ""pres"": 977.9855, ""meas_profile"": ""HP-7"", ""meas_id"": 7, ""hum"": 33.01787, ""gas_res"": 6644.518}, {""temp"": 24.87376, ""step"": 9, ""status"": 1, ""pres"": 978.1287, ""meas_profile"": ""HP-6"", ""meas_id"": 6, ""hum"": 32.82001, ""gas_res"": 8524.241}, {""temp"": 24.79502, ""step"": 9, ""status"": 1, ""pres"": 977.8498, ""meas_profile"": ""HP-5"", ""meas_id"": 5, ""hum"": 33.05311, ""gas_res"": 25000.0}, {""temp"": 24.56031, ""step"": 9, ""status"": 1, ""pres"": 978.0244, ""meas_profile"": ""HP-4"", ""meas_id"": 4, ""hum"": 32.57533, ""gas_res"": 22471.91}, {""temp"": 24.70547, ""step"": 9, ""status"": 1, ""pres"": 977.6731, ""meas_profile"": ""HP-3"", ""meas_id"": 3, ""hum"": 32.98148, ""gas_res"": 7264.472}, {""temp"": 24.63227, ""step"": 9, ""status"": 1, ""pres"": 977.7495, ""meas_profile"": ""HP-2"", ""meas_id"": 2, ""hum"": 33.26948, ""gas_res"": 9667.674}, {""temp"": 24.412, ""step"": 9, ""status"": 1, ""pres"": 977.8873, ""meas_profile"": ""HP-1"", ""meas_id"": 1, ""hum"": 32.59349, ""gas_res"": 7225.107}]}",NULL,"2025-10-29 13:12:17.816474"
16074,"04a600b9b0b8","2025-10-29 13:10:20","Lj949Vz94CYUFktMQMnW","{""bme688"": [{""temp"": 24.79822, ""step"": 8, ""status"": 1, ""pres"": 977.8522, ""meas_profile"": ""HP-8"", ""meas_id"": 8, ""hum"": 33.10462, ""gas_res"": 5684.846}, {""temp"": 24.79374, ""step"": 8, ""status"": 1, ""pres"": 977.9861, ""meas_profile"": ""HP-7"", ""meas_id"": 7, ""hum"": 33.01781, ""gas_res"": 6707.189}, {""temp"": 24.87345, ""step"": 8, ""status"": 1, ""pres"": 978.1282, ""meas_profile"": ""HP-6"", ""meas_id"": 6, ""hum"": 32.83709, ""gas_res"": 8812.999}, {""temp"": 24.79471, ""step"": 8, ""status"": 1, ""pres"": 977.851, ""meas_profile"": ""HP-5"", ""meas_id"": 5, ""hum"": 33.06436, ""gas_res"": 25000.0}, {""temp"": 24.56, ""step"": 8, ""status"": 1, ""pres"": 978.0239, ""meas_profile"": ""HP-4"", ""meas_id"": 4, ""hum"": 32.5753, ""gas_res"": 22284.12}, {""temp"": 24.70516, ""step"": 8, ""status"": 1, ""pres"": 977.6727, ""meas_profile"": ""HP-3"", ""meas_id"": 3, ""hum"": 32.97574, ""gas_res"": 6947.46}, {""temp"": 24.63227, ""step"": 8, ""status"": 1, ""pres"": 977.7495, ""meas_profile"": ""HP-2"", ""meas_id"": 2, ""hum"": 33.26948, ""gas_res"": 9694.032}, {""temp"": 24.41169, ""step"": 8, ""status"": 1, ""pres"": 977.8887, ""meas_profile"": ""HP-1"", ""meas_id"": 1, ""hum"": 32.57598, ""gas_res"": 7467.911}]}",NULL,"2025-10-29 13:12:19.205352"
16075,"04a600b9b0b8","2025-10-29 13:10:20","Lj949Vz94CYUFktMQMnW","{""bme688"": [{""temp"": 24.79761, ""step"": 7, ""status"": 1, ""pres"": 977.8512, ""meas_profile"": ""HP-8"", ""meas_id"": 8, ""hum"": 33.11594, ""gas_res"": 5684.846}, {""temp"": 24.79312, ""step"": 7, ""status"": 1, ""pres"": 977.9852, ""meas_profile"": ""HP-7"", ""meas_id"": 7, ""hum"": 33.02901, ""gas_res"": 6652.807}, {""temp"": 24.87284, ""step"": 7, ""status"": 1, ""pres"": 978.1273, ""meas_profile"": ""HP-6"", ""meas_id"": 6, ""hum"": 32.85415, ""gas_res"": 8827.586}, {""temp"": 24.7944, ""step"": 7, ""status"": 1, ""pres"": 977.8505, ""meas_profile"": ""HP-5"", ""meas_id"": 5, ""hum"": 33.06433, ""gas_res"": 25000.0}, {""temp"": 24.55969, ""step"": 7, ""status"": 1, ""pres"": 978.0251, ""meas_profile"": ""HP-4"", ""meas_id"": 4, ""hum"": 32.56386, ""gas_res"": 21199.07}, {""temp"": 24.70454, ""step"": 7, ""status"": 1, ""pres"": 977.6716, ""meas_profile"": ""HP-3"", ""meas_id"": 3, ""hum"": 32.99851, ""gas_res"": 6702.975}, {""temp"": 24.63195, ""step"": 7, ""status"": 1, ""pres"": 977.7491, ""meas_profile"": ""HP-2"", ""meas_id"": 2, ""hum"": 33.28074, ""gas_res"": 9395.185}, {""temp"": 24.41138, ""step"": 7, ""status"": 1, ""pres"": 977.8879, ""meas_profile"": ""HP-1"", ""meas_id"": 1, ""hum"": 32.59343, ""gas_res"": 7552.514}]}",NULL,"2025-10-29 13:12:20.376886"
16076,"04a600b9b0b8","2025-10-29 13:10:20","Lj949Vz94CYUFktMQMnW","{""bme688"": [{""temp"": 24.79699, ""step"": 6, ""status"": 1, ""pres"": 977.8503, ""meas_profile"": ""HP-8"", ""meas_id"": 8, ""hum"": 33.12727, ""gas_res"": 16753.93}, {""temp"": 24.7925, ""step"": 6, ""status"": 1, ""pres"": 977.9842, ""meas_profile"": ""HP-7"", ""meas_id"": 7, ""hum"": 33.03457, ""gas_res"": 21739.13}, {""temp"": 24.87284, ""step"": 6, ""status"": 1, ""pres"": 978.129, ""meas_profile"": ""HP-6"", ""meas_id"": 6, ""hum"": 32.84844, ""gas_res"": 40163.16}, {""temp"": 24.79377, ""step"": 6, ""status"": 1, ""pres"": 977.8495, ""meas_profile"": ""HP-5"", ""meas_id"": 5, ""hum"": 33.06428, ""gas_res"": 126108.4}, {""temp"": 24.55907, ""step"": 6, ""status"": 1, ""pres"": 978.0256, ""meas_profile"": ""HP-4"", ""meas_id"": 4, ""hum"": 32.58092, ""gas_res"": 112478.0}, {""temp"": 24.70423, ""step"": 6, ""status"": 1, ""pres"": 977.6711, ""meas_profile"": ""HP-3"", ""meas_id"": 3, ""hum"": 32.99277, ""gas_res"": 79061.15}, {""temp"": 24.63133, ""step"": 6, ""status"": 1, ""pres"": 977.748, ""meas_profile"": ""HP-2"", ""meas_id"": 2, ""hum"": 33.2694, ""gas_res"": 104298.2}, {""temp"": 24.41106, ""step"": 6, ""status"": 1, ""pres"": 977.8894, ""meas_profile"": ""HP-1"", ""meas_id"": 1, ""hum"": 32.60506, ""gas_res"": 100000.0}]}",NULL,"2025-10-29 13:12:21.657639"
16077,"04a600b9b0b8","2025-10-29 13:10:20","Lj949Vz94CYUFktMQMnW","{""bme688"": [{""temp"": 24.79637, ""step"": 5, ""status"": 1, ""pres"": 977.8512, ""meas_profile"": ""HP-8"", ""meas_id"": 8, ""hum"": 33.12722, ""gas_res"": 16780.28}, {""temp"": 24.79188, ""step"": 5, ""status"": 1, ""pres"": 977.9849, ""meas_profile"": ""HP-7"", ""meas_id"": 7, ""hum"": 33.03452, ""gas_res"": 21761.31}, {""temp"": 24.87253, ""step"": 5, ""status"": 1, ""pres"": 978.1302, ""meas_profile"": ""HP-6"", ""meas_id"": 6, ""hum"": 32.85982, ""gas_res"": 40583.39}, {""temp"": 24.79314, ""step"": 5, ""status"": 1, ""pres"": 977.8502, ""meas_profile"": ""HP-5"", ""meas_id"": 5, ""hum"": 33.05858, ""gas_res"": 127141.8}, {""temp"": 24.55845, ""step"": 5, ""status"": 1, ""pres"": 978.0247, ""meas_profile"": ""HP-4"", ""meas_id"": 4, ""hum"": 32.59228, ""gas_res"": 112256.1}, {""temp"": 24.70361, ""step"": 5, ""status"": 1, ""pres"": 977.6702, ""meas_profile"": ""HP-3"", ""meas_id"": 3, ""hum"": 32.99843, ""gas_res"": 77062.01}, {""temp"": 24.63071, ""step"": 5, ""status"": 1, ""pres"": 977.7452, ""meas_profile"": ""HP-2"", ""meas_id"": 2, ""hum"": 33.28064, ""gas_res"": 103163.4}, {""temp"": 24.41075, ""step"": 5, ""status"": 1, ""pres"": 977.8907, ""meas_profile"": ""HP-1"", ""meas_id"": 1, ""hum"": 32.62835, ""gas_res"": 100000.0}]}",NULL,"2025-10-29 13:12:22.934638"
16078,"04a600b9b0b8","2025-10-29 13:10:20","Lj949Vz94CYUFktMQMnW","{""bme688"": [{""temp"": 24.79575, ""step"": 4, ""status"": 1, ""pres"": 977.8503, ""meas_profile"": ""HP-8"", ""meas_id"": 8, ""hum"": 33.13854, ""gas_res"": 16767.09}, {""temp"": 24.79157, ""step"": 4, ""status"": 1, ""pres"": 977.9844, ""meas_profile"": ""HP-7"", ""meas_id"": 7, ""hum"": 33.05137, ""gas_res"": 21783.53}, {""temp"": 24.87222, ""step"": 4, ""status"": 1, ""pres"": 978.1298, ""meas_profile"": ""HP-6"", ""meas_id"": 6, ""hum"": 32.84838, ""gas_res"": 40622.02}, {""temp"": 24.79252, ""step"": 4, ""status"": 1, ""pres"": 977.8491, ""meas_profile"": ""HP-5"", ""meas_id"": 5, ""hum"": 33.05853, ""gas_res"": 129162.5}, {""temp"": 24.55783, ""step"": 4, ""status"": 1, ""pres"": 978.0254, ""meas_profile"": ""HP-4"", ""meas_id"": 4, ""hum"": 32.60935, ""gas_res"": 113149.2}, {""temp"": 24.70299, ""step"": 4, ""status"": 1, ""pres"": 977.6691, ""meas_profile"": ""HP-3"", ""meas_id"": 3, ""hum"": 32.99266, ""gas_res"": 46360.02}, {""temp"": 24.6304, ""step"": 4, ""status"": 1, ""pres"": 977.7464, ""meas_profile"": ""HP-2"", ""meas_id"": 2, ""hum"": 33.29189, ""gas_res"": 100372.5}, {""temp"": 24.41013, ""step"": 4, ""status"": 1, ""pres"": 977.8897, ""meas_profile"": ""HP-1"", ""meas_id"": 1, ""hum"": 32.64578, ""gas_res"": 100000.0}]}",NULL,"2025-10-29 13:12:24.314311"
16079,"04a600b9b0b8","2025-10-29 13:10:20","Lj949Vz94CYUFktMQMnW","{""bme688"": [{""temp"": 24.79513, ""step"": 3, ""status"": 0, ""pres"": 977.8492, ""meas_profile"": ""HP-8"", ""meas_id"": 8, ""hum"": 33.14418, ""gas_res"": 8879.023}, {""temp"": 24.79095, ""step"": 3, ""status"": 0, ""pres"": 977.9832, ""meas_profile"": ""HP-7"", ""meas_id"": 7, ""hum"": 33.04006, ""gas_res"": 10925.23}, {""temp"": 24.87129, ""step"": 3, ""status"": 0, ""pres"": 978.1281, ""meas_profile"": ""HP-6"", ""meas_id"": 6, ""hum"": 32.88253, ""gas_res"": 21717.0}, {""temp"": 24.79189, ""step"": 3, ""status"": 0, ""pres"": 977.848, ""meas_profile"": ""HP-5"", ""meas_id"": 5, ""hum"": 33.08102, ""gas_res"": 42356.05}, {""temp"": 24.5572, ""step"": 3, ""status"": 0, ""pres"": 978.0242, ""meas_profile"": ""HP-4"", ""meas_id"": 4, ""hum"": 32.60929, ""gas_res"": 35694.37}, {""temp"": 24.70238, ""step"": 3, ""status"": 0, ""pres"": 977.6697, ""meas_profile"": ""HP-3"", ""meas_id"": 3, ""hum"": 33.02115, ""gas_res"": 25196.85}, {""temp"": 24.62947, ""step"": 3, ""status"": 0, ""pres"": 977.7448, ""meas_profile"": ""HP-2"", ""meas_id"": 2, ""hum"": 33.3031, ""gas_res"": 39900.25}, {""temp"": 24.40951, ""step"": 3, ""status"": 0, ""pres"": 977.8907, ""meas_profile"": ""HP-1"", ""meas_id"": 1, ""hum"": 32.64573, ""gas_res"": 26332.03}]}",NULL,"2025-10-29 13:12:25.495745"
16080,"04a600b9b0b8","2025-10-29 13:10:20","Lj949Vz94CYUFktMQMnW","{""bme688"": [{""temp"": 24.79483, ""step"": 2, ""status"": 1, ""pres"": 977.8503, ""meas_profile"": ""HP-8"", ""meas_id"": 8, ""hum"": 33.15554, ""gas_res"": 28231.14}, {""temp"": 24.79033, ""step"": 2, ""status"": 1, ""pres"": 977.9838, ""meas_profile"": ""HP-7"", ""meas_id"": 7, ""hum"": 33.06252, ""gas_res"": 38016.04}, {""temp"": 24.87067, ""step"": 2, ""status"": 1, ""pres"": 978.129, ""meas_profile"": ""HP-6"", ""meas_id"": 6, ""hum"": 32.87676, ""gas_res"": 107994.1}, {""temp"": 24.79127, ""step"": 2, ""status"": 1, ""pres"": 977.847, ""meas_profile"": ""HP-5"", ""meas_id"": 5, ""hum"": 33.08661, ""gas_res"": 243230.4}, {""temp"": 24.55658, ""step"": 2, ""status"": 1, ""pres"": 978.025, ""meas_profile"": ""HP-4"", ""meas_id"": 4, ""hum"": 32.62065, ""gas_res"": 240997.9}, {""temp"": 24.70176, ""step"": 2, ""status"": 1, ""pres"": 977.6688, ""meas_profile"": ""HP-3"", ""meas_id"": 3, ""hum"": 33.02109, ""gas_res"": 131046.8}, {""temp"": 24.62885, ""step"": 2, ""status"": 1, ""pres"": 977.742, ""meas_profile"": ""HP-2"", ""meas_id"": 2, ""hum"": 33.3087, ""gas_res"": 241680.4}, {""temp"": 24.40888, ""step"": 2, ""status"": 1, ""pres"": 977.8898, ""meas_profile"": ""HP-1"", ""meas_id"": 1, ""hum"": 32.64567, ""gas_res"": 167429.7}]}",NULL,"2025-10-29 13:12:26.774402"
16081,"04a600b9b0b8","2025-10-29 13:10:20","Lj949Vz94CYUFktMQMnW","{""bme688"": [{""temp"": 24.79452, ""step"": 1, ""status"": 1, ""pres"": 977.8499, ""meas_profile"": ""HP-8"", ""meas_id"": 8, ""hum"": 33.14982, ""gas_res"": 10126.58}, {""temp"": 24.79001, ""step"": 1, ""status"": 1, ""pres"": 977.9835, ""meas_profile"": ""HP-7"", ""meas_id"": 7, ""hum"": 33.07937, ""gas_res"": 16380.85}, {""temp"": 24.87067, ""step"": 1, ""status"": 1, ""pres"": 978.129, ""meas_profile"": ""HP-6"", ""meas_id"": 6, ""hum"": 32.86535, ""gas_res"": 25000.0}, {""temp"": 24.79127, ""step"": 1, ""status"": 1, ""pres"": 977.8488, ""meas_profile"": ""HP-5"", ""meas_id"": 5, ""hum"": 33.10353, ""gas_res"": 39312.04}, {""temp"": 24.55658, ""step"": 1, ""status"": 1, ""pres"": 978.025, ""meas_profile"": ""HP-4"", ""meas_id"": 4, ""hum"": 32.60353, ""gas_res"": 31387.94}, {""temp"": 24.70145, ""step"": 1, ""status"": 1, ""pres"": 977.6683, ""meas_profile"": ""HP-3"", ""meas_id"": 3, ""hum"": 33.01536, ""gas_res"": 25000.0}, {""temp"": 24.62885, ""step"": 1, ""status"": 1, ""pres"": 977.7438, ""meas_profile"": ""HP-2"", ""meas_id"": 2, ""hum"": 33.30305, ""gas_res"": 31573.75}, {""temp"": 24.40857, ""step"": 1, ""status"": 1, ""pres"": 977.891, ""meas_profile"": ""HP-1"", ""meas_id"": 1, ""hum"": 32.66897, ""gas_res"": 25000.0}]}",NULL,"2025-10-29 13:12:28.059284"
16082,"04a600b9b0b8","2025-10-29 13:10:20","Lj949Vz94CYUFktMQMnW","{""bme688"": [{""temp"": 24.79421, ""step"": 0, ""status"": 1, ""pres"": 977.8494, ""meas_profile"": ""HP-8"", ""meas_id"": 8, ""hum"": 33.15548, ""gas_res"": 6347.947}, {""temp"": 24.78939, ""step"": 0, ""status"": 1, ""pres"": 977.9824, ""meas_profile"": ""HP-7"", ""meas_id"": 7, ""hum"": 33.0568, ""gas_res"": 7536.505}, {""temp"": 24.87037, ""step"": 0, ""status"": 1, ""pres"": 978.1284, ""meas_profile"": ""HP-6"", ""meas_id"": 6, ""hum"": 32.88244, ""gas_res"": 9546.539}, {""temp"": 24.79096, ""step"": 0, ""status"": 1, ""pres"": 977.8482, ""meas_profile"": ""HP-5"", ""meas_id"": 5, ""hum"": 33.09786, ""gas_res"": 25000.0}, {""temp"": 24.55627, ""step"": 0, ""status"": 1, ""pres"": 978.0262, ""meas_profile"": ""HP-4"", ""meas_id"": 4, ""hum"": 32.63204, ""gas_res"": 22076.58}, {""temp"": 24.70083, ""step"": 0, ""status"": 1, ""pres"": 977.6674, ""meas_profile"": ""HP-3"", ""meas_id"": 3, ""hum"": 33.0153, ""gas_res"": 6566.797}, {""temp"": 24.62854, ""step"": 0, ""status"": 1, ""pres"": 977.7433, ""meas_profile"": ""HP-2"", ""meas_id"": 2, ""hum"": 33.29737, ""gas_res"": 9036.995}, {""temp"": 24.40826, ""step"": 0, ""status"": 1, ""pres"": 977.8906, ""meas_profile"": ""HP-1"", ""meas_id"": 1, ""hum"": 32.65144, ""gas_res"": 7478.383}]}",NULL,"2025-10-29 13:12:29.42812"
16083,"04a600b9b0b8","2025-10-29 13:12:17","Lj949Vz94CYUFktMQMnW","{""zphs01b"": {""voc"": 0, ""temp"": 22.8, ""pm2_5"": 0, ""pm1_0"": 0, ""pm10"": 299, ""o3"": 0.03, ""no2"": 10.0, ""hum"": 0, ""fmhd"": 0, ""co2"": 5000, ""co"": 0.0}, ""smell_b"": {}, ""sfa30"": {""temp"": 24.88, ""hum"": 35.63, ""fmhd"": 4.2}, ""sen5x"": {""voc"": 122.0, ""temp"": 24.66, ""pm4_0"": 4670.6, ""pm2_5"": 4670.6, ""pm1_0"": 4453.7, ""pm10"": 4670.6, ""nox"": 1.0, ""mass_c"": 4616.375, ""hum"": 41.28}, ""scd41"": {""temp"": 24.54871, ""hum"": 42.72526, ""co2"": 717}, ""power_source"": 0, ""mics6814"": {""red_res"": 0, ""no2_res"": 0, ""no2"": 0.17, ""nh3_res"": 0, ""nh3"": 0.73, ""co_res"": 0, ""co"": 44.0}}",NULL,"2025-10-29 13:13:32.646998"
16084,"04a600b9b0b8","2025-10-29 13:12:17","Lj949Vz94CYUFktMQMnW","{""bme688"": [{""temp"": 24.82232, ""step"": 9, ""status"": 1, ""pres"": 977.8655, ""meas_profile"": ""HP-8"", ""meas_id"": 8, ""hum"": 33.00443, ""gas_res"": 5684.846}, {""temp"": 24.81796, ""step"": 9, ""status"": 1, ""pres"": 977.9962, ""meas_profile"": ""HP-7"", ""meas_id"": 7, ""hum"": 32.91878, ""gas_res"": 6902.502}, {""temp"": 24.89167, ""step"": 9, ""status"": 1, ""pres"": 978.1281, ""meas_profile"": ""HP-6"", ""meas_id"": 6, ""hum"": 32.79883, ""gas_res"": 9075.439}, {""temp"": 24.81253, ""step"": 9, ""status"": 1, ""pres"": 977.8533, ""meas_profile"": ""HP-5"", ""meas_id"": 5, ""hum"": 32.97016, ""gas_res"": 25000.0}, {""temp"": 24.57615, ""step"": 9, ""status"": 1, ""pres"": 978.017, ""meas_profile"": ""HP-4"", ""meas_id"": 4, ""hum"": 32.53111, ""gas_res"": 25000.0}, {""temp"": 24.72, ""step"": 9, ""status"": 1, ""pres"": 977.675, ""meas_profile"": ""HP-3"", ""meas_id"": 3, ""hum"": 32.93715, ""gas_res"": 7946.362}, {""temp"": 24.64748, ""step"": 9, ""status"": 1, ""pres"": 977.7628, ""meas_profile"": ""HP-2"", ""meas_id"": 2, ""hum"": 33.22573, ""gas_res"": 10526.32}, {""temp"": 24.42725, ""step"": 9, ""status"": 1, ""pres"": 977.8764, ""meas_profile"": ""HP-1"", ""meas_id"": 1, ""hum"": 32.78149, ""gas_res"": 7818.226}]}",NULL,"2025-10-29 13:13:33.975098"
16085,"04a600b9b0b8","2025-10-29 13:12:17","Lj949Vz94CYUFktMQMnW","{""bme688"": [{""temp"": 24.82108, ""step"": 8, ""status"": 1, ""pres"": 977.8654, ""meas_profile"": ""HP-8"", ""meas_id"": 8, ""hum"": 32.99863, ""gas_res"": 5684.846}, {""temp"": 24.81703, ""step"": 8, ""status"": 1, ""pres"": 977.9963, ""meas_profile"": ""HP-7"", ""meas_id"": 7, ""hum"": 32.91307, ""gas_res"": 6911.447}, {""temp"": 24.89105, ""step"": 8, ""status"": 1, ""pres"": 978.1288, ""meas_profile"": ""HP-6"", ""meas_id"": 6, ""hum"": 32.79307, ""gas_res"": 9546.539}, {""temp"": 24.81191, ""step"": 8, ""status"": 1, ""pres"": 977.8539, ""meas_profile"": ""HP-5"", ""meas_id"": 5, ""hum"": 32.98137, ""gas_res"": 25000.0}, {""temp"": 24.57584, ""step"": 8, ""status"": 1, ""pres"": 978.0183, ""meas_profile"": ""HP-4"", ""meas_id"": 4, ""hum"": 32.52538, ""gas_res"": 25000.0}, {""temp"": 24.71969, ""step"": 8, ""status"": 1, ""pres"": 977.6761, ""meas_profile"": ""HP-3"", ""meas_id"": 3, ""hum"": 32.94854, ""gas_res"": 7639.055}, {""temp"": 24.64717, ""step"": 8, ""status"": 1, ""pres"": 977.764, ""meas_profile"": ""HP-2"", ""meas_id"": 2, ""hum"": 33.23134, ""gas_res"": 10825.44}, {""temp"": 24.42662, ""step"": 8, ""status"": 1, ""pres"": 977.8772, ""meas_profile"": ""HP-1"", ""meas_id"": 1, ""hum"": 32.75809, ""gas_res"": 8121.828}]}",NULL,"2025-10-29 13:13:35.443408"
16086,"04a600b9b0b8","2025-10-29 13:12:17","Lj949Vz94CYUFktMQMnW","{""bme688"": [{""temp"": 24.82015, ""step"": 7, ""status"": 1, ""pres"": 977.8656, ""meas_profile"": ""HP-8"", ""meas_id"": 8, ""hum"": 33.00422, ""gas_res"": 5684.846}, {""temp"": 24.8161, ""step"": 7, ""status"": 1, ""pres"": 977.9965, ""meas_profile"": ""HP-7"", ""meas_id"": 7, ""hum"": 32.91299, ""gas_res"": 6862.535}, {""temp"": 24.89043, ""step"": 7, ""status"": 1, ""pres"": 978.128, ""meas_profile"": ""HP-6"", ""meas_id"": 6, ""hum"": 32.80442, ""gas_res"": 9589.451}, {""temp"": 24.81128, ""step"": 7, ""status"": 1, ""pres"": 977.8546, ""meas_profile"": ""HP-5"", ""meas_id"": 5, ""hum"": 32.98132, ""gas_res"": 25000.0}, {""temp"": 24.57522, ""step"": 7, ""status"": 1, ""pres"": 978.0189, ""meas_profile"": ""HP-4"", ""meas_id"": 4, ""hum"": 32.51391, ""gas_res"": 25000.0}, {""temp"": 24.71907, ""step"": 7, ""status"": 1, ""pres"": 977.6752, ""meas_profile"": ""HP-3"", ""meas_id"": 3, ""hum"": 32.94277, ""gas_res"": 7672.021}, {""temp"": 24.64655, ""step"": 7, ""status"": 1, ""pres"": 977.7629, ""meas_profile"": ""HP-2"", ""meas_id"": 2, ""hum"": 33.21999, ""gas_res"": 10869.57}, {""temp"": 24.426, ""step"": 7, ""status"": 1, ""pres"": 977.8781, ""meas_profile"": ""HP-1"", ""meas_id"": 1, ""hum"": 32.76971, ""gas_res"": 8463.369}]}",NULL,"2025-10-29 13:13:36.537751"
16087,"04a600b9b0b8","2025-10-29 13:12:17","Lj949Vz94CYUFktMQMnW","{""bme688"": [{""temp"": 24.81923, ""step"": 6, ""status"": 1, ""pres"": 977.8642, ""meas_profile"": ""HP-8"", ""meas_id"": 8, ""hum"": 33.0212, ""gas_res"": 16318.21}, {""temp"": 24.81517, ""step"": 6, ""status"": 1, ""pres"": 977.9964, ""meas_profile"": ""HP-7"", ""meas_id"": 7, ""hum"": 32.92414, ""gas_res"": 21895.31}, {""temp"": 24.88981, ""step"": 6, ""status"": 1, ""pres"": 978.1287, ""meas_profile"": ""HP-6"", ""meas_id"": 6, ""hum"": 32.78725, ""gas_res"": 43925.88}, {""temp"": 24.81034, ""step"": 6, ""status"": 1, ""pres"": 977.8549, ""meas_profile"": ""HP-5"", ""meas_id"": 5, ""hum"": 33.00378, ""gas_res"": 141241.4}, {""temp"": 24.5746, ""step"": 6, ""status"": 1, ""pres"": 978.0195, ""meas_profile"": ""HP-4"", ""meas_id"": 4, ""hum"": 32.53668, ""gas_res"": 128772.6}, {""temp"": 24.71877, ""step"": 6, ""status"": 1, ""pres"": 977.6763, ""meas_profile"": ""HP-3"", ""meas_id"": 3, ""hum"": 32.94275, ""gas_res"": 91233.07}, {""temp"": 24.64593, ""step"": 6, ""status"": 1, ""pres"": 977.7619, ""meas_profile"": ""HP-2"", ""meas_id"": 2, ""hum"": 33.24251, ""gas_res"": 123910.9}, {""temp"": 24.42538, ""step"": 6, ""status"": 1, ""pres"": 977.8772, ""meas_profile"": ""HP-1"", ""meas_id"": 1, ""hum"": 32.74048, ""gas_res"": 94902.69}]}",NULL,"2025-10-29 13:13:37.819097"
16088,"04a600b9b0b8","2025-10-29 13:12:17","Lj949Vz94CYUFktMQMnW","{""bme688"": [{""temp"": 24.8183, ""step"": 5, ""status"": 1, ""pres"": 977.8644, ""meas_profile"": ""HP-8"", ""meas_id"": 8, ""hum"": 33.01543, ""gas_res"": 16268.43}, {""temp"": 24.81424, ""step"": 5, ""status"": 1, ""pres"": 977.9967, ""meas_profile"": ""HP-7"", ""meas_id"": 7, ""hum"": 32.92406, ""gas_res"": 21917.81}, {""temp"": 24.8892, ""step"": 5, ""status"": 1, ""pres"": 978.1294, ""meas_profile"": ""HP-6"", ""meas_id"": 6, ""hum"": 32.79861, ""gas_res"": 44244.73}, {""temp"": 24.80972, ""step"": 5, ""status"": 1, ""pres"": 977.8538, ""meas_profile"": ""HP-5"", ""meas_id"": 5, ""hum"": 32.98117, ""gas_res"": 142064.4}, {""temp"": 24.57367, ""step"": 5, ""status"": 1, ""pres"": 978.0197, ""meas_profile"": ""HP-4"", ""meas_id"": 4, ""hum"": 32.51947, ""gas_res"": 129554.7}, {""temp"": 24.71815, ""step"": 5, ""status"": 1, ""pres"": 977.6753, ""meas_profile"": ""HP-3"", ""meas_id"": 3, ""hum"": 32.94269, ""gas_res"": 89793.05}, {""temp"": 24.64531, ""step"": 5, ""status"": 1, ""pres"": 977.7626, ""meas_profile"": ""HP-2"", ""meas_id"": 2, ""hum"": 33.23117, ""gas_res"": 122929.2}, {""temp"": 24.42476, ""step"": 5, ""status"": 1, ""pres"": 977.878, ""meas_profile"": ""HP-1"", ""meas_id"": 1, ""hum"": 32.72292, ""gas_res"": 100000.0}]}",NULL,"2025-10-29 13:13:39.096418"
16089,"04a600b9b0b8","2025-10-29 13:12:17","Lj949Vz94CYUFktMQMnW","{""bme688"": [{""temp"": 24.81737, ""step"": 4, ""status"": 1, ""pres"": 977.8647, ""meas_profile"": ""HP-8"", ""meas_id"": 8, ""hum"": 33.00397, ""gas_res"": 16243.66}, {""temp"": 24.8133, ""step"": 4, ""status"": 1, ""pres"": 977.995, ""meas_profile"": ""HP-7"", ""meas_id"": 7, ""hum"": 32.90711, ""gas_res"": 21872.86}, {""temp"": 24.88858, ""step"": 4, ""status"": 1, ""pres"": 978.1302, ""meas_profile"": ""HP-6"", ""meas_id"": 6, ""hum"": 32.79855, ""gas_res"": 44708.35}, {""temp"": 24.80909, ""step"": 4, ""status"": 1, ""pres"": 977.8544, ""meas_profile"": ""HP-5"", ""meas_id"": 5, ""hum"": 32.99239, ""gas_res"": 145454.5}, {""temp"": 24.57305, ""step"": 4, ""status"": 1, ""pres"": 978.0204, ""meas_profile"": ""HP-4"", ""meas_id"": 4, ""hum"": 32.54224, ""gas_res"": 132060.9}, {""temp"": 24.71753, ""step"": 4, ""status"": 1, ""pres"": 977.676, ""meas_profile"": ""HP-3"", ""meas_id"": 3, ""hum"": 32.94834, ""gas_res"": 88673.37}, {""temp"": 24.64437, ""step"": 4, ""status"": 1, ""pres"": 977.7609, ""meas_profile"": ""HP-2"", ""meas_id"": 2, ""hum"": 33.22543, ""gas_res"": 122840.7}, {""temp"": 24.42445, ""step"": 4, ""status"": 1, ""pres"": 977.8793, ""meas_profile"": ""HP-1"", ""meas_id"": 1, ""hum"": 32.74039, ""gas_res"": 100000.0}]}",NULL,"2025-10-29 13:13:40.56206"
16090,"04a600b9b0b8","2025-10-29 13:12:17","Lj949Vz94CYUFktMQMnW","{""bme688"": [{""temp"": 24.81645, ""step"": 3, ""status"": 0, ""pres"": 977.8635, ""meas_profile"": ""HP-8"", ""meas_id"": 8, ""hum"": 33.02095, ""gas_res"": 8390.142}, {""temp"": 24.81237, ""step"": 3, ""status"": 0, ""pres"": 977.9952, ""meas_profile"": ""HP-7"", ""meas_id"": 7, ""hum"": 32.92952, ""gas_res"": 10464.36}, {""temp"": 24.88734, ""step"": 3, ""status"": 0, ""pres"": 978.1281, ""meas_profile"": ""HP-6"", ""meas_id"": 6, ""hum"": 32.81554, ""gas_res"": 23555.39}, {""temp"": 24.80816, ""step"": 3, ""status"": 0, ""pres"": 977.8546, ""meas_profile"": ""HP-5"", ""meas_id"": 5, ""hum"": 32.99794, ""gas_res"": 46209.39}, {""temp"": 24.57211, ""step"": 3, ""status"": 0, ""pres"": 978.0187, ""meas_profile"": ""HP-4"", ""meas_id"": 4, ""hum"": 32.54216, ""gas_res"": 40125.39}, {""temp"": 24.71691, ""step"": 3, ""status"": 0, ""pres"": 977.6766, ""meas_profile"": ""HP-3"", ""meas_id"": 3, ""hum"": 32.97682, ""gas_res"": 29297.32}, {""temp"": 24.64375, ""step"": 3, ""status"": 0, ""pres"": 977.7599, ""meas_profile"": ""HP-2"", ""meas_id"": 2, ""hum"": 33.2536, ""gas_res"": 46309.7}, {""temp"": 24.42351, ""step"": 3, ""status"": 0, ""pres"": 977.8797, ""meas_profile"": ""HP-1"", ""meas_id"": 1, ""hum"": 32.75198, ""gas_res"": 30888.03}]}",NULL,"2025-10-29 13:13:42.297307"
16091,"04a600b9b0b8","2025-10-29 13:12:17","Lj949Vz94CYUFktMQMnW","{""bme688"": [{""temp"": 24.81552, ""step"": 2, ""status"": 1, ""pres"": 977.8636, ""meas_profile"": ""HP-8"", ""meas_id"": 8, ""hum"": 33.03793, ""gas_res"": 18740.85}, {""temp"": 24.81144, ""step"": 2, ""status"": 1, ""pres"": 977.9953, ""meas_profile"": ""HP-7"", ""meas_id"": 7, ""hum"": 32.94067, ""gas_res"": 25346.54}, {""temp"": 24.88642, ""step"": 2, ""status"": 1, ""pres"": 978.1284, ""meas_profile"": ""HP-6"", ""meas_id"": 6, ""hum"": 32.82116, ""gas_res"": 68248.47}, {""temp"": 24.80722, ""step"": 2, ""status"": 1, ""pres"": 977.853, ""meas_profile"": ""HP-5"", ""meas_id"": 5, ""hum"": 32.99785, ""gas_res"": 141946.2}, {""temp"": 24.57149, ""step"": 2, ""status"": 1, ""pres"": 978.0195, ""meas_profile"": ""HP-4"", ""meas_id"": 4, ""hum"": 32.55922, ""gas_res"": 154682.8}, {""temp"": 24.71598, ""step"": 2, ""status"": 1, ""pres"": 977.6769, ""meas_profile"": ""HP-3"", ""meas_id"": 3, ""hum"": 32.97102, ""gas_res"": 88397.79}, {""temp"": 24.64282, ""step"": 2, ""status"": 1, ""pres"": 977.7601, ""meas_profile"": ""HP-2"", ""meas_id"": 2, ""hum"": 33.24223, ""gas_res"": 162488.1}, {""temp"": 24.42258, ""step"": 2, ""status"": 1, ""pres"": 977.8801, ""meas_profile"": ""HP-1"", ""meas_id"": 1, ""hum"": 32.75189, ""gas_res"": 117999.5}]}",NULL,"2025-10-29 13:13:43.575918"
16092,"04a600b9b0b8","2025-10-29 13:12:17","Lj949Vz94CYUFktMQMnW","{""bme688"": [{""temp"": 24.8149, ""step"": 1, ""status"": 1, ""pres"": 977.8625, ""meas_profile"": ""HP-8"", ""meas_id"": 8, ""hum"": 33.03787, ""gas_res"": 9658.919}, {""temp"": 24.81051, ""step"": 1, ""status"": 1, ""pres"": 977.9955, ""meas_profile"": ""HP-7"", ""meas_id"": 7, ""hum"": 32.95746, ""gas_res"": 16280.84}, {""temp"": 24.8858, ""step"": 1, ""status"": 1, ""pres"": 978.1292, ""meas_profile"": ""HP-6"", ""meas_id"": 6, ""hum"": 32.8097, ""gas_res"": 25000.0}, {""temp"": 24.80659, ""step"": 1, ""status"": 1, ""pres"": 977.8537, ""meas_profile"": ""HP-5"", ""meas_id"": 5, ""hum"": 33.00907, ""gas_res"": 45470.69}, {""temp"": 24.57087, ""step"": 1, ""status"": 1, ""pres"": 978.0201, ""meas_profile"": ""HP-4"", ""meas_id"": 4, ""hum"": 32.53634, ""gas_res"": 36581.88}, {""temp"": 24.71567, ""step"": 1, ""status"": 1, ""pres"": 977.6763, ""meas_profile"": ""HP-3"", ""meas_id"": 3, ""hum"": 32.97099, ""gas_res"": 25019.55}, {""temp"": 24.64251, ""step"": 1, ""status"": 1, ""pres"": 977.7597, ""meas_profile"": ""HP-2"", ""meas_id"": 2, ""hum"": 33.2422, ""gas_res"": 39060.12}, {""temp"": 24.42227, ""step"": 1, ""status"": 1, ""pres"": 977.8795, ""meas_profile"": ""HP-1"", ""meas_id"": 1, ""hum"": 32.74603, ""gas_res"": 27362.12}]}",NULL,"2025-10-29 13:13:44.85575"
16093,"04a600b9b0b8","2025-10-29 13:12:17","Lj949Vz94CYUFktMQMnW","{""bme688"": [{""temp"": 24.81398, ""step"": 0, ""status"": 1, ""pres"": 977.863, ""meas_profile"": ""HP-8"", ""meas_id"": 8, ""hum"": 33.03779, ""gas_res"": 5837.286}, {""temp"": 24.80958, ""step"": 0, ""status"": 1, ""pres"": 977.994, ""meas_profile"": ""HP-7"", ""meas_id"": 7, ""hum"": 32.94613, ""gas_res"": 7210.455}, {""temp"": 24.88518, ""step"": 0, ""status"": 1, ""pres"": 978.1282, ""meas_profile"": ""HP-6"", ""meas_id"": 6, ""hum"": 32.82676, ""gas_res"": 9828.01}, {""temp"": 24.80628, ""step"": 0, ""status"": 1, ""pres"": 977.8532, ""meas_profile"": ""HP-5"", ""meas_id"": 5, ""hum"": 33.02032, ""gas_res"": 25000.0}, {""temp"": 24.57056, ""step"": 0, ""status"": 1, ""pres"": 978.0196, ""meas_profile"": ""HP-4"", ""meas_id"": 4, ""hum"": 32.55343, ""gas_res"": 25000.0}, {""temp"": 24.71505, ""step"": 0, ""status"": 1, ""pres"": 977.677, ""meas_profile"": ""HP-3"", ""meas_id"": 3, ""hum"": 32.97094, ""gas_res"": 7410.838}, {""temp"": 24.6422, ""step"": 0, ""status"": 1, ""pres"": 977.759, ""meas_profile"": ""HP-2"", ""meas_id"": 2, ""hum"": 33.24781, ""gas_res"": 10454.1}, {""temp"": 24.42164, ""step"": 0, ""status"": 1, ""pres"": 977.8805, ""meas_profile"": ""HP-1"", ""meas_id"": 1, ""hum"": 32.73431, ""gas_res"": 8060.454}]}",NULL,"2025-10-29 13:13:46.230278"
16094,"04a600b9b0b8","2025-10-29 13:11:50","Lj949Vz94CYUFktMQMnW","{""zphs01b"": {""voc"": 0, ""temp"": 22.8, ""pm2_5"": 0, ""pm1_0"": 0, ""pm10"": 291, ""o3"": 0.03, ""no2"": 10.0, ""hum"": 0, ""fmhd"": 0, ""co2"": 5000, ""co"": 0.0}, ""smell_b"": {}, ""sfa30"": {""temp"": 24.825, ""hum"": 35.71, ""fmhd"": 2.8}, ""sen5x"": {""voc"": 120.0, ""temp"": 24.675, ""pm4_0"": 4529.9, ""pm2_5"": 4529.9, ""pm1_0"": 4319.5, ""pm10"": 4529.9, ""nox"": 1.0, ""mass_c"": 4477.3, ""hum"": 41.24}, ""scd41"": {""temp"": 24.52201, ""hum"": 42.79698, ""co2"": 716}, ""power_source"": 0, ""mics6814"": {""red_res"": 0, ""no2_res"": 0, ""no2"": 0.17, ""nh3_res"": 0, ""nh3"": 0.73, ""co_res"": 0, ""co"": 44.0}}",NULL,"2025-10-29 13:13:47.312301"
16095,"04a600b9b0b8","2025-10-29 13:11:50","Lj949Vz94CYUFktMQMnW","{""bme688"": [{""temp"": 24.81274, ""step"": 9, ""status"": 1, ""pres"": 977.8611, ""meas_profile"": ""HP-8"", ""meas_id"": 8, ""hum"": 33.03199, ""gas_res"": 5684.846}, {""temp"": 24.80865, ""step"": 9, ""status"": 1, ""pres"": 977.9941, ""meas_profile"": ""HP-7"", ""meas_id"": 7, ""hum"": 32.9348, ""gas_res"": 6644.518}, {""temp"": 24.88457, ""step"": 9, ""status"": 1, ""pres"": 978.1288, ""meas_profile"": ""HP-6"", ""meas_id"": 6, ""hum"": 32.79818, ""gas_res"": 8606.778}, {""temp"": 24.80565, ""step"": 9, ""status"": 1, ""pres"": 977.8538, ""meas_profile"": ""HP-5"", ""meas_id"": 5, ""hum"": 33.00898, ""gas_res"": 25000.0}, {""temp"": 24.56994, ""step"": 9, ""status"": 1, ""pres"": 978.0203, ""meas_profile"": ""HP-4"", ""meas_id"": 4, ""hum"": 32.54195, ""gas_res"": 22237.67}, {""temp"": 24.71474, ""step"": 9, ""status"": 1, ""pres"": 977.6765, ""meas_profile"": ""HP-3"", ""meas_id"": 3, ""hum"": 32.97091, ""gas_res"": 7334.403}, {""temp"": 24.64189, ""step"": 9, ""status"": 1, ""pres"": 977.7603, ""meas_profile"": ""HP-2"", ""meas_id"": 2, ""hum"": 33.21957, ""gas_res"": 9685.23}, {""temp"": 24.42133, ""step"": 9, ""status"": 1, ""pres"": 977.8818, ""meas_profile"": ""HP-1"", ""meas_id"": 1, ""hum"": 32.67012, ""gas_res"": 7200.72}]}",NULL,"2025-10-29 13:13:48.701485"
16096,"04a600b9b0b8","2025-10-29 13:11:50","Lj949Vz94CYUFktMQMnW","{""bme688"": [{""temp"": 24.81182, ""step"": 8, ""status"": 1, ""pres"": 977.8594, ""meas_profile"": ""HP-8"", ""meas_id"": 8, ""hum"": 33.04897, ""gas_res"": 5684.846}, {""temp"": 24.80771, ""step"": 8, ""status"": 1, ""pres"": 977.9924, ""meas_profile"": ""HP-7"", ""meas_id"": 7, ""hum"": 32.95159, ""gas_res"": 6736.842}, {""temp"": 24.88395, ""step"": 8, ""status"": 1, ""pres"": 978.1278, ""meas_profile"": ""HP-6"", ""meas_id"": 6, ""hum"": 32.80383, ""gas_res"": 8871.639}, {""temp"": 24.80503, ""step"": 8, ""status"": 1, ""pres"": 977.8528, ""meas_profile"": ""HP-5"", ""meas_id"": 5, ""hum"": 32.99765, ""gas_res"": 25000.0}, {""temp"": 24.56963, ""step"": 8, ""status"": 1, ""pres"": 978.0215, ""meas_profile"": ""HP-4"", ""meas_id"": 4, ""hum"": 32.54764, ""gas_res"": 22424.67}, {""temp"": 24.71413, ""step"": 8, ""status"": 1, ""pres"": 977.6755, ""meas_profile"": ""HP-3"", ""meas_id"": 3, ""hum"": 32.95374, ""gas_res"": 6970.159}, {""temp"": 24.64127, ""step"": 8, ""status"": 1, ""pres"": 977.7592, ""meas_profile"": ""HP-2"", ""meas_id"": 2, ""hum"": 33.24209, ""gas_res"": 9864.365}, {""temp"": 24.42071, ""step"": 8, ""status"": 1, ""pres"": 977.8826, ""meas_profile"": ""HP-1"", ""meas_id"": 1, ""hum"": 32.66423, ""gas_res"": 7644.529}]}",NULL,"2025-10-29 13:13:49.97512"
16097,"04a600b9b0b8","2025-10-29 13:11:50","Lj949Vz94CYUFktMQMnW","{""bme688"": [{""temp"": 24.81089, ""step"": 7, ""status"": 1, ""pres"": 977.8597, ""meas_profile"": ""HP-8"", ""meas_id"": 8, ""hum"": 33.03182, ""gas_res"": 5684.846}, {""temp"": 24.80709, ""step"": 7, ""status"": 1, ""pres"": 977.9931, ""meas_profile"": ""HP-7"", ""meas_id"": 7, ""hum"": 32.93465, ""gas_res"": 6762.468}, {""temp"": 24.88333, ""step"": 7, ""status"": 1, ""pres"": 978.1284, ""meas_profile"": ""HP-6"", ""meas_id"": 6, ""hum"": 32.81518, ""gas_res"": 8976.157}, {""temp"": 24.80441, ""step"": 7, ""status"": 1, ""pres"": 977.8535, ""meas_profile"": ""HP-5"", ""meas_id"": 5, ""hum"": 33.00323, ""gas_res"": 25000.0}, {""temp"": 24.56932, ""step"": 7, ""status"": 1, ""pres"": 978.0209, ""meas_profile"": ""HP-4"", ""meas_id"": 4, ""hum"": 32.54761, ""gas_res"": 21628.93}, {""temp"": 24.71351, ""step"": 7, ""status"": 1, ""pres"": 977.6763, ""meas_profile"": ""HP-3"", ""meas_id"": 3, ""hum"": 32.97079, ""gas_res"": 6898.039}, {""temp"": 24.64096, ""step"": 7, ""status"": 1, ""pres"": 977.7605, ""meas_profile"": ""HP-2"", ""meas_id"": 2, ""hum"": 33.24206, ""gas_res"": 9667.674}, {""temp"": 24.4204, ""step"": 7, ""status"": 1, ""pres"": 977.8821, ""meas_profile"": ""HP-1"", ""meas_id"": 1, ""hum"": 32.66421, ""gas_res"": 7727.602}]}",NULL,"2025-10-29 13:13:51.347525"
