"id","box_id","ts","measurement_id","measurement_data","description","created_at"
15425,"04a600b9b0b8","2025-10-29 12:06:51","OfSxEa1Yv965HDuAvsi2","{""zphs01b"": {""voc"": 0, ""temp"": 22.5, ""pm2_5"": 0, ""pm1_0"": 0, ""pm10"": 308, ""o3"": 0.07, ""no2"": 8.65, ""hum"": 0, ""fmhd"": 0, ""co2"": 5000, ""co"": 0.0}, ""smell_b"": {}, ""sfa30"": {""temp"": 24.64, ""hum"": 36.3, ""fmhd"": 1.8}, ""sen5x"": {""voc"": 157.0, ""temp"": 25.435, ""pm4_0"": 4358.2, ""pm2_5"": 4358.2, ""pm1_0"": 4155.8, ""pm10"": 4358.2, ""nox"": 1.0, ""mass_c"": 4307.6, ""hum"": 39.43}, ""scd41"": {""temp"": 24.09743, ""hum"": 43.10216, ""co2"": 707}, ""power_source"": 0, ""mics6814"": {""red_res"": 0, ""no2_res"": 0, ""no2"": 0.17, ""nh3_res"": 0, ""nh3"": 0.73, ""co_res"": 0, ""co"": 44.0}}",NULL,"2025-10-29 12:07:45.291727"
15426,"04a600b9b0b8","2025-10-29 12:06:51","OfSxEa1Yv965HDuAvsi2","{""bme688"": [{""temp"": 24.7695, ""step"": 9, ""status"": 1, ""pres"": 978.4787, ""meas_profile"": ""HP-8"", ""meas_id"": 8, ""hum"": 33.64359, ""gas_res"": 5684.846}, {""temp"": 24.763, ""step"": 9, ""status"": 1, ""pres"": 978.6152, ""meas_profile"": ""HP-7"", ""meas_id"": 7, ""hum"": 33.54482, ""gas_res"": 6052.582}, {""temp"": 24.85493, ""step"": 9, ""status"": 1, ""pres"": 978.7467, ""meas_profile"": ""HP-6"", ""meas_id"": 6, ""hum"": 33.38395, ""gas_res"": 7557.865}, {""temp"": 24.77782, ""step"": 9, ""status"": 1, ""pres"": 978.5272, ""meas_profile"": ""HP-5"", ""meas_id"": 5, ""hum"": 33.58255, ""gas_res"": 25000.0}, {""temp"": 24.54354, ""step"": 9, ""status"": 1, ""pres"": 978.6758, ""meas_profile"": ""HP-4"", ""meas_id"": 4, ""hum"": 33.09978, ""gas_res"": 18691.59}, {""temp"": 24.68691, ""step"": 9, ""status"": 1, ""pres"": 978.2232, ""meas_profile"": ""HP-3"", ""meas_id"": 3, ""hum"": 33.53444, ""gas_res"": 5892.101}, {""temp"": 24.62916, ""step"": 9, ""status"": 1, ""pres"": 978.3814, ""meas_profile"": ""HP-2"", ""meas_id"": 2, ""hum"": 33.81219, ""gas_res"": 7478.383}, {""temp"": 24.40515, ""step"": 9, ""status"": 1, ""pres"": 978.5063, ""meas_profile"": ""HP-1"", ""meas_id"": 1, ""hum"": 33.24119, ""gas_res"": 8215.661}]}",NULL,"2025-10-29 12:07:46.458496"
15427,"04a600b9b0b8","2025-10-29 12:06:51","OfSxEa1Yv965HDuAvsi2","{""bme688"": [{""temp"": 24.76888, ""step"": 8, ""status"": 1, ""pres"": 978.4777, ""meas_profile"": ""HP-8"", ""meas_id"": 8, ""hum"": 33.63783, ""gas_res"": 5684.846}, {""temp"": 24.76269, ""step"": 8, ""status"": 1, ""pres"": 978.6147, ""meas_profile"": ""HP-7"", ""meas_id"": 7, ""hum"": 33.56738, ""gas_res"": 5988.024}, {""temp"": 24.85493, ""step"": 8, ""status"": 1, ""pres"": 978.7467, ""meas_profile"": ""HP-6"", ""meas_id"": 6, ""hum"": 33.38395, ""gas_res"": 7606.37}, {""temp"": 24.77782, ""step"": 8, ""status"": 1, ""pres"": 978.5272, ""meas_profile"": ""HP-5"", ""meas_id"": 5, ""hum"": 33.58255, ""gas_res"": 25000.0}, {""temp"": 24.54354, ""step"": 8, ""status"": 1, ""pres"": 978.6758, ""meas_profile"": ""HP-4"", ""meas_id"": 4, ""hum"": 33.10551, ""gas_res"": 18481.09}, {""temp"": 24.6866, ""step"": 8, ""status"": 1, ""pres"": 978.2227, ""meas_profile"": ""HP-3"", ""meas_id"": 3, ""hum"": 33.54586, ""gas_res"": 7644.529}, {""temp"": 24.62947, ""step"": 8, ""status"": 1, ""pres"": 978.3819, ""meas_profile"": ""HP-2"", ""meas_id"": 2, ""hum"": 33.80656, ""gas_res"": 7380.074}, {""temp"": 24.40515, ""step"": 8, ""status"": 1, ""pres"": 978.5063, ""meas_profile"": ""HP-1"", ""meas_id"": 1, ""hum"": 33.23534, ""gas_res"": 6056.018}]}",NULL,"2025-10-29 12:07:47.924845"
15428,"04a600b9b0b8","2025-10-29 12:06:51","OfSxEa1Yv965HDuAvsi2","{""bme688"": [{""temp"": 24.76826, ""step"": 7, ""status"": 1, ""pres"": 978.4769, ""meas_profile"": ""HP-8"", ""meas_id"": 8, ""hum"": 33.63777, ""gas_res"": 5684.846}, {""temp"": 24.76269, ""step"": 7, ""status"": 1, ""pres"": 978.6147, ""meas_profile"": ""HP-7"", ""meas_id"": 7, ""hum"": 33.54478, ""gas_res"": 5984.664}, {""temp"": 24.85524, ""step"": 7, ""status"": 1, ""pres"": 978.7473, ""meas_profile"": ""HP-6"", ""meas_id"": 6, ""hum"": 33.37825, ""gas_res"": 7677.543}, {""temp"": 24.77814, ""step"": 7, ""status"": 1, ""pres"": 978.5277, ""meas_profile"": ""HP-5"", ""meas_id"": 5, ""hum"": 33.60522, ""gas_res"": 25000.0}, {""temp"": 24.54322, ""step"": 7, ""status"": 1, ""pres"": 978.6753, ""meas_profile"": ""HP-4"", ""meas_id"": 4, ""hum"": 33.09975, ""gas_res"": 17596.92}, {""temp"": 24.6866, ""step"": 7, ""status"": 1, ""pres"": 978.2209, ""meas_profile"": ""HP-3"", ""meas_id"": 3, ""hum"": 33.54014, ""gas_res"": 7462.687}, {""temp"": 24.62978, ""step"": 7, ""status"": 1, ""pres"": 978.3824, ""meas_profile"": ""HP-2"", ""meas_id"": 2, ""hum"": 33.82925, ""gas_res"": 7369.875}, {""temp"": 24.40484, ""step"": 7, ""status"": 1, ""pres"": 978.5059, ""meas_profile"": ""HP-1"", ""meas_id"": 1, ""hum"": 33.23531, ""gas_res"": 6097.561}]}",NULL,"2025-10-29 12:07:49.055001"
15429,"04a600b9b0b8","2025-10-29 12:06:51","OfSxEa1Yv965HDuAvsi2","{""bme688"": [{""temp"": 24.76826, ""step"": 6, ""status"": 1, ""pres"": 978.4769, ""meas_profile"": ""HP-8"", ""meas_id"": 8, ""hum"": 33.64919, ""gas_res"": 16108.73}, {""temp"": 24.76238, ""step"": 6, ""status"": 1, ""pres"": 978.6142, ""meas_profile"": ""HP-7"", ""meas_id"": 7, ""hum"": 33.5504, ""gas_res"": 21283.67}, {""temp"": 24.85524, ""step"": 6, ""status"": 1, ""pres"": 978.7473, ""meas_profile"": ""HP-6"", ""meas_id"": 6, ""hum"": 33.3668, ""gas_res"": 40314.96}, {""temp"": 24.77814, ""step"": 6, ""status"": 1, ""pres"": 978.5277, ""meas_profile"": ""HP-5"", ""meas_id"": 5, ""hum"": 33.5939, ""gas_res"": 127047.1}, {""temp"": 24.54322, ""step"": 6, ""status"": 1, ""pres"": 978.6753, ""meas_profile"": ""HP-4"", ""meas_id"": 4, ""hum"": 33.11694, ""gas_res"": 116152.5}, {""temp"": 24.6866, ""step"": 6, ""status"": 1, ""pres"": 978.2209, ""meas_profile"": ""HP-3"", ""meas_id"": 3, ""hum"": 33.52868, ""gas_res"": 78769.23}, {""temp"": 24.62978, ""step"": 6, ""status"": 1, ""pres"": 978.3808, ""meas_profile"": ""HP-2"", ""meas_id"": 2, ""hum"": 33.81225, ""gas_res"": 103980.5}, {""temp"": 24.40515, ""step"": 6, ""status"": 1, ""pres"": 978.5063, ""meas_profile"": ""HP-1"", ""meas_id"": 1, ""hum"": 33.24119, ""gas_res"": 100000.0}]}",NULL,"2025-10-29 12:07:50.29769"
15430,"04a600b9b0b8","2025-10-29 12:06:51","OfSxEa1Yv965HDuAvsi2","{""bme688"": [{""temp"": 24.76796, ""step"": 5, ""status"": 1, ""pres"": 978.4763, ""meas_profile"": ""HP-8"", ""meas_id"": 8, ""hum"": 33.64345, ""gas_res"": 16060.23}, {""temp"": 24.76207, ""step"": 5, ""status"": 1, ""pres"": 978.6121, ""meas_profile"": ""HP-7"", ""meas_id"": 7, ""hum"": 33.55038, ""gas_res"": 21199.07}, {""temp"": 24.85555, ""step"": 5, ""status"": 1, ""pres"": 978.7477, ""meas_profile"": ""HP-6"", ""meas_id"": 6, ""hum"": 33.37256, ""gas_res"": 40855.41}, {""temp"": 24.77782, ""step"": 5, ""status"": 1, ""pres"": 978.5272, ""meas_profile"": ""HP-5"", ""meas_id"": 5, ""hum"": 33.58255, ""gas_res"": 128967.3}, {""temp"": 24.54292, ""step"": 5, ""status"": 1, ""pres"": 978.6749, ""meas_profile"": ""HP-4"", ""meas_id"": 4, ""hum"": 33.08254, ""gas_res"": 115994.6}, {""temp"": 24.6866, ""step"": 5, ""status"": 1, ""pres"": 978.2192, ""meas_profile"": ""HP-3"", ""meas_id"": 3, ""hum"": 33.54586, ""gas_res"": 77271.35}, {""temp"": 24.62978, ""step"": 5, ""status"": 1, ""pres"": 978.3808, ""meas_profile"": ""HP-2"", ""meas_id"": 2, ""hum"": 33.81792, ""gas_res"": 102359.1}, {""temp"": 24.40546, ""step"": 5, ""status"": 1, ""pres"": 978.5068, ""meas_profile"": ""HP-1"", ""meas_id"": 1, ""hum"": 33.22951, ""gas_res"": 100000.0}]}",NULL,"2025-10-29 12:07:51.574877"
15431,"04a600b9b0b8","2025-10-29 12:06:51","OfSxEa1Yv965HDuAvsi2","{""bme688"": [{""temp"": 24.76796, ""step"": 4, ""status"": 1, ""pres"": 978.4763, ""meas_profile"": ""HP-8"", ""meas_id"": 8, ""hum"": 33.65487, ""gas_res"": 16072.33}, {""temp"": 24.76207, ""step"": 4, ""status"": 1, ""pres"": 978.6121, ""meas_profile"": ""HP-7"", ""meas_id"": 7, ""hum"": 33.54473, ""gas_res"": 21283.67}, {""temp"": 24.85555, ""step"": 4, ""status"": 1, ""pres"": 978.7477, ""meas_profile"": ""HP-6"", ""meas_id"": 6, ""hum"": 33.384, ""gas_res"": 41653.11}, {""temp"": 24.77782, ""step"": 4, ""status"": 1, ""pres"": 978.5272, ""meas_profile"": ""HP-5"", ""meas_id"": 5, ""hum"": 33.59387, ""gas_res"": 132163.1}, {""temp"": 24.54292, ""step"": 4, ""status"": 1, ""pres"": 978.6749, ""meas_profile"": ""HP-4"", ""meas_id"": 4, ""hum"": 33.10545, ""gas_res"": 120075.0}, {""temp"": 24.6866, ""step"": 4, ""status"": 1, ""pres"": 978.2192, ""meas_profile"": ""HP-3"", ""meas_id"": 3, ""hum"": 33.5115, ""gas_res"": 45861.7}, {""temp"": 24.62978, ""step"": 4, ""status"": 1, ""pres"": 978.3792, ""meas_profile"": ""HP-2"", ""meas_id"": 2, ""hum"": 33.82359, ""gas_res"": 100549.9}, {""temp"": 24.40577, ""step"": 4, ""status"": 1, ""pres"": 978.5073, ""meas_profile"": ""HP-1"", ""meas_id"": 1, ""hum"": 33.23539, ""gas_res"": 100000.0}]}",NULL,"2025-10-29 12:07:53.043162"
15432,"04a600b9b0b8","2025-10-29 12:06:51","OfSxEa1Yv965HDuAvsi2","{""bme688"": [{""temp"": 24.76764, ""step"": 3, ""status"": 1, ""pres"": 978.4758, ""meas_profile"": ""HP-8"", ""meas_id"": 8, ""hum"": 33.64913, ""gas_res"": 34454.91}, {""temp"": 24.76176, ""step"": 3, ""status"": 1, ""pres"": 978.6116, ""meas_profile"": ""HP-7"", ""meas_id"": 7, ""hum"": 33.56165, ""gas_res"": 50363.96}, {""temp"": 24.85555, ""step"": 3, ""status"": 1, ""pres"": 978.746, ""meas_profile"": ""HP-6"", ""meas_id"": 6, ""hum"": 33.39545, ""gas_res"": 173031.4}, {""temp"": 24.77782, ""step"": 3, ""status"": 1, ""pres"": 978.5272, ""meas_profile"": ""HP-5"", ""meas_id"": 5, ""hum"": 33.58255, ""gas_res"": 408700.8}, {""temp"": 24.5426, ""step"": 3, ""status"": 1, ""pres"": 978.676, ""meas_profile"": ""HP-4"", ""meas_id"": 4, ""hum"": 33.09397, ""gas_res"": 438074.9}, {""temp"": 24.6866, ""step"": 3, ""status"": 1, ""pres"": 978.2176, ""meas_profile"": ""HP-3"", ""meas_id"": 3, ""hum"": 33.54586, ""gas_res"": 240150.1}, {""temp"": 24.62978, ""step"": 3, ""status"": 1, ""pres"": 978.3792, ""meas_profile"": ""HP-2"", ""meas_id"": 2, ""hum"": 33.81225, ""gas_res"": 478281.2}, {""temp"": 24.40577, ""step"": 3, ""status"": 1, ""pres"": 978.5073, ""meas_profile"": ""HP-1"", ""meas_id"": 1, ""hum"": 33.23539, ""gas_res"": 329048.8}]}",NULL,"2025-10-29 12:07:54.138891"
15433,"04a600b9b0b8","2025-10-29 12:06:51","OfSxEa1Yv965HDuAvsi2","{""bme688"": [{""temp"": 24.76764, ""step"": 2, ""status"": 1, ""pres"": 978.4758, ""meas_profile"": ""HP-8"", ""meas_id"": 8, ""hum"": 33.65485, ""gas_res"": 37448.8}, {""temp"": 24.76145, ""step"": 2, ""status"": 1, ""pres"": 978.6125, ""meas_profile"": ""HP-7"", ""meas_id"": 7, ""hum"": 33.56726, ""gas_res"": 58394.16}, {""temp"": 24.85524, ""step"": 2, ""status"": 1, ""pres"": 978.7455, ""meas_profile"": ""HP-6"", ""meas_id"": 6, ""hum"": 33.38398, ""gas_res"": 223776.2}, {""temp"": 24.77751, ""step"": 2, ""status"": 1, ""pres"": 978.5266, ""meas_profile"": ""HP-5"", ""meas_id"": 5, ""hum"": 33.58818, ""gas_res"": 536547.0}, {""temp"": 24.5426, ""step"": 2, ""status"": 1, ""pres"": 978.676, ""meas_profile"": ""HP-4"", ""meas_id"": 4, ""hum"": 33.09969, ""gas_res"": 542085.8}, {""temp"": 24.6866, ""step"": 2, ""status"": 1, ""pres"": 978.2176, ""meas_profile"": ""HP-3"", ""meas_id"": 3, ""hum"": 33.53441, ""gas_res"": 298542.3}, {""temp"": 24.62978, ""step"": 2, ""status"": 1, ""pres"": 978.3792, ""meas_profile"": ""HP-2"", ""meas_id"": 2, ""hum"": 33.81792, ""gas_res"": 546424.8}, {""temp"": 24.40577, ""step"": 2, ""status"": 1, ""pres"": 978.5055, ""meas_profile"": ""HP-1"", ""meas_id"": 1, ""hum"": 33.23539, ""gas_res"": 396361.5}]}",NULL,"2025-10-29 12:07:55.418445"
15434,"04a600b9b0b8","2025-10-29 12:06:51","OfSxEa1Yv965HDuAvsi2","{""bme688"": [{""temp"": 24.76734, ""step"": 1, ""status"": 1, ""pres"": 978.4754, ""meas_profile"": ""HP-8"", ""meas_id"": 8, ""hum"": 33.64339, ""gas_res"": 8620.689}, {""temp"": 24.76176, ""step"": 1, ""status"": 1, ""pres"": 978.6133, ""meas_profile"": ""HP-7"", ""meas_id"": 7, ""hum"": 33.56729, ""gas_res"": 10684.47}, {""temp"": 24.85555, ""step"": 1, ""status"": 1, ""pres"": 978.746, ""meas_profile"": ""HP-6"", ""meas_id"": 6, ""hum"": 33.384, ""gas_res"": 25000.0}, {""temp"": 24.77782, ""step"": 1, ""status"": 1, ""pres"": 978.5272, ""meas_profile"": ""HP-5"", ""meas_id"": 5, ""hum"": 33.59387, ""gas_res"": 37914.69}, {""temp"": 24.5426, ""step"": 1, ""status"": 1, ""pres"": 978.676, ""meas_profile"": ""HP-4"", ""meas_id"": 4, ""hum"": 33.10542, ""gas_res"": 32000.0}, {""temp"": 24.6866, ""step"": 1, ""status"": 1, ""pres"": 978.2159, ""meas_profile"": ""HP-3"", ""meas_id"": 3, ""hum"": 33.53441, ""gas_res"": 25000.0}, {""temp"": 24.63009, ""step"": 1, ""status"": 1, ""pres"": 978.3779, ""meas_profile"": ""HP-2"", ""meas_id"": 2, ""hum"": 33.81795, ""gas_res"": 32339.57}, {""temp"": 24.40608, ""step"": 1, ""status"": 1, ""pres"": 978.5059, ""meas_profile"": ""HP-1"", ""meas_id"": 1, ""hum"": 33.22956, ""gas_res"": 23712.49}]}",NULL,"2025-10-29 12:07:56.698989"
15435,"04a600b9b0b8","2025-10-29 12:06:51","OfSxEa1Yv965HDuAvsi2","{""bme688"": [{""temp"": 24.76703, ""step"": 0, ""status"": 1, ""pres"": 978.4748, ""meas_profile"": ""HP-8"", ""meas_id"": 8, ""hum"": 33.66621, ""gas_res"": 5684.846}, {""temp"": 24.76145, ""step"": 0, ""status"": 1, ""pres"": 978.611, ""meas_profile"": ""HP-7"", ""meas_id"": 7, ""hum"": 33.57291, ""gas_res"": 6157.398}, {""temp"": 24.85586, ""step"": 0, ""status"": 1, ""pres"": 978.7446, ""meas_profile"": ""HP-6"", ""meas_id"": 6, ""hum"": 33.39548, ""gas_res"": 7727.602}, {""temp"": 24.77814, ""step"": 0, ""status"": 1, ""pres"": 978.5277, ""meas_profile"": ""HP-5"", ""meas_id"": 5, ""hum"": 33.60522, ""gas_res"": 25000.0}, {""temp"": 24.5426, ""step"": 0, ""status"": 1, ""pres"": 978.676, ""meas_profile"": ""HP-4"", ""meas_id"": 4, ""hum"": 33.1226, ""gas_res"": 17596.92}, {""temp"": 24.6866, ""step"": 0, ""status"": 1, ""pres"": 978.2159, ""meas_profile"": ""HP-3"", ""meas_id"": 3, ""hum"": 33.54586, ""gas_res"": 7299.27}, {""temp"": 24.6304, ""step"": 0, ""status"": 1, ""pres"": 978.3784, ""meas_profile"": ""HP-2"", ""meas_id"": 2, ""hum"": 33.82931, ""gas_res"": 6965.607}, {""temp"": 24.40608, ""step"": 0, ""status"": 1, ""pres"": 978.5059, ""meas_profile"": ""HP-1"", ""meas_id"": 1, ""hum"": 33.22371, ""gas_res"": 5862.954}]}",NULL,"2025-10-29 12:07:58.167621"
15436,"04a600b9b0b8","2025-10-29 12:06:09","OfSxEa1Yv965HDuAvsi2","{""zphs01b"": {""voc"": 0, ""temp"": 22.4, ""pm2_5"": 0, ""pm1_0"": 0, ""pm10"": 311, ""o3"": 0.03, ""no2"": 10.0, ""hum"": 0, ""fmhd"": 0, ""co2"": 5000, ""co"": 0.0}, ""smell_b"": {}, ""sfa30"": {""temp"": 24.625, ""hum"": 36.31, ""fmhd"": 1.6}, ""sen5x"": {""voc"": 160.0, ""temp"": 25.725, ""pm4_0"": 4281.7, ""pm2_5"": 4281.1, ""pm1_0"": 4081.5, ""pm10"": 4282.0, ""nox"": 1.0, ""mass_c"": 4231.575, ""hum"": 38.63}, ""scd41"": {""temp"": 24.3431, ""hum"": 41.8967, ""co2"": 705}, ""power_source"": 0, ""mics6814"": {""red_res"": 0, ""no2_res"": 0, ""no2"": 0.17, ""nh3_res"": 0, ""nh3"": 0.73, ""co_res"": 0, ""co"": 44.0}}",NULL,"2025-10-29 12:07:59.158274"
15437,"04a600b9b0b8","2025-10-29 12:06:09","OfSxEa1Yv965HDuAvsi2","{""bme688"": [{""temp"": 24.76672, ""step"": 9, ""status"": 1, ""pres"": 978.4743, ""meas_profile"": ""HP-8"", ""meas_id"": 8, ""hum"": 33.65475, ""gas_res"": 5684.846}, {""temp"": 24.76114, ""step"": 9, ""status"": 1, ""pres"": 978.6105, ""meas_profile"": ""HP-7"", ""meas_id"": 7, ""hum"": 33.56158, ""gas_res"": 5684.846}, {""temp"": 24.85586, ""step"": 9, ""status"": 1, ""pres"": 978.7446, ""meas_profile"": ""HP-6"", ""meas_id"": 6, ""hum"": 33.38976, ""gas_res"": 6538.619}, {""temp"": 24.77814, ""step"": 9, ""status"": 1, ""pres"": 978.5277, ""meas_profile"": ""HP-5"", ""meas_id"": 5, ""hum"": 33.61654, ""gas_res"": 22448.26}, {""temp"": 24.5426, ""step"": 9, ""status"": 1, ""pres"": 978.6776, ""meas_profile"": ""HP-4"", ""meas_id"": 4, ""hum"": 33.09969, ""gas_res"": 10403.12}, {""temp"": 24.68629, ""step"": 9, ""status"": 1, ""pres"": 978.2153, ""meas_profile"": ""HP-3"", ""meas_id"": 3, ""hum"": 33.54011, ""gas_res"": 6736.842}, {""temp"": 24.6304, ""step"": 9, ""status"": 1, ""pres"": 978.3784, ""meas_profile"": ""HP-2"", ""meas_id"": 2, ""hum"": 33.81231, ""gas_res"": 6087.122}, {""temp"": 24.40608, ""step"": 9, ""status"": 1, ""pres"": 978.5059, ""meas_profile"": ""HP-1"", ""meas_id"": 1, ""hum"": 33.21201, ""gas_res"": 6938.421}]}",NULL,"2025-10-29 12:08:00.650092"
15438,"04a600b9b0b8","2025-10-29 12:06:09","OfSxEa1Yv965HDuAvsi2","{""bme688"": [{""temp"": 24.7661, ""step"": 8, ""status"": 1, ""pres"": 978.4734, ""meas_profile"": ""HP-8"", ""meas_id"": 8, ""hum"": 33.68326, ""gas_res"": 5684.846}, {""temp"": 24.76082, ""step"": 8, ""status"": 1, ""pres"": 978.6099, ""meas_profile"": ""HP-7"", ""meas_id"": 7, ""hum"": 33.57285, ""gas_res"": 5684.846}, {""temp"": 24.85555, ""step"": 8, ""status"": 1, ""pres"": 978.7442, ""meas_profile"": ""HP-6"", ""meas_id"": 6, ""hum"": 33.39545, ""gas_res"": 6530.612}, {""temp"": 24.77876, ""step"": 8, ""status"": 1, ""pres"": 978.5287, ""meas_profile"": ""HP-5"", ""meas_id"": 5, ""hum"": 33.6166, ""gas_res"": 20447.29}, {""temp"": 24.54292, ""step"": 8, ""status"": 1, ""pres"": 978.6782, ""meas_profile"": ""HP-4"", ""meas_id"": 4, ""hum"": 33.10545, ""gas_res"": 10136.21}, {""temp"": 24.68629, ""step"": 8, ""status"": 1, ""pres"": 978.2153, ""meas_profile"": ""HP-3"", ""meas_id"": 3, ""hum"": 33.54584, ""gas_res"": 6288.072}, {""temp"": 24.6304, ""step"": 8, ""status"": 1, ""pres"": 978.3784, ""meas_profile"": ""HP-2"", ""meas_id"": 2, ""hum"": 33.81798, ""gas_res"": 6069.803}, {""temp"": 24.40577, ""step"": 8, ""status"": 1, ""pres"": 978.5055, ""meas_profile"": ""HP-1"", ""meas_id"": 1, ""hum"": 33.21198, ""gas_res"": 6788.29}]}",NULL,"2025-10-29 12:08:01.815789"
15439,"04a600b9b0b8","2025-10-29 12:06:09","OfSxEa1Yv965HDuAvsi2","{""bme688"": [{""temp"": 24.76548, ""step"": 7, ""status"": 1, ""pres"": 978.4725, ""meas_profile"": ""HP-8"", ""meas_id"": 8, ""hum"": 33.65464, ""gas_res"": 5684.846}, {""temp"": 24.76051, ""step"": 7, ""status"": 1, ""pres"": 978.6094, ""meas_profile"": ""HP-7"", ""meas_id"": 7, ""hum"": 33.55588, ""gas_res"": 5684.846}, {""temp"": 24.85555, ""step"": 7, ""status"": 1, ""pres"": 978.7442, ""meas_profile"": ""HP-6"", ""meas_id"": 6, ""hum"": 33.39545, ""gas_res"": 6299.212}, {""temp"": 24.77876, ""step"": 7, ""status"": 1, ""pres"": 978.5287, ""meas_profile"": ""HP-5"", ""meas_id"": 5, ""hum"": 33.60528, ""gas_res"": 18610.06}, {""temp"": 24.54292, ""step"": 7, ""status"": 1, ""pres"": 978.6782, ""meas_profile"": ""HP-4"", ""meas_id"": 4, ""hum"": 33.11118, ""gas_res"": 9272.675}, {""temp"": 24.68629, ""step"": 7, ""status"": 1, ""pres"": 978.2137, ""meas_profile"": ""HP-3"", ""meas_id"": 3, ""hum"": 33.54011, ""gas_res"": 7478.383}, {""temp"": 24.6304, ""step"": 7, ""status"": 1, ""pres"": 978.3784, ""meas_profile"": ""HP-2"", ""meas_id"": 2, ""hum"": 33.81231, ""gas_res"": 7600.95}, {""temp"": 24.40577, ""step"": 7, ""status"": 1, ""pres"": 978.5055, ""meas_profile"": ""HP-1"", ""meas_id"": 1, ""hum"": 33.22369, ""gas_res"": 6254.887}]}",NULL,"2025-10-29 12:08:03.28635"
15440,"04a600b9b0b8","2025-10-29 12:06:09","OfSxEa1Yv965HDuAvsi2","{""bme688"": [{""temp"": 24.76548, ""step"": 6, ""status"": 1, ""pres"": 978.4725, ""meas_profile"": ""HP-8"", ""meas_id"": 8, ""hum"": 33.64322, ""gas_res"": 16000.0}, {""temp"": 24.7602, ""step"": 6, ""status"": 1, ""pres"": 978.6088, ""meas_profile"": ""HP-7"", ""meas_id"": 7, ""hum"": 33.5615, ""gas_res"": 19494.37}, {""temp"": 24.85586, ""step"": 6, ""status"": 1, ""pres"": 978.7446, ""meas_profile"": ""HP-6"", ""meas_id"": 6, ""hum"": 33.40121, ""gas_res"": 30447.19}, {""temp"": 24.77907, ""step"": 6, ""status"": 1, ""pres"": 978.5292, ""meas_profile"": ""HP-5"", ""meas_id"": 5, ""hum"": 33.59965, ""gas_res"": 100000.0}, {""temp"": 24.54322, ""step"": 6, ""status"": 1, ""pres"": 978.6786, ""meas_profile"": ""HP-4"", ""meas_id"": 4, ""hum"": 33.10548, ""gas_res"": 100000.0}, {""temp"": 24.68629, ""step"": 6, ""status"": 1, ""pres"": 978.2137, ""meas_profile"": ""HP-3"", ""meas_id"": 3, ""hum"": 33.53438, ""gas_res"": 33481.56}, {""temp"": 24.6304, ""step"": 6, ""status"": 1, ""pres"": 978.3784, ""meas_profile"": ""HP-2"", ""meas_id"": 2, ""hum"": 33.81798, ""gas_res"": 83879.42}, {""temp"": 24.40608, ""step"": 6, ""status"": 1, ""pres"": 978.5076, ""meas_profile"": ""HP-1"", ""meas_id"": 1, ""hum"": 33.22956, ""gas_res"": 40933.8}]}",NULL,"2025-10-29 12:08:04.376923"
15441,"04a600b9b0b8","2025-10-29 12:06:09","OfSxEa1Yv965HDuAvsi2","{""bme688"": [{""temp"": 24.76548, ""step"": 5, ""status"": 1, ""pres"": 978.4725, ""meas_profile"": ""HP-8"", ""meas_id"": 8, ""hum"": 33.68892, ""gas_res"": 16280.84}, {""temp"": 24.7602, ""step"": 5, ""status"": 1, ""pres"": 978.6088, ""meas_profile"": ""HP-7"", ""meas_id"": 7, ""hum"": 33.57279, ""gas_res"": 19838.81}, {""temp"": 24.85616, ""step"": 5, ""status"": 1, ""pres"": 978.7452, ""meas_profile"": ""HP-6"", ""meas_id"": 6, ""hum"": 33.39551, ""gas_res"": 31158.71}, {""temp"": 24.77938, ""step"": 5, ""status"": 1, ""pres"": 978.5298, ""meas_profile"": ""HP-5"", ""meas_id"": 5, ""hum"": 33.60534, ""gas_res"": 100000.0}, {""temp"": 24.54322, ""step"": 5, ""status"": 1, ""pres"": 978.6803, ""meas_profile"": ""HP-4"", ""meas_id"": 4, ""hum"": 33.10548, ""gas_res"": 92119.47}, {""temp"": 24.6866, ""step"": 5, ""status"": 1, ""pres"": 978.2142, ""meas_profile"": ""HP-3"", ""meas_id"": 3, ""hum"": 33.54014, ""gas_res"": 32611.46}, {""temp"": 24.6304, ""step"": 5, ""status"": 1, ""pres"": 978.3784, ""meas_profile"": ""HP-2"", ""meas_id"": 2, ""hum"": 33.80098, ""gas_res"": 81012.66}, {""temp"": 24.40639, ""step"": 5, ""status"": 1, ""pres"": 978.5083, ""meas_profile"": ""HP-1"", ""meas_id"": 1, ""hum"": 33.2296, ""gas_res"": 39203.68}]}",NULL,"2025-10-29 12:08:05.665959"
15442,"04a600b9b0b8","2025-10-29 12:06:09","OfSxEa1Yv965HDuAvsi2","{""bme688"": [{""temp"": 24.76517, ""step"": 4, ""status"": 1, ""pres"": 978.4719, ""meas_profile"": ""HP-8"", ""meas_id"": 8, ""hum"": 33.65461, ""gas_res"": 17034.87}, {""temp"": 24.75989, ""step"": 4, ""status"": 1, ""pres"": 978.6085, ""meas_profile"": ""HP-7"", ""meas_id"": 7, ""hum"": 33.56147, ""gas_res"": 20685.2}, {""temp"": 24.85647, ""step"": 4, ""status"": 1, ""pres"": 978.7458, ""meas_profile"": ""HP-6"", ""meas_id"": 6, ""hum"": 33.40699, ""gas_res"": 32938.75}, {""temp"": 24.77907, ""step"": 4, ""status"": 1, ""pres"": 978.5292, ""meas_profile"": ""HP-5"", ""meas_id"": 5, ""hum"": 33.61097, ""gas_res"": 96349.27}, {""temp"": 24.54354, ""step"": 4, ""status"": 1, ""pres"": 978.6808, ""meas_profile"": ""HP-4"", ""meas_id"": 4, ""hum"": 33.12842, ""gas_res"": 100000.0}, {""temp"": 24.6866, ""step"": 4, ""status"": 1, ""pres"": 978.2142, ""meas_profile"": ""HP-3"", ""meas_id"": 3, ""hum"": 33.54586, ""gas_res"": 32413.27}, {""temp"": 24.6304, ""step"": 4, ""status"": 1, ""pres"": 978.3784, ""meas_profile"": ""HP-2"", ""meas_id"": 2, ""hum"": 33.81798, ""gas_res"": 80553.8}, {""temp"": 24.40671, ""step"": 4, ""status"": 1, ""pres"": 978.5087, ""meas_profile"": ""HP-1"", ""meas_id"": 1, ""hum"": 33.22377, ""gas_res"": 38953.13}]}",NULL,"2025-10-29 12:08:06.942137"
15443,"04a600b9b0b8","2025-10-29 12:06:09","OfSxEa1Yv965HDuAvsi2","{""bme688"": [{""temp"": 24.76517, ""step"": 3, ""status"": 1, ""pres"": 978.4719, ""meas_profile"": ""HP-8"", ""meas_id"": 8, ""hum"": 33.68317, ""gas_res"": 50068.45}, {""temp"": 24.75958, ""step"": 3, ""status"": 1, ""pres"": 978.6094, ""meas_profile"": ""HP-7"", ""meas_id"": 7, ""hum"": 33.58403, ""gas_res"": 66753.59}, {""temp"": 24.85616, ""step"": 3, ""status"": 1, ""pres"": 978.7452, ""meas_profile"": ""HP-6"", ""meas_id"": 6, ""hum"": 33.39551, ""gas_res"": 192048.0}, {""temp"": 24.77907, ""step"": 3, ""status"": 1, ""pres"": 978.5292, ""meas_profile"": ""HP-5"", ""meas_id"": 5, ""hum"": 33.62229, ""gas_res"": 457449.2}, {""temp"": 24.54354, ""step"": 3, ""status"": 1, ""pres"": 978.6825, ""meas_profile"": ""HP-4"", ""meas_id"": 4, ""hum"": 33.10551, ""gas_res"": 424456.0}, {""temp"": 24.6866, ""step"": 3, ""status"": 1, ""pres"": 978.2142, ""meas_profile"": ""HP-3"", ""meas_id"": 3, ""hum"": 33.5516, ""gas_res"": 246747.0}, {""temp"": 24.6304, ""step"": 3, ""status"": 1, ""pres"": 978.3784, ""meas_profile"": ""HP-2"", ""meas_id"": 2, ""hum"": 33.81798, ""gas_res"": 459914.7}, {""temp"": 24.40639, ""step"": 3, ""status"": 1, ""pres"": 978.5083, ""meas_profile"": ""HP-1"", ""meas_id"": 1, ""hum"": 33.23545, ""gas_res"": 313629.4}]}",NULL,"2025-10-29 12:08:08.407739"
15444,"04a600b9b0b8","2025-10-29 12:06:09","OfSxEa1Yv965HDuAvsi2","{""bme688"": [{""temp"": 24.76487, ""step"": 2, ""status"": 1, ""pres"": 978.4713, ""meas_profile"": ""HP-8"", ""meas_id"": 8, ""hum"": 33.68886, ""gas_res"": 43925.88}, {""temp"": 24.75958, ""step"": 2, ""status"": 1, ""pres"": 978.6094, ""meas_profile"": ""HP-7"", ""meas_id"": 7, ""hum"": 33.57838, ""gas_res"": 60037.52}, {""temp"": 24.85616, ""step"": 2, ""status"": 1, ""pres"": 978.7452, ""meas_profile"": ""HP-6"", ""meas_id"": 6, ""hum"": 33.42414, ""gas_res"": 169761.3}, {""temp"": 24.77907, ""step"": 2, ""status"": 1, ""pres"": 978.5292, ""meas_profile"": ""HP-5"", ""meas_id"": 5, ""hum"": 33.61097, ""gas_res"": 401018.2}, {""temp"": 24.54322, ""step"": 2, ""status"": 1, ""pres"": 978.6819, ""meas_profile"": ""HP-4"", ""meas_id"": 4, ""hum"": 33.12839, ""gas_res"": 390392.7}, {""temp"": 24.6866, ""step"": 2, ""status"": 1, ""pres"": 978.2142, ""meas_profile"": ""HP-3"", ""meas_id"": 3, ""hum"": 33.5516, ""gas_res"": 212624.6}, {""temp"": 24.63009, ""step"": 2, ""status"": 1, ""pres"": 978.3779, ""meas_profile"": ""HP-2"", ""meas_id"": 2, ""hum"": 33.81795, ""gas_res"": 381662.3}, {""temp"": 24.40639, ""step"": 2, ""status"": 1, ""pres"": 978.5083, ""meas_profile"": ""HP-1"", ""meas_id"": 1, ""hum"": 33.24131, ""gas_res"": 271258.3}]}",NULL,"2025-10-29 12:08:10.138965"
15445,"04a600b9b0b8","2025-10-29 12:06:09","OfSxEa1Yv965HDuAvsi2","{""bme688"": [{""temp"": 24.76517, ""step"": 1, ""status"": 1, ""pres"": 978.4719, ""meas_profile"": ""HP-8"", ""meas_id"": 8, ""hum"": 33.6946, ""gas_res"": 9765.029}, {""temp"": 24.75989, ""step"": 1, ""status"": 1, ""pres"": 978.6102, ""meas_profile"": ""HP-7"", ""meas_id"": 7, ""hum"": 33.57276, ""gas_res"": 10858.5}, {""temp"": 24.85647, ""step"": 1, ""status"": 1, ""pres"": 978.7458, ""meas_profile"": ""HP-6"", ""meas_id"": 6, ""hum"": 33.41272, ""gas_res"": 25000.0}, {""temp"": 24.77938, ""step"": 1, ""status"": 1, ""pres"": 978.5298, ""meas_profile"": ""HP-5"", ""meas_id"": 5, ""hum"": 33.60534, ""gas_res"": 30910.41}, {""temp"": 24.54354, ""step"": 1, ""status"": 1, ""pres"": 978.6825, ""meas_profile"": ""HP-4"", ""meas_id"": 4, ""hum"": 33.12269, ""gas_res"": 25019.55}, {""temp"": 24.6866, ""step"": 1, ""status"": 1, ""pres"": 978.2142, ""meas_profile"": ""HP-3"", ""meas_id"": 3, ""hum"": 33.5516, ""gas_res"": 25000.0}, {""temp"": 24.6304, ""step"": 1, ""status"": 1, ""pres"": 978.3784, ""meas_profile"": ""HP-2"", ""meas_id"": 2, ""hum"": 33.82931, ""gas_res"": 23633.68}, {""temp"": 24.40671, ""step"": 1, ""status"": 1, ""pres"": 978.5106, ""meas_profile"": ""HP-1"", ""meas_id"": 1, ""hum"": 33.24133, ""gas_res"": 25000.0}]}",NULL,"2025-10-29 12:08:11.415476"
15446,"04a600b9b0b8","2025-10-29 12:06:09","OfSxEa1Yv965HDuAvsi2","{""bme688"": [{""temp"": 24.76487, ""step"": 0, ""status"": 1, ""pres"": 978.4713, ""meas_profile"": ""HP-8"", ""meas_id"": 8, ""hum"": 33.67743, ""gas_res"": 5684.846}, {""temp"": 24.75958, ""step"": 0, ""status"": 1, ""pres"": 978.6094, ""meas_profile"": ""HP-7"", ""meas_id"": 7, ""hum"": 33.56144, ""gas_res"": 6049.149}, {""temp"": 24.85616, ""step"": 0, ""status"": 1, ""pres"": 978.7452, ""meas_profile"": ""HP-6"", ""meas_id"": 6, ""hum"": 33.42987, ""gas_res"": 6595.218}, {""temp"": 24.77938, ""step"": 0, ""status"": 1, ""pres"": 978.5315, ""meas_profile"": ""HP-5"", ""meas_id"": 5, ""hum"": 33.61666, ""gas_res"": 19352.89}, {""temp"": 24.54354, ""step"": 0, ""status"": 1, ""pres"": 978.6841, ""meas_profile"": ""HP-4"", ""meas_id"": 4, ""hum"": 33.13415, ""gas_res"": 9420.076}, {""temp"": 24.6866, ""step"": 0, ""status"": 1, ""pres"": 978.2142, ""meas_profile"": ""HP-3"", ""meas_id"": 3, ""hum"": 33.5516, ""gas_res"": 7279.345}, {""temp"": 24.6304, ""step"": 0, ""status"": 1, ""pres"": 978.3784, ""meas_profile"": ""HP-2"", ""meas_id"": 2, ""hum"": 33.84631, ""gas_res"": 7128.537}, {""temp"": 24.40639, ""step"": 0, ""status"": 1, ""pres"": 978.5101, ""meas_profile"": ""HP-1"", ""meas_id"": 1, ""hum"": 33.27643, ""gas_res"": 5964.585}]}",NULL,"2025-10-29 12:08:12.71052"
15469,"04a600b9b0b8","2025-10-29 12:08:40","OfSxEa1Yv965HDuAvsi2","{""zphs01b"": {""voc"": 0, ""temp"": 22.5, ""pm2_5"": 0, ""pm1_0"": 0, ""pm10"": 301, ""o3"": 0.04, ""no2"": 8.2, ""hum"": 0, ""fmhd"": 0, ""co2"": 5000, ""co"": 0.0}, ""smell_b"": {}, ""sfa30"": {""temp"": 24.665, ""hum"": 36.26, ""fmhd"": 2.2}, ""sen5x"": {""voc"": 137.0, ""temp"": 25.085, ""pm4_0"": 4469.3, ""pm2_5"": 4469.3, ""pm1_0"": 4261.8, ""pm10"": 4469.3, ""nox"": 1.0, ""mass_c"": 4417.425, ""hum"": 40.35}, ""scd41"": {""temp"": 24.12146, ""hum"": 43.77661, ""co2"": 708}, ""power_source"": 0, ""mics6814"": {""red_res"": 0, ""no2_res"": 0, ""no2"": 0.17, ""nh3_res"": 0, ""nh3"": 0.73, ""co_res"": 0, ""co"": 44.0}}",NULL,"2025-10-29 12:09:10.36206"
15470,"04a600b9b0b8","2025-10-29 12:08:40","OfSxEa1Yv965HDuAvsi2","{""bme688"": [{""temp"": 24.77197, ""step"": 9, ""status"": 1, ""pres"": 978.4844, ""meas_profile"": ""HP-8"", ""meas_id"": 8, ""hum"": 33.62669, ""gas_res"": 5684.846}, {""temp"": 24.76548, ""step"": 9, ""status"": 1, ""pres"": 978.6194, ""meas_profile"": ""HP-7"", ""meas_id"": 7, ""hum"": 33.52246, ""gas_res"": 5796.051}, {""temp"": 24.85586, ""step"": 9, ""status"": 1, ""pres"": 978.7516, ""meas_profile"": ""HP-6"", ""meas_id"": 6, ""hum"": 33.36114, ""gas_res"": 7085.917}, {""temp"": 24.77876, ""step"": 9, ""status"": 1, ""pres"": 978.5303, ""meas_profile"": ""HP-5"", ""meas_id"": 5, ""hum"": 33.56567, ""gas_res"": 25000.0}, {""temp"": 24.54416, ""step"": 9, ""status"": 1, ""pres"": 978.6752, ""meas_profile"": ""HP-4"", ""meas_id"": 4, ""hum"": 33.0712, ""gas_res"": 17802.5}, {""temp"": 24.68846, ""step"": 9, ""status"": 1, ""pres"": 978.2375, ""meas_profile"": ""HP-3"", ""meas_id"": 3, ""hum"": 33.50021, ""gas_res"": 8006.004}, {""temp"": 24.62885, ""step"": 9, ""status"": 1, ""pres"": 978.3895, ""meas_profile"": ""HP-2"", ""meas_id"": 2, ""hum"": 33.77251, ""gas_res"": 7294.278}, {""temp"": 24.40577, ""step"": 9, ""status"": 1, ""pres"": 978.509, ""meas_profile"": ""HP-1"", ""meas_id"": 1, ""hum"": 33.18272, ""gas_res"": 8000.0}]}",NULL,"2025-10-29 12:09:11.580849"
15471,"04a600b9b0b8","2025-10-29 12:08:40","OfSxEa1Yv965HDuAvsi2","{""bme688"": [{""temp"": 24.77166, ""step"": 8, ""status"": 1, ""pres"": 978.4839, ""meas_profile"": ""HP-8"", ""meas_id"": 8, ""hum"": 33.62095, ""gas_res"": 5684.846}, {""temp"": 24.76517, ""step"": 8, ""status"": 1, ""pres"": 978.6188, ""meas_profile"": ""HP-7"", ""meas_id"": 7, ""hum"": 33.53373, ""gas_res"": 5938.022}, {""temp"": 24.85586, ""step"": 8, ""status"": 1, ""pres"": 978.7498, ""meas_profile"": ""HP-6"", ""meas_id"": 6, ""hum"": 33.36114, ""gas_res"": 7354.631}, {""temp"": 24.77876, ""step"": 8, ""status"": 1, ""pres"": 978.5287, ""meas_profile"": ""HP-5"", ""meas_id"": 5, ""hum"": 33.54869, ""gas_res"": 25000.0}, {""temp"": 24.54416, ""step"": 8, ""status"": 1, ""pres"": 978.6752, ""meas_profile"": ""HP-4"", ""meas_id"": 4, ""hum"": 33.0712, ""gas_res"": 17596.92}, {""temp"": 24.68815, ""step"": 8, ""status"": 1, ""pres"": 978.2354, ""meas_profile"": ""HP-3"", ""meas_id"": 3, ""hum"": 33.50018, ""gas_res"": 7421.15}, {""temp"": 24.62916, ""step"": 8, ""status"": 1, ""pres"": 978.3899, ""meas_profile"": ""HP-2"", ""meas_id"": 2, ""hum"": 33.78386, ""gas_res"": 7269.423}, {""temp"": 24.40577, ""step"": 8, ""status"": 1, ""pres"": 978.509, ""meas_profile"": ""HP-1"", ""meas_id"": 1, ""hum"": 33.20028, ""gas_res"": 6042.296}]}",NULL,"2025-10-29 12:09:12.866369"
15472,"04a600b9b0b8","2025-10-29 12:08:40","OfSxEa1Yv965HDuAvsi2","{""bme688"": [{""temp"": 24.77104, ""step"": 7, ""status"": 1, ""pres"": 978.4829, ""meas_profile"": ""HP-8"", ""meas_id"": 8, ""hum"": 33.62089, ""gas_res"": 5684.846}, {""temp"": 24.76486, ""step"": 7, ""status"": 1, ""pres"": 978.6184, ""meas_profile"": ""HP-7"", ""meas_id"": 7, ""hum"": 33.52805, ""gas_res"": 5931.418}, {""temp"": 24.85586, ""step"": 7, ""status"": 1, ""pres"": 978.7498, ""meas_profile"": ""HP-6"", ""meas_id"": 6, ""hum"": 33.36686, ""gas_res"": 7304.269}, {""temp"": 24.77907, ""step"": 7, ""status"": 1, ""pres"": 978.5292, ""meas_profile"": ""HP-5"", ""meas_id"": 5, ""hum"": 33.56004, ""gas_res"": 22711.14}, {""temp"": 24.54416, ""step"": 7, ""status"": 1, ""pres"": 978.6752, ""meas_profile"": ""HP-4"", ""meas_id"": 4, ""hum"": 33.07693, ""gas_res"": 11271.57}, {""temp"": 24.68815, ""step"": 7, ""status"": 1, ""pres"": 978.2338, ""meas_profile"": ""HP-3"", ""meas_id"": 3, ""hum"": 33.50018, ""gas_res"": 7029.877}, {""temp"": 24.62916, ""step"": 7, ""status"": 1, ""pres"": 978.3899, ""meas_profile"": ""HP-2"", ""meas_id"": 2, ""hum"": 33.78386, ""gas_res"": 6871.376}, {""temp"": 24.40546, ""step"": 7, ""status"": 1, ""pres"": 978.5087, ""meas_profile"": ""HP-1"", ""meas_id"": 1, ""hum"": 33.20025, ""gas_res"": 8078.768}]}",NULL,"2025-10-29 12:09:14.138964"
15473,"04a600b9b0b8","2025-10-29 12:08:40","OfSxEa1Yv965HDuAvsi2","{""bme688"": [{""temp"": 24.77073, ""step"": 6, ""status"": 1, ""pres"": 978.4824, ""meas_profile"": ""HP-8"", ""meas_id"": 8, ""hum"": 33.62657, ""gas_res"": 15869.08}, {""temp"": 24.76455, ""step"": 6, ""status"": 1, ""pres"": 978.6178, ""meas_profile"": ""HP-7"", ""meas_id"": 7, ""hum"": 33.53366, ""gas_res"": 20043.85}, {""temp"": 24.85555, ""step"": 6, ""status"": 1, ""pres"": 978.7494, ""meas_profile"": ""HP-6"", ""meas_id"": 6, ""hum"": 33.34966, ""gas_res"": 33880.36}, {""temp"": 24.77876, ""step"": 6, ""status"": 1, ""pres"": 978.5287, ""meas_profile"": ""HP-5"", ""meas_id"": 5, ""hum"": 33.56567, ""gas_res"": 101688.2}, {""temp"": 24.54416, ""step"": 6, ""status"": 1, ""pres"": 978.6752, ""meas_profile"": ""HP-4"", ""meas_id"": 4, ""hum"": 33.07693, ""gas_res"": 100000.0}, {""temp"": 24.68815, ""step"": 6, ""status"": 1, ""pres"": 978.2338, ""meas_profile"": ""HP-3"", ""meas_id"": 3, ""hum"": 33.51163, ""gas_res"": 37155.3}, {""temp"": 24.62947, ""step"": 6, ""status"": 1, ""pres"": 978.3887, ""meas_profile"": ""HP-2"", ""meas_id"": 2, ""hum"": 33.77823, ""gas_res"": 100000.0}, {""temp"": 24.40546, ""step"": 6, ""status"": 1, ""pres"": 978.5087, ""meas_profile"": ""HP-1"", ""meas_id"": 1, ""hum"": 33.2061, ""gas_res"": 46562.39}]}",NULL,"2025-10-29 12:09:15.511416"
15474,"04a600b9b0b8","2025-10-29 12:08:40","OfSxEa1Yv965HDuAvsi2","{""bme688"": [{""temp"": 24.77043, ""step"": 5, ""status"": 1, ""pres"": 978.4819, ""meas_profile"": ""HP-8"", ""meas_id"": 8, ""hum"": 33.62654, ""gas_res"": 15964.08}, {""temp"": 24.76424, ""step"": 5, ""status"": 1, ""pres"": 978.6174, ""meas_profile"": ""HP-7"", ""meas_id"": 7, ""hum"": 33.53928, ""gas_res"": 20119.46}, {""temp"": 24.85586, ""step"": 5, ""status"": 1, ""pres"": 978.7498, ""meas_profile"": ""HP-6"", ""meas_id"": 6, ""hum"": 33.36114, ""gas_res"": 34042.55}, {""temp"": 24.77845, ""step"": 5, ""status"": 1, ""pres"": 978.5283, ""meas_profile"": ""HP-5"", ""meas_id"": 5, ""hum"": 33.56563, ""gas_res"": 100906.6}, {""temp"": 24.54416, ""step"": 5, ""status"": 1, ""pres"": 978.6752, ""meas_profile"": ""HP-4"", ""meas_id"": 4, ""hum"": 33.08266, ""gas_res"": 100000.0}, {""temp"": 24.68815, ""step"": 5, ""status"": 1, ""pres"": 978.2321, ""meas_profile"": ""HP-3"", ""meas_id"": 3, ""hum"": 33.50018, ""gas_res"": 35844.3}, {""temp"": 24.62947, ""step"": 5, ""status"": 1, ""pres"": 978.387, ""meas_profile"": ""HP-2"", ""meas_id"": 2, ""hum"": 33.80089, ""gas_res"": 93430.66}, {""temp"": 24.40577, ""step"": 5, ""status"": 1, ""pres"": 978.509, ""meas_profile"": ""HP-1"", ""meas_id"": 1, ""hum"": 33.19443, ""gas_res"": 44475.33}]}",NULL,"2025-10-29 12:09:16.699584"
15475,"04a600b9b0b8","2025-10-29 12:08:40","OfSxEa1Yv965HDuAvsi2","{""bme688"": [{""temp"": 24.77012, ""step"": 4, ""status"": 1, ""pres"": 978.4815, ""meas_profile"": ""HP-8"", ""meas_id"": 8, ""hum"": 33.63223, ""gas_res"": 16194.33}, {""temp"": 24.76393, ""step"": 4, ""status"": 1, ""pres"": 978.6166, ""meas_profile"": ""HP-7"", ""meas_id"": 7, ""hum"": 33.53925, ""gas_res"": 20466.9}, {""temp"": 24.85555, ""step"": 4, ""status"": 1, ""pres"": 978.7494, ""meas_profile"": ""HP-6"", ""meas_id"": 6, ""hum"": 33.36111, ""gas_res"": 34707.16}, {""temp"": 24.77814, ""step"": 4, ""status"": 1, ""pres"": 978.5277, ""meas_profile"": ""HP-5"", ""meas_id"": 5, ""hum"": 33.56561, ""gas_res"": 102790.6}, {""temp"": 24.54416, ""step"": 4, ""status"": 1, ""pres"": 978.6752, ""meas_profile"": ""HP-4"", ""meas_id"": 4, ""hum"": 33.07693, ""gas_res"": 100000.0}, {""temp"": 24.68784, ""step"": 4, ""status"": 1, ""pres"": 978.2299, ""meas_profile"": ""HP-3"", ""meas_id"": 3, ""hum"": 33.52306, ""gas_res"": 34538.59}, {""temp"": 24.62947, ""step"": 4, ""status"": 1, ""pres"": 978.387, ""meas_profile"": ""HP-2"", ""meas_id"": 2, ""hum"": 33.78956, ""gas_res"": 90077.41}, {""temp"": 24.40577, ""step"": 4, ""status"": 1, ""pres"": 978.509, ""meas_profile"": ""HP-1"", ""meas_id"": 1, ""hum"": 33.20613, ""gas_res"": 42996.3}]}",NULL,"2025-10-29 12:09:17.978127"
15476,"04a600b9b0b8","2025-10-29 12:08:40","OfSxEa1Yv965HDuAvsi2","{""bme688"": [{""temp"": 24.76981, ""step"": 3, ""status"": 1, ""pres"": 978.4791, ""meas_profile"": ""HP-8"", ""meas_id"": 8, ""hum"": 33.63791, ""gas_res"": 23451.81}, {""temp"": 24.76362, ""step"": 3, ""status"": 1, ""pres"": 978.6163, ""meas_profile"": ""HP-7"", ""meas_id"": 7, ""hum"": 33.54487, ""gas_res"": 30082.26}, {""temp"": 24.85524, ""step"": 3, ""status"": 1, ""pres"": 978.749, ""meas_profile"": ""HP-6"", ""meas_id"": 6, ""hum"": 33.36108, ""gas_res"": 68412.62}, {""temp"": 24.77782, ""step"": 3, ""status"": 1, ""pres"": 978.5272, ""meas_profile"": ""HP-5"", ""meas_id"": 5, ""hum"": 33.59387, ""gas_res"": 135413.9}, {""temp"": 24.54385, ""step"": 3, ""status"": 1, ""pres"": 978.6763, ""meas_profile"": ""HP-4"", ""meas_id"": 4, ""hum"": 33.11126, ""gas_res"": 145578.6}, {""temp"": 24.68753, ""step"": 3, ""status"": 1, ""pres"": 978.2294, ""meas_profile"": ""HP-3"", ""meas_id"": 3, ""hum"": 33.51731, ""gas_res"": 79577.24}, {""temp"": 24.62916, ""step"": 3, ""status"": 1, ""pres"": 978.3848, ""meas_profile"": ""HP-2"", ""meas_id"": 2, ""hum"": 33.78386, ""gas_res"": 142539.0}, {""temp"": 24.40546, ""step"": 3, ""status"": 1, ""pres"": 978.5087, ""meas_profile"": ""HP-1"", ""meas_id"": 1, ""hum"": 33.2061, ""gas_res"": 105523.5}]}",NULL,"2025-10-29 12:09:19.267976"
15477,"04a600b9b0b8","2025-10-29 12:08:40","OfSxEa1Yv965HDuAvsi2","{""bme688"": [{""temp"": 24.7695, ""step"": 2, ""status"": 1, ""pres"": 978.4787, ""meas_profile"": ""HP-8"", ""meas_id"": 8, ""hum"": 33.64359, ""gas_res"": 38705.78}, {""temp"": 24.76331, ""step"": 2, ""status"": 1, ""pres"": 978.6158, ""meas_profile"": ""HP-7"", ""meas_id"": 7, ""hum"": 33.54485, ""gas_res"": 55980.76}, {""temp"": 24.85493, ""step"": 2, ""status"": 1, ""pres"": 978.7467, ""meas_profile"": ""HP-6"", ""meas_id"": 6, ""hum"": 33.38967, ""gas_res"": 156814.7}, {""temp"": 24.77782, ""step"": 2, ""status"": 1, ""pres"": 978.5272, ""meas_profile"": ""HP-5"", ""meas_id"": 5, ""hum"": 33.59387, ""gas_res"": 369275.2}, {""temp"": 24.54354, ""step"": 2, ""status"": 1, ""pres"": 978.6758, ""meas_profile"": ""HP-4"", ""meas_id"": 4, ""hum"": 33.09406, ""gas_res"": 349965.8}, {""temp"": 24.68722, ""step"": 2, ""status"": 1, ""pres"": 978.2271, ""meas_profile"": ""HP-3"", ""meas_id"": 3, ""hum"": 33.52874, ""gas_res"": 174090.5}, {""temp"": 24.62916, ""step"": 2, ""status"": 1, ""pres"": 978.3848, ""meas_profile"": ""HP-2"", ""meas_id"": 2, ""hum"": 33.80086, ""gas_res"": 327784.9}, {""temp"": 24.40515, ""step"": 2, ""status"": 1, ""pres"": 978.5082, ""meas_profile"": ""HP-1"", ""meas_id"": 1, ""hum"": 33.21778, ""gas_res"": 234217.8}]}",NULL,"2025-10-29 12:09:20.628775"
15478,"04a600b9b0b8","2025-10-29 12:08:40","OfSxEa1Yv965HDuAvsi2","{""bme688"": [{""temp"": 24.7695, ""step"": 1, ""status"": 1, ""pres"": 978.4787, ""meas_profile"": ""HP-8"", ""meas_id"": 8, ""hum"": 33.64359, ""gas_res"": 9563.658}, {""temp"": 24.76331, ""step"": 1, ""status"": 1, ""pres"": 978.6158, ""meas_profile"": ""HP-7"", ""meas_id"": 7, ""hum"": 33.55614, ""gas_res"": 11259.68}, {""temp"": 24.85493, ""step"": 1, ""status"": 1, ""pres"": 978.7484, ""meas_profile"": ""HP-6"", ""meas_id"": 6, ""hum"": 33.3954, ""gas_res"": 25000.0}, {""temp"": 24.77782, ""step"": 1, ""status"": 1, ""pres"": 978.5272, ""meas_profile"": ""HP-5"", ""meas_id"": 5, ""hum"": 33.57689, ""gas_res"": 31597.14}, {""temp"": 24.54354, ""step"": 1, ""status"": 1, ""pres"": 978.6741, ""meas_profile"": ""HP-4"", ""meas_id"": 4, ""hum"": 33.09406, ""gas_res"": 25346.54}, {""temp"": 24.68722, ""step"": 1, ""status"": 1, ""pres"": 978.2255, ""meas_profile"": ""HP-3"", ""meas_id"": 3, ""hum"": 33.52874, ""gas_res"": 25000.0}, {""temp"": 24.62916, ""step"": 1, ""status"": 1, ""pres"": 978.3831, ""meas_profile"": ""HP-2"", ""meas_id"": 2, ""hum"": 33.81219, ""gas_res"": 23858.34}, {""temp"": 24.40546, ""step"": 1, ""status"": 1, ""pres"": 978.5068, ""meas_profile"": ""HP-1"", ""meas_id"": 1, ""hum"": 33.2178, ""gas_res"": 25000.0}]}",NULL,"2025-10-29 12:09:21.818767"
15479,"04a600b9b0b8","2025-10-29 12:08:40","OfSxEa1Yv965HDuAvsi2","{""bme688"": [{""temp"": 24.7695, ""step"": 0, ""status"": 1, ""pres"": 978.4787, ""meas_profile"": ""HP-8"", ""meas_id"": 8, ""hum"": 33.66072, ""gas_res"": 5977.956}, {""temp"": 24.763, ""step"": 0, ""status"": 1, ""pres"": 978.6152, ""meas_profile"": ""HP-7"", ""meas_id"": 7, ""hum"": 33.56741, ""gas_res"": 7147.644}, {""temp"": 24.85493, ""step"": 0, ""status"": 1, ""pres"": 978.7467, ""meas_profile"": ""HP-6"", ""meas_id"": 6, ""hum"": 33.38395, ""gas_res"": 8030.113}, {""temp"": 24.77814, ""step"": 0, ""status"": 1, ""pres"": 978.5277, ""meas_profile"": ""HP-5"", ""meas_id"": 5, ""hum"": 33.58824, ""gas_res"": 25000.0}, {""temp"": 24.54385, ""step"": 0, ""status"": 1, ""pres"": 978.6746, ""meas_profile"": ""HP-4"", ""meas_id"": 4, ""hum"": 33.08835, ""gas_res"": 11072.66}, {""temp"": 24.68722, ""step"": 0, ""status"": 1, ""pres"": 978.2255, ""meas_profile"": ""HP-3"", ""meas_id"": 3, ""hum"": 33.54019, ""gas_res"": 6805.615}, {""temp"": 24.62916, ""step"": 0, ""status"": 1, ""pres"": 978.3831, ""meas_profile"": ""HP-2"", ""meas_id"": 2, ""hum"": 33.80653, ""gas_res"": 6570.842}, {""temp"": 24.40515, ""step"": 0, ""status"": 1, ""pres"": 978.5063, ""meas_profile"": ""HP-1"", ""meas_id"": 1, ""hum"": 33.22363, ""gas_res"": 8036.163}]}",NULL,"2025-10-29 12:09:23.096918"
15480,"04a600b9b0b8","2025-10-29 12:09:48","OfSxEa1Yv965HDuAvsi2","{""zphs01b"": {""voc"": 0, ""temp"": 22.6, ""pm2_5"": 0, ""pm1_0"": 0, ""pm10"": 330, ""o3"": 0.02, ""no2"": 10.0, ""hum"": 0, ""fmhd"": 0, ""co2"": 5000, ""co"": 0.0}, ""smell_b"": {}, ""sfa30"": {""temp"": 24.69, ""hum"": 36.22, ""fmhd"": 2.8}, ""sen5x"": {""voc"": 119.0, ""temp"": 24.92, ""pm4_0"": 4595.9, ""pm2_5"": 4595.9, ""pm1_0"": 4382.5, ""pm10"": 4595.9, ""nox"": 1.0, ""mass_c"": 4542.55, ""hum"": 40.87}, ""scd41"": {""temp"": 24.22293, ""hum"": 43.86358, ""co2"": 714}, ""power_source"": 0, ""mics6814"": {""red_res"": 0, ""no2_res"": 0, ""no2"": 0.17, ""nh3_res"": 0, ""nh3"": 0.73, ""co_res"": 0, ""co"": 44.0}}",NULL,"2025-10-29 12:10:26.531602"
15481,"04a600b9b0b8","2025-10-29 12:09:48","OfSxEa1Yv965HDuAvsi2","{""bme688"": [{""temp"": 24.78, ""step"": 9, ""status"": 1, ""pres"": 978.4935, ""meas_profile"": ""HP-8"", ""meas_id"": 8, ""hum"": 33.57605, ""gas_res"": 5684.846}, {""temp"": 24.77138, ""step"": 9, ""status"": 1, ""pres"": 978.6294, ""meas_profile"": ""HP-7"", ""meas_id"": 7, ""hum"": 33.50607, ""gas_res"": 6317.868}, {""temp"": 24.85894, ""step"": 9, ""status"": 1, ""pres"": 978.7567, ""meas_profile"": ""HP-6"", ""meas_id"": 6, ""hum"": 33.3328, ""gas_res"": 8456.659}, {""temp"": 24.78126, ""step"": 9, ""status"": 1, ""pres"": 978.5312, ""meas_profile"": ""HP-5"", ""meas_id"": 5, ""hum"": 33.52629, ""gas_res"": 25000.0}, {""temp"": 24.54819, ""step"": 9, ""status"": 1, ""pres"": 978.6752, ""meas_profile"": ""HP-4"", ""meas_id"": 4, ""hum"": 33.03149, ""gas_res"": 22614.84}, {""temp"": 24.69341, ""step"": 9, ""status"": 1, ""pres"": 978.2626, ""meas_profile"": ""HP-3"", ""meas_id"": 3, ""hum"": 33.46631, ""gas_res"": 7048.458}, {""temp"": 24.6304, ""step"": 9, ""status"": 1, ""pres"": 978.4039, ""meas_profile"": ""HP-2"", ""meas_id"": 2, ""hum"": 33.72734, ""gas_res"": 9378.663}, {""temp"": 24.40795, ""step"": 9, ""status"": 1, ""pres"": 978.5107, ""meas_profile"": ""HP-1"", ""meas_id"": 1, ""hum"": 33.14782, ""gas_res"": 6997.595}]}",NULL,"2025-10-29 12:10:27.742171"
15482,"04a600b9b0b8","2025-10-29 12:09:48","OfSxEa1Yv965HDuAvsi2","{""bme688"": [{""temp"": 24.77938, ""step"": 8, ""status"": 1, ""pres"": 978.4944, ""meas_profile"": ""HP-8"", ""meas_id"": 8, ""hum"": 33.5817, ""gas_res"": 5684.846}, {""temp"": 24.77107, ""step"": 8, ""status"": 1, ""pres"": 978.6288, ""meas_profile"": ""HP-7"", ""meas_id"": 7, ""hum"": 33.5004, ""gas_res"": 6351.727}, {""temp"": 24.85894, ""step"": 8, ""status"": 1, ""pres"": 978.7549, ""meas_profile"": ""HP-6"", ""meas_id"": 6, ""hum"": 33.32708, ""gas_res"": 8798.46}, {""temp"": 24.78095, ""step"": 8, ""status"": 1, ""pres"": 978.5307, ""meas_profile"": ""HP-5"", ""meas_id"": 5, ""hum"": 33.52626, ""gas_res"": 25000.0}, {""temp"": 24.54819, ""step"": 8, ""status"": 1, ""pres"": 978.6752, ""meas_profile"": ""HP-4"", ""meas_id"": 4, ""hum"": 33.04294, ""gas_res"": 23154.85}, {""temp"": 24.69341, ""step"": 8, ""status"": 1, ""pres"": 978.2609, ""meas_profile"": ""HP-3"", ""meas_id"": 3, ""hum"": 33.46058, ""gas_res"": 6766.758}, {""temp"": 24.6304, ""step"": 8, ""status"": 1, ""pres"": 978.4039, ""meas_profile"": ""HP-2"", ""meas_id"": 2, ""hum"": 33.74999, ""gas_res"": 9658.919}, {""temp"": 24.40826, ""step"": 8, ""status"": 1, ""pres"": 978.5111, ""meas_profile"": ""HP-1"", ""meas_id"": 1, ""hum"": 33.14784, ""gas_res"": 7431.491}]}",NULL,"2025-10-29 12:10:29.019878"
15483,"04a600b9b0b8","2025-10-29 12:09:48","OfSxEa1Yv965HDuAvsi2","{""bme688"": [{""temp"": 24.77846, ""step"": 7, ""status"": 1, ""pres"": 978.4929, ""meas_profile"": ""HP-8"", ""meas_id"": 8, ""hum"": 33.60445, ""gas_res"": 5684.846}, {""temp"": 24.77076, ""step"": 7, ""status"": 1, ""pres"": 978.6281, ""meas_profile"": ""HP-7"", ""meas_id"": 7, ""hum"": 33.48343, ""gas_res"": 6299.212}, {""temp"": 24.85894, ""step"": 7, ""status"": 1, ""pres"": 978.7549, ""meas_profile"": ""HP-6"", ""meas_id"": 6, ""hum"": 33.32136, ""gas_res"": 8886.421}, {""temp"": 24.78126, ""step"": 7, ""status"": 1, ""pres"": 978.5312, ""meas_profile"": ""HP-5"", ""meas_id"": 5, ""hum"": 33.53761, ""gas_res"": 25000.0}, {""temp"": 24.54819, ""step"": 7, ""status"": 1, ""pres"": 978.6752, ""meas_profile"": ""HP-4"", ""meas_id"": 4, ""hum"": 33.04867, ""gas_res"": 22401.12}, {""temp"": 24.69279, ""step"": 7, ""status"": 1, ""pres"": 978.2599, ""meas_profile"": ""HP-3"", ""meas_id"": 3, ""hum"": 33.47197, ""gas_res"": 6694.561}, {""temp"": 24.6304, ""step"": 7, ""status"": 1, ""pres"": 978.4021, ""meas_profile"": ""HP-2"", ""meas_id"": 2, ""hum"": 33.74433, ""gas_res"": 9428.403}, {""temp"": 24.40826, ""step"": 7, ""status"": 1, ""pres"": 978.5111, ""meas_profile"": ""HP-1"", ""meas_id"": 1, ""hum"": 33.14784, ""gas_res"": 7509.974}]}",NULL,"2025-10-29 12:10:30.297238"
15484,"04a600b9b0b8","2025-10-29 12:09:48","OfSxEa1Yv965HDuAvsi2","{""bme688"": [{""temp"": 24.77815, ""step"": 6, ""status"": 1, ""pres"": 978.4922, ""meas_profile"": ""HP-8"", ""meas_id"": 8, ""hum"": 33.593, ""gas_res"": 15728.68}, {""temp"": 24.77045, ""step"": 6, ""status"": 1, ""pres"": 978.6277, ""meas_profile"": ""HP-7"", ""meas_id"": 7, ""hum"": 33.50034, ""gas_res"": 21052.63}, {""temp"": 24.85894, ""step"": 6, ""status"": 1, ""pres"": 978.7567, ""meas_profile"": ""HP-6"", ""meas_id"": 6, ""hum"": 33.3328, ""gas_res"": 42524.92}, {""temp"": 24.78095, ""step"": 6, ""status"": 1, ""pres"": 978.5307, ""meas_profile"": ""HP-5"", ""meas_id"": 5, ""hum"": 33.52626, ""gas_res"": 143256.9}, {""temp"": 24.54789, ""step"": 6, ""status"": 1, ""pres"": 978.6763, ""meas_profile"": ""HP-4"", ""meas_id"": 4, ""hum"": 33.04292, ""gas_res"": 132163.1}, {""temp"": 24.69279, ""step"": 6, ""status"": 1, ""pres"": 978.2599, ""meas_profile"": ""HP-3"", ""meas_id"": 3, ""hum"": 33.47197, ""gas_res"": 87942.29}, {""temp"": 24.6304, ""step"": 6, ""status"": 1, ""pres"": 978.4021, ""meas_profile"": ""HP-2"", ""meas_id"": 2, ""hum"": 33.75565, ""gas_res"": 120498.9}, {""temp"": 24.40826, ""step"": 6, ""status"": 1, ""pres"": 978.5111, ""meas_profile"": ""HP-1"", ""meas_id"": 1, ""hum"": 33.15954, ""gas_res"": 100000.0}]}",NULL,"2025-10-29 12:10:31.765926"
15485,"04a600b9b0b8","2025-10-29 12:09:48","OfSxEa1Yv965HDuAvsi2","{""bme688"": [{""temp"": 24.77784, ""step"": 5, ""status"": 1, ""pres"": 978.4917, ""meas_profile"": ""HP-8"", ""meas_id"": 8, ""hum"": 33.58155, ""gas_res"": 15659.41}, {""temp"": 24.77014, ""step"": 5, ""status"": 1, ""pres"": 978.6273, ""meas_profile"": ""HP-7"", ""meas_id"": 7, ""hum"": 33.50596, ""gas_res"": 20949.26}, {""temp"": 24.85863, ""step"": 5, ""status"": 1, ""pres"": 978.7544, ""meas_profile"": ""HP-6"", ""meas_id"": 6, ""hum"": 33.32133, ""gas_res"": 42780.75}, {""temp"": 24.78095, ""step"": 5, ""status"": 1, ""pres"": 978.5323, ""meas_profile"": ""HP-5"", ""meas_id"": 5, ""hum"": 33.5206, ""gas_res"": 143618.5}, {""temp"": 24.54757, ""step"": 5, ""status"": 1, ""pres"": 978.6756, ""meas_profile"": ""HP-4"", ""meas_id"": 4, ""hum"": 33.03143, ""gas_res"": 132060.9}, {""temp"": 24.69248, ""step"": 5, ""status"": 1, ""pres"": 978.2594, ""meas_profile"": ""HP-3"", ""meas_id"": 3, ""hum"": 33.46622, ""gas_res"": 85819.65}, {""temp"": 24.63009, ""step"": 5, ""status"": 1, ""pres"": 978.4016, ""meas_profile"": ""HP-2"", ""meas_id"": 2, ""hum"": 33.73297, ""gas_res"": 118408.9}, {""temp"": 24.40826, ""step"": 5, ""status"": 1, ""pres"": 978.5111, ""meas_profile"": ""HP-1"", ""meas_id"": 1, ""hum"": 33.14784, ""gas_res"": 100000.0}]}",NULL,"2025-10-29 12:10:33.498447"
15486,"04a600b9b0b8","2025-10-29 12:09:48","OfSxEa1Yv965HDuAvsi2","{""bme688"": [{""temp"": 24.77753, ""step"": 4, ""status"": 1, ""pres"": 978.4913, ""meas_profile"": ""HP-8"", ""meas_id"": 8, ""hum"": 33.59294, ""gas_res"": 15488.87}, {""temp"": 24.76952, ""step"": 4, ""status"": 1, ""pres"": 978.6279, ""meas_profile"": ""HP-7"", ""meas_id"": 7, ""hum"": 33.51155, ""gas_res"": 20867.3}, {""temp"": 24.85863, ""step"": 4, ""status"": 1, ""pres"": 978.7544, ""meas_profile"": ""HP-6"", ""meas_id"": 6, ""hum"": 33.32705, ""gas_res"": 43345.75}, {""temp"": 24.78095, ""step"": 4, ""status"": 1, ""pres"": 978.5323, ""meas_profile"": ""HP-5"", ""meas_id"": 5, ""hum"": 33.52626, ""gas_res"": 146831.1}, {""temp"": 24.54726, ""step"": 4, ""status"": 1, ""pres"": 978.6752, ""meas_profile"": ""HP-4"", ""meas_id"": 4, ""hum"": 33.03714, ""gas_res"": 135953.3}, {""temp"": 24.69217, ""step"": 4, ""status"": 1, ""pres"": 978.2572, ""meas_profile"": ""HP-3"", ""meas_id"": 3, ""hum"": 33.48338, ""gas_res"": 84127.51}, {""temp"": 24.62978, ""step"": 4, ""status"": 1, ""pres"": 978.4012, ""meas_profile"": ""HP-2"", ""meas_id"": 2, ""hum"": 33.73861, ""gas_res"": 117108.9}, {""temp"": 24.40826, ""step"": 4, ""status"": 1, ""pres"": 978.5111, ""meas_profile"": ""HP-1"", ""meas_id"": 1, ""hum"": 33.14784, ""gas_res"": 100000.0}]}",NULL,"2025-10-29 12:10:34.77829"
15487,"04a600b9b0b8","2025-10-29 12:09:48","OfSxEa1Yv965HDuAvsi2","{""bme688"": [{""temp"": 24.77691, ""step"": 3, ""status"": 1, ""pres"": 978.4903, ""meas_profile"": ""HP-8"", ""meas_id"": 8, ""hum"": 33.62715, ""gas_res"": 8871.639}, {""temp"": 24.76921, ""step"": 3, ""status"": 1, ""pres"": 978.6273, ""meas_profile"": ""HP-7"", ""meas_id"": 7, ""hum"": 33.51716, ""gas_res"": 11224.13}, {""temp"": 24.85802, ""step"": 3, ""status"": 1, ""pres"": 978.7553, ""meas_profile"": ""HP-6"", ""meas_id"": 6, ""hum"": 33.34416, ""gas_res"": 26578.07}, {""temp"": 24.78064, ""step"": 3, ""status"": 0, ""pres"": 978.5319, ""meas_profile"": ""HP-5"", ""meas_id"": 5, ""hum"": 33.54886, ""gas_res"": 52181.0}, {""temp"": 24.54695, ""step"": 3, ""status"": 1, ""pres"": 978.6765, ""meas_profile"": ""HP-4"", ""meas_id"": 4, ""hum"": 33.04855, ""gas_res"": 47743.38}, {""temp"": 24.69186, ""step"": 3, ""status"": 1, ""pres"": 978.2567, ""meas_profile"": ""HP-3"", ""meas_id"": 3, ""hum"": 33.4948, ""gas_res"": 33639.95}, {""temp"": 24.62947, ""step"": 3, ""status"": 1, ""pres"": 978.399, ""meas_profile"": ""HP-2"", ""meas_id"": 2, ""hum"": 33.7669, ""gas_res"": 54168.43}, {""temp"": 24.40795, ""step"": 3, ""status"": 1, ""pres"": 978.5125, ""meas_profile"": ""HP-1"", ""meas_id"": 1, ""hum"": 33.17122, ""gas_res"": 35164.84}]}",NULL,"2025-10-29 12:10:36.0594"
15488,"04a600b9b0b8","2025-10-29 12:09:48","OfSxEa1Yv965HDuAvsi2","{""bme688"": [{""temp"": 24.7766, ""step"": 2, ""status"": 1, ""pres"": 978.4917, ""meas_profile"": ""HP-8"", ""meas_id"": 8, ""hum"": 33.62141, ""gas_res"": 31952.07}, {""temp"": 24.7689, ""step"": 2, ""status"": 1, ""pres"": 978.6269, ""meas_profile"": ""HP-7"", ""meas_id"": 7, ""hum"": 33.52843, ""gas_res"": 46259.49}, {""temp"": 24.85771, ""step"": 2, ""status"": 1, ""pres"": 978.753, ""meas_profile"": ""HP-6"", ""meas_id"": 6, ""hum"": 33.33841, ""gas_res"": 174803.7}, {""temp"": 24.78032, ""step"": 2, ""status"": 1, ""pres"": 978.5313, ""meas_profile"": ""HP-5"", ""meas_id"": 5, ""hum"": 33.55449, ""gas_res"": 440051.6}, {""temp"": 24.54633, ""step"": 2, ""status"": 1, ""pres"": 978.6754, ""meas_profile"": ""HP-4"", ""meas_id"": 4, ""hum"": 33.05423, ""gas_res"": 452896.9}, {""temp"": 24.69155, ""step"": 2, ""status"": 1, ""pres"": 978.2545, ""meas_profile"": ""HP-3"", ""meas_id"": 3, ""hum"": 33.48331, ""gas_res"": 238806.0}, {""temp"": 24.62916, ""step"": 2, ""status"": 1, ""pres"": 978.3984, ""meas_profile"": ""HP-2"", ""meas_id"": 2, ""hum"": 33.76687, ""gas_res"": 454102.0}, {""temp"": 24.40764, ""step"": 2, ""status"": 1, ""pres"": 978.512, ""meas_profile"": ""HP-1"", ""meas_id"": 1, ""hum"": 33.15949, ""gas_res"": 329684.5}]}",NULL,"2025-10-29 12:10:37.432057"
15489,"04a600b9b0b8","2025-10-29 12:09:48","OfSxEa1Yv965HDuAvsi2","{""bme688"": [{""temp"": 24.7766, ""step"": 1, ""status"": 1, ""pres"": 978.4917, ""meas_profile"": ""HP-8"", ""meas_id"": 8, ""hum"": 33.63854, ""gas_res"": 8849.558}, {""temp"": 24.7689, ""step"": 1, ""status"": 1, ""pres"": 978.6269, ""meas_profile"": ""HP-7"", ""meas_id"": 7, ""hum"": 33.53407, ""gas_res"": 11072.66}, {""temp"": 24.85771, ""step"": 1, ""status"": 1, ""pres"": 978.753, ""meas_profile"": ""HP-6"", ""meas_id"": 6, ""hum"": 33.34414, ""gas_res"": 25000.0}, {""temp"": 24.78032, ""step"": 1, ""status"": 1, ""pres"": 978.5313, ""meas_profile"": ""HP-5"", ""meas_id"": 5, ""hum"": 33.56581, ""gas_res"": 41816.4}, {""temp"": 24.54633, ""step"": 1, ""status"": 1, ""pres"": 978.6754, ""meas_profile"": ""HP-4"", ""meas_id"": 4, ""hum"": 33.0714, ""gas_res"": 34622.67}, {""temp"": 24.69155, ""step"": 1, ""status"": 1, ""pres"": 978.2528, ""meas_profile"": ""HP-3"", ""meas_id"": 3, ""hum"": 33.50623, ""gas_res"": 25000.0}, {""temp"": 24.62916, ""step"": 1, ""status"": 1, ""pres"": 978.3984, ""meas_profile"": ""HP-2"", ""meas_id"": 2, ""hum"": 33.7612, ""gas_res"": 35252.0}, {""temp"": 24.40764, ""step"": 1, ""status"": 1, ""pres"": 978.512, ""meas_profile"": ""HP-1"", ""meas_id"": 1, ""hum"": 33.14779, ""gas_res"": 24729.52}]}",NULL,"2025-10-29 12:10:38.620693"
15490,"04a600b9b0b8","2025-10-29 12:09:48","OfSxEa1Yv965HDuAvsi2","{""bme688"": [{""temp"": 24.77599, ""step"": 0, ""status"": 1, ""pres"": 978.4908, ""meas_profile"": ""HP-8"", ""meas_id"": 8, ""hum"": 33.63277, ""gas_res"": 5684.846}, {""temp"": 24.76859, ""step"": 0, ""status"": 1, ""pres"": 978.6264, ""meas_profile"": ""HP-7"", ""meas_id"": 7, ""hum"": 33.53404, ""gas_res"": 6632.125}, {""temp"": 24.85771, ""step"": 0, ""status"": 1, ""pres"": 978.753, ""meas_profile"": ""HP-6"", ""meas_id"": 6, ""hum"": 33.34986, ""gas_res"": 9029.346}, {""temp"": 24.78032, ""step"": 0, ""status"": 1, ""pres"": 978.5313, ""meas_profile"": ""HP-5"", ""meas_id"": 5, ""hum"": 33.57147, ""gas_res"": 25000.0}, {""temp"": 24.54633, ""step"": 0, ""status"": 1, ""pres"": 978.6771, ""meas_profile"": ""HP-4"", ""meas_id"": 4, ""hum"": 33.06568, ""gas_res"": 22543.15}, {""temp"": 24.69124, ""step"": 0, ""status"": 1, ""pres"": 978.2523, ""meas_profile"": ""HP-3"", ""meas_id"": 3, ""hum"": 33.5062, ""gas_res"": 6514.658}, {""temp"": 24.62916, ""step"": 0, ""status"": 1, ""pres"": 978.3984, ""meas_profile"": ""HP-2"", ""meas_id"": 2, ""hum"": 33.77253, ""gas_res"": 9240.543}, {""temp"": 24.40764, ""step"": 0, ""status"": 1, ""pres"": 978.512, ""meas_profile"": ""HP-1"", ""meas_id"": 1, ""hum"": 33.15949, ""gas_res"": 7100.066}]}",NULL,"2025-10-29 12:10:42.548609"
15491,"04a600b9b0b8","2025-10-29 12:09:21","OfSxEa1Yv965HDuAvsi2","{""zphs01b"": {""voc"": 0, ""temp"": 22.5, ""pm2_5"": 0, ""pm1_0"": 0, ""pm10"": 299, ""o3"": 0.08, ""no2"": 10.0, ""hum"": 0, ""fmhd"": 0, ""co2"": 5000, ""co"": 0.0}, ""smell_b"": {}, ""sfa30"": {""temp"": 24.675, ""hum"": 36.23, ""fmhd"": 2.4}, ""sen5x"": {""voc"": 119.0, ""temp"": 24.98, ""pm4_0"": 4407.3, ""pm2_5"": 4407.3, ""pm1_0"": 4202.6, ""pm10"": 4407.3, ""nox"": 1.0, ""mass_c"": 4356.125, ""hum"": 40.66}, ""scd41"": {""temp"": 24.15617, ""hum"": 43.81323, ""co2"": 713}, ""power_source"": 0, ""mics6814"": {""red_res"": 0, ""no2_res"": 0, ""no2"": 0.17, ""nh3_res"": 0, ""nh3"": 0.73, ""co_res"": 0, ""co"": 44.0}}",NULL,"2025-10-29 12:10:43.155119"
15492,"04a600b9b0b8","2025-10-29 12:09:21","OfSxEa1Yv965HDuAvsi2","{""bme688"": [{""temp"": 24.77537, ""step"": 9, ""status"": 1, ""pres"": 978.4897, ""meas_profile"": ""HP-8"", ""meas_id"": 8, ""hum"": 33.59274, ""gas_res"": 5684.846}, {""temp"": 24.76828, ""step"": 9, ""status"": 1, ""pres"": 978.6259, ""meas_profile"": ""HP-7"", ""meas_id"": 7, ""hum"": 33.48885, ""gas_res"": 6035.458}, {""temp"": 24.85771, ""step"": 9, ""status"": 1, ""pres"": 978.753, ""meas_profile"": ""HP-6"", ""meas_id"": 6, ""hum"": 33.32697, ""gas_res"": 7688.611}, {""temp"": 24.78032, ""step"": 9, ""status"": 1, ""pres"": 978.5313, ""meas_profile"": ""HP-5"", ""meas_id"": 5, ""hum"": 33.54317, ""gas_res"": 25000.0}, {""temp"": 24.54633, ""step"": 9, ""status"": 1, ""pres"": 978.6771, ""meas_profile"": ""HP-4"", ""meas_id"": 4, ""hum"": 33.0485, ""gas_res"": 20506.25}, {""temp"": 24.69093, ""step"": 9, ""status"": 1, ""pres"": 978.2502, ""meas_profile"": ""HP-3"", ""meas_id"": 3, ""hum"": 33.47753, ""gas_res"": 6288.072}, {""temp"": 24.62947, ""step"": 9, ""status"": 1, ""pres"": 978.399, ""meas_profile"": ""HP-2"", ""meas_id"": 2, ""hum"": 33.76123, ""gas_res"": 8429.926}, {""temp"": 24.40733, ""step"": 9, ""status"": 1, ""pres"": 978.5114, ""meas_profile"": ""HP-1"", ""meas_id"": 1, ""hum"": 33.11267, ""gas_res"": 6344.171}]}",NULL,"2025-10-29 12:10:43.832482"
15493,"04a600b9b0b8","2025-10-29 12:09:21","OfSxEa1Yv965HDuAvsi2","{""bme688"": [{""temp"": 24.77475, ""step"": 8, ""status"": 1, ""pres"": 978.4888, ""meas_profile"": ""HP-8"", ""meas_id"": 8, ""hum"": 33.6041, ""gas_res"": 5684.846}, {""temp"": 24.76797, ""step"": 8, ""status"": 1, ""pres"": 978.6253, ""meas_profile"": ""HP-7"", ""meas_id"": 7, ""hum"": 33.5114, ""gas_res"": 6035.458}, {""temp"": 24.8574, ""step"": 8, ""status"": 1, ""pres"": 978.7542, ""meas_profile"": ""HP-6"", ""meas_id"": 6, ""hum"": 33.34982, ""gas_res"": 7970.112}, {""temp"": 24.78064, ""step"": 8, ""status"": 1, ""pres"": 978.5319, ""meas_profile"": ""HP-5"", ""meas_id"": 5, ""hum"": 33.54321, ""gas_res"": 25000.0}, {""temp"": 24.54633, ""step"": 8, ""status"": 1, ""pres"": 978.6771, ""meas_profile"": ""HP-4"", ""meas_id"": 4, ""hum"": 33.0485, ""gas_res"": 20138.45}, {""temp"": 24.69062, ""step"": 8, ""status"": 1, ""pres"": 978.2496, ""meas_profile"": ""HP-3"", ""meas_id"": 3, ""hum"": 33.46605, ""gas_res"": 6038.875}, {""temp"": 24.62947, ""step"": 8, ""status"": 1, ""pres"": 978.399, ""meas_profile"": ""HP-2"", ""meas_id"": 2, ""hum"": 33.74424, ""gas_res"": 8429.926}, {""temp"": 24.40702, ""step"": 8, ""status"": 1, ""pres"": 978.5128, ""meas_profile"": ""HP-1"", ""meas_id"": 1, ""hum"": 33.08924, ""gas_res"": 6506.71}]}",NULL,"2025-10-29 12:10:44.505496"
15494,"04a600b9b0b8","2025-10-29 12:09:21","OfSxEa1Yv965HDuAvsi2","{""bme688"": [{""temp"": 24.77444, ""step"": 7, ""status"": 1, ""pres"": 978.4881, ""meas_profile"": ""HP-8"", ""meas_id"": 8, ""hum"": 33.60979, ""gas_res"": 5684.846}, {""temp"": 24.76766, ""step"": 7, ""status"": 1, ""pres"": 978.6249, ""meas_profile"": ""HP-7"", ""meas_id"": 7, ""hum"": 33.51138, ""gas_res"": 5988.024}, {""temp"": 24.8574, ""step"": 7, ""status"": 1, ""pres"": 978.7542, ""meas_profile"": ""HP-6"", ""meas_id"": 6, ""hum"": 33.3441, ""gas_res"": 8084.892}, {""temp"": 24.78064, ""step"": 7, ""status"": 1, ""pres"": 978.5319, ""meas_profile"": ""HP-5"", ""meas_id"": 5, ""hum"": 33.55452, ""gas_res"": 25000.0}, {""temp"": 24.54633, ""step"": 7, ""status"": 1, ""pres"": 978.6771, ""meas_profile"": ""HP-4"", ""meas_id"": 4, ""hum"": 33.05995, ""gas_res"": 18991.1}, {""temp"": 24.69031, ""step"": 7, ""status"": 1, ""pres"": 978.2473, ""meas_profile"": ""HP-3"", ""meas_id"": 3, ""hum"": 33.4832, ""gas_res"": 8121.828}, {""temp"": 24.62947, ""step"": 7, ""status"": 1, ""pres"": 978.399, ""meas_profile"": ""HP-2"", ""meas_id"": 2, ""hum"": 33.77256, ""gas_res"": 8128.016}, {""temp"": 24.40702, ""step"": 7, ""status"": 1, ""pres"": 978.5128, ""meas_profile"": ""HP-1"", ""meas_id"": 1, ""hum"": 33.09509, ""gas_res"": 6587.073}]}",NULL,"2025-10-29 12:10:45.178343"
15495,"04a600b9b0b8","2025-10-29 12:09:21","OfSxEa1Yv965HDuAvsi2","{""bme688"": [{""temp"": 24.77413, ""step"": 6, ""status"": 1, ""pres"": 978.4877, ""meas_profile"": ""HP-8"", ""meas_id"": 8, ""hum"": 33.61547, ""gas_res"": 15344.04}, {""temp"": 24.76735, ""step"": 6, ""status"": 1, ""pres"": 978.6241, ""meas_profile"": ""HP-7"", ""meas_id"": 7, ""hum"": 33.51134, ""gas_res"": 19820.38}, {""temp"": 24.8574, ""step"": 6, ""status"": 1, ""pres"": 978.7542, ""meas_profile"": ""HP-6"", ""meas_id"": 6, ""hum"": 33.33266, ""gas_res"": 37155.3}, {""temp"": 24.78032, ""step"": 6, ""status"": 1, ""pres"": 978.5313, ""meas_profile"": ""HP-5"", ""meas_id"": 5, ""hum"": 33.54317, ""gas_res"": 118326.8}, {""temp"": 24.54602, ""step"": 6, ""status"": 1, ""pres"": 978.6765, ""meas_profile"": ""HP-4"", ""meas_id"": 4, ""hum"": 33.03702, ""gas_res"": 106246.1}, {""temp"": 24.69031, ""step"": 6, ""status"": 1, ""pres"": 978.2473, ""meas_profile"": ""HP-3"", ""meas_id"": 3, ""hum"": 33.4603, ""gas_res"": 43039.68}, {""temp"": 24.62916, ""step"": 6, ""status"": 1, ""pres"": 978.3967, ""meas_profile"": ""HP-2"", ""meas_id"": 2, ""hum"": 33.76687, ""gas_res"": 94482.38}, {""temp"": 24.40702, ""step"": 6, ""status"": 1, ""pres"": 978.5128, ""meas_profile"": ""HP-1"", ""meas_id"": 1, ""hum"": 33.10094, ""gas_res"": 90844.57}]}",NULL,"2025-10-29 12:10:45.831435"
15496,"04a600b9b0b8","2025-10-29 12:09:21","OfSxEa1Yv965HDuAvsi2","{""bme688"": [{""temp"": 24.77351, ""step"": 5, ""status"": 1, ""pres"": 978.4867, ""meas_profile"": ""HP-8"", ""meas_id"": 8, ""hum"": 33.61541, ""gas_res"": 15300.02}, {""temp"": 24.76704, ""step"": 5, ""status"": 1, ""pres"": 978.6237, ""meas_profile"": ""HP-7"", ""meas_id"": 7, ""hum"": 33.51696, ""gas_res"": 19765.29}, {""temp"": 24.85709, ""step"": 5, ""status"": 1, ""pres"": 978.7537, ""meas_profile"": ""HP-6"", ""meas_id"": 6, ""hum"": 33.33263, ""gas_res"": 37155.3}, {""temp"": 24.7797, ""step"": 5, ""status"": 1, ""pres"": 978.5303, ""meas_profile"": ""HP-5"", ""meas_id"": 5, ""hum"": 33.54877, ""gas_res"": 118081.2}, {""temp"": 24.54571, ""step"": 5, ""status"": 1, ""pres"": 978.676, ""meas_profile"": ""HP-4"", ""meas_id"": 4, ""hum"": 33.07707, ""gas_res"": 105523.5}, {""temp"": 24.69, ""step"": 5, ""status"": 1, ""pres"": 978.2469, ""meas_profile"": ""HP-3"", ""meas_id"": 3, ""hum"": 33.49463, ""gas_res"": 41612.48}, {""temp"": 24.62916, ""step"": 5, ""status"": 1, ""pres"": 978.3967, ""meas_profile"": ""HP-2"", ""meas_id"": 2, ""hum"": 33.76687, ""gas_res"": 100000.0}, {""temp"": 24.40702, ""step"": 5, ""status"": 1, ""pres"": 978.5128, ""meas_profile"": ""HP-1"", ""meas_id"": 1, ""hum"": 33.13018, ""gas_res"": 86779.66}]}",NULL,"2025-10-29 12:10:46.487725"
15497,"04a600b9b0b8","2025-10-29 12:09:21","OfSxEa1Yv965HDuAvsi2","{""bme688"": [{""temp"": 24.7732, ""step"": 4, ""status"": 1, ""pres"": 978.4863, ""meas_profile"": ""HP-8"", ""meas_id"": 8, ""hum"": 33.6211, ""gas_res"": 15245.35}, {""temp"": 24.76673, ""step"": 4, ""status"": 1, ""pres"": 978.6232, ""meas_profile"": ""HP-7"", ""meas_id"": 7, ""hum"": 33.51129, ""gas_res"": 19838.81}, {""temp"": 24.85709, ""step"": 4, ""status"": 1, ""pres"": 978.752, ""meas_profile"": ""HP-6"", ""meas_id"": 6, ""hum"": 33.3498, ""gas_res"": 37481.7}, {""temp"": 24.77938, ""step"": 4, ""status"": 1, ""pres"": 978.5298, ""meas_profile"": ""HP-5"", ""meas_id"": 5, ""hum"": 33.53743, ""gas_res"": 118738.4}, {""temp"": 24.5454, ""step"": 4, ""status"": 1, ""pres"": 978.6771, ""meas_profile"": ""HP-4"", ""meas_id"": 4, ""hum"": 33.06559, ""gas_res"": 105916.4}, {""temp"": 24.69, ""step"": 4, ""status"": 1, ""pres"": 978.2452, ""meas_profile"": ""HP-3"", ""meas_id"": 3, ""hum"": 33.4889, ""gas_res"": 40429.56}, {""temp"": 24.62947, ""step"": 4, ""status"": 1, ""pres"": 978.3956, ""meas_profile"": ""HP-2"", ""meas_id"": 2, ""hum"": 33.78389, ""gas_res"": 100000.0}, {""temp"": 24.40671, ""step"": 4, ""status"": 1, ""pres"": 978.5123, ""meas_profile"": ""HP-1"", ""meas_id"": 1, ""hum"": 33.13015, ""gas_res"": 83632.8}]}",NULL,"2025-10-29 12:10:47.401168"
15498,"04a600b9b0b8","2025-10-29 12:09:21","OfSxEa1Yv965HDuAvsi2","{""bme688"": [{""temp"": 24.7729, ""step"": 3, ""status"": 1, ""pres"": 978.4858, ""meas_profile"": ""HP-8"", ""meas_id"": 8, ""hum"": 33.6382, ""gas_res"": 12524.46}, {""temp"": 24.7661, ""step"": 3, ""status"": 1, ""pres"": 978.6222, ""meas_profile"": ""HP-7"", ""meas_id"": 7, ""hum"": 33.53946, ""gas_res"": 15322.0}, {""temp"": 24.85647, ""step"": 3, ""status"": 1, ""pres"": 978.7527, ""meas_profile"": ""HP-6"", ""meas_id"": 6, ""hum"": 33.36119, ""gas_res"": 33246.75}, {""temp"": 24.77907, ""step"": 3, ""status"": 1, ""pres"": 978.5292, ""meas_profile"": ""HP-5"", ""meas_id"": 5, ""hum"": 33.56004, ""gas_res"": 58115.78}, {""temp"": 24.54509, ""step"": 3, ""status"": 1, ""pres"": 978.6767, ""meas_profile"": ""HP-4"", ""meas_id"": 4, ""hum"": 33.06556, ""gas_res"": 68030.83}, {""temp"": 24.6897, ""step"": 3, ""status"": 1, ""pres"": 978.2429, ""meas_profile"": ""HP-3"", ""meas_id"": 3, ""hum"": 33.50033, ""gas_res"": 39900.25}, {""temp"": 24.62916, ""step"": 3, ""status"": 1, ""pres"": 978.395, ""meas_profile"": ""HP-2"", ""meas_id"": 2, ""hum"": 33.7952, ""gas_res"": 67015.7}, {""temp"": 24.40639, ""step"": 3, ""status"": 1, ""pres"": 978.5119, ""meas_profile"": ""HP-1"", ""meas_id"": 1, ""hum"": 33.15353, ""gas_res"": 50245.34}]}",NULL,"2025-10-29 12:10:48.325142"
15499,"04a600b9b0b8","2025-10-29 12:09:21","OfSxEa1Yv965HDuAvsi2","{""bme688"": [{""temp"": 24.77259, ""step"": 2, ""status"": 1, ""pres"": 978.4853, ""meas_profile"": ""HP-8"", ""meas_id"": 8, ""hum"": 33.63246, ""gas_res"": 33988.32}, {""temp"": 24.7661, ""step"": 2, ""status"": 1, ""pres"": 978.6222, ""meas_profile"": ""HP-7"", ""meas_id"": 7, ""hum"": 33.55075, ""gas_res"": 46817.85}, {""temp"": 24.85616, ""step"": 2, ""status"": 1, ""pres"": 978.7522, ""meas_profile"": ""HP-6"", ""meas_id"": 6, ""hum"": 33.35544, ""gas_res"": 157684.0}, {""temp"": 24.77876, ""step"": 2, ""status"": 1, ""pres"": 978.5303, ""meas_profile"": ""HP-5"", ""meas_id"": 5, ""hum"": 33.56001, ""gas_res"": 376886.3}, {""temp"": 24.54447, ""step"": 2, ""status"": 1, ""pres"": 978.6755, ""meas_profile"": ""HP-4"", ""meas_id"": 4, ""hum"": 33.07696, ""gas_res"": 386415.1}, {""temp"": 24.68908, ""step"": 2, ""status"": 1, ""pres"": 978.2419, ""meas_profile"": ""HP-3"", ""meas_id"": 3, ""hum"": 33.50599, ""gas_res"": 196582.8}, {""temp"": 24.62885, ""step"": 2, ""status"": 1, ""pres"": 978.3928, ""meas_profile"": ""HP-2"", ""meas_id"": 2, ""hum"": 33.79517, ""gas_res"": 368477.9}, {""temp"": 24.40608, ""step"": 2, ""status"": 1, ""pres"": 978.5114, ""meas_profile"": ""HP-1"", ""meas_id"": 1, ""hum"": 33.14179, ""gas_res"": 259503.3}]}",NULL,"2025-10-29 12:10:49.17802"
15500,"04a600b9b0b8","2025-10-29 12:09:21","OfSxEa1Yv965HDuAvsi2","{""bme688"": [{""temp"": 24.77259, ""step"": 1, ""status"": 1, ""pres"": 978.4836, ""meas_profile"": ""HP-8"", ""meas_id"": 8, ""hum"": 33.62675, ""gas_res"": 8893.83}, {""temp"": 24.76579, ""step"": 1, ""status"": 1, ""pres"": 978.6199, ""meas_profile"": ""HP-7"", ""meas_id"": 7, ""hum"": 33.53378, ""gas_res"": 10641.84}, {""temp"": 24.85616, ""step"": 1, ""status"": 1, ""pres"": 978.7522, ""meas_profile"": ""HP-6"", ""meas_id"": 6, ""hum"": 33.36689, ""gas_res"": 25000.0}, {""temp"": 24.77876, ""step"": 1, ""status"": 1, ""pres"": 978.5287, ""meas_profile"": ""HP-5"", ""meas_id"": 5, ""hum"": 33.56567, ""gas_res"": 34427.11}, {""temp"": 24.54447, ""step"": 1, ""status"": 1, ""pres"": 978.6755, ""meas_profile"": ""HP-4"", ""meas_id"": 4, ""hum"": 33.08268, ""gas_res"": 28343.67}, {""temp"": 24.68908, ""step"": 1, ""status"": 1, ""pres"": 978.2402, ""meas_profile"": ""HP-3"", ""meas_id"": 3, ""hum"": 33.51172, ""gas_res"": 25000.0}, {""temp"": 24.62885, ""step"": 1, ""status"": 1, ""pres"": 978.3911, ""meas_profile"": ""HP-2"", ""meas_id"": 2, ""hum"": 33.79517, ""gas_res"": 27627.89}, {""temp"": 24.40608, ""step"": 1, ""status"": 1, ""pres"": 978.5114, ""meas_profile"": ""HP-1"", ""meas_id"": 1, ""hum"": 33.17104, ""gas_res"": 25000.0}]}",NULL,"2025-10-29 12:10:50.202495"
15501,"04a600b9b0b8","2025-10-29 12:09:21","OfSxEa1Yv965HDuAvsi2","{""bme688"": [{""temp"": 24.77228, ""step"": 0, ""status"": 1, ""pres"": 978.4849, ""meas_profile"": ""HP-8"", ""meas_id"": 8, ""hum"": 33.64957, ""gas_res"": 5684.846}, {""temp"": 24.76579, ""step"": 0, ""status"": 1, ""pres"": 978.6199, ""meas_profile"": ""HP-7"", ""meas_id"": 7, ""hum"": 33.52813, ""gas_res"": 6566.797}, {""temp"": 24.85616, ""step"": 0, ""status"": 1, ""pres"": 978.7522, ""meas_profile"": ""HP-6"", ""meas_id"": 6, ""hum"": 33.36116, ""gas_res"": 8253.805}, {""temp"": 24.77876, ""step"": 0, ""status"": 1, ""pres"": 978.5303, ""meas_profile"": ""HP-5"", ""meas_id"": 5, ""hum"": 33.57698, ""gas_res"": 25000.0}, {""temp"": 24.54447, ""step"": 0, ""status"": 1, ""pres"": 978.6755, ""meas_profile"": ""HP-4"", ""meas_id"": 4, ""hum"": 33.07696, ""gas_res"": 18823.53}, {""temp"": 24.68877, ""step"": 0, ""status"": 1, ""pres"": 978.2381, ""meas_profile"": ""HP-3"", ""meas_id"": 3, ""hum"": 33.5117, ""gas_res"": 8012.018}, {""temp"": 24.62885, ""step"": 0, ""status"": 1, ""pres"": 978.3911, ""meas_profile"": ""HP-2"", ""meas_id"": 2, ""hum"": 33.79517, ""gas_res"": 7611.798}, {""temp"": 24.40577, ""step"": 0, ""status"": 1, ""pres"": 978.5109, ""meas_profile"": ""HP-1"", ""meas_id"": 1, ""hum"": 33.17102, ""gas_res"": 6459.427}]}",NULL,"2025-10-29 12:10:50.909243"
15502,"04a600b9b0b8","2025-10-29 12:11:15","OfSxEa1Yv965HDuAvsi2","{""zphs01b"": {""voc"": 0, ""temp"": 22.7, ""pm2_5"": 0, ""pm1_0"": 0, ""pm10"": 306, ""o3"": 0.04, ""no2"": 10.0, ""hum"": 0, ""fmhd"": 0, ""co2"": 5000, ""co"": 0.0}, ""smell_b"": {}, ""sfa30"": {""temp"": 24.725, ""hum"": 36.17, ""fmhd"": 3.8}, ""sen5x"": {""voc"": 120.0, ""temp"": 24.815, ""pm4_0"": 4428.5, ""pm2_5"": 4428.5, ""pm1_0"": 4222.8, ""pm10"": 4428.5, ""nox"": 1.0, ""mass_c"": 4377.075, ""hum"": 41.19}, ""scd41"": {""temp"": 24.32708, ""hum"": 43.72778, ""co2"": 722}, ""power_source"": 0, ""mics6814"": {""red_res"": 0, ""no2_res"": 0, ""no2"": 0.17, ""nh3_res"": 0, ""nh3"": 0.73, ""co_res"": 0, ""co"": 44.0}}",NULL,"2025-10-29 12:11:53.574087"
15503,"04a600b9b0b8","2025-10-29 12:11:15","OfSxEa1Yv965HDuAvsi2","{""bme688"": [{""temp"": 24.79019, ""step"": 9, ""status"": 1, ""pres"": 978.5024, ""meas_profile"": ""HP-8"", ""meas_id"": 8, ""hum"": 33.55987, ""gas_res"": 5684.846}, {""temp"": 24.77977, ""step"": 9, ""status"": 1, ""pres"": 978.6367, ""meas_profile"": ""HP-7"", ""meas_id"": 7, ""hum"": 33.46734, ""gas_res"": 6443.818}, {""temp"": 24.8645, ""step"": 9, ""status"": 1, ""pres"": 978.757, ""meas_profile"": ""HP-6"", ""meas_id"": 6, ""hum"": 33.29326, ""gas_res"": 8698.016}, {""temp"": 24.78627, ""step"": 9, ""status"": 1, ""pres"": 978.5326, ""meas_profile"": ""HP-5"", ""meas_id"": 5, ""hum"": 33.48716, ""gas_res"": 25000.0}, {""temp"": 24.55379, ""step"": 9, ""status"": 1, ""pres"": 978.6741, ""meas_profile"": ""HP-4"", ""meas_id"": 4, ""hum"": 33.02056, ""gas_res"": 25000.0}, {""temp"": 24.69928, ""step"": 9, ""status"": 1, ""pres"": 978.284, ""meas_profile"": ""HP-3"", ""meas_id"": 3, ""hum"": 33.42677, ""gas_res"": 7536.505}, {""temp"": 24.63599, ""step"": 9, ""status"": 1, ""pres"": 978.4182, ""meas_profile"": ""HP-2"", ""meas_id"": 2, ""hum"": 33.69954, ""gas_res"": 9864.365}, {""temp"": 24.41355, ""step"": 9, ""status"": 1, ""pres"": 978.512, ""meas_profile"": ""HP-1"", ""meas_id"": 1, ""hum"": 33.02553, ""gas_res"": 7483.629}]}",NULL,"2025-10-29 12:11:54.814344"
15504,"04a600b9b0b8","2025-10-29 12:11:15","OfSxEa1Yv965HDuAvsi2","{""bme688"": [{""temp"": 24.78958, ""step"": 8, ""status"": 1, ""pres"": 978.5016, ""meas_profile"": ""HP-8"", ""meas_id"": 8, ""hum"": 33.5484, ""gas_res"": 5684.846}, {""temp"": 24.77915, ""step"": 8, ""status"": 1, ""pres"": 978.6355, ""meas_profile"": ""HP-7"", ""meas_id"": 7, ""hum"": 33.46729, ""gas_res"": 6542.629}, {""temp"": 24.8645, ""step"": 8, ""status"": 1, ""pres"": 978.757, ""meas_profile"": ""HP-6"", ""meas_id"": 6, ""hum"": 33.28754, ""gas_res"": 9098.664}, {""temp"": 24.78595, ""step"": 8, ""status"": 1, ""pres"": 978.5321, ""meas_profile"": ""HP-5"", ""meas_id"": 5, ""hum"": 33.5041, ""gas_res"": 25000.0}, {""temp"": 24.55379, ""step"": 8, ""status"": 1, ""pres"": 978.676, ""meas_profile"": ""HP-4"", ""meas_id"": 4, ""hum"": 33.01483, ""gas_res"": 25000.0}, {""temp"": 24.69897, ""step"": 8, ""status"": 1, ""pres"": 978.2835, ""meas_profile"": ""HP-3"", ""meas_id"": 3, ""hum"": 33.43819, ""gas_res"": 7294.278}, {""temp"": 24.63599, ""step"": 8, ""status"": 1, ""pres"": 978.4182, ""meas_profile"": ""HP-2"", ""meas_id"": 2, ""hum"": 33.72219, ""gas_res"": 10204.08}, {""temp"": 24.41324, ""step"": 8, ""status"": 1, ""pres"": 978.5115, ""meas_profile"": ""HP-1"", ""meas_id"": 1, ""hum"": 33.01381, ""gas_res"": 7952.286}]}",NULL,"2025-10-29 12:11:56.059513"
15505,"04a600b9b0b8","2025-10-29 12:11:15","OfSxEa1Yv965HDuAvsi2","{""bme688"": [{""temp"": 24.78865, ""step"": 7, ""status"": 1, ""pres"": 978.5002, ""meas_profile"": ""HP-8"", ""meas_id"": 8, ""hum"": 33.54831, ""gas_res"": 5684.846}, {""temp"": 24.77884, ""step"": 7, ""status"": 1, ""pres"": 978.6349, ""meas_profile"": ""HP-7"", ""meas_id"": 7, ""hum"": 33.45597, ""gas_res"": 6490.872}, {""temp"": 24.86419, ""step"": 7, ""status"": 1, ""pres"": 978.7565, ""meas_profile"": ""HP-6"", ""meas_id"": 6, ""hum"": 33.29324, ""gas_res"": 9200.69}, {""temp"": 24.78595, ""step"": 7, ""status"": 1, ""pres"": 978.5321, ""meas_profile"": ""HP-5"", ""meas_id"": 5, ""hum"": 33.49278, ""gas_res"": 25000.0}, {""temp"": 24.55348, ""step"": 7, ""status"": 1, ""pres"": 978.6755, ""meas_profile"": ""HP-4"", ""meas_id"": 4, ""hum"": 33.00908, ""gas_res"": 25000.0}, {""temp"": 24.69897, ""step"": 7, ""status"": 1, ""pres"": 978.2819, ""meas_profile"": ""HP-3"", ""meas_id"": 3, ""hum"": 33.42674, ""gas_res"": 7314.286}, {""temp"": 24.63599, ""step"": 7, ""status"": 1, ""pres"": 978.4182, ""meas_profile"": ""HP-2"", ""meas_id"": 2, ""hum"": 33.71087, ""gas_res"": 10233.45}, {""temp"": 24.41324, ""step"": 7, ""status"": 1, ""pres"": 978.5115, ""meas_profile"": ""HP-1"", ""meas_id"": 1, ""hum"": 33.04304, ""gas_res"": 8012.018}]}",NULL,"2025-10-29 12:11:57.345282"
15506,"04a600b9b0b8","2025-10-29 12:11:15","OfSxEa1Yv965HDuAvsi2","{""bme688"": [{""temp"": 24.78834, ""step"": 6, ""status"": 1, ""pres"": 978.4996, ""meas_profile"": ""HP-8"", ""meas_id"": 8, ""hum"": 33.55969, ""gas_res"": 15928.32}, {""temp"": 24.77822, ""step"": 6, ""status"": 1, ""pres"": 978.6356, ""meas_profile"": ""HP-7"", ""meas_id"": 7, ""hum"": 33.47284, ""gas_res"": 21390.38}, {""temp"": 24.86388, ""step"": 6, ""status"": 1, ""pres"": 978.7578, ""meas_profile"": ""HP-6"", ""meas_id"": 6, ""hum"": 33.28176, ""gas_res"": 43745.73}, {""temp"": 24.78564, ""step"": 6, ""status"": 1, ""pres"": 978.5316, ""meas_profile"": ""HP-5"", ""meas_id"": 5, ""hum"": 33.49841, ""gas_res"": 146077.0}, {""temp"": 24.55348, ""step"": 6, ""status"": 1, ""pres"": 978.6772, ""meas_profile"": ""HP-4"", ""meas_id"": 4, ""hum"": 33.01481, ""gas_res"": 137045.0}, {""temp"": 24.69866, ""step"": 6, ""status"": 1, ""pres"": 978.2814, ""meas_profile"": ""HP-3"", ""meas_id"": 3, ""hum"": 33.44389, ""gas_res"": 100000.0}, {""temp"": 24.63568, ""step"": 6, ""status"": 1, ""pres"": 978.4178, ""meas_profile"": ""HP-2"", ""meas_id"": 2, ""hum"": 33.69386, ""gas_res"": 125922.3}, {""temp"": 24.41262, ""step"": 6, ""status"": 1, ""pres"": 978.5105, ""meas_profile"": ""HP-1"", ""meas_id"": 1, ""hum"": 33.02545, ""gas_res"": 98461.54}]}",NULL,"2025-10-29 12:11:58.804872"
15507,"04a600b9b0b8","2025-10-29 12:11:15","OfSxEa1Yv965HDuAvsi2","{""bme688"": [{""temp"": 24.78772, ""step"": 5, ""status"": 1, ""pres"": 978.5004, ""meas_profile"": ""HP-8"", ""meas_id"": 8, ""hum"": 33.55964, ""gas_res"": 15833.75}, {""temp"": 24.7779, ""step"": 5, ""status"": 1, ""pres"": 978.6351, ""meas_profile"": ""HP-7"", ""meas_id"": 7, ""hum"": 33.46717, ""gas_res"": 21220.16}, {""temp"": 24.86388, ""step"": 5, ""status"": 1, ""pres"": 978.7578, ""meas_profile"": ""HP-6"", ""meas_id"": 6, ""hum"": 33.30465, ""gas_res"": 44016.51}, {""temp"": 24.78564, ""step"": 5, ""status"": 1, ""pres"": 978.5333, ""meas_profile"": ""HP-5"", ""meas_id"": 5, ""hum"": 33.49841, ""gas_res"": 146957.5}, {""temp"": 24.55317, ""step"": 5, ""status"": 1, ""pres"": 978.6765, ""meas_profile"": ""HP-4"", ""meas_id"": 4, ""hum"": 33.00905, ""gas_res"": 137931.0}, {""temp"": 24.69866, ""step"": 5, ""status"": 1, ""pres"": 978.2814, ""meas_profile"": ""HP-3"", ""meas_id"": 3, ""hum"": 33.43816, ""gas_res"": 92119.47}, {""temp"": 24.63506, ""step"": 5, ""status"": 1, ""pres"": 978.4168, ""meas_profile"": ""HP-2"", ""meas_id"": 2, ""hum"": 33.72777, ""gas_res"": 124908.5}, {""temp"": 24.412, ""step"": 5, ""status"": 1, ""pres"": 978.5096, ""meas_profile"": ""HP-1"", ""meas_id"": 1, ""hum"": 33.03123, ""gas_res"": 96349.27}]}",NULL,"2025-10-29 12:11:59.898883"
15508,"04a600b9b0b8","2025-10-29 12:11:15","OfSxEa1Yv965HDuAvsi2","{""bme688"": [{""temp"": 24.78741, ""step"": 4, ""status"": 1, ""pres"": 978.4998, ""meas_profile"": ""HP-8"", ""meas_id"": 8, ""hum"": 33.54819, ""gas_res"": 15717.09}, {""temp"": 24.77759, ""step"": 4, ""status"": 1, ""pres"": 978.6345, ""meas_profile"": ""HP-7"", ""meas_id"": 7, ""hum"": 33.46714, ""gas_res"": 21115.14}, {""temp"": 24.86357, ""step"": 4, ""status"": 1, ""pres"": 978.7572, ""meas_profile"": ""HP-6"", ""meas_id"": 6, ""hum"": 33.28746, ""gas_res"": 44290.66}, {""temp"": 24.78533, ""step"": 4, ""status"": 1, ""pres"": 978.5328, ""meas_profile"": ""HP-5"", ""meas_id"": 5, ""hum"": 33.5097, ""gas_res"": 150854.5}, {""temp"": 24.55317, ""step"": 4, ""status"": 1, ""pres"": 978.6765, ""meas_profile"": ""HP-4"", ""meas_id"": 4, ""hum"": 33.00333, ""gas_res"": 140891.6}, {""temp"": 24.69835, ""step"": 4, ""status"": 1, ""pres"": 978.2809, ""meas_profile"": ""HP-3"", ""meas_id"": 3, ""hum"": 33.43813, ""gas_res"": 90844.57}, {""temp"": 24.63475, ""step"": 4, ""status"": 1, ""pres"": 978.416, ""meas_profile"": ""HP-2"", ""meas_id"": 2, ""hum"": 33.69943, ""gas_res"": 123462.7}, {""temp"": 24.41169, ""step"": 4, ""status"": 1, ""pres"": 978.5092, ""meas_profile"": ""HP-1"", ""meas_id"": 1, ""hum"": 33.03705, ""gas_res"": 94797.26}]}",NULL,"2025-10-29 12:12:01.191971"
15509,"04a600b9b0b8","2025-10-29 12:11:15","OfSxEa1Yv965HDuAvsi2","{""bme688"": [{""temp"": 24.7868, ""step"": 3, ""status"": 0, ""pres"": 978.4989, ""meas_profile"": ""HP-8"", ""meas_id"": 8, ""hum"": 33.57097, ""gas_res"": 8456.659}, {""temp"": 24.77697, ""step"": 3, ""status"": 0, ""pres"": 978.6353, ""meas_profile"": ""HP-7"", ""meas_id"": 7, ""hum"": 33.50095, ""gas_res"": 10454.1}, {""temp"": 24.86296, ""step"": 3, ""status"": 0, ""pres"": 978.7562, ""meas_profile"": ""HP-6"", ""meas_id"": 6, ""hum"": 33.29884, ""gas_res"": 24224.07}, {""temp"": 24.78502, ""step"": 3, ""status"": 0, ""pres"": 978.5323, ""meas_profile"": ""HP-5"", ""meas_id"": 5, ""hum"": 33.51533, ""gas_res"": 49922.0}, {""temp"": 24.55255, ""step"": 3, ""status"": 0, ""pres"": 978.6756, ""meas_profile"": ""HP-4"", ""meas_id"": 4, ""hum"": 33.02045, ""gas_res"": 43925.88}, {""temp"": 24.69805, ""step"": 3, ""status"": 0, ""pres"": 978.2787, ""meas_profile"": ""HP-3"", ""meas_id"": 3, ""hum"": 33.47247, ""gas_res"": 30338.94}, {""temp"": 24.63413, ""step"": 3, ""status"": 0, ""pres"": 978.4135, ""meas_profile"": ""HP-2"", ""meas_id"": 2, ""hum"": 33.72202, ""gas_res"": 50423.48}, {""temp"": 24.41106, ""step"": 3, ""status"": 0, ""pres"": 978.5099, ""meas_profile"": ""HP-1"", ""meas_id"": 1, ""hum"": 33.037, ""gas_res"": 32487.31}]}",NULL,"2025-10-29 12:12:02.460105"
15510,"04a600b9b0b8","2025-10-29 12:11:15","OfSxEa1Yv965HDuAvsi2","{""bme688"": [{""temp"": 24.78649, ""step"": 2, ""status"": 1, ""pres"": 978.4984, ""meas_profile"": ""HP-8"", ""meas_id"": 8, ""hum"": 33.57094, ""gas_res"": 27898.87}, {""temp"": 24.77666, ""step"": 2, ""status"": 1, ""pres"": 978.6348, ""meas_profile"": ""HP-7"", ""meas_id"": 7, ""hum"": 33.50092, ""gas_res"": 39677.62}, {""temp"": 24.86265, ""step"": 2, ""status"": 1, ""pres"": 978.7557, ""meas_profile"": ""HP-6"", ""meas_id"": 6, ""hum"": 33.31598, ""gas_res"": 139509.5}, {""temp"": 24.7847, ""step"": 2, ""status"": 1, ""pres"": 978.5319, ""meas_profile"": ""HP-5"", ""meas_id"": 5, ""hum"": 33.52096, ""gas_res"": 345013.5}, {""temp"": 24.55223, ""step"": 2, ""status"": 1, ""pres"": 978.675, ""meas_profile"": ""HP-4"", ""meas_id"": 4, ""hum"": 33.03187, ""gas_res"": 370477.6}, {""temp"": 24.69743, ""step"": 2, ""status"": 1, ""pres"": 978.2777, ""meas_profile"": ""HP-3"", ""meas_id"": 3, ""hum"": 33.46668, ""gas_res"": 199571.2}, {""temp"": 24.63382, ""step"": 2, ""status"": 1, ""pres"": 978.413, ""meas_profile"": ""HP-2"", ""meas_id"": 2, ""hum"": 33.73898, ""gas_res"": 379540.4}, {""temp"": 24.41044, ""step"": 2, ""status"": 1, ""pres"": 978.509, ""meas_profile"": ""HP-1"", ""meas_id"": 1, ""hum"": 33.04864, ""gas_res"": 271474.0}]}",NULL,"2025-10-29 12:12:03.927322"
15511,"04a600b9b0b8","2025-10-29 12:11:15","OfSxEa1Yv965HDuAvsi2","{""bme688"": [{""temp"": 24.78618, ""step"": 1, ""status"": 1, ""pres"": 978.498, ""meas_profile"": ""HP-8"", ""meas_id"": 8, ""hum"": 33.58233, ""gas_res"": 9122.007}, {""temp"": 24.77635, ""step"": 1, ""status"": 1, ""pres"": 978.6342, ""meas_profile"": ""HP-7"", ""meas_id"": 7, ""hum"": 33.51218, ""gas_res"": 11379.8}, {""temp"": 24.86234, ""step"": 1, ""status"": 1, ""pres"": 978.757, ""meas_profile"": ""HP-6"", ""meas_id"": 6, ""hum"": 33.31023, ""gas_res"": 25000.0}, {""temp"": 24.78439, ""step"": 1, ""status"": 1, ""pres"": 978.5329, ""meas_profile"": ""HP-5"", ""meas_id"": 5, ""hum"": 33.52093, ""gas_res"": 43971.14}, {""temp"": 24.55192, ""step"": 1, ""status"": 1, ""pres"": 978.6763, ""meas_profile"": ""HP-4"", ""meas_id"": 4, ""hum"": 33.04901, ""gas_res"": 36363.64}, {""temp"": 24.69743, ""step"": 1, ""status"": 1, ""pres"": 978.2777, ""meas_profile"": ""HP-3"", ""meas_id"": 3, ""hum"": 33.46668, ""gas_res"": 24390.24}, {""temp"": 24.63382, ""step"": 1, ""status"": 1, ""pres"": 978.413, ""meas_profile"": ""HP-2"", ""meas_id"": 2, ""hum"": 33.73331, ""gas_res"": 37780.4}, {""temp"": 24.41044, ""step"": 1, ""status"": 1, ""pres"": 978.509, ""meas_profile"": ""HP-1"", ""meas_id"": 1, ""hum"": 33.06617, ""gas_res"": 26611.23}]}",NULL,"2025-10-29 12:12:05.021929"
15512,"04a600b9b0b8","2025-10-29 12:11:15","OfSxEa1Yv965HDuAvsi2","{""bme688"": [{""temp"": 24.78556, ""step"": 0, ""status"": 1, ""pres"": 978.4988, ""meas_profile"": ""HP-8"", ""meas_id"": 8, ""hum"": 33.58227, ""gas_res"": 5684.846}, {""temp"": 24.77604, ""step"": 0, ""status"": 1, ""pres"": 978.6336, ""meas_profile"": ""HP-7"", ""meas_id"": 7, ""hum"": 33.49522, ""gas_res"": 6779.661}, {""temp"": 24.86234, ""step"": 0, ""status"": 1, ""pres"": 978.757, ""meas_profile"": ""HP-6"", ""meas_id"": 6, ""hum"": 33.32167, ""gas_res"": 9305.03}, {""temp"": 24.78439, ""step"": 0, ""status"": 1, ""pres"": 978.5329, ""meas_profile"": ""HP-5"", ""meas_id"": 5, ""hum"": 33.52093, ""gas_res"": 25000.0}, {""temp"": 24.55192, ""step"": 0, ""status"": 1, ""pres"": 978.6763, ""meas_profile"": ""HP-4"", ""meas_id"": 4, ""hum"": 33.02611, ""gas_res"": 25000.0}, {""temp"": 24.69712, ""step"": 0, ""status"": 1, ""pres"": 978.2754, ""meas_profile"": ""HP-3"", ""meas_id"": 3, ""hum"": 33.47811, ""gas_res"": 6997.595}, {""temp"": 24.63351, ""step"": 0, ""status"": 1, ""pres"": 978.4124, ""meas_profile"": ""HP-2"", ""meas_id"": 2, ""hum"": 33.7333, ""gas_res"": 9828.01}, {""temp"": 24.41013, ""step"": 0, ""status"": 1, ""pres"": 978.5085, ""meas_profile"": ""HP-1"", ""meas_id"": 1, ""hum"": 33.05445, ""gas_res"": 7568.59}]}",NULL,"2025-10-29 12:12:06.300183"
15513,"04a600b9b0b8","2025-10-29 12:10:48","OfSxEa1Yv965HDuAvsi2","{""zphs01b"": {""voc"": 0, ""temp"": 22.6, ""pm2_5"": 0, ""pm1_0"": 0, ""pm10"": 277, ""o3"": 0.03, ""no2"": 10.0, ""hum"": 0, ""fmhd"": 0, ""co2"": 5000, ""co"": 0.0}, ""smell_b"": {}, ""sfa30"": {""temp"": 24.71, ""hum"": 36.19, ""fmhd"": 3.2}, ""sen5x"": {""voc"": 123.0, ""temp"": 24.85, ""pm4_0"": 4768.6, ""pm2_5"": 4768.6, ""pm1_0"": 4547.1, ""pm10"": 4768.6, ""nox"": 1.0, ""mass_c"": 4713.225, ""hum"": 41.09}, ""scd41"": {""temp"": 24.30572, ""hum"": 43.75067, ""co2"": 719}, ""power_source"": 0, ""mics6814"": {""red_res"": 0, ""no2_res"": 0, ""no2"": 0.17, ""nh3_res"": 0, ""nh3"": 0.73, ""co_res"": 0, ""co"": 44.0}}",NULL,"2025-10-29 12:12:07.482808"
15514,"04a600b9b0b8","2025-10-29 12:10:48","OfSxEa1Yv965HDuAvsi2","{""bme688"": [{""temp"": 24.78494, ""step"": 9, ""status"": 1, ""pres"": 978.4977, ""meas_profile"": ""HP-8"", ""meas_id"": 8, ""hum"": 33.54796, ""gas_res"": 5684.846}, {""temp"": 24.77573, ""step"": 9, ""status"": 1, ""pres"": 978.6331, ""meas_profile"": ""HP-7"", ""meas_id"": 7, ""hum"": 33.45004, ""gas_res"": 6254.887}, {""temp"": 24.86203, ""step"": 9, ""status"": 1, ""pres"": 978.7565, ""meas_profile"": ""HP-6"", ""meas_id"": 6, ""hum"": 33.30448, ""gas_res"": 8109.478}, {""temp"": 24.78408, ""step"": 9, ""status"": 1, ""pres"": 978.5325, ""meas_profile"": ""HP-5"", ""meas_id"": 5, ""hum"": 33.49827, ""gas_res"": 25000.0}, {""temp"": 24.55161, ""step"": 9, ""status"": 1, ""pres"": 978.6758, ""meas_profile"": ""HP-4"", ""meas_id"": 4, ""hum"": 33.02036, ""gas_res"": 21739.13}, {""temp"": 24.69712, ""step"": 9, ""status"": 1, ""pres"": 978.2754, ""meas_profile"": ""HP-3"", ""meas_id"": 3, ""hum"": 33.42657, ""gas_res"": 6920.415}, {""temp"": 24.63351, ""step"": 9, ""status"": 1, ""pres"": 978.4124, ""meas_profile"": ""HP-2"", ""meas_id"": 2, ""hum"": 33.70498, ""gas_res"": 9029.346}, {""temp"": 24.41013, ""step"": 9, ""status"": 1, ""pres"": 978.5103, ""meas_profile"": ""HP-1"", ""meas_id"": 1, ""hum"": 33.0603, ""gas_res"": 6702.975}]}",NULL,"2025-10-29 12:12:09.043893"
15515,"04a600b9b0b8","2025-10-29 12:10:48","OfSxEa1Yv965HDuAvsi2","{""bme688"": [{""temp"": 24.78432, ""step"": 8, ""status"": 1, ""pres"": 978.4968, ""meas_profile"": ""HP-8"", ""meas_id"": 8, ""hum"": 33.5479, ""gas_res"": 5684.846}, {""temp"": 24.77542, ""step"": 8, ""status"": 1, ""pres"": 978.6326, ""meas_profile"": ""HP-7"", ""meas_id"": 7, ""hum"": 33.47258, ""gas_res"": 6359.3}, {""temp"": 24.86172, ""step"": 8, ""status"": 1, ""pres"": 978.7578, ""meas_profile"": ""HP-6"", ""meas_id"": 6, ""hum"": 33.30445, ""gas_res"": 8517.435}, {""temp"": 24.78408, ""step"": 8, ""status"": 1, ""pres"": 978.5325, ""meas_profile"": ""HP-5"", ""meas_id"": 5, ""hum"": 33.49261, ""gas_res"": 25000.0}, {""temp"": 24.55161, ""step"": 8, ""status"": 1, ""pres"": 978.6774, ""meas_profile"": ""HP-4"", ""meas_id"": 4, ""hum"": 33.00318, ""gas_res"": 21783.53}, {""temp"": 24.69681, ""step"": 8, ""status"": 1, ""pres"": 978.275, ""meas_profile"": ""HP-3"", ""meas_id"": 3, ""hum"": 33.44372, ""gas_res"": 6554.691}, {""temp"": 24.6332, ""step"": 8, ""status"": 1, ""pres"": 978.4119, ""meas_profile"": ""HP-2"", ""meas_id"": 2, ""hum"": 33.7276, ""gas_res"": 9232.545}, {""temp"": 24.41013, ""step"": 8, ""status"": 1, ""pres"": 978.5103, ""meas_profile"": ""HP-1"", ""meas_id"": 1, ""hum"": 33.08368, ""gas_res"": 7123.775}]}",NULL,"2025-10-29 12:12:10.139593"
15516,"04a600b9b0b8","2025-10-29 12:10:48","OfSxEa1Yv965HDuAvsi2","{""bme688"": [{""temp"": 24.78371, ""step"": 7, ""status"": 1, ""pres"": 978.4958, ""meas_profile"": ""HP-8"", ""meas_id"": 8, ""hum"": 33.57068, ""gas_res"": 5684.846}, {""temp"": 24.7748, ""step"": 7, ""status"": 1, ""pres"": 978.6317, ""meas_profile"": ""HP-7"", ""meas_id"": 7, ""hum"": 33.46688, ""gas_res"": 6332.872}, {""temp"": 24.86172, ""step"": 7, ""status"": 1, ""pres"": 978.7578, ""meas_profile"": ""HP-6"", ""meas_id"": 6, ""hum"": 33.31017, ""gas_res"": 8599.839}, {""temp"": 24.78408, ""step"": 7, ""status"": 1, ""pres"": 978.5325, ""meas_profile"": ""HP-5"", ""meas_id"": 5, ""hum"": 33.49827, ""gas_res"": 25000.0}, {""temp"": 24.5513, ""step"": 7, ""status"": 1, ""pres"": 978.6769, ""meas_profile"": ""HP-4"", ""meas_id"": 4, ""hum"": 33.01461, ""gas_res"": 21136.06}, {""temp"": 24.69619, ""step"": 7, ""status"": 1, ""pres"": 978.2723, ""meas_profile"": ""HP-3"", ""meas_id"": 3, ""hum"": 33.44366, ""gas_res"": 6412.826}, {""temp"": 24.6332, ""step"": 7, ""status"": 1, ""pres"": 978.4103, ""meas_profile"": ""HP-2"", ""meas_id"": 2, ""hum"": 33.71627, ""gas_res"": 8893.83}, {""temp"": 24.40982, ""step"": 7, ""status"": 1, ""pres"": 978.5098, ""meas_profile"": ""HP-1"", ""meas_id"": 1, ""hum"": 33.0778, ""gas_res"": 7274.38}]}",NULL,"2025-10-29 12:12:11.416214"
15517,"04a600b9b0b8","2025-10-29 12:10:48","OfSxEa1Yv965HDuAvsi2","{""bme688"": [{""temp"": 24.78309, ""step"": 6, ""status"": 1, ""pres"": 978.4966, ""meas_profile"": ""HP-8"", ""meas_id"": 8, ""hum"": 33.55349, ""gas_res"": 15857.28}, {""temp"": 24.77418, ""step"": 6, ""status"": 1, ""pres"": 978.6322, ""meas_profile"": ""HP-7"", ""meas_id"": 7, ""hum"": 33.47247, ""gas_res"": 20585.4}, {""temp"": 24.86141, ""step"": 6, ""status"": 1, ""pres"": 978.7573, ""meas_profile"": ""HP-6"", ""meas_id"": 6, ""hum"": 33.28154, ""gas_res"": 39024.39}, {""temp"": 24.78345, ""step"": 6, ""status"": 1, ""pres"": 978.5333, ""meas_profile"": ""HP-5"", ""meas_id"": 5, ""hum"": 33.49821, ""gas_res"": 125183.4}, {""temp"": 24.55099, ""step"": 6, ""status"": 1, ""pres"": 978.6764, ""meas_profile"": ""HP-4"", ""meas_id"": 4, ""hum"": 33.01458, ""gas_res"": 114285.7}, {""temp"": 24.69588, ""step"": 6, ""status"": 1, ""pres"": 978.2718, ""meas_profile"": ""HP-3"", ""meas_id"": 3, ""hum"": 33.43791, ""gas_res"": 76923.08}, {""temp"": 24.63288, ""step"": 6, ""status"": 1, ""pres"": 978.4097, ""meas_profile"": ""HP-2"", ""meas_id"": 2, ""hum"": 33.72191, ""gas_res"": 102420.5}, {""temp"": 24.40982, ""step"": 6, ""status"": 1, ""pres"": 978.5098, ""meas_profile"": ""HP-1"", ""meas_id"": 1, ""hum"": 33.0895, ""gas_res"": 100000.0}]}",NULL,"2025-10-29 12:12:12.700693"
15518,"04a600b9b0b8","2025-10-29 12:10:48","OfSxEa1Yv965HDuAvsi2","{""bme688"": [{""temp"": 24.78278, ""step"": 5, ""status"": 1, ""pres"": 978.4961, ""meas_profile"": ""HP-8"", ""meas_id"": 8, ""hum"": 33.57059, ""gas_res"": 15892.72}, {""temp"": 24.77387, ""step"": 5, ""status"": 1, ""pres"": 978.6317, ""meas_profile"": ""HP-7"", ""meas_id"": 7, ""hum"": 33.47808, ""gas_res"": 20665.16}, {""temp"": 24.8611, ""step"": 5, ""status"": 1, ""pres"": 978.7567, ""meas_profile"": ""HP-6"", ""meas_id"": 6, ""hum"": 33.29867, ""gas_res"": 39312.04}, {""temp"": 24.78314, ""step"": 5, ""status"": 1, ""pres"": 978.5325, ""meas_profile"": ""HP-5"", ""meas_id"": 5, ""hum"": 33.52081, ""gas_res"": 125829.4}, {""temp"": 24.55037, ""step"": 5, ""status"": 1, ""pres"": 978.6754, ""meas_profile"": ""HP-4"", ""meas_id"": 4, ""hum"": 33.03169, ""gas_res"": 113224.2}, {""temp"": 24.69557, ""step"": 5, ""status"": 1, ""pres"": 978.2712, ""meas_profile"": ""HP-3"", ""meas_id"": 3, ""hum"": 33.4436, ""gas_res"": 45911.05}, {""temp"": 24.63227, ""step"": 5, ""status"": 1, ""pres"": 978.4088, ""meas_profile"": ""HP-2"", ""meas_id"": 2, ""hum"": 33.70486, ""gas_res"": 99960.95}, {""temp"": 24.40951, ""step"": 5, ""status"": 1, ""pres"": 978.5112, ""meas_profile"": ""HP-1"", ""meas_id"": 1, ""hum"": 33.08947, ""gas_res"": 100000.0}]}",NULL,"2025-10-29 12:12:14.164385"
15519,"04a600b9b0b8","2025-10-29 12:10:48","OfSxEa1Yv965HDuAvsi2","{""bme688"": [{""temp"": 24.78216, ""step"": 4, ""status"": 1, ""pres"": 978.4952, ""meas_profile"": ""HP-8"", ""meas_id"": 8, ""hum"": 33.58195, ""gas_res"": 15952.14}, {""temp"": 24.77325, ""step"": 4, ""status"": 1, ""pres"": 978.6308, ""meas_profile"": ""HP-7"", ""meas_id"": 7, ""hum"": 33.47802, ""gas_res"": 20765.74}, {""temp"": 24.8608, ""step"": 4, ""status"": 1, ""pres"": 978.7563, ""meas_profile"": ""HP-6"", ""meas_id"": 6, ""hum"": 33.32153, ""gas_res"": 39714.55}, {""temp"": 24.78283, ""step"": 4, ""status"": 1, ""pres"": 978.532, ""meas_profile"": ""HP-5"", ""meas_id"": 5, ""hum"": 33.50946, ""gas_res"": 129162.5}, {""temp"": 24.55006, ""step"": 4, ""status"": 1, ""pres"": 978.6764, ""meas_profile"": ""HP-4"", ""meas_id"": 4, ""hum"": 33.04311, ""gas_res"": 115289.4}, {""temp"": 24.69526, ""step"": 4, ""status"": 1, ""pres"": 978.2707, ""meas_profile"": ""HP-3"", ""meas_id"": 3, ""hum"": 33.4493, ""gas_res"": 45133.99}, {""temp"": 24.63195, ""step"": 4, ""status"": 1, ""pres"": 978.4083, ""meas_profile"": ""HP-2"", ""meas_id"": 2, ""hum"": 33.73881, ""gas_res"": 98689.28}, {""temp"": 24.40951, ""step"": 4, ""status"": 1, ""pres"": 978.5112, ""meas_profile"": ""HP-1"", ""meas_id"": 1, ""hum"": 33.08947, ""gas_res"": 100000.0}]}",NULL,"2025-10-29 12:12:15.293241"
15520,"04a600b9b0b8","2025-10-29 12:10:48","OfSxEa1Yv965HDuAvsi2","{""bme688"": [{""temp"": 24.78154, ""step"": 3, ""status"": 0, ""pres"": 978.496, ""meas_profile"": ""HP-8"", ""meas_id"": 8, ""hum"": 33.57619, ""gas_res"": 8733.624}, {""temp"": 24.77262, ""step"": 3, ""status"": 0, ""pres"": 978.6297, ""meas_profile"": ""HP-7"", ""meas_id"": 7, ""hum"": 33.51183, ""gas_res"": 10716.68}, {""temp"": 24.86018, ""step"": 3, ""status"": 0, ""pres"": 978.757, ""meas_profile"": ""HP-6"", ""meas_id"": 6, ""hum"": 33.32148, ""gas_res"": 22377.62}, {""temp"": 24.7822, ""step"": 3, ""status"": 0, ""pres"": 978.5326, ""meas_profile"": ""HP-5"", ""meas_id"": 5, ""hum"": 33.52638, ""gas_res"": 43925.88}, {""temp"": 24.54913, ""step"": 3, ""status"": 0, ""pres"": 978.6749, ""meas_profile"": ""HP-4"", ""meas_id"": 4, ""hum"": 33.04876, ""gas_res"": 38016.04}, {""temp"": 24.69464, ""step"": 3, ""status"": 0, ""pres"": 978.2679, ""meas_profile"": ""HP-3"", ""meas_id"": 3, ""hum"": 33.4607, ""gas_res"": 26397.2}, {""temp"": 24.63133, ""step"": 3, ""status"": 0, ""pres"": 978.4072, ""meas_profile"": ""HP-2"", ""meas_id"": 2, ""hum"": 33.73875, ""gas_res"": 41775.46}, {""temp"": 24.40888, ""step"": 3, ""status"": 0, ""pres"": 978.5103, ""meas_profile"": ""HP-1"", ""meas_id"": 1, ""hum"": 33.12451, ""gas_res"": 28119.51}]}",NULL,"2025-10-29 12:12:16.538584"
15521,"04a600b9b0b8","2025-10-29 12:10:48","OfSxEa1Yv965HDuAvsi2","{""bme688"": [{""temp"": 24.78124, ""step"": 2, ""status"": 1, ""pres"": 978.4955, ""meas_profile"": ""HP-8"", ""meas_id"": 8, ""hum"": 33.60471, ""gas_res"": 31480.57}, {""temp"": 24.77232, ""step"": 2, ""status"": 1, ""pres"": 978.6291, ""meas_profile"": ""HP-7"", ""meas_id"": 7, ""hum"": 33.49487, ""gas_res"": 43301.76}, {""temp"": 24.85987, ""step"": 2, ""status"": 1, ""pres"": 978.7564, ""meas_profile"": ""HP-6"", ""meas_id"": 6, ""hum"": 33.32716, ""gas_res"": 138490.7}, {""temp"": 24.78157, ""step"": 2, ""status"": 1, ""pres"": 978.5317, ""meas_profile"": ""HP-5"", ""meas_id"": 5, ""hum"": 33.53764, ""gas_res"": 332251.8}, {""temp"": 24.54882, ""step"": 2, ""status"": 1, ""pres"": 978.6746, ""meas_profile"": ""HP-4"", ""meas_id"": 4, ""hum"": 33.06018, ""gas_res"": 333224.9}, {""temp"": 24.69433, ""step"": 2, ""status"": 1, ""pres"": 978.2675, ""meas_profile"": ""HP-3"", ""meas_id"": 3, ""hum"": 33.46639, ""gas_res"": 170099.7}, {""temp"": 24.63102, ""step"": 2, ""status"": 1, ""pres"": 978.4066, ""meas_profile"": ""HP-2"", ""meas_id"": 2, ""hum"": 33.73872, ""gas_res"": 324050.6}, {""temp"": 24.40857, ""step"": 2, ""status"": 1, ""pres"": 978.5115, ""meas_profile"": ""HP-1"", ""meas_id"": 1, ""hum"": 33.13033, ""gas_res"": 229185.3}]}",NULL,"2025-10-29 12:12:17.82079"
15522,"04a600b9b0b8","2025-10-29 12:10:48","OfSxEa1Yv965HDuAvsi2","{""bme688"": [{""temp"": 24.78093, ""step"": 1, ""status"": 1, ""pres"": 978.495, ""meas_profile"": ""HP-8"", ""meas_id"": 8, ""hum"": 33.58755, ""gas_res"": 9411.765}, {""temp"": 24.77232, ""step"": 1, ""status"": 1, ""pres"": 978.6291, ""meas_profile"": ""HP-7"", ""meas_id"": 7, ""hum"": 33.51181, ""gas_res"": 11416.34}, {""temp"": 24.85956, ""step"": 1, ""status"": 1, ""pres"": 978.7559, ""meas_profile"": ""HP-6"", ""meas_id"": 6, ""hum"": 33.34431, ""gas_res"": 25000.0}, {""temp"": 24.78157, ""step"": 1, ""status"": 1, ""pres"": 978.5317, ""meas_profile"": ""HP-5"", ""meas_id"": 5, ""hum"": 33.54895, ""gas_res"": 37713.61}, {""temp"": 24.54882, ""step"": 1, ""status"": 1, ""pres"": 978.6746, ""meas_profile"": ""HP-4"", ""meas_id"": 4, ""hum"": 33.05445, ""gas_res"": 31158.71}, {""temp"": 24.69403, ""step"": 1, ""status"": 1, ""pres"": 978.2654, ""meas_profile"": ""HP-3"", ""meas_id"": 3, ""hum"": 33.47209, ""gas_res"": 25000.0}, {""temp"": 24.63102, ""step"": 1, ""status"": 1, ""pres"": 978.4066, ""meas_profile"": ""HP-2"", ""meas_id"": 2, ""hum"": 33.74438, ""gas_res"": 30231.46}, {""temp"": 24.40826, ""step"": 1, ""status"": 1, ""pres"": 978.5111, ""meas_profile"": ""HP-1"", ""meas_id"": 1, ""hum"": 33.14199, ""gas_res"": 25000.0}]}",NULL,"2025-10-29 12:12:19.283534"
15523,"04a600b9b0b8","2025-10-29 12:10:48","OfSxEa1Yv965HDuAvsi2","{""bme688"": [{""temp"": 24.78062, ""step"": 0, ""status"": 1, ""pres"": 978.4945, ""meas_profile"": ""HP-8"", ""meas_id"": 8, ""hum"": 33.58181, ""gas_res"": 5951.274}, {""temp"": 24.77169, ""step"": 0, ""status"": 1, ""pres"": 978.6298, ""meas_profile"": ""HP-7"", ""meas_id"": 7, ""hum"": 33.52304, ""gas_res"": 7176.497}, {""temp"": 24.85925, ""step"": 0, ""status"": 1, ""pres"": 978.7571, ""meas_profile"": ""HP-6"", ""meas_id"": 6, ""hum"": 33.32138, ""gas_res"": 9224.561}, {""temp"": 24.78157, ""step"": 0, ""status"": 1, ""pres"": 978.5317, ""meas_profile"": ""HP-5"", ""meas_id"": 5, ""hum"": 33.53198, ""gas_res"": 25000.0}, {""temp"": 24.54851, ""step"": 0, ""status"": 1, ""pres"": 978.6756, ""meas_profile"": ""HP-4"", ""meas_id"": 4, ""hum"": 33.03725, ""gas_res"": 21199.07}, {""temp"": 24.69372, ""step"": 0, ""status"": 1, ""pres"": 978.2649, ""meas_profile"": ""HP-3"", ""meas_id"": 3, ""hum"": 33.47206, ""gas_res"": 6276.971}, {""temp"": 24.63071, ""step"": 0, ""status"": 1, ""pres"": 978.4043, ""meas_profile"": ""HP-2"", ""meas_id"": 2, ""hum"": 33.72737, ""gas_res"": 8712.225}, {""temp"": 24.40826, ""step"": 0, ""status"": 1, ""pres"": 978.5111, ""meas_profile"": ""HP-1"", ""meas_id"": 1, ""hum"": 33.13615, ""gas_res"": 7011.394}]}",NULL,"2025-10-29 12:12:21.019482"
15524,"04a600b9b0b8","2025-10-29 12:12:46","OfSxEa1Yv965HDuAvsi2","{""zphs01b"": {""voc"": 0, ""temp"": 22.8, ""pm2_5"": 0, ""pm1_0"": 0, ""pm10"": 285, ""o3"": 0.02, ""no2"": 10.0, ""hum"": 0, ""fmhd"": 0, ""co2"": 5000, ""co"": 0.0}, ""smell_b"": {}, ""sfa30"": {""temp"": 24.755, ""hum"": 36.14, ""fmhd"": 5.4}, ""sen5x"": {""voc"": 112.0, ""temp"": 24.745, ""pm4_0"": 4375.0, ""pm2_5"": 4375.0, ""pm1_0"": 4171.8, ""pm10"": 4375.0, ""nox"": 1.0, ""mass_c"": 4324.2, ""hum"": 41.42}, ""scd41"": {""temp"": 24.43122, ""hum"": 43.60723, ""co2"": 732}, ""power_source"": 0, ""mics6814"": {""red_res"": 0, ""no2_res"": 0, ""no2"": 0.17, ""nh3_res"": 0, ""nh3"": 0.73, ""co_res"": 0, ""co"": 44.0}}",NULL,"2025-10-29 12:13:23.688961"
15525,"04a600b9b0b8","2025-10-29 12:12:46","OfSxEa1Yv965HDuAvsi2","{""bme688"": [{""temp"": 24.80162, ""step"": 9, ""status"": 1, ""pres"": 978.5134, ""meas_profile"": ""HP-8"", ""meas_id"": 8, ""hum"": 33.52097, ""gas_res"": 5684.846}, {""temp"": 24.79001, ""step"": 9, ""status"": 1, ""pres"": 978.6469, ""meas_profile"": ""HP-7"", ""meas_id"": 7, ""hum"": 33.41186, ""gas_res"": 6463.341}, {""temp"": 24.87222, ""step"": 9, ""status"": 1, ""pres"": 978.7626, ""meas_profile"": ""HP-6"", ""meas_id"": 6, ""hum"": 33.26537, ""gas_res"": 8676.79}, {""temp"": 24.79346, ""step"": 9, ""status"": 1, ""pres"": 978.5361, ""meas_profile"": ""HP-5"", ""meas_id"": 5, ""hum"": 33.46521, ""gas_res"": 25000.0}, {""temp"": 24.56218, ""step"": 9, ""status"": 1, ""pres"": 978.6781, ""meas_profile"": ""HP-4"", ""meas_id"": 4, ""hum"": 32.99843, ""gas_res"": 25000.0}, {""temp"": 24.7067, ""step"": 9, ""status"": 1, ""pres"": 978.303, ""meas_profile"": ""HP-3"", ""meas_id"": 3, ""hum"": 33.41029, ""gas_res"": 7390.3}, {""temp"": 24.64282, ""step"": 9, ""status"": 1, ""pres"": 978.433, ""meas_profile"": ""HP-2"", ""meas_id"": 2, ""hum"": 33.66621, ""gas_res"": 9791.922}, {""temp"": 24.42009, ""step"": 9, ""status"": 1, ""pres"": 978.5131, ""meas_profile"": ""HP-1"", ""meas_id"": 1, ""hum"": 33.06121, ""gas_res"": 7354.631}]}",NULL,"2025-10-29 12:13:25.017444"
15526,"04a600b9b0b8","2025-10-29 12:12:46","OfSxEa1Yv965HDuAvsi2","{""bme688"": [{""temp"": 24.80069, ""step"": 8, ""status"": 1, ""pres"": 978.512, ""meas_profile"": ""HP-8"", ""meas_id"": 8, ""hum"": 33.50947, ""gas_res"": 5684.846}, {""temp"": 24.78939, ""step"": 8, ""status"": 1, ""pres"": 978.6459, ""meas_profile"": ""HP-7"", ""meas_id"": 7, ""hum"": 33.4118, ""gas_res"": 6510.682}, {""temp"": 24.87191, ""step"": 8, ""status"": 1, ""pres"": 978.762, ""meas_profile"": ""HP-6"", ""meas_id"": 6, ""hum"": 33.26535, ""gas_res"": 9052.334}, {""temp"": 24.79314, ""step"": 8, ""status"": 1, ""pres"": 978.5356, ""meas_profile"": ""HP-5"", ""meas_id"": 5, ""hum"": 33.45953, ""gas_res"": 25000.0}, {""temp"": 24.56186, ""step"": 8, ""status"": 1, ""pres"": 978.6777, ""meas_profile"": ""HP-4"", ""meas_id"": 4, ""hum"": 32.98695, ""gas_res"": 25000.0}, {""temp"": 24.70639, ""step"": 8, ""status"": 1, ""pres"": 978.3026, ""meas_profile"": ""HP-3"", ""meas_id"": 3, ""hum"": 33.42171, ""gas_res"": 7100.066}, {""temp"": 24.64251, ""step"": 8, ""status"": 1, ""pres"": 978.4325, ""meas_profile"": ""HP-2"", ""meas_id"": 2, ""hum"": 33.66053, ""gas_res"": 10165.18}, {""temp"": 24.41978, ""step"": 8, ""status"": 1, ""pres"": 978.5126, ""meas_profile"": ""HP-1"", ""meas_id"": 1, ""hum"": 33.05533, ""gas_res"": 7858.546}]}",NULL,"2025-10-29 12:13:26.392056"
15527,"04a600b9b0b8","2025-10-29 12:12:46","OfSxEa1Yv965HDuAvsi2","{""bme688"": [{""temp"": 24.79977, ""step"": 7, ""status"": 1, ""pres"": 978.5106, ""meas_profile"": ""HP-8"", ""meas_id"": 8, ""hum"": 33.5151, ""gas_res"": 5684.846}, {""temp"": 24.78908, ""step"": 7, ""status"": 1, ""pres"": 978.647, ""meas_profile"": ""HP-7"", ""meas_id"": 7, ""hum"": 33.43435, ""gas_res"": 6574.892}, {""temp"": 24.8716, ""step"": 7, ""status"": 1, ""pres"": 978.7615, ""meas_profile"": ""HP-6"", ""meas_id"": 6, ""hum"": 33.25388, ""gas_res"": 9321.293}, {""temp"": 24.79283, ""step"": 7, ""status"": 1, ""pres"": 978.535, ""meas_profile"": ""HP-5"", ""meas_id"": 5, ""hum"": 33.46515, ""gas_res"": 25000.0}, {""temp"": 24.56155, ""step"": 7, ""status"": 1, ""pres"": 978.6771, ""meas_profile"": ""HP-4"", ""meas_id"": 4, ""hum"": 32.96976, ""gas_res"": 25000.0}, {""temp"": 24.70609, ""step"": 7, ""status"": 1, ""pres"": 978.3019, ""meas_profile"": ""HP-3"", ""meas_id"": 3, ""hum"": 33.38733, ""gas_res"": 7230.004}, {""temp"": 24.6422, ""step"": 7, ""status"": 1, ""pres"": 978.4319, ""meas_profile"": ""HP-2"", ""meas_id"": 2, ""hum"": 33.66049, ""gas_res"": 10223.64}, {""temp"": 24.41916, ""step"": 7, ""status"": 1, ""pres"": 978.5115, ""meas_profile"": ""HP-1"", ""meas_id"": 1, ""hum"": 33.04358, ""gas_res"": 8018.041}]}",NULL,"2025-10-29 12:13:27.580916"
15528,"04a600b9b0b8","2025-10-29 12:12:46","OfSxEa1Yv965HDuAvsi2","{""bme688"": [{""temp"": 24.79946, ""step"": 6, ""status"": 1, ""pres"": 978.5099, ""meas_profile"": ""HP-8"", ""meas_id"": 8, ""hum"": 33.52077, ""gas_res"": 15763.55}, {""temp"": 24.78846, ""step"": 6, ""status"": 1, ""pres"": 978.6476, ""meas_profile"": ""HP-7"", ""meas_id"": 7, ""hum"": 33.43428, ""gas_res"": 21094.27}, {""temp"": 24.87129, ""step"": 6, ""status"": 1, ""pres"": 978.7609, ""meas_profile"": ""HP-6"", ""meas_id"": 6, ""hum"": 33.25957, ""gas_res"": 43083.14}, {""temp"": 24.79252, ""step"": 6, ""status"": 1, ""pres"": 978.5363, ""meas_profile"": ""HP-5"", ""meas_id"": 5, ""hum"": 33.46512, ""gas_res"": 142897.0}, {""temp"": 24.56093, ""step"": 6, ""status"": 1, ""pres"": 978.6777, ""meas_profile"": ""HP-4"", ""meas_id"": 4, ""hum"": 32.99259, ""gas_res"": 131755.0}, {""temp"": 24.70578, ""step"": 6, ""status"": 1, ""pres"": 978.3015, ""meas_profile"": ""HP-3"", ""meas_id"": 3, ""hum"": 33.40448, ""gas_res"": 89229.7}, {""temp"": 24.64158, ""step"": 6, ""status"": 1, ""pres"": 978.4309, ""meas_profile"": ""HP-2"", ""meas_id"": 2, ""hum"": 33.68308, ""gas_res"": 122137.4}, {""temp"": 24.41884, ""step"": 6, ""status"": 1, ""pres"": 978.5129, ""meas_profile"": ""HP-1"", ""meas_id"": 1, ""hum"": 33.06694, ""gas_res"": 100000.0}]}",NULL,"2025-10-29 12:13:28.859634"
15529,"04a600b9b0b8","2025-10-29 12:12:46","OfSxEa1Yv965HDuAvsi2","{""bme688"": [{""temp"": 24.79884, ""step"": 5, ""status"": 1, ""pres"": 978.509, ""meas_profile"": ""HP-8"", ""meas_id"": 8, ""hum"": 33.52642, ""gas_res"": 15693.97}, {""temp"": 24.78784, ""step"": 5, ""status"": 1, ""pres"": 978.6465, ""meas_profile"": ""HP-7"", ""meas_id"": 7, ""hum"": 33.42859, ""gas_res"": 20949.26}, {""temp"": 24.87098, ""step"": 5, ""status"": 1, ""pres"": 978.7622, ""meas_profile"": ""HP-6"", ""meas_id"": 6, ""hum"": 33.25381, ""gas_res"": 43301.76}, {""temp"": 24.79221, ""step"": 5, ""status"": 1, ""pres"": 978.5357, ""meas_profile"": ""HP-5"", ""meas_id"": 5, ""hum"": 33.46509, ""gas_res"": 143739.5}, {""temp"": 24.56031, ""step"": 5, ""status"": 1, ""pres"": 978.6767, ""meas_profile"": ""HP-4"", ""meas_id"": 4, ""hum"": 32.98681, ""gas_res"": 132265.6}, {""temp"": 24.70578, ""step"": 5, ""status"": 1, ""pres"": 978.3015, ""meas_profile"": ""HP-3"", ""meas_id"": 3, ""hum"": 33.40448, ""gas_res"": 87491.45}, {""temp"": 24.64096, ""step"": 5, ""status"": 1, ""pres"": 978.4299, ""meas_profile"": ""HP-2"", ""meas_id"": 2, ""hum"": 33.69435, ""gas_res"": 121355.8}, {""temp"": 24.41853, ""step"": 5, ""status"": 1, ""pres"": 978.5125, ""meas_profile"": ""HP-1"", ""meas_id"": 1, ""hum"": 33.04937, ""gas_res"": 100000.0}]}",NULL,"2025-10-29 12:13:30.138241"
15530,"04a600b9b0b8","2025-10-29 12:12:46","OfSxEa1Yv965HDuAvsi2","{""bme688"": [{""temp"": 24.79822, ""step"": 4, ""status"": 1, ""pres"": 978.5098, ""meas_profile"": ""HP-8"", ""meas_id"": 8, ""hum"": 33.53207, ""gas_res"": 15590.74}, {""temp"": 24.78722, ""step"": 4, ""status"": 1, ""pres"": 978.6454, ""meas_profile"": ""HP-7"", ""meas_id"": 7, ""hum"": 33.41725, ""gas_res"": 20949.26}, {""temp"": 24.87067, ""step"": 4, ""status"": 1, ""pres"": 978.7618, ""meas_profile"": ""HP-6"", ""meas_id"": 6, ""hum"": 33.25379, ""gas_res"": 43700.92}, {""temp"": 24.79221, ""step"": 4, ""status"": 1, ""pres"": 978.5357, ""meas_profile"": ""HP-5"", ""meas_id"": 5, ""hum"": 33.46509, ""gas_res"": 146453.1}, {""temp"": 24.55969, ""step"": 4, ""status"": 1, ""pres"": 978.6757, ""meas_profile"": ""HP-4"", ""meas_id"": 4, ""hum"": 32.97531, ""gas_res"": 134242.3}, {""temp"": 24.70516, ""step"": 4, ""status"": 1, ""pres"": 978.3004, ""meas_profile"": ""HP-3"", ""meas_id"": 3, ""hum"": 33.41587, ""gas_res"": 86515.71}, {""temp"": 24.64065, ""step"": 4, ""status"": 1, ""pres"": 978.4294, ""meas_profile"": ""HP-2"", ""meas_id"": 2, ""hum"": 33.67733, ""gas_res"": 121183.4}, {""temp"": 24.41822, ""step"": 4, ""status"": 1, ""pres"": 978.5137, ""meas_profile"": ""HP-1"", ""meas_id"": 1, ""hum"": 33.04935, ""gas_res"": 100000.0}]}",NULL,"2025-10-29 12:13:31.510187"
15531,"04a600b9b0b8","2025-10-29 12:12:46","OfSxEa1Yv965HDuAvsi2","{""bme688"": [{""temp"": 24.79761, ""step"": 3, ""status"": 0, ""pres"": 978.5089, ""meas_profile"": ""HP-8"", ""meas_id"": 8, ""hum"": 33.5206, ""gas_res"": 8146.64}, {""temp"": 24.7866, ""step"": 3, ""status"": 0, ""pres"": 978.6445, ""meas_profile"": ""HP-7"", ""meas_id"": 7, ""hum"": 33.45669, ""gas_res"": 10050.25}, {""temp"": 24.87006, ""step"": 3, ""status"": 0, ""pres"": 978.7626, ""meas_profile"": ""HP-6"", ""meas_id"": 6, ""hum"": 33.28233, ""gas_res"": 22495.61}, {""temp"": 24.79158, ""step"": 3, ""status"": 0, ""pres"": 978.5346, ""meas_profile"": ""HP-5"", ""meas_id"": 5, ""hum"": 33.49331, ""gas_res"": 46259.49}, {""temp"": 24.55907, ""step"": 3, ""status"": 0, ""pres"": 978.6763, ""meas_profile"": ""HP-4"", ""meas_id"": 4, ""hum"": 32.99815, ""gas_res"": 40429.56}, {""temp"": 24.70454, ""step"": 3, ""status"": 0, ""pres"": 978.2994, ""meas_profile"": ""HP-3"", ""meas_id"": 3, ""hum"": 33.43871, ""gas_res"": 27807.95}, {""temp"": 24.64003, ""step"": 3, ""status"": 0, ""pres"": 978.4283, ""meas_profile"": ""HP-2"", ""meas_id"": 2, ""hum"": 33.69992, ""gas_res"": 45714.29}, {""temp"": 24.4176, ""step"": 3, ""status"": 0, ""pres"": 978.5129, ""meas_profile"": ""HP-1"", ""meas_id"": 1, ""hum"": 33.06098, ""gas_res"": 29829.88}]}",NULL,"2025-10-29 12:13:32.701392"
15532,"04a600b9b0b8","2025-10-29 12:12:46","OfSxEa1Yv965HDuAvsi2","{""bme688"": [{""temp"": 24.7973, ""step"": 2, ""status"": 1, ""pres"": 978.5084, ""meas_profile"": ""HP-8"", ""meas_id"": 8, ""hum"": 33.5434, ""gas_res"": 22759.6}, {""temp"": 24.78598, ""step"": 2, ""status"": 1, ""pres"": 978.6435, ""meas_profile"": ""HP-7"", ""meas_id"": 7, ""hum"": 33.45663, ""gas_res"": 31527.09}, {""temp"": 24.86944, ""step"": 2, ""status"": 1, ""pres"": 978.7615, ""meas_profile"": ""HP-6"", ""meas_id"": 6, ""hum"": 33.288, ""gas_res"": 98518.38}, {""temp"": 24.79096, ""step"": 2, ""status"": 1, ""pres"": 978.5337, ""meas_profile"": ""HP-5"", ""meas_id"": 5, ""hum"": 33.48194, ""gas_res"": 231831.6}, {""temp"": 24.55845, ""step"": 2, ""status"": 1, ""pres"": 978.6753, ""meas_profile"": ""HP-4"", ""meas_id"": 4, ""hum"": 32.99237, ""gas_res"": 245681.4}, {""temp"": 24.70423, ""step"": 2, ""status"": 1, ""pres"": 978.2972, ""meas_profile"": ""HP-3"", ""meas_id"": 3, ""hum"": 33.43296, ""gas_res"": 131147.5}, {""temp"": 24.63941, ""step"": 2, ""status"": 1, ""pres"": 978.4274, ""meas_profile"": ""HP-2"", ""meas_id"": 2, ""hum"": 33.72818, ""gas_res"": 256963.6}, {""temp"": 24.41698, ""step"": 2, ""status"": 1, ""pres"": 978.5136, ""meas_profile"": ""HP-1"", ""meas_id"": 1, ""hum"": 33.04338, ""gas_res"": 176066.0}]}",NULL,"2025-10-29 12:13:33.987589"
15533,"04a600b9b0b8","2025-10-29 12:12:46","OfSxEa1Yv965HDuAvsi2","{""bme688"": [{""temp"": 24.79699, ""step"": 1, ""status"": 1, ""pres"": 978.5098, ""meas_profile"": ""HP-8"", ""meas_id"": 8, ""hum"": 33.53767, ""gas_res"": 9153.318}, {""temp"": 24.78598, ""step"": 1, ""status"": 1, ""pres"": 978.6435, ""meas_profile"": ""HP-7"", ""meas_id"": 7, ""hum"": 33.46227, ""gas_res"": 11477.76}, {""temp"": 24.86913, ""step"": 1, ""status"": 1, ""pres"": 978.7609, ""meas_profile"": ""HP-6"", ""meas_id"": 6, ""hum"": 33.28225, ""gas_res"": 25000.0}, {""temp"": 24.79064, ""step"": 1, ""status"": 1, ""pres"": 978.535, ""meas_profile"": ""HP-5"", ""meas_id"": 5, ""hum"": 33.48756, ""gas_res"": 43880.7}, {""temp"": 24.55845, ""step"": 1, ""status"": 1, ""pres"": 978.677, ""meas_profile"": ""HP-4"", ""meas_id"": 4, ""hum"": 32.99237, ""gas_res"": 36117.38}, {""temp"": 24.70392, ""step"": 1, ""status"": 1, ""pres"": 978.2968, ""meas_profile"": ""HP-3"", ""meas_id"": 3, ""hum"": 33.45583, ""gas_res"": 23752.09}, {""temp"": 24.6391, ""step"": 1, ""status"": 1, ""pres"": 978.4268, ""meas_profile"": ""HP-2"", ""meas_id"": 2, ""hum"": 33.7055, ""gas_res"": 37514.65}, {""temp"": 24.41667, ""step"": 1, ""status"": 1, ""pres"": 978.5131, ""meas_profile"": ""HP-1"", ""meas_id"": 1, ""hum"": 33.02582, ""gas_res"": 26348.29}]}",NULL,"2025-10-29 12:13:35.256593"
15534,"04a600b9b0b8","2025-10-29 12:12:46","OfSxEa1Yv965HDuAvsi2","{""bme688"": [{""temp"": 24.79637, ""step"": 0, ""status"": 1, ""pres"": 978.5087, ""meas_profile"": ""HP-8"", ""meas_id"": 8, ""hum"": 33.54332, ""gas_res"": 5684.846}, {""temp"": 24.78536, ""step"": 0, ""status"": 1, ""pres"": 978.6442, ""meas_profile"": ""HP-7"", ""meas_id"": 7, ""hum"": 33.45093, ""gas_res"": 6938.421}, {""temp"": 24.86882, ""step"": 0, ""status"": 1, ""pres"": 978.7606, ""meas_profile"": ""HP-6"", ""meas_id"": 6, ""hum"": 33.2765, ""gas_res"": 9495.549}, {""temp"": 24.79064, ""step"": 0, ""status"": 1, ""pres"": 978.535, ""meas_profile"": ""HP-5"", ""meas_id"": 5, ""hum"": 33.50453, ""gas_res"": 25000.0}, {""temp"": 24.55814, ""step"": 0, ""status"": 1, ""pres"": 978.6766, ""meas_profile"": ""HP-4"", ""meas_id"": 4, ""hum"": 33.01523, ""gas_res"": 25000.0}, {""temp"": 24.70361, ""step"": 0, ""status"": 1, ""pres"": 978.2963, ""meas_profile"": ""HP-3"", ""meas_id"": 3, ""hum"": 33.4329, ""gas_res"": 7090.627}, {""temp"": 24.6391, ""step"": 0, ""status"": 1, ""pres"": 978.4268, ""meas_profile"": ""HP-2"", ""meas_id"": 2, ""hum"": 33.72815, ""gas_res"": 10097.82}, {""temp"": 24.41636, ""step"": 0, ""status"": 1, ""pres"": 978.5126, ""meas_profile"": ""HP-1"", ""meas_id"": 1, ""hum"": 33.01994, ""gas_res"": 7778.318}]}",NULL,"2025-10-29 12:13:36.643979"
15535,"04a600b9b0b8","2025-10-29 12:12:19","OfSxEa1Yv965HDuAvsi2","{""zphs01b"": {""voc"": 0, ""temp"": 22.8, ""pm2_5"": 0, ""pm1_0"": 0, ""pm10"": 324, ""o3"": 0.08, ""no2"": 10.0, ""hum"": 0, ""fmhd"": 0, ""co2"": 5000, ""co"": 0.0}, ""smell_b"": {}, ""sfa30"": {""temp"": 24.74, ""hum"": 36.16, ""fmhd"": 4.8}, ""sen5x"": {""voc"": 116.0, ""temp"": 24.775, ""pm4_0"": 4463.6, ""pm2_5"": 4463.6, ""pm1_0"": 4256.3, ""pm10"": 4463.6, ""nox"": 1.0, ""mass_c"": 4411.775, ""hum"": 41.35}, ""scd41"": {""temp"": 24.40452, ""hum"": 43.65301, ""co2"": 725}, ""power_source"": 0, ""mics6814"": {""red_res"": 0, ""no2_res"": 0, ""no2"": 0.17, ""nh3_res"": 0, ""nh3"": 0.73, ""co_res"": 0, ""co"": 44.0}}",NULL,"2025-10-29 12:13:37.709595"
15536,"04a600b9b0b8","2025-10-29 12:12:19","OfSxEa1Yv965HDuAvsi2","{""bme688"": [{""temp"": 24.79575, ""step"": 9, ""status"": 1, ""pres"": 978.5079, ""meas_profile"": ""HP-8"", ""meas_id"": 8, ""hum"": 33.53755, ""gas_res"": 5684.846}, {""temp"": 24.78474, ""step"": 9, ""status"": 1, ""pres"": 978.6433, ""meas_profile"": ""HP-7"", ""meas_id"": 7, ""hum"": 33.4283, ""gas_res"": 6363.094}, {""temp"": 24.86851, ""step"": 9, ""status"": 1, ""pres"": 978.7619, ""meas_profile"": ""HP-6"", ""meas_id"": 6, ""hum"": 33.27075, ""gas_res"": 8311.688}, {""temp"": 24.79033, ""step"": 9, ""status"": 1, ""pres"": 978.5344, ""meas_profile"": ""HP-5"", ""meas_id"": 5, ""hum"": 33.49319, ""gas_res"": 25000.0}, {""temp"": 24.55783, ""step"": 9, ""status"": 1, ""pres"": 978.6777, ""meas_profile"": ""HP-4"", ""meas_id"": 4, ""hum"": 32.99231, ""gas_res"": 22122.37}, {""temp"": 24.7033, ""step"": 9, ""status"": 1, ""pres"": 978.2958, ""meas_profile"": ""HP-3"", ""meas_id"": 3, ""hum"": 33.4157, ""gas_res"": 6997.595}, {""temp"": 24.63879, ""step"": 9, ""status"": 1, ""pres"": 978.4264, ""meas_profile"": ""HP-2"", ""meas_id"": 2, ""hum"": 33.69414, ""gas_res"": 9240.543}, {""temp"": 24.41604, ""step"": 9, ""status"": 1, ""pres"": 978.514, ""meas_profile"": ""HP-1"", ""meas_id"": 1, ""hum"": 33.03746, ""gas_res"": 6938.421}]}",NULL,"2025-10-29 12:13:39.098364"
15537,"04a600b9b0b8","2025-10-29 12:12:19","OfSxEa1Yv965HDuAvsi2","{""bme688"": [{""temp"": 24.79483, ""step"": 8, ""status"": 1, ""pres"": 978.5062, ""meas_profile"": ""HP-8"", ""meas_id"": 8, ""hum"": 33.53747, ""gas_res"": 5684.846}, {""temp"": 24.78443, ""step"": 8, ""status"": 1, ""pres"": 978.6425, ""meas_profile"": ""HP-7"", ""meas_id"": 7, ""hum"": 33.4452, ""gas_res"": 6374.502}, {""temp"": 24.8682, ""step"": 8, ""status"": 1, ""pres"": 978.7612, ""meas_profile"": ""HP-6"", ""meas_id"": 6, ""hum"": 33.27644, ""gas_res"": 8599.839}, {""temp"": 24.79002, ""step"": 8, ""status"": 1, ""pres"": 978.5339, ""meas_profile"": ""HP-5"", ""meas_id"": 5, ""hum"": 33.48751, ""gas_res"": 25000.0}, {""temp"": 24.55751, ""step"": 8, ""status"": 1, ""pres"": 978.677, ""meas_profile"": ""HP-4"", ""meas_id"": 4, ""hum"": 32.99228, ""gas_res"": 21962.94}, {""temp"": 24.70299, ""step"": 8, ""status"": 1, ""pres"": 978.2935, ""meas_profile"": ""HP-3"", ""meas_id"": 3, ""hum"": 33.41567, ""gas_res"": 6570.842}, {""temp"": 24.63879, ""step"": 8, ""status"": 1, ""pres"": 978.4264, ""meas_profile"": ""HP-2"", ""meas_id"": 2, ""hum"": 33.72812, ""gas_res"": 9337.613}, {""temp"": 24.41573, ""step"": 8, ""status"": 1, ""pres"": 978.5136, ""meas_profile"": ""HP-1"", ""meas_id"": 1, ""hum"": 33.04326, ""gas_res"": 7364.787}]}",NULL,"2025-10-29 12:13:40.377098"
15538,"04a600b9b0b8","2025-10-29 12:12:19","OfSxEa1Yv965HDuAvsi2","{""bme688"": [{""temp"": 24.79421, ""step"": 7, ""status"": 1, ""pres"": 978.5071, ""meas_profile"": ""HP-8"", ""meas_id"": 8, ""hum"": 33.5317, ""gas_res"": 5684.846}, {""temp"": 24.7838, ""step"": 7, ""status"": 1, ""pres"": 978.6415, ""meas_profile"": ""HP-7"", ""meas_id"": 7, ""hum"": 33.4395, ""gas_res"": 6393.606}, {""temp"": 24.8679, ""step"": 7, ""status"": 1, ""pres"": 978.7607, ""meas_profile"": ""HP-6"", ""meas_id"": 6, ""hum"": 33.27641, ""gas_res"": 8579.089}, {""temp"": 24.78971, ""step"": 7, ""status"": 1, ""pres"": 978.5349, ""meas_profile"": ""HP-5"", ""meas_id"": 5, ""hum"": 33.49314, ""gas_res"": 25000.0}, {""temp"": 24.5572, ""step"": 7, ""status"": 1, ""pres"": 978.6766, ""meas_profile"": ""HP-4"", ""meas_id"": 4, ""hum"": 33.01514, ""gas_res"": 21052.63}, {""temp"": 24.70238, ""step"": 7, ""status"": 1, ""pres"": 978.2926, ""meas_profile"": ""HP-3"", ""meas_id"": 3, ""hum"": 33.43279, ""gas_res"": 6570.842}, {""temp"": 24.63848, ""step"": 7, ""status"": 1, ""pres"": 978.4257, ""meas_profile"": ""HP-2"", ""meas_id"": 2, ""hum"": 33.7111, ""gas_res"": 9060.022}, {""temp"": 24.41573, ""step"": 7, ""status"": 1, ""pres"": 978.5136, ""meas_profile"": ""HP-1"", ""meas_id"": 1, ""hum"": 33.04911, ""gas_res"": 7385.184}]}",NULL,"2025-10-29 12:13:41.764534"
15539,"04a600b9b0b8","2025-10-29 12:12:19","OfSxEa1Yv965HDuAvsi2","{""bme688"": [{""temp"": 24.79359, ""step"": 6, ""status"": 1, ""pres"": 978.5061, ""meas_profile"": ""HP-8"", ""meas_id"": 8, ""hum"": 33.55447, ""gas_res"": 15916.44}, {""temp"": 24.78318, ""step"": 6, ""status"": 1, ""pres"": 978.6406, ""meas_profile"": ""HP-7"", ""meas_id"": 7, ""hum"": 33.45638, ""gas_res"": 20585.4}, {""temp"": 24.86759, ""step"": 6, ""status"": 1, ""pres"": 978.7601, ""meas_profile"": ""HP-6"", ""meas_id"": 6, ""hum"": 33.25923, ""gas_res"": 38811.4}, {""temp"": 24.78908, ""step"": 6, ""status"": 1, ""pres"": 978.534, ""meas_profile"": ""HP-5"", ""meas_id"": 5, ""hum"": 33.49308, ""gas_res"": 124091.1}, {""temp"": 24.55689, ""step"": 6, ""status"": 1, ""pres"": 978.676, ""meas_profile"": ""HP-4"", ""meas_id"": 4, ""hum"": 33.01512, ""gas_res"": 112256.1}, {""temp"": 24.70176, ""step"": 6, ""status"": 1, ""pres"": 978.2916, ""meas_profile"": ""HP-3"", ""meas_id"": 3, ""hum"": 33.44418, ""gas_res"": 76923.08}, {""temp"": 24.63816, ""step"": 6, ""status"": 1, ""pres"": 978.4252, ""meas_profile"": ""HP-2"", ""meas_id"": 2, ""hum"": 33.70541, ""gas_res"": 102175.2}, {""temp"": 24.41542, ""step"": 6, ""status"": 1, ""pres"": 978.5131, ""meas_profile"": ""HP-1"", ""meas_id"": 1, ""hum"": 33.04324, ""gas_res"": 100000.0}]}",NULL,"2025-10-29 12:13:42.93692"
15540,"04a600b9b0b8","2025-10-29 12:12:19","OfSxEa1Yv965HDuAvsi2","{""bme688"": [{""temp"": 24.79297, ""step"": 5, ""status"": 1, ""pres"": 978.5051, ""meas_profile"": ""HP-8"", ""meas_id"": 8, ""hum"": 33.5373, ""gas_res"": 15940.22}, {""temp"": 24.78287, ""step"": 5, ""status"": 1, ""pres"": 978.64, ""meas_profile"": ""HP-7"", ""meas_id"": 7, ""hum"": 33.4507, ""gas_res"": 20565.55}, {""temp"": 24.86728, ""step"": 5, ""status"": 1, ""pres"": 978.7598, ""meas_profile"": ""HP-6"", ""meas_id"": 6, ""hum"": 33.27064, ""gas_res"": 38953.13}, {""temp"": 24.78877, ""step"": 5, ""status"": 1, ""pres"": 978.5334, ""meas_profile"": ""HP-5"", ""meas_id"": 5, ""hum"": 33.48174, ""gas_res"": 123641.6}, {""temp"": 24.55627, ""step"": 5, ""status"": 1, ""pres"": 978.6767, ""meas_profile"": ""HP-4"", ""meas_id"": 4, ""hum"": 33.00361, ""gas_res"": 112256.1}, {""temp"": 24.70176, ""step"": 5, ""status"": 1, ""pres"": 978.2916, ""meas_profile"": ""HP-3"", ""meas_id"": 3, ""hum"": 33.427, ""gas_res"": 46360.02}, {""temp"": 24.63785, ""step"": 5, ""status"": 1, ""pres"": 978.4247, ""meas_profile"": ""HP-2"", ""meas_id"": 2, ""hum"": 33.70538, ""gas_res"": 99610.9}, {""temp"": 24.41511, ""step"": 5, ""status"": 1, ""pres"": 978.5142, ""meas_profile"": ""HP-1"", ""meas_id"": 1, ""hum"": 33.05491, ""gas_res"": 100000.0}]}",NULL,"2025-10-29 12:13:44.224785"
15541,"04a600b9b0b8","2025-10-29 12:12:19","OfSxEa1Yv965HDuAvsi2","{""bme688"": [{""temp"": 24.79266, ""step"": 4, ""status"": 1, ""pres"": 978.5047, ""meas_profile"": ""HP-8"", ""meas_id"": 8, ""hum"": 33.5601, ""gas_res"": 15928.32}, {""temp"": 24.78225, ""step"": 4, ""status"": 1, ""pres"": 978.639, ""meas_profile"": ""HP-7"", ""meas_id"": 7, ""hum"": 33.45064, ""gas_res"": 20665.16}, {""temp"": 24.86666, ""step"": 4, ""status"": 1, ""pres"": 978.7589, ""meas_profile"": ""HP-6"", ""meas_id"": 6, ""hum"": 33.29346, ""gas_res"": 39312.04}, {""temp"": 24.78814, ""step"": 4, ""status"": 1, ""pres"": 978.5323, ""meas_profile"": ""HP-5"", ""meas_id"": 5, ""hum"": 33.48168, ""gas_res"": 125367.3}, {""temp"": 24.55565, ""step"": 4, ""status"": 1, ""pres"": 978.6758, ""meas_profile"": ""HP-4"", ""meas_id"": 4, ""hum"": 33.00356, ""gas_res"": 113149.2}, {""temp"": 24.70145, ""step"": 4, ""status"": 1, ""pres"": 978.291, ""meas_profile"": ""HP-3"", ""meas_id"": 3, ""hum"": 33.43842, ""gas_res"": 45714.29}, {""temp"": 24.63723, ""step"": 4, ""status"": 1, ""pres"": 978.4236, ""meas_profile"": ""HP-2"", ""meas_id"": 2, ""hum"": 33.73364, ""gas_res"": 98348.06}, {""temp"": 24.4148, ""step"": 4, ""status"": 1, ""pres"": 978.5139, ""meas_profile"": ""HP-1"", ""meas_id"": 1, ""hum"": 33.06072, ""gas_res"": 92619.39}]}",NULL,"2025-10-29 12:13:47.428813"
15542,"04a600b9b0b8","2025-10-29 12:12:19","OfSxEa1Yv965HDuAvsi2","{""bme688"": [{""temp"": 24.79174, ""step"": 3, ""status"": 0, ""pres"": 978.5032, ""meas_profile"": ""HP-8"", ""meas_id"": 8, ""hum"": 33.56001, ""gas_res"": 8503.854}, {""temp"": 24.78163, ""step"": 3, ""status"": 0, ""pres"": 978.6398, ""meas_profile"": ""HP-7"", ""meas_id"": 7, ""hum"": 33.47316, ""gas_res"": 10174.88}, {""temp"": 24.86604, ""step"": 3, ""status"": 0, ""pres"": 978.7578, ""meas_profile"": ""HP-6"", ""meas_id"": 6, ""hum"": 33.29341, ""gas_res"": 21052.63}, {""temp"": 24.78752, ""step"": 3, ""status"": 0, ""pres"": 978.533, ""meas_profile"": ""HP-5"", ""meas_id"": 5, ""hum"": 33.50424, ""gas_res"": 41370.39}, {""temp"": 24.55503, ""step"": 3, ""status"": 0, ""pres"": 978.6747, ""meas_profile"": ""HP-4"", ""meas_id"": 4, ""hum"": 33.03212, ""gas_res"": 35754.19}, {""temp"": 24.70083, ""step"": 3, ""status"": 0, ""pres"": 978.2885, ""meas_profile"": ""HP-3"", ""meas_id"": 3, ""hum"": 33.467, ""gas_res"": 24902.72}, {""temp"": 24.63692, ""step"": 3, ""status"": 0, ""pres"": 978.4233, ""meas_profile"": ""HP-2"", ""meas_id"": 2, ""hum"": 33.74494, ""gas_res"": 39024.39}, {""temp"": 24.41449, ""step"": 3, ""status"": 0, ""pres"": 978.5134, ""meas_profile"": ""HP-1"", ""meas_id"": 1, ""hum"": 33.06654, ""gas_res"": 26106.46}]}",NULL,"2025-10-29 12:13:48.129469"
15543,"04a600b9b0b8","2025-10-29 12:12:19","OfSxEa1Yv965HDuAvsi2","{""bme688"": [{""temp"": 24.79143, ""step"": 2, ""status"": 1, ""pres"": 978.5044, ""meas_profile"": ""HP-8"", ""meas_id"": 8, ""hum"": 33.55999, ""gas_res"": 26661.11}, {""temp"": 24.78101, ""step"": 2, ""status"": 1, ""pres"": 978.6386, ""meas_profile"": ""HP-7"", ""meas_id"": 7, ""hum"": 33.47874, ""gas_res"": 35724.25}, {""temp"": 24.86543, ""step"": 2, ""status"": 1, ""pres"": 978.7585, ""meas_profile"": ""HP-6"", ""meas_id"": 6, ""hum"": 33.29334, ""gas_res"": 103664.7}, {""temp"": 24.78689, ""step"": 2, ""status"": 1, ""pres"": 978.532, ""meas_profile"": ""HP-5"", ""meas_id"": 5, ""hum"": 33.49287, ""gas_res"": 237476.8}, {""temp"": 24.55441, ""step"": 2, ""status"": 1, ""pres"": 978.6755, ""meas_profile"": ""HP-4"", ""meas_id"": 4, ""hum"": 33.02634, ""gas_res"": 241851.7}, {""temp"": 24.70021, ""step"": 2, ""status"": 1, ""pres"": 978.2873, ""meas_profile"": ""HP-3"", ""meas_id"": 3, ""hum"": 33.44976, ""gas_res"": 129358.3}, {""temp"": 24.63661, ""step"": 2, ""status"": 1, ""pres"": 978.4226, ""meas_profile"": ""HP-2"", ""meas_id"": 2, ""hum"": 33.73925, ""gas_res"": 235999.1}, {""temp"": 24.41386, ""step"": 2, ""status"": 1, ""pres"": 978.5123, ""meas_profile"": ""HP-1"", ""meas_id"": 1, ""hum"": 33.07233, ""gas_res"": 166612.4}]}",NULL,"2025-10-29 12:13:48.809102"
15544,"04a600b9b0b8","2025-10-29 12:12:19","OfSxEa1Yv965HDuAvsi2","{""bme688"": [{""temp"": 24.79112, ""step"": 1, ""status"": 1, ""pres"": 978.5038, ""meas_profile"": ""HP-8"", ""meas_id"": 8, ""hum"": 33.57137, ""gas_res"": 9641.458}, {""temp"": 24.7807, ""step"": 1, ""status"": 1, ""pres"": 978.6379, ""meas_profile"": ""HP-7"", ""meas_id"": 7, ""hum"": 33.47307, ""gas_res"": 15477.63}, {""temp"": 24.86512, ""step"": 1, ""status"": 1, ""pres"": 978.7581, ""meas_profile"": ""HP-6"", ""meas_id"": 6, ""hum"": 33.31048, ""gas_res"": 25000.0}, {""temp"": 24.78658, ""step"": 1, ""status"": 1, ""pres"": 978.5316, ""meas_profile"": ""HP-5"", ""meas_id"": 5, ""hum"": 33.51547, ""gas_res"": 38882.14}, {""temp"": 24.55441, ""step"": 1, ""status"": 1, ""pres"": 978.6755, ""meas_profile"": ""HP-4"", ""meas_id"": 4, ""hum"": 33.03207, ""gas_res"": 31550.41}, {""temp"": 24.6999, ""step"": 1, ""status"": 1, ""pres"": 978.2868, ""meas_profile"": ""HP-3"", ""meas_id"": 3, ""hum"": 33.43828, ""gas_res"": 25000.0}, {""temp"": 24.6363, ""step"": 1, ""status"": 1, ""pres"": 978.4205, ""meas_profile"": ""HP-2"", ""meas_id"": 2, ""hum"": 33.73922, ""gas_res"": 31113.27}, {""temp"": 24.41386, ""step"": 1, ""status"": 1, ""pres"": 978.5123, ""meas_profile"": ""HP-1"", ""meas_id"": 1, ""hum"": 33.08987, ""gas_res"": 25000.0}]}",NULL,"2025-10-29 12:13:49.482195"
15545,"04a600b9b0b8","2025-10-29 12:12:19","OfSxEa1Yv965HDuAvsi2","{""bme688"": [{""temp"": 24.79081, ""step"": 0, ""status"": 1, ""pres"": 978.5034, ""meas_profile"": ""HP-8"", ""meas_id"": 8, ""hum"": 33.55993, ""gas_res"": 6049.149}, {""temp"": 24.78008, ""step"": 0, ""status"": 1, ""pres"": 978.637, ""meas_profile"": ""HP-7"", ""meas_id"": 7, ""hum"": 33.46737, ""gas_res"": 7200.72}, {""temp"": 24.86481, ""step"": 0, ""status"": 1, ""pres"": 978.7576, ""meas_profile"": ""HP-6"", ""meas_id"": 6, ""hum"": 33.29329, ""gas_res"": 9436.744}, {""temp"": 24.78658, ""step"": 0, ""status"": 1, ""pres"": 978.5316, ""meas_profile"": ""HP-5"", ""meas_id"": 5, ""hum"": 33.52113, ""gas_res"": 25000.0}, {""temp"": 24.5541, ""step"": 0, ""status"": 1, ""pres"": 978.6749, ""meas_profile"": ""HP-4"", ""meas_id"": 4, ""hum"": 33.02059, ""gas_res"": 21519.84}, {""temp"": 24.69959, ""step"": 0, ""status"": 1, ""pres"": 978.2862, ""meas_profile"": ""HP-3"", ""meas_id"": 3, ""hum"": 33.46115, ""gas_res"": 6363.094}, {""temp"": 24.6363, ""step"": 0, ""status"": 1, ""pres"": 978.4205, ""meas_profile"": ""HP-2"", ""meas_id"": 2, ""hum"": 33.73355, ""gas_res"": 8747.949}, {""temp"": 24.41355, ""step"": 0, ""status"": 1, ""pres"": 978.512, ""meas_profile"": ""HP-1"", ""meas_id"": 1, ""hum"": 33.08984, ""gas_res"": 7259.528}]}",NULL,"2025-10-29 12:13:50.151367"
15546,"04a600b9b0b8","2025-10-29 12:14:14","OfSxEa1Yv965HDuAvsi2","{""zphs01b"": {""voc"": 0, ""temp"": 22.8, ""pm2_5"": 0, ""pm1_0"": 0, ""pm10"": 310, ""o3"": 0.02, ""no2"": 10.0, ""hum"": 0, ""fmhd"": 0, ""co2"": 5000, ""co"": 0.0}, ""smell_b"": {}, ""sfa30"": {""temp"": 24.79, ""hum"": 36.1, ""fmhd"": 6.8}, ""sen5x"": {""voc"": 104.0, ""temp"": 24.69, ""pm4_0"": 4541.6, ""pm2_5"": 4541.6, ""pm1_0"": 4330.7, ""pm10"": 4541.6, ""nox"": 1.0, ""mass_c"": 4488.875, ""hum"": 41.6}, ""scd41"": {""temp"": 24.53536, ""hum"": 43.51415, ""co2"": 726}, ""power_source"": 0, ""mics6814"": {""red_res"": 0, ""no2_res"": 0, ""no2"": 0.17, ""nh3_res"": 0, ""nh3"": 0.73, ""co_res"": 0, ""co"": 44.0}}",NULL,"2025-10-29 12:14:52.782958"
15547,"04a600b9b0b8","2025-10-29 12:14:14","OfSxEa1Yv965HDuAvsi2","{""bme688"": [{""temp"": 24.81521, ""step"": 9, ""status"": 1, ""pres"": 978.5278, ""meas_profile"": ""HP-8"", ""meas_id"": 8, ""hum"": 33.48229, ""gas_res"": 5684.846}, {""temp"": 24.80306, ""step"": 9, ""status"": 1, ""pres"": 978.6619, ""meas_profile"": ""HP-7"", ""meas_id"": 7, ""hum"": 33.3905, ""gas_res"": 6558.721}, {""temp"": 24.88333, ""step"": 9, ""status"": 1, ""pres"": 978.7682, ""meas_profile"": ""HP-6"", ""meas_id"": 6, ""hum"": 33.20921, ""gas_res"": 8916.133}, {""temp"": 24.80441, ""step"": 9, ""status"": 1, ""pres"": 978.544, ""meas_profile"": ""HP-5"", ""meas_id"": 5, ""hum"": 33.41534, ""gas_res"": 25000.0}, {""temp"": 24.57398, ""step"": 9, ""status"": 1, ""pres"": 978.6826, ""meas_profile"": ""HP-4"", ""meas_id"": 4, ""hum"": 32.9194, ""gas_res"": 25000.0}, {""temp"": 24.71877, ""step"": 9, ""status"": 1, ""pres"": 978.3245, ""meas_profile"": ""HP-3"", ""meas_id"": 3, ""hum"": 33.33701, ""gas_res"": 7568.59}, {""temp"": 24.65431, ""step"": 9, ""status"": 1, ""pres"": 978.4485, ""meas_profile"": ""HP-2"", ""meas_id"": 2, ""hum"": 33.60502, ""gas_res"": 10078.74}, {""temp"": 24.43129, ""step"": 9, ""status"": 1, ""pres"": 978.5193, ""meas_profile"": ""HP-1"", ""meas_id"": 1, ""hum"": 33.00962, ""gas_res"": 7590.133}]}",NULL,"2025-10-29 12:14:53.983224"
15548,"04a600b9b0b8","2025-10-29 12:14:14","OfSxEa1Yv965HDuAvsi2","{""bme688"": [{""temp"": 24.81428, ""step"": 8, ""status"": 1, ""pres"": 978.5264, ""meas_profile"": ""HP-8"", ""meas_id"": 8, ""hum"": 33.49932, ""gas_res"": 5684.846}, {""temp"": 24.80244, ""step"": 8, ""status"": 1, ""pres"": 978.6609, ""meas_profile"": ""HP-7"", ""meas_id"": 7, ""hum"": 33.39609, ""gas_res"": 6570.842}, {""temp"": 24.88302, ""step"": 8, ""status"": 1, ""pres"": 978.7695, ""meas_profile"": ""HP-6"", ""meas_id"": 6, ""hum"": 33.20346, ""gas_res"": 9208.633}, {""temp"": 24.80409, ""step"": 8, ""status"": 1, ""pres"": 978.5451, ""meas_profile"": ""HP-5"", ""meas_id"": 5, ""hum"": 33.42096, ""gas_res"": 25000.0}, {""temp"": 24.57367, ""step"": 8, ""status"": 1, ""pres"": 978.682, ""meas_profile"": ""HP-4"", ""meas_id"": 4, ""hum"": 32.92509, ""gas_res"": 25000.0}, {""temp"": 24.71815, ""step"": 8, ""status"": 1, ""pres"": 978.3235, ""meas_profile"": ""HP-3"", ""meas_id"": 3, ""hum"": 33.35411, ""gas_res"": 7234.908}, {""temp"": 24.654, ""step"": 8, ""status"": 1, ""pres"": 978.4498, ""meas_profile"": ""HP-2"", ""meas_id"": 2, ""hum"": 33.62197, ""gas_res"": 10433.65}, {""temp"": 24.43067, ""step"": 8, ""status"": 1, ""pres"": 978.5183, ""meas_profile"": ""HP-1"", ""meas_id"": 1, ""hum"": 33.00372, ""gas_res"": 7881.773}]}",NULL,"2025-10-29 12:14:55.258316"
15549,"04a600b9b0b8","2025-10-29 12:14:14","OfSxEa1Yv965HDuAvsi2","{""bme688"": [{""temp"": 24.81367, ""step"": 7, ""status"": 1, ""pres"": 978.5255, ""meas_profile"": ""HP-8"", ""meas_id"": 8, ""hum"": 33.48785, ""gas_res"": 5684.846}, {""temp"": 24.80182, ""step"": 7, ""status"": 1, ""pres"": 978.6597, ""meas_profile"": ""HP-7"", ""meas_id"": 7, ""hum"": 33.38475, ""gas_res"": 6522.625}, {""temp"": 24.8824, ""step"": 7, ""status"": 1, ""pres"": 978.7685, ""meas_profile"": ""HP-6"", ""meas_id"": 6, ""hum"": 33.20341, ""gas_res"": 9345.794}, {""temp"": 24.80346, ""step"": 7, ""status"": 1, ""pres"": 978.5441, ""meas_profile"": ""HP-5"", ""meas_id"": 5, ""hum"": 33.41525, ""gas_res"": 25000.0}, {""temp"": 24.57336, ""step"": 7, ""status"": 1, ""pres"": 978.6833, ""meas_profile"": ""HP-4"", ""meas_id"": 4, ""hum"": 32.93079, ""gas_res"": 25000.0}, {""temp"": 24.71784, ""step"": 7, ""status"": 1, ""pres"": 978.323, ""meas_profile"": ""HP-3"", ""meas_id"": 3, ""hum"": 33.37125, ""gas_res"": 7147.644}, {""temp"": 24.65338, ""step"": 7, ""status"": 1, ""pres"": 978.4487, ""meas_profile"": ""HP-2"", ""meas_id"": 2, ""hum"": 33.62191, ""gas_res"": 10243.28}, {""temp"": 24.43005, ""step"": 7, ""status"": 1, ""pres"": 978.5192, ""meas_profile"": ""HP-1"", ""meas_id"": 1, ""hum"": 33.0212, ""gas_res"": 8036.163}]}",NULL,"2025-10-29 12:14:56.537201"
15550,"04a600b9b0b8","2025-10-29 12:14:14","OfSxEa1Yv965HDuAvsi2","{""bme688"": [{""temp"": 24.81274, ""step"": 6, ""status"": 1, ""pres"": 978.524, ""meas_profile"": ""HP-8"", ""meas_id"": 8, ""hum"": 33.48206, ""gas_res"": 15511.39}, {""temp"": 24.8012, ""step"": 6, ""status"": 1, ""pres"": 978.6588, ""meas_profile"": ""HP-7"", ""meas_id"": 7, ""hum"": 33.39598, ""gas_res"": 20665.16}, {""temp"": 24.8821, ""step"": 6, ""status"": 1, ""pres"": 978.7681, ""meas_profile"": ""HP-6"", ""meas_id"": 6, ""hum"": 33.21481, ""gas_res"": 42524.92}, {""temp"": 24.80284, ""step"": 6, ""status"": 1, ""pres"": 978.5432, ""meas_profile"": ""HP-5"", ""meas_id"": 5, ""hum"": 33.41519, ""gas_res"": 140427.9}, {""temp"": 24.57243, ""step"": 6, ""status"": 1, ""pres"": 978.6816, ""meas_profile"": ""HP-4"", ""meas_id"": 4, ""hum"": 32.93642, ""gas_res"": 127521.8}, {""temp"": 24.71691, ""step"": 6, ""status"": 1, ""pres"": 978.3196, ""meas_profile"": ""HP-3"", ""meas_id"": 3, ""hum"": 33.35973, ""gas_res"": 86166.27}, {""temp"": 24.65276, ""step"": 6, ""status"": 1, ""pres"": 978.4476, ""meas_profile"": ""HP-2"", ""meas_id"": 2, ""hum"": 33.62751, ""gas_res"": 119990.6}, {""temp"": 24.42974, ""step"": 6, ""status"": 1, ""pres"": 978.5187, ""meas_profile"": ""HP-1"", ""meas_id"": 1, ""hum"": 33.01533, ""gas_res"": 100000.0}]}",NULL,"2025-10-29 12:14:58.008571"
15551,"04a600b9b0b8","2025-10-29 12:14:14","OfSxEa1Yv965HDuAvsi2","{""bme688"": [{""temp"": 24.81212, ""step"": 5, ""status"": 1, ""pres"": 978.5248, ""meas_profile"": ""HP-8"", ""meas_id"": 8, ""hum"": 33.4763, ""gas_res"": 15477.63}, {""temp"": 24.80057, ""step"": 5, ""status"": 1, ""pres"": 978.6594, ""meas_profile"": ""HP-7"", ""meas_id"": 7, ""hum"": 33.38464, ""gas_res"": 20745.54}, {""temp"": 24.88148, ""step"": 5, ""status"": 1, ""pres"": 978.7671, ""meas_profile"": ""HP-6"", ""meas_id"": 6, ""hum"": 33.20903, ""gas_res"": 42609.86}, {""temp"": 24.80221, ""step"": 5, ""status"": 1, ""pres"": 978.5419, ""meas_profile"": ""HP-5"", ""meas_id"": 5, ""hum"": 33.42079, ""gas_res"": 140427.9}, {""temp"": 24.57149, ""step"": 5, ""status"": 1, ""pres"": 978.6818, ""meas_profile"": ""HP-4"", ""meas_id"": 4, ""hum"": 32.92489, ""gas_res"": 128869.9}, {""temp"": 24.71629, ""step"": 5, ""status"": 1, ""pres"": 978.3187, ""meas_profile"": ""HP-3"", ""meas_id"": 3, ""hum"": 33.34249, ""gas_res"": 85304.9}, {""temp"": 24.65183, ""step"": 5, ""status"": 1, ""pres"": 978.4461, ""meas_profile"": ""HP-2"", ""meas_id"": 2, ""hum"": 33.61045, ""gas_res"": 120075.0}, {""temp"": 24.42911, ""step"": 5, ""status"": 1, ""pres"": 978.5178, ""meas_profile"": ""HP-1"", ""meas_id"": 1, ""hum"": 33.00943, ""gas_res"": 100000.0}]}",NULL,"2025-10-29 12:14:59.13677"
15552,"04a600b9b0b8","2025-10-29 12:14:14","OfSxEa1Yv965HDuAvsi2","{""bme688"": [{""temp"": 24.8115, ""step"": 4, ""status"": 1, ""pres"": 978.5237, ""meas_profile"": ""HP-8"", ""meas_id"": 8, ""hum"": 33.47624, ""gas_res"": 15333.01}, {""temp"": 24.79964, ""step"": 4, ""status"": 1, ""pres"": 978.658, ""meas_profile"": ""HP-7"", ""meas_id"": 7, ""hum"": 33.39019, ""gas_res"": 20565.55}, {""temp"": 24.88117, ""step"": 4, ""status"": 1, ""pres"": 978.7682, ""meas_profile"": ""HP-6"", ""meas_id"": 6, ""hum"": 33.21473, ""gas_res"": 43170.32}, {""temp"": 24.80159, ""step"": 4, ""status"": 1, ""pres"": 978.5427, ""meas_profile"": ""HP-5"", ""meas_id"": 5, ""hum"": 33.42638, ""gas_res"": 143136.7}, {""temp"": 24.57087, ""step"": 4, ""status"": 1, ""pres"": 978.6808, ""meas_profile"": ""HP-4"", ""meas_id"": 4, ""hum"": 32.92484, ""gas_res"": 131046.8}, {""temp"": 24.71567, ""step"": 4, ""status"": 1, ""pres"": 978.3176, ""meas_profile"": ""HP-3"", ""meas_id"": 3, ""hum"": 33.3596, ""gas_res"": 84796.29}, {""temp"": 24.6509, ""step"": 4, ""status"": 1, ""pres"": 978.4464, ""meas_profile"": ""HP-2"", ""meas_id"": 2, ""hum"": 33.62734, ""gas_res"": 118986.8}, {""temp"": 24.42849, ""step"": 4, ""status"": 1, ""pres"": 978.5187, ""meas_profile"": ""HP-1"", ""meas_id"": 1, ""hum"": 33.01521, ""gas_res"": 100000.0}]}",NULL,"2025-10-29 12:15:00.377329"
15553,"04a600b9b0b8","2025-10-29 12:14:14","OfSxEa1Yv965HDuAvsi2","{""bme688"": [{""temp"": 24.81089, ""step"": 3, ""status"": 0, ""pres"": 978.5228, ""meas_profile"": ""HP-8"", ""meas_id"": 8, ""hum"": 33.48189, ""gas_res"": 8024.072}, {""temp"": 24.79902, ""step"": 3, ""status"": 0, ""pres"": 978.657, ""meas_profile"": ""HP-7"", ""meas_id"": 7, ""hum"": 33.40705, ""gas_res"": 9984.399}, {""temp"": 24.88025, ""step"": 3, ""status"": 0, ""pres"": 978.7668, ""meas_profile"": ""HP-6"", ""meas_id"": 6, ""hum"": 33.20892, ""gas_res"": 22543.15}, {""temp"": 24.80096, ""step"": 3, ""status"": 0, ""pres"": 978.5417, ""meas_profile"": ""HP-5"", ""meas_id"": 5, ""hum"": 33.44328, ""gas_res"": 45567.82}, {""temp"": 24.56994, ""step"": 3, ""status"": 0, ""pres"": 978.6792, ""meas_profile"": ""HP-4"", ""meas_id"": 4, ""hum"": 32.95335, ""gas_res"": 40353.09}, {""temp"": 24.71474, ""step"": 3, ""status"": 0, ""pres"": 978.3162, ""meas_profile"": ""HP-3"", ""meas_id"": 3, ""hum"": 33.37669, ""gas_res"": 28249.83}, {""temp"": 24.65027, ""step"": 3, ""status"": 0, ""pres"": 978.4437, ""meas_profile"": ""HP-2"", ""meas_id"": 2, ""hum"": 33.64992, ""gas_res"": 45373.98}, {""temp"": 24.42756, ""step"": 3, ""status"": 0, ""pres"": 978.5173, ""meas_profile"": ""HP-1"", ""meas_id"": 1, ""hum"": 33.02097, ""gas_res"": 30468.94}]}",NULL,"2025-10-29 12:15:01.662409"
15554,"04a600b9b0b8","2025-10-29 12:14:14","OfSxEa1Yv965HDuAvsi2","{""bme688"": [{""temp"": 24.81027, ""step"": 2, ""status"": 1, ""pres"": 978.5236, ""meas_profile"": ""HP-8"", ""meas_id"": 8, ""hum"": 33.49324, ""gas_res"": 17832.27}, {""temp"": 24.7984, ""step"": 2, ""status"": 1, ""pres"": 978.6559, ""meas_profile"": ""HP-7"", ""meas_id"": 7, ""hum"": 33.41264, ""gas_res"": 23925.23}, {""temp"": 24.87932, ""step"": 2, ""status"": 1, ""pres"": 978.7653, ""meas_profile"": ""HP-6"", ""meas_id"": 6, ""hum"": 33.21455, ""gas_res"": 65523.42}, {""temp"": 24.80034, ""step"": 2, ""status"": 1, ""pres"": 978.5424, ""meas_profile"": ""HP-5"", ""meas_id"": 5, ""hum"": 33.43757, ""gas_res"": 139509.5}, {""temp"": 24.56932, ""step"": 2, ""status"": 1, ""pres"": 978.6799, ""meas_profile"": ""HP-4"", ""meas_id"": 4, ""hum"": 32.96474, ""gas_res"": 156097.6}, {""temp"": 24.71413, ""step"": 2, ""status"": 1, ""pres"": 978.3151, ""meas_profile"": ""HP-3"", ""meas_id"": 3, ""hum"": 33.37663, ""gas_res"": 85134.69}, {""temp"": 24.64934, ""step"": 2, ""status"": 1, ""pres"": 978.4422, ""meas_profile"": ""HP-2"", ""meas_id"": 2, ""hum"": 33.64417, ""gas_res"": 159154.5}, {""temp"": 24.42694, ""step"": 2, ""status"": 1, ""pres"": 978.5182, ""meas_profile"": ""HP-1"", ""meas_id"": 1, ""hum"": 33.02092, ""gas_res"": 115680.1}]}",NULL,"2025-10-29 12:15:03.131436"
15555,"04a600b9b0b8","2025-10-29 12:14:14","OfSxEa1Yv965HDuAvsi2","{""bme688"": [{""temp"": 24.80996, ""step"": 1, ""status"": 1, ""pres"": 978.5231, ""meas_profile"": ""HP-8"", ""meas_id"": 8, ""hum"": 33.51604, ""gas_res"": 9264.621}, {""temp"": 24.79809, ""step"": 1, ""status"": 1, ""pres"": 978.6553, ""meas_profile"": ""HP-7"", ""meas_id"": 7, ""hum"": 33.41825, ""gas_res"": 11627.91}, {""temp"": 24.87901, ""step"": 1, ""status"": 1, ""pres"": 978.7665, ""meas_profile"": ""HP-6"", ""meas_id"": 6, ""hum"": 33.22596, ""gas_res"": 25000.0}, {""temp"": 24.79971, ""step"": 1, ""status"": 1, ""pres"": 978.5414, ""meas_profile"": ""HP-5"", ""meas_id"": 5, ""hum"": 33.44882, ""gas_res"": 44849.34}, {""temp"": 24.5687, ""step"": 1, ""status"": 1, ""pres"": 978.6789, ""meas_profile"": ""HP-4"", ""meas_id"": 4, ""hum"": 32.95897, ""gas_res"": 36962.17}, {""temp"": 24.71351, ""step"": 1, ""status"": 1, ""pres"": 978.3141, ""meas_profile"": ""HP-3"", ""meas_id"": 3, ""hum"": 33.3823, ""gas_res"": 24210.33}, {""temp"": 24.64872, ""step"": 1, ""status"": 1, ""pres"": 978.4409, ""meas_profile"": ""HP-2"", ""meas_id"": 2, ""hum"": 33.63846, ""gas_res"": 38016.04}, {""temp"": 24.42631, ""step"": 1, ""status"": 1, ""pres"": 978.5171, ""meas_profile"": ""HP-1"", ""meas_id"": 1, ""hum"": 33.04424, ""gas_res"": 26896.41}]}",NULL,"2025-10-29 12:15:04.217156"
15556,"04a600b9b0b8","2025-10-29 12:14:14","OfSxEa1Yv965HDuAvsi2","{""bme688"": [{""temp"": 24.80934, ""step"": 0, ""status"": 1, ""pres"": 978.5222, ""meas_profile"": ""HP-8"", ""meas_id"": 8, ""hum"": 33.50457, ""gas_res"": 5684.846}, {""temp"": 24.79747, ""step"": 0, ""status"": 1, ""pres"": 978.6559, ""meas_profile"": ""HP-7"", ""meas_id"": 7, ""hum"": 33.40691, ""gas_res"": 6970.159}, {""temp"": 24.87839, ""step"": 0, ""status"": 1, ""pres"": 978.7656, ""meas_profile"": ""HP-6"", ""meas_id"": 6, ""hum"": 33.23162, ""gas_res"": 9658.919}, {""temp"": 24.7994, ""step"": 0, ""status"": 1, ""pres"": 978.5407, ""meas_profile"": ""HP-5"", ""meas_id"": 5, ""hum"": 33.44314, ""gas_res"": 25000.0}, {""temp"": 24.56839, ""step"": 0, ""status"": 1, ""pres"": 978.6799, ""meas_profile"": ""HP-4"", ""meas_id"": 4, ""hum"": 32.97039, ""gas_res"": 25000.0}, {""temp"": 24.7132, ""step"": 0, ""status"": 1, ""pres"": 978.3137, ""meas_profile"": ""HP-3"", ""meas_id"": 3, ""hum"": 33.37082, ""gas_res"": 7142.857}, {""temp"": 24.64841, ""step"": 0, ""status"": 1, ""pres"": 978.4422, ""meas_profile"": ""HP-2"", ""meas_id"": 2, ""hum"": 33.63277, ""gas_res"": 10165.18}, {""temp"": 24.42569, ""step"": 0, ""status"": 1, ""pres"": 978.5162, ""meas_profile"": ""HP-1"", ""meas_id"": 1, ""hum"": 33.02665, ""gas_res"": 7812.5}]}",NULL,"2025-10-29 12:15:05.502757"
15557,"04a600b9b0b8","2025-10-29 12:13:48","OfSxEa1Yv965HDuAvsi2","{""zphs01b"": {""voc"": 0, ""temp"": 22.8, ""pm2_5"": 0, ""pm1_0"": 0, ""pm10"": 294, ""o3"": 0.07, ""no2"": 10.0, ""hum"": 0, ""fmhd"": 0, ""co2"": 5000, ""co"": 0.0}, ""smell_b"": {}, ""sfa30"": {""temp"": 24.775, ""hum"": 36.12, ""fmhd"": 6.2}, ""sen5x"": {""voc"": 119.0, ""temp"": 24.71, ""pm4_0"": 4555.3, ""pm2_5"": 4555.3, ""pm1_0"": 4343.7, ""pm10"": 4555.3, ""nox"": 1.0, ""mass_c"": 4502.4, ""hum"": 41.55}, ""scd41"": {""temp"": 24.45525, ""hum"": 43.53246, ""co2"": 731}, ""power_source"": 0, ""mics6814"": {""red_res"": 0, ""no2_res"": 0, ""no2"": 0.17, ""nh3_res"": 0, ""nh3"": 0.73, ""co_res"": 0, ""co"": 44.0}}",NULL,"2025-10-29 12:15:06.671911"
15558,"04a600b9b0b8","2025-10-29 12:13:48","OfSxEa1Yv965HDuAvsi2","{""bme688"": [{""temp"": 24.80842, ""step"": 9, ""status"": 1, ""pres"": 978.5207, ""meas_profile"": ""HP-8"", ""meas_id"": 8, ""hum"": 33.47596, ""gas_res"": 5684.846}, {""temp"": 24.79685, ""step"": 9, ""status"": 1, ""pres"": 978.6549, ""meas_profile"": ""HP-7"", ""meas_id"": 7, ""hum"": 33.39557, ""gas_res"": 6416.684}, {""temp"": 24.87808, ""step"": 9, ""status"": 1, ""pres"": 978.765, ""meas_profile"": ""HP-6"", ""meas_id"": 6, ""hum"": 33.22588, ""gas_res"": 8344.198}, {""temp"": 24.79909, ""step"": 9, ""status"": 1, ""pres"": 978.5402, ""meas_profile"": ""HP-5"", ""meas_id"": 5, ""hum"": 33.4318, ""gas_res"": 25000.0}, {""temp"": 24.56808, ""step"": 9, ""status"": 1, ""pres"": 978.6795, ""meas_profile"": ""HP-4"", ""meas_id"": 4, ""hum"": 32.94746, ""gas_res"": 22662.89}, {""temp"": 24.71258, ""step"": 9, ""status"": 1, ""pres"": 978.3126, ""meas_profile"": ""HP-3"", ""meas_id"": 3, ""hum"": 33.37077, ""gas_res"": 7147.644}, {""temp"": 24.6481, ""step"": 9, ""status"": 1, ""pres"": 978.4416, ""meas_profile"": ""HP-2"", ""meas_id"": 2, ""hum"": 33.63274, ""gas_res"": 9512.485}, {""temp"": 24.42538, ""step"": 9, ""status"": 1, ""pres"": 978.5158, ""meas_profile"": ""HP-1"", ""meas_id"": 1, ""hum"": 33.02662, ""gas_res"": 7109.531}]}",NULL,"2025-10-29 12:15:08.246612"
15559,"04a600b9b0b8","2025-10-29 12:13:48","OfSxEa1Yv965HDuAvsi2","{""bme688"": [{""temp"": 24.80749, ""step"": 8, ""status"": 1, ""pres"": 978.5192, ""meas_profile"": ""HP-8"", ""meas_id"": 8, ""hum"": 33.48158, ""gas_res"": 5684.846}, {""temp"": 24.79622, ""step"": 8, ""status"": 1, ""pres"": 978.6538, ""meas_profile"": ""HP-7"", ""meas_id"": 7, ""hum"": 33.39551, ""gas_res"": 6355.511}, {""temp"": 24.87747, ""step"": 8, ""status"": 1, ""pres"": 978.7658, ""meas_profile"": ""HP-6"", ""meas_id"": 6, ""hum"": 33.21439, ""gas_res"": 8524.241}, {""temp"": 24.79877, ""step"": 8, ""status"": 1, ""pres"": 978.5397, ""meas_profile"": ""HP-5"", ""meas_id"": 5, ""hum"": 33.42047, ""gas_res"": 25000.0}, {""temp"": 24.56746, ""step"": 8, ""status"": 1, ""pres"": 978.6785, ""meas_profile"": ""HP-4"", ""meas_id"": 4, ""hum"": 32.96458, ""gas_res"": 22401.12}, {""temp"": 24.71196, ""step"": 8, ""status"": 1, ""pres"": 978.3115, ""meas_profile"": ""HP-3"", ""meas_id"": 3, ""hum"": 33.36499, ""gas_res"": 6566.797}, {""temp"": 24.64748, ""step"": 8, ""status"": 1, ""pres"": 978.4406, ""meas_profile"": ""HP-2"", ""meas_id"": 2, ""hum"": 33.63268, ""gas_res"": 9200.69}, {""temp"": 24.42476, ""step"": 8, ""status"": 1, ""pres"": 978.5165, ""meas_profile"": ""HP-1"", ""meas_id"": 1, ""hum"": 33.0324, ""gas_res"": 7274.38}]}",NULL,"2025-10-29 12:15:09.351611"
15560,"04a600b9b0b8","2025-10-29 12:13:48","OfSxEa1Yv965HDuAvsi2","{""bme688"": [{""temp"": 24.80656, ""step"": 7, ""status"": 1, ""pres"": 978.5195, ""meas_profile"": ""HP-8"", ""meas_id"": 8, ""hum"": 33.4872, ""gas_res"": 5684.846}, {""temp"": 24.7956, ""step"": 7, ""status"": 1, ""pres"": 978.6527, ""meas_profile"": ""HP-7"", ""meas_id"": 7, ""hum"": 33.41238, ""gas_res"": 6475.111}, {""temp"": 24.87685, ""step"": 7, ""status"": 1, ""pres"": 978.7648, ""meas_profile"": ""HP-6"", ""meas_id"": 6, ""hum"": 33.20861, ""gas_res"": 8864.266}, {""temp"": 24.79815, ""step"": 7, ""status"": 1, ""pres"": 978.5404, ""meas_profile"": ""HP-5"", ""meas_id"": 5, ""hum"": 33.43172, ""gas_res"": 25000.0}, {""temp"": 24.56714, ""step"": 7, ""status"": 1, ""pres"": 978.6796, ""meas_profile"": ""HP-4"", ""meas_id"": 4, ""hum"": 32.96455, ""gas_res"": 21628.93}, {""temp"": 24.71134, ""step"": 7, ""status"": 1, ""pres"": 978.3105, ""meas_profile"": ""HP-3"", ""meas_id"": 3, ""hum"": 33.36493, ""gas_res"": 6673.618}, {""temp"": 24.64717, ""step"": 7, ""status"": 1, ""pres"": 978.4402, ""meas_profile"": ""HP-2"", ""meas_id"": 2, ""hum"": 33.64397, ""gas_res"": 9256.581}, {""temp"": 24.42445, ""step"": 7, ""status"": 1, ""pres"": 978.5161, ""meas_profile"": ""HP-1"", ""meas_id"": 1, ""hum"": 33.04992, ""gas_res"": 7509.974}]}",NULL,"2025-10-29 12:15:10.617923"
15561,"04a600b9b0b8","2025-10-29 12:13:48","OfSxEa1Yv965HDuAvsi2","{""bme688"": [{""temp"": 24.80594, ""step"": 6, ""status"": 1, ""pres"": 978.5187, ""meas_profile"": ""HP-8"", ""meas_id"": 8, ""hum"": 33.50996, ""gas_res"": 15763.55}, {""temp"": 24.79498, ""step"": 6, ""status"": 1, ""pres"": 978.6536, ""meas_profile"": ""HP-7"", ""meas_id"": 7, ""hum"": 33.3954, ""gas_res"": 20311.01}, {""temp"": 24.87654, ""step"": 6, ""status"": 1, ""pres"": 978.7643, ""meas_profile"": ""HP-6"", ""meas_id"": 6, ""hum"": 33.22573, ""gas_res"": 38531.0}, {""temp"": 24.79752, ""step"": 6, ""status"": 1, ""pres"": 978.5394, ""meas_profile"": ""HP-5"", ""meas_id"": 5, ""hum"": 33.43732, ""gas_res"": 121011.6}, {""temp"": 24.56652, ""step"": 6, ""status"": 1, ""pres"": 978.6786, ""meas_profile"": ""HP-4"", ""meas_id"": 4, ""hum"": 32.96449, ""gas_res"": 110511.5}, {""temp"": 24.71103, ""step"": 6, ""status"": 1, ""pres"": 978.3102, ""meas_profile"": ""HP-3"", ""meas_id"": 3, ""hum"": 33.38779, ""gas_res"": 46817.85}, {""temp"": 24.64655, ""step"": 6, ""status"": 1, ""pres"": 978.4391, ""meas_profile"": ""HP-2"", ""meas_id"": 2, ""hum"": 33.64957, ""gas_res"": 100787.4}, {""temp"": 24.42382, ""step"": 6, ""status"": 1, ""pres"": 978.5151, ""meas_profile"": ""HP-1"", ""meas_id"": 1, ""hum"": 33.04401, ""gas_res"": 100000.0}]}",NULL,"2025-10-29 12:15:11.89945"
15562,"04a600b9b0b8","2025-10-29 12:13:48","OfSxEa1Yv965HDuAvsi2","{""bme688"": [{""temp"": 24.80533, ""step"": 5, ""status"": 1, ""pres"": 978.5175, ""meas_profile"": ""HP-8"", ""meas_id"": 8, ""hum"": 33.50991, ""gas_res"": 15763.55}, {""temp"": 24.79405, ""step"": 5, ""status"": 1, ""pres"": 978.6519, ""meas_profile"": ""HP-7"", ""meas_id"": 7, ""hum"": 33.40096, ""gas_res"": 20291.69}, {""temp"": 24.87592, ""step"": 5, ""status"": 1, ""pres"": 978.765, ""meas_profile"": ""HP-6"", ""meas_id"": 6, ""hum"": 33.2314, ""gas_res"": 38670.7}, {""temp"": 24.7969, ""step"": 5, ""status"": 1, ""pres"": 978.5383, ""meas_profile"": ""HP-5"", ""meas_id"": 5, ""hum"": 33.43725, ""gas_res"": 121788.8}, {""temp"": 24.56559, ""step"": 5, ""status"": 1, ""pres"": 978.6788, ""meas_profile"": ""HP-4"", ""meas_id"": 4, ""hum"": 32.96441, ""gas_res"": 110154.9}, {""temp"": 24.71041, ""step"": 5, ""status"": 1, ""pres"": 978.3091, ""meas_profile"": ""HP-3"", ""meas_id"": 3, ""hum"": 33.39346, ""gas_res"": 46010.07}, {""temp"": 24.64593, ""step"": 5, ""status"": 1, ""pres"": 978.438, ""meas_profile"": ""HP-2"", ""meas_id"": 2, ""hum"": 33.64952, ""gas_res"": 98803.55}, {""temp"": 24.4232, ""step"": 5, ""status"": 1, ""pres"": 978.5142, ""meas_profile"": ""HP-1"", ""meas_id"": 1, ""hum"": 33.03226, ""gas_res"": 93635.7}]}",NULL,"2025-10-29 12:15:13.366348"
15563,"04a600b9b0b8","2025-10-29 12:13:48","OfSxEa1Yv965HDuAvsi2","{""bme688"": [{""temp"": 24.80471, ""step"": 4, ""status"": 1, ""pres"": 978.5165, ""meas_profile"": ""HP-8"", ""meas_id"": 8, ""hum"": 33.50414, ""gas_res"": 15833.75}, {""temp"": 24.79343, ""step"": 4, ""status"": 1, ""pres"": 978.6508, ""meas_profile"": ""HP-7"", ""meas_id"": 7, ""hum"": 33.41782, ""gas_res"": 20466.9}, {""temp"": 24.87561, ""step"": 4, ""status"": 1, ""pres"": 978.7645, ""meas_profile"": ""HP-6"", ""meas_id"": 6, ""hum"": 33.25424, ""gas_res"": 39275.85}, {""temp"": 24.79627, ""step"": 4, ""status"": 1, ""pres"": 978.5374, ""meas_profile"": ""HP-5"", ""meas_id"": 5, ""hum"": 33.43719, ""gas_res"": 124453.1}, {""temp"": 24.56497, ""step"": 4, ""status"": 1, ""pres"": 978.6777, ""meas_profile"": ""HP-4"", ""meas_id"": 4, ""hum"": 32.97007, ""gas_res"": 111961.5}, {""temp"": 24.7098, ""step"": 4, ""status"": 1, ""pres"": 978.3082, ""meas_profile"": ""HP-3"", ""meas_id"": 3, ""hum"": 33.38768, ""gas_res"": 45229.68}, {""temp"": 24.64531, ""step"": 4, ""status"": 1, ""pres"": 978.437, ""meas_profile"": ""HP-2"", ""meas_id"": 2, ""hum"": 33.66078, ""gas_res"": 97840.63}, {""temp"": 24.42289, ""step"": 4, ""status"": 1, ""pres"": 978.5154, ""meas_profile"": ""HP-1"", ""meas_id"": 1, ""hum"": 33.04392, ""gas_res"": 92318.79}]}",NULL,"2025-10-29 12:15:14.45956"
15564,"04a600b9b0b8","2025-10-29 12:13:48","OfSxEa1Yv965HDuAvsi2","{""bme688"": [{""temp"": 24.80378, ""step"": 3, ""status"": 0, ""pres"": 978.515, ""meas_profile"": ""HP-8"", ""meas_id"": 8, ""hum"": 33.52688, ""gas_res"": 8159.103}, {""temp"": 24.7925, ""step"": 3, ""status"": 0, ""pres"": 978.651, ""meas_profile"": ""HP-7"", ""meas_id"": 7, ""hum"": 33.42902, ""gas_res"": 9818.963}, {""temp"": 24.87469, ""step"": 3, ""status"": 0, ""pres"": 978.7646, ""meas_profile"": ""HP-6"", ""meas_id"": 6, ""hum"": 33.25416, ""gas_res"": 20408.16}, {""temp"": 24.79534, ""step"": 3, ""status"": 0, ""pres"": 978.5376, ""meas_profile"": ""HP-5"", ""meas_id"": 5, ""hum"": 33.47669, ""gas_res"": 39975.02}, {""temp"": 24.56404, ""step"": 3, ""status"": 0, ""pres"": 978.6779, ""meas_profile"": ""HP-4"", ""meas_id"": 4, ""hum"": 32.98716, ""gas_res"": 34454.91}, {""temp"": 24.70887, ""step"": 3, ""status"": 0, ""pres"": 978.3066, ""meas_profile"": ""HP-3"", ""meas_id"": 3, ""hum"": 33.40476, ""gas_res"": 24169.18}, {""temp"": 24.64437, ""step"": 3, ""status"": 0, ""pres"": 978.4355, ""meas_profile"": ""HP-2"", ""meas_id"": 2, ""hum"": 33.67767, ""gas_res"": 37122.97}, {""temp"": 24.42196, ""step"": 3, ""status"": 0, ""pres"": 978.514, ""meas_profile"": ""HP-1"", ""meas_id"": 1, ""hum"": 33.06722, ""gas_res"": 25589.76}]}",NULL,"2025-10-29 12:15:15.747962"
15565,"04a600b9b0b8","2025-10-29 12:13:48","OfSxEa1Yv965HDuAvsi2","{""bme688"": [{""temp"": 24.80317, ""step"": 2, ""status"": 1, ""pres"": 978.5158, ""meas_profile"": ""HP-8"", ""meas_id"": 8, ""hum"": 33.53254, ""gas_res"": 21199.07}, {""temp"": 24.79188, ""step"": 2, ""status"": 1, ""pres"": 978.65, ""meas_profile"": ""HP-7"", ""meas_id"": 7, ""hum"": 33.4346, ""gas_res"": 27717.63}, {""temp"": 24.87376, ""step"": 2, ""status"": 1, ""pres"": 978.7633, ""meas_profile"": ""HP-6"", ""meas_id"": 6, ""hum"": 33.26551, ""gas_res"": 72173.66}, {""temp"": 24.79471, ""step"": 2, ""status"": 1, ""pres"": 978.5366, ""meas_profile"": ""HP-5"", ""meas_id"": 5, ""hum"": 33.47097, ""gas_res"": 151255.5}, {""temp"": 24.56342, ""step"": 2, ""status"": 1, ""pres"": 978.6769, ""meas_profile"": ""HP-4"", ""meas_id"": 4, ""hum"": 32.9871, ""gas_res"": 158858.2}, {""temp"": 24.70825, ""step"": 2, ""status"": 1, ""pres"": 978.3056, ""meas_profile"": ""HP-3"", ""meas_id"": 3, ""hum"": 33.40471, ""gas_res"": 87581.25}, {""temp"": 24.64375, ""step"": 2, ""status"": 1, ""pres"": 978.4344, ""meas_profile"": ""HP-2"", ""meas_id"": 2, ""hum"": 33.6946, ""gas_res"": 156097.6}, {""temp"": 24.42133, ""step"": 2, ""status"": 1, ""pres"": 978.5131, ""meas_profile"": ""HP-1"", ""meas_id"": 1, ""hum"": 33.07887, ""gas_res"": 112849.9}]}",NULL,"2025-10-29 12:15:17.02551"
15566,"04a600b9b0b8","2025-10-29 12:13:48","OfSxEa1Yv965HDuAvsi2","{""bme688"": [{""temp"": 24.80286, ""step"": 1, ""status"": 1, ""pres"": 978.5154, ""meas_profile"": ""HP-8"", ""meas_id"": 8, ""hum"": 33.54392, ""gas_res"": 9685.23}, {""temp"": 24.79126, ""step"": 1, ""status"": 1, ""pres"": 978.6488, ""meas_profile"": ""HP-7"", ""meas_id"": 7, ""hum"": 33.45147, ""gas_res"": 15545.3}, {""temp"": 24.87345, ""step"": 1, ""status"": 1, ""pres"": 978.7628, ""meas_profile"": ""HP-6"", ""meas_id"": 6, ""hum"": 33.26548, ""gas_res"": 25000.0}, {""temp"": 24.7944, ""step"": 1, ""status"": 1, ""pres"": 978.536, ""meas_profile"": ""HP-5"", ""meas_id"": 5, ""hum"": 33.46529, ""gas_res"": 39493.98}, {""temp"": 24.56311, ""step"": 1, ""status"": 1, ""pres"": 978.678, ""meas_profile"": ""HP-4"", ""meas_id"": 4, ""hum"": 32.98134, ""gas_res"": 31691.01}, {""temp"": 24.70794, ""step"": 1, ""status"": 1, ""pres"": 978.305, ""meas_profile"": ""HP-3"", ""meas_id"": 3, ""hum"": 33.4333, ""gas_res"": 25000.0}, {""temp"": 24.64344, ""step"": 1, ""status"": 1, ""pres"": 978.434, ""meas_profile"": ""HP-2"", ""meas_id"": 2, ""hum"": 33.66061, ""gas_res"": 31480.57}, {""temp"": 24.42071, ""step"": 1, ""status"": 1, ""pres"": 978.5121, ""meas_profile"": ""HP-1"", ""meas_id"": 1, ""hum"": 33.06711, ""gas_res"": 25000.0}]}",NULL,"2025-10-29 12:15:18.483107"
15567,"04a600b9b0b8","2025-10-29 12:13:48","OfSxEa1Yv965HDuAvsi2","{""bme688"": [{""temp"": 24.80224, ""step"": 0, ""status"": 1, ""pres"": 978.5145, ""meas_profile"": ""HP-8"", ""meas_id"": 8, ""hum"": 33.52674, ""gas_res"": 6097.561}, {""temp"": 24.79064, ""step"": 0, ""status"": 1, ""pres"": 978.6478, ""meas_profile"": ""HP-7"", ""meas_id"": 7, ""hum"": 33.42321, ""gas_res"": 7319.305}, {""temp"": 24.87284, ""step"": 0, ""status"": 1, ""pres"": 978.7635, ""meas_profile"": ""HP-6"", ""meas_id"": 6, ""hum"": 33.25971, ""gas_res"": 9495.549}, {""temp"": 24.79377, ""step"": 0, ""status"": 1, ""pres"": 978.5366, ""meas_profile"": ""HP-5"", ""meas_id"": 5, ""hum"": 33.47089, ""gas_res"": 25000.0}, {""temp"": 24.5628, ""step"": 0, ""status"": 1, ""pres"": 978.6775, ""meas_profile"": ""HP-4"", ""meas_id"": 4, ""hum"": 32.98704, ""gas_res"": 21739.13}, {""temp"": 24.70732, ""step"": 0, ""status"": 1, ""pres"": 978.3041, ""meas_profile"": ""HP-3"", ""meas_id"": 3, ""hum"": 33.42752, ""gas_res"": 6475.111}, {""temp"": 24.64313, ""step"": 0, ""status"": 1, ""pres"": 978.4334, ""meas_profile"": ""HP-2"", ""meas_id"": 2, ""hum"": 33.68322, ""gas_res"": 8923.592}, {""temp"": 24.4204, ""step"": 0, ""status"": 1, ""pres"": 978.5117, ""meas_profile"": ""HP-1"", ""meas_id"": 1, ""hum"": 33.06709, ""gas_res"": 7304.269}]}",NULL,"2025-10-29 12:15:19.614802"
