"id","box_id","ts","measurement_id","measurement_data","description","created_at"
14368,"04a600b9b0b8","2025-10-29 09:57:42","pQoT47upqHRaDahZPr7c","{""zphs01b"": {""voc"": 0, ""temp"": 21.8, ""pm2_5"": 0, ""pm1_0"": 0, ""pm10"": 309, ""o3"": 0.05, ""no2"": 8.54, ""hum"": 0, ""fmhd"": 0, ""co2"": 5000, ""co"": 0.0}, ""smell_b"": {}, ""sfa30"": {""temp"": 24.04, ""hum"": 37.69, ""fmhd"": 4.2}, ""sen5x"": {""voc"": 153.0, ""temp"": 24.99, ""pm4_0"": 4437.4, ""pm2_5"": 4437.4, ""pm1_0"": 4231.3, ""pm10"": 4437.4, ""nox"": 1.0, ""mass_c"": 4385.875, ""hum"": 40.48}, ""scd41"": {""temp"": 23.6141, ""hum"": 44.72114, ""co2"": 639}, ""power_source"": 0, ""mics6814"": {""red_res"": 0, ""no2_res"": 0, ""no2"": 0.17, ""nh3_res"": 0, ""nh3"": 0.73, ""co_res"": 0, ""co"": 44.0}}",NULL,"2025-10-29 09:58:35.545657"
14369,"04a600b9b0b8","2025-10-29 09:57:42","pQoT47upqHRaDahZPr7c","{""bme688"": [{""temp"": 24.12799, ""step"": 9, ""status"": 1, ""pres"": 979.9498, ""meas_profile"": ""HP-8"", ""meas_id"": 8, ""hum"": 35.2818, ""gas_res"": 5684.846}, {""temp"": 24.12734, ""step"": 9, ""status"": 1, ""pres"": 980.1062, ""meas_profile"": ""HP-7"", ""meas_id"": 7, ""hum"": 35.15289, ""gas_res"": 5684.846}, {""temp"": 24.20541, ""step"": 9, ""status"": 1, ""pres"": 980.2887, ""meas_profile"": ""HP-6"", ""meas_id"": 6, ""hum"": 34.98518, ""gas_res"": 6911.447}, {""temp"": 24.12392, ""step"": 9, ""status"": 1, ""pres"": 980.0154, ""meas_profile"": ""HP-5"", ""meas_id"": 5, ""hum"": 35.19829, ""gas_res"": 25000.0}, {""temp"": 23.91794, ""step"": 9, ""status"": 1, ""pres"": 980.1066, ""meas_profile"": ""HP-4"", ""meas_id"": 4, ""hum"": 34.62952, ""gas_res"": 19601.84}, {""temp"": 24.06842, ""step"": 9, ""status"": 1, ""pres"": 979.7185, ""meas_profile"": ""HP-3"", ""meas_id"": 3, ""hum"": 35.09924, ""gas_res"": 7415.991}, {""temp"": 24.00996, ""step"": 9, ""status"": 1, ""pres"": 979.8999, ""meas_profile"": ""HP-2"", ""meas_id"": 2, ""hum"": 35.3531, ""gas_res"": 6599.299}, {""temp"": 23.78955, ""step"": 9, ""status"": 1, ""pres"": 979.9357, ""meas_profile"": ""HP-1"", ""meas_id"": 1, ""hum"": 34.98428, ""gas_res"": 7329.363}]}",NULL,"2025-10-29 09:58:36.787107"
14370,"04a600b9b0b8","2025-10-29 09:57:42","pQoT47upqHRaDahZPr7c","{""bme688"": [{""temp"": 24.12737, ""step"": 8, ""status"": 1, ""pres"": 979.9489, ""meas_profile"": ""HP-8"", ""meas_id"": 8, ""hum"": 35.28174, ""gas_res"": 5684.846}, {""temp"": 24.12672, ""step"": 8, ""status"": 1, ""pres"": 980.1052, ""meas_profile"": ""HP-7"", ""meas_id"": 7, ""hum"": 35.16423, ""gas_res"": 5684.846}, {""temp"": 24.2051, ""step"": 8, ""status"": 1, ""pres"": 980.288, ""meas_profile"": ""HP-6"", ""meas_id"": 6, ""hum"": 35.0314, ""gas_res"": 7142.857}, {""temp"": 24.12392, ""step"": 8, ""status"": 1, ""pres"": 980.0154, ""meas_profile"": ""HP-5"", ""meas_id"": 5, ""hum"": 35.19829, ""gas_res"": 25000.0}, {""temp"": 23.91794, ""step"": 8, ""status"": 1, ""pres"": 980.1066, ""meas_profile"": ""HP-4"", ""meas_id"": 4, ""hum"": 34.61795, ""gas_res"": 19196.16}, {""temp"": 24.06842, ""step"": 8, ""status"": 1, ""pres"": 979.7185, ""meas_profile"": ""HP-3"", ""meas_id"": 3, ""hum"": 35.1108, ""gas_res"": 7011.394}, {""temp"": 24.00965, ""step"": 8, ""status"": 1, ""pres"": 979.8995, ""meas_profile"": ""HP-2"", ""meas_id"": 2, ""hum"": 35.36451, ""gas_res"": 6619.776}, {""temp"": 23.78924, ""step"": 8, ""status"": 1, ""pres"": 979.9333, ""meas_profile"": ""HP-1"", ""meas_id"": 1, ""hum"": 34.97242, ""gas_res"": 7441.86}]}",NULL,"2025-10-29 09:58:37.973719"
14371,"04a600b9b0b8","2025-10-29 09:57:42","pQoT47upqHRaDahZPr7c","{""bme688"": [{""temp"": 24.12676, ""step"": 7, ""status"": 1, ""pres"": 979.9478, ""meas_profile"": ""HP-8"", ""meas_id"": 8, ""hum"": 35.26437, ""gas_res"": 5684.846}, {""temp"": 24.12641, ""step"": 7, ""status"": 1, ""pres"": 980.1047, ""meas_profile"": ""HP-7"", ""meas_id"": 7, ""hum"": 35.1585, ""gas_res"": 5684.846}, {""temp"": 24.2051, ""step"": 7, ""status"": 1, ""pres"": 980.288, ""meas_profile"": ""HP-6"", ""meas_id"": 6, ""hum"": 35.01984, ""gas_res"": 7299.27}, {""temp"": 24.12392, ""step"": 7, ""status"": 1, ""pres"": 980.0172, ""meas_profile"": ""HP-5"", ""meas_id"": 5, ""hum"": 35.22115, ""gas_res"": 25000.0}, {""temp"": 23.91763, ""step"": 7, ""status"": 1, ""pres"": 980.106, ""meas_profile"": ""HP-4"", ""meas_id"": 4, ""hum"": 34.62948, ""gas_res"": 18529.24}, {""temp"": 24.06812, ""step"": 7, ""status"": 1, ""pres"": 979.718, ""meas_profile"": ""HP-3"", ""meas_id"": 3, ""hum"": 35.105, ""gas_res"": 6831.768}, {""temp"": 24.00934, ""step"": 7, ""status"": 1, ""pres"": 979.899, ""meas_profile"": ""HP-2"", ""meas_id"": 2, ""hum"": 35.3702, ""gas_res"": 6518.639}, {""temp"": 23.78893, ""step"": 7, ""status"": 1, ""pres"": 979.9328, ""meas_profile"": ""HP-1"", ""meas_id"": 1, ""hum"": 34.98423, ""gas_res"": 7380.074}]}",NULL,"2025-10-29 09:58:39.253481"
14372,"04a600b9b0b8","2025-10-29 09:57:42","pQoT47upqHRaDahZPr7c","{""bme688"": [{""temp"": 24.12645, ""step"": 6, ""status"": 1, ""pres"": 979.9473, ""meas_profile"": ""HP-8"", ""meas_id"": 8, ""hum"": 35.27588, ""gas_res"": 15009.38}, {""temp"": 24.1261, ""step"": 6, ""status"": 1, ""pres"": 980.1042, ""meas_profile"": ""HP-7"", ""meas_id"": 7, ""hum"": 35.16988, ""gas_res"": 18593.84}, {""temp"": 24.2051, ""step"": 6, ""status"": 1, ""pres"": 980.288, ""meas_profile"": ""HP-6"", ""meas_id"": 6, ""hum"": 35.01984, ""gas_res"": 35694.37}, {""temp"": 24.12392, ""step"": 6, ""status"": 1, ""pres"": 980.0172, ""meas_profile"": ""HP-5"", ""meas_id"": 5, ""hum"": 35.20972, ""gas_res"": 118081.2}, {""temp"": 23.91732, ""step"": 6, ""status"": 1, ""pres"": 980.1055, ""meas_profile"": ""HP-4"", ""meas_id"": 4, ""hum"": 34.62946, ""gas_res"": 121097.4}, {""temp"": 24.06812, ""step"": 6, ""status"": 1, ""pres"": 979.718, ""meas_profile"": ""HP-3"", ""meas_id"": 3, ""hum"": 35.13391, ""gas_res"": 44429.02}, {""temp"": 24.00934, ""step"": 6, ""status"": 1, ""pres"": 979.899, ""meas_profile"": ""HP-2"", ""meas_id"": 2, ""hum"": 35.38164, ""gas_res"": 100000.0}, {""temp"": 23.78924, ""step"": 6, ""status"": 1, ""pres"": 979.9333, ""meas_profile"": ""HP-1"", ""meas_id"": 1, ""hum"": 34.98425, ""gas_res"": 93124.77}]}",NULL,"2025-10-29 09:58:40.536711"
14373,"04a600b9b0b8","2025-10-29 09:57:42","pQoT47upqHRaDahZPr7c","{""bme688"": [{""temp"": 24.12614, ""step"": 5, ""status"": 1, ""pres"": 979.9468, ""meas_profile"": ""HP-8"", ""meas_id"": 8, ""hum"": 35.28161, ""gas_res"": 14790.85}, {""temp"": 24.12579, ""step"": 5, ""status"": 1, ""pres"": 980.1037, ""meas_profile"": ""HP-7"", ""meas_id"": 7, ""hum"": 35.16985, ""gas_res"": 18385.52}, {""temp"": 24.2051, ""step"": 5, ""status"": 1, ""pres"": 980.288, ""meas_profile"": ""HP-6"", ""meas_id"": 6, ""hum"": 35.01406, ""gas_res"": 35516.09}, {""temp"": 24.12361, ""step"": 5, ""status"": 1, ""pres"": 980.0167, ""meas_profile"": ""HP-5"", ""meas_id"": 5, ""hum"": 35.22684, ""gas_res"": 117431.2}, {""temp"": 23.91701, ""step"": 5, ""status"": 1, ""pres"": 980.1051, ""meas_profile"": ""HP-4"", ""meas_id"": 4, ""hum"": 34.64099, ""gas_res"": 120925.8}, {""temp"": 24.06842, ""step"": 5, ""status"": 1, ""pres"": 979.7185, ""meas_profile"": ""HP-3"", ""meas_id"": 3, ""hum"": 35.11659, ""gas_res"": 42609.86}, {""temp"": 24.00965, ""step"": 5, ""status"": 1, ""pres"": 979.8995, ""meas_profile"": ""HP-2"", ""meas_id"": 2, ""hum"": 35.37595, ""gas_res"": 100000.0}, {""temp"": 23.78924, ""step"": 5, ""status"": 1, ""pres"": 979.9333, ""meas_profile"": ""HP-1"", ""meas_id"": 1, ""hum"": 34.98425, ""gas_res"": 88033.02}]}",NULL,"2025-10-29 09:58:41.906723"
14374,"04a600b9b0b8","2025-10-29 09:57:42","pQoT47upqHRaDahZPr7c","{""bme688"": [{""temp"": 24.12583, ""step"": 4, ""status"": 1, ""pres"": 979.9464, ""meas_profile"": ""HP-8"", ""meas_id"": 8, ""hum"": 35.29312, ""gas_res"": 14678.9}, {""temp"": 24.12548, ""step"": 4, ""status"": 1, ""pres"": 980.1032, ""meas_profile"": ""HP-7"", ""meas_id"": 7, ""hum"": 35.16411, ""gas_res"": 18259.63}, {""temp"": 24.20541, ""step"": 4, ""status"": 1, ""pres"": 980.2905, ""meas_profile"": ""HP-6"", ""meas_id"": 6, ""hum"": 35.01408, ""gas_res"": 35516.09}, {""temp"": 24.12329, ""step"": 4, ""status"": 1, ""pres"": 980.0162, ""meas_profile"": ""HP-5"", ""meas_id"": 5, ""hum"": 35.22109, ""gas_res"": 118408.9}, {""temp"": 23.91669, ""step"": 4, ""status"": 1, ""pres"": 980.1046, ""meas_profile"": ""HP-4"", ""meas_id"": 4, ""hum"": 34.62362, ""gas_res"": 122576.0}, {""temp"": 24.06842, ""step"": 4, ""status"": 1, ""pres"": 979.7168, ""meas_profile"": ""HP-3"", ""meas_id"": 3, ""hum"": 35.13394, ""gas_res"": 40855.41}, {""temp"": 24.00965, ""step"": 4, ""status"": 1, ""pres"": 979.9012, ""meas_profile"": ""HP-2"", ""meas_id"": 2, ""hum"": 35.37595, ""gas_res"": 100000.0}, {""temp"": 23.78924, ""step"": 4, ""status"": 1, ""pres"": 979.9333, ""meas_profile"": ""HP-1"", ""meas_id"": 1, ""hum"": 35.01384, ""gas_res"": 83387.63}]}",NULL,"2025-10-29 09:58:43.094157"
14375,"04a600b9b0b8","2025-10-29 09:57:42","pQoT47upqHRaDahZPr7c","{""bme688"": [{""temp"": 24.12583, ""step"": 3, ""status"": 1, ""pres"": 979.9464, ""meas_profile"": ""HP-8"", ""meas_id"": 8, ""hum"": 35.29312, ""gas_res"": 31480.57}, {""temp"": 24.12548, ""step"": 3, ""status"": 1, ""pres"": 980.1032, ""meas_profile"": ""HP-7"", ""meas_id"": 7, ""hum"": 35.15841, ""gas_res"": 41980.98}, {""temp"": 24.2051, ""step"": 3, ""status"": 1, ""pres"": 980.2899, ""meas_profile"": ""HP-6"", ""meas_id"": 6, ""hum"": 35.04296, ""gas_res"": 143860.6}, {""temp"": 24.12329, ""step"": 3, ""status"": 1, ""pres"": 980.0179, ""meas_profile"": ""HP-5"", ""meas_id"": 5, ""hum"": 35.22109, ""gas_res"": 343970.4}, {""temp"": 23.91669, ""step"": 3, ""status"": 1, ""pres"": 980.1046, ""meas_profile"": ""HP-4"", ""meas_id"": 4, ""hum"": 34.64674, ""gas_res"": 451997.3}, {""temp"": 24.06842, ""step"": 3, ""status"": 1, ""pres"": 979.7168, ""meas_profile"": ""HP-3"", ""meas_id"": 3, ""hum"": 35.13394, ""gas_res"": 219178.1}, {""temp"": 24.00934, ""step"": 3, ""status"": 1, ""pres"": 979.9007, ""meas_profile"": ""HP-2"", ""meas_id"": 2, ""hum"": 35.3702, ""gas_res"": 410174.3}, {""temp"": 23.78893, ""step"": 3, ""status"": 1, ""pres"": 979.9328, ""meas_profile"": ""HP-1"", ""meas_id"": 1, ""hum"": 35.00197, ""gas_res"": 293915.0}]}",NULL,"2025-10-29 09:58:44.375155"
14376,"04a600b9b0b8","2025-10-29 09:57:42","pQoT47upqHRaDahZPr7c","{""bme688"": [{""temp"": 24.12552, ""step"": 2, ""status"": 1, ""pres"": 979.9478, ""meas_profile"": ""HP-8"", ""meas_id"": 8, ""hum"": 35.29887, ""gas_res"": 34261.24}, {""temp"": 24.12517, ""step"": 2, ""status"": 1, ""pres"": 980.1027, ""meas_profile"": ""HP-7"", ""meas_id"": 7, ""hum"": 35.17549, ""gas_res"": 45911.05}, {""temp"": 24.20479, ""step"": 2, ""status"": 1, ""pres"": 980.2894, ""meas_profile"": ""HP-6"", ""meas_id"": 6, ""hum"": 35.03137, ""gas_res"": 175703.5}, {""temp"": 24.12298, ""step"": 2, ""status"": 1, ""pres"": 980.0174, ""meas_profile"": ""HP-5"", ""meas_id"": 5, ""hum"": 35.20963, ""gas_res"": 469724.8}, {""temp"": 23.91639, ""step"": 2, ""status"": 1, ""pres"": 980.1057, ""meas_profile"": ""HP-4"", ""meas_id"": 4, ""hum"": 34.64671, ""gas_res"": 552617.4}, {""temp"": 24.06812, ""step"": 2, ""status"": 1, ""pres"": 979.7163, ""meas_profile"": ""HP-3"", ""meas_id"": 3, ""hum"": 35.1397, ""gas_res"": 268273.5}, {""temp"": 24.00934, ""step"": 2, ""status"": 1, ""pres"": 979.9007, ""meas_profile"": ""HP-2"", ""meas_id"": 2, ""hum"": 35.38164, ""gas_res"": 456531.4}, {""temp"": 23.78893, ""step"": 2, ""status"": 1, ""pres"": 979.9328, ""meas_profile"": ""HP-1"", ""meas_id"": 1, ""hum"": 34.99014, ""gas_res"": 361837.5}]}",NULL,"2025-10-29 09:58:45.653733"
14377,"04a600b9b0b8","2025-10-29 09:57:42","pQoT47upqHRaDahZPr7c","{""bme688"": [{""temp"": 24.12521, ""step"": 1, ""status"": 1, ""pres"": 979.9472, ""meas_profile"": ""HP-8"", ""meas_id"": 8, ""hum"": 35.29883, ""gas_res"": 8042.222}, {""temp"": 24.12517, ""step"": 1, ""status"": 1, ""pres"": 980.1027, ""meas_profile"": ""HP-7"", ""meas_id"": 7, ""hum"": 35.1983, ""gas_res"": 9272.675}, {""temp"": 24.2051, ""step"": 1, ""status"": 1, ""pres"": 980.2899, ""meas_profile"": ""HP-6"", ""meas_id"": 6, ""hum"": 35.0314, ""gas_res"": 25000.0}, {""temp"": 24.12298, ""step"": 1, ""status"": 1, ""pres"": 980.0174, ""meas_profile"": ""HP-5"", ""meas_id"": 5, ""hum"": 35.23249, ""gas_res"": 34151.55}, {""temp"": 23.91639, ""step"": 1, ""status"": 1, ""pres"": 980.1057, ""meas_profile"": ""HP-4"", ""meas_id"": 4, ""hum"": 34.65827, ""gas_res"": 31952.07}, {""temp"": 24.06842, ""step"": 1, ""status"": 1, ""pres"": 979.7168, ""meas_profile"": ""HP-3"", ""meas_id"": 3, ""hum"": 35.12237, ""gas_res"": 25000.0}, {""temp"": 24.00965, ""step"": 1, ""status"": 1, ""pres"": 979.9012, ""meas_profile"": ""HP-2"", ""meas_id"": 2, ""hum"": 35.37595, ""gas_res"": 28362.51}, {""temp"": 23.78893, ""step"": 1, ""status"": 1, ""pres"": 979.9311, ""meas_profile"": ""HP-1"", ""meas_id"": 1, ""hum"": 34.97831, ""gas_res"": 25000.0}]}",NULL,"2025-10-29 09:58:47.041641"
14378,"04a600b9b0b8","2025-10-29 09:57:42","pQoT47upqHRaDahZPr7c","{""bme688"": [{""temp"": 24.12459, ""step"": 0, ""status"": 1, ""pres"": 979.9462, ""meas_profile"": ""HP-8"", ""meas_id"": 8, ""hum"": 35.30454, ""gas_res"": 5684.846}, {""temp"": 24.12486, ""step"": 0, ""status"": 1, ""pres"": 980.1021, ""meas_profile"": ""HP-7"", ""meas_id"": 7, ""hum"": 35.18686, ""gas_res"": 5684.846}, {""temp"": 24.20479, ""step"": 0, ""status"": 1, ""pres"": 980.2894, ""meas_profile"": ""HP-6"", ""meas_id"": 6, ""hum"": 35.03137, ""gas_res"": 7095.344}, {""temp"": 24.12329, ""step"": 0, ""status"": 1, ""pres"": 980.0196, ""meas_profile"": ""HP-5"", ""meas_id"": 5, ""hum"": 35.22681, ""gas_res"": 25000.0}, {""temp"": 23.91607, ""step"": 0, ""status"": 1, ""pres"": 980.1052, ""meas_profile"": ""HP-4"", ""meas_id"": 4, ""hum"": 34.66402, ""gas_res"": 17937.22}, {""temp"": 24.06812, ""step"": 0, ""status"": 1, ""pres"": 979.7163, ""meas_profile"": ""HP-3"", ""meas_id"": 3, ""hum"": 35.16284, ""gas_res"": 6467.259}, {""temp"": 24.00934, ""step"": 0, ""status"": 1, ""pres"": 979.9007, ""meas_profile"": ""HP-2"", ""meas_id"": 2, ""hum"": 35.3988, ""gas_res"": 6284.368}, {""temp"": 23.78893, ""step"": 0, ""status"": 1, ""pres"": 979.9311, ""meas_profile"": ""HP-1"", ""meas_id"": 1, ""hum"": 35.00789, ""gas_res"": 6956.522}]}",NULL,"2025-10-29 09:58:48.214126"
14379,"04a600b9b0b8","2025-10-29 09:57:09","pQoT47upqHRaDahZPr7c","{""zphs01b"": {""voc"": 0, ""temp"": 21.8, ""pm2_5"": 0, ""pm1_0"": 0, ""pm10"": 320, ""o3"": 0.04, ""no2"": 10.0, ""hum"": 0, ""fmhd"": 0, ""co2"": 5000, ""co"": 0.0}, ""smell_b"": {}, ""sfa30"": {""temp"": 24.025, ""hum"": 37.74, ""fmhd"": 2.6}, ""sen5x"": {""voc"": 116.0, ""temp"": 25.24, ""pm4_0"": 4555.4, ""pm2_5"": 4555.4, ""pm1_0"": 4343.8, ""pm10"": 4555.4, ""nox"": 1.0, ""mass_c"": 4502.5, ""hum"": 39.8}, ""scd41"": {""temp"": 23.87846, ""hum"": 43.50957, ""co2"": 633}, ""power_source"": 0, ""mics6814"": {""red_res"": 0, ""no2_res"": 0, ""no2"": 0.17, ""nh3_res"": 0, ""nh3"": 0.73, ""co_res"": 0, ""co"": 44.0}}",NULL,"2025-10-29 09:58:49.387188"
14380,"04a600b9b0b8","2025-10-29 09:57:09","pQoT47upqHRaDahZPr7c","{""bme688"": [{""temp"": 24.12429, ""step"": 9, ""status"": 1, ""pres"": 979.9456, ""meas_profile"": ""HP-8"", ""meas_id"": 8, ""hum"": 35.29874, ""gas_res"": 5684.846}, {""temp"": 24.12455, ""step"": 9, ""status"": 1, ""pres"": 980.1035, ""meas_profile"": ""HP-7"", ""meas_id"": 7, ""hum"": 35.20394, ""gas_res"": 5684.846}, {""temp"": 24.20479, ""step"": 9, ""status"": 1, ""pres"": 980.2894, ""meas_profile"": ""HP-6"", ""meas_id"": 6, ""hum"": 35.03715, ""gas_res"": 6122.059}, {""temp"": 24.12329, ""step"": 9, ""status"": 1, ""pres"": 980.0196, ""meas_profile"": ""HP-5"", ""meas_id"": 5, ""hum"": 35.23252, ""gas_res"": 21985.57}, {""temp"": 23.91639, ""step"": 9, ""status"": 1, ""pres"": 980.1057, ""meas_profile"": ""HP-4"", ""meas_id"": 4, ""hum"": 34.66405, ""gas_res"": 10958.9}, {""temp"": 24.06812, ""step"": 9, ""status"": 1, ""pres"": 979.7163, ""meas_profile"": ""HP-3"", ""meas_id"": 3, ""hum"": 35.12813, ""gas_res"": 6374.502}, {""temp"": 24.00934, ""step"": 9, ""status"": 1, ""pres"": 979.9007, ""meas_profile"": ""HP-2"", ""meas_id"": 2, ""hum"": 35.37592, ""gas_res"": 7750.061}, {""temp"": 23.78893, ""step"": 9, ""status"": 1, ""pres"": 979.9311, ""meas_profile"": ""HP-1"", ""meas_id"": 1, ""hum"": 34.99606, ""gas_res"": 6076.719}]}",NULL,"2025-10-29 09:58:50.775054"
14381,"04a600b9b0b8","2025-10-29 09:57:09","pQoT47upqHRaDahZPr7c","{""bme688"": [{""temp"": 24.12367, ""step"": 8, ""status"": 1, ""pres"": 979.9447, ""meas_profile"": ""HP-8"", ""meas_id"": 8, ""hum"": 35.31021, ""gas_res"": 5684.846}, {""temp"": 24.12424, ""step"": 8, ""status"": 1, ""pres"": 980.101, ""meas_profile"": ""HP-7"", ""meas_id"": 7, ""hum"": 35.20391, ""gas_res"": 5684.846}, {""temp"": 24.20448, ""step"": 8, ""status"": 1, ""pres"": 980.2888, ""meas_profile"": ""HP-6"", ""meas_id"": 6, ""hum"": 35.03712, ""gas_res"": 6178.799}, {""temp"": 24.12361, ""step"": 8, ""status"": 1, ""pres"": 980.0201, ""meas_profile"": ""HP-5"", ""meas_id"": 5, ""hum"": 35.23255, ""gas_res"": 19765.29}, {""temp"": 23.91639, ""step"": 8, ""status"": 1, ""pres"": 980.1057, ""meas_profile"": ""HP-4"", ""meas_id"": 4, ""hum"": 34.66405, ""gas_res"": 10547.13}, {""temp"": 24.06781, ""step"": 8, ""status"": 1, ""pres"": 979.7159, ""meas_profile"": ""HP-3"", ""meas_id"": 3, ""hum"": 35.14545, ""gas_res"": 7573.964}, {""temp"": 24.00903, ""step"": 8, ""status"": 1, ""pres"": 979.9001, ""meas_profile"": ""HP-2"", ""meas_id"": 2, ""hum"": 35.38733, ""gas_res"": 7289.294}, {""temp"": 23.78862, ""step"": 8, ""status"": 1, ""pres"": 979.9306, ""meas_profile"": ""HP-1"", ""meas_id"": 1, ""hum"": 34.97828, ""gas_res"": 6080.183}]}",NULL,"2025-10-29 09:58:52.145105"
14382,"04a600b9b0b8","2025-10-29 09:57:09","pQoT47upqHRaDahZPr7c","{""bme688"": [{""temp"": 24.12305, ""step"": 7, ""status"": 1, ""pres"": 979.9437, ""meas_profile"": ""HP-8"", ""meas_id"": 8, ""hum"": 35.32169, ""gas_res"": 5684.846}, {""temp"": 24.12393, ""step"": 7, ""status"": 1, ""pres"": 980.1005, ""meas_profile"": ""HP-7"", ""meas_id"": 7, ""hum"": 35.19818, ""gas_res"": 5684.846}, {""temp"": 24.20448, ""step"": 7, ""status"": 1, ""pres"": 980.2888, ""meas_profile"": ""HP-6"", ""meas_id"": 6, ""hum"": 35.07182, ""gas_res"": 6200.349}, {""temp"": 24.12329, ""step"": 7, ""status"": 1, ""pres"": 980.0213, ""meas_profile"": ""HP-5"", ""meas_id"": 5, ""hum"": 35.24967, ""gas_res"": 18806.94}, {""temp"": 23.91669, ""step"": 7, ""status"": 1, ""pres"": 980.1063, ""meas_profile"": ""HP-4"", ""meas_id"": 4, ""hum"": 34.67565, ""gas_res"": 9756.098}, {""temp"": 24.06781, ""step"": 7, ""status"": 1, ""pres"": 979.7159, ""meas_profile"": ""HP-3"", ""meas_id"": 3, ""hum"": 35.14545, ""gas_res"": 6951.988}, {""temp"": 24.00903, ""step"": 7, ""status"": 1, ""pres"": 979.9001, ""meas_profile"": ""HP-2"", ""meas_id"": 2, ""hum"": 35.39305, ""gas_res"": 6736.842}, {""temp"": 23.78862, ""step"": 7, ""status"": 1, ""pres"": 979.9306, ""meas_profile"": ""HP-1"", ""meas_id"": 1, ""hum"": 34.99603, ""gas_res"": 7349.563}]}",NULL,"2025-10-29 09:58:53.335285"
14383,"04a600b9b0b8","2025-10-29 09:57:09","pQoT47upqHRaDahZPr7c","{""bme688"": [{""temp"": 24.12305, ""step"": 6, ""status"": 1, ""pres"": 979.9455, ""meas_profile"": ""HP-8"", ""meas_id"": 8, ""hum"": 35.31593, ""gas_res"": 15567.99}, {""temp"": 24.12362, ""step"": 6, ""status"": 1, ""pres"": 980.0999, ""meas_profile"": ""HP-7"", ""meas_id"": 7, ""hum"": 35.20956, ""gas_res"": 17982.58}, {""temp"": 24.20417, ""step"": 6, ""status"": 1, ""pres"": 980.2883, ""meas_profile"": ""HP-6"", ""meas_id"": 6, ""hum"": 35.06601, ""gas_res"": 28628.94}, {""temp"": 24.12361, ""step"": 6, ""status"": 1, ""pres"": 980.0217, ""meas_profile"": ""HP-5"", ""meas_id"": 5, ""hum"": 35.24398, ""gas_res"": 100000.0}, {""temp"": 23.91669, ""step"": 6, ""status"": 1, ""pres"": 980.1063, ""meas_profile"": ""HP-4"", ""meas_id"": 4, ""hum"": 34.66409, ""gas_res"": 100000.0}, {""temp"": 24.06781, ""step"": 6, ""status"": 1, ""pres"": 979.7159, ""meas_profile"": ""HP-3"", ""meas_id"": 3, ""hum"": 35.15702, ""gas_res"": 31181.49}, {""temp"": 24.00934, ""step"": 6, ""status"": 1, ""pres"": 979.9025, ""meas_profile"": ""HP-2"", ""meas_id"": 2, ""hum"": 35.38736, ""gas_res"": 44849.34}, {""temp"": 23.78862, ""step"": 6, ""status"": 1, ""pres"": 979.9306, ""meas_profile"": ""HP-1"", ""meas_id"": 1, ""hum"": 34.99603, ""gas_res"": 37058.48}]}",NULL,"2025-10-29 09:58:54.614127"
14384,"04a600b9b0b8","2025-10-29 09:57:09","pQoT47upqHRaDahZPr7c","{""bme688"": [{""temp"": 24.12305, ""step"": 5, ""status"": 1, ""pres"": 979.9455, ""meas_profile"": ""HP-8"", ""meas_id"": 8, ""hum"": 35.32169, ""gas_res"": 15625.0}, {""temp"": 24.12362, ""step"": 5, ""status"": 1, ""pres"": 980.0999, ""meas_profile"": ""HP-7"", ""meas_id"": 7, ""hum"": 35.20956, ""gas_res"": 18181.82}, {""temp"": 24.20417, ""step"": 5, ""status"": 1, ""pres"": 980.2902, ""meas_profile"": ""HP-6"", ""meas_id"": 6, ""hum"": 35.04866, ""gas_res"": 28725.31}, {""temp"": 24.12361, ""step"": 5, ""status"": 1, ""pres"": 980.0217, ""meas_profile"": ""HP-5"", ""meas_id"": 5, ""hum"": 35.23255, ""gas_res"": 100000.0}, {""temp"": 23.91701, ""step"": 5, ""status"": 1, ""pres"": 980.1067, ""meas_profile"": ""HP-4"", ""meas_id"": 4, ""hum"": 34.67568, ""gas_res"": 100000.0}, {""temp"": 24.06812, ""step"": 5, ""status"": 1, ""pres"": 979.7163, ""meas_profile"": ""HP-3"", ""meas_id"": 3, ""hum"": 35.14548, ""gas_res"": 29871.64}, {""temp"": 24.00934, ""step"": 5, ""status"": 1, ""pres"": 979.9025, ""meas_profile"": ""HP-2"", ""meas_id"": 2, ""hum"": 35.38736, ""gas_res"": 42524.92}, {""temp"": 23.78893, ""step"": 5, ""status"": 1, ""pres"": 979.9311, ""meas_profile"": ""HP-1"", ""meas_id"": 1, ""hum"": 35.00789, ""gas_res"": 34820.46}]}",NULL,"2025-10-29 09:58:55.896136"
14385,"04a600b9b0b8","2025-10-29 09:57:09","pQoT47upqHRaDahZPr7c","{""bme688"": [{""temp"": 24.12274, ""step"": 4, ""status"": 1, ""pres"": 979.945, ""meas_profile"": ""HP-8"", ""meas_id"": 8, ""hum"": 35.32167, ""gas_res"": 16072.33}, {""temp"": 24.12362, ""step"": 4, ""status"": 1, ""pres"": 980.1016, ""meas_profile"": ""HP-7"", ""meas_id"": 7, ""hum"": 35.22097, ""gas_res"": 18545.35}, {""temp"": 24.20448, ""step"": 4, ""status"": 1, ""pres"": 980.2905, ""meas_profile"": ""HP-6"", ""meas_id"": 6, ""hum"": 35.06025, ""gas_res"": 29561.2}, {""temp"": 24.12392, ""step"": 4, ""status"": 1, ""pres"": 980.0223, ""meas_profile"": ""HP-5"", ""meas_id"": 5, ""hum"": 35.26688, ""gas_res"": 100000.0}, {""temp"": 23.91732, ""step"": 4, ""status"": 1, ""pres"": 980.1072, ""meas_profile"": ""HP-4"", ""meas_id"": 4, ""hum"": 34.67571, ""gas_res"": 100000.0}, {""temp"": 24.06812, ""step"": 4, ""status"": 1, ""pres"": 979.7163, ""meas_profile"": ""HP-3"", ""meas_id"": 3, ""hum"": 35.15705, ""gas_res"": 28362.51}, {""temp"": 24.00965, ""step"": 4, ""status"": 1, ""pres"": 979.9029, ""meas_profile"": ""HP-2"", ""meas_id"": 2, ""hum"": 35.38739, ""gas_res"": 40353.09}, {""temp"": 23.78924, ""step"": 4, ""status"": 1, ""pres"": 979.9315, ""meas_profile"": ""HP-1"", ""meas_id"": 1, ""hum"": 35.00792, ""gas_res"": 32989.69}]}",NULL,"2025-10-29 09:58:57.269167"
14386,"04a600b9b0b8","2025-10-29 09:57:09","pQoT47upqHRaDahZPr7c","{""bme688"": [{""temp"": 24.12274, ""step"": 3, ""status"": 1, ""pres"": 979.945, ""meas_profile"": ""HP-8"", ""meas_id"": 8, ""hum"": 35.33898, ""gas_res"": 46460.98}, {""temp"": 24.12362, ""step"": 3, ""status"": 1, ""pres"": 980.1016, ""meas_profile"": ""HP-7"", ""meas_id"": 7, ""hum"": 35.20956, ""gas_res"": 58155.38}, {""temp"": 24.20417, ""step"": 3, ""status"": 1, ""pres"": 980.2902, ""meas_profile"": ""HP-6"", ""meas_id"": 6, ""hum"": 35.05444, ""gas_res"": 162798.1}, {""temp"": 24.12392, ""step"": 3, ""status"": 1, ""pres"": 980.0223, ""meas_profile"": ""HP-5"", ""meas_id"": 5, ""hum"": 35.25545, ""gas_res"": 400782.8}, {""temp"": 23.91701, ""step"": 3, ""status"": 1, ""pres"": 980.1067, ""meas_profile"": ""HP-4"", ""meas_id"": 4, ""hum"": 34.68725, ""gas_res"": 430342.5}, {""temp"": 24.06812, ""step"": 3, ""status"": 1, ""pres"": 979.7163, ""meas_profile"": ""HP-3"", ""meas_id"": 3, ""hum"": 35.17441, ""gas_res"": 208596.5}, {""temp"": 24.00965, ""step"": 3, ""status"": 1, ""pres"": 979.9029, ""meas_profile"": ""HP-2"", ""meas_id"": 2, ""hum"": 35.39883, ""gas_res"": 349249.7}, {""temp"": 23.78893, ""step"": 3, ""status"": 1, ""pres"": 979.9311, ""meas_profile"": ""HP-1"", ""meas_id"": 1, ""hum"": 35.00789, ""gas_res"": 256770.3}]}",NULL,"2025-10-29 09:58:58.466491"
14387,"04a600b9b0b8","2025-10-29 09:57:09","pQoT47upqHRaDahZPr7c","{""bme688"": [{""temp"": 24.12243, ""step"": 2, ""status"": 1, ""pres"": 979.9445, ""meas_profile"": ""HP-8"", ""meas_id"": 8, ""hum"": 35.32164, ""gas_res"": 41290.32}, {""temp"": 24.12362, ""step"": 2, ""status"": 1, ""pres"": 980.0999, ""meas_profile"": ""HP-7"", ""meas_id"": 7, ""hum"": 35.21526, ""gas_res"": 53123.05}, {""temp"": 24.20417, ""step"": 2, ""status"": 1, ""pres"": 980.2902, ""meas_profile"": ""HP-6"", ""meas_id"": 6, ""hum"": 35.05444, ""gas_res"": 144469.5}, {""temp"": 24.12392, ""step"": 2, ""status"": 1, ""pres"": 980.024, ""meas_profile"": ""HP-5"", ""meas_id"": 5, ""hum"": 35.26688, ""gas_res"": 363765.5}, {""temp"": 23.91701, ""step"": 2, ""status"": 1, ""pres"": 980.1067, ""meas_profile"": ""HP-4"", ""meas_id"": 4, ""hum"": 34.69881, ""gas_res"": 388172.8}, {""temp"": 24.06812, ""step"": 2, ""status"": 1, ""pres"": 979.7163, ""meas_profile"": ""HP-3"", ""meas_id"": 3, ""hum"": 35.16862, ""gas_res"": 169592.6}, {""temp"": 24.00934, ""step"": 2, ""status"": 1, ""pres"": 979.9025, ""meas_profile"": ""HP-2"", ""meas_id"": 2, ""hum"": 35.41024, ""gas_res"": 290909.1}, {""temp"": 23.78893, ""step"": 2, ""status"": 1, ""pres"": 979.9311, ""meas_profile"": ""HP-1"", ""meas_id"": 1, ""hum"": 35.01381, ""gas_res"": 215307.0}]}",NULL,"2025-10-29 09:58:59.733176"
14388,"04a600b9b0b8","2025-10-29 09:57:09","pQoT47upqHRaDahZPr7c","{""bme688"": [{""temp"": 24.12274, ""step"": 1, ""status"": 1, ""pres"": 979.945, ""meas_profile"": ""HP-8"", ""meas_id"": 8, ""hum"": 35.32167, ""gas_res"": 9321.293}, {""temp"": 24.12393, ""step"": 1, ""status"": 1, ""pres"": 980.1005, ""meas_profile"": ""HP-7"", ""meas_id"": 7, ""hum"": 35.21529, ""gas_res"": 10050.25}, {""temp"": 24.20448, ""step"": 1, ""status"": 1, ""pres"": 980.2905, ""meas_profile"": ""HP-6"", ""meas_id"": 6, ""hum"": 35.07182, ""gas_res"": 25000.0}, {""temp"": 24.12423, ""step"": 1, ""status"": 1, ""pres"": 980.0245, ""meas_profile"": ""HP-5"", ""meas_id"": 5, ""hum"": 35.27263, ""gas_res"": 27935.4}, {""temp"": 23.91732, ""step"": 1, ""status"": 1, ""pres"": 980.1088, ""meas_profile"": ""HP-4"", ""meas_id"": 4, ""hum"": 34.68727, ""gas_res"": 24293.04}, {""temp"": 24.06842, ""step"": 1, ""status"": 1, ""pres"": 979.7168, ""meas_profile"": ""HP-3"", ""meas_id"": 3, ""hum"": 35.16865, ""gas_res"": 25000.0}, {""temp"": 24.00965, ""step"": 1, ""status"": 1, ""pres"": 979.9029, ""meas_profile"": ""HP-2"", ""meas_id"": 2, ""hum"": 35.39883, ""gas_res"": 25000.0}, {""temp"": 23.78924, ""step"": 1, ""status"": 1, ""pres"": 979.9315, ""meas_profile"": ""HP-1"", ""meas_id"": 1, ""hum"": 35.00792, ""gas_res"": 25000.0}]}",NULL,"2025-10-29 09:59:01.015064"
14389,"04a600b9b0b8","2025-10-29 09:57:09","pQoT47upqHRaDahZPr7c","{""bme688"": [{""temp"": 24.12243, ""step"": 0, ""status"": 1, ""pres"": 979.9445, ""meas_profile"": ""HP-8"", ""meas_id"": 8, ""hum"": 35.34472, ""gas_res"": 5684.846}, {""temp"": 24.12362, ""step"": 0, ""status"": 1, ""pres"": 980.1016, ""meas_profile"": ""HP-7"", ""meas_id"": 7, ""hum"": 35.22097, ""gas_res"": 6157.398}, {""temp"": 24.20417, ""step"": 0, ""status"": 1, ""pres"": 980.2919, ""meas_profile"": ""HP-6"", ""meas_id"": 6, ""hum"": 35.07179, ""gas_res"": 6749.631}, {""temp"": 24.12392, ""step"": 0, ""status"": 1, ""pres"": 980.024, ""meas_profile"": ""HP-5"", ""meas_id"": 5, ""hum"": 35.2726, ""gas_res"": 19458.8}, {""temp"": 23.91732, ""step"": 0, ""status"": 1, ""pres"": 980.1088, ""meas_profile"": ""HP-4"", ""meas_id"": 4, ""hum"": 34.71619, ""gas_res"": 9411.765}, {""temp"": 24.06812, ""step"": 0, ""status"": 1, ""pres"": 979.7163, ""meas_profile"": ""HP-3"", ""meas_id"": 3, ""hum"": 35.18598, ""gas_res"": 6514.658}, {""temp"": 24.00934, ""step"": 0, ""status"": 1, ""pres"": 979.9041, ""meas_profile"": ""HP-2"", ""meas_id"": 2, ""hum"": 35.41024, ""gas_res"": 6247.56}, {""temp"": 23.78893, ""step"": 0, ""status"": 1, ""pres"": 979.9311, ""meas_profile"": ""HP-1"", ""meas_id"": 1, ""hum"": 35.00789, ""gas_res"": 6661.116}]}",NULL,"2025-10-29 09:59:02.38857"
14399,"04a600b9b0b8","2025-10-29 09:59:03","pQoT47upqHRaDahZPr7c","{""zphs01b"": {""voc"": 0, ""temp"": 21.9, ""pm2_5"": 0, ""pm1_0"": 0, ""pm10"": 310, ""o3"": 0.04, ""no2"": 10.0, ""hum"": 0, ""fmhd"": 0, ""co2"": 5000, ""co"": 0.0}, ""smell_b"": {}, ""sfa30"": {""temp"": 24.06, ""hum"": 37.63, ""fmhd"": 6.6}, ""sen5x"": {""voc"": 146.0, ""temp"": 24.66, ""pm4_0"": 4232.0, ""pm2_5"": 4232.0, ""pm1_0"": 4035.4, ""pm10"": 4232.0, ""nox"": 1.0, ""mass_c"": 4182.85, ""hum"": 41.39}, ""scd41"": {""temp"": 23.4966, ""hum"": 45.53902, ""co2"": 646}, ""power_source"": 0, ""mics6814"": {""red_res"": 0, ""no2_res"": 0, ""no2"": 0.17, ""nh3_res"": 0, ""nh3"": 0.73, ""co_res"": 0, ""co"": 44.0}}",NULL,"2025-10-29 09:59:42.690021"
14400,"04a600b9b0b8","2025-10-29 09:59:03","pQoT47upqHRaDahZPr7c","{""bme688"": [{""temp"": 24.13263, ""step"": 9, ""status"": 1, ""pres"": 979.95, ""meas_profile"": ""HP-8"", ""meas_id"": 8, ""hum"": 35.2188, ""gas_res"": 5684.846}, {""temp"": 24.13107, ""step"": 9, ""status"": 1, ""pres"": 980.1075, ""meas_profile"": ""HP-7"", ""meas_id"": 7, ""hum"": 35.11334, ""gas_res"": 5684.846}, {""temp"": 24.20881, ""step"": 9, ""status"": 1, ""pres"": 980.2855, ""meas_profile"": ""HP-6"", ""meas_id"": 6, ""hum"": 34.93927, ""gas_res"": 6753.905}, {""temp"": 24.12704, ""step"": 9, ""status"": 1, ""pres"": 980.0156, ""meas_profile"": ""HP-5"", ""meas_id"": 5, ""hum"": 35.14717, ""gas_res"": 25000.0}, {""temp"": 23.92198, ""step"": 9, ""status"": 1, ""pres"": 980.1083, ""meas_profile"": ""HP-4"", ""meas_id"": 4, ""hum"": 34.54899, ""gas_res"": 19076.01}, {""temp"": 24.07244, ""step"": 9, ""status"": 1, ""pres"": 979.7288, ""meas_profile"": ""HP-3"", ""meas_id"": 3, ""hum"": 35.05337, ""gas_res"": 7279.345}, {""temp"": 24.01369, ""step"": 9, ""status"": 1, ""pres"": 979.901, ""meas_profile"": ""HP-2"", ""meas_id"": 2, ""hum"": 35.28484, ""gas_res"": 6562.756}, {""temp"": 23.79298, ""step"": 9, ""status"": 1, ""pres"": 979.9392, ""meas_profile"": ""HP-1"", ""meas_id"": 1, ""hum"": 34.91363, ""gas_res"": 7152.437}]}",NULL,"2025-10-29 09:59:43.89553"
14401,"04a600b9b0b8","2025-10-29 09:59:03","pQoT47upqHRaDahZPr7c","{""bme688"": [{""temp"": 24.13201, ""step"": 8, ""status"": 1, ""pres"": 979.9509, ""meas_profile"": ""HP-8"", ""meas_id"": 8, ""hum"": 35.23604, ""gas_res"": 5684.846}, {""temp"": 24.13045, ""step"": 8, ""status"": 1, ""pres"": 980.1063, ""meas_profile"": ""HP-7"", ""meas_id"": 7, ""hum"": 35.11329, ""gas_res"": 5684.846}, {""temp"": 24.20819, ""step"": 8, ""status"": 1, ""pres"": 980.2863, ""meas_profile"": ""HP-6"", ""meas_id"": 6, ""hum"": 34.95655, ""gas_res"": 7100.066}, {""temp"": 24.12673, ""step"": 8, ""status"": 1, ""pres"": 980.0151, ""meas_profile"": ""HP-5"", ""meas_id"": 5, ""hum"": 35.13572, ""gas_res"": 25000.0}, {""temp"": 23.92167, ""step"": 8, ""status"": 1, ""pres"": 980.108, ""meas_profile"": ""HP-4"", ""meas_id"": 4, ""hum"": 34.55474, ""gas_res"": 18974.21}, {""temp"": 24.07183, ""step"": 8, ""status"": 1, ""pres"": 979.7276, ""meas_profile"": ""HP-3"", ""meas_id"": 3, ""hum"": 35.04174, ""gas_res"": 6902.502}, {""temp"": 24.01338, ""step"": 8, ""status"": 1, ""pres"": 979.9006, ""meas_profile"": ""HP-2"", ""meas_id"": 2, ""hum"": 35.27338, ""gas_res"": 6530.612}, {""temp"": 23.79236, ""step"": 8, ""status"": 1, ""pres"": 979.9383, ""meas_profile"": ""HP-1"", ""meas_id"": 1, ""hum"": 34.89583, ""gas_res"": 7364.787}]}",NULL,"2025-10-29 09:59:45.204033"
14402,"04a600b9b0b8","2025-10-29 09:59:03","pQoT47upqHRaDahZPr7c","{""bme688"": [{""temp"": 24.13139, ""step"": 7, ""status"": 1, ""pres"": 979.9498, ""meas_profile"": ""HP-8"", ""meas_id"": 8, ""hum"": 35.23022, ""gas_res"": 5684.846}, {""temp"": 24.12983, ""step"": 7, ""status"": 1, ""pres"": 980.1071, ""meas_profile"": ""HP-7"", ""meas_id"": 7, ""hum"": 35.10752, ""gas_res"": 5684.846}, {""temp"": 24.20788, ""step"": 7, ""status"": 1, ""pres"": 980.2857, ""meas_profile"": ""HP-6"", ""meas_id"": 6, ""hum"": 34.95652, ""gas_res"": 7119.021}, {""temp"": 24.12673, ""step"": 7, ""status"": 1, ""pres"": 980.0151, ""meas_profile"": ""HP-5"", ""meas_id"": 5, ""hum"": 35.14143, ""gas_res"": 25000.0}, {""temp"": 23.92135, ""step"": 7, ""status"": 1, ""pres"": 980.1071, ""meas_profile"": ""HP-4"", ""meas_id"": 4, ""hum"": 34.57204, ""gas_res"": 17669.79}, {""temp"": 24.07152, ""step"": 7, ""status"": 1, ""pres"": 979.7271, ""meas_profile"": ""HP-3"", ""meas_id"": 3, ""hum"": 35.03594, ""gas_res"": 6514.658}, {""temp"": 24.01276, ""step"": 7, ""status"": 1, ""pres"": 979.9012, ""meas_profile"": ""HP-2"", ""meas_id"": 2, ""hum"": 35.26189, ""gas_res"": 6340.4}, {""temp"": 23.79205, ""step"": 7, ""status"": 1, ""pres"": 979.9376, ""meas_profile"": ""HP-1"", ""meas_id"": 1, ""hum"": 34.90172, ""gas_res"": 7095.344}]}",NULL,"2025-10-29 09:59:46.457615"
14403,"04a600b9b0b8","2025-10-29 09:59:03","pQoT47upqHRaDahZPr7c","{""bme688"": [{""temp"": 24.13108, ""step"": 6, ""status"": 1, ""pres"": 979.9495, ""meas_profile"": ""HP-8"", ""meas_id"": 8, ""hum"": 35.23595, ""gas_res"": 14925.37}, {""temp"": 24.12952, ""step"": 6, ""status"": 1, ""pres"": 980.1066, ""meas_profile"": ""HP-7"", ""meas_id"": 7, ""hum"": 35.11319, ""gas_res"": 17862.13}, {""temp"": 24.20757, ""step"": 6, ""status"": 1, ""pres"": 980.2869, ""meas_profile"": ""HP-6"", ""meas_id"": 6, ""hum"": 34.95071, ""gas_res"": 32072.16}, {""temp"": 24.12611, ""step"": 6, ""status"": 1, ""pres"": 980.0159, ""meas_profile"": ""HP-5"", ""meas_id"": 5, ""hum"": 35.13565, ""gas_res"": 102976.7}, {""temp"": 23.92073, ""step"": 6, ""status"": 1, ""pres"": 980.108, ""meas_profile"": ""HP-4"", ""meas_id"": 4, ""hum"": 34.56043, ""gas_res"": 101085.9}, {""temp"": 24.07121, ""step"": 6, ""status"": 1, ""pres"": 979.7265, ""meas_profile"": ""HP-3"", ""meas_id"": 3, ""hum"": 35.04169, ""gas_res"": 36332.67}, {""temp"": 24.01245, ""step"": 6, ""status"": 1, ""pres"": 979.9007, ""meas_profile"": ""HP-2"", ""meas_id"": 2, ""hum"": 35.28473, ""gas_res"": 91330.72}, {""temp"": 23.79173, ""step"": 6, ""status"": 1, ""pres"": 979.9372, ""meas_profile"": ""HP-1"", ""meas_id"": 1, ""hum"": 34.90169, ""gas_res"": 43971.14}]}",NULL,"2025-10-29 09:59:47.923083"
14404,"04a600b9b0b8","2025-10-29 09:59:03","pQoT47upqHRaDahZPr7c","{""bme688"": [{""temp"": 24.13046, ""step"": 5, ""status"": 1, ""pres"": 979.9501, ""meas_profile"": ""HP-8"", ""meas_id"": 8, ""hum"": 35.24743, ""gas_res"": 14956.77}, {""temp"": 24.12921, ""step"": 5, ""status"": 1, ""pres"": 980.106, ""meas_profile"": ""HP-7"", ""meas_id"": 7, ""hum"": 35.11886, ""gas_res"": 17862.13}, {""temp"": 24.20757, ""step"": 5, ""status"": 1, ""pres"": 980.2869, ""meas_profile"": ""HP-6"", ""meas_id"": 6, ""hum"": 34.95649, ""gas_res"": 31928.16}, {""temp"": 24.12579, ""step"": 5, ""status"": 1, ""pres"": 980.0151, ""meas_profile"": ""HP-5"", ""meas_id"": 5, ""hum"": 35.14134, ""gas_res"": 101870.3}, {""temp"": 23.92042, ""step"": 5, ""status"": 1, ""pres"": 980.1072, ""meas_profile"": ""HP-4"", ""meas_id"": 4, ""hum"": 34.56618, ""gas_res"": 99669.07}, {""temp"": 24.0709, ""step"": 5, ""status"": 1, ""pres"": 979.7243, ""meas_profile"": ""HP-3"", ""meas_id"": 3, ""hum"": 35.04166, ""gas_res"": 34820.46}, {""temp"": 24.01245, ""step"": 5, ""status"": 1, ""pres"": 979.9007, ""meas_profile"": ""HP-2"", ""meas_id"": 2, ""hum"": 35.28473, ""gas_res"": 86428.09}, {""temp"": 23.79173, ""step"": 5, ""status"": 1, ""pres"": 979.9372, ""meas_profile"": ""HP-1"", ""meas_id"": 1, ""hum"": 34.9076, ""gas_res"": 41653.11}]}",NULL,"2025-10-29 09:59:49.053098"
14405,"04a600b9b0b8","2025-10-29 09:59:03","pQoT47upqHRaDahZPr7c","{""bme688"": [{""temp"": 24.13015, ""step"": 4, ""status"": 1, ""pres"": 979.9497, ""meas_profile"": ""HP-8"", ""meas_id"": 8, ""hum"": 35.23586, ""gas_res"": 15009.38}, {""temp"": 24.12889, ""step"": 4, ""status"": 1, ""pres"": 980.1072, ""meas_profile"": ""HP-7"", ""meas_id"": 7, ""hum"": 35.13024, ""gas_res"": 17952.31}, {""temp"": 24.20726, ""step"": 4, ""status"": 1, ""pres"": 980.288, ""meas_profile"": ""HP-6"", ""meas_id"": 6, ""hum"": 34.97379, ""gas_res"": 32290.62}, {""temp"": 24.12548, ""step"": 4, ""status"": 1, ""pres"": 980.0145, ""meas_profile"": ""HP-5"", ""meas_id"": 5, ""hum"": 35.16987, ""gas_res"": 102236.4}, {""temp"": 23.9198, ""step"": 4, ""status"": 1, ""pres"": 980.1063, ""meas_profile"": ""HP-4"", ""meas_id"": 4, ""hum"": 34.57767, ""gas_res"": 98975.45}, {""temp"": 24.07059, ""step"": 4, ""status"": 1, ""pres"": 979.7239, ""meas_profile"": ""HP-3"", ""meas_id"": 3, ""hum"": 35.07054, ""gas_res"": 32913.34}, {""temp"": 24.01183, ""step"": 4, ""status"": 1, ""pres"": 979.9014, ""meas_profile"": ""HP-2"", ""meas_id"": 2, ""hum"": 35.2961, ""gas_res"": 81321.48}, {""temp"": 23.79142, ""step"": 4, ""status"": 1, ""pres"": 979.9367, ""meas_profile"": ""HP-1"", ""meas_id"": 1, ""hum"": 34.91348, ""gas_res"": 39060.12}]}",NULL,"2025-10-29 09:59:50.298373"
14406,"04a600b9b0b8","2025-10-29 09:59:03","pQoT47upqHRaDahZPr7c","{""bme688"": [{""temp"": 24.12954, ""step"": 3, ""status"": 1, ""pres"": 979.9504, ""meas_profile"": ""HP-8"", ""meas_id"": 8, ""hum"": 35.25311, ""gas_res"": 21052.63}, {""temp"": 24.12827, ""step"": 3, ""status"": 1, ""pres"": 980.1062, ""meas_profile"": ""HP-7"", ""meas_id"": 7, ""hum"": 35.14727, ""gas_res"": 26234.88}, {""temp"": 24.20665, ""step"": 3, ""status"": 1, ""pres"": 980.2872, ""meas_profile"": ""HP-6"", ""meas_id"": 6, ""hum"": 34.97374, ""gas_res"": 63618.29}, {""temp"": 24.12486, ""step"": 3, ""status"": 1, ""pres"": 980.0153, ""meas_profile"": ""HP-5"", ""meas_id"": 5, ""hum"": 35.16981, ""gas_res"": 135199.4}, {""temp"": 23.91918, ""step"": 3, ""status"": 1, ""pres"": 980.1069, ""meas_profile"": ""HP-4"", ""meas_id"": 4, ""hum"": 34.57761, ""gas_res"": 164207.8}, {""temp"": 24.06997, ""step"": 3, ""status"": 1, ""pres"": 979.723, ""meas_profile"": ""HP-3"", ""meas_id"": 3, ""hum"": 35.05891, ""gas_res"": 80175.38}, {""temp"": 24.0112, ""step"": 3, ""status"": 1, ""pres"": 979.9003, ""meas_profile"": ""HP-2"", ""meas_id"": 2, ""hum"": 35.29604, ""gas_res"": 137155.1}, {""temp"": 23.7908, ""step"": 3, ""status"": 1, ""pres"": 979.9356, ""meas_profile"": ""HP-1"", ""meas_id"": 1, ""hum"": 34.93116, ""gas_res"": 102728.7}]}",NULL,"2025-10-29 09:59:51.576659"
14407,"04a600b9b0b8","2025-10-29 09:59:03","pQoT47upqHRaDahZPr7c","{""bme688"": [{""temp"": 24.12923, ""step"": 2, ""status"": 1, ""pres"": 979.95, ""meas_profile"": ""HP-8"", ""meas_id"": 8, ""hum"": 35.24731, ""gas_res"": 35310.34}, {""temp"": 24.12796, ""step"": 2, ""status"": 1, ""pres"": 980.1057, ""meas_profile"": ""HP-7"", ""meas_id"": 7, ""hum"": 35.13584, ""gas_res"": 44849.34}, {""temp"": 24.20633, ""step"": 2, ""status"": 1, ""pres"": 980.2885, ""meas_profile"": ""HP-6"", ""meas_id"": 6, ""hum"": 34.96215, ""gas_res"": 144960.4}, {""temp"": 24.12454, ""step"": 2, ""status"": 1, ""pres"": 980.0148, ""meas_profile"": ""HP-5"", ""meas_id"": 5, ""hum"": 35.16978, ""gas_res"": 373722.6}, {""temp"": 23.91887, ""step"": 2, ""status"": 1, ""pres"": 980.1065, ""meas_profile"": ""HP-4"", ""meas_id"": 4, ""hum"": 34.6007, ""gas_res"": 388246.4}, {""temp"": 24.06966, ""step"": 2, ""status"": 1, ""pres"": 979.7224, ""meas_profile"": ""HP-3"", ""meas_id"": 3, ""hum"": 35.08202, ""gas_res"": 172506.7}, {""temp"": 24.01089, ""step"": 2, ""status"": 1, ""pres"": 979.8997, ""meas_profile"": ""HP-2"", ""meas_id"": 2, ""hum"": 35.30745, ""gas_res"": 311340.8}, {""temp"": 23.79049, ""step"": 2, ""status"": 1, ""pres"": 979.9352, ""meas_profile"": ""HP-1"", ""meas_id"": 1, ""hum"": 34.92522, ""gas_res"": 224217.2}]}",NULL,"2025-10-29 09:59:53.041715"
14408,"04a600b9b0b8","2025-10-29 09:59:03","pQoT47upqHRaDahZPr7c","{""bme688"": [{""temp"": 24.12892, ""step"": 1, ""status"": 1, ""pres"": 979.9512, ""meas_profile"": ""HP-8"", ""meas_id"": 8, ""hum"": 35.24151, ""gas_res"": 8705.114}, {""temp"": 24.12796, ""step"": 1, ""status"": 1, ""pres"": 980.1057, ""meas_profile"": ""HP-7"", ""meas_id"": 7, ""hum"": 35.13584, ""gas_res"": 9765.029}, {""temp"": 24.20603, ""step"": 1, ""status"": 1, ""pres"": 980.288, ""meas_profile"": ""HP-6"", ""meas_id"": 6, ""hum"": 34.97946, ""gas_res"": 25000.0}, {""temp"": 24.12423, ""step"": 1, ""status"": 1, ""pres"": 980.016, ""meas_profile"": ""HP-5"", ""meas_id"": 5, ""hum"": 35.16975, ""gas_res"": 31227.13}, {""temp"": 23.91856, ""step"": 1, ""status"": 1, ""pres"": 980.1077, ""meas_profile"": ""HP-4"", ""meas_id"": 4, ""hum"": 34.58912, ""gas_res"": 27826.09}, {""temp"": 24.06935, ""step"": 1, ""status"": 1, ""pres"": 979.7219, ""meas_profile"": ""HP-3"", ""meas_id"": 3, ""hum"": 35.07619, ""gas_res"": 25000.0}, {""temp"": 24.01058, ""step"": 1, ""status"": 1, ""pres"": 979.8993, ""meas_profile"": ""HP-2"", ""meas_id"": 2, ""hum"": 35.31885, ""gas_res"": 25000.0}, {""temp"": 23.79018, ""step"": 1, ""status"": 1, ""pres"": 979.9366, ""meas_profile"": ""HP-1"", ""meas_id"": 1, ""hum"": 34.94294, ""gas_res"": 25000.0}]}",NULL,"2025-10-29 09:59:54.134471"
14409,"04a600b9b0b8","2025-10-29 09:59:03","pQoT47upqHRaDahZPr7c","{""bme688"": [{""temp"": 24.1283, ""step"": 0, ""status"": 1, ""pres"": 979.9503, ""meas_profile"": ""HP-8"", ""meas_id"": 8, ""hum"": 35.24722, ""gas_res"": 5684.846}, {""temp"": 24.12765, ""step"": 0, ""status"": 1, ""pres"": 980.1069, ""meas_profile"": ""HP-7"", ""meas_id"": 7, ""hum"": 35.15292, ""gas_res"": 6295.495}, {""temp"": 24.20572, ""step"": 0, ""status"": 1, ""pres"": 980.2874, ""meas_profile"": ""HP-6"", ""meas_id"": 6, ""hum"": 34.99099, ""gas_res"": 7633.588}, {""temp"": 24.12423, ""step"": 0, ""status"": 1, ""pres"": 980.016, ""meas_profile"": ""HP-5"", ""meas_id"": 5, ""hum"": 35.18118, ""gas_res"": 25000.0}, {""temp"": 23.91825, ""step"": 0, ""status"": 1, ""pres"": 980.1071, ""meas_profile"": ""HP-4"", ""meas_id"": 4, ""hum"": 34.58908, ""gas_res"": 17802.5}, {""temp"": 24.06904, ""step"": 0, ""status"": 1, ""pres"": 979.7213, ""meas_profile"": ""HP-3"", ""meas_id"": 3, ""hum"": 35.07039, ""gas_res"": 6514.658}, {""temp"": 24.01027, ""step"": 0, ""status"": 1, ""pres"": 979.9003, ""meas_profile"": ""HP-2"", ""meas_id"": 2, ""hum"": 35.31882, ""gas_res"": 5964.585}, {""temp"": 23.78987, ""step"": 0, ""status"": 1, ""pres"": 979.9361, ""meas_profile"": ""HP-1"", ""meas_id"": 1, ""hum"": 34.93108, ""gas_res"": 7067.138}]}",NULL,"2025-10-29 09:59:55.427488"
14410,"04a600b9b0b8","2025-10-29 10:00:12","pQoT47upqHRaDahZPr7c","{""zphs01b"": {""voc"": 0, ""temp"": 22.0, ""pm2_5"": 0, ""pm1_0"": 0, ""pm10"": 316, ""o3"": 0.03, ""no2"": 10.0, ""hum"": 0, ""fmhd"": 0, ""co2"": 5000, ""co"": 0.0}, ""smell_b"": {}, ""sfa30"": {""temp"": 24.08, ""hum"": 37.56, ""fmhd"": 8.6}, ""sen5x"": {""voc"": 136.0, ""temp"": 24.445, ""pm4_0"": 4433.5, ""pm2_5"": 4433.5, ""pm1_0"": 4227.6, ""pm10"": 4433.5, ""nox"": 1.0, ""mass_c"": 4382.025, ""hum"": 41.99}, ""scd41"": {""temp"": 23.5687, ""hum"": 45.7023, ""co2"": 655}, ""power_source"": 0, ""mics6814"": {""red_res"": 0, ""no2_res"": 0, ""no2"": 0.17, ""nh3_res"": 0, ""nh3"": 0.73, ""co_res"": 0, ""co"": 44.0}}",NULL,"2025-10-29 10:00:58.730035"
14411,"04a600b9b0b8","2025-10-29 10:00:12","pQoT47upqHRaDahZPr7c","{""bme688"": [{""temp"": 24.14591, ""step"": 9, ""status"": 1, ""pres"": 979.9604, ""meas_profile"": ""HP-8"", ""meas_id"": 8, ""hum"": 35.13938, ""gas_res"": 5684.846}, {""temp"": 24.14132, ""step"": 9, ""status"": 1, ""pres"": 980.111, ""meas_profile"": ""HP-7"", ""meas_id"": 7, ""hum"": 35.03454, ""gas_res"": 5789.759}, {""temp"": 24.21714, ""step"": 9, ""status"": 1, ""pres"": 980.2817, ""meas_profile"": ""HP-6"", ""meas_id"": 6, ""hum"": 34.88807, ""gas_res"": 7710.843}, {""temp"": 24.13549, ""step"": 9, ""status"": 1, ""pres"": 980.0109, ""meas_profile"": ""HP-5"", ""meas_id"": 5, ""hum"": 35.06803, ""gas_res"": 25000.0}, {""temp"": 23.9316, ""step"": 9, ""status"": 1, ""pres"": 980.1108, ""meas_profile"": ""HP-4"", ""meas_id"": 4, ""hum"": 34.46904, ""gas_res"": 22711.14}, {""temp"": 24.0842, ""step"": 9, ""status"": 1, ""pres"": 979.7461, ""meas_profile"": ""HP-3"", ""meas_id"": 3, ""hum"": 34.95624, ""gas_res"": 6001.5}, {""temp"": 24.02487, ""step"": 9, ""status"": 1, ""pres"": 979.9078, ""meas_profile"": ""HP-2"", ""meas_id"": 2, ""hum"": 35.17734, ""gas_res"": 7818.226}, {""temp"": 23.80512, ""step"": 9, ""status"": 1, ""pres"": 979.9487, ""meas_profile"": ""HP-1"", ""meas_id"": 1, ""hum"": 34.80247, ""gas_res"": 8036.163}]}",NULL,"2025-10-29 10:01:00.147796"
14412,"04a600b9b0b8","2025-10-29 10:00:12","pQoT47upqHRaDahZPr7c","{""bme688"": [{""temp"": 24.14498, ""step"": 8, ""status"": 1, ""pres"": 979.959, ""meas_profile"": ""HP-8"", ""meas_id"": 8, ""hum"": 35.15658, ""gas_res"": 5684.846}, {""temp"": 24.141, ""step"": 8, ""status"": 1, ""pres"": 980.1124, ""meas_profile"": ""HP-7"", ""meas_id"": 7, ""hum"": 35.04021, ""gas_res"": 5786.619}, {""temp"": 24.21683, ""step"": 8, ""status"": 1, ""pres"": 980.2813, ""meas_profile"": ""HP-6"", ""meas_id"": 6, ""hum"": 34.89382, ""gas_res"": 8109.478}, {""temp"": 24.13549, ""step"": 8, ""status"": 1, ""pres"": 980.0126, ""meas_profile"": ""HP-5"", ""meas_id"": 5, ""hum"": 35.05661, ""gas_res"": 25000.0}, {""temp"": 23.93129, ""step"": 8, ""status"": 1, ""pres"": 980.1104, ""meas_profile"": ""HP-4"", ""meas_id"": 4, ""hum"": 34.47478, ""gas_res"": 23029.87}, {""temp"": 24.08358, ""step"": 8, ""status"": 1, ""pres"": 979.745, ""meas_profile"": ""HP-3"", ""meas_id"": 3, ""hum"": 34.93885, ""gas_res"": 5961.252}, {""temp"": 24.02456, ""step"": 8, ""status"": 1, ""pres"": 979.9072, ""meas_profile"": ""HP-2"", ""meas_id"": 2, ""hum"": 35.1716, ""gas_res"": 8184.143}, {""temp"": 23.80449, ""step"": 8, ""status"": 1, ""pres"": 979.9478, ""meas_profile"": ""HP-1"", ""meas_id"": 1, ""hum"": 34.79059, ""gas_res"": 6042.296}]}",NULL,"2025-10-29 10:01:01.334165"
14413,"04a600b9b0b8","2025-10-29 10:00:12","pQoT47upqHRaDahZPr7c","{""bme688"": [{""temp"": 24.14436, ""step"": 7, ""status"": 1, ""pres"": 979.9581, ""meas_profile"": ""HP-8"", ""meas_id"": 8, ""hum"": 35.15076, ""gas_res"": 5684.846}, {""temp"": 24.14038, ""step"": 7, ""status"": 1, ""pres"": 980.1113, ""meas_profile"": ""HP-7"", ""meas_id"": 7, ""hum"": 35.02875, ""gas_res"": 5796.051}, {""temp"": 24.21621, ""step"": 7, ""status"": 1, ""pres"": 980.282, ""meas_profile"": ""HP-6"", ""meas_id"": 6, ""hum"": 34.88799, ""gas_res"": 8253.805}, {""temp"": 24.13518, ""step"": 7, ""status"": 1, ""pres"": 980.0121, ""meas_profile"": ""HP-5"", ""meas_id"": 5, ""hum"": 35.08512, ""gas_res"": 25000.0}, {""temp"": 23.93067, ""step"": 7, ""status"": 1, ""pres"": 980.111, ""meas_profile"": ""HP-4"", ""meas_id"": 4, ""hum"": 34.47472, ""gas_res"": 22930.85}, {""temp"": 24.08296, ""step"": 7, ""status"": 1, ""pres"": 979.7441, ""meas_profile"": ""HP-3"", ""meas_id"": 3, ""hum"": 34.93879, ""gas_res"": 8128.016}, {""temp"": 24.02394, ""step"": 7, ""status"": 1, ""pres"": 979.9078, ""meas_profile"": ""HP-2"", ""meas_id"": 2, ""hum"": 35.2001, ""gas_res"": 7994.004}, {""temp"": 23.80356, ""step"": 7, ""status"": 1, ""pres"": 979.9464, ""meas_profile"": ""HP-1"", ""meas_id"": 1, ""hum"": 34.80232, ""gas_res"": 6200.349}]}",NULL,"2025-10-29 10:01:02.621608"
14414,"04a600b9b0b8","2025-10-29 10:00:12","pQoT47upqHRaDahZPr7c","{""bme688"": [{""temp"": 24.14374, ""step"": 6, ""status"": 1, ""pres"": 979.9587, ""meas_profile"": ""HP-8"", ""meas_id"": 8, ""hum"": 35.15646, ""gas_res"": 15009.38}, {""temp"": 24.13976, ""step"": 6, ""status"": 1, ""pres"": 980.1118, ""meas_profile"": ""HP-7"", ""meas_id"": 7, ""hum"": 35.04579, ""gas_res"": 18890.2}, {""temp"": 24.2159, ""step"": 6, ""status"": 1, ""pres"": 980.2814, ""meas_profile"": ""HP-6"", ""meas_id"": 6, ""hum"": 34.8764, ""gas_res"": 38635.68}, {""temp"": 24.13455, ""step"": 6, ""status"": 1, ""pres"": 980.0109, ""meas_profile"": ""HP-5"", ""meas_id"": 5, ""hum"": 35.06223, ""gas_res"": 135199.4}, {""temp"": 23.93036, ""step"": 6, ""status"": 1, ""pres"": 980.1105, ""meas_profile"": ""HP-4"", ""meas_id"": 4, ""hum"": 34.48047, ""gas_res"": 139054.9}, {""temp"": 24.08234, ""step"": 6, ""status"": 1, ""pres"": 979.7431, ""meas_profile"": ""HP-3"", ""meas_id"": 3, ""hum"": 34.95606, ""gas_res"": 78191.81}, {""temp"": 24.023, ""step"": 6, ""status"": 1, ""pres"": 979.9064, ""meas_profile"": ""HP-2"", ""meas_id"": 2, ""hum"": 35.1943, ""gas_res"": 103664.7}, {""temp"": 23.80294, ""step"": 6, ""status"": 1, ""pres"": 979.9472, ""meas_profile"": ""HP-1"", ""meas_id"": 1, ""hum"": 34.79635, ""gas_res"": 100000.0}]}",NULL,"2025-10-29 10:01:03.892983"
14415,"04a600b9b0b8","2025-10-29 10:00:12","pQoT47upqHRaDahZPr7c","{""bme688"": [{""temp"": 24.14313, ""step"": 5, ""status"": 1, ""pres"": 979.9578, ""meas_profile"": ""HP-8"", ""meas_id"": 8, ""hum"": 35.16217, ""gas_res"": 14862.98}, {""temp"": 24.13914, ""step"": 5, ""status"": 1, ""pres"": 980.1107, ""meas_profile"": ""HP-7"", ""meas_id"": 7, ""hum"": 35.04573, ""gas_res"": 18740.85}, {""temp"": 24.2156, ""step"": 5, ""status"": 1, ""pres"": 980.2825, ""meas_profile"": ""HP-6"", ""meas_id"": 6, ""hum"": 34.88214, ""gas_res"": 38635.68}, {""temp"": 24.13392, ""step"": 5, ""status"": 1, ""pres"": 980.0118, ""meas_profile"": ""HP-5"", ""meas_id"": 5, ""hum"": 35.09642, ""gas_res"": 134985.5}, {""temp"": 23.92974, ""step"": 5, ""status"": 1, ""pres"": 980.1111, ""meas_profile"": ""HP-4"", ""meas_id"": 4, ""hum"": 34.47463, ""gas_res"": 137375.9}, {""temp"": 24.08172, ""step"": 5, ""status"": 1, ""pres"": 979.7422, ""meas_profile"": ""HP-3"", ""meas_id"": 3, ""hum"": 34.93867, ""gas_res"": 46360.02}, {""temp"": 24.02238, ""step"": 5, ""status"": 1, ""pres"": 979.907, ""meas_profile"": ""HP-2"", ""meas_id"": 2, ""hum"": 35.18853, ""gas_res"": 101145.8}, {""temp"": 23.80263, ""step"": 5, ""status"": 1, ""pres"": 979.9467, ""meas_profile"": ""HP-1"", ""meas_id"": 1, ""hum"": 34.79632, ""gas_res"": 100000.0}]}",NULL,"2025-10-29 10:01:05.270968"
14416,"04a600b9b0b8","2025-10-29 10:00:12","pQoT47upqHRaDahZPr7c","{""bme688"": [{""temp"": 24.14251, ""step"": 4, ""status"": 1, ""pres"": 979.9568, ""meas_profile"": ""HP-8"", ""meas_id"": 8, ""hum"": 35.17363, ""gas_res"": 14719.41}, {""temp"": 24.13852, ""step"": 4, ""status"": 1, ""pres"": 980.1097, ""meas_profile"": ""HP-7"", ""meas_id"": 7, ""hum"": 35.05707, ""gas_res"": 18577.65}, {""temp"": 24.21529, ""step"": 4, ""status"": 1, ""pres"": 980.2839, ""meas_profile"": ""HP-6"", ""meas_id"": 6, ""hum"": 34.88789, ""gas_res"": 38635.68}, {""temp"": 24.1333, ""step"": 4, ""status"": 1, ""pres"": 980.0125, ""meas_profile"": ""HP-5"", ""meas_id"": 5, ""hum"": 35.09066, ""gas_res"": 136496.9}, {""temp"": 23.92943, ""step"": 4, ""status"": 1, ""pres"": 980.1107, ""meas_profile"": ""HP-4"", ""meas_id"": 4, ""hum"": 34.48616, ""gas_res"": 139395.6}, {""temp"": 24.08141, ""step"": 4, ""status"": 1, ""pres"": 979.7417, ""meas_profile"": ""HP-3"", ""meas_id"": 3, ""hum"": 34.97331, ""gas_res"": 44755.25}, {""temp"": 24.02145, ""step"": 4, ""status"": 1, ""pres"": 979.9055, ""meas_profile"": ""HP-2"", ""meas_id"": 2, ""hum"": 35.17701, ""gas_res"": 99378.88}, {""temp"": 23.802, ""step"": 4, ""status"": 1, ""pres"": 979.9459, ""meas_profile"": ""HP-1"", ""meas_id"": 1, ""hum"": 34.80217, ""gas_res"": 92219.02}]}",NULL,"2025-10-29 10:01:06.453671"
14417,"04a600b9b0b8","2025-10-29 10:00:12","pQoT47upqHRaDahZPr7c","{""bme688"": [{""temp"": 24.14189, ""step"": 3, ""status"": 1, ""pres"": 979.9578, ""meas_profile"": ""HP-8"", ""meas_id"": 8, ""hum"": 35.17357, ""gas_res"": 8503.854}, {""temp"": 24.1379, ""step"": 3, ""status"": 1, ""pres"": 980.1105, ""meas_profile"": ""HP-7"", ""meas_id"": 7, ""hum"": 35.0684, ""gas_res"": 10040.79}, {""temp"": 24.21467, ""step"": 3, ""status"": 1, ""pres"": 980.2829, ""meas_profile"": ""HP-6"", ""meas_id"": 6, ""hum"": 34.89361, ""gas_res"": 23791.82}, {""temp"": 24.13267, ""step"": 3, ""status"": 0, ""pres"": 980.0114, ""meas_profile"": ""HP-5"", ""meas_id"": 5, ""hum"": 35.10773, ""gas_res"": 49060.94}, {""temp"": 23.9285, ""step"": 3, ""status"": 1, ""pres"": 980.1108, ""meas_profile"": ""HP-4"", ""meas_id"": 4, ""hum"": 34.51495, ""gas_res"": 49089.16}, {""temp"": 24.08049, ""step"": 3, ""status"": 1, ""pres"": 979.7401, ""meas_profile"": ""HP-3"", ""meas_id"": 3, ""hum"": 34.98477, ""gas_res"": 31250.0}, {""temp"": 24.02052, ""step"": 3, ""status"": 1, ""pres"": 979.9056, ""meas_profile"": ""HP-2"", ""meas_id"": 2, ""hum"": 35.20549, ""gas_res"": 48174.63}, {""temp"": 23.80138, ""step"": 3, ""status"": 1, ""pres"": 979.9448, ""meas_profile"": ""HP-1"", ""meas_id"": 1, ""hum"": 34.81984, ""gas_res"": 31761.79}]}",NULL,"2025-10-29 10:01:07.732747"
14418,"04a600b9b0b8","2025-10-29 10:00:12","pQoT47upqHRaDahZPr7c","{""bme688"": [{""temp"": 24.14127, ""step"": 2, ""status"": 1, ""pres"": 979.9567, ""meas_profile"": ""HP-8"", ""meas_id"": 8, ""hum"": 35.17928, ""gas_res"": 30061.06}, {""temp"": 24.13728, ""step"": 2, ""status"": 1, ""pres"": 980.1094, ""meas_profile"": ""HP-7"", ""meas_id"": 7, ""hum"": 35.07404, ""gas_res"": 40314.96}, {""temp"": 24.21405, ""step"": 2, ""status"": 1, ""pres"": 980.2837, ""meas_profile"": ""HP-6"", ""meas_id"": 6, ""hum"": 34.91088, ""gas_res"": 152881.5}, {""temp"": 24.13205, ""step"": 2, ""status"": 1, ""pres"": 980.0121, ""meas_profile"": ""HP-5"", ""meas_id"": 5, ""hum"": 35.11338, ""gas_res"": 409190.8}, {""temp"": 23.92788, ""step"": 2, ""status"": 1, ""pres"": 980.1097, ""meas_profile"": ""HP-4"", ""meas_id"": 4, ""hum"": 34.50911, ""gas_res"": 477611.9}, {""temp"": 24.07987, ""step"": 2, ""status"": 1, ""pres"": 979.7408, ""meas_profile"": ""HP-3"", ""meas_id"": 3, ""hum"": 34.98471, ""gas_res"": 215988.2}, {""temp"": 24.0199, ""step"": 2, ""status"": 1, ""pres"": 979.9046, ""meas_profile"": ""HP-2"", ""meas_id"": 2, ""hum"": 35.21685, ""gas_res"": 401726.2}, {""temp"": 23.80045, ""step"": 2, ""status"": 1, ""pres"": 979.9434, ""meas_profile"": ""HP-1"", ""meas_id"": 1, ""hum"": 34.83157, ""gas_res"": 290909.1}]}",NULL,"2025-10-29 10:01:09.014304"
14419,"04a600b9b0b8","2025-10-29 10:00:12","pQoT47upqHRaDahZPr7c","{""bme688"": [{""temp"": 24.14066, ""step"": 1, ""status"": 1, ""pres"": 979.9574, ""meas_profile"": ""HP-8"", ""meas_id"": 8, ""hum"": 35.18498, ""gas_res"": 8247.423}, {""temp"": 24.13728, ""step"": 1, ""status"": 1, ""pres"": 980.1111, ""meas_profile"": ""HP-7"", ""meas_id"": 7, ""hum"": 35.07404, ""gas_res"": 9756.098}, {""temp"": 24.21375, ""step"": 1, ""status"": 1, ""pres"": 980.2832, ""meas_profile"": ""HP-6"", ""meas_id"": 6, ""hum"": 34.91086, ""gas_res"": 25000.0}, {""temp"": 24.13173, ""step"": 1, ""status"": 1, ""pres"": 980.0114, ""meas_profile"": ""HP-5"", ""meas_id"": 5, ""hum"": 35.11335, ""gas_res"": 39312.04}, {""temp"": 23.92757, ""step"": 1, ""status"": 1, ""pres"": 980.1108, ""meas_profile"": ""HP-4"", ""meas_id"": 4, ""hum"": 34.51486, ""gas_res"": 35814.21}, {""temp"": 24.07956, ""step"": 1, ""status"": 1, ""pres"": 979.7402, ""meas_profile"": ""HP-3"", ""meas_id"": 3, ""hum"": 34.97891, ""gas_res"": 25000.0}, {""temp"": 24.01959, ""step"": 1, ""status"": 1, ""pres"": 979.9058, ""meas_profile"": ""HP-2"", ""meas_id"": 2, ""hum"": 35.22254, ""gas_res"": 31550.41}, {""temp"": 23.80014, ""step"": 1, ""status"": 1, ""pres"": 979.9448, ""meas_profile"": ""HP-1"", ""meas_id"": 1, ""hum"": 34.83745, ""gas_res"": 25000.0}]}",NULL,"2025-10-29 10:01:10.404354"
14420,"04a600b9b0b8","2025-10-29 10:00:12","pQoT47upqHRaDahZPr7c","{""bme688"": [{""temp"": 24.14004, ""step"": 0, ""status"": 1, ""pres"": 979.9563, ""meas_profile"": ""HP-8"", ""meas_id"": 8, ""hum"": 35.17339, ""gas_res"": 5684.846}, {""temp"": 24.13666, ""step"": 0, ""status"": 1, ""pres"": 980.11, ""meas_profile"": ""HP-7"", ""meas_id"": 7, ""hum"": 35.06829, ""gas_res"": 6004.879}, {""temp"": 24.21344, ""step"": 0, ""status"": 1, ""pres"": 980.2843, ""meas_profile"": ""HP-6"", ""meas_id"": 6, ""hum"": 34.92238, ""gas_res"": 8196.722}, {""temp"": 24.13142, ""step"": 0, ""status"": 1, ""pres"": 980.0125, ""meas_profile"": ""HP-5"", ""meas_id"": 5, ""hum"": 35.11903, ""gas_res"": 25000.0}, {""temp"": 23.92726, ""step"": 0, ""status"": 1, ""pres"": 980.1102, ""meas_profile"": ""HP-4"", ""meas_id"": 4, ""hum"": 34.50327, ""gas_res"": 22662.89}, {""temp"": 24.07894, ""step"": 0, ""status"": 1, ""pres"": 979.7393, ""meas_profile"": ""HP-3"", ""meas_id"": 3, ""hum"": 34.99041, ""gas_res"": 7958.219}, {""temp"": 24.01897, ""step"": 0, ""status"": 1, ""pres"": 979.9048, ""meas_profile"": ""HP-2"", ""meas_id"": 2, ""hum"": 35.21105, ""gas_res"": 7606.37}, {""temp"": 23.79951, ""step"": 0, ""status"": 1, ""pres"": 979.9438, ""meas_profile"": ""HP-1"", ""meas_id"": 1, ""hum"": 34.83149, ""gas_res"": 5994.754}]}",NULL,"2025-10-29 10:01:11.573997"
14421,"04a600b9b0b8","2025-10-29 09:59:45","pQoT47upqHRaDahZPr7c","{""zphs01b"": {""voc"": 0, ""temp"": 22.0, ""pm2_5"": 0, ""pm1_0"": 0, ""pm10"": 317, ""o3"": 0.03, ""no2"": 8.58, ""hum"": 0, ""fmhd"": 0, ""co2"": 5000, ""co"": 0.0}, ""smell_b"": {}, ""sfa30"": {""temp"": 24.07, ""hum"": 37.59, ""fmhd"": 7.8}, ""sen5x"": {""voc"": 136.0, ""temp"": 24.525, ""pm4_0"": 4438.8, ""pm2_5"": 4438.8, ""pm1_0"": 4232.6, ""pm10"": 4438.8, ""nox"": 1.0, ""mass_c"": 4387.25, ""hum"": 41.76}, ""scd41"": {""temp"": 23.54467, ""hum"": 45.69619, ""co2"": 649}, ""power_source"": 0, ""mics6814"": {""red_res"": 0, ""no2_res"": 0, ""no2"": 0.17, ""nh3_res"": 0, ""nh3"": 0.73, ""co_res"": 0, ""co"": 44.0}}",NULL,"2025-10-29 10:01:12.745119"
14422,"04a600b9b0b8","2025-10-29 09:59:45","pQoT47upqHRaDahZPr7c","{""bme688"": [{""temp"": 24.13911, ""step"": 9, ""status"": 1, ""pres"": 979.9549, ""meas_profile"": ""HP-8"", ""meas_id"": 8, ""hum"": 35.18483, ""gas_res"": 5684.846}, {""temp"": 24.13604, ""step"": 9, ""status"": 1, ""pres"": 980.1108, ""meas_profile"": ""HP-7"", ""meas_id"": 7, ""hum"": 35.06252, ""gas_res"": 5684.846}, {""temp"": 24.21282, ""step"": 9, ""status"": 1, ""pres"": 980.2834, ""meas_profile"": ""HP-6"", ""meas_id"": 6, ""hum"": 34.89921, ""gas_res"": 7114.273}, {""temp"": 24.13111, ""step"": 9, ""status"": 1, ""pres"": 980.0137, ""meas_profile"": ""HP-5"", ""meas_id"": 5, ""hum"": 35.10187, ""gas_res"": 25000.0}, {""temp"": 23.92663, ""step"": 9, ""status"": 1, ""pres"": 980.1094, ""meas_profile"": ""HP-4"", ""meas_id"": 4, ""hum"": 34.51477, ""gas_res"": 20565.55}, {""temp"": 24.07801, ""step"": 9, ""status"": 1, ""pres"": 979.736, ""meas_profile"": ""HP-3"", ""meas_id"": 3, ""hum"": 34.98454, ""gas_res"": 7744.434}, {""temp"": 24.01866, ""step"": 9, ""status"": 1, ""pres"": 979.9043, ""meas_profile"": ""HP-2"", ""meas_id"": 2, ""hum"": 35.21674, ""gas_res"": 7076.515}, {""temp"": 23.79889, ""step"": 9, ""status"": 1, ""pres"": 979.9428, ""meas_profile"": ""HP-1"", ""meas_id"": 1, ""hum"": 34.82551, ""gas_res"": 7590.133}]}",NULL,"2025-10-29 10:01:14.136391"
14423,"04a600b9b0b8","2025-10-29 09:59:45","pQoT47upqHRaDahZPr7c","{""bme688"": [{""temp"": 24.13849, ""step"": 8, ""status"": 1, ""pres"": 979.9559, ""meas_profile"": ""HP-8"", ""meas_id"": 8, ""hum"": 35.17325, ""gas_res"": 5684.846}, {""temp"": 24.13573, ""step"": 8, ""status"": 1, ""pres"": 980.1102, ""meas_profile"": ""HP-7"", ""meas_id"": 7, ""hum"": 35.06819, ""gas_res"": 5684.846}, {""temp"": 24.21251, ""step"": 8, ""status"": 1, ""pres"": 980.2846, ""meas_profile"": ""HP-6"", ""meas_id"": 6, ""hum"": 34.91651, ""gas_res"": 7478.383}, {""temp"": 24.1308, ""step"": 8, ""status"": 1, ""pres"": 980.0132, ""meas_profile"": ""HP-5"", ""meas_id"": 5, ""hum"": 35.10184, ""gas_res"": 25000.0}, {""temp"": 23.92632, ""step"": 8, ""status"": 1, ""pres"": 980.1089, ""meas_profile"": ""HP-4"", ""meas_id"": 4, ""hum"": 34.50896, ""gas_res"": 20846.91}, {""temp"": 24.07739, ""step"": 8, ""status"": 1, ""pres"": 979.735, ""meas_profile"": ""HP-3"", ""meas_id"": 3, ""hum"": 34.98448, ""gas_res"": 7436.672}, {""temp"": 24.01834, ""step"": 8, ""status"": 1, ""pres"": 979.9037, ""meas_profile"": ""HP-2"", ""meas_id"": 2, ""hum"": 35.22814, ""gas_res"": 7264.472}, {""temp"": 23.79796, ""step"": 8, ""status"": 1, ""pres"": 979.9432, ""meas_profile"": ""HP-1"", ""meas_id"": 1, ""hum"": 34.84316, ""gas_res"": 7934.54}]}",NULL,"2025-10-29 10:01:15.527524"
14424,"04a600b9b0b8","2025-10-29 09:59:45","pQoT47upqHRaDahZPr7c","{""bme688"": [{""temp"": 24.13757, ""step"": 7, ""status"": 1, ""pres"": 979.9543, ""meas_profile"": ""HP-8"", ""meas_id"": 8, ""hum"": 35.19045, ""gas_res"": 5684.846}, {""temp"": 24.13479, ""step"": 7, ""status"": 1, ""pres"": 980.1086, ""meas_profile"": ""HP-7"", ""meas_id"": 7, ""hum"": 35.06811, ""gas_res"": 5684.846}, {""temp"": 24.2122, ""step"": 7, ""status"": 1, ""pres"": 980.2856, ""meas_profile"": ""HP-6"", ""meas_id"": 6, ""hum"": 34.90493, ""gas_res"": 7600.95}, {""temp"": 24.1308, ""step"": 7, ""status"": 1, ""pres"": 980.0132, ""meas_profile"": ""HP-5"", ""meas_id"": 5, ""hum"": 35.10755, ""gas_res"": 25000.0}, {""temp"": 23.92601, ""step"": 7, ""status"": 1, ""pres"": 980.11, ""meas_profile"": ""HP-4"", ""meas_id"": 4, ""hum"": 34.49738, ""gas_res"": 19692.31}, {""temp"": 24.07677, ""step"": 7, ""status"": 1, ""pres"": 979.7339, ""meas_profile"": ""HP-3"", ""meas_id"": 3, ""hum"": 34.9902, ""gas_res"": 7071.823}, {""temp"": 24.01772, ""step"": 7, ""status"": 1, ""pres"": 979.9043, ""meas_profile"": ""HP-2"", ""meas_id"": 2, ""hum"": 35.22807, ""gas_res"": 7034.513}, {""temp"": 23.79734, ""step"": 7, ""status"": 1, ""pres"": 979.9422, ""meas_profile"": ""HP-1"", ""meas_id"": 1, ""hum"": 34.81355, ""gas_res"": 7661.0}]}",NULL,"2025-10-29 10:01:16.694981"
14425,"04a600b9b0b8","2025-10-29 09:59:45","pQoT47upqHRaDahZPr7c","{""bme688"": [{""temp"": 24.13695, ""step"": 6, ""status"": 1, ""pres"": 979.9551, ""meas_profile"": ""HP-8"", ""meas_id"": 8, ""hum"": 35.18462, ""gas_res"": 14548.76}, {""temp"": 24.13449, ""step"": 6, ""status"": 1, ""pres"": 980.1099, ""meas_profile"": ""HP-7"", ""meas_id"": 7, ""hum"": 35.07378, ""gas_res"": 17772.84}, {""temp"": 24.21189, ""step"": 6, ""status"": 1, ""pres"": 980.2852, ""meas_profile"": ""HP-6"", ""meas_id"": 6, ""hum"": 34.91068, ""gas_res"": 33961.26}, {""temp"": 24.13017, ""step"": 6, ""status"": 1, ""pres"": 980.014, ""meas_profile"": ""HP-5"", ""meas_id"": 5, ""hum"": 35.08464, ""gas_res"": 113374.7}, {""temp"": 23.92539, ""step"": 6, ""status"": 1, ""pres"": 980.1089, ""meas_profile"": ""HP-4"", ""meas_id"": 4, ""hum"": 34.53198, ""gas_res"": 111668.5}, {""temp"": 24.07616, ""step"": 6, ""status"": 1, ""pres"": 979.7329, ""meas_profile"": ""HP-3"", ""meas_id"": 3, ""hum"": 35.01904, ""gas_res"": 38776.13}, {""temp"": 24.01741, ""step"": 6, ""status"": 1, ""pres"": 979.9038, ""meas_profile"": ""HP-2"", ""meas_id"": 2, ""hum"": 35.24519, ""gas_res"": 100000.0}, {""temp"": 23.79671, ""step"": 6, ""status"": 1, ""pres"": 979.9413, ""meas_profile"": ""HP-1"", ""meas_id"": 1, ""hum"": 34.83712, ""gas_res"": 78624.08}]}",NULL,"2025-10-29 10:01:17.978408"
14426,"04a600b9b0b8","2025-10-29 09:59:45","pQoT47upqHRaDahZPr7c","{""bme688"": [{""temp"": 24.13633, ""step"": 5, ""status"": 1, ""pres"": 979.954, ""meas_profile"": ""HP-8"", ""meas_id"": 8, ""hum"": 35.18457, ""gas_res"": 14469.82}, {""temp"": 24.13386, ""step"": 5, ""status"": 1, ""pres"": 980.1088, ""meas_profile"": ""HP-7"", ""meas_id"": 7, ""hum"": 35.07372, ""gas_res"": 17582.42}, {""temp"": 24.21128, ""step"": 5, ""status"": 1, ""pres"": 980.286, ""meas_profile"": ""HP-6"", ""meas_id"": 6, ""hum"": 34.9164, ""gas_res"": 33746.38}, {""temp"": 24.12955, ""step"": 5, ""status"": 1, ""pres"": 980.0146, ""meas_profile"": ""HP-5"", ""meas_id"": 5, ""hum"": 35.11314, ""gas_res"": 112330.0}, {""temp"": 23.92477, ""step"": 5, ""status"": 1, ""pres"": 980.1079, ""meas_profile"": ""HP-4"", ""meas_id"": 4, ""hum"": 34.52037, ""gas_res"": 109871.2}, {""temp"": 24.07585, ""step"": 5, ""status"": 1, ""pres"": 979.7324, ""meas_profile"": ""HP-3"", ""meas_id"": 3, ""hum"": 35.00167, ""gas_res"": 37220.12}, {""temp"": 24.01711, ""step"": 5, ""status"": 1, ""pres"": 979.9034, ""meas_profile"": ""HP-2"", ""meas_id"": 2, ""hum"": 35.23373, ""gas_res"": 100000.0}, {""temp"": 23.7964, ""step"": 5, ""status"": 1, ""pres"": 979.9409, ""meas_profile"": ""HP-1"", ""meas_id"": 1, ""hum"": 34.8371, ""gas_res"": 44755.25}]}",NULL,"2025-10-29 10:01:19.258273"
14427,"04a600b9b0b8","2025-10-29 09:59:45","pQoT47upqHRaDahZPr7c","{""bme688"": [{""temp"": 24.13571, ""step"": 4, ""status"": 1, ""pres"": 979.9531, ""meas_profile"": ""HP-8"", ""meas_id"": 8, ""hum"": 35.2191, ""gas_res"": 14382.02}, {""temp"": 24.13324, ""step"": 4, ""status"": 1, ""pres"": 980.1077, ""meas_profile"": ""HP-7"", ""meas_id"": 7, ""hum"": 35.07935, ""gas_res"": 17539.05}, {""temp"": 24.21096, ""step"": 4, ""status"": 1, ""pres"": 980.2856, ""meas_profile"": ""HP-6"", ""meas_id"": 6, ""hum"": 34.92214, ""gas_res"": 33934.25}, {""temp"": 24.12892, ""step"": 4, ""status"": 1, ""pres"": 980.0136, ""meas_profile"": ""HP-5"", ""meas_id"": 5, ""hum"": 35.09594, ""gas_res"": 112182.3}, {""temp"": 23.92415, ""step"": 4, ""status"": 1, ""pres"": 980.1085, ""meas_profile"": ""HP-4"", ""meas_id"": 4, ""hum"": 34.53186, ""gas_res"": 109800.6}, {""temp"": 24.07554, ""step"": 4, ""status"": 1, ""pres"": 979.7336, ""meas_profile"": ""HP-3"", ""meas_id"": 3, ""hum"": 35.00164, ""gas_res"": 35934.87}, {""temp"": 24.01679, ""step"": 4, ""status"": 1, ""pres"": 979.9028, ""meas_profile"": ""HP-2"", ""meas_id"": 2, ""hum"": 35.23941, ""gas_res"": 92518.98}, {""temp"": 23.79609, ""step"": 4, ""status"": 1, ""pres"": 979.9421, ""meas_profile"": ""HP-1"", ""meas_id"": 1, ""hum"": 34.83116, ""gas_res"": 42398.14}]}",NULL,"2025-10-29 10:01:20.630395"
14428,"04a600b9b0b8","2025-10-29 09:59:45","pQoT47upqHRaDahZPr7c","{""bme688"": [{""temp"": 24.1351, ""step"": 3, ""status"": 1, ""pres"": 979.9522, ""meas_profile"": ""HP-8"", ""meas_id"": 8, ""hum"": 35.20751, ""gas_res"": 11989.51}, {""temp"": 24.13293, ""step"": 3, ""status"": 1, ""pres"": 980.1088, ""meas_profile"": ""HP-7"", ""meas_id"": 7, ""hum"": 35.09642, ""gas_res"": 13876.84}, {""temp"": 24.21035, ""step"": 3, ""status"": 1, ""pres"": 980.2863, ""meas_profile"": ""HP-6"", ""meas_id"": 6, ""hum"": 34.92786, ""gas_res"": 30666.03}, {""temp"": 24.1283, ""step"": 3, ""status"": 1, ""pres"": 980.0142, ""meas_profile"": ""HP-5"", ""meas_id"": 5, ""hum"": 35.13015, ""gas_res"": 56574.59}, {""temp"": 23.92353, ""step"": 3, ""status"": 1, ""pres"": 980.1076, ""meas_profile"": ""HP-4"", ""meas_id"": 4, ""hum"": 34.54336, ""gas_res"": 72418.67}, {""temp"": 24.07461, ""step"": 3, ""status"": 1, ""pres"": 979.7321, ""meas_profile"": ""HP-3"", ""meas_id"": 3, ""hum"": 35.02467, ""gas_res"": 37680.3}, {""temp"": 24.01586, ""step"": 3, ""status"": 1, ""pres"": 979.9031, ""meas_profile"": ""HP-2"", ""meas_id"": 2, ""hum"": 35.2622, ""gas_res"": 61776.06}, {""temp"": 23.79516, ""step"": 3, ""status"": 1, ""pres"": 979.9408, ""meas_profile"": ""HP-1"", ""meas_id"": 1, ""hum"": 34.86654, ""gas_res"": 46259.49}]}",NULL,"2025-10-29 10:01:21.814115"
14429,"04a600b9b0b8","2025-10-29 09:59:45","pQoT47upqHRaDahZPr7c","{""bme688"": [{""temp"": 24.13448, ""step"": 2, ""status"": 1, ""pres"": 979.9512, ""meas_profile"": ""HP-8"", ""meas_id"": 8, ""hum"": 35.21321, ""gas_res"": 31785.45}, {""temp"": 24.13231, ""step"": 2, ""status"": 1, ""pres"": 980.1078, ""meas_profile"": ""HP-7"", ""meas_id"": 7, ""hum"": 35.10206, ""gas_res"": 40894.57}, {""temp"": 24.20973, ""step"": 2, ""status"": 1, ""pres"": 980.2853, ""meas_profile"": ""HP-6"", ""meas_id"": 6, ""hum"": 34.95092, ""gas_res"": 140543.5}, {""temp"": 24.12767, ""step"": 2, ""status"": 1, ""pres"": 980.0131, ""meas_profile"": ""HP-5"", ""meas_id"": 5, ""hum"": 35.13581, ""gas_res"": 373313.9}, {""temp"": 23.92291, ""step"": 2, ""status"": 1, ""pres"": 980.1065, ""meas_profile"": ""HP-4"", ""meas_id"": 4, ""hum"": 34.54908, ""gas_res"": 392713.3}, {""temp"": 24.07399, ""step"": 2, ""status"": 1, ""pres"": 979.7312, ""meas_profile"": ""HP-3"", ""meas_id"": 3, ""hum"": 35.03039, ""gas_res"": 171123.0}, {""temp"": 24.01524, ""step"": 2, ""status"": 1, ""pres"": 979.902, ""meas_profile"": ""HP-2"", ""meas_id"": 2, ""hum"": 35.26213, ""gas_res"": 324358.6}, {""temp"": 23.79453, ""step"": 2, ""status"": 1, ""pres"": 979.9397, ""meas_profile"": ""HP-1"", ""meas_id"": 1, ""hum"": 34.89013, ""gas_res"": 225849.1}]}",NULL,"2025-10-29 10:01:23.092437"
14430,"04a600b9b0b8","2025-10-29 09:59:45","pQoT47upqHRaDahZPr7c","{""bme688"": [{""temp"": 24.13417, ""step"": 1, ""status"": 1, ""pres"": 979.9525, ""meas_profile"": ""HP-8"", ""meas_id"": 8, ""hum"": 35.23048, ""gas_res"": 8324.662}, {""temp"": 24.132, ""step"": 1, ""status"": 1, ""pres"": 980.1072, ""meas_profile"": ""HP-7"", ""meas_id"": 7, ""hum"": 35.10203, ""gas_res"": 9470.258}, {""temp"": 24.20942, ""step"": 1, ""status"": 1, ""pres"": 980.2866, ""meas_profile"": ""HP-6"", ""meas_id"": 6, ""hum"": 34.94511, ""gas_res"": 25000.0}, {""temp"": 24.12767, ""step"": 1, ""status"": 1, ""pres"": 980.0131, ""meas_profile"": ""HP-5"", ""meas_id"": 5, ""hum"": 35.11296, ""gas_res"": 33220.87}, {""temp"": 23.9226, ""step"": 1, ""status"": 1, ""pres"": 980.1078, ""meas_profile"": ""HP-4"", ""meas_id"": 4, ""hum"": 34.54327, ""gas_res"": 29157.18}, {""temp"": 24.07368, ""step"": 1, ""status"": 1, ""pres"": 979.7305, ""meas_profile"": ""HP-3"", ""meas_id"": 3, ""hum"": 35.02458, ""gas_res"": 25000.0}, {""temp"": 24.01493, ""step"": 1, ""status"": 1, ""pres"": 979.9014, ""meas_profile"": ""HP-2"", ""meas_id"": 2, ""hum"": 35.27353, ""gas_res"": 24516.38}, {""temp"": 23.79422, ""step"": 1, ""status"": 1, ""pres"": 979.9392, ""meas_profile"": ""HP-1"", ""meas_id"": 1, ""hum"": 34.87827, ""gas_res"": 25000.0}]}",NULL,"2025-10-29 10:01:24.387182"
14431,"04a600b9b0b8","2025-10-29 09:59:45","pQoT47upqHRaDahZPr7c","{""bme688"": [{""temp"": 24.13324, ""step"": 0, ""status"": 1, ""pres"": 979.9509, ""meas_profile"": ""HP-8"", ""meas_id"": 8, ""hum"": 35.23039, ""gas_res"": 5684.846}, {""temp"": 24.13169, ""step"": 0, ""status"": 1, ""pres"": 980.1085, ""meas_profile"": ""HP-7"", ""meas_id"": 7, ""hum"": 35.1077, ""gas_res"": 6080.183}, {""temp"": 24.20911, ""step"": 0, ""status"": 1, ""pres"": 980.286, ""meas_profile"": ""HP-6"", ""meas_id"": 6, ""hum"": 34.94508, ""gas_res"": 7852.761}, {""temp"": 24.12736, ""step"": 0, ""status"": 1, ""pres"": 980.0144, ""meas_profile"": ""HP-5"", ""meas_id"": 5, ""hum"": 35.13578, ""gas_res"": 25000.0}, {""temp"": 23.92229, ""step"": 0, ""status"": 1, ""pres"": 980.1071, ""meas_profile"": ""HP-4"", ""meas_id"": 4, ""hum"": 34.56058, ""gas_res"": 19601.84}, {""temp"": 24.07306, ""step"": 0, ""status"": 1, ""pres"": 979.7296, ""meas_profile"": ""HP-3"", ""meas_id"": 3, ""hum"": 35.0303, ""gas_res"": 7085.917}, {""temp"": 24.01431, ""step"": 0, ""status"": 1, ""pres"": 979.902, ""meas_profile"": ""HP-2"", ""meas_id"": 2, ""hum"": 35.26204, ""gas_res"": 6615.671}, {""temp"": 23.7936, ""step"": 0, ""status"": 1, ""pres"": 979.9384, ""meas_profile"": ""HP-1"", ""meas_id"": 1, ""hum"": 34.8723, ""gas_res"": 7515.266}]}",NULL,"2025-10-29 10:01:25.74883"
14432,"04a600b9b0b8","2025-10-29 10:01:42","pQoT47upqHRaDahZPr7c","{""zphs01b"": {""voc"": 0, ""temp"": 22.1, ""pm2_5"": 0, ""pm1_0"": 0, ""pm10"": 319, ""o3"": 0.04, ""no2"": 10.0, ""hum"": 0, ""fmhd"": 0, ""co2"": 5000, ""co"": 0.0}, ""smell_b"": {}, ""sfa30"": {""temp"": 24.115, ""hum"": 37.5, ""fmhd"": 10.2}, ""sen5x"": {""voc"": 122.0, ""temp"": 24.33, ""pm4_0"": 4370.2, ""pm2_5"": 4370.2, ""pm1_0"": 4167.2, ""pm10"": 4370.2, ""nox"": 1.0, ""mass_c"": 4319.45, ""hum"": 42.41}, ""scd41"": {""temp"": 23.71824, ""hum"": 45.72976, ""co2"": 674}, ""power_source"": 0, ""mics6814"": {""red_res"": 0, ""no2_res"": 0, ""no2"": 0.17, ""nh3_res"": 0, ""nh3"": 0.73, ""co_res"": 0, ""co"": 44.0}}",NULL,"2025-10-29 10:02:28.974127"
14433,"04a600b9b0b8","2025-10-29 10:01:42","pQoT47upqHRaDahZPr7c","{""bme688"": [{""temp"": 24.16228, ""step"": 9, ""status"": 1, ""pres"": 979.9705, ""meas_profile"": ""HP-8"", ""meas_id"": 8, ""hum"": 35.05453, ""gas_res"": 5684.846}, {""temp"": 24.15436, ""step"": 9, ""status"": 1, ""pres"": 980.116, ""meas_profile"": ""HP-7"", ""meas_id"": 7, ""hum"": 34.97313, ""gas_res"": 5802.357}, {""temp"": 24.23042, ""step"": 9, ""status"": 1, ""pres"": 980.2806, ""meas_profile"": ""HP-6"", ""meas_id"": 6, ""hum"": 34.79117, ""gas_res"": 7958.219}, {""temp"": 24.14862, ""step"": 9, ""status"": 1, ""pres"": 980.0123, ""meas_profile"": ""HP-5"", ""meas_id"": 5, ""hum"": 34.98367, ""gas_res"": 25000.0}, {""temp"": 23.94744, ""step"": 9, ""status"": 1, ""pres"": 980.1187, ""meas_profile"": ""HP-4"", ""meas_id"": 4, ""hum"": 34.38394, ""gas_res"": 23408.92}, {""temp"": 24.10182, ""step"": 9, ""status"": 1, ""pres"": 979.775, ""meas_profile"": ""HP-3"", ""meas_id"": 3, ""hum"": 34.87128, ""gas_res"": 6374.502}, {""temp"": 24.04132, ""step"": 9, ""status"": 1, ""pres"": 979.9213, ""meas_profile"": ""HP-2"", ""meas_id"": 2, ""hum"": 35.08754, ""gas_res"": 8260.196}, {""temp"": 23.82223, ""step"": 9, ""status"": 1, ""pres"": 979.9644, ""meas_profile"": ""HP-1"", ""meas_id"": 1, ""hum"": 34.66824, ""gas_res"": 5957.922}]}",NULL,"2025-10-29 10:02:30.294485"
14434,"04a600b9b0b8","2025-10-29 10:01:42","pQoT47upqHRaDahZPr7c","{""bme688"": [{""temp"": 24.16135, ""step"": 8, ""status"": 1, ""pres"": 979.9691, ""meas_profile"": ""HP-8"", ""meas_id"": 8, ""hum"": 35.06596, ""gas_res"": 5684.846}, {""temp"": 24.15374, ""step"": 8, ""status"": 1, ""pres"": 980.1166, ""meas_profile"": ""HP-7"", ""meas_id"": 7, ""hum"": 34.95029, ""gas_res"": 5898.618}, {""temp"": 24.2298, ""step"": 8, ""status"": 1, ""pres"": 980.2797, ""meas_profile"": ""HP-6"", ""meas_id"": 6, ""hum"": 34.80842, ""gas_res"": 8324.662}, {""temp"": 24.148, ""step"": 8, ""status"": 1, ""pres"": 980.0114, ""meas_profile"": ""HP-5"", ""meas_id"": 5, ""hum"": 34.98931, ""gas_res"": 25000.0}, {""temp"": 23.94683, ""step"": 8, ""status"": 1, ""pres"": 980.1177, ""meas_profile"": ""HP-4"", ""meas_id"": 4, ""hum"": 34.38388, ""gas_res"": 25000.0}, {""temp"": 24.10089, ""step"": 8, ""status"": 1, ""pres"": 979.7736, ""meas_profile"": ""HP-3"", ""meas_id"": 3, ""hum"": 34.85965, ""gas_res"": 6168.08}, {""temp"": 24.0407, ""step"": 8, ""status"": 1, ""pres"": 979.9203, ""meas_profile"": ""HP-2"", ""meas_id"": 2, ""hum"": 35.09319, ""gas_res"": 8416.623}, {""temp"": 23.82161, ""step"": 8, ""status"": 1, ""pres"": 979.9634, ""meas_profile"": ""HP-1"", ""meas_id"": 1, ""hum"": 34.65046, ""gas_res"": 6436.042}]}",NULL,"2025-10-29 10:02:31.76381"
14435,"04a600b9b0b8","2025-10-29 10:01:42","pQoT47upqHRaDahZPr7c","{""bme688"": [{""temp"": 24.16042, ""step"": 7, ""status"": 1, ""pres"": 979.9693, ""meas_profile"": ""HP-8"", ""meas_id"": 8, ""hum"": 35.08891, ""gas_res"": 5684.846}, {""temp"": 24.15312, ""step"": 7, ""status"": 1, ""pres"": 980.1155, ""meas_profile"": ""HP-7"", ""meas_id"": 7, ""hum"": 34.97871, ""gas_res"": 5866.178}, {""temp"": 24.22918, ""step"": 7, ""status"": 1, ""pres"": 980.2805, ""meas_profile"": ""HP-6"", ""meas_id"": 6, ""hum"": 34.78527, ""gas_res"": 8357.273}, {""temp"": 24.14737, ""step"": 7, ""status"": 1, ""pres"": 980.012, ""meas_profile"": ""HP-5"", ""meas_id"": 5, ""hum"": 34.98925, ""gas_res"": 25000.0}, {""temp"": 23.94589, ""step"": 7, ""status"": 1, ""pres"": 980.116, ""meas_profile"": ""HP-4"", ""meas_id"": 4, ""hum"": 34.38379, ""gas_res"": 25000.0}, {""temp"": 24.09997, ""step"": 7, ""status"": 1, ""pres"": 979.7722, ""meas_profile"": ""HP-3"", ""meas_id"": 3, ""hum"": 34.85955, ""gas_res"": 6052.582}, {""temp"": 24.04008, ""step"": 7, ""status"": 1, ""pres"": 979.9194, ""meas_profile"": ""HP-2"", ""meas_id"": 2, ""hum"": 35.10455, ""gas_res"": 8273.01}, {""temp"": 23.82068, ""step"": 7, ""status"": 1, ""pres"": 979.9637, ""meas_profile"": ""HP-1"", ""meas_id"": 1, ""hum"": 34.65628, ""gas_res"": 6546.645}]}",NULL,"2025-10-29 10:02:32.892343"
14436,"04a600b9b0b8","2025-10-29 10:01:42","pQoT47upqHRaDahZPr7c","{""bme688"": [{""temp"": 24.1595, ""step"": 6, ""status"": 1, ""pres"": 979.9679, ""meas_profile"": ""HP-8"", ""meas_id"": 8, ""hum"": 35.10611, ""gas_res"": 15030.53}, {""temp"": 24.15249, ""step"": 6, ""status"": 1, ""pres"": 980.1161, ""meas_profile"": ""HP-7"", ""meas_id"": 7, ""hum"": 34.96157, ""gas_res"": 18991.1}, {""temp"": 24.22856, ""step"": 6, ""status"": 1, ""pres"": 980.2812, ""meas_profile"": ""HP-6"", ""meas_id"": 6, ""hum"": 34.80254, ""gas_res"": 39167.69}, {""temp"": 24.14675, ""step"": 6, ""status"": 1, ""pres"": 980.0125, ""meas_profile"": ""HP-5"", ""meas_id"": 5, ""hum"": 34.98919, ""gas_res"": 135092.3}, {""temp"": 23.94527, ""step"": 6, ""status"": 1, ""pres"": 980.1168, ""meas_profile"": ""HP-4"", ""meas_id"": 4, ""hum"": 34.39527, ""gas_res"": 138490.7}, {""temp"": 24.09904, ""step"": 6, ""status"": 1, ""pres"": 979.7704, ""meas_profile"": ""HP-3"", ""meas_id"": 3, ""hum"": 34.87101, ""gas_res"": 79725.95}, {""temp"": 24.03915, ""step"": 6, ""status"": 1, ""pres"": 979.9196, ""meas_profile"": ""HP-2"", ""meas_id"": 2, ""hum"": 35.07592, ""gas_res"": 105198.3}, {""temp"": 23.82006, ""step"": 6, ""status"": 1, ""pres"": 979.9629, ""meas_profile"": ""HP-1"", ""meas_id"": 1, ""hum"": 34.66212, ""gas_res"": 100000.0}]}",NULL,"2025-10-29 10:02:34.13511"
14437,"04a600b9b0b8","2025-10-29 10:01:42","pQoT47upqHRaDahZPr7c","{""bme688"": [{""temp"": 24.15888, ""step"": 5, ""status"": 1, ""pres"": 979.9687, ""meas_profile"": ""HP-8"", ""meas_id"": 8, ""hum"": 35.08877, ""gas_res"": 14821.68}, {""temp"": 24.15156, ""step"": 5, ""status"": 1, ""pres"": 980.1145, ""meas_profile"": ""HP-7"", ""meas_id"": 7, ""hum"": 34.97287, ""gas_res"": 18773.83}, {""temp"": 24.22794, ""step"": 5, ""status"": 1, ""pres"": 980.2802, ""meas_profile"": ""HP-6"", ""meas_id"": 6, ""hum"": 34.80248, ""gas_res"": 38988.73}, {""temp"": 24.14581, ""step"": 5, ""status"": 1, ""pres"": 980.0111, ""meas_profile"": ""HP-5"", ""meas_id"": 5, ""hum"": 35.00621, ""gas_res"": 135306.5}, {""temp"": 23.94465, ""step"": 5, ""status"": 1, ""pres"": 980.1158, ""meas_profile"": ""HP-4"", ""meas_id"": 4, ""hum"": 34.40099, ""gas_res"": 138603.1}, {""temp"": 24.09811, ""step"": 5, ""status"": 1, ""pres"": 979.769, ""meas_profile"": ""HP-3"", ""meas_id"": 3, ""hum"": 34.87092, ""gas_res"": 78479.46}, {""temp"": 24.03822, ""step"": 5, ""status"": 1, ""pres"": 979.9197, ""meas_profile"": ""HP-2"", ""meas_id"": 2, ""hum"": 35.08725, ""gas_res"": 103664.7}, {""temp"": 23.81943, ""step"": 5, ""status"": 1, ""pres"": 979.9637, ""meas_profile"": ""HP-1"", ""meas_id"": 1, ""hum"": 34.66797, ""gas_res"": 100000.0}]}",NULL,"2025-10-29 10:02:35.418342"
14438,"04a600b9b0b8","2025-10-29 10:01:42","pQoT47upqHRaDahZPr7c","{""bme688"": [{""temp"": 24.15795, ""step"": 4, ""status"": 1, ""pres"": 979.967, ""meas_profile"": ""HP-8"", ""meas_id"": 8, ""hum"": 35.09443, ""gas_res"": 14790.85}, {""temp"": 24.15094, ""step"": 4, ""status"": 1, ""pres"": 980.1153, ""meas_profile"": ""HP-7"", ""meas_id"": 7, ""hum"": 34.9785, ""gas_res"": 18740.85}, {""temp"": 24.22733, ""step"": 4, ""status"": 1, ""pres"": 980.2809, ""meas_profile"": ""HP-6"", ""meas_id"": 6, ""hum"": 34.80819, ""gas_res"": 39167.69}, {""temp"": 24.14518, ""step"": 4, ""status"": 1, ""pres"": 980.0117, ""meas_profile"": ""HP-5"", ""meas_id"": 5, ""hum"": 34.99474, ""gas_res"": 137265.4}, {""temp"": 23.94372, ""step"": 4, ""status"": 1, ""pres"": 980.116, ""meas_profile"": ""HP-4"", ""meas_id"": 4, ""hum"": 34.38358, ""gas_res"": 142064.4}, {""temp"": 24.09719, ""step"": 4, ""status"": 1, ""pres"": 979.7675, ""meas_profile"": ""HP-3"", ""meas_id"": 3, ""hum"": 34.86506, ""gas_res"": 76304.02}, {""temp"": 24.03698, ""step"": 4, ""status"": 1, ""pres"": 979.9176, ""meas_profile"": ""HP-2"", ""meas_id"": 2, ""hum"": 35.08712, ""gas_res"": 102666.9}, {""temp"": 23.81881, ""step"": 4, ""status"": 1, ""pres"": 979.9627, ""meas_profile"": ""HP-1"", ""meas_id"": 1, ""hum"": 34.67972, ""gas_res"": 100000.0}]}",NULL,"2025-10-29 10:02:36.881553"
14439,"04a600b9b0b8","2025-10-29 10:01:42","pQoT47upqHRaDahZPr7c","{""bme688"": [{""temp"": 24.15702, ""step"": 3, ""status"": 0, ""pres"": 979.9674, ""meas_profile"": ""HP-8"", ""meas_id"": 8, ""hum"": 35.11163, ""gas_res"": 7916.873}, {""temp"": 24.15001, ""step"": 3, ""status"": 0, ""pres"": 980.1138, ""meas_profile"": ""HP-7"", ""meas_id"": 7, ""hum"": 34.9898, ""gas_res"": 9478.673}, {""temp"": 24.2264, ""step"": 3, ""status"": 0, ""pres"": 980.2812, ""meas_profile"": ""HP-6"", ""meas_id"": 6, ""hum"": 34.81965, ""gas_res"": 20887.73}, {""temp"": 24.14424, ""step"": 3, ""status"": 0, ""pres"": 980.0101, ""meas_profile"": ""HP-5"", ""meas_id"": 5, ""hum"": 35.0289, ""gas_res"": 44568.25}, {""temp"": 23.94279, ""step"": 3, ""status"": 0, ""pres"": 980.116, ""meas_profile"": ""HP-4"", ""meas_id"": 4, ""hum"": 34.41813, ""gas_res"": 43434.0}, {""temp"": 24.09626, ""step"": 3, ""status"": 0, ""pres"": 979.7661, ""meas_profile"": ""HP-3"", ""meas_id"": 3, ""hum"": 34.88807, ""gas_res"": 27274.66}, {""temp"": 24.03605, ""step"": 3, ""status"": 0, ""pres"": 979.9161, ""meas_profile"": ""HP-2"", ""meas_id"": 2, ""hum"": 35.10987, ""gas_res"": 41857.42}, {""temp"": 23.81787, ""step"": 3, ""status"": 0, ""pres"": 979.9631, ""meas_profile"": ""HP-1"", ""meas_id"": 1, ""hum"": 34.69144, ""gas_res"": 27753.69}]}",NULL,"2025-10-29 10:02:37.978936"
14440,"04a600b9b0b8","2025-10-29 10:01:42","pQoT47upqHRaDahZPr7c","{""bme688"": [{""temp"": 24.15641, ""step"": 2, ""status"": 1, ""pres"": 979.9664, ""meas_profile"": ""HP-8"", ""meas_id"": 8, ""hum"": 35.09429, ""gas_res"": 26154.47}, {""temp"": 24.14939, ""step"": 2, ""status"": 1, ""pres"": 980.1144, ""meas_profile"": ""HP-7"", ""meas_id"": 7, ""hum"": 34.99545, ""gas_res"": 34510.65}, {""temp"": 24.22548, ""step"": 2, ""status"": 1, ""pres"": 980.2813, ""meas_profile"": ""HP-6"", ""meas_id"": 6, ""hum"": 34.83112, ""gas_res"": 120754.7}, {""temp"": 24.14362, ""step"": 2, ""status"": 1, ""pres"": 980.0107, ""meas_profile"": ""HP-5"", ""meas_id"": 5, ""hum"": 35.01172, ""gas_res"": 314786.3}, {""temp"": 23.94185, ""step"": 2, ""status"": 1, ""pres"": 980.1144, ""meas_profile"": ""HP-4"", ""meas_id"": 4, ""hum"": 34.42381, ""gas_res"": 375642.0}, {""temp"": 24.09533, ""step"": 2, ""status"": 1, ""pres"": 979.7661, ""meas_profile"": ""HP-3"", ""meas_id"": 3, ""hum"": 34.87643, ""gas_res"": 167923.9}, {""temp"": 24.03511, ""step"": 2, ""status"": 1, ""pres"": 979.9163, ""meas_profile"": ""HP-2"", ""meas_id"": 2, ""hum"": 35.12692, ""gas_res"": 326218.5}, {""temp"": 23.81663, ""step"": 2, ""status"": 1, ""pres"": 979.9612, ""meas_profile"": ""HP-1"", ""meas_id"": 1, ""hum"": 34.67951, ""gas_res"": 231989.1}]}",NULL,"2025-10-29 10:02:39.255341"
14441,"04a600b9b0b8","2025-10-29 10:01:42","pQoT47upqHRaDahZPr7c","{""bme688"": [{""temp"": 24.15579, ""step"": 1, ""status"": 1, ""pres"": 979.9673, ""meas_profile"": ""HP-8"", ""meas_id"": 8, ""hum"": 35.09422, ""gas_res"": 8463.369}, {""temp"": 24.14908, ""step"": 1, ""status"": 1, ""pres"": 980.1138, ""meas_profile"": ""HP-7"", ""meas_id"": 7, ""hum"": 35.0068, ""gas_res"": 10050.25}, {""temp"": 24.22517, ""step"": 1, ""status"": 1, ""pres"": 980.2809, ""meas_profile"": ""HP-6"", ""meas_id"": 6, ""hum"": 34.82531, ""gas_res"": 25000.0}, {""temp"": 24.14299, ""step"": 1, ""status"": 1, ""pres"": 980.0115, ""meas_profile"": ""HP-5"", ""meas_id"": 5, ""hum"": 35.01736, ""gas_res"": 40087.69}, {""temp"": 23.94123, ""step"": 1, ""status"": 1, ""pres"": 980.115, ""meas_profile"": ""HP-4"", ""meas_id"": 4, ""hum"": 34.42375, ""gas_res"": 36581.88}, {""temp"": 24.09471, ""step"": 1, ""status"": 1, ""pres"": 979.7651, ""meas_profile"": ""HP-3"", ""meas_id"": 3, ""hum"": 34.88215, ""gas_res"": 25000.0}, {""temp"": 24.03449, ""step"": 1, ""status"": 1, ""pres"": 979.9152, ""meas_profile"": ""HP-2"", ""meas_id"": 2, ""hum"": 35.0983, ""gas_res"": 32536.86}, {""temp"": 23.81601, ""step"": 1, ""status"": 1, ""pres"": 979.9603, ""meas_profile"": ""HP-1"", ""meas_id"": 1, ""hum"": 34.70307, ""gas_res"": 25000.0}]}",NULL,"2025-10-29 10:02:40.534892"
14442,"04a600b9b0b8","2025-10-29 10:01:42","pQoT47upqHRaDahZPr7c","{""bme688"": [{""temp"": 24.15455, ""step"": 0, ""status"": 1, ""pres"": 979.9653, ""meas_profile"": ""HP-8"", ""meas_id"": 8, ""hum"": 35.10563, ""gas_res"": 5684.846}, {""temp"": 24.14846, ""step"": 0, ""status"": 1, ""pres"": 980.1144, ""meas_profile"": ""HP-7"", ""meas_id"": 7, ""hum"": 35.00674, ""gas_res"": 6164.516}, {""temp"": 24.22455, ""step"": 0, ""status"": 1, ""pres"": 980.2816, ""meas_profile"": ""HP-6"", ""meas_id"": 6, ""hum"": 34.81948, ""gas_res"": 8544.727}, {""temp"": 24.14268, ""step"": 0, ""status"": 1, ""pres"": 980.0109, ""meas_profile"": ""HP-5"", ""meas_id"": 5, ""hum"": 35.02304, ""gas_res"": 25000.0}, {""temp"": 23.94061, ""step"": 0, ""status"": 1, ""pres"": 980.1141, ""meas_profile"": ""HP-4"", ""meas_id"": 4, ""hum"": 34.41792, ""gas_res"": 23154.85}, {""temp"": 24.09378, ""step"": 0, ""status"": 1, ""pres"": 979.7636, ""meas_profile"": ""HP-3"", ""meas_id"": 3, ""hum"": 34.89361, ""gas_res"": 5892.101}, {""temp"": 24.03387, ""step"": 0, ""status"": 1, ""pres"": 979.9141, ""meas_profile"": ""HP-2"", ""meas_id"": 2, ""hum"": 35.12679, ""gas_res"": 8066.549}, {""temp"": 23.81507, ""step"": 0, ""status"": 1, ""pres"": 979.9587, ""meas_profile"": ""HP-1"", ""meas_id"": 1, ""hum"": 34.69117, ""gas_res"": 6355.511}]}",NULL,"2025-10-29 10:02:42.003593"
14443,"04a600b9b0b8","2025-10-29 10:01:15","pQoT47upqHRaDahZPr7c","{""zphs01b"": {""voc"": 0, ""temp"": 22.1, ""pm2_5"": 0, ""pm1_0"": 0, ""pm10"": 307, ""o3"": 0.03, ""no2"": 10.0, ""hum"": 0, ""fmhd"": 0, ""co2"": 5000, ""co"": 0.0}, ""smell_b"": {}, ""sfa30"": {""temp"": 24.095, ""hum"": 37.53, ""fmhd"": 9.2}, ""sen5x"": {""voc"": 132.0, ""temp"": 24.365, ""pm4_0"": 4450.5, ""pm2_5"": 4450.5, ""pm1_0"": 4243.8, ""pm10"": 4450.5, ""nox"": 1.0, ""mass_c"": 4398.825, ""hum"": 42.29}, ""scd41"": {""temp"": 23.65415, ""hum"": 45.72824, ""co2"": 665}, ""power_source"": 0, ""mics6814"": {""red_res"": 0, ""no2_res"": 0, ""no2"": 0.17, ""nh3_res"": 0, ""nh3"": 0.73, ""co_res"": 0, ""co"": 44.0}}",NULL,"2025-10-29 10:02:42.989311"
14444,"04a600b9b0b8","2025-10-29 10:01:15","pQoT47upqHRaDahZPr7c","{""bme688"": [{""temp"": 24.15394, ""step"": 9, ""status"": 1, ""pres"": 979.9643, ""meas_profile"": ""HP-8"", ""meas_id"": 8, ""hum"": 35.08829, ""gas_res"": 5684.846}, {""temp"": 24.14784, ""step"": 9, ""status"": 1, ""pres"": 980.1135, ""meas_profile"": ""HP-7"", ""meas_id"": 7, ""hum"": 34.99529, ""gas_res"": 5684.846}, {""temp"": 24.22393, ""step"": 9, ""status"": 1, ""pres"": 980.2805, ""meas_profile"": ""HP-6"", ""meas_id"": 6, ""hum"": 34.81364, ""gas_res"": 7359.706}, {""temp"": 24.14206, ""step"": 9, ""status"": 1, ""pres"": 980.0099, ""meas_profile"": ""HP-5"", ""meas_id"": 5, ""hum"": 35.02298, ""gas_res"": 25000.0}, {""temp"": 23.93999, ""step"": 9, ""status"": 1, ""pres"": 980.1147, ""meas_profile"": ""HP-4"", ""meas_id"": 4, ""hum"": 34.42364, ""gas_res"": 21390.38}, {""temp"": 24.09285, ""step"": 9, ""status"": 1, ""pres"": 979.7621, ""meas_profile"": ""HP-3"", ""meas_id"": 3, ""hum"": 34.88197, ""gas_res"": 5866.178}, {""temp"": 24.03294, ""step"": 9, ""status"": 1, ""pres"": 979.9142, ""meas_profile"": ""HP-2"", ""meas_id"": 2, ""hum"": 35.12671, ""gas_res"": 7390.3}, {""temp"": 23.81414, ""step"": 9, ""status"": 1, ""pres"": 979.9573, ""meas_profile"": ""HP-1"", ""meas_id"": 1, ""hum"": 34.72062, ""gas_res"": 7928.642}]}",NULL,"2025-10-29 10:02:44.376888"
14445,"04a600b9b0b8","2025-10-29 10:01:15","pQoT47upqHRaDahZPr7c","{""bme688"": [{""temp"": 24.1527, ""step"": 8, ""status"": 1, ""pres"": 979.9623, ""meas_profile"": ""HP-8"", ""meas_id"": 8, ""hum"": 35.10545, ""gas_res"": 5684.846}, {""temp"": 24.14721, ""step"": 8, ""status"": 1, ""pres"": 980.1141, ""meas_profile"": ""HP-7"", ""meas_id"": 7, ""hum"": 34.98954, ""gas_res"": 5739.91}, {""temp"": 24.22332, ""step"": 8, ""status"": 1, ""pres"": 980.2813, ""meas_profile"": ""HP-6"", ""meas_id"": 6, ""hum"": 34.81936, ""gas_res"": 7801.073}, {""temp"": 24.14174, ""step"": 8, ""status"": 1, ""pres"": 980.0111, ""meas_profile"": ""HP-5"", ""meas_id"": 5, ""hum"": 35.02296, ""gas_res"": 25000.0}, {""temp"": 23.93906, ""step"": 8, ""status"": 1, ""pres"": 980.1147, ""meas_profile"": ""HP-4"", ""meas_id"": 4, ""hum"": 34.41201, ""gas_res"": 21563.34}, {""temp"": 24.09193, ""step"": 8, ""status"": 1, ""pres"": 979.7589, ""meas_profile"": ""HP-3"", ""meas_id"": 3, ""hum"": 34.89344, ""gas_res"": 7858.546}, {""temp"": 24.03232, ""step"": 8, ""status"": 1, ""pres"": 979.9133, ""meas_profile"": ""HP-2"", ""meas_id"": 2, ""hum"": 35.11523, ""gas_res"": 7584.736}, {""temp"": 23.81321, ""step"": 8, ""status"": 1, ""pres"": 979.9576, ""meas_profile"": ""HP-1"", ""meas_id"": 1, ""hum"": 34.72643, ""gas_res"": 8054.367}]}",NULL,"2025-10-29 10:02:45.660925"
14446,"04a600b9b0b8","2025-10-29 10:01:15","pQoT47upqHRaDahZPr7c","{""bme688"": [{""temp"": 24.15178, ""step"": 7, ""status"": 1, ""pres"": 979.9627, ""meas_profile"": ""HP-8"", ""meas_id"": 8, ""hum"": 35.11113, ""gas_res"": 5684.846}, {""temp"": 24.1466, ""step"": 7, ""status"": 1, ""pres"": 980.113, ""meas_profile"": ""HP-7"", ""meas_id"": 7, ""hum"": 34.98378, ""gas_res"": 5786.619}, {""temp"": 24.2227, ""step"": 7, ""status"": 1, ""pres"": 980.282, ""meas_profile"": ""HP-6"", ""meas_id"": 6, ""hum"": 34.82507, ""gas_res"": 7905.138}, {""temp"": 24.14112, ""step"": 7, ""status"": 1, ""pres"": 980.0119, ""meas_profile"": ""HP-5"", ""meas_id"": 5, ""hum"": 35.01718, ""gas_res"": 25000.0}, {""temp"": 23.93844, ""step"": 7, ""status"": 1, ""pres"": 980.1138, ""meas_profile"": ""HP-4"", ""meas_id"": 4, ""hum"": 34.41195, ""gas_res"": 20969.86}, {""temp"": 24.091, ""step"": 7, ""status"": 1, ""pres"": 979.7573, ""meas_profile"": ""HP-3"", ""meas_id"": 3, ""hum"": 34.89334, ""gas_res"": 7573.964}, {""temp"": 24.0317, ""step"": 7, ""status"": 1, ""pres"": 979.9122, ""meas_profile"": ""HP-2"", ""meas_id"": 2, ""hum"": 35.12659, ""gas_res"": 7385.184}, {""temp"": 23.81227, ""step"": 7, ""status"": 1, ""pres"": 979.9561, ""meas_profile"": ""HP-1"", ""meas_id"": 1, ""hum"": 34.73816, ""gas_res"": 5882.353}]}",NULL,"2025-10-29 10:02:47.122168"
14447,"04a600b9b0b8","2025-10-29 10:01:15","pQoT47upqHRaDahZPr7c","{""bme688"": [{""temp"": 24.15116, ""step"": 6, ""status"": 1, ""pres"": 979.9617, ""meas_profile"": ""HP-8"", ""meas_id"": 8, ""hum"": 35.11684, ""gas_res"": 15030.53}, {""temp"": 24.14598, ""step"": 6, ""status"": 1, ""pres"": 980.1138, ""meas_profile"": ""HP-7"", ""meas_id"": 7, ""hum"": 35.00651, ""gas_res"": 18449.12}, {""temp"": 24.22208, ""step"": 6, ""status"": 1, ""pres"": 980.2827, ""meas_profile"": ""HP-6"", ""meas_id"": 6, ""hum"": 34.81924, ""gas_res"": 35222.89}, {""temp"": 24.14018, ""step"": 6, ""status"": 1, ""pres"": 980.0117, ""meas_profile"": ""HP-5"", ""meas_id"": 5, ""hum"": 35.02281, ""gas_res"": 116788.3}, {""temp"": 23.93751, ""step"": 6, ""status"": 1, ""pres"": 980.114, ""meas_profile"": ""HP-4"", ""meas_id"": 4, ""hum"": 34.41186, ""gas_res"": 114515.8}, {""temp"": 24.09038, ""step"": 6, ""status"": 1, ""pres"": 979.7581, ""meas_profile"": ""HP-3"", ""meas_id"": 3, ""hum"": 34.8875, ""gas_res"": 40660.74}, {""temp"": 24.03077, ""step"": 6, ""status"": 1, ""pres"": 979.9124, ""meas_profile"": ""HP-2"", ""meas_id"": 2, ""hum"": 35.11508, ""gas_res"": 100000.0}, {""temp"": 23.81134, ""step"": 6, ""status"": 1, ""pres"": 979.9547, ""meas_profile"": ""HP-1"", ""meas_id"": 1, ""hum"": 34.72035, ""gas_res"": 81476.77}]}",NULL,"2025-10-29 10:02:48.214497"
14448,"04a600b9b0b8","2025-10-29 10:01:15","pQoT47upqHRaDahZPr7c","{""bme688"": [{""temp"": 24.15023, ""step"": 5, ""status"": 1, ""pres"": 979.962, ""meas_profile"": ""HP-8"", ""meas_id"": 8, ""hum"": 35.11674, ""gas_res"": 15083.67}, {""temp"": 24.14504, ""step"": 5, ""status"": 1, ""pres"": 980.1122, ""meas_profile"": ""HP-7"", ""meas_id"": 7, ""hum"": 35.01211, ""gas_res"": 18385.52}, {""temp"": 24.22146, ""step"": 5, ""status"": 1, ""pres"": 980.2819, ""meas_profile"": ""HP-6"", ""meas_id"": 6, ""hum"": 34.8365, ""gas_res"": 35193.84}, {""temp"": 24.13955, ""step"": 5, ""status"": 1, ""pres"": 980.0108, ""meas_profile"": ""HP-5"", ""meas_id"": 5, ""hum"": 35.03987, ""gas_res"": 117189.3}, {""temp"": 23.93657, ""step"": 5, ""status"": 1, ""pres"": 980.1124, ""meas_profile"": ""HP-4"", ""meas_id"": 4, ""hum"": 34.41178, ""gas_res"": 113980.4}, {""temp"": 24.08945, ""step"": 5, ""status"": 1, ""pres"": 979.7548, ""meas_profile"": ""HP-3"", ""meas_id"": 3, ""hum"": 34.8932, ""gas_res"": 39348.29}, {""temp"": 24.03015, ""step"": 5, ""status"": 1, ""pres"": 979.9114, ""meas_profile"": ""HP-2"", ""meas_id"": 2, ""hum"": 35.13787, ""gas_res"": 100000.0}, {""temp"": 23.81041, ""step"": 5, ""status"": 1, ""pres"": 979.9551, ""meas_profile"": ""HP-1"", ""meas_id"": 1, ""hum"": 34.73208, ""gas_res"": 78048.78}]}",NULL,"2025-10-29 10:02:49.494371"
14449,"04a600b9b0b8","2025-10-29 10:01:15","pQoT47upqHRaDahZPr7c","{""bme688"": [{""temp"": 24.14961, ""step"": 4, ""status"": 1, ""pres"": 979.9628, ""meas_profile"": ""HP-8"", ""meas_id"": 8, ""hum"": 35.12821, ""gas_res"": 15051.74}, {""temp"": 24.14442, ""step"": 4, ""status"": 1, ""pres"": 980.113, ""meas_profile"": ""HP-7"", ""meas_id"": 7, ""hum"": 35.01205, ""gas_res"": 18401.38}, {""temp"": 24.22084, ""step"": 4, ""status"": 1, ""pres"": 980.2826, ""meas_profile"": ""HP-6"", ""meas_id"": 6, ""hum"": 34.83067, ""gas_res"": 35575.32}, {""temp"": 24.13893, ""step"": 4, ""status"": 1, ""pres"": 980.0115, ""meas_profile"": ""HP-5"", ""meas_id"": 5, ""hum"": 35.0341, ""gas_res"": 118821.1}, {""temp"": 23.93564, ""step"": 4, ""status"": 1, ""pres"": 980.1127, ""meas_profile"": ""HP-4"", ""meas_id"": 4, ""hum"": 34.429, ""gas_res"": 113904.3}, {""temp"": 24.08884, ""step"": 4, ""status"": 1, ""pres"": 979.7556, ""meas_profile"": ""HP-3"", ""meas_id"": 3, ""hum"": 34.91624, ""gas_res"": 38220.36}, {""temp"": 24.02921, ""step"": 4, ""status"": 1, ""pres"": 979.9115, ""meas_profile"": ""HP-2"", ""meas_id"": 2, ""hum"": 35.13778, ""gas_res"": 100000.0}, {""temp"": 23.80979, ""step"": 4, ""status"": 1, ""pres"": 979.954, ""meas_profile"": ""HP-1"", ""meas_id"": 1, ""hum"": 34.75564, ""gas_res"": 45422.29}]}",NULL,"2025-10-29 10:02:50.774225"
14450,"04a600b9b0b8","2025-10-29 10:01:15","pQoT47upqHRaDahZPr7c","{""bme688"": [{""temp"": 24.14869, ""step"": 3, ""status"": 0, ""pres"": 979.9614, ""meas_profile"": ""HP-8"", ""meas_id"": 8, ""hum"": 35.1627, ""gas_res"": 8350.73}, {""temp"": 24.14349, ""step"": 3, ""status"": 0, ""pres"": 980.1111, ""meas_profile"": ""HP-7"", ""meas_id"": 7, ""hum"": 35.04045, ""gas_res"": 9615.385}, {""temp"": 24.21992, ""step"": 3, ""status"": 0, ""pres"": 980.281, ""meas_profile"": ""HP-6"", ""meas_id"": 6, ""hum"": 34.85946, ""gas_res"": 20195.64}, {""temp"": 24.13799, ""step"": 3, ""status"": 0, ""pres"": 980.0117, ""meas_profile"": ""HP-5"", ""meas_id"": 5, ""hum"": 35.05685, ""gas_res"": 40777.32}, {""temp"": 23.9344, ""step"": 3, ""status"": 0, ""pres"": 980.1122, ""meas_profile"": ""HP-4"", ""meas_id"": 4, ""hum"": 34.42311, ""gas_res"": 38016.04}, {""temp"": 24.08791, ""step"": 3, ""status"": 0, ""pres"": 979.754, ""meas_profile"": ""HP-3"", ""meas_id"": 3, ""hum"": 34.93348, ""gas_res"": 22832.68}, {""temp"": 24.02797, ""step"": 3, ""status"": 0, ""pres"": 979.9094, ""meas_profile"": ""HP-2"", ""meas_id"": 2, ""hum"": 35.15479, ""gas_res"": 36056.34}, {""temp"": 23.80854, ""step"": 3, ""status"": 0, ""pres"": 979.9522, ""meas_profile"": ""HP-1"", ""meas_id"": 1, ""hum"": 34.74962, ""gas_res"": 24046.59}]}",NULL,"2025-10-29 10:02:52.240406"
14451,"04a600b9b0b8","2025-10-29 10:01:15","pQoT47upqHRaDahZPr7c","{""bme688"": [{""temp"": 24.14776, ""step"": 2, ""status"": 1, ""pres"": 979.9617, ""meas_profile"": ""HP-8"", ""meas_id"": 8, ""hum"": 35.13379, ""gas_res"": 29829.88}, {""temp"": 24.14287, ""step"": 2, ""status"": 1, ""pres"": 980.1119, ""meas_profile"": ""HP-7"", ""meas_id"": 7, ""hum"": 35.03469, ""gas_res"": 37881.03}, {""temp"": 24.21899, ""step"": 2, ""status"": 1, ""pres"": 980.2812, ""meas_profile"": ""HP-6"", ""meas_id"": 6, ""hum"": 34.8536, ""gas_res"": 122400.2}, {""temp"": 24.13705, ""step"": 2, ""status"": 1, ""pres"": 980.0101, ""meas_profile"": ""HP-5"", ""meas_id"": 5, ""hum"": 35.05676, ""gas_res"": 309085.4}, {""temp"": 23.93347, ""step"": 2, ""status"": 1, ""pres"": 980.1106, ""meas_profile"": ""HP-4"", ""meas_id"": 4, ""hum"": 34.46344, ""gas_res"": 333550.5}, {""temp"": 24.08698, ""step"": 2, ""status"": 1, ""pres"": 979.7506, ""meas_profile"": ""HP-3"", ""meas_id"": 3, ""hum"": 34.92762, ""gas_res"": 144225.4}, {""temp"": 24.02704, ""step"": 2, ""status"": 1, ""pres"": 979.9096, ""meas_profile"": ""HP-2"", ""meas_id"": 2, ""hum"": 35.13757, ""gas_res"": 271906.5}, {""temp"": 23.80761, ""step"": 2, ""status"": 1, ""pres"": 979.9508, ""meas_profile"": ""HP-1"", ""meas_id"": 1, ""hum"": 34.77906, ""gas_res"": 183249.8}]}",NULL,"2025-10-29 10:02:53.373359"
14452,"04a600b9b0b8","2025-10-29 10:01:15","pQoT47upqHRaDahZPr7c","{""bme688"": [{""temp"": 24.14745, ""step"": 1, ""status"": 1, ""pres"": 979.9611, ""meas_profile"": ""HP-8"", ""meas_id"": 8, ""hum"": 35.15105, ""gas_res"": 8908.686}, {""temp"": 24.14256, ""step"": 1, ""status"": 1, ""pres"": 980.113, ""meas_profile"": ""HP-7"", ""meas_id"": 7, ""hum"": 35.04036, ""gas_res"": 10155.51}, {""temp"": 24.21837, ""step"": 1, ""status"": 1, ""pres"": 980.282, ""meas_profile"": ""HP-6"", ""meas_id"": 6, ""hum"": 34.89396, ""gas_res"": 25000.0}, {""temp"": 24.13674, ""step"": 1, ""status"": 1, ""pres"": 980.0114, ""meas_profile"": ""HP-5"", ""meas_id"": 5, ""hum"": 35.06814, ""gas_res"": 35904.63}, {""temp"": 23.93285, ""step"": 1, ""status"": 1, ""pres"": 980.1113, ""meas_profile"": ""HP-4"", ""meas_id"": 4, ""hum"": 34.45183, ""gas_res"": 30688.08}, {""temp"": 24.08605, ""step"": 1, ""status"": 1, ""pres"": 979.7491, ""meas_profile"": ""HP-3"", ""meas_id"": 3, ""hum"": 34.9333, ""gas_res"": 25000.0}, {""temp"": 24.02642, ""step"": 1, ""status"": 1, ""pres"": 979.9086, ""meas_profile"": ""HP-2"", ""meas_id"": 2, ""hum"": 35.15464, ""gas_res"": 26106.46}, {""temp"": 23.80698, ""step"": 1, ""status"": 1, ""pres"": 979.9517, ""meas_profile"": ""HP-1"", ""meas_id"": 1, ""hum"": 34.7672, ""gas_res"": 25000.0}]}",NULL,"2025-10-29 10:02:54.61484"
14453,"04a600b9b0b8","2025-10-29 10:01:15","pQoT47upqHRaDahZPr7c","{""bme688"": [{""temp"": 24.14683, ""step"": 0, ""status"": 1, ""pres"": 979.9601, ""meas_profile"": ""HP-8"", ""meas_id"": 8, ""hum"": 35.13947, ""gas_res"": 5724.508}, {""temp"": 24.14194, ""step"": 0, ""status"": 1, ""pres"": 980.1121, ""meas_profile"": ""HP-7"", ""meas_id"": 7, ""hum"": 35.0403, ""gas_res"": 6471.183}, {""temp"": 24.21776, ""step"": 0, ""status"": 1, ""pres"": 980.2809, ""meas_profile"": ""HP-6"", ""meas_id"": 6, ""hum"": 34.87658, ""gas_res"": 8497.079}, {""temp"": 24.13611, ""step"": 0, ""status"": 1, ""pres"": 980.012, ""meas_profile"": ""HP-5"", ""meas_id"": 5, ""hum"": 35.05666, ""gas_res"": 25000.0}, {""temp"": 23.93222, ""step"": 0, ""status"": 1, ""pres"": 980.1103, ""meas_profile"": ""HP-4"", ""meas_id"": 4, ""hum"": 34.46909, ""gas_res"": 21094.27}, {""temp"": 24.08512, ""step"": 0, ""status"": 1, ""pres"": 979.7477, ""meas_profile"": ""HP-3"", ""meas_id"": 3, ""hum"": 34.93322, ""gas_res"": 7329.363}, {""temp"": 24.0258, ""step"": 0, ""status"": 1, ""pres"": 979.9076, ""meas_profile"": ""HP-2"", ""meas_id"": 2, ""hum"": 35.15458, ""gas_res"": 7109.531}, {""temp"": 23.80605, ""step"": 0, ""status"": 1, ""pres"": 979.9503, ""meas_profile"": ""HP-1"", ""meas_id"": 1, ""hum"": 34.7671, ""gas_res"": 7982.041}]}",NULL,"2025-10-29 10:02:55.895067"
14454,"04a600b9b0b8","2025-10-29 10:03:12","pQoT47upqHRaDahZPr7c","{""zphs01b"": {""voc"": 0, ""temp"": 22.1, ""pm2_5"": 0, ""pm1_0"": 0, ""pm10"": 302, ""o3"": 0.03, ""no2"": 10.0, ""hum"": 0, ""fmhd"": 0, ""co2"": 5000, ""co"": 0.0}, ""smell_b"": {}, ""sfa30"": {""temp"": 24.15, ""hum"": 37.43, ""fmhd"": 11.6}, ""sen5x"": {""voc"": 124.0, ""temp"": 24.255, ""pm4_0"": 4280.9, ""pm2_5"": 4280.9, ""pm1_0"": 4082.1, ""pm10"": 4280.9, ""nox"": 1.0, ""mass_c"": 4231.2, ""hum"": 42.66}, ""scd41"": {""temp"": 23.81705, ""hum"": 45.51766, ""co2"": 672}, ""power_source"": 0, ""mics6814"": {""red_res"": 0, ""no2_res"": 0, ""no2"": 0.17, ""nh3_res"": 0, ""nh3"": 0.73, ""co_res"": 0, ""co"": 44.0}}",NULL,"2025-10-29 10:03:59.314022"
14455,"04a600b9b0b8","2025-10-29 10:03:12","pQoT47upqHRaDahZPr7c","{""bme688"": [{""temp"": 24.18235, ""step"": 9, ""status"": 1, ""pres"": 979.9846, ""meas_profile"": ""HP-8"", ""meas_id"": 8, ""hum"": 35.00462, ""gas_res"": 5684.846}, {""temp"": 24.17206, ""step"": 9, ""status"": 1, ""pres"": 980.1233, ""meas_profile"": ""HP-7"", ""meas_id"": 7, ""hum"": 34.88943, ""gas_res"": 5895.357}, {""temp"": 24.24708, ""step"": 9, ""status"": 1, ""pres"": 980.2834, ""meas_profile"": ""HP-6"", ""meas_id"": 6, ""hum"": 34.71196, ""gas_res"": 7952.286}, {""temp"": 24.16551, ""step"": 9, ""status"": 1, ""pres"": 980.0167, ""meas_profile"": ""HP-5"", ""meas_id"": 5, ""hum"": 34.9054, ""gas_res"": 25000.0}, {""temp"": 23.96329, ""step"": 9, ""status"": 1, ""pres"": 980.1266, ""meas_profile"": ""HP-4"", ""meas_id"": 4, ""hum"": 34.35657, ""gas_res"": 25000.0}, {""temp"": 24.11883, ""step"": 9, ""status"": 1, ""pres"": 979.8013, ""meas_profile"": ""HP-3"", ""meas_id"": 3, ""hum"": 34.82671, ""gas_res"": 6498.781}, {""temp"": 24.05561, ""step"": 9, ""status"": 1, ""pres"": 979.9331, ""meas_profile"": ""HP-2"", ""meas_id"": 2, ""hum"": 35.06607, ""gas_res"": 8115.648}, {""temp"": 23.8378, ""step"": 9, ""status"": 1, ""pres"": 979.9812, ""meas_profile"": ""HP-1"", ""meas_id"": 1, ""hum"": 34.66971, ""gas_res"": 6052.582}]}",NULL,"2025-10-29 10:04:00.534415"
14456,"04a600b9b0b8","2025-10-29 10:03:12","pQoT47upqHRaDahZPr7c","{""bme688"": [{""temp"": 24.18112, ""step"": 8, ""status"": 1, ""pres"": 979.9843, ""meas_profile"": ""HP-8"", ""meas_id"": 8, ""hum"": 34.99298, ""gas_res"": 5684.846}, {""temp"": 24.17113, ""step"": 8, ""status"": 1, ""pres"": 980.1237, ""meas_profile"": ""HP-7"", ""meas_id"": 7, ""hum"": 34.90642, ""gas_res"": 5981.309}, {""temp"": 24.24616, ""step"": 8, ""status"": 1, ""pres"": 980.282, ""meas_profile"": ""HP-6"", ""meas_id"": 6, ""hum"": 34.71764, ""gas_res"": 8449.96}, {""temp"": 24.16488, ""step"": 8, ""status"": 1, ""pres"": 980.0173, ""meas_profile"": ""HP-5"", ""meas_id"": 5, ""hum"": 34.91105, ""gas_res"": 25000.0}, {""temp"": 23.96267, ""step"": 8, ""status"": 1, ""pres"": 980.1255, ""meas_profile"": ""HP-4"", ""meas_id"": 4, ""hum"": 34.33921, ""gas_res"": 25000.0}, {""temp"": 24.1179, ""step"": 8, ""status"": 1, ""pres"": 979.7999, ""meas_profile"": ""HP-3"", ""meas_id"": 3, ""hum"": 34.83817, ""gas_res"": 6247.56}, {""temp"": 24.05499, ""step"": 8, ""status"": 1, ""pres"": 979.9338, ""meas_profile"": ""HP-2"", ""meas_id"": 2, ""hum"": 35.06602, ""gas_res"": 8510.639}, {""temp"": 23.83686, ""step"": 8, ""status"": 1, ""pres"": 979.9796, ""meas_profile"": ""HP-1"", ""meas_id"": 1, ""hum"": 34.66371, ""gas_res"": 6522.625}]}",NULL,"2025-10-29 10:04:01.814331"
14457,"04a600b9b0b8","2025-10-29 10:03:12","pQoT47upqHRaDahZPr7c","{""bme688"": [{""temp"": 24.17988, ""step"": 7, ""status"": 1, ""pres"": 979.9824, ""meas_profile"": ""HP-8"", ""meas_id"": 8, ""hum"": 34.99287, ""gas_res"": 5684.846}, {""temp"": 24.17019, ""step"": 7, ""status"": 1, ""pres"": 980.122, ""meas_profile"": ""HP-7"", ""meas_id"": 7, ""hum"": 34.88925, ""gas_res"": 5971.263}, {""temp"": 24.24554, ""step"": 7, ""status"": 1, ""pres"": 980.2827, ""meas_profile"": ""HP-6"", ""meas_id"": 6, ""hum"": 34.71758, ""gas_res"": 8585.994}, {""temp"": 24.16426, ""step"": 7, ""status"": 1, ""pres"": 980.0178, ""meas_profile"": ""HP-5"", ""meas_id"": 5, ""hum"": 34.9338, ""gas_res"": 25000.0}, {""temp"": 23.96205, ""step"": 7, ""status"": 1, ""pres"": 980.1262, ""meas_profile"": ""HP-4"", ""meas_id"": 4, ""hum"": 34.34492, ""gas_res"": 25000.0}, {""temp"": 24.11698, ""step"": 7, ""status"": 1, ""pres"": 979.7983, ""meas_profile"": ""HP-3"", ""meas_id"": 3, ""hum"": 34.83231, ""gas_res"": 6405.124}, {""temp"": 24.05468, ""step"": 7, ""status"": 1, ""pres"": 979.9333, ""meas_profile"": ""HP-2"", ""meas_id"": 2, ""hum"": 35.0774, ""gas_res"": 8592.911}, {""temp"": 23.83593, ""step"": 7, ""status"": 1, ""pres"": 979.9783, ""meas_profile"": ""HP-1"", ""meas_id"": 1, ""hum"": 34.68134, ""gas_res"": 6736.842}]}",NULL,"2025-10-29 10:04:03.095256"
14458,"04a600b9b0b8","2025-10-29 10:03:12","pQoT47upqHRaDahZPr7c","{""bme688"": [{""temp"": 24.17895, ""step"": 6, ""status"": 1, ""pres"": 979.9827, ""meas_profile"": ""HP-8"", ""meas_id"": 8, ""hum"": 34.97551, ""gas_res"": 14946.29}, {""temp"": 24.16926, ""step"": 6, ""status"": 1, ""pres"": 980.1222, ""meas_profile"": ""HP-7"", ""meas_id"": 7, ""hum"": 34.90054, ""gas_res"": 18840.15}, {""temp"": 24.24461, ""step"": 6, ""status"": 1, ""pres"": 980.283, ""meas_profile"": ""HP-6"", ""meas_id"": 6, ""hum"": 34.74057, ""gas_res"": 38953.13}, {""temp"": 24.16332, ""step"": 6, ""status"": 1, ""pres"": 980.0164, ""meas_profile"": ""HP-5"", ""meas_id"": 5, ""hum"": 34.91661, ""gas_res"": 132573.8}, {""temp"": 23.96142, ""step"": 6, ""status"": 1, ""pres"": 980.1252, ""meas_profile"": ""HP-4"", ""meas_id"": 4, ""hum"": 34.3564, ""gas_res"": 137931.0}, {""temp"": 24.11636, ""step"": 6, ""status"": 1, ""pres"": 979.7972, ""meas_profile"": ""HP-3"", ""meas_id"": 3, ""hum"": 34.83802, ""gas_res"": 81554.63}, {""temp"": 24.05375, ""step"": 6, ""status"": 1, ""pres"": 979.9317, ""meas_profile"": ""HP-2"", ""meas_id"": 2, ""hum"": 35.07731, ""gas_res"": 106114.0}, {""temp"": 23.83562, ""step"": 6, ""status"": 1, ""pres"": 979.9796, ""meas_profile"": ""HP-1"", ""meas_id"": 1, ""hum"": 34.6695, ""gas_res"": 100000.0}]}",NULL,"2025-10-29 10:04:04.467892"
14459,"04a600b9b0b8","2025-10-29 10:03:12","pQoT47upqHRaDahZPr7c","{""bme688"": [{""temp"": 24.17803, ""step"": 5, ""status"": 1, ""pres"": 979.9813, ""meas_profile"": ""HP-8"", ""meas_id"": 8, ""hum"": 34.98118, ""gas_res"": 14790.85}, {""temp"": 24.16833, ""step"": 5, ""status"": 1, ""pres"": 980.1223, ""meas_profile"": ""HP-7"", ""meas_id"": 7, ""hum"": 34.88907, ""gas_res"": 18658.89}, {""temp"": 24.244, ""step"": 5, ""status"": 1, ""pres"": 980.2837, ""meas_profile"": ""HP-6"", ""meas_id"": 6, ""hum"": 34.74051, ""gas_res"": 38811.4}, {""temp"": 24.16238, ""step"": 5, ""status"": 1, ""pres"": 980.0165, ""meas_profile"": ""HP-5"", ""meas_id"": 5, ""hum"": 34.90511, ""gas_res"": 132987.0}, {""temp"": 23.96049, ""step"": 5, ""status"": 1, ""pres"": 980.1254, ""meas_profile"": ""HP-4"", ""meas_id"": 4, ""hum"": 34.34477, ""gas_res"": 138715.8}, {""temp"": 24.11543, ""step"": 5, ""status"": 1, ""pres"": 979.7958, ""meas_profile"": ""HP-3"", ""meas_id"": 3, ""hum"": 34.83794, ""gas_res"": 79651.52}, {""temp"": 24.05281, ""step"": 5, ""status"": 1, ""pres"": 979.9321, ""meas_profile"": ""HP-2"", ""meas_id"": 2, ""hum"": 35.05439, ""gas_res"": 103538.9}, {""temp"": 23.83499, ""step"": 5, ""status"": 1, ""pres"": 979.9787, ""meas_profile"": ""HP-1"", ""meas_id"": 1, ""hum"": 34.68716, ""gas_res"": 100000.0}]}",NULL,"2025-10-29 10:04:05.655763"
14460,"04a600b9b0b8","2025-10-29 10:03:12","pQoT47upqHRaDahZPr7c","{""bme688"": [{""temp"": 24.1771, ""step"": 4, ""status"": 1, ""pres"": 979.9815, ""meas_profile"": ""HP-8"", ""meas_id"": 8, ""hum"": 34.98684, ""gas_res"": 14618.55}, {""temp"": 24.1674, ""step"": 4, ""status"": 1, ""pres"": 980.1208, ""meas_profile"": ""HP-7"", ""meas_id"": 7, ""hum"": 34.90606, ""gas_res"": 18529.24}, {""temp"": 24.24307, ""step"": 4, ""status"": 1, ""pres"": 980.2822, ""meas_profile"": ""HP-6"", ""meas_id"": 6, ""hum"": 34.72889, ""gas_res"": 38988.73}, {""temp"": 24.16113, ""step"": 4, ""status"": 1, ""pres"": 980.0162, ""meas_profile"": ""HP-5"", ""meas_id"": 5, ""hum"": 34.9221, ""gas_res"": 134772.3}, {""temp"": 23.95987, ""step"": 4, ""status"": 1, ""pres"": 980.1259, ""meas_profile"": ""HP-4"", ""meas_id"": 4, ""hum"": 34.36779, ""gas_res"": 139967.2}, {""temp"": 24.1145, ""step"": 4, ""status"": 1, ""pres"": 979.7961, ""meas_profile"": ""HP-3"", ""meas_id"": 3, ""hum"": 34.83784, ""gas_res"": 77622.8}, {""temp"": 24.05188, ""step"": 4, ""status"": 1, ""pres"": 979.9304, ""meas_profile"": ""HP-2"", ""meas_id"": 2, ""hum"": 35.08855, ""gas_res"": 102543.6}, {""temp"": 23.83437, ""step"": 4, ""status"": 1, ""pres"": 979.9777, ""meas_profile"": ""HP-1"", ""meas_id"": 1, ""hum"": 34.69891, ""gas_res"": 100000.0}]}",NULL,"2025-10-29 10:04:06.933035"
14461,"04a600b9b0b8","2025-10-29 10:03:12","pQoT47upqHRaDahZPr7c","{""bme688"": [{""temp"": 24.17587, ""step"": 3, ""status"": 0, ""pres"": 979.9813, ""meas_profile"": ""HP-8"", ""meas_id"": 8, ""hum"": 35.01552, ""gas_res"": 7606.37}, {""temp"": 24.16647, ""step"": 3, ""status"": 0, ""pres"": 980.1208, ""meas_profile"": ""HP-7"", ""meas_id"": 7, ""hum"": 34.91166, ""gas_res"": 9145.47}, {""temp"": 24.24184, ""step"": 3, ""status"": 0, ""pres"": 980.282, ""meas_profile"": ""HP-6"", ""meas_id"": 6, ""hum"": 34.74031, ""gas_res"": 20025.03}, {""temp"": 24.16019, ""step"": 3, ""status"": 0, ""pres"": 980.0164, ""meas_profile"": ""HP-5"", ""meas_id"": 5, ""hum"": 34.94482, ""gas_res"": 42063.75}, {""temp"": 23.95894, ""step"": 3, ""status"": 0, ""pres"": 980.1244, ""meas_profile"": ""HP-4"", ""meas_id"": 4, ""hum"": 34.36771, ""gas_res"": 41330.32}, {""temp"": 24.11357, ""step"": 3, ""status"": 0, ""pres"": 979.7927, ""meas_profile"": ""HP-3"", ""meas_id"": 3, ""hum"": 34.84352, ""gas_res"": 26397.2}, {""temp"": 24.05095, ""step"": 3, ""status"": 0, ""pres"": 979.929, ""meas_profile"": ""HP-2"", ""meas_id"": 2, ""hum"": 35.07705, ""gas_res"": 39603.96}, {""temp"": 23.83344, ""step"": 3, ""status"": 0, ""pres"": 979.9762, ""meas_profile"": ""HP-1"", ""meas_id"": 1, ""hum"": 34.69291, ""gas_res"": 27485.51}]}",NULL,"2025-10-29 10:04:08.214006"
14462,"04a600b9b0b8","2025-10-29 10:03:12","pQoT47upqHRaDahZPr7c","{""bme688"": [{""temp"": 24.17494, ""step"": 2, ""status"": 1, ""pres"": 979.9799, ""meas_profile"": ""HP-8"", ""meas_id"": 8, ""hum"": 35.02119, ""gas_res"": 21262.46}, {""temp"": 24.16554, ""step"": 2, ""status"": 1, ""pres"": 980.1209, ""meas_profile"": ""HP-7"", ""meas_id"": 7, ""hum"": 34.90018, ""gas_res"": 27520.96}, {""temp"": 24.24091, ""step"": 2, ""status"": 1, ""pres"": 980.2804, ""meas_profile"": ""HP-6"", ""meas_id"": 6, ""hum"": 34.75753, ""gas_res"": 85475.8}, {""temp"": 24.15925, ""step"": 2, ""status"": 1, ""pres"": 980.0147, ""meas_profile"": ""HP-5"", ""meas_id"": 5, ""hum"": 34.93333, ""gas_res"": 212228.0}, {""temp"": 23.9577, ""step"": 2, ""status"": 1, ""pres"": 980.1224, ""meas_profile"": ""HP-4"", ""meas_id"": 4, ""hum"": 34.37913, ""gas_res"": 261091.3}, {""temp"": 24.11265, ""step"": 2, ""status"": 1, ""pres"": 979.7929, ""meas_profile"": ""HP-3"", ""meas_id"": 3, ""hum"": 34.86076, ""gas_res"": 122576.0}, {""temp"": 24.05002, ""step"": 2, ""status"": 1, ""pres"": 979.929, ""meas_profile"": ""HP-2"", ""meas_id"": 2, ""hum"": 35.09979, ""gas_res"": 226148.4}, {""temp"": 23.83282, ""step"": 2, ""status"": 1, ""pres"": 979.9752, ""meas_profile"": ""HP-1"", ""meas_id"": 1, ""hum"": 34.70467, ""gas_res"": 161107.6}]}",NULL,"2025-10-29 10:04:09.592586"
14463,"04a600b9b0b8","2025-10-29 10:03:12","pQoT47upqHRaDahZPr7c","{""bme688"": [{""temp"": 24.17401, ""step"": 1, ""status"": 1, ""pres"": 979.9802, ""meas_profile"": ""HP-8"", ""meas_id"": 8, ""hum"": 35.02685, ""gas_res"": 8517.435}, {""temp"": 24.16492, ""step"": 1, ""status"": 1, ""pres"": 980.12, ""meas_profile"": ""HP-7"", ""meas_id"": 7, ""hum"": 34.93998, ""gas_res"": 10155.51}, {""temp"": 24.24029, ""step"": 1, ""status"": 1, ""pres"": 980.281, ""meas_profile"": ""HP-6"", ""meas_id"": 6, ""hum"": 34.75747, ""gas_res"": 25000.0}, {""temp"": 24.15863, ""step"": 1, ""status"": 1, ""pres"": 980.0153, ""meas_profile"": ""HP-5"", ""meas_id"": 5, ""hum"": 34.9618, ""gas_res"": 41051.96}, {""temp"": 23.95708, ""step"": 1, ""status"": 1, ""pres"": 980.123, ""meas_profile"": ""HP-4"", ""meas_id"": 4, ""hum"": 34.38485, ""gas_res"": 37285.17}, {""temp"": 24.11203, ""step"": 1, ""status"": 1, ""pres"": 979.7919, ""meas_profile"": ""HP-3"", ""meas_id"": 3, ""hum"": 34.8607, ""gas_res"": 25000.0}, {""temp"": 24.0494, ""step"": 1, ""status"": 1, ""pres"": 979.928, ""meas_profile"": ""HP-2"", ""meas_id"": 2, ""hum"": 35.10545, ""gas_res"": 33246.75}, {""temp"": 23.83219, ""step"": 1, ""status"": 1, ""pres"": 979.9761, ""meas_profile"": ""HP-1"", ""meas_id"": 1, ""hum"": 34.68099, ""gas_res"": 24087.32}]}",NULL,"2025-10-29 10:04:10.773643"
14464,"04a600b9b0b8","2025-10-29 10:03:12","pQoT47upqHRaDahZPr7c","{""bme688"": [{""temp"": 24.17278, ""step"": 0, ""status"": 1, ""pres"": 979.9783, ""meas_profile"": ""HP-8"", ""meas_id"": 8, ""hum"": 35.02674, ""gas_res"": 5684.846}, {""temp"": 24.16398, ""step"": 0, ""status"": 1, ""pres"": 980.1202, ""meas_profile"": ""HP-7"", ""meas_id"": 7, ""hum"": 34.91712, ""gas_res"": 6240.25}, {""temp"": 24.23937, ""step"": 0, ""status"": 1, ""pres"": 980.2814, ""meas_profile"": ""HP-6"", ""meas_id"": 6, ""hum"": 34.75739, ""gas_res"": 8733.624}, {""temp"": 24.15769, ""step"": 0, ""status"": 1, ""pres"": 980.0137, ""meas_profile"": ""HP-5"", ""meas_id"": 5, ""hum"": 34.956, ""gas_res"": 25000.0}, {""temp"": 23.95646, ""step"": 0, ""status"": 1, ""pres"": 980.1219, ""meas_profile"": ""HP-4"", ""meas_id"": 4, ""hum"": 34.37325, ""gas_res"": 25000.0}, {""temp"": 24.1111, ""step"": 0, ""status"": 1, ""pres"": 979.7905, ""meas_profile"": ""HP-3"", ""meas_id"": 3, ""hum"": 34.84907, ""gas_res"": 6189.555}, {""temp"": 24.04878, ""step"": 0, ""status"": 1, ""pres"": 979.927, ""meas_profile"": ""HP-2"", ""meas_id"": 2, ""hum"": 35.10539, ""gas_res"": 8390.142}, {""temp"": 23.83126, ""step"": 0, ""status"": 1, ""pres"": 979.9747, ""meas_profile"": ""HP-1"", ""meas_id"": 1, ""hum"": 34.69862, ""gas_res"": 6510.682}]}",NULL,"2025-10-29 10:04:12.05668"
14465,"04a600b9b0b8","2025-10-29 10:02:45","pQoT47upqHRaDahZPr7c","{""zphs01b"": {""voc"": 0, ""temp"": 22.1, ""pm2_5"": 0, ""pm1_0"": 0, ""pm10"": 304, ""o3"": 0.04, ""no2"": 8.41, ""hum"": 0, ""fmhd"": 0, ""co2"": 5000, ""co"": 0.0}, ""smell_b"": {}, ""sfa30"": {""temp"": 24.13, ""hum"": 37.47, ""fmhd"": 11.0}, ""sen5x"": {""voc"": 105.0, ""temp"": 24.28, ""pm4_0"": 4476.4, ""pm2_5"": 4476.4, ""pm1_0"": 4268.5, ""pm10"": 4476.4, ""nox"": 1.0, ""mass_c"": 4424.425, ""hum"": 42.58}, ""scd41"": {""temp"": 23.77699, ""hum"": 45.60616, ""co2"": 672}, ""power_source"": 0, ""mics6814"": {""red_res"": 0, ""no2_res"": 0, ""no2"": 0.17, ""nh3_res"": 0, ""nh3"": 0.73, ""co_res"": 0, ""co"": 44.0}}",NULL,"2025-10-29 10:04:13.227659"
14466,"04a600b9b0b8","2025-10-29 10:02:45","pQoT47upqHRaDahZPr7c","{""bme688"": [{""temp"": 24.17185, ""step"": 9, ""status"": 1, ""pres"": 979.9768, ""meas_profile"": ""HP-8"", ""meas_id"": 8, ""hum"": 35.02089, ""gas_res"": 5684.846}, {""temp"": 24.16305, ""step"": 9, ""status"": 1, ""pres"": 980.1186, ""meas_profile"": ""HP-7"", ""meas_id"": 7, ""hum"": 34.92272, ""gas_res"": 5684.846}, {""temp"": 24.23875, ""step"": 9, ""status"": 1, ""pres"": 980.2821, ""meas_profile"": ""HP-6"", ""meas_id"": 6, ""hum"": 34.75156, ""gas_res"": 7525.87}, {""temp"": 24.15707, ""step"": 9, ""status"": 1, ""pres"": 980.0144, ""meas_profile"": ""HP-5"", ""meas_id"": 5, ""hum"": 34.93882, ""gas_res"": 25000.0}, {""temp"": 23.95583, ""step"": 9, ""status"": 1, ""pres"": 980.1226, ""meas_profile"": ""HP-4"", ""meas_id"": 4, ""hum"": 34.35587, ""gas_res"": 21761.31}, {""temp"": 24.11017, ""step"": 9, ""status"": 1, ""pres"": 979.7888, ""meas_profile"": ""HP-3"", ""meas_id"": 3, ""hum"": 34.8432, ""gas_res"": 5961.252}, {""temp"": 24.04847, ""step"": 9, ""status"": 1, ""pres"": 979.9282, ""meas_profile"": ""HP-2"", ""meas_id"": 2, ""hum"": 35.08252, ""gas_res"": 7694.157}, {""temp"": 23.83064, ""step"": 9, ""status"": 1, ""pres"": 979.9738, ""meas_profile"": ""HP-1"", ""meas_id"": 1, ""hum"": 34.65723, ""gas_res"": 5875.872}]}",NULL,"2025-10-29 10:04:14.724661"
14467,"04a600b9b0b8","2025-10-29 10:02:45","pQoT47upqHRaDahZPr7c","{""bme688"": [{""temp"": 24.17062, ""step"": 8, ""status"": 1, ""pres"": 979.9766, ""meas_profile"": ""HP-8"", ""meas_id"": 8, ""hum"": 35.02653, ""gas_res"": 5684.846}, {""temp"": 24.16212, ""step"": 8, ""status"": 1, ""pres"": 980.1187, ""meas_profile"": ""HP-7"", ""meas_id"": 7, ""hum"": 34.92263, ""gas_res"": 5808.677}, {""temp"": 24.23782, ""step"": 8, ""status"": 1, ""pres"": 980.2806, ""meas_profile"": ""HP-6"", ""meas_id"": 6, ""hum"": 34.75724, ""gas_res"": 7964.161}, {""temp"": 24.15644, ""step"": 8, ""status"": 1, ""pres"": 980.0151, ""meas_profile"": ""HP-5"", ""meas_id"": 5, ""hum"": 34.93306, ""gas_res"": 25000.0}, {""temp"": 23.95521, ""step"": 8, ""status"": 1, ""pres"": 980.1215, ""meas_profile"": ""HP-4"", ""meas_id"": 4, ""hum"": 34.37312, ""gas_res"": 22567.0}, {""temp"": 24.10925, ""step"": 8, ""status"": 1, ""pres"": 979.7873, ""meas_profile"": ""HP-3"", ""meas_id"": 3, ""hum"": 34.84889, ""gas_res"": 5998.125}, {""temp"": 24.04753, ""step"": 8, ""status"": 1, ""pres"": 979.9266, ""meas_profile"": ""HP-2"", ""meas_id"": 2, ""hum"": 35.08242, ""gas_res"": 7887.602}, {""temp"": 23.8297, ""step"": 8, ""status"": 1, ""pres"": 979.9723, ""meas_profile"": ""HP-1"", ""meas_id"": 1, ""hum"": 34.68666, ""gas_res"": 6139.678}]}",NULL,"2025-10-29 10:04:15.897515"
14468,"04a600b9b0b8","2025-10-29 10:02:45","pQoT47upqHRaDahZPr7c","{""bme688"": [{""temp"": 24.16938, ""step"": 7, ""status"": 1, ""pres"": 979.9744, ""meas_profile"": ""HP-8"", ""meas_id"": 8, ""hum"": 35.01489, ""gas_res"": 5684.846}, {""temp"": 24.16119, ""step"": 7, ""status"": 1, ""pres"": 980.1171, ""meas_profile"": ""HP-7"", ""meas_id"": 7, ""hum"": 34.93962, ""gas_res"": 5882.353}, {""temp"": 24.23721, ""step"": 7, ""status"": 1, ""pres"": 980.2813, ""meas_profile"": ""HP-6"", ""meas_id"": 6, ""hum"": 34.73987, ""gas_res"": 8103.317}, {""temp"": 24.15581, ""step"": 7, ""status"": 1, ""pres"": 980.0159, ""meas_profile"": ""HP-5"", ""meas_id"": 5, ""hum"": 34.96152, ""gas_res"": 25000.0}, {""temp"": 23.95459, ""step"": 7, ""status"": 1, ""pres"": 980.1223, ""meas_profile"": ""HP-4"", ""meas_id"": 4, ""hum"": 34.3673, ""gas_res"": 21519.84}, {""temp"": 24.10832, ""step"": 7, ""status"": 1, ""pres"": 979.7858, ""meas_profile"": ""HP-3"", ""meas_id"": 3, ""hum"": 34.85458, ""gas_res"": 7964.161}, {""temp"": 24.04723, ""step"": 7, ""status"": 1, ""pres"": 979.9278, ""meas_profile"": ""HP-2"", ""meas_id"": 2, ""hum"": 35.07669, ""gas_res"": 7644.529}, {""temp"": 23.82877, ""step"": 7, ""status"": 1, ""pres"": 979.9708, ""meas_profile"": ""HP-1"", ""meas_id"": 1, ""hum"": 34.66295, ""gas_res"": 6182.38}]}",NULL,"2025-10-29 10:04:17.174027"
14469,"04a600b9b0b8","2025-10-29 10:02:45","pQoT47upqHRaDahZPr7c","{""bme688"": [{""temp"": 24.16845, ""step"": 6, ""status"": 1, ""pres"": 979.9749, ""meas_profile"": ""HP-8"", ""meas_id"": 8, ""hum"": 35.0148, ""gas_res"": 14998.83}, {""temp"": 24.16026, ""step"": 6, ""status"": 1, ""pres"": 980.1174, ""meas_profile"": ""HP-7"", ""meas_id"": 7, ""hum"": 34.92815, ""gas_res"": 18417.27}, {""temp"": 24.23659, ""step"": 6, ""status"": 1, ""pres"": 980.2803, ""meas_profile"": ""HP-6"", ""meas_id"": 6, ""hum"": 34.75135, ""gas_res"": 35164.84}, {""temp"": 24.15488, ""step"": 6, ""status"": 1, ""pres"": 980.0142, ""meas_profile"": ""HP-5"", ""meas_id"": 5, ""hum"": 34.93861, ""gas_res"": 116390.1}, {""temp"": 23.95366, ""step"": 6, ""status"": 1, ""pres"": 980.1205, ""meas_profile"": ""HP-4"", ""meas_id"": 4, ""hum"": 34.37297, ""gas_res"": 116708.5}, {""temp"": 24.10801, ""step"": 6, ""status"": 1, ""pres"": 979.7852, ""meas_profile"": ""HP-3"", ""meas_id"": 3, ""hum"": 34.83722, ""gas_res"": 42440.32}, {""temp"": 24.0466, ""step"": 6, ""status"": 1, ""pres"": 979.9267, ""meas_profile"": ""HP-2"", ""meas_id"": 2, ""hum"": 35.08234, ""gas_res"": 100000.0}, {""temp"": 23.82815, ""step"": 6, ""status"": 1, ""pres"": 979.9717, ""meas_profile"": ""HP-1"", ""meas_id"": 1, ""hum"": 34.6806, ""gas_res"": 85390.26}]}",NULL,"2025-10-29 10:04:18.463437"
14470,"04a600b9b0b8","2025-10-29 10:02:45","pQoT47upqHRaDahZPr7c","{""bme688"": [{""temp"": 24.16753, ""step"": 5, ""status"": 1, ""pres"": 979.9734, ""meas_profile"": ""HP-8"", ""meas_id"": 8, ""hum"": 35.02048, ""gas_res"": 14967.26}, {""temp"": 24.15964, ""step"": 5, ""status"": 1, ""pres"": 980.1163, ""meas_profile"": ""HP-7"", ""meas_id"": 7, ""hum"": 34.92239, ""gas_res"": 18306.64}, {""temp"": 24.23566, ""step"": 5, ""status"": 1, ""pres"": 980.2805, ""meas_profile"": ""HP-6"", ""meas_id"": 6, ""hum"": 34.74549, ""gas_res"": 35252.0}, {""temp"": 24.15363, ""step"": 5, ""status"": 1, ""pres"": 980.0139, ""meas_profile"": ""HP-5"", ""meas_id"": 5, ""hum"": 34.95562, ""gas_res"": 116073.5}, {""temp"": 23.95242, ""step"": 5, ""status"": 1, ""pres"": 980.1202, ""meas_profile"": ""HP-4"", ""meas_id"": 4, ""hum"": 34.37286, ""gas_res"": 116231.6}, {""temp"": 24.10708, ""step"": 5, ""status"": 1, ""pres"": 979.7838, ""meas_profile"": ""HP-3"", ""meas_id"": 3, ""hum"": 34.85445, ""gas_res"": 41170.79}, {""temp"": 24.04567, ""step"": 5, ""status"": 1, ""pres"": 979.9253, ""meas_profile"": ""HP-2"", ""meas_id"": 2, ""hum"": 35.09938, ""gas_res"": 100000.0}, {""temp"": 23.82721, ""step"": 5, ""status"": 1, ""pres"": 979.9703, ""meas_profile"": ""HP-1"", ""meas_id"": 1, ""hum"": 34.68052, ""gas_res"": 81632.66}]}",NULL,"2025-10-29 10:04:19.834704"
14471,"04a600b9b0b8","2025-10-29 10:02:45","pQoT47upqHRaDahZPr7c","{""bme688"": [{""temp"": 24.1666, ""step"": 4, ""status"": 1, ""pres"": 979.9738, ""meas_profile"": ""HP-8"", ""meas_id"": 8, ""hum"": 35.03766, ""gas_res"": 14977.77}, {""temp"": 24.1587, ""step"": 4, ""status"": 1, ""pres"": 980.1163, ""meas_profile"": ""HP-7"", ""meas_id"": 7, ""hum"": 34.93939, ""gas_res"": 18322.36}, {""temp"": 24.23474, ""step"": 4, ""status"": 1, ""pres"": 980.2809, ""meas_profile"": ""HP-6"", ""meas_id"": 6, ""hum"": 34.76271, ""gas_res"": 35664.53}, {""temp"": 24.15269, ""step"": 4, ""status"": 1, ""pres"": 980.0139, ""meas_profile"": ""HP-5"", ""meas_id"": 5, ""hum"": 34.96123, ""gas_res"": 118408.9}, {""temp"": 23.95148, ""step"": 4, ""status"": 1, ""pres"": 980.1203, ""meas_profile"": ""HP-4"", ""meas_id"": 4, ""hum"": 34.39009, ""gas_res"": 117269.8}, {""temp"": 24.10646, ""step"": 4, ""status"": 1, ""pres"": 979.7827, ""meas_profile"": ""HP-3"", ""meas_id"": 3, ""hum"": 34.8544, ""gas_res"": 40163.16}, {""temp"": 24.04505, ""step"": 4, ""status"": 1, ""pres"": 979.926, ""meas_profile"": ""HP-2"", ""meas_id"": 2, ""hum"": 35.09932, ""gas_res"": 100000.0}, {""temp"": 23.82628, ""step"": 4, ""status"": 1, ""pres"": 979.9688, ""meas_profile"": ""HP-1"", ""meas_id"": 1, ""hum"": 34.69225, ""gas_res"": 78914.92}]}",NULL,"2025-10-29 10:04:21.026264"
14472,"04a600b9b0b8","2025-10-29 10:02:45","pQoT47upqHRaDahZPr7c","{""bme688"": [{""temp"": 24.16567, ""step"": 3, ""status"": 0, ""pres"": 979.974, ""meas_profile"": ""HP-8"", ""meas_id"": 8, ""hum"": 35.0491, ""gas_res"": 7952.286}, {""temp"": 24.15746, ""step"": 3, ""status"": 0, ""pres"": 980.116, ""meas_profile"": ""HP-7"", ""meas_id"": 7, ""hum"": 34.95065, ""gas_res"": 9296.92}, {""temp"": 24.2335, ""step"": 3, ""status"": 0, ""pres"": 980.2805, ""meas_profile"": ""HP-6"", ""meas_id"": 6, ""hum"": 34.78569, ""gas_res"": 18957.35}, {""temp"": 24.15144, ""step"": 3, ""status"": 0, ""pres"": 980.0135, ""meas_profile"": ""HP-5"", ""meas_id"": 5, ""hum"": 34.96111, ""gas_res"": 38461.54}, {""temp"": 23.95055, ""step"": 3, ""status"": 0, ""pres"": 980.1188, ""meas_profile"": ""HP-4"", ""meas_id"": 4, ""hum"": 34.39578, ""gas_res"": 36056.34}, {""temp"": 24.10523, ""step"": 3, ""status"": 0, ""pres"": 979.7807, ""meas_profile"": ""HP-3"", ""meas_id"": 3, ""hum"": 34.87738, ""gas_res"": 22519.35}, {""temp"": 24.04412, ""step"": 3, ""status"": 0, ""pres"": 979.9243, ""meas_profile"": ""HP-2"", ""meas_id"": 2, ""hum"": 35.12207, ""gas_res"": 33586.98}, {""temp"": 23.82534, ""step"": 3, ""status"": 0, ""pres"": 979.9673, ""meas_profile"": ""HP-1"", ""meas_id"": 1, ""hum"": 34.71577, ""gas_res"": 22307.42}]}",NULL,"2025-10-29 10:04:22.30036"
14473,"04a600b9b0b8","2025-10-29 10:02:45","pQoT47upqHRaDahZPr7c","{""bme688"": [{""temp"": 24.16475, ""step"": 2, ""status"": 1, ""pres"": 979.9726, ""meas_profile"": ""HP-8"", ""meas_id"": 8, ""hum"": 35.04901, ""gas_res"": 24961.0}, {""temp"": 24.15684, ""step"": 2, ""status"": 1, ""pres"": 980.1166, ""meas_profile"": ""HP-7"", ""meas_id"": 7, ""hum"": 34.9449, ""gas_res"": 31250.0}, {""temp"": 24.23257, ""step"": 2, ""status"": 1, ""pres"": 980.2789, ""meas_profile"": ""HP-6"", ""meas_id"": 6, ""hum"": 34.77406, ""gas_res"": 92020.13}, {""temp"": 24.1505, ""step"": 2, ""status"": 1, ""pres"": 980.0121, ""meas_profile"": ""HP-5"", ""meas_id"": 5, ""hum"": 34.99525, ""gas_res"": 223776.2}, {""temp"": 23.94962, ""step"": 2, ""status"": 1, ""pres"": 980.119, ""meas_profile"": ""HP-4"", ""meas_id"": 4, ""hum"": 34.39568, ""gas_res"": 255043.6}, {""temp"": 24.1043, ""step"": 2, ""status"": 1, ""pres"": 979.7791, ""meas_profile"": ""HP-3"", ""meas_id"": 3, ""hum"": 34.87729, ""gas_res"": 114209.2}, {""temp"": 24.04319, ""step"": 2, ""status"": 1, ""pres"": 979.9229, ""meas_profile"": ""HP-2"", ""meas_id"": 2, ""hum"": 35.1334, ""gas_res"": 204841.0}, {""temp"": 23.82441, ""step"": 2, ""status"": 1, ""pres"": 979.9677, ""meas_profile"": ""HP-1"", ""meas_id"": 1, ""hum"": 34.69796, ""gas_res"": 144469.5}]}",NULL,"2025-10-29 10:04:23.574556"
14474,"04a600b9b0b8","2025-10-29 10:02:45","pQoT47upqHRaDahZPr7c","{""bme688"": [{""temp"": 24.16413, ""step"": 1, ""status"": 1, ""pres"": 979.9716, ""meas_profile"": ""HP-8"", ""meas_id"": 8, ""hum"": 35.04895, ""gas_res"": 8923.592}, {""temp"": 24.15622, ""step"": 1, ""status"": 1, ""pres"": 980.1172, ""meas_profile"": ""HP-7"", ""meas_id"": 7, ""hum"": 34.96193, ""gas_res"": 10342.6}, {""temp"": 24.23196, ""step"": 1, ""status"": 1, ""pres"": 980.2798, ""meas_profile"": ""HP-6"", ""meas_id"": 6, ""hum"": 34.77977, ""gas_res"": 25000.0}, {""temp"": 24.14987, ""step"": 1, ""status"": 1, ""pres"": 980.0109, ""meas_profile"": ""HP-5"", ""meas_id"": 5, ""hum"": 34.97808, ""gas_res"": 36581.88}, {""temp"": 23.949, ""step"": 1, ""status"": 1, ""pres"": 980.118, ""meas_profile"": ""HP-4"", ""meas_id"": 4, ""hum"": 34.41294, ""gas_res"": 31714.57}, {""temp"": 24.10368, ""step"": 1, ""status"": 1, ""pres"": 979.7782, ""meas_profile"": ""HP-3"", ""meas_id"": 3, ""hum"": 34.90034, ""gas_res"": 25000.0}, {""temp"": 24.04257, ""step"": 1, ""status"": 1, ""pres"": 979.9235, ""meas_profile"": ""HP-2"", ""meas_id"": 2, ""hum"": 35.12763, ""gas_res"": 26930.36}, {""temp"": 23.82379, ""step"": 1, ""status"": 1, ""pres"": 979.9668, ""meas_profile"": ""HP-1"", ""meas_id"": 1, ""hum"": 34.70972, ""gas_res"": 25000.0}]}",NULL,"2025-10-29 10:04:24.948649"
14475,"04a600b9b0b8","2025-10-29 10:02:45","pQoT47upqHRaDahZPr7c","{""bme688"": [{""temp"": 24.1632, ""step"": 0, ""status"": 1, ""pres"": 979.9719, ""meas_profile"": ""HP-8"", ""meas_id"": 8, ""hum"": 35.06614, ""gas_res"": 5749.191}, {""temp"": 24.15529, ""step"": 0, ""status"": 1, ""pres"": 980.1158, ""meas_profile"": ""HP-7"", ""meas_id"": 7, ""hum"": 34.96183, ""gas_res"": 6558.721}, {""temp"": 24.23134, ""step"": 0, ""status"": 1, ""pres"": 980.2805, ""meas_profile"": ""HP-6"", ""meas_id"": 6, ""hum"": 34.78548, ""gas_res"": 8733.624}, {""temp"": 24.14925, ""step"": 0, ""status"": 1, ""pres"": 980.0117, ""meas_profile"": ""HP-5"", ""meas_id"": 5, ""hum"": 34.98943, ""gas_res"": 25000.0}, {""temp"": 23.94838, ""step"": 0, ""status"": 1, ""pres"": 980.1185, ""meas_profile"": ""HP-4"", ""meas_id"": 4, ""hum"": 34.40711, ""gas_res"": 21672.88}, {""temp"": 24.10275, ""step"": 0, ""status"": 1, ""pres"": 979.7767, ""meas_profile"": ""HP-3"", ""meas_id"": 3, ""hum"": 34.88292, ""gas_res"": 7666.507}, {""temp"": 24.04195, ""step"": 0, ""status"": 1, ""pres"": 979.9226, ""meas_profile"": ""HP-2"", ""meas_id"": 2, ""hum"": 35.12186, ""gas_res"": 7274.38}, {""temp"": 23.82317, ""step"": 0, ""status"": 1, ""pres"": 979.9659, ""meas_profile"": ""HP-1"", ""meas_id"": 1, ""hum"": 34.70966, ""gas_res"": 5934.718}]}",NULL,"2025-10-29 10:04:26.1366"
14476,"04a600b9b0b8","2025-10-29 10:04:42","pQoT47upqHRaDahZPr7c","{""zphs01b"": {""voc"": 0, ""temp"": 22.2, ""pm2_5"": 0, ""pm1_0"": 0, ""pm10"": 311, ""o3"": 0.07, ""no2"": 10.0, ""hum"": 0, ""fmhd"": 0, ""co2"": 5000, ""co"": 0.0}, ""smell_b"": {}, ""sfa30"": {""temp"": 24.2, ""hum"": 37.38, ""fmhd"": 13.6}, ""sen5x"": {""voc"": 117.0, ""temp"": 24.21, ""pm4_0"": 4536.7, ""pm2_5"": 4536.7, ""pm1_0"": 4326.0, ""pm10"": 4536.7, ""nox"": 1.0, ""mass_c"": 4484.025, ""hum"": 42.86}, ""scd41"": {""temp"": 23.89182, ""hum"": 45.40017, ""co2"": 674}, ""power_source"": 0, ""mics6814"": {""red_res"": 0, ""no2_res"": 0, ""no2"": 0.17, ""nh3_res"": 0, ""nh3"": 0.73, ""co_res"": 0, ""co"": 44.0}}",NULL,"2025-10-29 10:05:28.805224"
14477,"04a600b9b0b8","2025-10-29 10:04:42","pQoT47upqHRaDahZPr7c","{""bme688"": [{""temp"": 24.20613, ""step"": 9, ""status"": 1, ""pres"": 979.9991, ""meas_profile"": ""HP-8"", ""meas_id"": 8, ""hum"": 34.90903, ""gas_res"": 5684.846}, {""temp"": 24.19411, ""step"": 9, ""status"": 1, ""pres"": 980.1383, ""meas_profile"": ""HP-7"", ""meas_id"": 7, ""hum"": 34.80049, ""gas_res"": 5938.022}, {""temp"": 24.26838, ""step"": 9, ""status"": 1, ""pres"": 980.2921, ""meas_profile"": ""HP-6"", ""meas_id"": 6, ""hum"": 34.63899, ""gas_res"": 8072.654}, {""temp"": 24.18646, ""step"": 9, ""status"": 1, ""pres"": 980.0259, ""meas_profile"": ""HP-5"", ""meas_id"": 5, ""hum"": 34.83328, ""gas_res"": 25000.0}, {""temp"": 23.98286, ""step"": 9, ""status"": 1, ""pres"": 980.1406, ""meas_profile"": ""HP-4"", ""meas_id"": 4, ""hum"": 34.29495, ""gas_res"": 25000.0}, {""temp"": 24.13832, ""step"": 9, ""status"": 1, ""pres"": 979.8182, ""meas_profile"": ""HP-3"", ""meas_id"": 3, ""hum"": 34.7593, ""gas_res"": 6698.765}, {""temp"": 24.07362, ""step"": 9, ""status"": 1, ""pres"": 979.9495, ""meas_profile"": ""HP-2"", ""meas_id"": 2, ""hum"": 35.01643, ""gas_res"": 8620.689}, {""temp"": 23.85585, ""step"": 9, ""status"": 1, ""pres"": 979.9927, ""meas_profile"": ""HP-1"", ""meas_id"": 1, ""hum"": 34.63009, ""gas_res"": 6382.13}]}",NULL,"2025-10-29 10:05:30.135423"
14478,"04a600b9b0b8","2025-10-29 10:04:42","pQoT47upqHRaDahZPr7c","{""bme688"": [{""temp"": 24.20459, ""step"": 8, ""status"": 1, ""pres"": 979.9967, ""meas_profile"": ""HP-8"", ""meas_id"": 8, ""hum"": 34.89162, ""gas_res"": 5684.846}, {""temp"": 24.19286, ""step"": 8, ""status"": 1, ""pres"": 980.1362, ""meas_profile"": ""HP-7"", ""meas_id"": 7, ""hum"": 34.79468, ""gas_res"": 5988.024}, {""temp"": 24.26746, ""step"": 8, ""status"": 1, ""pres"": 980.2922, ""meas_profile"": ""HP-6"", ""meas_id"": 6, ""hum"": 34.65044, ""gas_res"": 8537.887}, {""temp"": 24.18584, ""step"": 8, ""status"": 1, ""pres"": 980.0265, ""meas_profile"": ""HP-5"", ""meas_id"": 5, ""hum"": 34.83892, ""gas_res"": 25000.0}, {""temp"": 23.98223, ""step"": 8, ""status"": 1, ""pres"": 980.1397, ""meas_profile"": ""HP-4"", ""meas_id"": 4, ""hum"": 34.2949, ""gas_res"": 25000.0}, {""temp"": 24.13739, ""step"": 8, ""status"": 1, ""pres"": 979.8184, ""meas_profile"": ""HP-3"", ""meas_id"": 3, ""hum"": 34.7823, ""gas_res"": 6467.259}, {""temp"": 24.07269, ""step"": 8, ""status"": 1, ""pres"": 979.9496, ""meas_profile"": ""HP-2"", ""meas_id"": 2, ""hum"": 35.02205, ""gas_res"": 8849.558}, {""temp"": 23.85491, ""step"": 8, ""status"": 1, ""pres"": 979.9931, ""meas_profile"": ""HP-1"", ""meas_id"": 1, ""hum"": 34.6182, ""gas_res"": 6728.343}]}",NULL,"2025-10-29 10:05:31.507424"
14479,"04a600b9b0b8","2025-10-29 10:04:42","pQoT47upqHRaDahZPr7c","{""bme688"": [{""temp"": 24.20304, ""step"": 7, ""status"": 1, ""pres"": 979.996, ""meas_profile"": ""HP-8"", ""meas_id"": 8, ""hum"": 34.90298, ""gas_res"": 5684.846}, {""temp"": 24.19162, ""step"": 7, ""status"": 1, ""pres"": 980.1359, ""meas_profile"": ""HP-7"", ""meas_id"": 7, ""hum"": 34.80025, ""gas_res"": 6004.879}, {""temp"": 24.26653, ""step"": 7, ""status"": 1, ""pres"": 980.2925, ""meas_profile"": ""HP-6"", ""meas_id"": 6, ""hum"": 34.63305, ""gas_res"": 8719.346}, {""temp"": 24.1849, ""step"": 7, ""status"": 1, ""pres"": 980.0266, ""meas_profile"": ""HP-5"", ""meas_id"": 5, ""hum"": 34.81602, ""gas_res"": 25000.0}, {""temp"": 23.9813, ""step"": 7, ""status"": 1, ""pres"": 980.1397, ""meas_profile"": ""HP-4"", ""meas_id"": 4, ""hum"": 34.2948, ""gas_res"": 25000.0}, {""temp"": 24.13615, ""step"": 7, ""status"": 1, ""pres"": 979.8162, ""meas_profile"": ""HP-3"", ""meas_id"": 3, ""hum"": 34.77641, ""gas_res"": 6451.613}, {""temp"": 24.07207, ""step"": 7, ""status"": 1, ""pres"": 979.9487, ""meas_profile"": ""HP-2"", ""meas_id"": 2, ""hum"": 35.01628, ""gas_res"": 8719.346}, {""temp"": 23.85398, ""step"": 7, ""status"": 1, ""pres"": 979.9934, ""meas_profile"": ""HP-1"", ""meas_id"": 1, ""hum"": 34.62992, ""gas_res"": 6929.407}]}",NULL,"2025-10-29 10:05:32.706329"
14480,"04a600b9b0b8","2025-10-29 10:04:42","pQoT47upqHRaDahZPr7c","{""bme688"": [{""temp"": 24.20212, ""step"": 6, ""status"": 1, ""pres"": 979.9964, ""meas_profile"": ""HP-8"", ""meas_id"": 8, ""hum"": 34.89139, ""gas_res"": 14699.13}, {""temp"": 24.19038, ""step"": 6, ""status"": 1, ""pres"": 980.1356, ""meas_profile"": ""HP-7"", ""meas_id"": 7, ""hum"": 34.80582, ""gas_res"": 18513.16}, {""temp"": 24.2653, ""step"": 6, ""status"": 1, ""pres"": 980.2922, ""meas_profile"": ""HP-6"", ""meas_id"": 6, ""hum"": 34.63869, ""gas_res"": 38392.32}, {""temp"": 24.18365, ""step"": 6, ""status"": 1, ""pres"": 980.0262, ""meas_profile"": ""HP-5"", ""meas_id"": 5, ""hum"": 34.83871, ""gas_res"": 129653.1}, {""temp"": 23.98006, ""step"": 6, ""status"": 1, ""pres"": 980.1393, ""meas_profile"": ""HP-4"", ""meas_id"": 4, ""hum"": 34.28316, ""gas_res"": 132987.0}, {""temp"": 24.13522, ""step"": 6, ""status"": 1, ""pres"": 979.8164, ""meas_profile"": ""HP-3"", ""meas_id"": 3, ""hum"": 34.77055, ""gas_res"": 79061.15}, {""temp"": 24.07083, ""step"": 6, ""status"": 1, ""pres"": 979.9482, ""meas_profile"": ""HP-2"", ""meas_id"": 2, ""hum"": 35.02187, ""gas_res"": 103538.9}, {""temp"": 23.85336, ""step"": 6, ""status"": 1, ""pres"": 979.9926, ""meas_profile"": ""HP-1"", ""meas_id"": 1, ""hum"": 34.61215, ""gas_res"": 100000.0}]}",NULL,"2025-10-29 10:05:33.984367"
14481,"04a600b9b0b8","2025-10-29 10:04:42","pQoT47upqHRaDahZPr7c","{""bme688"": [{""temp"": 24.20088, ""step"": 5, ""status"": 1, ""pres"": 979.9944, ""meas_profile"": ""HP-8"", ""meas_id"": 8, ""hum"": 34.90278, ""gas_res"": 14519.06}, {""temp"": 24.18945, ""step"": 5, ""status"": 1, ""pres"": 980.1339, ""meas_profile"": ""HP-7"", ""meas_id"": 7, ""hum"": 34.81142, ""gas_res"": 18417.27}, {""temp"": 24.26437, ""step"": 5, ""status"": 1, ""pres"": 980.2908, ""meas_profile"": ""HP-6"", ""meas_id"": 6, ""hum"": 34.65015, ""gas_res"": 38254.63}, {""temp"": 24.1824, ""step"": 5, ""status"": 1, ""pres"": 980.0243, ""meas_profile"": ""HP-5"", ""meas_id"": 5, ""hum"": 34.84429, ""gas_res"": 130346.2}, {""temp"": 23.97882, ""step"": 5, ""status"": 1, ""pres"": 980.1372, ""meas_profile"": ""HP-4"", ""meas_id"": 4, ""hum"": 34.30611, ""gas_res"": 134772.3}, {""temp"": 24.13429, ""step"": 5, ""status"": 1, ""pres"": 979.8148, ""meas_profile"": ""HP-3"", ""meas_id"": 3, ""hum"": 34.77623, ""gas_res"": 77693.48}, {""temp"": 24.06989, ""step"": 5, ""status"": 1, ""pres"": 979.9467, ""meas_profile"": ""HP-2"", ""meas_id"": 2, ""hum"": 35.01607, ""gas_res"": 101688.2}, {""temp"": 23.85273, ""step"": 5, ""status"": 1, ""pres"": 979.9916, ""meas_profile"": ""HP-1"", ""meas_id"": 1, ""hum"": 34.6357, ""gas_res"": 100000.0}]}",NULL,"2025-10-29 10:05:35.254551"
14482,"04a600b9b0b8","2025-10-29 10:04:42","pQoT47upqHRaDahZPr7c","{""bme688"": [{""temp"": 24.19965, ""step"": 4, ""status"": 1, ""pres"": 979.9941, ""meas_profile"": ""HP-8"", ""meas_id"": 8, ""hum"": 34.91993, ""gas_res"": 14401.44}, {""temp"": 24.18821, ""step"": 4, ""status"": 1, ""pres"": 980.1335, ""meas_profile"": ""HP-7"", ""meas_id"": 7, ""hum"": 34.80561, ""gas_res"": 18244.01}, {""temp"": 24.26345, ""step"": 4, ""status"": 1, ""pres"": 980.2908, ""meas_profile"": ""HP-6"", ""meas_id"": 6, ""hum"": 34.65005, ""gas_res"": 38392.32}, {""temp"": 24.18114, ""step"": 4, ""status"": 1, ""pres"": 980.0239, ""meas_profile"": ""HP-5"", ""meas_id"": 5, ""hum"": 34.85557, ""gas_res"": 131450.6}, {""temp"": 23.97789, ""step"": 4, ""status"": 1, ""pres"": 980.1375, ""meas_profile"": ""HP-4"", ""meas_id"": 4, ""hum"": 34.29449, ""gas_res"": 135953.3}, {""temp"": 24.13337, ""step"": 4, ""status"": 1, ""pres"": 979.8152, ""meas_profile"": ""HP-3"", ""meas_id"": 3, ""hum"": 34.77615, ""gas_res"": 75627.77}, {""temp"": 24.06896, ""step"": 4, ""status"": 1, ""pres"": 979.9451, ""meas_profile"": ""HP-2"", ""meas_id"": 2, ""hum"": 35.0331, ""gas_res"": 99610.9}, {""temp"": 23.8518, ""step"": 4, ""status"": 1, ""pres"": 979.9902, ""meas_profile"": ""HP-1"", ""meas_id"": 1, ""hum"": 34.64151, ""gas_res"": 100000.0}]}",NULL,"2025-10-29 10:05:36.642302"
14483,"04a600b9b0b8","2025-10-29 10:04:42","pQoT47upqHRaDahZPr7c","{""bme688"": [{""temp"": 24.19841, ""step"": 3, ""status"": 0, ""pres"": 979.9941, ""meas_profile"": ""HP-8"", ""meas_id"": 8, ""hum"": 34.91405, ""gas_res"": 7590.133}, {""temp"": 24.18696, ""step"": 3, ""status"": 0, ""pres"": 980.1331, ""meas_profile"": ""HP-7"", ""meas_id"": 7, ""hum"": 34.82825, ""gas_res"": 8946.044}, {""temp"": 24.2619, ""step"": 3, ""status"": 0, ""pres"": 980.2902, ""meas_profile"": ""HP-6"", ""meas_id"": 6, ""hum"": 34.68451, ""gas_res"": 20349.76}, {""temp"": 24.1799, ""step"": 3, ""status"": 0, ""pres"": 980.0235, ""meas_profile"": ""HP-5"", ""meas_id"": 5, ""hum"": 34.87256, ""gas_res"": 42695.13}, {""temp"": 23.97664, ""step"": 3, ""status"": 0, ""pres"": 980.137, ""meas_profile"": ""HP-4"", ""meas_id"": 4, ""hum"": 34.30591, ""gas_res"": 41370.39}, {""temp"": 24.13213, ""step"": 3, ""status"": 0, ""pres"": 979.8131, ""meas_profile"": ""HP-3"", ""meas_id"": 3, ""hum"": 34.78757, ""gas_res"": 26106.46}, {""temp"": 24.06772, ""step"": 3, ""status"": 0, ""pres"": 979.9448, ""meas_profile"": ""HP-2"", ""meas_id"": 2, ""hum"": 35.02728, ""gas_res"": 39900.25}, {""temp"": 23.85086, ""step"": 3, ""status"": 0, ""pres"": 979.9905, ""meas_profile"": ""HP-1"", ""meas_id"": 1, ""hum"": 34.65324, ""gas_res"": 27789.84}]}",NULL,"2025-10-29 10:05:37.816556"
14484,"04a600b9b0b8","2025-10-29 10:04:42","pQoT47upqHRaDahZPr7c","{""bme688"": [{""temp"": 24.19749, ""step"": 2, ""status"": 1, ""pres"": 979.9943, ""meas_profile"": ""HP-8"", ""meas_id"": 8, ""hum"": 34.9485, ""gas_res"": 16649.32}, {""temp"": 24.18572, ""step"": 2, ""status"": 1, ""pres"": 980.1328, ""meas_profile"": ""HP-7"", ""meas_id"": 7, ""hum"": 34.83951, ""gas_res"": 20705.27}, {""temp"": 24.26067, ""step"": 2, ""status"": 1, ""pres"": 980.2899, ""meas_profile"": ""HP-6"", ""meas_id"": 6, ""hum"": 34.69017, ""gas_res"": 57489.33}, {""temp"": 24.17864, ""step"": 2, ""status"": 1, ""pres"": 980.0231, ""meas_profile"": ""HP-5"", ""meas_id"": 5, ""hum"": 34.86103, ""gas_res"": 128288.6}, {""temp"": 23.97571, ""step"": 2, ""status"": 1, ""pres"": 980.1356, ""meas_profile"": ""HP-4"", ""meas_id"": 4, ""hum"": 34.32889, ""gas_res"": 162333.5}, {""temp"": 24.1312, ""step"": 2, ""status"": 1, ""pres"": 979.8131, ""meas_profile"": ""HP-3"", ""meas_id"": 3, ""hum"": 34.79325, ""gas_res"": 79134.47}, {""temp"": 24.06679, ""step"": 2, ""status"": 1, ""pres"": 979.9432, ""meas_profile"": ""HP-2"", ""meas_id"": 2, ""hum"": 35.04432, ""gas_res"": 141946.2}, {""temp"": 23.84993, ""step"": 2, ""status"": 1, ""pres"": 979.9891, ""meas_profile"": ""HP-1"", ""meas_id"": 1, ""hum"": 34.65905, ""gas_res"": 105328.1}]}",NULL,"2025-10-29 10:05:39.096022"
14485,"04a600b9b0b8","2025-10-29 10:04:42","pQoT47upqHRaDahZPr7c","{""bme688"": [{""temp"": 24.19625, ""step"": 1, ""status"": 1, ""pres"": 979.9924, ""meas_profile"": ""HP-8"", ""meas_id"": 8, ""hum"": 34.92536, ""gas_res"": 8565.311}, {""temp"": 24.1851, ""step"": 1, ""status"": 1, ""pres"": 980.1317, ""meas_profile"": ""HP-7"", ""meas_id"": 7, ""hum"": 34.84514, ""gas_res"": 10223.64}, {""temp"": 24.25974, ""step"": 1, ""status"": 1, ""pres"": 980.2883, ""meas_profile"": ""HP-6"", ""meas_id"": 6, ""hum"": 34.67278, ""gas_res"": 25000.0}, {""temp"": 24.17771, ""step"": 1, ""status"": 1, ""pres"": 980.0233, ""meas_profile"": ""HP-5"", ""meas_id"": 5, ""hum"": 34.87806, ""gas_res"": 41450.78}, {""temp"": 23.97478, ""step"": 1, ""status"": 1, ""pres"": 980.1356, ""meas_profile"": ""HP-4"", ""meas_id"": 4, ""hum"": 34.32304, ""gas_res"": 37317.79}, {""temp"": 24.13027, ""step"": 1, ""status"": 1, ""pres"": 979.8116, ""meas_profile"": ""HP-3"", ""meas_id"": 3, ""hum"": 34.81048, ""gas_res"": 25000.0}, {""temp"": 24.06586, ""step"": 1, ""status"": 1, ""pres"": 979.9434, ""meas_profile"": ""HP-2"", ""meas_id"": 2, ""hum"": 35.0328, ""gas_res"": 33853.48}, {""temp"": 23.84931, ""step"": 1, ""status"": 1, ""pres"": 979.99, ""meas_profile"": ""HP-1"", ""meas_id"": 1, ""hum"": 34.65899, ""gas_res"": 24293.04}]}",NULL,"2025-10-29 10:05:40.378171"
14486,"04a600b9b0b8","2025-10-29 10:04:42","pQoT47upqHRaDahZPr7c","{""bme688"": [{""temp"": 24.19501, ""step"": 0, ""status"": 1, ""pres"": 979.9922, ""meas_profile"": ""HP-8"", ""meas_id"": 8, ""hum"": 34.94827, ""gas_res"": 5684.846}, {""temp"": 24.18386, ""step"": 0, ""status"": 1, ""pres"": 980.1314, ""meas_profile"": ""HP-7"", ""meas_id"": 7, ""hum"": 34.83364, ""gas_res"": 6291.781}, {""temp"": 24.25882, ""step"": 0, ""status"": 1, ""pres"": 980.2886, ""meas_profile"": ""HP-6"", ""meas_id"": 6, ""hum"": 34.68423, ""gas_res"": 8879.023}, {""temp"": 24.17677, ""step"": 0, ""status"": 1, ""pres"": 980.0217, ""meas_profile"": ""HP-5"", ""meas_id"": 5, ""hum"": 34.87797, ""gas_res"": 25000.0}, {""temp"": 23.97385, ""step"": 0, ""status"": 1, ""pres"": 980.134, ""meas_profile"": ""HP-4"", ""meas_id"": 4, ""hum"": 34.32295, ""gas_res"": 25000.0}, {""temp"": 24.12934, ""step"": 0, ""status"": 1, ""pres"": 979.812, ""meas_profile"": ""HP-3"", ""meas_id"": 3, ""hum"": 34.81617, ""gas_res"": 6236.601}, {""temp"": 24.06524, ""step"": 0, ""status"": 1, ""pres"": 979.9425, ""meas_profile"": ""HP-2"", ""meas_id"": 2, ""hum"": 35.04416, ""gas_res"": 8537.887}, {""temp"": 23.84838, ""step"": 0, ""status"": 1, ""pres"": 979.9885, ""meas_profile"": ""HP-1"", ""meas_id"": 1, ""hum"": 34.653, ""gas_res"": 6546.645}]}",NULL,"2025-10-29 10:05:41.749168"
14487,"04a600b9b0b8","2025-10-29 10:04:15","pQoT47upqHRaDahZPr7c","{""zphs01b"": {""voc"": 0, ""temp"": 22.2, ""pm2_5"": 0, ""pm1_0"": 0, ""pm10"": 302, ""o3"": 0.06, ""no2"": 8.2, ""hum"": 0, ""fmhd"": 0, ""co2"": 5000, ""co"": 0.0}, ""smell_b"": {}, ""sfa30"": {""temp"": 24.17, ""hum"": 37.41, ""fmhd"": 12.4}, ""sen5x"": {""voc"": 115.0, ""temp"": 24.23, ""pm4_0"": 4464.5, ""pm2_5"": 4464.5, ""pm1_0"": 4257.1, ""pm10"": 4464.5, ""nox"": 1.0, ""mass_c"": 4412.65, ""hum"": 42.79}, ""scd41"": {""temp"": 23.87312, ""hum"": 45.4551, ""co2"": 668}, ""power_source"": 0, ""mics6814"": {""red_res"": 0, ""no2_res"": 0, ""no2"": 0.17, ""nh3_res"": 0, ""nh3"": 0.73, ""co_res"": 0, ""co"": 44.0}}",NULL,"2025-10-29 10:05:42.828625"
14488,"04a600b9b0b8","2025-10-29 10:04:15","pQoT47upqHRaDahZPr7c","{""bme688"": [{""temp"": 24.19378, ""step"": 9, ""status"": 1, ""pres"": 979.9919, ""meas_profile"": ""HP-8"", ""meas_id"": 8, ""hum"": 34.94239, ""gas_res"": 5684.846}, {""temp"": 24.18262, ""step"": 9, ""status"": 1, ""pres"": 980.131, ""meas_profile"": ""HP-7"", ""meas_id"": 7, ""hum"": 34.82214, ""gas_res"": 5749.191}, {""temp"": 24.25758, ""step"": 9, ""status"": 1, ""pres"": 980.2883, ""meas_profile"": ""HP-6"", ""meas_id"": 6, ""hum"": 34.6668, ""gas_res"": 7590.133}, {""temp"": 24.17583, ""step"": 9, ""status"": 1, ""pres"": 980.0219, ""meas_profile"": ""HP-5"", ""meas_id"": 5, ""hum"": 34.87217, ""gas_res"": 25000.0}, {""temp"": 23.97323, ""step"": 9, ""status"": 1, ""pres"": 980.1346, ""meas_profile"": ""HP-4"", ""meas_id"": 4, ""hum"": 34.3229, ""gas_res"": 22638.84}, {""temp"": 24.12842, ""step"": 9, ""status"": 1, ""pres"": 979.8103, ""meas_profile"": ""HP-3"", ""meas_id"": 3, ""hum"": 34.79876, ""gas_res"": 6160.955}, {""temp"": 24.0643, ""step"": 9, ""status"": 1, ""pres"": 979.9426, ""meas_profile"": ""HP-2"", ""meas_id"": 2, ""hum"": 35.02695, ""gas_res"": 7829.704}, {""temp"": 23.84744, ""step"": 9, ""status"": 1, ""pres"": 979.9886, ""meas_profile"": ""HP-1"", ""meas_id"": 1, ""hum"": 34.65881, ""gas_res"": 5928.122}]}",NULL,"2025-10-29 10:05:44.219772"
14489,"04a600b9b0b8","2025-10-29 10:04:15","pQoT47upqHRaDahZPr7c","{""bme688"": [{""temp"": 24.19224, ""step"": 8, ""status"": 1, ""pres"": 979.9895, ""meas_profile"": ""HP-8"", ""meas_id"": 8, ""hum"": 34.94224, ""gas_res"": 5684.846}, {""temp"": 24.18168, ""step"": 8, ""status"": 1, ""pres"": 980.1294, ""meas_profile"": ""HP-7"", ""meas_id"": 7, ""hum"": 34.83344, ""gas_res"": 5853.302}, {""temp"": 24.25665, ""step"": 8, ""status"": 1, ""pres"": 980.2887, ""meas_profile"": ""HP-6"", ""meas_id"": 6, ""hum"": 34.68402, ""gas_res"": 8018.041}, {""temp"": 24.17521, ""step"": 8, ""status"": 1, ""pres"": 980.0226, ""meas_profile"": ""HP-5"", ""meas_id"": 5, ""hum"": 34.86641, ""gas_res"": 25000.0}, {""temp"": 23.9723, ""step"": 8, ""status"": 1, ""pres"": 980.1331, ""meas_profile"": ""HP-4"", ""meas_id"": 4, ""hum"": 34.31704, ""gas_res"": 22686.99}, {""temp"": 24.12718, ""step"": 8, ""status"": 1, ""pres"": 979.8101, ""meas_profile"": ""HP-3"", ""meas_id"": 3, ""hum"": 34.79287, ""gas_res"": 5888.848}, {""temp"": 24.06368, ""step"": 8, ""status"": 1, ""pres"": 979.9416, ""meas_profile"": ""HP-2"", ""meas_id"": 2, ""hum"": 35.04402, ""gas_res"": 7881.773}, {""temp"": 23.8462, ""step"": 8, ""status"": 1, ""pres"": 979.9868, ""meas_profile"": ""HP-1"", ""meas_id"": 1, ""hum"": 34.63508, ""gas_res"": 6203.955}]}",NULL,"2025-10-29 10:05:45.496406"
14490,"04a600b9b0b8","2025-10-29 10:04:15","pQoT47upqHRaDahZPr7c","{""bme688"": [{""temp"": 24.191, ""step"": 7, ""status"": 1, ""pres"": 979.9893, ""meas_profile"": ""HP-8"", ""meas_id"": 8, ""hum"": 34.92486, ""gas_res"": 5684.846}, {""temp"": 24.18044, ""step"": 7, ""status"": 1, ""pres"": 980.1289, ""meas_profile"": ""HP-7"", ""meas_id"": 7, ""hum"": 34.85038, ""gas_res"": 5908.419}, {""temp"": 24.25573, ""step"": 7, ""status"": 1, ""pres"": 980.2887, ""meas_profile"": ""HP-6"", ""meas_id"": 6, ""hum"": 34.67816, ""gas_res"": 8241.051}, {""temp"": 24.17427, ""step"": 7, ""status"": 1, ""pres"": 980.0209, ""meas_profile"": ""HP-5"", ""meas_id"": 5, ""hum"": 34.86062, ""gas_res"": 25000.0}, {""temp"": 23.97136, ""step"": 7, ""status"": 1, ""pres"": 980.1332, ""meas_profile"": ""HP-4"", ""meas_id"": 4, ""hum"": 34.3054, ""gas_res"": 21828.1}, {""temp"": 24.12625, ""step"": 7, ""status"": 1, ""pres"": 979.8085, ""meas_profile"": ""HP-3"", ""meas_id"": 3, ""hum"": 34.79278, ""gas_res"": 5901.881}, {""temp"": 24.06275, ""step"": 7, ""status"": 1, ""pres"": 979.9417, ""meas_profile"": ""HP-2"", ""meas_id"": 2, ""hum"": 35.03822, ""gas_res"": 7846.984}, {""temp"": 23.84526, ""step"": 7, ""status"": 1, ""pres"": 979.9872, ""meas_profile"": ""HP-1"", ""meas_id"": 1, ""hum"": 34.65861, ""gas_res"": 6291.781}]}",NULL,"2025-10-29 10:05:46.874826"
14491,"04a600b9b0b8","2025-10-29 10:04:15","pQoT47upqHRaDahZPr7c","{""bme688"": [{""temp"": 24.18976, ""step"": 6, ""status"": 1, ""pres"": 979.9892, ""meas_profile"": ""HP-8"", ""meas_id"": 8, ""hum"": 34.94776, ""gas_res"": 14842.3}, {""temp"": 24.17951, ""step"": 6, ""status"": 1, ""pres"": 980.1275, ""meas_profile"": ""HP-7"", ""meas_id"": 7, ""hum"": 34.83323, ""gas_res"": 18073.99}, {""temp"": 24.2548, ""step"": 6, ""status"": 1, ""pres"": 980.2873, ""meas_profile"": ""HP-6"", ""meas_id"": 6, ""hum"": 34.66654, ""gas_res"": 34991.8}, {""temp"": 24.17301, ""step"": 6, ""status"": 1, ""pres"": 980.0206, ""meas_profile"": ""HP-5"", ""meas_id"": 5, ""hum"": 34.87761, ""gas_res"": 113828.4}, {""temp"": 23.97043, ""step"": 6, ""status"": 1, ""pres"": 980.1317, ""meas_profile"": ""HP-4"", ""meas_id"": 4, ""hum"": 34.3284, ""gas_res"": 113904.3}, {""temp"": 24.12564, ""step"": 6, ""status"": 1, ""pres"": 979.8091, ""meas_profile"": ""HP-3"", ""meas_id"": 3, ""hum"": 34.80427, ""gas_res"": 42524.92}, {""temp"": 24.06213, ""step"": 6, ""status"": 1, ""pres"": 979.9406, ""meas_profile"": ""HP-2"", ""meas_id"": 2, ""hum"": 35.03816, ""gas_res"": 100000.0}, {""temp"": 23.84433, ""step"": 6, ""status"": 1, ""pres"": 979.9856, ""meas_profile"": ""HP-1"", ""meas_id"": 1, ""hum"": 34.65852, ""gas_res"": 84210.52}]}",NULL,"2025-10-29 10:05:48.056417"
14492,"04a600b9b0b8","2025-10-29 10:04:15","pQoT47upqHRaDahZPr7c","{""bme688"": [{""temp"": 24.18853, ""step"": 5, ""status"": 1, ""pres"": 979.9872, ""meas_profile"": ""HP-8"", ""meas_id"": 8, ""hum"": 34.94764, ""gas_res"": 14842.3}, {""temp"": 24.17827, ""step"": 5, ""status"": 1, ""pres"": 980.1271, ""meas_profile"": ""HP-7"", ""meas_id"": 7, ""hum"": 34.8388, ""gas_res"": 18120.04}, {""temp"": 24.25357, ""step"": 5, ""status"": 1, ""pres"": 980.287, ""meas_profile"": ""HP-6"", ""meas_id"": 6, ""hum"": 34.69527, ""gas_res"": 34848.9}, {""temp"": 24.17208, ""step"": 5, ""status"": 1, ""pres"": 980.0209, ""meas_profile"": ""HP-5"", ""meas_id"": 5, ""hum"": 34.86611, ""gas_res"": 113828.4}, {""temp"": 23.96919, ""step"": 5, ""status"": 1, ""pres"": 980.1313, ""meas_profile"": ""HP-4"", ""meas_id"": 4, ""hum"": 34.32251, ""gas_res"": 113450.0}, {""temp"": 24.12471, ""step"": 5, ""status"": 1, ""pres"": 979.8076, ""meas_profile"": ""HP-3"", ""meas_id"": 3, ""hum"": 34.80417, ""gas_res"": 41091.49}, {""temp"": 24.0612, ""step"": 5, ""status"": 1, ""pres"": 979.9391, ""meas_profile"": ""HP-2"", ""meas_id"": 2, ""hum"": 35.05519, ""gas_res"": 100000.0}, {""temp"": 23.8434, ""step"": 5, ""status"": 1, ""pres"": 979.9842, ""meas_profile"": ""HP-1"", ""meas_id"": 1, ""hum"": 34.65843, ""gas_res"": 81012.66}]}",NULL,"2025-10-29 10:05:49.335889"
14493,"04a600b9b0b8","2025-10-29 10:04:15","pQoT47upqHRaDahZPr7c","{""bme688"": [{""temp"": 24.1876, ""step"": 4, ""status"": 1, ""pres"": 979.9874, ""meas_profile"": ""HP-8"", ""meas_id"": 8, ""hum"": 34.97057, ""gas_res"": 14821.68}, {""temp"": 24.17734, ""step"": 4, ""status"": 1, ""pres"": 980.1273, ""meas_profile"": ""HP-7"", ""meas_id"": 7, ""hum"": 34.8444, ""gas_res"": 18150.88}, {""temp"": 24.25264, ""step"": 4, ""status"": 1, ""pres"": 980.2854, ""meas_profile"": ""HP-6"", ""meas_id"": 6, ""hum"": 34.69518, ""gas_res"": 35545.68}, {""temp"": 24.17083, ""step"": 4, ""status"": 1, ""pres"": 980.0185, ""meas_profile"": ""HP-5"", ""meas_id"": 5, ""hum"": 34.89451, ""gas_res"": 115994.6}, {""temp"": 23.96826, ""step"": 4, ""status"": 1, ""pres"": 980.1298, ""meas_profile"": ""HP-4"", ""meas_id"": 4, ""hum"": 34.3455, ""gas_res"": 114978.7}, {""temp"": 24.12378, ""step"": 4, ""status"": 1, ""pres"": 979.8061, ""meas_profile"": ""HP-3"", ""meas_id"": 3, ""hum"": 34.81564, ""gas_res"": 40314.96}, {""temp"": 24.06058, ""step"": 4, ""status"": 1, ""pres"": 979.9381, ""meas_profile"": ""HP-2"", ""meas_id"": 2, ""hum"": 35.06084, ""gas_res"": 100000.0}, {""temp"": 23.84215, ""step"": 4, ""status"": 1, ""pres"": 979.9842, ""meas_profile"": ""HP-1"", ""meas_id"": 1, ""hum"": 34.66422, ""gas_res"": 78191.81}]}",NULL,"2025-10-29 10:05:50.617452"
14494,"04a600b9b0b8","2025-10-29 10:04:15","pQoT47upqHRaDahZPr7c","{""bme688"": [{""temp"": 24.18637, ""step"": 3, ""status"": 1, ""pres"": 979.9874, ""meas_profile"": ""HP-8"", ""meas_id"": 8, ""hum"": 34.97046, ""gas_res"": 7738.815}, {""temp"": 24.1761, ""step"": 3, ""status"": 0, ""pres"": 980.1252, ""meas_profile"": ""HP-7"", ""meas_id"": 7, ""hum"": 34.84997, ""gas_res"": 8953.554}, {""temp"": 24.2511, ""step"": 3, ""status"": 0, ""pres"": 980.2849, ""meas_profile"": ""HP-6"", ""meas_id"": 6, ""hum"": 34.71234, ""gas_res"": 18724.4}, {""temp"": 24.16957, ""step"": 3, ""status"": 0, ""pres"": 980.0182, ""meas_profile"": ""HP-5"", ""meas_id"": 5, ""hum"": 34.88868, ""gas_res"": 37547.67}, {""temp"": 23.96702, ""step"": 3, ""status"": 0, ""pres"": 980.1295, ""meas_profile"": ""HP-4"", ""meas_id"": 4, ""hum"": 34.34538, ""gas_res"": 35398.23}, {""temp"": 24.12254, ""step"": 3, ""status"": 0, ""pres"": 979.8058, ""meas_profile"": ""HP-3"", ""meas_id"": 3, ""hum"": 34.83284, ""gas_res"": 21717.0}, {""temp"": 24.05934, ""step"": 3, ""status"": 0, ""pres"": 979.9378, ""meas_profile"": ""HP-2"", ""meas_id"": 2, ""hum"": 35.07785, ""gas_res"": 32736.57}, {""temp"": 23.84122, ""step"": 3, ""status"": 0, ""pres"": 979.9829, ""meas_profile"": ""HP-1"", ""meas_id"": 1, ""hum"": 34.68185, ""gas_res"": 22614.84}]}",NULL,"2025-10-29 10:05:51.993227"
14495,"04a600b9b0b8","2025-10-29 10:04:15","pQoT47upqHRaDahZPr7c","{""bme688"": [{""temp"": 24.18513, ""step"": 2, ""status"": 1, ""pres"": 979.9853, ""meas_profile"": ""HP-8"", ""meas_id"": 8, ""hum"": 34.97034, ""gas_res"": 19875.78}, {""temp"": 24.17485, ""step"": 2, ""status"": 1, ""pres"": 980.1247, ""meas_profile"": ""HP-7"", ""meas_id"": 7, ""hum"": 34.86693, ""gas_res"": 24362.39}, {""temp"": 24.24986, ""step"": 2, ""status"": 1, ""pres"": 980.2845, ""meas_profile"": ""HP-6"", ""meas_id"": 6, ""hum"": 34.70645, ""gas_res"": 64048.04}, {""temp"": 24.16832, ""step"": 2, ""status"": 1, ""pres"": 980.0178, ""meas_profile"": ""HP-5"", ""meas_id"": 5, ""hum"": 34.91138, ""gas_res"": 140775.4}, {""temp"": 23.96577, ""step"": 2, ""status"": 1, ""pres"": 980.1273, ""meas_profile"": ""HP-4"", ""meas_id"": 4, ""hum"": 34.3395, ""gas_res"": 163421.6}, {""temp"": 24.12162, ""step"": 2, ""status"": 1, ""pres"": 979.8043, ""meas_profile"": ""HP-3"", ""meas_id"": 3, ""hum"": 34.82697, ""gas_res"": 78407.35}, {""temp"": 24.05809, ""step"": 2, ""status"": 1, ""pres"": 979.9374, ""meas_profile"": ""HP-2"", ""meas_id"": 2, ""hum"": 35.06631, ""gas_res"": 136387.9}, {""temp"": 23.84028, ""step"": 2, ""status"": 1, ""pres"": 979.9813, ""meas_profile"": ""HP-1"", ""meas_id"": 1, ""hum"": 34.69947, ""gas_res"": 97784.57}]}",NULL,"2025-10-29 10:05:53.175921"
14496,"04a600b9b0b8","2025-10-29 10:04:15","pQoT47upqHRaDahZPr7c","{""bme688"": [{""temp"": 24.18451, ""step"": 1, ""status"": 1, ""pres"": 979.9861, ""meas_profile"": ""HP-8"", ""meas_id"": 8, ""hum"": 34.97028, ""gas_res"": 9060.022}, {""temp"": 24.17392, ""step"": 1, ""status"": 1, ""pres"": 980.125, ""meas_profile"": ""HP-7"", ""meas_id"": 7, ""hum"": 34.86684, ""gas_res"": 10382.87}, {""temp"": 24.24894, ""step"": 1, ""status"": 1, ""pres"": 980.2846, ""meas_profile"": ""HP-6"", ""meas_id"": 6, ""hum"": 34.70636, ""gas_res"": 25000.0}, {""temp"": 24.16739, ""step"": 1, ""status"": 1, ""pres"": 980.0181, ""meas_profile"": ""HP-5"", ""meas_id"": 5, ""hum"": 34.91129, ""gas_res"": 36866.36}, {""temp"": 23.96515, ""step"": 1, ""status"": 1, ""pres"": 980.128, ""meas_profile"": ""HP-4"", ""meas_id"": 4, ""hum"": 34.36253, ""gas_res"": 32048.07}, {""temp"": 24.121, ""step"": 1, ""status"": 1, ""pres"": 979.8033, ""meas_profile"": ""HP-3"", ""meas_id"": 3, ""hum"": 34.82692, ""gas_res"": 25000.0}, {""temp"": 24.05747, ""step"": 1, ""status"": 1, ""pres"": 979.9363, ""meas_profile"": ""HP-2"", ""meas_id"": 2, ""hum"": 35.07767, ""gas_res"": 27309.58}, {""temp"": 23.83966, ""step"": 1, ""status"": 1, ""pres"": 979.9821, ""meas_profile"": ""HP-1"", ""meas_id"": 1, ""hum"": 34.6817, ""gas_res"": 25000.0}]}",NULL,"2025-10-29 10:05:54.455803"
14497,"04a600b9b0b8","2025-10-29 10:04:15","pQoT47upqHRaDahZPr7c","{""bme688"": [{""temp"": 24.18328, ""step"": 0, ""status"": 1, ""pres"": 979.9842, ""meas_profile"": ""HP-8"", ""meas_id"": 8, ""hum"": 34.98744, ""gas_res"": 5786.619}, {""temp"": 24.17299, ""step"": 0, ""status"": 1, ""pres"": 980.1233, ""meas_profile"": ""HP-7"", ""meas_id"": 7, ""hum"": 34.87813, ""gas_res"": 6619.776}, {""temp"": 24.24801, ""step"": 0, ""status"": 1, ""pres"": 980.2832, ""meas_profile"": ""HP-6"", ""meas_id"": 6, ""hum"": 34.71782, ""gas_res"": 8798.46}, {""temp"": 24.16645, ""step"": 0, ""status"": 1, ""pres"": 980.0165, ""meas_profile"": ""HP-5"", ""meas_id"": 5, ""hum"": 34.9112, ""gas_res"": 25000.0}, {""temp"": 23.96422, ""step"": 0, ""status"": 1, ""pres"": 980.1265, ""meas_profile"": ""HP-4"", ""meas_id"": 4, ""hum"": 34.35666, ""gas_res"": 21962.94}, {""temp"": 24.11976, ""step"": 0, ""status"": 1, ""pres"": 979.803, ""meas_profile"": ""HP-3"", ""meas_id"": 3, ""hum"": 34.84412, ""gas_res"": 7887.602}, {""temp"": 24.05654, ""step"": 0, ""status"": 1, ""pres"": 979.9348, ""meas_profile"": ""HP-2"", ""meas_id"": 2, ""hum"": 35.09471, ""gas_res"": 7478.383}, {""temp"": 23.83842, ""step"": 0, ""status"": 1, ""pres"": 979.9803, ""meas_profile"": ""HP-1"", ""meas_id"": 1, ""hum"": 34.68158, ""gas_res"": 6008.261}]}",NULL,"2025-10-29 10:05:55.733542"
14520,"04a600b9b0b8","2025-10-29 10:05:45","pQoT47upqHRaDahZPr7c","{""bme688"": [{""temp"": 24.21911, ""step"": 9, ""status"": 1, ""pres"": 980.0056, ""meas_profile"": ""HP-8"", ""meas_id"": 8, ""hum"": 34.84123, ""gas_res"": 5684.846}, {""temp"": 24.20591, ""step"": 9, ""status"": 1, ""pres"": 980.1445, ""meas_profile"": ""HP-7"", ""meas_id"": 7, ""hum"": 34.76748, ""gas_res"": 5805.515}, {""temp"": 24.28074, ""step"": 9, ""status"": 1, ""pres"": 980.2947, ""meas_profile"": ""HP-6"", ""meas_id"": 6, ""hum"": 34.59403, ""gas_res"": 7761.339}, {""temp"": 24.19866, ""step"": 9, ""status"": 1, ""pres"": 980.0309, ""meas_profile"": ""HP-5"", ""meas_id"": 5, ""hum"": 34.81163, ""gas_res"": 25000.0}, {""temp"": 23.99404, ""step"": 9, ""status"": 1, ""pres"": 980.144, ""meas_profile"": ""HP-4"", ""meas_id"": 4, ""hum"": 34.24986, ""gas_res"": 22783.91}, {""temp"": 24.14883, ""step"": 9, ""status"": 1, ""pres"": 979.8237, ""meas_profile"": ""HP-3"", ""meas_id"": 3, ""hum"": 34.70261, ""gas_res"": 6329.114}, {""temp"": 24.08325, ""step"": 9, ""status"": 1, ""pres"": 979.9537, ""meas_profile"": ""HP-2"", ""meas_id"": 2, ""hum"": 34.98882, ""gas_res"": 8024.072}, {""temp"": 23.86643, ""step"": 9, ""status"": 1, ""pres"": 979.9982, ""meas_profile"": ""HP-1"", ""meas_id"": 1, ""hum"": 34.58388, ""gas_res"": 5977.956}]}",NULL,"2025-10-29 10:16:35.737712"
14521,"04a600b9b0b8","2025-10-29 10:05:45","pQoT47upqHRaDahZPr7c","{""bme688"": [{""temp"": 24.21756, ""step"": 8, ""status"": 1, ""pres"": 980.0031, ""meas_profile"": ""HP-8"", ""meas_id"": 8, ""hum"": 34.8641, ""gas_res"": 5684.846}, {""temp"": 24.20466, ""step"": 8, ""status"": 1, ""pres"": 980.1426, ""meas_profile"": ""HP-7"", ""meas_id"": 7, ""hum"": 34.75599, ""gas_res"": 5837.286}, {""temp"": 24.27981, ""step"": 8, ""status"": 1, ""pres"": 980.295, ""meas_profile"": ""HP-6"", ""meas_id"": 6, ""hum"": 34.60547, ""gas_res"": 8066.549}, {""temp"": 24.19772, ""step"": 8, ""status"": 1, ""pres"": 980.0292, ""meas_profile"": ""HP-5"", ""meas_id"": 5, ""hum"": 34.77734, ""gas_res"": 25000.0}, {""temp"": 23.99311, ""step"": 8, ""status"": 1, ""pres"": 980.1442, ""meas_profile"": ""HP-4"", ""meas_id"": 4, ""hum"": 34.24401, ""gas_res"": 22145.33}, {""temp"": 24.1479, ""step"": 8, ""status"": 1, ""pres"": 979.8239, ""meas_profile"": ""HP-3"", ""meas_id"": 3, ""hum"": 34.72559, ""gas_res"": 5947.956}, {""temp"": 24.08232, ""step"": 8, ""status"": 1, ""pres"": 979.9537, ""meas_profile"": ""HP-2"", ""meas_id"": 2, ""hum"": 34.98302, ""gas_res"": 8030.113}, {""temp"": 23.86549, ""step"": 8, ""status"": 1, ""pres"": 979.9967, ""meas_profile"": ""HP-1"", ""meas_id"": 1, ""hum"": 34.6015, ""gas_res"": 6193.149}]}",NULL,"2025-10-29 10:16:37.109602"
14522,"04a600b9b0b8","2025-10-29 10:05:45","pQoT47upqHRaDahZPr7c","{""bme688"": [{""temp"": 24.21602, ""step"": 7, ""status"": 1, ""pres"": 980.0025, ""meas_profile"": ""HP-8"", ""meas_id"": 8, ""hum"": 34.8697, ""gas_res"": 5684.846}, {""temp"": 24.20342, ""step"": 7, ""status"": 1, ""pres"": 980.1421, ""meas_profile"": ""HP-7"", ""meas_id"": 7, ""hum"": 34.75587, ""gas_res"": 5991.387}, {""temp"": 24.27857, ""step"": 7, ""status"": 1, ""pres"": 980.2964, ""meas_profile"": ""HP-6"", ""meas_id"": 6, ""hum"": 34.59959, ""gas_res"": 8273.01}, {""temp"": 24.19647, ""step"": 7, ""status"": 1, ""pres"": 980.0289, ""meas_profile"": ""HP-5"", ""meas_id"": 5, ""hum"": 34.79433, ""gas_res"": 25000.0}, {""temp"": 23.99218, ""step"": 7, ""status"": 1, ""pres"": 980.1443, ""meas_profile"": ""HP-4"", ""meas_id"": 4, ""hum"": 34.24969, ""gas_res"": 22053.76}, {""temp"": 24.14666, ""step"": 7, ""status"": 1, ""pres"": 979.8234, ""meas_profile"": ""HP-3"", ""meas_id"": 3, ""hum"": 34.73125, ""gas_res"": 5964.585}, {""temp"": 24.08138, ""step"": 7, ""status"": 1, ""pres"": 979.9539, ""meas_profile"": ""HP-2"", ""meas_id"": 2, ""hum"": 34.97152, ""gas_res"": 7893.438}, {""temp"": 23.86425, ""step"": 7, ""status"": 1, ""pres"": 979.9968, ""meas_profile"": ""HP-1"", ""meas_id"": 1, ""hum"": 34.59547, ""gas_res"": 6397.441}]}",NULL,"2025-10-29 10:16:38.303136"
14523,"04a600b9b0b8","2025-10-29 10:05:45","pQoT47upqHRaDahZPr7c","{""bme688"": [{""temp"": 24.21478, ""step"": 6, ""status"": 1, ""pres"": 980.0023, ""meas_profile"": ""HP-8"", ""meas_id"": 8, ""hum"": 34.86959, ""gas_res"": 14578.59}, {""temp"": 24.20218, ""step"": 6, ""status"": 1, ""pres"": 980.1418, ""meas_profile"": ""HP-7"", ""meas_id"": 7, ""hum"": 34.75574, ""gas_res"": 17847.18}, {""temp"": 24.27734, ""step"": 6, ""status"": 1, ""pres"": 980.296, ""meas_profile"": ""HP-6"", ""meas_id"": 6, ""hum"": 34.59947, ""gas_res"": 34538.59}, {""temp"": 24.19522, ""step"": 6, ""status"": 1, ""pres"": 980.0286, ""meas_profile"": ""HP-5"", ""meas_id"": 5, ""hum"": 34.7999, ""gas_res"": 110440.0}, {""temp"": 23.99093, ""step"": 6, ""status"": 1, ""pres"": 980.144, ""meas_profile"": ""HP-4"", ""meas_id"": 4, ""hum"": 34.25534, ""gas_res"": 110942.6}, {""temp"": 24.14574, ""step"": 6, ""status"": 1, ""pres"": 979.8219, ""meas_profile"": ""HP-3"", ""meas_id"": 3, ""hum"": 34.72539, ""gas_res"": 41612.48}, {""temp"": 24.08076, ""step"": 6, ""status"": 1, ""pres"": 979.9529, ""meas_profile"": ""HP-2"", ""meas_id"": 2, ""hum"": 34.98287, ""gas_res"": 100000.0}, {""temp"": 23.86332, ""step"": 6, ""status"": 1, ""pres"": 979.9971, ""meas_profile"": ""HP-1"", ""meas_id"": 1, ""hum"": 34.58949, ""gas_res"": 81321.48}]}",NULL,"2025-10-29 10:16:39.577239"
14524,"04a600b9b0b8","2025-10-29 10:05:45","pQoT47upqHRaDahZPr7c","{""bme688"": [{""temp"": 24.21355, ""step"": 5, ""status"": 1, ""pres"": 980.002, ""meas_profile"": ""HP-8"", ""meas_id"": 8, ""hum"": 34.87522, ""gas_res"": 14578.59}, {""temp"": 24.20094, ""step"": 5, ""status"": 1, ""pres"": 980.1412, ""meas_profile"": ""HP-7"", ""meas_id"": 7, ""hum"": 34.76701, ""gas_res"": 17787.66}, {""temp"": 24.2761, ""step"": 5, ""status"": 1, ""pres"": 980.2958, ""meas_profile"": ""HP-6"", ""meas_id"": 6, ""hum"": 34.59936, ""gas_res"": 34399.36}, {""temp"": 24.19397, ""step"": 5, ""status"": 1, ""pres"": 980.0281, ""meas_profile"": ""HP-5"", ""meas_id"": 5, ""hum"": 34.81689, ""gas_res"": 110583.2}, {""temp"": 23.98969, ""step"": 5, ""status"": 1, ""pres"": 980.1436, ""meas_profile"": ""HP-4"", ""meas_id"": 4, ""hum"": 34.25522, ""gas_res"": 110583.2}, {""temp"": 24.14481, ""step"": 5, ""status"": 1, ""pres"": 979.8221, ""meas_profile"": ""HP-3"", ""meas_id"": 3, ""hum"": 34.73106, ""gas_res"": 40276.9}, {""temp"": 24.07983, ""step"": 5, ""status"": 1, ""pres"": 979.9531, ""meas_profile"": ""HP-2"", ""meas_id"": 2, ""hum"": 34.98278, ""gas_res"": 100000.0}, {""temp"": 23.86207, ""step"": 5, ""status"": 1, ""pres"": 979.9951, ""meas_profile"": ""HP-1"", ""meas_id"": 1, ""hum"": 34.60117, ""gas_res"": 78335.38}]}",NULL,"2025-10-29 10:16:40.855556"
14525,"04a600b9b0b8","2025-10-29 10:05:45","pQoT47upqHRaDahZPr7c","{""bme688"": [{""temp"": 24.212, ""step"": 4, ""status"": 1, ""pres"": 980.0016, ""meas_profile"": ""HP-8"", ""meas_id"": 8, ""hum"": 34.88658, ""gas_res"": 14588.56}, {""temp"": 24.1997, ""step"": 4, ""status"": 1, ""pres"": 980.1409, ""meas_profile"": ""HP-7"", ""meas_id"": 7, ""hum"": 34.77826, ""gas_res"": 17847.18}, {""temp"": 24.27487, ""step"": 4, ""status"": 1, ""pres"": 980.2957, ""meas_profile"": ""HP-6"", ""meas_id"": 6, ""hum"": 34.62231, ""gas_res"": 35020.52}, {""temp"": 24.19271, ""step"": 4, ""status"": 1, ""pres"": 980.0276, ""meas_profile"": ""HP-5"", ""meas_id"": 5, ""hum"": 34.81107, ""gas_res"": 112849.9}, {""temp"": 23.98845, ""step"": 4, ""status"": 1, ""pres"": 980.1432, ""meas_profile"": ""HP-4"", ""meas_id"": 4, ""hum"": 34.25511, ""gas_res"": 111304.4}, {""temp"": 24.14388, ""step"": 4, ""status"": 1, ""pres"": 979.8222, ""meas_profile"": ""HP-3"", ""meas_id"": 3, ""hum"": 34.72521, ""gas_res"": 39751.55}, {""temp"": 24.0789, ""step"": 4, ""status"": 1, ""pres"": 979.9532, ""meas_profile"": ""HP-2"", ""meas_id"": 2, ""hum"": 35.00552, ""gas_res"": 100000.0}, {""temp"": 23.86114, ""step"": 4, ""status"": 1, ""pres"": 979.9955, ""meas_profile"": ""HP-1"", ""meas_id"": 1, ""hum"": 34.59518, ""gas_res"": 46715.33}]}",NULL,"2025-10-29 10:16:42.230699"
14526,"04a600b9b0b8","2025-10-29 10:05:45","pQoT47upqHRaDahZPr7c","{""bme688"": [{""temp"": 24.21077, ""step"": 3, ""status"": 0, ""pres"": 980.0012, ""meas_profile"": ""HP-8"", ""meas_id"": 8, ""hum"": 34.89222, ""gas_res"": 7755.696}, {""temp"": 24.19845, ""step"": 3, ""status"": 0, ""pres"": 980.1406, ""meas_profile"": ""HP-7"", ""meas_id"": 7, ""hum"": 34.80658, ""gas_res"": 8976.157}, {""temp"": 24.27332, ""step"": 3, ""status"": 0, ""pres"": 980.2947, ""meas_profile"": ""HP-6"", ""meas_id"": 6, ""hum"": 34.63369, ""gas_res"": 18923.71}, {""temp"": 24.19115, ""step"": 3, ""status"": 0, ""pres"": 980.0269, ""meas_profile"": ""HP-5"", ""meas_id"": 5, ""hum"": 34.82802, ""gas_res"": 37948.41}, {""temp"": 23.98721, ""step"": 3, ""status"": 0, ""pres"": 980.1428, ""meas_profile"": ""HP-4"", ""meas_id"": 4, ""hum"": 34.29536, ""gas_res"": 35605.01}, {""temp"": 24.14264, ""step"": 3, ""status"": 0, ""pres"": 979.8219, ""meas_profile"": ""HP-3"", ""meas_id"": 3, ""hum"": 34.75972, ""gas_res"": 21940.35}, {""temp"": 24.07735, ""step"": 3, ""status"": 0, ""pres"": 979.9522, ""meas_profile"": ""HP-2"", ""meas_id"": 2, ""hum"": 35.01678, ""gas_res"": 32862.64}, {""temp"": 23.85989, ""step"": 3, ""status"": 0, ""pres"": 979.9953, ""meas_profile"": ""HP-1"", ""meas_id"": 1, ""hum"": 34.61277, ""gas_res"": 22614.84}]}",NULL,"2025-10-29 10:16:46.806392"
14527,"04a600b9b0b8","2025-10-29 10:05:45","pQoT47upqHRaDahZPr7c","{""bme688"": [{""temp"": 24.20953, ""step"": 2, ""status"": 1, ""pres"": 979.9992, ""meas_profile"": ""HP-8"", ""meas_id"": 8, ""hum"": 34.8921, ""gas_res"": 15062.37}, {""temp"": 24.19721, ""step"": 2, ""status"": 1, ""pres"": 980.1401, ""meas_profile"": ""HP-7"", ""meas_id"": 7, ""hum"": 34.7951, ""gas_res"": 17772.84}, {""temp"": 24.27209, ""step"": 2, ""status"": 1, ""pres"": 980.2946, ""meas_profile"": ""HP-6"", ""meas_id"": 6, ""hum"": 34.63934, ""gas_res"": 41330.32}, {""temp"": 24.1899, ""step"": 2, ""status"": 1, ""pres"": 980.0266, ""meas_profile"": ""HP-5"", ""meas_id"": 5, ""hum"": 34.8336, ""gas_res"": 83550.91}, {""temp"": 23.98596, ""step"": 2, ""status"": 1, ""pres"": 980.1424, ""meas_profile"": ""HP-4"", ""meas_id"": 4, ""hum"": 34.27217, ""gas_res"": 102420.5}, {""temp"": 24.14141, ""step"": 2, ""status"": 1, ""pres"": 979.8217, ""meas_profile"": ""HP-3"", ""meas_id"": 3, ""hum"": 34.77114, ""gas_res"": 49892.81}, {""temp"": 24.07641, ""step"": 2, ""status"": 1, ""pres"": 979.9507, ""meas_profile"": ""HP-2"", ""meas_id"": 2, ""hum"": 35.0167, ""gas_res"": 83469.19}, {""temp"": 23.85865, ""step"": 2, ""status"": 1, ""pres"": 979.9933, ""meas_profile"": ""HP-1"", ""meas_id"": 1, ""hum"": 34.62446, ""gas_res"": 61865.64}]}",NULL,"2025-10-29 10:16:47.462478"
14528,"04a600b9b0b8","2025-10-29 10:05:45","pQoT47upqHRaDahZPr7c","{""bme688"": [{""temp"": 24.2083, ""step"": 1, ""status"": 1, ""pres"": 979.9991, ""meas_profile"": ""HP-8"", ""meas_id"": 8, ""hum"": 34.89198, ""gas_res"": 9075.439}, {""temp"": 24.19628, ""step"": 1, ""status"": 1, ""pres"": 980.1385, ""meas_profile"": ""HP-7"", ""meas_id"": 7, ""hum"": 34.80638, ""gas_res"": 10495.24}, {""temp"": 24.27085, ""step"": 1, ""status"": 1, ""pres"": 980.2925, ""meas_profile"": ""HP-6"", ""meas_id"": 6, ""hum"": 34.63922, ""gas_res"": 25000.0}, {""temp"": 24.18896, ""step"": 1, ""status"": 1, ""pres"": 980.0266, ""meas_profile"": ""HP-5"", ""meas_id"": 5, ""hum"": 34.83352, ""gas_res"": 37415.96}, {""temp"": 23.98503, ""step"": 1, ""status"": 1, ""pres"": 980.1409, ""meas_profile"": ""HP-4"", ""meas_id"": 4, ""hum"": 34.29516, ""gas_res"": 32487.31}, {""temp"": 24.14048, ""step"": 1, ""status"": 1, ""pres"": 979.82, ""meas_profile"": ""HP-3"", ""meas_id"": 3, ""hum"": 34.77105, ""gas_res"": 25000.0}, {""temp"": 24.07548, ""step"": 1, ""status"": 1, ""pres"": 979.951, ""meas_profile"": ""HP-2"", ""meas_id"": 2, ""hum"": 35.02232, ""gas_res"": 27592.15}, {""temp"": 23.85802, ""step"": 1, ""status"": 1, ""pres"": 979.9942, ""meas_profile"": ""HP-1"", ""meas_id"": 1, ""hum"": 34.61259, ""gas_res"": 25000.0}]}",NULL,"2025-10-29 10:16:48.125017"
14529,"04a600b9b0b8","2025-10-29 10:05:45","pQoT47upqHRaDahZPr7c","{""bme688"": [{""temp"": 24.20737, ""step"": 0, ""status"": 1, ""pres"": 979.9993, ""meas_profile"": ""HP-8"", ""meas_id"": 8, ""hum"": 34.90915, ""gas_res"": 5824.536}, {""temp"": 24.19504, ""step"": 0, ""status"": 1, ""pres"": 980.1383, ""meas_profile"": ""HP-7"", ""meas_id"": 7, ""hum"": 34.80626, ""gas_res"": 6615.671}, {""temp"": 24.26962, ""step"": 0, ""status"": 1, ""pres"": 980.2922, ""meas_profile"": ""HP-6"", ""meas_id"": 6, ""hum"": 34.65064, ""gas_res"": 8886.421}, {""temp"": 24.18771, ""step"": 0, ""status"": 1, ""pres"": 980.0263, ""meas_profile"": ""HP-5"", ""meas_id"": 5, ""hum"": 34.82199, ""gas_res"": 25000.0}, {""temp"": 23.9841, ""step"": 0, ""status"": 1, ""pres"": 980.141, ""meas_profile"": ""HP-4"", ""meas_id"": 4, ""hum"": 34.28354, ""gas_res"": 22237.67}, {""temp"": 24.13924, ""step"": 0, ""status"": 1, ""pres"": 979.8197, ""meas_profile"": ""HP-3"", ""meas_id"": 3, ""hum"": 34.78247, ""gas_res"": 8042.222}, {""temp"": 24.07455, ""step"": 0, ""status"": 1, ""pres"": 979.9492, ""meas_profile"": ""HP-2"", ""meas_id"": 2, ""hum"": 35.0051, ""gas_res"": 7600.95}, {""temp"": 23.85678, ""step"": 0, ""status"": 1, ""pres"": 979.9941, ""meas_profile"": ""HP-1"", ""meas_id"": 1, ""hum"": 34.61838, ""gas_res"": 6129.094}]}",NULL,"2025-10-29 10:16:48.746571"
